experiment,variant,dataset,stage,method,log_partition_mean,log_partition_std,leaf_mean,leaf_std,sum_mean,sum_std,product_mean,product_std,nodes_mean,nodes_std,parameters_mean,parameters_std,optimizer_steps_mean,optimizer_steps_std,epochs_run_mean,epochs_run_std,best_epoch_mean,best_epoch_std,checkpoint_nll_mean,checkpoint_nll_std,fit_s_mean,fit_s_std,final_train_nll_mean,final_train_nll_std,lr_mean,lr_std,epochs_budget_mean,epochs_budget_std,batch_size_mean,batch_size_std,n_seeds,seeds,axis:variant,shortcut_auroc_mean,shortcut_auroc_std,shortcut_channel_mean,shortcut_channel_std,shortcut_n_dev_mean,shortcut_n_dev_std,shortcut_n_eval_mean,shortcut_n_eval_std,shortcut_features_mean,shortcut_features_std,components_mean,components_std,rank_mean,rank_std,selection_score_mean,selection_score_std,n_stabilizations_mean,n_stabilizations_std,oracle_max_error_mean,oracle_max_error_std,query_s_mean,query_s_std,warmup_s_mean,warmup_s_std,n_mean,n_std,n_observed_mean,n_observed_std,n_observed_min_mean,n_observed_min_std,n_observed_max_mean,n_observed_max_std,cost_passes_mean,cost_passes_std,cost_node_visits_mean,cost_node_visits_std,cost_boundary_visits_mean,cost_boundary_visits_std,cost_n_masks_mean,cost_n_masks_std,cost_seconds_mean,cost_seconds_std,cost_node_evaluations_mean,cost_node_evaluations_std,cost_boundary_elements_mean,cost_boundary_elements_std,cost_output_elements_mean,cost_output_elements_std,cost_peak_boundary_bytes_mean,cost_peak_boundary_bytes_std,empirical_log_dependence_mean_mean,empirical_log_dependence_mean_std,empirical_log_dependence_abs_mean_mean,empirical_log_dependence_abs_mean_std,empirical_log_dependence_sd_mean,empirical_log_dependence_sd_std,empirical_log_dependence_q05_mean,empirical_log_dependence_q05_std,empirical_log_dependence_q95_mean,empirical_log_dependence_q95_std,alpha_mean,alpha_std,calibration_n_mean,calibration_n_std,threshold_mean,threshold_std,score_range_mean,score_range_std,fpr_mean,fpr_std,power_mean,power_std,auroc_mean,auroc_std,ap_mean,ap_std,auroc[decouple]_mean,auroc[decouple]_std,auroc[desync]_mean,auroc[desync]_std,auroc[drift]_mean,auroc[drift]_std,auroc[offset]_mean,auroc[offset]_std,auroc[spike]_mean,auroc[spike]_std,loc_ap_mean,loc_ap_std,loc_ap_n_mean,loc_ap_n_std,loc_n_no_observed_target_mean,loc_n_no_observed_target_std,loc_n_all_observed_are_targets_mean,loc_n_all_observed_are_targets_std,loc_n_ambiguous_mean,loc_n_ambiguous_std,loc_n_unique_mean,loc_n_unique_std,loc_n_abstained_no_alarm_mean,loc_n_abstained_no_alarm_std,loc_unique_top1_accuracy_mean,loc_unique_top1_accuracy_std,end_to_end_unique_top1_mean,end_to_end_unique_top1_std,trials_mean,trials_std,trial_alpha_mean,trial_alpha_std,trial_fpr_mean_mean,trial_fpr_mean_std,trial_fpr_q05_mean,trial_fpr_q05_std,trial_fpr_q95_mean,trial_fpr_q95_std,trial_fpr_exceeds_alpha_frac_mean,trial_fpr_exceeds_alpha_frac_std,trial_power_mean_mean,trial_power_mean_std,trial_power_q05_mean,trial_power_q05_std,trial_infinite_threshold_frac_mean,trial_infinite_threshold_frac_std,trial_calibration_objects_mean,trial_calibration_objects_std,n_fits_mean,n_fits_std
diagnosis_fd001_candidate,chow_liu_leaf6,cmapss:FD001,diagnosis,model,3.5762786865234374e-08,1.8659205248950157e-07,2400.0,0.0,2385.0,0.0,19136.0,0.0,23921.0,0.0,195840.0,0.0,5981.8,3313.0501354492053,405.4,223.7471787531633,367.8,249.9493948782433,33.62898597717285,15.30382793207918,266.1052286148071,143.92063140846292,30.29203700268095,13.477899659325976,0.05,0.0,600.0,0.0,256.0,0.0,5,"[21, 22, 23, 24, 25]",chow_liu_leaf6,,,,,,,,,,,,,,,,,,,,,,,,,,,,,,,,,,,,,,,,,,,,,,,,,,,,,,,,,,,,,,,,,,,,,,,,,,,,,,,,,,,,,,,,,,,,,,,,,,,,,,,,,,,,,,,,,,,,,,,,,,,,,,
diagnosis_fd001_candidate,chow_liu_leaf6,cmapss:FD001,diagnosis,shortcut audit,,,,,,,,,,,,,,,,,,,,,,,,,,,,,,,5,"[21, 22, 23, 24, 25]",chow_liu_leaf6,0.5481426998057025,0.007273642939779183,0.0,0.0,1185.2,153.5747375058802,887.2,135.73945631245175,42.0,0.0,,,,,,,,,,,,,,,,,,,,,,,,,,,,,,,,,,,,,,,,,,,,,,,,,,,,,,,,,,,,,,,,,,,,,,,,,,,,,,,,,,,,,,,,,,,,,,,,,,,,,,,,,,,,,,,,,,,,
diagnosis_fd001_candidate,chow_liu_leaf6,cmapss:FD001,diagnosis,model gaussian_fitted,,,,,,,,,,,45450.0,0.0,,,,,,,,,0.3003600065982027,0.07431381787063744,,,,,,,,,5,"[21, 22, 23, 24, 25]",chow_liu_leaf6,,,,,,,,,,,1.0,0.0,300.0,0.0,-173.81278311285612,4.833856374861458,1.0,0.0,,,,,,,,,,,,,,,,,,,,,,,,,,,,,,,,,,,,,,,,,,,,,,,,,,,,,,,,,,,,,,,,,,,,,,,,,,,,,,,,,,,,,,,,,,,,,,,,,,,,,,,,,,,,
diagnosis_fd001_candidate,chow_liu_leaf6,cmapss:FD001,diagnosis,query full | circuit,,,,,,,,,,,,,,,,,,,,,,,,,,,,,,,5,"[21, 22, 23, 24, 25]",chow_liu_leaf6,,,,,,,,,,,,,,,,,,,0.0,0.0,1.5144826318006381,0.5318621323173538,0.3635313168000721,0.08573583162611137,887.2,135.73945631245175,15.0,0.0,15.0,0.0,15.0,0.0,62.0,0.0,1483102.0,0.0,0.0,0.0,1.0,0.0,0.0,0.0,657904047.2,100657729.56795491,0.0,0.0,13308.0,2036.0918446867763,0.0,0.0,19.733942794799805,10.10790052651471,19.844028854370116,10.096329021269545,11.20127305984497,6.66957900594758,2.889174056053162,1.961425671315725,39.087528991699216,20.186352315528865,,,,,,,,,,,,,,,,,,,,,,,,,,,,,,,,,,,,,,,,,,,,,,,,,,,,,,,,,,,,,,,,,,
diagnosis_fd001_candidate,chow_liu_leaf6,cmapss:FD001,diagnosis,joint | full | circuit,,,,,,,,,,,,,,,,,,,,,,,,,,,,,,,5,"[21, 22, 23, 24, 25]",chow_liu_leaf6,,,,,,,,,,,,,,,,,,,,,,,,,,,,,,,,,,,,,,,,,,,,,,,,,,,,,,,,,,,,,0.1,0.0,10.0,0.0,67.53606948852538,20.01250388640719,4608.531298828125,3288.6249910440115,0.07084717346663069,0.0804851116698372,0.5982697443686966,0.0869927287854219,0.8255830065414571,0.015013553432156282,0.8715470543951234,0.011795918878832537,0.5047895546420964,0.02372438863744124,0.7158413208381912,0.0497314645254134,0.9995475566410628,0.0002609493764103204,0.9996643706965169,0.0004182972725514179,0.930390718626405,0.014540410580192046,0.7353061614425433,0.023741974850857345,443.6,67.86972815622588,0.0,0.0,0.0,0.0,0.0,0.0,443.6,67.86972815622588,175.6,34.30451865279558,0.7047297858035553,0.02775441801226547,0.5724912446019899,0.06299792573193704,200.0,0.0,0.1,0.0,0.07084717346663068,0.0804851116698372,0.07084717346663069,0.0804851116698372,0.07084717346663069,0.0804851116698372,0.4,0.5477225575051662,0.5982697443686966,0.08699272878542187,0.5982697443686966,0.0869927287854219,0.0,0.0,10.0,0.0,,
diagnosis_fd001_candidate,chow_liu_leaf6,cmapss:FD001,diagnosis,independent | full | circuit,,,,,,,,,,,,,,,,,,,,,,,,,,,,,,,5,"[21, 22, 23, 24, 25]",chow_liu_leaf6,,,,,,,,,,,,,,,,,,,,,,,,,,,,,,,,,,,,,,,,,,,,,,,,,,,,,,,,,,,,,0.1,0.0,10.0,0.0,99.18516387939454,50.572408009743576,4564.810046386719,3278.983812799378,0.08693805919801685,0.08719362990268767,0.5217734389167501,0.11422926971914385,0.7726763700757944,0.024664160155263747,0.8275382520382231,0.02224057354291028,0.5101050274587712,0.019591228392412292,0.5012797000646363,0.018865057403393795,0.9915556399312949,0.005748586029215345,0.9892807229878937,0.010143194142216325,0.8942351641838526,0.04557010239224745,0.6749293175902218,0.03438447136678317,443.6,67.86972815622588,0.0,0.0,0.0,0.0,0.0,0.0,443.6,67.86972815622588,208.0,38.4642691338338,0.6262296374542564,0.037921585903038735,0.48726933914333975,0.0833875255464915,200.0,0.0,0.1,0.0,0.08693805919801684,0.08719362990268766,0.08693805919801685,0.08719362990268767,0.08693805919801685,0.08719362990268767,0.4,0.5477225575051662,0.52177343891675,0.11422926971914385,0.5217734389167501,0.11422926971914385,0.0,0.0,10.0,0.0,,
diagnosis_fd001_candidate,chow_liu_leaf6,cmapss:FD001,diagnosis,marginal_max | full | circuit,,,,,,,,,,,,,,,,,,,,,,,,,,,,,,,5,"[21, 22, 23, 24, 25]",chow_liu_leaf6,,,,,,,,,,,,,,,,,,,,,,,,,,,,,,,,,,,,,,,,,,,,,,,,,,,,,,,,,,,,,0.1,0.0,10.0,0.0,28.880727005004882,3.01793637393322,3886.692950439453,3491.52619605658,0.11696690874230824,0.06865333401223918,0.6268619198121301,0.034329642280721086,0.7899180667750855,0.021804261153869804,0.8524046258278062,0.017720961620058175,0.4893281677831345,0.014393751189459604,0.5039092645213883,0.021324310211737023,0.9992774761558387,0.0012029797797414852,0.9992555572137742,0.0009859905377323905,0.9766443798901945,0.012988656980023824,0.6749293175902218,0.03438447136678317,443.6,67.86972815622588,0.0,0.0,0.0,0.0,0.0,0.0,443.6,67.86972815622588,164.2,19.94241710525582,0.6262296374542564,0.037921585903038735,0.5796143369231151,0.03875874206749352,200.0,0.0,0.1,0.0,0.11696690874230824,0.06865333401223916,0.11696690874230824,0.06865333401223918,0.11696690874230824,0.06865333401223918,0.8,0.4472135954999579,0.6268619198121301,0.03432964228072117,0.6268619198121301,0.034329642280721086,0.0,0.0,10.0,0.0,,
diagnosis_fd001_candidate,chow_liu_leaf6,cmapss:FD001,diagnosis,conditional_max | full | circuit,,,,,,,,,,,,,,,,,,,,,,,,,,,,,,,5,"[21, 22, 23, 24, 25]",chow_liu_leaf6,,,,,,,,,,,,,,,,,,,,,,,,,,,,,,,,,,,,,,,,,,,,,,,,,,,,,,,,,,,,,0.1,0.0,10.0,0.0,27.349846649169923,2.5029101101372335,3899.2590759277346,3481.760145150422,0.10990563863238316,0.13226697484193295,0.694245442911377,0.04480062438089136,0.8346668125129153,0.016698753861435208,0.8866516502310269,0.01259070901199535,0.47664043369424147,0.02298093993525442,0.7334198303715695,0.027664403536175247,1.0,0.0,0.9999873701493479,2.8241204603595554e-05,0.9834107173519039,0.006396596427053113,0.7353061614425433,0.023741974850857345,443.6,67.86972815622588,0.0,0.0,0.0,0.0,0.0,0.0,443.6,67.86972815622588,137.2,33.759443123369195,0.7047297858035553,0.02775441801226547,0.6572004595686096,0.023417838540256638,200.0,0.0,0.1,0.0,0.10990563863238316,0.13226697484193295,0.10990563863238316,0.13226697484193295,0.10990563863238316,0.13226697484193295,0.4,0.5477225575051662,0.694245442911377,0.04480062438089132,0.694245442911377,0.04480062438089136,0.0,0.0,10.0,0.0,,
diagnosis_fd001_candidate,chow_liu_leaf6,cmapss:FD001,diagnosis,relational_max | full | circuit,,,,,,,,,,,,,,,,,,,,,,,,,,,,,,,5,"[21, 22, 23, 24, 25]",chow_liu_leaf6,,,,,,,,,,,,,,,,,,,,,,,,,,,,,,,,,,,,,,,,,,,,,,,,,,,,,,,,,,,,,0.1,0.0,10.0,0.0,4.598302841186523,1.8373351692371414,136.43910522460936,41.86826341544274,0.08443423614841904,0.0893593742655982,0.5393079031538631,0.07830646215566922,0.7735107487813879,0.016525666010154785,0.8306821845370538,0.014615900442357058,0.49574456421033075,0.02917908643728089,0.8126775964716781,0.03900925702898102,0.9864789911180974,0.00504521922962163,0.9710574658018565,0.022251018387453515,0.6398920306040334,0.03528438339507973,0.5608312304193395,0.02585811316628838,443.6,67.86972815622588,0.0,0.0,0.0,0.0,7.6,8.264381404557755,436.0,62.35783832045495,202.4,52.026916110797885,0.5575047329757756,0.03381579550533931,0.4490574964635254,0.04193227794956396,200.0,0.0,0.1,0.0,0.08443423614841902,0.08935937426559819,0.08443423614841904,0.0893593742655982,0.08443423614841904,0.0893593742655982,0.2,0.44721359549995804,0.5393079031538631,0.07830646215566918,0.5393079031538631,0.07830646215566922,0.0,0.0,10.0,0.0,,
diagnosis_fd001_candidate,chow_liu_leaf6,cmapss:FD001,diagnosis,query full | gaussian_fitted,,,,,,,,,,,,,,,,,,,,,,,,,,,,,,,5,"[21, 22, 23, 24, 25]",chow_liu_leaf6,,,,,,,,,,,,,,,,,,,0.0,0.0,0.9964712460001465,0.21062749005292644,0.00965565520018572,0.0012129491270993456,887.2,135.73945631245175,15.0,0.0,15.0,0.0,15.0,0.0,62.0,0.0,9600.0,0.0,0.0,0.0,1.0,0.0,0.0,0.0,4258560.0,651549.3902997684,0.0,0.0,13308.0,2036.0918446867763,10214400.0,0.0,13.329777003869216,1.5543593515948448,13.355839647544675,1.5460085581799095,6.382728319382428,0.6669270335945952,3.3211351390002966,1.1015360851697147,23.963887836742643,2.6153474297859933,,,,,,,,,,,,,,,,,,,,,,,,,,,,,,,,,,,,,,,,,,,,,,,,,,,,,,,,,,,,,,,,,,
diagnosis_fd001_candidate,chow_liu_leaf6,cmapss:FD001,diagnosis,joint | full | gaussian_fitted,,,,,,,,,,,,,,,,,,,,,,,,,,,,,,,5,"[21, 22, 23, 24, 25]",chow_liu_leaf6,,,,,,,,,,,,,,,,,,,,,,,,,,,,,,,,,,,,,,,,,,,,,,,,,,,,,,,,,,,,,0.1,0.0,10.0,0.0,215.9769131455402,15.277495320596639,1023.4825807162946,83.44138441544057,0.0634320048807185,0.06372593765941723,0.6154732991300944,0.07636741146926773,0.8299585024594659,0.015062708514718718,0.8762929325675269,0.011166127247896956,0.4908542362934522,0.01590608317094514,0.7501595412728838,0.020177890273395206,0.9994600076192007,0.0005603691924398572,0.9993561380595747,0.0005422478447397091,0.9310460563823966,0.014682655875848199,0.7323105904545872,0.028610951581600763,443.6,67.86972815622588,0.0,0.0,0.0,0.0,0.0,0.0,443.6,67.86972815622588,168.4,33.515667977827924,0.6980800603962859,0.038650469844379545,0.5768227744861912,0.06039795561371205,200.0,0.0,0.1,0.0,0.0634320048807185,0.06372593765941723,0.0634320048807185,0.06372593765941723,0.0634320048807185,0.06372593765941723,0.2,0.447213595499958,0.6154732991300945,0.07636741146926772,0.6154732991300944,0.07636741146926773,0.0,0.0,10.0,0.0,,
diagnosis_fd001_candidate,chow_liu_leaf6,cmapss:FD001,diagnosis,independent | full | gaussian_fitted,,,,,,,,,,,,,,,,,,,,,,,,,,,,,,,5,"[21, 22, 23, 24, 25]",chow_liu_leaf6,,,,,,,,,,,,,,,,,,,,,,,,,,,,,,,,,,,,,,,,,,,,,,,,,,,,,,,,,,,,,0.1,0.0,10.0,0.0,229.33453848367589,22.226298447153127,453.1665604535883,45.48575062267099,0.07797432142016822,0.08593014194305275,0.48393366968794577,0.11984083483990446,0.7707318870501824,0.018771829939585764,0.8241032775306787,0.016023596175540243,0.49516605539447883,0.015877100485840435,0.5177933278202148,0.02310691659368904,0.9804267286945322,0.00825794091537126,0.9559755658243511,0.017884578096363575,0.9231991963064801,0.010852052072205201,0.6603201412324267,0.02642790099982677,443.6,67.86972815622588,0.0,0.0,0.0,0.0,0.0,0.0,443.6,67.86972815622588,227.2,61.406025762949355,0.5983730945058491,0.025448580605338375,0.4332138707724818,0.08355982779499356,200.0,0.0,0.1,0.0,0.07797432142016823,0.08593014194305279,0.07797432142016822,0.08593014194305275,0.07797432142016822,0.08593014194305275,0.2,0.447213595499958,0.4839336696879458,0.11984083483990449,0.48393366968794577,0.11984083483990446,0.0,0.0,10.0,0.0,,
diagnosis_fd001_candidate,chow_liu_leaf6,cmapss:FD001,diagnosis,marginal_max | full | gaussian_fitted,,,,,,,,,,,,,,,,,,,,,,,,,,,,,,,5,"[21, 22, 23, 24, 25]",chow_liu_leaf6,,,,,,,,,,,,,,,,,,,,,,,,,,,,,,,,,,,,,,,,,,,,,,,,,,,,,,,,,,,,,0.1,0.0,10.0,0.0,60.79302507361071,19.318343515642326,254.5167346961401,11.84445141872084,0.054091568280636215,0.05381110223950202,0.3303851517616384,0.143697338114261,0.7564748663893546,0.017070609530979136,0.7918514870787025,0.024167591452426442,0.47172727899218775,0.01469403695928893,0.5192605852215358,0.03305028858087506,0.9474159020662526,0.024134884732497718,0.9193666531008778,0.029158182144319526,0.9401587733440472,0.025776927900122256,0.6603201412324267,0.02642790099982677,443.6,67.86972815622588,0.0,0.0,0.0,0.0,0.0,0.0,443.6,67.86972815622588,295.0,75.3657747256671,0.5983730945058491,0.025448580605338375,0.29648385185883114,0.11270123817094621,200.0,0.0,0.1,0.0,0.05409156828063623,0.05381110223950203,0.054091568280636215,0.05381110223950202,0.054091568280636215,0.05381110223950202,0.4,0.5477225575051662,0.3303851517616384,0.14369733811426103,0.3303851517616384,0.143697338114261,0.0,0.0,10.0,0.0,,
diagnosis_fd001_candidate,chow_liu_leaf6,cmapss:FD001,diagnosis,conditional_max | full | gaussian_fitted,,,,,,,,,,,,,,,,,,,,,,,,,,,,,,,5,"[21, 22, 23, 24, 25]",chow_liu_leaf6,,,,,,,,,,,,,,,,,,,,,,,,,,,,,,,,,,,,,,,,,,,,,,,,,,,,,,,,,,,,,0.1,0.0,10.0,0.0,65.98369837631049,22.207046593146778,492.7214020190246,41.88716797889323,0.05105138042546074,0.05168953438673633,0.5352914499409677,0.10417633186390876,0.8216912579168625,0.01848249346618408,0.8662854310998627,0.017024003693374243,0.47589626071400276,0.02538574343133747,0.7182350574234313,0.024131131372079697,0.9950815664464395,0.0033553369805803005,0.9954481017838234,0.00296839937046795,0.9428549206922092,0.025125696813987405,0.7323105904545872,0.028610951581600763,443.6,67.86972815622588,0.0,0.0,0.0,0.0,0.0,0.0,443.6,67.86972815622588,204.8,54.77864547430869,0.6980800603962859,0.038650469844379545,0.5121201184465984,0.08636191281748858,200.0,0.0,0.1,0.0,0.051051380425460736,0.05168953438673632,0.05105138042546074,0.05168953438673633,0.05105138042546074,0.05168953438673633,0.2,0.44721359549995804,0.5352914499409678,0.10417633186390876,0.5352914499409677,0.10417633186390876,0.0,0.0,10.0,0.0,,
diagnosis_fd001_candidate,chow_liu_leaf6,cmapss:FD001,diagnosis,relational_max | full | gaussian_fitted,,,,,,,,,,,,,,,,,,,,,,,,,,,,,,,5,"[21, 22, 23, 24, 25]",chow_liu_leaf6,,,,,,,,,,,,,,,,,,,,,,,,,,,,,,,,,,,,,,,,,,,,,,,,,,,,,,,,,,,,,0.1,0.0,10.0,0.0,6.564882066312913,2.90910769717083,483.07674818135337,57.77871339868746,0.06427548455882806,0.060607887946989146,0.6262962918127865,0.08080326605347236,0.8316123797657209,0.016747656474521748,0.8809755989770306,0.012740814435776142,0.48536006384461344,0.023036519610214457,0.8496375488209875,0.030693376942479273,0.999954127073161,5.275142393239085e-05,0.9998673865681539,0.0002965326483375547,0.8502395951001855,0.03004139750415713,0.6970949082796997,0.02637885013842112,443.6,67.86972815622588,0.0,0.0,0.0,0.0,0.0,0.0,443.6,67.86972815622588,164.0,37.33630940518894,0.6937432032045272,0.037032852573246004,0.5905743156498451,0.0641358194618237,200.0,0.0,0.1,0.0,0.06427548455882806,0.06060788794698915,0.06427548455882806,0.060607887946989146,0.06427548455882806,0.060607887946989146,0.4,0.5477225575051662,0.6262962918127865,0.08080326605347228,0.6262962918127865,0.08080326605347236,0.0,0.0,10.0,0.0,,
diagnosis_fd001_candidate,chow_liu_leaf6,cmapss:FD001,diagnosis,detector | full | mahalanobis_refit,,,,,,,,,,,,,,,,,,,,,0.008319927399134031,0.0008968940439311017,,,,,,,,,5,"[21, 22, 23, 24, 25]",chow_liu_leaf6,,,,,,,,,,,,,,,,,,,,,0.045642686999053696,0.010934476161170449,,,,,15.0,0.0,15.0,0.0,15.0,0.0,,,,,,,,,,,,,,,,,,,,,,,,,,,,,0.1,0.0,10.0,0.0,403.84038696289065,28.23538659854241,2175.2307983398437,176.55626984714934,0.06301878174022262,0.06293562821095695,0.6186283884967012,0.0769141948756412,0.8300562898886323,0.014759897951675503,0.8765035176555938,0.010850777165249122,0.49118295813064955,0.015117971461938702,0.7511606262777946,0.020042593989260445,0.9994865112784937,0.0005457752068208685,0.9993583740370546,0.0005389551212573933,0.9302680453229932,0.01458495441950568,,,,,,,,,,,,,,,,,,,200.0,0.0,0.1,0.0,0.06301878174022262,0.06293562821095695,0.06301878174022262,0.06293562821095695,0.06301878174022262,0.06293562821095695,0.2,0.447213595499958,0.6186283884967011,0.0769141948756411,0.6186283884967012,0.0769141948756412,0.0,0.0,10.0,0.0,1.0,0.0
diagnosis_fd001_candidate,chow_liu_leaf6,cmapss:FD001,diagnosis,detector | full | mahalanobis_impute,,,,,,,,,,,,,,,,,,,,,0.011036500000045635,0.00847871185904775,,,,,,,,,5,"[21, 22, 23, 24, 25]",chow_liu_leaf6,,,,,,,,,,,,,,,,,,,,,0.05774448160009342,0.011670936450226583,,,,,15.0,0.0,15.0,0.0,15.0,0.0,,,,,,,,,,,,,,,,,,,,,,,,,,,,,0.1,0.0,10.0,0.0,403.84038696289065,28.23538659854241,2175.2307983398437,176.55626984714934,0.06301878174022262,0.06293562821095695,0.6186283884967012,0.0769141948756412,0.8300562898886323,0.014759897951675503,0.8765035176555938,0.010850777165249122,0.49118295813064955,0.015117971461938702,0.7511606262777946,0.020042593989260445,0.9994865112784937,0.0005457752068208685,0.9993583740370546,0.0005389551212573933,0.9302680453229932,0.01458495441950568,,,,,,,,,,,,,,,,,,,200.0,0.0,0.1,0.0,0.06301878174022262,0.06293562821095695,0.06301878174022262,0.06293562821095695,0.06301878174022262,0.06293562821095695,0.2,0.447213595499958,0.6186283884967011,0.0769141948756411,0.6186283884967012,0.0769141948756412,0.0,0.0,10.0,0.0,1.0,0.0
diagnosis_fd001_candidate,chow_liu_leaf6,cmapss:FD001,diagnosis,detector | full | gmm_refit,,,,,,,,,,,,,,,,,,,,,0.7399601226010418,0.5401109294748204,,,,,,,,,5,"[21, 22, 23, 24, 25]",chow_liu_leaf6,,,,,,,,,,,,,,,,,,,,,0.751183406799828,0.5423714765841721,,,,,15.0,0.0,15.0,0.0,15.0,0.0,,,,,,,,,,,,,,,,,,,,,,,,,,,,,0.1,0.0,10.0,0.0,332.5517272949219,62.53833412540583,2207.338798522949,251.5251552125801,0.10898295648226923,0.05796403072408722,0.6202711950942196,0.08233839394771308,0.8175429371166167,0.023034822486659463,0.8622877766430292,0.020478810274445904,0.518493225118722,0.026550308299768458,0.710579300450503,0.04522804930159994,0.9903874990050385,0.018193172835849154,0.9949948646200951,0.007315338339029491,0.8932338485489291,0.06336508847679025,,,,,,,,,,,,,,,,,,,200.0,0.0,0.1,0.0,0.10898295648226926,0.05796403072408725,0.10898295648226923,0.05796403072408722,0.10898295648226923,0.05796403072408722,0.6,0.5477225575051662,0.6202711950942196,0.0823383939477131,0.6202711950942196,0.08233839394771308,0.0,0.0,10.0,0.0,1.0,0.0
diagnosis_fd001_candidate,chow_liu_leaf6,cmapss:FD001,diagnosis,detector | full | gmm_impute,,,,,,,,,,,,,,,,,,,,,0.774039108598663,0.4023695888713335,,,,,,,,,5,"[21, 22, 23, 24, 25]",chow_liu_leaf6,,,,,,,,,,,,,,,,,,,,,0.01105913419960416,0.0019020799957412604,,,,,15.0,0.0,15.0,0.0,15.0,0.0,,,,,,,,,,,,,,,,,,,,,,,,,,,,,0.1,0.0,10.0,0.0,332.5517272949219,62.53833412540583,2207.338798522949,251.5251552125801,0.10898295648226923,0.05796403072408722,0.6202711950942196,0.08233839394771308,0.8175429371166167,0.023034822486659463,0.8622877766430292,0.020478810274445904,0.518493225118722,0.026550308299768458,0.710579300450503,0.04522804930159994,0.9903874990050385,0.018193172835849154,0.9949948646200951,0.007315338339029491,0.8932338485489291,0.06336508847679025,,,,,,,,,,,,,,,,,,,200.0,0.0,0.1,0.0,0.10898295648226926,0.05796403072408725,0.10898295648226923,0.05796403072408722,0.10898295648226923,0.05796403072408722,0.6,0.5477225575051662,0.6202711950942196,0.0823383939477131,0.6202711950942196,0.08233839394771308,0.0,0.0,10.0,0.0,1.0,0.0
diagnosis_fd001_candidate,chow_liu_leaf6,cmapss:FD001,diagnosis,detector | full | knn_refit,,,,,,,,,,,,,,,,,,,,,0.003731715000321856,0.0006092007333184502,,,,,,,,,5,"[21, 22, 23, 24, 25]",chow_liu_leaf6,,,,,,,,,,,,,,,,,,,,,0.019492635798087576,0.006420657919817667,,,,,15.0,0.0,15.0,0.0,15.0,0.0,,,,,,,,,,,,,,,,,,,,,,,,,,,,,0.1,0.0,10.0,0.0,11.660604095458984,1.0738725739197463,8.50791072845459,0.6179029415153497,0.0704737562129085,0.08225155816824307,0.4594568124347053,0.16500519598139365,0.7958457062658936,0.017048077549638507,0.836339579348061,0.017269468207002158,0.4824475563039739,0.03126647601299488,0.6670803094938866,0.02250274077103983,0.9934475618900563,0.003789215374481644,0.9937082055961879,0.004273634189684094,0.8656334753118318,0.029540679151206947,,,,,,,,,,,,,,,,,,,200.0,0.0,0.1,0.0,0.0704737562129085,0.08225155816824309,0.0704737562129085,0.08225155816824307,0.0704737562129085,0.08225155816824307,0.4,0.5477225575051662,0.4594568124347053,0.16500519598139363,0.4594568124347053,0.16500519598139365,0.0,0.0,10.0,0.0,1.0,0.0
diagnosis_fd001_candidate,chow_liu_leaf6,cmapss:FD001,diagnosis,detector | full | knn_impute,,,,,,,,,,,,,,,,,,,,,0.004528263998508919,0.001059817643451371,,,,,,,,,5,"[21, 22, 23, 24, 25]",chow_liu_leaf6,,,,,,,,,,,,,,,,,,,,,0.012257864198909374,0.0022114529289884296,,,,,15.0,0.0,15.0,0.0,15.0,0.0,,,,,,,,,,,,,,,,,,,,,,,,,,,,,0.1,0.0,10.0,0.0,11.660604095458984,1.0738725739197463,8.50791072845459,0.6179029415153497,0.0704737562129085,0.08225155816824307,0.4594568124347053,0.16500519598139365,0.7958457062658936,0.017048077549638507,0.836339579348061,0.017269468207002158,0.4824475563039739,0.03126647601299488,0.6670803094938866,0.02250274077103983,0.9934475618900563,0.003789215374481644,0.9937082055961879,0.004273634189684094,0.8656334753118318,0.029540679151206947,,,,,,,,,,,,,,,,,,,200.0,0.0,0.1,0.0,0.0704737562129085,0.08225155816824309,0.0704737562129085,0.08225155816824307,0.0704737562129085,0.08225155816824307,0.4,0.5477225575051662,0.4594568124347053,0.16500519598139363,0.4594568124347053,0.16500519598139365,0.0,0.0,10.0,0.0,1.0,0.0
diagnosis_fd001_candidate,chow_liu_leaf6,cmapss:FD001,diagnosis,query random1:1 | circuit,,,,,,,,,,,,,,,,,,,,,,,,,,,,,,,5,"[21, 22, 23, 24, 25]",chow_liu_leaf6,,,,,,,,,,,,,,,,,,,0.0,0.0,1.564577815800294,0.32544034531075,0.42740226379974045,0.07672351933398733,887.2,135.73945631245175,14.0,0.0,14.0,0.0,14.0,0.0,58.0,0.0,1387418.0,0.0,0.0,0.0,1.0,0.0,0.0,0.0,615458624.8,94163682.4990546,0.0,0.0,13308.0,2036.0918446867763,0.0,0.0,18.653158569335936,9.46607445354802,18.782699584960938,9.449848041711851,10.650148296356202,6.107061345995464,2.834958291053772,1.4417836363249967,37.082906341552736,18.649503002315804,,,,,,,,,,,,,,,,,,,,,,,,,,,,,,,,,,,,,,,,,,,,,,,,,,,,,,,,,,,,,,,,,,
diagnosis_fd001_candidate,chow_liu_leaf6,cmapss:FD001,diagnosis,joint | random1:1 | circuit,,,,,,,,,,,,,,,,,,,,,,,,,,,,,,,5,"[21, 22, 23, 24, 25]",chow_liu_leaf6,,,,,,,,,,,,,,,,,,,,,,,,,,,,,,,,,,,,,,,,,,,,,,,,,,,,,,,,,,,,,0.1,0.0,10.0,0.0,45.27927360534668,21.239360139497343,4607.710717773438,3291.1492050212555,0.07397460750712453,0.08247176454801264,0.602377855478785,0.08189230353499888,0.8236148640659939,0.014552722941285096,0.8702579966534019,0.011175095463294121,0.5059606118241481,0.02442152183179616,0.7154124130639378,0.05202623479946262,0.9988656327415768,0.0006409296905671806,0.9989256103718762,0.0010377708122116386,0.9218207019606748,0.01196250117521144,0.7434367310308178,0.02643034072787539,435.6,66.4326726844555,8.0,2.0,0.0,0.0,0.0,0.0,435.6,66.4326726844555,166.4,27.808272150566996,0.7100724037861066,0.032484447797440495,0.5694568519751837,0.05685209280715797,200.0,0.0,0.1,0.0,0.07397460750712453,0.08247176454801262,0.07397460750712453,0.08247176454801264,0.07397460750712453,0.08247176454801264,0.4,0.5477225575051662,0.602377855478785,0.08189230353499884,0.602377855478785,0.08189230353499888,0.0,0.0,10.0,0.0,,
diagnosis_fd001_candidate,chow_liu_leaf6,cmapss:FD001,diagnosis,independent | random1:1 | circuit,,,,,,,,,,,,,,,,,,,,,,,,,,,,,,,5,"[21, 22, 23, 24, 25]",chow_liu_leaf6,,,,,,,,,,,,,,,,,,,,,,,,,,,,,,,,,,,,,,,,,,,,,,,,,,,,,,,,,,,,,0.1,0.0,10.0,0.0,76.50762710571288,50.14147990611731,4562.75927734375,3278.5507934704956,0.09140861818969705,0.08313674192308065,0.5195669154852572,0.11367978108687037,0.7714038421686251,0.02338460278690411,0.826361498407063,0.021726202450401286,0.5119764970652595,0.020807865470939848,0.504172363351158,0.017193653664607334,0.9893572849465233,0.006664944866968446,0.9861393676407,0.013544088377379497,0.8885933897399048,0.038593708309816246,0.685008589733226,0.034583774290710245,435.6,66.4326726844555,8.0,2.0,0.0,0.0,0.0,0.0,435.6,66.4326726844555,201.8,33.59613072959444,0.6346001168039901,0.04123325331338667,0.482285573092204,0.08255846831838987,200.0,0.0,0.1,0.0,0.09140861818969703,0.08313674192308064,0.09140861818969705,0.08313674192308065,0.09140861818969705,0.08313674192308065,0.6,0.5477225575051662,0.5195669154852574,0.11367978108687044,0.5195669154852572,0.11367978108687037,0.0,0.0,10.0,0.0,,
diagnosis_fd001_candidate,chow_liu_leaf6,cmapss:FD001,diagnosis,marginal_max | random1:1 | circuit,,,,,,,,,,,,,,,,,,,,,,,,,,,,,,,5,"[21, 22, 23, 24, 25]",chow_liu_leaf6,,,,,,,,,,,,,,,,,,,,,,,,,,,,,,,,,,,,,,,,,,,,,,,,,,,,,,,,,,,,,0.1,0.0,10.0,0.0,28.224603271484376,3.4638961902174894,3887.2428466796873,3491.4703487338757,0.10935127924320495,0.06434326232705301,0.6161577869806446,0.029275196027808346,0.786234536334311,0.02072071569923562,0.8494596335519013,0.016782562364405628,0.49241529017596053,0.0147079930944947,0.5060276041131042,0.016470724160191498,0.9990671832535665,0.0011773489134069331,0.9981165269998676,0.002263970828893196,0.9551610859933737,0.008892607917195991,0.685008589733226,0.034583774290710245,435.6,66.4326726844555,8.0,2.0,0.0,0.0,0.0,0.0,435.6,66.4326726844555,162.2,17.75387281693772,0.6346001168039901,0.04123325331338667,0.5698919423106436,0.037956144508797196,200.0,0.0,0.1,0.0,0.10935127924320498,0.06434326232705301,0.10935127924320495,0.06434326232705301,0.10935127924320495,0.06434326232705301,0.6,0.5477225575051662,0.6161577869806447,0.02927519602780831,0.6161577869806446,0.029275196027808346,0.0,0.0,10.0,0.0,,
diagnosis_fd001_candidate,chow_liu_leaf6,cmapss:FD001,diagnosis,conditional_max | random1:1 | circuit,,,,,,,,,,,,,,,,,,,,,,,,,,,,,,,5,"[21, 22, 23, 24, 25]",chow_liu_leaf6,,,,,,,,,,,,,,,,,,,,,,,,,,,,,,,,,,,,,,,,,,,,,,,,,,,,,,,,,,,,,0.1,0.0,10.0,0.0,25.63177375793457,1.6602556534469994,3900.336834716797,3482.3565971000226,0.12107495009567852,0.08234215860218844,0.6963117196736054,0.020422977467342267,0.8302745765579849,0.01811188167048194,0.8830502140884917,0.0132477844328538,0.481725935751268,0.019029720009392993,0.7344445550732837,0.03299049690518379,1.0,0.0,0.9999873701493479,2.8241204603595554e-05,0.9569208698634863,0.011230093642824774,0.7434367310308178,0.02643034072787539,435.6,66.4326726844555,8.0,2.0,0.0,0.0,0.0,0.0,435.6,66.4326726844555,128.4,25.04595775769016,0.7100724037861066,0.032484447797440495,0.6522216130808683,0.02347409622038617,200.0,0.0,0.1,0.0,0.12107495009567856,0.08234215860218846,0.12107495009567852,0.08234215860218844,0.12107495009567852,0.08234215860218844,0.8,0.4472135954999579,0.6963117196736052,0.020422977467342427,0.6963117196736054,0.020422977467342267,0.0,0.0,10.0,0.0,,
diagnosis_fd001_candidate,chow_liu_leaf6,cmapss:FD001,diagnosis,relational_max | random1:1 | circuit,,,,,,,,,,,,,,,,,,,,,,,,,,,,,,,5,"[21, 22, 23, 24, 25]",chow_liu_leaf6,,,,,,,,,,,,,,,,,,,,,,,,,,,,,,,,,,,,,,,,,,,,,,,,,,,,,,,,,,,,,0.1,0.0,10.0,0.0,4.754570770263672,1.616268064259065,136.25579681396485,42.0464072510927,0.06084576109380383,0.04273041794737489,0.5179132021768743,0.050645900236943056,0.7690512555090641,0.01595212866084333,0.8277202643594297,0.013752354077334501,0.49575234405636515,0.026517823849238696,0.8066769241477931,0.037212066292985256,0.9805693216347089,0.007290408854508141,0.9659501718238369,0.021966596819001403,0.6340579758840025,0.029542499492693632,0.5681450112320042,0.02629943073186568,435.6,66.4326726844555,8.0,2.0,0.0,0.0,7.6,9.126883367283709,428.0,60.844062980705026,203.2,41.54756310543376,0.5563101125014072,0.03779413197298886,0.4401163833704095,0.03245062256811688,200.0,0.0,0.1,0.0,0.06084576109380382,0.04273041794737488,0.06084576109380383,0.04273041794737489,0.06084576109380383,0.04273041794737489,0.2,0.44721359549995804,0.5179132021768743,0.05064590023694302,0.5179132021768743,0.050645900236943056,0.0,0.0,10.0,0.0,,
diagnosis_fd001_candidate,chow_liu_leaf6,cmapss:FD001,diagnosis,query random1:1 | gaussian_fitted,,,,,,,,,,,,,,,,,,,,,,,,,,,,,,,5,"[21, 22, 23, 24, 25]",chow_liu_leaf6,,,,,,,,,,,,,,,,,,,0.0,0.0,0.8326864531998581,0.12212894031610068,0.007357360000605695,0.0008168310803676188,887.2,135.73945631245175,14.0,0.0,14.0,0.0,14.0,0.0,58.0,0.0,8400.0,0.0,0.0,0.0,1.0,0.0,0.0,0.0,3726240.0,570105.7165122974,0.0,0.0,13308.0,2036.0918446867763,17814720.0,0.0,12.99405360442988,1.414397077509896,13.004680915359708,1.417761233065715,5.909359618002841,0.7117550131342649,3.5673088018931693,0.7552337996446921,22.94763453397015,2.448658955007872,,,,,,,,,,,,,,,,,,,,,,,,,,,,,,,,,,,,,,,,,,,,,,,,,,,,,,,,,,,,,,,,,,
diagnosis_fd001_candidate,chow_liu_leaf6,cmapss:FD001,diagnosis,joint | random1:1 | gaussian_fitted,,,,,,,,,,,,,,,,,,,,,,,,,,,,,,,5,"[21, 22, 23, 24, 25]",chow_liu_leaf6,,,,,,,,,,,,,,,,,,,,,,,,,,,,,,,,,,,,,,,,,,,,,,,,,,,,,,,,,,,,,0.1,0.0,10.0,0.0,191.8453231130483,17.127962209631235,1012.692598286093,75.5206489155321,0.0816306597298881,0.09468273769899256,0.6243628399853434,0.08779488137047212,0.8271450619674605,0.015077530489758118,0.8743814940339988,0.011596883425149673,0.49320916835304984,0.014575855369718858,0.7480110738866915,0.020289597884507876,0.9984342252163152,0.0013371117552336365,0.9989490430825843,0.0006869734715792521,0.9193332074370858,0.01417644795670233,0.7418664714312182,0.026309317113138733,435.6,66.4326726844555,8.0,2.0,0.0,0.0,0.2,0.44721359549995804,435.4,66.42138209944144,156.4,39.048687557970496,0.7053076609892759,0.037796612208986176,0.5823599911085502,0.06418291588310238,200.0,0.0,0.1,0.0,0.0816306597298881,0.09468273769899256,0.0816306597298881,0.09468273769899256,0.0816306597298881,0.09468273769899256,0.4,0.5477225575051662,0.6243628399853433,0.0877948813704721,0.6243628399853434,0.08779488137047212,0.0,0.0,10.0,0.0,,
diagnosis_fd001_candidate,chow_liu_leaf6,cmapss:FD001,diagnosis,independent | random1:1 | gaussian_fitted,,,,,,,,,,,,,,,,,,,,,,,,,,,,,,,5,"[21, 22, 23, 24, 25]",chow_liu_leaf6,,,,,,,,,,,,,,,,,,,,,,,,,,,,,,,,,,,,,,,,,,,,,,,,,,,,,,,,,,,,,0.1,0.0,10.0,0.0,206.3359317571626,22.693621513451763,445.28022399691037,49.41438299581993,0.09452980959869665,0.13756525492570595,0.48744693180391296,0.14445038067717214,0.7678609261876173,0.01840642514803196,0.8219088808136019,0.016472554718255383,0.4974888816648212,0.013053402552247248,0.5191133582410208,0.020607005059763248,0.9791978708773618,0.009299117230721637,0.9483788067344822,0.015508228219945231,0.9142459221823916,0.009712971190750064,0.668967629610357,0.027627847484879595,435.6,66.4326726844555,8.0,2.0,0.0,0.0,0.0,0.0,435.6,66.4326726844555,217.2,68.41929552399674,0.5992250734253175,0.028090881538627332,0.4314470352582814,0.09293591739308035,200.0,0.0,0.1,0.0,0.09452980959869664,0.13756525492570593,0.09452980959869665,0.13756525492570595,0.09452980959869665,0.13756525492570595,0.2,0.447213595499958,0.48744693180391296,0.1444503806771722,0.48744693180391296,0.14445038067717214,0.0,0.0,10.0,0.0,,
diagnosis_fd001_candidate,chow_liu_leaf6,cmapss:FD001,diagnosis,marginal_max | random1:1 | gaussian_fitted,,,,,,,,,,,,,,,,,,,,,,,,,,,,,,,5,"[21, 22, 23, 24, 25]",chow_liu_leaf6,,,,,,,,,,,,,,,,,,,,,,,,,,,,,,,,,,,,,,,,,,,,,,,,,,,,,,,,,,,,,0.1,0.0,10.0,0.0,60.79302507361071,19.318343515642326,255.71158472986764,11.61642234028003,0.054091568280636215,0.05381110223950202,0.3303851517616384,0.143697338114261,0.7538512927899208,0.01752942366356597,0.7899609217892639,0.024951660783963905,0.477761835845859,0.013301449018385014,0.5187719635631685,0.028034197240483526,0.9467377824061438,0.02408768858457496,0.9158781719455819,0.02709457864560011,0.9254286974974633,0.029697689859720256,0.668967629610357,0.027627847484879595,435.6,66.4326726844555,8.0,2.0,0.0,0.0,0.0,0.0,435.6,66.4326726844555,287.2,74.37876040913831,0.5992250734253175,0.028090881538627332,0.29648385185883114,0.11270123817094621,200.0,0.0,0.1,0.0,0.05409156828063623,0.05381110223950203,0.054091568280636215,0.05381110223950202,0.054091568280636215,0.05381110223950202,0.4,0.5477225575051662,0.3303851517616384,0.14369733811426103,0.3303851517616384,0.143697338114261,0.0,0.0,10.0,0.0,,
diagnosis_fd001_candidate,chow_liu_leaf6,cmapss:FD001,diagnosis,conditional_max | random1:1 | gaussian_fitted,,,,,,,,,,,,,,,,,,,,,,,,,,,,,,,5,"[21, 22, 23, 24, 25]",chow_liu_leaf6,,,,,,,,,,,,,,,,,,,,,,,,,,,,,,,,,,,,,,,,,,,,,,,,,,,,,,,,,,,,,0.1,0.0,10.0,0.0,65.09032083480932,22.584242962581815,492.3632531942749,41.162896958635734,0.054826211365349285,0.057029654457413016,0.5388814453693614,0.10998213397743399,0.817350282366867,0.0180822287245039,0.8634878278852698,0.016612613043479753,0.4750886668170847,0.015057506900401987,0.7164298233168622,0.017837986225984953,0.9949049781311654,0.0032837144027128913,0.9951151282856012,0.003208031797350253,0.9258982946271572,0.025597739039787844,0.7418664714312182,0.026309317113138733,435.6,66.4326726844555,8.0,2.0,0.0,0.0,0.2,0.44721359549995804,435.4,66.42138209944144,195.0,55.502252206554644,0.7053076609892759,0.037796612208986176,0.5161350344610585,0.09273053644803307,200.0,0.0,0.1,0.0,0.0548262113653493,0.05702965445741302,0.054826211365349285,0.057029654457413016,0.054826211365349285,0.057029654457413016,0.4,0.5477225575051662,0.5388814453693614,0.10998213397743405,0.5388814453693614,0.10998213397743399,0.0,0.0,10.0,0.0,,
diagnosis_fd001_candidate,chow_liu_leaf6,cmapss:FD001,diagnosis,relational_max | random1:1 | gaussian_fitted,,,,,,,,,,,,,,,,,,,,,,,,,,,,,,,5,"[21, 22, 23, 24, 25]",chow_liu_leaf6,,,,,,,,,,,,,,,,,,,,,,,,,,,,,,,,,,,,,,,,,,,,,,,,,,,,,,,,,,,,,0.1,0.0,10.0,0.0,6.227973970048133,3.074117426430682,481.5614450498334,57.75728299013935,0.07741585475156161,0.07078152132307905,0.6268678467057304,0.09113705463686268,0.8260564410712556,0.019240996613443022,0.8775211217952755,0.013830909163471069,0.47764860209837307,0.018072498581224897,0.8399611953279672,0.02681391264432569,0.9999900474142838,1.4313750695082445e-05,0.9998646405533913,0.00027757918187365006,0.8411247348916877,0.027346850928531133,0.7076811418684574,0.023881776882055988,435.6,66.4326726844555,8.0,2.0,0.0,0.0,0.0,0.0,435.6,66.4326726844555,155.6,38.29229687548136,0.6992029611951497,0.03540296129326945,0.5837357800871509,0.06680142973730616,200.0,0.0,0.1,0.0,0.07741585475156161,0.07078152132307905,0.07741585475156161,0.07078152132307905,0.07741585475156161,0.07078152132307905,0.6,0.5477225575051662,0.6268678467057303,0.09113705463686264,0.6268678467057304,0.09113705463686268,0.0,0.0,10.0,0.0,,
diagnosis_fd001_candidate,chow_liu_leaf6,cmapss:FD001,diagnosis,detector | random1:1 | mahalanobis_refit,,,,,,,,,,,,,,,,,,,,,0.01548588259902317,0.0015920879331092449,,,,,,,,,5,"[21, 22, 23, 24, 25]",chow_liu_leaf6,,,,,,,,,,,,,,,,,,,,,0.038335764801013285,0.007184663336491339,,,,,14.0,0.0,14.0,0.0,14.0,0.0,,,,,,,,,,,,,,,,,,,,,,,,,,,,,0.1,0.0,10.0,0.0,373.5186462402344,31.836917002088832,2152.3545654296877,160.27102316181768,0.08376365804257993,0.09543229387249716,0.6256802012784718,0.08660879265288826,0.8273129628166671,0.014895571645301111,0.8746383044524091,0.011355235112232177,0.493511131033305,0.014334390311010949,0.7490091420088025,0.020464788956756623,0.9984175295364611,0.0013677377494065062,0.9989485330453016,0.0006880796609771229,0.9189584877122267,0.01428900254004567,,,,,,,,,,,,,,,,,,,200.0,0.0,0.1,0.0,0.08376365804257992,0.09543229387249716,0.08376365804257993,0.09543229387249716,0.08376365804257993,0.09543229387249716,0.4,0.5477225575051662,0.6256802012784717,0.08660879265288825,0.6256802012784718,0.08660879265288826,0.0,0.0,10.0,0.0,2.0,0.0
diagnosis_fd001_candidate,chow_liu_leaf6,cmapss:FD001,diagnosis,detector | random1:1 | mahalanobis_impute,,,,,,,,,,,,,,,,,,,,,0.011036500000045635,0.00847871185904775,,,,,,,,,5,"[21, 22, 23, 24, 25]",chow_liu_leaf6,,,,,,,,,,,,,,,,,,,,,0.05558448579904507,0.006095356880008546,,,,,14.0,0.0,14.0,0.0,14.0,0.0,,,,,,,,,,,,,,,,,,,,,,,,,,,,,0.1,0.0,10.0,0.0,390.04694213867185,39.97671183089639,2167.9898895263673,156.86999783562246,0.0857674223169937,0.10905252350949378,0.6184363142028078,0.09557250946314098,0.8245810481770309,0.015582556255707807,0.8720511232225965,0.011666141032353895,0.49580044998408457,0.014208574258869757,0.7367228357933815,0.016483147120547412,0.9984140674708968,0.0013937385036979708,0.9986673167701265,0.0008666226943343379,0.9160309361120748,0.014100150517789466,,,,,,,,,,,,,,,,,,,200.0,0.0,0.1,0.0,0.0857674223169937,0.10905252350949378,0.0857674223169937,0.10905252350949378,0.0857674223169937,0.10905252350949378,0.4,0.5477225575051662,0.6184363142028079,0.09557250946314096,0.6184363142028078,0.09557250946314098,0.0,0.0,10.0,0.0,1.0,0.0
diagnosis_fd001_candidate,chow_liu_leaf6,cmapss:FD001,diagnosis,detector | random1:1 | gmm_refit,,,,,,,,,,,,,,,,,,,,,1.9085572346004482,2.0762371493503884,,,,,,,,,5,"[21, 22, 23, 24, 25]",chow_liu_leaf6,,,,,,,,,,,,,,,,,,,,,1.1780724598000234,1.5371379804688559,,,,,14.0,0.0,14.0,0.0,14.0,0.0,,,,,,,,,,,,,,,,,,,,,,,,,,,,,0.1,0.0,10.0,0.0,292.7786163330078,46.50812039235242,2438.806024169922,933.1037076237,0.10661067972477441,0.09156347948743145,0.6067577936021629,0.05497170311011558,0.8103294804904587,0.0202199944149402,0.8563015770190873,0.02489489562280744,0.503146172940639,0.018522684123410627,0.7117240896585149,0.033585898060559144,0.9855652751925007,0.027302523143644997,0.9912621101686948,0.014445164489576452,0.8827893393875762,0.06257726760387604,,,,,,,,,,,,,,,,,,,200.0,0.0,0.1,0.0,0.10661067972477441,0.09156347948743147,0.10661067972477441,0.09156347948743145,0.10661067972477441,0.09156347948743145,0.4,0.5477225575051662,0.6067577936021626,0.0549717031101156,0.6067577936021629,0.05497170311011558,0.0,0.0,10.0,0.0,2.0,0.0
diagnosis_fd001_candidate,chow_liu_leaf6,cmapss:FD001,diagnosis,detector | random1:1 | gmm_impute,,,,,,,,,,,,,,,,,,,,,0.774039108598663,0.4023695888713335,,,,,,,,,5,"[21, 22, 23, 24, 25]",chow_liu_leaf6,,,,,,,,,,,,,,,,,,,,,0.010125242000503932,0.0036868713120061995,,,,,14.0,0.0,14.0,0.0,14.0,0.0,,,,,,,,,,,,,,,,,,,,,,,,,,,,,0.1,0.0,10.0,0.0,323.63854064941404,63.106531092497086,2183.950708770752,209.6105589957175,0.1142904944800085,0.0725674220170715,0.6167951855862901,0.08301311543853011,0.8107209507417895,0.021569492539581448,0.8581313662243115,0.02052040036430142,0.50565510652933,0.015129797211532497,0.7006369308912148,0.04396940911829645,0.9897513534395577,0.01859769102793725,0.9931372576182085,0.009339951051223866,0.8863601000107104,0.061711584822812006,,,,,,,,,,,,,,,,,,,200.0,0.0,0.1,0.0,0.1142904944800085,0.07256742201707149,0.1142904944800085,0.0725674220170715,0.1142904944800085,0.0725674220170715,0.6,0.5477225575051662,0.6167951855862902,0.08301311543853011,0.6167951855862901,0.08301311543853011,0.0,0.0,10.0,0.0,1.0,0.0
diagnosis_fd001_candidate,chow_liu_leaf6,cmapss:FD001,diagnosis,detector | random1:1 | knn_refit,,,,,,,,,,,,,,,,,,,,,0.007324947000597604,0.0010139760801383183,,,,,,,,,5,"[21, 22, 23, 24, 25]",chow_liu_leaf6,,,,,,,,,,,,,,,,,,,,,0.01605561280011898,0.0010278530543629204,,,,,14.0,0.0,14.0,0.0,14.0,0.0,,,,,,,,,,,,,,,,,,,,,,,,,,,,,0.1,0.0,10.0,0.0,10.941083717346192,1.1316033788345703,8.441662979125976,0.9339210062978812,0.06948621024635812,0.08560914280228799,0.45693539720094406,0.16698155767062559,0.7940232182837968,0.016490952041623944,0.8346034960699653,0.017395090438707163,0.48555364425316566,0.02782067002901083,0.664605724810867,0.01990306018229478,0.9922508476883763,0.004842530198373923,0.9915904867398643,0.004159057376984436,0.8591334747270466,0.033592165637227854,,,,,,,,,,,,,,,,,,,200.0,0.0,0.1,0.0,0.06948621024635811,0.08560914280228799,0.06948621024635812,0.08560914280228799,0.06948621024635812,0.08560914280228799,0.4,0.5477225575051662,0.45693539720094406,0.16698155767062564,0.45693539720094406,0.16698155767062559,0.0,0.0,10.0,0.0,2.0,0.0
diagnosis_fd001_candidate,chow_liu_leaf6,cmapss:FD001,diagnosis,detector | random1:1 | knn_impute,,,,,,,,,,,,,,,,,,,,,0.004528263998508919,0.001059817643451371,,,,,,,,,5,"[21, 22, 23, 24, 25]",chow_liu_leaf6,,,,,,,,,,,,,,,,,,,,,0.013363934798690025,0.0015543850747152031,,,,,14.0,0.0,14.0,0.0,14.0,0.0,,,,,,,,,,,,,,,,,,,,,,,,,,,,,0.1,0.0,10.0,0.0,11.437935256958008,1.1508214343728782,8.334436798095703,1.0267256059912224,0.07527399876572614,0.09666499242605432,0.4497814952588725,0.16683719386401907,0.7878395187568226,0.01590935672644343,0.8292722514750324,0.01819281695771531,0.4815864347691255,0.02226930538831802,0.6492023660546083,0.020971848927153872,0.9909241256654224,0.005510523298900466,0.9901327587188093,0.00481877895086036,0.8520666260965418,0.034724881354545004,,,,,,,,,,,,,,,,,,,200.0,0.0,0.1,0.0,0.07527399876572614,0.09666499242605432,0.07527399876572614,0.09666499242605432,0.07527399876572614,0.09666499242605432,0.2,0.447213595499958,0.4497814952588725,0.16683719386401907,0.4497814952588725,0.16683719386401907,0.0,0.0,10.0,0.0,1.0,0.0
diagnosis_fd001_candidate,chow_liu_leaf6,cmapss:FD001,diagnosis,query random3:5-8-14 | circuit,,,,,,,,,,,,,,,,,,,,,,,,,,,,,,,5,"[21, 22, 23, 24, 25]",chow_liu_leaf6,,,,,,,,,,,,,,,,,,,0.0,0.0,1.2060448645999713,0.27761193848746607,0.30603972719982264,0.11268929757174298,887.2,135.73945631245175,12.0,0.0,12.0,0.0,12.0,0.0,50.0,0.0,1196050.0,0.0,0.0,0.0,1.0,0.0,0.0,0.0,530567780.0,81175588.36125396,0.0,0.0,13308.0,2036.0918446867763,0.0,0.0,13.822153854370118,6.524265727722172,14.009960174560547,6.450802895948557,7.9146421432495115,4.365026988839837,1.9355736792087554,1.925608497726339,26.791441917419434,13.157505351442538,,,,,,,,,,,,,,,,,,,,,,,,,,,,,,,,,,,,,,,,,,,,,,,,,,,,,,,,,,,,,,,,,,
diagnosis_fd001_candidate,chow_liu_leaf6,cmapss:FD001,diagnosis,joint | random3:5-8-14 | circuit,,,,,,,,,,,,,,,,,,,,,,,,,,,,,,,5,"[21, 22, 23, 24, 25]",chow_liu_leaf6,,,,,,,,,,,,,,,,,,,,,,,,,,,,,,,,,,,,,,,,,,,,,,,,,,,,,,,,,,,,,0.1,0.0,10.0,0.0,27.353775596618654,18.213233902785927,4522.248950195312,3285.302841328137,0.06969612724215322,0.08869476787214525,0.5782452256580285,0.09452717771791995,0.8044629290413848,0.016992889528385284,0.8573518099174755,0.014174115018016022,0.5009097602796174,0.016335470541453505,0.6753686423260854,0.050066110806567574,0.996575308563455,0.0043714976195645605,0.9913746914856801,0.00958327530956953,0.883738684965411,0.03258959964506238,0.7453772576806803,0.030932977532355323,412.2,62.19887458788945,31.4,5.856620185738529,0.0,0.0,0.0,0.0,412.2,62.19887458788945,155.4,28.40422503783548,0.7015252911035497,0.04090520383172636,0.540815947177533,0.06835112129713364,200.0,0.0,0.1,0.0,0.06969612724215322,0.08869476787214527,0.06969612724215322,0.08869476787214525,0.06969612724215322,0.08869476787214525,0.4,0.5477225575051662,0.5782452256580285,0.0945271777179199,0.5782452256580285,0.09452717771791995,0.0,0.0,10.0,0.0,,
diagnosis_fd001_candidate,chow_liu_leaf6,cmapss:FD001,diagnosis,independent | random3:5-8-14 | circuit,,,,,,,,,,,,,,,,,,,,,,,,,,,,,,,5,"[21, 22, 23, 24, 25]",chow_liu_leaf6,,,,,,,,,,,,,,,,,,,,,,,,,,,,,,,,,,,,,,,,,,,,,,,,,,,,,,,,,,,,,0.1,0.0,10.0,0.0,49.33868217468262,35.218579463385424,4470.157958984375,3317.12003906959,0.06686787952035439,0.07962534030082284,0.4913377165867683,0.10072864298125687,0.7616798833774006,0.022650978919483426,0.8193083669691644,0.02267053588586387,0.5098627669672142,0.01314430944052734,0.5029290257140746,0.012588064470290147,0.9871343699106797,0.008998055851092542,0.9742040728662651,0.018506714072092117,0.8587496449453214,0.05056963303906821,0.697537949004014,0.039609262813150796,412.2,62.19887458788945,31.4,5.856620185738529,0.0,0.0,0.0,0.0,412.2,62.19887458788945,193.2,25.984610830258745,0.6348038138014284,0.04637159345422637,0.4595102179294413,0.07253079917598877,200.0,0.0,0.1,0.0,0.06686787952035439,0.07962534030082284,0.06686787952035439,0.07962534030082284,0.06686787952035439,0.07962534030082284,0.4,0.5477225575051662,0.4913377165867683,0.10072864298125689,0.4913377165867683,0.10072864298125687,0.0,0.0,10.0,0.0,,
diagnosis_fd001_candidate,chow_liu_leaf6,cmapss:FD001,diagnosis,marginal_max | random3:5-8-14 | circuit,,,,,,,,,,,,,,,,,,,,,,,,,,,,,,,5,"[21, 22, 23, 24, 25]",chow_liu_leaf6,,,,,,,,,,,,,,,,,,,,,,,,,,,,,,,,,,,,,,,,,,,,,,,,,,,,,,,,,,,,,0.1,0.0,10.0,0.0,28.549010467529296,2.710246156846055,3886.9214111328124,3491.2804269751277,0.09397619184077177,0.057670851625413716,0.59114344015561,0.03904492549820993,0.7771987467085635,0.022599573446563003,0.8413197199560208,0.018487152988230848,0.49065746224871576,0.01497190982043294,0.5060766748741651,0.022841479056194717,0.997968997646635,0.002448904873874125,0.9907409033832872,0.009790091739105406,0.9227080122800393,0.026500063228522018,0.697537949004014,0.039609262813150796,412.2,62.19887458788945,31.4,5.856620185738529,0.0,0.0,0.0,0.0,412.2,62.19887458788945,151.6,13.390294993016397,0.6348038138014284,0.04637159345422637,0.5457910740827187,0.03729339586292509,200.0,0.0,0.1,0.0,0.09397619184077174,0.05767085162541371,0.09397619184077177,0.057670851625413716,0.09397619184077177,0.057670851625413716,0.4,0.5477225575051662,0.59114344015561,0.0390449254982099,0.59114344015561,0.03904492549820993,0.0,0.0,10.0,0.0,,
diagnosis_fd001_candidate,chow_liu_leaf6,cmapss:FD001,diagnosis,conditional_max | random3:5-8-14 | circuit,,,,,,,,,,,,,,,,,,,,,,,,,,,,,,,5,"[21, 22, 23, 24, 25]",chow_liu_leaf6,,,,,,,,,,,,,,,,,,,,,,,,,,,,,,,,,,,,,,,,,,,,,,,,,,,,,,,,,,,,,0.1,0.0,10.0,0.0,26.96609992980957,2.8391943870043126,3897.6741271972655,3483.3514989085447,0.11352413450493237,0.09196644889270485,0.6610797927467766,0.029799935579006835,0.8131085404482808,0.016207023573127036,0.8698037363377529,0.013394604389249455,0.47984470762487846,0.017210200565080512,0.6887247600674892,0.036329104285423894,0.999238087208955,0.0015664438795728894,0.993692881245804,0.00931675432480613,0.9277341572947504,0.022773074722161137,0.7453772576806803,0.030932977532355323,412.2,62.19887458788945,31.4,5.856620185738529,0.0,0.0,0.0,0.0,412.2,62.19887458788945,123.8,21.833460559425756,0.7015252911035497,0.04090520383172636,0.6096784776088188,0.021103328122690376,200.0,0.0,0.1,0.0,0.11352413450493234,0.09196644889270486,0.11352413450493237,0.09196644889270485,0.11352413450493237,0.09196644889270485,0.6,0.5477225575051662,0.6610797927467766,0.029799935579006835,0.6610797927467766,0.029799935579006835,0.0,0.0,10.0,0.0,,
diagnosis_fd001_candidate,chow_liu_leaf6,cmapss:FD001,diagnosis,relational_max | random3:5-8-14 | circuit,,,,,,,,,,,,,,,,,,,,,,,,,,,,,,,5,"[21, 22, 23, 24, 25]",chow_liu_leaf6,,,,,,,,,,,,,,,,,,,,,,,,,,,,,,,,,,,,,,,,,,,,,,,,,,,,,,,,,,,,,0.1,0.0,10.0,0.0,6.157755661010742,3.038302633423826,130.42064514160157,46.931975488503646,0.047764411648329744,0.06959306896603754,0.44536111057307226,0.07243885705682612,0.746233606473249,0.02344569404223743,0.8082807201542422,0.0197214587346772,0.49723767046446365,0.021676414577000987,0.7774357217464295,0.04745653898030738,0.9531241542960439,0.01765972483300308,0.9433682743075753,0.04395981697429636,0.5981800576339334,0.04020093803745892,0.5651481332639973,0.040835212834943645,412.2,62.19887458788945,31.4,5.856620185738529,0.0,0.0,7.6,8.203657720797473,404.6,56.403014103857956,213.0,47.7283982551269,0.520034839227961,0.055935647392204975,0.3650022510845079,0.04077328876818585,200.0,0.0,0.1,0.0,0.04776441164832974,0.06959306896603752,0.047764411648329744,0.06959306896603754,0.047764411648329744,0.06959306896603754,0.2,0.44721359549995804,0.44536111057307226,0.07243885705682616,0.44536111057307226,0.07243885705682612,0.0,0.0,10.0,0.0,,
diagnosis_fd001_candidate,chow_liu_leaf6,cmapss:FD001,diagnosis,query random3:5-8-14 | gaussian_fitted,,,,,,,,,,,,,,,,,,,,,,,,,,,,,,,5,"[21, 22, 23, 24, 25]",chow_liu_leaf6,,,,,,,,,,,,,,,,,,,0.0,0.0,0.4981272976001492,0.07740755999839681,0.005929473599826452,0.0008539749801829544,887.2,135.73945631245175,12.0,0.0,12.0,0.0,12.0,0.0,50.0,0.0,6240.0,0.0,0.0,0.0,1.0,0.0,0.0,0.0,2768064.0,423507.1036948495,0.0,0.0,13308.0,2036.0918446867763,22944960.0,0.0,10.436758381176784,1.0414199812195875,10.509959650789929,1.0231663046029933,5.046091315026564,0.49618360846277043,2.491944169040052,0.6134295671658921,18.69912462649077,1.9772587657071226,,,,,,,,,,,,,,,,,,,,,,,,,,,,,,,,,,,,,,,,,,,,,,,,,,,,,,,,,,,,,,,,,,
diagnosis_fd001_candidate,chow_liu_leaf6,cmapss:FD001,diagnosis,joint | random3:5-8-14 | gaussian_fitted,,,,,,,,,,,,,,,,,,,,,,,,,,,,,,,5,"[21, 22, 23, 24, 25]",chow_liu_leaf6,,,,,,,,,,,,,,,,,,,,,,,,,,,,,,,,,,,,,,,,,,,,,,,,,,,,,,,,,,,,,0.1,0.0,10.0,0.0,184.11436806242662,18.098918796250956,856.5549309803679,83.17895605249821,0.053185239515469565,0.05303380684805109,0.5530330059590037,0.08171232505594034,0.8057754967774835,0.013851595975892948,0.8567621598306496,0.011537196493253759,0.4887506221557668,0.017312911715728744,0.7020390338830612,0.019234859673399596,0.9931603762468741,0.0037158307366490224,0.991373171325926,0.00979999838521451,0.8781628088973937,0.01958202665666164,0.7441192247726177,0.02257395767800066,412.2,62.19887458788945,31.4,5.856620185738529,0.0,0.0,0.0,0.0,412.2,62.19887458788945,166.4,38.952535219161284,0.7040844617906737,0.029672581865502402,0.514891777185319,0.06215493137229757,200.0,0.0,0.1,0.0,0.053185239515469565,0.053033806848051084,0.053185239515469565,0.05303380684805109,0.053185239515469565,0.05303380684805109,0.2,0.447213595499958,0.5530330059590038,0.08171232505594035,0.5530330059590037,0.08171232505594034,0.0,0.0,10.0,0.0,,
diagnosis_fd001_candidate,chow_liu_leaf6,cmapss:FD001,diagnosis,independent | random3:5-8-14 | gaussian_fitted,,,,,,,,,,,,,,,,,,,,,,,,,,,,,,,5,"[21, 22, 23, 24, 25]",chow_liu_leaf6,,,,,,,,,,,,,,,,,,,,,,,,,,,,,,,,,,,,,,,,,,,,,,,,,,,,,,,,,,,,,0.1,0.0,10.0,0.0,192.45735762195457,25.754375542009257,434.4301526452379,65.03220179622112,0.08614827455117884,0.1152427275225208,0.4296758243559461,0.15343904713894077,0.7501370258895225,0.013808534750007515,0.8029574209775167,0.013128997415879792,0.49107950388974686,0.014070859972766367,0.5165072296623674,0.016849382038843466,0.9612940756013945,0.01598560155011799,0.9310166576976965,0.022406683641999534,0.8714834054419024,0.017169619323279553,0.6836977921056947,0.02476332885723447,412.2,62.19887458788945,31.4,5.856620185738529,0.0,0.0,0.0,0.0,412.2,62.19887458788945,221.8,71.43318556525391,0.6076183575545526,0.02031718576330774,0.3718807533691365,0.0982327514237145,200.0,0.0,0.1,0.0,0.08614827455117882,0.11524272752252077,0.08614827455117884,0.1152427275225208,0.08614827455117884,0.1152427275225208,0.2,0.447213595499958,0.4296758243559461,0.15343904713894077,0.4296758243559461,0.15343904713894077,0.0,0.0,10.0,0.0,,
diagnosis_fd001_candidate,chow_liu_leaf6,cmapss:FD001,diagnosis,marginal_max | random3:5-8-14 | gaussian_fitted,,,,,,,,,,,,,,,,,,,,,,,,,,,,,,,5,"[21, 22, 23, 24, 25]",chow_liu_leaf6,,,,,,,,,,,,,,,,,,,,,,,,,,,,,,,,,,,,,,,,,,,,,,,,,,,,,,,,,,,,,0.1,0.0,10.0,0.0,60.79302507361071,19.318343515642326,254.80669320592742,11.931668750319206,0.054091568280636215,0.05381110223950202,0.28826760445766875,0.12912866555529637,0.7400060505191759,0.014116259782658364,0.773510668549046,0.022059827957251144,0.4746774425602232,0.010025509297714234,0.5172679062449078,0.031058030849691883,0.9368516962155384,0.02796017718356158,0.9050186075626762,0.03638748137420415,0.884522226301492,0.01700238582388601,0.6836977921056947,0.02476332885723447,412.2,62.19887458788945,31.4,5.856620185738529,0.0,0.0,0.0,0.0,412.2,62.19887458788945,283.2,66.25103772772167,0.6076183575545526,0.02031718576330774,0.252713411992878,0.09499732242075115,200.0,0.0,0.1,0.0,0.05409156828063623,0.05381110223950203,0.054091568280636215,0.05381110223950202,0.054091568280636215,0.05381110223950202,0.4,0.5477225575051662,0.2882676044576687,0.12912866555529637,0.28826760445766875,0.12912866555529637,0.0,0.0,10.0,0.0,,
diagnosis_fd001_candidate,chow_liu_leaf6,cmapss:FD001,diagnosis,conditional_max | random3:5-8-14 | gaussian_fitted,,,,,,,,,,,,,,,,,,,,,,,,,,,,,,,5,"[21, 22, 23, 24, 25]",chow_liu_leaf6,,,,,,,,,,,,,,,,,,,,,,,,,,,,,,,,,,,,,,,,,,,,,,,,,,,,,,,,,,,,,0.1,0.0,10.0,0.0,64.12516382550983,19.8036609559395,450.8379554517909,54.74010117723745,0.04388073753361052,0.04253473487782288,0.4763408213678778,0.10954987461217401,0.798615553542993,0.01747636875373978,0.8452634452577129,0.016272167979074367,0.47569468649378954,0.02634926877990113,0.6800017138419326,0.029187777294049203,0.9875852051910752,0.007017964287946715,0.9861846185009145,0.011616851408674439,0.8868554077832134,0.018701621897684977,0.7441192247726177,0.02257395767800066,412.2,62.19887458788945,31.4,5.856620185738529,0.0,0.0,0.0,0.0,412.2,62.19887458788945,200.4,56.60212010163577,0.7040844617906737,0.029672581865502402,0.4540175546773571,0.09101811307548213,200.0,0.0,0.1,0.0,0.04388073753361052,0.04253473487782288,0.04388073753361052,0.04253473487782288,0.04388073753361052,0.04253473487782288,0.0,0.0,0.4763408213678778,0.10954987461217404,0.4763408213678778,0.10954987461217401,0.0,0.0,10.0,0.0,,
diagnosis_fd001_candidate,chow_liu_leaf6,cmapss:FD001,diagnosis,relational_max | random3:5-8-14 | gaussian_fitted,,,,,,,,,,,,,,,,,,,,,,,,,,,,,,,5,"[21, 22, 23, 24, 25]",chow_liu_leaf6,,,,,,,,,,,,,,,,,,,,,,,,,,,,,,,,,,,,,,,,,,,,,,,,,,,,,,,,,,,,,0.1,0.0,10.0,0.0,4.804270517069591,2.0712351690116373,422.18161449652945,40.46007606221279,0.07583227491993957,0.05767648210833133,0.6022947548065182,0.0688364610774159,0.8128979080742977,0.013512427890962336,0.8652458294566625,0.01162385326020713,0.5023207974262025,0.03538818364936105,0.8070250091596692,0.04185575507558633,0.9993693943814478,0.0009493165481701585,0.9957262545970729,0.005735828164555518,0.7906502675864925,0.007448636902101972,0.7015379134794881,0.02234449291638389,412.2,62.19887458788945,31.4,5.856620185738529,0.0,0.0,0.0,0.0,412.2,62.19887458788945,144.8,11.122050170719426,0.6780378039208673,0.026419445856367987,0.5396176627926659,0.047924197496931255,200.0,0.0,0.1,0.0,0.07583227491993957,0.05767648210833134,0.07583227491993957,0.05767648210833133,0.07583227491993957,0.05767648210833133,0.4,0.5477225575051662,0.6022947548065183,0.06883646107741594,0.6022947548065182,0.0688364610774159,0.0,0.0,10.0,0.0,,
diagnosis_fd001_candidate,chow_liu_leaf6,cmapss:FD001,diagnosis,detector | random3:5-8-14 | mahalanobis_refit,,,,,,,,,,,,,,,,,,,,,0.021199123199039605,0.0015782785054437654,,,,,,,,,5,"[21, 22, 23, 24, 25]",chow_liu_leaf6,,,,,,,,,,,,,,,,,,,,,0.026626712401775877,0.0033865836454283504,,,,,12.0,0.0,12.0,0.0,12.0,0.0,,,,,,,,,,,,,,,,,,,,,,,,,,,,,0.1,0.0,10.0,0.0,334.0901611328125,34.26907497346516,1825.9702270507812,181.62920322011357,0.05566457835844478,0.057512284258587794,0.5565049381850511,0.08106120736856955,0.8059730271206483,0.013709973874661913,0.857002590417731,0.011289438235549657,0.4893573386405282,0.016734545341320517,0.7031398894470773,0.01943091750448342,0.9930669273170929,0.0037606733651743495,0.9914789102598522,0.009649127482609614,0.8775510542109416,0.019116805152730208,,,,,,,,,,,,,,,,,,,200.0,0.0,0.1,0.0,0.05566457835844477,0.05751228425858779,0.05566457835844478,0.057512284258587794,0.05566457835844478,0.057512284258587794,0.2,0.447213595499958,0.5565049381850511,0.0810612073685695,0.5565049381850511,0.08106120736856955,0.0,0.0,10.0,0.0,3.0,0.0
diagnosis_fd001_candidate,chow_liu_leaf6,cmapss:FD001,diagnosis,detector | random3:5-8-14 | mahalanobis_impute,,,,,,,,,,,,,,,,,,,,,0.011036500000045635,0.00847871185904775,,,,,,,,,5,"[21, 22, 23, 24, 25]",chow_liu_leaf6,,,,,,,,,,,,,,,,,,,,,0.054384938200382746,0.008563956234526209,,,,,12.0,0.0,12.0,0.0,12.0,0.0,,,,,,,,,,,,,,,,,,,,,,,,,,,,,0.1,0.0,10.0,0.0,531.6146850585938,57.3454742410061,2071.9214050292967,162.99978778173843,0.02992432705240809,0.025401584255070945,0.43633249605642266,0.04990513140403249,0.763289879715309,0.015684401750448364,0.8160863782510208,0.009915891543592572,0.5081920290086474,0.027942087222550347,0.595976150350153,0.03471646980614548,0.9789782435308112,0.01730123587119086,0.9678012348646796,0.014465390809316593,0.7950471641768406,0.031739489574854444,,,,,,,,,,,,,,,,,,,200.0,0.0,0.1,0.0,0.029924327052408085,0.02540158425507094,0.02992432705240809,0.025401584255070945,0.02992432705240809,0.025401584255070945,0.0,0.0,0.43633249605642266,0.049905131404032535,0.43633249605642266,0.04990513140403249,0.0,0.0,10.0,0.0,1.0,0.0
diagnosis_fd001_candidate,chow_liu_leaf6,cmapss:FD001,diagnosis,detector | random3:5-8-14 | gmm_refit,,,,,,,,,,,,,,,,,,,,,3.8112268156000937,2.450632347863449,,,,,,,,,5,"[21, 22, 23, 24, 25]",chow_liu_leaf6,,,,,,,,,,,,,,,,,,,,,1.9102910312009045,0.6010077169657347,,,,,12.0,0.0,12.0,0.0,12.0,0.0,,,,,,,,,,,,,,,,,,,,,,,,,,,,,0.1,0.0,10.0,0.0,308.49696350097656,66.33950642427476,6930.989112091064,10973.584727820491,0.057384318679986765,0.05054677238746339,0.4192154031761671,0.09833049062076642,0.7692111075904554,0.015454095234875032,0.8096043719021715,0.017812537459045125,0.48678110059427643,0.01960681153192282,0.6555517391154193,0.014180557918730071,0.9588986343267241,0.019495887472107228,0.9541992726975561,0.021559441932449998,0.8150799887940359,0.039369422174975265,,,,,,,,,,,,,,,,,,,200.0,0.0,0.1,0.0,0.057384318679986765,0.05054677238746338,0.057384318679986765,0.05054677238746339,0.057384318679986765,0.05054677238746339,0.2,0.447213595499958,0.4192154031761671,0.09833049062076642,0.4192154031761671,0.09833049062076642,0.0,0.0,10.0,0.0,3.0,0.0
diagnosis_fd001_candidate,chow_liu_leaf6,cmapss:FD001,diagnosis,detector | random3:5-8-14 | gmm_impute,,,,,,,,,,,,,,,,,,,,,0.774039108598663,0.4023695888713335,,,,,,,,,5,"[21, 22, 23, 24, 25]",chow_liu_leaf6,,,,,,,,,,,,,,,,,,,,,0.011140700600662967,0.002042964700299197,,,,,12.0,0.0,12.0,0.0,12.0,0.0,,,,,,,,,,,,,,,,,,,,,,,,,,,,,0.1,0.0,10.0,0.0,408.77900390625,50.10600276157754,1785.5327392578124,269.08304738962937,0.08230944442141089,0.1088252804690482,0.4783630684875506,0.10433578414123289,0.7546240644141129,0.010798039049964367,0.8061043769842806,0.008692247800874539,0.5119466212422559,0.019543652926321674,0.5830828563730768,0.028455462529831856,0.970533648921846,0.02833699432923798,0.9583574582802713,0.015915983734029308,0.7792691043732458,0.04027530256777887,,,,,,,,,,,,,,,,,,,200.0,0.0,0.1,0.0,0.0823094444214109,0.10882528046904823,0.08230944442141089,0.1088252804690482,0.08230944442141089,0.1088252804690482,0.2,0.447213595499958,0.4783630684875505,0.10433578414123282,0.4783630684875506,0.10433578414123289,0.0,0.0,10.0,0.0,1.0,0.0
diagnosis_fd001_candidate,chow_liu_leaf6,cmapss:FD001,diagnosis,detector | random3:5-8-14 | knn_refit,,,,,,,,,,,,,,,,,,,,,0.010129884001798928,0.0011863524896246725,,,,,,,,,5,"[21, 22, 23, 24, 25]",chow_liu_leaf6,,,,,,,,,,,,,,,,,,,,,0.013523495600384194,0.0015665689730543124,,,,,12.0,0.0,12.0,0.0,12.0,0.0,,,,,,,,,,,,,,,,,,,,,,,,,,,,,0.1,0.0,10.0,0.0,10.767662811279298,1.0558310406793578,8.240626239776612,0.7030259378250834,0.05073628652747915,0.05382209427241525,0.38678464717165695,0.1576959741028384,0.7740509575941477,0.014715979682717848,0.8151161512872094,0.017365580873847,0.4783140969662182,0.024471462618513382,0.6346016995968244,0.025534683376414798,0.9817073117914834,0.00681885823679432,0.9784700672436385,0.014050754457149732,0.8213805284345621,0.025934423632885225,,,,,,,,,,,,,,,,,,,200.0,0.0,0.1,0.0,0.050736286527479135,0.05382209427241523,0.05073628652747915,0.05382209427241525,0.05073628652747915,0.05382209427241525,0.2,0.447213595499958,0.38678464717165695,0.1576959741028384,0.38678464717165695,0.1576959741028384,0.0,0.0,10.0,0.0,3.0,0.0
diagnosis_fd001_candidate,chow_liu_leaf6,cmapss:FD001,diagnosis,detector | random3:5-8-14 | knn_impute,,,,,,,,,,,,,,,,,,,,,0.004528263998508919,0.001059817643451371,,,,,,,,,5,"[21, 22, 23, 24, 25]",chow_liu_leaf6,,,,,,,,,,,,,,,,,,,,,0.013052911599515937,0.0019237096509847084,,,,,12.0,0.0,12.0,0.0,12.0,0.0,,,,,,,,,,,,,,,,,,,,,,,,,,,,,0.1,0.0,10.0,0.0,11.81961612701416,1.1587555328992594,8.413910484313964,0.9316211591714253,0.07498411842165206,0.09209359215417695,0.3821751471240115,0.18952238037976957,0.7535717970387019,0.016084812444463782,0.7919884410263214,0.019828306176837986,0.4927515143555935,0.015394654007885469,0.5871059140512184,0.027716086320029972,0.9726184236957828,0.009663780004012872,0.9666020724485509,0.021123521581350842,0.7776789793192862,0.014482427250744983,,,,,,,,,,,,,,,,,,,200.0,0.0,0.1,0.0,0.07498411842165206,0.09209359215417696,0.07498411842165206,0.09209359215417695,0.07498411842165206,0.09209359215417695,0.4,0.5477225575051662,0.3821751471240116,0.18952238037976957,0.3821751471240115,0.18952238037976957,0.0,0.0,10.0,0.0,1.0,0.0
diagnosis_fd001_candidate,chow_liu_leaf6,cmapss:FD001,diagnosis,query random7:3-4-8-10-11-12-14 | circuit,,,,,,,,,,,,,,,,,,,,,,,,,,,,,,,5,"[21, 22, 23, 24, 25]",chow_liu_leaf6,,,,,,,,,,,,,,,,,,,0.0,0.0,1.0111333498010935,0.2521773527057385,0.2800535762013169,0.040302983665906345,887.2,135.73945631245175,8.0,0.0,8.0,0.0,8.0,0.0,34.0,0.0,813314.0,0.0,0.0,0.0,1.0,0.0,0.0,0.0,360786090.4,55199400.085652694,0.0,0.0,13308.0,2036.0918446867763,0.0,0.0,7.996534442901611,3.90516733618792,8.23526668548584,3.8291248495172017,5.212410259246826,2.6915941202629776,-0.37076338976621626,0.9251473929235587,16.12766036987305,8.055980918753852,,,,,,,,,,,,,,,,,,,,,,,,,,,,,,,,,,,,,,,,,,,,,,,,,,,,,,,,,,,,,,,,,,
diagnosis_fd001_candidate,chow_liu_leaf6,cmapss:FD001,diagnosis,joint | random7:3-4-8-10-11-12-14 | circuit,,,,,,,,,,,,,,,,,,,,,,,,,,,,,,,5,"[21, 22, 23, 24, 25]",chow_liu_leaf6,,,,,,,,,,,,,,,,,,,,,,,,,,,,,,,,,,,,,,,,,,,,,,,,,,,,,,,,,,,,,0.1,0.0,10.0,0.0,120.96588287353515,13.418436511438381,513.2609924316406,110.22682909244669,0.03969060355143796,0.03337603218124215,0.47454456889898156,0.0620219317424029,0.7584011752179112,0.018117667488590696,0.8192381758549502,0.015566707298798206,0.5114848388176749,0.02435666770037195,0.6206884489466227,0.035261421187727286,0.9578073591982845,0.01547228398797081,0.9378852046124297,0.02266009424414725,0.7865978026286315,0.05501310550837592,0.8039705093415325,0.019278540632321456,337.0,57.458680806297664,106.6,11.304866208850065,0.0,0.0,0.0,0.0,337.0,57.458680806297664,128.0,11.683321445547923,0.7459949688249568,0.024305465159641194,0.45354327836845487,0.048373176804696716,200.0,0.0,0.1,0.0,0.03969060355143796,0.033376032181242146,0.03969060355143796,0.03337603218124215,0.03969060355143796,0.03337603218124215,0.0,0.0,0.47454456889898167,0.06202193174240291,0.47454456889898156,0.0620219317424029,0.0,0.0,10.0,0.0,,
diagnosis_fd001_candidate,chow_liu_leaf6,cmapss:FD001,diagnosis,independent | random7:3-4-8-10-11-12-14 | circuit,,,,,,,,,,,,,,,,,,,,,,,,,,,,,,,5,"[21, 22, 23, 24, 25]",chow_liu_leaf6,,,,,,,,,,,,,,,,,,,,,,,,,,,,,,,,,,,,,,,,,,,,,,,,,,,,,,,,,,,,,0.1,0.0,10.0,0.0,132.50678100585938,25.058574976685133,496.9027587890625,91.38699746471966,0.06797068800989518,0.05322234885828176,0.42366240498850194,0.09463952988786471,0.7239160373528591,0.019137179390380062,0.7850254845367448,0.01812706097885908,0.5136019770745704,0.020958530621260935,0.504201764003575,0.01605993513466964,0.9391001656719306,0.018588453035381605,0.9113517454490168,0.028912745875398015,0.7740841218833039,0.057512839927145315,0.7585687503065792,0.023189598732525338,337.0,57.458680806297664,106.6,11.304866208850065,0.0,0.0,0.0,0.0,337.0,57.458680806297664,152.8,32.065557846387144,0.6794332702142363,0.03224358124802498,0.3913673669238946,0.07084709862343988,200.0,0.0,0.1,0.0,0.06797068800989517,0.05322234885828176,0.06797068800989518,0.05322234885828176,0.06797068800989518,0.05322234885828176,0.2,0.44721359549995804,0.42366240498850194,0.0946395298878647,0.42366240498850194,0.09463952988786471,0.0,0.0,10.0,0.0,,
diagnosis_fd001_candidate,chow_liu_leaf6,cmapss:FD001,diagnosis,marginal_max | random7:3-4-8-10-11-12-14 | circuit,,,,,,,,,,,,,,,,,,,,,,,,,,,,,,,5,"[21, 22, 23, 24, 25]",chow_liu_leaf6,,,,,,,,,,,,,,,,,,,,,,,,,,,,,,,,,,,,,,,,,,,,,,,,,,,,,,,,,,,,,0.1,0.0,10.0,0.0,28.450914001464845,2.5462132184820563,324.7451904296875,123.66506469481999,0.08570061913847282,0.06012397497756222,0.5097336781998948,0.037771355555448034,0.7375541942192442,0.017441632184670586,0.8072608222039263,0.014715349195181275,0.4938901509903067,0.01669156692285118,0.5040359521239731,0.025072904805656833,0.9605158268063517,0.016486971179804667,0.9333933836557543,0.02832561577550688,0.8169952099831651,0.0275343761573415,0.7585687503065792,0.023189598732525338,337.0,57.458680806297664,106.6,11.304866208850065,0.0,0.0,0.0,0.0,337.0,57.458680806297664,116.8,14.359665734271115,0.6794332702142363,0.03224358124802498,0.46645542885395824,0.028089391759940473,200.0,0.0,0.1,0.0,0.08570061913847282,0.06012397497756222,0.08570061913847282,0.06012397497756222,0.08570061913847282,0.06012397497756222,0.4,0.5477225575051662,0.5097336781998948,0.03777135555544801,0.5097336781998948,0.037771355555448034,0.0,0.0,10.0,0.0,,
diagnosis_fd001_candidate,chow_liu_leaf6,cmapss:FD001,diagnosis,conditional_max | random7:3-4-8-10-11-12-14 | circuit,,,,,,,,,,,,,,,,,,,,,,,,,,,,,,,5,"[21, 22, 23, 24, 25]",chow_liu_leaf6,,,,,,,,,,,,,,,,,,,,,,,,,,,,,,,,,,,,,,,,,,,,,,,,,,,,,,,,,,,,,0.1,0.0,10.0,0.0,26.825991821289062,2.4624585172579443,325.0703186035156,123.8033552300743,0.10357184160945439,0.08342867719736305,0.5733397023519425,0.02808523512499611,0.7666374376665228,0.014495588293619854,0.8325663520713604,0.012202776017944462,0.48277666719192525,0.02286972807318652,0.6369393943370324,0.031297590053543135,0.9677699089742664,0.014489623341237254,0.9470401398662585,0.025195140495265538,0.8212121473177655,0.03126250621669236,0.8039705093415325,0.019278540632321456,337.0,57.458680806297664,106.6,11.304866208850065,0.0,0.0,0.0,0.0,337.0,57.458680806297664,94.0,19.0,0.7459949688249568,0.024305465159641194,0.5250616787866298,0.01359390538759354,200.0,0.0,0.1,0.0,0.10357184160945439,0.08342867719736306,0.10357184160945439,0.08342867719736305,0.10357184160945439,0.08342867719736305,0.4,0.5477225575051662,0.5733397023519424,0.02808523512499614,0.5733397023519425,0.02808523512499611,0.0,0.0,10.0,0.0,,
diagnosis_fd001_candidate,chow_liu_leaf6,cmapss:FD001,diagnosis,relational_max | random7:3-4-8-10-11-12-14 | circuit,,,,,,,,,,,,,,,,,,,,,,,,,,,,,,,5,"[21, 22, 23, 24, 25]",chow_liu_leaf6,,,,,,,,,,,,,,,,,,,,,,,,,,,,,,,,,,,,,,,,,,,,,,,,,,,,,,,,,,,,,0.1,0.0,10.0,0.0,4.740217590332032,1.760958421616565,98.54646759033203,22.749971315003297,0.03009494013711093,0.03185527695527983,0.30949109781508144,0.043620882689244765,0.671930151407725,0.02085306736750356,0.7370872285628284,0.02060385072121807,0.5050512466481908,0.03364719748411309,0.6978108396828351,0.04039753366564223,0.8138234192539289,0.04853508022807282,0.8100030207489773,0.04032547333775726,0.5529383625264012,0.0376543012642909,0.59070641524036,0.025032493830699287,337.0,57.458680806297664,106.6,11.304866208850065,0.0,0.0,0.0,0.0,337.0,57.458680806297664,204.2,43.551119388598956,0.4945876421056575,0.04299780030938965,0.2615699890091228,0.0376299132768794,200.0,0.0,0.1,0.0,0.03009494013711093,0.03185527695527983,0.03009494013711093,0.03185527695527983,0.03009494013711093,0.03185527695527983,0.0,0.0,0.30949109781508144,0.04362088268924473,0.30949109781508144,0.043620882689244765,0.0,0.0,10.0,0.0,,
diagnosis_fd001_candidate,chow_liu_leaf6,cmapss:FD001,diagnosis,query random7:3-4-8-10-11-12-14 | gaussian_fitted,,,,,,,,,,,,,,,,,,,,,,,,,,,,,,,5,"[21, 22, 23, 24, 25]",chow_liu_leaf6,,,,,,,,,,,,,,,,,,,0.0,0.0,0.12979606200024135,0.028313539774547578,0.0031790218003152405,8.161754785787728e-05,887.2,135.73945631245175,8.0,0.0,8.0,0.0,8.0,0.0,34.0,0.0,2880.0,0.0,0.0,0.0,1.0,0.0,0.0,0.0,1277568.0,195464.81708993053,0.0,0.0,13308.0,2036.0918446867763,24414400.0,0.0,7.705975965359315,0.7287127060896609,7.75201493635867,0.7002011547993591,3.5539683492937115,0.24977423102977833,2.1717229923320804,0.9837598382327276,13.385126586268433,1.1121963766770921,,,,,,,,,,,,,,,,,,,,,,,,,,,,,,,,,,,,,,,,,,,,,,,,,,,,,,,,,,,,,,,,,,
diagnosis_fd001_candidate,chow_liu_leaf6,cmapss:FD001,diagnosis,joint | random7:3-4-8-10-11-12-14 | gaussian_fitted,,,,,,,,,,,,,,,,,,,,,,,,,,,,,,,5,"[21, 22, 23, 24, 25]",chow_liu_leaf6,,,,,,,,,,,,,,,,,,,,,,,,,,,,,,,,,,,,,,,,,,,,,,,,,,,,,,,,,,,,,0.1,0.0,10.0,0.0,97.00869024703904,4.429786564321781,593.4904809829846,59.14895352890908,0.06951009244244717,0.03546996555035245,0.5601971820409161,0.0131699028660114,0.7752884745329673,0.014161832598912719,0.8375539894904875,0.01109774145388369,0.5129504123766948,0.019200026575161233,0.6757698995074987,0.015316019799449838,0.9612467571657197,0.016296879881315483,0.9468087921881919,0.013892505428992417,0.8040020025543587,0.038146284988305385,0.8070279050450351,0.019974185296749256,337.0,57.458680806297664,106.6,11.304866208850065,0.0,0.0,0.0,0.0,337.0,57.458680806297664,94.8,18.7136313953225,0.7528377489310019,0.02348448779703658,0.5214420672657882,0.011656380943259626,200.0,0.0,0.1,0.0,0.06951009244244717,0.03546996555035245,0.06951009244244717,0.03546996555035245,0.06951009244244717,0.03546996555035245,0.2,0.44721359549995804,0.5601971820409161,0.013169902866011428,0.5601971820409161,0.0131699028660114,0.0,0.0,10.0,0.0,,
diagnosis_fd001_candidate,chow_liu_leaf6,cmapss:FD001,diagnosis,independent | random7:3-4-8-10-11-12-14 | gaussian_fitted,,,,,,,,,,,,,,,,,,,,,,,,,,,,,,,5,"[21, 22, 23, 24, 25]",chow_liu_leaf6,,,,,,,,,,,,,,,,,,,,,,,,,,,,,,,,,,,,,,,,,,,,,,,,,,,,,,,,,,,,,0.1,0.0,10.0,0.0,103.58788522721584,4.552151944597173,318.51559089497897,38.94665978064062,0.07577601714893621,0.04471820096096062,0.46651239383115845,0.02775253986127794,0.7318642720249863,0.018414871696062596,0.7966929338243911,0.014210415124360307,0.5164211770745081,0.024073389632774722,0.5144410746639256,0.01631010396425481,0.9454128587342898,0.015081809134117788,0.9004075325911878,0.029460352103813724,0.8049426063050028,0.03719230924999617,0.7515531439003782,0.02266084495632167,337.0,57.458680806297664,106.6,11.304866208850065,0.0,0.0,0.0,0.0,337.0,57.458680806297664,138.4,30.69690538148756,0.6714899382847793,0.03283212804646977,0.42620123305188223,0.012654889132143434,200.0,0.0,0.1,0.0,0.07577601714893621,0.044718200960960616,0.07577601714893621,0.04471820096096062,0.07577601714893621,0.04471820096096062,0.2,0.44721359549995804,0.46651239383115845,0.027752539861278007,0.46651239383115845,0.02775253986127794,0.0,0.0,10.0,0.0,,
diagnosis_fd001_candidate,chow_liu_leaf6,cmapss:FD001,diagnosis,marginal_max | random7:3-4-8-10-11-12-14 | gaussian_fitted,,,,,,,,,,,,,,,,,,,,,,,,,,,,,,,5,"[21, 22, 23, 24, 25]",chow_liu_leaf6,,,,,,,,,,,,,,,,,,,,,,,,,,,,,,,,,,,,,,,,,,,,,,,,,,,,,,,,,,,,,0.1,0.0,10.0,0.0,27.65258191539789,2.134426073855957,207.2097446495909,14.826022550798267,0.0938959024689341,0.07544916241655766,0.5053431156251792,0.039361219218795034,0.7332493870934347,0.019766499558865242,0.8028828337133233,0.015986348852896494,0.4865731995537074,0.02398696428282296,0.510949681399862,0.02562735025575712,0.9621005492323231,0.014678610063126226,0.900206610424223,0.03207321748600883,0.8280368277259121,0.03017507419123326,0.7515531439003782,0.02266084495632167,337.0,57.458680806297664,106.6,11.304866208850065,0.0,0.0,0.0,0.0,337.0,57.458680806297664,122.8,23.44568190520378,0.6714899382847793,0.03283212804646977,0.4571296787551874,0.01771611992210206,200.0,0.0,0.1,0.0,0.09389590246893409,0.07544916241655766,0.0938959024689341,0.07544916241655766,0.0938959024689341,0.07544916241655766,0.6,0.5477225575051662,0.5053431156251792,0.03936121921879514,0.5053431156251792,0.039361219218795034,0.0,0.0,10.0,0.0,,
diagnosis_fd001_candidate,chow_liu_leaf6,cmapss:FD001,diagnosis,conditional_max | random7:3-4-8-10-11-12-14 | gaussian_fitted,,,,,,,,,,,,,,,,,,,,,,,,,,,,,,,5,"[21, 22, 23, 24, 25]",chow_liu_leaf6,,,,,,,,,,,,,,,,,,,,,,,,,,,,,,,,,,,,,,,,,,,,,,,,,,,,,,,,,,,,,0.1,0.0,10.0,0.0,26.710003820401717,2.2258799085414878,410.3523204005313,40.168465688513486,0.11066955257161641,0.09579883491431078,0.5894391459790719,0.03683106176691275,0.7716595776983315,0.017485122589849012,0.8371137637623798,0.012659717606039,0.48809579669475234,0.03322401008488602,0.653883148110938,0.017225122528253534,0.9663224209757961,0.016779335280636708,0.949715250149193,0.01965054020539091,0.822646673036127,0.033437751650839675,0.8070279050450351,0.019974185296749256,337.0,57.458680806297664,106.6,11.304866208850065,0.0,0.0,0.0,0.0,337.0,57.458680806297664,87.0,20.26079958935481,0.7528377489310019,0.02348448779703658,0.5343745501345847,0.014754869280870313,200.0,0.0,0.1,0.0,0.11066955257161644,0.09579883491431078,0.11066955257161641,0.09579883491431078,0.11066955257161641,0.09579883491431078,0.6,0.5477225575051662,0.5894391459790718,0.036831061766912594,0.5894391459790719,0.03683106176691275,0.0,0.0,10.0,0.0,,
diagnosis_fd001_candidate,chow_liu_leaf6,cmapss:FD001,diagnosis,relational_max | random7:3-4-8-10-11-12-14 | gaussian_fitted,,,,,,,,,,,,,,,,,,,,,,,,,,,,,,,5,"[21, 22, 23, 24, 25]",chow_liu_leaf6,,,,,,,,,,,,,,,,,,,,,,,,,,,,,,,,,,,,,,,,,,,,,,,,,,,,,,,,,,,,,0.1,0.0,10.0,0.0,2.782566973838769,0.3334040391095639,374.9146151653072,32.255709425939955,0.062236183809064184,0.02820406153851549,0.537397722567945,0.03476238474295111,0.7671236958686029,0.013743359309803046,0.8299276469371011,0.011894400294015362,0.4982419429796381,0.0333137653241311,0.7317222441741236,0.028734983997349542,0.9667676126347706,0.015827432961254263,0.9516800428717497,0.011610965642868298,0.7145147581010831,0.03215080369158861,0.7485928697411817,0.014849640348588954,337.0,57.458680806297664,106.6,11.304866208850065,0.0,0.0,0.0,0.0,337.0,57.458680806297664,104.4,19.12589867169645,0.712741903619306,0.018885663142852734,0.47881805582306447,0.022885677789143032,200.0,0.0,0.1,0.0,0.062236183809064184,0.028204061538515495,0.062236183809064184,0.02820406153851549,0.062236183809064184,0.02820406153851549,0.0,0.0,0.537397722567945,0.03476238474295107,0.537397722567945,0.03476238474295111,0.0,0.0,10.0,0.0,,
diagnosis_fd001_candidate,chow_liu_leaf6,cmapss:FD001,diagnosis,detector | random7:3-4-8-10-11-12-14 | mahalanobis_refit,,,,,,,,,,,,,,,,,,,,,0.024921256399102275,0.0017076915596679063,,,,,,,,,5,"[21, 22, 23, 24, 25]",chow_liu_leaf6,,,,,,,,,,,,,,,,,,,,,0.01408485119973193,0.002609034917269255,,,,,8.0,0.0,8.0,0.0,8.0,0.0,,,,,,,,,,,,,,,,,,,,,,,,,,,,,0.1,0.0,10.0,0.0,197.27167663574218,9.04563490134482,1233.8746047973632,122.9221532190982,0.06941612604045938,0.03429556859600826,0.5588899924984324,0.012710622890124612,0.7750562869972377,0.014029625657892198,0.837231075425319,0.01102323164449676,0.5131913672139031,0.0187822510442978,0.6753358842780138,0.014992868265982229,0.9611128563170463,0.016430242827110864,0.9469804318613082,0.013737736103482348,0.8031314732377975,0.03837424902333707,,,,,,,,,,,,,,,,,,,200.0,0.0,0.1,0.0,0.0694161260404594,0.03429556859600826,0.06941612604045938,0.03429556859600826,0.06941612604045938,0.03429556859600826,0.2,0.44721359549995804,0.5588899924984324,0.012710622890124632,0.5588899924984324,0.012710622890124612,0.0,0.0,10.0,0.0,4.0,0.0
diagnosis_fd001_candidate,chow_liu_leaf6,cmapss:FD001,diagnosis,detector | random7:3-4-8-10-11-12-14 | mahalanobis_impute,,,,,,,,,,,,,,,,,,,,,0.011036500000045635,0.00847871185904775,,,,,,,,,5,"[21, 22, 23, 24, 25]",chow_liu_leaf6,,,,,,,,,,,,,,,,,,,,,0.05404799120005919,0.008338288078641239,,,,,8.0,0.0,8.0,0.0,8.0,0.0,,,,,,,,,,,,,,,,,,,,,,,,,,,,,0.1,0.0,10.0,0.0,498.18760375976564,80.45137801199621,1974.045587158203,202.33171395103244,0.08011932999255253,0.07946188415162464,0.3910535416688238,0.11228532566433261,0.7120671924969593,0.015240295688735618,0.7708290461563777,0.014993384130504125,0.5115101739551524,0.03985752527724904,0.5467137046177125,0.021121853821375127,0.9230490161198637,0.028020664266594022,0.9054468375669359,0.022821265751560054,0.7029600868779609,0.05603225060352337,,,,,,,,,,,,,,,,,,,200.0,0.0,0.1,0.0,0.08011932999255253,0.07946188415162464,0.08011932999255253,0.07946188415162464,0.08011932999255253,0.07946188415162464,0.4,0.5477225575051662,0.3910535416688237,0.11228532566433258,0.3910535416688238,0.11228532566433261,0.0,0.0,10.0,0.0,1.0,0.0
diagnosis_fd001_candidate,chow_liu_leaf6,cmapss:FD001,diagnosis,detector | random7:3-4-8-10-11-12-14 | gmm_refit,,,,,,,,,,,,,,,,,,,,,3.925835355599702,2.4543045318599104,,,,,,,,,5,"[21, 22, 23, 24, 25]",chow_liu_leaf6,,,,,,,,,,,,,,,,,,,,,0.11900396839992027,0.004311948642804417,,,,,8.0,0.0,8.0,0.0,8.0,0.0,,,,,,,,,,,,,,,,,,,,,,,,,,,,,0.1,0.0,10.0,0.0,123.27472381591797,6.44621703939626,783.4298156738281,88.05131753121042,0.08498513279366811,0.044501082445354966,0.548228097294323,0.03704190425965284,0.7673607239688407,0.012698692796233431,0.830366261163773,0.011264592477084763,0.503859716537155,0.019034243896370016,0.6548129450044224,0.0068000858644723106,0.960542958104188,0.014097463039646062,0.947709505727732,0.01182367316805173,0.7950380601918607,0.04169821950355781,,,,,,,,,,,,,,,,,,,200.0,0.0,0.1,0.0,0.08498513279366814,0.04450108244535498,0.08498513279366811,0.044501082445354966,0.08498513279366811,0.044501082445354966,0.4,0.5477225575051662,0.548228097294323,0.037041904259652814,0.548228097294323,0.03704190425965284,0.0,0.0,10.0,0.0,4.0,0.0
diagnosis_fd001_candidate,chow_liu_leaf6,cmapss:FD001,diagnosis,detector | random7:3-4-8-10-11-12-14 | gmm_impute,,,,,,,,,,,,,,,,,,,,,0.774039108598663,0.4023695888713335,,,,,,,,,5,"[21, 22, 23, 24, 25]",chow_liu_leaf6,,,,,,,,,,,,,,,,,,,,,0.010743190999346553,0.0015475363106303033,,,,,8.0,0.0,8.0,0.0,8.0,0.0,,,,,,,,,,,,,,,,,,,,,,,,,,,,,0.1,0.0,10.0,0.0,493.5828369140625,63.798086676491145,1869.6075256347656,364.5947931787389,0.08135166018533926,0.06708161906613909,0.36578945898462456,0.09994568101869594,0.6980955934989816,0.011599429968542409,0.7533185973789223,0.012529060637813175,0.5164892664573204,0.04133735556219091,0.5285979581181939,0.016671512453164353,0.9018619899430881,0.024028303923509048,0.8947672507935465,0.023541023010328923,0.6777502782471589,0.045673321927329535,,,,,,,,,,,,,,,,,,,200.0,0.0,0.1,0.0,0.08135166018533925,0.06708161906613909,0.08135166018533926,0.06708161906613909,0.08135166018533926,0.06708161906613909,0.4,0.5477225575051662,0.36578945898462456,0.09994568101869594,0.36578945898462456,0.09994568101869594,0.0,0.0,10.0,0.0,1.0,0.0
diagnosis_fd001_candidate,chow_liu_leaf6,cmapss:FD001,diagnosis,detector | random7:3-4-8-10-11-12-14 | knn_refit,,,,,,,,,,,,,,,,,,,,,0.012017687202023808,0.001173989906606566,,,,,,,,,5,"[21, 22, 23, 24, 25]",chow_liu_leaf6,,,,,,,,,,,,,,,,,,,,,0.009078850199875888,0.0015329260020359298,,,,,8.0,0.0,8.0,0.0,8.0,0.0,,,,,,,,,,,,,,,,,,,,,,,,,,,,,0.1,0.0,10.0,0.0,7.337249660491944,0.2072834768253705,7.3575972557067875,0.39700970734555896,0.0634588239573671,0.05562473517065585,0.5288318063560155,0.04077212427685125,0.7659960809735424,0.014629613213777605,0.8285795006024117,0.011963100035144248,0.5012924233935924,0.03965596557531507,0.6332195313580375,0.025885959358091223,0.9650955357924677,0.013828078248804155,0.9446026494251024,0.01912576571816131,0.8061834262426354,0.03847880938524166,,,,,,,,,,,,,,,,,,,200.0,0.0,0.1,0.0,0.0634588239573671,0.05562473517065585,0.0634588239573671,0.05562473517065585,0.0634588239573671,0.05562473517065585,0.4,0.5477225575051662,0.5288318063560156,0.040772124276851215,0.5288318063560155,0.04077212427685125,0.0,0.0,10.0,0.0,4.0,0.0
diagnosis_fd001_candidate,chow_liu_leaf6,cmapss:FD001,diagnosis,detector | random7:3-4-8-10-11-12-14 | knn_impute,,,,,,,,,,,,,,,,,,,,,0.004528263998508919,0.001059817643451371,,,,,,,,,5,"[21, 22, 23, 24, 25]",chow_liu_leaf6,,,,,,,,,,,,,,,,,,,,,0.011703765999845928,0.0024971834139810253,,,,,8.0,0.0,8.0,0.0,8.0,0.0,,,,,,,,,,,,,,,,,,,,,,,,,,,,,0.1,0.0,10.0,0.0,10.404079246520997,0.45172117857254673,7.238379096984863,0.6927368546789213,0.07588051073320357,0.10625003649067186,0.377808642635024,0.12255205588125351,0.7182963999330172,0.019962656236204458,0.7746168762347035,0.013697276021651914,0.5060859743636483,0.03397198663129916,0.5426250681783292,0.025206543749440983,0.935254820788278,0.016194044964086492,0.9145042005376627,0.01836265256539607,0.7224785535857194,0.04565085613327586,,,,,,,,,,,,,,,,,,,200.0,0.0,0.1,0.0,0.07588051073320357,0.10625003649067186,0.07588051073320357,0.10625003649067186,0.07588051073320357,0.10625003649067186,0.2,0.44721359549995804,0.3778086426350239,0.12255205588125348,0.377808642635024,0.12255205588125351,0.0,0.0,10.0,0.0,1.0,0.0
diagnosis_fd001_candidate,chow_liu_leaf6,cmapss:FD001,diagnosis,query bank0:0-1-2-4-5-7-8 | circuit,,,,,,,,,,,,,,,,,,,,,,,,,,,,,,,5,"[21, 22, 23, 24, 25]",chow_liu_leaf6,,,,,,,,,,,,,,,,,,,0.0,0.0,0.9672021410013258,0.228110529908842,0.2776688400001149,0.03763962968789409,887.2,135.73945631245175,8.0,0.0,8.0,0.0,8.0,0.0,34.0,0.0,813314.0,0.0,0.0,0.0,1.0,0.0,0.0,0.0,360786090.4,55199400.085652694,0.0,0.0,13308.0,2036.0918446867763,0.0,0.0,7.56377067565918,2.448939888898661,7.788300323486328,2.3537552217312587,4.654515886306763,1.5447800980704025,0.06691244840621949,1.655282485265203,15.340966415405273,4.848294397259357,,,,,,,,,,,,,,,,,,,,,,,,,,,,,,,,,,,,,,,,,,,,,,,,,,,,,,,,,,,,,,,,,,
diagnosis_fd001_candidate,chow_liu_leaf6,cmapss:FD001,diagnosis,joint | bank0:0-1-2-4-5-7-8 | circuit,,,,,,,,,,,,,,,,,,,,,,,,,,,,,,,5,"[21, 22, 23, 24, 25]",chow_liu_leaf6,,,,,,,,,,,,,,,,,,,,,,,,,,,,,,,,,,,,,,,,,,,,,,,,,,,,,,,,,,,,,0.1,0.0,10.0,0.0,-41.94073295593262,14.512773330603197,4412.02275390625,3320.0337426824053,0.08640032450920988,0.06555358921247413,0.52688778837819,0.0787133531809629,0.7599153415728191,0.019372010975794638,0.8210458912056613,0.01827598813405653,0.5067209077131424,0.021076487457951217,0.6233505657372506,0.05177864033921834,0.9571040437327023,0.032333705731129196,0.944501267211417,0.013791832484541305,0.7923542025545183,0.02660462150199403,0.7780847555179903,0.032019253979367425,338.8,57.50391291034028,104.8,13.516656391282572,0.0,0.0,0.0,0.0,338.8,57.50391291034028,110.2,7.62889244910426,0.7205395311803968,0.0427324047643322,0.4695454193564448,0.05469216373166228,200.0,0.0,0.1,0.0,0.0864003245092099,0.06555358921247413,0.08640032450920988,0.06555358921247413,0.08640032450920988,0.06555358921247413,0.2,0.447213595499958,0.52688778837819,0.07871335318096292,0.52688778837819,0.0787133531809629,0.0,0.0,10.0,0.0,,
diagnosis_fd001_candidate,chow_liu_leaf6,cmapss:FD001,diagnosis,independent | bank0:0-1-2-4-5-7-8 | circuit,,,,,,,,,,,,,,,,,,,,,,,,,,,,,,,5,"[21, 22, 23, 24, 25]",chow_liu_leaf6,,,,,,,,,,,,,,,,,,,,,,,,,,,,,,,,,,,,,,,,,,,,,,,,,,,,,,,,,,,,,0.1,0.0,10.0,0.0,-29.967880249023438,23.65927963960874,4376.4912109375,3340.192244335287,0.09093171017777177,0.07570751192924079,0.4707103232317986,0.09554161165006174,0.728680334668385,0.02042834848269637,0.7941010898530296,0.020179194363767926,0.5149778446963158,0.0208294384050579,0.49665867307446315,0.024249361924999227,0.9450633452916911,0.03109586710771129,0.9274697881367002,0.013857297970517407,0.7827636878703693,0.033020759132458534,0.7560076302716963,0.034581844108577814,338.8,57.50391291034028,104.8,13.516656391282572,0.0,0.0,0.0,0.0,338.8,57.50391291034028,134.6,12.876334882255899,0.6846064198062141,0.047495947596346205,0.4211709927582974,0.05970218771360397,200.0,0.0,0.1,0.0,0.0909317101777718,0.07570751192924083,0.09093171017777177,0.07570751192924079,0.09093171017777177,0.07570751192924079,0.6,0.5477225575051662,0.4707103232317985,0.09554161165006171,0.4707103232317986,0.09554161165006174,0.0,0.0,10.0,0.0,,
diagnosis_fd001_candidate,chow_liu_leaf6,cmapss:FD001,diagnosis,marginal_max | bank0:0-1-2-4-5-7-8 | circuit,,,,,,,,,,,,,,,,,,,,,,,,,,,,,,,5,"[21, 22, 23, 24, 25]",chow_liu_leaf6,,,,,,,,,,,,,,,,,,,,,,,,,,,,,,,,,,,,,,,,,,,,,,,,,,,,,,,,,,,,,0.1,0.0,10.0,0.0,27.77779655456543,4.095348492186998,3888.39560546875,3491.40665639663,0.09855790156951466,0.08766518688084829,0.5177461242477923,0.05007441431390561,0.7338451050352413,0.02414531254654127,0.8052191876878918,0.021241130212877636,0.5020680359190927,0.014348950657932307,0.491517427524219,0.0209495219169333,0.9581752037405634,0.02715109561356077,0.9428056424161992,0.023104969967465847,0.7972585161782686,0.009481037642461915,0.7560076302716963,0.034581844108577814,338.8,57.50391291034028,104.8,13.516656391282572,0.0,0.0,0.0,0.0,338.8,57.50391291034028,118.8,11.966620241321273,0.6846064198062141,0.047495947596346205,0.466988764646561,0.03579786655564317,200.0,0.0,0.1,0.0,0.09855790156951465,0.0876651868808483,0.09855790156951466,0.08766518688084829,0.09855790156951466,0.08766518688084829,0.2,0.44721359549995804,0.5177461242477921,0.050074414313905566,0.5177461242477923,0.05007441431390561,0.0,0.0,10.0,0.0,,
diagnosis_fd001_candidate,chow_liu_leaf6,cmapss:FD001,diagnosis,conditional_max | bank0:0-1-2-4-5-7-8 | circuit,,,,,,,,,,,,,,,,,,,,,,,,,,,,,,,5,"[21, 22, 23, 24, 25]",chow_liu_leaf6,,,,,,,,,,,,,,,,,,,,,,,,,,,,,,,,,,,,,,,,,,,,,,,,,,,,,,,,,,,,,0.1,0.0,10.0,0.0,25.294704055786134,2.3730129258840473,3897.8618286132814,3481.817452356613,0.11367875012499344,0.09623940880849681,0.5680168614074135,0.04400524252492279,0.7627165342872696,0.020073316341389476,0.8283771878533314,0.01664061791638775,0.5011757484785915,0.010331457825575025,0.627510017900483,0.03537208474655072,0.9610389794414506,0.024098536150651523,0.9484731994442044,0.01922936090419305,0.7998514315143618,0.005369887258098463,0.7780847555179903,0.032019253979367425,338.8,57.50391291034028,104.8,13.516656391282572,0.0,0.0,0.0,0.0,338.8,57.50391291034028,97.8,14.024977718342372,0.7205395311803968,0.0427324047643322,0.5077861758039123,0.031665152704152336,200.0,0.0,0.1,0.0,0.11367875012499347,0.09623940880849682,0.11367875012499344,0.09623940880849681,0.11367875012499344,0.09623940880849681,0.4,0.5477225575051662,0.5680168614074134,0.04400524252492276,0.5680168614074135,0.04400524252492279,0.0,0.0,10.0,0.0,,
diagnosis_fd001_candidate,chow_liu_leaf6,cmapss:FD001,diagnosis,relational_max | bank0:0-1-2-4-5-7-8 | circuit,,,,,,,,,,,,,,,,,,,,,,,,,,,,,,,5,"[21, 22, 23, 24, 25]",chow_liu_leaf6,,,,,,,,,,,,,,,,,,,,,,,,,,,,,,,,,,,,,,,,,,,,,,,,,,,,,,,,,,,,,0.1,0.0,10.0,0.0,4.232897186279297,1.9906371785420962,129.2742919921875,48.3506252723312,0.04715289828898067,0.04253210874086669,0.38492789401465893,0.04576437494113691,0.7009571753844328,0.01627494583515691,0.7682404955321104,0.015715327405843086,0.4900240203112919,0.018836340864918623,0.7049578851175727,0.049350394830745374,0.9027203384598655,0.034201882456296476,0.8715380682747922,0.025209780696006132,0.5670804279929748,0.027247377654738187,0.6034166895664993,0.024945416385728825,338.8,57.50391291034028,104.8,13.516656391282572,0.0,0.0,11.0,11.135528725660043,327.8,49.38319552236368,167.4,36.40467003009367,0.5099509995604794,0.03780189058128516,0.28533700767641335,0.026630180105881404,200.0,0.0,0.1,0.0,0.047152898288980685,0.04253210874086671,0.04715289828898067,0.04253210874086669,0.04715289828898067,0.04253210874086669,0.2,0.44721359549995804,0.3849278940146589,0.04576437494113691,0.38492789401465893,0.04576437494113691,0.0,0.0,10.0,0.0,,
diagnosis_fd001_candidate,chow_liu_leaf6,cmapss:FD001,diagnosis,query bank0:0-1-2-4-5-7-8 | gaussian_fitted,,,,,,,,,,,,,,,,,,,,,,,,,,,,,,,5,"[21, 22, 23, 24, 25]",chow_liu_leaf6,,,,,,,,,,,,,,,,,,,0.0,0.0,0.12937611380039016,0.030969735206024713,0.0032332039998436814,0.0002750949599890861,887.2,135.73945631245175,8.0,0.0,8.0,0.0,8.0,0.0,34.0,0.0,2880.0,0.0,0.0,0.0,1.0,0.0,0.0,0.0,1277568.0,195464.81708993053,0.0,0.0,13308.0,2036.0918446867763,25883840.0,0.0,6.531694717818742,0.6639778473076181,6.636978859733948,0.6379179146556281,3.1908499707045195,0.40292433364797,1.3988349047213238,0.5001640126505008,11.41987233057132,1.3355190823575191,,,,,,,,,,,,,,,,,,,,,,,,,,,,,,,,,,,,,,,,,,,,,,,,,,,,,,,,,,,,,,,,,,
diagnosis_fd001_candidate,chow_liu_leaf6,cmapss:FD001,diagnosis,joint | bank0:0-1-2-4-5-7-8 | gaussian_fitted,,,,,,,,,,,,,,,,,,,,,,,,,,,,,,,5,"[21, 22, 23, 24, 25]",chow_liu_leaf6,,,,,,,,,,,,,,,,,,,,,,,,,,,,,,,,,,,,,,,,,,,,,,,,,,,,,,,,,,,,,0.1,0.0,10.0,0.0,121.44500425051956,23.376153350719044,745.5666361971153,64.07035683363243,0.10076196289267159,0.13078434217493398,0.4854127959620917,0.1408511665928721,0.7550568173538907,0.012330218780221265,0.8112866246078013,0.010084611418463039,0.4938023534327787,0.024679977981871885,0.6486023590022734,0.031467340573936624,0.9499802793091995,0.028640931431411436,0.9327608306051237,0.011982998816571274,0.7751085345846416,0.017716975471790707,0.7778951444688031,0.0234186367292902,338.8,57.50391291034028,104.8,13.516656391282572,0.0,0.0,0.0,0.0,338.8,57.50391291034028,132.2,51.006862283422215,0.7357021375725276,0.038283059927949684,0.4231991844586219,0.07793892645501836,200.0,0.0,0.1,0.0,0.10076196289267159,0.13078434217493395,0.10076196289267159,0.13078434217493398,0.10076196289267159,0.13078434217493398,0.4,0.5477225575051662,0.4854127959620918,0.14085116659287214,0.4854127959620917,0.1408511665928721,0.0,0.0,10.0,0.0,,
diagnosis_fd001_candidate,chow_liu_leaf6,cmapss:FD001,diagnosis,independent | bank0:0-1-2-4-5-7-8 | gaussian_fitted,,,,,,,,,,,,,,,,,,,,,,,,,,,,,,,5,"[21, 22, 23, 24, 25]",chow_liu_leaf6,,,,,,,,,,,,,,,,,,,,,,,,,,,,,,,,,,,,,,,,,,,,,,,,,,,,,,,,,,,,,0.1,0.0,10.0,0.0,127.61893185531578,25.30780450781446,426.03398859824495,76.6885244164945,0.11764224307584863,0.16605573647386676,0.3771918147537251,0.1853274899745021,0.7068211988218559,0.01276624260284798,0.7578128038223539,0.010608272831550544,0.49772719222155126,0.018826473973826703,0.5138895025878524,0.024386700052596345,0.9032737167120948,0.02880895803831134,0.8656004871247756,0.014079004880409444,0.7735870831479718,0.020436168452875297,0.7368048145719245,0.026712555850111327,338.8,57.50391291034028,104.8,13.516656391282572,0.0,0.0,0.0,0.0,338.8,57.50391291034028,180.2,68.67823527144535,0.6446530188992566,0.03361806361340118,0.30506682938164775,0.09764392519212467,200.0,0.0,0.1,0.0,0.11764224307584858,0.16605573647386673,0.11764224307584863,0.16605573647386676,0.11764224307584863,0.16605573647386676,0.4,0.5477225575051662,0.37719181475372504,0.1853274899745021,0.3771918147537251,0.1853274899745021,0.0,0.0,10.0,0.0,,
diagnosis_fd001_candidate,chow_liu_leaf6,cmapss:FD001,diagnosis,marginal_max | bank0:0-1-2-4-5-7-8 | gaussian_fitted,,,,,,,,,,,,,,,,,,,,,,,,,,,,,,,5,"[21, 22, 23, 24, 25]",chow_liu_leaf6,,,,,,,,,,,,,,,,,,,,,,,,,,,,,,,,,,,,,,,,,,,,,,,,,,,,,,,,,,,,,0.1,0.0,10.0,0.0,60.79302507361071,19.318343515642326,257.1231731405832,12.327502205476218,0.054091568280636215,0.05381110223950202,0.26125740257743646,0.1097250635478653,0.7057917644864464,0.011676068540549084,0.7452227493476792,0.015426286172638982,0.4845764059093147,0.01787576777177564,0.5161841621712582,0.033021330841054485,0.9022229122109339,0.02322325633090615,0.8582631834683312,0.027793405704848145,0.7853831311186322,0.02898341173588713,0.7368048145719245,0.026712555850111327,338.8,57.50391291034028,104.8,13.516656391282572,0.0,0.0,0.0,0.0,338.8,57.50391291034028,227.0,52.97169055259611,0.6446530188992566,0.03361806361340118,0.22312214699610539,0.07277468542903173,200.0,0.0,0.1,0.0,0.05409156828063623,0.05381110223950203,0.054091568280636215,0.05381110223950202,0.054091568280636215,0.05381110223950202,0.4,0.5477225575051662,0.2612574025774364,0.10972506354786532,0.26125740257743646,0.1097250635478653,0.0,0.0,10.0,0.0,,
diagnosis_fd001_candidate,chow_liu_leaf6,cmapss:FD001,diagnosis,conditional_max | bank0:0-1-2-4-5-7-8 | gaussian_fitted,,,,,,,,,,,,,,,,,,,,,,,,,,,,,,,5,"[21, 22, 23, 24, 25]",chow_liu_leaf6,,,,,,,,,,,,,,,,,,,,,,,,,,,,,,,,,,,,,,,,,,,,,,,,,,,,,,,,,,,,,0.1,0.0,10.0,0.0,62.541787818846544,21.460542372165122,434.5890831135698,43.3604369193528,0.05570936850590872,0.05756300873965886,0.4128871925665244,0.1196371510496207,0.751674306899508,0.010221095530833887,0.8051466526278658,0.011172533059132315,0.4849184962012377,0.026427394838827015,0.6308973765313431,0.023889777181338386,0.9484118631249998,0.02806330089064266,0.9337191905922415,0.008540925360335992,0.7840402448971101,0.021020796621119806,0.7778951444688031,0.0234186367292902,338.8,57.50391291034028,104.8,13.516656391282572,0.0,0.0,0.0,0.0,338.8,57.50391291034028,159.4,49.66689037980937,0.7357021375725276,0.038283059927949684,0.3782395521334338,0.08541396539626661,200.0,0.0,0.1,0.0,0.05570936850590872,0.05756300873965885,0.05570936850590872,0.05756300873965886,0.05570936850590872,0.05756300873965886,0.4,0.5477225575051662,0.4128871925665244,0.11963715104962065,0.4128871925665244,0.1196371510496207,0.0,0.0,10.0,0.0,,
diagnosis_fd001_candidate,chow_liu_leaf6,cmapss:FD001,diagnosis,relational_max | bank0:0-1-2-4-5-7-8 | gaussian_fitted,,,,,,,,,,,,,,,,,,,,,,,,,,,,,,,5,"[21, 22, 23, 24, 25]",chow_liu_leaf6,,,,,,,,,,,,,,,,,,,,,,,,,,,,,,,,,,,,,,,,,,,,,,,,,,,,,,,,,,,,,0.1,0.0,10.0,0.0,4.326546114031508,1.8752855720047477,409.2848526847926,28.58040490324987,0.04524238086036887,0.04797698096233016,0.5017338571553678,0.0667011084933636,0.760867895605729,0.0188641952166077,0.8259419440133782,0.01526638785593772,0.4947982960579857,0.02489611549189698,0.7249917644113907,0.02614452316626655,0.9577424395824963,0.032273256298632105,0.942944463199028,0.011082695525691555,0.7144535746983505,0.017833395134744866,0.7446886757579539,0.02901983321891629,338.8,57.50391291034028,104.8,13.516656391282572,0.0,0.0,0.0,0.0,338.8,57.50391291034028,118.2,20.583974348992957,0.7236134463773034,0.04035617912179373,0.45964961438705176,0.05035484174269043,200.0,0.0,0.1,0.0,0.04524238086036888,0.04797698096233016,0.04524238086036887,0.04797698096233016,0.04524238086036887,0.04797698096233016,0.2,0.44721359549995804,0.501733857155368,0.0667011084933636,0.5017338571553678,0.0667011084933636,0.0,0.0,10.0,0.0,,
diagnosis_fd001_candidate,chow_liu_leaf6,cmapss:FD001,diagnosis,detector | bank0:0-1-2-4-5-7-8 | mahalanobis_refit,,,,,,,,,,,,,,,,,,,,,0.02847208480015979,0.0018707894791167095,,,,,,,,,5,"[21, 22, 23, 24, 25]",chow_liu_leaf6,,,,,,,,,,,,,,,,,,,,,0.014200736799102743,0.0025488848558109936,,,,,8.0,0.0,8.0,0.0,8.0,0.0,,,,,,,,,,,,,,,,,,,,,,,,,,,,,0.1,0.0,10.0,0.0,235.58394470214844,45.23457117476254,1590.1150787353515,129.41251724256975,0.10389695943134711,0.13377705941287651,0.48582601910258766,0.14168563540104143,0.7550792567376065,0.012415891246329547,0.8114831722287228,0.01005989771432604,0.4938207674966077,0.02470576230724332,0.6495497476017592,0.03248095258433406,0.9499197731624008,0.028274247050923042,0.9326323342028665,0.011967461263597974,0.7745765537077529,0.017966932473382144,,,,,,,,,,,,,,,,,,,200.0,0.0,0.1,0.0,0.10389695943134711,0.13377705941287651,0.10389695943134711,0.13377705941287651,0.10389695943134711,0.13377705941287651,0.4,0.5477225575051662,0.48582601910258766,0.1416856354010414,0.48582601910258766,0.14168563540104143,0.0,0.0,10.0,0.0,5.0,0.0
diagnosis_fd001_candidate,chow_liu_leaf6,cmapss:FD001,diagnosis,detector | bank0:0-1-2-4-5-7-8 | mahalanobis_impute,,,,,,,,,,,,,,,,,,,,,0.011036500000045635,0.00847871185904775,,,,,,,,,5,"[21, 22, 23, 24, 25]",chow_liu_leaf6,,,,,,,,,,,,,,,,,,,,,0.054111150799144525,0.008327724304100113,,,,,8.0,0.0,8.0,0.0,8.0,0.0,,,,,,,,,,,,,,,,,,,,,,,,,,,,,0.1,0.0,10.0,0.0,428.89777221679685,80.27511047082503,1937.6202178955077,259.78419564577894,0.05563059002091708,0.04415354671858087,0.3649417239315545,0.0501663032308954,0.7138143512159929,0.022160104508853768,0.7691568335559013,0.01899452019196634,0.5092737266758133,0.027458204096139898,0.5648338870578826,0.028102838839503274,0.9081101614033162,0.03373373672592546,0.8958131138216252,0.015897350124672235,0.7169777467784137,0.032662562471933415,,,,,,,,,,,,,,,,,,,200.0,0.0,0.1,0.0,0.05563059002091708,0.04415354671858087,0.05563059002091708,0.04415354671858087,0.05563059002091708,0.04415354671858087,0.0,0.0,0.3649417239315545,0.05016630323089544,0.3649417239315545,0.0501663032308954,0.0,0.0,10.0,0.0,1.0,0.0
diagnosis_fd001_candidate,chow_liu_leaf6,cmapss:FD001,diagnosis,detector | bank0:0-1-2-4-5-7-8 | gmm_refit,,,,,,,,,,,,,,,,,,,,,4.331570942199323,2.3662334935006464,,,,,,,,,5,"[21, 22, 23, 24, 25]",chow_liu_leaf6,,,,,,,,,,,,,,,,,,,,,0.41016035339853263,0.274484350575531,,,,,8.0,0.0,8.0,0.0,8.0,0.0,,,,,,,,,,,,,,,,,,,,,,,,,,,,,0.1,0.0,10.0,0.0,237.44969177246094,228.23872259234196,4306.369984054565,4216.331577502381,0.09296401581853747,0.048322799696449044,0.38128485007229157,0.173150573687499,0.72658791849375,0.013287732438380636,0.7577082044912606,0.02142518318398585,0.4942193617633948,0.029581466795275672,0.6188126599321156,0.02756157671617587,0.906840471100342,0.032830678264368,0.8906609912760672,0.017424880400813466,0.7457077263030379,0.02510194795956185,,,,,,,,,,,,,,,,,,,200.0,0.0,0.1,0.0,0.09296401581853748,0.048322799696449044,0.09296401581853747,0.048322799696449044,0.09296401581853747,0.048322799696449044,0.6,0.5477225575051662,0.3812848500722916,0.173150573687499,0.38128485007229157,0.173150573687499,0.0,0.0,10.0,0.0,5.0,0.0
diagnosis_fd001_candidate,chow_liu_leaf6,cmapss:FD001,diagnosis,detector | bank0:0-1-2-4-5-7-8 | gmm_impute,,,,,,,,,,,,,,,,,,,,,0.774039108598663,0.4023695888713335,,,,,,,,,5,"[21, 22, 23, 24, 25]",chow_liu_leaf6,,,,,,,,,,,,,,,,,,,,,0.010770213999785483,0.001507024971974398,,,,,8.0,0.0,8.0,0.0,8.0,0.0,,,,,,,,,,,,,,,,,,,,,,,,,,,,,0.1,0.0,10.0,0.0,329.21893310546875,84.60092015701892,1662.4402198314667,261.3364598547102,0.09127480938738634,0.08481416845471872,0.40069267739642045,0.10585332944140145,0.7095883651249715,0.01940177882713638,0.7639566471924928,0.017085508175217774,0.5067162849526463,0.023917592926588956,0.5621648866211266,0.03454142739874689,0.9055875780700167,0.0351458300217546,0.8920539233104924,0.020771572824093136,0.7086444835650404,0.035188589228100295,,,,,,,,,,,,,,,,,,,200.0,0.0,0.1,0.0,0.09127480938738636,0.08481416845471872,0.09127480938738634,0.08481416845471872,0.09127480938738634,0.08481416845471872,0.2,0.447213595499958,0.4006926773964204,0.10585332944140148,0.40069267739642045,0.10585332944140145,0.0,0.0,10.0,0.0,1.0,0.0
diagnosis_fd001_candidate,chow_liu_leaf6,cmapss:FD001,diagnosis,detector | bank0:0-1-2-4-5-7-8 | knn_refit,,,,,,,,,,,,,,,,,,,,,0.01392095540140872,0.0011941621929785905,,,,,,,,,5,"[21, 22, 23, 24, 25]",chow_liu_leaf6,,,,,,,,,,,,,,,,,,,,,0.008749506399908569,0.0014262936803142823,,,,,8.0,0.0,8.0,0.0,8.0,0.0,,,,,,,,,,,,,,,,,,,,,,,,,,,,,0.1,0.0,10.0,0.0,8.577988243103027,1.3023430758363364,8.005328273773193,1.2160469326668042,0.07860613630110094,0.08844052272934609,0.33213010890157363,0.1945985937114881,0.7341001691963587,0.010904246738329997,0.7695732517008669,0.014713642807452595,0.4972984663450174,0.029659234555466873,0.6026248398425048,0.0131301837966349,0.9315406893036673,0.026189001670385053,0.9158958504732662,0.0180979857182856,0.7459576788120722,0.02301123992328657,,,,,,,,,,,,,,,,,,,200.0,0.0,0.1,0.0,0.07860613630110096,0.08844052272934609,0.07860613630110094,0.08844052272934609,0.07860613630110094,0.08844052272934609,0.4,0.5477225575051662,0.33213010890157363,0.19459859371148805,0.33213010890157363,0.1945985937114881,0.0,0.0,10.0,0.0,5.0,0.0
diagnosis_fd001_candidate,chow_liu_leaf6,cmapss:FD001,diagnosis,detector | bank0:0-1-2-4-5-7-8 | knn_impute,,,,,,,,,,,,,,,,,,,,,0.004528263998508919,0.001059817643451371,,,,,,,,,5,"[21, 22, 23, 24, 25]",chow_liu_leaf6,,,,,,,,,,,,,,,,,,,,,0.013249234400427667,0.0020818561366480266,,,,,8.0,0.0,8.0,0.0,8.0,0.0,,,,,,,,,,,,,,,,,,,,,,,,,,,,,0.1,0.0,10.0,0.0,11.745812606811523,1.2521404179294475,8.000220489501952,1.594085435142592,0.04800582117095055,0.05560017162904503,0.21251101806324862,0.16265289157878673,0.6954477220035,0.014296847778777835,0.7193192818730952,0.019116935318089202,0.5044428006903277,0.019811242878398073,0.5411211286390503,0.025217740189799664,0.8953706743279781,0.02011865371565691,0.8760323820846911,0.01814854512955277,0.6856728264040222,0.02427649988801506,,,,,,,,,,,,,,,,,,,200.0,0.0,0.1,0.0,0.04800582117095055,0.05560017162904502,0.04800582117095055,0.05560017162904503,0.04800582117095055,0.05560017162904503,0.2,0.447213595499958,0.21251101806324862,0.16265289157878668,0.21251101806324862,0.16265289157878673,0.0,0.0,10.0,0.0,1.0,0.0
diagnosis_fd001_candidate,chow_liu_leaf6,cmapss:FD001,diagnosis,query bank1:3 | circuit,,,,,,,,,,,,,,,,,,,,,,,,,,,,,,,5,"[21, 22, 23, 24, 25]",chow_liu_leaf6,,,,,,,,,,,,,,,,,,,0.0,0.0,1.5142716482005198,0.3614368444861594,0.3713856106005551,0.07413270611519503,887.2,135.73945631245175,14.0,0.0,14.0,0.0,14.0,0.0,58.0,0.0,1387418.0,0.0,0.0,0.0,1.0,0.0,0.0,0.0,615458624.8,94163682.4990546,0.0,0.0,13308.0,2036.0918446867763,0.0,0.0,19.4602352142334,10.10503803366321,19.576119041442873,10.091462510520412,11.127240753173828,6.6497017561034895,2.912767219543457,1.9707180612497939,38.59261016845703,20.149388169804016,,,,,,,,,,,,,,,,,,,,,,,,,,,,,,,,,,,,,,,,,,,,,,,,,,,,,,,,,,,,,,,,,,
diagnosis_fd001_candidate,chow_liu_leaf6,cmapss:FD001,diagnosis,joint | bank1:3 | circuit,,,,,,,,,,,,,,,,,,,,,,,,,,,,,,,5,"[21, 22, 23, 24, 25]",chow_liu_leaf6,,,,,,,,,,,,,,,,,,,,,,,,,,,,,,,,,,,,,,,,,,,,,,,,,,,,,,,,,,,,,0.1,0.0,10.0,0.0,145.62334899902345,19.55076966812158,4331.621801757812,3434.0212459577156,0.05856367916860046,0.06631102517990103,0.5751797635753728,0.08854147727381925,0.8222267446562211,0.015658554536471202,0.8680877628845718,0.011929893722588462,0.5089175008382334,0.023857487059983987,0.7108747321670759,0.051907186553605295,0.9984182748037436,0.0012830284180123214,0.9992976717741004,0.0009205266514761908,0.9163601817339838,0.023976468970483743,0.7528843077309816,0.025112993477853913,435.6,67.70007385520344,8.0,2.8284271247461903,0.0,0.0,0.0,0.0,435.6,67.70007385520344,178.4,35.70434147271169,0.7150453112309917,0.028920159680091477,0.5541347805550457,0.06927921155502506,200.0,0.0,0.1,0.0,0.05856367916860047,0.06631102517990105,0.05856367916860046,0.06631102517990103,0.05856367916860046,0.06631102517990103,0.4,0.5477225575051662,0.5751797635753729,0.08854147727381922,0.5751797635753728,0.08854147727381925,0.0,0.0,10.0,0.0,,
diagnosis_fd001_candidate,chow_liu_leaf6,cmapss:FD001,diagnosis,independent | bank1:3 | circuit,,,,,,,,,,,,,,,,,,,,,,,,,,,,,,,5,"[21, 22, 23, 24, 25]",chow_liu_leaf6,,,,,,,,,,,,,,,,,,,,,,,,,,,,,,,,,,,,,,,,,,,,,,,,,,,,,,,,,,,,,0.1,0.0,10.0,0.0,172.71283264160155,53.40323180057269,4283.091967773437,3438.209287877895,0.10942178366468644,0.10278328665642927,0.5206017838999439,0.1415404763269269,0.7665879299496063,0.026185057736411246,0.8209654986379082,0.023633831494019132,0.5128211333594435,0.018592851738753465,0.4972686987064427,0.01914408426227956,0.9854482247750891,0.012052942688030657,0.9796953564948048,0.01552135037355989,0.88077485546465,0.057226857575159606,0.688081446344788,0.0344690831744014,435.6,67.70007385520344,8.0,2.8284271247461903,0.0,0.0,0.0,0.0,435.6,67.70007385520344,200.8,50.41527546289914,0.6351521952682818,0.04022470399043313,0.4753843621982098,0.10179894665481991,200.0,0.0,0.1,0.0,0.10942178366468643,0.10278328665642927,0.10942178366468644,0.10278328665642927,0.10942178366468644,0.10278328665642927,0.6,0.5477225575051662,0.5206017838999439,0.14154047632692696,0.5206017838999439,0.1415404763269269,0.0,0.0,10.0,0.0,,
diagnosis_fd001_candidate,chow_liu_leaf6,cmapss:FD001,diagnosis,marginal_max | bank1:3 | circuit,,,,,,,,,,,,,,,,,,,,,,,,,,,,,,,5,"[21, 22, 23, 24, 25]",chow_liu_leaf6,,,,,,,,,,,,,,,,,,,,,,,,,,,,,,,,,,,,,,,,,,,,,,,,,,,,,,,,,,,,,0.1,0.0,10.0,0.0,28.880727005004882,3.01793637393322,3866.7262634277345,3514.9547312132336,0.11696690874230824,0.06865333401223918,0.6231375675551576,0.033543803264818414,0.7884820982393338,0.02163769475748336,0.8510564645781825,0.017594932368593465,0.4893281677831345,0.014393751189459604,0.5039092645213883,0.021324310211737023,0.9990250715899622,0.0016506959981148225,0.9978577612706274,0.00255261546670957,0.9711166233309847,0.01314460632951898,0.688081446344788,0.0344690831744014,435.6,67.70007385520344,8.0,2.8284271247461903,0.0,0.0,0.0,0.0,435.6,67.70007385520344,158.6,21.23205124334434,0.6351521952682818,0.04022470399043313,0.5754899846661425,0.03681840515196504,200.0,0.0,0.1,0.0,0.11696690874230824,0.06865333401223916,0.11696690874230824,0.06865333401223918,0.11696690874230824,0.06865333401223918,0.8,0.4472135954999579,0.6231375675551576,0.033543803264818414,0.6231375675551576,0.033543803264818414,0.0,0.0,10.0,0.0,,
diagnosis_fd001_candidate,chow_liu_leaf6,cmapss:FD001,diagnosis,conditional_max | bank1:3 | circuit,,,,,,,,,,,,,,,,,,,,,,,,,,,,,,,5,"[21, 22, 23, 24, 25]",chow_liu_leaf6,,,,,,,,,,,,,,,,,,,,,,,,,,,,,,,,,,,,,,,,,,,,,,,,,,,,,,,,,,,,,0.1,0.0,10.0,0.0,27.33629455566406,2.486360237634282,3870.282751464844,3516.3069405794768,0.10990563863238316,0.13226697484193295,0.6913343137949003,0.04618706538801561,0.8336189917388891,0.016816622271449245,0.885684013101321,0.012597370638456722,0.4770945130518699,0.023233793655116155,0.7331133161702074,0.02775525636288224,1.0,0.0,0.9999873701493479,2.8241204603595554e-05,0.978184532292466,0.008883255795337018,0.7528843077309816,0.025112993477853913,435.6,67.70007385520344,8.0,2.8284271247461903,0.0,0.0,0.0,0.0,435.6,67.70007385520344,131.6,34.26076473168688,0.7150453112309917,0.028920159680091477,0.6538893304521329,0.023493724661046607,200.0,0.0,0.1,0.0,0.10990563863238316,0.13226697484193295,0.10990563863238316,0.13226697484193295,0.10990563863238316,0.13226697484193295,0.4,0.5477225575051662,0.6913343137949003,0.0461870653880156,0.6913343137949003,0.04618706538801561,0.0,0.0,10.0,0.0,,
diagnosis_fd001_candidate,chow_liu_leaf6,cmapss:FD001,diagnosis,relational_max | bank1:3 | circuit,,,,,,,,,,,,,,,,,,,,,,,,,,,,,,,5,"[21, 22, 23, 24, 25]",chow_liu_leaf6,,,,,,,,,,,,,,,,,,,,,,,,,,,,,,,,,,,,,,,,,,,,,,,,,,,,,,,,,,,,,0.1,0.0,10.0,0.0,4.6029863357543945,1.8677514160360218,139.33059387207032,40.332896338950746,0.08240843489867102,0.08377211288190982,0.5232193557851136,0.06909548636240888,0.7669482551430344,0.015683254224731373,0.8249244285961062,0.01404567688698029,0.4946918083322722,0.029279662242335934,0.8089935238844077,0.03435296884946388,0.9792043302547155,0.011282587622007295,0.9620821727795988,0.018713462937373214,0.6281800894406739,0.042250824387971196,0.5700623046227161,0.02474646772733148,435.6,67.70007385520344,8.0,2.8284271247461903,0.0,0.0,9.8,9.338094023943002,425.8,60.70172979413354,199.4,50.14778160596937,0.5588718351376074,0.03757793395392148,0.43431264636783196,0.03637757083264112,200.0,0.0,0.1,0.0,0.082408434898671,0.08377211288190982,0.08240843489867102,0.08377211288190982,0.08240843489867102,0.08377211288190982,0.2,0.44721359549995804,0.5232193557851135,0.06909548636240886,0.5232193557851136,0.06909548636240888,0.0,0.0,10.0,0.0,,
diagnosis_fd001_candidate,chow_liu_leaf6,cmapss:FD001,diagnosis,query bank1:3 | gaussian_fitted,,,,,,,,,,,,,,,,,,,,,,,,,,,,,,,5,"[21, 22, 23, 24, 25]",chow_liu_leaf6,,,,,,,,,,,,,,,,,,,0.0,0.0,0.7569613031999325,0.12439737731112847,0.006928951600275468,0.00039466123144204026,887.2,135.73945631245175,14.0,0.0,14.0,0.0,14.0,0.0,58.0,0.0,8400.0,0.0,0.0,0.0,1.0,0.0,0.0,0.0,3726240.0,570105.7165122974,0.0,0.0,13308.0,2036.0918446867763,32941280.0,0.0,13.829807992186627,1.432303512910839,13.850512566130968,1.4173040777075585,6.293937263887662,0.5550809145075285,4.091085905442183,1.2411527416204453,24.029409545880593,2.3644771832079403,,,,,,,,,,,,,,,,,,,,,,,,,,,,,,,,,,,,,,,,,,,,,,,,,,,,,,,,,,,,,,,,,,
diagnosis_fd001_candidate,chow_liu_leaf6,cmapss:FD001,diagnosis,joint | bank1:3 | gaussian_fitted,,,,,,,,,,,,,,,,,,,,,,,,,,,,,,,5,"[21, 22, 23, 24, 25]",chow_liu_leaf6,,,,,,,,,,,,,,,,,,,,,,,,,,,,,,,,,,,,,,,,,,,,,,,,,,,,,,,,,,,,,0.1,0.0,10.0,0.0,175.46968246994504,9.933712724027437,1001.9506510039322,57.82208646202092,0.09718226702030278,0.13245159602146905,0.6733326459934593,0.05559830910771534,0.8428089170631029,0.015825351936826413,0.8894354956051813,0.011019957739275702,0.5057209207694529,0.020859437499017933,0.7748356146062872,0.021336087784383968,0.9999727116794013,6.101853985066384e-05,0.9999089466050644,0.00014160714232238028,0.9549241982176128,0.010828920649697042,0.755003279095048,0.026847905212708745,435.6,67.70007385520344,8.0,2.8284271247461903,0.0,0.0,0.0,0.0,435.6,67.70007385520344,140.0,39.395431207184416,0.7268036901025592,0.03206638482201942,0.6389789474132829,0.02349225592387593,200.0,0.0,0.1,0.0,0.09718226702030278,0.13245159602146905,0.09718226702030278,0.13245159602146905,0.09718226702030278,0.13245159602146905,0.2,0.44721359549995804,0.6733326459934594,0.05559830910771539,0.6733326459934593,0.05559830910771534,0.0,0.0,10.0,0.0,,
diagnosis_fd001_candidate,chow_liu_leaf6,cmapss:FD001,diagnosis,independent | bank1:3 | gaussian_fitted,,,,,,,,,,,,,,,,,,,,,,,,,,,,,,,5,"[21, 22, 23, 24, 25]",chow_liu_leaf6,,,,,,,,,,,,,,,,,,,,,,,,,,,,,,,,,,,,,,,,,,,,,,,,,,,,,,,,,,,,,0.1,0.0,10.0,0.0,184.3118072803679,9.030996866103484,441.61081219471106,49.16690304297819,0.12149974174693975,0.14146509489078032,0.5907307280680463,0.07474818439605313,0.7823124791808986,0.021961635157109492,0.8405497109667165,0.015573967121153458,0.51337122899563,0.019063563586438348,0.5055058074580214,0.01525308557314401,0.9913734053284109,0.005056623635246331,0.9708783748930887,0.009528683338756403,0.9500436206088055,0.01420738621512792,0.6808779778991558,0.03127074209151927,435.6,67.70007385520344,8.0,2.8284271247461903,0.0,0.0,0.0,0.0,435.6,67.70007385520344,177.2,50.25136814057902,0.6266327034859178,0.03521645716713375,0.5403309597775606,0.03351865433283612,200.0,0.0,0.1,0.0,0.12149974174693974,0.14146509489078032,0.12149974174693975,0.14146509489078032,0.12149974174693975,0.14146509489078032,0.4,0.5477225575051662,0.5907307280680463,0.074748184396053,0.5907307280680463,0.07474818439605313,0.0,0.0,10.0,0.0,,
diagnosis_fd001_candidate,chow_liu_leaf6,cmapss:FD001,diagnosis,marginal_max | bank1:3 | gaussian_fitted,,,,,,,,,,,,,,,,,,,,,,,,,,,,,,,5,"[21, 22, 23, 24, 25]",chow_liu_leaf6,,,,,,,,,,,,,,,,,,,,,,,,,,,,,,,,,,,,,,,,,,,,,,,,,,,,,,,,,,,,,0.1,0.0,10.0,0.0,27.65258191539789,2.134426073855957,254.59622004333224,11.868428831728963,0.1500121554915786,0.12677847229010691,0.6352616075845308,0.04455271707021959,0.7876442454563197,0.02262486632369034,0.8494976040768616,0.017195166880697124,0.48707164878309095,0.0198316580379803,0.5102898132198126,0.03425398792796018,0.9990369578224476,0.0005371255191184234,0.9667175946593767,0.007711318356939908,0.9925027869354363,0.0033892295941846617,0.6808779778991558,0.03127074209151927,435.6,67.70007385520344,8.0,2.8284271247461903,0.0,0.0,0.0,0.0,435.6,67.70007385520344,155.8,33.1617249249794,0.6266327034859178,0.03521645716713375,0.5726436302883212,0.030865411768415747,200.0,0.0,0.1,0.0,0.1500121554915786,0.12677847229010694,0.1500121554915786,0.12677847229010691,0.1500121554915786,0.12677847229010691,0.6,0.5477225575051662,0.6352616075845308,0.04455271707021958,0.6352616075845308,0.04455271707021959,0.0,0.0,10.0,0.0,,
diagnosis_fd001_candidate,chow_liu_leaf6,cmapss:FD001,diagnosis,conditional_max | bank1:3 | gaussian_fitted,,,,,,,,,,,,,,,,,,,,,,,,,,,,,,,5,"[21, 22, 23, 24, 25]",chow_liu_leaf6,,,,,,,,,,,,,,,,,,,,,,,,,,,,,,,,,,,,,,,,,,,,,,,,,,,,,,,,,,,,,0.1,0.0,10.0,0.0,27.56663911423997,2.538299612334466,489.1185863610267,39.76044555859359,0.1711161324524209,0.1352394792517278,0.735927907767587,0.03751108672814273,0.8423173300400222,0.017403569718460563,0.8920796220161717,0.011703355496909965,0.4916395251626092,0.026902812216157184,0.74767243875514,0.02258313994979161,1.0,0.0,1.0,0.0,0.991215514240803,0.00423885090379081,0.755003279095048,0.026847905212708745,435.6,67.70007385520344,8.0,2.8284271247461903,0.0,0.0,0.0,0.0,435.6,67.70007385520344,111.8,27.562655895250735,0.7268036901025592,0.03206638482201942,0.6802319531340817,0.02100034339877165,200.0,0.0,0.1,0.0,0.17111613245242088,0.13523947925172777,0.1711161324524209,0.1352394792517278,0.1711161324524209,0.1352394792517278,0.6,0.5477225575051662,0.735927907767587,0.037511086728142747,0.735927907767587,0.03751108672814273,0.0,0.0,10.0,0.0,,
diagnosis_fd001_candidate,chow_liu_leaf6,cmapss:FD001,diagnosis,relational_max | bank1:3 | gaussian_fitted,,,,,,,,,,,,,,,,,,,,,,,,,,,,,,,5,"[21, 22, 23, 24, 25]",chow_liu_leaf6,,,,,,,,,,,,,,,,,,,,,,,,,,,,,,,,,,,,,,,,,,,,,,,,,,,,,,,,,,,,,0.1,0.0,10.0,0.0,4.855882776457371,2.3827861237141694,479.7179111146823,57.717765804498185,0.11116622720282052,0.1264218556363764,0.6618275566700313,0.08572460983546293,0.8339348854505177,0.01592564704321187,0.8835972342363295,0.012499239735429593,0.48987290019031005,0.022070713374890256,0.8513715179534282,0.03062597800514851,0.9999778270509978,4.958022123059856e-05,0.9999179059707618,0.0001835678299232718,0.8557535533441254,0.03260644578865802,0.7176962893257264,0.029543610384511636,435.6,67.70007385520344,8.0,2.8284271247461903,0.0,0.0,0.2,0.447213595499958,435.4,67.56330364924439,138.2,18.99210362229524,0.7035952001642471,0.03861312786777675,0.6083722146432572,0.05687857539609253,200.0,0.0,0.1,0.0,0.11116622720282052,0.1264218556363764,0.11116622720282052,0.1264218556363764,0.11116622720282052,0.1264218556363764,0.4,0.5477225575051662,0.6618275566700313,0.08572460983546304,0.6618275566700313,0.08572460983546293,0.0,0.0,10.0,0.0,,
diagnosis_fd001_candidate,chow_liu_leaf6,cmapss:FD001,diagnosis,detector | bank1:3 | mahalanobis_refit,,,,,,,,,,,,,,,,,,,,,0.03592960500027402,0.0022256606464651635,,,,,,,,,5,"[21, 22, 23, 24, 25]",chow_liu_leaf6,,,,,,,,,,,,,,,,,,,,,0.04024005360042793,0.008563192366214264,,,,,14.0,0.0,14.0,0.0,14.0,0.0,,,,,,,,,,,,,,,,,,,,,,,,,,,,,0.1,0.0,10.0,0.0,347.23251953125,19.968376553754798,2130.479107666016,127.49458226217716,0.10050764031325139,0.14233677271558184,0.6780732865555172,0.06447389044930911,0.8424365318885474,0.01567975574738192,0.8890806353127229,0.010876498023458376,0.5057236050766833,0.02029419805097477,0.7745181061061691,0.021261255572369735,0.9999727116794013,6.101853985066384e-05,0.9999046455297955,0.00015044806188200938,0.953519623416866,0.011251805952614864,,,,,,,,,,,,,,,,,,,200.0,0.0,0.1,0.0,0.10050764031325139,0.14233677271558184,0.10050764031325139,0.14233677271558184,0.10050764031325139,0.14233677271558184,0.2,0.44721359549995804,0.6780732865555172,0.06447389044930914,0.6780732865555172,0.06447389044930911,0.0,0.0,10.0,0.0,6.0,0.0
diagnosis_fd001_candidate,chow_liu_leaf6,cmapss:FD001,diagnosis,detector | bank1:3 | mahalanobis_impute,,,,,,,,,,,,,,,,,,,,,0.011036500000045635,0.00847871185904775,,,,,,,,,5,"[21, 22, 23, 24, 25]",chow_liu_leaf6,,,,,,,,,,,,,,,,,,,,,0.054269520199886755,0.00854719573757661,,,,,14.0,0.0,14.0,0.0,14.0,0.0,,,,,,,,,,,,,,,,,,,,,,,,,,,,,0.1,0.0,10.0,0.0,349.9653381347656,20.008137458572506,2142.029650878906,128.6311726841749,0.09978450839918473,0.13899308460741996,0.677262477294089,0.06513013198674751,0.8424427975416993,0.015672130491175697,0.8889498087836459,0.010903812207707744,0.507294870970121,0.02041814983349408,0.7733646515529579,0.021335407765978052,0.9999688133478871,6.973547411508693e-05,0.9999089466050644,0.00014160714232238028,0.9531668019664332,0.01115460175603044,,,,,,,,,,,,,,,,,,,200.0,0.0,0.1,0.0,0.09978450839918473,0.13899308460742,0.09978450839918473,0.13899308460741996,0.09978450839918473,0.13899308460741996,0.2,0.44721359549995804,0.6772624772940888,0.06513013198674751,0.677262477294089,0.06513013198674751,0.0,0.0,10.0,0.0,1.0,0.0
diagnosis_fd001_candidate,chow_liu_leaf6,cmapss:FD001,diagnosis,detector | bank1:3 | gmm_refit,,,,,,,,,,,,,,,,,,,,,4.810557928399794,2.3750380645774367,,,,,,,,,5,"[21, 22, 23, 24, 25]",chow_liu_leaf6,,,,,,,,,,,,,,,,,,,,,0.4873712105989398,0.16110674092764693,,,,,14.0,0.0,14.0,0.0,14.0,0.0,,,,,,,,,,,,,,,,,,,,,,,,,,,,,0.1,0.0,10.0,0.0,298.00530395507815,28.819852233647737,1915.5416778564454,216.83904304340157,0.1058198033580057,0.06234094488496296,0.6458726919392973,0.043539051786555365,0.8282982226595639,0.014924369466421877,0.8755667674873525,0.010131068484952831,0.5221823827220639,0.024155048661617377,0.7228136237350788,0.019980161423550902,0.9980121245283863,0.0037857176029785986,0.997768097115548,0.00399829376697208,0.9230551964371173,0.017242849786652675,,,,,,,,,,,,,,,,,,,200.0,0.0,0.1,0.0,0.1058198033580057,0.06234094488496296,0.1058198033580057,0.06234094488496296,0.1058198033580057,0.06234094488496296,0.4,0.5477225575051662,0.6458726919392973,0.043539051786555365,0.6458726919392973,0.043539051786555365,0.0,0.0,10.0,0.0,6.0,0.0
diagnosis_fd001_candidate,chow_liu_leaf6,cmapss:FD001,diagnosis,detector | bank1:3 | gmm_impute,,,,,,,,,,,,,,,,,,,,,0.774039108598663,0.4023695888713335,,,,,,,,,5,"[21, 22, 23, 24, 25]",chow_liu_leaf6,,,,,,,,,,,,,,,,,,,,,0.00948103499977151,0.0031513560769086475,,,,,14.0,0.0,14.0,0.0,14.0,0.0,,,,,,,,,,,,,,,,,,,,,,,,,,,,,0.1,0.0,10.0,0.0,322.2718078613281,49.910457810122125,2039.3684509277343,247.52323122519502,0.17493963177645044,0.0885639595503621,0.6958418921760604,0.04632562441356042,0.8255565677131381,0.016402267579756834,0.873641485886058,0.010655210118720136,0.5288533984864275,0.020167353206290074,0.7079317247090811,0.030506612809447827,0.9980518823863147,0.002072274846379289,0.9987685622372083,0.0012484635678158271,0.9163283949592425,0.023480257098825872,,,,,,,,,,,,,,,,,,,200.0,0.0,0.1,0.0,0.1749396317764504,0.08856395955036211,0.17493963177645044,0.0885639595503621,0.17493963177645044,0.0885639595503621,0.8,0.4472135954999579,0.6958418921760604,0.04632562441356045,0.6958418921760604,0.04632562441356042,0.0,0.0,10.0,0.0,1.0,0.0
diagnosis_fd001_candidate,chow_liu_leaf6,cmapss:FD001,diagnosis,detector | bank1:3 | knn_refit,,,,,,,,,,,,,,,,,,,,,0.01710932020068867,0.0012138886456990418,,,,,,,,,5,"[21, 22, 23, 24, 25]",chow_liu_leaf6,,,,,,,,,,,,,,,,,,,,,0.0165123261998815,0.003501091545334947,,,,,14.0,0.0,14.0,0.0,14.0,0.0,,,,,,,,,,,,,,,,,,,,,,,,,,,,,0.1,0.0,10.0,0.0,10.368518829345703,0.3005874031345569,7.664625358581543,0.38642294193366405,0.06671986122835305,0.06473098937292414,0.6102130230702022,0.064691123785912,0.8246420005850391,0.016503485732268345,0.8748059869117645,0.011625842702240286,0.4922836370871204,0.03744569460683793,0.7038811869677666,0.021027570275298817,0.9999272158947556,0.00010341188223842293,0.9996241580582204,0.0007416081697183816,0.948314584616473,0.01322962438517162,,,,,,,,,,,,,,,,,,,200.0,0.0,0.1,0.0,0.06671986122835305,0.06473098937292414,0.06671986122835305,0.06473098937292414,0.06671986122835305,0.06473098937292414,0.4,0.5477225575051662,0.6102130230702022,0.06469112378591196,0.6102130230702022,0.064691123785912,0.0,0.0,10.0,0.0,6.0,0.0
diagnosis_fd001_candidate,chow_liu_leaf6,cmapss:FD001,diagnosis,detector | bank1:3 | knn_impute,,,,,,,,,,,,,,,,,,,,,0.004528263998508919,0.001059817643451371,,,,,,,,,5,"[21, 22, 23, 24, 25]",chow_liu_leaf6,,,,,,,,,,,,,,,,,,,,,0.013024399999994784,0.0018132270897560946,,,,,14.0,0.0,14.0,0.0,14.0,0.0,,,,,,,,,,,,,,,,,,,,,,,,,,,,,0.1,0.0,10.0,0.0,10.494676208496093,0.254271476831756,7.691052055358886,0.44204826041512696,0.05511741289003976,0.057157208565993795,0.5942524908534054,0.054764678083447385,0.8204675785540413,0.015590655164855057,0.8707084238226704,0.01221602425566281,0.4890104284541047,0.033155192654666175,0.6974689106544183,0.02315790298794631,0.999723226036856,0.0001941326884887191,0.999389116082029,0.0008969870666115209,0.9389626661294773,0.017674140354181085,,,,,,,,,,,,,,,,,,,200.0,0.0,0.1,0.0,0.05511741289003976,0.05715720856599381,0.05511741289003976,0.057157208565993795,0.05511741289003976,0.057157208565993795,0.2,0.44721359549995804,0.5942524908534055,0.05476467808344734,0.5942524908534054,0.054764678083447385,0.0,0.0,10.0,0.0,1.0,0.0
diagnosis_fd001_candidate,chow_liu_leaf6,cmapss:FD001,diagnosis,query bank2:6-10 | circuit,,,,,,,,,,,,,,,,,,,,,,,,,,,,,,,5,"[21, 22, 23, 24, 25]",chow_liu_leaf6,,,,,,,,,,,,,,,,,,,0.0,0.0,1.441643055199529,0.3452817961229161,0.3491288273995451,0.07051254648384368,887.2,135.73945631245175,13.0,0.0,13.0,0.0,13.0,0.0,54.0,0.0,1291734.0,0.0,0.0,0.0,1.0,0.0,0.0,0.0,573013202.4,87669635.43015428,0.0,0.0,13308.0,2036.0918446867763,0.0,0.0,16.44964771270752,9.326984789516597,16.67819538116455,9.274500337017855,10.521535778045655,6.42996432598571,0.9067041665315628,1.5728616612274633,33.92918815612793,19.1784266710383,,,,,,,,,,,,,,,,,,,,,,,,,,,,,,,,,,,,,,,,,,,,,,,,,,,,,,,,,,,,,,,,,,
diagnosis_fd001_candidate,chow_liu_leaf6,cmapss:FD001,diagnosis,joint | bank2:6-10 | circuit,,,,,,,,,,,,,,,,,,,,,,,,,,,,,,,5,"[21, 22, 23, 24, 25]",chow_liu_leaf6,,,,,,,,,,,,,,,,,,,,,,,,,,,,,,,,,,,,,,,,,,,,,,,,,,,,,,,,,,,,,0.1,0.0,10.0,0.0,62.49898071289063,15.556486371550829,4600.3524169921875,3289.0481139909407,0.09072298525625229,0.07477055512705988,0.5973620601988664,0.07178270940781017,0.8095137267594176,0.0176699196892766,0.858164926689037,0.015045366243551118,0.5061201470582744,0.029152925395491244,0.6799916017746759,0.03673261588340656,0.9951654351554933,0.004724397540432381,0.9954350504095422,0.004269547333915408,0.8933407784814633,0.033918729737135334,0.7529521278178833,0.027009029956173262,422.4,66.0779842307557,21.2,3.5637059362410923,0.0,0.0,0.0,0.0,422.4,66.0779842307557,157.2,33.4619186538967,0.7142669593367227,0.0291829209924316,0.5626947023902433,0.04635916876382668,200.0,0.0,0.1,0.0,0.09072298525625228,0.07477055512705985,0.09072298525625229,0.07477055512705988,0.09072298525625229,0.07477055512705988,0.4,0.5477225575051662,0.5973620601988664,0.07178270940781022,0.5973620601988664,0.07178270940781017,0.0,0.0,10.0,0.0,,
diagnosis_fd001_candidate,chow_liu_leaf6,cmapss:FD001,diagnosis,independent | bank2:6-10 | circuit,,,,,,,,,,,,,,,,,,,,,,,,,,,,,,,5,"[21, 22, 23, 24, 25]",chow_liu_leaf6,,,,,,,,,,,,,,,,,,,,,,,,,,,,,,,,,,,,,,,,,,,,,,,,,,,,,,,,,,,,,0.1,0.0,10.0,0.0,93.64306030273437,38.03919092453867,4555.8013671875,3278.2523481739345,0.07720653329981252,0.06761587614648686,0.4790708140241703,0.08792054673570515,0.7606073412997145,0.0260820849585229,0.814787276039044,0.023145635059375287,0.5073695549519119,0.01998677125731654,0.503895706247763,0.021897663325175423,0.9816027424574963,0.005776387112457528,0.9777314130412232,0.007983726200066765,0.8562044313565224,0.05149198427668943,0.6887378984493522,0.036761135917141884,422.4,66.0779842307557,21.2,3.5637059362410923,0.0,0.0,0.0,0.0,422.4,66.0779842307557,209.2,41.40893623361991,0.6350101864857033,0.04044276415050083,0.44785419434785306,0.06569951289646472,200.0,0.0,0.1,0.0,0.07720653329981256,0.06761587614648688,0.07720653329981252,0.06761587614648686,0.07720653329981252,0.06761587614648686,0.4,0.5477225575051662,0.4790708140241703,0.0879205467357051,0.4790708140241703,0.08792054673570515,0.0,0.0,10.0,0.0,,
diagnosis_fd001_candidate,chow_liu_leaf6,cmapss:FD001,diagnosis,marginal_max | bank2:6-10 | circuit,,,,,,,,,,,,,,,,,,,,,,,,,,,,,,,5,"[21, 22, 23, 24, 25]",chow_liu_leaf6,,,,,,,,,,,,,,,,,,,,,,,,,,,,,,,,,,,,,,,,,,,,,,,,,,,,,,,,,,,,,0.1,0.0,10.0,0.0,28.880727005004882,3.01793637393322,3886.692950439453,3491.52619605658,0.11656690874230824,0.06828650803590987,0.6053072196143031,0.03360539509246549,0.7786943915885326,0.023644663726841444,0.8431888833890963,0.01847962589796988,0.48929679523411485,0.014414220370906483,0.5044203756324993,0.022276174452848796,0.9958886452574671,0.0036376171623716583,0.9950420922635882,0.003255837371378259,0.9312234242340093,0.032353438959458046,0.6887378984493522,0.036761135917141884,422.4,66.0779842307557,21.2,3.5637059362410923,0.0,0.0,0.0,0.0,422.4,66.0779842307557,154.2,18.102486017119308,0.6350101864857033,0.04044276415050083,0.5563926972371013,0.035528290191747566,200.0,0.0,0.1,0.0,0.11656690874230824,0.06828650803590987,0.11656690874230824,0.06828650803590987,0.11656690874230824,0.06828650803590987,0.8,0.4472135954999579,0.6053072196143032,0.033605395092465455,0.6053072196143031,0.03360539509246549,0.0,0.0,10.0,0.0,,
diagnosis_fd001_candidate,chow_liu_leaf6,cmapss:FD001,diagnosis,conditional_max | bank2:6-10 | circuit,,,,,,,,,,,,,,,,,,,,,,,,,,,,,,,5,"[21, 22, 23, 24, 25]",chow_liu_leaf6,,,,,,,,,,,,,,,,,,,,,,,,,,,,,,,,,,,,,,,,,,,,,,,,,,,,,,,,,,,,,0.1,0.0,10.0,0.0,27.391791534423827,2.560831655429387,3899.1425903320314,3481.576405415811,0.11034136847987772,0.13200612637179265,0.6679169190348991,0.05024712191062468,0.8197393354575484,0.017222545079256676,0.8750829736328019,0.012936933050107511,0.47643239276561483,0.022436078934154884,0.7066501972364637,0.017391267344167398,0.9980184514201473,0.0032224948183823257,0.9972506972390536,0.0039897967309456325,0.9425188572671994,0.02436040937671767,0.7529521278178833,0.027009029956173262,422.4,66.0779842307557,21.2,3.5637059362410923,0.0,0.0,0.0,0.0,422.4,66.0779842307557,130.6,32.02030605725061,0.7142669593367227,0.0291829209924316,0.631118066668431,0.021745113252723196,200.0,0.0,0.1,0.0,0.1103413684798777,0.13200612637179265,0.11034136847987772,0.13200612637179265,0.11034136847987772,0.13200612637179265,0.4,0.5477225575051662,0.667916919034899,0.050247121910624706,0.6679169190348991,0.05024712191062468,0.0,0.0,10.0,0.0,,
diagnosis_fd001_candidate,chow_liu_leaf6,cmapss:FD001,diagnosis,relational_max | bank2:6-10 | circuit,,,,,,,,,,,,,,,,,,,,,,,,,,,,,,,5,"[21, 22, 23, 24, 25]",chow_liu_leaf6,,,,,,,,,,,,,,,,,,,,,,,,,,,,,,,,,,,,,,,,,,,,,,,,,,,,,,,,,,,,,0.1,0.0,10.0,0.0,5.517391586303711,3.244609920012893,124.57324981689453,31.74269439720111,0.06891147099501391,0.09377188152311125,0.48379432344906553,0.09205358402544457,0.756682769892668,0.01674584156802546,0.8154501748976756,0.014985045464451048,0.4994371316013053,0.029030982387880138,0.7632780777913742,0.01438732178079393,0.9561831405858706,0.015876664523627446,0.9497280649873874,0.021427208477406395,0.6467857577656494,0.025679090533383905,0.6000649705486454,0.03028581753791695,422.4,66.0779842307557,21.2,3.5637059362410923,0.0,0.0,0.0,0.0,422.4,66.0779842307557,212.2,58.793707146258434,0.5849182690196532,0.033268587988871993,0.436553444326966,0.045361458532480865,200.0,0.0,0.1,0.0,0.06891147099501392,0.0937718815231113,0.06891147099501391,0.09377188152311125,0.06891147099501391,0.09377188152311125,0.2,0.44721359549995804,0.4837943234490655,0.09205358402544461,0.48379432344906553,0.09205358402544457,0.0,0.0,10.0,0.0,,
diagnosis_fd001_candidate,chow_liu_leaf6,cmapss:FD001,diagnosis,query bank2:6-10 | gaussian_fitted,,,,,,,,,,,,,,,,,,,,,,,,,,,,,,,5,"[21, 22, 23, 24, 25]",chow_liu_leaf6,,,,,,,,,,,,,,,,,,,0.0,0.0,0.6105615524000314,0.09000526336879434,0.00611217640034738,0.00016395289075209275,887.2,135.73945631245175,13.0,0.0,13.0,0.0,13.0,0.0,54.0,0.0,7280.0,0.0,0.0,0.0,1.0,0.0,0.0,0.0,3229408.0,494091.62097732443,0.0,0.0,13308.0,2036.0918446867763,39499520.0,0.0,11.648399112815321,1.1855698052092518,11.69603048653887,1.18292832672761,5.833936396680959,0.6236309258688137,2.6815938216685735,0.8730526438238314,21.438143462473825,2.185680211647037,,,,,,,,,,,,,,,,,,,,,,,,,,,,,,,,,,,,,,,,,,,,,,,,,,,,,,,,,,,,,,,,,,
diagnosis_fd001_candidate,chow_liu_leaf6,cmapss:FD001,diagnosis,joint | bank2:6-10 | gaussian_fitted,,,,,,,,,,,,,,,,,,,,,,,,,,,,,,,5,"[21, 22, 23, 24, 25]",chow_liu_leaf6,,,,,,,,,,,,,,,,,,,,,,,,,,,,,,,,,,,,,,,,,,,,,,,,,,,,,,,,,,,,,0.1,0.0,10.0,0.0,224.96906183575092,16.890455170790702,581.5464569458511,55.50096467331425,0.0657763493843313,0.07205147813781167,0.5572143272693626,0.08601017956308274,0.8084115389660502,0.015510400592878604,0.8565465200689161,0.013082647386254937,0.4887817479778338,0.019569948555540922,0.704083229400972,0.025439140266540403,0.9949221770479515,0.0023323495056017983,0.9917357023027827,0.008323039090010672,0.8836043526746369,0.024827307744723172,0.7534099817341192,0.026514206710565872,422.4,66.0779842307557,21.2,3.5637059362410923,0.0,0.0,0.0,0.0,422.4,66.0779842307557,174.4,40.04122875237472,0.6991197729603595,0.036773522060107144,0.5185542683855981,0.06975825635345294,200.0,0.0,0.1,0.0,0.06577634938433129,0.07205147813781165,0.0657763493843313,0.07205147813781167,0.0657763493843313,0.07205147813781167,0.2,0.447213595499958,0.5572143272693626,0.08601017956308275,0.5572143272693626,0.08601017956308274,0.0,0.0,10.0,0.0,,
diagnosis_fd001_candidate,chow_liu_leaf6,cmapss:FD001,diagnosis,independent | bank2:6-10 | gaussian_fitted,,,,,,,,,,,,,,,,,,,,,,,,,,,,,,,5,"[21, 22, 23, 24, 25]",chow_liu_leaf6,,,,,,,,,,,,,,,,,,,,,,,,,,,,,,,,,,,,,,,,,,,,,,,,,,,,,,,,,,,,,0.1,0.0,10.0,0.0,236.20100788139416,22.109049701784002,239.4623687302576,27.162258811720694,0.07501704755265391,0.08837237127577624,0.41762216469583074,0.14461873827382202,0.749895635512418,0.021557254211528463,0.7960143635211909,0.02305557713626828,0.4924311409685182,0.021640100118436544,0.5197584223913256,0.021044762705317577,0.9591333019820383,0.019472965321152037,0.9234701587736731,0.03787836585877496,0.8733762175324223,0.024741916237077513,0.6709003386364074,0.027193967800617086,422.4,66.0779842307557,21.2,3.5637059362410923,0.0,0.0,0.0,0.0,422.4,66.0779842307557,237.0,75.53806987208503,0.5978825998369085,0.02860473464300999,0.3601969504068539,0.10691003976718255,200.0,0.0,0.1,0.0,0.07501704755265393,0.08837237127577628,0.07501704755265391,0.08837237127577624,0.07501704755265391,0.08837237127577624,0.2,0.447213595499958,0.41762216469583063,0.144618738273822,0.41762216469583074,0.14461873827382202,0.0,0.0,10.0,0.0,,
diagnosis_fd001_candidate,chow_liu_leaf6,cmapss:FD001,diagnosis,marginal_max | bank2:6-10 | gaussian_fitted,,,,,,,,,,,,,,,,,,,,,,,,,,,,,,,5,"[21, 22, 23, 24, 25]",chow_liu_leaf6,,,,,,,,,,,,,,,,,,,,,,,,,,,,,,,,,,,,,,,,,,,,,,,,,,,,,,,,,,,,,0.1,0.0,10.0,0.0,60.79302507361071,19.318343515642326,125.57735375624002,12.56700968466907,0.054091568280636215,0.05381110223950202,0.22030781891563192,0.1509933241367595,0.7346335897798637,0.020071092616628556,0.7382486225762535,0.04350805323659465,0.47172727899218775,0.01469403695928893,0.5192605852215358,0.03305028858087506,0.9129345721096076,0.042195727645835124,0.8852134076981468,0.045002033014530346,0.900198956044945,0.030750017650763527,0.6709003386364074,0.027193967800617086,422.4,66.0779842307557,21.2,3.5637059362410923,0.0,0.0,0.0,0.0,422.4,66.0779842307557,323.4,81.96523653354512,0.5978825998369085,0.02860473464300999,0.18382545589628432,0.11761357424202934,200.0,0.0,0.1,0.0,0.05409156828063623,0.05381110223950203,0.054091568280636215,0.05381110223950202,0.054091568280636215,0.05381110223950202,0.4,0.5477225575051662,0.22030781891563192,0.15099332413675948,0.22030781891563192,0.1509933241367595,0.0,0.0,10.0,0.0,,
diagnosis_fd001_candidate,chow_liu_leaf6,cmapss:FD001,diagnosis,conditional_max | bank2:6-10 | gaussian_fitted,,,,,,,,,,,,,,,,,,,,,,,,,,,,,,,5,"[21, 22, 23, 24, 25]",chow_liu_leaf6,,,,,,,,,,,,,,,,,,,,,,,,,,,,,,,,,,,,,,,,,,,,,,,,,,,,,,,,,,,,,0.1,0.0,10.0,0.0,65.66965213128114,21.854611883239922,232.35009986150334,12.037062164165908,0.04712981179800977,0.04670374593960709,0.46737293548920367,0.11844117440610602,0.802370933657467,0.018376102912564748,0.8449911271039158,0.019826933025577823,0.47516281433862917,0.02106908636421965,0.6789765301462583,0.030075480988841035,0.9882134384685954,0.0078109918558507295,0.9878106178047773,0.008743591855642269,0.9012373036876575,0.028795142924145634,0.7534099817341192,0.026514206710565872,422.4,66.0779842307557,21.2,3.5637059362410923,0.0,0.0,0.0,0.0,422.4,66.0779842307557,214.8,66.39051137022518,0.6991197729603595,0.036773522060107144,0.44457973479861934,0.10123465276044646,200.0,0.0,0.1,0.0,0.047129811798009756,0.046703745939607084,0.04712981179800977,0.04670374593960709,0.04712981179800977,0.04670374593960709,0.0,0.0,0.46737293548920367,0.118441174406106,0.46737293548920367,0.11844117440610602,0.0,0.0,10.0,0.0,,
diagnosis_fd001_candidate,chow_liu_leaf6,cmapss:FD001,diagnosis,relational_max | bank2:6-10 | gaussian_fitted,,,,,,,,,,,,,,,,,,,,,,,,,,,,,,,5,"[21, 22, 23, 24, 25]",chow_liu_leaf6,,,,,,,,,,,,,,,,,,,,,,,,,,,,,,,,,,,,,,,,,,,,,,,,,,,,,,,,,,,,,0.1,0.0,10.0,0.0,6.457997263676606,2.4586574429654164,225.9525317697384,21.498345756483367,0.03851441648537439,0.038951693146445664,0.5473881206309745,0.07381316210955474,0.8064495566002708,0.013187834788538907,0.8604982713266661,0.01029770062242342,0.4955755021565875,0.035155616186381876,0.8003444950134329,0.016971364254555345,0.9973113143213999,0.004609591829414352,0.9964552511376565,0.004665150772179788,0.7719618248895619,0.019391891165226324,0.7050607652362104,0.028845620936429187,422.4,66.0779842307557,21.2,3.5637059362410923,0.0,0.0,0.0,0.0,422.4,66.0779842307557,178.6,38.3575285960918,0.6817581525291573,0.03710976426682245,0.5242097665577087,0.05569140946791153,200.0,0.0,0.1,0.0,0.03851441648537439,0.038951693146445664,0.03851441648537439,0.038951693146445664,0.03851441648537439,0.038951693146445664,0.0,0.0,0.5473881206309744,0.07381316210955464,0.5473881206309745,0.07381316210955474,0.0,0.0,10.0,0.0,,
diagnosis_fd001_candidate,chow_liu_leaf6,cmapss:FD001,diagnosis,detector | bank2:6-10 | mahalanobis_refit,,,,,,,,,,,,,,,,,,,,,0.04206708319907193,0.0023627763879796922,,,,,,,,,5,"[21, 22, 23, 24, 25]",chow_liu_leaf6,,,,,,,,,,,,,,,,,,,,,0.03275524519995088,0.006641922405516338,,,,,13.0,0.0,13.0,0.0,13.0,0.0,,,,,,,,,,,,,,,,,,,,,,,,,,,,,0.1,0.0,10.0,0.0,355.84343872070315,32.18206963942504,1185.9377532958983,113.34982643603009,0.06571811282983805,0.07235584149925163,0.5580500571168571,0.08558140575932544,0.8085330191136297,0.015374446444372592,0.8568393746313736,0.012914234869146553,0.4888043904519729,0.01909249051969311,0.7047187984713655,0.024883832168698276,0.9949208301141974,0.0023329745722422933,0.9916966072618651,0.008410263144367951,0.8836346054377305,0.024765759706000503,,,,,,,,,,,,,,,,,,,200.0,0.0,0.1,0.0,0.06571811282983805,0.07235584149925163,0.06571811282983805,0.07235584149925163,0.06571811282983805,0.07235584149925163,0.2,0.447213595499958,0.5580500571168571,0.08558140575932546,0.5580500571168571,0.08558140575932544,0.0,0.0,10.0,0.0,7.0,0.0
diagnosis_fd001_candidate,chow_liu_leaf6,cmapss:FD001,diagnosis,detector | bank2:6-10 | mahalanobis_impute,,,,,,,,,,,,,,,,,,,,,0.011036500000045635,0.00847871185904775,,,,,,,,,5,"[21, 22, 23, 24, 25]",chow_liu_leaf6,,,,,,,,,,,,,,,,,,,,,0.05408846299978905,0.008382570054908793,,,,,13.0,0.0,13.0,0.0,13.0,0.0,,,,,,,,,,,,,,,,,,,,,,,,,,,,,0.1,0.0,10.0,0.0,376.3483520507813,39.459609627121026,1435.0616729736328,168.49243503563008,0.06897100539182152,0.07424349397621546,0.5577655167103277,0.09818624591678063,0.8081921486659415,0.014107454108127162,0.8571292872810528,0.011781675990085007,0.4942384850597616,0.011135169380250925,0.7003276549293236,0.023366271691371884,0.9948801519330317,0.002947316121785818,0.9918372922398568,0.008143134190552117,0.8816458578375082,0.021388676256764362,,,,,,,,,,,,,,,,,,,200.0,0.0,0.1,0.0,0.06897100539182152,0.07424349397621546,0.06897100539182152,0.07424349397621546,0.06897100539182152,0.07424349397621546,0.2,0.447213595499958,0.5577655167103277,0.09818624591678059,0.5577655167103277,0.09818624591678063,0.0,0.0,10.0,0.0,1.0,0.0
diagnosis_fd001_candidate,chow_liu_leaf6,cmapss:FD001,diagnosis,detector | bank2:6-10 | gmm_refit,,,,,,,,,,,,,,,,,,,,,6.034959873199114,2.542978673949537,,,,,,,,,5,"[21, 22, 23, 24, 25]",chow_liu_leaf6,,,,,,,,,,,,,,,,,,,,,1.2326381822000259,1.0946148975696752,,,,,13.0,0.0,13.0,0.0,13.0,0.0,,,,,,,,,,,,,,,,,,,,,,,,,,,,,0.1,0.0,10.0,0.0,325.68201904296876,70.8602020100953,1926.985807800293,1276.5263461809654,0.14516154499547496,0.07345401094639417,0.5324389274725099,0.1297083470974111,0.7752522526209612,0.016426883863746224,0.8175293597070393,0.034296788232215804,0.48628088928918994,0.02033156584484666,0.6633450498761273,0.03262750384759383,0.9704244403891433,0.028612195735059884,0.9692369093412989,0.029618606644875548,0.8107382213874839,0.05947459990464305,,,,,,,,,,,,,,,,,,,200.0,0.0,0.1,0.0,0.14516154499547493,0.07345401094639417,0.14516154499547496,0.07345401094639417,0.14516154499547496,0.07345401094639417,0.6,0.5477225575051662,0.53243892747251,0.12970834709741116,0.5324389274725099,0.1297083470974111,0.0,0.0,10.0,0.0,7.0,0.0
diagnosis_fd001_candidate,chow_liu_leaf6,cmapss:FD001,diagnosis,detector | bank2:6-10 | gmm_impute,,,,,,,,,,,,,,,,,,,,,0.774039108598663,0.4023695888713335,,,,,,,,,5,"[21, 22, 23, 24, 25]",chow_liu_leaf6,,,,,,,,,,,,,,,,,,,,,0.00988550260080956,0.002306444430397461,,,,,13.0,0.0,13.0,0.0,13.0,0.0,,,,,,,,,,,,,,,,,,,,,,,,,,,,,0.1,0.0,10.0,0.0,290.36041564941405,50.6426835716266,1598.9500038146973,434.4934915797083,0.1599847219306187,0.13804136644229134,0.5876514672821184,0.1284221211208744,0.7894267420319941,0.025860378793598437,0.8369201716722225,0.027018086182462535,0.505375411971144,0.015896151905831005,0.6698420489315339,0.04519375092240211,0.9785960879517592,0.025140360067321788,0.9791447948791141,0.020040313260469716,0.8388041207073993,0.07874103514599169,,,,,,,,,,,,,,,,,,,200.0,0.0,0.1,0.0,0.15998472193061872,0.13804136644229134,0.1599847219306187,0.13804136644229134,0.1599847219306187,0.13804136644229134,0.6,0.5477225575051662,0.5876514672821183,0.12842212112087445,0.5876514672821184,0.1284221211208744,0.0,0.0,10.0,0.0,1.0,0.0
diagnosis_fd001_candidate,chow_liu_leaf6,cmapss:FD001,diagnosis,detector | bank2:6-10 | knn_refit,,,,,,,,,,,,,,,,,,,,,0.019988276601361578,0.001272232984425774,,,,,,,,,5,"[21, 22, 23, 24, 25]",chow_liu_leaf6,,,,,,,,,,,,,,,,,,,,,0.013367446998745435,0.0015528304816431423,,,,,13.0,0.0,13.0,0.0,13.0,0.0,,,,,,,,,,,,,,,,,,,,,,,,,,,,,0.1,0.0,10.0,0.0,11.296302986145019,0.9992076271299015,8.219308853149414,0.7521656952791301,0.08274740059920407,0.0966688662454344,0.45269403617167414,0.1613077955803305,0.7843675471832986,0.019851037021607152,0.8239113045672338,0.021394286885135776,0.48562066338140186,0.029163835194264198,0.6574714462838559,0.03204310750285511,0.9866981695743551,0.0056485456168420345,0.9834804760023779,0.012504167263956534,0.8315827790009658,0.030543836579806763,,,,,,,,,,,,,,,,,,,200.0,0.0,0.1,0.0,0.08274740059920407,0.0966688662454344,0.08274740059920407,0.0966688662454344,0.08274740059920407,0.0966688662454344,0.4,0.5477225575051662,0.45269403617167414,0.16130779558033057,0.45269403617167414,0.1613077955803305,0.0,0.0,10.0,0.0,7.0,0.0
diagnosis_fd001_candidate,chow_liu_leaf6,cmapss:FD001,diagnosis,detector | bank2:6-10 | knn_impute,,,,,,,,,,,,,,,,,,,,,0.004528263998508919,0.001059817643451371,,,,,,,,,5,"[21, 22, 23, 24, 25]",chow_liu_leaf6,,,,,,,,,,,,,,,,,,,,,0.01294927220151294,0.0015729495319640127,,,,,13.0,0.0,13.0,0.0,13.0,0.0,,,,,,,,,,,,,,,,,,,,,,,,,,,,,0.1,0.0,10.0,0.0,11.437223625183105,0.9825234091852835,8.167675018310547,0.9160881064530616,0.09028625321755279,0.10857425591956794,0.46299416097576723,0.16388119545184535,0.7823404884738905,0.01886951173625988,0.8230575965520914,0.020730595282414752,0.4907176421192986,0.02124911150625783,0.6429646146888113,0.024449129261662705,0.9869225592694864,0.006589164570258322,0.983432197296224,0.012294371852367267,0.8317420818198837,0.03003228041110497,,,,,,,,,,,,,,,,,,,200.0,0.0,0.1,0.0,0.09028625321755276,0.10857425591956792,0.09028625321755279,0.10857425591956794,0.09028625321755279,0.10857425591956794,0.4,0.5477225575051662,0.46299416097576707,0.16388119545184532,0.46299416097576723,0.16388119545184535,0.0,0.0,10.0,0.0,1.0,0.0
diagnosis_fd001_candidate,chow_liu_leaf6,cmapss:FD001,diagnosis,query single_sensor_0 | circuit,,,,,,,,,,,,,,,,,,,,,,,,,,,,,,,5,"[21, 22, 23, 24, 25]",chow_liu_leaf6,,,,,,,,,,,,,,,,,,,0.0,0.0,0.2574388852008269,0.04655841922752224,0.1326449251988379,0.007029653141939573,887.2,135.73945631245175,1.0,0.0,1.0,0.0,1.0,0.0,6.0,0.0,143526.0,0.0,0.0,0.0,1.0,0.0,0.0,0.0,63668133.6,9741070.603350475,0.0,0.0,13308.0,2036.0918446867763,0.0,0.0,0.0,0.0,0.0,0.0,0.0,0.0,0.0,0.0,0.0,0.0,,,,,,,,,,,,,,,,,,,,,,,,,,,,,,,,,,,,,,,,,,,,,,,,,,,,,,,,,,,,,,,,,,
diagnosis_fd001_candidate,chow_liu_leaf6,cmapss:FD001,diagnosis,joint | single_sensor_0 | circuit,,,,,,,,,,,,,,,,,,,,,,,,,,,,,,,5,"[21, 22, 23, 24, 25]",chow_liu_leaf6,,,,,,,,,,,,,,,,,,,,,,,,,,,,,,,,,,,,,,,,,,,,,,,,,,,,,,,,,,,,,0.1,0.0,10.0,0.0,26.82528953552246,2.8212474667116787,78.14042663574219,8.48736350256179,0.045160817077655124,0.025527181279870133,0.14576690363278103,0.03685893062315223,0.551931395577831,0.005707640091474055,0.603217095699681,0.011493751308838895,0.4887130067394988,0.030963083750325283,0.48949309367272453,0.027060038089406782,0.6273839599013077,0.04766079956046068,0.6139134989885492,0.0253889242125604,0.5510636204818048,0.02527018017134668,,,0.0,0.0,371.2,57.31666424348158,72.4,11.545561917897285,72.4,11.545561917897285,0.0,0.0,0.0,0.0,,,0.0,0.0,200.0,0.0,0.1,0.0,0.045160817077655124,0.025527181279870127,0.045160817077655124,0.025527181279870133,0.045160817077655124,0.025527181279870133,0.0,0.0,0.14576690363278103,0.036858930623152236,0.14576690363278103,0.03685893062315223,0.0,0.0,10.0,0.0,,
diagnosis_fd001_candidate,chow_liu_leaf6,cmapss:FD001,diagnosis,independent | single_sensor_0 | circuit,,,,,,,,,,,,,,,,,,,,,,,,,,,,,,,5,"[21, 22, 23, 24, 25]",chow_liu_leaf6,,,,,,,,,,,,,,,,,,,,,,,,,,,,,,,,,,,,,,,,,,,,,,,,,,,,,,,,,,,,,0.1,0.0,10.0,0.0,26.82528953552246,2.8212474667116787,78.14042663574219,8.48736350256179,0.045160817077655124,0.025527181279870133,0.14576690363278103,0.03685893062315223,0.551931395577831,0.005707640091474055,0.603217095699681,0.011493751308838895,0.4887130067394988,0.030963083750325283,0.48949309367272453,0.027060038089406782,0.6273839599013077,0.04766079956046068,0.6139134989885492,0.0253889242125604,0.5510636204818048,0.02527018017134668,,,0.0,0.0,371.2,57.31666424348158,72.4,11.545561917897285,72.4,11.545561917897285,0.0,0.0,0.0,0.0,,,0.0,0.0,200.0,0.0,0.1,0.0,0.045160817077655124,0.025527181279870127,0.045160817077655124,0.025527181279870133,0.045160817077655124,0.025527181279870133,0.0,0.0,0.14576690363278103,0.036858930623152236,0.14576690363278103,0.03685893062315223,0.0,0.0,10.0,0.0,,
diagnosis_fd001_candidate,chow_liu_leaf6,cmapss:FD001,diagnosis,marginal_max | single_sensor_0 | circuit,,,,,,,,,,,,,,,,,,,,,,,,,,,,,,,5,"[21, 22, 23, 24, 25]",chow_liu_leaf6,,,,,,,,,,,,,,,,,,,,,,,,,,,,,,,,,,,,,,,,,,,,,,,,,,,,,,,,,,,,,0.1,0.0,10.0,0.0,26.82528953552246,2.8212474667116787,78.14042663574219,8.48736350256179,0.045160817077655124,0.025527181279870133,0.14576690363278103,0.03685893062315223,0.551931395577831,0.005707640091474055,0.603217095699681,0.011493751308838895,0.4887130067394988,0.030963083750325283,0.48949309367272453,0.027060038089406782,0.6273839599013077,0.04766079956046068,0.6139134989885492,0.0253889242125604,0.5510636204818048,0.02527018017134668,,,0.0,0.0,371.2,57.31666424348158,72.4,11.545561917897285,72.4,11.545561917897285,0.0,0.0,0.0,0.0,,,0.0,0.0,200.0,0.0,0.1,0.0,0.045160817077655124,0.025527181279870127,0.045160817077655124,0.025527181279870133,0.045160817077655124,0.025527181279870133,0.0,0.0,0.14576690363278103,0.036858930623152236,0.14576690363278103,0.03685893062315223,0.0,0.0,10.0,0.0,,
diagnosis_fd001_candidate,chow_liu_leaf6,cmapss:FD001,diagnosis,conditional_max | single_sensor_0 | circuit,,,,,,,,,,,,,,,,,,,,,,,,,,,,,,,5,"[21, 22, 23, 24, 25]",chow_liu_leaf6,,,,,,,,,,,,,,,,,,,,,,,,,,,,,,,,,,,,,,,,,,,,,,,,,,,,,,,,,,,,,0.1,0.0,10.0,0.0,26.82528953552246,2.8212474667116787,78.14042663574219,8.48736350256179,0.045160817077655124,0.025527181279870133,0.14576690363278103,0.03685893062315223,0.551931395577831,0.005707640091474055,0.603217095699681,0.011493751308838895,0.4887130067394988,0.030963083750325283,0.48949309367272453,0.027060038089406782,0.6273839599013077,0.04766079956046068,0.6139134989885492,0.0253889242125604,0.5510636204818048,0.02527018017134668,,,0.0,0.0,371.2,57.31666424348158,72.4,11.545561917897285,72.4,11.545561917897285,0.0,0.0,0.0,0.0,,,0.0,0.0,200.0,0.0,0.1,0.0,0.045160817077655124,0.025527181279870127,0.045160817077655124,0.025527181279870133,0.045160817077655124,0.025527181279870133,0.0,0.0,0.14576690363278103,0.036858930623152236,0.14576690363278103,0.03685893062315223,0.0,0.0,10.0,0.0,,
diagnosis_fd001_candidate,chow_liu_leaf6,cmapss:FD001,diagnosis,relational_max | single_sensor_0 | circuit,,,,,,,,,,,,,,,,,,,,,,,,,,,,,,,5,"[21, 22, 23, 24, 25]",chow_liu_leaf6,,,,,,,,,,,,,,,,,,,,,,,,,,,,,,,,,,,,,,,,,,,,,,,,,,,,,,,,,,,,,0.1,0.0,10.0,0.0,0.0,0.0,0.0,0.0,0.0,0.0,0.0,0.0,0.5,0.0,0.5,0.0,0.5,0.0,0.5,0.0,0.5,0.0,0.5,0.0,0.5,0.0,,,0.0,0.0,371.2,57.31666424348158,72.4,11.545561917897285,72.4,11.545561917897285,0.0,0.0,0.0,0.0,,,0.0,0.0,200.0,0.0,0.1,0.0,0.0,0.0,0.0,0.0,0.0,0.0,0.0,0.0,0.0,0.0,0.0,0.0,0.0,0.0,10.0,0.0,,
diagnosis_fd001_candidate,chow_liu_leaf6,cmapss:FD001,diagnosis,query single_sensor_0 | gaussian_fitted,,,,,,,,,,,,,,,,,,,,,,,,,,,,,,,5,"[21, 22, 23, 24, 25]",chow_liu_leaf6,,,,,,,,,,,,,,,,,,,0.0,0.0,0.0022321795993775597,0.00021373329395615615,0.0005843611987074837,1.537196101162147e-05,887.2,135.73945631245175,1.0,0.0,1.0,0.0,1.0,0.0,4.0,0.0,80.0,0.0,0.0,0.0,1.0,0.0,0.0,0.0,35488.0,5429.5782524980705,0.0,0.0,13308.0,2036.0918446867763,39499520.0,0.0,0.0,0.0,0.0,0.0,0.0,0.0,0.0,0.0,0.0,0.0,,,,,,,,,,,,,,,,,,,,,,,,,,,,,,,,,,,,,,,,,,,,,,,,,,,,,,,,,,,,,,,,,,
diagnosis_fd001_candidate,chow_liu_leaf6,cmapss:FD001,diagnosis,joint | single_sensor_0 | gaussian_fitted,,,,,,,,,,,,,,,,,,,,,,,,,,,,,,,5,"[21, 22, 23, 24, 25]",chow_liu_leaf6,,,,,,,,,,,,,,,,,,,,,,,,,,,,,,,,,,,,,,,,,,,,,,,,,,,,,,,,,,,,,0.1,0.0,10.0,0.0,25.02621216012775,0.7051945856071706,37.809900687719654,3.2139772574247827,0.052612890564387046,0.03036534805005673,0.15425296286926668,0.020690428116555585,0.5515975908688182,0.0050505179233560306,0.6033280284823087,0.009086123853201457,0.48950538817486533,0.03919061619186734,0.4900736993649245,0.029056090205409137,0.6293851624404769,0.05785103055146822,0.6116335335675196,0.028090965318755882,0.5498580388042938,0.022505178417607224,,,0.0,0.0,371.2,57.31666424348158,72.4,11.545561917897285,72.4,11.545561917897285,0.0,0.0,0.0,0.0,,,0.0,0.0,200.0,0.0,0.1,0.0,0.052612890564387046,0.03036534805005673,0.052612890564387046,0.03036534805005673,0.052612890564387046,0.03036534805005673,0.0,0.0,0.15425296286926668,0.02069042811655558,0.15425296286926668,0.020690428116555585,0.0,0.0,10.0,0.0,,
diagnosis_fd001_candidate,chow_liu_leaf6,cmapss:FD001,diagnosis,independent | single_sensor_0 | gaussian_fitted,,,,,,,,,,,,,,,,,,,,,,,,,,,,,,,5,"[21, 22, 23, 24, 25]",chow_liu_leaf6,,,,,,,,,,,,,,,,,,,,,,,,,,,,,,,,,,,,,,,,,,,,,,,,,,,,,,,,,,,,,0.1,0.0,10.0,0.0,25.02621216012775,0.7051945856071706,37.809900687719654,3.2139772574247827,0.052612890564387046,0.03036534805005673,0.15425296286926668,0.020690428116555585,0.5515975908688182,0.0050505179233560306,0.6033280284823087,0.009086123853201457,0.48950538817486533,0.03919061619186734,0.4900736993649245,0.029056090205409137,0.6293851624404769,0.05785103055146822,0.6116335335675196,0.028090965318755882,0.5498580388042938,0.022505178417607224,,,0.0,0.0,371.2,57.31666424348158,72.4,11.545561917897285,72.4,11.545561917897285,0.0,0.0,0.0,0.0,,,0.0,0.0,200.0,0.0,0.1,0.0,0.052612890564387046,0.03036534805005673,0.052612890564387046,0.03036534805005673,0.052612890564387046,0.03036534805005673,0.0,0.0,0.15425296286926668,0.02069042811655558,0.15425296286926668,0.020690428116555585,0.0,0.0,10.0,0.0,,
diagnosis_fd001_candidate,chow_liu_leaf6,cmapss:FD001,diagnosis,marginal_max | single_sensor_0 | gaussian_fitted,,,,,,,,,,,,,,,,,,,,,,,,,,,,,,,5,"[21, 22, 23, 24, 25]",chow_liu_leaf6,,,,,,,,,,,,,,,,,,,,,,,,,,,,,,,,,,,,,,,,,,,,,,,,,,,,,,,,,,,,,0.1,0.0,10.0,0.0,25.02621216012775,0.7051945856071706,37.809900687719654,3.2139772574247827,0.052612890564387046,0.03036534805005673,0.15425296286926668,0.020690428116555585,0.5515975908688182,0.0050505179233560306,0.6033280284823087,0.009086123853201457,0.48950538817486533,0.03919061619186734,0.4900736993649245,0.029056090205409137,0.6293851624404769,0.05785103055146822,0.6116335335675196,0.028090965318755882,0.5498580388042938,0.022505178417607224,,,0.0,0.0,371.2,57.31666424348158,72.4,11.545561917897285,72.4,11.545561917897285,0.0,0.0,0.0,0.0,,,0.0,0.0,200.0,0.0,0.1,0.0,0.052612890564387046,0.03036534805005673,0.052612890564387046,0.03036534805005673,0.052612890564387046,0.03036534805005673,0.0,0.0,0.15425296286926668,0.02069042811655558,0.15425296286926668,0.020690428116555585,0.0,0.0,10.0,0.0,,
diagnosis_fd001_candidate,chow_liu_leaf6,cmapss:FD001,diagnosis,conditional_max | single_sensor_0 | gaussian_fitted,,,,,,,,,,,,,,,,,,,,,,,,,,,,,,,5,"[21, 22, 23, 24, 25]",chow_liu_leaf6,,,,,,,,,,,,,,,,,,,,,,,,,,,,,,,,,,,,,,,,,,,,,,,,,,,,,,,,,,,,,0.1,0.0,10.0,0.0,25.02621216012775,0.7051945856071706,37.809900687719654,3.2139772574247827,0.052612890564387046,0.03036534805005673,0.15425296286926668,0.020690428116555585,0.5515975908688182,0.0050505179233560306,0.6033280284823087,0.009086123853201457,0.48950538817486533,0.03919061619186734,0.4900736993649245,0.029056090205409137,0.6293851624404769,0.05785103055146822,0.6116335335675196,0.028090965318755882,0.5498580388042938,0.022505178417607224,,,0.0,0.0,371.2,57.31666424348158,72.4,11.545561917897285,72.4,11.545561917897285,0.0,0.0,0.0,0.0,,,0.0,0.0,200.0,0.0,0.1,0.0,0.052612890564387046,0.03036534805005673,0.052612890564387046,0.03036534805005673,0.052612890564387046,0.03036534805005673,0.0,0.0,0.15425296286926668,0.02069042811655558,0.15425296286926668,0.020690428116555585,0.0,0.0,10.0,0.0,,
diagnosis_fd001_candidate,chow_liu_leaf6,cmapss:FD001,diagnosis,relational_max | single_sensor_0 | gaussian_fitted,,,,,,,,,,,,,,,,,,,,,,,,,,,,,,,5,"[21, 22, 23, 24, 25]",chow_liu_leaf6,,,,,,,,,,,,,,,,,,,,,,,,,,,,,,,,,,,,,,,,,,,,,,,,,,,,,,,,,,,,,0.1,0.0,10.0,0.0,0.0,0.0,0.0,0.0,0.0,0.0,0.0,0.0,0.5,0.0,0.5,0.0,0.5,0.0,0.5,0.0,0.5,0.0,0.5,0.0,0.5,0.0,,,0.0,0.0,371.2,57.31666424348158,72.4,11.545561917897285,72.4,11.545561917897285,0.0,0.0,0.0,0.0,,,0.0,0.0,200.0,0.0,0.1,0.0,0.0,0.0,0.0,0.0,0.0,0.0,0.0,0.0,0.0,0.0,0.0,0.0,0.0,0.0,10.0,0.0,,
diagnosis_fd001_candidate,chow_liu_leaf6,cmapss:FD001,diagnosis,detector | single_sensor_0 | mahalanobis_refit,,,,,,,,,,,,,,,,,,,,,0.042846265798289096,0.00239292154507698,,,,,,,,,5,"[21, 22, 23, 24, 25]",chow_liu_leaf6,,,,,,,,,,,,,,,,,,,,,0.0011783449997892603,0.00010222644689054129,,,,,1.0,0.0,1.0,0.0,1.0,0.0,,,,,,,,,,,,,,,,,,,,,,,,,,,,,0.1,0.0,10.0,0.0,30.908041763305665,1.2025881669437364,75.53636169433594,6.421860779682249,0.05341289056438705,0.030854960396544184,0.15463973972877082,0.021516245309255284,0.551574423126708,0.005026571843405192,0.6032405733385898,0.009097177826753133,0.4893847077789177,0.039216219365896074,0.4901002866024629,0.029062678502265116,0.6293869850395464,0.05784788632563948,0.6115764345301752,0.028205208611027245,0.5498798868956104,0.02242466311377208,,,,,,,,,,,,,,,,,,,200.0,0.0,0.1,0.0,0.05341289056438705,0.030854960396544184,0.05341289056438705,0.030854960396544184,0.05341289056438705,0.030854960396544184,0.0,0.0,0.1546397397287708,0.021516245309255277,0.15463973972877082,0.021516245309255284,0.0,0.0,10.0,0.0,8.0,0.0
diagnosis_fd001_candidate,chow_liu_leaf6,cmapss:FD001,diagnosis,detector | single_sensor_0 | mahalanobis_impute,,,,,,,,,,,,,,,,,,,,,0.011036500000045635,0.00847871185904775,,,,,,,,,5,"[21, 22, 23, 24, 25]",chow_liu_leaf6,,,,,,,,,,,,,,,,,,,,,0.054574404401500944,0.00868100361912392,,,,,1.0,0.0,1.0,0.0,1.0,0.0,,,,,,,,,,,,,,,,,,,,,,,,,,,,,0.1,0.0,10.0,0.0,68.73029251098633,13.722454017612888,296.1948286056519,14.93493256610096,0.06201370362881152,0.0911254416942291,0.14344586684651636,0.10199314070092932,0.5490911075599014,0.006339540434271863,0.5954412425777532,0.009614866337175646,0.5048636241328625,0.03112509728775454,0.47670437019416045,0.01679934359283761,0.6329733868256718,0.048216295836156685,0.5976606746831444,0.015198150006765923,0.5467413938928671,0.03530028716950824,,,,,,,,,,,,,,,,,,,200.0,0.0,0.1,0.0,0.06201370362881152,0.0911254416942291,0.06201370362881152,0.0911254416942291,0.06201370362881152,0.0911254416942291,0.2,0.44721359549995804,0.14344586684651633,0.1019931407009293,0.14344586684651636,0.10199314070092932,0.0,0.0,10.0,0.0,1.0,0.0
diagnosis_fd001_candidate,chow_liu_leaf6,cmapss:FD001,diagnosis,detector | single_sensor_0 | gmm_refit,,,,,,,,,,,,,,,,,,,,,6.213170169598743,2.546959843630773,,,,,,,,,5,"[21, 22, 23, 24, 25]",chow_liu_leaf6,,,,,,,,,,,,,,,,,,,,,0.17917230959938024,0.030709450243293964,,,,,1.0,0.0,1.0,0.0,1.0,0.0,,,,,,,,,,,,,,,,,,,,,,,,,,,,,0.1,0.0,10.0,0.0,26.65293083190918,1.1137088623365807,56.51330833435058,8.33889214804315,0.03920515305487701,0.02076181904863404,0.14140283670718193,0.023132737121095693,0.550079984292956,0.004873441287759781,0.6036952552855157,0.008546795462897314,0.4875528121164471,0.04162914287645312,0.488161638126837,0.02825988391058445,0.6313398893783413,0.05725451425562965,0.6075404003576933,0.027786588712791434,0.5475710518115235,0.020670394874986925,,,,,,,,,,,,,,,,,,,200.0,0.0,0.1,0.0,0.039205153054877005,0.02076181904863404,0.03920515305487701,0.02076181904863404,0.03920515305487701,0.02076181904863404,0.0,0.0,0.1414028367071819,0.02313273712109569,0.14140283670718193,0.023132737121095693,0.0,0.0,10.0,0.0,8.0,0.0
diagnosis_fd001_candidate,chow_liu_leaf6,cmapss:FD001,diagnosis,detector | single_sensor_0 | gmm_impute,,,,,,,,,,,,,,,,,,,,,0.774039108598663,0.4023695888713335,,,,,,,,,5,"[21, 22, 23, 24, 25]",chow_liu_leaf6,,,,,,,,,,,,,,,,,,,,,0.011183562398946379,0.0017439307736472913,,,,,1.0,0.0,1.0,0.0,1.0,0.0,,,,,,,,,,,,,,,,,,,,,,,,,,,,,0.1,0.0,10.0,0.0,42.06849365234375,8.176550142362059,310.47996788024903,62.088578556495506,0.04659093825995504,0.07003992095647558,0.12464420908728886,0.081916364115372,0.5486645575337846,0.005262391500532428,0.5926587342437786,0.010965585502631327,0.5014755059583113,0.03352328132008185,0.4840792855507362,0.02133143158165545,0.6285498114863808,0.04927307406922044,0.5994138206420485,0.02082819384972985,0.5417248693548922,0.040192585879090255,,,,,,,,,,,,,,,,,,,200.0,0.0,0.1,0.0,0.04659093825995505,0.0700399209564756,0.04659093825995504,0.07003992095647558,0.04659093825995504,0.07003992095647558,0.2,0.44721359549995804,0.12464420908728886,0.081916364115372,0.12464420908728886,0.081916364115372,0.0,0.0,10.0,0.0,1.0,0.0
diagnosis_fd001_candidate,chow_liu_leaf6,cmapss:FD001,diagnosis,detector | single_sensor_0 | knn_refit,,,,,,,,,,,,,,,,,,,,,0.021320009402552388,0.0017398789968825392,,,,,,,,,5,"[21, 22, 23, 24, 25]",chow_liu_leaf6,,,,,,,,,,,,,,,,,,,,,0.008933675800653873,0.012136201070544896,,,,,1.0,0.0,1.0,0.0,1.0,0.0,,,,,,,,,,,,,,,,,,,,,,,,,,,,,0.1,0.0,10.0,0.0,2.564946985244751,0.10720556848753217,5.783465003967285,0.16605679155833736,0.0922748921389738,0.051540612304555186,0.19236613406064282,0.04014005988064609,0.5425795183701266,0.010813716994348719,0.5998844558604907,0.01256832218804629,0.477201591958844,0.04476707905413781,0.45034067469531597,0.01963641942577678,0.6330543209204943,0.04720099870645093,0.6093786282783904,0.02350543503574969,0.5549627704911388,0.021558009188168765,,,,,,,,,,,,,,,,,,,200.0,0.0,0.1,0.0,0.0922748921389738,0.05154061230455517,0.0922748921389738,0.051540612304555186,0.0922748921389738,0.051540612304555186,0.6,0.5477225575051662,0.19236613406064287,0.04014005988064608,0.19236613406064282,0.04014005988064609,0.0,0.0,10.0,0.0,8.0,0.0
diagnosis_fd001_candidate,chow_liu_leaf6,cmapss:FD001,diagnosis,detector | single_sensor_0 | knn_impute,,,,,,,,,,,,,,,,,,,,,0.004528263998508919,0.001059817643451371,,,,,,,,,5,"[21, 22, 23, 24, 25]",chow_liu_leaf6,,,,,,,,,,,,,,,,,,,,,0.011133558600704418,0.0023829128250764794,,,,,1.0,0.0,1.0,0.0,1.0,0.0,,,,,,,,,,,,,,,,,,,,,,,,,,,,,0.1,0.0,10.0,0.0,7.99773645401001,0.1527616452902324,4.087092876434326,0.43042098107232835,0.05630836081907361,0.06308419165443603,0.13897950252439262,0.06713418857910125,0.549996520266701,0.004165965354197982,0.594810883201974,0.006911731373042302,0.5033283447005619,0.011684355366628114,0.4871130697893987,0.02330416241641351,0.6301065545266418,0.05120350718579628,0.6061742038431788,0.021123523263252925,0.5358378411074847,0.028240035361125737,,,,,,,,,,,,,,,,,,,200.0,0.0,0.1,0.0,0.0563083608190736,0.06308419165443602,0.05630836081907361,0.06308419165443603,0.05630836081907361,0.06308419165443603,0.2,0.44721359549995804,0.13897950252439265,0.06713418857910128,0.13897950252439262,0.06713418857910125,0.0,0.0,10.0,0.0,1.0,0.0
