experiment,variant,dataset,stage,method,auroc_mean,auroc_std,ap_mean,ap_std,auroc[decouple]_mean,auroc[decouple]_std,auroc[desync]_mean,auroc[desync]_std,auroc[drift]_mean,auroc[drift]_std,auroc[offset]_mean,auroc[offset]_std,auroc[organic]_mean,auroc[organic]_std,auroc[spike]_mean,auroc[spike]_std,fit_s_mean,fit_s_std,params_mean,params_std,train_nll_mean,train_nll_std,n_seeds,seeds,axis:dataset.subset,dead_mean,dead_std,axis:model.vtree,axis:model.leaf_components,axis:model.K,rmse_mean,rmse_std,mae_mean,mae_std,nasa_mean,nasa_std,crps_mean,crps_std,picp_mean,picp_std,mpiw_mean,mpiw_std,interval_score_mean,interval_score_std,calib_err_mean,calib_err_std,pred_sd_mean,pred_sd_std,axis:eval.alpha,diag_q_hat_mean,diag_q_hat_std,diag_raw_cal_coverage_mean,diag_raw_cal_coverage_std,diag_n_cal_mean,diag_n_cal_std,diag_frac_clipped_lo_mean,diag_frac_clipped_lo_std,diag_frac_clipped_hi_mean,diag_frac_clipped_hi_std,diag_frac_full_range_mean,diag_frac_full_range_std,diag_pit_mean_mean,diag_pit_mean_std,diag_pit_sd_mean,diag_pit_sd_std,diag_lo_level_mean,diag_lo_level_std,diag_hi_level_mean,diag_hi_level_std,alpha_mean,alpha_std,picp_edge_mean,picp_edge_std,mpiw_edge_mean,mpiw_edge_std,interval_score_edge_mean,interval_score_edge_std,pit_mean_mean,pit_mean_std,pit_var_mean,pit_var_std,pit_ks_mean,pit_ks_std,pit_var_target_mean,pit_var_target_std,loc_auroc_mean,loc_auroc_std,prec_at_k_mean,prec_at_k_std,n_windows_mean,n_windows_std,loc_auroc[spike]_mean,loc_auroc[spike]_std,loc_auroc[offset]_mean,loc_auroc[offset]_std,loc_auroc[drift]_mean,loc_auroc[drift]_std,loc_auroc[decouple]_mean,loc_auroc[decouple]_std,loc_auroc[desync]_mean,loc_auroc[desync]_std,deletion_auc_mean,deletion_auc_std,max_residual_nats_mean,max_residual_nats_std,mean_residual_nats_mean,mean_residual_nats_std,axis:eval.shap_samples,censored_frac_mean,censored_frac_std,axis:dataset.censor_frac,train_rows_mean,train_rows_std,n_dead_mean,n_dead_std,crps_full_mean,crps_full_std,crps_exact_marginal_mean,crps_exact_marginal_std,crps_imputed_mean,crps_imputed_std,rmse_full_mean,rmse_full_std,rmse_exact_marginal_mean,rmse_exact_marginal_std,rmse_imputed_mean,rmse_imputed_std,picp_exact_marginal_mean,picp_exact_marginal_std,picp_exact_marginal_edge_mean,picp_exact_marginal_edge_std,picp_imputed_mean,picp_imputed_std,picp_imputed_edge_mean,picp_imputed_edge_std,marginal_pit_mean_mean,marginal_pit_mean_std,marginal_pit_var_mean,marginal_pit_var_std,marginal_pit_ks_mean,marginal_pit_ks_std,marginal_pit_var_target_mean,marginal_pit_var_target_std,d_mean,d_std,K_mean,K_std,dag_build_s_mean,dag_build_s_std,dag_leaves_mean,dag_leaves_std,dag_nodes_mean,dag_nodes_std,dag_params_mean,dag_params_std,dag_fwd_s_mean,dag_fwd_s_std,dag_logp_mean,dag_logp_std,tree_leaves_predicted_mean,tree_leaves_predicted_std,tree_build_s_mean,tree_build_s_std,tree_leaves_mean,tree_leaves_std,tree_nodes_mean,tree_nodes_std,tree_params_mean,tree_params_std,tree_fwd_s_mean,tree_fwd_s_std
cmapss_ad,subset-FD003,cmapss:FD003,ad,"RegionGraphPC [chain, K=8]",0.726117936289249,0.01740189123513574,0.38079585628242785,0.022510664466597132,0.5103734072388746,0.01312111521510229,0.5585345139734039,0.024131551264252742,0.8928432873918523,0.010020307333006703,0.8803255200578955,0.007661792715650483,0.9858357841365146,0.0020384843924406474,0.6957459514409199,0.03258263156782855,25.083950360616047,0.44345452376143535,15680.0,0.0,233.5482940673828,1.3108565971671156,3,"[0, 1, 2]",FD003,,,,,,,,,,,,,,,,,,,,,,,,,,,,,,,,,,,,,,,,,,,,,,,,,,,,,,,,,,,,,,,,,,,,,,,,,,,,,,,,,,,,,,,,,,,,,,,,,,,,,,,,,,,,,,,,,,,,,,,,,,,,,,,,,,,,,,,,,,,,,,,,,,
cmapss_ad,subset-FD003,cmapss:FD003,ad,z-score (per channel),0.7670893310895606,0.009694366428927884,0.3248848901028085,0.016862692962318605,0.515391586815212,0.012317621961081604,0.553925942407071,0.011513027003876932,0.8900493434359621,0.002771614654372066,0.8652091475916608,0.00725487918296473,0.9523272046979233,0.0006454935903614072,0.9349113586182775,0.005925735673023797,0.052300612131754555,0.0017151722109179646,,,,,3,"[0, 1, 2]",FD003,,,,,,,,,,,,,,,,,,,,,,,,,,,,,,,,,,,,,,,,,,,,,,,,,,,,,,,,,,,,,,,,,,,,,,,,,,,,,,,,,,,,,,,,,,,,,,,,,,,,,,,,,,,,,,,,,,,,,,,,,,,,,,,,,,,,,,,,,,,,,,,,,,
cmapss_ad,subset-FD003,cmapss:FD003,ad,moving-average residual,0.7442875760162124,0.009482104668981483,0.44360670148637266,0.02201848605806573,0.5525437060487844,0.007840852340106994,0.5389952282277992,0.021750919173505846,0.8131522045280999,0.013227485656640631,0.7494850351857801,0.004731362529803929,0.9609545345888052,0.0005433323023655044,0.9853966319173452,0.0008093050498181179,0.3229696750640869,0.0034568952072588895,,,,,3,"[0, 1, 2]",FD003,,,,,,,,,,,,,,,,,,,,,,,,,,,,,,,,,,,,,,,,,,,,,,,,,,,,,,,,,,,,,,,,,,,,,,,,,,,,,,,,,,,,,,,,,,,,,,,,,,,,,,,,,,,,,,,,,,,,,,,,,,,,,,,,,,,,,,,,,,,,,,,,,,
cmapss_ad,subset-FD003,cmapss:FD003,ad,diagonal Gaussian,0.7129796326795326,0.01705889849181347,0.2932527766123225,0.01820211685687856,0.510624667501333,0.013136956882700416,0.5559629775169639,0.023095837639253724,0.8627451480554512,0.013079850821852116,0.8559447129427742,0.007978337974620803,0.996307783361698,3.801018924508006e-05,0.6797096057282849,0.02695702240445372,0.13410631815592447,0.00842231565816791,,,,,3,"[0, 1, 2]",FD003,,,,,,,,,,,,,,,,,,,,,,,,,,,,,,,,,,,,,,,,,,,,,,,,,,,,,,,,,,,,,,,,,,,,,,,,,,,,,,,,,,,,,,,,,,,,,,,,,,,,,,,,,,,,,,,,,,,,,,,,,,,,,,,,,,,,,,,,,,,,,,,,,,
cmapss_ad,subset-FD003,cmapss:FD003,ad,PCA reconstruction,0.760504150045224,0.01018936788466566,0.3005526681700445,0.01591605006292671,0.5203446753191368,0.013611710859723243,0.634251279685555,0.015536507855121577,0.9154690927005537,0.003912369218248298,0.9108414252403568,0.0056401078471501635,0.909406318812325,0.0020609536536319016,0.7598460648688233,0.009804816154369594,0.15481201807657877,0.0050781607958689185,,,,,3,"[0, 1, 2]",FD003,,,,,,,,,,,,,,,,,,,,,,,,,,,,,,,,,,,,,,,,,,,,,,,,,,,,,,,,,,,,,,,,,,,,,,,,,,,,,,,,,,,,,,,,,,,,,,,,,,,,,,,,,,,,,,,,,,,,,,,,,,,,,,,,,,,,,,,,,,,,,,,,,,
cmapss_ad,subset-FD003,cmapss:FD003,ad,1-NN distance,0.8309693179806535,0.00865639326647129,0.48098606924304854,0.02165687116746448,0.5341799292410846,0.015459220329006144,0.7342787325928751,0.022913452327257573,0.9660285522312059,0.003226580187380895,0.9592253305749535,0.0014244957569195787,0.9668244561501096,0.0008075423215772151,0.8978797649969028,0.005813326851355335,0.2608448664347331,0.0065457390180148085,,,,,3,"[0, 1, 2]",FD003,,,,,,,,,,,,,,,,,,,,,,,,,,,,,,,,,,,,,,,,,,,,,,,,,,,,,,,,,,,,,,,,,,,,,,,,,,,,,,,,,,,,,,,,,,,,,,,,,,,,,,,,,,,,,,,,,,,,,,,,,,,,,,,,,,,,,,,,,,,,,,,,,,
cmapss_ad,subset-FD003,cmapss:FD003,ad,Mahalanobis,0.8530580272192854,0.003939457916882817,0.6567857834573639,0.01331727144840072,0.5425776876769297,0.02868839867994543,0.7729939316827679,0.012571746073077266,0.9925636873989648,0.002316695918363921,0.9893235986773763,0.0024195792777201765,0.8773951639806407,0.0011542943562833732,0.9359979673166997,0.004247938098385469,0.5623737176259359,0.005061558526314754,,,,,3,"[0, 1, 2]",FD003,,,,,,,,,,,,,,,,,,,,,,,,,,,,,,,,,,,,,,,,,,,,,,,,,,,,,,,,,,,,,,,,,,,,,,,,,,,,,,,,,,,,,,,,,,,,,,,,,,,,,,,,,,,,,,,,,,,,,,,,,,,,,,,,,,,,,,,,,,,,,,,,,,
cmapss_ad,subset-FD003,cmapss:FD003,ad,Isolation Forest,0.6940305763500301,0.017160591485480707,0.28546083043203657,0.016920329152868882,0.515235511242175,0.015003139598660543,0.5893332383037193,0.0221665021989206,0.8627463979549569,0.01787462293198365,0.8500070242008076,0.011335268562744982,0.9975187863334211,0.0007876156800107283,0.5475879926361958,0.03491316519322168,0.27040847142537433,0.0068294785884817815,,,,,3,"[0, 1, 2]",FD003,,,,,,,,,,,,,,,,,,,,,,,,,,,,,,,,,,,,,,,,,,,,,,,,,,,,,,,,,,,,,,,,,,,,,,,,,,,,,,,,,,,,,,,,,,,,,,,,,,,,,,,,,,,,,,,,,,,,,,,,,,,,,,,,,,,,,,,,,,,,,,,,,,
cmapss_ad,subset-FD003,cmapss:FD003,ad,GMM (8 comp.),0.8291358278805724,0.0092849679096643,0.524394625717013,0.014630191636518118,0.5341291981503243,0.01013904502626483,0.7748987321167982,0.020240279426420742,0.9618200230142806,0.005970091544346004,0.9501002046945856,0.005214249954982498,0.8961878714957164,0.019412199707028288,0.8817507600862106,0.008711614280432645,3.7031683127085366,1.3196629168475271,,,,,3,"[0, 1, 2]",FD003,,,,,,,,,,,,,,,,,,,,,,,,,,,,,,,,,,,,,,,,,,,,,,,,,,,,,,,,,,,,,,,,,,,,,,,,,,,,,,,,,,,,,,,,,,,,,,,,,,,,,,,,,,,,,,,,,,,,,,,,,,,,,,,,,,,,,,,,,,,,,,,,,,
cmapss_ad,subset-FD003,cmapss:FD003,ad,conv autoencoder,0.8475411813715951,0.0023145303634066997,0.6951857069508559,0.01162205196956532,0.5371136847635111,0.013175560468714457,0.7636350080443592,0.011791797809611137,0.9948479313964335,0.0022773474316294022,0.9878479815547418,0.005020264576856624,0.9797717271863111,0.00601956119458303,0.8909531040225575,0.007163839024858958,3.122108300526937,0.32090694608360476,,,,,3,"[0, 1, 2]",FD003,,,,,,,,,,,,,,,,,,,,,,,,,,,,,,,,,,,,,,,,,,,,,,,,,,,,,,,,,,,,,,,,,,,,,,,,,,,,,,,,,,,,,,,,,,,,,,,,,,,,,,,,,,,,,,,,,,,,,,,,,,,,,,,,,,,,,,,,,,,,,,,,,,
cmapss_ad,subset-FD003,cmapss:FD003,ad,Deep SVDD,0.7706162338634851,0.007587444802214521,0.502831518567695,0.034293469451795414,0.5101295516003881,0.00396233761688445,0.6513252120138072,0.013604656123469807,0.9589098044821679,0.01452991298225903,0.9362175009803573,0.007704490218073147,0.9707484776749281,0.01602395531638084,0.7181587669220595,0.016299781680815,0.3028676509857178,0.024026923484239744,,,,,3,"[0, 1, 2]",FD003,,,,,,,,,,,,,,,,,,,,,,,,,,,,,,,,,,,,,,,,,,,,,,,,,,,,,,,,,,,,,,,,,,,,,,,,,,,,,,,,,,,,,,,,,,,,,,,,,,,,,,,,,,,,,,,,,,,,,,,,,,,,,,,,,,,,,,,,,,,,,,,,,,
cmapss_ad,subset-FD003,cmapss:FD003,ad,PC · 3 dead (exact marginal),0.7216975327063619,0.016733735162227804,0.3728514322199808,0.022568384630933507,0.5103202339069041,0.008818113212671862,0.560801007067934,0.02877530850276956,0.8888985828956101,0.01370869492391227,0.8678811476841607,0.008664987881392104,0.9807732408567224,0.001865119234734017,0.6891230078460788,0.030443222179710044,,,,,,,3,"[0, 1, 2]",FD003,3.0,0.0,,,,,,,,,,,,,,,,,,,,,,,,,,,,,,,,,,,,,,,,,,,,,,,,,,,,,,,,,,,,,,,,,,,,,,,,,,,,,,,,,,,,,,,,,,,,,,,,,,,,,,,,,,,,,,,,,,,,,,,,,,,,,,,,,,,,,,,,,,,,,,,,
cmapss_ad,subset-FD003,cmapss:FD003,ad,PC · 3 dead (mean-imputed),0.7204134309052184,0.01698650758665151,0.3730780460840004,0.022906429703043758,0.5098882002620085,0.00908163168581734,0.5595357928179324,0.028812925117673617,0.8865099244902314,0.01388883077396843,0.865004699924035,0.008405772403409943,0.9855021280568251,0.00048628001289193254,0.6877683350829104,0.030457997736048126,,,,,,,3,"[0, 1, 2]",FD003,3.0,0.0,,,,,,,,,,,,,,,,,,,,,,,,,,,,,,,,,,,,,,,,,,,,,,,,,,,,,,,,,,,,,,,,,,,,,,,,,,,,,,,,,,,,,,,,,,,,,,,,,,,,,,,,,,,,,,,,,,,,,,,,,,,,,,,,,,,,,,,,,,,,,,,,
cmapss_ad,subset-FD003,cmapss:FD003,ad,z-score (per channel) · 3 dead (imputed),0.7522271364476002,0.009902918378562248,0.3108208684472949,0.01605019036680292,0.5126411249034719,0.010597341803463323,0.5551672166324093,0.021892668589108752,0.8807211971147478,0.011118319417607624,0.8505394836164122,0.0010725777133636827,0.9523509948087735,0.0006366660937204759,0.8836286890916117,0.00630747964643148,,,,,,,3,"[0, 1, 2]",FD003,3.0,0.0,,,,,,,,,,,,,,,,,,,,,,,,,,,,,,,,,,,,,,,,,,,,,,,,,,,,,,,,,,,,,,,,,,,,,,,,,,,,,,,,,,,,,,,,,,,,,,,,,,,,,,,,,,,,,,,,,,,,,,,,,,,,,,,,,,,,,,,,,,,,,,,,
cmapss_ad,subset-FD003,cmapss:FD003,ad,moving-average residual · 3 dead (imputed),0.7171089831332386,0.01368395200140251,0.40479711980254723,0.020281796098256564,0.5444414530947741,0.006604323818515479,0.54059746652028,0.0394586110423615,0.7738061663813643,0.0227270172018855,0.7152480742672788,0.01726222389243952,0.9531859653731461,0.0005690641605183342,0.9256910709628992,0.011007208840029512,,,,,,,3,"[0, 1, 2]",FD003,3.0,0.0,,,,,,,,,,,,,,,,,,,,,,,,,,,,,,,,,,,,,,,,,,,,,,,,,,,,,,,,,,,,,,,,,,,,,,,,,,,,,,,,,,,,,,,,,,,,,,,,,,,,,,,,,,,,,,,,,,,,,,,,,,,,,,,,,,,,,,,,,,,,,,,,
cmapss_ad,subset-FD003,cmapss:FD003,ad,diagonal Gaussian · 3 dead (imputed),0.7094285313808758,0.016666588867497122,0.2881614961705535,0.0179428196153588,0.5100873429929745,0.009548819976859649,0.5582550199829682,0.027888862761857026,0.8594380110758122,0.016922362615679705,0.8447562974326503,0.007267759944574465,0.9922777228266684,4.176933912954901e-05,0.6758234146030354,0.025106575045256357,,,,,,,3,"[0, 1, 2]",FD003,3.0,0.0,,,,,,,,,,,,,,,,,,,,,,,,,,,,,,,,,,,,,,,,,,,,,,,,,,,,,,,,,,,,,,,,,,,,,,,,,,,,,,,,,,,,,,,,,,,,,,,,,,,,,,,,,,,,,,,,,,,,,,,,,,,,,,,,,,,,,,,,,,,,,,,,
cmapss_ad,subset-FD003,cmapss:FD003,ad,PC · structural-only score,0.6759503198714699,0.01575341368604661,0.26794118720906196,0.01505441621571457,0.4964709089111059,0.005957356703078844,0.5470051191475357,0.04131628735287996,0.8775889766879853,0.006321276875477229,0.7661406344132645,0.014607415071345574,0.8551338610968756,0.037329301753926306,0.6287658209210227,0.03435572308070427,,,,,,,3,"[0, 1, 2]",FD003,,,,,,,,,,,,,,,,,,,,,,,,,,,,,,,,,,,,,,,,,,,,,,,,,,,,,,,,,,,,,,,,,,,,,,,,,,,,,,,,,,,,,,,,,,,,,,,,,,,,,,,,,,,,,,,,,,,,,,,,,,,,,,,,,,,,,,,,,,,,,,,,,,
cmapss_ad,subset-FD004,cmapss:FD004,ad,"RegionGraphPC [chain, K=8]",0.7991938879145083,0.011223642578720957,0.6283472564728455,0.015148034015798213,0.5835484933338556,0.042868776440738735,0.6085959934639616,0.03244268056831186,0.9794061177416875,0.0029575769657631357,0.9661082100422017,0.0036054851637666997,0.9824699912495968,0.0010087617320579058,0.7754097606153273,0.016702090432184666,66.31742318471272,5.092597267320825,17280.0,0.0,47.36388142903646,13.807188875650557,3,"[0, 1, 2]",FD004,,,,,,,,,,,,,,,,,,,,,,,,,,,,,,,,,,,,,,,,,,,,,,,,,,,,,,,,,,,,,,,,,,,,,,,,,,,,,,,,,,,,,,,,,,,,,,,,,,,,,,,,,,,,,,,,,,,,,,,,,,,,,,,,,,,,,,,,,,,,,,,,,,
cmapss_ad,subset-FD004,cmapss:FD004,ad,z-score (per channel),0.7949726692156659,0.004078731873988242,0.5874002689725039,0.006858161986162698,0.5072120962621456,0.007601692600838493,0.5182066893316454,0.006597341341113485,0.977917670626217,0.003119265963128964,0.9528017171941375,0.004429973016704687,0.9466080113119649,0.0035122397522163,0.9433144783932415,0.0037912451512277347,0.13244263331095377,0.007182254958015649,,,,,3,"[0, 1, 2]",FD004,,,,,,,,,,,,,,,,,,,,,,,,,,,,,,,,,,,,,,,,,,,,,,,,,,,,,,,,,,,,,,,,,,,,,,,,,,,,,,,,,,,,,,,,,,,,,,,,,,,,,,,,,,,,,,,,,,,,,,,,,,,,,,,,,,,,,,,,,,,,,,,,,,
cmapss_ad,subset-FD004,cmapss:FD004,ad,moving-average residual,0.7825286564786448,0.0039044252757121202,0.5925778515229885,0.009867472891257549,0.4989261714132837,0.00546063974140758,0.5051944790002889,0.00801193716745588,0.9504740064520716,0.007975190255415371,0.9133373746870133,0.011224075774561821,0.910995248088907,0.004801731607649747,0.9769981184510509,0.004609721171227749,0.9087766806284586,0.006973883457625761,,,,,3,"[0, 1, 2]",FD004,,,,,,,,,,,,,,,,,,,,,,,,,,,,,,,,,,,,,,,,,,,,,,,,,,,,,,,,,,,,,,,,,,,,,,,,,,,,,,,,,,,,,,,,,,,,,,,,,,,,,,,,,,,,,,,,,,,,,,,,,,,,,,,,,,,,,,,,,,,,,,,,,,
cmapss_ad,subset-FD004,cmapss:FD004,ad,diagonal Gaussian,0.7695780474711645,0.007379644323406521,0.5860584148564275,0.009008341032276263,0.5137255909766213,0.011881950114603263,0.515578414191841,0.01807997251385552,0.9780499828965544,0.003093667966606497,0.9651909324135532,0.003510205468659895,0.981820724241489,0.0006427152184797347,0.7801998600090506,0.016715771007260925,0.3912086486816406,0.011418419282578869,,,,,3,"[0, 1, 2]",FD004,,,,,,,,,,,,,,,,,,,,,,,,,,,,,,,,,,,,,,,,,,,,,,,,,,,,,,,,,,,,,,,,,,,,,,,,,,,,,,,,,,,,,,,,,,,,,,,,,,,,,,,,,,,,,,,,,,,,,,,,,,,,,,,,,,,,,,,,,,,,,,,,,,
cmapss_ad,subset-FD004,cmapss:FD004,ad,PCA reconstruction,0.7272855821708685,0.004506683409866736,0.34062799925324105,0.008051253086075223,0.5015336093008186,0.02611799705442678,0.5821688245910825,0.008584501397679035,0.9308355668247907,0.0025603491938957948,0.9129346333685232,0.002983881372922521,0.8215810889784775,0.004436391824377479,0.6639290976779836,0.01809918155651686,0.4583423137664795,0.011885264172910397,,,,,3,"[0, 1, 2]",FD004,,,,,,,,,,,,,,,,,,,,,,,,,,,,,,,,,,,,,,,,,,,,,,,,,,,,,,,,,,,,,,,,,,,,,,,,,,,,,,,,,,,,,,,,,,,,,,,,,,,,,,,,,,,,,,,,,,,,,,,,,,,,,,,,,,,,,,,,,,,,,,,,,,
cmapss_ad,subset-FD004,cmapss:FD004,ad,1-NN distance,0.8056525082157644,0.0038167769968835996,0.5731820040821107,0.008816513879051921,0.4925075939894541,0.020884136160186088,0.6188024131484618,0.005691869743831241,0.9923366408419073,0.0008306869100817155,0.9922581357702863,0.00023595940903953854,0.9568936688459257,0.0019387566678128751,0.8581259871055894,0.008821252351772007,1.0899909337361653,0.008962465936073319,,,,,3,"[0, 1, 2]",FD004,,,,,,,,,,,,,,,,,,,,,,,,,,,,,,,,,,,,,,,,,,,,,,,,,,,,,,,,,,,,,,,,,,,,,,,,,,,,,,,,,,,,,,,,,,,,,,,,,,,,,,,,,,,,,,,,,,,,,,,,,,,,,,,,,,,,,,,,,,,,,,,,,,
cmapss_ad,subset-FD004,cmapss:FD004,ad,Mahalanobis,0.8500753141256921,0.004267514345734365,0.6966316722068772,0.006999868744748624,0.5482801115201492,0.010720553244993571,0.7173673463295249,0.01538525598086131,0.9974025948023325,0.0002232309933869153,0.9957422747240224,0.000979627395949246,0.9675331882141659,0.001513840289048868,0.9309823156903992,0.0029152922742395368,1.7553592522939045,0.01128980547488163,,,,,3,"[0, 1, 2]",FD004,,,,,,,,,,,,,,,,,,,,,,,,,,,,,,,,,,,,,,,,,,,,,,,,,,,,,,,,,,,,,,,,,,,,,,,,,,,,,,,,,,,,,,,,,,,,,,,,,,,,,,,,,,,,,,,,,,,,,,,,,,,,,,,,,,,,,,,,,,,,,,,,,,
cmapss_ad,subset-FD004,cmapss:FD004,ad,Isolation Forest,0.6751759012891366,0.008086756962303165,0.26914595532021074,0.01419995165602153,0.5160903172309258,0.0167874532740147,0.5233540800437408,0.008802630781481618,0.8481921938875218,0.013590619582739157,0.8515528483363376,0.010989251064562921,0.9824885049314465,0.0009097924355840149,0.5100701211896194,0.030487149371760735,0.5718369483947754,0.03147337598120572,,,,,3,"[0, 1, 2]",FD004,,,,,,,,,,,,,,,,,,,,,,,,,,,,,,,,,,,,,,,,,,,,,,,,,,,,,,,,,,,,,,,,,,,,,,,,,,,,,,,,,,,,,,,,,,,,,,,,,,,,,,,,,,,,,,,,,,,,,,,,,,,,,,,,,,,,,,,,,,,,,,,,,,
cmapss_ad,subset-FD004,cmapss:FD004,ad,GMM (8 comp.),0.8816831943915507,0.0035462297389333383,0.7394604818404381,0.005746873808702403,0.6308168162300872,0.008635500995387518,0.8043796521027642,0.01686707249610824,0.9980128721635658,0.0003154204231664491,0.9972248663326965,0.0002429347313964737,0.9742253148927804,0.004495871124835416,0.9306835266487479,0.004029380670599026,40.48302960395813,7.440510140138361,,,,,3,"[0, 1, 2]",FD004,,,,,,,,,,,,,,,,,,,,,,,,,,,,,,,,,,,,,,,,,,,,,,,,,,,,,,,,,,,,,,,,,,,,,,,,,,,,,,,,,,,,,,,,,,,,,,,,,,,,,,,,,,,,,,,,,,,,,,,,,,,,,,,,,,,,,,,,,,,,,,,,,,
cmapss_ad,subset-FD004,cmapss:FD004,ad,conv autoencoder,0.8387986362828453,0.006287932400132922,0.7031157280966452,0.001044423534835747,0.5332084710393539,0.012309043439016511,0.682733361748948,0.013625316588441783,0.9975691338977155,0.0004240168572875316,0.9911677886190989,0.0029645253748247736,0.9827886134462515,0.003307604019369233,0.9172838162624729,0.005522445293706158,6.987566868464152,0.4424841401451845,,,,,3,"[0, 1, 2]",FD004,,,,,,,,,,,,,,,,,,,,,,,,,,,,,,,,,,,,,,,,,,,,,,,,,,,,,,,,,,,,,,,,,,,,,,,,,,,,,,,,,,,,,,,,,,,,,,,,,,,,,,,,,,,,,,,,,,,,,,,,,,,,,,,,,,,,,,,,,,,,,,,,,,
cmapss_ad,subset-FD004,cmapss:FD004,ad,Deep SVDD,0.7748407413177777,0.008646874393300924,0.5873746334606038,0.015093355579062693,0.49610590240743924,0.01597375729802545,0.6039345519130223,0.016277807805797528,0.9873432469298478,0.004188038300324336,0.9727686624065893,0.013367340156419934,0.9825277222266696,0.0033723759349740803,0.7212086792065335,0.03222900666243888,0.944151242574056,0.048184172482766324,,,,,3,"[0, 1, 2]",FD004,,,,,,,,,,,,,,,,,,,,,,,,,,,,,,,,,,,,,,,,,,,,,,,,,,,,,,,,,,,,,,,,,,,,,,,,,,,,,,,,,,,,,,,,,,,,,,,,,,,,,,,,,,,,,,,,,,,,,,,,,,,,,,,,,,,,,,,,,,,,,,,,,,
cmapss_ad,subset-FD004,cmapss:FD004,ad,PC · 3 dead (exact marginal),0.7820967086947216,0.00603744896893676,0.5928936490328259,0.007798875858202906,0.5680345421377997,0.0381256726786513,0.5885089517922983,0.017081267253573902,0.9673447336946702,0.007161050948035479,0.9516341300340407,0.002205290425769219,0.9797135014931003,0.0014625241208809578,0.7473883027633742,0.02026774108579071,,,,,,,3,"[0, 1, 2]",FD004,3.0,0.0,,,,,,,,,,,,,,,,,,,,,,,,,,,,,,,,,,,,,,,,,,,,,,,,,,,,,,,,,,,,,,,,,,,,,,,,,,,,,,,,,,,,,,,,,,,,,,,,,,,,,,,,,,,,,,,,,,,,,,,,,,,,,,,,,,,,,,,,,,,,,,,,
cmapss_ad,subset-FD004,cmapss:FD004,ad,PC · 3 dead (mean-imputed),0.7095139835713485,0.03013283955569619,0.47319027291425586,0.07024910364524668,0.5245893282966224,0.01896045634055087,0.5108013223515367,0.017626793660342956,0.920791708785424,0.03511901287405445,0.8807885483319979,0.025898218492902733,0.8012071871347307,0.0923312275946475,0.6688171305624464,0.045854521903345005,,,,,,,3,"[0, 1, 2]",FD004,3.0,0.0,,,,,,,,,,,,,,,,,,,,,,,,,,,,,,,,,,,,,,,,,,,,,,,,,,,,,,,,,,,,,,,,,,,,,,,,,,,,,,,,,,,,,,,,,,,,,,,,,,,,,,,,,,,,,,,,,,,,,,,,,,,,,,,,,,,,,,,,,,,,,,,,
cmapss_ad,subset-FD004,cmapss:FD004,ad,z-score (per channel) · 3 dead (imputed),0.7839349571576285,0.00534090761572087,0.5611991457833598,0.008503695200391155,0.5111531301207194,0.010519146658366592,0.5152621187644745,0.0077302650031560215,0.966783465890221,0.00796726517874788,0.9409578152390088,0.0012296087326354329,0.9476637854192284,0.00353609483993775,0.9067106323573874,0.0011620276804576747,,,,,,,3,"[0, 1, 2]",FD004,3.0,0.0,,,,,,,,,,,,,,,,,,,,,,,,,,,,,,,,,,,,,,,,,,,,,,,,,,,,,,,,,,,,,,,,,,,,,,,,,,,,,,,,,,,,,,,,,,,,,,,,,,,,,,,,,,,,,,,,,,,,,,,,,,,,,,,,,,,,,,,,,,,,,,,,
cmapss_ad,subset-FD004,cmapss:FD004,ad,moving-average residual · 3 dead (imputed),0.7630205267475937,0.0062249928346339144,0.5518087078699057,0.014507271311686595,0.5048320685015696,0.008830223277170717,0.5030940379986909,0.0038602177215541476,0.9200048246223081,0.014881002705621092,0.8767463681447424,0.01206045870135476,0.9084837317679394,0.0050083172620368635,0.9376285213762046,0.006201270811656535,,,,,,,3,"[0, 1, 2]",FD004,3.0,0.0,,,,,,,,,,,,,,,,,,,,,,,,,,,,,,,,,,,,,,,,,,,,,,,,,,,,,,,,,,,,,,,,,,,,,,,,,,,,,,,,,,,,,,,,,,,,,,,,,,,,,,,,,,,,,,,,,,,,,,,,,,,,,,,,,,,,,,,,,,,,,,,,
cmapss_ad,subset-FD004,cmapss:FD004,ad,diagonal Gaussian · 3 dead (imputed),0.758826794696651,0.009517193516351266,0.5607135051203699,0.012971221701324271,0.5141068603174297,0.012991680183514907,0.5153043147570752,0.021041331265161493,0.965618458411791,0.00787596236494932,0.9503606532481018,0.002307473392172323,0.9792195272795858,0.0008022619954413273,0.75118790781284,0.02169335386951043,,,,,,,3,"[0, 1, 2]",FD004,3.0,0.0,,,,,,,,,,,,,,,,,,,,,,,,,,,,,,,,,,,,,,,,,,,,,,,,,,,,,,,,,,,,,,,,,,,,,,,,,,,,,,,,,,,,,,,,,,,,,,,,,,,,,,,,,,,,,,,,,,,,,,,,,,,,,,,,,,,,,,,,,,,,,,,,
cmapss_ad,subset-FD004,cmapss:FD004,ad,PC · structural-only score,0.7711384934924244,0.016203740751884133,0.6246674663517403,0.022447063996870135,0.613952197867545,0.025545118870518205,0.6191127174033406,0.04900750500465901,0.9522961314275733,0.008204634061662773,0.9224658515692568,0.008608899277736613,0.8735381255741211,0.03397287081208937,0.7001759624911706,0.01891646780544799,,,,,,,3,"[0, 1, 2]",FD004,,,,,,,,,,,,,,,,,,,,,,,,,,,,,,,,,,,,,,,,,,,,,,,,,,,,,,,,,,,,,,,,,,,,,,,,,,,,,,,,,,,,,,,,,,,,,,,,,,,,,,,,,,,,,,,,,,,,,,,,,,,,,,,,,,,,,,,,,,,,,,,,,,
cmapss_ad,subset-FD002,cmapss:FD002,ad,"RegionGraphPC [chain, K=8]",0.8494939133736396,0.006580615290404835,0.7523047628374622,0.013315442374367971,0.6246461080599531,0.010714082821061361,0.6948593930994847,0.012194329357828316,0.9876155705678541,0.004436200190450145,0.9825108675338968,0.006910210642004955,0.9964431124028863,0.0023798587126396607,0.84069929647784,0.012098117644034586,52.976113398869835,1.8190889648651556,17280.0,0.0,-94.57217152913411,20.734887711479484,3,"[0, 1, 2]",FD002,,,,,,,,,,,,,,,,,,,,,,,,,,,,,,,,,,,,,,,,,,,,,,,,,,,,,,,,,,,,,,,,,,,,,,,,,,,,,,,,,,,,,,,,,,,,,,,,,,,,,,,,,,,,,,,,,,,,,,,,,,,,,,,,,,,,,,,,,,,,,,,,,,
cmapss_ad,subset-FD002,cmapss:FD002,ad,z-score (per channel),0.8000032346940857,0.00336251259917072,0.6276591662497784,0.003598898236513544,0.5018823943652686,0.017455976817246033,0.5047553390814531,0.007544738496233108,0.9795297079922437,0.0013600102196157115,0.9565973570203576,0.008810366139725209,0.9519511618917681,0.0009831782184151576,0.9290034387096253,0.007626649537488212,0.1168653170267741,0.0012452854435985993,,,,,3,"[0, 1, 2]",FD002,,,,,,,,,,,,,,,,,,,,,,,,,,,,,,,,,,,,,,,,,,,,,,,,,,,,,,,,,,,,,,,,,,,,,,,,,,,,,,,,,,,,,,,,,,,,,,,,,,,,,,,,,,,,,,,,,,,,,,,,,,,,,,,,,,,,,,,,,,,,,,,,,,
cmapss_ad,subset-FD002,cmapss:FD002,ad,moving-average residual,0.7951636265385281,0.003587911317402298,0.6518500398465757,0.005377220151397447,0.49715393840757205,0.02727621294778366,0.5029921465535061,0.008931240817582353,0.9540228883233154,0.008683189517514886,0.9180462853538685,0.012365977988270825,0.9512502496969079,0.0008635718773071183,0.9712092426709029,0.0061417341451345505,0.7862168153127035,0.00674033721296249,,,,,3,"[0, 1, 2]",FD002,,,,,,,,,,,,,,,,,,,,,,,,,,,,,,,,,,,,,,,,,,,,,,,,,,,,,,,,,,,,,,,,,,,,,,,,,,,,,,,,,,,,,,,,,,,,,,,,,,,,,,,,,,,,,,,,,,,,,,,,,,,,,,,,,,,,,,,,,,,,,,,,,,
cmapss_ad,subset-FD002,cmapss:FD002,ad,diagonal Gaussian,0.7977645994739856,0.0029192192260427286,0.672123285190701,0.005084284292941834,0.49050636437425293,0.0053402458507983514,0.5183615428352862,0.012784825533427331,0.9878285236136245,0.0011551377040081175,0.9851166751726046,0.004182345865387398,0.9989329932946466,1.5888571351175147e-05,0.8447375191859484,0.005683620673080437,0.3703315258026123,0.008414073589003057,,,,,3,"[0, 1, 2]",FD002,,,,,,,,,,,,,,,,,,,,,,,,,,,,,,,,,,,,,,,,,,,,,,,,,,,,,,,,,,,,,,,,,,,,,,,,,,,,,,,,,,,,,,,,,,,,,,,,,,,,,,,,,,,,,,,,,,,,,,,,,,,,,,,,,,,,,,,,,,,,,,,,,,
cmapss_ad,subset-FD002,cmapss:FD002,ad,PCA reconstruction,0.7377104293816669,0.004418148893007252,0.4075578768449785,0.0023780022402122795,0.5184623601803322,0.025806183634719905,0.57170466863406,0.009798092029471272,0.9283313487233725,0.008278242445627066,0.9031086512869372,0.008277080645256464,0.854436061094478,0.0005177550697096258,0.6723653804341395,0.013602543139057087,0.4321285088857015,0.00855209092070457,,,,,3,"[0, 1, 2]",FD002,,,,,,,,,,,,,,,,,,,,,,,,,,,,,,,,,,,,,,,,,,,,,,,,,,,,,,,,,,,,,,,,,,,,,,,,,,,,,,,,,,,,,,,,,,,,,,,,,,,,,,,,,,,,,,,,,,,,,,,,,,,,,,,,,,,,,,,,,,,,,,,,,,
cmapss_ad,subset-FD002,cmapss:FD002,ad,1-NN distance,0.8248021347126162,0.002387062720461452,0.6765289317088355,0.004677140213560648,0.512085307210107,0.026580932184236232,0.5980428205685772,0.003178627282655112,0.9978035534913084,0.00024945260735769424,0.9981194260433034,0.00042252707091845895,0.9890612511560913,4.188590183771761e-05,0.882163851493793,0.007342888731780959,0.9049030145009359,0.006987544132056478,,,,,3,"[0, 1, 2]",FD002,,,,,,,,,,,,,,,,,,,,,,,,,,,,,,,,,,,,,,,,,,,,,,,,,,,,,,,,,,,,,,,,,,,,,,,,,,,,,,,,,,,,,,,,,,,,,,,,,,,,,,,,,,,,,,,,,,,,,,,,,,,,,,,,,,,,,,,,,,,,,,,,,,
cmapss_ad,subset-FD002,cmapss:FD002,ad,Mahalanobis,0.8610055172242257,0.005227742655016781,0.7489782170032838,0.006152885826749649,0.5480637768112535,0.02534404898827046,0.7116736180364045,0.029166512877875573,0.9981379189151588,0.00013868902863989222,0.9982435314079239,0.0006903001545078607,0.9934657082504471,9.097605141820825e-05,0.9363807905872505,0.00423702417733175,1.7267985343933105,0.009791381599791869,,,,,3,"[0, 1, 2]",FD002,,,,,,,,,,,,,,,,,,,,,,,,,,,,,,,,,,,,,,,,,,,,,,,,,,,,,,,,,,,,,,,,,,,,,,,,,,,,,,,,,,,,,,,,,,,,,,,,,,,,,,,,,,,,,,,,,,,,,,,,,,,,,,,,,,,,,,,,,,,,,,,,,,
cmapss_ad,subset-FD002,cmapss:FD002,ad,Isolation Forest,0.7139454699072297,0.006883767918450667,0.4704934885012278,0.014304645559921099,0.48592823465281293,0.006870899539036516,0.5343957085291727,0.02262767406853491,0.913129913825249,0.01751555323635128,0.9017520041236061,0.009669515807072069,0.9975144919505984,0.0011546787233618525,0.5240641470867593,0.008867484807846897,0.5885310967763265,0.016341249429183278,,,,,3,"[0, 1, 2]",FD002,,,,,,,,,,,,,,,,,,,,,,,,,,,,,,,,,,,,,,,,,,,,,,,,,,,,,,,,,,,,,,,,,,,,,,,,,,,,,,,,,,,,,,,,,,,,,,,,,,,,,,,,,,,,,,,,,,,,,,,,,,,,,,,,,,,,,,,,,,,,,,,,,,
cmapss_ad,subset-FD002,cmapss:FD002,ad,GMM (8 comp.),0.8863992694743303,0.005748910328560033,0.7827196388199686,0.008951558431789007,0.6225006419212549,0.02072774380807703,0.7867574063758099,0.030057212137204307,0.9979914372794765,0.00048654239791826357,0.9984545222632516,0.0007537484906748782,0.9942976859465257,0.000188255199501462,0.934671961528911,0.004006839204962086,5.043025811513265,0.6293419843245781,,,,,3,"[0, 1, 2]",FD002,,,,,,,,,,,,,,,,,,,,,,,,,,,,,,,,,,,,,,,,,,,,,,,,,,,,,,,,,,,,,,,,,,,,,,,,,,,,,,,,,,,,,,,,,,,,,,,,,,,,,,,,,,,,,,,,,,,,,,,,,,,,,,,,,,,,,,,,,,,,,,,,,,
cmapss_ad,subset-FD002,cmapss:FD002,ad,conv autoencoder,0.8326823776949196,0.005097322343222197,0.7175471930710856,0.002977217681031654,0.505614164360107,0.017516579540483232,0.6291725925437252,0.026904059367240094,0.9952496314268484,0.001737802994423495,0.9914718381139099,0.00038845772995678695,0.9978769987587043,0.000781419183077338,0.9035626662681269,0.005332463498561976,6.117489496866862,0.7333049341052947,,,,,3,"[0, 1, 2]",FD002,,,,,,,,,,,,,,,,,,,,,,,,,,,,,,,,,,,,,,,,,,,,,,,,,,,,,,,,,,,,,,,,,,,,,,,,,,,,,,,,,,,,,,,,,,,,,,,,,,,,,,,,,,,,,,,,,,,,,,,,,,,,,,,,,,,,,,,,,,,,,,,,,,
cmapss_ad,subset-FD002,cmapss:FD002,ad,Deep SVDD,0.7703094589232234,0.011888547192701507,0.6173173021498558,0.011351852922849221,0.4961178022852894,0.03182142054636732,0.5498537348083028,0.027633575628986235,0.962445756670273,0.006351457476023617,0.9596739463487599,0.012221132790203372,0.9871736430105859,0.0032215883337222214,0.7126146880959211,0.018932283884621485,0.8917551040649414,0.16954867345053873,,,,,3,"[0, 1, 2]",FD002,,,,,,,,,,,,,,,,,,,,,,,,,,,,,,,,,,,,,,,,,,,,,,,,,,,,,,,,,,,,,,,,,,,,,,,,,,,,,,,,,,,,,,,,,,,,,,,,,,,,,,,,,,,,,,,,,,,,,,,,,,,,,,,,,,,,,,,,,,,,,,,,,,
cmapss_ad,subset-FD002,cmapss:FD002,ad,PC · 3 dead (exact marginal),0.823504437659709,0.007943431909021106,0.7033186141620941,0.01752697632799277,0.5919977023534585,0.016917526212985007,0.6468213271630692,0.009092354580568911,0.9784146452632659,0.004800091354278439,0.9704257147514904,0.005431275967677002,0.9945649281937389,0.003765294140633968,0.7961092983886014,0.017667309428320756,,,,,,,3,"[0, 1, 2]",FD002,3.0,0.0,,,,,,,,,,,,,,,,,,,,,,,,,,,,,,,,,,,,,,,,,,,,,,,,,,,,,,,,,,,,,,,,,,,,,,,,,,,,,,,,,,,,,,,,,,,,,,,,,,,,,,,,,,,,,,,,,,,,,,,,,,,,,,,,,,,,,,,,,,,,,,,,
cmapss_ad,subset-FD002,cmapss:FD002,ad,PC · 3 dead (mean-imputed),0.6416242088077913,0.013110240128268575,0.40563003977316564,0.01964798896254717,0.5261409687367282,0.018627793826336007,0.5165700715180169,0.020780484856462736,0.8442966237928003,0.004387751371428641,0.7986399953947524,0.011596489887456513,0.5261948638032093,0.04132833505379886,0.5959770383953836,0.03691160005149191,,,,,,,3,"[0, 1, 2]",FD002,3.0,0.0,,,,,,,,,,,,,,,,,,,,,,,,,,,,,,,,,,,,,,,,,,,,,,,,,,,,,,,,,,,,,,,,,,,,,,,,,,,,,,,,,,,,,,,,,,,,,,,,,,,,,,,,,,,,,,,,,,,,,,,,,,,,,,,,,,,,,,,,,,,,,,,,
cmapss_ad,subset-FD002,cmapss:FD002,ad,z-score (per channel) · 3 dead (imputed),0.784529261390574,0.0018866122009549469,0.5857927202546299,0.001999179787733157,0.5014284147854614,0.018744131791682318,0.5041507794170941,0.006356532380171369,0.964283724929845,0.0041124293475842694,0.9306103204705316,0.0015840943076738717,0.9519631876888335,0.0009841651431949032,0.8847040769057806,0.010569463661081668,,,,,,,3,"[0, 1, 2]",FD002,3.0,0.0,,,,,,,,,,,,,,,,,,,,,,,,,,,,,,,,,,,,,,,,,,,,,,,,,,,,,,,,,,,,,,,,,,,,,,,,,,,,,,,,,,,,,,,,,,,,,,,,,,,,,,,,,,,,,,,,,,,,,,,,,,,,,,,,,,,,,,,,,,,,,,,,
cmapss_ad,subset-FD002,cmapss:FD002,ad,moving-average residual · 3 dead (imputed),0.772250309002132,0.0038526858931928875,0.6041486137443313,0.004769752452164576,0.49557845562241654,0.024927003421361983,0.5056248042952253,0.010019068163218221,0.919623741914824,0.007139958112806015,0.8700139791285846,0.007551708010807084,0.9517893401544528,0.000866713446822667,0.9230953662029128,0.006877287297544547,,,,,,,3,"[0, 1, 2]",FD002,3.0,0.0,,,,,,,,,,,,,,,,,,,,,,,,,,,,,,,,,,,,,,,,,,,,,,,,,,,,,,,,,,,,,,,,,,,,,,,,,,,,,,,,,,,,,,,,,,,,,,,,,,,,,,,,,,,,,,,,,,,,,,,,,,,,,,,,,,,,,,,,,,,,,,,,
cmapss_ad,subset-FD002,cmapss:FD002,ad,diagonal Gaussian · 3 dead (imputed),0.7855305384794692,0.0018276292446502513,0.6469401613147929,0.003915749187911151,0.4905179714580159,0.004732014078572201,0.5165528960181313,0.011321005682799175,0.9788888988910354,0.00441416068549306,0.9734695528102808,0.0037585869063533643,0.9982279467422014,2.8793431111701368e-05,0.7994581476704146,0.008463702098618539,,,,,,,3,"[0, 1, 2]",FD002,3.0,0.0,,,,,,,,,,,,,,,,,,,,,,,,,,,,,,,,,,,,,,,,,,,,,,,,,,,,,,,,,,,,,,,,,,,,,,,,,,,,,,,,,,,,,,,,,,,,,,,,,,,,,,,,,,,,,,,,,,,,,,,,,,,,,,,,,,,,,,,,,,,,,,,,
cmapss_ad,subset-FD002,cmapss:FD002,ad,PC · structural-only score,0.8003040930982542,0.01547219454834167,0.6597099451257038,0.03688494374112323,0.661451609145911,0.009964890010847726,0.7235392725169518,0.017676628211126595,0.9609362750582279,0.006840020562036958,0.9321209994257603,0.014745612214323472,0.7692084167851484,0.05722040052681235,0.7387161061766991,0.029591184879238706,,,,,,,3,"[0, 1, 2]",FD002,,,,,,,,,,,,,,,,,,,,,,,,,,,,,,,,,,,,,,,,,,,,,,,,,,,,,,,,,,,,,,,,,,,,,,,,,,,,,,,,,,,,,,,,,,,,,,,,,,,,,,,,,,,,,,,,,,,,,,,,,,,,,,,,,,,,,,,,,,,,,,,,,,
cmapss_ad,subset-FD001,cmapss:FD001,ad,"RegionGraphPC [chain, K=8]",0.753182494749809,0.008560003611561569,0.5037958577681753,0.010165277790509786,0.5053931072021189,0.010468087793144868,0.5430142732781332,0.01751908286089225,0.95014546077955,0.007616091958134645,0.939140655941236,0.018233687487486848,0.999969399646579,1.6470691541608208e-05,0.728791805494145,0.029290477387387992,17.501518567403156,1.0736156520460387,15360.0,0.0,193.2324676513672,10.801708349972628,3,"[0, 1, 2]",FD001,,,,,,,,,,,,,,,,,,,,,,,,,,,,,,,,,,,,,,,,,,,,,,,,,,,,,,,,,,,,,,,,,,,,,,,,,,,,,,,,,,,,,,,,,,,,,,,,,,,,,,,,,,,,,,,,,,,,,,,,,,,,,,,,,,,,,,,,,,,,,,,,,,
cmapss_ad,subset-FD001,cmapss:FD001,ad,z-score (per channel),0.6901487778877634,0.003796869893701404,0.4055849891861169,0.01627082655805675,0.49135692198738806,0.02079389884534758,0.5091079478704826,0.02103283919169636,0.8105323995818519,0.017272622163241838,0.7061585753331272,0.005868651688379402,0.6677308057623731,0.001140881187655037,0.9225247880975663,0.013530815369558802,0.03334625562032064,0.0007842587481325592,,,,,3,"[0, 1, 2]",FD001,,,,,,,,,,,,,,,,,,,,,,,,,,,,,,,,,,,,,,,,,,,,,,,,,,,,,,,,,,,,,,,,,,,,,,,,,,,,,,,,,,,,,,,,,,,,,,,,,,,,,,,,,,,,,,,,,,,,,,,,,,,,,,,,,,,,,,,,,,,,,,,,,,
cmapss_ad,subset-FD001,cmapss:FD001,ad,moving-average residual,0.7159034443869919,0.019318008815436074,0.5094576374503562,0.02051159378865471,0.5128794495019231,0.026997189668015082,0.49072858287302373,0.029884424561522252,0.8117437289116637,0.02916982422898082,0.7255608805995006,0.009697536803088174,0.7605444453121484,0.0022290816850248237,0.9973203069478117,0.002833646108659598,0.21625717480977377,0.001633056691410506,,,,,3,"[0, 1, 2]",FD001,,,,,,,,,,,,,,,,,,,,,,,,,,,,,,,,,,,,,,,,,,,,,,,,,,,,,,,,,,,,,,,,,,,,,,,,,,,,,,,,,,,,,,,,,,,,,,,,,,,,,,,,,,,,,,,,,,,,,,,,,,,,,,,,,,,,,,,,,,,,,,,,,,
cmapss_ad,subset-FD001,cmapss:FD001,ad,diagonal Gaussian,0.7349119861355341,0.004903936455245944,0.44902222622397997,0.006961512265942537,0.5054793512216672,0.013296223161169947,0.5315848747120092,0.024231092904474026,0.9276023880021386,0.009819715242812787,0.9158394175506205,0.019464342408487614,0.999972978732004,1.3849166663092297e-07,0.6887401210773794,0.025300127352537973,0.08446057637532552,0.00148310071023773,,,,,3,"[0, 1, 2]",FD001,,,,,,,,,,,,,,,,,,,,,,,,,,,,,,,,,,,,,,,,,,,,,,,,,,,,,,,,,,,,,,,,,,,,,,,,,,,,,,,,,,,,,,,,,,,,,,,,,,,,,,,,,,,,,,,,,,,,,,,,,,,,,,,,,,,,,,,,,,,,,,,,,,
cmapss_ad,subset-FD001,cmapss:FD001,ad,PCA reconstruction,0.8115771787100391,0.00523767006127208,0.6619240373599705,0.005978094033825151,0.50676220205049,0.028164055547766523,0.6739174852253526,0.03289238770319558,0.9850108120960543,0.006017828241887721,0.9897792820221225,0.008830685743920258,0.9220417053968714,0.0009670234449989455,0.8464346247640514,0.018292024032817916,0.11274226506551106,0.01075089403465109,,,,,3,"[0, 1, 2]",FD001,,,,,,,,,,,,,,,,,,,,,,,,,,,,,,,,,,,,,,,,,,,,,,,,,,,,,,,,,,,,,,,,,,,,,,,,,,,,,,,,,,,,,,,,,,,,,,,,,,,,,,,,,,,,,,,,,,,,,,,,,,,,,,,,,,,,,,,,,,,,,,,,,,
cmapss_ad,subset-FD001,cmapss:FD001,ad,1-NN distance,0.8437516151771338,0.0029822622468806278,0.7317538929856825,0.0016415410983972021,0.5051003020625716,0.03289449426728479,0.6894561476594864,0.05119755864695194,0.9999262553804948,6.483433543113259e-05,0.9998503546370375,0.0002041143106935271,0.9998865106744166,5.81664999761512e-07,0.9419120007360166,0.001726452366324384,0.1456021467844645,0.0038989101783212855,,,,,3,"[0, 1, 2]",FD001,,,,,,,,,,,,,,,,,,,,,,,,,,,,,,,,,,,,,,,,,,,,,,,,,,,,,,,,,,,,,,,,,,,,,,,,,,,,,,,,,,,,,,,,,,,,,,,,,,,,,,,,,,,,,,,,,,,,,,,,,,,,,,,,,,,,,,,,,,,,,,,,,,
cmapss_ad,subset-FD001,cmapss:FD001,ad,Mahalanobis,0.83148935876401,0.002360644230910905,0.674844238761081,0.000659841617969686,0.5163571515071024,0.037845160667656495,0.7175398100287222,0.04270995527155189,0.9992588152013165,0.0006513574186942897,0.9998373401104358,4.313548607577269e-05,0.7845726560128504,0.000753570713375443,0.9292480928444911,0.013700935810355789,0.36384129524230957,0.004399748397246509,,,,,3,"[0, 1, 2]",FD001,,,,,,,,,,,,,,,,,,,,,,,,,,,,,,,,,,,,,,,,,,,,,,,,,,,,,,,,,,,,,,,,,,,,,,,,,,,,,,,,,,,,,,,,,,,,,,,,,,,,,,,,,,,,,,,,,,,,,,,,,,,,,,,,,,,,,,,,,,,,,,,,,,
cmapss_ad,subset-FD001,cmapss:FD001,ad,Isolation Forest,0.7110910164401557,0.008539839071453684,0.3973115137009882,0.007428596129556647,0.49848563217215913,0.02482149417077504,0.5761221058140208,0.02574985906483119,0.9109156926087962,0.013073669511599844,0.9224051349151253,0.01852092237794563,0.9998413725305612,3.962184248630443e-05,0.5415876197763695,0.021075684861867873,0.2115191618601481,0.0009530814334601376,,,,,3,"[0, 1, 2]",FD001,,,,,,,,,,,,,,,,,,,,,,,,,,,,,,,,,,,,,,,,,,,,,,,,,,,,,,,,,,,,,,,,,,,,,,,,,,,,,,,,,,,,,,,,,,,,,,,,,,,,,,,,,,,,,,,,,,,,,,,,,,,,,,,,,,,,,,,,,,,,,,,,,,
cmapss_ad,subset-FD001,cmapss:FD001,ad,GMM (8 comp.),0.8323565350840858,0.017489301762735165,0.7023337777882092,0.044279661593055325,0.5075145661649021,0.032103100845680806,0.7159417041128907,0.052837615404017865,0.9992418263693404,0.0006691222526069681,0.999561425073877,0.0005042114653055966,0.8814412629776888,0.10098060822236683,0.9060231846569451,0.03512049103929131,1.062501351038615,0.5780280069482058,,,,,3,"[0, 1, 2]",FD001,,,,,,,,,,,,,,,,,,,,,,,,,,,,,,,,,,,,,,,,,,,,,,,,,,,,,,,,,,,,,,,,,,,,,,,,,,,,,,,,,,,,,,,,,,,,,,,,,,,,,,,,,,,,,,,,,,,,,,,,,,,,,,,,,,,,,,,,,,,,,,,,,,
cmapss_ad,subset-FD001,cmapss:FD001,ad,conv autoencoder,0.7996458531029785,0.009360364556357614,0.6470004838417607,0.018831782033134865,0.5040453164092014,0.0363463107159874,0.6430106894775746,0.023456289494117245,0.9888580941628494,0.009893808979664916,0.9798294643493949,0.004775436612919635,0.9793592282588044,0.005165571444236328,0.8027574723839713,0.02146731103712728,2.1515630086263022,0.28308925404769386,,,,,3,"[0, 1, 2]",FD001,,,,,,,,,,,,,,,,,,,,,,,,,,,,,,,,,,,,,,,,,,,,,,,,,,,,,,,,,,,,,,,,,,,,,,,,,,,,,,,,,,,,,,,,,,,,,,,,,,,,,,,,,,,,,,,,,,,,,,,,,,,,,,,,,,,,,,,,,,,,,,,,,,
cmapss_ad,subset-FD001,cmapss:FD001,ad,Deep SVDD,0.7527226138933684,0.01022940843527595,0.5271544548632585,0.006733221307159397,0.5009902271297254,0.015676452651338532,0.6141432363916982,0.014887441983585468,0.9598080907793353,0.012116900450695606,0.9406069890053775,0.011431113098679793,0.9625517894338711,0.0023536700788330577,0.6668537997667517,0.03119706309081633,0.20666424433390299,0.03351396478485201,,,,,3,"[0, 1, 2]",FD001,,,,,,,,,,,,,,,,,,,,,,,,,,,,,,,,,,,,,,,,,,,,,,,,,,,,,,,,,,,,,,,,,,,,,,,,,,,,,,,,,,,,,,,,,,,,,,,,,,,,,,,,,,,,,,,,,,,,,,,,,,,,,,,,,,,,,,,,,,,,,,,,,,
cmapss_ad,subset-FD001,cmapss:FD001,ad,PC · 3 dead (exact marginal),0.7603830050220642,0.008704882786262007,0.44737321575774763,0.011182549531749011,0.5102475385157704,0.013336672401077915,0.5795928635945155,0.03057250644601481,0.9424226152937142,0.009983353599202443,0.9245001021588464,0.01777518728350884,0.9999784089288523,9.248231930039798e-06,0.7442886019219636,0.013996365635245473,,,,,,,3,"[0, 1, 2]",FD001,3.0,0.0,,,,,,,,,,,,,,,,,,,,,,,,,,,,,,,,,,,,,,,,,,,,,,,,,,,,,,,,,,,,,,,,,,,,,,,,,,,,,,,,,,,,,,,,,,,,,,,,,,,,,,,,,,,,,,,,,,,,,,,,,,,,,,,,,,,,,,,,,,,,,,,,
cmapss_ad,subset-FD001,cmapss:FD001,ad,PC · 3 dead (mean-imputed),0.7099691877049182,0.009061957009929655,0.3650645611050845,0.03262470961558338,0.5187566354273855,0.0013431508279602793,0.5394106375949335,0.02491540333391314,0.8755338611535991,0.022299193661232192,0.847869415870583,0.03652684918527135,0.9999964144597667,6.210337856743165e-06,0.6527883082228448,0.009774620160653476,,,,,,,3,"[0, 1, 2]",FD001,3.0,0.0,,,,,,,,,,,,,,,,,,,,,,,,,,,,,,,,,,,,,,,,,,,,,,,,,,,,,,,,,,,,,,,,,,,,,,,,,,,,,,,,,,,,,,,,,,,,,,,,,,,,,,,,,,,,,,,,,,,,,,,,,,,,,,,,,,,,,,,,,,,,,,,,
cmapss_ad,subset-FD001,cmapss:FD001,ad,z-score (per channel) · 3 dead (imputed),0.7775085210494576,0.008765739534494214,0.6546671513917862,0.017563352247600687,0.4916935614486128,0.015233757784176053,0.4946245176078789,0.003065240201696719,0.9524010875691471,0.01867629302277014,0.8911607275751745,0.030139556469539835,0.9993586087620631,3.385046541985095e-05,0.9505754319431251,0.008340348039685981,,,,,,,3,"[0, 1, 2]",FD001,3.0,0.0,,,,,,,,,,,,,,,,,,,,,,,,,,,,,,,,,,,,,,,,,,,,,,,,,,,,,,,,,,,,,,,,,,,,,,,,,,,,,,,,,,,,,,,,,,,,,,,,,,,,,,,,,,,,,,,,,,,,,,,,,,,,,,,,,,,,,,,,,,,,,,,,
cmapss_ad,subset-FD001,cmapss:FD001,ad,moving-average residual · 3 dead (imputed),0.7004097320935972,0.02686876432024553,0.4705141845960042,0.02985640240091254,0.5236711663142026,0.039649346228737885,0.5013460053013343,0.046409619635286954,0.7837296713198286,0.04646744156443665,0.6904343683783355,0.004014836387805963,0.7908819454543091,0.00210834434880745,0.9467058016507113,0.006385520394162968,,,,,,,3,"[0, 1, 2]",FD001,3.0,0.0,,,,,,,,,,,,,,,,,,,,,,,,,,,,,,,,,,,,,,,,,,,,,,,,,,,,,,,,,,,,,,,,,,,,,,,,,,,,,,,,,,,,,,,,,,,,,,,,,,,,,,,,,,,,,,,,,,,,,,,,,,,,,,,,,,,,,,,,,,,,,,,,
cmapss_ad,subset-FD001,cmapss:FD001,ad,diagonal Gaussian · 3 dead (imputed),0.7163343948324771,0.008287740171805986,0.39159811207258605,0.0070747843295872566,0.507821112012413,0.007861943764620303,0.5340247082951851,0.025552564636830616,0.8923043782381118,0.011915066122724206,0.8654805815880625,0.030176573640960335,1.0,0.0,0.6684579527362299,0.019472746145026677,,,,,,,3,"[0, 1, 2]",FD001,3.0,0.0,,,,,,,,,,,,,,,,,,,,,,,,,,,,,,,,,,,,,,,,,,,,,,,,,,,,,,,,,,,,,,,,,,,,,,,,,,,,,,,,,,,,,,,,,,,,,,,,,,,,,,,,,,,,,,,,,,,,,,,,,,,,,,,,,,,,,,,,,,,,,,,,
cmapss_ad,subset-FD001,cmapss:FD001,ad,PC · structural-only score,0.5626271933921552,0.009524624350379558,0.19269922342138682,0.005427400857662462,0.4885312408444304,0.04413910139845915,0.5004520305553234,0.007864774595399634,0.6399116216453405,0.023601889099960832,0.6089549410280721,0.017824036368465634,0.6323092395302551,0.07479452481629359,0.5509386648041226,0.018019222393996726,,,,,,,3,"[0, 1, 2]",FD001,,,,,,,,,,,,,,,,,,,,,,,,,,,,,,,,,,,,,,,,,,,,,,,,,,,,,,,,,,,,,,,,,,,,,,,,,,,,,,,,,,,,,,,,,,,,,,,,,,,,,,,,,,,,,,,,,,,,,,,,,,,,,,,,,,,,,,,,,,,,,,,,,,
cmapss_structure_x_leaves,vtree-chain_perm_blocks_leaf_components-1,cmapss:FD001,ad,"RegionGraphPC [chain_perm_blocks, K=8]",0.7511768348340077,0.005619116045460764,0.5019093843978961,0.007847223678008946,0.5045038589283926,0.01667539376195303,0.5418816923507775,0.019772255484034704,0.9480143734177043,0.00805069635875965,0.9369272992504052,0.016776065973007296,0.999958598711329,1.3495165521321832e-05,0.7244849543704309,0.022779324301685305,7.249184449513753,0.031108041833678518,15360.0,0.0,190.81527201334634,7.781743597971029,3,"[0, 1, 2]",,,,chain_perm_blocks,1,,,,,,,,,,,,,,,,,,,,,,,,,,,,,,,,,,,,,,,,,,,,,,,,,,,,,,,,,,,,,,,,,,,,,,,,,,,,,,,,,,,,,,,,,,,,,,,,,,,,,,,,,,,,,,,,,,,,,,,,,,,,,,,,,,,,,,,,,,,,,,
cmapss_structure_x_leaves,vtree-chain_perm_blocks_leaf_components-1,cmapss:FD001,ad,PC · structural-only score,0.5706447675882265,0.006845378962414218,0.18577243445736577,0.008473493207572722,0.49093039255295406,0.03826746481178013,0.5096514728075743,0.006346841683754529,0.652711591760176,0.007864169370646523,0.6229251427616561,0.013325214517030356,0.6302429244707565,0.05379287645337434,0.5556571301519045,0.016921500816426967,,,,,,,3,"[0, 1, 2]",,,,chain_perm_blocks,1,,,,,,,,,,,,,,,,,,,,,,,,,,,,,,,,,,,,,,,,,,,,,,,,,,,,,,,,,,,,,,,,,,,,,,,,,,,,,,,,,,,,,,,,,,,,,,,,,,,,,,,,,,,,,,,,,,,,,,,,,,,,,,,,,,,,,,,,,,,,,,
cmapss_structure_x_leaves,vtree-chain_perm_features_leaf_components-3,cmapss:FD001,ad,"RegionGraphPC [chain_perm_features, K=8]",0.8347387726055274,0.004751037203414534,0.6842811346498686,0.0077528680956196645,0.5062967613836488,0.046522762833205576,0.6828866257338055,0.025877092331514986,0.9973807366779323,0.0016349750887140028,0.9982026084630075,0.00044219116154579034,0.9998775457066934,1.8627133996591353e-05,0.905854395970391,0.01127760573651308,7.435802777608235,0.07323744531942662,32160.0,0.0,97.06294504801433,1.6147370169902793,3,"[0, 1, 2]",,,,chain_perm_features,3,,,,,,,,,,,,,,,,,,,,,,,,,,,,,,,,,,,,,,,,,,,,,,,,,,,,,,,,,,,,,,,,,,,,,,,,,,,,,,,,,,,,,,,,,,,,,,,,,,,,,,,,,,,,,,,,,,,,,,,,,,,,,,,,,,,,,,,,,,,,,,
cmapss_structure_x_leaves,vtree-chain_perm_features_leaf_components-3,cmapss:FD001,ad,PC · structural-only score,0.7804743823959251,0.01491883497212873,0.6046742496273324,0.007883203260007162,0.47380360156633655,0.050861597520893795,0.7405248042273996,0.03624481978530288,0.9653864494267683,0.001196032793174724,0.9703415993923933,0.01269863764371626,0.9770484417915419,0.028187936246629682,0.6717419392511356,0.015643952710061793,,,,,,,3,"[0, 1, 2]",,,,chain_perm_features,3,,,,,,,,,,,,,,,,,,,,,,,,,,,,,,,,,,,,,,,,,,,,,,,,,,,,,,,,,,,,,,,,,,,,,,,,,,,,,,,,,,,,,,,,,,,,,,,,,,,,,,,,,,,,,,,,,,,,,,,,,,,,,,,,,,,,,,,,,,,,,,
cmapss_structure_x_leaves,vtree-time_leaf_components-3,cmapss:FD001,ad,"RegionGraphPC [time, K=8]",0.8126226773145024,0.004352252680720752,0.621944491027845,0.0054727558253283215,0.5098875025925936,0.019556361576296533,0.6250782742595651,0.026558243323311193,0.9916843379881902,0.0030720768254155493,0.9906969313868689,0.0055400133847230805,0.9998378983352728,8.676675419365918e-06,0.8595734560014722,0.006089186853319647,17.607013940811157,0.0658594707196075,174240.0,0.0,114.9900410970052,15.286365952289744,3,"[0, 1, 2]",,,,time,3,,,,,,,,,,,,,,,,,,,,,,,,,,,,,,,,,,,,,,,,,,,,,,,,,,,,,,,,,,,,,,,,,,,,,,,,,,,,,,,,,,,,,,,,,,,,,,,,,,,,,,,,,,,,,,,,,,,,,,,,,,,,,,,,,,,,,,,,,,,,,,
cmapss_structure_x_leaves,vtree-time_leaf_components-3,cmapss:FD001,ad,PC · structural-only score,0.7168495178995213,0.002388592691985685,0.4802939831497512,0.0066503035248711515,0.4911955870633092,0.00225345375122754,0.7471940218430668,0.012487249910367607,0.9099933481801791,0.01392151178557027,0.9304584622019848,0.006084004342541638,0.6850161804639895,0.033000554377563274,0.531611891201497,0.019998993164344864,,,,,,,3,"[0, 1, 2]",,,,time,3,,,,,,,,,,,,,,,,,,,,,,,,,,,,,,,,,,,,,,,,,,,,,,,,,,,,,,,,,,,,,,,,,,,,,,,,,,,,,,,,,,,,,,,,,,,,,,,,,,,,,,,,,,,,,,,,,,,,,,,,,,,,,,,,,,,,,,,,,,,,,,
cmapss_structure_x_leaves,vtree-chain_leaf_components-1,cmapss:FD001,ad,"RegionGraphPC [chain, K=8]",0.7527944028564196,0.008114662090609275,0.5037201071626499,0.011770549522312823,0.5059188068876465,0.01422386480488878,0.5430273150077632,0.023213107263130608,0.9495724279267534,0.0056333935828908575,0.9388974035087608,0.01993569835154655,0.9999603547388439,1.363096862571944e-05,0.7270715299547738,0.02002201982565159,7.428621927897136,0.3749533594378675,15360.0,0.0,189.43604024251303,1.904499991559904,3,"[0, 1, 2]",,,,chain,1,,,,,,,,,,,,,,,,,,,,,,,,,,,,,,,,,,,,,,,,,,,,,,,,,,,,,,,,,,,,,,,,,,,,,,,,,,,,,,,,,,,,,,,,,,,,,,,,,,,,,,,,,,,,,,,,,,,,,,,,,,,,,,,,,,,,,,,,,,,,,,
cmapss_structure_x_leaves,vtree-chain_leaf_components-1,cmapss:FD001,ad,PC · structural-only score,0.5820407818600014,0.0030092254697949724,0.18956905972230498,0.00866334607140841,0.49326751209310365,0.035463947950478185,0.5105169534856019,0.001302157447485816,0.6484189804493223,0.006246612099215593,0.6326514333788534,0.01959615199657706,0.7434980643200153,0.04129228272100961,0.5601633326501086,0.020832335149748155,,,,,,,3,"[0, 1, 2]",,,,chain,1,,,,,,,,,,,,,,,,,,,,,,,,,,,,,,,,,,,,,,,,,,,,,,,,,,,,,,,,,,,,,,,,,,,,,,,,,,,,,,,,,,,,,,,,,,,,,,,,,,,,,,,,,,,,,,,,,,,,,,,,,,,,,,,,,,,,,,,,,,,,,,
cmapss_structure_x_leaves,vtree-chow_liu_leaf_components-3,cmapss:FD001,ad,"RegionGraphPC [chow_liu, K=8]",0.8266090554376833,0.0038239001998356783,0.6539902253529681,0.005724936962859925,0.522930112367504,0.03528932851181999,0.6569354780796101,0.051827330139941355,0.9958099985053323,0.002199530585416198,0.9952340223683191,0.00267643198440482,0.9999892098641024,5.35076335074776e-06,0.8789954878266388,0.0048136094142617785,19.7993381023407,0.0035801015687009588,174240.0,0.0,89.89931742350261,8.833504088647537,3,"[0, 1, 2]",,,,chow_liu,3,,,,,,,,,,,,,,,,,,,,,,,,,,,,,,,,,,,,,,,,,,,,,,,,,,,,,,,,,,,,,,,,,,,,,,,,,,,,,,,,,,,,,,,,,,,,,,,,,,,,,,,,,,,,,,,,,,,,,,,,,,,,,,,,,,,,,,,,,,,,,,
cmapss_structure_x_leaves,vtree-chow_liu_leaf_components-3,cmapss:FD001,ad,PC · structural-only score,0.7026763563145991,0.009626275756058664,0.5415446404991132,0.009094295559904896,0.4995486487416418,0.03538579064806883,0.7779276019398966,0.029657218079883994,0.9522103786192065,0.013619420947632542,0.9316856238929331,0.004559944699446086,0.29400556719263815,0.09159175454482824,0.5373173070172798,0.0191459995640399,,,,,,,3,"[0, 1, 2]",,,,chow_liu,3,,,,,,,,,,,,,,,,,,,,,,,,,,,,,,,,,,,,,,,,,,,,,,,,,,,,,,,,,,,,,,,,,,,,,,,,,,,,,,,,,,,,,,,,,,,,,,,,,,,,,,,,,,,,,,,,,,,,,,,,,,,,,,,,,,,,,,,,,,,,,,
cmapss_structure_x_leaves,vtree-chain_leaf_components-3,cmapss:FD001,ad,"RegionGraphPC [chain, K=8]",0.8264543148392574,0.006845343549517601,0.6664649038282658,0.010770333096838754,0.5020543800075566,0.04455144928882701,0.6708451184586814,0.031995226028433174,0.995860769750769,0.002832919573251308,0.9974715253467491,0.00037450570921159626,0.9998558627790414,1.3953144130389766e-05,0.8827117407892082,0.008920972360952585,7.442886114120483,0.028536898077610645,32160.0,0.0,97.27975972493489,4.880958853693147,3,"[0, 1, 2]",,,,chain,3,,,,,,,,,,,,,,,,,,,,,,,,,,,,,,,,,,,,,,,,,,,,,,,,,,,,,,,,,,,,,,,,,,,,,,,,,,,,,,,,,,,,,,,,,,,,,,,,,,,,,,,,,,,,,,,,,,,,,,,,,,,,,,,,,,,,,,,,,,,,,,
cmapss_structure_x_leaves,vtree-chain_leaf_components-3,cmapss:FD001,ad,PC · structural-only score,0.7790691152190994,0.0027296541031972456,0.5905718692992409,0.0060901917344886045,0.47315278393799426,0.026556026822800876,0.7456918895390016,0.007257482475888883,0.9611156529505905,0.001452027350130834,0.9625892981031599,0.008638114016541128,0.9798790666541407,0.008885575835220861,0.6677101491724752,0.0236603060879265,,,,,,,3,"[0, 1, 2]",,,,chain,3,,,,,,,,,,,,,,,,,,,,,,,,,,,,,,,,,,,,,,,,,,,,,,,,,,,,,,,,,,,,,,,,,,,,,,,,,,,,,,,,,,,,,,,,,,,,,,,,,,,,,,,,,,,,,,,,,,,,,,,,,,,,,,,,,,,,,,,,,,,,,,
cmapss_structure_x_leaves,vtree-random_leaf_components-3,cmapss:FD001,ad,"RegionGraphPC [random, K=8]",0.8088517492885857,0.008218325335123787,0.6141369531307149,0.014023956686386107,0.5087712230178533,0.020243978466130196,0.61891287513073,0.03611292382784644,0.991574377590084,0.0030746073591409115,0.9895807311203946,0.006768734519286478,0.9999333853573461,1.09345966461137e-05,0.849226333493328,0.023163021288205195,17.332113027572632,0.12889522720853147,174240.0,0.0,126.83642323811848,21.841692952442745,3,"[0, 1, 2]",,,,random,3,,,,,,,,,,,,,,,,,,,,,,,,,,,,,,,,,,,,,,,,,,,,,,,,,,,,,,,,,,,,,,,,,,,,,,,,,,,,,,,,,,,,,,,,,,,,,,,,,,,,,,,,,,,,,,,,,,,,,,,,,,,,,,,,,,,,,,,,,,,,,,
cmapss_structure_x_leaves,vtree-random_leaf_components-3,cmapss:FD001,ad,PC · structural-only score,0.730300908407432,0.015571272344527971,0.5512723956000856,0.022264470654738102,0.4929383388604666,0.0320495048467899,0.7602371312654879,0.007386777256384807,0.9444084033236093,0.017395340761514107,0.9498328469240055,0.012525478934342289,0.6987064305699343,0.03712847291659656,0.531648746328715,0.037350876476998036,,,,,,,3,"[0, 1, 2]",,,,random,3,,,,,,,,,,,,,,,,,,,,,,,,,,,,,,,,,,,,,,,,,,,,,,,,,,,,,,,,,,,,,,,,,,,,,,,,,,,,,,,,,,,,,,,,,,,,,,,,,,,,,,,,,,,,,,,,,,,,,,,,,,,,,,,,,,,,,,,,,,,,,,
cmapss_structure_x_leaves,vtree-time_leaf_components-1,cmapss:FD001,ad,"RegionGraphPC [time, K=8]",0.8324853796360757,0.005956145184215274,0.685877739214369,0.007212586904838259,0.5061642975031365,0.03793846185901876,0.6778677427726416,0.031880814536412797,0.9966726995976383,0.002239421850257864,0.9980616307253212,0.0004135359016652777,0.9997568085880356,1.2464249995093895e-06,0.90155467118575,0.01107436161562179,17.239818414052326,0.08958143371747197,157440.0,0.0,82.89682515462239,5.478936504457615,3,"[0, 1, 2]",,,,time,1,,,,,,,,,,,,,,,,,,,,,,,,,,,,,,,,,,,,,,,,,,,,,,,,,,,,,,,,,,,,,,,,,,,,,,,,,,,,,,,,,,,,,,,,,,,,,,,,,,,,,,,,,,,,,,,,,,,,,,,,,,,,,,,,,,,,,,,,,,,,,,
cmapss_structure_x_leaves,vtree-time_leaf_components-1,cmapss:FD001,ad,PC · structural-only score,0.7274775557069492,0.005886166034825796,0.5256029584185088,0.00479102836632643,0.48080466734949406,0.013115501218220667,0.7595148282803601,0.012693962432954335,0.9508128044755729,0.0055438356715196155,0.9546411399402035,0.006702208650717745,0.681913050227834,0.01694410171614156,0.5251376115571492,0.02446065790279946,,,,,,,3,"[0, 1, 2]",,,,time,1,,,,,,,,,,,,,,,,,,,,,,,,,,,,,,,,,,,,,,,,,,,,,,,,,,,,,,,,,,,,,,,,,,,,,,,,,,,,,,,,,,,,,,,,,,,,,,,,,,,,,,,,,,,,,,,,,,,,,,,,,,,,,,,,,,,,,,,,,,,,,,
cmapss_structure_x_leaves,vtree-chain_perm_features_leaf_components-1,cmapss:FD001,ad,"RegionGraphPC [chain_perm_features, K=8]",0.7923073466616506,0.002874272997180399,0.5948517926027364,0.008098694115569422,0.504273415800955,0.02500545977292817,0.5894098320516954,0.03177243803897317,0.9855820827015266,0.008738651680051718,0.9844767962413831,0.004887973544413425,0.9999369924962846,1.8820835000818204e-05,0.8075739982135559,0.02918776919963132,7.150044918060303,0.03557682844784257,15360.0,0.0,162.30099487304688,15.856125335092631,3,"[0, 1, 2]",,,,chain_perm_features,1,,,,,,,,,,,,,,,,,,,,,,,,,,,,,,,,,,,,,,,,,,,,,,,,,,,,,,,,,,,,,,,,,,,,,,,,,,,,,,,,,,,,,,,,,,,,,,,,,,,,,,,,,,,,,,,,,,,,,,,,,,,,,,,,,,,,,,,,,,,,,,
cmapss_structure_x_leaves,vtree-chain_perm_features_leaf_components-1,cmapss:FD001,ad,PC · structural-only score,0.678777079368261,0.0035033175429894452,0.2661990200852043,0.02127003704399034,0.4857703324189025,0.029383822226451334,0.6012357558268571,0.009144239173298482,0.8407241721954462,0.024060765750329602,0.8496337793258396,0.0030682263543747226,0.7876562050233327,0.0333460969405069,0.5783292217906967,0.02388904456836958,,,,,,,3,"[0, 1, 2]",,,,chain_perm_features,1,,,,,,,,,,,,,,,,,,,,,,,,,,,,,,,,,,,,,,,,,,,,,,,,,,,,,,,,,,,,,,,,,,,,,,,,,,,,,,,,,,,,,,,,,,,,,,,,,,,,,,,,,,,,,,,,,,,,,,,,,,,,,,,,,,,,,,,,,,,,,,
cmapss_structure_x_leaves,vtree-chow_liu_leaf_components-1,cmapss:FD001,ad,"RegionGraphPC [chow_liu, K=8]",0.8538779770102134,0.004843463057572853,0.7318747638550863,0.004564404571656993,0.526628889693562,0.05711746672995288,0.7254627211901497,0.032606665718047496,0.9992116701595325,0.0006228751585416934,0.9994731735107826,8.568097158470373e-05,1.0,0.0,0.9400400389473665,0.008555523607968912,19.427349011103313,0.07558248187440078,157440.0,0.0,66.31677881876628,3.9882668355274693,3,"[0, 1, 2]",,,,chow_liu,1,,,,,,,,,,,,,,,,,,,,,,,,,,,,,,,,,,,,,,,,,,,,,,,,,,,,,,,,,,,,,,,,,,,,,,,,,,,,,,,,,,,,,,,,,,,,,,,,,,,,,,,,,,,,,,,,,,,,,,,,,,,,,,,,,,,,,,,,,,,,,,
cmapss_structure_x_leaves,vtree-chow_liu_leaf_components-1,cmapss:FD001,ad,PC · structural-only score,0.7266142340320857,0.009085653698727896,0.5785155122970829,0.004542183925157412,0.48987877077484127,0.05095059837143646,0.8169171656410222,0.012471331397055134,0.9720110151740934,0.008463407466661778,0.9634518573187658,0.015799671354885858,0.29008942051449904,0.03889116250660935,0.5838254319230683,0.00918521795822889,,,,,,,3,"[0, 1, 2]",,,,chow_liu,1,,,,,,,,,,,,,,,,,,,,,,,,,,,,,,,,,,,,,,,,,,,,,,,,,,,,,,,,,,,,,,,,,,,,,,,,,,,,,,,,,,,,,,,,,,,,,,,,,,,,,,,,,,,,,,,,,,,,,,,,,,,,,,,,,,,,,,,,,,,,,,
cmapss_structure_x_leaves,vtree-random_leaf_components-1,cmapss:FD001,ad,"RegionGraphPC [random, K=8]",0.8387826318816786,0.0035247604640397143,0.6971765076854076,0.004191383807236352,0.5134716362335211,0.03881615545158367,0.6951569788070993,0.017818747556970913,0.9980581734757322,0.0011363177936097072,0.9986257241103212,0.0002022187350698748,0.9998721090550365,2.5453268359572726e-06,0.9080562710763899,0.014043052598298645,17.056456089019775,0.051028308625288094,157440.0,0.0,67.32975514729817,14.189899849993937,3,"[0, 1, 2]",,,,random,1,,,,,,,,,,,,,,,,,,,,,,,,,,,,,,,,,,,,,,,,,,,,,,,,,,,,,,,,,,,,,,,,,,,,,,,,,,,,,,,,,,,,,,,,,,,,,,,,,,,,,,,,,,,,,,,,,,,,,,,,,,,,,,,,,,,,,,,,,,,,,,
cmapss_structure_x_leaves,vtree-random_leaf_components-1,cmapss:FD001,ad,PC · structural-only score,0.7487597763576618,0.00655185618129985,0.5644493424423684,0.019919636113666515,0.5016403343576732,0.00794401102514214,0.7959388238123427,0.008964595276651601,0.957815576964756,0.003535443139890494,0.9638471029403498,0.011158239350985992,0.6918681623349947,0.011718414324359864,0.5597070291007964,0.029675687513649955,,,,,,,3,"[0, 1, 2]",,,,random,1,,,,,,,,,,,,,,,,,,,,,,,,,,,,,,,,,,,,,,,,,,,,,,,,,,,,,,,,,,,,,,,,,,,,,,,,,,,,,,,,,,,,,,,,,,,,,,,,,,,,,,,,,,,,,,,,,,,,,,,,,,,,,,,,,,,,,,,,,,,,,,
cmapss_structure_x_leaves,vtree-chain_perm_blocks_leaf_components-3,cmapss:FD001,ad,"RegionGraphPC [chain_perm_blocks, K=8]",0.8277625209089726,0.007727282891028243,0.6697352817673302,0.014191777584731113,0.5083822927244652,0.04278783217139382,0.6694385281126699,0.03859425625199432,0.9964707031660117,0.002106533627983069,0.9975268939661538,0.0009275043165543937,0.9998739883439889,4.855941467105931e-05,0.8836873298168664,0.005928415049019701,7.398998022079468,0.04429455707231746,32160.0,0.0,99.39231618245442,2.8362201849155366,3,"[0, 1, 2]",,,,chain_perm_blocks,3,,,,,,,,,,,,,,,,,,,,,,,,,,,,,,,,,,,,,,,,,,,,,,,,,,,,,,,,,,,,,,,,,,,,,,,,,,,,,,,,,,,,,,,,,,,,,,,,,,,,,,,,,,,,,,,,,,,,,,,,,,,,,,,,,,,,,,,,,,,,,,
cmapss_structure_x_leaves,vtree-chain_perm_blocks_leaf_components-3,cmapss:FD001,ad,PC · structural-only score,0.7831735996890266,0.007936714778911006,0.5811442198637277,0.019953867526334965,0.49674116742049956,0.01770109493210708,0.7551496209805446,0.01477877768866714,0.9576025861302361,0.003932083058117727,0.9693238278116625,0.005503657079820449,0.9479916865951957,0.06120589066872021,0.6687667147130248,0.018210414967715537,,,,,,,3,"[0, 1, 2]",,,,chain_perm_blocks,3,,,,,,,,,,,,,,,,,,,,,,,,,,,,,,,,,,,,,,,,,,,,,,,,,,,,,,,,,,,,,,,,,,,,,,,,,,,,,,,,,,,,,,,,,,,,,,,,,,,,,,,,,,,,,,,,,,,,,,,,,,,,,,,,,,,,,,,,,,,,,,
synthetic_ad,default,synthetic,ad,"RegionGraphPC [chain, K=6]",0.9473507748645588,0.012226482238162344,0.9288575915611513,0.01649249771451585,0.6207635477409905,0.033855058237778395,0.8559172389213199,0.053268636134445026,0.9981742114438358,0.0025212108040236878,0.9972459146382932,0.0019971362390086016,0.9999962052216151,8.4853824282879e-06,0.9623296129101192,0.0155434825023086,1.1813600063323975,0.30151238874593894,2964.0,0.0,30.38052635192871,13.946057168352782,5,"[0, 1, 2, 3, 4]",,,,,,,,,,,,,,,,,,,,,,,,,,,,,,,,,,,,,,,,,,,,,,,,,,,,,,,,,,,,,,,,,,,,,,,,,,,,,,,,,,,,,,,,,,,,,,,,,,,,,,,,,,,,,,,,,,,,,,,,,,,,,,,,,,,,,,,,,,,,,,,,,,,
synthetic_ad,default,synthetic,ad,z-score (per channel),0.8679882356383036,0.01921930384399421,0.789999297328279,0.04953161130323774,0.4731966335650302,0.059538082287453234,0.49452006640437685,0.10904561550609514,0.9355690469118041,0.04431310193563826,0.845308869963634,0.055520906208247504,0.9690576583470417,0.009037741683534625,0.9934927941644455,0.004564882955017967,0.01437082290649414,0.0015827649388771552,,,,,5,"[0, 1, 2, 3, 4]",,,,,,,,,,,,,,,,,,,,,,,,,,,,,,,,,,,,,,,,,,,,,,,,,,,,,,,,,,,,,,,,,,,,,,,,,,,,,,,,,,,,,,,,,,,,,,,,,,,,,,,,,,,,,,,,,,,,,,,,,,,,,,,,,,,,,,,,,,,,,,,,,,,
synthetic_ad,default,synthetic,ad,moving-average residual,0.7559904360151388,0.020795903975356814,0.5342924425554209,0.038465876147886574,0.5572055394717802,0.08439736542337767,0.5485087903064964,0.075340035000513,0.8727429208633147,0.05517238939808937,0.7407355426470923,0.038885238077245504,0.7634461829375987,0.04366807703993298,0.9999889258028792,2.4762657558161368e-05,0.06803898811340332,0.0034735491929339057,,,,,5,"[0, 1, 2, 3, 4]",,,,,,,,,,,,,,,,,,,,,,,,,,,,,,,,,,,,,,,,,,,,,,,,,,,,,,,,,,,,,,,,,,,,,,,,,,,,,,,,,,,,,,,,,,,,,,,,,,,,,,,,,,,,,,,,,,,,,,,,,,,,,,,,,,,,,,,,,,,,,,,,,,,
synthetic_ad,default,synthetic,ad,diagonal Gaussian,0.8359010440888064,0.04494647002319728,0.766841694724929,0.05947730982947674,0.4992573689143609,0.06465269342502335,0.4871199499474928,0.08068624587782229,0.8898272794421176,0.03672739136846177,0.7790994666454047,0.0778706629830743,0.9667172976583409,0.05484027428877553,0.78210400409378,0.05844633719201569,0.014876127243041992,0.0020483127496099497,,,,,5,"[0, 1, 2, 3, 4]",,,,,,,,,,,,,,,,,,,,,,,,,,,,,,,,,,,,,,,,,,,,,,,,,,,,,,,,,,,,,,,,,,,,,,,,,,,,,,,,,,,,,,,,,,,,,,,,,,,,,,,,,,,,,,,,,,,,,,,,,,,,,,,,,,,,,,,,,,,,,,,,,,,
synthetic_ad,default,synthetic,ad,PCA reconstruction,0.8427379274521482,0.015183726042414988,0.7495122689451081,0.033526362995584195,0.475254632179859,0.05518348285231767,0.6422679668941409,0.08501956689677961,0.8193851624587328,0.027744857542636277,0.7833308664317604,0.04407095395999166,0.9891416587156708,0.00981130379847469,0.6730091726485785,0.02076887010930133,0.016972970962524415,0.002098884547452877,,,,,5,"[0, 1, 2, 3, 4]",,,,,,,,,,,,,,,,,,,,,,,,,,,,,,,,,,,,,,,,,,,,,,,,,,,,,,,,,,,,,,,,,,,,,,,,,,,,,,,,,,,,,,,,,,,,,,,,,,,,,,,,,,,,,,,,,,,,,,,,,,,,,,,,,,,,,,,,,,,,,,,,,,,
synthetic_ad,default,synthetic,ad,1-NN distance,0.9424895666809533,0.014184948056219395,0.9197164865444616,0.024055584818157158,0.5920943268255978,0.04783110538326133,0.8220978288726288,0.08014109825452483,0.9912034646847797,0.006304950336938044,0.9914705445140349,0.005613757110423462,0.999657522503661,0.0004886439324077672,0.9837028822998546,0.011474476114233353,0.025014209747314452,0.011624861273215215,,,,,5,"[0, 1, 2, 3, 4]",,,,,,,,,,,,,,,,,,,,,,,,,,,,,,,,,,,,,,,,,,,,,,,,,,,,,,,,,,,,,,,,,,,,,,,,,,,,,,,,,,,,,,,,,,,,,,,,,,,,,,,,,,,,,,,,,,,,,,,,,,,,,,,,,,,,,,,,,,,,,,,,,,,
synthetic_ad,default,synthetic,ad,Mahalanobis,0.9427950254934417,0.01194517325209744,0.9209534423932796,0.015561279318452723,0.6573166271883706,0.03662676342854033,0.7819223007493991,0.06877589191215479,0.9877999322491593,0.012058535143333002,0.9896486958193685,0.008021066605566549,0.9944050597031815,0.006508065742285178,0.9998427505630998,0.000237621994203515,0.028281974792480468,0.0028494557725685077,,,,,5,"[0, 1, 2, 3, 4]",,,,,,,,,,,,,,,,,,,,,,,,,,,,,,,,,,,,,,,,,,,,,,,,,,,,,,,,,,,,,,,,,,,,,,,,,,,,,,,,,,,,,,,,,,,,,,,,,,,,,,,,,,,,,,,,,,,,,,,,,,,,,,,,,,,,,,,,,,,,,,,,,,,
synthetic_ad,default,synthetic,ad,Isolation Forest,0.8435624736446874,0.014773694311719906,0.7471980455013187,0.02498003729283139,0.5107673874590616,0.05355978424861266,0.6633485145051451,0.0854678463804236,0.8485811134544784,0.04125196264661699,0.8149001220389458,0.022441895637104338,0.9925858256989584,0.00802428801366592,0.5619804207854756,0.05687922961257708,0.11425962448120117,0.0017468623544821774,,,,,5,"[0, 1, 2, 3, 4]",,,,,,,,,,,,,,,,,,,,,,,,,,,,,,,,,,,,,,,,,,,,,,,,,,,,,,,,,,,,,,,,,,,,,,,,,,,,,,,,,,,,,,,,,,,,,,,,,,,,,,,,,,,,,,,,,,,,,,,,,,,,,,,,,,,,,,,,,,,,,,,,,,,
synthetic_ad,default,synthetic,ad,GMM (8 comp.),0.804780695790497,0.005547871971493975,0.45547635207535936,0.019805396051705598,0.6264732905977242,0.03547104043715659,0.6905508950188524,0.05483829100220459,0.8244067808878629,0.012464000788640487,0.8307369766961414,0.01647475841246938,0.8286587265727192,0.0157265395464172,0.9074018859833434,0.02627067796257521,0.0668144702911377,0.013235450088261118,,,,,5,"[0, 1, 2, 3, 4]",,,,,,,,,,,,,,,,,,,,,,,,,,,,,,,,,,,,,,,,,,,,,,,,,,,,,,,,,,,,,,,,,,,,,,,,,,,,,,,,,,,,,,,,,,,,,,,,,,,,,,,,,,,,,,,,,,,,,,,,,,,,,,,,,,,,,,,,,,,,,,,,,,,
synthetic_ad,default,synthetic,ad,conv autoencoder,0.9543872889288423,0.011524656213556105,0.9400937050355702,0.016271500228842044,0.6668815114831326,0.0412816493328668,0.8467766494659712,0.06032805356397867,0.9984277810434904,0.0015530652880261725,0.9954250058826656,0.004982926791444365,0.9999146174863387,0.00019092110463622946,0.9987427816082931,0.0014150640859765052,0.2882979869842529,0.018690378778609684,,,,,5,"[0, 1, 2, 3, 4]",,,,,,,,,,,,,,,,,,,,,,,,,,,,,,,,,,,,,,,,,,,,,,,,,,,,,,,,,,,,,,,,,,,,,,,,,,,,,,,,,,,,,,,,,,,,,,,,,,,,,,,,,,,,,,,,,,,,,,,,,,,,,,,,,,,,,,,,,,,,,,,,,,,
synthetic_ad,default,synthetic,ad,Deep SVDD,0.9157981031889474,0.023584209514170368,0.8772045357329418,0.035468496872243696,0.5435262329423036,0.05154865817210138,0.73241141902445,0.09224914712870752,0.9507216201422299,0.0319015384900836,0.9301551180670435,0.04027668942937669,0.9986962281160026,0.00201763415643046,0.9471142747247141,0.020995882303806765,0.04676904678344727,0.011739990714630272,,,,,5,"[0, 1, 2, 3, 4]",,,,,,,,,,,,,,,,,,,,,,,,,,,,,,,,,,,,,,,,,,,,,,,,,,,,,,,,,,,,,,,,,,,,,,,,,,,,,,,,,,,,,,,,,,,,,,,,,,,,,,,,,,,,,,,,,,,,,,,,,,,,,,,,,,,,,,,,,,,,,,,,,,,
synthetic_ad,default,synthetic,ad,PC · 3 dead (exact marginal),0.9356224022453338,0.015273804352224652,0.9111265750259955,0.020856562801848368,0.616584008638043,0.05689655249314372,0.8108411083953232,0.054439167937456845,0.9907056781714385,0.010343470753246379,0.9784864436657514,0.015353251494275275,0.9999811794911986,3.740038372336567e-05,0.916839975177569,0.02897584418489912,,,,,,,5,"[0, 1, 2, 3, 4]",,3.0,0.0,,,,,,,,,,,,,,,,,,,,,,,,,,,,,,,,,,,,,,,,,,,,,,,,,,,,,,,,,,,,,,,,,,,,,,,,,,,,,,,,,,,,,,,,,,,,,,,,,,,,,,,,,,,,,,,,,,,,,,,,,,,,,,,,,,,,,,,,,,,,,,,,
synthetic_ad,default,synthetic,ad,PC · 3 dead (mean-imputed),0.8999583914659264,0.018180557167041707,0.8612919229858849,0.02549025228784595,0.5491774288897968,0.09152591358901106,0.7489282860391441,0.07115603539347957,0.9437099164492118,0.056025636227118335,0.9084891048699462,0.03908970935136543,0.9948267901302833,0.007684282721937232,0.795758210507031,0.1295817863398161,,,,,,,5,"[0, 1, 2, 3, 4]",,3.0,0.0,,,,,,,,,,,,,,,,,,,,,,,,,,,,,,,,,,,,,,,,,,,,,,,,,,,,,,,,,,,,,,,,,,,,,,,,,,,,,,,,,,,,,,,,,,,,,,,,,,,,,,,,,,,,,,,,,,,,,,,,,,,,,,,,,,,,,,,,,,,,,,,,
synthetic_ad,default,synthetic,ad,z-score (per channel) · 3 dead (imputed),0.8379305654556178,0.0268878723743571,0.7416501737529393,0.037032457838046345,0.4765278839717764,0.04762853903264699,0.4777396708437883,0.11045267245978535,0.9196567316158154,0.049189938405090075,0.7945864460823737,0.027766648121065305,0.9384566546348869,0.052533918806664665,0.9381829928886409,0.015824024335265446,,,,,,,5,"[0, 1, 2, 3, 4]",,3.0,0.0,,,,,,,,,,,,,,,,,,,,,,,,,,,,,,,,,,,,,,,,,,,,,,,,,,,,,,,,,,,,,,,,,,,,,,,,,,,,,,,,,,,,,,,,,,,,,,,,,,,,,,,,,,,,,,,,,,,,,,,,,,,,,,,,,,,,,,,,,,,,,,,,
synthetic_ad,default,synthetic,ad,moving-average residual · 3 dead (imputed),0.731616291537565,0.030740224684485118,0.5053287824411588,0.027984606485173594,0.5454282429257573,0.08346190041314705,0.5304771752846434,0.0736362869194547,0.8484788079680203,0.06163242914683884,0.7157552508311391,0.0410215305025316,0.7398131251766671,0.059567842950751695,0.955355830582055,0.023062081681338296,,,,,,,5,"[0, 1, 2, 3, 4]",,3.0,0.0,,,,,,,,,,,,,,,,,,,,,,,,,,,,,,,,,,,,,,,,,,,,,,,,,,,,,,,,,,,,,,,,,,,,,,,,,,,,,,,,,,,,,,,,,,,,,,,,,,,,,,,,,,,,,,,,,,,,,,,,,,,,,,,,,,,,,,,,,,,,,,,,
synthetic_ad,default,synthetic,ad,diagonal Gaussian · 3 dead (imputed),0.7988191743341239,0.07530948414185298,0.7234918554427666,0.07580852803452118,0.48965585724336813,0.05255191157750296,0.4817733223357575,0.08835531579988505,0.8556180095454579,0.017919569401328404,0.742456002650045,0.07237787414783,0.9207799661260839,0.11919617594179578,0.7507481694900293,0.0500094744225814,,,,,,,5,"[0, 1, 2, 3, 4]",,3.0,0.0,,,,,,,,,,,,,,,,,,,,,,,,,,,,,,,,,,,,,,,,,,,,,,,,,,,,,,,,,,,,,,,,,,,,,,,,,,,,,,,,,,,,,,,,,,,,,,,,,,,,,,,,,,,,,,,,,,,,,,,,,,,,,,,,,,,,,,,,,,,,,,,,
synthetic_ad,default,synthetic,ad,PC · structural-only score,0.942807905547377,0.011689161949292136,0.9170882137447809,0.016851031835867593,0.6809607788654384,0.025645738971473153,0.8891363015525163,0.04738962298784936,0.9845105409500918,0.01470797069450427,0.9824785857955778,0.020457685407305956,0.9983436842320831,0.0012316921581226794,0.8661489932871586,0.04390571678511604,,,,,,,5,"[0, 1, 2, 3, 4]",,,,,,,,,,,,,,,,,,,,,,,,,,,,,,,,,,,,,,,,,,,,,,,,,,,,,,,,,,,,,,,,,,,,,,,,,,,,,,,,,,,,,,,,,,,,,,,,,,,,,,,,,,,,,,,,,,,,,,,,,,,,,,,,,,,,,,,,,,,,,,,,,,,
capacity_sweep,K-6_leaf_components-1,cmapss:FD001,ad,"RegionGraphPC [chain, K=6]",0.7531664456967295,0.0022257379966300794,0.505367050666409,0.0024579267604387294,0.5023892895968931,0.013342653836804386,0.5440298807365789,0.017072679554348078,0.9502780051646416,0.01075278984925653,0.9409114657810043,0.01082035860316577,0.9999621486261004,1.0949257906075261e-05,0.7283618577635521,0.021315792456156703,15.914740959803263,0.2241653115906802,8244.0,0.0,192.13374837239584,8.125586132974426,3,"[0, 1, 2]",,,,,1,6,,,,,,,,,,,,,,,,,,,,,,,,,,,,,,,,,,,,,,,,,,,,,,,,,,,,,,,,,,,,,,,,,,,,,,,,,,,,,,,,,,,,,,,,,,,,,,,,,,,,,,,,,,,,,,,,,,,,,,,,,,,,,,,,,,,,,,,,,,,,,
capacity_sweep,K-6_leaf_components-1,cmapss:FD001,ad,PC · structural-only score,0.5780602612098459,0.01025605279483745,0.19137501254743586,0.006911347775935537,0.48833126409987715,0.03952907706932322,0.5080791431462673,0.009921344918019895,0.6595886290380647,0.02242463408072282,0.6314849094393292,0.017803977659613786,0.7161351948335541,0.02625744502640795,0.5502538085493275,0.016188810404651192,,,,,,,3,"[0, 1, 2]",,,,,1,6,,,,,,,,,,,,,,,,,,,,,,,,,,,,,,,,,,,,,,,,,,,,,,,,,,,,,,,,,,,,,,,,,,,,,,,,,,,,,,,,,,,,,,,,,,,,,,,,,,,,,,,,,,,,,,,,,,,,,,,,,,,,,,,,,,,,,,,,,,,,,
capacity_sweep,K-16_leaf_components-1,cmapss:FD001,ad,"RegionGraphPC [chain, K=16]",0.7533044800521544,0.006316727445102395,0.5038273453314416,0.012648042979091029,0.5033849485480232,0.014348543973504848,0.5436473709861822,0.020995001886188195,0.9495786563522137,0.005996195170433896,0.9396565612005868,0.017783914435259507,0.9999693704759256,1.1254291882799512e-05,0.7304979313743113,0.016170502437441076,61.8984120686849,3.9045093572362823,88704.0,0.0,194.9872792561849,13.880647887465289,3,"[0, 1, 2]",,,,,1,16,,,,,,,,,,,,,,,,,,,,,,,,,,,,,,,,,,,,,,,,,,,,,,,,,,,,,,,,,,,,,,,,,,,,,,,,,,,,,,,,,,,,,,,,,,,,,,,,,,,,,,,,,,,,,,,,,,,,,,,,,,,,,,,,,,,,,,,,,,,,,
capacity_sweep,K-16_leaf_components-1,cmapss:FD001,ad,PC · structural-only score,0.5710736989361513,0.010529170066673497,0.1958663093086528,0.012082369375916167,0.49483598675535795,0.04193700622163744,0.5041197545150894,0.006709110864267498,0.6357905771240735,0.015700104455282318,0.6128481688197204,0.01341419866917087,0.6985785093640624,0.0957149822342362,0.5580623142406304,0.009427594387212999,,,,,,,3,"[0, 1, 2]",,,,,1,16,,,,,,,,,,,,,,,,,,,,,,,,,,,,,,,,,,,,,,,,,,,,,,,,,,,,,,,,,,,,,,,,,,,,,,,,,,,,,,,,,,,,,,,,,,,,,,,,,,,,,,,,,,,,,,,,,,,,,,,,,,,,,,,,,,,,,,,,,,,,,
capacity_sweep,K-12_leaf_components-3,cmapss:FD001,ad,"RegionGraphPC [chain, K=12]",0.8316402119969345,0.0063948832237503495,0.6773862956202398,0.00976316961473756,0.507182727813183,0.04346464768015251,0.6779618478026568,0.032831936544147525,0.997333302664936,0.001580560163679869,0.9978571637963126,0.0009294341396884627,0.9998269990887101,3.3030815177662745e-05,0.8954089780595602,0.02116257638246996,53.8509087562561,4.404701787294241,66528.0,0.0,91.63838704427083,5.81613612911439,3,"[0, 1, 2]",,,,,3,12,,,,,,,,,,,,,,,,,,,,,,,,,,,,,,,,,,,,,,,,,,,,,,,,,,,,,,,,,,,,,,,,,,,,,,,,,,,,,,,,,,,,,,,,,,,,,,,,,,,,,,,,,,,,,,,,,,,,,,,,,,,,,,,,,,,,,,,,,,,,,
capacity_sweep,K-12_leaf_components-3,cmapss:FD001,ad,PC · structural-only score,0.7770931073028379,0.005482391668877185,0.5912723582373997,0.01095178639533935,0.46708427275900344,0.014702326330752883,0.7561629730018188,0.015695884247978346,0.9610132783023683,0.0014731798753372164,0.9712871976160287,0.01615445956768694,0.8651613519503907,0.08249499269695443,0.691356428896062,0.012581997490608137,,,,,,,3,"[0, 1, 2]",,,,,3,12,,,,,,,,,,,,,,,,,,,,,,,,,,,,,,,,,,,,,,,,,,,,,,,,,,,,,,,,,,,,,,,,,,,,,,,,,,,,,,,,,,,,,,,,,,,,,,,,,,,,,,,,,,,,,,,,,,,,,,,,,,,,,,,,,,,,,,,,,,,,,
capacity_sweep,K-8_leaf_components-3,cmapss:FD001,ad,"RegionGraphPC [chain, K=8]",0.828359861061596,0.007641425062782969,0.6701594771639688,0.012563573491467198,0.5062844821970266,0.05305594556889181,0.6735733916302178,0.043926415583628343,0.9964309486938063,0.0020980050288191034,0.9972992458415813,0.0011149676109415822,0.9998324810480415,3.735135308936896e-05,0.8856485987729127,0.016557607679880904,33.440067291259766,2.084253380514841,32160.0,0.0,101.79666137695312,1.713122665983785,3,"[0, 1, 2]",,,,,3,8,,,,,,,,,,,,,,,,,,,,,,,,,,,,,,,,,,,,,,,,,,,,,,,,,,,,,,,,,,,,,,,,,,,,,,,,,,,,,,,,,,,,,,,,,,,,,,,,,,,,,,,,,,,,,,,,,,,,,,,,,,,,,,,,,,,,,,,,,,,,,
capacity_sweep,K-8_leaf_components-3,cmapss:FD001,ad,PC · structural-only score,0.7831830698108853,0.01129572235202893,0.5957901426698488,0.018063432168387527,0.4841832306240979,0.04920047409493961,0.7499473959489583,0.009712848171090457,0.9656007643411003,0.011094630631230208,0.9648287054504948,0.013065761081011125,0.9896740913370228,0.008401804253677035,0.6665499309480821,0.04189215332462087,,,,,,,3,"[0, 1, 2]",,,,,3,8,,,,,,,,,,,,,,,,,,,,,,,,,,,,,,,,,,,,,,,,,,,,,,,,,,,,,,,,,,,,,,,,,,,,,,,,,,,,,,,,,,,,,,,,,,,,,,,,,,,,,,,,,,,,,,,,,,,,,,,,,,,,,,,,,,,,,,,,,,,,,
capacity_sweep,K-6_leaf_components-3,cmapss:FD001,ad,"RegionGraphPC [chain, K=6]",0.8274071952753036,0.00890878937408759,0.6680117115643943,0.014430251553481772,0.5029804590610011,0.04293088822906457,0.6650329393935894,0.03278456698043161,0.9961301043430844,0.002309367228948888,0.9971008437647152,0.0012826926781985338,0.9998469269819715,3.274857044578547e-05,0.892005315869396,0.006147477695146121,24.091147581736248,2.350897946018493,20844.0,0.0,111.20374806722005,6.813779162168981,3,"[0, 1, 2]",,,,,3,6,,,,,,,,,,,,,,,,,,,,,,,,,,,,,,,,,,,,,,,,,,,,,,,,,,,,,,,,,,,,,,,,,,,,,,,,,,,,,,,,,,,,,,,,,,,,,,,,,,,,,,,,,,,,,,,,,,,,,,,,,,,,,,,,,,,,,,,,,,,,,
capacity_sweep,K-6_leaf_components-3,cmapss:FD001,ad,PC · structural-only score,0.770263142353317,0.009078279822776208,0.5798281801675086,0.012247694248244881,0.48243389013019145,0.012944586437514123,0.7232729506217402,0.014976547729713763,0.9650756038787699,0.014960083342196175,0.9576636255652953,0.003123404747045981,0.9902535916400034,0.006575088744465894,0.6368892791349485,0.04024536740074994,,,,,,,3,"[0, 1, 2]",,,,,3,6,,,,,,,,,,,,,,,,,,,,,,,,,,,,,,,,,,,,,,,,,,,,,,,,,,,,,,,,,,,,,,,,,,,,,,,,,,,,,,,,,,,,,,,,,,,,,,,,,,,,,,,,,,,,,,,,,,,,,,,,,,,,,,,,,,,,,,,,,,,,,
capacity_sweep,K-8_leaf_components-1,cmapss:FD001,ad,"RegionGraphPC [chain, K=8]",0.753182494749809,0.008560003611561569,0.5037958577681753,0.010165277790509786,0.5053931072021189,0.010468087793144868,0.5430142732781332,0.01751908286089225,0.95014546077955,0.007616091958134645,0.939140655941236,0.018233687487486848,0.999969399646579,1.6470691541608208e-05,0.728791805494145,0.029290477387387992,19.20855196317037,1.1143236620165218,15360.0,0.0,193.2324676513672,10.801708349972628,3,"[0, 1, 2]",,,,,1,8,,,,,,,,,,,,,,,,,,,,,,,,,,,,,,,,,,,,,,,,,,,,,,,,,,,,,,,,,,,,,,,,,,,,,,,,,,,,,,,,,,,,,,,,,,,,,,,,,,,,,,,,,,,,,,,,,,,,,,,,,,,,,,,,,,,,,,,,,,,,,
capacity_sweep,K-8_leaf_components-1,cmapss:FD001,ad,PC · structural-only score,0.5626271933921552,0.009524624350379558,0.19269922342138682,0.005427400857662462,0.4885312408444304,0.04413910139845915,0.5004520305553234,0.007864774595399634,0.6399116216453405,0.023601889099960832,0.6089549410280721,0.017824036368465634,0.6323092395302551,0.07479452481629359,0.5509386648041226,0.018019222393996726,,,,,,,3,"[0, 1, 2]",,,,,1,8,,,,,,,,,,,,,,,,,,,,,,,,,,,,,,,,,,,,,,,,,,,,,,,,,,,,,,,,,,,,,,,,,,,,,,,,,,,,,,,,,,,,,,,,,,,,,,,,,,,,,,,,,,,,,,,,,,,,,,,,,,,,,,,,,,,,,,,,,,,,,
capacity_sweep,K-4_leaf_components-1,cmapss:FD001,ad,"RegionGraphPC [chain, K=4]",0.7525039478905736,0.001944149216636697,0.5050327740712232,0.0019766431909183017,0.5007539900905128,0.013800415263813683,0.5434519819468392,0.016867408874974593,0.9499875891038149,0.01209552713420715,0.9405456594821627,0.00967409777897063,0.9999729755045997,9.373080299387665e-06,0.7275730282797467,0.023153446968074833,10.602855841318766,1.1496568777245568,3888.0,0.0,186.8111572265625,4.978127059550519,3,"[0, 1, 2]",,,,,1,4,,,,,,,,,,,,,,,,,,,,,,,,,,,,,,,,,,,,,,,,,,,,,,,,,,,,,,,,,,,,,,,,,,,,,,,,,,,,,,,,,,,,,,,,,,,,,,,,,,,,,,,,,,,,,,,,,,,,,,,,,,,,,,,,,,,,,,,,,,,,,
capacity_sweep,K-4_leaf_components-1,cmapss:FD001,ad,PC · structural-only score,0.5784786537248707,0.010378376816354224,0.19575663437649374,0.018343857609090384,0.4908556054012217,0.03743526873674496,0.5202088382932453,0.014743477192428389,0.6695612952920019,0.024492878207723907,0.6380165136939281,0.021750927474071247,0.6456496244307973,0.06475902879855894,0.5518264506497405,0.019458584018889044,,,,,,,3,"[0, 1, 2]",,,,,1,4,,,,,,,,,,,,,,,,,,,,,,,,,,,,,,,,,,,,,,,,,,,,,,,,,,,,,,,,,,,,,,,,,,,,,,,,,,,,,,,,,,,,,,,,,,,,,,,,,,,,,,,,,,,,,,,,,,,,,,,,,,,,,,,,,,,,,,,,,,,,,
capacity_sweep,K-12_leaf_components-1,cmapss:FD001,ad,"RegionGraphPC [chain, K=12]",0.7512224954525312,0.004641992152329651,0.5020239888359599,0.006139568106564403,0.5024124046443289,0.014413491387649248,0.5422809970297361,0.021028714241015482,0.94818744618098,0.008398448264956495,0.9372570433143567,0.016243747060478448,0.9999765426735322,1.2623789385792041e-05,0.7254265524993465,0.022173584823519034,36.70483938852946,2.8255291908972975,41328.0,0.0,187.1729939778646,4.307809631946913,3,"[0, 1, 2]",,,,,1,12,,,,,,,,,,,,,,,,,,,,,,,,,,,,,,,,,,,,,,,,,,,,,,,,,,,,,,,,,,,,,,,,,,,,,,,,,,,,,,,,,,,,,,,,,,,,,,,,,,,,,,,,,,,,,,,,,,,,,,,,,,,,,,,,,,,,,,,,,,,,,
capacity_sweep,K-12_leaf_components-1,cmapss:FD001,ad,PC · structural-only score,0.5806899693832472,0.015630258494611037,0.2106331094684534,0.024771443174813373,0.4897752647169827,0.04003961421879554,0.5054789419317417,0.0034499739846709804,0.6607328765601217,0.02050572218094172,0.625385945917508,0.024515772621225097,0.7244343869086757,0.07976570972583791,0.5647288635992217,0.011858891349589215,,,,,,,3,"[0, 1, 2]",,,,,1,12,,,,,,,,,,,,,,,,,,,,,,,,,,,,,,,,,,,,,,,,,,,,,,,,,,,,,,,,,,,,,,,,,,,,,,,,,,,,,,,,,,,,,,,,,,,,,,,,,,,,,,,,,,,,,,,,,,,,,,,,,,,,,,,,,,,,,,,,,,,,,
capacity_sweep,K-2_leaf_components-1,cmapss:FD001,ad,"RegionGraphPC [chain, K=2]",0.7502185942575254,0.0061859043602223015,0.5018019109374389,0.007260322569303387,0.5043600375775754,0.013955516953694925,0.5402654846586742,0.018366714772706065,0.9469314243706198,0.008028817223995722,0.9360109526260573,0.017362185094733088,0.9999639230249162,1.581135939482281e-05,0.7232479496344033,0.02460173212607309,6.353644450505574,0.27131870174470224,1428.0,0.0,189.43243408203125,3.0544316473614295,3,"[0, 1, 2]",,,,,1,2,,,,,,,,,,,,,,,,,,,,,,,,,,,,,,,,,,,,,,,,,,,,,,,,,,,,,,,,,,,,,,,,,,,,,,,,,,,,,,,,,,,,,,,,,,,,,,,,,,,,,,,,,,,,,,,,,,,,,,,,,,,,,,,,,,,,,,,,,,,,,
capacity_sweep,K-2_leaf_components-1,cmapss:FD001,ad,PC · structural-only score,0.5347637900756643,0.007751510542555286,0.17590075396651814,0.0055401618929481825,0.4856735394949214,0.041933674910733326,0.5262894677209959,0.01201811717882099,0.6426053454346364,0.006283930979079128,0.622000983633883,0.006683676275185612,0.2393938325677003,0.007707777775190815,0.529160646586861,0.01727915597984257,,,,,,,3,"[0, 1, 2]",,,,,1,2,,,,,,,,,,,,,,,,,,,,,,,,,,,,,,,,,,,,,,,,,,,,,,,,,,,,,,,,,,,,,,,,,,,,,,,,,,,,,,,,,,,,,,,,,,,,,,,,,,,,,,,,,,,,,,,,,,,,,,,,,,,,,,,,,,,,,,,,,,,,,
capacity_sweep,K-2_leaf_components-3,cmapss:FD001,ad,"RegionGraphPC [chain, K=2]",0.8148250788444277,0.008533796755575702,0.6418307750284254,0.013829880141645956,0.4999434649468202,0.04754065244295573,0.6350232008087747,0.052556873252602894,0.9933485675799361,0.003751768614635982,0.9939433117213765,0.0028911619892868085,0.9999153690270793,1.0833203203358533e-05,0.8660432311569425,0.00682584531702982,7.996063391367595,0.8258452095960993,5628.0,0.0,140.2528839111328,2.78032821394299,3,"[0, 1, 2]",,,,,3,2,,,,,,,,,,,,,,,,,,,,,,,,,,,,,,,,,,,,,,,,,,,,,,,,,,,,,,,,,,,,,,,,,,,,,,,,,,,,,,,,,,,,,,,,,,,,,,,,,,,,,,,,,,,,,,,,,,,,,,,,,,,,,,,,,,,,,,,,,,,,,
capacity_sweep,K-2_leaf_components-3,cmapss:FD001,ad,PC · structural-only score,0.7335388078200792,0.02718265525689618,0.5137333938300349,0.0609684332849792,0.49269287270394696,0.02753235859444068,0.6943317379042665,0.034079533775072626,0.9415694084483793,0.03395097239421289,0.9379060533137835,0.012841508766820475,0.7563435242386755,0.1295628935855005,0.603787341377623,0.035191071424518806,,,,,,,3,"[0, 1, 2]",,,,,3,2,,,,,,,,,,,,,,,,,,,,,,,,,,,,,,,,,,,,,,,,,,,,,,,,,,,,,,,,,,,,,,,,,,,,,,,,,,,,,,,,,,,,,,,,,,,,,,,,,,,,,,,,,,,,,,,,,,,,,,,,,,,,,,,,,,,,,,,,,,,,,
capacity_sweep,K-4_leaf_components-3,cmapss:FD001,ad,"RegionGraphPC [chain, K=4]",0.8246926722833545,0.009124461003086616,0.66338874207977,0.012366720002477094,0.5011661455936745,0.04282285516426133,0.6578874431932619,0.04133320258165312,0.9958340062575668,0.002284323258843019,0.9966853026059939,0.0014030523623799736,0.9998666972294891,6.2048353981816066e-06,0.8873414020498124,0.008413808445816448,18.10895363489787,0.12570937846093333,12288.0,0.0,118.03511301676433,2.6884949004931147,3,"[0, 1, 2]",,,,,3,4,,,,,,,,,,,,,,,,,,,,,,,,,,,,,,,,,,,,,,,,,,,,,,,,,,,,,,,,,,,,,,,,,,,,,,,,,,,,,,,,,,,,,,,,,,,,,,,,,,,,,,,,,,,,,,,,,,,,,,,,,,,,,,,,,,,,,,,,,,,,,
capacity_sweep,K-4_leaf_components-3,cmapss:FD001,ad,PC · structural-only score,0.7643291637910677,0.00943848248449059,0.5666361357137166,0.009330386861534003,0.49799699003560266,0.01275035575728187,0.7189000766349469,0.033072694032116746,0.9664418550147654,0.015432724705500526,0.9469997299871279,0.011882983788277521,0.9412228957513761,0.02920216490467738,0.62588249209712,0.020983424396872282,,,,,,,3,"[0, 1, 2]",,,,,3,4,,,,,,,,,,,,,,,,,,,,,,,,,,,,,,,,,,,,,,,,,,,,,,,,,,,,,,,,,,,,,,,,,,,,,,,,,,,,,,,,,,,,,,,,,,,,,,,,,,,,,,,,,,,,,,,,,,,,,,,,,,,,,,,,,,,,,,,,,,,,,
capacity_sweep,K-16_leaf_components-3,cmapss:FD001,ad,"RegionGraphPC [chain, K=16]",0.8337532744530928,0.006223747835379639,0.6856448732504538,0.007665054687801798,0.5139914926817934,0.04515032337465731,0.6838307925625108,0.03339352089818329,0.9972748316246663,0.0016234509022981989,0.9983013207147131,0.0005492798281650648,0.9998667188281941,1.625911310653588e-05,0.8938518148640294,0.005820091082074415,81.02580412228902,10.949868433313323,122304.0,0.0,79.00675455729167,0.4709460153368656,3,"[0, 1, 2]",,,,,3,16,,,,,,,,,,,,,,,,,,,,,,,,,,,,,,,,,,,,,,,,,,,,,,,,,,,,,,,,,,,,,,,,,,,,,,,,,,,,,,,,,,,,,,,,,,,,,,,,,,,,,,,,,,,,,,,,,,,,,,,,,,,,,,,,,,,,,,,,,,,,,
capacity_sweep,K-16_leaf_components-3,cmapss:FD001,ad,PC · structural-only score,0.7783956780270497,0.002151979678436024,0.5982553885088234,0.011135224795859143,0.4934425883342845,0.015870041975355333,0.7370448804418183,0.02729147389889388,0.9698613880244954,0.009296079257175117,0.9688311366984603,0.005116272482912916,0.895254989824468,0.05161622581414903,0.6777601161944724,0.025477954089548043,,,,,,,3,"[0, 1, 2]",,,,,3,16,,,,,,,,,,,,,,,,,,,,,,,,,,,,,,,,,,,,,,,,,,,,,,,,,,,,,,,,,,,,,,,,,,,,,,,,,,,,,,,,,,,,,,,,,,,,,,,,,,,,,,,,,,,,,,,,,,,,,,,,,,,,,,,,,,,,,,,,,,,,,
smoke,default,synthetic,ad,"RegionGraphPC [chain, K=4]",0.854978575800857,0.0,0.7165621041432265,0.0,0.5955621301775148,0.0,0.6692307692307692,0.0,0.796844181459566,0.0,0.8338968723584108,0.0,0.998970928736815,0.0,0.9560439560439561,0.0,0.4159374237060547,0.0,752.0,0.0,49.107337951660156,0.0,1,[0],,,,,,,,,,,,,,,,,,,,,,,,,,,,,,,,,,,,,,,,,,,,,,,,,,,,,,,,,,,,,,,,,,,,,,,,,,,,,,,,,,,,,,,,,,,,,,,,,,,,,,,,,,,,,,,,,,,,,,,,,,,,,,,,,,,,,,,,,,,,,,,,,,,
smoke,default,synthetic,ad,z-score (per channel),0.8366404815343808,0.0,0.7073440347458748,0.0,0.5181952662721894,0.0,0.39822485207100594,0.0,0.9220907297830375,0.0,0.875105663567202,0.0,0.9886802161049653,0.0,0.9934488588334742,0.0,0.0036940574645996094,0.0,,,,,1,[0],,,,,,,,,,,,,,,,,,,,,,,,,,,,,,,,,,,,,,,,,,,,,,,,,,,,,,,,,,,,,,,,,,,,,,,,,,,,,,,,,,,,,,,,,,,,,,,,,,,,,,,,,,,,,,,,,,,,,,,,,,,,,,,,,,,,,,,,,,,,,,,,,,,
smoke,default,synthetic,ad,moving-average residual,0.7228116710875332,0.0,0.5120108431877002,0.0,0.40473372781065087,0.0,0.47337278106508873,0.0,0.9832347140039448,0.0,0.6318681318681318,0.0,0.7907126318497556,0.0,1.0,0.0,0.010769128799438477,0.0,,,,,1,[0],,,,,,,,,,,,,,,,,,,,,,,,,,,,,,,,,,,,,,,,,,,,,,,,,,,,,,,,,,,,,,,,,,,,,,,,,,,,,,,,,,,,,,,,,,,,,,,,,,,,,,,,,,,,,,,,,,,,,,,,,,,,,,,,,,,,,,,,,,,,,,,,,,,
smoke,default,synthetic,ad,diagonal Gaussian,0.8101917975923281,0.0,0.6476341417569621,0.0,0.592603550295858,0.0,0.3254437869822485,0.0,0.7080867850098619,0.0,0.8245984784446323,0.0,0.9983277591973244,0.0,0.9222316145393068,0.0,0.002870798110961914,0.0,,,,,1,[0],,,,,,,,,,,,,,,,,,,,,,,,,,,,,,,,,,,,,,,,,,,,,,,,,,,,,,,,,,,,,,,,,,,,,,,,,,,,,,,,,,,,,,,,,,,,,,,,,,,,,,,,,,,,,,,,,,,,,,,,,,,,,,,,,,,,,,,,,,,,,,,,,,,
smoke,default,synthetic,ad,PCA reconstruction,0.8324321567027138,0.0,0.6887470355128592,0.0,0.5071005917159763,0.0,0.644378698224852,0.0,0.878698224852071,0.0,0.7937447168216399,0.0,0.9951119114998713,0.0,0.8960270498732037,0.0,0.4964437484741211,0.0,,,,,1,[0],,,,,,,,,,,,,,,,,,,,,,,,,,,,,,,,,,,,,,,,,,,,,,,,,,,,,,,,,,,,,,,,,,,,,,,,,,,,,,,,,,,,,,,,,,,,,,,,,,,,,,,,,,,,,,,,,,,,,,,,,,,,,,,,,,,,,,,,,,,,,,,,,,,
smoke,default,synthetic,ad,1-NN distance,0.867731075290757,0.0,0.7448079328248203,0.0,0.5366863905325444,0.0,0.8355029585798817,0.0,0.953155818540434,0.0,0.742603550295858,0.0,0.9958837149472601,0.0,0.9945054945054945,0.0,0.029054880142211914,0.0,,,,,1,[0],,,,,,,,,,,,,,,,,,,,,,,,,,,,,,,,,,,,,,,,,,,,,,,,,,,,,,,,,,,,,,,,,,,,,,,,,,,,,,,,,,,,,,,,,,,,,,,,,,,,,,,,,,,,,,,,,,,,,,,,,,,,,,,,,,,,,,,,,,,,,,,,,,,
smoke,default,synthetic,ad,Mahalanobis,0.8689553152417874,0.0,0.7236197981337994,0.0,0.5298816568047338,0.0,0.7840236686390533,0.0,0.9842209072978304,0.0,0.871090448013525,0.0,0.9642397736043221,0.0,1.0,0.0,0.0044438838958740234,0.0,,,,,1,[0],,,,,,,,,,,,,,,,,,,,,,,,,,,,,,,,,,,,,,,,,,,,,,,,,,,,,,,,,,,,,,,,,,,,,,,,,,,,,,,,,,,,,,,,,,,,,,,,,,,,,,,,,,,,,,,,,,,,,,,,,,,,,,,,,,,,,,,,,,,,,,,,,,,
smoke,default,synthetic,ad,PC · 3 dead (exact marginal),0.8000918179963272,0.0,0.65528197240512,0.0,0.5363905325443787,0.0,0.5923076923076923,0.0,0.6513806706114399,0.0,0.7409129332206256,0.0,0.9985850270131207,0.0,0.8596787827557059,0.0,,,,,,,1,[0],,3.0,0.0,,,,,,,,,,,,,,,,,,,,,,,,,,,,,,,,,,,,,,,,,,,,,,,,,,,,,,,,,,,,,,,,,,,,,,,,,,,,,,,,,,,,,,,,,,,,,,,,,,,,,,,,,,,,,,,,,,,,,,,,,,,,,,,,,,,,,,,,,,,,,,,,
smoke,default,synthetic,ad,PC · 3 dead (mean-imputed),0.8052438277902468,0.0,0.6518415349784823,0.0,0.5547337278106509,0.0,0.5846153846153846,0.0,0.6888560157790927,0.0,0.7180896027049873,0.0,0.9981991252894263,0.0,0.8736263736263736,0.0,,,,,,,1,[0],,3.0,0.0,,,,,,,,,,,,,,,,,,,,,,,,,,,,,,,,,,,,,,,,,,,,,,,,,,,,,,,,,,,,,,,,,,,,,,,,,,,,,,,,,,,,,,,,,,,,,,,,,,,,,,,,,,,,,,,,,,,,,,,,,,,,,,,,,,,,,,,,,,,,,,,,
smoke,default,synthetic,ad,z-score (per channel) · 3 dead (imputed),0.7925678432972862,0.0,0.6445581582519683,0.0,0.4958579881656805,0.0,0.4334319526627219,0.0,0.6908284023668639,0.0,0.7802197802197802,0.0,0.9921533316182145,0.0,0.9167371090448013,0.0,,,,,,,1,[0],,3.0,0.0,,,,,,,,,,,,,,,,,,,,,,,,,,,,,,,,,,,,,,,,,,,,,,,,,,,,,,,,,,,,,,,,,,,,,,,,,,,,,,,,,,,,,,,,,,,,,,,,,,,,,,,,,,,,,,,,,,,,,,,,,,,,,,,,,,,,,,,,,,,,,,,,
smoke,default,synthetic,ad,moving-average residual · 3 dead (imputed),0.6956998571720057,0.0,0.45450765847517716,0.0,0.4063609467455621,0.0,0.3514792899408284,0.0,0.8402366863905325,0.0,0.5803043110735419,0.0,0.81643941342938,0.0,0.9497041420118343,0.0,,,,,,,1,[0],,3.0,0.0,,,,,,,,,,,,,,,,,,,,,,,,,,,,,,,,,,,,,,,,,,,,,,,,,,,,,,,,,,,,,,,,,,,,,,,,,,,,,,,,,,,,,,,,,,,,,,,,,,,,,,,,,,,,,,,,,,,,,,,,,,,,,,,,,,,,,,,,,,,,,,,,
smoke,default,synthetic,ad,diagonal Gaussian · 3 dead (imputed),0.7810650887573964,0.0,0.617040648559446,0.0,0.5319526627218935,0.0,0.39289940828402364,0.0,0.5404339250493096,0.0,0.7836010143702451,0.0,0.9970414201183432,0.0,0.908284023668639,0.0,,,,,,,1,[0],,3.0,0.0,,,,,,,,,,,,,,,,,,,,,,,,,,,,,,,,,,,,,,,,,,,,,,,,,,,,,,,,,,,,,,,,,,,,,,,,,,,,,,,,,,,,,,,,,,,,,,,,,,,,,,,,,,,,,,,,,,,,,,,,,,,,,,,,,,,,,,,,,,,,,,,,
smoke,default,synthetic,ad,PC · structural-only score,0.763517649459294,0.0,0.48434883715514226,0.0,0.48727810650887576,0.0,0.6994082840236686,0.0,0.7006903353057199,0.0,0.7303465765004227,0.0,0.9641111396964239,0.0,0.6318681318681318,0.0,,,,,,,1,[0],,,,,,,,,,,,,,,,,,,,,,,,,,,,,,,,,,,,,,,,,,,,,,,,,,,,,,,,,,,,,,,,,,,,,,,,,,,,,,,,,,,,,,,,,,,,,,,,,,,,,,,,,,,,,,,,,,,,,,,,,,,,,,,,,,,,,,,,,,,,,,,,,,,
cmapss_structure,vtree-chain_perm_features,cmapss:FD001,ad,"RegionGraphPC [chain_perm_features, K=8]",0.7918817427184344,0.003164253030742924,0.5919363425568976,0.007285689850369677,0.5063112118007829,0.019367552773616875,0.5901377824881054,0.029452838147688093,0.9849469097465722,0.009104172779720147,0.9827580342275887,0.004739078284999262,0.9999152728260311,2.2142517657349077e-05,0.8047845329696521,0.029434877076727834,19.522727648417156,2.916216767375705,15360.0,0.0,155.03719075520834,2.3888692915266274,3,"[0, 1, 2]",,,,chain_perm_features,,,,,,,,,,,,,,,,,,,,,,,,,,,,,,,,,,,,,,,,,,,,,,,,,,,,,,,,,,,,,,,,,,,,,,,,,,,,,,,,,,,,,,,,,,,,,,,,,,,,,,,,,,,,,,,,,,,,,,,,,,,,,,,,,,,,,,,,,,,,,,,
cmapss_structure,vtree-chain_perm_features,cmapss:FD001,ad,PC · structural-only score,0.684119088852921,0.003897681482219057,0.274830224608783,0.01041749204808965,0.4734799106260894,0.037291276004832105,0.6065395772500033,0.004847105354307813,0.8562463752878845,0.016620769266324657,0.8537751547327762,0.006208959485042883,0.8088294688475703,0.058975578546149134,0.5848267777078718,0.030399147004344554,,,,,,,3,"[0, 1, 2]",,,,chain_perm_features,,,,,,,,,,,,,,,,,,,,,,,,,,,,,,,,,,,,,,,,,,,,,,,,,,,,,,,,,,,,,,,,,,,,,,,,,,,,,,,,,,,,,,,,,,,,,,,,,,,,,,,,,,,,,,,,,,,,,,,,,,,,,,,,,,,,,,,,,,,,,,,
cmapss_structure,vtree-chain_grouped,cmapss:FD001,ad,"RegionGraphPC [chain_grouped, K=8]",0.8450152483724777,0.004488279709837697,0.7198941981218843,0.008463386270952203,0.5091524822984392,0.04234751396669263,0.7110957183575305,0.03417541790303161,0.9990847514990335,0.0006249898576537863,0.999244800405369,0.0003663168415014086,0.9999909658916174,8.292704173258167e-06,0.9256042165085422,0.012329358533356833,305.29822039604187,25.31752380251018,138240.0,0.0,83.57030487060547,10.772660122015736,3,"[0, 1, 2]",,,,chain_grouped,,,,,,,,,,,,,,,,,,,,,,,,,,,,,,,,,,,,,,,,,,,,,,,,,,,,,,,,,,,,,,,,,,,,,,,,,,,,,,,,,,,,,,,,,,,,,,,,,,,,,,,,,,,,,,,,,,,,,,,,,,,,,,,,,,,,,,,,,,,,,,,
cmapss_structure,vtree-chain_grouped,cmapss:FD001,ad,PC · structural-only score,0.7120375023162694,0.0033080098669891166,0.5729085829304682,0.004491602848181653,0.47890743711044514,0.039513773665060384,0.7940589403272259,0.03241465639513081,0.9586136299520017,0.007744375711555259,0.9638415354977368,0.012495550332610671,0.14594237736381704,0.0015776170937960967,0.6101297468445208,0.022303876156529373,,,,,,,3,"[0, 1, 2]",,,,chain_grouped,,,,,,,,,,,,,,,,,,,,,,,,,,,,,,,,,,,,,,,,,,,,,,,,,,,,,,,,,,,,,,,,,,,,,,,,,,,,,,,,,,,,,,,,,,,,,,,,,,,,,,,,,,,,,,,,,,,,,,,,,,,,,,,,,,,,,,,,,,,,,,,
cmapss_structure,vtree-chain,cmapss:FD001,ad,"RegionGraphPC [chain, K=8]",0.753182494749809,0.008560003611561569,0.5037958577681753,0.010165277790509786,0.5053931072021189,0.010468087793144868,0.5430142732781332,0.01751908286089225,0.95014546077955,0.007616091958134645,0.939140655941236,0.018233687487486848,0.999969399646579,1.6470691541608208e-05,0.728791805494145,0.029290477387387992,17.080053408940632,0.2570595760497328,15360.0,0.0,193.2324676513672,10.801708349972628,3,"[0, 1, 2]",,,,chain,,,,,,,,,,,,,,,,,,,,,,,,,,,,,,,,,,,,,,,,,,,,,,,,,,,,,,,,,,,,,,,,,,,,,,,,,,,,,,,,,,,,,,,,,,,,,,,,,,,,,,,,,,,,,,,,,,,,,,,,,,,,,,,,,,,,,,,,,,,,,,,
cmapss_structure,vtree-chain,cmapss:FD001,ad,PC · structural-only score,0.5626271933921552,0.009524624350379558,0.19269922342138682,0.005427400857662462,0.4885312408444304,0.04413910139845915,0.5004520305553234,0.007864774595399634,0.6399116216453405,0.023601889099960832,0.6089549410280721,0.017824036368465634,0.6323092395302551,0.07479452481629359,0.5509386648041226,0.018019222393996726,,,,,,,3,"[0, 1, 2]",,,,chain,,,,,,,,,,,,,,,,,,,,,,,,,,,,,,,,,,,,,,,,,,,,,,,,,,,,,,,,,,,,,,,,,,,,,,,,,,,,,,,,,,,,,,,,,,,,,,,,,,,,,,,,,,,,,,,,,,,,,,,,,,,,,,,,,,,,,,,,,,,,,,,
cmapss_structure,vtree-channel,cmapss:FD001,ad,"RegionGraphPC [channel, K=8]",0.8271068180012059,0.009501532890843357,0.6902986930087556,0.012966024603532625,0.5205906443378497,0.04308442925112953,0.5941654455097521,0.041106316358611415,0.9968060419676265,0.0019633713772396785,0.9967445523109385,0.0011196848485507944,0.9999964144597667,6.210337856743165e-06,0.9437641603034387,0.013399684714611093,224.5021209716797,4.194906605361381,157440.0,0.0,49.71895853678385,9.089457898731945,3,"[0, 1, 2]",,,,channel,,,,,,,,,,,,,,,,,,,,,,,,,,,,,,,,,,,,,,,,,,,,,,,,,,,,,,,,,,,,,,,,,,,,,,,,,,,,,,,,,,,,,,,,,,,,,,,,,,,,,,,,,,,,,,,,,,,,,,,,,,,,,,,,,,,,,,,,,,,,,,,
cmapss_structure,vtree-channel,cmapss:FD001,ad,PC · structural-only score,0.7177943893014432,0.010996133479391452,0.5303049603271561,0.01285468163071198,0.48862135044930904,0.029026909111343167,0.7880874737873466,0.03163840152689449,0.9252381066301343,0.021292883932340734,0.9138727257385072,0.031352495523025666,0.6401837433994753,0.012272520586797935,0.5176132401144345,0.020967653544177244,,,,,,,3,"[0, 1, 2]",,,,channel,,,,,,,,,,,,,,,,,,,,,,,,,,,,,,,,,,,,,,,,,,,,,,,,,,,,,,,,,,,,,,,,,,,,,,,,,,,,,,,,,,,,,,,,,,,,,,,,,,,,,,,,,,,,,,,,,,,,,,,,,,,,,,,,,,,,,,,,,,,,,,,
cmapss_structure,vtree-chain_perm_blocks,cmapss:FD001,ad,"RegionGraphPC [chain_perm_blocks, K=8]",0.7514390948303431,0.006640195863990738,0.502071979408771,0.007110123417950918,0.5057673047419152,0.010662955522669241,0.5409872114268608,0.018891958468843683,0.9483434030019054,0.008088773334381755,0.9373280317609055,0.016954611246740497,0.9999621367096081,1.4391063568457926e-05,0.7247927034051189,0.024224177307357632,20.78888527552287,0.2917539639235187,15360.0,0.0,192.0414581298828,0.4001858574335366,3,"[0, 1, 2]",,,,chain_perm_blocks,,,,,,,,,,,,,,,,,,,,,,,,,,,,,,,,,,,,,,,,,,,,,,,,,,,,,,,,,,,,,,,,,,,,,,,,,,,,,,,,,,,,,,,,,,,,,,,,,,,,,,,,,,,,,,,,,,,,,,,,,,,,,,,,,,,,,,,,,,,,,,,
cmapss_structure,vtree-chain_perm_blocks,cmapss:FD001,ad,PC · structural-only score,0.5607625749385986,0.0032739705728757297,0.1941009364986507,0.010413728667681239,0.49629600618429065,0.040540742244539296,0.5053337090521199,0.0099164131922348,0.6483990043675127,0.006913396033610248,0.6135167490902226,0.008628383424520901,0.5591875022841787,0.09569350054721268,0.5470388526003732,0.015539532771707013,,,,,,,3,"[0, 1, 2]",,,,chain_perm_blocks,,,,,,,,,,,,,,,,,,,,,,,,,,,,,,,,,,,,,,,,,,,,,,,,,,,,,,,,,,,,,,,,,,,,,,,,,,,,,,,,,,,,,,,,,,,,,,,,,,,,,,,,,,,,,,,,,,,,,,,,,,,,,,,,,,,,,,,,,,,,,,,
cmapss_structure,vtree-forman_rg,cmapss:FD001,ad,"RegionGraphPC [forman_rg, K=8]",0.8336873590855961,0.0011288347455218944,0.6768872565943616,0.01669088387139098,0.5251892752437052,0.041077844949141094,0.6521589665423299,0.04042161266575307,0.9954321150697778,0.00337916084355583,0.9960259344197674,0.0016478426592292546,0.9999496401984143,4.9006289306138865e-05,0.9180161856402371,0.01241412782691767,50.27134442329407,0.5248180948200948,13576.0,0.0,92.88403065999348,7.194633532167694,3,"[0, 1, 2]",,,,forman_rg,,,,,,,,,,,,,,,,,,,,,,,,,,,,,,,,,,,,,,,,,,,,,,,,,,,,,,,,,,,,,,,,,,,,,,,,,,,,,,,,,,,,,,,,,,,,,,,,,,,,,,,,,,,,,,,,,,,,,,,,,,,,,,,,,,,,,,,,,,,,,,,
cmapss_structure,vtree-forman_rg,cmapss:FD001,ad,PC · structural-only score,0.7344921914736139,0.0071281855461898065,0.5969200385605765,0.003273981551086378,0.47675890853782965,0.019955601847575034,0.8014664842061673,0.015962452768136154,0.9714267887124275,0.011470758435995786,0.9752057480400912,0.009587079398539382,0.22713593833294157,0.05623216462044562,0.665739517606916,0.008569835155454075,,,,,,,3,"[0, 1, 2]",,,,forman_rg,,,,,,,,,,,,,,,,,,,,,,,,,,,,,,,,,,,,,,,,,,,,,,,,,,,,,,,,,,,,,,,,,,,,,,,,,,,,,,,,,,,,,,,,,,,,,,,,,,,,,,,,,,,,,,,,,,,,,,,,,,,,,,,,,,,,,,,,,,,,,,,
cmapss_structure,vtree-spectral,cmapss:FD001,ad,"RegionGraphPC [spectral, K=8]",0.8431822856709871,0.004152990123727637,0.7241108111589926,0.0086427259681386,0.5146238630467913,0.04790850289057517,0.6780380538434346,0.049382773373278316,0.9993728699691887,0.0003236527234560438,0.9993861455740286,0.00017003960312363754,0.9999982072298833,3.1051689283395335e-06,0.94328102283193,0.013480250000398807,208.57244698206583,0.28162802683099025,157440.0,0.0,56.824225107828774,2.31347333937575,3,"[0, 1, 2]",,,,spectral,,,,,,,,,,,,,,,,,,,,,,,,,,,,,,,,,,,,,,,,,,,,,,,,,,,,,,,,,,,,,,,,,,,,,,,,,,,,,,,,,,,,,,,,,,,,,,,,,,,,,,,,,,,,,,,,,,,,,,,,,,,,,,,,,,,,,,,,,,,,,,,
cmapss_structure,vtree-spectral,cmapss:FD001,ad,PC · structural-only score,0.7244580523461006,0.026548064366216175,0.5753974306826709,0.013163049228653375,0.5070850649892913,0.014917107979205164,0.8157566942852025,0.03777111564955339,0.9707700041917713,0.010230035737696304,0.9589664281796209,0.021092095647803927,0.3253838320960067,0.22722151959779652,0.5492315390634296,0.02257141597354527,,,,,,,3,"[0, 1, 2]",,,,spectral,,,,,,,,,,,,,,,,,,,,,,,,,,,,,,,,,,,,,,,,,,,,,,,,,,,,,,,,,,,,,,,,,,,,,,,,,,,,,,,,,,,,,,,,,,,,,,,,,,,,,,,,,,,,,,,,,,,,,,,,,,,,,,,,,,,,,,,,,,,,,,,
cmapss_structure,vtree-orc_rg,cmapss:FD001,ad,"RegionGraphPC [orc_rg, K=8]",0.8484933711826553,0.007805322046373118,0.7284329914946867,0.005082429891822534,0.510941063093372,0.03546062591288331,0.7109187365405876,0.0416914660069061,0.9991568130531402,0.0005039221030654124,0.9993188954615929,0.00022570403413924625,1.0,0.0,0.9409164698140099,0.011541816389463978,1075.9558952649434,36.346742003030286,147080.0,0.0,61.52376174926758,6.211016111177015,3,"[0, 1, 2]",,,,orc_rg,,,,,,,,,,,,,,,,,,,,,,,,,,,,,,,,,,,,,,,,,,,,,,,,,,,,,,,,,,,,,,,,,,,,,,,,,,,,,,,,,,,,,,,,,,,,,,,,,,,,,,,,,,,,,,,,,,,,,,,,,,,,,,,,,,,,,,,,,,,,,,,
cmapss_structure,vtree-orc_rg,cmapss:FD001,ad,PC · structural-only score,0.7277023096918699,0.006821961361514372,0.581839828480693,0.004176732496374475,0.49519440990308655,0.035648834522426856,0.8188206227404485,0.026309909812130508,0.9706667364967533,0.0071582558274821285,0.9595974531650645,0.016233179568859953,0.296704569108107,0.05838197202273228,0.5834886877997172,0.035738337458806835,,,,,,,3,"[0, 1, 2]",,,,orc_rg,,,,,,,,,,,,,,,,,,,,,,,,,,,,,,,,,,,,,,,,,,,,,,,,,,,,,,,,,,,,,,,,,,,,,,,,,,,,,,,,,,,,,,,,,,,,,,,,,,,,,,,,,,,,,,,,,,,,,,,,,,,,,,,,,,,,,,,,,,,,,,,
cmapss_structure,vtree-time,cmapss:FD001,ad,"RegionGraphPC [time, K=8]",0.8327859253886256,0.007594220171964355,0.6911857182796816,0.006180273385044327,0.5054852804346778,0.04628277338339985,0.6779703287384314,0.028777217331385094,0.997523743298394,0.0016603180847617638,0.9983159873338089,0.0001648013619962032,0.999767678663945,2.3983246648790477e-05,0.9022386131354398,0.01500957976700913,224.65691757202148,3.1449606133384207,157440.0,0.0,72.43942896525066,13.291304131703148,3,"[0, 1, 2]",,,,time,,,,,,,,,,,,,,,,,,,,,,,,,,,,,,,,,,,,,,,,,,,,,,,,,,,,,,,,,,,,,,,,,,,,,,,,,,,,,,,,,,,,,,,,,,,,,,,,,,,,,,,,,,,,,,,,,,,,,,,,,,,,,,,,,,,,,,,,,,,,,,,
cmapss_structure,vtree-time,cmapss:FD001,ad,PC · structural-only score,0.7304862377958309,0.00633254332995728,0.5295081884395918,0.003554403076731847,0.48200940010771126,0.019878901241064624,0.7631108142332396,0.006662775031857714,0.948965488505897,0.006007363691770297,0.9540292932617577,0.009219505219064002,0.6844718275975853,0.004059520515231296,0.5363099203824624,0.0355635227196661,,,,,,,3,"[0, 1, 2]",,,,time,,,,,,,,,,,,,,,,,,,,,,,,,,,,,,,,,,,,,,,,,,,,,,,,,,,,,,,,,,,,,,,,,,,,,,,,,,,,,,,,,,,,,,,,,,,,,,,,,,,,,,,,,,,,,,,,,,,,,,,,,,,,,,,,,,,,,,,,,,,,,,,
cmapss_structure,vtree-chow_liu,cmapss:FD001,ad,"RegionGraphPC [chow_liu, K=8]",0.851189012672091,0.007510543443538034,0.7352111482530027,0.004079735959024755,0.5121857912342427,0.05510435297562376,0.7198688306422705,0.04267323772928607,0.9993844386999396,0.000327730894844837,0.9995057262235852,0.00012721854904417697,1.0,0.0,0.9444688943171746,0.006227296232439231,268.3305246035258,6.077086841148592,157440.0,0.0,68.22840627034505,4.310218999622001,3,"[0, 1, 2]",,,,chow_liu,,,,,,,,,,,,,,,,,,,,,,,,,,,,,,,,,,,,,,,,,,,,,,,,,,,,,,,,,,,,,,,,,,,,,,,,,,,,,,,,,,,,,,,,,,,,,,,,,,,,,,,,,,,,,,,,,,,,,,,,,,,,,,,,,,,,,,,,,,,,,,,
cmapss_structure,vtree-chow_liu,cmapss:FD001,ad,PC · structural-only score,0.7240317044612706,0.006954965529978431,0.5784539653787598,0.005266193775195583,0.4905894541581497,0.02352541728204567,0.8142791446508412,0.02162193036320844,0.9724712423783247,0.007949087272407384,0.9626317381280911,0.01596815446512993,0.26383053216660857,0.011988036892741577,0.5826181362388795,0.02105365666736605,,,,,,,3,"[0, 1, 2]",,,,chow_liu,,,,,,,,,,,,,,,,,,,,,,,,,,,,,,,,,,,,,,,,,,,,,,,,,,,,,,,,,,,,,,,,,,,,,,,,,,,,,,,,,,,,,,,,,,,,,,,,,,,,,,,,,,,,,,,,,,,,,,,,,,,,,,,,,,,,,,,,,,,,,,,
cmapss_structure,vtree-random,cmapss:FD001,ad,"RegionGraphPC [random, K=8]",0.8348496234764181,0.006585795963178723,0.6943372876500935,0.007046377955002916,0.5137663457433718,0.044665725997153405,0.6786917007567178,0.03261765002185013,0.9980166515006825,0.0010550843461989356,0.9984188020139705,0.00030876745651615744,0.9998378820742365,2.799897764829367e-05,0.9034302478568453,0.006445994613356381,235.2107720375061,0.036806818999236116,157440.0,0.0,64.12461980183919,19.539755829220983,3,"[0, 1, 2]",,,,random,,,,,,,,,,,,,,,,,,,,,,,,,,,,,,,,,,,,,,,,,,,,,,,,,,,,,,,,,,,,,,,,,,,,,,,,,,,,,,,,,,,,,,,,,,,,,,,,,,,,,,,,,,,,,,,,,,,,,,,,,,,,,,,,,,,,,,,,,,,,,,,
cmapss_structure,vtree-random,cmapss:FD001,ad,PC · structural-only score,0.742466220117123,0.004340365141737167,0.5663249944642267,0.005703091950385942,0.49581596419907475,0.02598110527226663,0.7821516166029955,0.015695535911831985,0.9616184256114475,0.006130567904460481,0.960720857215534,0.014222552865610456,0.687715402231802,0.0184866776119445,0.5470179175359801,0.017521786200917964,,,,,,,3,"[0, 1, 2]",,,,random,,,,,,,,,,,,,,,,,,,,,,,,,,,,,,,,,,,,,,,,,,,,,,,,,,,,,,,,,,,,,,,,,,,,,,,,,,,,,,,,,,,,,,,,,,,,,,,,,,,,,,,,,,,,,,,,,,,,,,,,,,,,,,,,,,,,,,,,,,,,,,,
cmapss_calibration,subset-FD001_alpha-0.1,cmapss:FD001,calibration,SurvivalPC (raw exact predictive),,,,,,,,,,,,,,,,,,,,,,,3,"[0, 1, 2]",FD001,,,,,,19.173848614579,0.5583180426536083,14.655029389671043,0.8319512940339718,108362.86322661948,4435.4481931104065,7.974497647401479,0.32177527925355826,0.38068148148148157,0.01254604031445843,51.06992592592593,3.2961441096786905,90.06192592592593,0.6869336170538524,0.21260444444444446,0.012208570962167173,21.160301844278973,0.7019925792191276,0.1,,,,,,,,,,,,,,,,,,,,,,,,,,,,,,,,,,,,,,,,,,,,,,,,,,,,,,,,,,,,,,,,,,,,,,,,,,,,,,,,,,,,,,,,,,,,,,,,,,,,,,,,,,,,,,,,,,,,,,,,,,
cmapss_calibration,subset-FD001_alpha-0.1,cmapss:FD001,calibration,SurvivalPC + split conformal (cqr),,,,,,,,,,,,,,,,,,,,,,,3,"[0, 1, 2]",FD001,,,,,,19.173848614579,0.5583180426536083,14.655029389671043,0.8319512940339718,,,7.974497645796905,0.32177528473137235,0.9568592592592592,0.009802527598793246,56.06992592592593,3.2961441096786905,64.80829629629629,1.2343445170742535,,,,,0.1,2.5,0.0,0.5816918526883831,0.04785175184866732,1693.6666666666667,416.1938650837291,0.0,0.0,0.0,0.0,0.0,0.0,,,,,,,,,,,,,,,,,,,,,,,,,,,,,,,,,,,,,,,,,,,,,,,,,,,,,,,,,,,,,,,,,,,,,,,,,,,,,,,,,,,,,,,,,,,,,,,,,,,,,,,,,,,,,,
cmapss_calibration,subset-FD001_alpha-0.1,cmapss:FD001,calibration,SurvivalPC + split conformal (pit),,,,,,,,,,,,,,,,,,,,,,,3,"[0, 1, 2]",FD001,,,,,,19.173848614579,0.5583180426536083,14.655029389671043,0.8319512940339718,,,7.974497645796905,0.32177528473137235,0.39383703703703704,0.005509199190459952,56.9362962962963,1.4370343489856499,91.51585185185185,0.13999741326240867,,,,,0.1,,,,,1693.6666666666667,416.1938650837291,0.0,0.0,0.0,0.0,0.0,0.0,0.5777960793557565,0.049344067453180054,0.36571452471129257,0.007240355310111805,0.04369206975231691,0.007520263657862737,1.0,0.0,,,,,,,,,,,,,,,,,,,,,,,,,,,,,,,,,,,,,,,,,,,,,,,,,,,,,,,,,,,,,,,,,,,,,,,,,,,,,,,,,,,,,,,,,,,,,,,,,,,,,,
cmapss_calibration,subset-FD001_alpha-0.1,cmapss:FD001,calibration,quantile reg. + conformal (CQR),,,,,,,,,,,,,,,,,,,,,,,3,"[0, 1, 2]",FD001,,,,,,19.51622634662149,0.7128877087104946,,,,,,,0.8276148148148148,0.02924989254667045,56.05543488725733,2.406846394922195,88.78587882759659,3.8973103790429624,,,,,0.1,,,,,,,,,,,,,,,,,,,,,,,,,,,,,,,,,,,,,,,,,,,,,,,,,,,,,,,,,,,,,,,,,,,,,,,,,,,,,,,,,,,,,,,,,,,,,,,,,,,,,,,,,,,,,,,,,,,,,,,,,,
cmapss_calibration,subset-FD002,cmapss:FD002,calibration,SurvivalPC (raw exact predictive) · a=0.10,,,,,,,,,,,,,,,,,,,,,,,5,"[0, 1, 2, 3, 4]",FD002,,,,,,30.35061190389107,0.36592786166863944,25.511740333611478,0.43687943655386197,1156042.9864320427,89609.17840828853,13.676572195672401,0.19592076093752037,0.4206726488115624,0.0014076264930926242,91.26590862387835,0.7895263851791707,123.28344407151175,0.4369388583964343,0.22176998424549624,0.005141301300312115,16.23214511871338,0.5126630216559668,,,,,,,,,,,,,,,,,,,,,,0.1,0.0,0.9850263716692924,0.0009411912617202652,96.26590862387835,0.7895263851791707,99.78505377080621,0.5015856290634336,0.554766503008627,0.010589935673221352,0.0716946172757197,0.0012255805342117768,0.09114401035208683,0.013127683024714187,0.08333333333333333,0.0,,,,,,,,,,,,,,,,,,,,,,,,,,,,,,,,,,,,,,,,,,,,,,,,,,,,,,,,,,,,,,,,,,,,,,,,,,,,,,,,,,,,,,
cmapss_calibration,subset-FD002,cmapss:FD002,calibration,SurvivalPC + split conformal (cqr) · a=0.10,,,,,,,,,,,,,,,,,,,,,,,5,"[0, 1, 2, 3, 4]",FD002,,,,,,30.35061190389107,0.36592786166863944,25.511740333611478,0.43687943655386197,,,13.676572204617372,0.19592075532257106,0.9850263716692924,0.0009411912617202652,96.26590862387835,0.7895263851791707,99.78505377080621,0.5015856290634336,,,,,,2.5,0.0,0.5793184534600817,0.02249910851149998,4758.0,238.08926897279517,0.0,0.0,0.0,0.0,0.05231865196246319,0.01179888009439294,,,,,,,,,0.1,0.0,,,,,,,,,,,,,,,,,,,,,,,,,,,,,,,,,,,,,,,,,,,,,,,,,,,,,,,,,,,,,,,,,,,,,,,,,,,,,,,,,,,,,,,,,,,,,,,,,,,,
cmapss_calibration,subset-FD002,cmapss:FD002,calibration,SurvivalPC + split conformal (pit) · a=0.10,,,,,,,,,,,,,,,,,,,,,,,5,"[0, 1, 2, 3, 4]",FD002,,,,,,30.35061190389107,0.36592786166863944,25.511740333611478,0.43687943655386197,,,13.676572204617372,0.19592075532257106,0.4278238235495582,0.0017746097584449788,96.80471265155147,1.5109353716659932,126.58291663812591,1.0086206511071292,,,,,,,,,,4758.0,238.08926897279517,0.0,0.0,0.0,0.0,0.0,0.0,0.5269338702587005,0.019550397096826752,0.37644310135717124,0.00499951771652975,0.03566185907876206,0.003188349636506408,1.0,0.0,0.1,0.0,,,,,,,,,,,,,,,,,,,,,,,,,,,,,,,,,,,,,,,,,,,,,,,,,,,,,,,,,,,,,,,,,,,,,,,,,,,,,,,,,,,,,,,,,,,,,,,,,,,,
cmapss_calibration,subset-FD002,cmapss:FD002,calibration,quantile reg. + conformal (CQR) · a=0.10,,,,,,,,,,,,,,,,,,,,,,,5,"[0, 1, 2, 3, 4]",FD002,,,,,,19.146837292961617,0.4105928848312076,,,,,,,0.8581957668333449,0.016759267847779025,54.174091472863516,2.3316213353996047,76.62176831459882,1.9670070998733502,,,,,,,,,,,,,,,,,,,,,,,,,,0.1,0.0,,,,,,,,,,,,,,,,,,,,,,,,,,,,,,,,,,,,,,,,,,,,,,,,,,,,,,,,,,,,,,,,,,,,,,,,,,,,,,,,,,,,,,,,,,,,,,,,,,,,
cmapss_calibration,subset-FD002,cmapss:FD002,calibration,SurvivalPC (raw exact predictive) · a=0.20,,,,,,,,,,,,,,,,,,,,,,,5,"[0, 1, 2, 3, 4]",FD002,,,,,,30.35061190389107,0.36592786166863944,25.511740333611478,0.43687943655386197,1156042.9864320427,89609.17840828853,13.676572195672401,0.19592076093752037,0.4206726488115624,0.0014076264930926242,91.26590862387835,0.7895263851791707,107.27467634769505,0.6057252906378192,0.22176998424549624,0.005141301300312115,16.23214511871338,0.5126630216559668,,,,,,,,,,,,,,,,,,,,,,0.2,0.0,0.9850263716692924,0.0009411912617202652,96.26590862387835,0.7895263851791707,98.0254811973423,0.6395087742993112,0.554766503008627,0.010589935673221352,0.0716946172757197,0.0012255805342117768,0.09114401035208683,0.013127683024714187,0.08333333333333333,0.0,,,,,,,,,,,,,,,,,,,,,,,,,,,,,,,,,,,,,,,,,,,,,,,,,,,,,,,,,,,,,,,,,,,,,,,,,,,,,,,,,,,,,,
cmapss_calibration,subset-FD002,cmapss:FD002,calibration,SurvivalPC + split conformal (cqr) · a=0.20,,,,,,,,,,,,,,,,,,,,,,,5,"[0, 1, 2, 3, 4]",FD002,,,,,,30.35061190389107,0.36592786166863944,25.511740333611478,0.43687943655386197,,,13.676572204617372,0.19592075532257106,0.9850263716692924,0.0009411912617202652,96.26590862387835,0.7895263851791707,98.0254811973423,0.6395087742993112,,,,,,2.5,0.0,0.5793184534600817,0.02249910851149998,4758.0,238.08926897279517,0.0,0.0,0.0,0.0,0.05231865196246319,0.01179888009439294,,,,,,,,,0.2,0.0,,,,,,,,,,,,,,,,,,,,,,,,,,,,,,,,,,,,,,,,,,,,,,,,,,,,,,,,,,,,,,,,,,,,,,,,,,,,,,,,,,,,,,,,,,,,,,,,,,,,
cmapss_calibration,subset-FD002,cmapss:FD002,calibration,SurvivalPC + split conformal (pit) · a=0.20,,,,,,,,,,,,,,,,,,,,,,,5,"[0, 1, 2, 3, 4]",FD002,,,,,,30.35061190389107,0.36592786166863944,25.511740333611478,0.43687943655386197,,,13.676572204617372,0.19592075532257106,0.40793205014042055,0.0038225846746442007,84.40954859921912,1.752710600359031,102.24227686827865,1.0415847254003165,,,,,,,,,,4758.0,238.08926897279517,0.0,0.0,0.0,0.0,0.0,0.0,0.5269338702587005,0.019550397096826752,0.37644310135717124,0.00499951771652975,0.07276120226422791,0.004891832602766941,1.0,0.0,0.2,0.0,,,,,,,,,,,,,,,,,,,,,,,,,,,,,,,,,,,,,,,,,,,,,,,,,,,,,,,,,,,,,,,,,,,,,,,,,,,,,,,,,,,,,,,,,,,,,,,,,,,,
cmapss_calibration,subset-FD002,cmapss:FD002,calibration,quantile reg. + conformal (CQR) · a=0.20,,,,,,,,,,,,,,,,,,,,,,,5,"[0, 1, 2, 3, 4]",FD002,,,,,,19.30252506689694,0.2731533317322718,,,,,,,0.7455031166518256,0.004305730998271978,41.55868585131758,1.6332794221461917,65.6146793071387,1.030710528167475,,,,,,,,,,,,,,,,,,,,,,,,,,0.2,0.0,,,,,,,,,,,,,,,,,,,,,,,,,,,,,,,,,,,,,,,,,,,,,,,,,,,,,,,,,,,,,,,,,,,,,,,,,,,,,,,,,,,,,,,,,,,,,,,,,,,,
cmapss_calibration,subset-FD001,cmapss:FD001,calibration,SurvivalPC (raw exact predictive) · a=0.10,,,,,,,,,,,,,,,,,,,,,,,5,"[0, 1, 2, 3, 4]",FD001,,,,,,25.472654765937527,0.3046690828386254,20.27434239134047,0.4380039527767872,218846.6792755806,13809.161742644084,11.073656006522015,0.13524114199943668,0.39925333333333335,0.004665438991955024,68.67057777777778,1.6895724464644482,104.97919999999999,0.5485782656834368,0.21639466666666665,0.00742948839273458,18.311203384399413,0.6564626675838071,,,,,,,,,,,,,,,,,,,,,,0.1,0.0,0.9701688888888889,0.004284038708312636,73.67057777777778,1.6895724464644482,80.53564444444444,0.7402650442932356,0.526016023565816,0.013566534861141687,0.07901850306318661,0.002333332112819628,0.044973945095896244,0.02131116858546693,0.08333333333333333,0.0,,,,,,,,,,,,,,,,,,,,,,,,,,,,,,,,,,,,,,,,,,,,,,,,,,,,,,,,,,,,,,,,,,,,,,,,,,,,,,,,,,,,,,
cmapss_calibration,subset-FD001,cmapss:FD001,calibration,SurvivalPC + split conformal (cqr) · a=0.10,,,,,,,,,,,,,,,,,,,,,,,5,"[0, 1, 2, 3, 4]",FD001,,,,,,25.472654765937527,0.3046690828386254,20.27434239134047,0.4380039527767872,,,11.07365600547443,0.1352411485457316,0.9701688888888889,0.004284038708312636,73.67057777777778,1.6895724464644482,80.53564444444444,0.7402650442932356,,,,,,2.5,0.0,0.5905878741485783,0.03597556661462999,1716.2,312.026761672777,0.0,0.0,0.0,0.0,0.006719999999999999,0.003004917779939666,,,,,,,,,0.1,0.0,,,,,,,,,,,,,,,,,,,,,,,,,,,,,,,,,,,,,,,,,,,,,,,,,,,,,,,,,,,,,,,,,,,,,,,,,,,,,,,,,,,,,,,,,,,,,,,,,,,,
cmapss_calibration,subset-FD001,cmapss:FD001,calibration,SurvivalPC + split conformal (pit) · a=0.10,,,,,,,,,,,,,,,,,,,,,,,5,"[0, 1, 2, 3, 4]",FD001,,,,,,25.472654765937527,0.3046690828386254,20.27434239134047,0.4380039527767872,,,11.07365600547443,0.1352411485457316,0.41102222222222223,0.0054054385050704866,74.37457777777777,2.1876040086737425,106.78097777777778,0.8891907487453548,,,,,,,,,,1716.2,312.026761672777,0.0,0.0,0.0,0.0,0.0,0.0,0.5201806018226828,0.03617810662658133,0.37472852185357586,0.0101777032290862,0.03474962834955659,0.0059368920683493575,1.0,0.0,0.1,0.0,,,,,,,,,,,,,,,,,,,,,,,,,,,,,,,,,,,,,,,,,,,,,,,,,,,,,,,,,,,,,,,,,,,,,,,,,,,,,,,,,,,,,,,,,,,,,,,,,,,,
cmapss_calibration,subset-FD001,cmapss:FD001,calibration,quantile reg. + conformal (CQR) · a=0.10,,,,,,,,,,,,,,,,,,,,,,,5,"[0, 1, 2, 3, 4]",FD001,,,,,,17.604809096173458,0.29150227541752016,,,,,,,0.8545422222222221,0.019701435681219664,50.77079012214661,2.550278430452335,72.00978853116354,1.7964763989001842,,,,,,,,,,,,,,,,,,,,,,,,,,0.1,0.0,,,,,,,,,,,,,,,,,,,,,,,,,,,,,,,,,,,,,,,,,,,,,,,,,,,,,,,,,,,,,,,,,,,,,,,,,,,,,,,,,,,,,,,,,,,,,,,,,,,,
cmapss_calibration,subset-FD001,cmapss:FD001,calibration,SurvivalPC (raw exact predictive) · a=0.20,,,,,,,,,,,,,,,,,,,,,,,5,"[0, 1, 2, 3, 4]",FD001,,,,,,25.472654765937527,0.3046690828386254,20.27434239134047,0.4380039527767872,218846.6792755806,13809.161742644084,11.073656006522015,0.13524114199943668,0.39925333333333335,0.004665438991955024,68.67057777777778,1.6895724464644482,86.82488888888888,1.071911733974441,0.21639466666666665,0.00742948839273458,18.311203384399413,0.6564626675838071,,,,,,,,,,,,,,,,,,,,,,0.2,0.0,0.9701688888888889,0.004284038708312636,73.67057777777778,1.6895724464644482,77.1031111111111,1.1842485558257212,0.526016023565816,0.013566534861141687,0.07901850306318661,0.002333332112819628,0.044973945095896244,0.02131116858546693,0.08333333333333333,0.0,,,,,,,,,,,,,,,,,,,,,,,,,,,,,,,,,,,,,,,,,,,,,,,,,,,,,,,,,,,,,,,,,,,,,,,,,,,,,,,,,,,,,,
cmapss_calibration,subset-FD001,cmapss:FD001,calibration,SurvivalPC + split conformal (cqr) · a=0.20,,,,,,,,,,,,,,,,,,,,,,,5,"[0, 1, 2, 3, 4]",FD001,,,,,,25.472654765937527,0.3046690828386254,20.27434239134047,0.4380039527767872,,,11.07365600547443,0.1352411485457316,0.9701688888888889,0.004284038708312636,73.67057777777778,1.6895724464644482,77.1031111111111,1.1842485558257212,,,,,,2.5,0.0,0.5905878741485783,0.03597556661462999,1716.2,312.026761672777,0.0,0.0,0.0,0.0,0.006719999999999999,0.003004917779939666,,,,,,,,,0.2,0.0,,,,,,,,,,,,,,,,,,,,,,,,,,,,,,,,,,,,,,,,,,,,,,,,,,,,,,,,,,,,,,,,,,,,,,,,,,,,,,,,,,,,,,,,,,,,,,,,,,,,
cmapss_calibration,subset-FD001,cmapss:FD001,calibration,SurvivalPC + split conformal (pit) · a=0.20,,,,,,,,,,,,,,,,,,,,,,,5,"[0, 1, 2, 3, 4]",FD001,,,,,,25.472654765937527,0.3046690828386254,20.27434239134047,0.4380039527767872,,,11.07365600547443,0.1352411485457316,0.38673777777777774,0.009263740545205738,64.98222222222223,2.612408075055904,84.71377777777778,1.2752763147696045,,,,,,,,,,1716.2,312.026761672777,0.0,0.0,0.0,0.0,0.0,0.0,0.5201806018226828,0.03617810662658133,0.37472852185357586,0.0101777032290862,0.0666829339196156,0.010599811669239859,1.0,0.0,0.2,0.0,,,,,,,,,,,,,,,,,,,,,,,,,,,,,,,,,,,,,,,,,,,,,,,,,,,,,,,,,,,,,,,,,,,,,,,,,,,,,,,,,,,,,,,,,,,,,,,,,,,,
cmapss_calibration,subset-FD001,cmapss:FD001,calibration,quantile reg. + conformal (CQR) · a=0.20,,,,,,,,,,,,,,,,,,,,,,,5,"[0, 1, 2, 3, 4]",FD001,,,,,,17.47583701910011,0.39610638342914856,,,,,,,0.7465244444444444,0.028801755776383994,39.29635853322347,1.112091657045949,59.4162009528266,1.886003783917459,,,,,,,,,,,,,,,,,,,,,,,,,,0.2,0.0,,,,,,,,,,,,,,,,,,,,,,,,,,,,,,,,,,,,,,,,,,,,,,,,,,,,,,,,,,,,,,,,,,,,,,,,,,,,,,,,,,,,,,,,,,,,,,,,,,,,
smoke,default,synthetic,calibration,SurvivalPC (raw exact predictive),,,,,,,,,,,,,,,,,,,,,,,1,[0],,,,,,,32.137724409320725,0.0,26.807089365151032,0.0,35064.109565821156,0.0,16.465634030300276,0.0,0.5542168674698795,0.0,86.92770654226403,0.0,137.2021750829306,0.0,0.13032128514056224,0.0,24.638507843017578,0.0,,,,,,,,,,,,,,,,,,,,,,0.1,0.0,0.9759036144578314,0.0,97.7610451878314,0.0,104.01271790960227,0.0,0.36993439807986445,0.0,0.07841742596638976,0.0,0.25453685566104534,0.0,0.08333333333333333,0.0,,,,,,,,,,,,,,,,,,,,,,,,,,,,,,,,,,,,,,,,,,,,,,,,,,,,,,,,,,,,,,,,,,,,,,,,,,,,,,,,,,,,,,
smoke,default,synthetic,calibration,SurvivalPC + split conformal (cqr),,,,,,,,,,,,,,,,,,,,,,,1,[0],,,,,,,32.137724409320725,0.0,26.807089365151032,0.0,,,16.46563407046126,0.0,0.9759036144578314,0.0,97.76104907912901,0.0,104.0127201922926,0.0,,,,,,5.4166717529296875,0.0,0.5625,0.0,256.0,0.0,0.18473895582329317,0.0,0.0,0.0,0.18473895582329317,0.0,,,,,,,,,0.1,0.0,,,,,,,,,,,,,,,,,,,,,,,,,,,,,,,,,,,,,,,,,,,,,,,,,,,,,,,,,,,,,,,,,,,,,,,,,,,,,,,,,,,,,,,,,,,,,,,,,,,,
smoke,default,synthetic,calibration,SurvivalPC + split conformal (pit),,,,,,,,,,,,,,,,,,,,,,,1,[0],,,,,,,32.137724409320725,0.0,26.807089365151032,0.0,,,16.46563407046126,0.0,0.5502008032128514,0.0,85.75300762835276,0.0,136.10110380946392,0.0,,,,,,,,,,256.0,0.0,0.0,0.0,0.0,0.0,0.0,0.0,0.5248982759106113,0.0,0.38865281362766113,0.0,0.05335663368459791,0.0,1.0,0.0,0.1,0.0,,,,,,,,,,,,,,,,,,,,,,,,,,,,,,,,,,,,,,,,,,,,,,,,,,,,,,,,,,,,,,,,,,,,,,,,,,,,,,,,,,,,,,,,,,,,,,,,,,,,
smoke,default,synthetic,calibration,quantile reg. + conformal (CQR),,,,,,,,,,,,,,,,,,,,,,,1,[0],,,,,,,47.13355020066506,0.0,,,,,,,0.9397590361445783,0.0,210.9743838635793,0.0,229.68140739226436,0.0,,,,,,,,,,,,,,,,,,,,,,,,,,0.1,0.0,,,,,,,,,,,,,,,,,,,,,,,,,,,,,,,,,,,,,,,,,,,,,,,,,,,,,,,,,,,,,,,,,,,,,,,,,,,,,,,,,,,,,,,,,,,,,,,,,,,,
cmapss_explain,subset-FD004,cmapss:FD004,explain,PC conditional (exact),,,,,,,,,,,,,,,,,,,,,,,3,"[0, 1, 2]",FD004,,,,,,,,,,,,,,,,,,,,,,,,,,,,,,,,,,,,,,,,,,,,,,,,,,,,,,,,,,,,,0.8434499136111304,0.016489741260489757,0.5358521979057137,0.015916851736307573,221.0,8.888194417315589,0.9690185780814908,0.0009416354977337887,0.9233328954078489,0.02284308452904683,0.9112158844793186,0.011740157195009676,0.5754844427781299,0.06566287960609021,0.5568682392582219,0.006471203816959203,0.05875153957574555,0.006720995320464379,,,,,,,,,,,,,,,,,,,,,,,,,,,,,,,,,,,,,,,,,,,,,,,,,,,,,,,,,,,,,,,,,,,,
cmapss_explain,subset-FD004,cmapss:FD004,explain,PC marginal (exact),,,,,,,,,,,,,,,,,,,,,,,3,"[0, 1, 2]",FD004,,,,,,,,,,,,,,,,,,,,,,,,,,,,,,,,,,,,,,,,,,,,,,,,,,,,,,,,,,,,,0.8518097603768292,0.01707854661769565,0.5861563152584973,0.014420786055340591,221.0,8.888194417315589,0.9647049119762072,0.009869126080556841,0.9817350327198934,0.007250852951577225,0.9713230558782748,0.0023010889001108844,0.4926573247457107,0.031133018645365735,0.49588705208243483,0.018683677806567166,0.06109674048477256,0.010832247318283179,,,,,,,,,,,,,,,,,,,,,,,,,,,,,,,,,,,,,,,,,,,,,,,,,,,,,,,,,,,,,,,,,,,,
cmapss_explain,subset-FD004,cmapss:FD004,explain,PC structural (exact),,,,,,,,,,,,,,,,,,,,,,,3,"[0, 1, 2]",FD004,,,,,,,,,,,,,,,,,,,,,,,,,,,,,,,,,,,,,,,,,,,,,,,,,,,,,,,,,,,,,0.6673927045940861,0.026118564103689203,0.3560684278746466,0.038387006136251164,221.0,8.888194417315589,0.7523982549870388,0.0347416906112445,0.6527029389161702,0.03739011042940561,0.6257456297169302,0.018893793073160907,0.6149785650578133,0.04629434503525024,0.6168708819001569,0.04661099806557313,0.06376254713121887,0.009857874955336661,,,,,,,,,,,,,,,,,,,,,,,,,,,,,,,,,,,,,,,,,,,,,,,,,,,,,,,,,,,,,,,,,,,,
cmapss_explain,subset-FD004,cmapss:FD004,explain,PC Shapley (exact conditionals),,,,,,,,,,,,,,,,,,,,,,,3,"[0, 1, 2]",FD004,,,,,,,,,,,,,,,,,,,,,,,,,,,,,,,,,,,,,,,,,,,,,,,,,,,,,,,,,,,,,0.8345355378030912,0.016002065035877363,0.5081730700378827,0.013659250975351799,221.0,8.888194417315589,0.9642574795707036,0.0022604176268097823,0.9122492911486129,0.02360567499813752,0.89923704016245,0.011365757686943914,0.5658931690072152,0.06675072209168227,0.5486763025416961,0.010684176168328586,0.057130265552700454,0.005963845764475339,,,,,,,,,,,,,,,,,,,,,,,,,,,,,,,,,,,,,,,,,,,,,,,,,,,,,,,,,,,,,,,,,,,,
cmapss_explain,subset-FD004,cmapss:FD004,explain,Gaussian conditional (exact),,,,,,,,,,,,,,,,,,,,,,,3,"[0, 1, 2]",FD004,,,,,,,,,,,,,,,,,,,,,,,,,,,,,,,,,,,,,,,,,,,,,,,,,,,,,,,,,,,,,0.8278842483799694,0.014924278990718702,0.5011511016686222,0.01139229202458548,221.0,8.888194417315589,0.9620684914877996,0.002368089122049417,0.8642350756583493,0.007667282193472766,0.8408490823956168,0.027255953170984268,0.5918956932907167,0.028162153961410866,0.7337885080321559,0.018414293665806193,0.06628604511480116,0.01762333884937681,,,,,,,,,,,,,,,,,,,,,,,,,,,,,,,,,,,,,,,,,,,,,,,,,,,,,,,,,,,,,,,,,,,,
cmapss_explain,subset-FD004,cmapss:FD004,explain,AE reconstruction (per channel),,,,,,,,,,,,,,,,,,,,,,,3,"[0, 1, 2]",FD004,,,,,,,,,,,,,,,,,,,,,,,,,,,,,,,,,,,,,,,,,,,,,,,,,,,,,,,,,,,,,0.7660278378967692,0.009807678788085309,0.44783416871594217,0.036746430963408364,221.0,8.888194417315589,0.8451277300544041,0.03113665335294892,0.772464778037937,0.014790297084677065,0.8241767231030038,0.039571761987306005,0.519739423578003,0.0600715629785744,0.5976220401929503,0.03661571287408438,0.09933875643012667,0.016973672192002947,,,,,,,,,,,,,,,,,,,,,,,,,,,,,,,,,,,,,,,,,,,,,,,,,,,,,,,,,,,,,,,,,,,,
cmapss_explain,subset-FD004,cmapss:FD004,explain,AE sampling-SHAP (32/ch),,,,,,,,,,,,,,,,,,,,,,,3,"[0, 1, 2]",FD004,,,,,,,,,,,,,,,,,,,,,,,,,,,,,,,,,,,,,,,,,,,,,,,,,,,,,,,,,,,,,0.7547710076401591,0.017761076942948224,0.4120852496781304,0.011410995296502066,221.0,8.888194417315589,0.8374266757443175,0.030615958789358525,0.7984427882804758,0.03218157823122695,0.8448365169492703,0.014629427983073916,0.4961874499006274,0.030341445770825804,0.5048415634479487,0.022909854213280654,0.06987169340708782,0.010062325423197916,,,,,,,,,,,,,,,,,,,,,,,,,,,,,,,,,,,,,,,,,,,,,,,,,,,,,,,,,,,,,,,,,,,,
cmapss_explain,subset-FD004,cmapss:FD004,explain,z-score (per channel),,,,,,,,,,,,,,,,,,,,,,,3,"[0, 1, 2]",FD004,,,,,,,,,,,,,,,,,,,,,,,,,,,,,,,,,,,,,,,,,,,,,,,,,,,,,,,,,,,,,0.8442691952742626,0.02005740440383851,0.575365290958313,0.017546500887928574,221.0,8.888194417315589,0.9938707305115391,0.0013492444553565458,0.9604083377236284,0.006551541268626862,0.9685307236854132,0.0014022819648410254,0.5060952244010231,0.04173186402111301,0.45936654884297107,0.0063355776453993436,0.06149937850307798,0.006960853825527631,,,,,,,,,,,,,,,,,,,,,,,,,,,,,,,,,,,,,,,,,,,,,,,,,,,,,,,,,,,,,,,,,,,,
cmapss_explain,subset-FD004,cmapss:FD004,explain,PC chain-rule completeness,,,,,,,,,,,,,,,,,,,,,,,3,"[0, 1, 2]",FD004,,,,,,,,,,,,,,,,,,,,,,,,,,,,,,,,,,,,,,,,,,,,,,,,,,,,,,,,,,,,,,,,,,,,,,,,,,,,,,,0.000823974609375,0.0010043019208925985,2.9350630939006805e-05,3.7344481375842636e-05,,,,,,,,,,,,,,,,,,,,,,,,,,,,,,,,,,,,,,,,,,,,,,,,,,,,,,,,,,,,,,,,
cmapss_explain,subset-FD002,cmapss:FD002,explain,PC conditional (exact),,,,,,,,,,,,,,,,,,,,,,,3,"[0, 1, 2]",FD002,,,,,,,,,,,,,,,,,,,,,,,,,,,,,,,,,,,,,,,,,,,,,,,,,,,,,,,,,,,,,0.853305702893012,0.0015722085295628249,0.5177992157940903,0.014414789665160415,217.33333333333334,19.65536398374076,0.9729477414218813,0.005595553276970589,0.9048509514793118,0.004768498568118944,0.892553186281467,0.01554797717062115,0.6168163118064661,0.04302317375383135,0.621697861001594,0.027834937197162433,0.06472330763455057,0.002711319510415773,,,,,,,,,,,,,,,,,,,,,,,,,,,,,,,,,,,,,,,,,,,,,,,,,,,,,,,,,,,,,,,,,,,,
cmapss_explain,subset-FD002,cmapss:FD002,explain,PC marginal (exact),,,,,,,,,,,,,,,,,,,,,,,3,"[0, 1, 2]",FD002,,,,,,,,,,,,,,,,,,,,,,,,,,,,,,,,,,,,,,,,,,,,,,,,,,,,,,,,,,,,,0.8634529728867296,0.010596036116579341,0.6093409555573012,0.015766930191557345,217.33333333333334,19.65536398374076,0.9802186148336053,0.0031048450390262633,0.9942871579855526,0.002059361628782338,0.9896394254952353,0.0007258158577370899,0.48120273564611576,0.0434471367631841,0.4974960005902258,0.010860917069666954,0.07556270700332361,0.002558430060565303,,,,,,,,,,,,,,,,,,,,,,,,,,,,,,,,,,,,,,,,,,,,,,,,,,,,,,,,,,,,,,,,,,,,
cmapss_explain,subset-FD002,cmapss:FD002,explain,PC structural (exact),,,,,,,,,,,,,,,,,,,,,,,3,"[0, 1, 2]",FD002,,,,,,,,,,,,,,,,,,,,,,,,,,,,,,,,,,,,,,,,,,,,,,,,,,,,,,,,,,,,,0.6987248109879977,0.02162224132112427,0.36837496349069204,0.030214888219275433,217.33333333333334,19.65536398374076,0.7380796361543108,0.03247994911805463,0.6614252626532906,0.024476312657772704,0.6759480330470294,0.03205439076918166,0.6925423713978957,0.04551752902352055,0.6477003116774239,0.040593719148885425,0.05377250166530586,0.001557729862924101,,,,,,,,,,,,,,,,,,,,,,,,,,,,,,,,,,,,,,,,,,,,,,,,,,,,,,,,,,,,,,,,,,,,
cmapss_explain,subset-FD002,cmapss:FD002,explain,PC Shapley (exact conditionals),,,,,,,,,,,,,,,,,,,,,,,3,"[0, 1, 2]",FD002,,,,,,,,,,,,,,,,,,,,,,,,,,,,,,,,,,,,,,,,,,,,,,,,,,,,,,,,,,,,,0.8453513375889677,0.0018605060808148093,0.4944626763045005,0.022316056636848446,217.33333333333334,19.65536398374076,0.9746067952790621,0.0033704380528856797,0.8928892851338146,0.009469221962085904,0.8829806618522178,0.012776308705346259,0.6006848308338687,0.04186067137674026,0.6105328932367724,0.029820892430145136,0.06543534589589532,0.0026652086995561826,,,,,,,,,,,,,,,,,,,,,,,,,,,,,,,,,,,,,,,,,,,,,,,,,,,,,,,,,,,,,,,,,,,,
cmapss_explain,subset-FD002,cmapss:FD002,explain,Gaussian conditional (exact),,,,,,,,,,,,,,,,,,,,,,,3,"[0, 1, 2]",FD002,,,,,,,,,,,,,,,,,,,,,,,,,,,,,,,,,,,,,,,,,,,,,,,,,,,,,,,,,,,,,0.8143479231079734,0.0062056509384658416,0.4860698400074062,0.01639157659762656,217.33333333333334,19.65536398374076,0.9354636908541448,0.0018473614138114734,0.8539183441763986,0.012285516482470135,0.8340137123055017,0.009551180773702388,0.598134451534888,0.024301527463142684,0.6812498547152401,0.05290681999589071,0.1283664988006309,0.015267587453220025,,,,,,,,,,,,,,,,,,,,,,,,,,,,,,,,,,,,,,,,,,,,,,,,,,,,,,,,,,,,,,,,,,,,
cmapss_explain,subset-FD002,cmapss:FD002,explain,AE reconstruction (per channel),,,,,,,,,,,,,,,,,,,,,,,3,"[0, 1, 2]",FD002,,,,,,,,,,,,,,,,,,,,,,,,,,,,,,,,,,,,,,,,,,,,,,,,,,,,,,,,,,,,,0.7574924051257339,0.01010909567438912,0.4197126452501585,0.009165959735244786,217.33333333333334,19.65536398374076,0.7839047037397974,0.022243529547738262,0.7904973741897295,0.012243591410760432,0.8159690433201471,0.015186436993450106,0.48140262515368276,0.010060506693639126,0.5689889960146274,0.04448541945233631,0.18705593768260367,0.04182539128659179,,,,,,,,,,,,,,,,,,,,,,,,,,,,,,,,,,,,,,,,,,,,,,,,,,,,,,,,,,,,,,,,,,,,
cmapss_explain,subset-FD002,cmapss:FD002,explain,AE sampling-SHAP (32/ch),,,,,,,,,,,,,,,,,,,,,,,3,"[0, 1, 2]",FD002,,,,,,,,,,,,,,,,,,,,,,,,,,,,,,,,,,,,,,,,,,,,,,,,,,,,,,,,,,,,,0.7582862933665245,0.010174293365991256,0.44888411540401346,0.02940212575107802,217.33333333333334,19.65536398374076,0.8126501988820821,0.03463244487073968,0.8332025433360907,0.027735115254353366,0.872105483166858,0.005030198818195922,0.4600550706672653,0.021209473948833893,0.5114728645256571,0.03741188296664559,0.09835674531192358,0.007437369515627855,,,,,,,,,,,,,,,,,,,,,,,,,,,,,,,,,,,,,,,,,,,,,,,,,,,,,,,,,,,,,,,,,,,,
cmapss_explain,subset-FD002,cmapss:FD002,explain,z-score (per channel),,,,,,,,,,,,,,,,,,,,,,,3,"[0, 1, 2]",FD002,,,,,,,,,,,,,,,,,,,,,,,,,,,,,,,,,,,,,,,,,,,,,,,,,,,,,,,,,,,,,0.8556186730617609,0.002193235176652233,0.5851362757653629,0.022777590426955235,217.33333333333334,19.65536398374076,0.9924992886958698,0.002960190544773149,0.9723108507926618,0.010251137390902613,0.973927885863853,0.0014014639944231024,0.47442645325944205,0.06446354107245034,0.5210369924223381,0.021254240841127647,0.09222823341648978,0.00486922622386944,,,,,,,,,,,,,,,,,,,,,,,,,,,,,,,,,,,,,,,,,,,,,,,,,,,,,,,,,,,,,,,,,,,,
cmapss_explain,subset-FD002,cmapss:FD002,explain,PC chain-rule completeness,,,,,,,,,,,,,,,,,,,,,,,3,"[0, 1, 2]",FD002,,,,,,,,,,,,,,,,,,,,,,,,,,,,,,,,,,,,,,,,,,,,,,,,,,,,,,,,,,,,,,,,,,,,,,,,,,,,,,,0.020833333333333332,0.009021097956087902,0.0005432612573107084,0.0001950989902917702,,,,,,,,,,,,,,,,,,,,,,,,,,,,,,,,,,,,,,,,,,,,,,,,,,,,,,,,,,,,,,,,
cmapss_explain,subset-FD001,cmapss:FD001,explain,PC conditional (exact),,,,,,,,,,,,,,,,,,,,,,,3,"[0, 1, 2]",FD001,,,,,,,,,,,,,,,,,,,,,,,,,,,,,,,,,,,,,,,,,,,,,,,,,,,,,,,,,,,,,0.8624802519574134,0.008378863154208174,0.6288154245651704,0.01186676303201388,224.66666666666666,7.571877794400365,0.9893256148591446,0.0013475140502914782,0.9665980769268915,0.028856808852832358,0.9717298988471502,0.005161456192791007,0.47914672302668365,0.06751721740362558,0.5490593009042921,0.0359349857314412,0.06695925613487681,0.0008901274056156114,,,,,,,,,,,,,,,,,,,,,,,,,,,,,,,,,,,,,,,,,,,,,,,,,,,,,,,,,,,,,,,,,,,,
cmapss_explain,subset-FD001,cmapss:FD001,explain,PC marginal (exact),,,,,,,,,,,,,,,,,,,,,,,3,"[0, 1, 2]",FD001,,,,,,,,,,,,,,,,,,,,,,,,,,,,,,,,,,,,,,,,,,,,,,,,,,,,,,,,,,,,,0.8630074014993521,0.008389142601200404,0.6205098360501361,0.00834473496815487,224.66666666666666,7.571877794400365,0.9874017259803076,0.0014460667327389752,0.9816996347657588,0.018688193440637157,0.9713282512722369,0.004438560544283096,0.4822168349850055,0.0655235426096757,0.529785472645418,0.03780131939037438,0.0671857553333224,0.0008269330368833074,,,,,,,,,,,,,,,,,,,,,,,,,,,,,,,,,,,,,,,,,,,,,,,,,,,,,,,,,,,,,,,,,,,,
cmapss_explain,subset-FD001,cmapss:FD001,explain,PC structural (exact),,,,,,,,,,,,,,,,,,,,,,,3,"[0, 1, 2]",FD001,,,,,,,,,,,,,,,,,,,,,,,,,,,,,,,,,,,,,,,,,,,,,,,,,,,,,,,,,,,,,0.6019312544616309,0.018062989823471376,0.30412168874951734,0.02707001066002633,224.66666666666666,7.571877794400365,0.5673519385189159,0.02389470023335176,0.582359381817316,0.026276655796188035,0.6328586935161447,0.00957217215832974,0.47981486254204625,0.029696035418572974,0.6107975774758215,0.013228202550289446,0.07275681292754936,0.0027983786479852876,,,,,,,,,,,,,,,,,,,,,,,,,,,,,,,,,,,,,,,,,,,,,,,,,,,,,,,,,,,,,,,,,,,,
cmapss_explain,subset-FD001,cmapss:FD001,explain,PC Shapley (exact conditionals),,,,,,,,,,,,,,,,,,,,,,,3,"[0, 1, 2]",FD001,,,,,,,,,,,,,,,,,,,,,,,,,,,,,,,,,,,,,,,,,,,,,,,,,,,,,,,,,,,,,0.8664307412471897,0.008645198803053162,0.6321506295260427,0.00958327449557076,224.66666666666666,7.571877794400365,0.9906317649004786,0.0005075952095496536,0.977131841211711,0.022141898837419467,0.9761374455897301,0.0051180544307005615,0.48306281112697796,0.06784045767596886,0.5494648385987829,0.03406382619252818,0.06718686810096897,0.0008243069440078145,,,,,,,,,,,,,,,,,,,,,,,,,,,,,,,,,,,,,,,,,,,,,,,,,,,,,,,,,,,,,,,,,,,,
cmapss_explain,subset-FD001,cmapss:FD001,explain,Gaussian conditional (exact),,,,,,,,,,,,,,,,,,,,,,,3,"[0, 1, 2]",FD001,,,,,,,,,,,,,,,,,,,,,,,,,,,,,,,,,,,,,,,,,,,,,,,,,,,,,,,,,,,,,0.8806960869322676,0.008779475639613952,0.6509500452015707,0.006433309534509251,224.66666666666666,7.571877794400365,0.9947509639371183,0.0026288104993844805,0.9806737222964524,0.006604411131107434,0.9740507821215743,0.0017433959068695784,0.47316924320008696,0.03609702266622654,0.7216655048367543,0.020532616068403443,0.11597167989138124,0.011070439986480442,,,,,,,,,,,,,,,,,,,,,,,,,,,,,,,,,,,,,,,,,,,,,,,,,,,,,,,,,,,,,,,,,,,,
cmapss_explain,subset-FD001,cmapss:FD001,explain,AE reconstruction (per channel),,,,,,,,,,,,,,,,,,,,,,,3,"[0, 1, 2]",FD001,,,,,,,,,,,,,,,,,,,,,,,,,,,,,,,,,,,,,,,,,,,,,,,,,,,,,,,,,,,,,0.7309827372964247,0.023718957441059542,0.38168506511851286,0.045062137218771336,224.66666666666666,7.571877794400365,0.7176587798068507,0.03467811849470389,0.7345801887361088,0.04505709122226154,0.8259877698649684,0.02163442867549321,0.49272396245691114,0.020552237957940808,0.559467049844281,0.03489589799362184,0.10287718321697893,0.011789184250177541,,,,,,,,,,,,,,,,,,,,,,,,,,,,,,,,,,,,,,,,,,,,,,,,,,,,,,,,,,,,,,,,,,,,
cmapss_explain,subset-FD001,cmapss:FD001,explain,AE sampling-SHAP (32/ch),,,,,,,,,,,,,,,,,,,,,,,3,"[0, 1, 2]",FD001,,,,,,,,,,,,,,,,,,,,,,,,,,,,,,,,,,,,,,,,,,,,,,,,,,,,,,,,,,,,,0.6907386297632797,0.019582341718103517,0.3388860520194743,0.031215854152979408,224.66666666666666,7.571877794400365,0.6558993330061491,0.08980241606348802,0.7029945713088491,0.03777726795265094,0.798304374905185,0.03308201397262198,0.48708411042362787,0.0310835944085177,0.48695688335083737,0.012926861051465989,0.08926978343511606,0.00718127850733048,,,,,,,,,,,,,,,,,,,,,,,,,,,,,,,,,,,,,,,,,,,,,,,,,,,,,,,,,,,,,,,,,,,,
cmapss_explain,subset-FD001,cmapss:FD001,explain,z-score (per channel),,,,,,,,,,,,,,,,,,,,,,,3,"[0, 1, 2]",FD001,,,,,,,,,,,,,,,,,,,,,,,,,,,,,,,,,,,,,,,,,,,,,,,,,,,,,,,,,,,,,0.842521727360683,0.004936049197381631,0.5570398503639669,0.014891064672807678,224.66666666666666,7.571877794400365,0.9930425789947166,0.0024020828105061082,0.9382184517031074,0.017866964080174137,0.9489575103552297,0.001329674317651499,0.4865581716515774,0.04168969256730839,0.5046604875556476,0.026298017648471287,0.06942398311859126,0.003674372925854499,,,,,,,,,,,,,,,,,,,,,,,,,,,,,,,,,,,,,,,,,,,,,,,,,,,,,,,,,,,,,,,,,,,,
cmapss_explain,subset-FD001,cmapss:FD001,explain,PC chain-rule completeness,,,,,,,,,,,,,,,,,,,,,,,3,"[0, 1, 2]",FD001,,,,,,,,,,,,,,,,,,,,,,,,,,,,,,,,,,,,,,,,,,,,,,,,,,,,,,,,,,,,,,,,,,,,,,,,,,,,,,,0.00018310546875,0.0002642899791822628,6.794929504394531e-06,4.870104364351152e-06,,,,,,,,,,,,,,,,,,,,,,,,,,,,,,,,,,,,,,,,,,,,,,,,,,,,,,,,,,,,,,,,
smoke,default,synthetic,explain,PC conditional (exact),,,,,,,,,,,,,,,,,,,,,,,1,[0],,,,,,,,,,,,,,,,,,,,,,,,,,,,,,,,,,,,,,,,,,,,,,,,,,,,,,,,,,,,,,0.8568356374807987,0.0,0.6568627450980392,0.0,17.0,0.0,1.0,0.0,0.9066666666666666,0.0,0.953125,0.0,0.7085714285714285,0.0,0.2857142857142857,0.0,0.2496074134931263,0.0,,,,,,,,,,,,,,,,,,,,,,,,,,,,,,,,,,,,,,,,,,,,,,,,,,,,,,,,,,,,,,,,,,,,
smoke,default,synthetic,explain,PC marginal (exact),,,,,,,,,,,,,,,,,,,,,,,1,[0],,,,,,,,,,,,,,,,,,,,,,,,,,,,,,,,,,,,,,,,,,,,,,,,,,,,,,,,,,,,,,0.7566820276497696,0.0,0.6372549019607843,0.0,17.0,0.0,0.9925925925925926,0.0,0.7566666666666667,0.0,0.78125,0.0,0.6857142857142857,0.0,0.0,0.0,0.19211781463929573,0.0,,,,,,,,,,,,,,,,,,,,,,,,,,,,,,,,,,,,,,,,,,,,,,,,,,,,,,,,,,,,,,,,,,,,
smoke,default,synthetic,explain,PC structural (exact),,,,,,,,,,,,,,,,,,,,,,,1,[0],,,,,,,,,,,,,,,,,,,,,,,,,,,,,,,,,,,,,,,,,,,,,,,,,,,,,,,,,,,,,,0.6153609831029185,0.0,0.392156862745098,0.0,17.0,0.0,0.7185185185185186,0.0,0.5633333333333334,0.0,0.78125,0.0,0.35428571428571426,0.0,0.8571428571428571,0.0,0.36461813408742283,0.0,,,,,,,,,,,,,,,,,,,,,,,,,,,,,,,,,,,,,,,,,,,,,,,,,,,,,,,,,,,,,,,,,,,,
smoke,default,synthetic,explain,PC Shapley (exact conditionals),,,,,,,,,,,,,,,,,,,,,,,1,[0],,,,,,,,,,,,,,,,,,,,,,,,,,,,,,,,,,,,,,,,,,,,,,,,,,,,,,,,,,,,,,0.8476190476190476,0.0,0.6568627450980392,0.0,17.0,0.0,1.0,0.0,0.9166666666666666,0.0,0.9296875,0.0,0.6228571428571429,0.0,0.2857142857142857,0.0,0.22609664364899226,0.0,,,,,,,,,,,,,,,,,,,,,,,,,,,,,,,,,,,,,,,,,,,,,,,,,,,,,,,,,,,,,,,,,,,,
smoke,default,synthetic,explain,Gaussian conditional (exact),,,,,,,,,,,,,,,,,,,,,,,1,[0],,,,,,,,,,,,,,,,,,,,,,,,,,,,,,,,,,,,,,,,,,,,,,,,,,,,,,,,,,,,,,0.7990783410138249,0.0,0.6372549019607843,0.0,17.0,0.0,1.0,0.0,0.9466666666666667,0.0,0.828125,0.0,0.6457142857142857,0.0,0.0,0.0,0.20116718959344415,0.0,,,,,,,,,,,,,,,,,,,,,,,,,,,,,,,,,,,,,,,,,,,,,,,,,,,,,,,,,,,,,,,,,,,,
smoke,default,synthetic,explain,AE reconstruction (per channel),,,,,,,,,,,,,,,,,,,,,,,1,[0],,,,,,,,,,,,,,,,,,,,,,,,,,,,,,,,,,,,,,,,,,,,,,,,,,,,,,,,,,,,,,0.744700460829493,0.0,0.5980392156862745,0.0,17.0,0.0,1.0,0.0,0.7133333333333334,0.0,0.8125,0.0,0.5942857142857143,0.0,0.0,0.0,0.23341173966094622,0.0,,,,,,,,,,,,,,,,,,,,,,,,,,,,,,,,,,,,,,,,,,,,,,,,,,,,,,,,,,,,,,,,,,,,
smoke,default,synthetic,explain,AE sampling-SHAP (4/ch),,,,,,,,,,,,,,,,,,,,,,,1,[0],,,,,,,,,,,,,,,,,,,,,,,,,,,,,,,,,,,,,,,,,,,,,,,,,,,,,,,,,,,,,,0.48632872503840247,0.0,0.3137254901960784,0.0,17.0,0.0,0.8592592592592593,0.0,0.32,0.0,0.6796875,0.0,0.32,0.0,0.42857142857142855,0.0,0.565408078603185,0.0,,,,,,,,,,,,,,,,,,,,,,,,,,,,,,,,,,,,,,,,,,,,,,,,,,,,,,,,,,,,,,,,,,,,
smoke,default,synthetic,explain,z-score (per channel),,,,,,,,,,,,,,,,,,,,,,,1,[0],,,,,,,,,,,,,,,,,,,,,,,,,,,,,,,,,,,,,,,,,,,,,,,,,,,,,,,,,,,,,,0.791705069124424,0.0,0.6078431372549019,0.0,17.0,0.0,0.9925925925925926,0.0,0.85,0.0,0.7890625,0.0,0.6628571428571428,0.0,0.0,0.0,0.16617285392263634,0.0,,,,,,,,,,,,,,,,,,,,,,,,,,,,,,,,,,,,,,,,,,,,,,,,,,,,,,,,,,,,,,,,,,,,
smoke,default,synthetic,explain,PC chain-rule completeness,,,,,,,,,,,,,,,,,,,,,,,1,[0],,,,,,,,,,,,,,,,,,,,,,,,,,,,,,,,,,,,,,,,,,,,,,,,,,,,,,,,,,,,,,,,,,,,,,,,,,,,,,,,3.814697265625e-06,0.0,1.6689300537109375e-06,0.0,,,,,,,,,,,,,,,,,,,,,,,,,,,,,,,,,,,,,,,,,,,,,,,,,,,,,,,,,,,,,,,,
synthetic_explain,shap_samples-32,synthetic,explain,PC conditional (exact),,,,,,,,,,,,,,,,,,,,,,,5,"[0, 1, 2, 3, 4]",,,,,,,,,,,,,,,,,,,,,,,,,,,,,,,,,,,,,,,,,,,,,,,,,,,,,,,,,,,,,,0.9057745390462296,0.013425265579873738,0.761968067242788,0.045071502106388175,159.0,12.409673645990857,0.9800555979958204,0.011338244786234436,0.9915240344467048,0.004579967796234458,0.9734037520982899,0.007899368459380815,0.6101029356001972,0.06341284323989765,0.8353539580847222,0.08368573793270521,0.43078743033596734,0.12145631504550275,,,,,32,,,,,,,,,,,,,,,,,,,,,,,,,,,,,,,,,,,,,,,,,,,,,,,,,,,,,,,,,,,,,,,
synthetic_explain,shap_samples-32,synthetic,explain,PC marginal (exact),,,,,,,,,,,,,,,,,,,,,,,5,"[0, 1, 2, 3, 4]",,,,,,,,,,,,,,,,,,,,,,,,,,,,,,,,,,,,,,,,,,,,,,,,,,,,,,,,,,,,,,0.8432274636444574,0.01224202964675029,0.5921906603575655,0.026953522504936697,159.0,12.409673645990857,0.9943981114122259,0.004612885549062739,0.9098092044759032,0.0127895954102175,0.96925983136117,0.019050558667399842,0.5699992109439475,0.04574410169072678,0.5128827832290805,0.050678817278948754,0.4223942377807222,0.13529216859891752,,,,,32,,,,,,,,,,,,,,,,,,,,,,,,,,,,,,,,,,,,,,,,,,,,,,,,,,,,,,,,,,,,,,,
synthetic_explain,shap_samples-32,synthetic,explain,PC structural (exact),,,,,,,,,,,,,,,,,,,,,,,5,"[0, 1, 2, 3, 4]",,,,,,,,,,,,,,,,,,,,,,,,,,,,,,,,,,,,,,,,,,,,,,,,,,,,,,,,,,,,,,0.7699184382297017,0.09130986517517264,0.6220785856003337,0.057206366707185805,159.0,12.409673645990857,0.7094484262286135,0.1431023364447764,0.8591457949276762,0.07318604361694069,0.7607347067964947,0.12071432628070154,0.641021578904075,0.10337016384373968,0.8660556772171148,0.055056351597886674,0.49979880897117496,0.10481159013783643,,,,,32,,,,,,,,,,,,,,,,,,,,,,,,,,,,,,,,,,,,,,,,,,,,,,,,,,,,,,,,,,,,,,,
synthetic_explain,shap_samples-32,synthetic,explain,PC Shapley (exact conditionals),,,,,,,,,,,,,,,,,,,,,,,5,"[0, 1, 2, 3, 4]",,,,,,,,,,,,,,,,,,,,,,,,,,,,,,,,,,,,,,,,,,,,,,,,,,,,,,,,,,,,,,0.9040162390966519,0.012635401763557277,0.7608322761283295,0.04750659133659262,159.0,12.409673645990857,0.9912436746024887,0.005304976248151364,0.9897203312811534,0.0068961376408085825,0.977038999316407,0.013175915772766347,0.5993794422587243,0.054079541785377584,0.8175845376484208,0.08203431601528417,0.4505758685429361,0.1085322943721244,,,,,32,,,,,,,,,,,,,,,,,,,,,,,,,,,,,,,,,,,,,,,,,,,,,,,,,,,,,,,,,,,,,,,
synthetic_explain,shap_samples-32,synthetic,explain,Gaussian conditional (exact),,,,,,,,,,,,,,,,,,,,,,,5,"[0, 1, 2, 3, 4]",,,,,,,,,,,,,,,,,,,,,,,,,,,,,,,,,,,,,,,,,,,,,,,,,,,,,,,,,,,,,,0.7792523545221973,0.028628125036222963,0.6850434629013104,0.056741758720254276,159.0,12.409673645990857,0.9924230642831852,0.008220236304097725,0.8611844666636934,0.025906538130618287,0.795411133329561,0.08915267961496566,0.7681978705028867,0.019839939383001822,0.7458453198610439,0.06359115530351778,0.5908993668070842,0.06627908613149097,,,,,32,,,,,,,,,,,,,,,,,,,,,,,,,,,,,,,,,,,,,,,,,,,,,,,,,,,,,,,,,,,,,,,
synthetic_explain,shap_samples-32,synthetic,explain,AE reconstruction (per channel),,,,,,,,,,,,,,,,,,,,,,,5,"[0, 1, 2, 3, 4]",,,,,,,,,,,,,,,,,,,,,,,,,,,,,,,,,,,,,,,,,,,,,,,,,,,,,,,,,,,,,,0.8820785967044061,0.02452290743876724,0.7123513732791659,0.059125092028282346,159.0,12.409673645990857,0.9999660786974219,7.585033844979521e-05,0.9289747246710389,0.03849473172658103,0.9310850084576969,0.04091855203582314,0.658107082040931,0.040881363077952634,0.7928544346972612,0.05083512081868102,0.5450217145768436,0.08129796681992113,,,,,32,,,,,,,,,,,,,,,,,,,,,,,,,,,,,,,,,,,,,,,,,,,,,,,,,,,,,,,,,,,,,,,
synthetic_explain,shap_samples-32,synthetic,explain,AE sampling-SHAP (32/ch),,,,,,,,,,,,,,,,,,,,,,,5,"[0, 1, 2, 3, 4]",,,,,,,,,,,,,,,,,,,,,,,,,,,,,,,,,,,,,,,,,,,,,,,,,,,,,,,,,,,,,,0.5126655045284931,0.029028692257376455,0.13167290150334826,0.025592182214736442,159.0,12.409673645990857,0.5978688220299482,0.06150102813529284,0.49699365838251797,0.044816952262156276,0.5004454660583157,0.043449149304802245,0.47007888012076454,0.03815385979422569,0.49259138844904254,0.03974725015800317,0.7692271995115825,0.03432234287419974,,,,,32,,,,,,,,,,,,,,,,,,,,,,,,,,,,,,,,,,,,,,,,,,,,,,,,,,,,,,,,,,,,,,,
synthetic_explain,shap_samples-32,synthetic,explain,z-score (per channel),,,,,,,,,,,,,,,,,,,,,,,5,"[0, 1, 2, 3, 4]",,,,,,,,,,,,,,,,,,,,,,,,,,,,,,,,,,,,,,,,,,,,,,,,,,,,,,,,,,,,,,0.7760195070423282,0.01324084005220843,0.5224908251139453,0.025079515980517008,159.0,12.409673645990857,0.9989777553868716,0.0007225359533277436,0.8051526473798593,0.02070657998874805,0.8642576664687238,0.019348708220573465,0.5337993924358545,0.02668980504531087,0.5051147569233256,0.037673474066447006,0.6410639190248364,0.07109891031667923,,,,,32,,,,,,,,,,,,,,,,,,,,,,,,,,,,,,,,,,,,,,,,,,,,,,,,,,,,,,,,,,,,,,,
synthetic_explain,shap_samples-32,synthetic,explain,PC chain-rule completeness,,,,,,,,,,,,,,,,,,,,,,,5,"[0, 1, 2, 3, 4]",,,,,,,,,,,,,,,,,,,,,,,,,,,,,,,,,,,,,,,,,,,,,,,,,,,,,,,,,,,,,,,,,,,,,,,,,,,,,,,,3.0517578125e-05,0.0,1.987069845199585e-06,7.448326455302755e-07,32,,,,,,,,,,,,,,,,,,,,,,,,,,,,,,,,,,,,,,,,,,,,,,,,,,,,,,,,,,,,,,,
synthetic_explain,shap_samples-128,synthetic,explain,PC conditional (exact),,,,,,,,,,,,,,,,,,,,,,,5,"[0, 1, 2, 3, 4]",,,,,,,,,,,,,,,,,,,,,,,,,,,,,,,,,,,,,,,,,,,,,,,,,,,,,,,,,,,,,,0.9057745390462296,0.013425265579873738,0.761968067242788,0.045071502106388175,159.0,12.409673645990857,0.9800555979958204,0.011338244786234436,0.9915240344467048,0.004579967796234458,0.9734037520982899,0.007899368459380815,0.6101029356001972,0.06341284323989765,0.8353539580847222,0.08368573793270521,0.43078743033596734,0.12145631504550275,,,,,128,,,,,,,,,,,,,,,,,,,,,,,,,,,,,,,,,,,,,,,,,,,,,,,,,,,,,,,,,,,,,,,
synthetic_explain,shap_samples-128,synthetic,explain,PC marginal (exact),,,,,,,,,,,,,,,,,,,,,,,5,"[0, 1, 2, 3, 4]",,,,,,,,,,,,,,,,,,,,,,,,,,,,,,,,,,,,,,,,,,,,,,,,,,,,,,,,,,,,,,0.8432274636444574,0.01224202964675029,0.5921906603575655,0.026953522504936697,159.0,12.409673645990857,0.9943981114122259,0.004612885549062739,0.9098092044759032,0.0127895954102175,0.96925983136117,0.019050558667399842,0.5699992109439475,0.04574410169072678,0.5128827832290805,0.050678817278948754,0.4223942377807222,0.13529216859891752,,,,,128,,,,,,,,,,,,,,,,,,,,,,,,,,,,,,,,,,,,,,,,,,,,,,,,,,,,,,,,,,,,,,,
synthetic_explain,shap_samples-128,synthetic,explain,PC structural (exact),,,,,,,,,,,,,,,,,,,,,,,5,"[0, 1, 2, 3, 4]",,,,,,,,,,,,,,,,,,,,,,,,,,,,,,,,,,,,,,,,,,,,,,,,,,,,,,,,,,,,,,0.7699184382297017,0.09130986517517264,0.6220785856003337,0.057206366707185805,159.0,12.409673645990857,0.7094484262286135,0.1431023364447764,0.8591457949276762,0.07318604361694069,0.7607347067964947,0.12071432628070154,0.641021578904075,0.10337016384373968,0.8660556772171148,0.055056351597886674,0.49979880897117496,0.10481159013783643,,,,,128,,,,,,,,,,,,,,,,,,,,,,,,,,,,,,,,,,,,,,,,,,,,,,,,,,,,,,,,,,,,,,,
synthetic_explain,shap_samples-128,synthetic,explain,PC Shapley (exact conditionals),,,,,,,,,,,,,,,,,,,,,,,5,"[0, 1, 2, 3, 4]",,,,,,,,,,,,,,,,,,,,,,,,,,,,,,,,,,,,,,,,,,,,,,,,,,,,,,,,,,,,,,0.9040162390966519,0.012635401763557277,0.7608322761283295,0.04750659133659262,159.0,12.409673645990857,0.9912436746024887,0.005304976248151364,0.9897203312811534,0.0068961376408085825,0.977038999316407,0.013175915772766347,0.5993794422587243,0.054079541785377584,0.8175845376484208,0.08203431601528417,0.4505758685429361,0.1085322943721244,,,,,128,,,,,,,,,,,,,,,,,,,,,,,,,,,,,,,,,,,,,,,,,,,,,,,,,,,,,,,,,,,,,,,
synthetic_explain,shap_samples-128,synthetic,explain,Gaussian conditional (exact),,,,,,,,,,,,,,,,,,,,,,,5,"[0, 1, 2, 3, 4]",,,,,,,,,,,,,,,,,,,,,,,,,,,,,,,,,,,,,,,,,,,,,,,,,,,,,,,,,,,,,,0.7792523545221973,0.028628125036222963,0.6850434629013104,0.056741758720254276,159.0,12.409673645990857,0.9924230642831852,0.008220236304097725,0.8611844666636934,0.025906538130618287,0.795411133329561,0.08915267961496566,0.7681978705028867,0.019839939383001822,0.7458453198610439,0.06359115530351778,0.5908993668070842,0.06627908613149097,,,,,128,,,,,,,,,,,,,,,,,,,,,,,,,,,,,,,,,,,,,,,,,,,,,,,,,,,,,,,,,,,,,,,
synthetic_explain,shap_samples-128,synthetic,explain,AE reconstruction (per channel),,,,,,,,,,,,,,,,,,,,,,,5,"[0, 1, 2, 3, 4]",,,,,,,,,,,,,,,,,,,,,,,,,,,,,,,,,,,,,,,,,,,,,,,,,,,,,,,,,,,,,,0.8820785967044061,0.02452290743876724,0.7123513732791659,0.059125092028282346,159.0,12.409673645990857,0.9999660786974219,7.585033844979521e-05,0.9289747246710389,0.03849473172658103,0.9310850084576969,0.04091855203582314,0.658107082040931,0.040881363077952634,0.7928544346972612,0.05083512081868102,0.5450217145768436,0.08129796681992113,,,,,128,,,,,,,,,,,,,,,,,,,,,,,,,,,,,,,,,,,,,,,,,,,,,,,,,,,,,,,,,,,,,,,
synthetic_explain,shap_samples-128,synthetic,explain,AE sampling-SHAP (128/ch),,,,,,,,,,,,,,,,,,,,,,,5,"[0, 1, 2, 3, 4]",,,,,,,,,,,,,,,,,,,,,,,,,,,,,,,,,,,,,,,,,,,,,,,,,,,,,,,,,,,,,,0.5103404606337918,0.027600245034001394,0.12934616807926458,0.028155392117781012,159.0,12.409673645990857,0.5921927192775421,0.06439816584219085,0.4977759581512256,0.04012016801143091,0.4953655924493384,0.03735989599950328,0.46610843022541426,0.019923690085971436,0.4878152374850376,0.04289185993211658,0.7684378569897574,0.03206413740150192,,,,,128,,,,,,,,,,,,,,,,,,,,,,,,,,,,,,,,,,,,,,,,,,,,,,,,,,,,,,,,,,,,,,,
synthetic_explain,shap_samples-128,synthetic,explain,z-score (per channel),,,,,,,,,,,,,,,,,,,,,,,5,"[0, 1, 2, 3, 4]",,,,,,,,,,,,,,,,,,,,,,,,,,,,,,,,,,,,,,,,,,,,,,,,,,,,,,,,,,,,,,0.7760195070423282,0.01324084005220843,0.5224908251139453,0.025079515980517008,159.0,12.409673645990857,0.9989777553868716,0.0007225359533277436,0.8051526473798593,0.02070657998874805,0.8642576664687238,0.019348708220573465,0.5337993924358545,0.02668980504531087,0.5051147569233256,0.037673474066447006,0.6410639190248364,0.07109891031667923,,,,,128,,,,,,,,,,,,,,,,,,,,,,,,,,,,,,,,,,,,,,,,,,,,,,,,,,,,,,,,,,,,,,,
synthetic_explain,shap_samples-128,synthetic,explain,PC chain-rule completeness,,,,,,,,,,,,,,,,,,,,,,,5,"[0, 1, 2, 3, 4]",,,,,,,,,,,,,,,,,,,,,,,,,,,,,,,,,,,,,,,,,,,,,,,,,,,,,,,,,,,,,,,,,,,,,,,,,,,,,,,,3.0517578125e-05,0.0,1.987069845199585e-06,7.448326455302755e-07,128,,,,,,,,,,,,,,,,,,,,,,,,,,,,,,,,,,,,,,,,,,,,,,,,,,,,,,,,,,,,,,,
cmapss_rul,censor_frac-0.2,cmapss:FD001,rul,SurvivalPC (drop censored) [all],,,,,,,,,,,,,,,,,191.43652458985648,60.59994021688937,43356.0,0.0,,,3,"[0, 1, 2]",,,,,,,27.617257941780124,0.23723299320890032,22.781049993359602,0.1820274253536836,166259.45611116677,3374.567971567976,12.280197852356666,0.1383803352502502,0.41001481481481483,0.0018083300620099067,73.4434074074074,0.7929708809956343,107.83629629629631,0.4709129702125472,0.25260740740740734,0.0025013634471324343,20.02984396616618,0.4317388165468636,,,,,,,,,,,,,,,,,,,,,,,,0.9787259259259259,0.0017478970315558554,78.4434074074074,0.7929708809956343,83.92014814814816,0.5166454125457105,0.5957105530469211,0.004069602197768825,0.0739288307370627,0.0013374636795955028,0.14803268078677037,0.005325056320064482,0.08333333333333333,0.0,,,,,,,,,,,,,,,,,,,,,,,,0.1383043130238851,0.029257399843019987,0.2,,,,,,,,,,,,,,,,,,,,,,,,,,,,,,,,,,,,,,,,,,,,,,,,,,,,,,,,,,,,
cmapss_rul,censor_frac-0.2,cmapss:FD001,rul,SurvivalPC (drop censored) [last],,,,,,,,,,,,,,,,,191.43652458985648,60.59994021688937,43356.0,0.0,,,3,"[0, 1, 2]",,,,,,,26.87551252809281,0.09769995998097994,21.616100788116455,0.11728897819466715,6914.524523869394,204.491254806933,14.424791217230512,0.05607873620344613,0.8333333333333334,0.005163977794943228,82.54166666666667,0.5323689197038717,105.20833333333333,0.4465609327590928,0.03833333333333332,0.00422689799577263,28.43661880493164,0.2502757245781699,,,,,,,,,,,,,,,,,,,,,,,,0.96,0.0,87.54166666666667,0.5323689197038717,102.00833333333333,0.4510173684756152,0.4423391389940759,0.00573646165563578,0.06207030633558225,0.001419670083578613,0.16082722553755893,0.013921816603343334,0.08333333333333333,0.0,,,,,,,,,,,,,,,,,,,,,,,,0.1383043130238851,0.029257399843019987,0.2,,,,,,,,,,,,,,,,,,,,,,,,,,,,,,,,,,,,,,,,,,,,,,,,,,,,,,,,,,,,
cmapss_rul,censor_frac-0.2,cmapss:FD001,rul,SurvivalPC (exact censored lik.) [all],,,,,,,,,,,,,,,,,232.5658266544342,83.30598020070035,43356.0,0.0,,,3,"[0, 1, 2]",,,,,,,26.195490136741196,0.20434803842675348,21.24838273559853,0.37078751688524075,186634.5364184006,11661.761580562374,11.449517618871903,0.12379904102211758,0.4046222222222222,0.0038145659753433137,70.56459259259259,1.6125306277756093,105.62651851851852,0.41195811045986513,0.23224888888888887,0.004454516587093523,19.11425018310547,0.23070167320597723,,,,,,,,,,,,,,,,,,,,,,,,0.9752000000000001,0.0042350681776254645,75.56459259259259,1.6125306277756093,81.44844444444445,0.5745003110594517,0.5564321606199525,0.009576072846247306,0.07704797262613873,0.0013655613906085723,0.08955541913741731,0.014572660212046083,0.08333333333333333,0.0,,,,,,,,,,,,,,,,,,,,,,,,0.1383043130238851,0.029257399843019987,0.2,,,,,,,,,,,,,,,,,,,,,,,,,,,,,,,,,,,,,,,,,,,,,,,,,,,,,,,,,,,,
cmapss_rul,censor_frac-0.2,cmapss:FD001,rul,SurvivalPC (exact censored lik.) [last],,,,,,,,,,,,,,,,,232.5658266544342,83.30598020070035,43356.0,0.0,,,3,"[0, 1, 2]",,,,,,,27.619174339659498,0.13849350939108573,21.759917117754622,0.13326958060313432,10155.922614426587,1110.4168706346363,14.974877072716895,0.1346067578021355,0.83,0.0,81.275,1.269940943508792,107.54166666666667,1.3818164373992174,0.06883333333333334,0.007808115436305139,28.68383566538493,0.43309539185173124,,,,,,,,,,,,,,,,,,,,,,,,0.955,0.005477225575051666,86.27499999999999,1.269940943508792,104.14166666666667,1.3066815475343152,0.399986345890939,0.009840800932687707,0.058598492473114994,0.001921598054774471,0.22965894862893824,0.01362027667599565,0.08333333333333333,0.0,,,,,,,,,,,,,,,,,,,,,,,,0.1383043130238851,0.029257399843019987,0.2,,,,,,,,,,,,,,,,,,,,,,,,,,,,,,,,,,,,,,,,,,,,,,,,,,,,,,,,,,,,
cmapss_rul,censor_frac-0.2,cmapss:FD001,rul,ridge regression [all],,,,,,,,,,,,,,,,,0.014530499776204428,0.004298862338037714,,,,,3,"[0, 1, 2]",,,,,,,18.102276900480504,0.15228831251917946,14.585365516247256,0.14877528311051288,29391.157059066754,129.11582051065136,,,,,,,,,,,,,,,,,,,,,,,,,,,,,,,,,,,,,,,,,,,,,,,,,,,,,,,,,,,,,,,,,,,,,,,,,,,0.2,7543.333333333333,309.1282366052423,,,,,,,,,,,,,,,,,,,,,,,,,,,,,,,,,,,,,,,,,,,,,,,,,,,,,,,,,,
cmapss_rul,censor_frac-0.2,cmapss:FD001,rul,ridge regression [last],,,,,,,,,,,,,,,,,0.014530499776204428,0.004298862338037714,,,,,3,"[0, 1, 2]",,,,,,,17.965076322409324,0.039272513924000746,14.528567479454425,0.0681167256998669,617.0830957752446,6.5228046947957505,,,,,,,,,,,,,,,,,,,,,,,,,,,,,,,,,,,,,,,,,,,,,,,,,,,,,,,,,,,,,,,,,,,,,,,,,,,0.2,7543.333333333333,309.1282366052423,,,,,,,,,,,,,,,,,,,,,,,,,,,,,,,,,,,,,,,,,,,,,,,,,,,,,,,,,,
cmapss_rul,censor_frac-0.2,cmapss:FD001,rul,MLP regressor [all],,,,,,,,,,,,,,,,,1.6691893339157104,0.3163952796207143,,,,,3,"[0, 1, 2]",,,,,,,17.10412517954997,0.33413540952708004,13.036036841593848,0.3148258304822014,45128.214706738225,2663.4984652343546,,,,,,,,,,,,,,,,,,,,,,,,,,,,,,,,,,,,,,,,,,,,,,,,,,,,,,,,,,,,,,,,,,,,,,,,,,,0.2,7543.333333333333,309.1282366052423,,,,,,,,,,,,,,,,,,,,,,,,,,,,,,,,,,,,,,,,,,,,,,,,,,,,,,,,,,
cmapss_rul,censor_frac-0.2,cmapss:FD001,rul,MLP regressor [last],,,,,,,,,,,,,,,,,1.6691893339157104,0.3163952796207143,,,,,3,"[0, 1, 2]",,,,,,,17.068047598261344,0.7749682987787504,12.46026308675607,0.8476304890048597,694.4336980774488,47.01085671164043,,,,,,,,,,,,,,,,,,,,,,,,,,,,,,,,,,,,,,,,,,,,,,,,,,,,,,,,,,,,,,,,,,,,,,,,,,,0.2,7543.333333333333,309.1282366052423,,,,,,,,,,,,,,,,,,,,,,,,,,,,,,,,,,,,,,,,,,,,,,,,,,,,,,,,,,
cmapss_rul,censor_frac-0.2,cmapss:FD001,rul,quantile reg. + conformal (CQR) [all],,,,,,,,,,,,,,,,,1.3743557929992676,0.11064190439312287,,,,,3,"[0, 1, 2]",,,,,,,16.86793050659784,0.3412900507986843,13.04582727812308,0.4063824962276776,37085.918443184295,4021.5993351476827,,,0.8462814814814815,0.01298029402293379,47.18495057735797,1.0303155037379121,67.66127246772977,1.6252809767390053,,,,,,,,,,,,,,,,,,,,,,,,,,,,,,,,,,,,,,,,,,,,,,,,,,,,,,,,,,,,,,,,,,,0.2,7543.333333333333,309.1282366052423,,,,,,,,,,,,,,,,,,,,,,,,,,,,,,,,,,,,,,,,,,,,,,,,,,,,,,,,,,
cmapss_rul,censor_frac-0.2,cmapss:FD001,rul,quantile reg. + conformal (CQR) [last],,,,,,,,,,,,,,,,,1.3743557929992676,0.11064190439312287,,,,,3,"[0, 1, 2]",,,,,,,16.50969311121337,0.2814495664793671,11.945481511751808,0.1742139560324099,698.8778190011085,81.60069591893247,,,0.8833333333333334,0.010327955589886455,45.20835378547509,0.49348450499392227,72.78133371253809,3.594364858697689,,,,,,,,,,,,,,,,,,,,,,,,,,,,,,,,,,,,,,,,,,,,,,,,,,,,,,,,,,,,,,,,,,,0.2,7543.333333333333,309.1282366052423,,,,,,,,,,,,,,,,,,,,,,,,,,,,,,,,,,,,,,,,,,,,,,,,,,,,,,,,,,
cmapss_rul,censor_frac-0.35,cmapss:FD001,rul,SurvivalPC (drop censored) [all],,,,,,,,,,,,,,,,,168.62527664502463,68.89944857175465,43356.0,0.0,,,3,"[0, 1, 2]",,,,,,,26.493849923223575,1.846951148826867,21.76353554019222,1.4171911138618756,162920.35489925524,34863.663390835645,11.652933394014639,0.9146256538272789,0.40853333333333325,0.0030812535528239406,71.63644444444445,3.509880628268057,106.40681481481481,3.4325618426027176,0.24553777777777774,0.006084435029616919,20.142898559570312,0.4935698058208994,,,,,,,,,,,,,,,,,,,,,,,,0.9771259259259258,0.002730302444845475,76.63644444444445,3.509880628268057,82.42251851851852,3.52254155907222,0.5811837910101675,0.01287094236741659,0.0741808601740125,0.0019526376918330346,0.1245841217507721,0.020832490162357668,0.08333333333333333,0.0,,,,,,,,,,,,,,,,,,,,,,,,0.2594802180926005,0.03264897713382161,0.35,,,,,,,,,,,,,,,,,,,,,,,,,,,,,,,,,,,,,,,,,,,,,,,,,,,,,,,,,,,,
cmapss_rul,censor_frac-0.35,cmapss:FD001,rul,SurvivalPC (drop censored) [last],,,,,,,,,,,,,,,,,168.62527664502463,68.89944857175465,43356.0,0.0,,,3,"[0, 1, 2]",,,,,,,26.35266433003098,1.475275609347024,20.92061888535817,1.2872986703962674,7097.390919329679,2829.314939272893,14.21186875322647,0.7525665552528642,0.8283333333333335,0.009831920802501719,80.38333333333333,4.384822307308092,103.10000000000001,6.536589324716676,0.05000000000000001,0.005966573556070526,29.510038375854492,1.8233669000868427,,,,,,,,,,,,,,,,,,,,,,,,0.955,0.008366600265340763,85.38333333333333,4.384822307308092,99.64999999999999,6.953272610792705,0.4304268930710818,0.014086141587057703,0.061230146584444485,0.0032470608754427838,0.1807286793142279,0.01601002278069616,0.08333333333333333,0.0,,,,,,,,,,,,,,,,,,,,,,,,0.2594802180926005,0.03264897713382161,0.35,,,,,,,,,,,,,,,,,,,,,,,,,,,,,,,,,,,,,,,,,,,,,,,,,,,,,,,,,,,,
cmapss_rul,censor_frac-0.35,cmapss:FD001,rul,SurvivalPC (exact censored lik.) [all],,,,,,,,,,,,,,,,,237.78738057613373,98.23535940808915,43356.0,0.0,,,3,"[0, 1, 2]",,,,,,,24.96934046897753,1.170725439207441,19.753566070641412,1.0160050676630685,204540.2618361766,44544.68452899624,10.830356048258814,0.5661248426944506,0.3995555555555556,0.004643710734177573,67.66962962962963,2.7932445726785793,103.69007407407408,2.9961196259776925,0.21532444444444443,0.004944178669511174,18.8576234181722,0.9395231989537959,,,,,,,,,,,,,,,,,,,,,,,,0.9709925925925925,0.0039053155713634656,72.66962962962963,2.7932445726785793,79.26637037037037,3.031806849662848,0.5201098837983379,0.009167567157868777,0.0796004794458987,0.0016926412405162642,0.03612017710900501,0.013577652612004611,0.08333333333333333,0.0,,,,,,,,,,,,,,,,,,,,,,,,0.2594802180926005,0.03264897713382161,0.35,,,,,,,,,,,,,,,,,,,,,,,,,,,,,,,,,,,,,,,,,,,,,,,,,,,,,,,,,,,,
cmapss_rul,censor_frac-0.35,cmapss:FD001,rul,SurvivalPC (exact censored lik.) [last],,,,,,,,,,,,,,,,,237.78738057613373,98.23535940808915,43356.0,0.0,,,3,"[0, 1, 2]",,,,,,,27.976212466798973,1.7389878319503873,21.66596651713054,1.2937990177328984,11964.727654454195,4721.471624301078,15.474800274796896,0.9221764862774808,0.8216666666666667,0.007527726527090783,79.74166666666666,2.7423378104578355,106.02499999999999,6.084221396366177,0.10099999999999999,0.0150864177325169,29.374836921691895,1.8203261771100245,,,,,,,,,,,,,,,,,,,,,,,,0.9483333333333334,0.004082482904638633,84.74166666666666,2.7423378104578355,102.14166666666667,6.129634301217867,0.36250037181775907,0.013567692751206867,0.055696224924053926,0.004113671546169902,0.2802258161288491,0.024509544737090966,0.08333333333333333,0.0,,,,,,,,,,,,,,,,,,,,,,,,0.2594802180926005,0.03264897713382161,0.35,,,,,,,,,,,,,,,,,,,,,,,,,,,,,,,,,,,,,,,,,,,,,,,,,,,,,,,,,,,,
cmapss_rul,censor_frac-0.35,cmapss:FD001,rul,ridge regression [all],,,,,,,,,,,,,,,,,0.012331128120422363,0.0037305488436556768,,,,,3,"[0, 1, 2]",,,,,,,18.088182737108156,0.29318845506964697,14.596212720785402,0.3011377954594006,29824.83333047776,224.46044952684497,,,,,,,,,,,,,,,,,,,,,,,,,,,,,,,,,,,,,,,,,,,,,,,,,,,,,,,,,,,,,,,,,,,,,,,,,,,0.35,6121.0,353.54547090862303,,,,,,,,,,,,,,,,,,,,,,,,,,,,,,,,,,,,,,,,,,,,,,,,,,,,,,,,,,
cmapss_rul,censor_frac-0.35,cmapss:FD001,rul,ridge regression [last],,,,,,,,,,,,,,,,,0.012331128120422363,0.0037305488436556768,,,,,3,"[0, 1, 2]",,,,,,,17.914534733794245,0.2395374679843958,14.475246660726503,0.18067348525672428,634.1789104778571,30.808975772871335,,,,,,,,,,,,,,,,,,,,,,,,,,,,,,,,,,,,,,,,,,,,,,,,,,,,,,,,,,,,,,,,,,,,,,,,,,,0.35,6121.0,353.54547090862303,,,,,,,,,,,,,,,,,,,,,,,,,,,,,,,,,,,,,,,,,,,,,,,,,,,,,,,,,,
cmapss_rul,censor_frac-0.35,cmapss:FD001,rul,MLP regressor [all],,,,,,,,,,,,,,,,,1.5765330791473389,0.5385700413664146,,,,,3,"[0, 1, 2]",,,,,,,17.55997964054364,0.2461921141871407,13.530659033896306,0.21517874194674594,48323.19778479922,7645.932719646158,,,,,,,,,,,,,,,,,,,,,,,,,,,,,,,,,,,,,,,,,,,,,,,,,,,,,,,,,,,,,,,,,,,,,,,,,,,0.35,6121.0,353.54547090862303,,,,,,,,,,,,,,,,,,,,,,,,,,,,,,,,,,,,,,,,,,,,,,,,,,,,,,,,,,
cmapss_rul,censor_frac-0.35,cmapss:FD001,rul,MLP regressor [last],,,,,,,,,,,,,,,,,1.5765330791473389,0.5385700413664146,,,,,3,"[0, 1, 2]",,,,,,,17.088901997836444,0.5118423861211273,12.47343174673617,0.3223811288919321,724.8065864634347,123.50431078809152,,,,,,,,,,,,,,,,,,,,,,,,,,,,,,,,,,,,,,,,,,,,,,,,,,,,,,,,,,,,,,,,,,,,,,,,,,,0.35,6121.0,353.54547090862303,,,,,,,,,,,,,,,,,,,,,,,,,,,,,,,,,,,,,,,,,,,,,,,,,,,,,,,,,,
cmapss_rul,censor_frac-0.35,cmapss:FD001,rul,quantile reg. + conformal (CQR) [all],,,,,,,,,,,,,,,,,1.204213261604309,0.18148753962456607,,,,,3,"[0, 1, 2]",,,,,,,17.406348992760957,0.7783403246533497,13.440806947146521,0.8916933635556235,43810.75585822258,5648.924035368571,,,0.8316148148148148,0.015279135562560303,46.52431274725949,0.8089071580202729,71.5675583617705,2.6785879715547476,,,,,,,,,,,,,,,,,,,,,,,,,,,,,,,,,,,,,,,,,,,,,,,,,,,,,,,,,,,,,,,,,,,0.35,6121.0,353.54547090862303,,,,,,,,,,,,,,,,,,,,,,,,,,,,,,,,,,,,,,,,,,,,,,,,,,,,,,,,,,
cmapss_rul,censor_frac-0.35,cmapss:FD001,rul,quantile reg. + conformal (CQR) [last],,,,,,,,,,,,,,,,,1.204213261604309,0.18148753962456607,,,,,3,"[0, 1, 2]",,,,,,,16.65499390003202,0.2538887542710696,12.072297185659409,0.3896191916034285,665.6904578157273,81.01427574418449,,,0.8783333333333334,0.021369760566432826,45.2216025620699,0.42895923235635236,72.83617235322794,1.7842066891375057,,,,,,,,,,,,,,,,,,,,,,,,,,,,,,,,,,,,,,,,,,,,,,,,,,,,,,,,,,,,,,,,,,,0.35,6121.0,353.54547090862303,,,,,,,,,,,,,,,,,,,,,,,,,,,,,,,,,,,,,,,,,,,,,,,,,,,,,,,,,,
cmapss_rul,censor_frac-0.5,cmapss:FD001,rul,SurvivalPC (drop censored) [all],,,,,,,,,,,,,,,,,118.8125638961792,29.285569909621074,43356.0,0.0,,,3,"[0, 1, 2]",,,,,,,27.224385373901843,0.7869541135954378,22.509484859720867,0.734752300408526,169307.95294267262,5358.690975918191,12.048592341839415,0.44851128586538463,0.4089481481481481,0.0033536761967908955,72.96637037037036,1.731823699672967,107.58325925925926,1.2117404820689823,0.2477896296296296,0.009804127190058663,19.42211627960205,0.7165035061752892,,,,,,,,,,,,,,,,,,,,,,,,0.9777777777777777,0.0031542407276397228,77.96637037037036,1.731823699672967,83.612,1.3770861920181003,0.5885600281789323,0.01616230375549709,0.07312191165921549,0.0022916103396468253,0.13834528335738772,0.024193650949524307,0.08333333333333333,0.0,,,,,,,,,,,,,,,,,,,,,,,,0.38865049680074054,0.01671061254776228,0.5,,,,,,,,,,,,,,,,,,,,,,,,,,,,,,,,,,,,,,,,,,,,,,,,,,,,,,,,,,,,
cmapss_rul,censor_frac-0.5,cmapss:FD001,rul,SurvivalPC (drop censored) [last],,,,,,,,,,,,,,,,,118.8125638961792,29.285569909621074,43356.0,0.0,,,3,"[0, 1, 2]",,,,,,,27.064703548331792,0.33347608373595833,21.65388810793559,0.14777231897091406,7654.35313082239,1246.6842978772197,14.551699022140147,0.18308418630104106,0.835,0.005477225575051666,81.81666666666668,1.4535015193203853,104.93333333333334,0.8727351641057323,0.05333333333333334,0.011183320914051735,28.243525822957356,0.30429990529353235,,,,,,,,,,,,,,,,,,,,,,,,0.9566666666666667,0.005163977794943227,86.81666666666666,1.453501519320385,101.71666666666668,0.775026881254234,0.42873542473495263,0.023008430822525225,0.059495586319334486,0.0006514043955951166,0.19037365400601236,0.03534714807975749,0.08333333333333333,0.0,,,,,,,,,,,,,,,,,,,,,,,,0.38865049680074054,0.01671061254776228,0.5,,,,,,,,,,,,,,,,,,,,,,,,,,,,,,,,,,,,,,,,,,,,,,,,,,,,,,,,,,,,
cmapss_rul,censor_frac-0.5,cmapss:FD001,rul,SurvivalPC (exact censored lik.) [all],,,,,,,,,,,,,,,,,206.39644587039948,67.75811476431063,43356.0,0.0,,,3,"[0, 1, 2]",,,,,,,24.983044236801295,0.07016542127903629,19.378899532374632,0.3196309620682494,275255.8804052889,26660.235226057273,10.908448872554443,0.02391654602643554,0.3922962962962963,0.008044256187688748,66.26903703703704,2.529303034499668,104.23466666666666,0.26065641734136463,0.19965333333333332,0.004840464828204671,17.156362533569336,0.19104415063044125,,,,,,,,,,,,,,,,,,,,,,,,0.9653925925925925,0.006740255578795926,71.26903703703704,2.5293030344996645,79.47644444444445,0.5148316757164296,0.49332270217416646,0.008488674737972431,0.08126318040719631,0.0025240607224086267,0.02903129775942961,0.0029308064736091543,0.08333333333333333,0.0,,,,,,,,,,,,,,,,,,,,,,,,0.38865049680074054,0.01671061254776228,0.5,,,,,,,,,,,,,,,,,,,,,,,,,,,,,,,,,,,,,,,,,,,,,,,,,,,,,,,,,,,,
cmapss_rul,censor_frac-0.5,cmapss:FD001,rul,SurvivalPC (exact censored lik.) [last],,,,,,,,,,,,,,,,,206.39644587039948,67.75811476431063,43356.0,0.0,,,3,"[0, 1, 2]",,,,,,,30.39422328123911,0.44600315577184474,23.167688525517786,0.2654726236537138,18606.03262798981,2104.390113244321,17.074663777679294,0.31450873798870466,0.8133333333333331,0.012110601416389921,80.075,1.792693504199757,111.04166666666667,1.3283134670199894,0.13516666666666668,0.009928074670683469,28.245909372965496,0.3369123329062629,,,,,,,,,,,,,,,,,,,,,,,,0.9416666666666665,0.009831920802501707,85.075,1.792693504199757,106.74166666666666,0.9210953624173044,0.32781003869752695,0.010885590783376696,0.051934772706365255,0.001519331544840931,0.33782122254481844,0.013958849841094013,0.08333333333333333,0.0,,,,,,,,,,,,,,,,,,,,,,,,0.38865049680074054,0.01671061254776228,0.5,,,,,,,,,,,,,,,,,,,,,,,,,,,,,,,,,,,,,,,,,,,,,,,,,,,,,,,,,,,,
cmapss_rul,censor_frac-0.5,cmapss:FD001,rul,ridge regression [all],,,,,,,,,,,,,,,,,0.007411400477091472,0.0010803686209923864,,,,,3,"[0, 1, 2]",,,,,,,18.09953709299897,0.14844486673232124,14.585632565481754,0.06866274870310868,30189.997103537156,1031.0437259701573,,,,,,,,,,,,,,,,,,,,,,,,,,,,,,,,,,,,,,,,,,,,,,,,,,,,,,,,,,,,,,,,,,,,,,,,,,,0.5,4750.333333333333,76.98484699385112,,,,,,,,,,,,,,,,,,,,,,,,,,,,,,,,,,,,,,,,,,,,,,,,,,,,,,,,,,
cmapss_rul,censor_frac-0.5,cmapss:FD001,rul,ridge regression [last],,,,,,,,,,,,,,,,,0.007411400477091472,0.0010803686209923864,,,,,3,"[0, 1, 2]",,,,,,,17.97939816845087,0.7211736401094434,14.417622376799313,0.49658731332901,632.9736843800384,74.04709212583232,,,,,,,,,,,,,,,,,,,,,,,,,,,,,,,,,,,,,,,,,,,,,,,,,,,,,,,,,,,,,,,,,,,,,,,,,,,0.5,4750.333333333333,76.98484699385112,,,,,,,,,,,,,,,,,,,,,,,,,,,,,,,,,,,,,,,,,,,,,,,,,,,,,,,,,,
cmapss_rul,censor_frac-0.5,cmapss:FD001,rul,MLP regressor [all],,,,,,,,,,,,,,,,,0.9842886924743652,0.12471218696146134,,,,,3,"[0, 1, 2]",,,,,,,17.46183263303199,0.33168041641614415,13.5598137112123,0.3406984063778561,41335.73523873621,2151.862086206568,,,,,,,,,,,,,,,,,,,,,,,,,,,,,,,,,,,,,,,,,,,,,,,,,,,,,,,,,,,,,,,,,,,,,,,,,,,0.5,4750.333333333333,76.98484699385112,,,,,,,,,,,,,,,,,,,,,,,,,,,,,,,,,,,,,,,,,,,,,,,,,,,,,,,,,,
cmapss_rul,censor_frac-0.5,cmapss:FD001,rul,MLP regressor [last],,,,,,,,,,,,,,,,,0.9842886924743652,0.12471218696146134,,,,,3,"[0, 1, 2]",,,,,,,18.088132216804826,0.4498490852041647,13.11203970571359,0.7213854484825192,793.267128233606,79.41953763879098,,,,,,,,,,,,,,,,,,,,,,,,,,,,,,,,,,,,,,,,,,,,,,,,,,,,,,,,,,,,,,,,,,,,,,,,,,,0.5,4750.333333333333,76.98484699385112,,,,,,,,,,,,,,,,,,,,,,,,,,,,,,,,,,,,,,,,,,,,,,,,,,,,,,,,,,
cmapss_rul,censor_frac-0.5,cmapss:FD001,rul,quantile reg. + conformal (CQR) [all],,,,,,,,,,,,,,,,,0.8613260189692179,0.05545057687668247,,,,,3,"[0, 1, 2]",,,,,,,17.624995495315606,0.15066060890340477,13.721342822463425,0.21824673014977525,44570.508204459475,3892.598605038438,,,0.8535111111111111,0.00824704960337295,50.878133257689306,0.5407099008080145,71.51657286679304,1.0796854653450523,,,,,,,,,,,,,,,,,,,,,,,,,,,,,,,,,,,,,,,,,,,,,,,,,,,,,,,,,,,,,,,,,,,0.5,4750.333333333333,76.98484699385112,,,,,,,,,,,,,,,,,,,,,,,,,,,,,,,,,,,,,,,,,,,,,,,,,,,,,,,,,,
cmapss_rul,censor_frac-0.5,cmapss:FD001,rul,quantile reg. + conformal (CQR) [last],,,,,,,,,,,,,,,,,0.8613260189692179,0.05545057687668247,,,,,3,"[0, 1, 2]",,,,,,,17.57229353536876,0.3504617803531149,12.974075340429941,0.2342195084861966,799.576201332541,39.49032790094208,,,0.8916666666666666,0.047923550230201756,47.60261432051659,1.12309814161857,72.47166790684065,3.1832473352194977,,,,,,,,,,,,,,,,,,,,,,,,,,,,,,,,,,,,,,,,,,,,,,,,,,,,,,,,,,,,,,,,,,,0.5,4750.333333333333,76.98484699385112,,,,,,,,,,,,,,,,,,,,,,,,,,,,,,,,,,,,,,,,,,,,,,,,,,,,,,,,,,
cmapss_rul,censor_frac-0.7,cmapss:FD001,rul,SurvivalPC (drop censored) [all],,,,,,,,,,,,,,,,,75.14836128552754,21.438680580228915,43356.0,0.0,,,3,"[0, 1, 2]",,,,,,,26.785153549855305,1.1586532394869595,22.028112901588724,1.1863377090223022,181753.83938373407,13523.183005792147,11.814715202572595,0.6894592894682017,0.4066666666666667,0.0036290188450568586,72.05733333333333,2.0923919374135163,106.98859259259261,1.4707109134518919,0.2402725925925926,0.015851461289754194,19.041465441385906,0.9543056081513895,,,,,,,,,,,,,,,,,,,,,,,,0.9757037037037036,0.003554962913572031,77.05733333333333,2.0923919374135163,82.90859259259258,1.6569630328347922,0.5755716352600072,0.02899873734315826,0.0750604998737368,0.0033561138693761175,0.11842385414195807,0.04494832494527323,0.08333333333333333,0.0,,,,,,,,,,,,,,,,,,,,,,,,0.5762063066164652,0.04453133534176744,0.7,,,,,,,,,,,,,,,,,,,,,,,,,,,,,,,,,,,,,,,,,,,,,,,,,,,,,,,,,,,,
cmapss_rul,censor_frac-0.7,cmapss:FD001,rul,SurvivalPC (drop censored) [last],,,,,,,,,,,,,,,,,75.14836128552754,21.438680580228915,43356.0,0.0,,,3,"[0, 1, 2]",,,,,,,27.419692765514384,0.5828841783549703,21.671612847646077,0.35877330803738594,9101.589812149157,2451.18367820396,14.804848084576392,0.4106020647067877,0.83,0.008944271909999166,81.01666666666667,1.117437544861753,105.35000000000001,0.7056911505750956,0.06899999999999999,0.02334951819631403,28.429861386617024,0.5680764852540371,,,,,,,,,,,,,,,,,,,,,,,,0.9550000000000001,0.005477225575051666,86.01666666666667,1.117437544861753,101.88333333333333,1.152678041200868,0.40929614782214374,0.0355914125066882,0.059764134107234,0.0024751522155493375,0.20642197162367348,0.04973097018700379,0.08333333333333333,0.0,,,,,,,,,,,,,,,,,,,,,,,,0.5762063066164652,0.04453133534176744,0.7,,,,,,,,,,,,,,,,,,,,,,,,,,,,,,,,,,,,,,,,,,,,,,,,,,,,,,,,,,,,
cmapss_rul,censor_frac-0.7,cmapss:FD001,rul,SurvivalPC (exact censored lik.) [all],,,,,,,,,,,,,,,,,190.43426311016083,59.649230623174496,43356.0,0.0,,,3,"[0, 1, 2]",,,,,,,25.196114581557122,0.27059624325409753,17.97769556085092,0.3154684071175738,486081.0640731794,87088.74292991034,11.358611463567255,0.24176357101170393,0.35211851851851855,0.021758624986815505,55.72192592592592,5.135097968299429,108.88459259259258,3.589829448589285,0.19650814814814813,0.006691389811778172,15.134833812713623,0.937527454067589,,,,,,,,,,,,,,,,,,,,,,,,0.9294814814814815,0.019623853797358003,60.72192592592592,5.135097968299429,82.19274074074073,2.5648814827543465,0.4290705398845314,0.015587232854009325,0.08909639697444754,0.0032925477120793784,0.12119406167543974,0.02379030345010535,0.08333333333333333,0.0,,,,,,,,,,,,,,,,,,,,,,,,0.5762063066164652,0.04453133534176744,0.7,,,,,,,,,,,,,,,,,,,,,,,,,,,,,,,,,,,,,,,,,,,,,,,,,,,,,,,,,,,,
cmapss_rul,censor_frac-0.7,cmapss:FD001,rul,SurvivalPC (exact censored lik.) [last],,,,,,,,,,,,,,,,,190.43426311016083,59.649230623174496,43356.0,0.0,,,3,"[0, 1, 2]",,,,,,,34.82458004924653,1.3302536229017174,26.3329126294454,1.0708184875758149,35694.186916841514,6878.639062385664,20.62980515345868,1.0729038464672624,0.7450000000000001,0.03271085446759228,73.84166666666668,3.933753508630994,129.125,9.326079026043049,0.20333333333333334,0.015028861123407415,27.271222432454426,0.9871468910291225,,,,,,,,,,,,,,,,,,,,,,,,0.88,0.035777087639996666,78.84166666666668,3.933753508630994,121.47500000000001,7.766965301840867,0.25489723977156914,0.017414434762055467,0.04960043716643405,0.0013971020778715878,0.44110192780942614,0.023701427771516972,0.08333333333333333,0.0,,,,,,,,,,,,,,,,,,,,,,,,0.5762063066164652,0.04453133534176744,0.7,,,,,,,,,,,,,,,,,,,,,,,,,,,,,,,,,,,,,,,,,,,,,,,,,,,,,,,,,,,,
cmapss_rul,censor_frac-0.7,cmapss:FD001,rul,ridge regression [all],,,,,,,,,,,,,,,,,0.004972696304321289,0.0010702544210226981,,,,,3,"[0, 1, 2]",,,,,,,18.827889420705656,0.5335691031280356,15.13181315112764,0.5282664431322105,35678.61221331018,1310.52484087685,,,,,,,,,,,,,,,,,,,,,,,,,,,,,,,,,,,,,,,,,,,,,,,,,,,,,,,,,,,,,,,,,,,,,,,,,,,0.7,3009.0,383.38388072531166,,,,,,,,,,,,,,,,,,,,,,,,,,,,,,,,,,,,,,,,,,,,,,,,,,,,,,,,,,
cmapss_rul,censor_frac-0.7,cmapss:FD001,rul,ridge regression [last],,,,,,,,,,,,,,,,,0.004972696304321289,0.0010702544210226981,,,,,3,"[0, 1, 2]",,,,,,,18.96791832549844,1.0102492833159473,14.986010010913505,0.6429846803933095,773.6212631899506,172.47623692457142,,,,,,,,,,,,,,,,,,,,,,,,,,,,,,,,,,,,,,,,,,,,,,,,,,,,,,,,,,,,,,,,,,,,,,,,,,,0.7,3009.0,383.38388072531166,,,,,,,,,,,,,,,,,,,,,,,,,,,,,,,,,,,,,,,,,,,,,,,,,,,,,,,,,,
cmapss_rul,censor_frac-0.7,cmapss:FD001,rul,MLP regressor [all],,,,,,,,,,,,,,,,,0.6945247650146484,0.13465255593070416,,,,,3,"[0, 1, 2]",,,,,,,18.844098806896636,0.31975939209748666,14.84328886223833,0.32751330332879997,57859.09197135944,11472.494434638147,,,,,,,,,,,,,,,,,,,,,,,,,,,,,,,,,,,,,,,,,,,,,,,,,,,,,,,,,,,,,,,,,,,,,,,,,,,0.7,3009.0,383.38388072531166,,,,,,,,,,,,,,,,,,,,,,,,,,,,,,,,,,,,,,,,,,,,,,,,,,,,,,,,,,
cmapss_rul,censor_frac-0.7,cmapss:FD001,rul,MLP regressor [last],,,,,,,,,,,,,,,,,0.6945247650146484,0.13465255593070416,,,,,3,"[0, 1, 2]",,,,,,,18.542751906384225,1.1825935700170935,13.895815254847207,1.279585324964026,864.9631584980294,116.27300050603351,,,,,,,,,,,,,,,,,,,,,,,,,,,,,,,,,,,,,,,,,,,,,,,,,,,,,,,,,,,,,,,,,,,,,,,,,,,0.7,3009.0,383.38388072531166,,,,,,,,,,,,,,,,,,,,,,,,,,,,,,,,,,,,,,,,,,,,,,,,,,,,,,,,,,
cmapss_rul,censor_frac-0.7,cmapss:FD001,rul,quantile reg. + conformal (CQR) [all],,,,,,,,,,,,,,,,,0.5498048861821493,0.08997892568698353,,,,,3,"[0, 1, 2]",,,,,,,19.019071295203513,0.0698581181466431,14.821522464172928,0.09261489337853879,64934.15119710945,8734.099005683374,,,0.8457481481481482,0.017516539861635934,53.58329417466057,2.345159650854054,79.58901113768682,1.1242294641004547,,,,,,,,,,,,,,,,,,,,,,,,,,,,,,,,,,,,,,,,,,,,,,,,,,,,,,,,,,,,,,,,,,,0.7,3009.0,383.38388072531166,,,,,,,,,,,,,,,,,,,,,,,,,,,,,,,,,,,,,,,,,,,,,,,,,,,,,,,,,,
cmapss_rul,censor_frac-0.7,cmapss:FD001,rul,quantile reg. + conformal (CQR) [last],,,,,,,,,,,,,,,,,0.5498048861821493,0.08997892568698353,,,,,3,"[0, 1, 2]",,,,,,,18.371766635507004,1.0411985103451302,14.135294525027275,1.1861742943099225,844.1801421013212,122.64792771221039,,,0.8866666666666666,0.015055453054181633,49.63568730990092,0.9574187671635309,73.74357546806336,2.5064891930233846,,,,,,,,,,,,,,,,,,,,,,,,,,,,,,,,,,,,,,,,,,,,,,,,,,,,,,,,,,,,,,,,,,,0.7,3009.0,383.38388072531166,,,,,,,,,,,,,,,,,,,,,,,,,,,,,,,,,,,,,,,,,,,,,,,,,,,,,,,,,,
synthetic_rul,censor_frac-0.2,synthetic,rul,SurvivalPC (drop censored),,,,,,,,,,,,,,,,,2.9290988445281982,0.45576331278145266,16320.0,0.0,,,3,"[0, 1, 2]",,,,,,,24.42971723204389,2.169231669791505,19.115360183263263,1.240865681630575,58314.78685543032,50873.719427444084,11.600669302623073,1.710753570946641,0.512700553264371,0.026191457303643743,61.13163765682534,8.168951682324211,110.15177416878862,8.2111529451216,0.18039555833457735,0.055837420490107946,36.05017217000326,1.5275178193156356,,,,,,,,,,,,,,,,,,,,,,,,,,,,,,,,,,,,,,,,,,,,,,,,,,,,,,,,,,,,,0.11205488443374634,0.042656028947375677,0.2,,,,,,,,,,,,,,,,,,,,,,,,,,,,,,,,,,,,,,,,,,,,,,,,,,,,,,,,,,,,
synthetic_rul,censor_frac-0.2,synthetic,rul,SurvivalPC (exact censored lik.),,,,,,,,,,,,,,,,,4.657823483149211,0.24752879043191564,16320.0,0.0,,,3,"[0, 1, 2]",,,,,,,24.20791976862105,2.8303661464208965,18.659610351810933,1.3044007724090316,69095.06013495818,63372.99116604832,11.563735610656012,2.180607227671529,0.5077518114483541,0.023206901136280596,60.579432032145085,7.503271008467586,113.48790541595231,12.066464785783584,0.17286068711349967,0.045760672148749675,36.649645487467446,0.9957444622267057,,,,,,,,,,,,,,,,,,,,,,,,,,,,,,,,,,,,,,,,,,,,,,,,,,,,,,,,,,,,,0.11205488443374634,0.042656028947375677,0.2,,,,,,,,,,,,,,,,,,,,,,,,,,,,,,,,,,,,,,,,,,,,,,,,,,,,,,,,,,,,
synthetic_rul,censor_frac-0.2,synthetic,rul,ridge regression,,,,,,,,,,,,,,,,,0.0014905929565429688,0.00010602632638919843,,,,,3,"[0, 1, 2]",,,,,,,24.88927854964157,1.7934377896674374,20.134006470408952,1.2262846414813755,35781.32986194007,27811.381549095993,,,,,,,,,,,,,,,,,,,,,,,,,,,,,,,,,,,,,,,,,,,,,,,,,,,,,,,,,,,,,,,,,,,,,,,,,,,0.2,2087.0,179.01675899200052,,,,,,,,,,,,,,,,,,,,,,,,,,,,,,,,,,,,,,,,,,,,,,,,,,,,,,,,,,
synthetic_rul,censor_frac-0.2,synthetic,rul,MLP regressor,,,,,,,,,,,,,,,,,0.32112661997477215,0.029948003925728377,,,,,3,"[0, 1, 2]",,,,,,,27.719254378905177,1.7036486544488425,21.60462897939671,1.2951204215870162,157039.16265242398,165806.69910578663,,,,,,,,,,,,,,,,,,,,,,,,,,,,,,,,,,,,,,,,,,,,,,,,,,,,,,,,,,,,,,,,,,,,,,,,,,,0.2,2087.0,179.01675899200052,,,,,,,,,,,,,,,,,,,,,,,,,,,,,,,,,,,,,,,,,,,,,,,,,,,,,,,,,,
synthetic_rul,censor_frac-0.2,synthetic,rul,quantile reg. + conformal (CQR),,,,,,,,,,,,,,,,,0.3340051968892415,0.05209049788450479,,,,,3,"[0, 1, 2]",,,,,,,27.927054544470007,1.394773479211306,21.454793586423452,0.8079315805530336,210951.1306906181,238498.51783588194,,,0.8251659396127327,0.03394169763621781,79.47002648846477,8.74507589147629,127.16544942254082,7.316529178435777,,,,,,,,,,,,,,,,,,,,,,,,,,,,,,,,,,,,,,,,,,,,,,,,,,,,,,,,,,,,,,,,,,,0.2,2087.0,179.01675899200052,,,,,,,,,,,,,,,,,,,,,,,,,,,,,,,,,,,,,,,,,,,,,,,,,,,,,,,,,,
synthetic_rul,censor_frac-0.35,synthetic,rul,SurvivalPC (drop censored),,,,,,,,,,,,,,,,,1.9936148325602214,0.013133004597305376,16320.0,0.0,,,3,"[0, 1, 2]",,,,,,,25.43631141451948,2.443143451190047,20.23942853189379,2.0104884441980744,38727.74394271033,22397.251953259958,12.551062824557492,1.3981963465881468,0.4963534333493704,0.04223582343061145,58.97741383972812,3.4406686210635407,112.43453935046323,16.387436483029653,0.16122126051835114,0.05147469668286158,37.084041595458984,1.4378893102059054,,,,,,,,,,,,,,,,,,,,,,,,,,,,,,,,,,,,,,,,,,,,,,,,,,,,,,,,,,,,,0.3301461338996887,0.03938054915051652,0.35,,,,,,,,,,,,,,,,,,,,,,,,,,,,,,,,,,,,,,,,,,,,,,,,,,,,,,,,,,,,
synthetic_rul,censor_frac-0.35,synthetic,rul,SurvivalPC (exact censored lik.),,,,,,,,,,,,,,,,,4.423174699147542,0.0359366345385367,16320.0,0.0,,,3,"[0, 1, 2]",,,,,,,25.497787336357458,1.9715108027541077,19.438311244007977,1.860696533491874,56467.586321594914,21878.81812859141,12.653020400404804,1.0090828137368169,0.4871996303919855,0.021613717396532495,56.1653882775864,5.199590208961786,109.65500938904636,9.108025191711318,0.14880107408610896,0.02915763333426646,38.32618840535482,1.2029943994755614,,,,,,,,,,,,,,,,,,,,,,,,,,,,,,,,,,,,,,,,,,,,,,,,,,,,,,,,,,,,,0.3301461338996887,0.03938054915051652,0.35,,,,,,,,,,,,,,,,,,,,,,,,,,,,,,,,,,,,,,,,,,,,,,,,,,,,,,,,,,,,
synthetic_rul,censor_frac-0.35,synthetic,rul,ridge regression,,,,,,,,,,,,,,,,,0.0010731220245361328,7.250394839475064e-05,,,,,3,"[0, 1, 2]",,,,,,,25.297223744461025,2.348149332863428,20.851820217310337,2.054219342014885,21379.86249566473,7448.711719733493,,,,,,,,,,,,,,,,,,,,,,,,,,,,,,,,,,,,,,,,,,,,,,,,,,,,,,,,,,,,,,,,,,,,,,,,,,,0.35,1433.3333333333333,69.34935712271118,,,,,,,,,,,,,,,,,,,,,,,,,,,,,,,,,,,,,,,,,,,,,,,,,,,,,,,,,,
synthetic_rul,censor_frac-0.35,synthetic,rul,MLP regressor,,,,,,,,,,,,,,,,,0.18704819679260254,0.011297505709620903,,,,,3,"[0, 1, 2]",,,,,,,29.15736103078068,2.028786652721389,23.19465107475052,1.9320054573268577,55497.05941722211,12302.797949278485,,,,,,,,,,,,,,,,,,,,,,,,,,,,,,,,,,,,,,,,,,,,,,,,,,,,,,,,,,,,,,,,,,,,,,,,,,,0.35,1433.3333333333333,69.34935712271118,,,,,,,,,,,,,,,,,,,,,,,,,,,,,,,,,,,,,,,,,,,,,,,,,,,,,,,,,,
synthetic_rul,censor_frac-0.35,synthetic,rul,quantile reg. + conformal (CQR),,,,,,,,,,,,,,,,,0.21976002057393393,0.02636603875792669,,,,,3,"[0, 1, 2]",,,,,,,30.724688698730915,2.016804338175396,24.155314858167017,1.9882832943451398,73821.36000401857,15446.564059763929,,,0.8294967833806187,0.052337581115399975,89.01704877802989,12.751272284304125,145.51330543311553,17.525627275341666,,,,,,,,,,,,,,,,,,,,,,,,,,,,,,,,,,,,,,,,,,,,,,,,,,,,,,,,,,,,,,,,,,,0.35,1433.3333333333333,69.34935712271118,,,,,,,,,,,,,,,,,,,,,,,,,,,,,,,,,,,,,,,,,,,,,,,,,,,,,,,,,,
synthetic_rul,censor_frac-0.5,synthetic,rul,SurvivalPC (drop censored),,,,,,,,,,,,,,,,,1.6344164212544758,0.31003582722243817,16320.0,0.0,,,3,"[0, 1, 2]",,,,,,,24.381721095416612,1.3969956613235261,18.947433357886172,1.8901172397313577,39108.33009354643,25387.390766091394,11.66140047918275,0.8336592747612978,0.5192358252215511,0.02670728283329715,60.10720852463155,5.610663509852643,107.94208537610227,2.6741800095614274,0.15914946629751883,0.07704714348303118,36.001275380452476,0.6905677992552218,,,,,,,,,,,,,,,,,,,,,,,,,,,,,,,,,,,,,,,,,,,,,,,,,,,,,,,,,,,,,0.449928879737854,0.07544084290616622,0.5,,,,,,,,,,,,,,,,,,,,,,,,,,,,,,,,,,,,,,,,,,,,,,,,,,,,,,,,,,,,
synthetic_rul,censor_frac-0.5,synthetic,rul,SurvivalPC (exact censored lik.),,,,,,,,,,,,,,,,,4.132235844930013,0.28211988013023936,16320.0,0.0,,,3,"[0, 1, 2]",,,,,,,23.884819674028346,2.065027659198969,17.319819808161128,1.0053403453401943,61966.793356207905,33807.28420142898,11.736686171525761,1.2392112734951375,0.4670180440050464,0.059626594966941365,49.83613310385453,11.958640884105716,120.63104801908071,19.01995770652706,0.14655835709023968,0.03343087077730165,38.351601918538414,0.8021507106020993,,,,,,,,,,,,,,,,,,,,,,,,,,,,,,,,,,,,,,,,,,,,,,,,,,,,,,,,,,,,,0.449928879737854,0.07544084290616622,0.5,,,,,,,,,,,,,,,,,,,,,,,,,,,,,,,,,,,,,,,,,,,,,,,,,,,,,,,,,,,,
synthetic_rul,censor_frac-0.5,synthetic,rul,ridge regression,,,,,,,,,,,,,,,,,0.0006520748138427734,8.75463802521802e-05,,,,,3,"[0, 1, 2]",,,,,,,25.91014642692306,2.523296791175398,21.020973413349147,2.8970240797120814,22193.955924146703,11298.859306365966,,,,,,,,,,,,,,,,,,,,,,,,,,,,,,,,,,,,,,,,,,,,,,,,,,,,,,,,,,,,,,,,,,,,,,,,,,,0.5,1145.3333333333333,255.38467717021186,,,,,,,,,,,,,,,,,,,,,,,,,,,,,,,,,,,,,,,,,,,,,,,,,,,,,,,,,,
synthetic_rul,censor_frac-0.5,synthetic,rul,MLP regressor,,,,,,,,,,,,,,,,,0.17240103085835776,0.03888894408341279,,,,,3,"[0, 1, 2]",,,,,,,31.161028738124102,1.3451547745783845,24.54340203779775,1.3361644766484584,62283.26403900824,25334.42072838531,,,,,,,,,,,,,,,,,,,,,,,,,,,,,,,,,,,,,,,,,,,,,,,,,,,,,,,,,,,,,,,,,,,,,,,,,,,0.5,1145.3333333333333,255.38467717021186,,,,,,,,,,,,,,,,,,,,,,,,,,,,,,,,,,,,,,,,,,,,,,,,,,,,,,,,,,
synthetic_rul,censor_frac-0.5,synthetic,rul,quantile reg. + conformal (CQR),,,,,,,,,,,,,,,,,0.18462578455607095,0.01887599397941464,,,,,3,"[0, 1, 2]",,,,,,,34.63341532442923,1.9679989348347688,27.42203555496951,1.8875885681718452,97662.27360121098,26761.925901252445,,,0.8043912043490994,0.03149483834371643,90.97005844155719,4.824338129587999,165.686600890542,27.821614244612498,,,,,,,,,,,,,,,,,,,,,,,,,,,,,,,,,,,,,,,,,,,,,,,,,,,,,,,,,,,,,,,,,,,0.5,1145.3333333333333,255.38467717021186,,,,,,,,,,,,,,,,,,,,,,,,,,,,,,,,,,,,,,,,,,,,,,,,,,,,,,,,,,
synthetic_rul,censor_frac-0.7,synthetic,rul,SurvivalPC (drop censored),,,,,,,,,,,,,,,,,1.1639177799224854,0.244923955853391,16320.0,0.0,,,3,"[0, 1, 2]",,,,,,,24.385622228568106,2.819245314468204,19.416305778773363,3.047861658957856,35188.26405527036,19212.740267242636,11.597766206224856,1.6119051867608971,0.5204609562292127,0.02188040663057702,63.285053116629996,10.784361335207123,105.20778461558307,6.5339995921208045,0.11742832393029663,0.00419770662776237,33.498603185017906,2.81628435757674,,,,,,,,,,,,,,,,,,,,,,,,,,,,,,,,,,,,,,,,,,,,,,,,,,,,,,,,,,,,,0.6594059665997823,0.08424862832327637,0.7,,,,,,,,,,,,,,,,,,,,,,,,,,,,,,,,,,,,,,,,,,,,,,,,,,,,,,,,,,,,
synthetic_rul,censor_frac-0.7,synthetic,rul,SurvivalPC (exact censored lik.),,,,,,,,,,,,,,,,,3.7735041777292886,0.23044931497077156,16320.0,0.0,,,3,"[0, 1, 2]",,,,,,,27.30418378205752,3.610808065649185,19.223192493717217,2.532954851484201,100151.50614726315,73218.60352072243,13.932114764128949,2.4344829826173164,0.40568938039529123,0.01133680466687581,41.79769198306647,2.667488500074059,152.47011935481234,19.192879468453476,0.147388299142956,0.006342317207508688,35.49491882324219,1.5440842946389868,,,,,,,,,,,,,,,,,,,,,,,,,,,,,,,,,,,,,,,,,,,,,,,,,,,,,,,,,,,,,0.6594059665997823,0.08424862832327637,0.7,,,,,,,,,,,,,,,,,,,,,,,,,,,,,,,,,,,,,,,,,,,,,,,,,,,,,,,,,,,,
synthetic_rul,censor_frac-0.7,synthetic,rul,ridge regression,,,,,,,,,,,,,,,,,0.0004134972890218099,5.960861828592971e-05,,,,,3,"[0, 1, 2]",,,,,,,25.94543886921791,3.303608277460979,20.81132175487822,2.2889603795548012,43081.812535446494,41472.321164289686,,,,,,,,,,,,,,,,,,,,,,,,,,,,,,,,,,,,,,,,,,,,,,,,,,,,,,,,,,,,,,,,,,,,,,,,,,,0.7,624.3333333333334,147.00113378247576,,,,,,,,,,,,,,,,,,,,,,,,,,,,,,,,,,,,,,,,,,,,,,,,,,,,,,,,,,
synthetic_rul,censor_frac-0.7,synthetic,rul,MLP regressor,,,,,,,,,,,,,,,,,0.11729160944620769,0.012807034635646355,,,,,3,"[0, 1, 2]",,,,,,,32.65933928494616,4.085707034204759,25.725675628655498,3.4899960336743896,819898.7076431314,1099715.6444850045,,,,,,,,,,,,,,,,,,,,,,,,,,,,,,,,,,,,,,,,,,,,,,,,,,,,,,,,,,,,,,,,,,,,,,,,,,,0.7,624.3333333333334,147.00113378247576,,,,,,,,,,,,,,,,,,,,,,,,,,,,,,,,,,,,,,,,,,,,,,,,,,,,,,,,,,
synthetic_rul,censor_frac-0.7,synthetic,rul,quantile reg. + conformal (CQR),,,,,,,,,,,,,,,,,0.14422829945882162,0.03662628490032191,,,,,3,"[0, 1, 2]",,,,,,,35.14106774450263,4.5303299859404325,27.245673334587575,3.925331322965075,350602.306167338,354356.8747414197,,,0.9090418183219039,0.035479268049878866,130.17253879533197,9.358492178933124,171.45258140171407,33.04953489921284,,,,,,,,,,,,,,,,,,,,,,,,,,,,,,,,,,,,,,,,,,,,,,,,,,,,,,,,,,,,,,,,,,,0.7,624.3333333333334,147.00113378247576,,,,,,,,,,,,,,,,,,,,,,,,,,,,,,,,,,,,,,,,,,,,,,,,,,,,,,,,,,
smoke,default,synthetic,rul,SurvivalPC (drop censored),,,,,,,,,,,,,,,,,0.17543411254882812,0.0,864.0,0.0,,,1,[0],,,,,,,27.58473414415061,0.0,23.813317164838555,0.0,9658.230034234308,0.0,13.166820808566328,0.0,0.5823293172690763,0.0,85.40494971102979,0.0,127.93510788032808,0.0,0.10068273092369476,0.0,27.484050750732422,0.0,,,,,,,,,,,,,,,,,,,,,,,,0.9919678714859438,0.0,96.23828724780715,0.0,97.02811311622222,0.0,0.4540326930151034,0.0,0.07950736943932557,0.0,0.1119750885502816,0.0,0.08333333333333333,0.0,,,,,,,,,,,,,,,,,,,,,,,,0.21745789051055908,0.0,,,,,,,,,,,,,,,,,,,,,,,,,,,,,,,,,,,,,,,,,,,,,,,,,,,,,,,,,,,,,
smoke,default,synthetic,rul,SurvivalPC (exact censored lik.),,,,,,,,,,,,,,,,,0.31504368782043457,0.0,864.0,0.0,,,1,[0],,,,,,,26.645570796014315,0.0,21.627552721873823,0.0,12814.063183011443,0.0,13.001285374737408,0.0,0.5381526104417671,0.0,73.61445287528286,0.0,122.44313950902487,0.0,0.11305220883534135,0.0,32.19148254394531,0.0,,,,,,,,,,,,,,,,,,,,,,,,0.9678714859437751,0.0,84.44779226770363,0.0,88.07563616281533,0.0,0.4252686828141823,0.0,0.08325665314882714,0.0,0.14500416835345564,0.0,0.08333333333333333,0.0,,,,,,,,,,,,,,,,,,,,,,,,0.21745789051055908,0.0,,,,,,,,,,,,,,,,,,,,,,,,,,,,,,,,,,,,,,,,,,,,,,,,,,,,,,,,,,,,,
smoke,default,synthetic,rul,ridge regression,,,,,,,,,,,,,,,,,0.00023484230041503906,0.0,,,,,1,[0],,,,,,,27.624589061635135,0.0,23.25645573536598,0.0,6936.962651987863,0.0,,,,,,,,,,,,,,,,,,,,,,,,,,,,,,,,,,,,,,,,,,,,,,,,,,,,,,,,,,,,,,,,,,,,,,,,,,,,511.0,0.0,,,,,,,,,,,,,,,,,,,,,,,,,,,,,,,,,,,,,,,,,,,,,,,,,,,,,,,,,,
smoke,default,synthetic,rul,MLP regressor,,,,,,,,,,,,,,,,,0.07889461517333984,0.0,,,,,1,[0],,,,,,,35.282186630393596,0.0,28.509865465891888,0.0,270085.9095754348,0.0,,,,,,,,,,,,,,,,,,,,,,,,,,,,,,,,,,,,,,,,,,,,,,,,,,,,,,,,,,,,,,,,,,,,,,,,,,,,511.0,0.0,,,,,,,,,,,,,,,,,,,,,,,,,,,,,,,,,,,,,,,,,,,,,,,,,,,,,,,,,,
smoke,default,synthetic,rul,quantile reg. + conformal (CQR),,,,,,,,,,,,,,,,,0.08790826797485352,0.0,,,,,1,[0],,,,,,,38.17646336937347,0.0,30.648194458589977,0.0,191988.5099752743,0.0,,,0.9397590361445783,0.0,147.77016189299434,0.0,166.5779927035412,0.0,,,,,,,,,,,,,,,,,,,,,,,,,,,,,,,,,,,,,,,,,,,,,,,,,,,,,,,,,,,,,,,,,,,,511.0,0.0,,,,,,,,,,,,,,,,,,,,,,,,,,,,,,,,,,,,,,,,,,,,,,,,,,,,,,,,,,
cmapss_rul,censor_frac-0.2,cmapss:FD001,rul_partial,PC · 3 dead sensors,,,,,,,,,,,,,,,,,,,,,,,3,"[0, 1, 2]",,,,,,,,,,,,,,,,,,,,,,,,,,,,,,,,,,,,,,,,,,,,,,,,,,,,,,,,,,,,,,,,,,,,,,,,,,,,,,,,,,,,,,,0.2,,,3.0,0.0,11.489224162823522,0.12951397747068025,11.15069748149369,0.016326747469764247,18.962981706958082,2.1203837679018265,26.260163514919114,0.21721706405360974,25.612246430607478,0.062414154609531064,39.02932749986563,2.9748058400284063,0.39426666666666665,0.013520756790857926,0.9674666666666667,0.012943231543874745,0.4341777777777778,0.00026666666666666505,0.9999555555555555,8.88888888889161e-05,0.5311947056004518,0.0120402003834133,0.08313724696841737,0.0030434594804419164,0.050604167802125316,0.014430099063031526,0.08333333333333333,0.0,,,,,,,,,,,,,,,,,,,,,,,,,,,,
cmapss_rul,censor_frac-0.35,cmapss:FD001,rul_partial,PC · 3 dead sensors,,,,,,,,,,,,,,,,,,,,,,,3,"[0, 1, 2]",,,,,,,,,,,,,,,,,,,,,,,,,,,,,,,,,,,,,,,,,,,,,,,,,,,,,,,,,,,,,,,,,,,,,,,,,,,,,,,,,,,,,,,0.35,,,3.0,0.0,10.8039480252257,0.6288014744662178,10.707730770473228,0.47756462178763137,23.000187184286364,4.369821380653812,24.925099221703068,1.303291183046336,24.645121160997206,0.9279685409071042,44.20849135247694,5.980289149237203,0.3882311111111111,0.00861663048921411,0.9613866666666666,0.008533703695666485,0.4341333333333333,0.00030792014356779854,0.9999288888888888,9.737289911205934e-05,0.5007295749480222,0.010278515834097217,0.08505914137155703,0.002679744482599977,0.022245059434598802,0.00344861881609357,0.08333333333333333,0.0,,,,,,,,,,,,,,,,,,,,,,,,,,,,
cmapss_rul,censor_frac-0.5,cmapss:FD001,rul_partial,PC · 3 dead sensors,,,,,,,,,,,,,,,,,,,,,,,3,"[0, 1, 2]",,,,,,,,,,,,,,,,,,,,,,,,,,,,,,,,,,,,,,,,,,,,,,,,,,,,,,,,,,,,,,,,,,,,,,,,,,,,,,,,,,,,,,,0.5,,,3.0,0.0,10.899761364327528,0.023821966974741343,10.809716648353733,0.13988111233700312,18.424088985178933,5.548499345428414,24.964141951309422,0.07556504850399962,24.660920190454803,0.31711097890968076,37.76372873340547,7.9831110774920715,0.3715111111111111,0.012534173862017875,0.948,0.010535989663496276,0.43395555555555554,0.0007111111111111068,0.9998666666666667,0.0002666666666666928,0.47138673000523645,0.006551601576637896,0.08647552668744689,0.002571874032893179,0.05235864776639129,0.009798228980261402,0.08333333333333333,0.0,,,,,,,,,,,,,,,,,,,,,,,,,,,,
cmapss_rul,censor_frac-0.7,cmapss:FD001,rul_partial,PC · 3 dead sensors,,,,,,,,,,,,,,,,,,,,,,,3,"[0, 1, 2]",,,,,,,,,,,,,,,,,,,,,,,,,,,,,,,,,,,,,,,,,,,,,,,,,,,,,,,,,,,,,,,,,,,,,,,,,,,,,,,,,,,,,,,0.7,,,3.0,0.0,11.30105771570273,0.22163975035463654,11.417841619173098,0.20796975627491307,14.781421910152972,0.6735318405556163,25.1256546626609,0.2495214947300576,25.271512675744162,0.19711787075168014,32.47372438091495,1.431243856987569,0.32866666666666666,0.03267675329284284,0.9089777777777778,0.02879634178869814,0.43404444444444445,0.0003404185272022515,0.999911111111111,0.0001026400478559649,0.42053055434459985,0.014508708119765911,0.09145243001379766,0.003058669735571801,0.1318871316460516,0.02429641030776735,0.08333333333333333,0.0,,,,,,,,,,,,,,,,,,,,,,,,,,,,
synthetic_rul,censor_frac-0.2,synthetic,rul_partial,PC · 3 dead sensors,,,,,,,,,,,,,,,,,,,,,,,3,"[0, 1, 2]",,,,,,,,,,,,,,,,,,,,,,,,,,,,,,,,,,,,,,,,,,,,,,,,,,,,,,,,,,,,,,,,,,,,,,,,,,,,,,,,,,,,,,,0.2,,,3.0,0.0,11.563735610656012,2.180607227671529,11.832476999886568,1.8598218862285867,12.153727658417154,1.6577570559506656,24.20791976862105,2.8303661464208965,24.83671942296723,2.2635893533458415,25.357313220592317,2.016211417615598,0.5039352630427698,0.02229683015005391,,,0.4970679302044432,0.029585907490367734,,,,,,,,,,,,,,,,,,,,,,,,,,,,,,,,,,,,,,
synthetic_rul,censor_frac-0.35,synthetic,rul_partial,PC · 3 dead sensors,,,,,,,,,,,,,,,,,,,,,,,3,"[0, 1, 2]",,,,,,,,,,,,,,,,,,,,,,,,,,,,,,,,,,,,,,,,,,,,,,,,,,,,,,,,,,,,,,,,,,,,,,,,,,,,,,,,,,,,,,,0.35,,,3.0,0.0,12.653020400404804,1.0090828137368169,13.21299299944675,0.7439021173281043,13.559026375384676,0.46056975437482767,25.497787336357458,1.9715108027541077,26.419594773717023,1.4629139815548418,26.909425456008417,0.8067277994587174,0.4828373199756782,0.020670833427048906,,,0.4592197374484795,0.01998083120591178,,,,,,,,,,,,,,,,,,,,,,,,,,,,,,,,,,,,,,
synthetic_rul,censor_frac-0.5,synthetic,rul_partial,PC · 3 dead sensors,,,,,,,,,,,,,,,,,,,,,,,3,"[0, 1, 2]",,,,,,,,,,,,,,,,,,,,,,,,,,,,,,,,,,,,,,,,,,,,,,,,,,,,,,,,,,,,,,,,,,,,,,,,,,,,,,,,,,,,,,,0.5,,,3.0,0.0,11.736686171525761,1.2392112734951375,12.05021032752569,1.1598693357500327,12.871121262339479,1.9494704688082674,23.884819674028346,2.065027659198969,24.512693414362193,1.930073797480651,25.67487882083529,3.003121951562817,0.47178770742383774,0.054804984237398414,,,0.4382353045811959,0.09292964463294469,,,,,,,,,,,,,,,,,,,,,,,,,,,,,,,,,,,,,,
synthetic_rul,censor_frac-0.7,synthetic,rul_partial,PC · 3 dead sensors,,,,,,,,,,,,,,,,,,,,,,,3,"[0, 1, 2]",,,,,,,,,,,,,,,,,,,,,,,,,,,,,,,,,,,,,,,,,,,,,,,,,,,,,,,,,,,,,,,,,,,,,,,,,,,,,,,,,,,,,,,0.7,,,3.0,0.0,13.932114764128949,2.4344829826173164,14.197685831189434,2.1479129788398947,16.276146041402257,4.962285139406804,27.30418378205752,3.610808065649185,27.656746017529258,3.1598469262208764,30.77058744992353,7.411017648171766,0.3977465977305545,0.01070686140525465,,,0.3734065543631651,0.01895252689283994,,,,,,,,,,,,,,,,,,,,,,,,,,,,,,,,,,,,,,
smoke,default,synthetic,rul_partial,PC · 3 dead sensors,,,,,,,,,,,,,,,,,,,,,,,1,[0],,,,,,,,,,,,,,,,,,,,,,,,,,,,,,,,,,,,,,,,,,,,,,,,,,,,,,,,,,,,,,,,,,,,,,,,,,,,,,,,,,,,,,,,,,3.0,0.0,13.001285374737408,0.0,12.8187175512167,0.0,14.547323978559863,0.0,26.645570796014315,0.0,26.48354384133542,0.0,29.257129983234176,0.0,0.5582329317269076,0.0,0.9759036144578314,0.0,0.5060240963855421,0.0,0.9477911646586346,0.0,0.42666589791026627,0.0,0.080673238868406,0.0,0.13979767588157155,0.0,0.08333333333333333,0.0,,,,,,,,,,,,,,,,,,,,,,,,,,,,
scaling,K-4,synthetic,scaling,d=8,,,,,,,,,,,,,,,,,,,,,,,1,[0],,,,,,4,,,,,,,,,,,,,,,,,,,,,,,,,,,,,,,,,,,,,,,,,,,,,,,,,,,,,,,,,,,,,,,,,,,,,,,,,,,,,,,,,,,,,,,,,,,,,,,,,,,,,,,,,,,,,,,,,,8.0,0.0,4.0,0.0,0.004267454147338867,0.0,32.0,0.0,169.0,0.0,464.0,0.0,0.09677839279174805,0.0,-11.72293472290039,0.0,512.0,0.0,0.04369378089904785,0.0,512.0,0.0,877.0,0.0,1316.0,0.0,0.02613663673400879,0.0
scaling,K-4,synthetic,scaling,d=16,,,,,,,,,,,,,,,,,,,,,,,1,[0],,,,,,4,,,,,,,,,,,,,,,,,,,,,,,,,,,,,,,,,,,,,,,,,,,,,,,,,,,,,,,,,,,,,,,,,,,,,,,,,,,,,,,,,,,,,,,,,,,,,,,,,,,,,,,,,,,,,,,,,,16.0,0.0,4.0,0.0,0.007088422775268555,0.0,64.0,0.0,361.0,0.0,1040.0,0.0,0.006673097610473633,0.0,-24.839731216430664,0.0,4096.0,0.0,0.22443938255310059,0.0,4096.0,0.0,7021.0,0.0,10532.0,0.0,0.2135937213897705,0.0
scaling,K-4,synthetic,scaling,d=32,,,,,,,,,,,,,,,,,,,,,,,1,[0],,,,,,4,,,,,,,,,,,,,,,,,,,,,,,,,,,,,,,,,,,,,,,,,,,,,,,,,,,,,,,,,,,,,,,,,,,,,,,,,,,,,,,,,,,,,,,,,,,,,,,,,,,,,,,,,,,,,,,,,,32.0,0.0,4.0,0.0,0.015390157699584961,0.0,128.0,0.0,745.0,0.0,2192.0,0.0,0.01387166976928711,0.0,-51.65412139892578,0.0,32768.0,0.0,1.955974817276001,0.0,32768.0,0.0,56173.0,0.0,84260.0,0.0,2.023751974105835,0.0
scaling,K-4,synthetic,scaling,d=64,,,,,,,,,,,,,,,,,,,,,,,1,[0],,,,,,4,,,,,,,,,,,,,,,,,,,,,,,,,,,,,,,,,,,,,,,,,,,,,,,,,,,,,,,,,,,,,,,,,,,,,,,,,,,,,,,,,,,,,,,,,,,,,,,,,,,,,,,,,,,,,,,,,,64.0,0.0,4.0,0.0,0.03083181381225586,0.0,256.0,0.0,1513.0,0.0,4496.0,0.0,0.02820754051208496,0.0,-102.6513671875,0.0,262144.0,0.0,20.202019691467285,0.0,262144.0,0.0,449389.0,0.0,674084.0,0.0,13.957611799240112,0.0
scaling,K-4,synthetic,scaling,d=112,,,,,,,,,,,,,,,,,,,,,,,1,[0],,,,,,4,,,,,,,,,,,,,,,,,,,,,,,,,,,,,,,,,,,,,,,,,,,,,,,,,,,,,,,,,,,,,,,,,,,,,,,,,,,,,,,,,,,,,,,,,,,,,,,,,,,,,,,,,,,,,,,,,,112.0,0.0,4.0,0.0,0.05450892448425293,0.0,448.0,0.0,2665.0,0.0,7952.0,0.0,0.049898386001586914,0.0,-179.24717712402344,0.0,1835008.0,0.0,,,,,,,,,,
scaling,K-4,synthetic,scaling,d=256,,,,,,,,,,,,,,,,,,,,,,,1,[0],,,,,,4,,,,,,,,,,,,,,,,,,,,,,,,,,,,,,,,,,,,,,,,,,,,,,,,,,,,,,,,,,,,,,,,,,,,,,,,,,,,,,,,,,,,,,,,,,,,,,,,,,,,,,,,,,,,,,,,,,256.0,0.0,4.0,0.0,0.13149714469909668,0.0,1024.0,0.0,6121.0,0.0,18320.0,0.0,0.11589360237121582,0.0,-404.43194580078125,0.0,16777216.0,0.0,,,,,,,,,,
scaling,K-4,synthetic,scaling,d=1024,,,,,,,,,,,,,,,,,,,,,,,1,[0],,,,,,4,,,,,,,,,,,,,,,,,,,,,,,,,,,,,,,,,,,,,,,,,,,,,,,,,,,,,,,,,,,,,,,,,,,,,,,,,,,,,,,,,,,,,,,,,,,,,,,,,,,,,,,,,,,,,,,,,,1024.0,0.0,4.0,0.0,0.5190715789794922,0.0,4096.0,0.0,24553.0,0.0,73616.0,0.0,0.4684290885925293,0.0,-1638.68994140625,0.0,1073741824.0,0.0,,,,,,,,,,
scaling,K-6,synthetic,scaling,d=8,,,,,,,,,,,,,,,,,,,,,,,1,[0],,,,,,6,,,,,,,,,,,,,,,,,,,,,,,,,,,,,,,,,,,,,,,,,,,,,,,,,,,,,,,,,,,,,,,,,,,,,,,,,,,,,,,,,,,,,,,,,,,,,,,,,,,,,,,,,,,,,,,,,,8.0,0.0,6.0,0.0,0.014378070831298828,0.0,48.0,0.0,337.0,0.0,1428.0,0.0,0.006651878356933594,0.0,-11.72293472290039,0.0,1728.0,0.0,0.06017112731933594,0.0,1728.0,0.0,2827.0,0.0,4398.0,0.0,0.22602629661560059,0.0
scaling,K-6,synthetic,scaling,d=16,,,,,,,,,,,,,,,,,,,,,,,1,[0],,,,,,6,,,,,,,,,,,,,,,,,,,,,,,,,,,,,,,,,,,,,,,,,,,,,,,,,,,,,,,,,,,,,,,,,,,,,,,,,,,,,,,,,,,,,,,,,,,,,,,,,,,,,,,,,,,,,,,,,,16.0,0.0,6.0,0.0,0.014793157577514648,0.0,96.0,0.0,721.0,0.0,3252.0,0.0,0.012352943420410156,0.0,-24.839731216430664,0.0,20736.0,0.0,1.1959948539733887,0.0,20736.0,0.0,33931.0,0.0,52782.0,0.0,1.1902594566345215,0.0
scaling,K-6,synthetic,scaling,d=32,,,,,,,,,,,,,,,,,,,,,,,1,[0],,,,,,6,,,,,,,,,,,,,,,,,,,,,,,,,,,,,,,,,,,,,,,,,,,,,,,,,,,,,,,,,,,,,,,,,,,,,,,,,,,,,,,,,,,,,,,,,,,,,,,,,,,,,,,,,,,,,,,,,,32.0,0.0,6.0,0.0,0.030661582946777344,0.0,192.0,0.0,1489.0,0.0,6900.0,0.0,0.02513742446899414,0.0,-51.65412139892578,0.0,248832.0,0.0,16.206358432769775,0.0,248832.0,0.0,407179.0,0.0,633390.0,0.0,14.152734518051147,0.0
scaling,K-6,synthetic,scaling,d=64,,,,,,,,,,,,,,,,,,,,,,,1,[0],,,,,,6,,,,,,,,,,,,,,,,,,,,,,,,,,,,,,,,,,,,,,,,,,,,,,,,,,,,,,,,,,,,,,,,,,,,,,,,,,,,,,,,,,,,,,,,,,,,,,,,,,,,,,,,,,,,,,,,,,64.0,0.0,6.0,0.0,0.061981916427612305,0.0,384.0,0.0,3025.0,0.0,14196.0,0.0,0.051160335540771484,0.0,-102.6513671875,0.0,2985984.0,0.0,,,,,,,,,,
scaling,K-6,synthetic,scaling,d=112,,,,,,,,,,,,,,,,,,,,,,,1,[0],,,,,,6,,,,,,,,,,,,,,,,,,,,,,,,,,,,,,,,,,,,,,,,,,,,,,,,,,,,,,,,,,,,,,,,,,,,,,,,,,,,,,,,,,,,,,,,,,,,,,,,,,,,,,,,,,,,,,,,,,112.0,0.0,6.0,0.0,0.1152040958404541,0.0,672.0,0.0,5329.0,0.0,25140.0,0.0,0.09038257598876953,0.0,-179.24717712402344,0.0,31352832.0,0.0,,,,,,,,,,
scaling,K-6,synthetic,scaling,d=256,,,,,,,,,,,,,,,,,,,,,,,1,[0],,,,,,6,,,,,,,,,,,,,,,,,,,,,,,,,,,,,,,,,,,,,,,,,,,,,,,,,,,,,,,,,,,,,,,,,,,,,,,,,,,,,,,,,,,,,,,,,,,,,,,,,,,,,,,,,,,,,,,,,,256.0,0.0,6.0,0.0,0.25287628173828125,0.0,1536.0,0.0,12241.0,0.0,57972.0,0.0,0.20833635330200195,0.0,-404.43194580078125,0.0,429981696.0,0.0,,,,,,,,,,
scaling,K-6,synthetic,scaling,d=1024,,,,,,,,,,,,,,,,,,,,,,,1,[0],,,,,,6,,,,,,,,,,,,,,,,,,,,,,,,,,,,,,,,,,,,,,,,,,,,,,,,,,,,,,,,,,,,,,,,,,,,,,,,,,,,,,,,,,,,,,,,,,,,,,,,,,,,,,,,,,,,,,,,,,1024.0,0.0,6.0,0.0,1.370873212814331,0.0,6144.0,0.0,49105.0,0.0,233076.0,0.0,0.8460688591003418,0.0,-1638.68994140625,0.0,61917364224.0,0.0,,,,,,,,,,
