experiment,variant,dataset,stage,method,log_partition_mean,log_partition_std,leaf_mean,leaf_std,sum_mean,sum_std,product_mean,product_std,nodes_mean,nodes_std,parameters_mean,parameters_std,optimizer_steps_mean,optimizer_steps_std,epochs_run_mean,epochs_run_std,best_epoch_mean,best_epoch_std,checkpoint_nll_mean,checkpoint_nll_std,fit_s_mean,fit_s_std,final_train_nll_mean,final_train_nll_std,lr_mean,lr_std,epochs_budget_mean,epochs_budget_std,batch_size_mean,batch_size_std,n_seeds,seeds,axis:variant,shortcut_auroc_mean,shortcut_auroc_std,shortcut_channel_mean,shortcut_channel_std,shortcut_n_dev_mean,shortcut_n_dev_std,shortcut_n_eval_mean,shortcut_n_eval_std,shortcut_features_mean,shortcut_features_std,oracle_max_error_mean,oracle_max_error_std,query_s_mean,query_s_std,warmup_s_mean,warmup_s_std,n_mean,n_std,n_observed_mean,n_observed_std,n_observed_min_mean,n_observed_min_std,n_observed_max_mean,n_observed_max_std,cost_passes_mean,cost_passes_std,cost_node_visits_mean,cost_node_visits_std,cost_boundary_visits_mean,cost_boundary_visits_std,cost_n_masks_mean,cost_n_masks_std,cost_seconds_mean,cost_seconds_std,cost_node_evaluations_mean,cost_node_evaluations_std,cost_boundary_elements_mean,cost_boundary_elements_std,cost_output_elements_mean,cost_output_elements_std,cost_peak_boundary_bytes_mean,cost_peak_boundary_bytes_std,empirical_log_dependence_mean_mean,empirical_log_dependence_mean_std,empirical_log_dependence_abs_mean_mean,empirical_log_dependence_abs_mean_std,empirical_log_dependence_sd_mean,empirical_log_dependence_sd_std,empirical_log_dependence_q05_mean,empirical_log_dependence_q05_std,empirical_log_dependence_q95_mean,empirical_log_dependence_q95_std,alpha_mean,alpha_std,calibration_n_mean,calibration_n_std,threshold_mean,threshold_std,score_range_mean,score_range_std,fpr_mean,fpr_std,power_mean,power_std,auroc_mean,auroc_std,ap_mean,ap_std,auroc[decouple]_mean,auroc[decouple]_std,auroc[desync]_mean,auroc[desync]_std,auroc[drift]_mean,auroc[drift]_std,auroc[offset]_mean,auroc[offset]_std,auroc[spike]_mean,auroc[spike]_std,loc_ap_mean,loc_ap_std,loc_ap_n_mean,loc_ap_n_std,loc_n_no_observed_target_mean,loc_n_no_observed_target_std,loc_n_all_observed_are_targets_mean,loc_n_all_observed_are_targets_std,loc_n_ambiguous_mean,loc_n_ambiguous_std,loc_n_unique_mean,loc_n_unique_std,loc_n_abstained_no_alarm_mean,loc_n_abstained_no_alarm_std,loc_unique_top1_accuracy_mean,loc_unique_top1_accuracy_std,end_to_end_unique_top1_mean,end_to_end_unique_top1_std
diagnosis_fd001,unblocked,cmapss:FD001,diagnosis,model,4.967053731282552e-07,3.2827678604639185e-07,2400.0,0.0,2385.0,0.0,19136.0,0.0,23921.0,0.0,174240.0,0.0,2760.0,103.92304845413264,180.0,0.0,176.0,3.0,43.27114232381185,5.586714232758477,51.29836026827494,4.676622945931717,38.10093603716208,1.6655789399065912,0.02,0.0,180.0,0.0,256.0,0.0,3,"[11, 12, 13]",unblocked,,,,,,,,,,,,,,,,,,,,,,,,,,,,,,,,,,,,,,,,,,,,,,,,,,,,,,,,,,,,,,,,,,,,,,,,,,,,,,,,,,,,,,,,,,,,,,,,
diagnosis_fd001,unblocked,cmapss:FD001,diagnosis,shortcut audit,,,,,,,,,,,,,,,,,,,,,,,,,,,,,,,3,"[11, 12, 13]",unblocked,0.5580858376836484,0.011033518695286345,0.0,0.0,1128.0,157.12415473121885,871.3333333333334,59.87765303795175,42.0,0.0,,,,,,,,,,,,,,,,,,,,,,,,,,,,,,,,,,,,,,,,,,,,,,,,,,,,,,,,,,,,,,,,,,,,,,,,,,,,,,,,,,,,,,
diagnosis_fd001,unblocked,cmapss:FD001,diagnosis,query full | circuit,,,,,,,,,,,,,,,,,,,,,,,,,,,,,,,3,"[11, 12, 13]",unblocked,,,,,,,,,,,0.0,0.0,0.4932598003336655,0.04130872314926499,0.14868403299866864,0.0033295994940288304,871.3333333333334,59.87765303795175,15.0,0.0,15.0,0.0,15.0,0.0,62.0,0.0,1483102.0,0.0,0.0,0.0,1.0,0.0,0.0,0.0,646138104.6666666,44402333.48794616,0.0,0.0,13070.0,898.1647955692764,0.0,0.0,32.43586540222168,4.730200542178378,32.45670954386393,4.746032219204467,18.31550661722819,1.710866174228907,8.22676944732666,1.000997462756346,67.43444442749023,8.405041443288482,,,,,,,,,,,,,,,,,,,,,,,,,,,,,,,,,,,,,,,,,,,,
diagnosis_fd001,unblocked,cmapss:FD001,diagnosis,joint | full | circuit,,,,,,,,,,,,,,,,,,,,,,,,,,,,,,,3,"[11, 12, 13]",unblocked,,,,,,,,,,,,,,,,,,,,,,,,,,,,,,,,,,,,,,,,,,,,,,,,,,,,,0.10000000000000002,1.6996749443881478e-17,10.0,0.0,71.56345876057942,15.910275933200344,1080.323221842448,178.11453920115395,0.09478814724462031,0.073327513646601,0.6129551583362794,0.07096226584325734,0.8204688652064925,0.005983825638815812,0.8655414908108711,0.00841942175110772,0.5144888316284726,0.004184921074468197,0.6848789985507931,0.01849414977375013,0.9994238322153138,0.0006238785976066775,0.999044634167651,0.0006251932255261372,0.9189320347430452,0.036210001475915875,0.7300624523163853,0.009473930771487204,435.6666666666667,29.938826518975876,0.0,0.0,0.0,0.0,0.0,0.0,435.6666666666667,29.938826518975876,169.33333333333334,38.214307966170644,0.6930180741115111,0.012364272625712443,0.5774010228673087,0.047028814875811016
diagnosis_fd001,unblocked,cmapss:FD001,diagnosis,independent | full | circuit,,,,,,,,,,,,,,,,,,,,,,,,,,,,,,,3,"[11, 12, 13]",unblocked,,,,,,,,,,,,,,,,,,,,,,,,,,,,,,,,,,,,,,,,,,,,,,,,,,,,,0.10000000000000002,1.6996749443881478e-17,10.0,0.0,125.58089701334636,19.85711929553019,1028.211690266927,138.1434616011096,0.10006333694159515,0.05563896249978543,0.5038535912329362,0.07542563324310635,0.7681060518664928,0.009860660395832114,0.8156583793565443,0.01004155344249852,0.5212250556743799,0.02349457746963126,0.5138348424516447,0.009811475129840005,0.9866828219776344,0.006095770859650762,0.9763306394380772,0.00482639704563829,0.8508450042812331,0.03660470663822112,0.6692337682357166,0.01431203067011376,435.6666666666667,29.938826518975876,0.0,0.0,0.0,0.0,0.0,0.0,435.6666666666667,29.938826518975876,217.33333333333334,46.371686763943934,0.6268272849388884,0.012773795728309865,0.4642967149428611,0.05435998351312563
diagnosis_fd001,unblocked,cmapss:FD001,diagnosis,marginal_max | full | circuit,,,,,,,,,,,,,,,,,,,,,,,,,,,,,,,3,"[11, 12, 13]",unblocked,,,,,,,,,,,,,,,,,,,,,,,,,,,,,,,,,,,,,,,,,,,,,,,,,,,,,0.10000000000000002,1.6996749443881478e-17,10.0,0.0,31.269459406534832,3.865698798859403,530.1084798177084,67.60030263481882,0.08118576959851102,0.0699525063872295,0.6069242179973297,0.051645176968306644,0.7943625722630202,0.0060946187414099955,0.854574163853998,0.004043099632421754,0.5129052985815639,0.01925093821464772,0.5094074283294397,0.012422548041628099,0.9990264642267374,0.0013181492658101502,0.998414025667926,0.0015428838748462077,0.960264733087092,0.02436452684840657,0.6692337682357166,0.01431203067011376,435.6666666666667,29.938826518975876,0.0,0.0,0.0,0.0,0.0,0.0,435.6666666666667,29.938826518975876,171.66666666666666,28.728615235220325,0.6268272849388884,0.012773795728309865,0.5716921938029419,0.017975257022246418
diagnosis_fd001,unblocked,cmapss:FD001,diagnosis,conditional_max | full | circuit,,,,,,,,,,,,,,,,,,,,,,,,,,,,,,,3,"[11, 12, 13]",unblocked,,,,,,,,,,,,,,,,,,,,,,,,,,,,,,,,,,,,,,,,,,,,,,,,,,,,,0.10000000000000002,1.6996749443881478e-17,10.0,0.0,29.598791758219402,1.824223863346971,531.1373697916666,67.90967873940362,0.024749557876560187,0.024303198041134635,0.659111063594906,0.010520373178181138,0.8351246957161926,0.0027194297280078807,0.8864565575851637,0.0038630972396519964,0.5117740208050444,0.008207729102463607,0.7190670502810419,0.022642854202383787,1.0,0.0,1.0,0.0,0.9592674769404542,0.018729743311328935,0.7300624523163853,0.009473930771487204,435.6666666666667,29.938826518975876,0.0,0.0,0.0,0.0,0.0,0.0,435.6666666666667,29.938826518975876,148.33333333333334,6.506407098647712,0.6930180741115111,0.012364272625712443,0.6431161775264819,0.00875294138881871
diagnosis_fd001,unblocked,cmapss:FD001,diagnosis,relational_max | full | circuit,,,,,,,,,,,,,,,,,,,,,,,,,,,,,,,3,"[11, 12, 13]",unblocked,,,,,,,,,,,,,,,,,,,,,,,,,,,,,,,,,,,,,,,,,,,,,,,,,,,,,0.10000000000000002,1.6996749443881478e-17,10.0,0.0,4.290253321329753,0.5134688924475256,101.98892211914062,5.210595161742563,0.05326985060338157,0.02470387627487538,0.5157799697327173,0.025148455917379953,0.7634525274514047,0.016072969432660414,0.8268655144023241,0.01315596798097178,0.5030927553846158,0.018455548558046302,0.786160292711395,0.03782484335580756,0.9944209513740736,0.004328197162489515,0.9631782091853394,0.02011063495948847,0.5870651454734067,0.016917706779164585,0.5430338067517372,0.019430743453380354,435.6666666666667,29.938826518975876,0.0,0.0,0.0,0.0,37.333333333333336,31.390019645316144,398.3333333333333,60.434537586824746,199.33333333333334,22.368132093076824,0.5579333473066442,0.04037773605008853,0.4157293892723257,0.0635688147264139
diagnosis_fd001,unblocked,cmapss:FD001,diagnosis,query random1:1 | circuit,,,,,,,,,,,,,,,,,,,,,,,,,,,,,,,3,"[11, 12, 13]",unblocked,,,,,,,,,,,0.0,0.0,0.4641729876687653,0.03882386532184119,0.14578242099863323,0.0038090877585870457,871.3333333333334,59.87765303795175,14.0,0.0,14.0,0.0,14.0,0.0,58.0,0.0,1387418.0,0.0,0.0,0.0,1.0,0.0,0.0,0.0,604451775.3333334,41537666.81130447,0.0,0.0,13070.0,898.1647955692764,0.0,0.0,30.873929341634113,4.287252098364803,30.889450709025066,4.290022445667694,17.167150497436523,1.253442220725552,8.402844270070394,1.3426475998903886,63.067691802978516,7.236860026683529,,,,,,,,,,,,,,,,,,,,,,,,,,,,,,,,,,,,,,,,,,,,
diagnosis_fd001,unblocked,cmapss:FD001,diagnosis,joint | random1:1 | circuit,,,,,,,,,,,,,,,,,,,,,,,,,,,,,,,3,"[11, 12, 13]",unblocked,,,,,,,,,,,,,,,,,,,,,,,,,,,,,,,,,,,,,,,,,,,,,,,,,,,,,0.10000000000000002,1.6996749443881478e-17,10.0,0.0,51.903507232666016,19.148096123480986,1067.1820068359375,159.46702713491698,0.09426691337296346,0.0728556017295229,0.6104542805688823,0.08084661972377884,0.815675123672011,0.0018618710637807326,0.8622790351983788,0.005681976457583148,0.5122122178099945,0.006493996483558027,0.6828502570546785,0.013797412669064377,0.9993354099323319,0.0008223067186746907,0.9977944319977555,0.00015186669566472639,0.9000092147878109,0.02264556239040857,0.7360250349465,0.006645668203764921,426.6666666666667,31.182259913824932,9.0,2.6457513110645907,0.0,0.0,0.0,0.0,426.6666666666667,31.182259913824932,162.0,42.50882261366456,0.6976066986949224,0.008117663347857849,0.5678451630460534,0.05154079584408288
diagnosis_fd001,unblocked,cmapss:FD001,diagnosis,independent | random1:1 | circuit,,,,,,,,,,,,,,,,,,,,,,,,,,,,,,,3,"[11, 12, 13]",unblocked,,,,,,,,,,,,,,,,,,,,,,,,,,,,,,,,,,,,,,,,,,,,,,,,,,,,,0.10000000000000002,1.6996749443881478e-17,10.0,0.0,105.56270345052083,21.980340054203808,1024.8817138671875,136.23383873690574,0.08891437485345233,0.0585978102495261,0.48820730132387985,0.08017630201495268,0.7652600160180302,0.008975354425802043,0.8136963003251205,0.009543644223455303,0.5197895277611049,0.022169937463978488,0.5165388998537672,0.013503737119666464,0.9864984324306064,0.0076273511815689215,0.9725335722700853,0.004050461385771432,0.8391722392266141,0.028251223705628502,0.6759187387050516,0.01582688091125795,426.6666666666667,31.182259913824932,9.0,2.6457513110645907,0.0,0.0,0.0,0.0,426.6666666666667,31.182259913824932,215.66666666666666,49.702447961175245,0.6292955910522954,0.016218940215744177,0.4506707681790994,0.05628361715602135
diagnosis_fd001,unblocked,cmapss:FD001,diagnosis,marginal_max | random1:1 | circuit,,,,,,,,,,,,,,,,,,,,,,,,,,,,,,,3,"[11, 12, 13]",unblocked,,,,,,,,,,,,,,,,,,,,,,,,,,,,,,,,,,,,,,,,,,,,,,,,,,,,,0.10000000000000002,1.6996749443881478e-17,10.0,0.0,29.58094024658203,2.881156453619983,530.6503194173177,67.93725594634445,0.10331599666792612,0.05770670741503202,0.6127768510767888,0.03608766373647293,0.7917327332188773,0.0055170223966452235,0.8511735720781264,0.0035846189290235,0.5178889696271709,0.02527333312610718,0.5227689709422073,0.02463992309660923,0.9990333669857933,0.0012619563986124046,0.9969049666846591,0.003720299910640946,0.9294015728683829,0.019390019315237893,0.6759187387050516,0.01582688091125795,426.6666666666667,31.182259913824932,9.0,2.6457513110645907,0.0,0.0,0.0,0.0,426.6666666666667,31.182259913824932,161.33333333333334,27.15388247255507,0.6292955910522954,0.016218940215744177,0.564170729504688,0.006820742923830391
diagnosis_fd001,unblocked,cmapss:FD001,diagnosis,conditional_max | random1:1 | circuit,,,,,,,,,,,,,,,,,,,,,,,,,,,,,,,3,"[11, 12, 13]",unblocked,,,,,,,,,,,,,,,,,,,,,,,,,,,,,,,,,,,,,,,,,,,,,,,,,,,,,0.10000000000000002,1.6996749443881478e-17,10.0,0.0,27.330668131510418,2.327352271713176,532.0554402669271,67.49242778031069,0.07081847608240767,0.06663693199199917,0.669971688711081,0.03348657824543816,0.8326505902483827,0.007463334070711074,0.8840531024988496,0.004574874480119823,0.514039243319758,0.00982270722419966,0.7327155218101596,0.01971484896137469,1.0,0.0,1.0,0.0,0.9305794107991066,0.02476178580299479,0.7360250349465,0.006645668203764921,426.6666666666667,31.182259913824932,9.0,2.6457513110645907,0.0,0.0,0.0,0.0,426.6666666666667,31.182259913824932,135.66666666666666,19.5021366350801,0.6976066986949224,0.008117663347857849,0.6371878154951155,0.01978868195174925
diagnosis_fd001,unblocked,cmapss:FD001,diagnosis,relational_max | random1:1 | circuit,,,,,,,,,,,,,,,,,,,,,,,,,,,,,,,3,"[11, 12, 13]",unblocked,,,,,,,,,,,,,,,,,,,,,,,,,,,,,,,,,,,,,,,,,,,,,,,,,,,,,0.10000000000000002,1.6996749443881478e-17,10.0,0.0,4.373935699462891,0.525801621658264,101.67987060546875,5.046506253218072,0.04786272244367203,0.025305574083617763,0.5049109617860369,0.03690737564465649,0.7634360384538157,0.013372113129051849,0.8260830837039376,0.011543415416371782,0.5015847182454531,0.01403909028852012,0.7894399134241562,0.032698917391678406,0.993175380009133,0.007581125484506283,0.9581125826993482,0.02775090989528549,0.5915155802406841,0.021979823276207542,0.551242471150855,0.020834388605771754,426.6666666666667,31.182259913824932,9.0,2.6457513110645907,0.0,0.0,37.666666666666664,31.374086972106983,389.0,61.48983655857283,195.0,24.55605831561735,0.5542396772676864,0.03450560979216795,0.40807323273126794,0.06615106794266937
diagnosis_fd001,unblocked,cmapss:FD001,diagnosis,query random3:5-8-14 | circuit,,,,,,,,,,,,,,,,,,,,,,,,,,,,,,,3,"[11, 12, 13]",unblocked,,,,,,,,,,,0.0,0.0,0.4146049166677888,0.03350711714541214,0.1398952613332464,0.003018117544361545,871.3333333333334,59.87765303795175,12.0,0.0,12.0,0.0,12.0,0.0,50.0,0.0,1196050.0,0.0,0.0,0.0,1.0,0.0,0.0,0.0,521079116.6666667,35808333.4580211,0.0,0.0,13070.0,898.1647955692764,0.0,0.0,20.87781270345052,2.5956677559828156,20.92486000061035,2.6290760392682317,12.29768435160319,1.8021631441579928,3.41015895207723,0.22831963060025406,43.35076395670573,5.941041329537803,,,,,,,,,,,,,,,,,,,,,,,,,,,,,,,,,,,,,,,,,,,,
diagnosis_fd001,unblocked,cmapss:FD001,diagnosis,joint | random3:5-8-14 | circuit,,,,,,,,,,,,,,,,,,,,,,,,,,,,,,,3,"[11, 12, 13]",unblocked,,,,,,,,,,,,,,,,,,,,,,,,,,,,,,,,,,,,,,,,,,,,,,,,,,,,,0.10000000000000002,1.6996749443881478e-17,10.0,0.0,28.38603146870931,5.633978699859789,1025.2946166992188,217.77084635727476,0.11832361208472086,0.0712867860562542,0.6037748250235996,0.0643753636914591,0.7953347666918152,0.007841663793380825,0.8449747109164981,0.007565677401213444,0.5062501122021454,0.015613210387134573,0.642019622766402,0.023694477690337324,0.9878305484409747,0.010149537353116944,0.9876064979793272,0.007141813643893451,0.8653145860055886,0.035520367359591624,0.7363809241016148,0.010736668315997129,403.3333333333333,29.19474838619667,32.333333333333336,2.0816659994661326,0.0,0.0,0.0,0.0,403.3333333333333,29.19474838619667,143.66666666666666,22.007574453658755,0.6857285322429582,0.01841365632128414,0.542631998195464,0.034955198997482485
diagnosis_fd001,unblocked,cmapss:FD001,diagnosis,independent | random3:5-8-14 | circuit,,,,,,,,,,,,,,,,,,,,,,,,,,,,,,,3,"[11, 12, 13]",unblocked,,,,,,,,,,,,,,,,,,,,,,,,,,,,,,,,,,,,,,,,,,,,,,,,,,,,,0.10000000000000002,1.6996749443881478e-17,10.0,0.0,64.22495524088542,2.7895419879843235,933.5256754557291,210.3951259295317,0.11295977496757222,0.022054685350871357,0.5015043333564165,0.0341399943315818,0.7535919078848369,0.011505939406089878,0.8041797641106218,0.01024607449515881,0.5191069227554509,0.03195014248807305,0.5142274068208711,0.011048918219496993,0.9720982271285852,0.008484243794609556,0.9591413203016076,0.010191449892092114,0.8108384333760185,0.026819332595267153,0.6896158145286991,0.011494105090987196,403.3333333333333,29.19474838619667,32.333333333333336,2.0816659994661326,0.0,0.0,0.0,0.0,403.3333333333333,29.19474838619667,189.0,26.90724809414742,0.6334243119718125,0.007635361845990571,0.4456059996768358,0.026442948227701418
diagnosis_fd001,unblocked,cmapss:FD001,diagnosis,marginal_max | random3:5-8-14 | circuit,,,,,,,,,,,,,,,,,,,,,,,,,,,,,,,3,"[11, 12, 13]",unblocked,,,,,,,,,,,,,,,,,,,,,,,,,,,,,,,,,,,,,,,,,,,,,,,,,,,,,0.10000000000000002,1.6996749443881478e-17,10.0,0.0,30.13323402404785,4.114743176447918,530.1084798177084,67.60030263481882,0.09607938661978761,0.06417065596331484,0.5772865790073676,0.05268604744780847,0.7735068994530526,0.01048921417737619,0.8374622479063824,0.0069300077892483,0.5062322073766979,0.025155119349314584,0.5003501413909317,0.006223354385025015,0.9890093485985233,0.00814933459782909,0.9851717651342721,0.005134483507085149,0.8949191953272152,0.036679917095274635,0.6896158145286991,0.011494105090987196,403.3333333333333,29.19474838619667,32.333333333333336,2.0816659994661326,0.0,0.0,0.0,0.0,403.3333333333333,29.19474838619667,154.0,21.656407827707714,0.6334243119718125,0.007635361845990571,0.5331679445421091,0.01697658385736584
diagnosis_fd001,unblocked,cmapss:FD001,diagnosis,conditional_max | random3:5-8-14 | circuit,,,,,,,,,,,,,,,,,,,,,,,,,,,,,,,3,"[11, 12, 13]",unblocked,,,,,,,,,,,,,,,,,,,,,,,,,,,,,,,,,,,,,,,,,,,,,,,,,,,,,0.10000000000000002,1.6996749443881478e-17,10.0,0.0,27.85100746154785,3.7237196925314247,531.2586873372396,67.94434496250246,0.08134666324873964,0.07281293504642136,0.632309575095785,0.03716576014126843,0.8089149360942173,0.002264515768398756,0.8662769603870087,0.0020054035256365423,0.5123745999966464,0.017747986880397852,0.6619673609123068,0.013009116623053452,0.9910984648342002,0.008020215685389374,0.9934544034412099,0.004024452316709664,0.897908431465621,0.02257346233119882,0.7363809241016148,0.010736668315997129,403.3333333333333,29.19474838619667,32.333333333333336,2.0816659994661326,0.0,0.0,0.0,0.0,403.3333333333333,29.19474838619667,128.66666666666666,8.082903768654761,0.6857285322429582,0.01841365632128414,0.5926797236338719,0.006480001829385198
diagnosis_fd001,unblocked,cmapss:FD001,diagnosis,relational_max | random3:5-8-14 | circuit,,,,,,,,,,,,,,,,,,,,,,,,,,,,,,,3,"[11, 12, 13]",unblocked,,,,,,,,,,,,,,,,,,,,,,,,,,,,,,,,,,,,,,,,,,,,,,,,,,,,,0.10000000000000002,1.6996749443881478e-17,10.0,0.0,4.130279699961345,1.1046378028993291,91.01573689778645,12.498387266004048,0.050566205529995335,0.03560411513168182,0.4718225123950475,0.00714565089298591,0.7374637798262124,0.015479213712718603,0.8054887625866599,0.014023815816515304,0.5068287189907755,0.029093210873160986,0.7401761439791251,0.03809704450447813,0.9604455566358429,0.014661890667094335,0.9226853126401364,0.037233368599438765,0.5721891499210415,0.014819580230208426,0.5515609940909229,0.025455377256734975,403.3333333333333,29.19474838619667,32.333333333333336,2.0816659994661326,0.0,0.0,44.333333333333336,36.47373484212075,359.0,65.18435395092905,188.0,23.302360395462088,0.5383803376562076,0.0405387524229268,0.3484267613967011,0.0603280351760928
diagnosis_fd001,unblocked,cmapss:FD001,diagnosis,query random7:3-4-8-10-11-12-14 | circuit,,,,,,,,,,,,,,,,,,,,,,,,,,,,,,,3,"[11, 12, 13]",unblocked,,,,,,,,,,,0.0,0.0,0.3151069473327273,0.022099910813458665,0.12826065066716788,0.002762168342874055,871.3333333333334,59.87765303795175,8.0,0.0,8.0,0.0,8.0,0.0,34.0,0.0,813314.0,0.0,0.0,0.0,1.0,0.0,0.0,0.0,354333799.3333333,24349666.75145435,0.0,0.0,13070.0,898.1647955692764,0.0,0.0,13.140132904052734,3.264699450358148,13.271038055419922,3.3072487888989706,8.2651317914327,1.307207972427606,1.112525184949239,0.6791101552934793,28.135826110839844,5.347456136184146,,,,,,,,,,,,,,,,,,,,,,,,,,,,,,,,,,,,,,,,,,,,
diagnosis_fd001,unblocked,cmapss:FD001,diagnosis,joint | random7:3-4-8-10-11-12-14 | circuit,,,,,,,,,,,,,,,,,,,,,,,,,,,,,,,3,"[11, 12, 13]",unblocked,,,,,,,,,,,,,,,,,,,,,,,,,,,,,,,,,,,,,,,,,,,,,,,,,,,,,0.10000000000000002,1.6996749443881478e-17,10.0,0.0,124.9958267211914,11.51468904930914,622.5350646972656,143.11068487856755,0.12127044023629052,0.11047648698814073,0.5441850086642831,0.10246233635717245,0.7569556168970432,0.012597160443345976,0.816681165862513,0.012544563955953374,0.5040380418622908,0.015936291995775603,0.5938712930875191,0.022676638803609848,0.9509667467108578,0.012389619450500381,0.9271959631255738,0.008166978187285361,0.8199590449108781,0.04031297200749974,0.8090734297818853,0.0035873328915400106,331.0,20.29778313018444,104.66666666666667,11.239810200058244,0.0,0.0,0.0,0.0,331.0,20.29778313018444,109.33333333333333,29.67041174863155,0.7461538899417103,0.0017333234899428777,0.48700855656163017,0.043104775897843346
diagnosis_fd001,unblocked,cmapss:FD001,diagnosis,independent | random7:3-4-8-10-11-12-14 | circuit,,,,,,,,,,,,,,,,,,,,,,,,,,,,,,,3,"[11, 12, 13]",unblocked,,,,,,,,,,,,,,,,,,,,,,,,,,,,,,,,,,,,,,,,,,,,,,,,,,,,,0.10000000000000002,1.6996749443881478e-17,10.0,0.0,146.63867696126303,14.14183749232289,594.4969787597656,84.56729020871511,0.10887478521527878,0.06748649657122975,0.45402454832944766,0.09982400773179087,0.7213505165856159,0.00968375412493546,0.7763539150077379,0.01048820341613275,0.5176278275776619,0.0270780389962001,0.4942681936135016,0.011539867106873622,0.9198939227701804,0.005763972070322245,0.8926330795783158,0.0069564202735183,0.7895347154499506,0.03458559072168018,0.7674990149488753,0.024105740294156686,331.0,20.29778313018444,104.66666666666667,11.239810200058244,0.0,0.0,0.0,0.0,331.0,20.29778313018444,146.33333333333334,41.956326499508194,0.6915714295348833,0.02662860288896408,0.39597899513755336,0.062163567635303
diagnosis_fd001,unblocked,cmapss:FD001,diagnosis,marginal_max | random7:3-4-8-10-11-12-14 | circuit,,,,,,,,,,,,,,,,,,,,,,,,,,,,,,,3,"[11, 12, 13]",unblocked,,,,,,,,,,,,,,,,,,,,,,,,,,,,,,,,,,,,,,,,,,,,,,,,,,,,,0.10000000000000002,1.6996749443881478e-17,10.0,0.0,31.269459406534832,3.865698798859403,420.8198649088542,46.8860370127735,0.06446834023600705,0.061050308411299006,0.50262657972821,0.059417114632697735,0.7411020362847776,0.006123431504645097,0.8111569225978319,0.006210283101547033,0.5124718064132788,0.01529193756250421,0.4851806284702829,0.009517352275610413,0.9499236676758477,0.0013476891696784054,0.9156602358511927,0.00765021776174772,0.8500308110755235,0.026306097009544928,0.7674990149488753,0.024105740294156686,331.0,20.29778313018444,104.66666666666667,11.239810200058244,0.0,0.0,0.0,0.0,331.0,20.29778313018444,120.33333333333333,24.583192089989726,0.6915714295348833,0.02662860288896408,0.46554612115903365,0.02360773722242791
diagnosis_fd001,unblocked,cmapss:FD001,diagnosis,conditional_max | random7:3-4-8-10-11-12-14 | circuit,,,,,,,,,,,,,,,,,,,,,,,,,,,,,,,3,"[11, 12, 13]",unblocked,,,,,,,,,,,,,,,,,,,,,,,,,,,,,,,,,,,,,,,,,,,,,,,,,,,,,0.10000000000000002,1.6996749443881478e-17,10.0,0.0,27.970352172851562,3.5701134708916737,422.62892659505206,46.950248199166396,0.06083055626762368,0.052872554801605076,0.5547699722961627,0.02214162182647875,0.7667251645901759,0.010072816463417329,0.833580143775054,0.007478636816462988,0.49880510957652735,0.009324322451077786,0.601637665644234,0.049131549752505055,0.9535762749921677,0.006698667480116829,0.9356030191896415,0.008555857619803988,0.8553989629518238,0.026186497488983957,0.8090734297818853,0.0035873328915400106,331.0,20.29778313018444,104.66666666666667,11.239810200058244,0.0,0.0,0.0,0.0,331.0,20.29778313018444,94.33333333333333,7.571877794400365,0.7461538899417103,0.0017333234899428777,0.5268369636658968,0.009811640010018417
diagnosis_fd001,unblocked,cmapss:FD001,diagnosis,relational_max | random7:3-4-8-10-11-12-14 | circuit,,,,,,,,,,,,,,,,,,,,,,,,,,,,,,,3,"[11, 12, 13]",unblocked,,,,,,,,,,,,,,,,,,,,,,,,,,,,,,,,,,,,,,,,,,,,,,,,,,,,,0.10000000000000002,1.6996749443881478e-17,10.0,0.0,3.4514500300089517,1.3613725990380234,72.93334579467773,9.036151287976418,0.04363202532829716,0.03852453311574589,0.29801278320906904,0.07585841452880122,0.6501243673494566,0.027372838835008947,0.7173321171199,0.028685075639106127,0.5082392433522059,0.030203537838464533,0.6589470836222567,0.03463067245534427,0.779632215675425,0.04937510841160898,0.7671537758337624,0.026762811976589973,0.5437708932863577,0.03727324246396789,0.5598803418774074,0.03409062449655186,331.0,20.29778313018444,104.66666666666667,11.239810200058244,0.0,0.0,13.333333333333334,23.09401076758503,317.6666666666667,40.808495847474376,200.33333333333334,17.7857620959388,0.44988850989838597,0.08109775015414045,0.22942713680171933,0.08231221574260433
diagnosis_fd001,unblocked,cmapss:FD001,diagnosis,query bank0:0-1-2-4-5-7-8 | circuit,,,,,,,,,,,,,,,,,,,,,,,,,,,,,,,3,"[11, 12, 13]",unblocked,,,,,,,,,,,0.0,0.0,0.31530534333433025,0.022420697334387393,0.1274895803326217,0.003240906577507107,871.3333333333334,59.87765303795175,8.0,0.0,8.0,0.0,8.0,0.0,34.0,0.0,813314.0,0.0,0.0,0.0,1.0,0.0,0.0,0.0,354333799.3333333,24349666.75145435,0.0,0.0,13070.0,898.1647955692764,0.0,0.0,8.754240353902182,0.6775459247339485,8.878896713256836,0.617629031164034,5.517753918965657,1.0110952915685618,0.5512839928269386,1.2853381251463252,19.14380391438802,2.0507378394390257,,,,,,,,,,,,,,,,,,,,,,,,,,,,,,,,,,,,,,,,,,,,
diagnosis_fd001,unblocked,cmapss:FD001,diagnosis,joint | bank0:0-1-2-4-5-7-8 | circuit,,,,,,,,,,,,,,,,,,,,,,,,,,,,,,,3,"[11, 12, 13]",unblocked,,,,,,,,,,,,,,,,,,,,,,,,,,,,,,,,,,,,,,,,,,,,,,,,,,,,,0.10000000000000002,1.6996749443881478e-17,10.0,0.0,-34.99252446492513,9.176280547746536,965.8346761067709,223.0521263733654,0.09044867581650591,0.05627123954540983,0.5114061975440332,0.07459103528028127,0.75156788405198,0.009447894138501924,0.8105120051340885,0.009370128292365085,0.5242188342697841,0.025826508168292996,0.5995829484855238,0.03202321057109495,0.9630988911077608,0.01700373453196179,0.9415571587688422,0.023376790016860407,0.738162965416017,0.0068202456592475,0.7598040412760533,0.008089907381991392,329.3333333333333,35.64173583501978,106.33333333333333,7.571877794400366,0.0,0.0,0.0,0.0,329.3333333333333,35.64173583501978,113.66666666666667,24.131583730317686,0.6964945785299023,0.012112826478821028,0.45009854887939377,0.03430831596758165
diagnosis_fd001,unblocked,cmapss:FD001,diagnosis,independent | bank0:0-1-2-4-5-7-8 | circuit,,,,,,,,,,,,,,,,,,,,,,,,,,,,,,,3,"[11, 12, 13]",unblocked,,,,,,,,,,,,,,,,,,,,,,,,,,,,,,,,,,,,,,,,,,,,,,,,,,,,,0.10000000000000002,1.6996749443881478e-17,10.0,0.0,-20.398653666178387,6.700085543440377,899.5244954427084,225.00560784375998,0.0964029557779368,0.020827704783771345,0.4527263030138098,0.039070176164117794,0.7243190361412936,0.00581441600173246,0.784136288942061,0.007497364614789312,0.5216644123974913,0.02037818708681339,0.5273500895036315,0.009164018928709826,0.9472099467674896,0.019615925503611582,0.9145964268420731,0.016565649247532913,0.7173842408176071,0.005636261294074944,0.7407574152105738,0.007487985744109658,329.3333333333333,35.64173583501978,106.33333333333333,7.571877794400366,0.0,0.0,0.0,0.0,329.3333333333333,35.64173583501978,139.33333333333334,26.633312473917574,0.6700651312678225,0.007811061991356807,0.40572790304102363,0.018203629186238673
diagnosis_fd001,unblocked,cmapss:FD001,diagnosis,marginal_max | bank0:0-1-2-4-5-7-8 | circuit,,,,,,,,,,,,,,,,,,,,,,,,,,,,,,,3,"[11, 12, 13]",unblocked,,,,,,,,,,,,,,,,,,,,,,,,,,,,,,,,,,,,,,,,,,,,,,,,,,,,,0.10000000000000002,1.6996749443881478e-17,10.0,0.0,28.609800974527996,2.1446332206156957,532.4369303385416,67.88617465116917,0.06536425018415905,0.030097212950944804,0.48725619428404343,0.009566600988401926,0.7321381034069269,0.012159148364234183,0.8020081715732456,0.010841937490742509,0.5184902179188958,0.008622406717272891,0.5199120595787088,0.01720818826752047,0.9548447197571416,0.01579081194032329,0.9450945700933504,0.023904469253717725,0.7286995912521447,0.016253149374130672,0.7407574152105738,0.007487985744109658,329.3333333333333,35.64173583501978,106.33333333333333,7.571877794400366,0.0,0.0,0.0,0.0,329.3333333333333,35.64173583501978,123.66666666666667,19.03505538035898,0.6700651312678225,0.007811061991356807,0.45364319028660777,0.01817679735060095
diagnosis_fd001,unblocked,cmapss:FD001,diagnosis,conditional_max | bank0:0-1-2-4-5-7-8 | circuit,,,,,,,,,,,,,,,,,,,,,,,,,,,,,,,3,"[11, 12, 13]",unblocked,,,,,,,,,,,,,,,,,,,,,,,,,,,,,,,,,,,,,,,,,,,,,,,,,,,,,0.10000000000000002,1.6996749443881478e-17,10.0,0.0,26.941317240397137,2.148994290849677,533.590342203776,67.56987046706503,0.052690260892313844,0.031170979425568384,0.5183909177093572,0.014954261586432382,0.7514682756080199,0.014973660062557938,0.8196140620108051,0.014305300799903772,0.5173495456706938,0.013126296318050106,0.6034301505166336,0.03942830437911462,0.9631358851401849,0.013366278509180986,0.9488540902018858,0.0320394936617186,0.7342946607506691,0.019426707812484168,0.7598040412760533,0.008089907381991392,329.3333333333333,35.64173583501978,106.33333333333333,7.571877794400366,0.0,0.0,0.0,0.0,329.3333333333333,35.64173583501978,110.0,11.269427669584644,0.6964945785299023,0.012112826478821028,0.48082846663451223,0.030462506880924025
diagnosis_fd001,unblocked,cmapss:FD001,diagnosis,relational_max | bank0:0-1-2-4-5-7-8 | circuit,,,,,,,,,,,,,,,,,,,,,,,,,,,,,,,3,"[11, 12, 13]",unblocked,,,,,,,,,,,,,,,,,,,,,,,,,,,,,,,,,,,,,,,,,,,,,,,,,,,,,0.10000000000000002,1.6996749443881478e-17,10.0,0.0,2.6596056620279946,1.0654360287674762,90.37379455566406,12.827868809938112,0.09834724599719842,0.07133998056840116,0.43663726196507313,0.031853549467917346,0.6959673155225259,0.02091800634131283,0.7658507968111744,0.021815437655098264,0.5019225647191995,0.012018859970027348,0.6292849103520104,0.05239351250248872,0.9325769103630641,0.015443145226869506,0.8682847226476605,0.051780403627054224,0.5603389674121176,0.016011371482935605,0.5921659674269945,0.04169254941732686,329.3333333333333,35.64173583501978,106.33333333333333,7.571877794400366,0.0,0.0,49.666666666666664,37.31398308052,279.6666666666667,70.43673284113434,142.33333333333334,34.35597958628648,0.4887361544137816,0.08656580984269155,0.2541775451103598,0.08378277792399137
diagnosis_fd001,unblocked,cmapss:FD001,diagnosis,query bank1:3 | circuit,,,,,,,,,,,,,,,,,,,,,,,,,,,,,,,3,"[11, 12, 13]",unblocked,,,,,,,,,,,0.0,0.0,0.4638975130013326,0.03882990903024933,0.14564964166735686,0.0035715934351578022,871.3333333333334,59.87765303795175,14.0,0.0,14.0,0.0,14.0,0.0,58.0,0.0,1387418.0,0.0,0.0,0.0,1.0,0.0,0.0,0.0,604451775.3333334,41537666.81130447,0.0,0.0,13070.0,898.1647955692764,0.0,0.0,32.0492738087972,4.865145976728228,32.07228151957194,4.884945003175686,18.151254018147785,1.7215588921564282,8.2052370707194,1.2389502781753097,66.16685612996419,7.9967921224179275,,,,,,,,,,,,,,,,,,,,,,,,,,,,,,,,,,,,,,,,,,,,
diagnosis_fd001,unblocked,cmapss:FD001,diagnosis,joint | bank1:3 | circuit,,,,,,,,,,,,,,,,,,,,,,,,,,,,,,,3,"[11, 12, 13]",unblocked,,,,,,,,,,,,,,,,,,,,,,,,,,,,,,,,,,,,,,,,,,,,,,,,,,,,,0.10000000000000002,1.6996749443881478e-17,10.0,0.0,148.00757853190103,18.66052175602897,824.8812459309896,145.46052018241681,0.09173938873371879,0.08474717162137388,0.6113522153553207,0.09365448146699996,0.8181512392769642,0.005344698365571653,0.8635250820131452,0.007427194201205828,0.5173771820277464,0.004673959186438441,0.6817729275003016,0.013666833092277824,0.9965986099488479,0.0024949812474860844,0.9971190410258318,0.0005221071439688305,0.9121653593660742,0.03739061747283178,0.7554387933901832,0.010636357321498608,425.0,28.160255680657446,10.666666666666666,2.5166114784235836,0.0,0.0,0.0,0.0,425.0,28.160255680657446,160.66666666666666,44.24176006143216,0.7103157371202823,0.010688917477998728,0.5738822993901592,0.06036736656384619
diagnosis_fd001,unblocked,cmapss:FD001,diagnosis,independent | bank1:3 | circuit,,,,,,,,,,,,,,,,,,,,,,,,,,,,,,,3,"[11, 12, 13]",unblocked,,,,,,,,,,,,,,,,,,,,,,,,,,,,,,,,,,,,,,,,,,,,,,,,,,,,,0.10000000000000002,1.6996749443881478e-17,10.0,0.0,203.63545735677084,19.9747952123221,826.242431640625,107.46089752805612,0.08973091114078174,0.056680714460342466,0.4694393992223811,0.07231196694715593,0.7596618542863937,0.010742256660899261,0.8046101248062367,0.009408039163232046,0.5215573875386309,0.02212685235296601,0.5101699915206981,0.01547955914615909,0.970590315522065,0.009789849512913043,0.9605139678111033,0.0037457748817322925,0.843810734775667,0.03702041445135565,0.6905740538290296,0.015294119076070482,425.0,28.160255680657446,10.666666666666666,2.5166114784235836,0.0,0.0,0.0,0.0,425.0,28.160255680657446,222.0,43.71498598878879,0.6409140343203762,0.017614784415369854,0.4367628424355889,0.054096297917336195
diagnosis_fd001,unblocked,cmapss:FD001,diagnosis,marginal_max | bank1:3 | circuit,,,,,,,,,,,,,,,,,,,,,,,,,,,,,,,3,"[11, 12, 13]",unblocked,,,,,,,,,,,,,,,,,,,,,,,,,,,,,,,,,,,,,,,,,,,,,,,,,,,,,0.10000000000000002,1.6996749443881478e-17,10.0,0.0,31.269459406534832,3.865698798859403,530.1084798177084,67.60030263481882,0.08118576959851102,0.0699525063872295,0.6015563312036084,0.05708512348944478,0.7927495852991614,0.0073662145536439495,0.8529022923477981,0.00531221992680846,0.5129052985815639,0.01925093821464772,0.5094074283294397,0.012422548041628099,0.9926243512218468,0.00562542091811029,0.996809877696895,0.0029461830677123394,0.960264733087092,0.02436452684840657,0.6905740538290296,0.015294119076070482,425.0,28.160255680657446,10.666666666666666,2.5166114784235836,0.0,0.0,0.0,0.0,425.0,28.160255680657446,163.66666666666666,30.03886371574886,0.6409140343203762,0.017614784415369854,0.5663243070092207,0.023855824389194088
diagnosis_fd001,unblocked,cmapss:FD001,diagnosis,conditional_max | bank1:3 | circuit,,,,,,,,,,,,,,,,,,,,,,,,,,,,,,,3,"[11, 12, 13]",unblocked,,,,,,,,,,,,,,,,,,,,,,,,,,,,,,,,,,,,,,,,,,,,,,,,,,,,,0.10000000000000002,1.6996749443881478e-17,10.0,0.0,29.600130716959637,1.8223827327422897,531.1374816894531,67.90960726866473,0.02555277072796581,0.025590563026685328,0.6583078507435004,0.010756273108934738,0.8349922023398827,0.002428090518823244,0.8863223498206919,0.003668814764476491,0.511043451345461,0.008165855838656378,0.7191625230165934,0.02230327324488827,1.0,0.0,1.0,0.0,0.9592482621450439,0.018811003838278988,0.7554387933901832,0.010636357321498608,425.0,28.160255680657446,10.666666666666666,2.5166114784235836,0.0,0.0,0.0,0.0,425.0,28.160255680657446,138.33333333333334,5.686240703077327,0.7103157371202823,0.010688917477998728,0.6423129646750763,0.010057575643304823
diagnosis_fd001,unblocked,cmapss:FD001,diagnosis,relational_max | bank1:3 | circuit,,,,,,,,,,,,,,,,,,,,,,,,,,,,,,,3,"[11, 12, 13]",unblocked,,,,,,,,,,,,,,,,,,,,,,,,,,,,,,,,,,,,,,,,,,,,,,,,,,,,,0.10000000000000002,1.6996749443881478e-17,10.0,0.0,4.30113156636556,0.5351870148346435,107.86608123779297,12.424324229654074,0.050365625049355434,0.023092828957325708,0.4984872838130783,0.0262042723356852,0.7551938574709952,0.01984173399046294,0.8195657947197189,0.016524232799166684,0.509452975751393,0.020156750601531045,0.7836854727184533,0.036293132757918733,0.9851910881895106,0.006935413616198213,0.9472038769165428,0.0316792838444803,0.5676234997954389,0.019504056600726592,0.5516901846926778,0.025677927411893835,425.0,28.160255680657446,10.666666666666666,2.5166114784235836,0.0,0.0,41.333333333333336,33.30665599145813,383.6666666666667,60.11932578907829,193.33333333333334,25.32455988429677,0.5595069479003177,0.0578787220493804,0.4013276054707891,0.0645328105281926
diagnosis_fd001,unblocked,cmapss:FD001,diagnosis,query bank2:6-10 | circuit,,,,,,,,,,,,,,,,,,,,,,,,,,,,,,,3,"[11, 12, 13]",unblocked,,,,,,,,,,,0.0,0.0,0.4393169629984186,0.035907083643327266,0.14254657966739614,0.0031416060202175008,871.3333333333334,59.87765303795175,13.0,0.0,13.0,0.0,13.0,0.0,54.0,0.0,1291734.0,0.0,0.0,0.0,1.0,0.0,0.0,0.0,562765446.0,38673000.134662785,0.0,0.0,13070.0,898.1647955692764,0.0,0.0,28.723773956298828,5.435515034063469,28.77115313212077,5.485690056198419,17.137715339660645,2.2697581431724205,5.827920118967692,0.6336774026852102,61.16699091593424,9.440327148054692,,,,,,,,,,,,,,,,,,,,,,,,,,,,,,,,,,,,,,,,,,,,
diagnosis_fd001,unblocked,cmapss:FD001,diagnosis,joint | bank2:6-10 | circuit,,,,,,,,,,,,,,,,,,,,,,,,,,,,,,,3,"[11, 12, 13]",unblocked,,,,,,,,,,,,,,,,,,,,,,,,,,,,,,,,,,,,,,,,,,,,,,,,,,,,,0.10000000000000002,1.6996749443881478e-17,10.0,0.0,66.73977915445964,17.801539521639565,943.2383829752604,54.646340779877384,0.11189616791254968,0.04318318490986789,0.6087431302299041,0.0776136559936868,0.8104759453027851,0.0037956268411772636,0.8566890473523577,0.007500203615842248,0.5075450416289632,0.011734931657271776,0.6675192526705995,0.013155299921993324,0.9983513847985263,0.0011179301475918613,0.9936138161872096,0.004226533422798505,0.8990014569511406,0.031896647910521506,0.7460336008995957,0.010140728055952003,422.6666666666667,26.6520793435209,13.0,3.605551275463989,0.0,0.0,0.0,0.0,422.6666666666667,26.6520793435209,159.0,43.40506882842141,0.701619174195775,0.014949567712073678,0.5689316507737109,0.060021916114836565
diagnosis_fd001,unblocked,cmapss:FD001,diagnosis,independent | bank2:6-10 | circuit,,,,,,,,,,,,,,,,,,,,,,,,,,,,,,,3,"[11, 12, 13]",unblocked,,,,,,,,,,,,,,,,,,,,,,,,,,,,,,,,,,,,,,,,,,,,,,,,,,,,,0.10000000000000002,1.6996749443881478e-17,10.0,0.0,114.81736246744792,27.253159098092134,925.0980224609375,44.91255666332137,0.11049178057394445,0.053291794725038165,0.4885712457574576,0.09331311646347236,0.7600298634147197,0.0135844192006571,0.8051704844812603,0.01429009356878623,0.5157649173893597,0.015315372961353367,0.5190877392123953,0.00932486302896443,0.9759793458713314,0.006015273242773963,0.9618303413147995,0.018751727991358946,0.835603890502785,0.04902369327241506,0.6786476153976627,0.017266022947119493,422.6666666666667,26.6520793435209,13.0,3.605551275463989,0.0,0.0,0.0,0.0,422.6666666666667,26.6520793435209,212.33333333333334,53.46338310781813,0.6303416321621501,0.013443021052778954,0.4410088878251739,0.07363291766067037
diagnosis_fd001,unblocked,cmapss:FD001,diagnosis,marginal_max | bank2:6-10 | circuit,,,,,,,,,,,,,,,,,,,,,,,,,,,,,,,3,"[11, 12, 13]",unblocked,,,,,,,,,,,,,,,,,,,,,,,,,,,,,,,,,,,,,,,,,,,,,,,,,,,,,0.10000000000000002,1.6996749443881478e-17,10.0,0.0,31.269459406534832,3.865698798859403,365.2176920572917,32.87116644704985,0.08118576959851102,0.0699525063872295,0.5939268215343981,0.05492005496465048,0.7881936446281385,0.006459631026513095,0.8489386614081585,0.004197503301314479,0.5129052985815639,0.01925093821464772,0.5072279717990388,0.013511526938894524,0.9964620602990499,0.0017812181605857272,0.9939392915012388,0.007250416914069537,0.9382282559340899,0.020182205605188387,0.6786476153976627,0.017266022947119493,422.6666666666667,26.6520793435209,13.0,3.605551275463989,0.0,0.0,0.0,0.0,422.6666666666667,26.6520793435209,165.33333333333334,28.04163571073081,0.6303416321621501,0.013443021052778954,0.5556699319208871,0.019115348979195222
diagnosis_fd001,unblocked,cmapss:FD001,diagnosis,conditional_max | bank2:6-10 | circuit,,,,,,,,,,,,,,,,,,,,,,,,,,,,,,,3,"[11, 12, 13]",unblocked,,,,,,,,,,,,,,,,,,,,,,,,,,,,,,,,,,,,,,,,,,,,,,,,,,,,,0.10000000000000002,1.6996749443881478e-17,10.0,0.0,29.58946418762207,1.8277117539108247,369.2814534505208,41.31679015475502,0.024749557876560187,0.024303198041134635,0.6355399616009668,0.006307492702040172,0.8242746091720874,0.004400269789419618,0.8779458774480084,0.005174482060553437,0.5117752542472035,0.008220276558057602,0.6898742953097167,0.02868365655629526,1.0,0.0,0.9979856693719382,0.0034889229910449976,0.934968228836154,0.009997173626115992,0.7460336008995957,0.010140728055952003,422.6666666666667,26.6520793435209,13.0,3.605551275463989,0.0,0.0,0.0,0.0,422.6666666666667,26.6520793435209,145.66666666666666,5.507570547286101,0.701619174195775,0.014949567712073678,0.6278838050599088,0.007681076005203383
diagnosis_fd001,unblocked,cmapss:FD001,diagnosis,relational_max | bank2:6-10 | circuit,,,,,,,,,,,,,,,,,,,,,,,,,,,,,,,3,"[11, 12, 13]",unblocked,,,,,,,,,,,,,,,,,,,,,,,,,,,,,,,,,,,,,,,,,,,,,,,,,,,,,0.10000000000000002,1.6996749443881478e-17,10.0,0.0,4.3126726150512695,0.4802129243711922,101.7596918741862,5.001820043806192,0.04097110434275166,0.01317517368006804,0.4794527510060409,0.01038296769766641,0.7476575222396059,0.010631491714729508,0.8143997810985786,0.00952149538383931,0.5027034607392902,0.02301251009257945,0.7547449667966705,0.03833461096001525,0.9724370874599596,0.018752648258349696,0.9445272861455121,0.020381810618777776,0.5790973762742938,0.021584991380456404,0.5726859307753592,0.021315099271548767,422.6666666666667,26.6520793435209,13.0,3.605551275463989,0.0,0.0,0.0,0.0,422.6666666666667,26.6520793435209,214.0,10.44030650891055,0.569407636288209,0.021012727855887373,0.44954993919410624,0.02076922301391704
diagnosis_fd001,unblocked,cmapss:FD001,diagnosis,query single_sensor_0 | circuit,,,,,,,,,,,,,,,,,,,,,,,,,,,,,,,3,"[11, 12, 13]",unblocked,,,,,,,,,,,0.0,0.0,0.1409653890016974,0.0021428105783713254,0.10756584599827572,0.003394773225623705,871.3333333333334,59.87765303795175,1.0,0.0,1.0,0.0,1.0,0.0,6.0,0.0,143526.0,0.0,0.0,0.0,1.0,0.0,0.0,0.0,62529494.0,4297000.014962532,0.0,0.0,13070.0,898.1647955692764,0.0,0.0,0.0,0.0,0.0,0.0,0.0,0.0,0.0,0.0,0.0,0.0,,,,,,,,,,,,,,,,,,,,,,,,,,,,,,,,,,,,,,,,,,,,
diagnosis_fd001,unblocked,cmapss:FD001,diagnosis,joint | single_sensor_0 | circuit,,,,,,,,,,,,,,,,,,,,,,,,,,,,,,,3,"[11, 12, 13]",unblocked,,,,,,,,,,,,,,,,,,,,,,,,,,,,,,,,,,,,,,,,,,,,,,,,,,,,,0.10000000000000002,1.6996749443881478e-17,10.0,0.0,25.889821370442707,1.9575829148909691,81.04962158203125,14.040342123481544,0.09477101711271829,0.07390563145770797,0.1982822486882085,0.062019665589463056,0.5614039313961076,0.006268098470559807,0.613197363324489,0.008447676033771074,0.5276889063912206,0.024268271069506124,0.47060936552835336,0.03099154296295636,0.6382789948844203,0.009259222292774039,0.5903021120372384,0.01416395345912227,0.5801568665843503,0.025501105051874758,,,0.0,0.0,361.0,25.11971337416094,74.66666666666667,6.110100926607787,74.66666666666667,6.110100926607787,0.0,0.0,0.0,0.0,,,0.0,0.0
diagnosis_fd001,unblocked,cmapss:FD001,diagnosis,independent | single_sensor_0 | circuit,,,,,,,,,,,,,,,,,,,,,,,,,,,,,,,3,"[11, 12, 13]",unblocked,,,,,,,,,,,,,,,,,,,,,,,,,,,,,,,,,,,,,,,,,,,,,,,,,,,,,0.10000000000000002,1.6996749443881478e-17,10.0,0.0,25.889821370442707,1.9575829148909691,81.04962158203125,14.040342123481544,0.09477101711271829,0.07390563145770797,0.1982822486882085,0.062019665589463056,0.5614039313961076,0.006268098470559807,0.613197363324489,0.008447676033771074,0.5276889063912206,0.024268271069506124,0.47060936552835336,0.03099154296295636,0.6382789948844203,0.009259222292774039,0.5903021120372384,0.01416395345912227,0.5801568665843503,0.025501105051874758,,,0.0,0.0,361.0,25.11971337416094,74.66666666666667,6.110100926607787,74.66666666666667,6.110100926607787,0.0,0.0,0.0,0.0,,,0.0,0.0
diagnosis_fd001,unblocked,cmapss:FD001,diagnosis,marginal_max | single_sensor_0 | circuit,,,,,,,,,,,,,,,,,,,,,,,,,,,,,,,3,"[11, 12, 13]",unblocked,,,,,,,,,,,,,,,,,,,,,,,,,,,,,,,,,,,,,,,,,,,,,,,,,,,,,0.10000000000000002,1.6996749443881478e-17,10.0,0.0,25.889821370442707,1.9575829148909691,81.04962158203125,14.040342123481544,0.09477101711271829,0.07390563145770797,0.1982822486882085,0.062019665589463056,0.5614039313961076,0.006268098470559807,0.613197363324489,0.008447676033771074,0.5276889063912206,0.024268271069506124,0.47060936552835336,0.03099154296295636,0.6382789948844203,0.009259222292774039,0.5903021120372384,0.01416395345912227,0.5801568665843503,0.025501105051874758,,,0.0,0.0,361.0,25.11971337416094,74.66666666666667,6.110100926607787,74.66666666666667,6.110100926607787,0.0,0.0,0.0,0.0,,,0.0,0.0
diagnosis_fd001,unblocked,cmapss:FD001,diagnosis,conditional_max | single_sensor_0 | circuit,,,,,,,,,,,,,,,,,,,,,,,,,,,,,,,3,"[11, 12, 13]",unblocked,,,,,,,,,,,,,,,,,,,,,,,,,,,,,,,,,,,,,,,,,,,,,,,,,,,,,0.10000000000000002,1.6996749443881478e-17,10.0,0.0,25.889821370442707,1.9575829148909691,81.04962158203125,14.040342123481544,0.09477101711271829,0.07390563145770797,0.1982822486882085,0.062019665589463056,0.5614039313961076,0.006268098470559807,0.613197363324489,0.008447676033771074,0.5276889063912206,0.024268271069506124,0.47060936552835336,0.03099154296295636,0.6382789948844203,0.009259222292774039,0.5903021120372384,0.01416395345912227,0.5801568665843503,0.025501105051874758,,,0.0,0.0,361.0,25.11971337416094,74.66666666666667,6.110100926607787,74.66666666666667,6.110100926607787,0.0,0.0,0.0,0.0,,,0.0,0.0
diagnosis_fd001,unblocked,cmapss:FD001,diagnosis,relational_max | single_sensor_0 | circuit,,,,,,,,,,,,,,,,,,,,,,,,,,,,,,,3,"[11, 12, 13]",unblocked,,,,,,,,,,,,,,,,,,,,,,,,,,,,,,,,,,,,,,,,,,,,,,,,,,,,,0.10000000000000002,1.6996749443881478e-17,10.0,0.0,0.0,0.0,0.0,0.0,0.0,0.0,0.0,0.0,0.5,0.0,0.5,0.0,0.5,0.0,0.5,0.0,0.5,0.0,0.5,0.0,0.5,0.0,,,0.0,0.0,361.0,25.11971337416094,74.66666666666667,6.110100926607787,74.66666666666667,6.110100926607787,0.0,0.0,0.0,0.0,,,0.0,0.0
diagnosis_fd001,random,cmapss:FD001,diagnosis,model,1.1920928955078125e-07,1.1920928955078125e-07,2400.0,0.0,2385.0,0.0,19136.0,0.0,23921.0,0.0,174240.0,0.0,2760.0,103.92304845413264,180.0,0.0,178.33333333333334,0.5773502691896258,57.21855672200521,3.2568529960641266,42.45558635393778,0.9000401457307426,45.12209734748206,5.797328457118855,0.02,0.0,180.0,0.0,256.0,0.0,3,"[11, 12, 13]",random,,,,,,,,,,,,,,,,,,,,,,,,,,,,,,,,,,,,,,,,,,,,,,,,,,,,,,,,,,,,,,,,,,,,,,,,,,,,,,,,,,,,,,,,,,,,,,,,
diagnosis_fd001,random,cmapss:FD001,diagnosis,shortcut audit,,,,,,,,,,,,,,,,,,,,,,,,,,,,,,,3,"[11, 12, 13]",random,0.5580858376836484,0.011033518695286345,0.0,0.0,1128.0,157.12415473121885,871.3333333333334,59.87765303795175,42.0,0.0,,,,,,,,,,,,,,,,,,,,,,,,,,,,,,,,,,,,,,,,,,,,,,,,,,,,,,,,,,,,,,,,,,,,,,,,,,,,,,,,,,,,,,
diagnosis_fd001,random,cmapss:FD001,diagnosis,query full | circuit,,,,,,,,,,,,,,,,,,,,,,,,,,,,,,,3,"[11, 12, 13]",random,,,,,,,,,,,0.0,0.0,0.42066057566626114,0.03256217460488033,0.11287516000083997,0.000665233920754917,871.3333333333334,59.87765303795175,15.0,0.0,15.0,0.0,15.0,0.0,62.0,0.0,1483102.0,0.0,0.0,0.0,1.0,0.0,0.0,0.0,646138104.6666666,44402333.48794616,0.0,0.0,13070.0,898.1647955692764,0.0,0.0,15.96460485458374,9.681736456395393,19.168279965718586,6.170152717044386,14.021485964457193,2.1921333113686994,-7.654077470302582,11.875409992551525,37.589274088541664,13.455522162695091,,,,,,,,,,,,,,,,,,,,,,,,,,,,,,,,,,,,,,,,,,,,
diagnosis_fd001,random,cmapss:FD001,diagnosis,joint | full | circuit,,,,,,,,,,,,,,,,,,,,,,,,,,,,,,,3,"[11, 12, 13]",random,,,,,,,,,,,,,,,,,,,,,,,,,,,,,,,,,,,,,,,,,,,,,,,,,,,,,0.10000000000000002,1.6996749443881478e-17,10.0,0.0,85.85310363769531,13.452081582202696,1041.8739217122395,80.86277535048268,0.06853308160543758,0.018117193063440274,0.5832886856491206,0.026913645116701166,0.8126822627641755,0.01025023700281217,0.8576900748888407,0.008943436029785253,0.5228678690391034,0.006965569824692568,0.6582783598625398,0.02571851607916402,0.9989592119373102,0.0005686713485084782,0.9983686385722406,0.001509796352370771,0.8979330867265286,0.026299937925975708,0.7310093270936568,0.009586598086521533,435.6666666666667,29.938826518975876,0.0,0.0,0.0,0.0,0.0,0.0,435.6666666666667,29.938826518975876,182.0,23.643180835073778,0.6964302101012704,0.023024601277869226,0.5602247651491313,0.021136780678576793
diagnosis_fd001,random,cmapss:FD001,diagnosis,independent | full | circuit,,,,,,,,,,,,,,,,,,,,,,,,,,,,,,,3,"[11, 12, 13]",random,,,,,,,,,,,,,,,,,,,,,,,,,,,,,,,,,,,,,,,,,,,,,,,,,,,,,0.10000000000000002,1.6996749443881478e-17,10.0,0.0,120.04911549886067,31.52959709907991,981.0245768229166,72.43676502539351,0.05119969643624411,0.012713957377808635,0.4817500110353687,0.04518901253146295,0.7721510244658397,0.011563587753431895,0.8231316441516738,0.015906594255212635,0.5133904918744463,0.016637871360052563,0.5060596520366765,0.012863171827808793,0.988585323115928,0.008067593400445943,0.9842818011293283,0.006719071859273111,0.8782445784292436,0.056880463172528664,0.6682622344439663,0.009002843705077387,435.6666666666667,29.938826518975876,0.0,0.0,0.0,0.0,0.0,0.0,435.6666666666667,29.938826518975876,226.66666666666666,35.7957166897568,0.6225425651380352,0.008133664595335986,0.4586994139713032,0.04211537781358648
diagnosis_fd001,random,cmapss:FD001,diagnosis,marginal_max | full | circuit,,,,,,,,,,,,,,,,,,,,,,,,,,,,,,,3,"[11, 12, 13]",random,,,,,,,,,,,,,,,,,,,,,,,,,,,,,,,,,,,,,,,,,,,,,,,,,,,,,0.10000000000000002,1.6996749443881478e-17,10.0,0.0,30.96903419494629,3.0088556053666786,441.2591959635417,53.79499254557154,0.05803510502633707,0.02909929453787994,0.5923163461550144,0.021450860251588946,0.7932264353532249,0.0026349308355649967,0.8532910767228761,0.0006135221800097669,0.5082490239225378,0.018458508688790193,0.513372599263333,0.032679479403217554,0.9983353986803367,0.0023210581312296517,0.9989235125601668,0.0009366260239503585,0.9565001156957601,0.02752577687686997,0.6682622344439663,0.009002843705077387,435.6666666666667,29.938826518975876,0.0,0.0,0.0,0.0,0.0,0.0,435.6666666666667,29.938826518975876,177.33333333333334,8.962886439832502,0.6225425651380352,0.008133664595335986,0.574395109934545,0.011071225205449047
diagnosis_fd001,random,cmapss:FD001,diagnosis,conditional_max | full | circuit,,,,,,,,,,,,,,,,,,,,,,,,,,,,,,,3,"[11, 12, 13]",random,,,,,,,,,,,,,,,,,,,,,,,,,,,,,,,,,,,,,,,,,,,,,,,,,,,,,0.10000000000000002,1.6996749443881478e-17,10.0,0.0,29.53870137532552,3.085012498815863,447.0770263671875,49.7574391207014,0.060144946023885794,0.07952898261774216,0.6633844847981216,0.030687351215008807,0.8355347799291125,0.009886237465856613,0.8853775443283417,0.0066609582886590435,0.5160380863847253,0.008973441254468825,0.7163344974029968,0.03937550076078584,1.0,0.0,1.0,0.0,0.9601111150457968,0.016090443395248847,0.7310093270936568,0.009586598086521533,435.6666666666667,29.938826518975876,0.0,0.0,0.0,0.0,0.0,0.0,435.6666666666667,29.938826518975876,147.0,20.663978319771825,0.6964302101012704,0.023024601277869226,0.6426082670907488,0.001895128700741504
diagnosis_fd001,random,cmapss:FD001,diagnosis,relational_max | full | circuit,,,,,,,,,,,,,,,,,,,,,,,,,,,,,,,3,"[11, 12, 13]",random,,,,,,,,,,,,,,,,,,,,,,,,,,,,,,,,,,,,,,,,,,,,,,,,,,,,,0.10000000000000002,1.6996749443881478e-17,10.0,0.0,7.364470481872559,2.7377915863482043,123.0280278523763,10.730352051087886,0.09554134659035457,0.07802103993732575,0.519433952407391,0.031055293978569827,0.7511621989449958,0.01527343672363765,0.8117378967407212,0.01608963319411289,0.5184561694296502,0.010856140079643164,0.7543112162217881,0.02484357234543262,0.9848360460034824,0.011621458007023144,0.9625466786553559,0.0174774220161558,0.5494862653031715,0.04145770139220878,0.5539999532322292,0.019599157092593536,435.6666666666667,29.938826518975876,0.0,0.0,0.0,0.0,0.0,0.0,435.6666666666667,29.938826518975876,209.33333333333334,18.717193521821944,0.549579663820149,0.042580244256390384,0.46029830727568943,0.014922978437768741
diagnosis_fd001,random,cmapss:FD001,diagnosis,query random1:1 | circuit,,,,,,,,,,,,,,,,,,,,,,,,,,,,,,,3,"[11, 12, 13]",random,,,,,,,,,,,0.0,0.0,0.39775407033084775,0.029947956685437756,0.11192636900038148,0.00022294930570601197,871.3333333333334,59.87765303795175,14.0,0.0,14.0,0.0,14.0,0.0,58.0,0.0,1387418.0,0.0,0.0,0.0,1.0,0.0,0.0,0.0,604451775.3333334,41537666.81130447,0.0,0.0,13070.0,898.1647955692764,0.0,0.0,14.893798828125,9.349515681483235,18.156559626261394,5.6564254445659845,13.404752731323242,2.150123235809589,-7.440928936004639,11.601624646908784,35.47547976175944,12.40712954706637,,,,,,,,,,,,,,,,,,,,,,,,,,,,,,,,,,,,,,,,,,,,
diagnosis_fd001,random,cmapss:FD001,diagnosis,joint | random1:1 | circuit,,,,,,,,,,,,,,,,,,,,,,,,,,,,,,,3,"[11, 12, 13]",random,,,,,,,,,,,,,,,,,,,,,,,,,,,,,,,,,,,,,,,,,,,,,,,,,,,,,0.10000000000000002,1.6996749443881478e-17,10.0,0.0,66.91808827718098,14.829577454602816,1030.5548095703125,63.96277228613565,0.06329988705452039,0.018739481974741283,0.5653134267431731,0.034303130849883054,0.8072696400414187,0.006927107445478072,0.8543335142684688,0.0061682212640128825,0.5208809716602377,0.009913965725179257,0.6535247440048003,0.013657904444351467,0.9988321075710261,0.0008374033547411027,0.9963140865837591,0.0011897993187432454,0.8789961538259247,0.009090015282739488,0.7379698644594731,0.005684225535805313,426.6666666666667,31.182259913824932,9.0,2.6457513110645907,0.0,0.0,0.0,0.0,426.6666666666667,31.182259913824932,181.0,28.583211855912904,0.7059178891670147,0.009658984497098597,0.54223618280726,0.029612396789144055
diagnosis_fd001,random,cmapss:FD001,diagnosis,independent | random1:1 | circuit,,,,,,,,,,,,,,,,,,,,,,,,,,,,,,,3,"[11, 12, 13]",random,,,,,,,,,,,,,,,,,,,,,,,,,,,,,,,,,,,,,,,,,,,,,,,,,,,,,0.10000000000000002,1.6996749443881478e-17,10.0,0.0,99.59954071044922,33.37098707223423,976.4391072591146,68.84767408314828,0.04395948217595602,0.01170583947950361,0.4687659380083609,0.04484624235153708,0.7684413496715153,0.009668376933158494,0.8202368155504014,0.014211600866844925,0.5128540341186777,0.017139609514483903,0.5080050836350646,0.011205739373246657,0.9882296740592156,0.009737495585865143,0.9795855806408061,0.0070383331379645095,0.8629401876181659,0.041830313435497514,0.6768939629181551,0.012335811284658195,426.6666666666667,31.182259913824932,9.0,2.6457513110645907,0.0,0.0,0.0,0.0,426.6666666666667,31.182259913824932,223.33333333333334,37.28717384481336,0.6306568803653918,0.016606407678968996,0.4480043396334152,0.04274041067673128
diagnosis_fd001,random,cmapss:FD001,diagnosis,marginal_max | random1:1 | circuit,,,,,,,,,,,,,,,,,,,,,,,,,,,,,,,3,"[11, 12, 13]",random,,,,,,,,,,,,,,,,,,,,,,,,,,,,,,,,,,,,,,,,,,,,,,,,,,,,,0.10000000000000002,1.6996749443881478e-17,10.0,0.0,29.97670300801595,2.077334671412831,442.3857828776042,53.67222332433891,0.0683843369849267,0.011181605228270443,0.5887709758060172,0.007956717766434796,0.7878810596130582,0.003948969053756214,0.8486244328660705,0.0013363736423883106,0.5158552029222848,0.013067281703459981,0.5133386732452965,0.020019818695459584,0.9985787080587781,0.0018541150816568945,0.9951626702477276,0.006873629783350774,0.9246007792750133,0.023477697547606,0.6768939629181551,0.012335811284658195,426.6666666666667,31.182259913824932,9.0,2.6457513110645907,0.0,0.0,0.0,0.0,426.6666666666667,31.182259913824932,170.33333333333334,9.71253485622231,0.6306568803653918,0.016606407678968996,0.5637274114102877,0.004423089626502602
diagnosis_fd001,random,cmapss:FD001,diagnosis,conditional_max | random1:1 | circuit,,,,,,,,,,,,,,,,,,,,,,,,,,,,,,,3,"[11, 12, 13]",random,,,,,,,,,,,,,,,,,,,,,,,,,,,,,,,,,,,,,,,,,,,,,,,,,,,,,0.10000000000000002,1.6996749443881478e-17,10.0,0.0,28.62335268656413,2.718225072661265,447.49814860026044,49.16159411709426,0.060962940194781344,0.05918305833366251,0.6611502377362631,0.019652552248002605,0.8303118251626067,0.01077391082510245,0.8817397268902957,0.008008876940647192,0.5202071440408852,0.017089685858250363,0.7184569145442028,0.037949232292757484,1.0,0.0,1.0,0.0,0.9265119247588792,0.023459766278736048,0.7379698644594731,0.005684225535805313,426.6666666666667,31.182259913824932,9.0,2.6457513110645907,0.0,0.0,0.0,0.0,426.6666666666667,31.182259913824932,140.0,19.0,0.7059178891670147,0.009658984497098597,0.6356346835359994,0.012825424753074494
diagnosis_fd001,random,cmapss:FD001,diagnosis,relational_max | random1:1 | circuit,,,,,,,,,,,,,,,,,,,,,,,,,,,,,,,3,"[11, 12, 13]",random,,,,,,,,,,,,,,,,,,,,,,,,,,,,,,,,,,,,,,,,,,,,,,,,,,,,,0.10000000000000002,1.6996749443881478e-17,10.0,0.0,7.52806282043457,2.480550274572688,121.77211507161458,11.346111676151226,0.08391184988010932,0.07364162322963752,0.5074144313464405,0.03531510928525721,0.7466917644082902,0.012190905733316038,0.8088273404854024,0.01407562631652135,0.5098408617505426,0.006845251828781627,0.7489436759872152,0.0193765778635738,0.9830368751893666,0.014675264374476225,0.9532906716839741,0.009433527630955158,0.5519080951849781,0.0493284251193995,0.5695386373148392,0.01404232110616476,426.6666666666667,31.182259913824932,9.0,2.6457513110645907,0.0,0.0,0.0,0.0,426.6666666666667,31.182259913824932,206.0,24.576411454889016,0.5539050792451492,0.03603169207652301,0.45261477492100094,0.012177005048309094
diagnosis_fd001,random,cmapss:FD001,diagnosis,query random3:5-8-14 | circuit,,,,,,,,,,,,,,,,,,,,,,,,,,,,,,,3,"[11, 12, 13]",random,,,,,,,,,,,0.0,0.0,0.3556252309996732,0.025555094200190826,0.10940986533266066,0.0002502578580945101,871.3333333333334,59.87765303795175,12.0,0.0,12.0,0.0,12.0,0.0,50.0,0.0,1196050.0,0.0,0.0,0.0,1.0,0.0,0.0,0.0,521079116.6666667,35808333.4580211,0.0,0.0,13070.0,898.1647955692764,0.0,0.0,10.130260229110718,7.041830227655621,13.702539126078287,3.068639667146952,11.0252316792806,1.8153181188277148,-9.35951042175293,10.597655819079002,26.139914830525715,8.145871696276066,,,,,,,,,,,,,,,,,,,,,,,,,,,,,,,,,,,,,,,,,,,,
diagnosis_fd001,random,cmapss:FD001,diagnosis,joint | random3:5-8-14 | circuit,,,,,,,,,,,,,,,,,,,,,,,,,,,,,,,3,"[11, 12, 13]",random,,,,,,,,,,,,,,,,,,,,,,,,,,,,,,,,,,,,,,,,,,,,,,,,,,,,,0.10000000000000002,1.6996749443881478e-17,10.0,0.0,43.53711954752604,12.059232905459465,951.5488077799479,152.00970290745974,0.08524224962773348,0.060203448844009404,0.5570401399892199,0.05029687873343813,0.7894836071556957,0.010064880670377791,0.8393562047121992,0.006836177498659783,0.5155531664296312,0.012300222295567074,0.6189334097782888,0.03364144670190104,0.9868300179920948,0.0099646123371944,0.9855315555862454,0.011158426650636755,0.8515907349909498,0.025400682804619084,0.7417542309982593,0.00903228880479916,403.3333333333333,29.19474838619667,32.333333333333336,2.0816659994661326,0.0,0.0,0.0,0.0,403.3333333333333,29.19474838619667,161.33333333333334,9.073771725877465,0.6918240499582358,0.015643074503129205,0.5249043770119299,0.03460357937579481
diagnosis_fd001,random,cmapss:FD001,diagnosis,independent | random3:5-8-14 | circuit,,,,,,,,,,,,,,,,,,,,,,,,,,,,,,,3,"[11, 12, 13]",random,,,,,,,,,,,,,,,,,,,,,,,,,,,,,,,,,,,,,,,,,,,,,,,,,,,,,0.10000000000000002,1.6996749443881478e-17,10.0,0.0,61.47088877360026,8.596969154961608,883.8599039713541,148.25963060158742,0.07321288785271164,0.04304865500874095,0.47102002848542507,0.013690323203935347,0.757392805258728,0.011609927741480335,0.8110669530698957,0.013193650857810114,0.5069823341434879,0.016604820483755355,0.5067367370560767,0.01814787773660319,0.9765483078086327,0.011029208856182103,0.9661559272655577,0.009807480481110775,0.8398264355017288,0.04904333570429646,0.6897548955296844,0.00979692133244996,403.3333333333333,29.19474838619667,32.333333333333336,2.0816659994661326,0.0,0.0,0.0,0.0,403.3333333333333,29.19474838619667,200.0,14.730919862656235,0.6332182632531779,0.0036843501784069982,0.4386689037080054,0.005948388743577432
diagnosis_fd001,random,cmapss:FD001,diagnosis,marginal_max | random3:5-8-14 | circuit,,,,,,,,,,,,,,,,,,,,,,,,,,,,,,,3,"[11, 12, 13]",random,,,,,,,,,,,,,,,,,,,,,,,,,,,,,,,,,,,,,,,,,,,,,,,,,,,,,0.10000000000000002,1.6996749443881478e-17,10.0,0.0,30.188927968343098,3.0747678940999528,441.801513671875,53.2608855897851,0.05917156576290034,0.0337952726995973,0.5519464162994622,0.020485186468993465,0.7727296729887391,0.004110676479126878,0.8363346913567055,0.003342942351388019,0.5016692758857872,0.016801770403652508,0.508658793941699,0.0413730320602544,0.9905220648210898,0.006994528006217662,0.9854600396343726,0.0008604557404307516,0.8873189996968391,0.046992806911133986,0.6897548955296844,0.00979692133244996,403.3333333333333,29.19474838619667,32.333333333333336,2.0816659994661326,0.0,0.0,0.0,0.0,403.3333333333333,29.19474838619667,163.0,9.16515138991168,0.6332182632531779,0.0036843501784069982,0.5338371940924939,0.010839257563224795
diagnosis_fd001,random,cmapss:FD001,diagnosis,conditional_max | random3:5-8-14 | circuit,,,,,,,,,,,,,,,,,,,,,,,,,,,,,,,3,"[11, 12, 13]",random,,,,,,,,,,,,,,,,,,,,,,,,,,,,,,,,,,,,,,,,,,,,,,,,,,,,,0.10000000000000002,1.6996749443881478e-17,10.0,0.0,27.68463706970215,3.46020738532139,448.7334493001302,49.854227786393494,0.11213060368933635,0.08873460486719284,0.6437131403500459,0.047604656860871085,0.8072116593162552,0.007603080957005295,0.8640354248137289,0.004840276640687303,0.5068820011095468,0.005646801571143958,0.6616489329471433,0.02448549818267636,0.9931578906293613,0.007532490473254284,0.9924580223683361,0.002996245923958057,0.895231082300862,0.028827908424249205,0.7417542309982593,0.00903228880479916,403.3333333333333,29.19474838619667,32.333333333333336,2.0816659994661326,0.0,0.0,0.0,0.0,403.3333333333333,29.19474838619667,124.33333333333333,12.741009902410928,0.6918240499582358,0.015643074503129205,0.5998792386446057,0.017402824932452148
diagnosis_fd001,random,cmapss:FD001,diagnosis,relational_max | random3:5-8-14 | circuit,,,,,,,,,,,,,,,,,,,,,,,,,,,,,,,3,"[11, 12, 13]",random,,,,,,,,,,,,,,,,,,,,,,,,,,,,,,,,,,,,,,,,,,,,,,,,,,,,,0.10000000000000002,1.6996749443881478e-17,10.0,0.0,6.1233439445495605,2.573206918689205,112.21056874593098,17.613369594173403,0.13003952889302495,0.12326483949627254,0.48982700996584905,0.07551610675609216,0.7182155416363778,0.0166957306807124,0.7819303427706856,0.021831632055150797,0.5106913343076542,0.009351810066628078,0.7041481311825404,0.02396331473094469,0.9457873967552617,0.02360738218119514,0.9019705533907382,0.011556131298692882,0.540256192275454,0.031159468816298577,0.5603952066124424,0.027994749620812307,403.3333333333333,29.19474838619667,32.333333333333336,2.0816659994661326,0.0,0.0,0.0,0.0,403.3333333333333,29.19474838619667,194.0,31.240998703626616,0.5224793575969588,0.06169944637751959,0.39638116851797633,0.018768887219926388
diagnosis_fd001,random,cmapss:FD001,diagnosis,query random7:3-4-8-10-11-12-14 | circuit,,,,,,,,,,,,,,,,,,,,,,,,,,,,,,,3,"[11, 12, 13]",random,,,,,,,,,,,0.0,0.0,0.2719029793321776,0.017359533204283583,0.10430680566787487,0.0006797355399880307,871.3333333333334,59.87765303795175,8.0,0.0,8.0,0.0,8.0,0.0,34.0,0.0,813314.0,0.0,0.0,0.0,1.0,0.0,0.0,0.0,354333799.3333333,24349666.75145435,0.0,0.0,13070.0,898.1647955692764,0.0,0.0,7.002896070480347,3.422938518759877,9.08309237162272,1.729979938667378,7.290921847025554,0.6983760760159823,-5.751578648885091,5.399024041433296,17.439531326293945,3.978049378762797,,,,,,,,,,,,,,,,,,,,,,,,,,,,,,,,,,,,,,,,,,,,
diagnosis_fd001,random,cmapss:FD001,diagnosis,joint | random7:3-4-8-10-11-12-14 | circuit,,,,,,,,,,,,,,,,,,,,,,,,,,,,,,,3,"[11, 12, 13]",random,,,,,,,,,,,,,,,,,,,,,,,,,,,,,,,,,,,,,,,,,,,,,,,,,,,,,0.10000000000000002,1.6996749443881478e-17,10.0,0.0,127.66766357421875,6.129801906124426,610.7784525553385,135.68904597401115,0.0739142918350826,0.021318113228071426,0.5130139191433476,0.04082050982716487,0.7579454950129086,0.011394857287516331,0.8157867924360417,0.010378362497708581,0.5205297413369919,0.0060357232152811685,0.5867874334707063,0.04565348975231348,0.9507367740135546,0.009368026349200092,0.9318315052798564,0.017116020127261915,0.8094134315137921,0.02739497175755817,0.8170717623640996,0.005204408219941706,331.0,20.29778313018444,104.66666666666667,11.239810200058244,0.0,0.0,0.0,0.0,331.0,20.29778313018444,116.0,12.12435565298214,0.7543705371512713,0.003864596097148703,0.4823604592819195,0.027847337534941362
diagnosis_fd001,random,cmapss:FD001,diagnosis,independent | random7:3-4-8-10-11-12-14 | circuit,,,,,,,,,,,,,,,,,,,,,,,,,,,,,,,3,"[11, 12, 13]",random,,,,,,,,,,,,,,,,,,,,,,,,,,,,,,,,,,,,,,,,,,,,,,,,,,,,,0.10000000000000002,1.6996749443881478e-17,10.0,0.0,139.77015177408853,14.883032008195059,540.8795369466146,104.80503913296353,0.06972704774933149,0.04060375562083013,0.4382227103432384,0.0676773743622301,0.7255590538374062,0.008992014679131388,0.7845119380809388,0.013506642337108103,0.5070922611473813,0.01879478490895018,0.483647546666502,0.016990724560481694,0.9311434671517396,0.008345246492153043,0.9059973913318226,0.022683410028851426,0.8077033516368215,0.049834860773646586,0.7682453467844574,0.024228085629810596,331.0,20.29778313018444,104.66666666666667,11.239810200058244,0.0,0.0,0.0,0.0,331.0,20.29778313018444,149.66666666666666,28.58904218985542,0.6925452027922687,0.02278583559957627,0.40432902326255715,0.05089417795417224
diagnosis_fd001,random,cmapss:FD001,diagnosis,marginal_max | random7:3-4-8-10-11-12-14 | circuit,,,,,,,,,,,,,,,,,,,,,,,,,,,,,,,3,"[11, 12, 13]",random,,,,,,,,,,,,,,,,,,,,,,,,,,,,,,,,,,,,,,,,,,,,,,,,,,,,,0.10000000000000002,1.6996749443881478e-17,10.0,0.0,30.921666463216145,3.0869672593994193,373.7583312988281,21.998722131652674,0.026330065649306917,0.008798522217524208,0.47693709191915384,0.01760606490496378,0.7417549094220045,0.005183483492877087,0.8105519448496774,0.003246845777507427,0.5079925671788608,0.011016593341362109,0.4938781240730954,0.04042352123943994,0.9456860924037157,0.001824329198815545,0.9208181902495163,0.014325064116528115,0.8486110384619132,0.03337349627412928,0.7682453467844574,0.024228085629810596,331.0,20.29778313018444,104.66666666666667,11.239810200058244,0.0,0.0,0.0,0.0,331.0,20.29778313018444,125.66666666666667,14.571661996262929,0.6925452027922687,0.02278583559957627,0.4661347011520925,0.017166638984743996
diagnosis_fd001,random,cmapss:FD001,diagnosis,conditional_max | random7:3-4-8-10-11-12-14 | circuit,,,,,,,,,,,,,,,,,,,,,,,,,,,,,,,3,"[11, 12, 13]",random,,,,,,,,,,,,,,,,,,,,,,,,,,,,,,,,,,,,,,,,,,,,,,,,,,,,,0.10000000000000002,1.6996749443881478e-17,10.0,0.0,28.447649637858074,3.2876942333566608,388.0845947265625,34.20819809033421,0.0736638598358342,0.06425611346033092,0.5590119680091749,0.0271081765245373,0.7717353707438109,0.011941882588874212,0.8360261805990225,0.008708645676012799,0.5236192480433265,0.007533621635988238,0.6082652191626103,0.0647413055063553,0.9497420940326554,0.0036194341882441624,0.9352355937774052,0.009635207166106363,0.852312118160183,0.0322104408119162,0.8170717623640996,0.005204408219941706,331.0,20.29778313018444,104.66666666666667,11.239810200058244,0.0,0.0,0.0,0.0,331.0,20.29778313018444,91.66666666666667,9.814954576223638,0.7543705371512713,0.003864596097148703,0.5321774746459874,0.00765491137203591
diagnosis_fd001,random,cmapss:FD001,diagnosis,relational_max | random7:3-4-8-10-11-12-14 | circuit,,,,,,,,,,,,,,,,,,,,,,,,,,,,,,,3,"[11, 12, 13]",random,,,,,,,,,,,,,,,,,,,,,,,,,,,,,,,,,,,,,,,,,,,,,,,,,,,,,0.10000000000000002,1.6996749443881478e-17,10.0,0.0,6.728440920511882,4.552426115058556,103.2157974243164,15.079975920453077,0.14122064541315407,0.13681669343722408,0.41190564415572956,0.10339884495083371,0.6611265674740995,0.020588426515394512,0.726211939520772,0.024692597075305814,0.5221603113363938,0.014028636293809486,0.6521436989675221,0.018482838787498623,0.8273030627719727,0.044981017239837676,0.7867219812389301,0.03562642671240952,0.5235107360088187,0.01484659172336893,0.590368272363619,0.030307166916271177,331.0,20.29778313018444,104.66666666666667,11.239810200058244,0.0,0.0,0.0,0.0,331.0,20.29778313018444,169.0,38.691084244306204,0.49816880678220105,0.04872280766376579,0.29586382233582914,0.0310212651320608
diagnosis_fd001,random,cmapss:FD001,diagnosis,query bank0:0-1-2-4-5-7-8 | circuit,,,,,,,,,,,,,,,,,,,,,,,,,,,,,,,3,"[11, 12, 13]",random,,,,,,,,,,,0.0,0.0,0.2713038333325433,0.01758593183203,0.10381470399928124,0.00033363500559839337,871.3333333333334,59.87765303795175,8.0,0.0,8.0,0.0,8.0,0.0,34.0,0.0,813314.0,0.0,0.0,0.0,1.0,0.0,0.0,0.0,354333799.3333333,24349666.75145435,0.0,0.0,13070.0,898.1647955692764,0.0,0.0,4.904439826806386,4.442960808392086,7.921174685160319,2.1293960529859812,7.652275721232097,1.192778015601377,-8.251986821492514,6.825426247801767,15.144686381022135,4.619929214502787,,,,,,,,,,,,,,,,,,,,,,,,,,,,,,,,,,,,,,,,,,,,
diagnosis_fd001,random,cmapss:FD001,diagnosis,joint | bank0:0-1-2-4-5-7-8 | circuit,,,,,,,,,,,,,,,,,,,,,,,,,,,,,,,3,"[11, 12, 13]",random,,,,,,,,,,,,,,,,,,,,,,,,,,,,,,,,,,,,,,,,,,,,,,,,,,,,,0.10000000000000002,1.6996749443881478e-17,10.0,0.0,-24.67102114359538,2.633337318380129,912.641845703125,148.55429704937316,0.07078846797900486,0.041911357898495434,0.4819915742429231,0.03669210573296714,0.743267052810194,0.019047832980021256,0.8055390152703202,0.014831137757757797,0.5276205076598713,0.007993190242363819,0.5742350361161788,0.04435384566940014,0.9611737998381665,0.02117401065501227,0.9374689863325133,0.02685455880893161,0.7245085732103006,0.01868220708951653,0.7677195906088531,0.004599303295300856,329.3333333333333,35.64173583501978,106.33333333333333,7.571877794400366,0.0,0.0,0.0,0.0,329.3333333333333,35.64173583501978,123.66666666666667,7.637626158259734,0.7087321207590341,0.010841828191296888,0.4429081456409483,0.01906791466812217
diagnosis_fd001,random,cmapss:FD001,diagnosis,independent | bank0:0-1-2-4-5-7-8 | circuit,,,,,,,,,,,,,,,,,,,,,,,,,,,,,,,3,"[11, 12, 13]",random,,,,,,,,,,,,,,,,,,,,,,,,,,,,,,,,,,,,,,,,,,,,,,,,,,,,,0.10000000000000002,1.6996749443881478e-17,10.0,0.0,-10.36044438680013,6.108052353779833,860.8052978515625,159.39805386155004,0.04915631063125144,0.04923430891327448,0.4137138247453867,0.021337831779534376,0.7245581321443115,0.015261288979191214,0.7870627570383975,0.014433060754932902,0.5185768218415729,0.007477572951607527,0.5195539759175958,0.02542159397717012,0.9467140181471961,0.02879952232753082,0.9161210774941472,0.019668136072703474,0.7294932770444289,0.024274960918690854,0.7455044712570412,0.0034287470438736085,329.3333333333333,35.64173583501978,106.33333333333333,7.571877794400366,0.0,0.0,0.0,0.0,329.3333333333333,35.64173583501978,152.0,17.52141546793523,0.6789785718128863,0.005139243743591492,0.3868786024404161,0.005847798043334095
diagnosis_fd001,random,cmapss:FD001,diagnosis,marginal_max | bank0:0-1-2-4-5-7-8 | circuit,,,,,,,,,,,,,,,,,,,,,,,,,,,,,,,3,"[11, 12, 13]",random,,,,,,,,,,,,,,,,,,,,,,,,,,,,,,,,,,,,,,,,,,,,,,,,,,,,,0.10000000000000002,1.6996749443881478e-17,10.0,0.0,29.243964513142902,1.4706858194112966,444.3346761067708,53.6094292547255,0.049777773998079644,0.01585825471894676,0.4737601611447302,0.03270990671025378,0.7303468909321215,0.013224235879702654,0.8001184065996098,0.011138639944391125,0.51207840159814,0.014582016892279746,0.5198466798487761,0.04155844381356572,0.9594052824233076,0.018153697368104085,0.9454426593144513,0.029737694520013274,0.7226333132891841,0.014600377610921835,0.7455044712570412,0.0034287470438736085,329.3333333333333,35.64173583501978,106.33333333333333,7.571877794400366,0.0,0.0,0.0,0.0,329.3333333333333,35.64173583501978,125.0,7.211102550927978,0.6789785718128863,0.005139243743591492,0.45251802814768194,0.02837744289524563
diagnosis_fd001,random,cmapss:FD001,diagnosis,conditional_max | bank0:0-1-2-4-5-7-8 | circuit,,,,,,,,,,,,,,,,,,,,,,,,,,,,,,,3,"[11, 12, 13]",random,,,,,,,,,,,,,,,,,,,,,,,,,,,,,,,,,,,,,,,,,,,,,,,,,,,,,0.10000000000000002,1.6996749443881478e-17,10.0,0.0,28.52526601155599,2.1363916593682264,448.5536804199219,51.59931843127204,0.043866056137426584,0.04363879453867758,0.5040655918015108,0.020843613470746154,0.7464655602573497,0.01995977456400993,0.8162375796672277,0.01649954329813612,0.5099229293722857,0.011921956807907811,0.5897585926902051,0.05810439307374761,0.9697675862006842,0.013155854075664813,0.954388267009457,0.02555477938820202,0.7182476148992362,0.015456704566653852,0.7677195906088531,0.004599303295300856,329.3333333333333,35.64173583501978,106.33333333333333,7.571877794400366,0.0,0.0,0.0,0.0,329.3333333333333,35.64173583501978,113.33333333333333,8.504900548115383,0.7087321207590341,0.010841828191296888,0.4845891987836391,0.028695988724247445
diagnosis_fd001,random,cmapss:FD001,diagnosis,relational_max | bank0:0-1-2-4-5-7-8 | circuit,,,,,,,,,,,,,,,,,,,,,,,,,,,,,,,3,"[11, 12, 13]",random,,,,,,,,,,,,,,,,,,,,,,,,,,,,,,,,,,,,,,,,,,,,,,,,,,,,,0.10000000000000002,1.6996749443881478e-17,10.0,0.0,5.727768739064534,2.7747844132895847,101.4249776204427,13.021426121951192,0.1312528929877015,0.1727039754223027,0.41212663500629515,0.12107136854021923,0.6804248275215002,0.01979535590235514,0.7435891970763965,0.02587930592323405,0.5025703698877776,0.0035865350426317454,0.611496886823919,0.03665974139254964,0.9185189205549094,0.00788177349335277,0.8446268867649368,0.03148034253580415,0.5362025854692615,0.03256559754715232,0.6256653842717833,0.020559754281690476,329.3333333333333,35.64173583501978,106.33333333333333,7.571877794400366,0.0,0.0,0.0,0.0,329.3333333333333,35.64173583501978,165.33333333333334,46.45786621588785,0.5432790478375004,0.04326268309382602,0.31257226141634203,0.028140836813088935
diagnosis_fd001,random,cmapss:FD001,diagnosis,query bank1:3 | circuit,,,,,,,,,,,,,,,,,,,,,,,,,,,,,,,3,"[11, 12, 13]",random,,,,,,,,,,,0.0,0.0,0.3973733066668501,0.029523905673222533,0.11221451266707543,0.00045127110760213494,871.3333333333334,59.87765303795175,14.0,0.0,14.0,0.0,14.0,0.0,58.0,0.0,1387418.0,0.0,0.0,0.0,1.0,0.0,0.0,0.0,604451775.3333334,41537666.81130447,0.0,0.0,13070.0,898.1647955692764,0.0,0.0,15.677245140075684,9.60551714408268,18.942143122355144,6.023525588030011,13.920484860738119,2.247847399063464,-7.866093059380849,11.912008554168645,37.165236155192055,13.462511009923958,,,,,,,,,,,,,,,,,,,,,,,,,,,,,,,,,,,,,,,,,,,,
diagnosis_fd001,random,cmapss:FD001,diagnosis,joint | bank1:3 | circuit,,,,,,,,,,,,,,,,,,,,,,,,,,,,,,,3,"[11, 12, 13]",random,,,,,,,,,,,,,,,,,,,,,,,,,,,,,,,,,,,,,,,,,,,,,,,,,,,,,0.10000000000000002,1.6996749443881478e-17,10.0,0.0,164.6111857096354,13.551269552935869,806.7735188802084,103.21734225945522,0.059887751064761206,0.011754008533392762,0.5651920579362929,0.028840151796650237,0.8109180413507283,0.009558155178478545,0.8555202707769722,0.008230986365430789,0.5254527879860257,0.007633843489118114,0.6588994262461189,0.023508680566790587,0.9960791583269765,0.002550866926155525,0.9963228392513465,0.0011213079561919598,0.890861800062338,0.026904253321266683,0.7571859278427615,0.010007417613570557,425.0,28.160255680657446,10.666666666666666,2.5166114784235836,0.0,0.0,0.0,0.0,425.0,28.160255680657446,179.33333333333334,24.090108620206205,0.7146323161476076,0.02091491293909342,0.5481112510949312,0.023239640723183227
diagnosis_fd001,random,cmapss:FD001,diagnosis,independent | bank1:3 | circuit,,,,,,,,,,,,,,,,,,,,,,,,,,,,,,,3,"[11, 12, 13]",random,,,,,,,,,,,,,,,,,,,,,,,,,,,,,,,,,,,,,,,,,,,,,,,,,,,,,0.10000000000000002,1.6996749443881478e-17,10.0,0.0,191.20584106445312,34.29177986271367,723.4200439453125,94.87100647951256,0.06644960400237636,0.04311935781723418,0.4726522506280036,0.07271489082351,0.7654270634585584,0.010951791215098193,0.8144932121231898,0.016860203030984542,0.5139674852633106,0.014237687688936039,0.5020677608370911,0.012319402680922706,0.9785678296101578,0.010276662261317668,0.9714800854762418,0.009458237228662968,0.8707715838199581,0.05634047230949984,0.6898475438208945,0.009022303219534228,425.0,28.160255680657446,10.666666666666666,2.5166114784235836,0.0,0.0,0.0,0.0,425.0,28.160255680657446,220.33333333333334,44.792112400882964,0.6381317935491263,0.011342207818723525,0.44478164751372135,0.05813520985618792
diagnosis_fd001,random,cmapss:FD001,diagnosis,marginal_max | bank1:3 | circuit,,,,,,,,,,,,,,,,,,,,,,,,,,,,,,,3,"[11, 12, 13]",random,,,,,,,,,,,,,,,,,,,,,,,,,,,,,,,,,,,,,,,,,,,,,,,,,,,,,0.10000000000000002,1.6996749443881478e-17,10.0,0.0,30.96903419494629,3.0088556053666786,441.2591959635417,53.79499254557154,0.05803510502633707,0.02909929453787994,0.5861452465098876,0.025962726937358876,0.7919205245239933,0.0028991204869810118,0.8516748727545909,0.0015251449035824402,0.5082490239225378,0.018458508688790193,0.513372599263333,0.032679479403217554,0.9950956809919185,0.004056332913321013,0.9954479920430274,0.005325409833538599,0.9565001156957601,0.02752577687686997,0.6898475438208945,0.009022303219534228,425.0,28.160255680657446,10.666666666666666,2.5166114784235836,0.0,0.0,0.0,0.0,425.0,28.160255680657446,169.33333333333334,11.239810200058244,0.6381317935491263,0.011342207818723525,0.5682240102894182,0.016010721898821266
diagnosis_fd001,random,cmapss:FD001,diagnosis,conditional_max | bank1:3 | circuit,,,,,,,,,,,,,,,,,,,,,,,,,,,,,,,3,"[11, 12, 13]",random,,,,,,,,,,,,,,,,,,,,,,,,,,,,,,,,,,,,,,,,,,,,,,,,,,,,,0.10000000000000002,1.6996749443881478e-17,10.0,0.0,29.549293518066406,3.1032914389480495,443.7498372395833,51.72788977430127,0.060948158875291425,0.0809176587630332,0.6633844847981216,0.030687351215008807,0.8353083887529692,0.009655966857465585,0.8852615005600866,0.006601547869068401,0.5159576503402491,0.00865245519701708,0.7161028400161941,0.03935174966429433,1.0,0.0,1.0,0.0,0.9592916580717281,0.016806349021730886,0.7571859278427615,0.010007417613570557,425.0,28.160255680657446,10.666666666666666,2.5166114784235836,0.0,0.0,0.0,0.0,425.0,28.160255680657446,136.66666666666666,19.553345834749955,0.7146323161476076,0.02091491293909342,0.6426082670907488,0.001895128700741504
diagnosis_fd001,random,cmapss:FD001,diagnosis,relational_max | bank1:3 | circuit,,,,,,,,,,,,,,,,,,,,,,,,,,,,,,,3,"[11, 12, 13]",random,,,,,,,,,,,,,,,,,,,,,,,,,,,,,,,,,,,,,,,,,,,,,,,,,,,,,0.10000000000000002,1.6996749443881478e-17,10.0,0.0,7.372451464335124,2.7124656804220493,126.71606190999348,5.855027560098921,0.09412290687404251,0.07770540593315933,0.5119924287246799,0.030570351008146122,0.7435199041885995,0.011813554484131347,0.8067181492382351,0.014211610778295055,0.5163894535202351,0.0111002979812792,0.7461973414523563,0.01870820912096133,0.9751450679979049,0.014801959701453385,0.9539749155356839,0.025589811339664526,0.5404285406233532,0.03246463330064129,0.5656629124635896,0.019447151367375234,425.0,28.160255680657446,10.666666666666666,2.5166114784235836,0.0,0.0,0.0,0.0,425.0,28.160255680657446,202.66666666666666,18.929694486000912,0.5548752652197323,0.03856224630100555,0.4520535707415727,0.015371654437915518
diagnosis_fd001,random,cmapss:FD001,diagnosis,query bank2:6-10 | circuit,,,,,,,,,,,,,,,,,,,,,,,,,,,,,,,3,"[11, 12, 13]",random,,,,,,,,,,,0.0,0.0,0.3763228140002563,0.027493844609367817,0.11023354133309719,0.00020265554860389884,871.3333333333334,59.87765303795175,13.0,0.0,13.0,0.0,13.0,0.0,54.0,0.0,1291734.0,0.0,0.0,0.0,1.0,0.0,0.0,0.0,562765446.0,38673000.134662785,0.0,0.0,13070.0,898.1647955692764,0.0,0.0,15.310378392537435,5.514220134211384,15.873478889465332,5.292171229926719,10.146261850992838,2.7017813548315255,-1.4076365232467651,1.5174635658541993,31.71752166748047,10.089963651152303,,,,,,,,,,,,,,,,,,,,,,,,,,,,,,,,,,,,,,,,,,,,
diagnosis_fd001,random,cmapss:FD001,diagnosis,joint | bank2:6-10 | circuit,,,,,,,,,,,,,,,,,,,,,,,,,,,,,,,3,"[11, 12, 13]",random,,,,,,,,,,,,,,,,,,,,,,,,,,,,,,,,,,,,,,,,,,,,,,,,,,,,,0.10000000000000002,1.6996749443881478e-17,10.0,0.0,63.79633076985677,22.06126063758446,938.0133870442709,65.91845875797638,0.09531067701278038,0.049381340774871656,0.5874077331813895,0.0821991199396123,0.8087363311248253,0.007691278946705572,0.8549521527561939,0.008409848494466809,0.5109207354157618,0.022926215412060018,0.6636431254791937,0.024661494433098164,0.9977643586680878,0.0011610293961262597,0.9928330289090823,0.003199361136932391,0.8918691498828446,0.022169115248335907,0.7425244812751112,0.007271106421968205,422.6666666666667,26.6520793435209,13.0,3.605551275463989,0.0,0.0,0.0,0.0,422.6666666666667,26.6520793435209,168.33333333333334,45.70922591045853,0.6975196616402649,0.017446520819047337,0.552214221411207,0.06391111208201235
diagnosis_fd001,random,cmapss:FD001,diagnosis,independent | bank2:6-10 | circuit,,,,,,,,,,,,,,,,,,,,,,,,,,,,,,,3,"[11, 12, 13]",random,,,,,,,,,,,,,,,,,,,,,,,,,,,,,,,,,,,,,,,,,,,,,,,,,,,,,0.10000000000000002,1.6996749443881478e-17,10.0,0.0,88.34978866577148,38.79774438049721,905.2243448893229,49.23043191598365,0.10885797905750257,0.04619516367672322,0.5145919566133851,0.09316749388335369,0.7669412858691006,0.009937208297917879,0.8166419295886613,0.01778231634347372,0.5093160773530383,0.009375896328549191,0.5114707182503944,0.004452207499064656,0.9813556165460331,0.006258392151428699,0.9744631127475131,0.01826797934283634,0.8671850118440291,0.0517130193680046,0.6781259547094868,0.012500015740321835,422.6666666666667,26.6520793435209,13.0,3.605551275463989,0.0,0.0,0.0,0.0,422.6666666666667,26.6520793435209,200.66666666666666,52.93706955747866,0.6243872021442162,0.00746378591402553,0.46704292211702514,0.07678494422833308
diagnosis_fd001,random,cmapss:FD001,diagnosis,marginal_max | bank2:6-10 | circuit,,,,,,,,,,,,,,,,,,,,,,,,,,,,,,,3,"[11, 12, 13]",random,,,,,,,,,,,,,,,,,,,,,,,,,,,,,,,,,,,,,,,,,,,,,,,,,,,,,0.10000000000000002,1.6996749443881478e-17,10.0,0.0,30.96903419494629,3.0088556053666786,362.13353474934894,44.74020253402281,0.04489317560653019,0.016342596086067872,0.5719314486948499,0.015273220036450534,0.7864353458290628,0.0021515950697639707,0.8478572000501553,0.0008625465301233806,0.5066628690252165,0.016170014216713238,0.5114840401563591,0.021644993843222406,0.9961086289948532,0.0019667890060452225,0.9951935974872878,0.005605692595550172,0.9311878369284038,0.015364797169979374,0.6781259547094868,0.012500015740321835,422.6666666666667,26.6520793435209,13.0,3.605551275463989,0.0,0.0,0.0,0.0,422.6666666666667,26.6520793435209,173.66666666666666,9.291573243177568,0.6243872021442162,0.00746378591402553,0.5561378720488489,0.007630547724749144
diagnosis_fd001,random,cmapss:FD001,diagnosis,conditional_max | bank2:6-10 | circuit,,,,,,,,,,,,,,,,,,,,,,,,,,,,,,,3,"[11, 12, 13]",random,,,,,,,,,,,,,,,,,,,,,,,,,,,,,,,,,,,,,,,,,,,,,,,,,,,,,0.10000000000000002,1.6996749443881478e-17,10.0,0.0,29.72566795349121,3.2158606538211707,367.90907796223956,47.43137936837584,0.04446998440469552,0.0616799057048487,0.6379923242430242,0.0195767472119849,0.826165981171567,0.012103687584045529,0.8783547517980729,0.008444180707011962,0.5206876298846344,0.01293245969710574,0.6885935713128079,0.040795502290943045,1.0,0.0,0.9986290853257294,0.002374493868678551,0.9362573273373022,0.00795833313229604,0.7425244812751112,0.007271106421968205,422.6666666666667,26.6520793435209,13.0,3.605551275463989,0.0,0.0,0.0,0.0,422.6666666666667,26.6520793435209,145.0,15.524174696260024,0.6975196616402649,0.017446520819047337,0.6236418093468964,0.0037470847729967646
diagnosis_fd001,random,cmapss:FD001,diagnosis,relational_max | bank2:6-10 | circuit,,,,,,,,,,,,,,,,,,,,,,,,,,,,,,,3,"[11, 12, 13]",random,,,,,,,,,,,,,,,,,,,,,,,,,,,,,,,,,,,,,,,,,,,,,,,,,,,,,0.10000000000000002,1.6996749443881478e-17,10.0,0.0,4.030697504679362,1.632481585780393,111.82843526204427,3.3495742418078525,0.16284207111799018,0.19866613505469488,0.5368581313253417,0.13189810559374593,0.7407374866531901,0.007757176467616281,0.804883016677191,0.0075525284248082435,0.5130285156955587,0.012803276795105513,0.7443834375388514,0.044020911835278155,0.9646702564766952,0.023528034057209796,0.9434397935515029,0.010843804799323191,0.5519412800071722,0.025259737131857543,0.5675363981753492,0.012709980520663047,422.6666666666667,26.6520793435209,13.0,3.605551275463989,0.0,0.0,0.0,0.0,422.6666666666667,26.6520793435209,192.0,62.21736092120912,0.5466048427913477,0.00805406326690041,0.4517082953169946,0.02929691334449759
diagnosis_fd001,random,cmapss:FD001,diagnosis,query single_sensor_0 | circuit,,,,,,,,,,,,,,,,,,,,,,,,,,,,,,,3,"[11, 12, 13]",random,,,,,,,,,,,0.0,0.0,0.12468618933295754,0.00314877917135153,0.09448790333408397,0.00027777335647329374,871.3333333333334,59.87765303795175,1.0,0.0,1.0,0.0,1.0,0.0,6.0,0.0,143526.0,0.0,0.0,0.0,1.0,0.0,0.0,0.0,62529494.0,4297000.014962532,0.0,0.0,13070.0,898.1647955692764,0.0,0.0,0.0,0.0,0.0,0.0,0.0,0.0,0.0,0.0,0.0,0.0,,,,,,,,,,,,,,,,,,,,,,,,,,,,,,,,,,,,,,,,,,,,
diagnosis_fd001,random,cmapss:FD001,diagnosis,joint | single_sensor_0 | circuit,,,,,,,,,,,,,,,,,,,,,,,,,,,,,,,3,"[11, 12, 13]",random,,,,,,,,,,,,,,,,,,,,,,,,,,,,,,,,,,,,,,,,,,,,,,,,,,,,,0.10000000000000002,1.6996749443881478e-17,10.0,0.0,24.92696762084961,0.6064220307973927,68.06969960530598,2.262207857716987,0.07740636844038451,0.019288514826719994,0.18335388544193917,0.022628554632960433,0.5618547277988895,0.005687532203491982,0.6138453385602857,0.00926583696914989,0.5250838872511094,0.027001227926354898,0.46605000884332126,0.023664337183345235,0.6419503370898464,0.012279656203213054,0.6015659220316416,0.02235005531092723,0.5740809581605265,0.011985987442099062,,,0.0,0.0,361.0,25.11971337416094,74.66666666666667,6.110100926607787,74.66666666666667,6.110100926607787,0.0,0.0,0.0,0.0,,,0.0,0.0
diagnosis_fd001,random,cmapss:FD001,diagnosis,independent | single_sensor_0 | circuit,,,,,,,,,,,,,,,,,,,,,,,,,,,,,,,3,"[11, 12, 13]",random,,,,,,,,,,,,,,,,,,,,,,,,,,,,,,,,,,,,,,,,,,,,,,,,,,,,,0.10000000000000002,1.6996749443881478e-17,10.0,0.0,24.92696762084961,0.6064220307973927,68.06969960530598,2.262207857716987,0.07740636844038451,0.019288514826719994,0.18335388544193917,0.022628554632960433,0.5618547277988895,0.005687532203491982,0.6138453385602857,0.00926583696914989,0.5250838872511094,0.027001227926354898,0.46605000884332126,0.023664337183345235,0.6419503370898464,0.012279656203213054,0.6015659220316416,0.02235005531092723,0.5740809581605265,0.011985987442099062,,,0.0,0.0,361.0,25.11971337416094,74.66666666666667,6.110100926607787,74.66666666666667,6.110100926607787,0.0,0.0,0.0,0.0,,,0.0,0.0
diagnosis_fd001,random,cmapss:FD001,diagnosis,marginal_max | single_sensor_0 | circuit,,,,,,,,,,,,,,,,,,,,,,,,,,,,,,,3,"[11, 12, 13]",random,,,,,,,,,,,,,,,,,,,,,,,,,,,,,,,,,,,,,,,,,,,,,,,,,,,,,0.10000000000000002,1.6996749443881478e-17,10.0,0.0,24.92696762084961,0.6064220307973927,68.06969960530598,2.262207857716987,0.07740636844038451,0.019288514826719994,0.18335388544193917,0.022628554632960433,0.5618547277988895,0.005687532203491982,0.6138453385602857,0.00926583696914989,0.5250838872511094,0.027001227926354898,0.46605000884332126,0.023664337183345235,0.6419503370898464,0.012279656203213054,0.6015659220316416,0.02235005531092723,0.5740809581605265,0.011985987442099062,,,0.0,0.0,361.0,25.11971337416094,74.66666666666667,6.110100926607787,74.66666666666667,6.110100926607787,0.0,0.0,0.0,0.0,,,0.0,0.0
diagnosis_fd001,random,cmapss:FD001,diagnosis,conditional_max | single_sensor_0 | circuit,,,,,,,,,,,,,,,,,,,,,,,,,,,,,,,3,"[11, 12, 13]",random,,,,,,,,,,,,,,,,,,,,,,,,,,,,,,,,,,,,,,,,,,,,,,,,,,,,,0.10000000000000002,1.6996749443881478e-17,10.0,0.0,24.92696762084961,0.6064220307973927,68.06969960530598,2.262207857716987,0.07740636844038451,0.019288514826719994,0.18335388544193917,0.022628554632960433,0.5618547277988895,0.005687532203491982,0.6138453385602857,0.00926583696914989,0.5250838872511094,0.027001227926354898,0.46605000884332126,0.023664337183345235,0.6419503370898464,0.012279656203213054,0.6015659220316416,0.02235005531092723,0.5740809581605265,0.011985987442099062,,,0.0,0.0,361.0,25.11971337416094,74.66666666666667,6.110100926607787,74.66666666666667,6.110100926607787,0.0,0.0,0.0,0.0,,,0.0,0.0
diagnosis_fd001,random,cmapss:FD001,diagnosis,relational_max | single_sensor_0 | circuit,,,,,,,,,,,,,,,,,,,,,,,,,,,,,,,3,"[11, 12, 13]",random,,,,,,,,,,,,,,,,,,,,,,,,,,,,,,,,,,,,,,,,,,,,,,,,,,,,,0.10000000000000002,1.6996749443881478e-17,10.0,0.0,0.0,0.0,0.0,0.0,0.0,0.0,0.0,0.0,0.5,0.0,0.5,0.0,0.5,0.0,0.5,0.0,0.5,0.0,0.5,0.0,0.5,0.0,,,0.0,0.0,361.0,25.11971337416094,74.66666666666667,6.110100926607787,74.66666666666667,6.110100926607787,0.0,0.0,0.0,0.0,,,0.0,0.0
diagnosis_fd001,interface,cmapss:FD001,diagnosis,model,9.934107462565105e-08,4.39352679004192e-07,2400.0,0.0,2497.0,0.0,20256.0,0.0,25153.0,0.0,193968.0,0.0,2760.0,103.92304845413264,180.0,0.0,177.0,3.4641016151377544,29.67588170369466,2.4691223233788397,121.27077380816142,39.65518330342935,24.570937727959073,2.95668744333379,0.02,0.0,180.0,0.0,256.0,0.0,3,"[11, 12, 13]",interface,,,,,,,,,,,,,,,,,,,,,,,,,,,,,,,,,,,,,,,,,,,,,,,,,,,,,,,,,,,,,,,,,,,,,,,,,,,,,,,,,,,,,,,,,,,,,,,,
diagnosis_fd001,interface,cmapss:FD001,diagnosis,shortcut audit,,,,,,,,,,,,,,,,,,,,,,,,,,,,,,,3,"[11, 12, 13]",interface,0.5580858376836484,0.011033518695286345,0.0,0.0,1128.0,157.12415473121885,871.3333333333334,59.87765303795175,42.0,0.0,,,,,,,,,,,,,,,,,,,,,,,,,,,,,,,,,,,,,,,,,,,,,,,,,,,,,,,,,,,,,,,,,,,,,,,,,,,,,,,,,,,,,,
diagnosis_fd001,interface,cmapss:FD001,diagnosis,query full | circuit,,,,,,,,,,,,,,,,,,,,,,,,,,,,,,,3,"[11, 12, 13]",interface,,,,,,,,,,,2.6702880859375e-05,1.0092740291841853e-05,1.514983233332411,0.3962613877932553,0.6988828713328985,0.11550328125044944,871.3333333333334,59.87765303795175,15.0,0.0,15.0,0.0,15.0,0.0,6.0,0.0,55372.0,0.0,360.0,0.0,2.0,0.0,1.5027226666666664,0.3899929777731047,24123734.666666668,1657772.7020087324,313680.0,21555.955093662633,13070.0,898.1647955692764,368640.0,0.0,8.959002176920572,0.5981018294754671,8.976400375366211,0.5801002034919295,2.9970784187316895,0.6087032821275806,3.1955111821492515,1.2323837368006751,12.459657986958822,1.354276073437291,,,,,,,,,,,,,,,,,,,,,,,,,,,,,,,,,,,,,,,,,,,,
diagnosis_fd001,interface,cmapss:FD001,diagnosis,joint | full | circuit,,,,,,,,,,,,,,,,,,,,,,,,,,,,,,,3,"[11, 12, 13]",interface,,,,,,,,,,,,,,,,,,,,,,,,,,,,,,,,,,,,,,,,,,,,,,,,,,,,,0.10000000000000002,1.6996749443881478e-17,10.0,0.0,54.16314188639323,12.885356671779592,948.4274698893229,163.81134822561273,0.08698251714126852,0.04415445758219103,0.5799586771002534,0.052005453607246205,0.7975789147820204,0.0025071771093012995,0.8479073307495976,0.0074830059980180415,0.517867414229393,0.005610860272807659,0.560195505171485,0.010728011800580738,0.9955242117197814,0.0022681091239528176,0.9939692562696654,0.0026215300190948637,0.9306960674660719,0.029013529695198374,0.6952536397101787,0.004110666158125599,435.6666666666667,29.938826518975876,0.0,0.0,0.0,0.0,0.0,0.0,435.6666666666667,29.938826518975876,183.66666666666666,32.65475973473597,0.6513236975328965,0.010565528497283278,0.5451944310467645,0.03156994577299051
diagnosis_fd001,interface,cmapss:FD001,diagnosis,independent | full | circuit,,,,,,,,,,,,,,,,,,,,,,,,,,,,,,,3,"[11, 12, 13]",interface,,,,,,,,,,,,,,,,,,,,,,,,,,,,,,,,,,,,,,,,,,,,,,,,,,,,,0.10000000000000002,1.6996749443881478e-17,10.0,0.0,65.23094177246094,14.110536020620566,942.857177734375,165.92368527413979,0.08477418800947463,0.04376080214540289,0.5603096463700926,0.054422977726387906,0.7839787124540152,0.0011135518755548775,0.8387249297697718,0.0067289386132004525,0.5172636055948145,0.00182808759287606,0.4982456535198483,0.027178245928312892,0.9937806858499795,0.003539882488077071,0.9900995244364266,0.0038396938536989817,0.9294331694599212,0.031175953662952918,0.6622115603269151,0.00368517097689601,435.6666666666667,29.938826518975876,0.0,0.0,0.0,0.0,0.0,0.0,435.6666666666667,29.938826518975876,192.33333333333334,34.93326972004386,0.6204822516849692,0.0017431509140006407,0.5255587237525274,0.03460144253436351
diagnosis_fd001,interface,cmapss:FD001,diagnosis,marginal_max | full | circuit,,,,,,,,,,,,,,,,,,,,,,,,,,,,,,,3,"[11, 12, 13]",interface,,,,,,,,,,,,,,,,,,,,,,,,,,,,,,,,,,,,,,,,,,,,,,,,,,,,,0.10000000000000002,1.6996749443881478e-17,10.0,0.0,30.424942016601562,1.8769636238698397,520.9112243652344,102.03318827129006,0.026799301673771828,0.031098244337017418,0.5771000509044345,0.019309331254777597,0.7903967595878948,0.003709666897533004,0.8519880578818846,0.0026295131119814497,0.5189774920531182,0.004703928042672966,0.485545901708875,0.012322070215964308,0.9960406525788456,0.004993896875664203,0.997315057279346,0.0017005463871214348,0.9616260719000177,0.017926690969409673,0.6622115603269151,0.00368517097689601,435.6666666666667,29.938826518975876,0.0,0.0,0.0,0.0,0.0,0.0,435.6666666666667,29.938826518975876,184.33333333333334,16.563010998406458,0.6204822516849692,0.0017431509140006407,0.5699651282350334,0.009755126998560794
diagnosis_fd001,interface,cmapss:FD001,diagnosis,conditional_max | full | circuit,,,,,,,,,,,,,,,,,,,,,,,,,,,,,,,3,"[11, 12, 13]",interface,,,,,,,,,,,,,,,,,,,,,,,,,,,,,,,,,,,,,,,,,,,,,,,,,,,,,0.10000000000000002,1.6996749443881478e-17,10.0,0.0,29.57320213317871,1.8751394427519181,520.9171549479166,101.93127518785704,0.033934224343172836,0.041659708812200685,0.5887189779588252,0.023402810188220692,0.8056192098570826,0.0025143405989244694,0.8615258099025166,0.0020778708622292926,0.5226541487269273,0.010771980943017128,0.5540880702854123,0.017553118769967492,0.9992868374858482,0.000595439470982519,0.9997125377747847,0.00015037698021277146,0.9615909766791475,0.01600140041609151,0.6952536397101787,0.004110666158125599,435.6666666666667,29.938826518975876,0.0,0.0,0.0,0.0,0.0,0.0,435.6666666666667,29.938826518975876,179.33333333333334,18.147543451754935,0.6513236975328965,0.010565528497283278,0.5777559770188954,0.009668069136437314
diagnosis_fd001,interface,cmapss:FD001,diagnosis,relational_max | full | circuit,,,,,,,,,,,,,,,,,,,,,,,,,,,,,,,3,"[11, 12, 13]",interface,,,,,,,,,,,,,,,,,,,,,,,,,,,,,,,,,,,,,,,,,,,,,,,,,,,,,0.10000000000000002,1.6996749443881478e-17,10.0,0.0,1.8814643224080403,0.24086211984227024,11.59715747833252,0.767409996094466,0.118158911738514,0.10228496134537957,0.4622320278390966,0.08186615458094519,0.7156109499546898,0.013202719112268618,0.7755326435269252,0.013647125321528841,0.5046319209371684,0.027754579405238577,0.7576672829778676,0.002649977262741787,0.9238775486534304,0.00642209510852973,0.8979201037058129,0.026324356042065674,0.5082961321094092,0.032564808806474256,0.47974363288000793,0.007240458163930031,435.6666666666667,29.938826518975876,0.0,0.0,0.0,0.0,74.33333333333333,68.52979887124529,361.3333333333333,46.47938611183815,161.0,21.283796653792763,0.5693963628219195,0.07841995316522431,0.3843397792035339,0.022924862749104456
diagnosis_fd001,interface,cmapss:FD001,diagnosis,query random1:1 | circuit,,,,,,,,,,,,,,,,,,,,,,,,,,,,,,,3,"[11, 12, 13]",interface,,,,,,,,,,,2.86102294921875e-05,5.0463701459209265e-06,1.513022246666272,0.21841049512647476,0.8058134926674635,0.16212838312547526,871.3333333333334,59.87765303795175,14.0,0.0,14.0,0.0,14.0,0.0,6.0,0.0,55372.0,0.0,360.0,0.0,2.0,0.0,1.5007726666666665,0.21283458589790655,24123734.666666668,1657772.7020087324,313680.0,21555.955093662633,13070.0,898.1647955692764,368640.0,0.0,8.240695476531982,0.5308506298597819,8.258997758229574,0.5170994838360274,2.7316668033599854,0.7227174164368949,2.908255656560262,1.240899609591112,11.323988596598307,1.4244941467473893,,,,,,,,,,,,,,,,,,,,,,,,,,,,,,,,,,,,,,,,,,,,
diagnosis_fd001,interface,cmapss:FD001,diagnosis,joint | random1:1 | circuit,,,,,,,,,,,,,,,,,,,,,,,,,,,,,,,3,"[11, 12, 13]",interface,,,,,,,,,,,,,,,,,,,,,,,,,,,,,,,,,,,,,,,,,,,,,,,,,,,,,0.10000000000000002,1.6996749443881478e-17,10.0,0.0,35.474870681762695,15.913027529951744,947.8376057942709,156.48818930161806,0.0833550193513795,0.030695609181587005,0.5600970383500322,0.05841016144823834,0.7917127654295227,0.0009644193155795716,0.8434102833659093,0.004870537841615802,0.5173714685350587,0.0017401977036804392,0.5585777096262347,0.022661742125343956,0.9956525564667325,0.002484089446142912,0.9894820479550349,0.0017708656209481813,0.9071363697000839,0.012961344381285067,0.7046144886088461,0.0053087116532102505,426.6666666666667,31.182259913824932,9.0,2.6457513110645907,0.0,0.0,0.0,0.0,426.6666666666667,31.182259913824932,183.66666666666666,38.785736209763165,0.6588411286429164,0.005733463285954115,0.5283176874078952,0.043384712918318316
diagnosis_fd001,interface,cmapss:FD001,diagnosis,independent | random1:1 | circuit,,,,,,,,,,,,,,,,,,,,,,,,,,,,,,,3,"[11, 12, 13]",interface,,,,,,,,,,,,,,,,,,,,,,,,,,,,,,,,,,,,,,,,,,,,,,,,,,,,,0.10000000000000002,1.6996749443881478e-17,10.0,0.0,45.54005559285482,16.90614000746897,943.0543823242188,162.389325997787,0.08275311592239686,0.030151391246672026,0.5413424596844573,0.049400544330647375,0.7790600696374156,0.0015396020847474841,0.8345888695147163,0.004677409737615894,0.5174914053117924,0.004887211376143398,0.5009815367202236,0.03083658363855994,0.9936179772573293,0.0040336993986835505,0.9850227793788745,0.003043096610158506,0.906579215188479,0.01571603090698853,0.6720649567495697,0.00675496967567051,426.6666666666667,31.182259913824932,9.0,2.6457513110645907,0.0,0.0,0.0,0.0,426.6666666666667,31.182259913824932,191.66666666666666,35.21836642056717,0.626684655328262,0.008040532438351825,0.5097244478569719,0.038424442740759346
diagnosis_fd001,interface,cmapss:FD001,diagnosis,marginal_max | random1:1 | circuit,,,,,,,,,,,,,,,,,,,,,,,,,,,,,,,3,"[11, 12, 13]",interface,,,,,,,,,,,,,,,,,,,,,,,,,,,,,,,,,,,,,,,,,,,,,,,,,,,,,0.10000000000000002,1.6996749443881478e-17,10.0,0.0,28.541465759277344,2.5623020388883897,522.201405843099,102.28455672548363,0.05601188661067583,0.04341381390400842,0.5814269278384082,0.021451790759538954,0.7871741002135068,0.005472073401947676,0.8485045602443361,0.0035833728764374526,0.5235505114067444,0.003441946231726421,0.4945683422718283,0.01004599838452386,0.9969639823180106,0.0038100245059818987,0.995219742269999,0.004379972127818759,0.9323511529226719,0.02218638871428106,0.6720649567495697,0.00675496967567051,426.6666666666667,31.182259913824932,9.0,2.6457513110645907,0.0,0.0,0.0,0.0,426.6666666666667,31.182259913824932,174.0,20.8806130178211,0.626684655328262,0.008040532438351825,0.5624436639367797,0.0054424547238714855
diagnosis_fd001,interface,cmapss:FD001,diagnosis,conditional_max | random1:1 | circuit,,,,,,,,,,,,,,,,,,,,,,,,,,,,,,,3,"[11, 12, 13]",interface,,,,,,,,,,,,,,,,,,,,,,,,,,,,,,,,,,,,,,,,,,,,,,,,,,,,,0.10000000000000002,1.6996749443881478e-17,10.0,0.0,28.29450225830078,2.1320836473195333,522.0868428548177,101.89016282697821,0.047429690527766,0.03467988703167774,0.5891230546872374,0.016438393559541905,0.8017044266903679,0.005535529649262886,0.857836683215221,0.0036639395161020983,0.5222271949347929,0.00558428928920973,0.5638197240744703,0.008900855286473209,0.9995508229457529,0.0002879074002818606,0.9993776691586707,0.00029168983705490865,0.9322196386923057,0.023008727905747747,0.7046144886088461,0.0053087116532102505,426.6666666666667,31.182259913824932,9.0,2.6457513110645907,0.0,0.0,0.0,0.0,426.6666666666667,31.182259913824932,171.0,20.223748416156685,0.6588411286429164,0.005733463285954115,0.5716662758728774,0.003904798054416365
diagnosis_fd001,interface,cmapss:FD001,diagnosis,relational_max | random1:1 | circuit,,,,,,,,,,,,,,,,,,,,,,,,,,,,,,,3,"[11, 12, 13]",interface,,,,,,,,,,,,,,,,,,,,,,,,,,,,,,,,,,,,,,,,,,,,,,,,,,,,,0.10000000000000002,1.6996749443881478e-17,10.0,0.0,1.951537847518921,0.20691948290824702,11.509941101074219,0.8659070845122102,0.08331618295304845,0.07812334675583334,0.4222493685541804,0.07279005464254794,0.7072834185114646,0.015446005116563138,0.7698340371973919,0.012442928371364506,0.5117171671815525,0.033757943143022995,0.7532932775610962,0.020036010601468802,0.9273256100916879,0.008550446643893915,0.8795715998297854,0.03995905760336299,0.4806422839227445,0.03964548430648248,0.4894910976257379,0.003669194502352762,426.6666666666667,31.182259913824932,9.0,2.6457513110645907,0.0,0.0,81.66666666666667,74.21814692737439,345.0,50.23942674832188,162.66666666666666,28.53652630109932,0.5847291144533436,0.0918329197175679,0.36649572981853806,0.021420529172656765
diagnosis_fd001,interface,cmapss:FD001,diagnosis,query random3:5-8-14 | circuit,,,,,,,,,,,,,,,,,,,,,,,,,,,,,,,3,"[11, 12, 13]",interface,,,,,,,,,,,2.7974446614583332e-05,7.940925596107989e-06,1.5362048583338037,0.17312505268854858,0.7093969986672164,0.11208160813719185,871.3333333333334,59.87765303795175,12.0,0.0,12.0,0.0,12.0,0.0,6.0,0.0,55372.0,0.0,360.0,0.0,2.0,0.0,1.519846,0.17005629131849262,24123734.666666668,1657772.7020087324,313680.0,21555.955093662633,13070.0,898.1647955692764,368640.0,0.0,6.227314154307048,0.4123702667832866,6.252062161763509,0.3926216319256313,2.2771233320236206,0.5654244413688634,1.846290111541748,1.0361766416489337,8.888015429178873,1.2431866739740405,,,,,,,,,,,,,,,,,,,,,,,,,,,,,,,,,,,,,,,,,,,,
diagnosis_fd001,interface,cmapss:FD001,diagnosis,joint | random3:5-8-14 | circuit,,,,,,,,,,,,,,,,,,,,,,,,,,,,,,,3,"[11, 12, 13]",interface,,,,,,,,,,,,,,,,,,,,,,,,,,,,,,,,,,,,,,,,,,,,,,,,,,,,,0.10000000000000002,1.6996749443881478e-17,10.0,0.0,13.217191378275553,4.295386560057998,854.7466837565104,233.63500781449628,0.11900270234917688,0.07579513798022539,0.5750210684423689,0.06603700233758715,0.7789948576103437,0.005745964495934213,0.8321346611136425,0.007823407547944491,0.5115313575490151,0.008344827012500354,0.5501729044778322,0.011949860428518257,0.9827945163568645,0.013320871827463467,0.977020817022915,0.008788391358360645,0.8828063764599939,0.03521970582227936,0.7096187199826353,0.009063842215762974,403.3333333333333,29.19474838619667,32.333333333333336,2.0816659994661326,0.0,0.0,0.0,0.0,403.3333333333333,29.19474838619667,156.66666666666666,21.385353243127255,0.65674212629083,0.01664468719984969,0.5178809824353378,0.031138015655581615
diagnosis_fd001,interface,cmapss:FD001,diagnosis,independent | random3:5-8-14 | circuit,,,,,,,,,,,,,,,,,,,,,,,,,,,,,,,3,"[11, 12, 13]",interface,,,,,,,,,,,,,,,,,,,,,,,,,,,,,,,,,,,,,,,,,,,,,,,,,,,,,0.10000000000000002,1.6996749443881478e-17,10.0,0.0,20.72178904215495,4.198515426693362,854.3447469075521,232.52136575346333,0.11235106808194763,0.07322868820968756,0.5568578235499222,0.06495321522494366,0.7668491960148277,0.004402643236697903,0.8235637914995181,0.0072589775043333,0.5104623523023125,0.01021216730075337,0.5016944855733355,0.01897720126164137,0.9796793135754145,0.012710220722070193,0.9706611212222693,0.009302453157947208,0.8800169478327113,0.03456527386430542,0.6810912299169365,0.00722519927864536,403.3333333333333,29.19474838619667,32.333333333333336,2.0816659994661326,0.0,0.0,0.0,0.0,403.3333333333333,29.19474838619667,164.0,21.071307505705477,0.626339886021643,0.01664106101290752,0.5002656182863956,0.030515634607893367
diagnosis_fd001,interface,cmapss:FD001,diagnosis,marginal_max | random3:5-8-14 | circuit,,,,,,,,,,,,,,,,,,,,,,,,,,,,,,,3,"[11, 12, 13]",interface,,,,,,,,,,,,,,,,,,,,,,,,,,,,,,,,,,,,,,,,,,,,,,,,,,,,,0.10000000000000002,1.6996749443881478e-17,10.0,0.0,28.446985880533855,2.898604806053296,521.711669921875,101.55181051724162,0.06660106190619085,0.051750132158585004,0.5574342140164975,0.03394233503189693,0.7694652475121101,0.00360958984887892,0.8350045342984606,0.0029462871388585693,0.5121728332368505,0.011301411765453972,0.48645787062853635,0.016473364373835755,0.9816975728859697,0.009536969320706,0.9780377036479247,0.006343442281079623,0.8971701329423326,0.03391721595806439,0.6810912299169365,0.00722519927864536,403.3333333333333,29.19474838619667,32.333333333333336,2.0816659994661326,0.0,0.0,0.0,0.0,403.3333333333333,29.19474838619667,162.33333333333334,11.547005383792515,0.626339886021643,0.01664106101290752,0.5301164322511382,0.009804473974458086
diagnosis_fd001,interface,cmapss:FD001,diagnosis,conditional_max | random3:5-8-14 | circuit,,,,,,,,,,,,,,,,,,,,,,,,,,,,,,,3,"[11, 12, 13]",interface,,,,,,,,,,,,,,,,,,,,,,,,,,,,,,,,,,,,,,,,,,,,,,,,,,,,,0.10000000000000002,1.6996749443881478e-17,10.0,0.0,28.191647211710613,2.076486525967744,521.2129414876302,101.75196613686042,0.05573205395951052,0.04221096731657566,0.5661468906785759,0.029336353427401218,0.7868646716699933,0.0039928542416495846,0.8464839984398168,0.0027692899970961707,0.5178010147400757,0.01415111177404037,0.546484797583133,0.01548456575906658,0.9912194005559111,0.0076070999096236646,0.9893077444478923,0.003157238462124304,0.8988581252245789,0.031933399844318595,0.7096187199826353,0.009063842215762974,403.3333333333333,29.19474838619667,32.333333333333336,2.0816659994661326,0.0,0.0,0.0,0.0,403.3333333333333,29.19474838619667,157.33333333333334,7.371114795831994,0.65674212629083,0.01664468719984969,0.5443576058798064,0.011073546464225226
diagnosis_fd001,interface,cmapss:FD001,diagnosis,relational_max | random3:5-8-14 | circuit,,,,,,,,,,,,,,,,,,,,,,,,,,,,,,,3,"[11, 12, 13]",interface,,,,,,,,,,,,,,,,,,,,,,,,,,,,,,,,,,,,,,,,,,,,,,,,,,,,,0.10000000000000002,1.6996749443881478e-17,10.0,0.0,2.158811887105306,1.6687833105762884,10.61466153462728,0.45038504478820496,0.07131751772644677,0.08018901530205828,0.3273931867431408,0.1107156876710599,0.6752684329033979,0.023237230924269967,0.7348921730942045,0.023359504819498538,0.4981756960306216,0.02082185611937576,0.6970507574105378,0.02150174116897576,0.8705132778278725,0.04139410467326679,0.8215270678328132,0.03521171456783553,0.5006457085429873,0.04750446379816453,0.48923913951984566,0.010594285367388035,403.3333333333333,29.19474838619667,32.333333333333336,2.0816659994661326,0.0,0.0,83.0,76.60939890117922,320.3333333333333,56.03867711976553,178.0,108.01851693112621,0.5493816528299287,0.07100191203072183,0.2686536404770033,0.06842724303818726
diagnosis_fd001,interface,cmapss:FD001,diagnosis,query random7:3-4-8-10-11-12-14 | circuit,,,,,,,,,,,,,,,,,,,,,,,,,,,,,,,3,"[11, 12, 13]",interface,,,,,,,,,,,2.5431315104166668e-05,7.221105379486432e-06,1.6609084706663755,0.3201259837602804,0.8049197630001194,0.06036449319681133,871.3333333333334,59.87765303795175,8.0,0.0,8.0,0.0,8.0,0.0,6.0,0.0,55372.0,0.0,360.0,0.0,2.0,0.0,1.6424953333333334,0.31367716541746127,24123734.666666668,1657772.7020087324,313680.0,21555.955093662633,13070.0,898.1647955692764,368640.0,0.0,5.117575963338216,0.7318849753293396,5.158140500386556,0.7183814648740722,1.9538416862487793,0.2465662365203216,1.3663495580355327,0.821973880738577,7.338496685028076,0.011100060063019964,,,,,,,,,,,,,,,,,,,,,,,,,,,,,,,,,,,,,,,,,,,,
diagnosis_fd001,interface,cmapss:FD001,diagnosis,joint | random7:3-4-8-10-11-12-14 | circuit,,,,,,,,,,,,,,,,,,,,,,,,,,,,,,,3,"[11, 12, 13]",interface,,,,,,,,,,,,,,,,,,,,,,,,,,,,,,,,,,,,,,,,,,,,,,,,,,,,,0.10000000000000002,1.6996749443881478e-17,10.0,0.0,107.7659403483073,5.945703594038986,579.659413655599,95.4066209211326,0.07249787695705683,0.013356574768287069,0.5055603679212161,0.031534387782538156,0.7485378382041593,0.009893234592764642,0.8088361699568022,0.010184229122182618,0.5152940816736327,0.02013317859001578,0.5259065485890188,0.01885550326356411,0.9521042187510895,0.010535098476830226,0.9241387347358513,0.02105563879413877,0.8343770442023648,0.04374580793680355,0.7909399753795551,0.011002561843265878,331.0,20.29778313018444,104.66666666666667,11.239810200058244,0.0,0.0,0.0,0.0,331.0,20.29778313018444,120.0,15.716233645501712,0.7202938334302568,0.010036443875493555,0.46288463321876794,0.0174716192360063
diagnosis_fd001,interface,cmapss:FD001,diagnosis,independent | random7:3-4-8-10-11-12-14 | circuit,,,,,,,,,,,,,,,,,,,,,,,,,,,,,,,3,"[11, 12, 13]",interface,,,,,,,,,,,,,,,,,,,,,,,,,,,,,,,,,,,,,,,,,,,,,,,,,,,,,0.10000000000000002,1.6996749443881478e-17,10.0,0.0,114.1939697265625,6.737025393797622,570.4335021972656,84.29221492701555,0.06228406618305429,0.011957790061164143,0.47785183286336835,0.027688923293702716,0.7317648649680085,0.004374826107015031,0.7964778069562435,0.00781945323228802,0.512539974785995,0.016166129676602276,0.4669015381452739,0.01821959547376524,0.9419259735602203,0.0080925056477111,0.9090579035168355,0.02504248794857743,0.8360380979423079,0.04489292263176343,0.7622546240851341,0.01822822497629054,331.0,20.29778313018444,104.66666666666667,11.239810200058244,0.0,0.0,0.0,0.0,331.0,20.29778313018444,131.66666666666666,15.176736583776282,0.6851065722484778,0.016703726057049506,0.44223108021477864,0.016736313718654167
diagnosis_fd001,interface,cmapss:FD001,diagnosis,marginal_max | random7:3-4-8-10-11-12-14 | circuit,,,,,,,,,,,,,,,,,,,,,,,,,,,,,,,3,"[11, 12, 13]",interface,,,,,,,,,,,,,,,,,,,,,,,,,,,,,,,,,,,,,,,,,,,,,,,,,,,,,0.10000000000000002,1.6996749443881478e-17,10.0,0.0,28.446985880533855,2.898604806053296,432.9401448567708,40.16908142577799,0.05706982411849678,0.04573177886247447,0.4866367557555016,0.04385579003308701,0.7367318496587597,0.0015304287881100034,0.806339822291234,0.0032155481902278534,0.5079976647613252,0.018260854219167625,0.47832322973964586,0.022637491103354435,0.9381255747556786,0.0035928476735487833,0.910735805241269,0.014761822222507921,0.8564727725720186,0.030926033534083384,0.7622546240851341,0.01822822497629054,331.0,20.29778313018444,104.66666666666667,11.239810200058244,0.0,0.0,0.0,0.0,331.0,20.29778313018444,124.0,18.083141320025124,0.6851065722484778,0.016703726057049506,0.46040416582129673,0.021594765648507583
diagnosis_fd001,interface,cmapss:FD001,diagnosis,conditional_max | random7:3-4-8-10-11-12-14 | circuit,,,,,,,,,,,,,,,,,,,,,,,,,,,,,,,3,"[11, 12, 13]",interface,,,,,,,,,,,,,,,,,,,,,,,,,,,,,,,,,,,,,,,,,,,,,,,,,,,,,0.10000000000000002,1.6996749443881478e-17,10.0,0.0,28.247356414794922,2.0480489187031856,433.18480428059894,40.23827025379308,0.04450039747575559,0.03913546311187992,0.5044921037381349,0.033375601248352114,0.7556529269864334,0.003110936797160348,0.8211419716234865,0.0018954413542898122,0.5129928871194019,0.020970485538134333,0.5374759198707824,0.030633215593853104,0.9491175607451163,0.0034017026010856673,0.9302344788814843,0.012806734734173542,0.8575475398532296,0.032652540386233594,0.7909399753795551,0.011002561843265878,331.0,20.29778313018444,104.66666666666667,11.239810200058244,0.0,0.0,0.0,0.0,331.0,20.29778313018444,114.0,12.12435565298214,0.7202938334302568,0.010036443875493555,0.4845912236219254,0.01315601696738041
diagnosis_fd001,interface,cmapss:FD001,diagnosis,relational_max | random7:3-4-8-10-11-12-14 | circuit,,,,,,,,,,,,,,,,,,,,,,,,,,,,,,,3,"[11, 12, 13]",interface,,,,,,,,,,,,,,,,,,,,,,,,,,,,,,,,,,,,,,,,,,,,,,,,,,,,,0.10000000000000002,1.6996749443881478e-17,10.0,0.0,2.3818791707356772,1.4672912231043254,11.497289021809896,0.17677701046478173,0.044565718758871324,0.04617671307763679,0.25459640315826176,0.10421925937362084,0.637973097037404,0.03022297694235792,0.6986063304936231,0.039427643932867296,0.5059031751886984,0.013987118801036284,0.6766933248109722,0.01915732867327331,0.7809028829452145,0.054790339863950946,0.7483527987607036,0.05225081011261082,0.4857520493663274,0.03312299980842719,0.5479831300553737,0.021827723472016336,331.0,20.29778313018444,104.66666666666667,11.239810200058244,0.0,0.0,0.0,0.0,331.0,20.29778313018444,223.66666666666666,30.859898466024372,0.4468435651949208,0.039157531223288904,0.20456880461241964,0.08049848882012815
diagnosis_fd001,interface,cmapss:FD001,diagnosis,query bank0:0-1-2-4-5-7-8 | circuit,,,,,,,,,,,,,,,,,,,,,,,,,,,,,,,3,"[11, 12, 13]",interface,,,,,,,,,,,2.9881795247395832e-05,2.913523162177938e-06,1.6717414083347346,0.313434672384549,0.8590830946668575,0.029094492848991682,871.3333333333334,59.87765303795175,8.0,0.0,8.0,0.0,8.0,0.0,6.0,0.0,55372.0,0.0,360.0,0.0,2.0,0.0,1.6540303333333333,0.3099193882711007,24123734.666666668,1657772.7020087324,313680.0,21555.955093662633,13070.0,898.1647955692764,368640.0,0.0,3.003662427266439,0.36509802056774865,3.0705570379892984,0.368715983604358,1.4972001314163208,0.37459402753231663,0.20976047217845917,0.6084635334421978,4.792693297068278,1.075283528827842,,,,,,,,,,,,,,,,,,,,,,,,,,,,,,,,,,,,,,,,,,,,
diagnosis_fd001,interface,cmapss:FD001,diagnosis,joint | bank0:0-1-2-4-5-7-8 | circuit,,,,,,,,,,,,,,,,,,,,,,,,,,,,,,,3,"[11, 12, 13]",interface,,,,,,,,,,,,,,,,,,,,,,,,,,,,,,,,,,,,,,,,,,,,,,,,,,,,,0.10000000000000002,1.6996749443881478e-17,10.0,0.0,-46.43619028727213,3.182291077947026,827.5999145507812,249.21810455370974,0.06941696401416901,0.01753654635063756,0.4815418981563037,0.047626326713853306,0.7400692529109995,0.006920414343507166,0.8010597469120349,0.008335778707234773,0.5249930705578191,0.014407196872750454,0.5450155365706323,0.011535165072822377,0.9552507777710509,0.019722622216738407,0.9363171111635484,0.020608444378087655,0.7453666186375024,0.009150482990065911,0.7509443877748475,0.0041921582444760935,329.3333333333333,35.64173583501978,106.33333333333333,7.571877794400366,0.0,0.0,0.0,0.0,329.3333333333333,35.64173583501978,126.33333333333333,19.60442127004348,0.6857175058688935,0.00717360105602062,0.42953825992687095,0.02170783758155262
diagnosis_fd001,interface,cmapss:FD001,diagnosis,independent | bank0:0-1-2-4-5-7-8 | circuit,,,,,,,,,,,,,,,,,,,,,,,,,,,,,,,3,"[11, 12, 13]",interface,,,,,,,,,,,,,,,,,,,,,,,,,,,,,,,,,,,,,,,,,,,,,,,,,,,,,0.10000000000000002,1.6996749443881478e-17,10.0,0.0,-42.585592905680336,3.821931106666953,825.3300577799479,252.59743800372723,0.06793117817645494,0.013919295154519264,0.46557293001794414,0.036966027399348594,0.7324452413354594,0.00714718879286393,0.7949640260643352,0.008832076831808727,0.526125603922495,0.014239154778769563,0.5229144766671178,0.01781534967111095,0.9500175259639888,0.02222597069905923,0.9268012014177566,0.019196856468749354,0.7424255108878229,0.011902620720146804,0.7387901338063237,0.001707475098032216,329.3333333333333,35.64173583501978,106.33333333333333,7.571877794400366,0.0,0.0,0.0,0.0,329.3333333333333,35.64173583501978,132.66666666666666,19.65536398374076,0.6718148686189056,0.004477082834482694,0.4174380693085947,0.015350663554513564
diagnosis_fd001,interface,cmapss:FD001,diagnosis,marginal_max | bank0:0-1-2-4-5-7-8 | circuit,,,,,,,,,,,,,,,,,,,,,,,,,,,,,,,3,"[11, 12, 13]",interface,,,,,,,,,,,,,,,,,,,,,,,,,,,,,,,,,,,,,,,,,,,,,,,,,,,,,0.10000000000000002,1.6996749443881478e-17,10.0,0.0,28.541465759277344,2.5623020388883897,523.5998840332031,101.42109358838412,0.032262639344308765,0.02206860180020381,0.45190628400462796,0.026270262128897163,0.7316882210254083,0.017382450603697898,0.8012674567899133,0.015699800600888252,0.513709635612701,0.02396865276049819,0.5122902821338706,0.034036395229962955,0.9479254432427234,0.019834651059086363,0.947260552421603,0.025428460021267675,0.7431915158008406,0.021097826271498313,0.7387901338063237,0.001707475098032216,329.3333333333333,35.64173583501978,106.33333333333333,7.571877794400366,0.0,0.0,0.0,0.0,329.3333333333333,35.64173583501978,136.0,17.349351572897472,0.6718148686189056,0.004477082834482694,0.4361898941941002,0.02304961374692711
diagnosis_fd001,interface,cmapss:FD001,diagnosis,conditional_max | bank0:0-1-2-4-5-7-8 | circuit,,,,,,,,,,,,,,,,,,,,,,,,,,,,,,,3,"[11, 12, 13]",interface,,,,,,,,,,,,,,,,,,,,,,,,,,,,,,,,,,,,,,,,,,,,,,,,,,,,,0.10000000000000002,1.6996749443881478e-17,10.0,0.0,28.338424682617188,2.0255387740571993,523.6382649739584,101.42624876679903,0.026800030615554887,0.02002226243287361,0.46095350444836725,0.011419950631075364,0.7403410676153337,0.017920424106749953,0.8082390929608029,0.015437067226090756,0.5125705514543727,0.02325317115076603,0.539966718616526,0.028918206935146733,0.9587211019896555,0.01811399877958188,0.9525428941350046,0.023642382570698103,0.7446765917440002,0.024562995186916365,0.7509443877748475,0.0041921582444760935,329.3333333333333,35.64173583501978,106.33333333333333,7.571877794400366,0.0,0.0,0.0,0.0,329.3333333333333,35.64173583501978,131.33333333333334,15.50268793897798,0.6857175058688935,0.00717360105602062,0.4499498042588829,0.019025580490230565
diagnosis_fd001,interface,cmapss:FD001,diagnosis,relational_max | bank0:0-1-2-4-5-7-8 | circuit,,,,,,,,,,,,,,,,,,,,,,,,,,,,,,,3,"[11, 12, 13]",interface,,,,,,,,,,,,,,,,,,,,,,,,,,,,,,,,,,,,,,,,,,,,,,,,,,,,,0.10000000000000002,1.6996749443881478e-17,10.0,0.0,1.3485438028971355,0.23149476418144335,9.769481658935547,1.3854670923562524,0.07375554451343744,0.05165934109939418,0.2782960823833805,0.061112802714156554,0.6290831489428266,0.003828926400236458,0.6880971966833697,0.0032911283600458112,0.5018056726347707,0.007510636927938664,0.5878703878567243,0.039832915318819904,0.8461626920858882,0.023035613680131597,0.7367413049757139,0.07490417501694177,0.48435042569200215,0.026669337189489935,0.5373342302479767,0.019593176561791416,329.3333333333333,35.64173583501978,106.33333333333333,7.571877794400366,0.0,0.0,80.33333333333333,71.27645707618564,249.0,45.17742799230607,136.0,32.90896534380867,0.567237085467,0.09074233224567936,0.21437837667094717,0.02043119409276141
diagnosis_fd001,interface,cmapss:FD001,diagnosis,query bank1:3 | circuit,,,,,,,,,,,,,,,,,,,,,,,,,,,,,,,3,"[11, 12, 13]",interface,,,,,,,,,,,3.3696492513020836e-05,1.0845643430857328e-05,1.6302018003322398,0.18890879236135763,0.8223676409991943,0.03187451886432522,871.3333333333334,59.87765303795175,14.0,0.0,14.0,0.0,14.0,0.0,6.0,0.0,55372.0,0.0,360.0,0.0,2.0,0.0,1.6094383333333333,0.1839325577741291,24123734.666666668,1657772.7020087324,313680.0,21555.955093662633,13070.0,898.1647955692764,368640.0,0.0,8.958999315897623,0.5981044155959321,8.976397514343262,0.5801018063305008,2.997078021367391,0.6087032428274044,3.1955079237620034,1.2323853457058174,12.459655125935873,1.3542745439039785,,,,,,,,,,,,,,,,,,,,,,,,,,,,,,,,,,,,,,,,,,,,
diagnosis_fd001,interface,cmapss:FD001,diagnosis,joint | bank1:3 | circuit,,,,,,,,,,,,,,,,,,,,,,,,,,,,,,,3,"[11, 12, 13]",interface,,,,,,,,,,,,,,,,,,,,,,,,,,,,,,,,,,,,,,,,,,,,,,,,,,,,,0.10000000000000002,1.6996749443881478e-17,10.0,0.0,131.88612365722656,13.360464821621422,723.7789916992188,153.5257672965808,0.06654359699562594,0.04293636114587209,0.5573654505082951,0.05898753132225658,0.7955384246373588,0.0032966122377806797,0.8452702538423527,0.007419526075980492,0.5224570954931709,0.0077454679113487255,0.5604275958194411,0.008184081451086487,0.9920194952003877,0.0018357613568702527,0.9892212475748746,0.004039029180818405,0.92390003042657,0.03021824360342299,0.717726373534353,0.0026298585829636805,425.0,28.160255680657446,10.666666666666666,2.5166114784235836,0.0,0.0,0.0,0.0,425.0,28.160255680657446,183.33333333333334,33.946035605550954,0.6667663579220636,0.006191637599872809,0.531622506968481,0.03755990432052272
diagnosis_fd001,interface,cmapss:FD001,diagnosis,independent | bank1:3 | circuit,,,,,,,,,,,,,,,,,,,,,,,,,,,,,,,3,"[11, 12, 13]",interface,,,,,,,,,,,,,,,,,,,,,,,,,,,,,,,,,,,,,,,,,,,,,,,,,,,,,0.10000000000000002,1.6996749443881478e-17,10.0,0.0,142.28748575846353,15.15370038666966,724.7136637369791,149.3204016673785,0.0650311642860643,0.044248705331172866,0.5313440107105846,0.05731618265008173,0.7787865262624795,0.0037878689026387153,0.833475825417915,0.006694101483625147,0.5203793952486521,0.002790862522529996,0.49053043177812444,0.030569365435290662,0.9884212011245094,0.0037680904126078563,0.979892072952485,0.007479425165016782,0.9233909689302665,0.032941329071651426,0.6816563067655917,0.005036964984073376,425.0,28.160255680657446,10.666666666666666,2.5166114784235836,0.0,0.0,0.0,0.0,425.0,28.160255680657446,194.33333333333334,34.58805188693537,0.6336597380284757,0.007037800986225146,0.50726151555906,0.040730612120804935
diagnosis_fd001,interface,cmapss:FD001,diagnosis,marginal_max | bank1:3 | circuit,,,,,,,,,,,,,,,,,,,,,,,,,,,,,,,3,"[11, 12, 13]",interface,,,,,,,,,,,,,,,,,,,,,,,,,,,,,,,,,,,,,,,,,,,,,,,,,,,,,0.10000000000000002,1.6996749443881478e-17,10.0,0.0,30.424942016601562,1.8769636238698397,520.9112243652344,102.03318827129006,0.026799301673771828,0.031098244337017418,0.570125738407902,0.02268898488305611,0.7883551103263398,0.004133970393159935,0.8499160675254718,0.003717526425339827,0.5189774920531182,0.004703928042672966,0.485545901708875,0.012322070215964308,0.9890920759058824,0.006937362587306811,0.9937671047043434,0.006774930482001662,0.9616260719000177,0.017926690969409673,0.6816563067655917,0.005036964984073376,425.0,28.160255680657446,10.666666666666666,2.5166114784235836,0.0,0.0,0.0,0.0,425.0,28.160255680657446,176.66666666666666,16.441816606851365,0.6336597380284757,0.007037800986225146,0.5629908157385011,0.013775860088975413
diagnosis_fd001,interface,cmapss:FD001,diagnosis,conditional_max | bank1:3 | circuit,,,,,,,,,,,,,,,,,,,,,,,,,,,,,,,3,"[11, 12, 13]",interface,,,,,,,,,,,,,,,,,,,,,,,,,,,,,,,,,,,,,,,,,,,,,,,,,,,,,0.10000000000000002,1.6996749443881478e-17,10.0,0.0,29.573209126790363,1.8751356528791672,520.9171346028646,101.93129266869315,0.033934224343172836,0.041659708812200685,0.5864299792697056,0.02569668795303007,0.8049907212746904,0.002309337745465559,0.8608020976005037,0.002090951522372081,0.5226816934226622,0.010899244872602198,0.5540316506633909,0.017460088070995163,0.9962086006780192,0.0017582639625551852,0.999693272179285,0.00011744475249971663,0.9615762048776474,0.016005320746977112,0.717726373534353,0.0026298585829636805,425.0,28.160255680657446,10.666666666666666,2.5166114784235836,0.0,0.0,0.0,0.0,425.0,28.160255680657446,170.0,18.734993995195193,0.6667663579220636,0.006191637599872809,0.5754669783297758,0.012016560628148638
diagnosis_fd001,interface,cmapss:FD001,diagnosis,relational_max | bank1:3 | circuit,,,,,,,,,,,,,,,,,,,,,,,,,,,,,,,3,"[11, 12, 13]",interface,,,,,,,,,,,,,,,,,,,,,,,,,,,,,,,,,,,,,,,,,,,,,,,,,,,,,0.10000000000000002,1.6996749443881478e-17,10.0,0.0,1.8814646402994792,0.2408573271723844,11.938428243001303,0.764025886622821,0.118158911738514,0.10228496134537957,0.4622320278390966,0.08186615458094519,0.7105245645158543,0.014624811331675449,0.7727611150246526,0.01241779926126099,0.4962829453049465,0.0271516241330546,0.7579064420277954,0.00841158943962145,0.9161966480276318,0.014192700439263387,0.8930407355461313,0.030802855252736697,0.5046881843869039,0.029667405593720744,0.49843641809603284,0.005523983138166947,425.0,28.160255680657446,10.666666666666666,2.5166114784235836,0.0,0.0,28.333333333333332,49.07477288111819,396.6666666666667,64.31433225443092,198.33333333333334,59.53430383680768,0.5291274435152706,0.07349179854665298,0.3843397792035339,0.022924862749104456
diagnosis_fd001,interface,cmapss:FD001,diagnosis,query bank2:6-10 | circuit,,,,,,,,,,,,,,,,,,,,,,,,,,,,,,,3,"[11, 12, 13]",interface,,,,,,,,,,,2.2570292154947918e-05,1.0286133885296781e-05,1.667592439664683,0.30565306633764006,0.7781900623328207,0.11614300128101225,871.3333333333334,59.87765303795175,13.0,0.0,13.0,0.0,13.0,0.0,6.0,0.0,55372.0,0.0,360.0,0.0,2.0,0.0,1.6491369999999999,0.3008526782596425,24123734.666666668,1657772.7020087324,313680.0,21555.955093662633,13070.0,898.1647955692764,368640.0,0.0,8.060383478800455,0.6615202077843332,8.082225799560547,0.6269950738868518,2.8400534788767495,0.5788280415153715,2.536181370417277,0.8652277470678646,11.12794303894043,0.7361180354658136,,,,,,,,,,,,,,,,,,,,,,,,,,,,,,,,,,,,,,,,,,,,
diagnosis_fd001,interface,cmapss:FD001,diagnosis,joint | bank2:6-10 | circuit,,,,,,,,,,,,,,,,,,,,,,,,,,,,,,,3,"[11, 12, 13]",interface,,,,,,,,,,,,,,,,,,,,,,,,,,,,,,,,,,,,,,,,,,,,,,,,,,,,,0.10000000000000002,1.6996749443881478e-17,10.0,0.0,46.65038045247396,15.685033349018731,847.4918416341146,47.66296332325286,0.12248392582126429,0.044795085954195166,0.5907525230497467,0.0733218931614142,0.7886875788120656,0.0032348290995621457,0.8384882679345512,0.004834459169835237,0.5107610043393902,0.026464096096293983,0.5631097473323954,0.010903342771256425,0.9914382695680158,0.0026890921992880784,0.9843693218730122,0.007797133299666078,0.9040345736000295,0.015609047678510617,0.7144590751506913,0.0052154190510200074,422.6666666666667,26.6520793435209,13.0,3.605551275463989,0.0,0.0,0.0,0.0,422.6666666666667,26.6520793435209,167.0,40.95119045888654,0.6578162052181171,0.010596454789039752,0.5361892057490828,0.04846680276792778
diagnosis_fd001,interface,cmapss:FD001,diagnosis,independent | bank2:6-10 | circuit,,,,,,,,,,,,,,,,,,,,,,,,,,,,,,,3,"[11, 12, 13]",interface,,,,,,,,,,,,,,,,,,,,,,,,,,,,,,,,,,,,,,,,,,,,,,,,,,,,,0.10000000000000002,1.6996749443881478e-17,10.0,0.0,56.395860036214195,16.645909914895096,843.4345703125,49.20435375619536,0.11868249442258294,0.04452264824831256,0.5706734976611093,0.06818991288359873,0.7737934265646566,0.003802851921040054,0.8283548234962925,0.005932815099694315,0.5112639861030973,0.019063998011145708,0.49720798461943905,0.02108417908069085,0.9863323832720385,0.005442539944273047,0.97721263522712,0.013616940136406533,0.905367558868661,0.01928884669344485,0.6769239507303874,0.007152942753804555,422.6666666666667,26.6520793435209,13.0,3.605551275463989,0.0,0.0,0.0,0.0,422.6666666666667,26.6520793435209,176.0,39.1279950930277,0.6237065249163319,0.0028880055699021267,0.5153469378168113,0.04282540669819298
diagnosis_fd001,interface,cmapss:FD001,diagnosis,marginal_max | bank2:6-10 | circuit,,,,,,,,,,,,,,,,,,,,,,,,,,,,,,,3,"[11, 12, 13]",interface,,,,,,,,,,,,,,,,,,,,,,,,,,,,,,,,,,,,,,,,,,,,,,,,,,,,,0.10000000000000002,1.6996749443881478e-17,10.0,0.0,30.424942016601562,1.8769636238698397,326.36460367838544,19.85513619899065,0.026799301673771828,0.031098244337017418,0.5587754668973363,0.020439625861605873,0.7836266220619855,0.0036628874375143426,0.8459341011810961,0.00240570934854261,0.5189774920531182,0.004703928042672966,0.485545901708875,0.012322070215964308,0.9935035540116551,0.0030116928844595757,0.990544352360251,0.008291317779778882,0.9368029368571978,0.009403985909013384,0.6769239507303874,0.007152942753804555,422.6666666666667,26.6520793435209,13.0,3.605551275463989,0.0,0.0,0.0,0.0,422.6666666666667,26.6520793435209,179.33333333333334,15.53490693030806,0.6237065249163319,0.0028880055699021267,0.5501281115183736,0.009410846452336573
diagnosis_fd001,interface,cmapss:FD001,diagnosis,conditional_max | bank2:6-10 | circuit,,,,,,,,,,,,,,,,,,,,,,,,,,,,,,,3,"[11, 12, 13]",interface,,,,,,,,,,,,,,,,,,,,,,,,,,,,,,,,,,,,,,,,,,,,,,,,,,,,,0.10000000000000002,1.6996749443881478e-17,10.0,0.0,29.573237737019856,1.875086188272132,327.07029215494794,20.38245677560676,0.033934224343172836,0.041659708812200685,0.5743704879009838,0.02453055331446394,0.7996840305722994,0.004158817745321245,0.8562705788110532,0.003016854180531061,0.5225438890896199,0.010997294024469525,0.5541884929537878,0.016209042455574675,0.9983401533495334,0.0004551191280005901,0.996448849505091,0.0055628856428362764,0.9359099266312096,0.006959250938930082,0.7144590751506913,0.0052154190510200074,422.6666666666667,26.6520793435209,13.0,3.605551275463989,0.0,0.0,0.0,0.0,422.6666666666667,26.6520793435209,173.0,17.349351572897472,0.6578162052181171,0.010596454789039752,0.5610918414000866,0.008688518142793455
diagnosis_fd001,interface,cmapss:FD001,diagnosis,relational_max | bank2:6-10 | circuit,,,,,,,,,,,,,,,,,,,,,,,,,,,,,,,3,"[11, 12, 13]",interface,,,,,,,,,,,,,,,,,,,,,,,,,,,,,,,,,,,,,,,,,,,,,,,,,,,,,0.10000000000000002,1.6996749443881478e-17,10.0,0.0,1.9761912027994792,0.27579573952706166,11.065159479777018,0.1787340293099943,0.10106551040301166,0.08568144808244806,0.43767045594903564,0.06535281977071881,0.6913969618689753,0.016908949441661974,0.7603441037256689,0.016451439688432063,0.5065510682594908,0.017848146070165542,0.7293135439320366,0.035764160908238266,0.8867938761184305,0.019927652007958523,0.8698698657174102,0.027534083661996188,0.4789090411669272,0.02920416387455656,0.49535653961528886,0.022137830730770258,422.6666666666667,26.6520793435209,13.0,3.605551275463989,0.0,0.0,103.0,90.37145567047152,319.6666666666667,72.41776945842321,131.33333333333334,54.41813423238005,0.6163841781776144,0.12599042739418984,0.37135643511830924,0.023154459313138878
diagnosis_fd001,interface,cmapss:FD001,diagnosis,query single_sensor_0 | circuit,,,,,,,,,,,,,,,,,,,,,,,,,,,,,,,3,"[11, 12, 13]",interface,,,,,,,,,,,3.1789143880208335e-06,1.1012082465927615e-06,1.650210862334158,0.34506943531058226,0.8388863303334801,0.008728798982906055,871.3333333333334,59.87765303795175,1.0,0.0,1.0,0.0,1.0,0.0,6.0,0.0,55372.0,0.0,360.0,0.0,2.0,0.0,1.632557,0.33733230520215524,24123734.666666668,1657772.7020087324,313680.0,21555.955093662633,13070.0,898.1647955692764,368640.0,0.0,-2.6521163931647607e-07,5.033137549705404e-07,7.368609923711725e-07,1.140559572894829e-07,1.0894801031705963e-06,5.94285721640889e-08,-1.9073486328125e-06,0.0,1.2715657552083333e-06,1.1012082465927617e-06,,,,,,,,,,,,,,,,,,,,,,,,,,,,,,,,,,,,,,,,,,,,
diagnosis_fd001,interface,cmapss:FD001,diagnosis,joint | single_sensor_0 | circuit,,,,,,,,,,,,,,,,,,,,,,,,,,,,,,,3,"[11, 12, 13]",interface,,,,,,,,,,,,,,,,,,,,,,,,,,,,,,,,,,,,,,,,,,,,,,,,,,,,,0.10000000000000002,1.6996749443881478e-17,10.0,0.0,24.929638544718426,0.8531142841455904,73.60391743977864,13.950363420279798,0.07583355505312568,0.045152318194755736,0.18091051308187275,0.05278071669282619,0.5609870291330861,0.004824556016855088,0.6127195931930656,0.008030009450469,0.5295748531537147,0.009672212240937648,0.4716282879816507,0.024711950880635217,0.6416717532105696,0.006698753967686784,0.592688455735009,0.015834338780158774,0.5694142486185341,0.01114250675951194,,,0.0,0.0,361.0,25.11971337416094,74.66666666666667,6.110100926607787,74.66666666666667,6.110100926607787,0.0,0.0,0.0,0.0,,,0.0,0.0
diagnosis_fd001,interface,cmapss:FD001,diagnosis,independent | single_sensor_0 | circuit,,,,,,,,,,,,,,,,,,,,,,,,,,,,,,,3,"[11, 12, 13]",interface,,,,,,,,,,,,,,,,,,,,,,,,,,,,,,,,,,,,,,,,,,,,,,,,,,,,,0.10000000000000002,1.6996749443881478e-17,10.0,0.0,24.9296391805013,0.8531145376100514,73.60392506917317,13.950356616970806,0.07583355505312568,0.045152318194755736,0.18091051308187275,0.05278071669282619,0.5609889645857401,0.004825858543909316,0.61270076876889,0.008027440994612991,0.5295432661314683,0.00968632868697749,0.4716428038765556,0.024715270021180256,0.6416880345521522,0.006695281879705495,0.592688455735009,0.015834338780158774,0.5694293088594979,0.011155991031002456,,,0.0,0.0,361.0,25.11971337416094,74.66666666666667,6.110100926607787,74.66666666666667,6.110100926607787,0.0,0.0,0.0,0.0,,,0.0,0.0
diagnosis_fd001,interface,cmapss:FD001,diagnosis,marginal_max | single_sensor_0 | circuit,,,,,,,,,,,,,,,,,,,,,,,,,,,,,,,3,"[11, 12, 13]",interface,,,,,,,,,,,,,,,,,,,,,,,,,,,,,,,,,,,,,,,,,,,,,,,,,,,,,0.10000000000000002,1.6996749443881478e-17,10.0,0.0,24.9296391805013,0.8531145376100514,73.60392506917317,13.950356616970806,0.07583355505312568,0.045152318194755736,0.18091051308187275,0.05278071669282619,0.5609889645857401,0.004825858543909316,0.61270076876889,0.008027440994612991,0.5295432661314683,0.00968632868697749,0.4716428038765556,0.024715270021180256,0.6416880345521522,0.006695281879705495,0.592688455735009,0.015834338780158774,0.5694293088594979,0.011155991031002456,,,0.0,0.0,361.0,25.11971337416094,74.66666666666667,6.110100926607787,74.66666666666667,6.110100926607787,0.0,0.0,0.0,0.0,,,0.0,0.0
diagnosis_fd001,interface,cmapss:FD001,diagnosis,conditional_max | single_sensor_0 | circuit,,,,,,,,,,,,,,,,,,,,,,,,,,,,,,,3,"[11, 12, 13]",interface,,,,,,,,,,,,,,,,,,,,,,,,,,,,,,,,,,,,,,,,,,,,,,,,,,,,,0.10000000000000002,1.6996749443881478e-17,10.0,0.0,24.9296391805013,0.8531145376100514,73.60392506917317,13.950356616970806,0.07583355505312568,0.045152318194755736,0.18091051308187275,0.05278071669282619,0.5609889645857401,0.004825858543909316,0.61270076876889,0.008027440994612991,0.5295432661314683,0.00968632868697749,0.4716428038765556,0.024715270021180256,0.6416880345521522,0.006695281879705495,0.592688455735009,0.015834338780158774,0.5694293088594979,0.011155991031002456,,,0.0,0.0,361.0,25.11971337416094,74.66666666666667,6.110100926607787,74.66666666666667,6.110100926607787,0.0,0.0,0.0,0.0,,,0.0,0.0
diagnosis_fd001,interface,cmapss:FD001,diagnosis,relational_max | single_sensor_0 | circuit,,,,,,,,,,,,,,,,,,,,,,,,,,,,,,,3,"[11, 12, 13]",interface,,,,,,,,,,,,,,,,,,,,,,,,,,,,,,,,,,,,,,,,,,,,,,,,,,,,,0.10000000000000002,1.6996749443881478e-17,10.0,0.0,0.0,0.0,0.0,0.0,0.0,0.0,0.0,0.0,0.5,0.0,0.5,0.0,0.5,0.0,0.5,0.0,0.5,0.0,0.5,0.0,0.5,0.0,,,0.0,0.0,361.0,25.11971337416094,74.66666666666667,6.110100926607787,74.66666666666667,6.110100926607787,0.0,0.0,0.0,0.0,,,0.0,0.0
diagnosis_fd001,mixture,cmapss:FD001,diagnosis,model,-1.986821492513021e-07,1.8209519763612112e-07,2400.0,0.0,2341.0,0.0,18408.0,0.0,23149.0,0.0,171372.0,0.0,2760.0,103.92304845413264,180.0,0.0,176.0,5.196152422706632,22.24053382873535,3.2854853317449133,114.9379231929779,9.599468188751885,16.960672896783265,1.9772992449954356,0.02,0.0,180.0,0.0,256.0,0.0,3,"[11, 12, 13]",mixture,,,,,,,,,,,,,,,,,,,,,,,,,,,,,,,,,,,,,,,,,,,,,,,,,,,,,,,,,,,,,,,,,,,,,,,,,,,,,,,,,,,,,,,,,,,,,,,,
diagnosis_fd001,mixture,cmapss:FD001,diagnosis,shortcut audit,,,,,,,,,,,,,,,,,,,,,,,,,,,,,,,3,"[11, 12, 13]",mixture,0.5580858376836484,0.011033518695286345,0.0,0.0,1128.0,157.12415473121885,871.3333333333334,59.87765303795175,42.0,0.0,,,,,,,,,,,,,,,,,,,,,,,,,,,,,,,,,,,,,,,,,,,,,,,,,,,,,,,,,,,,,,,,,,,,,,,,,,,,,,,,,,,,,,
diagnosis_fd001,mixture,cmapss:FD001,diagnosis,query full | circuit,,,,,,,,,,,,,,,,,,,,,,,,,,,,,,,3,"[11, 12, 13]",mixture,,,,,,,,,,,1.9073486328125e-05,3.814697265625e-06,1.110668084333156,0.09345623470040838,0.5261952796681726,0.08879355281892325,871.3333333333334,59.87765303795175,15.0,0.0,15.0,0.0,15.0,0.0,6.0,0.0,47356.0,0.0,360.0,0.0,2.0,0.0,1.089672,0.08886000846275,20631430.666666668,1417783.0686326218,313680.0,21555.955093662633,13070.0,898.1647955692764,368640.0,0.0,12.051790237426758,1.0611949128776668,12.051790237426758,1.0611949128776668,3.2753207683563232,0.341636216766358,6.589831193288167,0.8441983352597932,17.01273504892985,1.2139802375271276,,,,,,,,,,,,,,,,,,,,,,,,,,,,,,,,,,,,,,,,,,,,
diagnosis_fd001,mixture,cmapss:FD001,diagnosis,joint | full | circuit,,,,,,,,,,,,,,,,,,,,,,,,,,,,,,,3,"[11, 12, 13]",mixture,,,,,,,,,,,,,,,,,,,,,,,,,,,,,,,,,,,,,,,,,,,,,,,,,,,,,0.10000000000000002,1.6996749443881478e-17,10.0,0.0,48.072303771972656,7.309083256275862,963.9551798502604,196.7616142254073,0.06916236084805087,0.032357560802124964,0.5790293168236119,0.04776250289373876,0.8077829393272968,0.002169669951796148,0.8562137264606559,0.006933421294711078,0.5203703636250162,0.00754770821317445,0.5969623902139913,0.005761620033708087,0.997970872946027,0.002028389568335785,0.9956633297279639,0.0020040950816251238,0.9393220068729211,0.028350540597691484,0.7061891557850349,0.004527217012264499,435.6666666666667,29.938826518975876,0.0,0.0,0.0,0.0,0.0,0.0,435.6666666666667,29.938826518975876,183.33333333333334,22.941955743426348,0.6610001972192491,0.005262771049554465,0.553289127063867,0.026998733468961995
diagnosis_fd001,mixture,cmapss:FD001,diagnosis,independent | full | circuit,,,,,,,,,,,,,,,,,,,,,,,,,,,,,,,3,"[11, 12, 13]",mixture,,,,,,,,,,,,,,,,,,,,,,,,,,,,,,,,,,,,,,,,,,,,,,,,,,,,,0.10000000000000002,1.6996749443881478e-17,10.0,0.0,61.1082509358724,11.281498020379479,952.6440022786459,200.8011435897497,0.07667471337401639,0.04918212033692808,0.5583651941637681,0.054867437248890684,0.7841023417063783,0.002588779799818966,0.8403235242320948,0.006902251811401454,0.5166195046765116,0.005985642293877744,0.49214454566030996,0.027549396823670882,0.9951038990131257,0.003039256959805901,0.9908344842275675,0.003287668229416526,0.9345754603183617,0.03174241986436239,0.6628548166246894,0.0009532338436198785,435.6666666666667,29.938826518975876,0.0,0.0,0.0,0.0,0.0,0.0,435.6666666666667,29.938826518975876,192.66666666666666,29.687258770949757,0.6190504885327334,0.0019259277910855114,0.5276036889313835,0.029531069089159718
diagnosis_fd001,mixture,cmapss:FD001,diagnosis,marginal_max | full | circuit,,,,,,,,,,,,,,,,,,,,,,,,,,,,,,,3,"[11, 12, 13]",mixture,,,,,,,,,,,,,,,,,,,,,,,,,,,,,,,,,,,,,,,,,,,,,,,,,,,,,0.10000000000000002,1.6996749443881478e-17,10.0,0.0,30.244984944661457,1.676695821773179,537.0757751464844,117.92885096194611,0.026181321028796032,0.026511989922381855,0.5791203940497293,0.015934142894514124,0.7899285901290067,0.003619536669809367,0.8522956896248871,0.00209557813003931,0.512089160473852,0.006895392037443077,0.48756522939800645,0.014976536103207129,0.9978807485659916,0.002405476263395134,0.9971494311988794,0.0014480930488400497,0.9631302665050155,0.017374126134824877,0.6628548166246894,0.0009532338436198785,435.6666666666667,29.938826518975876,0.0,0.0,0.0,0.0,0.0,0.0,435.6666666666667,29.938826518975876,183.33333333333334,13.576941236277534,0.6190504885327334,0.0019259277910855114,0.5721734573668273,0.009187255087642048
diagnosis_fd001,mixture,cmapss:FD001,diagnosis,conditional_max | full | circuit,,,,,,,,,,,,,,,,,,,,,,,,,,,,,,,3,"[11, 12, 13]",mixture,,,,,,,,,,,,,,,,,,,,,,,,,,,,,,,,,,,,,,,,,,,,,,,,,,,,,0.10000000000000002,1.6996749443881478e-17,10.0,0.0,28.839305877685547,1.6934055838640074,537.1634216308594,117.23852695433955,0.03887211647841745,0.03404424682843992,0.603642724573802,0.01478654944220925,0.8117849764195818,0.002676409255685288,0.8670098306398207,0.002007466860766374,0.5136497718410463,0.010352373544795315,0.5923130112089777,0.011192298088445796,0.9999049239730232,0.00011306671835011869,0.9994827417746638,0.0005741630268289459,0.964356554636264,0.015932934605461066,0.7061891557850349,0.004527217012264499,435.6666666666667,29.938826518975876,0.0,0.0,0.0,0.0,0.0,0.0,435.6666666666667,29.938826518975876,172.66666666666666,13.051181300301263,0.6610001972192491,0.005262771049554465,0.5926257009483938,0.011004229534795172
diagnosis_fd001,mixture,cmapss:FD001,diagnosis,relational_max | full | circuit,,,,,,,,,,,,,,,,,,,,,,,,,,,,,,,3,"[11, 12, 13]",mixture,,,,,,,,,,,,,,,,,,,,,,,,,,,,,,,,,,,,,,,,,,,,,,,,,,,,,0.10000000000000002,1.6996749443881478e-17,10.0,0.0,3.0712618827819824,0.3383883972054328,14.545614242553711,0.9588037514265167,0.03739633334183765,0.021639513953998372,0.4330584412875866,0.04234983502278523,0.7333025911637416,0.011971105207247716,0.7976542835424721,0.010823763997287746,0.5149194125894753,0.032465373605190403,0.7898418676759897,0.028715888283934114,0.9528271526500407,0.005359804151050238,0.9298088963283457,0.012213001027081559,0.4922991618611879,0.030154481818612786,0.5296607661514691,0.016299860831598716,435.6666666666667,29.938826518975876,0.0,0.0,0.0,0.0,0.0,0.0,435.6666666666667,29.938826518975876,246.66666666666666,18.929694486000912,0.5179377589008854,0.03041766316105635,0.4020051163613818,0.03534879550787784
diagnosis_fd001,mixture,cmapss:FD001,diagnosis,query random1:1 | circuit,,,,,,,,,,,,,,,,,,,,,,,,,,,,,,,3,"[11, 12, 13]",mixture,,,,,,,,,,,1.5894571940104168e-05,1.1012082465927615e-06,1.2321592839992566,0.09128524922015122,0.4707640399998733,0.07312900307045407,871.3333333333334,59.87765303795175,14.0,0.0,14.0,0.0,14.0,0.0,6.0,0.0,47356.0,0.0,360.0,0.0,2.0,0.0,1.2183446666666666,0.08987625032417264,20631430.666666668,1417783.0686326218,313680.0,21555.955093662633,13070.0,898.1647955692764,368640.0,0.0,11.245495478312174,0.9864591137491568,11.245495478312174,0.9864591137491568,3.0682851473490396,0.46536119625148414,5.88242753346761,1.091821238567211,15.812121391296387,1.0948888045598246,,,,,,,,,,,,,,,,,,,,,,,,,,,,,,,,,,,,,,,,,,,,
diagnosis_fd001,mixture,cmapss:FD001,diagnosis,joint | random1:1 | circuit,,,,,,,,,,,,,,,,,,,,,,,,,,,,,,,3,"[11, 12, 13]",mixture,,,,,,,,,,,,,,,,,,,,,,,,,,,,,,,,,,,,,,,,,,,,,,,,,,,,,0.10000000000000002,1.6996749443881478e-17,10.0,0.0,28.94730504353841,8.186588749739407,961.181884765625,187.36553527838566,0.06486634244956026,0.023376040876374144,0.5657926654687723,0.040289798026526394,0.8024770371436659,0.0012508239361434883,0.8516660663656511,0.004505145042173881,0.5214620723439164,0.003167575707387403,0.5948122095053338,0.01565597555244377,0.9979135602642177,0.0022717111884841402,0.9923390405464514,0.0013890581502227072,0.916466553372465,0.014023776790563531,0.7173863663719674,0.0010876639077219532,426.6666666666667,31.182259913824932,9.0,2.6457513110645907,0.0,0.0,0.0,0.0,426.6666666666667,31.182259913824932,180.33333333333334,23.007245235649865,0.6733807195525033,0.0030382881730039797,0.538338733577043,0.02631252559460503
diagnosis_fd001,mixture,cmapss:FD001,diagnosis,independent | random1:1 | circuit,,,,,,,,,,,,,,,,,,,,,,,,,,,,,,,3,"[11, 12, 13]",mixture,,,,,,,,,,,,,,,,,,,,,,,,,,,,,,,,,,,,,,,,,,,,,,,,,,,,,0.10000000000000002,1.6996749443881478e-17,10.0,0.0,41.12376340230306,12.552359433007057,951.6127522786459,198.3150110519081,0.07221735586087417,0.03913768515977284,0.5489033273357623,0.05617622262172694,0.7794878913213883,0.0024696007299189362,0.8361716184811562,0.004785641125796098,0.5168288472559402,0.0037131407986093503,0.49631007839355185,0.03168062898086162,0.994828447659532,0.003559601828604308,0.9858042360736774,0.003525434157517825,0.9119502869540824,0.016336866232643233,0.6733061635210064,0.0041027199837589704,426.6666666666667,31.182259913824932,9.0,2.6457513110645907,0.0,0.0,0.0,0.0,426.6666666666667,31.182259913824932,188.0,32.0,0.6282093689011683,0.006788524521240308,0.5166160659578923,0.035583601840272955
diagnosis_fd001,mixture,cmapss:FD001,diagnosis,marginal_max | random1:1 | circuit,,,,,,,,,,,,,,,,,,,,,,,,,,,,,,,3,"[11, 12, 13]",mixture,,,,,,,,,,,,,,,,,,,,,,,,,,,,,,,,,,,,,,,,,,,,,,,,,,,,,0.10000000000000002,1.6996749443881478e-17,10.0,0.0,28.315983454386394,1.9652197590391494,538.2002665201823,117.99744505198927,0.05705435435398951,0.03729698827395219,0.5858169392301483,0.02424119022762649,0.7858325818407361,0.004781926210107298,0.8484789662709838,0.003141649379264314,0.5170125668998855,0.00534425220272872,0.4929716933615256,0.008736247800486536,0.9986657441295437,0.0013589552926716111,0.9956037142616617,0.004230129197251998,0.9322142436069343,0.018814628970549613,0.6733061635210064,0.0041027199837589704,426.6666666666667,31.182259913824932,9.0,2.6457513110645907,0.0,0.0,0.0,0.0,426.6666666666667,31.182259913824932,172.0,19.697715603592208,0.6282093689011683,0.006788524521240308,0.5655225520413812,0.00902496279528536
diagnosis_fd001,mixture,cmapss:FD001,diagnosis,conditional_max | random1:1 | circuit,,,,,,,,,,,,,,,,,,,,,,,,,,,,,,,3,"[11, 12, 13]",mixture,,,,,,,,,,,,,,,,,,,,,,,,,,,,,,,,,,,,,,,,,,,,,,,,,,,,,0.10000000000000002,1.6996749443881478e-17,10.0,0.0,27.043277104695637,1.7028449591151091,538.4708862304688,117.2059370119334,0.06109706548286522,0.034944977137316285,0.6134448047306701,0.025107630040499977,0.8117316865491654,0.006920684865398167,0.8656063601124457,0.0034839269527673555,0.5188049249247908,0.006576658095630329,0.6172990403945465,0.009245793881297494,0.9999049239730232,0.00011306671835011869,0.9996385635233103,0.00028131228714761274,0.9334266744348962,0.02119170801885857,0.7173863663719674,0.0010876639077219532,426.6666666666667,31.182259913824932,9.0,2.6457513110645907,0.0,0.0,0.0,0.0,426.6666666666667,31.182259913824932,160.33333333333334,19.553345834749955,0.6733807195525033,0.0030382881730039797,0.5922265648254003,0.015545012444786718
diagnosis_fd001,mixture,cmapss:FD001,diagnosis,relational_max | random1:1 | circuit,,,,,,,,,,,,,,,,,,,,,,,,,,,,,,,3,"[11, 12, 13]",mixture,,,,,,,,,,,,,,,,,,,,,,,,,,,,,,,,,,,,,,,,,,,,,,,,,,,,,0.10000000000000002,1.6996749443881478e-17,10.0,0.0,3.0613786379496255,0.3279828292062219,14.643204689025879,0.8709092459758944,0.03732898722043564,0.021409316157308532,0.41822593388579027,0.0387393692684053,0.7242328252446274,0.006738608312785162,0.7905602392368755,0.005369647007933637,0.5016426000347995,0.019612794648312816,0.7791422724069212,0.015549382184129637,0.9500835293410447,0.008836687601255258,0.9088523617695928,0.010483435779627629,0.4951829284754174,0.03696991728765077,0.5455465521150619,0.01803675020466541,426.6666666666667,31.182259913824932,9.0,2.6457513110645907,0.0,0.0,0.0,0.0,426.6666666666667,31.182259913824932,244.66666666666666,13.316656236958785,0.5235602761448078,0.025121220663858697,0.38734727151016085,0.029320657595414718
diagnosis_fd001,mixture,cmapss:FD001,diagnosis,query random3:5-8-14 | circuit,,,,,,,,,,,,,,,,,,,,,,,,,,,,,,,3,"[11, 12, 13]",mixture,,,,,,,,,,,1.3987223307291666e-05,2.2024164931855234e-06,1.1120772713317517,0.08689796299367111,0.5291249073319099,0.08738642034670267,871.3333333333334,59.87765303795175,12.0,0.0,12.0,0.0,12.0,0.0,6.0,0.0,47356.0,0.0,360.0,0.0,2.0,0.0,1.093189,0.0844375960517588,20631430.666666668,1417783.0686326218,313680.0,21555.955093662633,13070.0,898.1647955692764,368640.0,0.0,8.623011589050293,0.864222985105826,8.624093850453695,0.86245888807354,2.6423837343851724,0.14254905932092007,4.207420984903972,0.5639293282907349,12.515363375345865,1.0716634504021012,,,,,,,,,,,,,,,,,,,,,,,,,,,,,,,,,,,,,,,,,,,,
diagnosis_fd001,mixture,cmapss:FD001,diagnosis,joint | random3:5-8-14 | circuit,,,,,,,,,,,,,,,,,,,,,,,,,,,,,,,3,"[11, 12, 13]",mixture,,,,,,,,,,,,,,,,,,,,,,,,,,,,,,,,,,,,,,,,,,,,,,,,,,,,,0.10000000000000002,1.6996749443881478e-17,10.0,0.0,13.134238878885904,8.113678665309227,873.0417073567709,269.6826782506173,0.07836338800801675,0.06792890567519196,0.5514198368547296,0.0707346464600721,0.7867164586876424,0.003817552536815972,0.8389257124183339,0.005976154302938832,0.5158864111664224,0.014042693866150934,0.5753301104691435,0.009768958852188538,0.9864367013763674,0.011399859742889172,0.9796597183143662,0.00871168031436074,0.8860494937884287,0.031228939701265262,0.7202790103691141,0.011120918409917005,403.3333333333333,29.19474838619667,32.333333333333336,2.0816659994661326,0.0,0.0,0.0,0.0,403.3333333333333,29.19474838619667,163.66666666666666,22.03028218914441,0.6644112267139468,0.018845844128197405,0.5128870427763287,0.04157755997409374
diagnosis_fd001,mixture,cmapss:FD001,diagnosis,independent | random3:5-8-14 | circuit,,,,,,,,,,,,,,,,,,,,,,,,,,,,,,,3,"[11, 12, 13]",mixture,,,,,,,,,,,,,,,,,,,,,,,,,,,,,,,,,,,,,,,,,,,,,,,,,,,,,0.10000000000000002,1.6996749443881478e-17,10.0,0.0,21.078759511311848,7.267702335636303,867.0709025065104,266.9106225281414,0.09239268255840748,0.06804972311191637,0.5358949157525533,0.06570886893007638,0.7664778584412675,0.00395850024395002,0.8250766066225155,0.006861118057313548,0.5101776326520694,0.010687412992637186,0.4941495496801614,0.023881203200021853,0.9807191193283923,0.012825103723210364,0.9710766495733675,0.009089058170351069,0.884294361295835,0.033385355808767295,0.6808129484779641,0.011074637667512755,403.3333333333333,29.19474838619667,32.333333333333336,2.0816659994661326,0.0,0.0,0.0,0.0,403.3333333333333,29.19474838619667,172.0,20.952326839756964,0.6255704151785683,0.01896450858167889,0.4908683437997224,0.03508787735812305
diagnosis_fd001,mixture,cmapss:FD001,diagnosis,marginal_max | random3:5-8-14 | circuit,,,,,,,,,,,,,,,,,,,,,,,,,,,,,,,3,"[11, 12, 13]",mixture,,,,,,,,,,,,,,,,,,,,,,,,,,,,,,,,,,,,,,,,,,,,,,,,,,,,,0.10000000000000002,1.6996749443881478e-17,10.0,0.0,28.029412587483723,3.4323288127819667,537.693613688151,117.40404650954052,0.0980774160471674,0.08618083403263191,0.5814991740684631,0.048089729585375704,0.7693025845080177,0.005544672513549737,0.8356131300372004,0.004285521301059033,0.5089754145117261,0.01104253937769378,0.4860596978892784,0.022286695654797687,0.9806460893766795,0.010128074888037016,0.9785429995178637,0.008345254189979398,0.9006598939075731,0.03335876214603941,0.6808129484779641,0.011074637667512755,403.3333333333333,29.19474838619667,32.333333333333336,2.0816659994661326,0.0,0.0,0.0,0.0,403.3333333333333,29.19474838619667,152.33333333333334,14.0118997046558,0.6255704151785683,0.01896450858167889,0.5355109659167071,0.008405138012769618
diagnosis_fd001,mixture,cmapss:FD001,diagnosis,conditional_max | random3:5-8-14 | circuit,,,,,,,,,,,,,,,,,,,,,,,,,,,,,,,3,"[11, 12, 13]",mixture,,,,,,,,,,,,,,,,,,,,,,,,,,,,,,,,,,,,,,,,,,,,,,,,,,,,,0.10000000000000002,1.6996749443881478e-17,10.0,0.0,26.987132390340168,3.2034799002317174,537.1832173665365,117.27281312876173,0.10644076760809497,0.09075980209370035,0.6105967481907059,0.05071060779494828,0.7914108691616221,0.005421910946013263,0.8509818921628715,0.004206685132289007,0.5081767753165827,0.010583226895293169,0.5742525289162754,0.024384126184183015,0.990357268936148,0.00870805273081941,0.9919561318075538,0.004013632858189941,0.9026149896463519,0.028221615731520648,0.7202790103691141,0.011120918409917005,403.3333333333333,29.19474838619667,32.333333333333336,2.0816659994661326,0.0,0.0,0.0,0.0,403.3333333333333,29.19474838619667,139.66666666666666,12.423096769056148,0.6644112267139468,0.018845844128197405,0.5611830806132668,0.011290988480453224
diagnosis_fd001,mixture,cmapss:FD001,diagnosis,relational_max | random3:5-8-14 | circuit,,,,,,,,,,,,,,,,,,,,,,,,,,,,,,,3,"[11, 12, 13]",mixture,,,,,,,,,,,,,,,,,,,,,,,,,,,,,,,,,,,,,,,,,,,,,,,,,,,,,0.10000000000000002,1.6996749443881478e-17,10.0,0.0,1.6258195241292317,0.6311880262122409,14.531689961751303,0.9713498873615105,0.15611154915112704,0.06915853146354817,0.48092565887225414,0.07762591990530253,0.6991431486614031,0.007649044041378623,0.7647084538397398,0.00884905131461154,0.5109887073844402,0.02838194256274676,0.7282303062703956,0.024575630902339985,0.906024623176881,0.022621783553790444,0.8666990364232342,0.019649670040434872,0.4940691268504341,0.02995672733431303,0.5440315172562299,0.01758751895369696,403.3333333333333,29.19474838619667,32.333333333333336,2.0816659994661326,0.0,0.0,0.0,0.0,403.3333333333333,29.19474838619667,200.0,49.56813492557492,0.5051659853353688,0.02325789665006684,0.37735635493471315,0.043855212135635695
diagnosis_fd001,mixture,cmapss:FD001,diagnosis,query random7:3-4-8-10-11-12-14 | circuit,,,,,,,,,,,,,,,,,,,,,,,,,,,,,,,3,"[11, 12, 13]",mixture,,,,,,,,,,,2.1219253540039062e-05,3.6079277874044315e-06,1.0207271626665413,0.12113826867995439,0.5210716883326919,0.0664458576147646,871.3333333333334,59.87765303795175,8.0,0.0,8.0,0.0,8.0,0.0,6.0,0.0,47356.0,0.0,360.0,0.0,2.0,0.0,1.0060363333333335,0.1181893914712033,20631430.666666668,1417783.0686326218,313680.0,21555.955093662633,13070.0,898.1647955692764,368640.0,0.0,6.371225516001384,0.47097202096964147,6.380600770314534,0.4719969334878774,1.9898006916046143,0.11979515693305481,2.9419634342193604,0.25558716821239963,9.275823275248209,0.3673847468198279,,,,,,,,,,,,,,,,,,,,,,,,,,,,,,,,,,,,,,,,,,,,
diagnosis_fd001,mixture,cmapss:FD001,diagnosis,joint | random7:3-4-8-10-11-12-14 | circuit,,,,,,,,,,,,,,,,,,,,,,,,,,,,,,,3,"[11, 12, 13]",mixture,,,,,,,,,,,,,,,,,,,,,,,,,,,,,,,,,,,,,,,,,,,,,,,,,,,,,0.10000000000000002,1.6996749443881478e-17,10.0,0.0,105.39548238118489,1.1309102389655623,581.7408142089844,83.31266314642207,0.058450480352386654,0.030487152947490395,0.5000670626440419,0.028326598099717527,0.7578370912685984,0.008499444749578,0.8176641374329203,0.01004872566905299,0.5155283415465647,0.016418438216419067,0.5613654264559651,0.023162884477502223,0.9554623127568185,0.018227620160211733,0.9255047759767642,0.012750033100848117,0.8411753835554924,0.04368588898865796,0.796483065180416,0.0071486424337016295,331.0,20.29778313018444,104.66666666666667,11.239810200058244,0.0,0.0,0.0,0.0,331.0,20.29778313018444,119.33333333333333,4.041451884327381,0.7253155924609042,0.006059731053885874,0.47294913241753944,0.015715252470317215
diagnosis_fd001,mixture,cmapss:FD001,diagnosis,independent | random7:3-4-8-10-11-12-14 | circuit,,,,,,,,,,,,,,,,,,,,,,,,,,,,,,,3,"[11, 12, 13]",mixture,,,,,,,,,,,,,,,,,,,,,,,,,,,,,,,,,,,,,,,,,,,,,,,,,,,,,0.10000000000000002,1.6996749443881478e-17,10.0,0.0,111.73246256510417,3.2800868916373562,567.3184102376302,69.37797803946992,0.054692501983329096,0.02308450353087871,0.4708621720926258,0.025446534146728997,0.7337448240148291,0.0023534773336283932,0.799384862613469,0.0075293253339426035,0.5120162925932551,0.011550759088882123,0.46798931865656684,0.02128116344698257,0.9485058972307581,0.01434371040860329,0.9087092746879128,0.0210215762834847,0.8391183175005729,0.046210806660917654,0.7622507137519033,0.015949306937565928,331.0,20.29778313018444,104.66666666666667,11.239810200058244,0.0,0.0,0.0,0.0,331.0,20.29778313018444,133.0,7.810249675906654,0.6821986301300984,0.018644566249225076,0.44552257633944065,0.012292221774264872
diagnosis_fd001,mixture,cmapss:FD001,diagnosis,marginal_max | random7:3-4-8-10-11-12-14 | circuit,,,,,,,,,,,,,,,,,,,,,,,,,,,,,,,3,"[11, 12, 13]",mixture,,,,,,,,,,,,,,,,,,,,,,,,,,,,,,,,,,,,,,,,,,,,,,,,,,,,,0.10000000000000002,1.6996749443881478e-17,10.0,0.0,28.029412587483723,3.4323288127819667,428.86219278971356,52.04623046138261,0.08924207468170554,0.08214695193224981,0.5080500685812728,0.06304476309982827,0.7369575680983104,0.001993977139733788,0.8068218539315598,0.0028096938626585998,0.5078968321722688,0.013797412786714638,0.4828223450427873,0.021806194140539636,0.9396271602270582,0.00518236462841093,0.9061883500921061,0.013528664392585396,0.8563339728235104,0.031231053147316078,0.7622507137519033,0.015949306937565928,331.0,20.29778313018444,104.66666666666667,11.239810200058244,0.0,0.0,0.0,0.0,331.0,20.29778313018444,117.0,23.065125189341593,0.6821986301300984,0.018644566249225076,0.46333503824717037,0.023790792325754383
diagnosis_fd001,mixture,cmapss:FD001,diagnosis,conditional_max | random7:3-4-8-10-11-12-14 | circuit,,,,,,,,,,,,,,,,,,,,,,,,,,,,,,,3,"[11, 12, 13]",mixture,,,,,,,,,,,,,,,,,,,,,,,,,,,,,,,,,,,,,,,,,,,,,,,,,,,,,0.10000000000000002,1.6996749443881478e-17,10.0,0.0,26.986520131429035,3.204358387881861,429.67795817057294,50.60006773766549,0.09688288294855331,0.08781364288246639,0.5442433240069282,0.05592492308842671,0.7599647018834584,0.007339233302329182,0.8250467025343147,0.004310723538496772,0.5124079286220216,0.013261580445229047,0.5621067906471875,0.04146196695987465,0.9507289477504351,0.010973126047135375,0.9271928871638274,0.015250828204838562,0.8565857356589716,0.032055111793423983,0.796483065180416,0.0071486424337016295,331.0,20.29778313018444,104.66666666666667,11.239810200058244,0.0,0.0,0.0,0.0,331.0,20.29778313018444,103.33333333333333,16.289055630494158,0.7253155924609042,0.006059731053885874,0.4969193705344723,0.014226606874122222
diagnosis_fd001,mixture,cmapss:FD001,diagnosis,relational_max | random7:3-4-8-10-11-12-14 | circuit,,,,,,,,,,,,,,,,,,,,,,,,,,,,,,,3,"[11, 12, 13]",mixture,,,,,,,,,,,,,,,,,,,,,,,,,,,,,,,,,,,,,,,,,,,,,,,,,,,,,0.10000000000000002,1.6996749443881478e-17,10.0,0.0,2.5749486287434897,1.0624283580974125,14.952158610026041,1.5931512531256062,0.0394103184949134,0.04709012205481587,0.29694006438175813,0.11057067148191804,0.6687271276867007,0.025156923448302036,0.7325110740717112,0.028817014056530844,0.5288417641596664,0.010634020506575937,0.692234101897105,0.0345547259959719,0.810082095535169,0.06049703851797065,0.7958503974144918,0.037967396204864404,0.521995528278384,0.017705496867362322,0.5944803932286041,0.026811315520654633,331.0,20.29778313018444,104.66666666666667,11.239810200058244,0.0,0.0,0.0,0.0,331.0,20.29778313018444,207.33333333333334,43.40890845590722,0.4897564029810247,0.04198651210483162,0.257718460815127,0.07848244275234573
diagnosis_fd001,mixture,cmapss:FD001,diagnosis,query bank0:0-1-2-4-5-7-8 | circuit,,,,,,,,,,,,,,,,,,,,,,,,,,,,,,,3,"[11, 12, 13]",mixture,,,,,,,,,,,1.71661376953125e-05,5.0463701459209265e-06,1.2130295326654352,0.08441570767192874,0.5622307923319264,0.030199184070017326,871.3333333333334,59.87765303795175,8.0,0.0,8.0,0.0,8.0,0.0,6.0,0.0,47356.0,0.0,360.0,0.0,2.0,0.0,1.1963276666666667,0.08080262603612175,20631430.666666668,1417783.0686326218,313680.0,21555.955093662633,13070.0,898.1647955692764,368640.0,0.0,4.429701566696167,0.7365435551638037,4.458901484807332,0.7219634762091747,1.8114320834477742,0.19549493212676022,1.1638338764508565,0.5646292264008819,7.1422475179036455,0.8091253404058426,,,,,,,,,,,,,,,,,,,,,,,,,,,,,,,,,,,,,,,,,,,,
diagnosis_fd001,mixture,cmapss:FD001,diagnosis,joint | bank0:0-1-2-4-5-7-8 | circuit,,,,,,,,,,,,,,,,,,,,,,,,,,,,,,,3,"[11, 12, 13]",mixture,,,,,,,,,,,,,,,,,,,,,,,,,,,,,,,,,,,,,,,,,,,,,,,,,,,,,0.10000000000000002,1.6996749443881478e-17,10.0,0.0,-50.551534016927086,8.433453737805289,853.0733846028646,280.761890305643,0.07205601674622257,0.03591886138094275,0.4870984998783072,0.06643021755417335,0.7442384519710593,0.009142942591557474,0.805307831987142,0.010811925990567288,0.5246256102617503,0.014793954348505223,0.5608208160290664,0.024030869200834776,0.9585982978078963,0.0176317321018643,0.9403389243972291,0.020500004366894527,0.7444359609257307,0.005331600280557004,0.7546879112928314,0.0072098894260959395,329.3333333333333,35.64173583501978,106.33333333333333,7.571877794400366,0.0,0.0,0.0,0.0,329.3333333333333,35.64173583501978,124.0,25.632011235952593,0.6919870983453826,0.011203715711558085,0.435763382257476,0.03128430458985967
diagnosis_fd001,mixture,cmapss:FD001,diagnosis,independent | bank0:0-1-2-4-5-7-8 | circuit,,,,,,,,,,,,,,,,,,,,,,,,,,,,,,,3,"[11, 12, 13]",mixture,,,,,,,,,,,,,,,,,,,,,,,,,,,,,,,,,,,,,,,,,,,,,,,,,,,,,0.10000000000000002,1.6996749443881478e-17,10.0,0.0,-45.41247431437174,7.259299319452861,842.9518229166666,291.0100105516108,0.0679452305541618,0.026911709850501033,0.4708608761961226,0.057094606155826226,0.731320004788512,0.00583330995416465,0.7954288929432544,0.009070580028584081,0.5236498214351194,0.013872333017080615,0.5180442709131133,0.016326898903482507,0.9512909124928394,0.020488184924351453,0.9275098793216553,0.016651089836266703,0.7424998667768898,0.004504404567768946,0.7402626981699733,0.003978400645307828,329.3333333333333,35.64173583501978,106.33333333333333,7.571877794400366,0.0,0.0,0.0,0.0,329.3333333333333,35.64173583501978,130.33333333333334,23.007245235649865,0.6739047327777352,0.00683584868260613,0.42126687652090666,0.026620764026705216
diagnosis_fd001,mixture,cmapss:FD001,diagnosis,marginal_max | bank0:0-1-2-4-5-7-8 | circuit,,,,,,,,,,,,,,,,,,,,,,,,,,,,,,,3,"[11, 12, 13]",mixture,,,,,,,,,,,,,,,,,,,,,,,,,,,,,,,,,,,,,,,,,,,,,,,,,,,,,0.10000000000000002,1.6996749443881478e-17,10.0,0.0,28.315983454386394,1.9652197590391494,539.7431233723959,117.61082040618228,0.031967336928636195,0.02036130582627228,0.45843727840676,0.032503972702085056,0.7294128920834672,0.016991180121597477,0.8001669691798882,0.01576863741581285,0.5098926929795952,0.017689006683417566,0.5076041810327595,0.0356493765086735,0.9494161211050433,0.02121733121166438,0.9447600509425129,0.023725650416621964,0.7413712470216066,0.026473747156711244,0.7402626981699733,0.003978400645307828,329.3333333333333,35.64173583501978,106.33333333333333,7.571877794400366,0.0,0.0,0.0,0.0,329.3333333333333,35.64173583501978,132.33333333333334,14.742229591663989,0.6739047327777352,0.00683584868260613,0.44202499217400004,0.02860333562334285
diagnosis_fd001,mixture,cmapss:FD001,diagnosis,conditional_max | bank0:0-1-2-4-5-7-8 | circuit,,,,,,,,,,,,,,,,,,,,,,,,,,,,,,,3,"[11, 12, 13]",mixture,,,,,,,,,,,,,,,,,,,,,,,,,,,,,,,,,,,,,,,,,,,,,,,,,,,,,0.10000000000000002,1.6996749443881478e-17,10.0,0.0,27.43371836344401,1.1848058347590327,539.5476481119791,117.16810053474958,0.023331847102031195,0.011280648654382166,0.4704693939618512,0.02406663689250953,0.742902019804259,0.02047329579780836,0.8112378802751312,0.018218491307644625,0.5080238294311413,0.012026919304312562,0.5631038782141339,0.033792043850050704,0.957383953428975,0.024363803485786446,0.9523965174043592,0.031130812486062556,0.7408325480710483,0.02913695103366041,0.7546879112928314,0.0072098894260959395,329.3333333333333,35.64173583501978,106.33333333333333,7.571877794400366,0.0,0.0,0.0,0.0,329.3333333333333,35.64173583501978,126.33333333333333,11.846237095944574,0.6919870983453826,0.011203715711558085,0.4603628996170221,0.0280926863893331
diagnosis_fd001,mixture,cmapss:FD001,diagnosis,relational_max | bank0:0-1-2-4-5-7-8 | circuit,,,,,,,,,,,,,,,,,,,,,,,,,,,,,,,3,"[11, 12, 13]",mixture,,,,,,,,,,,,,,,,,,,,,,,,,,,,,,,,,,,,,,,,,,,,,,,,,,,,,0.10000000000000002,1.6996749443881478e-17,10.0,0.0,2.397333780924479,0.4582621369486107,13.967795689900717,1.3725732682014251,0.03786978102993804,0.0226244043862151,0.2690092020800759,0.06465692580215769,0.6581812803524462,0.029294411382334032,0.7173624284978423,0.02738216787286593,0.5140644400022907,0.04091461069924707,0.6334904321624583,0.04330345672025206,0.8713811587030565,0.023355838518930645,0.7901183388467184,0.0451508893128815,0.4932711461824102,0.04012660645204969,0.6051820866123151,0.015449362401448565,329.3333333333333,35.64173583501978,106.33333333333333,7.571877794400366,0.0,0.0,0.0,0.0,329.3333333333333,35.64173583501978,215.0,31.606961258558215,0.5121282632889025,0.027075832563424957,0.23427233184021756,0.054700426404641525
diagnosis_fd001,mixture,cmapss:FD001,diagnosis,query bank1:3 | circuit,,,,,,,,,,,,,,,,,,,,,,,,,,,,,,,3,"[11, 12, 13]",mixture,,,,,,,,,,,2.2252400716145832e-05,5.506041232963807e-06,1.0379733869995107,0.16345683742686887,0.5241114076670783,0.08882087039222578,871.3333333333334,59.87765303795175,14.0,0.0,14.0,0.0,14.0,0.0,6.0,0.0,47356.0,0.0,360.0,0.0,2.0,0.0,1.0229126666666668,0.15943629072558524,20631430.666666668,1417783.0686326218,313680.0,21555.955093662633,13070.0,898.1647955692764,368640.0,0.0,12.021909395853678,1.0438173687789325,12.021909395853678,1.0438173687789325,3.256397565205892,0.36774813993919914,6.5687360763549805,0.8168871374083471,16.8431339263916,1.3125872443401663,,,,,,,,,,,,,,,,,,,,,,,,,,,,,,,,,,,,,,,,,,,,
diagnosis_fd001,mixture,cmapss:FD001,diagnosis,joint | bank1:3 | circuit,,,,,,,,,,,,,,,,,,,,,,,,,,,,,,,3,"[11, 12, 13]",mixture,,,,,,,,,,,,,,,,,,,,,,,,,,,,,,,,,,,,,,,,,,,,,,,,,,,,,0.10000000000000002,1.6996749443881478e-17,10.0,0.0,127.08964284261067,6.353162500415512,753.7376302083334,172.99628713980945,0.03635386559852397,0.010840509489909398,0.5444130864488508,0.03155226285042959,0.8069065494118554,0.002359324208789498,0.8549641580103507,0.006847890035683946,0.5252662404727951,0.004997977006599922,0.6006669771862864,0.006508084141143454,0.9952994159869325,0.002148680495125687,0.9927256858631933,0.0014845791645323075,0.9319448144473942,0.031680314670628325,0.7291813803560573,0.004377745658444482,425.0,28.160255680657446,10.666666666666666,2.5166114784235836,0.0,0.0,0.0,0.0,425.0,28.160255680657446,187.66666666666666,14.0118997046558,0.6767069977539726,0.0036436924820331903,0.5354051073710998,0.026597074548555037
diagnosis_fd001,mixture,cmapss:FD001,diagnosis,independent | bank1:3 | circuit,,,,,,,,,,,,,,,,,,,,,,,,,,,,,,,3,"[11, 12, 13]",mixture,,,,,,,,,,,,,,,,,,,,,,,,,,,,,,,,,,,,,,,,,,,,,,,,,,,,,0.10000000000000002,1.6996749443881478e-17,10.0,0.0,140.06757609049478,10.420016930705781,751.4866129557291,167.9111775122187,0.047519633844443014,0.02152135786509297,0.5221425380861958,0.039211603560513224,0.7795940577748924,0.004958105495004394,0.8356188739832634,0.0067033759537965835,0.5202209731063232,0.004039233559246577,0.4858987071945698,0.0318741753145401,0.9902410444786658,0.002440417621036118,0.9816386166243453,0.005723029762939909,0.9284150665044636,0.03365013006585264,0.6826267525340833,0.0021325165324123925,425.0,28.160255680657446,10.666666666666666,2.5166114784235836,0.0,0.0,0.0,0.0,425.0,28.160255680657446,197.66666666666666,21.594752448994022,0.632105260917745,0.005684510785267338,0.505985583961337,0.03049642115256046
diagnosis_fd001,mixture,cmapss:FD001,diagnosis,marginal_max | bank1:3 | circuit,,,,,,,,,,,,,,,,,,,,,,,,,,,,,,,3,"[11, 12, 13]",mixture,,,,,,,,,,,,,,,,,,,,,,,,,,,,,,,,,,,,,,,,,,,,,,,,,,,,,0.10000000000000002,1.6996749443881478e-17,10.0,0.0,30.244984944661457,1.676695821773179,537.0757751464844,117.92885096194611,0.026181321028796032,0.026511989922381855,0.5713561921377149,0.021259202036766418,0.7874844330501417,0.0043678758749657615,0.8499323879761893,0.003262715890283253,0.512089160473852,0.006895392037443077,0.48756522939800645,0.014976536103207129,0.9896218085524193,0.0016595279083670437,0.9928567349872489,0.006814299581775646,0.9631302665050155,0.017374126134824877,0.6826267525340833,0.0021325165324123925,425.0,28.160255680657446,10.666666666666666,2.5166114784235836,0.0,0.0,0.0,0.0,425.0,28.160255680657446,176.0,13.892443989449804,0.632105260917745,0.005684510785267338,0.5644092554548131,0.014747476645418093
diagnosis_fd001,mixture,cmapss:FD001,diagnosis,conditional_max | bank1:3 | circuit,,,,,,,,,,,,,,,,,,,,,,,,,,,,,,,3,"[11, 12, 13]",mixture,,,,,,,,,,,,,,,,,,,,,,,,,,,,,,,,,,,,,,,,,,,,,,,,,,,,,0.10000000000000002,1.6996749443881478e-17,10.0,0.0,28.83930206298828,1.6934124000808095,537.1633809407552,117.23845647872423,0.03887211647841745,0.03404424682843992,0.6012730563273565,0.01868109429323928,0.8114566247700812,0.002873613409754426,0.8665994541497803,0.0022341332936227933,0.5135770721718053,0.01040475115836572,0.5924901213116381,0.011484912745776081,0.9983159528417197,0.0014708275063749462,0.9994345777859147,0.0006549093519385114,0.9642763245288415,0.01602569616510135,0.7291813803560573,0.004377745658444482,425.0,28.160255680657446,10.666666666666666,2.5166114784235836,0.0,0.0,0.0,0.0,425.0,28.160255680657446,163.0,13.076696830622021,0.6767069977539726,0.0036436924820331903,0.5902560327019483,0.01495500526439087
diagnosis_fd001,mixture,cmapss:FD001,diagnosis,relational_max | bank1:3 | circuit,,,,,,,,,,,,,,,,,,,,,,,,,,,,,,,3,"[11, 12, 13]",mixture,,,,,,,,,,,,,,,,,,,,,,,,,,,,,,,,,,,,,,,,,,,,,,,,,,,,,0.10000000000000002,1.6996749443881478e-17,10.0,0.0,3.0707372029622397,0.33845390331729036,15.315035502115885,1.2901953374132338,0.03581655451087399,0.021495774854553392,0.4236604378591304,0.03306960005818598,0.7302706000047832,0.01004615717156566,0.7945709171387865,0.009161663667085316,0.5200639842499614,0.035440617013816136,0.7949311942114624,0.028407844964119,0.9422134109961545,0.0030217207263454095,0.9204105274332345,0.017923440249873104,0.486934702322499,0.026342652965840332,0.5446423307172195,0.012687919673677679,425.0,28.160255680657446,10.666666666666666,2.5166114784235836,0.0,0.0,0.0,0.0,425.0,28.160255680657446,240.33333333333334,10.969655114602888,0.5169935562991493,0.025524684522645894,0.3941062222065635,0.026207880823116304
diagnosis_fd001,mixture,cmapss:FD001,diagnosis,query bank2:6-10 | circuit,,,,,,,,,,,,,,,,,,,,,,,,,,,,,,,3,"[11, 12, 13]",mixture,,,,,,,,,,,1.5735626220703125e-05,4.76837158203125e-07,0.9867911050011268,0.12057121581536995,0.5118400403334817,0.057489460094902994,871.3333333333334,59.87765303795175,13.0,0.0,13.0,0.0,13.0,0.0,6.0,0.0,47356.0,0.0,360.0,0.0,2.0,0.0,0.9723256666666668,0.11519907223729423,20631430.666666668,1417783.0686326218,313680.0,21555.955093662633,13070.0,898.1647955692764,368640.0,0.0,10.932102839152018,0.8425484652759943,10.932233492533365,0.842338579577958,3.1596522331237793,0.2563942725972744,5.601723512013753,0.5039866024036972,15.650185585021973,0.9738744764402488,,,,,,,,,,,,,,,,,,,,,,,,,,,,,,,,,,,,,,,,,,,,
diagnosis_fd001,mixture,cmapss:FD001,diagnosis,joint | bank2:6-10 | circuit,,,,,,,,,,,,,,,,,,,,,,,,,,,,,,,3,"[11, 12, 13]",mixture,,,,,,,,,,,,,,,,,,,,,,,,,,,,,,,,,,,,,,,,,,,,,,,,,,,,,0.10000000000000002,1.6996749443881478e-17,10.0,0.0,41.52573013305664,9.08189097236862,831.2765909830729,44.229442611540435,0.10392936068160917,0.05422591019456669,0.593480061214911,0.06312294010765641,0.8002284523623816,0.003521148469256448,0.8490641790274555,0.004615128699513554,0.5134056519030828,0.02657465473095113,0.5980400573133638,0.004500077178488008,0.9952616793418693,0.002440202398585327,0.9877311912431326,0.008106652700908181,0.9180422027457277,0.01667771370080327,0.7242548902871159,0.003945644783737154,422.6666666666667,26.6520793435209,13.0,3.605551275463989,0.0,0.0,0.0,0.0,422.6666666666667,26.6520793435209,165.0,34.17601498127012,0.6663487971818696,0.0061464023858180655,0.5479674470798389,0.04633730014454428
diagnosis_fd001,mixture,cmapss:FD001,diagnosis,independent | bank2:6-10 | circuit,,,,,,,,,,,,,,,,,,,,,,,,,,,,,,,3,"[11, 12, 13]",mixture,,,,,,,,,,,,,,,,,,,,,,,,,,,,,,,,,,,,,,,,,,,,,,,,,,,,,0.10000000000000002,1.6996749443881478e-17,10.0,0.0,54.267435709635414,12.078234442914667,826.1483561197916,46.49150974489011,0.09712971073565209,0.051556086175477876,0.5640844308969264,0.05794736485695996,0.7752378849519377,0.0035141129717180014,0.831437431698565,0.005392246509556034,0.5112871044992543,0.020008002611275156,0.4910281228712658,0.019767235674896525,0.9891192343833058,0.00486079302404897,0.9788770758065694,0.013694781214451378,0.914296960520748,0.02094901240829852,0.678275750847439,0.004509181493197692,422.6666666666667,26.6520793435209,13.0,3.605551275463989,0.0,0.0,0.0,0.0,422.6666666666667,26.6520793435209,177.66666666666666,32.083225108042576,0.6222167861997746,0.0017389938392940803,0.5184637713908978,0.03137867198753737
diagnosis_fd001,mixture,cmapss:FD001,diagnosis,marginal_max | bank2:6-10 | circuit,,,,,,,,,,,,,,,,,,,,,,,,,,,,,,,3,"[11, 12, 13]",mixture,,,,,,,,,,,,,,,,,,,,,,,,,,,,,,,,,,,,,,,,,,,,,,,,,,,,,0.10000000000000002,1.6996749443881478e-17,10.0,0.0,30.244984944661457,1.676695821773179,333.9788004557292,12.244512118042337,0.026181321028796032,0.026511989922381855,0.5622275731948668,0.019679486619655275,0.7833818323063274,0.0034233123302891476,0.8463859591456182,0.0018398823327274,0.512089160473852,0.006895392037443077,0.48756522939800645,0.014976536103207129,0.9954761041568362,0.0013940939239525385,0.9907752145652742,0.008383827124249892,0.938925596907203,0.010703780262943425,0.678275750847439,0.004509181493197692,422.6666666666667,26.6520793435209,13.0,3.605551275463989,0.0,0.0,0.0,0.0,422.6666666666667,26.6520793435209,178.0,13.076696830622021,0.6222167861997746,0.0017389938392940803,0.5537682038024033,0.01171477630742976
diagnosis_fd001,mixture,cmapss:FD001,diagnosis,conditional_max | bank2:6-10 | circuit,,,,,,,,,,,,,,,,,,,,,,,,,,,,,,,3,"[11, 12, 13]",mixture,,,,,,,,,,,,,,,,,,,,,,,,,,,,,,,,,,,,,,,,,,,,,,,,,,,,,0.10000000000000002,1.6996749443881478e-17,10.0,0.0,28.83617909749349,1.7002925094755126,336.5051981608073,14.643412690662975,0.037920887948284014,0.036556470492070864,0.5891462188372326,0.0193609035173938,0.8056822436275008,0.002838605568983557,0.8617556906960253,0.001981812890298138,0.5142343843184037,0.007692888475599704,0.587963017244533,0.009951717458700533,0.9989017982882618,0.001353920547596224,0.9974587783488523,0.0030987231900484005,0.9403535968362386,0.00787540824767054,0.7242548902871159,0.003945644783737154,422.6666666666667,26.6520793435209,13.0,3.605551275463989,0.0,0.0,0.0,0.0,422.6666666666667,26.6520793435209,166.33333333333334,13.428824718989123,0.6663487971818696,0.0061464023858180655,0.5774873214750703,0.009644894268168468
diagnosis_fd001,mixture,cmapss:FD001,diagnosis,relational_max | bank2:6-10 | circuit,,,,,,,,,,,,,,,,,,,,,,,,,,,,,,,3,"[11, 12, 13]",mixture,,,,,,,,,,,,,,,,,,,,,,,,,,,,,,,,,,,,,,,,,,,,,,,,,,,,,0.10000000000000002,1.6996749443881478e-17,10.0,0.0,2.0033087730407715,0.47688662806744664,14.178815205891928,0.4883434698477235,0.08759847294795801,0.05966800589789616,0.4761543299344398,0.07867226874612185,0.724259866827242,0.010296849823072524,0.7908554612333226,0.012721487587631754,0.5118608740056417,0.031683048017123544,0.7619441216197229,0.04664011291048807,0.9450297319208701,0.007025581402075756,0.913459449726525,0.026197614440358594,0.5014434807176625,0.03494402124933978,0.5541762657566193,0.021138143682614463,422.6666666666667,26.6520793435209,13.0,3.605551275463989,0.0,0.0,0.0,0.0,422.6666666666667,26.6520793435209,216.33333333333334,36.90979996333404,0.5278302412000299,0.01583655454337454,0.42227561045837075,0.053303671849625665
diagnosis_fd001,mixture,cmapss:FD001,diagnosis,query single_sensor_0 | circuit,,,,,,,,,,,,,,,,,,,,,,,,,,,,,,,3,"[11, 12, 13]",mixture,,,,,,,,,,,2.5431315104166665e-06,1.1012082465927615e-06,1.2535387909993005,0.11998028668015454,0.5352331089998188,0.01932978497203827,871.3333333333334,59.87765303795175,1.0,0.0,1.0,0.0,1.0,0.0,6.0,0.0,47356.0,0.0,360.0,0.0,2.0,0.0,1.2324476666666666,0.1151515852966572,20631430.666666668,1417783.0686326218,313680.0,21555.955093662633,13070.0,898.1647955692764,368640.0,0.0,-2.7691484068744405e-08,7.650558844146368e-08,9.565391915581738e-08,1.7999581684029723e-08,3.979920109031809e-07,4.4999557025333796e-08,-6.357828776041666e-07,1.1012082465927617e-06,3.178914388020833e-07,5.506041232963808e-07,,,,,,,,,,,,,,,,,,,,,,,,,,,,,,,,,,,,,,,,,,,,
diagnosis_fd001,mixture,cmapss:FD001,diagnosis,joint | single_sensor_0 | circuit,,,,,,,,,,,,,,,,,,,,,,,,,,,,,,,3,"[11, 12, 13]",mixture,,,,,,,,,,,,,,,,,,,,,,,,,,,,,,,,,,,,,,,,,,,,,,,,,,,,,0.10000000000000002,1.6996749443881478e-17,10.0,0.0,24.872546513875324,0.5938763781026126,71.77804311116536,13.733839305183935,0.07157677802062339,0.02803717311788195,0.17816616875893207,0.03464658872051291,0.5612495779960747,0.004484503507218138,0.6129055655005271,0.008094267751834805,0.5261419367923205,0.01335445780314695,0.4747116811345928,0.02557705805676889,0.644126762955988,0.01025896164216013,0.5925405877617048,0.014071560623632259,0.5689287830039954,0.015117263506536176,,,0.0,0.0,361.0,25.11971337416094,74.66666666666667,6.110100926607787,74.66666666666667,6.110100926607787,0.0,0.0,0.0,0.0,,,0.0,0.0
diagnosis_fd001,mixture,cmapss:FD001,diagnosis,independent | single_sensor_0 | circuit,,,,,,,,,,,,,,,,,,,,,,,,,,,,,,,3,"[11, 12, 13]",mixture,,,,,,,,,,,,,,,,,,,,,,,,,,,,,,,,,,,,,,,,,,,,,,,,,,,,,0.10000000000000002,1.6996749443881478e-17,10.0,0.0,24.872546513875324,0.5938763781026126,71.77804311116536,13.733839305183935,0.07157677802062339,0.02803717311788195,0.17816616875893207,0.03464658872051291,0.5612505457224017,0.004484906554674386,0.6129150373066314,0.008094623836923774,0.5261419367923205,0.01335445780314695,0.47471651976622775,0.025580190250507607,0.6441104816144055,0.010282935513069505,0.5925586374887027,0.014090987379005793,0.5689237629236741,0.01511132251376586,,,0.0,0.0,361.0,25.11971337416094,74.66666666666667,6.110100926607787,74.66666666666667,6.110100926607787,0.0,0.0,0.0,0.0,,,0.0,0.0
diagnosis_fd001,mixture,cmapss:FD001,diagnosis,marginal_max | single_sensor_0 | circuit,,,,,,,,,,,,,,,,,,,,,,,,,,,,,,,3,"[11, 12, 13]",mixture,,,,,,,,,,,,,,,,,,,,,,,,,,,,,,,,,,,,,,,,,,,,,,,,,,,,,0.10000000000000002,1.6996749443881478e-17,10.0,0.0,24.872546513875324,0.5938763781026126,71.77804311116536,13.733839305183935,0.07157677802062339,0.02803717311788195,0.17816616875893207,0.03464658872051291,0.5612505457224017,0.004484906554674386,0.6129150373066314,0.008094623836923774,0.5261419367923205,0.01335445780314695,0.47471651976622775,0.025580190250507607,0.6441104816144055,0.010282935513069505,0.5925586374887027,0.014090987379005793,0.5689237629236741,0.01511132251376586,,,0.0,0.0,361.0,25.11971337416094,74.66666666666667,6.110100926607787,74.66666666666667,6.110100926607787,0.0,0.0,0.0,0.0,,,0.0,0.0
diagnosis_fd001,mixture,cmapss:FD001,diagnosis,conditional_max | single_sensor_0 | circuit,,,,,,,,,,,,,,,,,,,,,,,,,,,,,,,3,"[11, 12, 13]",mixture,,,,,,,,,,,,,,,,,,,,,,,,,,,,,,,,,,,,,,,,,,,,,,,,,,,,,0.10000000000000002,1.6996749443881478e-17,10.0,0.0,24.872546513875324,0.5938763781026126,71.77804311116536,13.733839305183935,0.07157677802062339,0.02803717311788195,0.17816616875893207,0.03464658872051291,0.5612505457224017,0.004484906554674386,0.6129150373066314,0.008094623836923774,0.5261419367923205,0.01335445780314695,0.47471651976622775,0.025580190250507607,0.6441104816144055,0.010282935513069505,0.5925586374887027,0.014090987379005793,0.5689237629236741,0.01511132251376586,,,0.0,0.0,361.0,25.11971337416094,74.66666666666667,6.110100926607787,74.66666666666667,6.110100926607787,0.0,0.0,0.0,0.0,,,0.0,0.0
diagnosis_fd001,mixture,cmapss:FD001,diagnosis,relational_max | single_sensor_0 | circuit,,,,,,,,,,,,,,,,,,,,,,,,,,,,,,,3,"[11, 12, 13]",mixture,,,,,,,,,,,,,,,,,,,,,,,,,,,,,,,,,,,,,,,,,,,,,,,,,,,,,0.10000000000000002,1.6996749443881478e-17,10.0,0.0,0.0,0.0,0.0,0.0,0.0,0.0,0.0,0.0,0.5,0.0,0.5,0.0,0.5,0.0,0.5,0.0,0.5,0.0,0.5,0.0,0.5,0.0,,,0.0,0.0,361.0,25.11971337416094,74.66666666666667,6.110100926607787,74.66666666666667,6.110100926607787,0.0,0.0,0.0,0.0,,,0.0,0.0
diagnosis_fd001,blocked,cmapss:FD001,diagnosis,model,-1.9868214925130207e-08,4.057204297515181e-07,2400.0,0.0,2385.0,0.0,19136.0,0.0,23921.0,0.0,174240.0,0.0,2760.0,103.92304845413264,180.0,0.0,177.33333333333334,2.081665999466133,34.818063735961914,6.906422197806719,115.04209526379903,17.034250735919272,29.97063600213279,5.2481180230416875,0.02,0.0,180.0,0.0,256.0,0.0,3,"[11, 12, 13]",blocked,,,,,,,,,,,,,,,,,,,,,,,,,,,,,,,,,,,,,,,,,,,,,,,,,,,,,,,,,,,,,,,,,,,,,,,,,,,,,,,,,,,,,,,,,,,,,,,,
diagnosis_fd001,blocked,cmapss:FD001,diagnosis,shortcut audit,,,,,,,,,,,,,,,,,,,,,,,,,,,,,,,3,"[11, 12, 13]",blocked,0.5580858376836484,0.011033518695286345,0.0,0.0,1128.0,157.12415473121885,871.3333333333334,59.87765303795175,42.0,0.0,,,,,,,,,,,,,,,,,,,,,,,,,,,,,,,,,,,,,,,,,,,,,,,,,,,,,,,,,,,,,,,,,,,,,,,,,,,,,,,,,,,,,,
diagnosis_fd001,blocked,cmapss:FD001,diagnosis,query full | circuit,,,,,,,,,,,,,,,,,,,,,,,,,,,,,,,3,"[11, 12, 13]",blocked,,,,,,,,,,,2.2729237874348957e-05,3.449524945292585e-06,1.2150000529994334,0.3146234865707088,0.5652199653328959,0.08260736651897911,871.3333333333334,59.87765303795175,15.0,0.0,15.0,0.0,15.0,0.0,6.0,0.0,50324.0,0.0,240.0,0.0,2.0,0.0,1.202833,0.30549317489430106,21924489.333333332,1506641.505740942,209120.0,14370.636729108423,13070.0,898.1647955692764,245760.0,0.0,6.949141343434651,1.9456908608482335,6.958476702372233,1.9545041997363342,1.8644674221674602,0.9382562947112781,2.8988715012868247,0.5391021687768923,9.23027229309082,2.5761635822016604,,,,,,,,,,,,,,,,,,,,,,,,,,,,,,,,,,,,,,,,,,,,
diagnosis_fd001,blocked,cmapss:FD001,diagnosis,joint | full | circuit,,,,,,,,,,,,,,,,,,,,,,,,,,,,,,,3,"[11, 12, 13]",blocked,,,,,,,,,,,,,,,,,,,,,,,,,,,,,,,,,,,,,,,,,,,,,,,,,,,,,0.10000000000000002,1.6996749443881478e-17,10.0,0.0,61.68791707356771,21.516536069912114,930.7906901041666,137.96434265697883,0.08082474093206546,0.03695764254916276,0.5705508329577259,0.06283413038151431,0.7940642439295645,0.008364309027409244,0.8451831643657494,0.01137853215026492,0.521613949396112,0.0069618807334929965,0.5411988091079917,0.0032212406756271968,0.9953747495030401,0.004258756783405648,0.9933299554718841,0.002713156018587291,0.9289180968736933,0.04081609464847383,0.686671358949842,0.004721581220986969,435.6666666666667,29.938826518975876,0.0,0.0,0.0,0.0,0.0,0.0,435.6666666666667,29.938826518975876,188.0,38.353617821530214,0.6411898273744367,0.000898843818679768,0.5350100209246789,0.041695860328429674
diagnosis_fd001,blocked,cmapss:FD001,diagnosis,independent | full | circuit,,,,,,,,,,,,,,,,,,,,,,,,,,,,,,,3,"[11, 12, 13]",blocked,,,,,,,,,,,,,,,,,,,,,,,,,,,,,,,,,,,,,,,,,,,,,,,,,,,,,0.10000000000000002,1.6996749443881478e-17,10.0,0.0,70.1052754720052,19.42345358821868,922.5198974609375,139.92446801781068,0.07999488120881225,0.042270185359665466,0.5502838215825893,0.05576008859941484,0.78211862212409,0.00482483629330425,0.8372973612887812,0.009544772907285783,0.5202202280122524,0.008293846079527016,0.49021823942289405,0.028996614479652842,0.9924315235779911,0.0050960509022541355,0.9894486010406244,0.0036958083088312714,0.9270792664968813,0.041894422420912514,0.6611907459643664,0.005551918604558169,435.6666666666667,29.938826518975876,0.0,0.0,0.0,0.0,0.0,0.0,435.6666666666667,29.938826518975876,196.66666666666666,35.23256069793016,0.6214061044014719,0.009005330518288467,0.5171260012319117,0.03586904688429446
diagnosis_fd001,blocked,cmapss:FD001,diagnosis,marginal_max | full | circuit,,,,,,,,,,,,,,,,,,,,,,,,,,,,,,,3,"[11, 12, 13]",blocked,,,,,,,,,,,,,,,,,,,,,,,,,,,,,,,,,,,,,,,,,,,,,,,,,,,,,0.10000000000000002,1.6996749443881478e-17,10.0,0.0,30.06584358215332,1.1284432933422985,501.8612772623698,78.21678110392722,0.028766351075371368,0.016824045960309904,0.5791877401711313,0.012091477643216856,0.7905422335773672,0.003153694302454708,0.8520545925134915,0.002563845683321885,0.5207223070348225,0.0070475366417450955,0.4854893330953673,0.002087525470967428,0.9971815503322022,0.002867500376540772,0.9969520990953783,0.00213123691270744,0.95964105540711,0.02043056854967217,0.6611907459643664,0.005551918604558169,435.6666666666667,29.938826518975876,0.0,0.0,0.0,0.0,0.0,0.0,435.6666666666667,29.938826518975876,183.33333333333334,13.503086067019396,0.6214061044014719,0.009005330518288467,0.5721601339309036,0.007091749547748822
diagnosis_fd001,blocked,cmapss:FD001,diagnosis,conditional_max | full | circuit,,,,,,,,,,,,,,,,,,,,,,,,,,,,,,,3,"[11, 12, 13]",blocked,,,,,,,,,,,,,,,,,,,,,,,,,,,,,,,,,,,,,,,,,,,,,,,,,,,,,0.10000000000000002,1.6996749443881478e-17,10.0,0.0,29.235803604125977,1.0912901300266746,502.10448201497394,78.60523312585015,0.0303861002141064,0.021719241607148526,0.5876878088131491,0.012091695443299208,0.8027690109678508,0.0023700393262234168,0.8598684162461595,0.0018158632171502548,0.5223616119775918,0.009069218633886562,0.5423444850068978,0.0051685593939511,0.9990299627916861,0.0015963008435442762,0.9995498692634378,0.0001671595793183715,0.9594359585271722,0.020557567151132886,0.686671358949842,0.004721581220986969,435.6666666666667,29.938826518975876,0.0,0.0,0.0,0.0,0.0,0.0,435.6666666666667,29.938826518975876,179.66666666666666,14.011899704655802,0.6411898273744367,0.000898843818679768,0.5806468791369976,0.0041727819850405365
diagnosis_fd001,blocked,cmapss:FD001,diagnosis,relational_max | full | circuit,,,,,,,,,,,,,,,,,,,,,,,,,,,,,,,3,"[11, 12, 13]",blocked,,,,,,,,,,,,,,,,,,,,,,,,,,,,,,,,,,,,,,,,,,,,,,,,,,,,,0.10000000000000002,1.6996749443881478e-17,10.0,0.0,3.2472216288248696,1.0354398241252958,12.250666300455729,0.6374409251964372,0.01337409737771293,0.017201121102367472,0.31361679449470764,0.08967792965464723,0.7055625487002096,0.022812136518141988,0.7658129858945909,0.02355531279420211,0.5123901376620674,0.026739943044459875,0.7082887625526882,0.049122584529610616,0.9114693019343035,0.01757366111961645,0.8781235253358003,0.026658586433053556,0.5298089159784255,0.036582037944616876,0.4540284514735129,0.03491517691478015,435.6666666666667,29.938826518975876,0.0,0.0,0.0,0.0,129.0,41.0731055558257,306.6666666666667,11.150485789118486,170.66666666666666,36.528527664461556,0.614141590898596,0.07562423443966791,0.296468641531944,0.08227626163703496
diagnosis_fd001,blocked,cmapss:FD001,diagnosis,query random1:1 | circuit,,,,,,,,,,,,,,,,,,,,,,,,,,,,,,,3,"[11, 12, 13]",blocked,,,,,,,,,,,2.4159749348958332e-05,1.1012082465927615e-06,1.1392408669998986,0.18428803607861774,0.5641280160004195,0.08476623231124851,871.3333333333334,59.87765303795175,14.0,0.0,14.0,0.0,14.0,0.0,6.0,0.0,50324.0,0.0,240.0,0.0,2.0,0.0,1.1228740000000001,0.17545236499118494,21924489.333333332,1506641.505740942,209120.0,14370.636729108423,13070.0,898.1647955692764,245760.0,0.0,6.305557727813721,1.8751458743054532,6.317993640899658,1.886290874302974,1.6817729274431865,0.7831979409436192,2.547703981399536,0.4016404289866805,8.229477723439535,2.402400977012175,,,,,,,,,,,,,,,,,,,,,,,,,,,,,,,,,,,,,,,,,,,,
diagnosis_fd001,blocked,cmapss:FD001,diagnosis,joint | random1:1 | circuit,,,,,,,,,,,,,,,,,,,,,,,,,,,,,,,3,"[11, 12, 13]",blocked,,,,,,,,,,,,,,,,,,,,,,,,,,,,,,,,,,,,,,,,,,,,,,,,,,,,,0.10000000000000002,1.6996749443881478e-17,10.0,0.0,42.928086598714195,23.77366265203791,931.2006225585938,130.63452181036584,0.07947291839537235,0.027908119601869393,0.5524275583730506,0.06337829787067834,0.7886276916181011,0.00461990893615534,0.8404995943163933,0.008401329224133655,0.5210366327292931,0.008872886201721204,0.5417095732863245,0.010285347527615991,0.9952209077122615,0.004644874989513389,0.9891569334182216,0.001821887405692165,0.905511064770062,0.024163198427196678,0.6980530239332424,0.0022143403389044566,426.6666666666667,31.182259913824932,9.0,2.6457513110645907,0.0,0.0,0.0,0.0,426.6666666666667,31.182259913824932,187.0,40.11234224026316,0.6541274806723699,0.012270511256542849,0.5190950754717975,0.04319733156760617
diagnosis_fd001,blocked,cmapss:FD001,diagnosis,independent | random1:1 | circuit,,,,,,,,,,,,,,,,,,,,,,,,,,,,,,,3,"[11, 12, 13]",blocked,,,,,,,,,,,,,,,,,,,,,,,,,,,,,,,,,,,,,,,,,,,,,,,,,,,,,0.10000000000000002,1.6996749443881478e-17,10.0,0.0,50.589342753092446,21.862377767454586,924.78076171875,135.64104768502412,0.07715727283440509,0.02974691749636056,0.533847642258051,0.0579218979454498,0.778035801218507,0.0023756892463662454,0.8333419323353369,0.00713766624603138,0.5208582871234758,0.011574988342318857,0.4961207711655565,0.03209917732467299,0.9924826177941828,0.005511862505314225,0.9846484140287005,0.0028896619113506347,0.9044712241431837,0.025928412300552556,0.6706926746853622,0.010440650761671194,426.6666666666667,31.182259913824932,9.0,2.6457513110645907,0.0,0.0,0.0,0.0,426.6666666666667,31.182259913824932,195.0,38.19685850956856,0.6314262151028571,0.021489912895564508,0.5021756077450874,0.041778858158747996
diagnosis_fd001,blocked,cmapss:FD001,diagnosis,marginal_max | random1:1 | circuit,,,,,,,,,,,,,,,,,,,,,,,,,,,,,,,3,"[11, 12, 13]",blocked,,,,,,,,,,,,,,,,,,,,,,,,,,,,,,,,,,,,,,,,,,,,,,,,,,,,,0.10000000000000002,1.6996749443881478e-17,10.0,0.0,28.323476791381836,2.47367057817747,503.39662679036456,78.21461549142086,0.06984060068042665,0.06430892544815717,0.5883479465912455,0.03247403198193601,0.7873303811955253,0.005494044400040973,0.8488963490629722,0.003727703318428216,0.5241996870851043,0.0013074651504195792,0.4966629209267935,0.0032702236227222553,0.9979980762049393,0.0019388587444516595,0.9959070003620795,0.002172012727364803,0.9284958280481929,0.02918768456786799,0.6706926746853622,0.010440650761671194,426.6666666666667,31.182259913824932,9.0,2.6457513110645907,0.0,0.0,0.0,0.0,426.6666666666667,31.182259913824932,171.0,22.9128784747792,0.6314262151028571,0.021489912895564508,0.5631395603590119,0.00733813101608267
diagnosis_fd001,blocked,cmapss:FD001,diagnosis,conditional_max | random1:1 | circuit,,,,,,,,,,,,,,,,,,,,,,,,,,,,,,,3,"[11, 12, 13]",blocked,,,,,,,,,,,,,,,,,,,,,,,,,,,,,,,,,,,,,,,,,,,,,,,,,,,,,0.10000000000000002,1.6996749443881478e-17,10.0,0.0,27.66791280110677,2.371228185466592,503.36034138997394,78.46545250559552,0.06751090274175252,0.055404758043418344,0.5967806691118613,0.029578966888270927,0.8007092141411946,0.006698036017842864,0.8575144801649013,0.004942688221309109,0.5276910682979655,0.004766089069156716,0.5578809795430403,0.005280753910620545,0.9994049526017457,0.0009473120470277706,0.9991968632816398,0.00044908974532485393,0.9275382186664163,0.03012306837223595,0.6980530239332424,0.0022143403389044566,426.6666666666667,31.182259913824932,9.0,2.6457513110645907,0.0,0.0,0.0,0.0,426.6666666666667,31.182259913824932,167.33333333333334,22.18858565419016,0.6541274806723699,0.012270511256542849,0.5723488488591859,0.007387205896649173
diagnosis_fd001,blocked,cmapss:FD001,diagnosis,relational_max | random1:1 | circuit,,,,,,,,,,,,,,,,,,,,,,,,,,,,,,,3,"[11, 12, 13]",blocked,,,,,,,,,,,,,,,,,,,,,,,,,,,,,,,,,,,,,,,,,,,,,,,,,,,,,0.10000000000000002,1.6996749443881478e-17,10.0,0.0,3.3600136439005532,0.8443834480864945,12.181679407755533,0.740648460684673,0.005461879786970813,0.005532634578577146,0.28796784394814307,0.0667530913002803,0.7023310010751431,0.017989330195708055,0.7619087158805068,0.02166433629778232,0.5049691853484198,0.023163895898371145,0.699972104430698,0.050595734093231086,0.9041291935561832,0.029632950508432836,0.8664121391896722,0.03339969930785561,0.5473296870195462,0.03612198221060855,0.46407812819205735,0.03662720712357923,426.6666666666667,31.182259913824932,9.0,2.6457513110645907,0.0,0.0,139.33333333333334,36.66515148384544,287.3333333333333,5.507570547286102,162.33333333333334,26.501572280401277,0.6349511117183578,0.07534925695555653,0.2754783579209446,0.06576465689500838
diagnosis_fd001,blocked,cmapss:FD001,diagnosis,query random3:5-8-14 | circuit,,,,,,,,,,,,,,,,,,,,,,,,,,,,,,,3,"[11, 12, 13]",blocked,,,,,,,,,,,2.4159749348958332e-05,5.827046324355875e-06,1.2325309336665669,0.17432229594279436,0.6195464073340796,0.09819475025542919,871.3333333333334,59.87765303795175,12.0,0.0,12.0,0.0,12.0,0.0,6.0,0.0,50324.0,0.0,240.0,0.0,2.0,0.0,1.21582,0.16890982306248495,21924489.333333332,1506641.505740942,209120.0,14370.636729108423,13070.0,898.1647955692764,245760.0,0.0,4.788600524266561,1.1826569285175723,4.830991824467977,1.2478028747539291,1.3757051924864452,0.8587350695489122,1.9478215376536052,1.1465667908930697,6.546478112538655,1.6097600114462254,,,,,,,,,,,,,,,,,,,,,,,,,,,,,,,,,,,,,,,,,,,,
diagnosis_fd001,blocked,cmapss:FD001,diagnosis,joint | random3:5-8-14 | circuit,,,,,,,,,,,,,,,,,,,,,,,,,,,,,,,3,"[11, 12, 13]",blocked,,,,,,,,,,,,,,,,,,,,,,,,,,,,,,,,,,,,,,,,,,,,,,,,,,,,,0.10000000000000002,1.6996749443881478e-17,10.0,0.0,18.00665028889974,7.173205239975588,841.4019571940104,202.0648961330021,0.10517819994306155,0.06613791832960506,0.5641141150262033,0.061530388855637386,0.7733819440463675,0.008414503479065819,0.828217700299593,0.009285958635255992,0.5119852962687171,0.013533446828558797,0.52776005160747,0.006321957847661091,0.9819757284250383,0.012892269147583691,0.9755544881720905,0.0074837296884835165,0.878488637626206,0.03625846898215021,0.6998606270469709,0.0153570262841217,403.3333333333333,29.19474838619667,32.333333333333336,2.0816659994661326,0.0,0.0,0.0,0.0,403.3333333333333,29.19474838619667,160.66666666666666,21.594752448994022,0.6471967937855313,0.021487023597924235,0.5095555763438954,0.03022176119778941
diagnosis_fd001,blocked,cmapss:FD001,diagnosis,independent | random3:5-8-14 | circuit,,,,,,,,,,,,,,,,,,,,,,,,,,,,,,,3,"[11, 12, 13]",blocked,,,,,,,,,,,,,,,,,,,,,,,,,,,,,,,,,,,,,,,,,,,,,,,,,,,,,0.10000000000000002,1.6996749443881478e-17,10.0,0.0,23.82385317484538,5.787684375680659,840.4746704101562,198.19527149964074,0.10438831052757973,0.06552884196419492,0.5485324174584797,0.06410691033906235,0.7642213779814973,0.005779585285198224,0.8219182466839134,0.00812907994980879,0.5122938438089134,0.013190940407526549,0.4910441034285029,0.02305608697103388,0.9782838807523185,0.01323229598707036,0.970244347802398,0.009301561259061982,0.8771017729819008,0.035548481135824504,0.6808257309921957,0.010791031219990086,403.3333333333333,29.19474838619667,32.333333333333336,2.0816659994661326,0.0,0.0,0.0,0.0,403.3333333333333,29.19474838619667,167.33333333333334,21.501937897160186,0.6289439829556369,0.01753589595672352,0.49485776118490293,0.03210196476611749
diagnosis_fd001,blocked,cmapss:FD001,diagnosis,marginal_max | random3:5-8-14 | circuit,,,,,,,,,,,,,,,,,,,,,,,,,,,,,,,3,"[11, 12, 13]",blocked,,,,,,,,,,,,,,,,,,,,,,,,,,,,,,,,,,,,,,,,,,,,,,,,,,,,,0.10000000000000002,1.6996749443881478e-17,10.0,0.0,28.29757817586263,2.245004494547275,502.5273030598958,77.72640535689116,0.07031979890926011,0.04832707520457145,0.5615289229925652,0.027846686953322847,0.7693518342876392,0.004826815040515093,0.8350936781348679,0.003547683572155172,0.5130224407935098,0.012380449368437895,0.4866857986956652,0.010277823393898213,0.9816945280445699,0.009148952228661416,0.9786947999940107,0.005570620832148724,0.8944900301249942,0.032047886296757935,0.6808257309921957,0.010791031219990086,403.3333333333333,29.19474838619667,32.333333333333336,2.0816659994661326,0.0,0.0,0.0,0.0,403.3333333333333,29.19474838619667,159.66666666666666,5.859465277082315,0.6289439829556369,0.01753589595672352,0.533891216777972,0.005013842706719075
diagnosis_fd001,blocked,cmapss:FD001,diagnosis,conditional_max | random3:5-8-14 | circuit,,,,,,,,,,,,,,,,,,,,,,,,,,,,,,,3,"[11, 12, 13]",blocked,,,,,,,,,,,,,,,,,,,,,,,,,,,,,,,,,,,,,,,,,,,,,,,,,,,,,0.10000000000000002,1.6996749443881478e-17,10.0,0.0,27.699357350667317,1.886869085433845,502.0988260904948,78.5922493916054,0.068393448757215,0.04595715193445291,0.5728658710672072,0.030228213427721504,0.7797562479577707,0.00541586470071725,0.8425186873479559,0.0032775170626403744,0.5101877859062958,0.012982063264103828,0.5280736428865992,0.024873603597406386,0.9890803092565066,0.0070068118307831904,0.9841458863153182,0.002180738306986335,0.896603210015882,0.03305289386607438,0.6998606270469709,0.0153570262841217,403.3333333333333,29.19474838619667,32.333333333333336,2.0816659994661326,0.0,0.0,0.0,0.0,403.3333333333333,29.19474838619667,155.0,5.0,0.6471967937855313,0.021487023597924235,0.5459240612748463,0.008190751761308995
diagnosis_fd001,blocked,cmapss:FD001,diagnosis,relational_max | random3:5-8-14 | circuit,,,,,,,,,,,,,,,,,,,,,,,,,,,,,,,3,"[11, 12, 13]",blocked,,,,,,,,,,,,,,,,,,,,,,,,,,,,,,,,,,,,,,,,,,,,,,,,,,,,,0.10000000000000002,1.6996749443881478e-17,10.0,0.0,3.0348889032999673,1.1654873005710529,10.83739948272705,0.9635794289804428,0.02134033765393327,0.03489654553678406,0.2327570238602894,0.10849480253325883,0.6760526433895624,0.0260215496381913,0.7322435526239449,0.020702462904651525,0.5009011430085546,0.014306149654719281,0.6438870067167204,0.028029866661893194,0.8771645618003845,0.021041332817192428,0.8237744273565623,0.028964090160454654,0.5442270336992037,0.050566870594588406,0.46539398541369187,0.02904098800053536,403.3333333333333,29.19474838619667,32.333333333333336,2.0816659994661326,0.0,0.0,153.33333333333334,44.60194315647395,250.0,17.52141546793523,151.0,30.512292604784715,0.6209602572311752,0.09593907616206193,0.20920908601634527,0.08842272210496181
diagnosis_fd001,blocked,cmapss:FD001,diagnosis,query random7:3-4-8-10-11-12-14 | circuit,,,,,,,,,,,,,,,,,,,,,,,,,,,,,,,3,"[11, 12, 13]",blocked,,,,,,,,,,,2.7020772298177082e-05,6.3498765167993474e-06,1.204507093999079,0.29418622024390134,0.5616121130005922,0.09057367431355834,871.3333333333334,59.87765303795175,8.0,0.0,8.0,0.0,8.0,0.0,6.0,0.0,50324.0,0.0,240.0,0.0,2.0,0.0,1.1915993333333332,0.28420429669752245,21924489.333333332,1506641.505740942,209120.0,14370.636729108423,13070.0,898.1647955692764,245760.0,0.0,3.602171023686727,1.3828651025852867,3.6191829840342202,1.4101771574389788,1.069314956665039,0.7014626009000762,1.189551293849945,0.7770469052070645,4.85748815536499,1.8089856634743784,,,,,,,,,,,,,,,,,,,,,,,,,,,,,,,,,,,,,,,,,,,,
diagnosis_fd001,blocked,cmapss:FD001,diagnosis,joint | random7:3-4-8-10-11-12-14 | circuit,,,,,,,,,,,,,,,,,,,,,,,,,,,,,,,3,"[11, 12, 13]",blocked,,,,,,,,,,,,,,,,,,,,,,,,,,,,,,,,,,,,,,,,,,,,,,,,,,,,,0.10000000000000002,1.6996749443881478e-17,10.0,0.0,113.51695251464844,8.887894526132838,581.7124837239584,84.00041300884457,0.04876341101017967,0.021200987901404553,0.4750536278420124,0.03802184107828832,0.7428996015655667,0.009443360911559461,0.8059650956232541,0.01125859024597804,0.5132145333610477,0.012375515657024872,0.4986141950244816,0.018482781001457785,0.9508573173334732,0.01407204896099967,0.9215640480808803,0.01467788916038221,0.8387200709240356,0.044662462034974496,0.7809467357508976,0.006932032215604975,331.0,20.29778313018444,104.66666666666667,11.239810200058244,0.0,0.0,0.0,0.0,331.0,20.29778313018444,131.33333333333334,12.34233905438241,0.7063202743721732,0.009385963291652834,0.44505536515326205,0.019355648814888327
diagnosis_fd001,blocked,cmapss:FD001,diagnosis,independent | random7:3-4-8-10-11-12-14 | circuit,,,,,,,,,,,,,,,,,,,,,,,,,,,,,,,3,"[11, 12, 13]",blocked,,,,,,,,,,,,,,,,,,,,,,,,,,,,,,,,,,,,,,,,,,,,,,,,,,,,,0.10000000000000002,1.6996749443881478e-17,10.0,0.0,116.11832936604817,8.616538061740536,571.1554565429688,73.23927391826025,0.054359254098171446,0.017684550522371348,0.46909716105523236,0.029846676173633877,0.7309792324229424,0.0027364286622501735,0.7966430598173133,0.007712208902587061,0.5137963571771479,0.011186691923518129,0.4579255100597111,0.02685189711700001,0.9432759833246355,0.012845842788494845,0.9095381263787825,0.01819625830572201,0.8375598089846054,0.0443370149365115,0.762552991396294,0.019245191036415723,331.0,20.29778313018444,104.66666666666667,11.239810200058244,0.0,0.0,0.0,0.0,331.0,20.29778313018444,134.33333333333334,12.701705922171765,0.6853023288400931,0.018111911394151286,0.43825571520730494,0.018127124488940598
diagnosis_fd001,blocked,cmapss:FD001,diagnosis,marginal_max | random7:3-4-8-10-11-12-14 | circuit,,,,,,,,,,,,,,,,,,,,,,,,,,,,,,,3,"[11, 12, 13]",blocked,,,,,,,,,,,,,,,,,,,,,,,,,,,,,,,,,,,,,,,,,,,,,,,,,,,,,0.10000000000000002,1.6996749443881478e-17,10.0,0.0,28.29757817586263,2.245004494547275,439.54773966471356,35.60609358179823,0.05919545885467858,0.04983276917155656,0.4922305740052071,0.039126533063842193,0.7372509967442745,0.0023479627795145136,0.8067468479968855,0.0035077123932175575,0.5070143103392857,0.019545198782417315,0.4796083181842661,0.019226815930468325,0.9392117084280853,0.0015626058924085805,0.9097957134431306,0.016029490646596357,0.8585122279796623,0.0319184530489087,0.762552991396294,0.019245191036415723,331.0,20.29778313018444,104.66666666666667,11.239810200058244,0.0,0.0,0.0,0.0,331.0,20.29778313018444,121.33333333333333,13.796134724383252,0.6853023288400931,0.018111911394151286,0.46496883976361225,0.014857237631450642
diagnosis_fd001,blocked,cmapss:FD001,diagnosis,conditional_max | random7:3-4-8-10-11-12-14 | circuit,,,,,,,,,,,,,,,,,,,,,,,,,,,,,,,3,"[11, 12, 13]",blocked,,,,,,,,,,,,,,,,,,,,,,,,,,,,,,,,,,,,,,,,,,,,,,,,,,,,,0.10000000000000002,1.6996749443881478e-17,10.0,0.0,27.69428253173828,1.9193951935852285,439.83925374348956,35.88082875837813,0.05447017473949443,0.05014186164989833,0.5103272017180348,0.037829608059034285,0.749628536623029,0.004145903865165323,0.8177492273680631,0.002393260948450288,0.5034714675572366,0.023795019798480768,0.5186243789042136,0.031030304709843172,0.947236635842863,0.004566930741824834,0.9276302130668923,0.007182749143693741,0.8602913156140786,0.03215603386575754,0.7809467357508976,0.006932032215604975,331.0,20.29778313018444,104.66666666666667,11.239810200058244,0.0,0.0,0.0,0.0,331.0,20.29778313018444,113.0,11.357816691600547,0.7063202743721732,0.009385963291652834,0.4840566663143448,0.009081802269758254
diagnosis_fd001,blocked,cmapss:FD001,diagnosis,relational_max | random7:3-4-8-10-11-12-14 | circuit,,,,,,,,,,,,,,,,,,,,,,,,,,,,,,,3,"[11, 12, 13]",blocked,,,,,,,,,,,,,,,,,,,,,,,,,,,,,,,,,,,,,,,,,,,,,,,,,,,,,0.10000000000000002,1.6996749443881478e-17,10.0,0.0,2.0506566365559897,1.064354859591705,11.420369466145834,0.5325601661621748,0.04266735187194274,0.07182531877425666,0.22820004430346172,0.1576987380362324,0.6282573390179077,0.03515252940047284,0.6876211223207215,0.041946957905569654,0.49144787025769454,0.008462603378426957,0.6233541298426286,0.04815885008331001,0.7746648802381282,0.05105623656970697,0.7356482734980782,0.05674294236268372,0.5235722985858734,0.024746250314465888,0.5257173061911754,0.040612682811596856,331.0,20.29778313018444,104.66666666666667,11.239810200058244,0.0,0.0,62.0,107.38715006927039,269.0,88.61151166750288,175.0,72.91776189653656,0.5034906201509888,0.1260414697867459,0.19353963195729373,0.11163709204749771
diagnosis_fd001,blocked,cmapss:FD001,diagnosis,query bank0:0-1-2-4-5-7-8 | circuit,,,,,,,,,,,,,,,,,,,,,,,,,,,,,,,3,"[11, 12, 13]",blocked,,,,,,,,,,,2.6067097981770832e-05,7.221105379486432e-06,1.2611481163342735,0.19921704587771302,0.5633641440011464,0.07983192336574592,871.3333333333334,59.87765303795175,8.0,0.0,8.0,0.0,8.0,0.0,6.0,0.0,50324.0,0.0,240.0,0.0,2.0,0.0,1.244275,0.19224322366991256,21924489.333333332,1506641.505740942,209120.0,14370.636729108423,13070.0,898.1647955692764,245760.0,0.0,2.182153105735779,0.6190098906614351,2.2416369915008545,0.665876878865826,0.9010889728864034,0.5218808293435226,0.4379289696613948,0.44088717327416205,3.2913554112116494,1.4432451290220347,,,,,,,,,,,,,,,,,,,,,,,,,,,,,,,,,,,,,,,,,,,,
diagnosis_fd001,blocked,cmapss:FD001,diagnosis,joint | bank0:0-1-2-4-5-7-8 | circuit,,,,,,,,,,,,,,,,,,,,,,,,,,,,,,,3,"[11, 12, 13]",blocked,,,,,,,,,,,,,,,,,,,,,,,,,,,,,,,,,,,,,,,,,,,,,,,,,,,,,0.10000000000000002,1.6996749443881478e-17,10.0,0.0,-43.46777089436849,7.2189931511284975,816.0904744466146,217.17672404012453,0.06724860519014648,0.00902814094329172,0.47177067653491855,0.03676132971866486,0.7344481733164092,0.01051982452079446,0.7972179901079935,0.011379181994580654,0.5262867381879048,0.019161738230196613,0.5313649975770421,0.011089794434461911,0.9515972643443154,0.023373590227903158,0.9340684551451747,0.020325945703821235,0.735155893844538,0.016684842103440737,0.7441359528171835,0.0022854940305127077,329.3333333333333,35.64173583501978,106.33333333333333,7.571877794400366,0.0,0.0,0.0,0.0,329.3333333333333,35.64173583501978,129.66666666666666,20.108041509140897,0.6849465215655292,0.0071278684509847425,0.42443902867697475,0.013481852755018158
diagnosis_fd001,blocked,cmapss:FD001,diagnosis,independent | bank0:0-1-2-4-5-7-8 | circuit,,,,,,,,,,,,,,,,,,,,,,,,,,,,,,,3,"[11, 12, 13]",blocked,,,,,,,,,,,,,,,,,,,,,,,,,,,,,,,,,,,,,,,,,,,,,,,,,,,,,0.10000000000000002,1.6996749443881478e-17,10.0,0.0,-40.45332590738932,6.219400276994599,811.6268920898438,221.68596070133532,0.06644539233874087,0.010302185313911548,0.45941515380874104,0.03017467890755133,0.7289671055938031,0.009581295161397257,0.7929401491264926,0.01057820261552511,0.5261892373204341,0.018605735966737116,0.5160416707254014,0.01771656962445839,0.9481514161956265,0.02401706598824155,0.9251154206189781,0.01913662159112885,0.7354220414749076,0.016965393024570723,0.7361868311925642,0.0007286323514435343,329.3333333333333,35.64173583501978,106.33333333333333,7.571877794400366,0.0,0.0,0.0,0.0,329.3333333333333,35.64173583501978,134.33333333333334,18.823743871327334,0.6710438843155412,0.0029523898789787337,0.41525638704864837,0.009135548119213499
diagnosis_fd001,blocked,cmapss:FD001,diagnosis,marginal_max | bank0:0-1-2-4-5-7-8 | circuit,,,,,,,,,,,,,,,,,,,,,,,,,,,,,,,3,"[11, 12, 13]",blocked,,,,,,,,,,,,,,,,,,,,,,,,,,,,,,,,,,,,,,,,,,,,,,,,,,,,,0.10000000000000002,1.6996749443881478e-17,10.0,0.0,28.323476791381836,2.47367057817747,504.48451741536456,77.98691705079928,0.03917033466122228,0.0327584746608407,0.45882730275746525,0.03918195494320695,0.7296749215607997,0.017494986638096684,0.8002231829111016,0.016243717596777656,0.5137005241228119,0.0275962770147993,0.509266587863978,0.02984003194648925,0.9476006617952101,0.019105602980766134,0.9476949230461506,0.024814578712807785,0.7357962778902664,0.02462477852982482,0.7361868311925642,0.0007286323514435343,329.3333333333333,35.64173583501978,106.33333333333333,7.571877794400366,0.0,0.0,0.0,0.0,329.3333333333333,35.64173583501978,133.0,19.0,0.6710438843155412,0.0029523898789787337,0.4399646787209339,0.02836810955540045
diagnosis_fd001,blocked,cmapss:FD001,diagnosis,conditional_max | bank0:0-1-2-4-5-7-8 | circuit,,,,,,,,,,,,,,,,,,,,,,,,,,,,,,,3,"[11, 12, 13]",blocked,,,,,,,,,,,,,,,,,,,,,,,,,,,,,,,,,,,,,,,,,,,,,,,,,,,,,0.10000000000000002,1.6996749443881478e-17,10.0,0.0,27.828702290852863,2.5114418857463647,504.4477030436198,78.6315518138294,0.034404351296483705,0.028240433232629876,0.46806323812948686,0.03431736946941712,0.7361667734994765,0.015056242339481269,0.8058989283356671,0.014668558499824362,0.5162598419580302,0.025304826298769786,0.5315078487374015,0.015241754722665111,0.9531125769454961,0.02051736268979478,0.9513156166717541,0.02541452226812947,0.7344831213467636,0.02635972796789665,0.7441359528171835,0.0022854940305127077,329.3333333333333,35.64173583501978,106.33333333333333,7.571877794400366,0.0,0.0,0.0,0.0,329.3333333333333,35.64173583501978,128.66666666666666,18.903262505010435,0.6849465215655292,0.0071278684509847425,0.45079371635984294,0.023122679774073337
diagnosis_fd001,blocked,cmapss:FD001,diagnosis,relational_max | bank0:0-1-2-4-5-7-8 | circuit,,,,,,,,,,,,,,,,,,,,,,,,,,,,,,,3,"[11, 12, 13]",blocked,,,,,,,,,,,,,,,,,,,,,,,,,,,,,,,,,,,,,,,,,,,,,,,,,,,,,0.10000000000000002,1.6996749443881478e-17,10.0,0.0,2.196943918863932,1.435873808499992,11.583422342936197,1.2195120132730712,0.03245208321437409,0.04616931016093962,0.19464017206265818,0.10679514700120474,0.6263086507724701,0.021648045580930225,0.6759246973268592,0.018008004850506524,0.5018636858703928,0.033409842369478145,0.5454485024194763,0.024620889756206247,0.8271564673473607,0.025596528669771686,0.7476107406954754,0.052796688124047406,0.5193601285220856,0.039721282467432534,0.5223573322468683,0.007856085901652704,329.3333333333333,35.64173583501978,106.33333333333333,7.571877794400366,0.0,0.0,140.33333333333334,45.70922591045853,189.0,13.0,108.0,26.664583251946766,0.6320196503777362,0.09932279915290303,0.1574494812971762,0.06543811832459911
diagnosis_fd001,blocked,cmapss:FD001,diagnosis,query bank1:3 | circuit,,,,,,,,,,,,,,,,,,,,,,,,,,,,,,,3,"[11, 12, 13]",blocked,,,,,,,,,,,3.5921732584635414e-05,5.422821715428664e-06,1.1419282433331925,0.18098603528468632,0.5584093936668069,0.08629645227531638,871.3333333333334,59.87765303795175,14.0,0.0,14.0,0.0,14.0,0.0,6.0,0.0,50324.0,0.0,240.0,0.0,2.0,0.0,1.1271573333333333,0.1744216952598883,21924489.333333332,1506641.505740942,209120.0,14370.636729108423,13070.0,898.1647955692764,245760.0,0.0,6.949141343434651,1.945685831861418,6.958476702372233,1.9544991713001185,1.8644667267799377,0.9382556298599299,2.898872137069702,0.5391140938610959,9.230279763539633,2.576147210104862,,,,,,,,,,,,,,,,,,,,,,,,,,,,,,,,,,,,,,,,,,,,
diagnosis_fd001,blocked,cmapss:FD001,diagnosis,joint | bank1:3 | circuit,,,,,,,,,,,,,,,,,,,,,,,,,,,,,,,3,"[11, 12, 13]",blocked,,,,,,,,,,,,,,,,,,,,,,,,,,,,,,,,,,,,,,,,,,,,,,,,,,,,,0.10000000000000002,1.6996749443881478e-17,10.0,0.0,137.73416900634766,23.93204666307793,689.0575154622396,149.2200866728768,0.07608961610280994,0.06339951683629276,0.5520550691219045,0.08229916411394238,0.7912331813668634,0.00897298113149937,0.8417808238135457,0.011815320400499284,0.5247449568568315,0.004453045081773443,0.5387114880161381,0.0037545878424944594,0.9905878544589254,0.005477307559604311,0.9887381577174121,0.0034603551955701,0.9234439278144552,0.04262256782518486,0.7087009735147668,0.003941406340941354,425.0,28.160255680657446,10.666666666666666,2.5166114784235836,0.0,0.0,0.0,0.0,425.0,28.160255680657446,186.33333333333334,43.84442191811102,0.656411026889008,0.003671210644913698,0.5184939009845979,0.05159834771073384
diagnosis_fd001,blocked,cmapss:FD001,diagnosis,independent | bank1:3 | circuit,,,,,,,,,,,,,,,,,,,,,,,,,,,,,,,3,"[11, 12, 13]",blocked,,,,,,,,,,,,,,,,,,,,,,,,,,,,,,,,,,,,,,,,,,,,,,,,,,,,,0.10000000000000002,1.6996749443881478e-17,10.0,0.0,145.33380126953125,22.706434160167323,688.5291341145834,144.29114050892278,0.08082895259570094,0.0716074969217591,0.5381338199424702,0.08243220061577812,0.7769171585974811,0.005550521024315964,0.8319103300509544,0.009376017305565865,0.5232116509525042,0.0056844566570378825,0.48266075526578894,0.03312306399851521,0.9858743916775894,0.005558889430219633,0.9800944510272153,0.0054516314870482205,0.9212295999942465,0.043237261220811306,0.6803000260589304,0.005567382608328382,425.0,28.160255680657446,10.666666666666666,2.5166114784235836,0.0,0.0,0.0,0.0,425.0,28.160255680657446,192.33333333333334,43.66157731156002,0.6337952849926163,0.012651283556391493,0.5069423200516091,0.05421577463585848
diagnosis_fd001,blocked,cmapss:FD001,diagnosis,marginal_max | bank1:3 | circuit,,,,,,,,,,,,,,,,,,,,,,,,,,,,,,,3,"[11, 12, 13]",blocked,,,,,,,,,,,,,,,,,,,,,,,,,,,,,,,,,,,,,,,,,,,,,,,,,,,,,0.10000000000000002,1.6996749443881478e-17,10.0,0.0,30.06584358215332,1.1284432933422985,501.8612772623698,78.21678110392722,0.028766351075371368,0.016824045960309904,0.5722134276745988,0.015977196479598874,0.7880842206643969,0.004122894694493334,0.8497260746977643,0.0038708433622485286,0.5207223070348225,0.0070475366417450955,0.4854893330953673,0.002087525470967428,0.9880199023402433,0.0033357277708458465,0.9933066026743762,0.0075722672001811405,0.95964105540711,0.02043056854967217,0.6803000260589304,0.005567382608328382,425.0,28.160255680657446,10.666666666666666,2.5166114784235836,0.0,0.0,0.0,0.0,425.0,28.160255680657446,175.66666666666666,13.051181300301263,0.6337952849926163,0.012651283556391493,0.5651858214343711,0.011321766466743842
diagnosis_fd001,blocked,cmapss:FD001,diagnosis,conditional_max | bank1:3 | circuit,,,,,,,,,,,,,,,,,,,,,,,,,,,,,,,3,"[11, 12, 13]",blocked,,,,,,,,,,,,,,,,,,,,,,,,,,,,,,,,,,,,,,,,,,,,,,,,,,,,,0.10000000000000002,1.6996749443881478e-17,10.0,0.0,29.235809326171875,1.091293447371263,502.1044616699219,78.60530256031548,0.0303861002141064,0.021719241607148526,0.5861886995395112,0.01330320376199834,0.8022068535074004,0.002825777322215401,0.8592399958188309,0.0020826745599361505,0.5224027246245865,0.0089980933708492,0.5423333861136305,0.005185865221511456,0.9962513624361972,0.002320462044140478,0.9995215788044393,0.00015536231014438707,0.9594442362673204,0.020535450315533738,0.7087009735147668,0.003941406340941354,425.0,28.160255680657446,10.666666666666666,2.5166114784235836,0.0,0.0,0.0,0.0,425.0,28.160255680657446,169.66666666666666,13.650396819628847,0.656411026889008,0.003671210644913698,0.5791477698633599,0.005056356667247954
diagnosis_fd001,blocked,cmapss:FD001,diagnosis,relational_max | bank1:3 | circuit,,,,,,,,,,,,,,,,,,,,,,,,,,,,,,,3,"[11, 12, 13]",blocked,,,,,,,,,,,,,,,,,,,,,,,,,,,,,,,,,,,,,,,,,,,,,,,,,,,,,0.10000000000000002,1.6996749443881478e-17,10.0,0.0,3.247217814127604,1.035440317696365,12.250689188639322,0.6374520243890186,0.01337409737771293,0.017201121102367472,0.31512922720426934,0.08836311928601573,0.7071563002687055,0.015675285989853276,0.7636436544149202,0.021081378460576634,0.5019955045829213,0.008778772776896726,0.7017720469479336,0.053491152022824846,0.9049148285677338,0.019770127965208734,0.8728522545529133,0.028261295666703976,0.5651024219788187,0.05353150707845002,0.47096303499888653,0.032447863905501445,425.0,28.160255680657446,10.666666666666666,2.5166114784235836,0.0,0.0,126.0,42.930175867331364,299.0,14.798648586948742,162.66666666666666,35.47299442298794,0.6155206143601832,0.06784842889932911,0.2987842870929113,0.08015421367105656
diagnosis_fd001,blocked,cmapss:FD001,diagnosis,query bank2:6-10 | circuit,,,,,,,,,,,,,,,,,,,,,,,,,,,,,,,3,"[11, 12, 13]",blocked,,,,,,,,,,,2.0821889241536457e-05,5.728664808572165e-06,1.3213907550004176,0.2588156565930695,0.5992278949997853,0.07676842154920045,871.3333333333334,59.87765303795175,13.0,0.0,13.0,0.0,13.0,0.0,6.0,0.0,50324.0,0.0,240.0,0.0,2.0,0.0,1.3025369999999998,0.24907784973578043,21924489.333333332,1506641.505740942,209120.0,14370.636729108423,13070.0,898.1647955692764,245760.0,0.0,6.391555468241374,2.142795967218618,6.400236288706462,2.1461459593401093,1.7814312974611919,0.9404485723926328,2.3943684101104736,0.5900774826364216,8.329074064890543,2.5332799638235626,,,,,,,,,,,,,,,,,,,,,,,,,,,,,,,,,,,,,,,,,,,,
diagnosis_fd001,blocked,cmapss:FD001,diagnosis,joint | bank2:6-10 | circuit,,,,,,,,,,,,,,,,,,,,,,,,,,,,,,,3,"[11, 12, 13]",blocked,,,,,,,,,,,,,,,,,,,,,,,,,,,,,,,,,,,,,,,,,,,,,,,,,,,,,0.10000000000000002,1.6996749443881478e-17,10.0,0.0,54.091705322265625,17.41918626412751,842.2710367838541,43.08256261497413,0.0936482037862046,0.05447347266161877,0.5620914635652624,0.06829804627842401,0.7867116935234773,0.003500435656706505,0.8369974993761783,0.00901737985664538,0.5124464612549525,0.01671917407017663,0.5483662684913289,0.007521508916881396,0.9917232617889385,0.005628413188906766,0.9836255454303365,0.01009708354577686,0.9078015785606782,0.029419914593479327,0.7061219123357096,0.00290821761135195,422.6666666666667,26.6520793435209,13.0,3.605551275463989,0.0,0.0,0.0,0.0,422.6666666666667,26.6520793435209,178.66666666666666,36.528527664461556,0.6474087217554405,0.00200326296093613,0.5188937660493744,0.04073913739559244
diagnosis_fd001,blocked,cmapss:FD001,diagnosis,independent | bank2:6-10 | circuit,,,,,,,,,,,,,,,,,,,,,,,,,,,,,,,3,"[11, 12, 13]",blocked,,,,,,,,,,,,,,,,,,,,,,,,,,,,,,,,,,,,,,,,,,,,,,,,,,,,,0.10000000000000002,1.6996749443881478e-17,10.0,0.0,59.97793833414713,17.22140696988111,836.3560791015625,39.87258665579287,0.10566974968544136,0.04598595323983431,0.5578087686026956,0.06606097629057435,0.7737359717627187,0.0022431559664889134,0.8281943006961957,0.008408542028489738,0.5127754134093622,0.01395662240469387,0.49543410254901454,0.02313010773400256,0.9856003073089498,0.006388894946987082,0.9768042983811801,0.014493542932124435,0.9066390689382592,0.030453072255769785,0.6772242375901346,0.009270630614358675,422.6666666666667,26.6520793435209,13.0,3.605551275463989,0.0,0.0,0.0,0.0,422.6666666666667,26.6520793435209,180.66666666666666,37.09896674212549,0.6254701476922891,0.006941289670388328,0.5105143372724538,0.039307901267741044
diagnosis_fd001,blocked,cmapss:FD001,diagnosis,marginal_max | bank2:6-10 | circuit,,,,,,,,,,,,,,,,,,,,,,,,,,,,,,,3,"[11, 12, 13]",blocked,,,,,,,,,,,,,,,,,,,,,,,,,,,,,,,,,,,,,,,,,,,,,,,,,,,,,0.10000000000000002,1.6996749443881478e-17,10.0,0.0,30.06584358215332,1.1284432933422985,332.2225850423177,12.475745906563185,0.028766351075371368,0.016824045960309904,0.561572376022189,0.013195923701953109,0.784190900781165,0.0024935812523640207,0.846143236470272,0.001986615338459763,0.5209270302928468,0.007128411478375532,0.4857124584440007,0.0024696244492518438,0.9952089087589782,0.0019112381696015628,0.990478331097445,0.007452910380102444,0.9356474324853047,0.01460076760563599,0.6772242375901346,0.009270630614358675,422.6666666666667,26.6520793435209,13.0,3.605551275463989,0.0,0.0,0.0,0.0,422.6666666666667,26.6520793435209,178.0,11.789826122551595,0.6254701476922891,0.006941289670388328,0.5530323370723996,0.006947802869528883
diagnosis_fd001,blocked,cmapss:FD001,diagnosis,conditional_max | bank2:6-10 | circuit,,,,,,,,,,,,,,,,,,,,,,,,,,,,,,,3,"[11, 12, 13]",blocked,,,,,,,,,,,,,,,,,,,,,,,,,,,,,,,,,,,,,,,,,,,,,,,,,,,,,0.10000000000000002,1.6996749443881478e-17,10.0,0.0,29.225870768229168,1.1094808137222225,333.2581787109375,12.78389926210471,0.0303861002141064,0.021719241607148526,0.5740485386134636,0.01243721240783689,0.7971891544710408,0.0021086099924135094,0.8547510092095331,0.0015040035410651027,0.522713543278446,0.009515623596212932,0.5433844943600834,0.004462258835250536,0.9983364010748845,0.0010870298132558854,0.99572007400409,0.006211654844313433,0.9344529702485311,0.013798009545187928,0.7061219123357096,0.00290821761135195,422.6666666666667,26.6520793435209,13.0,3.605551275463989,0.0,0.0,0.0,0.0,422.6666666666667,26.6520793435209,172.66666666666666,13.051181300301263,0.6474087217554405,0.00200326296093613,0.5654951762277506,0.0027545856980890947
diagnosis_fd001,blocked,cmapss:FD001,diagnosis,relational_max | bank2:6-10 | circuit,,,,,,,,,,,,,,,,,,,,,,,,,,,,,,,3,"[11, 12, 13]",blocked,,,,,,,,,,,,,,,,,,,,,,,,,,,,,,,,,,,,,,,,,,,,,,,,,,,,,0.10000000000000002,1.6996749443881478e-17,10.0,0.0,2.6259562174479165,0.5073645572763497,12.248565673828125,0.6391961838062885,0.027831928703014135,0.023492824046001257,0.34495541913545075,0.07479851882082092,0.6973155832078121,0.023436281600430323,0.7615607261339501,0.02447147473882922,0.5058492126950821,0.02729401432313252,0.6991657674454318,0.07224106482141156,0.9055255749364441,0.022504998487064807,0.87365704004779,0.02774385324945624,0.515787327277607,0.02305704629693143,0.47436258399753356,0.04187093449419718,422.6666666666667,26.6520793435209,13.0,3.605551275463989,0.0,0.0,160.0,59.3548650070068,262.6666666666667,32.95957119462165,113.66666666666667,27.42869543622761,0.6951239333102865,0.1331777924976938,0.3189719248072253,0.06596607724149682
diagnosis_fd001,blocked,cmapss:FD001,diagnosis,query single_sensor_0 | circuit,,,,,,,,,,,,,,,,,,,,,,,,,,,,,,,3,"[11, 12, 13]",blocked,,,,,,,,,,,2.86102294921875e-06,9.5367431640625e-07,1.2090625706684175,0.16021177302060116,0.5717647916656764,0.07789632770011842,871.3333333333334,59.87765303795175,1.0,0.0,1.0,0.0,1.0,0.0,6.0,0.0,50324.0,0.0,240.0,0.0,2.0,0.0,1.195972,0.1537332620189918,21924489.333333332,1506641.505740942,209120.0,14370.636729108423,13070.0,898.1647955692764,245760.0,0.0,-2.50653765003032e-07,5.340752953305238e-07,8.522770068945343e-07,2.390993288517409e-07,1.2380635325826006e-06,1.7447801872923022e-07,-2.5431315104166665e-06,1.1012082465927615e-06,1.9073486328125e-06,0.0,,,,,,,,,,,,,,,,,,,,,,,,,,,,,,,,,,,,,,,,,,,,
diagnosis_fd001,blocked,cmapss:FD001,diagnosis,joint | single_sensor_0 | circuit,,,,,,,,,,,,,,,,,,,,,,,,,,,,,,,3,"[11, 12, 13]",blocked,,,,,,,,,,,,,,,,,,,,,,,,,,,,,,,,,,,,,,,,,,,,,,,,,,,,,0.10000000000000002,1.6996749443881478e-17,10.0,0.0,25.48981221516927,1.6797459367864789,72.17676417032878,12.794815249995306,0.07113564675157219,0.05999420243404543,0.17693514807439903,0.06448630961091371,0.5609965182594723,0.004543025305233886,0.61275804421875,0.007905751051216752,0.5311495181371013,0.014172667489193089,0.46993949797672147,0.025441207782562605,0.6402899273636603,0.010476787177374486,0.5969212534122893,0.01818824351278293,0.5661281973727669,0.012263322175338775,,,0.0,0.0,361.0,25.11971337416094,74.66666666666667,6.110100926607787,74.66666666666667,6.110100926607787,0.0,0.0,0.0,0.0,,,0.0,0.0
diagnosis_fd001,blocked,cmapss:FD001,diagnosis,independent | single_sensor_0 | circuit,,,,,,,,,,,,,,,,,,,,,,,,,,,,,,,3,"[11, 12, 13]",blocked,,,,,,,,,,,,,,,,,,,,,,,,,,,,,,,,,,,,,,,,,,,,,,,,,,,,,0.10000000000000002,1.6996749443881478e-17,10.0,0.0,25.48981221516927,1.6797459367864789,72.17676289876302,12.794816568377422,0.07113564675157219,0.05999420243404543,0.17693514807439903,0.06448630961091371,0.5609820023645674,0.004537292453782971,0.6127350678762816,0.00790590918166516,0.5311134186831055,0.014219536759962197,0.4699007889236417,0.025417933825345997,0.6402845002497995,0.010484007616509063,0.5969393031392871,0.01821288717770343,0.5661181572121242,0.012252638085686135,,,0.0,0.0,361.0,25.11971337416094,74.66666666666667,6.110100926607787,74.66666666666667,6.110100926607787,0.0,0.0,0.0,0.0,,,0.0,0.0
diagnosis_fd001,blocked,cmapss:FD001,diagnosis,marginal_max | single_sensor_0 | circuit,,,,,,,,,,,,,,,,,,,,,,,,,,,,,,,3,"[11, 12, 13]",blocked,,,,,,,,,,,,,,,,,,,,,,,,,,,,,,,,,,,,,,,,,,,,,,,,,,,,,0.10000000000000002,1.6996749443881478e-17,10.0,0.0,25.48981221516927,1.6797459367864789,72.17676289876302,12.794816568377422,0.07113564675157219,0.05999420243404543,0.17693514807439903,0.06448630961091371,0.5609820023645674,0.004537292453782971,0.6127350678762816,0.00790590918166516,0.5311134186831055,0.014219536759962197,0.4699007889236417,0.025417933825345997,0.6402845002497995,0.010484007616509063,0.5969393031392871,0.01821288717770343,0.5661181572121242,0.012252638085686135,,,0.0,0.0,361.0,25.11971337416094,74.66666666666667,6.110100926607787,74.66666666666667,6.110100926607787,0.0,0.0,0.0,0.0,,,0.0,0.0
diagnosis_fd001,blocked,cmapss:FD001,diagnosis,conditional_max | single_sensor_0 | circuit,,,,,,,,,,,,,,,,,,,,,,,,,,,,,,,3,"[11, 12, 13]",blocked,,,,,,,,,,,,,,,,,,,,,,,,,,,,,,,,,,,,,,,,,,,,,,,,,,,,,0.10000000000000002,1.6996749443881478e-17,10.0,0.0,25.48981221516927,1.6797459367864789,72.17676289876302,12.794816568377422,0.07113564675157219,0.05999420243404543,0.17693514807439903,0.06448630961091371,0.5609820023645674,0.004537292453782971,0.6127350678762816,0.00790590918166516,0.5311134186831055,0.014219536759962197,0.4699007889236417,0.025417933825345997,0.6402845002497995,0.010484007616509063,0.5969393031392871,0.01821288717770343,0.5661181572121242,0.012252638085686135,,,0.0,0.0,361.0,25.11971337416094,74.66666666666667,6.110100926607787,74.66666666666667,6.110100926607787,0.0,0.0,0.0,0.0,,,0.0,0.0
diagnosis_fd001,blocked,cmapss:FD001,diagnosis,relational_max | single_sensor_0 | circuit,,,,,,,,,,,,,,,,,,,,,,,,,,,,,,,3,"[11, 12, 13]",blocked,,,,,,,,,,,,,,,,,,,,,,,,,,,,,,,,,,,,,,,,,,,,,,,,,,,,,0.10000000000000002,1.6996749443881478e-17,10.0,0.0,0.0,0.0,0.0,0.0,0.0,0.0,0.0,0.0,0.5,0.0,0.5,0.0,0.5,0.0,0.5,0.0,0.5,0.0,0.5,0.0,0.5,0.0,,,0.0,0.0,361.0,25.11971337416094,74.66666666666667,6.110100926607787,74.66666666666667,6.110100926607787,0.0,0.0,0.0,0.0,,,0.0,0.0
diagnosis_fd001,conditional,cmapss:FD001,diagnosis,model,-2.284844716389974e-07,4.3426936853715565e-07,2400.0,0.0,2385.0,0.0,19136.0,0.0,23921.0,0.0,174240.0,0.0,2760.0,103.92304845413264,180.0,0.0,167.33333333333334,12.583057392117915,35.63468678792318,4.384567444340649,263.38873108228046,28.99915031049995,31.216536250983552,7.105677442290262,0.02,0.0,180.0,0.0,256.0,0.0,3,"[11, 12, 13]",conditional,,,,,,,,,,,,,,,,,,,,,,,,,,,,,,,,,,,,,,,,,,,,,,,,,,,,,,,,,,,,,,,,,,,,,,,,,,,,,,,,,,,,,,,,,,,,,,,,
diagnosis_fd001,conditional,cmapss:FD001,diagnosis,shortcut audit,,,,,,,,,,,,,,,,,,,,,,,,,,,,,,,3,"[11, 12, 13]",conditional,0.5580858376836484,0.011033518695286345,0.0,0.0,1128.0,157.12415473121885,871.3333333333334,59.87765303795175,42.0,0.0,,,,,,,,,,,,,,,,,,,,,,,,,,,,,,,,,,,,,,,,,,,,,,,,,,,,,,,,,,,,,,,,,,,,,,,,,,,,,,,,,,,,,,
diagnosis_fd001,conditional,cmapss:FD001,diagnosis,query full | circuit,,,,,,,,,,,,,,,,,,,,,,,,,,,,,,,3,"[11, 12, 13]",conditional,,,,,,,,,,,3.3060709635416664e-05,4.404832986371047e-06,1.011519301332252,0.027952720224787155,0.6124719833339137,0.20872038306331187,871.3333333333334,59.87765303795175,15.0,0.0,15.0,0.0,15.0,0.0,6.0,0.0,50324.0,0.0,240.0,0.0,2.0,0.0,1.0072933333333334,0.028591625912727223,21924489.333333332,1506641.505740942,209120.0,14370.636729108423,13070.0,898.1647955692764,245760.0,0.0,5.946171760559082,2.57760553024693,6.068123896916707,2.5361147539426794,2.7068779865900674,0.9870815255556346,0.172780970732371,0.8366150854754008,8.551363627115885,3.9127710988227498,,,,,,,,,,,,,,,,,,,,,,,,,,,,,,,,,,,,,,,,,,,,
diagnosis_fd001,conditional,cmapss:FD001,diagnosis,joint | full | circuit,,,,,,,,,,,,,,,,,,,,,,,,,,,,,,,3,"[11, 12, 13]",conditional,,,,,,,,,,,,,,,,,,,,,,,,,,,,,,,,,,,,,,,,,,,,,,,,,,,,,0.10000000000000002,1.6996749443881478e-17,10.0,0.0,64.38870366414388,21.514700292967238,907.0329182942709,121.32834417578086,0.08330026772411821,0.01528085710688711,0.5646202841010103,0.05076592037763153,0.7917668973009376,0.006973753191214934,0.8422370717822879,0.010791474012411519,0.5188021342377814,0.005409547606249676,0.5395334083682735,0.011414822071720994,0.9948312305362988,0.0039449681487179235,0.9913573304243842,0.003850875186977124,0.9243990315088485,0.03891653007051674,0.6836991802318289,0.009562184838703977,435.6666666666667,29.938826518975876,0.0,0.0,0.0,0.0,0.0,0.0,435.6666666666667,29.938826518975876,190.66666666666666,35.809682117177935,0.6428902460704976,0.00498552819894187,0.5296014348814032,0.03670547143922325
diagnosis_fd001,conditional,cmapss:FD001,diagnosis,independent | full | circuit,,,,,,,,,,,,,,,,,,,,,,,,,,,,,,,3,"[11, 12, 13]",conditional,,,,,,,,,,,,,,,,,,,,,,,,,,,,,,,,,,,,,,,,,,,,,,,,,,,,,0.10000000000000002,1.6996749443881478e-17,10.0,0.0,72.4529291788737,18.15727386244804,903.0564982096354,124.89612942934896,0.07686124147694945,0.01759238187599119,0.5473514912731495,0.04163000994398019,0.7815800043052459,0.003146205434418395,0.8354556618145684,0.008893205517362779,0.5199709844045326,0.003526865672620293,0.4942114151014678,0.030227489815078834,0.9930542989276425,0.004789576753990652,0.9880149719811412,0.0045307852473710645,0.9217363268832535,0.04176580186935363,0.6605855502216013,0.0040568970476768116,435.6666666666667,29.938826518975876,0.0,0.0,0.0,0.0,0.0,0.0,435.6666666666667,29.938826518975876,198.0,32.07802986469088,0.6218066984080316,0.0050842508799327215,0.5156261630164907,0.032125772201532274
diagnosis_fd001,conditional,cmapss:FD001,diagnosis,marginal_max | full | circuit,,,,,,,,,,,,,,,,,,,,,,,,,,,,,,,3,"[11, 12, 13]",conditional,,,,,,,,,,,,,,,,,,,,,,,,,,,,,,,,,,,,,,,,,,,,,,,,,,,,,0.10000000000000002,1.6996749443881478e-17,10.0,0.0,29.999876022338867,0.9239258728422091,480.7551981608073,83.8099355603904,0.03413423786909258,0.012725056605330133,0.582185958718407,0.009962096032937476,0.7899933090161187,0.0034476692649565125,0.8518554896219861,0.00240744385308711,0.5174448410031911,0.0015121028801527074,0.48813155702284156,0.01335376897889705,0.9956774937917486,0.0056044469939389345,0.9963310516840155,0.002791186119680016,0.9600932831099445,0.020988929097684277,0.6605855502216013,0.0040568970476768116,435.6666666666667,29.938826518975876,0.0,0.0,0.0,0.0,0.0,0.0,435.6666666666667,29.938826518975876,182.0,12.529964086141668,0.6218066984080316,0.0050842508799327215,0.5714509140727476,0.006508795617383076
diagnosis_fd001,conditional,cmapss:FD001,diagnosis,conditional_max | full | circuit,,,,,,,,,,,,,,,,,,,,,,,,,,,,,,,3,"[11, 12, 13]",conditional,,,,,,,,,,,,,,,,,,,,,,,,,,,,,,,,,,,,,,,,,,,,,,,,,,,,,0.10000000000000002,1.6996749443881478e-17,10.0,0.0,28.99524752298991,0.7524326215492002,481.0280049641927,83.66235687412687,0.04880467721445427,0.02242714257950312,0.5960132149045917,0.01225151773093733,0.8009408396646501,0.0018389176870141578,0.8586170462254846,0.0013214995929547169,0.5214410158156509,0.0024092142174497472,0.5332970574356674,0.016360316379557673,0.9994685434459427,0.0006199873495769232,0.9993631903337272,0.0001945799038375382,0.9598774653087331,0.019684081076477445,0.6836991802318289,0.009562184838703977,435.6666666666667,29.938826518975876,0.0,0.0,0.0,0.0,0.0,0.0,435.6666666666667,29.938826518975876,176.0,13.0,0.6428902460704976,0.00498552819894187,0.5821593118465594,0.005486207094175142
diagnosis_fd001,conditional,cmapss:FD001,diagnosis,relational_max | full | circuit,,,,,,,,,,,,,,,,,,,,,,,,,,,,,,,3,"[11, 12, 13]",conditional,,,,,,,,,,,,,,,,,,,,,,,,,,,,,,,,,,,,,,,,,,,,,,,,,,,,,0.10000000000000002,1.6996749443881478e-17,10.0,0.0,2.5287291208902993,1.42392918276287,12.377518971761068,0.9049740496447752,0.08124226258669852,0.04778607713853612,0.3319617888717317,0.06553421094745378,0.6670712234409356,0.045881231523427705,0.7274161783894515,0.04544098526432268,0.5050190935900581,0.002094010548369166,0.7101830470883277,0.06971883300269628,0.8316925153496522,0.05340090636030902,0.832234725318378,0.08521512943447919,0.46719339518949315,0.021606685755930177,0.438301869346515,0.043854796168817094,435.6666666666667,29.938826518975876,0.0,0.0,0.0,0.0,141.33333333333334,50.85600587279081,294.3333333333333,34.31229128655406,149.66666666666666,63.61079572944622,0.5707872668907066,0.1316305199123676,0.27746423831860667,0.08480460376513449
diagnosis_fd001,conditional,cmapss:FD001,diagnosis,query random1:1 | circuit,,,,,,,,,,,,,,,,,,,,,,,,,,,,,,,3,"[11, 12, 13]",conditional,,,,,,,,,,,3.1153361002604164e-05,6.6983882604298526e-06,1.003500042331628,0.024593773755529236,0.48877514933337807,0.015310254474279982,871.3333333333334,59.87765303795175,14.0,0.0,14.0,0.0,14.0,0.0,6.0,0.0,50324.0,0.0,240.0,0.0,2.0,0.0,0.999009,0.02499339984876007,21924489.333333332,1506641.505740942,209120.0,14370.636729108423,13070.0,898.1647955692764,245760.0,0.0,5.5118982791900635,2.1966803265606525,5.62890871365865,2.148964929755103,2.4808919032414756,0.8473088157132463,0.223131130139033,0.8603587956375192,7.821781158447266,3.3323203224762223,,,,,,,,,,,,,,,,,,,,,,,,,,,,,,,,,,,,,,,,,,,,
diagnosis_fd001,conditional,cmapss:FD001,diagnosis,joint | random1:1 | circuit,,,,,,,,,,,,,,,,,,,,,,,,,,,,,,,3,"[11, 12, 13]",conditional,,,,,,,,,,,,,,,,,,,,,,,,,,,,,,,,,,,,,,,,,,,,,,,,,,,,,0.10000000000000002,1.6996749443881478e-17,10.0,0.0,44.8417174021403,23.486535074347444,908.2793579101562,118.98530067224975,0.08593786257260565,0.0234143358010912,0.5537771940843944,0.046637696705100595,0.7870037024463024,0.0038224603942919513,0.8383949315873771,0.008110008832708456,0.5196647897211356,0.00832100149751907,0.5411467888608336,0.02269546599512079,0.9945239998584586,0.004493112185208871,0.9869609922446377,0.003202803938458357,0.9020950163577686,0.021813660394667662,0.6947295931393144,0.00973980580988081,426.6666666666667,31.182259913824932,9.0,2.6457513110645907,0.0,0.0,0.0,0.0,426.6666666666667,31.182259913824932,186.66666666666666,35.21836642056717,0.6529056986111008,0.01216023192018317,0.5211820357967111,0.03677105432726018
diagnosis_fd001,conditional,cmapss:FD001,diagnosis,independent | random1:1 | circuit,,,,,,,,,,,,,,,,,,,,,,,,,,,,,,,3,"[11, 12, 13]",conditional,,,,,,,,,,,,,,,,,,,,,,,,,,,,,,,,,,,,,,,,,,,,,,,,,,,,,0.10000000000000002,1.6996749443881478e-17,10.0,0.0,52.36025746663412,20.461392258094364,903.4999186197916,122.06573482851026,0.07869562347403125,0.014991174921406423,0.5321324422425002,0.04284969514394024,0.7773356076445483,0.001336990684527263,0.831654090842686,0.006421326512726067,0.5200585331437443,0.006240978777152713,0.4988098100426564,0.03491779490671267,0.9929202466758972,0.005191530025864416,0.9828976509614714,0.0037362562501582295,0.9005778777265454,0.025458031677022184,0.6711154828440509,0.009066291971341036,426.6666666666667,31.182259913824932,9.0,2.6457513110645907,0.0,0.0,0.0,0.0,426.6666666666667,31.182259913824932,195.66666666666666,34.122328955294556,0.6297819164900393,0.010460980320905644,0.5036606646410184,0.038232485101361104
diagnosis_fd001,conditional,cmapss:FD001,diagnosis,marginal_max | random1:1 | circuit,,,,,,,,,,,,,,,,,,,,,,,,,,,,,,,3,"[11, 12, 13]",conditional,,,,,,,,,,,,,,,,,,,,,,,,,,,,,,,,,,,,,,,,,,,,,,,,,,,,,0.10000000000000002,1.6996749443881478e-17,10.0,0.0,28.325917561848957,2.5144556435857734,482.36817423502606,83.56789293492862,0.07930595023028486,0.08221482994511506,0.5937831795063687,0.04193977709869621,0.7857929132308289,0.00343566618693071,0.8478848143069785,0.002764391260987917,0.5216741785966046,0.004774277416342246,0.49346099743037103,0.001541534506027493,0.9964879324600533,0.004422656624794627,0.9943322926745983,0.003787797585237306,0.9296350383914088,0.024739473754962788,0.6711154828440509,0.009066291971341036,426.6666666666667,31.182259913824932,9.0,2.6457513110645907,0.0,0.0,0.0,0.0,426.6666666666667,31.182259913824932,168.66666666666666,25.540817005987364,0.6297819164900393,0.010460980320905644,0.5655092286054574,0.011278927236713586
diagnosis_fd001,conditional,cmapss:FD001,diagnosis,conditional_max | random1:1 | circuit,,,,,,,,,,,,,,,,,,,,,,,,,,,,,,,3,"[11, 12, 13]",conditional,,,,,,,,,,,,,,,,,,,,,,,,,,,,,,,,,,,,,,,,,,,,,,,,,,,,,0.10000000000000002,1.6996749443881478e-17,10.0,0.0,27.46160125732422,2.311648884276873,482.842041015625,83.82145954140765,0.08487441750464599,0.07385452985310406,0.6091361918380388,0.037149692882152675,0.7992649389097567,0.0032586158718501974,0.8560171128077059,0.0024902483311814924,0.5238339469670871,0.006170939569770867,0.5552454212308136,0.008626166919394948,0.9996786204181453,0.00019423411839268633,0.996889915794117,0.00365373390998597,0.9290679131198686,0.024225202961019588,0.6947295931393144,0.00973980580988081,426.6666666666667,31.182259913824932,9.0,2.6457513110645907,0.0,0.0,0.0,0.0,426.6666666666667,31.182259913824932,162.33333333333334,24.172987679087857,0.6529056986111008,0.01216023192018317,0.5784392789469869,0.010804951746109237
diagnosis_fd001,conditional,cmapss:FD001,diagnosis,relational_max | random1:1 | circuit,,,,,,,,,,,,,,,,,,,,,,,,,,,,,,,3,"[11, 12, 13]",conditional,,,,,,,,,,,,,,,,,,,,,,,,,,,,,,,,,,,,,,,,,,,,,,,,,,,,,0.10000000000000002,1.6996749443881478e-17,10.0,0.0,2.5365146001180015,1.4209268864678521,11.96143658955892,1.2025005576746288,0.06852409132344646,0.05749110960545943,0.315267523659223,0.060192912117573674,0.6659444144360936,0.03811369758845963,0.7285980796504238,0.04139248074804037,0.5049385523577898,0.005937756604907449,0.7078798240849405,0.04866481222169864,0.8411228889485729,0.05648882841715351,0.8356307344896043,0.08469822079322559,0.4506361442855866,0.04128811236277048,0.45561329771780995,0.038699380130938175,426.6666666666667,31.182259913824932,9.0,2.6457513110645907,0.0,0.0,149.33333333333334,49.702447961175245,277.3333333333333,31.564748269760262,140.0,59.3548650070068,0.5882522231588446,0.13401756680881907,0.2639561776398728,0.0732333133696943
diagnosis_fd001,conditional,cmapss:FD001,diagnosis,query random3:5-8-14 | circuit,,,,,,,,,,,,,,,,,,,,,,,,,,,,,,,3,"[11, 12, 13]",conditional,,,,,,,,,,,2.1139780680338543e-05,1.927114431537333e-06,1.0020960823336889,0.024992763278126738,0.5795571970011224,0.17006420263103933,871.3333333333334,59.87765303795175,12.0,0.0,12.0,0.0,12.0,0.0,6.0,0.0,50324.0,0.0,240.0,0.0,2.0,0.0,0.9980876666666667,0.025770018477551223,21924489.333333332,1506641.505740942,209120.0,14370.636729108423,13070.0,898.1647955692764,245760.0,0.0,4.290156126022339,1.7544060691134653,4.390953302383423,1.694305952955969,1.9021374384562175,0.6271134329457243,0.0362430177628994,0.5754116401715276,6.071144342422485,2.7628007096056026,,,,,,,,,,,,,,,,,,,,,,,,,,,,,,,,,,,,,,,,,,,,
diagnosis_fd001,conditional,cmapss:FD001,diagnosis,joint | random3:5-8-14 | circuit,,,,,,,,,,,,,,,,,,,,,,,,,,,,,,,3,"[11, 12, 13]",conditional,,,,,,,,,,,,,,,,,,,,,,,,,,,,,,,,,,,,,,,,,,,,,,,,,,,,,0.10000000000000002,1.6996749443881478e-17,10.0,0.0,18.32500171661377,5.3750334058740705,813.9015706380209,178.453412474555,0.11548252098846125,0.05898250084767314,0.569386550943109,0.04279843740934124,0.7736912830661354,0.00815500234472423,0.8272136295728462,0.010638692935810498,0.5104337842512948,0.00890619089483333,0.5337644622095553,0.01522929843281031,0.981343599272335,0.013557848048824261,0.9731742851272621,0.009142442625976927,0.878924451474933,0.04213692409878632,0.7007760588219872,0.015122420322758828,403.3333333333333,29.19474838619667,32.333333333333336,2.0816659994661326,0.0,0.0,0.0,0.0,403.3333333333333,29.19474838619667,159.0,12.529964086141668,0.6505636672260088,0.02057025163846055,0.5114032817769009,0.015137036106521116
diagnosis_fd001,conditional,cmapss:FD001,diagnosis,independent | random3:5-8-14 | circuit,,,,,,,,,,,,,,,,,,,,,,,,,,,,,,,3,"[11, 12, 13]",conditional,,,,,,,,,,,,,,,,,,,,,,,,,,,,,,,,,,,,,,,,,,,,,,,,,,,,,0.10000000000000002,1.6996749443881478e-17,10.0,0.0,23.80841636657715,2.6881465295810902,815.1710611979166,177.55991649150027,0.11226966958283875,0.0641250940561041,0.5555052720714461,0.04205131697763633,0.7647298371369006,0.0054017268931501414,0.8208485614435116,0.00901399276132152,0.5141570523643572,0.009409254717444603,0.49635648557597145,0.027280127020334704,0.978278185115169,0.013482699018218892,0.9683104206516887,0.00905040109028512,0.874766124408474,0.04191004470864298,0.6804641333329923,0.008353868939326907,403.3333333333333,29.19474838619667,32.333333333333336,2.0816659994661326,0.0,0.0,0.0,0.0,403.3333333333333,29.19474838619667,164.33333333333334,10.066445913694333,0.6277691090118842,0.011827735265775562,0.4997436554729557,0.015279746632715882
diagnosis_fd001,conditional,cmapss:FD001,diagnosis,marginal_max | random3:5-8-14 | circuit,,,,,,,,,,,,,,,,,,,,,,,,,,,,,,,3,"[11, 12, 13]",conditional,,,,,,,,,,,,,,,,,,,,,,,,,,,,,,,,,,,,,,,,,,,,,,,,,,,,,0.10000000000000002,1.6996749443881478e-17,10.0,0.0,28.083632787068684,2.1661094710859485,481.6525370279948,83.13181392345987,0.08050696281141506,0.045198047902082435,0.5671114426446332,0.02551223906932555,0.7684063334368311,0.003837924992296203,0.8343937627638742,0.0028623480795186003,0.5109013649756436,0.004335948157900691,0.4854742812355617,0.02098529589854784,0.9811235804489846,0.011308352329859647,0.9771917209466627,0.0036653998688321054,0.8954531570348635,0.035490270584714746,0.6804641333329923,0.008353868939326907,403.3333333333333,29.19474838619667,32.333333333333336,2.0816659994661326,0.0,0.0,0.0,0.0,403.3333333333333,29.19474838619667,157.66666666666666,6.6583281184793925,0.6277691090118842,0.011827735265775562,0.5369027587611716,0.00588647423486057
diagnosis_fd001,conditional,cmapss:FD001,diagnosis,conditional_max | random3:5-8-14 | circuit,,,,,,,,,,,,,,,,,,,,,,,,,,,,,,,3,"[11, 12, 13]",conditional,,,,,,,,,,,,,,,,,,,,,,,,,,,,,,,,,,,,,,,,,,,,,,,,,,,,,0.10000000000000002,1.6996749443881478e-17,10.0,0.0,27.392784754435223,1.9163661585270602,481.5085042317708,83.26161185276256,0.09712562056231379,0.07365818346395699,0.5828489717668698,0.04094268016566372,0.7791972177884939,0.005408258224091477,0.8415240242313077,0.0033507455065212265,0.5110775145666412,0.0075479560276206555,0.5247487256660323,0.024189813451859353,0.9909402305009422,0.005656548065700175,0.9820748167818977,0.0030676801063364216,0.8965956110652723,0.03320203933470334,0.7007760588219872,0.015122420322758828,403.3333333333333,29.19474838619667,32.333333333333336,2.0816659994661326,0.0,0.0,0.0,0.0,403.3333333333333,29.19474838619667,150.33333333333334,6.506407098647712,0.6505636672260088,0.02057025163846055,0.5475171635417339,0.006824877294536307
diagnosis_fd001,conditional,cmapss:FD001,diagnosis,relational_max | random3:5-8-14 | circuit,,,,,,,,,,,,,,,,,,,,,,,,,,,,,,,3,"[11, 12, 13]",conditional,,,,,,,,,,,,,,,,,,,,,,,,,,,,,,,,,,,,,,,,,,,,,,,,,,,,,0.10000000000000002,1.6996749443881478e-17,10.0,0.0,2.4999728202819824,1.3569672576820426,11.167804082234701,0.25738950207198824,0.04444856161562657,0.03583809948500683,0.24873089210730184,0.04859949299046662,0.6435006235643238,0.028672340394754636,0.7009744880273988,0.03478580408656755,0.4808669729644765,0.020641620768578166,0.6681071972401522,0.03516543580421941,0.7855932211339738,0.055840622760415834,0.7722935120972911,0.05746809175123139,0.5180884941124178,0.017463280608092543,0.45644991919544003,0.03924939978828088,403.3333333333333,29.19474838619667,32.333333333333336,2.0816659994661326,0.0,0.0,162.33333333333334,56.358968526165675,241.0,42.930175867331364,135.33333333333334,63.90878917123476,0.559578284282462,0.14067015088544801,0.20661202843034943,0.054870690516601525
diagnosis_fd001,conditional,cmapss:FD001,diagnosis,query random7:3-4-8-10-11-12-14 | circuit,,,,,,,,,,,,,,,,,,,,,,,,,,,,,,,3,"[11, 12, 13]",conditional,,,,,,,,,,,2.5431315104166668e-05,6.204993342063629e-06,1.0582998363327836,0.10273694391930759,0.4869184149974899,0.014159055107164704,871.3333333333334,59.87765303795175,8.0,0.0,8.0,0.0,8.0,0.0,6.0,0.0,50324.0,0.0,240.0,0.0,2.0,0.0,1.0528033333333333,0.10220001177266728,21924489.333333332,1506641.505740942,209120.0,14370.636729108423,13070.0,898.1647955692764,245760.0,0.0,3.4108039140701294,1.636837091887734,3.5629936059316,1.5645840158620938,1.7359081904093425,0.4481445459427076,-0.3569653977950414,0.5948746643439355,5.002768039703369,2.0943908100291275,,,,,,,,,,,,,,,,,,,,,,,,,,,,,,,,,,,,,,,,,,,,
diagnosis_fd001,conditional,cmapss:FD001,diagnosis,joint | random7:3-4-8-10-11-12-14 | circuit,,,,,,,,,,,,,,,,,,,,,,,,,,,,,,,3,"[11, 12, 13]",conditional,,,,,,,,,,,,,,,,,,,,,,,,,,,,,,,,,,,,,,,,,,,,,,,,,,,,,0.10000000000000002,1.6996749443881478e-17,10.0,0.0,112.14682006835938,11.248260940051054,566.8810221354166,89.43632591202449,0.06371785417357644,0.02316184952626003,0.4872918314378822,0.04827237134684568,0.7444508840189874,0.007611748861931081,0.8064257289278308,0.010399908974365175,0.50708901833664,0.017016038438686373,0.5079700828170784,0.015595596090589213,0.9535070091575878,0.01262980270337419,0.9214735028581931,0.023677600790654466,0.8412069252789126,0.044314292735947884,0.7813955146354171,0.01051515002427881,331.0,20.29778313018444,104.66666666666667,11.239810200058244,0.0,0.0,0.0,0.0,331.0,20.29778313018444,129.33333333333334,22.479620400116488,0.7094239730821679,0.011309291854342698,0.4482435945253232,0.030970703526836615
diagnosis_fd001,conditional,cmapss:FD001,diagnosis,independent | random7:3-4-8-10-11-12-14 | circuit,,,,,,,,,,,,,,,,,,,,,,,,,,,,,,,3,"[11, 12, 13]",conditional,,,,,,,,,,,,,,,,,,,,,,,,,,,,,,,,,,,,,,,,,,,,,,,,,,,,,0.10000000000000002,1.6996749443881478e-17,10.0,0.0,116.60763549804688,9.642357441583504,557.2164001464844,83.03442720222567,0.05087977198701026,0.01059564429072229,0.47014440741690167,0.04266663743964591,0.7332590176977974,0.0020050358982154123,0.797884823606989,0.007759086963500651,0.5093510100487092,0.017407575889163373,0.4678789380150193,0.025467687959404534,0.9455136965397721,0.011196629978564713,0.9109363513445707,0.025614001805126397,0.8404608071063904,0.047118732042012904,0.7630085285916897,0.016646604863353516,331.0,20.29778313018444,104.66666666666667,11.239810200058244,0.0,0.0,0.0,0.0,331.0,20.29778313018444,134.66666666666666,21.548395145191982,0.6871909029666275,0.017088233806554647,0.4390076591533017,0.030111784567648903
diagnosis_fd001,conditional,cmapss:FD001,diagnosis,marginal_max | random7:3-4-8-10-11-12-14 | circuit,,,,,,,,,,,,,,,,,,,,,,,,,,,,,,,3,"[11, 12, 13]",conditional,,,,,,,,,,,,,,,,,,,,,,,,,,,,,,,,,,,,,,,,,,,,,,,,,,,,,0.10000000000000002,1.6996749443881478e-17,10.0,0.0,28.083632787068684,2.1661094710859485,420.3320821126302,26.996782926421325,0.06860605677727548,0.04785724748748046,0.49462688912350017,0.03832516433742536,0.7367629250529225,0.0017196538091448351,0.8061217579649874,0.002320132797907542,0.5059892165338827,0.012805220054935349,0.48253844703605253,0.023820242885227633,0.9370403305160816,0.004910256428226055,0.909919282008644,0.016233423973455847,0.8563629757359429,0.03151346516688894,0.7630085285916897,0.016646604863353516,331.0,20.29778313018444,104.66666666666667,11.239810200058244,0.0,0.0,0.0,0.0,331.0,20.29778313018444,121.33333333333333,15.50268793897798,0.6871909029666275,0.017088233806554647,0.46479417721303684,0.016849457448939745
diagnosis_fd001,conditional,cmapss:FD001,diagnosis,conditional_max | random7:3-4-8-10-11-12-14 | circuit,,,,,,,,,,,,,,,,,,,,,,,,,,,,,,,3,"[11, 12, 13]",conditional,,,,,,,,,,,,,,,,,,,,,,,,,,,,,,,,,,,,,,,,,,,,,,,,,,,,,0.10000000000000002,1.6996749443881478e-17,10.0,0.0,27.375357309977215,1.9225773164584536,420.67650349934894,27.68201676548202,0.08214582642357268,0.08174643889531566,0.5174194002995951,0.04948448095606118,0.7508151025885429,0.006054211831724434,0.8169097770374457,0.004153028390295754,0.504704501575802,0.015135100586121041,0.5278808786345085,0.03328552165776854,0.9490024264985609,0.004902470756320425,0.92128505011407,0.009102532254454903,0.8604997818399234,0.034840363948240693,0.7813955146354171,0.01051515002427881,331.0,20.29778313018444,104.66666666666667,11.239810200058244,0.0,0.0,0.0,0.0,331.0,20.29778313018444,112.0,14.177446878757825,0.7094239730821679,0.011309291854342698,0.4817543441893013,0.00917571010246341
diagnosis_fd001,conditional,cmapss:FD001,diagnosis,relational_max | random7:3-4-8-10-11-12-14 | circuit,,,,,,,,,,,,,,,,,,,,,,,,,,,,,,,3,"[11, 12, 13]",conditional,,,,,,,,,,,,,,,,,,,,,,,,,,,,,,,,,,,,,,,,,,,,,,,,,,,,,0.10000000000000002,1.6996749443881478e-17,10.0,0.0,1.9070536295572917,0.6615257894988559,10.802889506022135,0.7389676548820251,0.09594744815705293,0.0752470681084382,0.27660538291109377,0.06471857997804926,0.5962678324551006,0.007852574891360282,0.659628517934809,0.030136738007983003,0.4968111316344496,0.012275747635418107,0.6560056555261711,0.048872406400592955,0.6773761733890744,0.016818465403229805,0.6960745217582964,0.0332106729611949,0.45893370488590923,0.05787807944841478,0.5317160743180183,0.06011447379847221,331.0,20.29778313018444,104.66666666666667,11.239810200058244,0.0,0.0,76.66666666666667,132.7905619136139,254.33333333333334,113.95320677073258,145.33333333333334,97.16137778630629,0.4972668975158257,0.061428900352785976,0.19906521315675121,0.06134954519362181
diagnosis_fd001,conditional,cmapss:FD001,diagnosis,query bank0:0-1-2-4-5-7-8 | circuit,,,,,,,,,,,,,,,,,,,,,,,,,,,,,,,3,"[11, 12, 13]",conditional,,,,,,,,,,,2.47955322265625e-05,1.9073486328125e-06,1.0185663916672638,0.03484184656803935,0.5030247340000642,0.01695980809134028,871.3333333333334,59.87765303795175,8.0,0.0,8.0,0.0,8.0,0.0,6.0,0.0,50324.0,0.0,240.0,0.0,2.0,0.0,1.0117353333333332,0.03929265028390592,21924489.333333332,1506641.505740942,209120.0,14370.636729108423,13070.0,898.1647955692764,245760.0,0.0,1.9932260513305664,1.0450229479146282,2.194992979367574,0.9158501517199009,1.2642035086949666,0.29867018532778683,-0.776660164197286,0.5719322396273389,3.1762441794077554,1.6957710662372054,,,,,,,,,,,,,,,,,,,,,,,,,,,,,,,,,,,,,,,,,,,,
diagnosis_fd001,conditional,cmapss:FD001,diagnosis,joint | bank0:0-1-2-4-5-7-8 | circuit,,,,,,,,,,,,,,,,,,,,,,,,,,,,,,,3,"[11, 12, 13]",conditional,,,,,,,,,,,,,,,,,,,,,,,,,,,,,,,,,,,,,,,,,,,,,,,,,,,,,0.10000000000000002,1.6996749443881478e-17,10.0,0.0,-44.28044001261393,5.121300593952284,782.4578247070312,200.41244059221722,0.0801344735602691,0.025945796612915982,0.4693055574116573,0.0105266448457982,0.7383928164580998,0.009547591405596103,0.7986816588540546,0.011058581997967356,0.5278643711074001,0.013725575096190526,0.5370134124147231,0.004466227610643121,0.953386423462209,0.022391451006525072,0.9352638196152055,0.019425174553223446,0.7448697723831286,0.016993832832259685,0.7402135782489254,0.007569904521790221,329.3333333333333,35.64173583501978,106.33333333333333,7.571877794400366,0.0,0.0,0.0,0.0,329.3333333333333,35.64173583501978,130.33333333333334,16.921386861996073,0.6748834858254539,0.01159376476963744,0.4219213447518014,0.009933897632995643
diagnosis_fd001,conditional,cmapss:FD001,diagnosis,independent | bank0:0-1-2-4-5-7-8 | circuit,,,,,,,,,,,,,,,,,,,,,,,,,,,,,,,3,"[11, 12, 13]",conditional,,,,,,,,,,,,,,,,,,,,,,,,,,,,,,,,,,,,,,,,,,,,,,,,,,,,,0.10000000000000002,1.6996749443881478e-17,10.0,0.0,-41.27181625366211,3.824835167106909,781.2040812174479,201.86419589242885,0.07852804785745787,0.026151420248817118,0.4592257099386758,0.013238267653320802,0.7318418683185325,0.008219111947307926,0.7934563750723975,0.010005590976404157,0.5269044706481082,0.012257661653001971,0.5194196156414487,0.015148474354585419,0.9502502053314239,0.023245041687067796,0.9253616570551082,0.01856519120098662,0.7435847518537932,0.015484920035132181,0.736382853312743,0.0012137596506429282,329.3333333333333,35.64173583501978,106.33333333333333,7.571877794400366,0.0,0.0,0.0,0.0,329.3333333333333,35.64173583501978,134.33333333333334,16.623276853055575,0.6679183197265619,0.0013667888987985368,0.4119354902720694,0.010027905299549979
diagnosis_fd001,conditional,cmapss:FD001,diagnosis,marginal_max | bank0:0-1-2-4-5-7-8 | circuit,,,,,,,,,,,,,,,,,,,,,,,,,,,,,,,3,"[11, 12, 13]",conditional,,,,,,,,,,,,,,,,,,,,,,,,,,,,,,,,,,,,,,,,,,,,,,,,,,,,,0.10000000000000002,1.6996749443881478e-17,10.0,0.0,28.325917561848957,2.5144556435857734,483.5392761230469,83.10218424560324,0.040817459613587966,0.03933835427659002,0.4589079723147911,0.0403812772885117,0.728479682817842,0.01770767996359496,0.7993215374393086,0.0166399291519122,0.507848729973983,0.026127026772084967,0.5063423277616771,0.024599457052876576,0.9481210833538299,0.016608492628927992,0.9467469989984064,0.026988147055407065,0.7394256764720986,0.024270100342432502,0.736382853312743,0.0012137596506429282,329.3333333333333,35.64173583501978,106.33333333333333,7.571877794400366,0.0,0.0,0.0,0.0,329.3333333333333,35.64173583501978,133.66666666666666,19.139836293274122,0.6679183197265619,0.0013667888987985368,0.4392554588627779,0.027813477535261182
diagnosis_fd001,conditional,cmapss:FD001,diagnosis,conditional_max | bank0:0-1-2-4-5-7-8 | circuit,,,,,,,,,,,,,,,,,,,,,,,,,,,,,,,3,"[11, 12, 13]",conditional,,,,,,,,,,,,,,,,,,,,,,,,,,,,,,,,,,,,,,,,,,,,,,,,,,,,,0.10000000000000002,1.6996749443881478e-17,10.0,0.0,28.773892720540363,1.7782779549511474,484.07289632161456,83.46285658655134,0.025153634604972275,0.014658374197989297,0.4609942036979217,0.01759154633855803,0.7377133314803356,0.014517462448100786,0.8064533446204624,0.014049095216847158,0.5105108432667671,0.024805332864674474,0.5383720219328435,0.0077217340693589796,0.9533242025048781,0.017447492361493937,0.9513542326781882,0.025892033520401484,0.7412844202960231,0.02981419370835467,0.7402135782489254,0.007569904521790221,329.3333333333333,35.64173583501978,106.33333333333333,7.571877794400366,0.0,0.0,0.0,0.0,329.3333333333333,35.64173583501978,131.33333333333334,16.165807537309522,0.6748834858254539,0.01159376476963744,0.4484107246774736,0.023234883040772036
diagnosis_fd001,conditional,cmapss:FD001,diagnosis,relational_max | bank0:0-1-2-4-5-7-8 | circuit,,,,,,,,,,,,,,,,,,,,,,,,,,,,,,,3,"[11, 12, 13]",conditional,,,,,,,,,,,,,,,,,,,,,,,,,,,,,,,,,,,,,,,,,,,,,,,,,,,,,0.10000000000000002,1.6996749443881478e-17,10.0,0.0,1.6674334208170574,0.7351961340503707,10.583990732828775,1.9345907918086331,0.05930552906392131,0.03694882664224035,0.22406038391743843,0.02509501004306,0.6162401056534473,0.02862113039932523,0.66087953491851,0.03339351996886248,0.4904880921356006,0.030289107737089645,0.5725304692962658,0.03937177444636909,0.7710690152898926,0.052207731212131764,0.7097950909846569,0.10815794661475703,0.5470023311963191,0.009661076788472814,0.5030068042363552,0.04497803127418967,329.3333333333333,35.64173583501978,106.33333333333333,7.571877794400366,0.0,0.0,205.66666666666666,126.66622806941609,123.66666666666667,91.30899919139041,58.666666666666664,46.92902442341342,0.4530318666541577,0.3106455529575567,0.1202325891242696,0.10434987482673196
diagnosis_fd001,conditional,cmapss:FD001,diagnosis,query bank1:3 | circuit,,,,,,,,,,,,,,,,,,,,,,,,,,,,,,,3,"[11, 12, 13]",conditional,,,,,,,,,,,4.57763671875e-05,1.52587890625e-05,0.9965711323335805,0.034281241027120005,0.5775475823332575,0.1672449405557125,871.3333333333334,59.87765303795175,14.0,0.0,14.0,0.0,14.0,0.0,6.0,0.0,50324.0,0.0,240.0,0.0,2.0,0.0,0.9904693333333334,0.036883174068039946,21924489.333333332,1506641.505740942,209120.0,14370.636729108423,13070.0,898.1647955692764,245760.0,0.0,5.946171601613362,2.5776085226058507,6.0681235790252686,2.5361171663324362,2.7068776289621987,0.9870801540784467,0.17278239130973816,0.8366193705957723,8.55136744181315,3.9127769876036167,,,,,,,,,,,,,,,,,,,,,,,,,,,,,,,,,,,,,,,,,,,,
diagnosis_fd001,conditional,cmapss:FD001,diagnosis,joint | bank1:3 | circuit,,,,,,,,,,,,,,,,,,,,,,,,,,,,,,,3,"[11, 12, 13]",conditional,,,,,,,,,,,,,,,,,,,,,,,,,,,,,,,,,,,,,,,,,,,,,,,,,,,,,0.10000000000000002,1.6996749443881478e-17,10.0,0.0,138.40689086914062,23.31718042593756,674.6375122070312,120.47168941395255,0.09048010130670914,0.05127499587943241,0.561827586639793,0.08039452784348486,0.7888065269309553,0.006430433318285989,0.8386205163433744,0.010772656757153627,0.5220023401421537,0.008429992363298422,0.5361938548903932,0.012355574102999258,0.9900737154952376,0.004366892014221228,0.9861315797730503,0.004858705178985173,0.919526059638747,0.03778829191398756,0.7049629419727017,0.01004972895116753,425.0,28.160255680657446,10.666666666666666,2.5166114784235836,0.0,0.0,0.0,0.0,425.0,28.160255680657446,182.33333333333334,45.368858629387326,0.6566223322297345,0.008296240557640512,0.5257094932113247,0.054932079382475636
diagnosis_fd001,conditional,cmapss:FD001,diagnosis,independent | bank1:3 | circuit,,,,,,,,,,,,,,,,,,,,,,,,,,,,,,,3,"[11, 12, 13]",conditional,,,,,,,,,,,,,,,,,,,,,,,,,,,,,,,,,,,,,,,,,,,,,,,,,,,,,0.10000000000000002,1.6996749443881478e-17,10.0,0.0,146.1153564453125,20.23702085706733,675.4330037434896,119.40834508800882,0.08479099416725083,0.062346477085762714,0.5383477238590341,0.07160623197352166,0.7767302432490837,0.004649555282761789,0.8300099078275224,0.008871440999414022,0.5229035262803777,0.00510193163971767,0.4865951353285442,0.035955123463075785,0.9870421179092123,0.004613879805455829,0.9782642074066282,0.00760239484985084,0.9176043292902412,0.04161629850817019,0.6804526852856156,0.006502089886798092,425.0,28.160255680657446,10.666666666666666,2.5166114784235836,0.0,0.0,0.0,0.0,425.0,28.160255680657446,192.33333333333334,41.40450861118066,0.6349470809510787,0.011210501488583286,0.5063130408089958,0.04970324790374223
diagnosis_fd001,conditional,cmapss:FD001,diagnosis,marginal_max | bank1:3 | circuit,,,,,,,,,,,,,,,,,,,,,,,,,,,,,,,3,"[11, 12, 13]",conditional,,,,,,,,,,,,,,,,,,,,,,,,,,,,,,,,,,,,,,,,,,,,,,,,,,,,,0.10000000000000002,1.6996749443881478e-17,10.0,0.0,29.999876022338867,0.9239258728422091,480.7551981608073,83.8099355603904,0.03413423786909258,0.012725056605330133,0.5752116462218745,0.014027859969508482,0.7876670839966646,0.003905045529751225,0.849583143773612,0.003587403581806636,0.5174448410031911,0.0015121028801527074,0.48813155702284156,0.01335376897889705,0.9873929608360198,0.00595605236110928,0.9926628630303748,0.008305172227539006,0.9600932831099445,0.020988929097684277,0.6804526852856156,0.006502089886798092,425.0,28.160255680657446,10.666666666666666,2.5166114784235836,0.0,0.0,0.0,0.0,425.0,28.160255680657446,174.33333333333334,11.930353445448855,0.6349470809510787,0.011210501488583286,0.5644766015762152,0.010699009881265958
diagnosis_fd001,conditional,cmapss:FD001,diagnosis,conditional_max | bank1:3 | circuit,,,,,,,,,,,,,,,,,,,,,,,,,,,,,,,3,"[11, 12, 13]",conditional,,,,,,,,,,,,,,,,,,,,,,,,,,,,,,,,,,,,,,,,,,,,,,,,,,,,,0.10000000000000002,1.6996749443881478e-17,10.0,0.0,28.99524180094401,0.752431054400451,481.0280049641927,83.66235687412687,0.04880467721445427,0.02242714257950312,0.5929210033640663,0.013532884406237403,0.7997886785012543,0.0010017211933713093,0.8574616659550317,0.0006787614156350761,0.5215170334716613,0.0023479114207327176,0.5333995388211167,0.01625613259193553,0.9935975173211151,0.0037738204862437976,0.9992422276696956,0.0003846126198371683,0.9599197298532752,0.019606340420041005,0.7049629419727017,0.01004972895116753,425.0,28.160255680657446,10.666666666666666,2.5166114784235836,0.0,0.0,0.0,0.0,425.0,28.160255680657446,166.66666666666666,12.342339054382412,0.6566223322297345,0.008296240557640512,0.579067100306034,0.006908758499551971
diagnosis_fd001,conditional,cmapss:FD001,diagnosis,relational_max | bank1:3 | circuit,,,,,,,,,,,,,,,,,,,,,,,,,,,,,,,3,"[11, 12, 13]",conditional,,,,,,,,,,,,,,,,,,,,,,,,,,,,,,,,,,,,,,,,,,,,,,,,,,,,,0.10000000000000002,1.6996749443881478e-17,10.0,0.0,2.528717041015625,1.4239158642787964,12.377512613932291,0.9049570813132327,0.08124226258669852,0.04778607713853612,0.3359778531287599,0.059959485943399844,0.6647810502937953,0.05116904685148193,0.7246621990925682,0.04649407420526976,0.49561483617055946,0.014304470568480046,0.7098475669680643,0.0684075551099508,0.8163019144301762,0.0668332528317388,0.835759243219961,0.09730402578909175,0.4781245000405543,0.04976406973308525,0.4530540825137603,0.05126042936782609,425.0,28.160255680657446,10.666666666666666,2.5166114784235836,0.0,0.0,110.33333333333333,96.12665256490176,314.6666666666667,78.1430312525265,169.66666666666666,103.76094319797471,0.5506174554305346,0.14522820134307066,0.28067708972422917,0.08289135746709007
diagnosis_fd001,conditional,cmapss:FD001,diagnosis,query bank2:6-10 | circuit,,,,,,,,,,,,,,,,,,,,,,,,,,,,,,,3,"[11, 12, 13]",conditional,,,,,,,,,,,2.4159749348958332e-05,5.827046324355875e-06,1.0636647579995042,0.10201706097244102,0.5029502156661086,0.0166015462619252,871.3333333333334,59.87765303795175,13.0,0.0,13.0,0.0,13.0,0.0,6.0,0.0,50324.0,0.0,240.0,0.0,2.0,0.0,1.0569273333333333,0.10437576556525631,21924489.333333332,1506641.505740942,209120.0,14370.636729108423,13070.0,898.1647955692764,245760.0,0.0,5.485548973083496,2.484790256815807,5.619495391845703,2.4372915320012165,2.5945520401000977,0.884087893567764,0.044316839426755905,0.8611543886528883,7.799493312835693,3.271951516426822,,,,,,,,,,,,,,,,,,,,,,,,,,,,,,,,,,,,,,,,,,,,
diagnosis_fd001,conditional,cmapss:FD001,diagnosis,joint | bank2:6-10 | circuit,,,,,,,,,,,,,,,,,,,,,,,,,,,,,,,3,"[11, 12, 13]",conditional,,,,,,,,,,,,,,,,,,,,,,,,,,,,,,,,,,,,,,,,,,,,,,,,,,,,,0.10000000000000002,1.6996749443881478e-17,10.0,0.0,57.699658711751304,20.713856062576177,833.7622884114584,68.16584597687316,0.10485321339811197,0.04878509051647148,0.5655483484811485,0.07822182681337304,0.7824373233330202,0.003085157108445058,0.8326415749919239,0.007231680593843359,0.5094622245405936,0.024434963301908492,0.5429163816313166,0.003435933880374153,0.9901614625595457,0.004171783187827502,0.9804698246494677,0.011028535538055549,0.8992753914958582,0.0239032903332461,0.7014828508475263,0.011393095456608984,422.6666666666667,26.6520793435209,13.0,3.605551275463989,0.0,0.0,0.0,0.0,422.6666666666667,26.6520793435209,177.66666666666666,43.66157731156003,0.6476093794990886,0.004357834973566432,0.5150410657452843,0.05369772941465073
diagnosis_fd001,conditional,cmapss:FD001,diagnosis,independent | bank2:6-10 | circuit,,,,,,,,,,,,,,,,,,,,,,,,,,,,,,,3,"[11, 12, 13]",conditional,,,,,,,,,,,,,,,,,,,,,,,,,,,,,,,,,,,,,,,,,,,,,,,,,,,,,0.10000000000000002,1.6996749443881478e-17,10.0,0.0,64.20270411173503,18.825958991929742,828.9632364908854,68.00012234993703,0.10726285195232883,0.046684262706359836,0.5499799743493486,0.0717157173043114,0.7720240814932916,0.0028823941615219845,0.8259346703567464,0.008072139020272297,0.5120449995056088,0.01982727282689964,0.4967923667454852,0.024372732793482614,0.9854880036823195,0.0058070418577226375,0.9747035381288182,0.01623018723587837,0.8998142999734325,0.028730584130505075,0.6750625971096132,0.007909088417638427,422.6666666666667,26.6520793435209,13.0,3.605551275463989,0.0,0.0,0.0,0.0,422.6666666666667,26.6520793435209,184.33333333333334,41.198705481281,0.6250869005757078,0.007350227496985093,0.5009984477589697,0.04697361981833589
diagnosis_fd001,conditional,cmapss:FD001,diagnosis,marginal_max | bank2:6-10 | circuit,,,,,,,,,,,,,,,,,,,,,,,,,,,,,,,3,"[11, 12, 13]",conditional,,,,,,,,,,,,,,,,,,,,,,,,,,,,,,,,,,,,,,,,,,,,,,,,,,,,,0.10000000000000002,1.6996749443881478e-17,10.0,0.0,29.999876022338867,0.9239258728422091,328.7229919433594,12.890312080631139,0.03413423786909258,0.012725056605330133,0.5645705945694647,0.011105847866657548,0.7835331836585359,0.0038052122150733507,0.8460117364193893,0.002402873714579535,0.5174899653206858,0.0014443415263412716,0.48818478197082626,0.013276679257748926,0.9938635474294667,0.004934147635704746,0.9898755748677791,0.007167935499599942,0.9355818756122541,0.013565301130234514,0.6750625971096132,0.007909088417638427,422.6666666666667,26.6520793435209,13.0,3.605551275463989,0.0,0.0,0.0,0.0,422.6666666666667,26.6520793435209,177.0,11.135528725660043,0.6250869005757078,0.007350227496985093,0.5523231172142437,0.006355190847933512
diagnosis_fd001,conditional,cmapss:FD001,diagnosis,conditional_max | bank2:6-10 | circuit,,,,,,,,,,,,,,,,,,,,,,,,,,,,,,,3,"[11, 12, 13]",conditional,,,,,,,,,,,,,,,,,,,,,,,,,,,,,,,,,,,,,,,,,,,,,,,,,,,,,0.10000000000000002,1.6996749443881478e-17,10.0,0.0,28.994412740071613,0.7538752746493135,329.4465738932292,13.308991876351799,0.04880467721445427,0.02242714257950312,0.5822932751475803,0.013243482444419691,0.7950366573202968,0.002916762978379285,0.8534315888648671,0.0021028426524877268,0.5212946212205879,0.002593608924192711,0.5332050916243302,0.015955360440791322,0.9991717711983338,0.0003628818916329668,0.9955807840229559,0.003421583629114332,0.9344355025760868,0.012415303036572496,0.7014828508475263,0.011393095456608984,422.6666666666667,26.6520793435209,13.0,3.605551275463989,0.0,0.0,0.0,0.0,422.6666666666667,26.6520793435209,169.66666666666666,11.67618659209133,0.6476093794990886,0.004357834973566432,0.5661237265285807,0.003918915162521009
diagnosis_fd001,conditional,cmapss:FD001,diagnosis,relational_max | bank2:6-10 | circuit,,,,,,,,,,,,,,,,,,,,,,,,,,,,,,,3,"[11, 12, 13]",conditional,,,,,,,,,,,,,,,,,,,,,,,,,,,,,,,,,,,,,,,,,,,,,,,,,,,,,0.10000000000000002,1.6996749443881478e-17,10.0,0.0,2.4503300984700522,1.2946778371423353,12.377521514892578,0.9049639276503131,0.08124226258669852,0.04778607713853612,0.32633929891189245,0.07373425809833946,0.652666412862664,0.04528564936132998,0.7190443029289252,0.0455521686517173,0.4863053013768457,0.014804146158472377,0.69400142141471,0.07058313658879037,0.8211856266944534,0.06689051935083608,0.8000522178487124,0.1028321209350985,0.47191810032716736,0.008055326481455781,0.47009551068092553,0.0558506435117602,422.6666666666667,26.6520793435209,13.0,3.605551275463989,0.0,0.0,160.0,80.16857239592083,262.6666666666667,55.14828495368948,126.33333333333333,78.1174329668694,0.5883778608342561,0.12448713149353881,0.2644163018920494,0.09830943781395107
diagnosis_fd001,conditional,cmapss:FD001,diagnosis,query single_sensor_0 | circuit,,,,,,,,,,,,,,,,,,,,,,,,,,,,,,,3,"[11, 12, 13]",conditional,,,,,,,,,,,3.1789143880208335e-06,1.1012082465927615e-06,1.0010653696675338,0.029490182636481923,0.49074908633338055,0.01695254665590244,871.3333333333334,59.87765303795175,1.0,0.0,1.0,0.0,1.0,0.0,6.0,0.0,50324.0,0.0,240.0,0.0,2.0,0.0,0.9942826666666665,0.033260681206694065,21924489.333333332,1506641.505740942,209120.0,14370.636729108423,13070.0,898.1647955692764,245760.0,0.0,1.3624975281345542e-07,5.493788920328979e-07,8.756351993118491e-07,6.976496131468871e-08,1.2443673540474265e-06,9.63736575566097e-08,-1.9073486328125e-06,0.0,1.9073486328125e-06,0.0,,,,,,,,,,,,,,,,,,,,,,,,,,,,,,,,,,,,,,,,,,,,
diagnosis_fd001,conditional,cmapss:FD001,diagnosis,joint | single_sensor_0 | circuit,,,,,,,,,,,,,,,,,,,,,,,,,,,,,,,3,"[11, 12, 13]",conditional,,,,,,,,,,,,,,,,,,,,,,,,,,,,,,,,,,,,,,,,,,,,,,,,,,,,,0.10000000000000002,1.6996749443881478e-17,10.0,0.0,25.1803035736084,0.9889433349642528,74.0259501139323,12.49509239842384,0.0713362272322121,0.043071296143316555,0.1780196109637704,0.049873366754787526,0.5608717890644269,0.004039128361917261,0.6130245017080015,0.007280025445290599,0.5280123818530259,0.013169921545562516,0.4730978876068656,0.02053545708851741,0.6411080369840959,0.009323115353872351,0.5947350020681635,0.013550413673295219,0.5672456675635101,0.013410718670473153,,,0.0,0.0,361.0,25.11971337416094,74.66666666666667,6.110100926607787,74.66666666666667,6.110100926607787,0.0,0.0,0.0,0.0,,,0.0,0.0
diagnosis_fd001,conditional,cmapss:FD001,diagnosis,independent | single_sensor_0 | circuit,,,,,,,,,,,,,,,,,,,,,,,,,,,,,,,3,"[11, 12, 13]",conditional,,,,,,,,,,,,,,,,,,,,,,,,,,,,,,,,,,,,,,,,,,,,,,,,,,,,,0.10000000000000002,1.6996749443881478e-17,10.0,0.0,25.18030293782552,0.9889413287122412,74.0259501139323,12.49509239842384,0.0713362272322121,0.043071296143316555,0.1780196109637704,0.049873366754787526,0.5608601763485029,0.004036464283652771,0.6129843333753852,0.007283870368237569,0.5280214067165249,0.013162536108848185,0.4730495012905158,0.020507890610669675,0.6411297454395393,0.009297460854625223,0.5947079274776668,0.013513811380897451,0.5672356274028675,0.013404337343490768,,,0.0,0.0,361.0,25.11971337416094,74.66666666666667,6.110100926607787,74.66666666666667,6.110100926607787,0.0,0.0,0.0,0.0,,,0.0,0.0
diagnosis_fd001,conditional,cmapss:FD001,diagnosis,marginal_max | single_sensor_0 | circuit,,,,,,,,,,,,,,,,,,,,,,,,,,,,,,,3,"[11, 12, 13]",conditional,,,,,,,,,,,,,,,,,,,,,,,,,,,,,,,,,,,,,,,,,,,,,,,,,,,,,0.10000000000000002,1.6996749443881478e-17,10.0,0.0,25.18030293782552,0.9889413287122412,74.0259501139323,12.49509239842384,0.0713362272322121,0.043071296143316555,0.1780196109637704,0.049873366754787526,0.5608601763485029,0.004036464283652771,0.6129843333753852,0.007283870368237569,0.5280214067165249,0.013162536108848185,0.4730495012905158,0.020507890610669675,0.6411297454395393,0.009297460854625223,0.5947079274776668,0.013513811380897451,0.5672356274028675,0.013404337343490768,,,0.0,0.0,361.0,25.11971337416094,74.66666666666667,6.110100926607787,74.66666666666667,6.110100926607787,0.0,0.0,0.0,0.0,,,0.0,0.0
diagnosis_fd001,conditional,cmapss:FD001,diagnosis,conditional_max | single_sensor_0 | circuit,,,,,,,,,,,,,,,,,,,,,,,,,,,,,,,3,"[11, 12, 13]",conditional,,,,,,,,,,,,,,,,,,,,,,,,,,,,,,,,,,,,,,,,,,,,,,,,,,,,,0.10000000000000002,1.6996749443881478e-17,10.0,0.0,25.18030293782552,0.9889413287122412,74.0259501139323,12.49509239842384,0.0713362272322121,0.043071296143316555,0.1780196109637704,0.049873366754787526,0.5608601763485029,0.004036464283652771,0.6129843333753852,0.007283870368237569,0.5280214067165249,0.013162536108848185,0.4730495012905158,0.020507890610669675,0.6411297454395393,0.009297460854625223,0.5947079274776668,0.013513811380897451,0.5672356274028675,0.013404337343490768,,,0.0,0.0,361.0,25.11971337416094,74.66666666666667,6.110100926607787,74.66666666666667,6.110100926607787,0.0,0.0,0.0,0.0,,,0.0,0.0
diagnosis_fd001,conditional,cmapss:FD001,diagnosis,relational_max | single_sensor_0 | circuit,,,,,,,,,,,,,,,,,,,,,,,,,,,,,,,3,"[11, 12, 13]",conditional,,,,,,,,,,,,,,,,,,,,,,,,,,,,,,,,,,,,,,,,,,,,,,,,,,,,,0.10000000000000002,1.6996749443881478e-17,10.0,0.0,0.0,0.0,0.0,0.0,0.0,0.0,0.0,0.0,0.5,0.0,0.5,0.0,0.5,0.0,0.5,0.0,0.5,0.0,0.5,0.0,0.5,0.0,,,0.0,0.0,361.0,25.11971337416094,74.66666666666667,6.110100926607787,74.66666666666667,6.110100926607787,0.0,0.0,0.0,0.0,,,0.0,0.0
