experiment,variant,dataset,stage,method,log_partition_mean,log_partition_std,leaf_mean,leaf_std,sum_mean,sum_std,product_mean,product_std,nodes_mean,nodes_std,parameters_mean,parameters_std,optimizer_steps_mean,optimizer_steps_std,epochs_run_mean,epochs_run_std,best_epoch_mean,best_epoch_std,checkpoint_nll_mean,checkpoint_nll_std,restarts_run_mean,restarts_run_std,selected_restart_mean,selected_restart_std,restarts_abandoned_mean,restarts_abandoned_std,selected_optimizer_steps_mean,selected_optimizer_steps_std,fit_s_mean,fit_s_std,final_train_nll_mean,final_train_nll_std,lr_mean,lr_std,epochs_budget_mean,epochs_budget_std,min_epochs_mean,min_epochs_std,patience_mean,patience_std,batch_size_mean,batch_size_std,n_seeds,seeds,axis:variant,shortcut_auroc_mean,shortcut_auroc_std,shortcut_channel_mean,shortcut_channel_std,shortcut_n_dev_mean,shortcut_n_dev_std,shortcut_n_eval_mean,shortcut_n_eval_std,shortcut_features_mean,shortcut_features_std,oracle_max_error_mean,oracle_max_error_std,query_s_mean,query_s_std,warmup_s_mean,warmup_s_std,n_mean,n_std,n_observed_mean,n_observed_std,n_observed_min_mean,n_observed_min_std,n_observed_max_mean,n_observed_max_std,cost_passes_mean,cost_passes_std,cost_node_visits_mean,cost_node_visits_std,cost_boundary_visits_mean,cost_boundary_visits_std,cost_n_masks_mean,cost_n_masks_std,cost_seconds_mean,cost_seconds_std,cost_node_evaluations_mean,cost_node_evaluations_std,cost_boundary_elements_mean,cost_boundary_elements_std,cost_output_elements_mean,cost_output_elements_std,cost_peak_boundary_bytes_mean,cost_peak_boundary_bytes_std,empirical_log_dependence_mean_mean,empirical_log_dependence_mean_std,empirical_log_dependence_abs_mean_mean,empirical_log_dependence_abs_mean_std,empirical_log_dependence_sd_mean,empirical_log_dependence_sd_std,empirical_log_dependence_q05_mean,empirical_log_dependence_q05_std,empirical_log_dependence_q95_mean,empirical_log_dependence_q95_std,oracle_conditional_bias_mean,oracle_conditional_bias_std,oracle_conditional_mae_mean,oracle_conditional_mae_std,oracle_conditional_max_abs_mean,oracle_conditional_max_abs_std,oracle_conditional_corr_mean,oracle_conditional_corr_std,oracle_marginal_bias_mean,oracle_marginal_bias_std,oracle_marginal_mae_mean,oracle_marginal_mae_std,oracle_marginal_max_abs_mean,oracle_marginal_max_abs_std,oracle_marginal_corr_mean,oracle_marginal_corr_std,oracle_R_bias_mean,oracle_R_bias_std,oracle_R_mae_mean,oracle_R_mae_std,oracle_R_max_abs_mean,oracle_R_max_abs_std,oracle_R_corr_mean,oracle_R_corr_std,oracle_log_px_bias_mean,oracle_log_px_bias_std,oracle_log_px_mae_mean,oracle_log_px_mae_std,alpha_mean,alpha_std,calibration_n_mean,calibration_n_std,threshold_mean,threshold_std,score_range_mean,score_range_std,fpr_mean,fpr_std,power_mean,power_std,auroc_mean,auroc_std,ap_mean,ap_std,auroc[independent_block]_mean,auroc[independent_block]_std,loc_ap_mean,loc_ap_std,loc_ap_n_mean,loc_ap_n_std,loc_n_no_observed_target_mean,loc_n_no_observed_target_std,loc_n_all_observed_are_targets_mean,loc_n_all_observed_are_targets_std,loc_n_ambiguous_mean,loc_n_ambiguous_std,loc_n_unique_mean,loc_n_unique_std,loc_n_abstained_no_alarm_mean,loc_n_abstained_no_alarm_std,loc_unique_top1_accuracy_mean,loc_unique_top1_accuracy_std,end_to_end_unique_top1_mean,end_to_end_unique_top1_std
diagnosis_smoke,unblocked,synthetic,diagnosis,model,1.1920928955078125e-07,0.0,12.0,0.0,9.0,0.0,20.0,0.0,41.0,0.0,60.0,0.0,12.0,0.0,3.0,0.0,0.0,0.0,8.71502685546875,0.0,2.0,0.0,0.0,0.0,0.0,0.0,6.0,0.0,0.030852556228637695,0.0,8.67698621749878,0.0,0.05,0.0,3.0,0.0,1.0,0.0,0.0,0.0,32.0,0.0,1,[11],unblocked,,,,,,,,,,,,,,,,,,,,,,,,,,,,,,,,,,,,,,,,,,,,,,,,,,,,,,,,,,,,,,,,,,,,,,,,,,,,,,,,,,,,,,,,,,,,,,,,,,,,,,,,,,,,,,,,,,,,
diagnosis_smoke,unblocked,synthetic,diagnosis,shortcut audit,,,,,,,,,,,,,,,,,,,,,,,,,,,,,,,,,,,,,,,,,,,1,[11],unblocked,0.5644444444444444,0.0,0.0,0.0,30.0,0.0,30.0,0.0,6.0,0.0,,,,,,,,,,,,,,,,,,,,,,,,,,,,,,,,,,,,,,,,,,,,,,,,,,,,,,,,,,,,,,,,,,,,,,,,,,,,,,,,,,,,,,,,,,,,,,,,,,,,,,,,,,
diagnosis_smoke,unblocked,synthetic,diagnosis,query full | circuit,,,,,,,,,,,,,,,,,,,,,,,,,,,,,,,,,,,,,,,,,,,1,[11],unblocked,,,,,,,,,,,0.0,0.0,0.002453316999890376,0.0,0.0024948919999587815,0.0,30.0,0.0,3.0,0.0,3.0,0.0,3.0,0.0,7.0,0.0,287.0,0.0,0.0,0.0,1.0,0.0,0.0,0.0,8610.0,0.0,0.0,0.0,90.0,0.0,0.0,0.0,0.00034535725717432797,0.0,0.0003601074276957661,0.0,0.00044483563397079706,0.0,-3.80516066798009e-05,0.0,0.0010711669456213713,0.0,,,,,,,,,,,,,,,,,,,,,,,,,,,,,,,,,,,,,,,,,,,,,,,,,,,,,,,,,,,,,,,,
diagnosis_smoke,unblocked,synthetic,diagnosis,known-law error full | circuit,,,,,,,,,,,,,,,,,,,,,,,,,,,,,,,,,,,,,,,,,,,1,[11],unblocked,,,,,,,,,,,,,,,,,,,,,,,,,,,,,,,,,,,,,,,,,,,,,,,,,,,,,0.5485534830117852,0.0,1.804127577889615,0.0,11.6070510449949,0.0,0.19554310202112982,0.0,0.23066148148006999,0.0,0.3759853812947482,0.0,1.7386038656702967,0.0,0.893127309084042,0.0,0.31789200153171526,0.0,1.663618897448335,0.0,12.04396103936159,0.0,0.22865778846755466,0.0,-1.1737566709570004,0.0,2.9587136154983757,0.0,,,,,,,,,,,,,,,,,,,,,,,,,,,,,,,,,,,,
diagnosis_smoke,unblocked,synthetic,diagnosis,joint | full | circuit,,,,,,,,,,,,,,,,,,,,,,,,,,,,,,,,,,,,,,,,,,,1,[11],unblocked,,,,,,,,,,,,,,,,,,,,,,,,,,,,,,,,,,,,,,,,,,,,,,,,,,,,,,,,,,,,,,,,,,,,,,,,,,,,,,,,,0.1,0.0,30.0,0.0,11.075248718261719,0.0,9.30362319946289,0.0,0.2,0.0,0.2,0.0,0.5244444444444445,0.0,0.5064743579508689,0.0,0.5244444444444445,0.0,0.5444444444444444,0.0,15.0,0.0,0.0,0.0,0.0,0.0,0.0,0.0,15.0,0.0,12.0,0.0,0.26666666666666666,0.0,0.0,0.0
diagnosis_smoke,unblocked,synthetic,diagnosis,independent | full | circuit,,,,,,,,,,,,,,,,,,,,,,,,,,,,,,,,,,,,,,,,,,,1,[11],unblocked,,,,,,,,,,,,,,,,,,,,,,,,,,,,,,,,,,,,,,,,,,,,,,,,,,,,,,,,,,,,,,,,,,,,,,,,,,,,,,,,,0.1,0.0,30.0,0.0,11.075460433959961,0.0,9.30438232421875,0.0,0.2,0.0,0.2,0.0,0.5244444444444445,0.0,0.5064743579508689,0.0,0.5244444444444445,0.0,0.5444444444444444,0.0,15.0,0.0,0.0,0.0,0.0,0.0,0.0,0.0,15.0,0.0,12.0,0.0,0.26666666666666666,0.0,0.0,0.0
diagnosis_smoke,unblocked,synthetic,diagnosis,marginal_max | full | circuit,,,,,,,,,,,,,,,,,,,,,,,,,,,,,,,,,,,,,,,,,,,1,[11],unblocked,,,,,,,,,,,,,,,,,,,,,,,,,,,,,,,,,,,,,,,,,,,,,,,,,,,,,,,,,,,,,,,,,,,,,,,,,,,,,,,,,0.1,0.0,30.0,0.0,4.6253790855407715,0.0,3.7666759490966797,0.0,0.2,0.0,0.2,0.0,0.5488888888888889,0.0,0.5204308290687601,0.0,0.5488888888888889,0.0,0.5444444444444444,0.0,15.0,0.0,0.0,0.0,0.0,0.0,0.0,0.0,15.0,0.0,12.0,0.0,0.26666666666666666,0.0,0.0,0.0
diagnosis_smoke,unblocked,synthetic,diagnosis,conditional_max | full | circuit,,,,,,,,,,,,,,,,,,,,,,,,,,,,,,,,,,,,,,,,,,,1,[11],unblocked,,,,,,,,,,,,,,,,,,,,,,,,,,,,,,,,,,,,,,,,,,,,,,,,,,,,,,,,,,,,,,,,,,,,,,,,,,,,,,,,,0.1,0.0,30.0,0.0,4.624825477600098,0.0,3.766270637512207,0.0,0.2,0.0,0.2,0.0,0.5444444444444444,0.0,0.5604593190972501,0.0,0.5444444444444444,0.0,0.5444444444444444,0.0,15.0,0.0,0.0,0.0,0.0,0.0,0.0,0.0,15.0,0.0,12.0,0.0,0.26666666666666666,0.0,0.0,0.0
diagnosis_smoke,unblocked,synthetic,diagnosis,relational_max | full | circuit,,,,,,,,,,,,,,,,,,,,,,,,,,,,,,,,,,,,,,,,,,,1,[11],unblocked,,,,,,,,,,,,,,,,,,,,,,,,,,,,,,,,,,,,,,,,,,,,,,,,,,,,,,,,,,,,,,,,,,,,,,,,,,,,,,,,,0.1,0.0,30.0,0.0,4.8160552978515625e-05,0.0,0.000469207763671875,0.0,0.06666666666666667,0.0,0.26666666666666666,0.0,0.6622222222222223,0.0,0.7152991849259598,0.0,0.6622222222222223,0.0,0.6555555555555554,0.0,15.0,0.0,0.0,0.0,0.0,0.0,10.0,0.0,5.0,0.0,5.0,0.0,0.0,0.0,0.0,0.0
diagnosis_smoke,unblocked,synthetic,diagnosis,query full | known_law_oracle,,,,,,,,,,,,,,,,,,,,,,,,,,,,,,,,,,,,,,,,,,,1,[11],unblocked,,,,,,,,,,,0.0,0.0,0.0009359300001960946,0.0,0.001185187000373844,0.0,30.0,0.0,3.0,0.0,3.0,0.0,3.0,0.0,4.0,0.0,0.0,0.0,0.0,0.0,1.0,0.0,0.0,0.0,0.0,0.0,0.0,0.0,90.0,0.0,0.0,0.0,2.2787781799141884,0.0,2.4629468262432166,0.0,2.07871477068556,0.0,-0.452817509558638,0.0,5.976019072739805,0.0,,,,,,,,,,,,,,,,,,,,,,,,,,,,,,,,,,,,,,,,,,,,,,,,,,,,,,,,,,,,,,,,
diagnosis_smoke,unblocked,synthetic,diagnosis,known-law error full | known_law_oracle,,,,,,,,,,,,,,,,,,,,,,,,,,,,,,,,,,,,,,,,,,,1,[11],unblocked,,,,,,,,,,,,,,,,,,,,,,,,,,,,,,,,,,,,,,,,,,,,,,,,,,,,,0.0,0.0,0.0,0.0,0.0,0.0,1.0,0.0,0.0,0.0,0.0,0.0,0.0,0.0,1.0,0.0,0.0,0.0,0.0,0.0,0.0,0.0,1.0,0.0,0.0,0.0,0.0,0.0,,,,,,,,,,,,,,,,,,,,,,,,,,,,,,,,,,,,
diagnosis_smoke,unblocked,synthetic,diagnosis,joint | full | known_law_oracle,,,,,,,,,,,,,,,,,,,,,,,,,,,,,,,,,,,,,,,,,,,1,[11],unblocked,,,,,,,,,,,,,,,,,,,,,,,,,,,,,,,,,,,,,,,,,,,,,,,,,,,,,,,,,,,,,,,,,,,,,,,,,,,,,,,,,0.1,0.0,30.0,0.0,8.174576834461375,0.0,17.850182289083335,0.0,0.06666666666666667,0.0,0.4,0.0,0.7244444444444444,0.0,0.772963880605648,0.0,0.7244444444444444,0.0,0.7222222222222221,0.0,15.0,0.0,0.0,0.0,0.0,0.0,0.0,0.0,15.0,0.0,9.0,0.0,0.4666666666666667,0.0,0.3333333333333333,0.0
diagnosis_smoke,unblocked,synthetic,diagnosis,independent | full | known_law_oracle,,,,,,,,,,,,,,,,,,,,,,,,,,,,,,,,,,,,,,,,,,,1,[11],unblocked,,,,,,,,,,,,,,,,,,,,,,,,,,,,,,,,,,,,,,,,,,,,,,,,,,,,,,,,,,,,,,,,,,,,,,,,,,,,,,,,,0.1,0.0,30.0,0.0,10.992880073970843,0.0,9.001674709067549,0.0,0.2,0.0,0.06666666666666667,0.0,0.48,0.0,0.49881599051850767,0.0,0.48,0.0,0.5555555555555555,0.0,15.0,0.0,0.0,0.0,0.0,0.0,0.0,0.0,15.0,0.0,14.0,0.0,0.3333333333333333,0.0,0.0,0.0
diagnosis_smoke,unblocked,synthetic,diagnosis,marginal_max | full | known_law_oracle,,,,,,,,,,,,,,,,,,,,,,,,,,,,,,,,,,,,,,,,,,,1,[11],unblocked,,,,,,,,,,,,,,,,,,,,,,,,,,,,,,,,,,,,,,,,,,,,,,,,,,,,,,,,,,,,,,,,,,,,,,,,,,,,,,,,,0.1,0.0,30.0,0.0,4.5928971397183895,0.0,4.112297633006275,0.0,0.13333333333333333,0.0,0.13333333333333333,0.0,0.46,0.0,0.48558945783058804,0.0,0.46,0.0,0.5555555555555555,0.0,15.0,0.0,0.0,0.0,0.0,0.0,0.0,0.0,15.0,0.0,13.0,0.0,0.3333333333333333,0.0,0.0,0.0
diagnosis_smoke,unblocked,synthetic,diagnosis,conditional_max | full | known_law_oracle,,,,,,,,,,,,,,,,,,,,,,,,,,,,,,,,,,,,,,,,,,,1,[11],unblocked,,,,,,,,,,,,,,,,,,,,,,,,,,,,,,,,,,,,,,,,,,,,,,,,,,,,,,,,,,,,,,,,,,,,,,,,,,,,,,,,,0.1,0.0,30.0,0.0,4.007040161815089,0.0,13.950632121201613,0.0,0.06666666666666667,0.0,0.4,0.0,0.7955555555555556,0.0,0.8451621588288255,0.0,0.7955555555555556,0.0,0.7222222222222221,0.0,15.0,0.0,0.0,0.0,0.0,0.0,0.0,0.0,15.0,0.0,9.0,0.0,0.4666666666666667,0.0,0.3333333333333333,0.0
diagnosis_smoke,unblocked,synthetic,diagnosis,relational_max | full | known_law_oracle,,,,,,,,,,,,,,,,,,,,,,,,,,,,,,,,,,,,,,,,,,,1,[11],unblocked,,,,,,,,,,,,,,,,,,,,,,,,,,,,,,,,,,,,,,,,,,,,,,,,,,,,,,,,,,,,,,,,,,,,,,,,,,,,,,,,,0.1,0.0,30.0,0.0,1.715183451550788,0.0,15.137611587162457,0.0,0.06666666666666667,0.0,0.4,0.0,0.8,0.0,0.8432258482258482,0.0,0.8,0.0,0.7888888888888889,0.0,15.0,0.0,0.0,0.0,0.0,0.0,0.0,0.0,15.0,0.0,9.0,0.0,0.6,0.0,0.3333333333333333,0.0
diagnosis_smoke,unblocked,synthetic,diagnosis,query random1:0 | circuit,,,,,,,,,,,,,,,,,,,,,,,,,,,,,,,,,,,,,,,,,,,1,[11],unblocked,,,,,,,,,,,0.0,0.0,0.0018939450001198566,0.0,0.0019255469997006003,0.0,30.0,0.0,2.0,0.0,2.0,0.0,2.0,0.0,5.0,0.0,205.0,0.0,0.0,0.0,1.0,0.0,0.0,0.0,6150.0,0.0,0.0,0.0,90.0,0.0,0.0,0.0,2.5431316430513107e-07,0.0,2.098083541568485e-06,0.0,3.020136091436143e-06,0.0,-4.673004241340095e-06,0.0,4.673004241340095e-06,0.0,,,,,,,,,,,,,,,,,,,,,,,,,,,,,,,,,,,,,,,,,,,,,,,,,,,,,,,,,,,,,,,,
diagnosis_smoke,unblocked,synthetic,diagnosis,known-law error random1:0 | circuit,,,,,,,,,,,,,,,,,,,,,,,,,,,,,,,,,,,,,,,,,,,1,[11],unblocked,,,,,,,,,,,,,,,,,,,,,,,,,,,,,,,,,,,,,,,,,,,,,,,,,,,,,1.3835621658332264,0.0,1.5038838537472172,0.0,4.036210362863034,0.0,0.15788834975951263,0.0,0.26798744166508087,0.0,0.369206548897151,0.0,1.4856251667680231,0.0,0.917157535007559,0.0,1.1155747241681455,0.0,1.2348097408294387,0.0,3.6688105216302898,0.0,-0.334005473119653,0.0,-1.6515496154455933,0.0,1.7375247954404343,0.0,,,,,,,,,,,,,,,,,,,,,,,,,,,,,,,,,,,,
diagnosis_smoke,unblocked,synthetic,diagnosis,joint | random1:0 | circuit,,,,,,,,,,,,,,,,,,,,,,,,,,,,,,,,,,,,,,,,,,,1,[11],unblocked,,,,,,,,,,,,,,,,,,,,,,,,,,,,,,,,,,,,,,,,,,,,,,,,,,,,,,,,,,,,,,,,,,,,,,,,,,,,,,,,,0.1,0.0,30.0,0.0,7.234601020812988,0.0,5.921288013458252,0.0,0.2,0.0,0.2,0.0,0.5,0.0,0.5,0.0,0.5,0.0,,,0.0,0.0,15.0,0.0,0.0,0.0,0.0,0.0,0.0,0.0,0.0,0.0,,,0.0,0.0
diagnosis_smoke,unblocked,synthetic,diagnosis,independent | random1:0 | circuit,,,,,,,,,,,,,,,,,,,,,,,,,,,,,,,,,,,,,,,,,,,1,[11],unblocked,,,,,,,,,,,,,,,,,,,,,,,,,,,,,,,,,,,,,,,,,,,,,,,,,,,,,,,,,,,,,,,,,,,,,,,,,,,,,,,,,0.1,0.0,30.0,0.0,7.234608173370361,0.0,5.921280860900879,0.0,0.2,0.0,0.2,0.0,0.5,0.0,0.5,0.0,0.5,0.0,,,0.0,0.0,15.0,0.0,0.0,0.0,0.0,0.0,0.0,0.0,0.0,0.0,,,0.0,0.0
diagnosis_smoke,unblocked,synthetic,diagnosis,marginal_max | random1:0 | circuit,,,,,,,,,,,,,,,,,,,,,,,,,,,,,,,,,,,,,,,,,,,1,[11],unblocked,,,,,,,,,,,,,,,,,,,,,,,,,,,,,,,,,,,,,,,,,,,,,,,,,,,,,,,,,,,,,,,,,,,,,,,,,,,,,,,,,0.1,0.0,30.0,0.0,4.160728454589844,0.0,3.7666759490966797,0.0,0.2,0.0,0.2,0.0,0.5,0.0,0.5,0.0,0.5,0.0,,,0.0,0.0,15.0,0.0,0.0,0.0,0.0,0.0,0.0,0.0,0.0,0.0,,,0.0,0.0
diagnosis_smoke,unblocked,synthetic,diagnosis,conditional_max | random1:0 | circuit,,,,,,,,,,,,,,,,,,,,,,,,,,,,,,,,,,,,,,,,,,,1,[11],unblocked,,,,,,,,,,,,,,,,,,,,,,,,,,,,,,,,,,,,,,,,,,,,,,,,,,,,,,,,,,,,,,,,,,,,,,,,,,,,,,,,,0.1,0.0,30.0,0.0,4.16072940826416,0.0,3.7666826248168945,0.0,0.2,0.0,0.2,0.0,0.5,0.0,0.5,0.0,0.5,0.0,,,0.0,0.0,15.0,0.0,0.0,0.0,0.0,0.0,0.0,0.0,0.0,0.0,,,0.0,0.0
diagnosis_smoke,unblocked,synthetic,diagnosis,relational_max | random1:0 | circuit,,,,,,,,,,,,,,,,,,,,,,,,,,,,,,,,,,,,,,,,,,,1,[11],unblocked,,,,,,,,,,,,,,,,,,,,,,,,,,,,,,,,,,,,,,,,,,,,,,,,,,,,,,,,,,,,,,,,,,,,,,,,,,,,,,,,,0.1,0.0,30.0,0.0,1.1920928955078125e-06,0.0,1.3828277587890625e-05,0.0,0.2,0.0,0.2,0.0,0.5,0.0,0.5,0.0,0.5,0.0,,,0.0,0.0,15.0,0.0,0.0,0.0,0.0,0.0,0.0,0.0,0.0,0.0,,,0.0,0.0
diagnosis_smoke,unblocked,synthetic,diagnosis,query random1:0 | known_law_oracle,,,,,,,,,,,,,,,,,,,,,,,,,,,,,,,,,,,,,,,,,,,1,[11],unblocked,,,,,,,,,,,0.0,0.0,0.0006802220004828996,0.0,0.0008453430000372464,0.0,30.0,0.0,2.0,0.0,2.0,0.0,2.0,0.0,3.0,0.0,0.0,0.0,0.0,0.0,1.0,0.0,0.0,0.0,0.0,0.0,0.0,0.0,90.0,0.0,0.0,0.0,1.1155750659014425,0.0,1.234809828249585,0.0,1.1605404895344638,0.0,-0.2967721990967604,0.0,2.9406760104973735,0.0,,,,,,,,,,,,,,,,,,,,,,,,,,,,,,,,,,,,,,,,,,,,,,,,,,,,,,,,,,,,,,,,
diagnosis_smoke,unblocked,synthetic,diagnosis,known-law error random1:0 | known_law_oracle,,,,,,,,,,,,,,,,,,,,,,,,,,,,,,,,,,,,,,,,,,,1,[11],unblocked,,,,,,,,,,,,,,,,,,,,,,,,,,,,,,,,,,,,,,,,,,,,,,,,,,,,,0.0,0.0,0.0,0.0,0.0,0.0,0.9999999999999999,0.0,0.0,0.0,0.0,0.0,0.0,0.0,1.0,0.0,0.0,0.0,0.0,0.0,0.0,0.0,1.0,0.0,0.0,0.0,0.0,0.0,,,,,,,,,,,,,,,,,,,,,,,,,,,,,,,,,,,,
diagnosis_smoke,unblocked,synthetic,diagnosis,joint | random1:0 | known_law_oracle,,,,,,,,,,,,,,,,,,,,,,,,,,,,,,,,,,,,,,,,,,,1,[11],unblocked,,,,,,,,,,,,,,,,,,,,,,,,,,,,,,,,,,,,,,,,,,,,,,,,,,,,,,,,,,,,,,,,,,,,,,,,,,,,,,,,,0.1,0.0,30.0,0.0,7.116230464044952,0.0,4.080112582042755,0.0,0.06666666666666667,0.0,0.06666666666666667,0.0,0.5,0.0,0.5,0.0,0.5,0.0,,,0.0,0.0,15.0,0.0,0.0,0.0,0.0,0.0,0.0,0.0,0.0,0.0,,,0.0,0.0
diagnosis_smoke,unblocked,synthetic,diagnosis,independent | random1:0 | known_law_oracle,,,,,,,,,,,,,,,,,,,,,,,,,,,,,,,,,,,,,,,,,,,1,[11],unblocked,,,,,,,,,,,,,,,,,,,,,,,,,,,,,,,,,,,,,,,,,,,,,,,,,,,,,,,,,,,,,,,,,,,,,,,,,,,,,,,,,0.1,0.0,30.0,0.0,6.966322716303916,0.0,7.05367450929741,0.0,0.2,0.0,0.2,0.0,0.5,0.0,0.5,0.0,0.5,0.0,,,0.0,0.0,15.0,0.0,0.0,0.0,0.0,0.0,0.0,0.0,0.0,0.0,,,0.0,0.0
diagnosis_smoke,unblocked,synthetic,diagnosis,marginal_max | random1:0 | known_law_oracle,,,,,,,,,,,,,,,,,,,,,,,,,,,,,,,,,,,,,,,,,,,1,[11],unblocked,,,,,,,,,,,,,,,,,,,,,,,,,,,,,,,,,,,,,,,,,,,,,,,,,,,,,,,,,,,,,,,,,,,,,,,,,,,,,,,,,0.1,0.0,30.0,0.0,4.15048219710894,0.0,4.112297633006275,0.0,0.13333333333333333,0.0,0.13333333333333333,0.0,0.5,0.0,0.5,0.0,0.5,0.0,,,0.0,0.0,15.0,0.0,0.0,0.0,0.0,0.0,0.0,0.0,0.0,0.0,,,0.0,0.0
diagnosis_smoke,unblocked,synthetic,diagnosis,conditional_max | random1:0 | known_law_oracle,,,,,,,,,,,,,,,,,,,,,,,,,,,,,,,,,,,,,,,,,,,1,[11],unblocked,,,,,,,,,,,,,,,,,,,,,,,,,,,,,,,,,,,,,,,,,,,,,,,,,,,,,,,,,,,,,,,,,,,,,,,,,,,,,,,,,0.1,0.0,30.0,0.0,3.871229416967211,0.0,2.351769974641956,0.0,0.0,0.0,0.0,0.0,0.5,0.0,0.5,0.0,0.5,0.0,,,0.0,0.0,15.0,0.0,0.0,0.0,0.0,0.0,0.0,0.0,0.0,0.0,,,0.0,0.0
diagnosis_smoke,unblocked,synthetic,diagnosis,relational_max | random1:0 | known_law_oracle,,,,,,,,,,,,,,,,,,,,,,,,,,,,,,,,,,,,,,,,,,,1,[11],unblocked,,,,,,,,,,,,,,,,,,,,,,,,,,,,,,,,,,,,,,,,,,,,,,,,,,,,,,,,,,,,,,,,,,,,,,,,,,,,,,,,,0.1,0.0,30.0,0.0,1.4622914651738665,0.0,4.44966008215366,0.0,0.0,0.0,0.0,0.0,0.5,0.0,0.5,0.0,0.5,0.0,,,0.0,0.0,15.0,0.0,0.0,0.0,0.0,0.0,0.0,0.0,0.0,0.0,,,0.0,0.0
diagnosis_smoke,unblocked,synthetic,diagnosis,query bank0:0 | circuit,,,,,,,,,,,,,,,,,,,,,,,,,,,,,,,,,,,,,,,,,,,1,[11],unblocked,,,,,,,,,,,0.0,0.0,0.001889837999442534,0.0,0.001934097999765072,0.0,30.0,0.0,2.0,0.0,2.0,0.0,2.0,0.0,5.0,0.0,205.0,0.0,0.0,0.0,1.0,0.0,0.0,0.0,6150.0,0.0,0.0,0.0,90.0,0.0,0.0,0.0,2.5431316430513107e-07,0.0,2.098083541568485e-06,0.0,3.020136091436143e-06,0.0,-4.673004241340095e-06,0.0,4.673004241340095e-06,0.0,,,,,,,,,,,,,,,,,,,,,,,,,,,,,,,,,,,,,,,,,,,,,,,,,,,,,,,,,,,,,,,,
diagnosis_smoke,unblocked,synthetic,diagnosis,known-law error bank0:0 | circuit,,,,,,,,,,,,,,,,,,,,,,,,,,,,,,,,,,,,,,,,,,,1,[11],unblocked,,,,,,,,,,,,,,,,,,,,,,,,,,,,,,,,,,,,,,,,,,,,,,,,,,,,,1.3835621658332264,0.0,1.5038838537472172,0.0,4.036210362863034,0.0,0.15788834975951263,0.0,0.26798744166508087,0.0,0.369206548897151,0.0,1.4856251667680231,0.0,0.917157535007559,0.0,1.1155747241681455,0.0,1.2348097408294387,0.0,3.6688105216302898,0.0,-0.334005473119653,0.0,-1.6515496154455933,0.0,1.7375247954404343,0.0,,,,,,,,,,,,,,,,,,,,,,,,,,,,,,,,,,,,
diagnosis_smoke,unblocked,synthetic,diagnosis,joint | bank0:0 | circuit,,,,,,,,,,,,,,,,,,,,,,,,,,,,,,,,,,,,,,,,,,,1,[11],unblocked,,,,,,,,,,,,,,,,,,,,,,,,,,,,,,,,,,,,,,,,,,,,,,,,,,,,,,,,,,,,,,,,,,,,,,,,,,,,,,,,,0.1,0.0,30.0,0.0,7.234601020812988,0.0,5.921288013458252,0.0,0.2,0.0,0.2,0.0,0.5,0.0,0.5,0.0,0.5,0.0,,,0.0,0.0,15.0,0.0,0.0,0.0,0.0,0.0,0.0,0.0,0.0,0.0,,,0.0,0.0
diagnosis_smoke,unblocked,synthetic,diagnosis,independent | bank0:0 | circuit,,,,,,,,,,,,,,,,,,,,,,,,,,,,,,,,,,,,,,,,,,,1,[11],unblocked,,,,,,,,,,,,,,,,,,,,,,,,,,,,,,,,,,,,,,,,,,,,,,,,,,,,,,,,,,,,,,,,,,,,,,,,,,,,,,,,,0.1,0.0,30.0,0.0,7.234608173370361,0.0,5.921280860900879,0.0,0.2,0.0,0.2,0.0,0.5,0.0,0.5,0.0,0.5,0.0,,,0.0,0.0,15.0,0.0,0.0,0.0,0.0,0.0,0.0,0.0,0.0,0.0,,,0.0,0.0
diagnosis_smoke,unblocked,synthetic,diagnosis,marginal_max | bank0:0 | circuit,,,,,,,,,,,,,,,,,,,,,,,,,,,,,,,,,,,,,,,,,,,1,[11],unblocked,,,,,,,,,,,,,,,,,,,,,,,,,,,,,,,,,,,,,,,,,,,,,,,,,,,,,,,,,,,,,,,,,,,,,,,,,,,,,,,,,0.1,0.0,30.0,0.0,4.160728454589844,0.0,3.7666759490966797,0.0,0.2,0.0,0.2,0.0,0.5,0.0,0.5,0.0,0.5,0.0,,,0.0,0.0,15.0,0.0,0.0,0.0,0.0,0.0,0.0,0.0,0.0,0.0,,,0.0,0.0
diagnosis_smoke,unblocked,synthetic,diagnosis,conditional_max | bank0:0 | circuit,,,,,,,,,,,,,,,,,,,,,,,,,,,,,,,,,,,,,,,,,,,1,[11],unblocked,,,,,,,,,,,,,,,,,,,,,,,,,,,,,,,,,,,,,,,,,,,,,,,,,,,,,,,,,,,,,,,,,,,,,,,,,,,,,,,,,0.1,0.0,30.0,0.0,4.16072940826416,0.0,3.7666826248168945,0.0,0.2,0.0,0.2,0.0,0.5,0.0,0.5,0.0,0.5,0.0,,,0.0,0.0,15.0,0.0,0.0,0.0,0.0,0.0,0.0,0.0,0.0,0.0,,,0.0,0.0
diagnosis_smoke,unblocked,synthetic,diagnosis,relational_max | bank0:0 | circuit,,,,,,,,,,,,,,,,,,,,,,,,,,,,,,,,,,,,,,,,,,,1,[11],unblocked,,,,,,,,,,,,,,,,,,,,,,,,,,,,,,,,,,,,,,,,,,,,,,,,,,,,,,,,,,,,,,,,,,,,,,,,,,,,,,,,,0.1,0.0,30.0,0.0,1.1920928955078125e-06,0.0,1.3828277587890625e-05,0.0,0.2,0.0,0.2,0.0,0.5,0.0,0.5,0.0,0.5,0.0,,,0.0,0.0,15.0,0.0,0.0,0.0,0.0,0.0,0.0,0.0,0.0,0.0,,,0.0,0.0
diagnosis_smoke,unblocked,synthetic,diagnosis,query bank0:0 | known_law_oracle,,,,,,,,,,,,,,,,,,,,,,,,,,,,,,,,,,,,,,,,,,,1,[11],unblocked,,,,,,,,,,,0.0,0.0,0.0006664869997621281,0.0,0.000813526000456477,0.0,30.0,0.0,2.0,0.0,2.0,0.0,2.0,0.0,3.0,0.0,0.0,0.0,0.0,0.0,1.0,0.0,0.0,0.0,0.0,0.0,0.0,0.0,90.0,0.0,0.0,0.0,1.1155750659014425,0.0,1.234809828249585,0.0,1.1605404895344638,0.0,-0.2967721990967604,0.0,2.9406760104973735,0.0,,,,,,,,,,,,,,,,,,,,,,,,,,,,,,,,,,,,,,,,,,,,,,,,,,,,,,,,,,,,,,,,
diagnosis_smoke,unblocked,synthetic,diagnosis,known-law error bank0:0 | known_law_oracle,,,,,,,,,,,,,,,,,,,,,,,,,,,,,,,,,,,,,,,,,,,1,[11],unblocked,,,,,,,,,,,,,,,,,,,,,,,,,,,,,,,,,,,,,,,,,,,,,,,,,,,,,0.0,0.0,0.0,0.0,0.0,0.0,0.9999999999999999,0.0,0.0,0.0,0.0,0.0,0.0,0.0,1.0,0.0,0.0,0.0,0.0,0.0,0.0,0.0,1.0,0.0,0.0,0.0,0.0,0.0,,,,,,,,,,,,,,,,,,,,,,,,,,,,,,,,,,,,
diagnosis_smoke,unblocked,synthetic,diagnosis,joint | bank0:0 | known_law_oracle,,,,,,,,,,,,,,,,,,,,,,,,,,,,,,,,,,,,,,,,,,,1,[11],unblocked,,,,,,,,,,,,,,,,,,,,,,,,,,,,,,,,,,,,,,,,,,,,,,,,,,,,,,,,,,,,,,,,,,,,,,,,,,,,,,,,,0.1,0.0,30.0,0.0,7.116230464044952,0.0,4.080112582042755,0.0,0.06666666666666667,0.0,0.06666666666666667,0.0,0.5,0.0,0.5,0.0,0.5,0.0,,,0.0,0.0,15.0,0.0,0.0,0.0,0.0,0.0,0.0,0.0,0.0,0.0,,,0.0,0.0
diagnosis_smoke,unblocked,synthetic,diagnosis,independent | bank0:0 | known_law_oracle,,,,,,,,,,,,,,,,,,,,,,,,,,,,,,,,,,,,,,,,,,,1,[11],unblocked,,,,,,,,,,,,,,,,,,,,,,,,,,,,,,,,,,,,,,,,,,,,,,,,,,,,,,,,,,,,,,,,,,,,,,,,,,,,,,,,,0.1,0.0,30.0,0.0,6.966322716303916,0.0,7.05367450929741,0.0,0.2,0.0,0.2,0.0,0.5,0.0,0.5,0.0,0.5,0.0,,,0.0,0.0,15.0,0.0,0.0,0.0,0.0,0.0,0.0,0.0,0.0,0.0,,,0.0,0.0
diagnosis_smoke,unblocked,synthetic,diagnosis,marginal_max | bank0:0 | known_law_oracle,,,,,,,,,,,,,,,,,,,,,,,,,,,,,,,,,,,,,,,,,,,1,[11],unblocked,,,,,,,,,,,,,,,,,,,,,,,,,,,,,,,,,,,,,,,,,,,,,,,,,,,,,,,,,,,,,,,,,,,,,,,,,,,,,,,,,0.1,0.0,30.0,0.0,4.15048219710894,0.0,4.112297633006275,0.0,0.13333333333333333,0.0,0.13333333333333333,0.0,0.5,0.0,0.5,0.0,0.5,0.0,,,0.0,0.0,15.0,0.0,0.0,0.0,0.0,0.0,0.0,0.0,0.0,0.0,,,0.0,0.0
diagnosis_smoke,unblocked,synthetic,diagnosis,conditional_max | bank0:0 | known_law_oracle,,,,,,,,,,,,,,,,,,,,,,,,,,,,,,,,,,,,,,,,,,,1,[11],unblocked,,,,,,,,,,,,,,,,,,,,,,,,,,,,,,,,,,,,,,,,,,,,,,,,,,,,,,,,,,,,,,,,,,,,,,,,,,,,,,,,,0.1,0.0,30.0,0.0,3.871229416967211,0.0,2.351769974641956,0.0,0.0,0.0,0.0,0.0,0.5,0.0,0.5,0.0,0.5,0.0,,,0.0,0.0,15.0,0.0,0.0,0.0,0.0,0.0,0.0,0.0,0.0,0.0,,,0.0,0.0
diagnosis_smoke,unblocked,synthetic,diagnosis,relational_max | bank0:0 | known_law_oracle,,,,,,,,,,,,,,,,,,,,,,,,,,,,,,,,,,,,,,,,,,,1,[11],unblocked,,,,,,,,,,,,,,,,,,,,,,,,,,,,,,,,,,,,,,,,,,,,,,,,,,,,,,,,,,,,,,,,,,,,,,,,,,,,,,,,,0.1,0.0,30.0,0.0,1.4622914651738665,0.0,4.44966008215366,0.0,0.0,0.0,0.0,0.0,0.5,0.0,0.5,0.0,0.5,0.0,,,0.0,0.0,15.0,0.0,0.0,0.0,0.0,0.0,0.0,0.0,0.0,0.0,,,0.0,0.0
diagnosis_smoke,unblocked,synthetic,diagnosis,query single_sensor_0 | circuit,,,,,,,,,,,,,,,,,,,,,,,,,,,,,,,,,,,,,,,,,,,1,[11],unblocked,,,,,,,,,,,0.0,0.0,0.0013177669998185593,0.0,0.0013015929998800857,0.0,30.0,0.0,1.0,0.0,1.0,0.0,1.0,0.0,3.0,0.0,123.0,0.0,0.0,0.0,1.0,0.0,0.0,0.0,3690.0,0.0,0.0,0.0,90.0,0.0,0.0,0.0,0.0,0.0,0.0,0.0,0.0,0.0,0.0,0.0,0.0,0.0,,,,,,,,,,,,,,,,,,,,,,,,,,,,,,,,,,,,,,,,,,,,,,,,,,,,,,,,,,,,,,,,
diagnosis_smoke,unblocked,synthetic,diagnosis,known-law error single_sensor_0 | circuit,,,,,,,,,,,,,,,,,,,,,,,,,,,,,,,,,,,,,,,,,,,1,[11],unblocked,,,,,,,,,,,,,,,,,,,,,,,,,,,,,,,,,,,,,,,,,,,,,,,,,,,,,0.15600956111004832,0.0,0.3895430460899424,0.0,1.7386038656702967,0.0,0.803176721734945,0.0,0.15600956111004832,0.0,0.3895430460899424,0.0,1.7386038656702967,0.0,0.803176721734945,0.0,0.0,0.0,0.0,0.0,0.0,0.0,,,-0.15600956111004832,0.0,0.3895430460899424,0.0,,,,,,,,,,,,,,,,,,,,,,,,,,,,,,,,,,,,
diagnosis_smoke,unblocked,synthetic,diagnosis,joint | single_sensor_0 | circuit,,,,,,,,,,,,,,,,,,,,,,,,,,,,,,,,,,,,,,,,,,,1,[11],unblocked,,,,,,,,,,,,,,,,,,,,,,,,,,,,,,,,,,,,,,,,,,,,,,,,,,,,,,,,,,,,,,,,,,,,,,,,,,,,,,,,,0.1,0.0,30.0,0.0,4.6253790855407715,0.0,3.888622999191284,0.0,0.06666666666666667,0.0,0.0,0.0,0.48,0.0,0.47575010740129414,0.0,0.48,0.0,,,0.0,0.0,0.0,0.0,15.0,0.0,15.0,0.0,0.0,0.0,0.0,0.0,,,0.0,0.0
diagnosis_smoke,unblocked,synthetic,diagnosis,independent | single_sensor_0 | circuit,,,,,,,,,,,,,,,,,,,,,,,,,,,,,,,,,,,,,,,,,,,1,[11],unblocked,,,,,,,,,,,,,,,,,,,,,,,,,,,,,,,,,,,,,,,,,,,,,,,,,,,,,,,,,,,,,,,,,,,,,,,,,,,,,,,,,0.1,0.0,30.0,0.0,4.6253790855407715,0.0,3.888622999191284,0.0,0.06666666666666667,0.0,0.0,0.0,0.48,0.0,0.47575010740129414,0.0,0.48,0.0,,,0.0,0.0,0.0,0.0,15.0,0.0,15.0,0.0,0.0,0.0,0.0,0.0,,,0.0,0.0
diagnosis_smoke,unblocked,synthetic,diagnosis,marginal_max | single_sensor_0 | circuit,,,,,,,,,,,,,,,,,,,,,,,,,,,,,,,,,,,,,,,,,,,1,[11],unblocked,,,,,,,,,,,,,,,,,,,,,,,,,,,,,,,,,,,,,,,,,,,,,,,,,,,,,,,,,,,,,,,,,,,,,,,,,,,,,,,,,0.1,0.0,30.0,0.0,4.6253790855407715,0.0,3.888622999191284,0.0,0.06666666666666667,0.0,0.0,0.0,0.48,0.0,0.47575010740129414,0.0,0.48,0.0,,,0.0,0.0,0.0,0.0,15.0,0.0,15.0,0.0,0.0,0.0,0.0,0.0,,,0.0,0.0
diagnosis_smoke,unblocked,synthetic,diagnosis,conditional_max | single_sensor_0 | circuit,,,,,,,,,,,,,,,,,,,,,,,,,,,,,,,,,,,,,,,,,,,1,[11],unblocked,,,,,,,,,,,,,,,,,,,,,,,,,,,,,,,,,,,,,,,,,,,,,,,,,,,,,,,,,,,,,,,,,,,,,,,,,,,,,,,,,0.1,0.0,30.0,0.0,4.6253790855407715,0.0,3.888622999191284,0.0,0.06666666666666667,0.0,0.0,0.0,0.48,0.0,0.47575010740129414,0.0,0.48,0.0,,,0.0,0.0,0.0,0.0,15.0,0.0,15.0,0.0,0.0,0.0,0.0,0.0,,,0.0,0.0
diagnosis_smoke,unblocked,synthetic,diagnosis,relational_max | single_sensor_0 | circuit,,,,,,,,,,,,,,,,,,,,,,,,,,,,,,,,,,,,,,,,,,,1,[11],unblocked,,,,,,,,,,,,,,,,,,,,,,,,,,,,,,,,,,,,,,,,,,,,,,,,,,,,,,,,,,,,,,,,,,,,,,,,,,,,,,,,,0.1,0.0,30.0,0.0,0.0,0.0,0.0,0.0,0.0,0.0,0.0,0.0,0.5,0.0,0.5,0.0,0.5,0.0,,,0.0,0.0,0.0,0.0,15.0,0.0,15.0,0.0,0.0,0.0,0.0,0.0,,,0.0,0.0
diagnosis_smoke,unblocked,synthetic,diagnosis,query single_sensor_0 | known_law_oracle,,,,,,,,,,,,,,,,,,,,,,,,,,,,,,,,,,,,,,,,,,,1,[11],unblocked,,,,,,,,,,,0.0,0.0,0.00031640299948776374,0.0,0.00043332299992471235,0.0,30.0,0.0,1.0,0.0,1.0,0.0,1.0,0.0,2.0,0.0,0.0,0.0,0.0,0.0,1.0,0.0,0.0,0.0,0.0,0.0,0.0,0.0,90.0,0.0,0.0,0.0,0.0,0.0,0.0,0.0,0.0,0.0,0.0,0.0,0.0,0.0,,,,,,,,,,,,,,,,,,,,,,,,,,,,,,,,,,,,,,,,,,,,,,,,,,,,,,,,,,,,,,,,
diagnosis_smoke,unblocked,synthetic,diagnosis,known-law error single_sensor_0 | known_law_oracle,,,,,,,,,,,,,,,,,,,,,,,,,,,,,,,,,,,,,,,,,,,1,[11],unblocked,,,,,,,,,,,,,,,,,,,,,,,,,,,,,,,,,,,,,,,,,,,,,,,,,,,,,0.0,0.0,0.0,0.0,0.0,0.0,0.9999999999999999,0.0,0.0,0.0,0.0,0.0,0.0,0.0,0.9999999999999999,0.0,0.0,0.0,0.0,0.0,0.0,0.0,,,0.0,0.0,0.0,0.0,,,,,,,,,,,,,,,,,,,,,,,,,,,,,,,,,,,,
diagnosis_smoke,unblocked,synthetic,diagnosis,joint | single_sensor_0 | known_law_oracle,,,,,,,,,,,,,,,,,,,,,,,,,,,,,,,,,,,,,,,,,,,1,[11],unblocked,,,,,,,,,,,,,,,,,,,,,,,,,,,,,,,,,,,,,,,,,,,,,,,,,,,,,,,,,,,,,,,,,,,,,,,,,,,,,,,,,0.1,0.0,30.0,0.0,4.5928971397183895,0.0,2.832157365280544,0.0,0.0,0.0,0.0,0.0,0.4,0.0,0.43655596868402224,0.0,0.4,0.0,,,0.0,0.0,0.0,0.0,15.0,0.0,15.0,0.0,0.0,0.0,0.0,0.0,,,0.0,0.0
diagnosis_smoke,unblocked,synthetic,diagnosis,independent | single_sensor_0 | known_law_oracle,,,,,,,,,,,,,,,,,,,,,,,,,,,,,,,,,,,,,,,,,,,1,[11],unblocked,,,,,,,,,,,,,,,,,,,,,,,,,,,,,,,,,,,,,,,,,,,,,,,,,,,,,,,,,,,,,,,,,,,,,,,,,,,,,,,,,0.1,0.0,30.0,0.0,4.5928971397183895,0.0,2.832157365280544,0.0,0.0,0.0,0.0,0.0,0.4,0.0,0.43655596868402224,0.0,0.4,0.0,,,0.0,0.0,0.0,0.0,15.0,0.0,15.0,0.0,0.0,0.0,0.0,0.0,,,0.0,0.0
diagnosis_smoke,unblocked,synthetic,diagnosis,marginal_max | single_sensor_0 | known_law_oracle,,,,,,,,,,,,,,,,,,,,,,,,,,,,,,,,,,,,,,,,,,,1,[11],unblocked,,,,,,,,,,,,,,,,,,,,,,,,,,,,,,,,,,,,,,,,,,,,,,,,,,,,,,,,,,,,,,,,,,,,,,,,,,,,,,,,,0.1,0.0,30.0,0.0,4.5928971397183895,0.0,2.832157365280544,0.0,0.0,0.0,0.0,0.0,0.4,0.0,0.43655596868402224,0.0,0.4,0.0,,,0.0,0.0,0.0,0.0,15.0,0.0,15.0,0.0,0.0,0.0,0.0,0.0,,,0.0,0.0
diagnosis_smoke,unblocked,synthetic,diagnosis,conditional_max | single_sensor_0 | known_law_oracle,,,,,,,,,,,,,,,,,,,,,,,,,,,,,,,,,,,,,,,,,,,1,[11],unblocked,,,,,,,,,,,,,,,,,,,,,,,,,,,,,,,,,,,,,,,,,,,,,,,,,,,,,,,,,,,,,,,,,,,,,,,,,,,,,,,,,0.1,0.0,30.0,0.0,4.5928971397183895,0.0,2.832157365280544,0.0,0.0,0.0,0.0,0.0,0.4,0.0,0.43655596868402224,0.0,0.4,0.0,,,0.0,0.0,0.0,0.0,15.0,0.0,15.0,0.0,0.0,0.0,0.0,0.0,,,0.0,0.0
diagnosis_smoke,unblocked,synthetic,diagnosis,relational_max | single_sensor_0 | known_law_oracle,,,,,,,,,,,,,,,,,,,,,,,,,,,,,,,,,,,,,,,,,,,1,[11],unblocked,,,,,,,,,,,,,,,,,,,,,,,,,,,,,,,,,,,,,,,,,,,,,,,,,,,,,,,,,,,,,,,,,,,,,,,,,,,,,,,,,0.1,0.0,30.0,0.0,0.0,0.0,0.0,0.0,0.0,0.0,0.0,0.0,0.5,0.0,0.5,0.0,0.5,0.0,,,0.0,0.0,0.0,0.0,15.0,0.0,15.0,0.0,0.0,0.0,0.0,0.0,,,0.0,0.0
diagnosis_smoke,mixture,synthetic,diagnosis,model,0.0,0.0,12.0,0.0,10.0,0.0,18.0,0.0,40.0,0.0,63.0,0.0,12.0,0.0,3.0,0.0,0.0,0.0,8.75705337524414,0.0,2.0,0.0,0.0,0.0,0.0,0.0,6.0,0.0,0.03536415100097656,0.0,8.66790771484375,0.0,0.05,0.0,3.0,0.0,1.0,0.0,0.0,0.0,32.0,0.0,1,[11],mixture,,,,,,,,,,,,,,,,,,,,,,,,,,,,,,,,,,,,,,,,,,,,,,,,,,,,,,,,,,,,,,,,,,,,,,,,,,,,,,,,,,,,,,,,,,,,,,,,,,,,,,,,,,,,,,,,,,,,
diagnosis_smoke,mixture,synthetic,diagnosis,shortcut audit,,,,,,,,,,,,,,,,,,,,,,,,,,,,,,,,,,,,,,,,,,,1,[11],mixture,0.5644444444444444,0.0,0.0,0.0,30.0,0.0,30.0,0.0,6.0,0.0,,,,,,,,,,,,,,,,,,,,,,,,,,,,,,,,,,,,,,,,,,,,,,,,,,,,,,,,,,,,,,,,,,,,,,,,,,,,,,,,,,,,,,,,,,,,,,,,,,,,,,,,,,
diagnosis_smoke,mixture,synthetic,diagnosis,query full | circuit,,,,,,,,,,,,,,,,,,,,,,,,,,,,,,,,,,,,,,,,,,,1,[11],mixture,,,,,,,,,,,4.76837158203125e-07,0.0,0.0016866129999471013,0.0,0.0016974950003714184,0.0,30.0,0.0,3.0,0.0,3.0,0.0,3.0,0.0,3.0,0.0,65.0,0.0,9.0,0.0,1.0,0.0,0.00153,0.0,1950.0,0.0,540.0,0.0,90.0,0.0,1080.0,0.0,6.326039510895498e-06,0.0,1.4972686585679185e-05,0.0,2.3896134734968655e-05,0.0,-2.174377368646674e-05,0.0,4.2438507080078125e-05,0.0,,,,,,,,,,,,,,,,,,,,,,,,,,,,,,,,,,,,,,,,,,,,,,,,,,,,,,,,,,,,,,,,
diagnosis_smoke,mixture,synthetic,diagnosis,known-law error full | circuit,,,,,,,,,,,,,,,,,,,,,,,,,,,,,,,,,,,,,,,,,,,1,[11],mixture,,,,,,,,,,,,,,,,,,,,,,,,,,,,,,,,,,,,,,,,,,,,,,,,,,,,,0.5445584883184529,0.0,1.7983275240473684,0.0,11.561357647472928,0.0,0.20391890375490598,0.0,0.226525063508353,0.0,0.36660082367875885,0.0,1.7250018473139734,0.0,0.9006794929253883,0.0,0.3180334526256009,0.0,1.6637435108923455,0.0,12.043649187860126,0.0,-0.036388897981045006,0.0,-1.161559589709035,0.0,2.936270098449222,0.0,,,,,,,,,,,,,,,,,,,,,,,,,,,,,,,,,,,,
diagnosis_smoke,mixture,synthetic,diagnosis,joint | full | circuit,,,,,,,,,,,,,,,,,,,,,,,,,,,,,,,,,,,,,,,,,,,1,[11],mixture,,,,,,,,,,,,,,,,,,,,,,,,,,,,,,,,,,,,,,,,,,,,,,,,,,,,,,,,,,,,,,,,,,,,,,,,,,,,,,,,,0.1,0.0,30.0,0.0,11.132392883300781,0.0,9.14914321899414,0.0,0.2,0.0,0.13333333333333333,0.0,0.52,0.0,0.5047199719859566,0.0,0.52,0.0,0.5777777777777777,0.0,15.0,0.0,0.0,0.0,0.0,0.0,0.0,0.0,15.0,0.0,13.0,0.0,0.3333333333333333,0.0,0.0,0.0
diagnosis_smoke,mixture,synthetic,diagnosis,independent | full | circuit,,,,,,,,,,,,,,,,,,,,,,,,,,,,,,,,,,,,,,,,,,,1,[11],mixture,,,,,,,,,,,,,,,,,,,,,,,,,,,,,,,,,,,,,,,,,,,,,,,,,,,,,,,,,,,,,,,,,,,,,,,,,,,,,,,,,0.1,0.0,30.0,0.0,11.132397651672363,0.0,9.149114608764648,0.0,0.2,0.0,0.13333333333333333,0.0,0.52,0.0,0.5047199719859566,0.0,0.52,0.0,0.5777777777777777,0.0,15.0,0.0,0.0,0.0,0.0,0.0,0.0,0.0,15.0,0.0,13.0,0.0,0.3333333333333333,0.0,0.0,0.0
diagnosis_smoke,mixture,synthetic,diagnosis,marginal_max | full | circuit,,,,,,,,,,,,,,,,,,,,,,,,,,,,,,,,,,,,,,,,,,,1,[11],mixture,,,,,,,,,,,,,,,,,,,,,,,,,,,,,,,,,,,,,,,,,,,,,,,,,,,,,,,,,,,,,,,,,,,,,,,,,,,,,,,,,0.1,0.0,30.0,0.0,4.532807350158691,0.0,3.6985418796539307,0.0,0.2,0.0,0.2,0.0,0.5377777777777778,0.0,0.519358197996129,0.0,0.5377777777777778,0.0,0.5777777777777777,0.0,15.0,0.0,0.0,0.0,0.0,0.0,0.0,0.0,15.0,0.0,12.0,0.0,0.3333333333333333,0.0,0.0,0.0
diagnosis_smoke,mixture,synthetic,diagnosis,conditional_max | full | circuit,,,,,,,,,,,,,,,,,,,,,,,,,,,,,,,,,,,,,,,,,,,1,[11],mixture,,,,,,,,,,,,,,,,,,,,,,,,,,,,,,,,,,,,,,,,,,,,,,,,,,,,,,,,,,,,,,,,,,,,,,,,,,,,,,,,,0.1,0.0,30.0,0.0,4.5327534675598145,0.0,3.6984424591064453,0.0,0.2,0.0,0.2,0.0,0.5333333333333333,0.0,0.5284058170437481,0.0,0.5333333333333333,0.0,0.5777777777777777,0.0,15.0,0.0,0.0,0.0,0.0,0.0,0.0,0.0,15.0,0.0,12.0,0.0,0.3333333333333333,0.0,0.0,0.0
diagnosis_smoke,mixture,synthetic,diagnosis,relational_max | full | circuit,,,,,,,,,,,,,,,,,,,,,,,,,,,,,,,,,,,,,,,,,,,1,[11],mixture,,,,,,,,,,,,,,,,,,,,,,,,,,,,,,,,,,,,,,,,,,,,,,,,,,,,,,,,,,,,,,,,,,,,,,,,,,,,,,,,,0.1,0.0,30.0,0.0,1.621246337890625e-05,0.0,0.00015926361083984375,0.0,0.26666666666666666,0.0,0.26666666666666666,0.0,0.43333333333333335,0.0,0.5254610753231442,0.0,0.43333333333333335,0.0,0.8444444444444444,0.0,15.0,0.0,0.0,0.0,0.0,0.0,15.0,0.0,0.0,0.0,0.0,0.0,,,0.0,0.0
diagnosis_smoke,mixture,synthetic,diagnosis,query full | known_law_oracle,,,,,,,,,,,,,,,,,,,,,,,,,,,,,,,,,,,,,,,,,,,1,[11],mixture,,,,,,,,,,,0.0,0.0,0.0015097759996933746,0.0,0.0018185220005761948,0.0,30.0,0.0,3.0,0.0,3.0,0.0,3.0,0.0,4.0,0.0,0.0,0.0,0.0,0.0,1.0,0.0,0.0,0.0,0.0,0.0,0.0,0.0,90.0,0.0,0.0,0.0,2.2787781799141884,0.0,2.4629468262432166,0.0,2.07871477068556,0.0,-0.452817509558638,0.0,5.976019072739805,0.0,,,,,,,,,,,,,,,,,,,,,,,,,,,,,,,,,,,,,,,,,,,,,,,,,,,,,,,,,,,,,,,,
diagnosis_smoke,mixture,synthetic,diagnosis,known-law error full | known_law_oracle,,,,,,,,,,,,,,,,,,,,,,,,,,,,,,,,,,,,,,,,,,,1,[11],mixture,,,,,,,,,,,,,,,,,,,,,,,,,,,,,,,,,,,,,,,,,,,,,,,,,,,,,0.0,0.0,0.0,0.0,0.0,0.0,1.0,0.0,0.0,0.0,0.0,0.0,0.0,0.0,1.0,0.0,0.0,0.0,0.0,0.0,0.0,0.0,1.0,0.0,0.0,0.0,0.0,0.0,,,,,,,,,,,,,,,,,,,,,,,,,,,,,,,,,,,,
diagnosis_smoke,mixture,synthetic,diagnosis,joint | full | known_law_oracle,,,,,,,,,,,,,,,,,,,,,,,,,,,,,,,,,,,,,,,,,,,1,[11],mixture,,,,,,,,,,,,,,,,,,,,,,,,,,,,,,,,,,,,,,,,,,,,,,,,,,,,,,,,,,,,,,,,,,,,,,,,,,,,,,,,,0.1,0.0,30.0,0.0,8.174576834461375,0.0,17.850182289083335,0.0,0.06666666666666667,0.0,0.4,0.0,0.7244444444444444,0.0,0.772963880605648,0.0,0.7244444444444444,0.0,0.7222222222222221,0.0,15.0,0.0,0.0,0.0,0.0,0.0,0.0,0.0,15.0,0.0,9.0,0.0,0.4666666666666667,0.0,0.3333333333333333,0.0
diagnosis_smoke,mixture,synthetic,diagnosis,independent | full | known_law_oracle,,,,,,,,,,,,,,,,,,,,,,,,,,,,,,,,,,,,,,,,,,,1,[11],mixture,,,,,,,,,,,,,,,,,,,,,,,,,,,,,,,,,,,,,,,,,,,,,,,,,,,,,,,,,,,,,,,,,,,,,,,,,,,,,,,,,0.1,0.0,30.0,0.0,10.992880073970843,0.0,9.001674709067549,0.0,0.2,0.0,0.06666666666666667,0.0,0.48,0.0,0.49881599051850767,0.0,0.48,0.0,0.5555555555555555,0.0,15.0,0.0,0.0,0.0,0.0,0.0,0.0,0.0,15.0,0.0,14.0,0.0,0.3333333333333333,0.0,0.0,0.0
diagnosis_smoke,mixture,synthetic,diagnosis,marginal_max | full | known_law_oracle,,,,,,,,,,,,,,,,,,,,,,,,,,,,,,,,,,,,,,,,,,,1,[11],mixture,,,,,,,,,,,,,,,,,,,,,,,,,,,,,,,,,,,,,,,,,,,,,,,,,,,,,,,,,,,,,,,,,,,,,,,,,,,,,,,,,0.1,0.0,30.0,0.0,4.5928971397183895,0.0,4.112297633006275,0.0,0.13333333333333333,0.0,0.13333333333333333,0.0,0.46,0.0,0.48558945783058804,0.0,0.46,0.0,0.5555555555555555,0.0,15.0,0.0,0.0,0.0,0.0,0.0,0.0,0.0,15.0,0.0,13.0,0.0,0.3333333333333333,0.0,0.0,0.0
diagnosis_smoke,mixture,synthetic,diagnosis,conditional_max | full | known_law_oracle,,,,,,,,,,,,,,,,,,,,,,,,,,,,,,,,,,,,,,,,,,,1,[11],mixture,,,,,,,,,,,,,,,,,,,,,,,,,,,,,,,,,,,,,,,,,,,,,,,,,,,,,,,,,,,,,,,,,,,,,,,,,,,,,,,,,0.1,0.0,30.0,0.0,4.007040161815089,0.0,13.950632121201613,0.0,0.06666666666666667,0.0,0.4,0.0,0.7955555555555556,0.0,0.8451621588288255,0.0,0.7955555555555556,0.0,0.7222222222222221,0.0,15.0,0.0,0.0,0.0,0.0,0.0,0.0,0.0,15.0,0.0,9.0,0.0,0.4666666666666667,0.0,0.3333333333333333,0.0
diagnosis_smoke,mixture,synthetic,diagnosis,relational_max | full | known_law_oracle,,,,,,,,,,,,,,,,,,,,,,,,,,,,,,,,,,,,,,,,,,,1,[11],mixture,,,,,,,,,,,,,,,,,,,,,,,,,,,,,,,,,,,,,,,,,,,,,,,,,,,,,,,,,,,,,,,,,,,,,,,,,,,,,,,,,0.1,0.0,30.0,0.0,1.715183451550788,0.0,15.137611587162457,0.0,0.06666666666666667,0.0,0.4,0.0,0.8,0.0,0.8432258482258482,0.0,0.8,0.0,0.7888888888888889,0.0,15.0,0.0,0.0,0.0,0.0,0.0,0.0,0.0,15.0,0.0,9.0,0.0,0.6,0.0,0.3333333333333333,0.0
diagnosis_smoke,mixture,synthetic,diagnosis,query random1:0 | circuit,,,,,,,,,,,,,,,,,,,,,,,,,,,,,,,,,,,,,,,,,,,1,[11],mixture,,,,,,,,,,,0.0,0.0,0.0016811100003906176,0.0,0.0017057810000551399,0.0,30.0,0.0,2.0,0.0,2.0,0.0,2.0,0.0,3.0,0.0,65.0,0.0,9.0,0.0,1.0,0.0,0.001529,0.0,1950.0,0.0,540.0,0.0,90.0,0.0,1080.0,0.0,1.0903676411544438e-05,0.0,1.732508280838374e-05,0.0,3.1592331652063876e-05,0.0,-1.5592575437040068e-05,0.0,5.5980683100642636e-05,0.0,,,,,,,,,,,,,,,,,,,,,,,,,,,,,,,,,,,,,,,,,,,,,,,,,,,,,,,,,,,,,,,,
diagnosis_smoke,mixture,synthetic,diagnosis,known-law error random1:0 | circuit,,,,,,,,,,,,,,,,,,,,,,,,,,,,,,,,,,,,,,,,,,,1,[11],mixture,,,,,,,,,,,,,,,,,,,,,,,,,,,,,,,,,,,,,,,,,,,,,,,,,,,,,1.3751263204581654,0.0,1.4940358392335655,0.0,3.9267600225920383,0.0,0.15313894642362572,0.0,0.25956216618036,0.0,0.3589852409072848,0.0,1.3761261891068903,0.0,0.9248050147460858,0.0,1.1155641622250914,0.0,1.2348013405481686,0.0,3.6686879744806316,0.0,0.4736886137513614,0.0,-1.6346884945858116,0.0,1.7103277523394413,0.0,,,,,,,,,,,,,,,,,,,,,,,,,,,,,,,,,,,,
diagnosis_smoke,mixture,synthetic,diagnosis,joint | random1:0 | circuit,,,,,,,,,,,,,,,,,,,,,,,,,,,,,,,,,,,,,,,,,,,1,[11],mixture,,,,,,,,,,,,,,,,,,,,,,,,,,,,,,,,,,,,,,,,,,,,,,,,,,,,,,,,,,,,,,,,,,,,,,,,,,,,,,,,,0.1,0.0,30.0,0.0,7.300722599029541,0.0,5.972490310668945,0.0,0.2,0.0,0.2,0.0,0.5,0.0,0.5,0.0,0.5,0.0,,,0.0,0.0,15.0,0.0,0.0,0.0,0.0,0.0,0.0,0.0,0.0,0.0,,,0.0,0.0
diagnosis_smoke,mixture,synthetic,diagnosis,independent | random1:0 | circuit,,,,,,,,,,,,,,,,,,,,,,,,,,,,,,,,,,,,,,,,,,,1,[11],mixture,,,,,,,,,,,,,,,,,,,,,,,,,,,,,,,,,,,,,,,,,,,,,,,,,,,,,,,,,,,,,,,,,,,,,,,,,,,,,,,,,0.1,0.0,30.0,0.0,7.300751209259033,0.0,5.972603797912598,0.0,0.2,0.0,0.2,0.0,0.5,0.0,0.5,0.0,0.5,0.0,,,0.0,0.0,15.0,0.0,0.0,0.0,0.0,0.0,0.0,0.0,0.0,0.0,,,0.0,0.0
diagnosis_smoke,mixture,synthetic,diagnosis,marginal_max | random1:0 | circuit,,,,,,,,,,,,,,,,,,,,,,,,,,,,,,,,,,,,,,,,,,,1,[11],mixture,,,,,,,,,,,,,,,,,,,,,,,,,,,,,,,,,,,,,,,,,,,,,,,,,,,,,,,,,,,,,,,,,,,,,,,,,,,,,,,,,0.1,0.0,30.0,0.0,4.088840961456299,0.0,3.6985418796539307,0.0,0.26666666666666666,0.0,0.26666666666666666,0.0,0.5,0.0,0.5,0.0,0.5,0.0,,,0.0,0.0,15.0,0.0,0.0,0.0,0.0,0.0,0.0,0.0,0.0,0.0,,,0.0,0.0
diagnosis_smoke,mixture,synthetic,diagnosis,conditional_max | random1:0 | circuit,,,,,,,,,,,,,,,,,,,,,,,,,,,,,,,,,,,,,,,,,,,1,[11],mixture,,,,,,,,,,,,,,,,,,,,,,,,,,,,,,,,,,,,,,,,,,,,,,,,,,,,,,,,,,,,,,,,,,,,,,,,,,,,,,,,,0.1,0.0,30.0,0.0,4.0888166427612305,0.0,3.69844388961792,0.0,0.26666666666666666,0.0,0.26666666666666666,0.0,0.5,0.0,0.5,0.0,0.5,0.0,,,0.0,0.0,15.0,0.0,0.0,0.0,0.0,0.0,0.0,0.0,0.0,0.0,,,0.0,0.0
diagnosis_smoke,mixture,synthetic,diagnosis,relational_max | random1:0 | circuit,,,,,,,,,,,,,,,,,,,,,,,,,,,,,,,,,,,,,,,,,,,1,[11],mixture,,,,,,,,,,,,,,,,,,,,,,,,,,,,,,,,,,,,,,,,,,,,,,,,,,,,,,,,,,,,,,,,,,,,,,,,,,,,,,,,,0.1,0.0,30.0,0.0,4.291534423828125e-06,0.0,0.00015735626220703125,0.0,0.06666666666666667,0.0,0.06666666666666667,0.0,0.5,0.0,0.5,0.0,0.5,0.0,,,0.0,0.0,15.0,0.0,0.0,0.0,0.0,0.0,0.0,0.0,0.0,0.0,,,0.0,0.0
diagnosis_smoke,mixture,synthetic,diagnosis,query random1:0 | known_law_oracle,,,,,,,,,,,,,,,,,,,,,,,,,,,,,,,,,,,,,,,,,,,1,[11],mixture,,,,,,,,,,,0.0,0.0,0.0006703729995933827,0.0,0.0008570760001020972,0.0,30.0,0.0,2.0,0.0,2.0,0.0,2.0,0.0,3.0,0.0,0.0,0.0,0.0,0.0,1.0,0.0,0.0,0.0,0.0,0.0,0.0,0.0,90.0,0.0,0.0,0.0,1.1155750659014425,0.0,1.234809828249585,0.0,1.1605404895344638,0.0,-0.2967721990967604,0.0,2.9406760104973735,0.0,,,,,,,,,,,,,,,,,,,,,,,,,,,,,,,,,,,,,,,,,,,,,,,,,,,,,,,,,,,,,,,,
diagnosis_smoke,mixture,synthetic,diagnosis,known-law error random1:0 | known_law_oracle,,,,,,,,,,,,,,,,,,,,,,,,,,,,,,,,,,,,,,,,,,,1,[11],mixture,,,,,,,,,,,,,,,,,,,,,,,,,,,,,,,,,,,,,,,,,,,,,,,,,,,,,0.0,0.0,0.0,0.0,0.0,0.0,0.9999999999999999,0.0,0.0,0.0,0.0,0.0,0.0,0.0,1.0,0.0,0.0,0.0,0.0,0.0,0.0,0.0,1.0,0.0,0.0,0.0,0.0,0.0,,,,,,,,,,,,,,,,,,,,,,,,,,,,,,,,,,,,
diagnosis_smoke,mixture,synthetic,diagnosis,joint | random1:0 | known_law_oracle,,,,,,,,,,,,,,,,,,,,,,,,,,,,,,,,,,,,,,,,,,,1,[11],mixture,,,,,,,,,,,,,,,,,,,,,,,,,,,,,,,,,,,,,,,,,,,,,,,,,,,,,,,,,,,,,,,,,,,,,,,,,,,,,,,,,0.1,0.0,30.0,0.0,7.116230464044952,0.0,4.080112582042755,0.0,0.06666666666666667,0.0,0.06666666666666667,0.0,0.5,0.0,0.5,0.0,0.5,0.0,,,0.0,0.0,15.0,0.0,0.0,0.0,0.0,0.0,0.0,0.0,0.0,0.0,,,0.0,0.0
diagnosis_smoke,mixture,synthetic,diagnosis,independent | random1:0 | known_law_oracle,,,,,,,,,,,,,,,,,,,,,,,,,,,,,,,,,,,,,,,,,,,1,[11],mixture,,,,,,,,,,,,,,,,,,,,,,,,,,,,,,,,,,,,,,,,,,,,,,,,,,,,,,,,,,,,,,,,,,,,,,,,,,,,,,,,,0.1,0.0,30.0,0.0,6.966322716303916,0.0,7.05367450929741,0.0,0.2,0.0,0.2,0.0,0.5,0.0,0.5,0.0,0.5,0.0,,,0.0,0.0,15.0,0.0,0.0,0.0,0.0,0.0,0.0,0.0,0.0,0.0,,,0.0,0.0
diagnosis_smoke,mixture,synthetic,diagnosis,marginal_max | random1:0 | known_law_oracle,,,,,,,,,,,,,,,,,,,,,,,,,,,,,,,,,,,,,,,,,,,1,[11],mixture,,,,,,,,,,,,,,,,,,,,,,,,,,,,,,,,,,,,,,,,,,,,,,,,,,,,,,,,,,,,,,,,,,,,,,,,,,,,,,,,,0.1,0.0,30.0,0.0,4.15048219710894,0.0,4.112297633006275,0.0,0.13333333333333333,0.0,0.13333333333333333,0.0,0.5,0.0,0.5,0.0,0.5,0.0,,,0.0,0.0,15.0,0.0,0.0,0.0,0.0,0.0,0.0,0.0,0.0,0.0,,,0.0,0.0
diagnosis_smoke,mixture,synthetic,diagnosis,conditional_max | random1:0 | known_law_oracle,,,,,,,,,,,,,,,,,,,,,,,,,,,,,,,,,,,,,,,,,,,1,[11],mixture,,,,,,,,,,,,,,,,,,,,,,,,,,,,,,,,,,,,,,,,,,,,,,,,,,,,,,,,,,,,,,,,,,,,,,,,,,,,,,,,,0.1,0.0,30.0,0.0,3.871229416967211,0.0,2.351769974641956,0.0,0.0,0.0,0.0,0.0,0.5,0.0,0.5,0.0,0.5,0.0,,,0.0,0.0,15.0,0.0,0.0,0.0,0.0,0.0,0.0,0.0,0.0,0.0,,,0.0,0.0
diagnosis_smoke,mixture,synthetic,diagnosis,relational_max | random1:0 | known_law_oracle,,,,,,,,,,,,,,,,,,,,,,,,,,,,,,,,,,,,,,,,,,,1,[11],mixture,,,,,,,,,,,,,,,,,,,,,,,,,,,,,,,,,,,,,,,,,,,,,,,,,,,,,,,,,,,,,,,,,,,,,,,,,,,,,,,,,0.1,0.0,30.0,0.0,1.4622914651738665,0.0,4.44966008215366,0.0,0.0,0.0,0.0,0.0,0.5,0.0,0.5,0.0,0.5,0.0,,,0.0,0.0,15.0,0.0,0.0,0.0,0.0,0.0,0.0,0.0,0.0,0.0,,,0.0,0.0
diagnosis_smoke,mixture,synthetic,diagnosis,query bank0:0 | circuit,,,,,,,,,,,,,,,,,,,,,,,,,,,,,,,,,,,,,,,,,,,1,[11],mixture,,,,,,,,,,,0.0,0.0,0.0016854770001373254,0.0,0.0016924250003285124,0.0,30.0,0.0,2.0,0.0,2.0,0.0,2.0,0.0,3.0,0.0,65.0,0.0,9.0,0.0,1.0,0.0,0.001536,0.0,1950.0,0.0,540.0,0.0,90.0,0.0,1080.0,0.0,1.0903676411544438e-05,0.0,1.732508280838374e-05,0.0,3.1592331652063876e-05,0.0,-1.5592575437040068e-05,0.0,5.5980683100642636e-05,0.0,,,,,,,,,,,,,,,,,,,,,,,,,,,,,,,,,,,,,,,,,,,,,,,,,,,,,,,,,,,,,,,,
diagnosis_smoke,mixture,synthetic,diagnosis,known-law error bank0:0 | circuit,,,,,,,,,,,,,,,,,,,,,,,,,,,,,,,,,,,,,,,,,,,1,[11],mixture,,,,,,,,,,,,,,,,,,,,,,,,,,,,,,,,,,,,,,,,,,,,,,,,,,,,,1.3751263204581654,0.0,1.4940358392335655,0.0,3.9267600225920383,0.0,0.15313894642362572,0.0,0.25956216618036,0.0,0.3589852409072848,0.0,1.3761261891068903,0.0,0.9248050147460858,0.0,1.1155641622250914,0.0,1.2348013405481686,0.0,3.6686879744806316,0.0,0.4736886137513614,0.0,-1.6346884945858116,0.0,1.7103277523394413,0.0,,,,,,,,,,,,,,,,,,,,,,,,,,,,,,,,,,,,
diagnosis_smoke,mixture,synthetic,diagnosis,joint | bank0:0 | circuit,,,,,,,,,,,,,,,,,,,,,,,,,,,,,,,,,,,,,,,,,,,1,[11],mixture,,,,,,,,,,,,,,,,,,,,,,,,,,,,,,,,,,,,,,,,,,,,,,,,,,,,,,,,,,,,,,,,,,,,,,,,,,,,,,,,,0.1,0.0,30.0,0.0,7.300722599029541,0.0,5.972490310668945,0.0,0.2,0.0,0.2,0.0,0.5,0.0,0.5,0.0,0.5,0.0,,,0.0,0.0,15.0,0.0,0.0,0.0,0.0,0.0,0.0,0.0,0.0,0.0,,,0.0,0.0
diagnosis_smoke,mixture,synthetic,diagnosis,independent | bank0:0 | circuit,,,,,,,,,,,,,,,,,,,,,,,,,,,,,,,,,,,,,,,,,,,1,[11],mixture,,,,,,,,,,,,,,,,,,,,,,,,,,,,,,,,,,,,,,,,,,,,,,,,,,,,,,,,,,,,,,,,,,,,,,,,,,,,,,,,,0.1,0.0,30.0,0.0,7.300751209259033,0.0,5.972603797912598,0.0,0.2,0.0,0.2,0.0,0.5,0.0,0.5,0.0,0.5,0.0,,,0.0,0.0,15.0,0.0,0.0,0.0,0.0,0.0,0.0,0.0,0.0,0.0,,,0.0,0.0
diagnosis_smoke,mixture,synthetic,diagnosis,marginal_max | bank0:0 | circuit,,,,,,,,,,,,,,,,,,,,,,,,,,,,,,,,,,,,,,,,,,,1,[11],mixture,,,,,,,,,,,,,,,,,,,,,,,,,,,,,,,,,,,,,,,,,,,,,,,,,,,,,,,,,,,,,,,,,,,,,,,,,,,,,,,,,0.1,0.0,30.0,0.0,4.088840961456299,0.0,3.6985418796539307,0.0,0.26666666666666666,0.0,0.26666666666666666,0.0,0.5,0.0,0.5,0.0,0.5,0.0,,,0.0,0.0,15.0,0.0,0.0,0.0,0.0,0.0,0.0,0.0,0.0,0.0,,,0.0,0.0
diagnosis_smoke,mixture,synthetic,diagnosis,conditional_max | bank0:0 | circuit,,,,,,,,,,,,,,,,,,,,,,,,,,,,,,,,,,,,,,,,,,,1,[11],mixture,,,,,,,,,,,,,,,,,,,,,,,,,,,,,,,,,,,,,,,,,,,,,,,,,,,,,,,,,,,,,,,,,,,,,,,,,,,,,,,,,0.1,0.0,30.0,0.0,4.0888166427612305,0.0,3.69844388961792,0.0,0.26666666666666666,0.0,0.26666666666666666,0.0,0.5,0.0,0.5,0.0,0.5,0.0,,,0.0,0.0,15.0,0.0,0.0,0.0,0.0,0.0,0.0,0.0,0.0,0.0,,,0.0,0.0
diagnosis_smoke,mixture,synthetic,diagnosis,relational_max | bank0:0 | circuit,,,,,,,,,,,,,,,,,,,,,,,,,,,,,,,,,,,,,,,,,,,1,[11],mixture,,,,,,,,,,,,,,,,,,,,,,,,,,,,,,,,,,,,,,,,,,,,,,,,,,,,,,,,,,,,,,,,,,,,,,,,,,,,,,,,,0.1,0.0,30.0,0.0,4.291534423828125e-06,0.0,0.00015735626220703125,0.0,0.06666666666666667,0.0,0.06666666666666667,0.0,0.5,0.0,0.5,0.0,0.5,0.0,,,0.0,0.0,15.0,0.0,0.0,0.0,0.0,0.0,0.0,0.0,0.0,0.0,,,0.0,0.0
diagnosis_smoke,mixture,synthetic,diagnosis,query bank0:0 | known_law_oracle,,,,,,,,,,,,,,,,,,,,,,,,,,,,,,,,,,,,,,,,,,,1,[11],mixture,,,,,,,,,,,0.0,0.0,0.000669981000100961,0.0,0.000819803000013053,0.0,30.0,0.0,2.0,0.0,2.0,0.0,2.0,0.0,3.0,0.0,0.0,0.0,0.0,0.0,1.0,0.0,0.0,0.0,0.0,0.0,0.0,0.0,90.0,0.0,0.0,0.0,1.1155750659014425,0.0,1.234809828249585,0.0,1.1605404895344638,0.0,-0.2967721990967604,0.0,2.9406760104973735,0.0,,,,,,,,,,,,,,,,,,,,,,,,,,,,,,,,,,,,,,,,,,,,,,,,,,,,,,,,,,,,,,,,
diagnosis_smoke,mixture,synthetic,diagnosis,known-law error bank0:0 | known_law_oracle,,,,,,,,,,,,,,,,,,,,,,,,,,,,,,,,,,,,,,,,,,,1,[11],mixture,,,,,,,,,,,,,,,,,,,,,,,,,,,,,,,,,,,,,,,,,,,,,,,,,,,,,0.0,0.0,0.0,0.0,0.0,0.0,0.9999999999999999,0.0,0.0,0.0,0.0,0.0,0.0,0.0,1.0,0.0,0.0,0.0,0.0,0.0,0.0,0.0,1.0,0.0,0.0,0.0,0.0,0.0,,,,,,,,,,,,,,,,,,,,,,,,,,,,,,,,,,,,
diagnosis_smoke,mixture,synthetic,diagnosis,joint | bank0:0 | known_law_oracle,,,,,,,,,,,,,,,,,,,,,,,,,,,,,,,,,,,,,,,,,,,1,[11],mixture,,,,,,,,,,,,,,,,,,,,,,,,,,,,,,,,,,,,,,,,,,,,,,,,,,,,,,,,,,,,,,,,,,,,,,,,,,,,,,,,,0.1,0.0,30.0,0.0,7.116230464044952,0.0,4.080112582042755,0.0,0.06666666666666667,0.0,0.06666666666666667,0.0,0.5,0.0,0.5,0.0,0.5,0.0,,,0.0,0.0,15.0,0.0,0.0,0.0,0.0,0.0,0.0,0.0,0.0,0.0,,,0.0,0.0
diagnosis_smoke,mixture,synthetic,diagnosis,independent | bank0:0 | known_law_oracle,,,,,,,,,,,,,,,,,,,,,,,,,,,,,,,,,,,,,,,,,,,1,[11],mixture,,,,,,,,,,,,,,,,,,,,,,,,,,,,,,,,,,,,,,,,,,,,,,,,,,,,,,,,,,,,,,,,,,,,,,,,,,,,,,,,,0.1,0.0,30.0,0.0,6.966322716303916,0.0,7.05367450929741,0.0,0.2,0.0,0.2,0.0,0.5,0.0,0.5,0.0,0.5,0.0,,,0.0,0.0,15.0,0.0,0.0,0.0,0.0,0.0,0.0,0.0,0.0,0.0,,,0.0,0.0
diagnosis_smoke,mixture,synthetic,diagnosis,marginal_max | bank0:0 | known_law_oracle,,,,,,,,,,,,,,,,,,,,,,,,,,,,,,,,,,,,,,,,,,,1,[11],mixture,,,,,,,,,,,,,,,,,,,,,,,,,,,,,,,,,,,,,,,,,,,,,,,,,,,,,,,,,,,,,,,,,,,,,,,,,,,,,,,,,0.1,0.0,30.0,0.0,4.15048219710894,0.0,4.112297633006275,0.0,0.13333333333333333,0.0,0.13333333333333333,0.0,0.5,0.0,0.5,0.0,0.5,0.0,,,0.0,0.0,15.0,0.0,0.0,0.0,0.0,0.0,0.0,0.0,0.0,0.0,,,0.0,0.0
diagnosis_smoke,mixture,synthetic,diagnosis,conditional_max | bank0:0 | known_law_oracle,,,,,,,,,,,,,,,,,,,,,,,,,,,,,,,,,,,,,,,,,,,1,[11],mixture,,,,,,,,,,,,,,,,,,,,,,,,,,,,,,,,,,,,,,,,,,,,,,,,,,,,,,,,,,,,,,,,,,,,,,,,,,,,,,,,,0.1,0.0,30.0,0.0,3.871229416967211,0.0,2.351769974641956,0.0,0.0,0.0,0.0,0.0,0.5,0.0,0.5,0.0,0.5,0.0,,,0.0,0.0,15.0,0.0,0.0,0.0,0.0,0.0,0.0,0.0,0.0,0.0,,,0.0,0.0
diagnosis_smoke,mixture,synthetic,diagnosis,relational_max | bank0:0 | known_law_oracle,,,,,,,,,,,,,,,,,,,,,,,,,,,,,,,,,,,,,,,,,,,1,[11],mixture,,,,,,,,,,,,,,,,,,,,,,,,,,,,,,,,,,,,,,,,,,,,,,,,,,,,,,,,,,,,,,,,,,,,,,,,,,,,,,,,,0.1,0.0,30.0,0.0,1.4622914651738665,0.0,4.44966008215366,0.0,0.0,0.0,0.0,0.0,0.5,0.0,0.5,0.0,0.5,0.0,,,0.0,0.0,15.0,0.0,0.0,0.0,0.0,0.0,0.0,0.0,0.0,0.0,,,0.0,0.0
diagnosis_smoke,mixture,synthetic,diagnosis,query single_sensor_0 | circuit,,,,,,,,,,,,,,,,,,,,,,,,,,,,,,,,,,,,,,,,,,,1,[11],mixture,,,,,,,,,,,2.384185791015625e-07,0.0,0.0016783180008133058,0.0,0.0016978169996946235,0.0,30.0,0.0,1.0,0.0,1.0,0.0,1.0,0.0,3.0,0.0,65.0,0.0,9.0,0.0,1.0,0.0,0.001527,0.0,1950.0,0.0,540.0,0.0,90.0,0.0,1080.0,0.0,0.0,0.0,3.1789145538141383e-08,0.0,8.705816156862056e-08,0.0,-7.152557657263969e-08,0.0,7.152557657263969e-08,0.0,,,,,,,,,,,,,,,,,,,,,,,,,,,,,,,,,,,,,,,,,,,,,,,,,,,,,,,,,,,,,,,,
diagnosis_smoke,mixture,synthetic,diagnosis,known-law error single_sensor_0 | circuit,,,,,,,,,,,,,,,,,,,,,,,,,,,,,,,,,,,,,,,,,,,1,[11],mixture,,,,,,,,,,,,,,,,,,,,,,,,,,,,,,,,,,,,,,,,,,,,,,,,,,,,,0.1604508581643391,0.0,0.38183198922170714,0.0,1.7250018473139734,0.0,0.8112664202173052,0.0,0.1604508581643391,0.0,0.38183198922170714,0.0,1.7250018473139734,0.0,0.8112664202173052,0.0,0.0,0.0,0.0,0.0,0.0,0.0,,,-0.16045085021705313,0.0,0.38183198127442114,0.0,,,,,,,,,,,,,,,,,,,,,,,,,,,,,,,,,,,,
diagnosis_smoke,mixture,synthetic,diagnosis,joint | single_sensor_0 | circuit,,,,,,,,,,,,,,,,,,,,,,,,,,,,,,,,,,,,,,,,,,,1,[11],mixture,,,,,,,,,,,,,,,,,,,,,,,,,,,,,,,,,,,,,,,,,,,,,,,,,,,,,,,,,,,,,,,,,,,,,,,,,,,,,,,,,0.1,0.0,30.0,0.0,4.530612468719482,0.0,3.7733287811279297,0.0,0.06666666666666667,0.0,0.0,0.0,0.48444444444444446,0.0,0.4863950180462048,0.0,0.48444444444444446,0.0,,,0.0,0.0,0.0,0.0,15.0,0.0,15.0,0.0,0.0,0.0,0.0,0.0,,,0.0,0.0
diagnosis_smoke,mixture,synthetic,diagnosis,independent | single_sensor_0 | circuit,,,,,,,,,,,,,,,,,,,,,,,,,,,,,,,,,,,,,,,,,,,1,[11],mixture,,,,,,,,,,,,,,,,,,,,,,,,,,,,,,,,,,,,,,,,,,,,,,,,,,,,,,,,,,,,,,,,,,,,,,,,,,,,,,,,,0.1,0.0,30.0,0.0,4.530612468719482,0.0,3.7733287811279297,0.0,0.06666666666666667,0.0,0.0,0.0,0.48444444444444446,0.0,0.4863950180462048,0.0,0.48444444444444446,0.0,,,0.0,0.0,0.0,0.0,15.0,0.0,15.0,0.0,0.0,0.0,0.0,0.0,,,0.0,0.0
diagnosis_smoke,mixture,synthetic,diagnosis,marginal_max | single_sensor_0 | circuit,,,,,,,,,,,,,,,,,,,,,,,,,,,,,,,,,,,,,,,,,,,1,[11],mixture,,,,,,,,,,,,,,,,,,,,,,,,,,,,,,,,,,,,,,,,,,,,,,,,,,,,,,,,,,,,,,,,,,,,,,,,,,,,,,,,,0.1,0.0,30.0,0.0,4.530612468719482,0.0,3.7733287811279297,0.0,0.06666666666666667,0.0,0.0,0.0,0.48444444444444446,0.0,0.4863950180462048,0.0,0.48444444444444446,0.0,,,0.0,0.0,0.0,0.0,15.0,0.0,15.0,0.0,0.0,0.0,0.0,0.0,,,0.0,0.0
diagnosis_smoke,mixture,synthetic,diagnosis,conditional_max | single_sensor_0 | circuit,,,,,,,,,,,,,,,,,,,,,,,,,,,,,,,,,,,,,,,,,,,1,[11],mixture,,,,,,,,,,,,,,,,,,,,,,,,,,,,,,,,,,,,,,,,,,,,,,,,,,,,,,,,,,,,,,,,,,,,,,,,,,,,,,,,,0.1,0.0,30.0,0.0,4.530612468719482,0.0,3.7733287811279297,0.0,0.06666666666666667,0.0,0.0,0.0,0.48444444444444446,0.0,0.4863950180462048,0.0,0.48444444444444446,0.0,,,0.0,0.0,0.0,0.0,15.0,0.0,15.0,0.0,0.0,0.0,0.0,0.0,,,0.0,0.0
diagnosis_smoke,mixture,synthetic,diagnosis,relational_max | single_sensor_0 | circuit,,,,,,,,,,,,,,,,,,,,,,,,,,,,,,,,,,,,,,,,,,,1,[11],mixture,,,,,,,,,,,,,,,,,,,,,,,,,,,,,,,,,,,,,,,,,,,,,,,,,,,,,,,,,,,,,,,,,,,,,,,,,,,,,,,,,0.1,0.0,30.0,0.0,0.0,0.0,0.0,0.0,0.0,0.0,0.0,0.0,0.5,0.0,0.5,0.0,0.5,0.0,,,0.0,0.0,0.0,0.0,15.0,0.0,15.0,0.0,0.0,0.0,0.0,0.0,,,0.0,0.0
diagnosis_smoke,mixture,synthetic,diagnosis,query single_sensor_0 | known_law_oracle,,,,,,,,,,,,,,,,,,,,,,,,,,,,,,,,,,,,,,,,,,,1,[11],mixture,,,,,,,,,,,0.0,0.0,0.00032049399942479795,0.0,0.0004357620000519091,0.0,30.0,0.0,1.0,0.0,1.0,0.0,1.0,0.0,2.0,0.0,0.0,0.0,0.0,0.0,1.0,0.0,0.0,0.0,0.0,0.0,0.0,0.0,90.0,0.0,0.0,0.0,0.0,0.0,0.0,0.0,0.0,0.0,0.0,0.0,0.0,0.0,,,,,,,,,,,,,,,,,,,,,,,,,,,,,,,,,,,,,,,,,,,,,,,,,,,,,,,,,,,,,,,,
diagnosis_smoke,mixture,synthetic,diagnosis,known-law error single_sensor_0 | known_law_oracle,,,,,,,,,,,,,,,,,,,,,,,,,,,,,,,,,,,,,,,,,,,1,[11],mixture,,,,,,,,,,,,,,,,,,,,,,,,,,,,,,,,,,,,,,,,,,,,,,,,,,,,,0.0,0.0,0.0,0.0,0.0,0.0,0.9999999999999999,0.0,0.0,0.0,0.0,0.0,0.0,0.0,0.9999999999999999,0.0,0.0,0.0,0.0,0.0,0.0,0.0,,,0.0,0.0,0.0,0.0,,,,,,,,,,,,,,,,,,,,,,,,,,,,,,,,,,,,
diagnosis_smoke,mixture,synthetic,diagnosis,joint | single_sensor_0 | known_law_oracle,,,,,,,,,,,,,,,,,,,,,,,,,,,,,,,,,,,,,,,,,,,1,[11],mixture,,,,,,,,,,,,,,,,,,,,,,,,,,,,,,,,,,,,,,,,,,,,,,,,,,,,,,,,,,,,,,,,,,,,,,,,,,,,,,,,,0.1,0.0,30.0,0.0,4.5928971397183895,0.0,2.832157365280544,0.0,0.0,0.0,0.0,0.0,0.4,0.0,0.43655596868402224,0.0,0.4,0.0,,,0.0,0.0,0.0,0.0,15.0,0.0,15.0,0.0,0.0,0.0,0.0,0.0,,,0.0,0.0
diagnosis_smoke,mixture,synthetic,diagnosis,independent | single_sensor_0 | known_law_oracle,,,,,,,,,,,,,,,,,,,,,,,,,,,,,,,,,,,,,,,,,,,1,[11],mixture,,,,,,,,,,,,,,,,,,,,,,,,,,,,,,,,,,,,,,,,,,,,,,,,,,,,,,,,,,,,,,,,,,,,,,,,,,,,,,,,,0.1,0.0,30.0,0.0,4.5928971397183895,0.0,2.832157365280544,0.0,0.0,0.0,0.0,0.0,0.4,0.0,0.43655596868402224,0.0,0.4,0.0,,,0.0,0.0,0.0,0.0,15.0,0.0,15.0,0.0,0.0,0.0,0.0,0.0,,,0.0,0.0
diagnosis_smoke,mixture,synthetic,diagnosis,marginal_max | single_sensor_0 | known_law_oracle,,,,,,,,,,,,,,,,,,,,,,,,,,,,,,,,,,,,,,,,,,,1,[11],mixture,,,,,,,,,,,,,,,,,,,,,,,,,,,,,,,,,,,,,,,,,,,,,,,,,,,,,,,,,,,,,,,,,,,,,,,,,,,,,,,,,0.1,0.0,30.0,0.0,4.5928971397183895,0.0,2.832157365280544,0.0,0.0,0.0,0.0,0.0,0.4,0.0,0.43655596868402224,0.0,0.4,0.0,,,0.0,0.0,0.0,0.0,15.0,0.0,15.0,0.0,0.0,0.0,0.0,0.0,,,0.0,0.0
diagnosis_smoke,mixture,synthetic,diagnosis,conditional_max | single_sensor_0 | known_law_oracle,,,,,,,,,,,,,,,,,,,,,,,,,,,,,,,,,,,,,,,,,,,1,[11],mixture,,,,,,,,,,,,,,,,,,,,,,,,,,,,,,,,,,,,,,,,,,,,,,,,,,,,,,,,,,,,,,,,,,,,,,,,,,,,,,,,,0.1,0.0,30.0,0.0,4.5928971397183895,0.0,2.832157365280544,0.0,0.0,0.0,0.0,0.0,0.4,0.0,0.43655596868402224,0.0,0.4,0.0,,,0.0,0.0,0.0,0.0,15.0,0.0,15.0,0.0,0.0,0.0,0.0,0.0,,,0.0,0.0
diagnosis_smoke,mixture,synthetic,diagnosis,relational_max | single_sensor_0 | known_law_oracle,,,,,,,,,,,,,,,,,,,,,,,,,,,,,,,,,,,,,,,,,,,1,[11],mixture,,,,,,,,,,,,,,,,,,,,,,,,,,,,,,,,,,,,,,,,,,,,,,,,,,,,,,,,,,,,,,,,,,,,,,,,,,,,,,,,,0.1,0.0,30.0,0.0,0.0,0.0,0.0,0.0,0.0,0.0,0.0,0.0,0.5,0.0,0.5,0.0,0.5,0.0,,,0.0,0.0,0.0,0.0,15.0,0.0,15.0,0.0,0.0,0.0,0.0,0.0,,,0.0,0.0
diagnosis_smoke,blocked,synthetic,diagnosis,model,0.0,0.0,12.0,0.0,9.0,0.0,20.0,0.0,41.0,0.0,60.0,0.0,12.0,0.0,3.0,0.0,0.0,0.0,8.746673583984375,0.0,2.0,0.0,0.0,0.0,0.0,0.0,6.0,0.0,1.1355082988739014,0.0,8.668325901031494,0.0,0.05,0.0,3.0,0.0,1.0,0.0,0.0,0.0,32.0,0.0,1,[11],blocked,,,,,,,,,,,,,,,,,,,,,,,,,,,,,,,,,,,,,,,,,,,,,,,,,,,,,,,,,,,,,,,,,,,,,,,,,,,,,,,,,,,,,,,,,,,,,,,,,,,,,,,,,,,,,,,,,,,,
diagnosis_smoke,blocked,synthetic,diagnosis,shortcut audit,,,,,,,,,,,,,,,,,,,,,,,,,,,,,,,,,,,,,,,,,,,1,[11],blocked,0.5644444444444444,0.0,0.0,0.0,30.0,0.0,30.0,0.0,6.0,0.0,,,,,,,,,,,,,,,,,,,,,,,,,,,,,,,,,,,,,,,,,,,,,,,,,,,,,,,,,,,,,,,,,,,,,,,,,,,,,,,,,,,,,,,,,,,,,,,,,,,,,,,,,,
diagnosis_smoke,blocked,synthetic,diagnosis,query full | circuit,,,,,,,,,,,,,,,,,,,,,,,,,,,,,,,,,,,,,,,,,,,1,[11],blocked,,,,,,,,,,,7.152557373046875e-07,0.0,0.0019062219998886576,0.0,0.001844954000262078,0.0,30.0,0.0,3.0,0.0,3.0,0.0,3.0,0.0,3.0,0.0,64.0,0.0,6.0,0.0,1.0,0.0,0.001747,0.0,1920.0,0.0,360.0,0.0,90.0,0.0,720.0,0.0,1.4940898154236493e-06,0.0,1.6848246104927966e-06,0.0,2.5223839656973723e-06,0.0,-6.19888282926695e-07,0.0,5.53131121705519e-06,0.0,,,,,,,,,,,,,,,,,,,,,,,,,,,,,,,,,,,,,,,,,,,,,,,,,,,,,,,,,,,,,,,,
diagnosis_smoke,blocked,synthetic,diagnosis,known-law error full | circuit,,,,,,,,,,,,,,,,,,,,,,,,,,,,,,,,,,,,,,,,,,,1,[11],blocked,,,,,,,,,,,,,,,,,,,,,,,,,,,,,,,,,,,,,,,,,,,,,,,,,,,,,0.5452215330360297,0.0,1.7992374803436535,0.0,11.556230694347928,0.0,0.2037296351539313,0.0,0.22718358224656982,0.0,0.3674881182891002,0.0,1.7272186632624598,0.0,0.899541181149876,0.0,0.31803798257860383,0.0,1.6637463772134853,0.0,12.043557635125751,0.0,0.20609216880756875,0.0,-1.163541913037689,0.0,2.9419791902715287,0.0,,,,,,,,,,,,,,,,,,,,,,,,,,,,,,,,,,,,
diagnosis_smoke,blocked,synthetic,diagnosis,joint | full | circuit,,,,,,,,,,,,,,,,,,,,,,,,,,,,,,,,,,,,,,,,,,,1,[11],blocked,,,,,,,,,,,,,,,,,,,,,,,,,,,,,,,,,,,,,,,,,,,,,,,,,,,,,,,,,,,,,,,,,,,,,,,,,,,,,,,,,0.1,0.0,30.0,0.0,11.10668659210205,0.0,9.158855438232422,0.0,0.2,0.0,0.13333333333333333,0.0,0.5244444444444445,0.0,0.5064743579508689,0.0,0.5244444444444445,0.0,0.5777777777777777,0.0,15.0,0.0,0.0,0.0,0.0,0.0,0.0,0.0,15.0,0.0,13.0,0.0,0.3333333333333333,0.0,0.0,0.0
diagnosis_smoke,blocked,synthetic,diagnosis,independent | full | circuit,,,,,,,,,,,,,,,,,,,,,,,,,,,,,,,,,,,,,,,,,,,1,[11],blocked,,,,,,,,,,,,,,,,,,,,,,,,,,,,,,,,,,,,,,,,,,,,,,,,,,,,,,,,,,,,,,,,,,,,,,,,,,,,,,,,,0.1,0.0,30.0,0.0,11.106689453125,0.0,9.158858299255371,0.0,0.2,0.0,0.13333333333333333,0.0,0.5244444444444445,0.0,0.5064743579508689,0.0,0.5244444444444445,0.0,0.5777777777777777,0.0,15.0,0.0,0.0,0.0,0.0,0.0,0.0,0.0,15.0,0.0,13.0,0.0,0.3333333333333333,0.0,0.0,0.0
diagnosis_smoke,blocked,synthetic,diagnosis,marginal_max | full | circuit,,,,,,,,,,,,,,,,,,,,,,,,,,,,,,,,,,,,,,,,,,,1,[11],blocked,,,,,,,,,,,,,,,,,,,,,,,,,,,,,,,,,,,,,,,,,,,,,,,,,,,,,,,,,,,,,,,,,,,,,,,,,,,,,,,,,0.1,0.0,30.0,0.0,4.525864601135254,0.0,3.674412250518799,0.0,0.2,0.0,0.2,0.0,0.5377777777777778,0.0,0.519358197996129,0.0,0.5377777777777778,0.0,0.5777777777777777,0.0,15.0,0.0,0.0,0.0,0.0,0.0,0.0,0.0,15.0,0.0,12.0,0.0,0.3333333333333333,0.0,0.0,0.0
diagnosis_smoke,blocked,synthetic,diagnosis,conditional_max | full | circuit,,,,,,,,,,,,,,,,,,,,,,,,,,,,,,,,,,,,,,,,,,,1,[11],blocked,,,,,,,,,,,,,,,,,,,,,,,,,,,,,,,,,,,,,,,,,,,,,,,,,,,,,,,,,,,,,,,,,,,,,,,,,,,,,,,,,0.1,0.0,30.0,0.0,4.525864601135254,0.0,3.674400806427002,0.0,0.2,0.0,0.2,0.0,0.5422222222222223,0.0,0.5274352899862644,0.0,0.5422222222222223,0.0,0.5777777777777777,0.0,15.0,0.0,0.0,0.0,0.0,0.0,0.0,0.0,15.0,0.0,12.0,0.0,0.3333333333333333,0.0,0.0,0.0
diagnosis_smoke,blocked,synthetic,diagnosis,relational_max | full | circuit,,,,,,,,,,,,,,,,,,,,,,,,,,,,,,,,,,,,,,,,,,,1,[11],blocked,,,,,,,,,,,,,,,,,,,,,,,,,,,,,,,,,,,,,,,,,,,,,,,,,,,,,,,,,,,,,,,,,,,,,,,,,,,,,,,,,0.1,0.0,30.0,0.0,9.5367431640625e-07,0.0,1.430511474609375e-06,0.0,0.0,0.0,0.0,0.0,0.4822222222222222,0.0,0.4848484848484848,0.0,0.4822222222222222,0.0,0.7222222222222221,0.0,15.0,0.0,0.0,0.0,0.0,0.0,15.0,0.0,0.0,0.0,0.0,0.0,,,0.0,0.0
diagnosis_smoke,blocked,synthetic,diagnosis,query full | known_law_oracle,,,,,,,,,,,,,,,,,,,,,,,,,,,,,,,,,,,,,,,,,,,1,[11],blocked,,,,,,,,,,,0.0,0.0,0.0027498380004544742,0.0,0.0029920830002083676,0.0,30.0,0.0,3.0,0.0,3.0,0.0,3.0,0.0,4.0,0.0,0.0,0.0,0.0,0.0,1.0,0.0,0.0,0.0,0.0,0.0,0.0,0.0,90.0,0.0,0.0,0.0,2.2787781799141884,0.0,2.4629468262432166,0.0,2.07871477068556,0.0,-0.452817509558638,0.0,5.976019072739805,0.0,,,,,,,,,,,,,,,,,,,,,,,,,,,,,,,,,,,,,,,,,,,,,,,,,,,,,,,,,,,,,,,,
diagnosis_smoke,blocked,synthetic,diagnosis,known-law error full | known_law_oracle,,,,,,,,,,,,,,,,,,,,,,,,,,,,,,,,,,,,,,,,,,,1,[11],blocked,,,,,,,,,,,,,,,,,,,,,,,,,,,,,,,,,,,,,,,,,,,,,,,,,,,,,0.0,0.0,0.0,0.0,0.0,0.0,1.0,0.0,0.0,0.0,0.0,0.0,0.0,0.0,1.0,0.0,0.0,0.0,0.0,0.0,0.0,0.0,1.0,0.0,0.0,0.0,0.0,0.0,,,,,,,,,,,,,,,,,,,,,,,,,,,,,,,,,,,,
diagnosis_smoke,blocked,synthetic,diagnosis,joint | full | known_law_oracle,,,,,,,,,,,,,,,,,,,,,,,,,,,,,,,,,,,,,,,,,,,1,[11],blocked,,,,,,,,,,,,,,,,,,,,,,,,,,,,,,,,,,,,,,,,,,,,,,,,,,,,,,,,,,,,,,,,,,,,,,,,,,,,,,,,,0.1,0.0,30.0,0.0,8.174576834461375,0.0,17.850182289083335,0.0,0.06666666666666667,0.0,0.4,0.0,0.7244444444444444,0.0,0.772963880605648,0.0,0.7244444444444444,0.0,0.7222222222222221,0.0,15.0,0.0,0.0,0.0,0.0,0.0,0.0,0.0,15.0,0.0,9.0,0.0,0.4666666666666667,0.0,0.3333333333333333,0.0
diagnosis_smoke,blocked,synthetic,diagnosis,independent | full | known_law_oracle,,,,,,,,,,,,,,,,,,,,,,,,,,,,,,,,,,,,,,,,,,,1,[11],blocked,,,,,,,,,,,,,,,,,,,,,,,,,,,,,,,,,,,,,,,,,,,,,,,,,,,,,,,,,,,,,,,,,,,,,,,,,,,,,,,,,0.1,0.0,30.0,0.0,10.992880073970843,0.0,9.001674709067549,0.0,0.2,0.0,0.06666666666666667,0.0,0.48,0.0,0.49881599051850767,0.0,0.48,0.0,0.5555555555555555,0.0,15.0,0.0,0.0,0.0,0.0,0.0,0.0,0.0,15.0,0.0,14.0,0.0,0.3333333333333333,0.0,0.0,0.0
diagnosis_smoke,blocked,synthetic,diagnosis,marginal_max | full | known_law_oracle,,,,,,,,,,,,,,,,,,,,,,,,,,,,,,,,,,,,,,,,,,,1,[11],blocked,,,,,,,,,,,,,,,,,,,,,,,,,,,,,,,,,,,,,,,,,,,,,,,,,,,,,,,,,,,,,,,,,,,,,,,,,,,,,,,,,0.1,0.0,30.0,0.0,4.5928971397183895,0.0,4.112297633006275,0.0,0.13333333333333333,0.0,0.13333333333333333,0.0,0.46,0.0,0.48558945783058804,0.0,0.46,0.0,0.5555555555555555,0.0,15.0,0.0,0.0,0.0,0.0,0.0,0.0,0.0,15.0,0.0,13.0,0.0,0.3333333333333333,0.0,0.0,0.0
diagnosis_smoke,blocked,synthetic,diagnosis,conditional_max | full | known_law_oracle,,,,,,,,,,,,,,,,,,,,,,,,,,,,,,,,,,,,,,,,,,,1,[11],blocked,,,,,,,,,,,,,,,,,,,,,,,,,,,,,,,,,,,,,,,,,,,,,,,,,,,,,,,,,,,,,,,,,,,,,,,,,,,,,,,,,0.1,0.0,30.0,0.0,4.007040161815089,0.0,13.950632121201613,0.0,0.06666666666666667,0.0,0.4,0.0,0.7955555555555556,0.0,0.8451621588288255,0.0,0.7955555555555556,0.0,0.7222222222222221,0.0,15.0,0.0,0.0,0.0,0.0,0.0,0.0,0.0,15.0,0.0,9.0,0.0,0.4666666666666667,0.0,0.3333333333333333,0.0
diagnosis_smoke,blocked,synthetic,diagnosis,relational_max | full | known_law_oracle,,,,,,,,,,,,,,,,,,,,,,,,,,,,,,,,,,,,,,,,,,,1,[11],blocked,,,,,,,,,,,,,,,,,,,,,,,,,,,,,,,,,,,,,,,,,,,,,,,,,,,,,,,,,,,,,,,,,,,,,,,,,,,,,,,,,0.1,0.0,30.0,0.0,1.715183451550788,0.0,15.137611587162457,0.0,0.06666666666666667,0.0,0.4,0.0,0.8,0.0,0.8432258482258482,0.0,0.8,0.0,0.7888888888888889,0.0,15.0,0.0,0.0,0.0,0.0,0.0,0.0,0.0,15.0,0.0,9.0,0.0,0.6,0.0,0.3333333333333333,0.0
diagnosis_smoke,blocked,synthetic,diagnosis,query random1:0 | circuit,,,,,,,,,,,,,,,,,,,,,,,,,,,,,,,,,,,,,,,,,,,1,[11],blocked,,,,,,,,,,,4.76837158203125e-07,0.0,0.0017897660000016913,0.0,0.0018317429994567647,0.0,30.0,0.0,2.0,0.0,2.0,0.0,2.0,0.0,3.0,0.0,64.0,0.0,6.0,0.0,1.0,0.0,0.001636,0.0,1920.0,0.0,360.0,0.0,90.0,0.0,720.0,0.0,1.62124638336536e-06,0.0,1.8755595192487817e-06,0.0,2.6394561700726626e-06,0.0,-6.19888282926695e-07,0.0,6.198883056640625e-06,0.0,,,,,,,,,,,,,,,,,,,,,,,,,,,,,,,,,,,,,,,,,,,,,,,,,,,,,,,,,,,,,,,,
diagnosis_smoke,blocked,synthetic,diagnosis,known-law error random1:0 | circuit,,,,,,,,,,,,,,,,,,,,,,,,,,,,,,,,,,,,,,,,,,,1,[11],blocked,,,,,,,,,,,,,,,,,,,,,,,,,,,,,,,,,,,,,,,,,,,,,,,,,,,,,1.3756897194551543,0.0,1.4949434033967737,0.0,3.9573014425749484,0.0,0.1536523406824957,0.0,0.2601163105628368,0.0,0.36020457312545495,0.0,1.4067119549455134,0.0,0.9233186857209467,0.0,1.1155734446551044,0.0,1.234808111635815,0.0,3.6687938323297526,0.0,0.821142275686987,0.0,-1.6358060101497762,0.0,1.7148158708290246,0.0,,,,,,,,,,,,,,,,,,,,,,,,,,,,,,,,,,,,
diagnosis_smoke,blocked,synthetic,diagnosis,joint | random1:0 | circuit,,,,,,,,,,,,,,,,,,,,,,,,,,,,,,,,,,,,,,,,,,,1,[11],blocked,,,,,,,,,,,,,,,,,,,,,,,,,,,,,,,,,,,,,,,,,,,,,,,,,,,,,,,,,,,,,,,,,,,,,,,,,,,,,,,,,0.1,0.0,30.0,0.0,7.2924957275390625,0.0,5.897655487060547,0.0,0.2,0.0,0.2,0.0,0.5,0.0,0.5,0.0,0.5,0.0,,,0.0,0.0,15.0,0.0,0.0,0.0,0.0,0.0,0.0,0.0,0.0,0.0,,,0.0,0.0
diagnosis_smoke,blocked,synthetic,diagnosis,independent | random1:0 | circuit,,,,,,,,,,,,,,,,,,,,,,,,,,,,,,,,,,,,,,,,,,,1,[11],blocked,,,,,,,,,,,,,,,,,,,,,,,,,,,,,,,,,,,,,,,,,,,,,,,,,,,,,,,,,,,,,,,,,,,,,,,,,,,,,,,,,0.1,0.0,30.0,0.0,7.292496204376221,0.0,5.897665023803711,0.0,0.2,0.0,0.2,0.0,0.5,0.0,0.5,0.0,0.5,0.0,,,0.0,0.0,15.0,0.0,0.0,0.0,0.0,0.0,0.0,0.0,0.0,0.0,,,0.0,0.0
diagnosis_smoke,blocked,synthetic,diagnosis,marginal_max | random1:0 | circuit,,,,,,,,,,,,,,,,,,,,,,,,,,,,,,,,,,,,,,,,,,,1,[11],blocked,,,,,,,,,,,,,,,,,,,,,,,,,,,,,,,,,,,,,,,,,,,,,,,,,,,,,,,,,,,,,,,,,,,,,,,,,,,,,,,,,0.1,0.0,30.0,0.0,4.084659576416016,0.0,3.674412250518799,0.0,0.26666666666666666,0.0,0.26666666666666666,0.0,0.5,0.0,0.5,0.0,0.5,0.0,,,0.0,0.0,15.0,0.0,0.0,0.0,0.0,0.0,0.0,0.0,0.0,0.0,,,0.0,0.0
diagnosis_smoke,blocked,synthetic,diagnosis,conditional_max | random1:0 | circuit,,,,,,,,,,,,,,,,,,,,,,,,,,,,,,,,,,,,,,,,,,,1,[11],blocked,,,,,,,,,,,,,,,,,,,,,,,,,,,,,,,,,,,,,,,,,,,,,,,,,,,,,,,,,,,,,,,,,,,,,,,,,,,,,,,,,0.1,0.0,30.0,0.0,4.084657192230225,0.0,3.674403190612793,0.0,0.26666666666666666,0.0,0.26666666666666666,0.0,0.5,0.0,0.5,0.0,0.5,0.0,,,0.0,0.0,15.0,0.0,0.0,0.0,0.0,0.0,0.0,0.0,0.0,0.0,,,0.0,0.0
diagnosis_smoke,blocked,synthetic,diagnosis,relational_max | random1:0 | circuit,,,,,,,,,,,,,,,,,,,,,,,,,,,,,,,,,,,,,,,,,,,1,[11],blocked,,,,,,,,,,,,,,,,,,,,,,,,,,,,,,,,,,,,,,,,,,,,,,,,,,,,,,,,,,,,,,,,,,,,,,,,,,,,,,,,,0.1,0.0,30.0,0.0,0.0,0.0,1.049041748046875e-05,0.0,0.2,0.0,0.2,0.0,0.5,0.0,0.5,0.0,0.5,0.0,,,0.0,0.0,15.0,0.0,0.0,0.0,0.0,0.0,0.0,0.0,0.0,0.0,,,0.0,0.0
diagnosis_smoke,blocked,synthetic,diagnosis,query random1:0 | known_law_oracle,,,,,,,,,,,,,,,,,,,,,,,,,,,,,,,,,,,,,,,,,,,1,[11],blocked,,,,,,,,,,,0.0,0.0,0.0019526639998730388,0.0,0.0021917780004514498,0.0,30.0,0.0,2.0,0.0,2.0,0.0,2.0,0.0,3.0,0.0,0.0,0.0,0.0,0.0,1.0,0.0,0.0,0.0,0.0,0.0,0.0,0.0,90.0,0.0,0.0,0.0,1.1155750659014425,0.0,1.234809828249585,0.0,1.1605404895344638,0.0,-0.2967721990967604,0.0,2.9406760104973735,0.0,,,,,,,,,,,,,,,,,,,,,,,,,,,,,,,,,,,,,,,,,,,,,,,,,,,,,,,,,,,,,,,,
diagnosis_smoke,blocked,synthetic,diagnosis,known-law error random1:0 | known_law_oracle,,,,,,,,,,,,,,,,,,,,,,,,,,,,,,,,,,,,,,,,,,,1,[11],blocked,,,,,,,,,,,,,,,,,,,,,,,,,,,,,,,,,,,,,,,,,,,,,,,,,,,,,0.0,0.0,0.0,0.0,0.0,0.0,0.9999999999999999,0.0,0.0,0.0,0.0,0.0,0.0,0.0,1.0,0.0,0.0,0.0,0.0,0.0,0.0,0.0,1.0,0.0,0.0,0.0,0.0,0.0,,,,,,,,,,,,,,,,,,,,,,,,,,,,,,,,,,,,
diagnosis_smoke,blocked,synthetic,diagnosis,joint | random1:0 | known_law_oracle,,,,,,,,,,,,,,,,,,,,,,,,,,,,,,,,,,,,,,,,,,,1,[11],blocked,,,,,,,,,,,,,,,,,,,,,,,,,,,,,,,,,,,,,,,,,,,,,,,,,,,,,,,,,,,,,,,,,,,,,,,,,,,,,,,,,0.1,0.0,30.0,0.0,7.116230464044952,0.0,4.080112582042755,0.0,0.06666666666666667,0.0,0.06666666666666667,0.0,0.5,0.0,0.5,0.0,0.5,0.0,,,0.0,0.0,15.0,0.0,0.0,0.0,0.0,0.0,0.0,0.0,0.0,0.0,,,0.0,0.0
diagnosis_smoke,blocked,synthetic,diagnosis,independent | random1:0 | known_law_oracle,,,,,,,,,,,,,,,,,,,,,,,,,,,,,,,,,,,,,,,,,,,1,[11],blocked,,,,,,,,,,,,,,,,,,,,,,,,,,,,,,,,,,,,,,,,,,,,,,,,,,,,,,,,,,,,,,,,,,,,,,,,,,,,,,,,,0.1,0.0,30.0,0.0,6.966322716303916,0.0,7.05367450929741,0.0,0.2,0.0,0.2,0.0,0.5,0.0,0.5,0.0,0.5,0.0,,,0.0,0.0,15.0,0.0,0.0,0.0,0.0,0.0,0.0,0.0,0.0,0.0,,,0.0,0.0
diagnosis_smoke,blocked,synthetic,diagnosis,marginal_max | random1:0 | known_law_oracle,,,,,,,,,,,,,,,,,,,,,,,,,,,,,,,,,,,,,,,,,,,1,[11],blocked,,,,,,,,,,,,,,,,,,,,,,,,,,,,,,,,,,,,,,,,,,,,,,,,,,,,,,,,,,,,,,,,,,,,,,,,,,,,,,,,,0.1,0.0,30.0,0.0,4.15048219710894,0.0,4.112297633006275,0.0,0.13333333333333333,0.0,0.13333333333333333,0.0,0.5,0.0,0.5,0.0,0.5,0.0,,,0.0,0.0,15.0,0.0,0.0,0.0,0.0,0.0,0.0,0.0,0.0,0.0,,,0.0,0.0
diagnosis_smoke,blocked,synthetic,diagnosis,conditional_max | random1:0 | known_law_oracle,,,,,,,,,,,,,,,,,,,,,,,,,,,,,,,,,,,,,,,,,,,1,[11],blocked,,,,,,,,,,,,,,,,,,,,,,,,,,,,,,,,,,,,,,,,,,,,,,,,,,,,,,,,,,,,,,,,,,,,,,,,,,,,,,,,,0.1,0.0,30.0,0.0,3.871229416967211,0.0,2.351769974641956,0.0,0.0,0.0,0.0,0.0,0.5,0.0,0.5,0.0,0.5,0.0,,,0.0,0.0,15.0,0.0,0.0,0.0,0.0,0.0,0.0,0.0,0.0,0.0,,,0.0,0.0
diagnosis_smoke,blocked,synthetic,diagnosis,relational_max | random1:0 | known_law_oracle,,,,,,,,,,,,,,,,,,,,,,,,,,,,,,,,,,,,,,,,,,,1,[11],blocked,,,,,,,,,,,,,,,,,,,,,,,,,,,,,,,,,,,,,,,,,,,,,,,,,,,,,,,,,,,,,,,,,,,,,,,,,,,,,,,,,0.1,0.0,30.0,0.0,1.4622914651738665,0.0,4.44966008215366,0.0,0.0,0.0,0.0,0.0,0.5,0.0,0.5,0.0,0.5,0.0,,,0.0,0.0,15.0,0.0,0.0,0.0,0.0,0.0,0.0,0.0,0.0,0.0,,,0.0,0.0
diagnosis_smoke,blocked,synthetic,diagnosis,query bank0:0 | circuit,,,,,,,,,,,,,,,,,,,,,,,,,,,,,,,,,,,,,,,,,,,1,[11],blocked,,,,,,,,,,,4.76837158203125e-07,0.0,0.0018358800007263198,0.0,0.0018542790003266418,0.0,30.0,0.0,2.0,0.0,2.0,0.0,2.0,0.0,3.0,0.0,64.0,0.0,6.0,0.0,1.0,0.0,0.001681,0.0,1920.0,0.0,360.0,0.0,90.0,0.0,720.0,0.0,1.62124638336536e-06,0.0,1.8755595192487817e-06,0.0,2.6394561700726626e-06,0.0,-6.19888282926695e-07,0.0,6.198883056640625e-06,0.0,,,,,,,,,,,,,,,,,,,,,,,,,,,,,,,,,,,,,,,,,,,,,,,,,,,,,,,,,,,,,,,,
diagnosis_smoke,blocked,synthetic,diagnosis,known-law error bank0:0 | circuit,,,,,,,,,,,,,,,,,,,,,,,,,,,,,,,,,,,,,,,,,,,1,[11],blocked,,,,,,,,,,,,,,,,,,,,,,,,,,,,,,,,,,,,,,,,,,,,,,,,,,,,,1.3756897194551543,0.0,1.4949434033967737,0.0,3.9573014425749484,0.0,0.1536523406824957,0.0,0.2601163105628368,0.0,0.36020457312545495,0.0,1.4067119549455134,0.0,0.9233186857209467,0.0,1.1155734446551044,0.0,1.234808111635815,0.0,3.6687938323297526,0.0,0.821142275686987,0.0,-1.6358060101497762,0.0,1.7148158708290246,0.0,,,,,,,,,,,,,,,,,,,,,,,,,,,,,,,,,,,,
diagnosis_smoke,blocked,synthetic,diagnosis,joint | bank0:0 | circuit,,,,,,,,,,,,,,,,,,,,,,,,,,,,,,,,,,,,,,,,,,,1,[11],blocked,,,,,,,,,,,,,,,,,,,,,,,,,,,,,,,,,,,,,,,,,,,,,,,,,,,,,,,,,,,,,,,,,,,,,,,,,,,,,,,,,0.1,0.0,30.0,0.0,7.2924957275390625,0.0,5.897655487060547,0.0,0.2,0.0,0.2,0.0,0.5,0.0,0.5,0.0,0.5,0.0,,,0.0,0.0,15.0,0.0,0.0,0.0,0.0,0.0,0.0,0.0,0.0,0.0,,,0.0,0.0
diagnosis_smoke,blocked,synthetic,diagnosis,independent | bank0:0 | circuit,,,,,,,,,,,,,,,,,,,,,,,,,,,,,,,,,,,,,,,,,,,1,[11],blocked,,,,,,,,,,,,,,,,,,,,,,,,,,,,,,,,,,,,,,,,,,,,,,,,,,,,,,,,,,,,,,,,,,,,,,,,,,,,,,,,,0.1,0.0,30.0,0.0,7.292496204376221,0.0,5.897665023803711,0.0,0.2,0.0,0.2,0.0,0.5,0.0,0.5,0.0,0.5,0.0,,,0.0,0.0,15.0,0.0,0.0,0.0,0.0,0.0,0.0,0.0,0.0,0.0,,,0.0,0.0
diagnosis_smoke,blocked,synthetic,diagnosis,marginal_max | bank0:0 | circuit,,,,,,,,,,,,,,,,,,,,,,,,,,,,,,,,,,,,,,,,,,,1,[11],blocked,,,,,,,,,,,,,,,,,,,,,,,,,,,,,,,,,,,,,,,,,,,,,,,,,,,,,,,,,,,,,,,,,,,,,,,,,,,,,,,,,0.1,0.0,30.0,0.0,4.084659576416016,0.0,3.674412250518799,0.0,0.26666666666666666,0.0,0.26666666666666666,0.0,0.5,0.0,0.5,0.0,0.5,0.0,,,0.0,0.0,15.0,0.0,0.0,0.0,0.0,0.0,0.0,0.0,0.0,0.0,,,0.0,0.0
diagnosis_smoke,blocked,synthetic,diagnosis,conditional_max | bank0:0 | circuit,,,,,,,,,,,,,,,,,,,,,,,,,,,,,,,,,,,,,,,,,,,1,[11],blocked,,,,,,,,,,,,,,,,,,,,,,,,,,,,,,,,,,,,,,,,,,,,,,,,,,,,,,,,,,,,,,,,,,,,,,,,,,,,,,,,,0.1,0.0,30.0,0.0,4.084657192230225,0.0,3.674403190612793,0.0,0.26666666666666666,0.0,0.26666666666666666,0.0,0.5,0.0,0.5,0.0,0.5,0.0,,,0.0,0.0,15.0,0.0,0.0,0.0,0.0,0.0,0.0,0.0,0.0,0.0,,,0.0,0.0
diagnosis_smoke,blocked,synthetic,diagnosis,relational_max | bank0:0 | circuit,,,,,,,,,,,,,,,,,,,,,,,,,,,,,,,,,,,,,,,,,,,1,[11],blocked,,,,,,,,,,,,,,,,,,,,,,,,,,,,,,,,,,,,,,,,,,,,,,,,,,,,,,,,,,,,,,,,,,,,,,,,,,,,,,,,,0.1,0.0,30.0,0.0,0.0,0.0,1.049041748046875e-05,0.0,0.2,0.0,0.2,0.0,0.5,0.0,0.5,0.0,0.5,0.0,,,0.0,0.0,15.0,0.0,0.0,0.0,0.0,0.0,0.0,0.0,0.0,0.0,,,0.0,0.0
diagnosis_smoke,blocked,synthetic,diagnosis,query bank0:0 | known_law_oracle,,,,,,,,,,,,,,,,,,,,,,,,,,,,,,,,,,,,,,,,,,,1,[11],blocked,,,,,,,,,,,0.0,0.0,0.0006873689999338239,0.0,0.0008468240002912353,0.0,30.0,0.0,2.0,0.0,2.0,0.0,2.0,0.0,3.0,0.0,0.0,0.0,0.0,0.0,1.0,0.0,0.0,0.0,0.0,0.0,0.0,0.0,90.0,0.0,0.0,0.0,1.1155750659014425,0.0,1.234809828249585,0.0,1.1605404895344638,0.0,-0.2967721990967604,0.0,2.9406760104973735,0.0,,,,,,,,,,,,,,,,,,,,,,,,,,,,,,,,,,,,,,,,,,,,,,,,,,,,,,,,,,,,,,,,
diagnosis_smoke,blocked,synthetic,diagnosis,known-law error bank0:0 | known_law_oracle,,,,,,,,,,,,,,,,,,,,,,,,,,,,,,,,,,,,,,,,,,,1,[11],blocked,,,,,,,,,,,,,,,,,,,,,,,,,,,,,,,,,,,,,,,,,,,,,,,,,,,,,0.0,0.0,0.0,0.0,0.0,0.0,0.9999999999999999,0.0,0.0,0.0,0.0,0.0,0.0,0.0,1.0,0.0,0.0,0.0,0.0,0.0,0.0,0.0,1.0,0.0,0.0,0.0,0.0,0.0,,,,,,,,,,,,,,,,,,,,,,,,,,,,,,,,,,,,
diagnosis_smoke,blocked,synthetic,diagnosis,joint | bank0:0 | known_law_oracle,,,,,,,,,,,,,,,,,,,,,,,,,,,,,,,,,,,,,,,,,,,1,[11],blocked,,,,,,,,,,,,,,,,,,,,,,,,,,,,,,,,,,,,,,,,,,,,,,,,,,,,,,,,,,,,,,,,,,,,,,,,,,,,,,,,,0.1,0.0,30.0,0.0,7.116230464044952,0.0,4.080112582042755,0.0,0.06666666666666667,0.0,0.06666666666666667,0.0,0.5,0.0,0.5,0.0,0.5,0.0,,,0.0,0.0,15.0,0.0,0.0,0.0,0.0,0.0,0.0,0.0,0.0,0.0,,,0.0,0.0
diagnosis_smoke,blocked,synthetic,diagnosis,independent | bank0:0 | known_law_oracle,,,,,,,,,,,,,,,,,,,,,,,,,,,,,,,,,,,,,,,,,,,1,[11],blocked,,,,,,,,,,,,,,,,,,,,,,,,,,,,,,,,,,,,,,,,,,,,,,,,,,,,,,,,,,,,,,,,,,,,,,,,,,,,,,,,,0.1,0.0,30.0,0.0,6.966322716303916,0.0,7.05367450929741,0.0,0.2,0.0,0.2,0.0,0.5,0.0,0.5,0.0,0.5,0.0,,,0.0,0.0,15.0,0.0,0.0,0.0,0.0,0.0,0.0,0.0,0.0,0.0,,,0.0,0.0
diagnosis_smoke,blocked,synthetic,diagnosis,marginal_max | bank0:0 | known_law_oracle,,,,,,,,,,,,,,,,,,,,,,,,,,,,,,,,,,,,,,,,,,,1,[11],blocked,,,,,,,,,,,,,,,,,,,,,,,,,,,,,,,,,,,,,,,,,,,,,,,,,,,,,,,,,,,,,,,,,,,,,,,,,,,,,,,,,0.1,0.0,30.0,0.0,4.15048219710894,0.0,4.112297633006275,0.0,0.13333333333333333,0.0,0.13333333333333333,0.0,0.5,0.0,0.5,0.0,0.5,0.0,,,0.0,0.0,15.0,0.0,0.0,0.0,0.0,0.0,0.0,0.0,0.0,0.0,,,0.0,0.0
diagnosis_smoke,blocked,synthetic,diagnosis,conditional_max | bank0:0 | known_law_oracle,,,,,,,,,,,,,,,,,,,,,,,,,,,,,,,,,,,,,,,,,,,1,[11],blocked,,,,,,,,,,,,,,,,,,,,,,,,,,,,,,,,,,,,,,,,,,,,,,,,,,,,,,,,,,,,,,,,,,,,,,,,,,,,,,,,,0.1,0.0,30.0,0.0,3.871229416967211,0.0,2.351769974641956,0.0,0.0,0.0,0.0,0.0,0.5,0.0,0.5,0.0,0.5,0.0,,,0.0,0.0,15.0,0.0,0.0,0.0,0.0,0.0,0.0,0.0,0.0,0.0,,,0.0,0.0
diagnosis_smoke,blocked,synthetic,diagnosis,relational_max | bank0:0 | known_law_oracle,,,,,,,,,,,,,,,,,,,,,,,,,,,,,,,,,,,,,,,,,,,1,[11],blocked,,,,,,,,,,,,,,,,,,,,,,,,,,,,,,,,,,,,,,,,,,,,,,,,,,,,,,,,,,,,,,,,,,,,,,,,,,,,,,,,,0.1,0.0,30.0,0.0,1.4622914651738665,0.0,4.44966008215366,0.0,0.0,0.0,0.0,0.0,0.5,0.0,0.5,0.0,0.5,0.0,,,0.0,0.0,15.0,0.0,0.0,0.0,0.0,0.0,0.0,0.0,0.0,0.0,,,0.0,0.0
diagnosis_smoke,blocked,synthetic,diagnosis,query single_sensor_0 | circuit,,,,,,,,,,,,,,,,,,,,,,,,,,,,,,,,,,,,,,,,,,,1,[11],blocked,,,,,,,,,,,3.5762786865234375e-07,0.0,0.001837808999880508,0.0,0.001858042999629106,0.0,30.0,0.0,1.0,0.0,1.0,0.0,1.0,0.0,3.0,0.0,64.0,0.0,6.0,0.0,1.0,0.0,0.001684,0.0,1920.0,0.0,360.0,0.0,90.0,0.0,720.0,0.0,-5.563100202721216e-08,0.0,1.033147185580674e-07,0.0,1.6783643275175564e-07,0.0,-3.099441414633475e-07,0.0,1.5497207073167374e-07,0.0,,,,,,,,,,,,,,,,,,,,,,,,,,,,,,,,,,,,,,,,,,,,,,,,,,,,,,,,,,,,,,,,
diagnosis_smoke,blocked,synthetic,diagnosis,known-law error single_sensor_0 | circuit,,,,,,,,,,,,,,,,,,,,,,,,,,,,,,,,,,,,,,,,,,,1,[11],blocked,,,,,,,,,,,,,,,,,,,,,,,,,,,,,,,,,,,,,,,,,,,,,,,,,,,,,0.16131812561403597,0.0,0.382055208616391,0.0,1.7272186632624598,0.0,0.8111383925170838,0.0,0.16131812561403597,0.0,0.382055208616391,0.0,1.7272186632624598,0.0,0.8111383925170838,0.0,0.0,0.0,0.0,0.0,0.0,0.0,,,-0.16131815740317984,0.0,0.3820552245109629,0.0,,,,,,,,,,,,,,,,,,,,,,,,,,,,,,,,,,,,
diagnosis_smoke,blocked,synthetic,diagnosis,joint | single_sensor_0 | circuit,,,,,,,,,,,,,,,,,,,,,,,,,,,,,,,,,,,,,,,,,,,1,[11],blocked,,,,,,,,,,,,,,,,,,,,,,,,,,,,,,,,,,,,,,,,,,,,,,,,,,,,,,,,,,,,,,,,,,,,,,,,,,,,,,,,,0.1,0.0,30.0,0.0,4.525864601135254,0.0,3.765284538269043,0.0,0.06666666666666667,0.0,0.0,0.0,0.48444444444444446,0.0,0.4863950180462048,0.0,0.48444444444444446,0.0,,,0.0,0.0,0.0,0.0,15.0,0.0,15.0,0.0,0.0,0.0,0.0,0.0,,,0.0,0.0
diagnosis_smoke,blocked,synthetic,diagnosis,independent | single_sensor_0 | circuit,,,,,,,,,,,,,,,,,,,,,,,,,,,,,,,,,,,,,,,,,,,1,[11],blocked,,,,,,,,,,,,,,,,,,,,,,,,,,,,,,,,,,,,,,,,,,,,,,,,,,,,,,,,,,,,,,,,,,,,,,,,,,,,,,,,,0.1,0.0,30.0,0.0,4.525864601135254,0.0,3.765284538269043,0.0,0.06666666666666667,0.0,0.0,0.0,0.48444444444444446,0.0,0.4863950180462048,0.0,0.48444444444444446,0.0,,,0.0,0.0,0.0,0.0,15.0,0.0,15.0,0.0,0.0,0.0,0.0,0.0,,,0.0,0.0
diagnosis_smoke,blocked,synthetic,diagnosis,marginal_max | single_sensor_0 | circuit,,,,,,,,,,,,,,,,,,,,,,,,,,,,,,,,,,,,,,,,,,,1,[11],blocked,,,,,,,,,,,,,,,,,,,,,,,,,,,,,,,,,,,,,,,,,,,,,,,,,,,,,,,,,,,,,,,,,,,,,,,,,,,,,,,,,0.1,0.0,30.0,0.0,4.525864601135254,0.0,3.765284538269043,0.0,0.06666666666666667,0.0,0.0,0.0,0.48444444444444446,0.0,0.4863950180462048,0.0,0.48444444444444446,0.0,,,0.0,0.0,0.0,0.0,15.0,0.0,15.0,0.0,0.0,0.0,0.0,0.0,,,0.0,0.0
diagnosis_smoke,blocked,synthetic,diagnosis,conditional_max | single_sensor_0 | circuit,,,,,,,,,,,,,,,,,,,,,,,,,,,,,,,,,,,,,,,,,,,1,[11],blocked,,,,,,,,,,,,,,,,,,,,,,,,,,,,,,,,,,,,,,,,,,,,,,,,,,,,,,,,,,,,,,,,,,,,,,,,,,,,,,,,,0.1,0.0,30.0,0.0,4.525864601135254,0.0,3.765284538269043,0.0,0.06666666666666667,0.0,0.0,0.0,0.48444444444444446,0.0,0.4863950180462048,0.0,0.48444444444444446,0.0,,,0.0,0.0,0.0,0.0,15.0,0.0,15.0,0.0,0.0,0.0,0.0,0.0,,,0.0,0.0
diagnosis_smoke,blocked,synthetic,diagnosis,relational_max | single_sensor_0 | circuit,,,,,,,,,,,,,,,,,,,,,,,,,,,,,,,,,,,,,,,,,,,1,[11],blocked,,,,,,,,,,,,,,,,,,,,,,,,,,,,,,,,,,,,,,,,,,,,,,,,,,,,,,,,,,,,,,,,,,,,,,,,,,,,,,,,,0.1,0.0,30.0,0.0,0.0,0.0,0.0,0.0,0.0,0.0,0.0,0.0,0.5,0.0,0.5,0.0,0.5,0.0,,,0.0,0.0,0.0,0.0,15.0,0.0,15.0,0.0,0.0,0.0,0.0,0.0,,,0.0,0.0
diagnosis_smoke,blocked,synthetic,diagnosis,query single_sensor_0 | known_law_oracle,,,,,,,,,,,,,,,,,,,,,,,,,,,,,,,,,,,,,,,,,,,1,[11],blocked,,,,,,,,,,,0.0,0.0,0.0003103440003542346,0.0,0.0004299970005376963,0.0,30.0,0.0,1.0,0.0,1.0,0.0,1.0,0.0,2.0,0.0,0.0,0.0,0.0,0.0,1.0,0.0,0.0,0.0,0.0,0.0,0.0,0.0,90.0,0.0,0.0,0.0,0.0,0.0,0.0,0.0,0.0,0.0,0.0,0.0,0.0,0.0,,,,,,,,,,,,,,,,,,,,,,,,,,,,,,,,,,,,,,,,,,,,,,,,,,,,,,,,,,,,,,,,
diagnosis_smoke,blocked,synthetic,diagnosis,known-law error single_sensor_0 | known_law_oracle,,,,,,,,,,,,,,,,,,,,,,,,,,,,,,,,,,,,,,,,,,,1,[11],blocked,,,,,,,,,,,,,,,,,,,,,,,,,,,,,,,,,,,,,,,,,,,,,,,,,,,,,0.0,0.0,0.0,0.0,0.0,0.0,0.9999999999999999,0.0,0.0,0.0,0.0,0.0,0.0,0.0,0.9999999999999999,0.0,0.0,0.0,0.0,0.0,0.0,0.0,,,0.0,0.0,0.0,0.0,,,,,,,,,,,,,,,,,,,,,,,,,,,,,,,,,,,,
diagnosis_smoke,blocked,synthetic,diagnosis,joint | single_sensor_0 | known_law_oracle,,,,,,,,,,,,,,,,,,,,,,,,,,,,,,,,,,,,,,,,,,,1,[11],blocked,,,,,,,,,,,,,,,,,,,,,,,,,,,,,,,,,,,,,,,,,,,,,,,,,,,,,,,,,,,,,,,,,,,,,,,,,,,,,,,,,0.1,0.0,30.0,0.0,4.5928971397183895,0.0,2.832157365280544,0.0,0.0,0.0,0.0,0.0,0.4,0.0,0.43655596868402224,0.0,0.4,0.0,,,0.0,0.0,0.0,0.0,15.0,0.0,15.0,0.0,0.0,0.0,0.0,0.0,,,0.0,0.0
diagnosis_smoke,blocked,synthetic,diagnosis,independent | single_sensor_0 | known_law_oracle,,,,,,,,,,,,,,,,,,,,,,,,,,,,,,,,,,,,,,,,,,,1,[11],blocked,,,,,,,,,,,,,,,,,,,,,,,,,,,,,,,,,,,,,,,,,,,,,,,,,,,,,,,,,,,,,,,,,,,,,,,,,,,,,,,,,0.1,0.0,30.0,0.0,4.5928971397183895,0.0,2.832157365280544,0.0,0.0,0.0,0.0,0.0,0.4,0.0,0.43655596868402224,0.0,0.4,0.0,,,0.0,0.0,0.0,0.0,15.0,0.0,15.0,0.0,0.0,0.0,0.0,0.0,,,0.0,0.0
diagnosis_smoke,blocked,synthetic,diagnosis,marginal_max | single_sensor_0 | known_law_oracle,,,,,,,,,,,,,,,,,,,,,,,,,,,,,,,,,,,,,,,,,,,1,[11],blocked,,,,,,,,,,,,,,,,,,,,,,,,,,,,,,,,,,,,,,,,,,,,,,,,,,,,,,,,,,,,,,,,,,,,,,,,,,,,,,,,,0.1,0.0,30.0,0.0,4.5928971397183895,0.0,2.832157365280544,0.0,0.0,0.0,0.0,0.0,0.4,0.0,0.43655596868402224,0.0,0.4,0.0,,,0.0,0.0,0.0,0.0,15.0,0.0,15.0,0.0,0.0,0.0,0.0,0.0,,,0.0,0.0
diagnosis_smoke,blocked,synthetic,diagnosis,conditional_max | single_sensor_0 | known_law_oracle,,,,,,,,,,,,,,,,,,,,,,,,,,,,,,,,,,,,,,,,,,,1,[11],blocked,,,,,,,,,,,,,,,,,,,,,,,,,,,,,,,,,,,,,,,,,,,,,,,,,,,,,,,,,,,,,,,,,,,,,,,,,,,,,,,,,0.1,0.0,30.0,0.0,4.5928971397183895,0.0,2.832157365280544,0.0,0.0,0.0,0.0,0.0,0.4,0.0,0.43655596868402224,0.0,0.4,0.0,,,0.0,0.0,0.0,0.0,15.0,0.0,15.0,0.0,0.0,0.0,0.0,0.0,,,0.0,0.0
diagnosis_smoke,blocked,synthetic,diagnosis,relational_max | single_sensor_0 | known_law_oracle,,,,,,,,,,,,,,,,,,,,,,,,,,,,,,,,,,,,,,,,,,,1,[11],blocked,,,,,,,,,,,,,,,,,,,,,,,,,,,,,,,,,,,,,,,,,,,,,,,,,,,,,,,,,,,,,,,,,,,,,,,,,,,,,,,,,0.1,0.0,30.0,0.0,0.0,0.0,0.0,0.0,0.0,0.0,0.0,0.0,0.5,0.0,0.5,0.0,0.5,0.0,,,0.0,0.0,0.0,0.0,15.0,0.0,15.0,0.0,0.0,0.0,0.0,0.0,,,0.0,0.0
diagnosis_smoke,upper_capacity,synthetic,diagnosis,model,0.0,0.0,12.0,0.0,14.0,0.0,33.0,0.0,59.0,0.0,108.0,0.0,12.0,0.0,3.0,0.0,0.0,0.0,8.742393493652344,0.0,2.0,0.0,0.0,0.0,0.0,0.0,6.0,0.0,0.043810367584228516,0.0,8.66894817352295,0.0,0.05,0.0,3.0,0.0,1.0,0.0,0.0,0.0,32.0,0.0,1,[11],upper_capacity,,,,,,,,,,,,,,,,,,,,,,,,,,,,,,,,,,,,,,,,,,,,,,,,,,,,,,,,,,,,,,,,,,,,,,,,,,,,,,,,,,,,,,,,,,,,,,,,,,,,,,,,,,,,,,,,,,,,
diagnosis_smoke,upper_capacity,synthetic,diagnosis,shortcut audit,,,,,,,,,,,,,,,,,,,,,,,,,,,,,,,,,,,,,,,,,,,1,[11],upper_capacity,0.5644444444444444,0.0,0.0,0.0,30.0,0.0,30.0,0.0,6.0,0.0,,,,,,,,,,,,,,,,,,,,,,,,,,,,,,,,,,,,,,,,,,,,,,,,,,,,,,,,,,,,,,,,,,,,,,,,,,,,,,,,,,,,,,,,,,,,,,,,,,,,,,,,,,
diagnosis_smoke,upper_capacity,synthetic,diagnosis,query full | circuit,,,,,,,,,,,,,,,,,,,,,,,,,,,,,,,,,,,,,,,,,,,1,[11],upper_capacity,,,,,,,,,,,9.5367431640625e-07,0.0,0.00272397800017643,0.0,0.002772480000203359,0.0,30.0,0.0,3.0,0.0,3.0,0.0,3.0,0.0,3.0,0.0,103.0,0.0,9.0,0.0,1.0,0.0,0.002558,0.0,3090.0,0.0,540.0,0.0,90.0,0.0,1080.0,0.0,-7.947285666887183e-06,0.0,1.1698404705384746e-05,0.0,2.2420923414756544e-05,0.0,-4.043579247081652e-05,0.0,6.628036317124497e-06,0.0,,,,,,,,,,,,,,,,,,,,,,,,,,,,,,,,,,,,,,,,,,,,,,,,,,,,,,,,,,,,,,,,
diagnosis_smoke,upper_capacity,synthetic,diagnosis,known-law error full | circuit,,,,,,,,,,,,,,,,,,,,,,,,,,,,,,,,,,,,,,,,,,,1,[11],upper_capacity,,,,,,,,,,,,,,,,,,,,,,,,,,,,,,,,,,,,,,,,,,,,,,,,,,,,,0.5446165379442736,0.0,1.7986347422811129,0.0,11.559807926708768,0.0,0.20406028884104926,0.0,0.22657648244857925,0.0,0.3673280904142596,0.0,1.7289967890253992,0.0,0.9003669941546137,0.0,0.3180400329783841,0.0,1.6637490316069994,0.0,12.043490877923603,0.0,0.0007622255548884434,0.0,-1.161723780637176,0.0,2.939521237772139,0.0,,,,,,,,,,,,,,,,,,,,,,,,,,,,,,,,,,,,
diagnosis_smoke,upper_capacity,synthetic,diagnosis,joint | full | circuit,,,,,,,,,,,,,,,,,,,,,,,,,,,,,,,,,,,,,,,,,,,1,[11],upper_capacity,,,,,,,,,,,,,,,,,,,,,,,,,,,,,,,,,,,,,,,,,,,,,,,,,,,,,,,,,,,,,,,,,,,,,,,,,,,,,,,,,0.1,0.0,30.0,0.0,11.101512908935547,0.0,9.177804946899414,0.0,0.2,0.0,0.13333333333333333,0.0,0.5288888888888889,0.0,0.5082203896969006,0.0,0.5288888888888889,0.0,0.5777777777777777,0.0,15.0,0.0,0.0,0.0,0.0,0.0,0.0,0.0,15.0,0.0,13.0,0.0,0.3333333333333333,0.0,0.0,0.0
diagnosis_smoke,upper_capacity,synthetic,diagnosis,independent | full | circuit,,,,,,,,,,,,,,,,,,,,,,,,,,,,,,,,,,,,,,,,,,,1,[11],upper_capacity,,,,,,,,,,,,,,,,,,,,,,,,,,,,,,,,,,,,,,,,,,,,,,,,,,,,,,,,,,,,,,,,,,,,,,,,,,,,,,,,,0.1,0.0,30.0,0.0,11.10151481628418,0.0,9.177719116210938,0.0,0.2,0.0,0.13333333333333333,0.0,0.5288888888888889,0.0,0.5082203896969006,0.0,0.5288888888888889,0.0,0.5777777777777777,0.0,15.0,0.0,0.0,0.0,0.0,0.0,0.0,0.0,15.0,0.0,13.0,0.0,0.3333333333333333,0.0,0.0,0.0
diagnosis_smoke,upper_capacity,synthetic,diagnosis,marginal_max | full | circuit,,,,,,,,,,,,,,,,,,,,,,,,,,,,,,,,,,,,,,,,,,,1,[11],upper_capacity,,,,,,,,,,,,,,,,,,,,,,,,,,,,,,,,,,,,,,,,,,,,,,,,,,,,,,,,,,,,,,,,,,,,,,,,,,,,,,,,,0.1,0.0,30.0,0.0,4.550129413604736,0.0,3.6738593578338623,0.0,0.2,0.0,0.2,0.0,0.5377777777777778,0.0,0.519358197996129,0.0,0.5377777777777778,0.0,0.5777777777777777,0.0,15.0,0.0,0.0,0.0,0.0,0.0,0.0,0.0,15.0,0.0,12.0,0.0,0.3333333333333333,0.0,0.0,0.0
diagnosis_smoke,upper_capacity,synthetic,diagnosis,conditional_max | full | circuit,,,,,,,,,,,,,,,,,,,,,,,,,,,,,,,,,,,,,,,,,,,1,[11],upper_capacity,,,,,,,,,,,,,,,,,,,,,,,,,,,,,,,,,,,,,,,,,,,,,,,,,,,,,,,,,,,,,,,,,,,,,,,,,,,,,,,,,0.1,0.0,30.0,0.0,4.5501251220703125,0.0,3.673806667327881,0.0,0.2,0.0,0.2,0.0,0.5266666666666666,0.0,0.5208074733584478,0.0,0.5266666666666666,0.0,0.5777777777777777,0.0,15.0,0.0,0.0,0.0,0.0,0.0,0.0,0.0,15.0,0.0,12.0,0.0,0.3333333333333333,0.0,0.0,0.0
diagnosis_smoke,upper_capacity,synthetic,diagnosis,relational_max | full | circuit,,,,,,,,,,,,,,,,,,,,,,,,,,,,,,,,,,,,,,,,,,,1,[11],upper_capacity,,,,,,,,,,,,,,,,,,,,,,,,,,,,,,,,,,,,,,,,,,,,,,,,,,,,,,,,,,,,,,,,,,,,,,,,,,,,,,,,,0.1,0.0,30.0,0.0,5.7220458984375e-05,0.0,9.822845458984375e-05,0.0,0.13333333333333333,0.0,0.06666666666666667,0.0,0.35333333333333333,0.0,0.4460136295227573,0.0,0.35333333333333333,0.0,0.6888888888888888,0.0,15.0,0.0,0.0,0.0,0.0,0.0,15.0,0.0,0.0,0.0,0.0,0.0,,,0.0,0.0
diagnosis_smoke,upper_capacity,synthetic,diagnosis,query full | known_law_oracle,,,,,,,,,,,,,,,,,,,,,,,,,,,,,,,,,,,,,,,,,,,1,[11],upper_capacity,,,,,,,,,,,0.0,0.0,0.002781530999527604,0.0,0.003070901999308262,0.0,30.0,0.0,3.0,0.0,3.0,0.0,3.0,0.0,4.0,0.0,0.0,0.0,0.0,0.0,1.0,0.0,0.0,0.0,0.0,0.0,0.0,0.0,90.0,0.0,0.0,0.0,2.2787781799141884,0.0,2.4629468262432166,0.0,2.07871477068556,0.0,-0.452817509558638,0.0,5.976019072739805,0.0,,,,,,,,,,,,,,,,,,,,,,,,,,,,,,,,,,,,,,,,,,,,,,,,,,,,,,,,,,,,,,,,
diagnosis_smoke,upper_capacity,synthetic,diagnosis,known-law error full | known_law_oracle,,,,,,,,,,,,,,,,,,,,,,,,,,,,,,,,,,,,,,,,,,,1,[11],upper_capacity,,,,,,,,,,,,,,,,,,,,,,,,,,,,,,,,,,,,,,,,,,,,,,,,,,,,,0.0,0.0,0.0,0.0,0.0,0.0,1.0,0.0,0.0,0.0,0.0,0.0,0.0,0.0,1.0,0.0,0.0,0.0,0.0,0.0,0.0,0.0,1.0,0.0,0.0,0.0,0.0,0.0,,,,,,,,,,,,,,,,,,,,,,,,,,,,,,,,,,,,
diagnosis_smoke,upper_capacity,synthetic,diagnosis,joint | full | known_law_oracle,,,,,,,,,,,,,,,,,,,,,,,,,,,,,,,,,,,,,,,,,,,1,[11],upper_capacity,,,,,,,,,,,,,,,,,,,,,,,,,,,,,,,,,,,,,,,,,,,,,,,,,,,,,,,,,,,,,,,,,,,,,,,,,,,,,,,,,0.1,0.0,30.0,0.0,8.174576834461375,0.0,17.850182289083335,0.0,0.06666666666666667,0.0,0.4,0.0,0.7244444444444444,0.0,0.772963880605648,0.0,0.7244444444444444,0.0,0.7222222222222221,0.0,15.0,0.0,0.0,0.0,0.0,0.0,0.0,0.0,15.0,0.0,9.0,0.0,0.4666666666666667,0.0,0.3333333333333333,0.0
diagnosis_smoke,upper_capacity,synthetic,diagnosis,independent | full | known_law_oracle,,,,,,,,,,,,,,,,,,,,,,,,,,,,,,,,,,,,,,,,,,,1,[11],upper_capacity,,,,,,,,,,,,,,,,,,,,,,,,,,,,,,,,,,,,,,,,,,,,,,,,,,,,,,,,,,,,,,,,,,,,,,,,,,,,,,,,,0.1,0.0,30.0,0.0,10.992880073970843,0.0,9.001674709067549,0.0,0.2,0.0,0.06666666666666667,0.0,0.48,0.0,0.49881599051850767,0.0,0.48,0.0,0.5555555555555555,0.0,15.0,0.0,0.0,0.0,0.0,0.0,0.0,0.0,15.0,0.0,14.0,0.0,0.3333333333333333,0.0,0.0,0.0
diagnosis_smoke,upper_capacity,synthetic,diagnosis,marginal_max | full | known_law_oracle,,,,,,,,,,,,,,,,,,,,,,,,,,,,,,,,,,,,,,,,,,,1,[11],upper_capacity,,,,,,,,,,,,,,,,,,,,,,,,,,,,,,,,,,,,,,,,,,,,,,,,,,,,,,,,,,,,,,,,,,,,,,,,,,,,,,,,,0.1,0.0,30.0,0.0,4.5928971397183895,0.0,4.112297633006275,0.0,0.13333333333333333,0.0,0.13333333333333333,0.0,0.46,0.0,0.48558945783058804,0.0,0.46,0.0,0.5555555555555555,0.0,15.0,0.0,0.0,0.0,0.0,0.0,0.0,0.0,15.0,0.0,13.0,0.0,0.3333333333333333,0.0,0.0,0.0
diagnosis_smoke,upper_capacity,synthetic,diagnosis,conditional_max | full | known_law_oracle,,,,,,,,,,,,,,,,,,,,,,,,,,,,,,,,,,,,,,,,,,,1,[11],upper_capacity,,,,,,,,,,,,,,,,,,,,,,,,,,,,,,,,,,,,,,,,,,,,,,,,,,,,,,,,,,,,,,,,,,,,,,,,,,,,,,,,,0.1,0.0,30.0,0.0,4.007040161815089,0.0,13.950632121201613,0.0,0.06666666666666667,0.0,0.4,0.0,0.7955555555555556,0.0,0.8451621588288255,0.0,0.7955555555555556,0.0,0.7222222222222221,0.0,15.0,0.0,0.0,0.0,0.0,0.0,0.0,0.0,15.0,0.0,9.0,0.0,0.4666666666666667,0.0,0.3333333333333333,0.0
diagnosis_smoke,upper_capacity,synthetic,diagnosis,relational_max | full | known_law_oracle,,,,,,,,,,,,,,,,,,,,,,,,,,,,,,,,,,,,,,,,,,,1,[11],upper_capacity,,,,,,,,,,,,,,,,,,,,,,,,,,,,,,,,,,,,,,,,,,,,,,,,,,,,,,,,,,,,,,,,,,,,,,,,,,,,,,,,,0.1,0.0,30.0,0.0,1.715183451550788,0.0,15.137611587162457,0.0,0.06666666666666667,0.0,0.4,0.0,0.8,0.0,0.8432258482258482,0.0,0.8,0.0,0.7888888888888889,0.0,15.0,0.0,0.0,0.0,0.0,0.0,0.0,0.0,15.0,0.0,9.0,0.0,0.6,0.0,0.3333333333333333,0.0
diagnosis_smoke,upper_capacity,synthetic,diagnosis,query random1:0 | circuit,,,,,,,,,,,,,,,,,,,,,,,,,,,,,,,,,,,,,,,,,,,1,[11],upper_capacity,,,,,,,,,,,7.152557373046875e-07,0.0,0.002794024000650097,0.0,0.0028111399997214903,0.0,30.0,0.0,2.0,0.0,2.0,0.0,2.0,0.0,3.0,0.0,103.0,0.0,9.0,0.0,1.0,0.0,0.002629,0.0,3090.0,0.0,540.0,0.0,90.0,0.0,1080.0,0.0,8.678436643094756e-06,0.0,9.695689186628442e-06,0.0,1.7945978470379487e-05,0.0,-3.051757857974735e-06,0.0,4.100799560546875e-05,0.0,,,,,,,,,,,,,,,,,,,,,,,,,,,,,,,,,,,,,,,,,,,,,,,,,,,,,,,,,,,,,,,,
diagnosis_smoke,upper_capacity,synthetic,diagnosis,known-law error random1:0 | circuit,,,,,,,,,,,,,,,,,,,,,,,,,,,,,,,,,,,,,,,,,,,1,[11],upper_capacity,,,,,,,,,,,,,,,,,,,,,,,,,,,,,,,,,,,,,,,,,,,,,,,,,,,,,1.3750146213538563,0.0,1.4938628029761396,0.0,3.9503629850859348,0.0,0.15379959529906187,0.0,0.2594482537569082,0.0,0.3596298969296745,0.0,1.3997653912248103,0.0,0.9245895440924401,0.0,1.115566387465163,0.0,1.2348016584396073,0.0,3.668735658196452,0.0,0.6879559574692975,0.0,-1.6344628552425498,0.0,1.7124474524533737,0.0,,,,,,,,,,,,,,,,,,,,,,,,,,,,,,,,,,,,
diagnosis_smoke,upper_capacity,synthetic,diagnosis,joint | random1:0 | circuit,,,,,,,,,,,,,,,,,,,,,,,,,,,,,,,,,,,,,,,,,,,1,[11],upper_capacity,,,,,,,,,,,,,,,,,,,,,,,,,,,,,,,,,,,,,,,,,,,,,,,,,,,,,,,,,,,,,,,,,,,,,,,,,,,,,,,,,0.1,0.0,30.0,0.0,7.315977096557617,0.0,5.902928352355957,0.0,0.2,0.0,0.2,0.0,0.5,0.0,0.5,0.0,0.5,0.0,,,0.0,0.0,15.0,0.0,0.0,0.0,0.0,0.0,0.0,0.0,0.0,0.0,,,0.0,0.0
diagnosis_smoke,upper_capacity,synthetic,diagnosis,independent | random1:0 | circuit,,,,,,,,,,,,,,,,,,,,,,,,,,,,,,,,,,,,,,,,,,,1,[11],upper_capacity,,,,,,,,,,,,,,,,,,,,,,,,,,,,,,,,,,,,,,,,,,,,,,,,,,,,,,,,,,,,,,,,,,,,,,,,,,,,,,,,,0.1,0.0,30.0,0.0,7.315976142883301,0.0,5.902995586395264,0.0,0.2,0.0,0.2,0.0,0.5,0.0,0.5,0.0,0.5,0.0,,,0.0,0.0,15.0,0.0,0.0,0.0,0.0,0.0,0.0,0.0,0.0,0.0,,,0.0,0.0
diagnosis_smoke,upper_capacity,synthetic,diagnosis,marginal_max | random1:0 | circuit,,,,,,,,,,,,,,,,,,,,,,,,,,,,,,,,,,,,,,,,,,,1,[11],upper_capacity,,,,,,,,,,,,,,,,,,,,,,,,,,,,,,,,,,,,,,,,,,,,,,,,,,,,,,,,,,,,,,,,,,,,,,,,,,,,,,,,,0.1,0.0,30.0,0.0,4.079465866088867,0.0,3.6738593578338623,0.0,0.26666666666666666,0.0,0.26666666666666666,0.0,0.5,0.0,0.5,0.0,0.5,0.0,,,0.0,0.0,15.0,0.0,0.0,0.0,0.0,0.0,0.0,0.0,0.0,0.0,,,0.0,0.0
diagnosis_smoke,upper_capacity,synthetic,diagnosis,conditional_max | random1:0 | circuit,,,,,,,,,,,,,,,,,,,,,,,,,,,,,,,,,,,,,,,,,,,1,[11],upper_capacity,,,,,,,,,,,,,,,,,,,,,,,,,,,,,,,,,,,,,,,,,,,,,,,,,,,,,,,,,,,,,,,,,,,,,,,,,,,,,,,,,0.1,0.0,30.0,0.0,4.079450607299805,0.0,3.673797130584717,0.0,0.26666666666666666,0.0,0.26666666666666666,0.0,0.5,0.0,0.5,0.0,0.5,0.0,,,0.0,0.0,15.0,0.0,0.0,0.0,0.0,0.0,0.0,0.0,0.0,0.0,,,0.0,0.0
diagnosis_smoke,upper_capacity,synthetic,diagnosis,relational_max | random1:0 | circuit,,,,,,,,,,,,,,,,,,,,,,,,,,,,,,,,,,,,,,,,,,,1,[11],upper_capacity,,,,,,,,,,,,,,,,,,,,,,,,,,,,,,,,,,,,,,,,,,,,,,,,,,,,,,,,,,,,,,,,,,,,,,,,,,,,,,,,,0.1,0.0,30.0,0.0,4.291534423828125e-06,0.0,7.343292236328125e-05,0.0,0.06666666666666667,0.0,0.06666666666666667,0.0,0.5,0.0,0.5,0.0,0.5,0.0,,,0.0,0.0,15.0,0.0,0.0,0.0,0.0,0.0,0.0,0.0,0.0,0.0,,,0.0,0.0
diagnosis_smoke,upper_capacity,synthetic,diagnosis,query random1:0 | known_law_oracle,,,,,,,,,,,,,,,,,,,,,,,,,,,,,,,,,,,,,,,,,,,1,[11],upper_capacity,,,,,,,,,,,0.0,0.0,0.0007005139996181242,0.0,0.0008764989997871453,0.0,30.0,0.0,2.0,0.0,2.0,0.0,2.0,0.0,3.0,0.0,0.0,0.0,0.0,0.0,1.0,0.0,0.0,0.0,0.0,0.0,0.0,0.0,90.0,0.0,0.0,0.0,1.1155750659014425,0.0,1.234809828249585,0.0,1.1605404895344638,0.0,-0.2967721990967604,0.0,2.9406760104973735,0.0,,,,,,,,,,,,,,,,,,,,,,,,,,,,,,,,,,,,,,,,,,,,,,,,,,,,,,,,,,,,,,,,
diagnosis_smoke,upper_capacity,synthetic,diagnosis,known-law error random1:0 | known_law_oracle,,,,,,,,,,,,,,,,,,,,,,,,,,,,,,,,,,,,,,,,,,,1,[11],upper_capacity,,,,,,,,,,,,,,,,,,,,,,,,,,,,,,,,,,,,,,,,,,,,,,,,,,,,,0.0,0.0,0.0,0.0,0.0,0.0,0.9999999999999999,0.0,0.0,0.0,0.0,0.0,0.0,0.0,1.0,0.0,0.0,0.0,0.0,0.0,0.0,0.0,1.0,0.0,0.0,0.0,0.0,0.0,,,,,,,,,,,,,,,,,,,,,,,,,,,,,,,,,,,,
diagnosis_smoke,upper_capacity,synthetic,diagnosis,joint | random1:0 | known_law_oracle,,,,,,,,,,,,,,,,,,,,,,,,,,,,,,,,,,,,,,,,,,,1,[11],upper_capacity,,,,,,,,,,,,,,,,,,,,,,,,,,,,,,,,,,,,,,,,,,,,,,,,,,,,,,,,,,,,,,,,,,,,,,,,,,,,,,,,,0.1,0.0,30.0,0.0,7.116230464044952,0.0,4.080112582042755,0.0,0.06666666666666667,0.0,0.06666666666666667,0.0,0.5,0.0,0.5,0.0,0.5,0.0,,,0.0,0.0,15.0,0.0,0.0,0.0,0.0,0.0,0.0,0.0,0.0,0.0,,,0.0,0.0
diagnosis_smoke,upper_capacity,synthetic,diagnosis,independent | random1:0 | known_law_oracle,,,,,,,,,,,,,,,,,,,,,,,,,,,,,,,,,,,,,,,,,,,1,[11],upper_capacity,,,,,,,,,,,,,,,,,,,,,,,,,,,,,,,,,,,,,,,,,,,,,,,,,,,,,,,,,,,,,,,,,,,,,,,,,,,,,,,,,0.1,0.0,30.0,0.0,6.966322716303916,0.0,7.05367450929741,0.0,0.2,0.0,0.2,0.0,0.5,0.0,0.5,0.0,0.5,0.0,,,0.0,0.0,15.0,0.0,0.0,0.0,0.0,0.0,0.0,0.0,0.0,0.0,,,0.0,0.0
diagnosis_smoke,upper_capacity,synthetic,diagnosis,marginal_max | random1:0 | known_law_oracle,,,,,,,,,,,,,,,,,,,,,,,,,,,,,,,,,,,,,,,,,,,1,[11],upper_capacity,,,,,,,,,,,,,,,,,,,,,,,,,,,,,,,,,,,,,,,,,,,,,,,,,,,,,,,,,,,,,,,,,,,,,,,,,,,,,,,,,0.1,0.0,30.0,0.0,4.15048219710894,0.0,4.112297633006275,0.0,0.13333333333333333,0.0,0.13333333333333333,0.0,0.5,0.0,0.5,0.0,0.5,0.0,,,0.0,0.0,15.0,0.0,0.0,0.0,0.0,0.0,0.0,0.0,0.0,0.0,,,0.0,0.0
diagnosis_smoke,upper_capacity,synthetic,diagnosis,conditional_max | random1:0 | known_law_oracle,,,,,,,,,,,,,,,,,,,,,,,,,,,,,,,,,,,,,,,,,,,1,[11],upper_capacity,,,,,,,,,,,,,,,,,,,,,,,,,,,,,,,,,,,,,,,,,,,,,,,,,,,,,,,,,,,,,,,,,,,,,,,,,,,,,,,,,0.1,0.0,30.0,0.0,3.871229416967211,0.0,2.351769974641956,0.0,0.0,0.0,0.0,0.0,0.5,0.0,0.5,0.0,0.5,0.0,,,0.0,0.0,15.0,0.0,0.0,0.0,0.0,0.0,0.0,0.0,0.0,0.0,,,0.0,0.0
diagnosis_smoke,upper_capacity,synthetic,diagnosis,relational_max | random1:0 | known_law_oracle,,,,,,,,,,,,,,,,,,,,,,,,,,,,,,,,,,,,,,,,,,,1,[11],upper_capacity,,,,,,,,,,,,,,,,,,,,,,,,,,,,,,,,,,,,,,,,,,,,,,,,,,,,,,,,,,,,,,,,,,,,,,,,,,,,,,,,,0.1,0.0,30.0,0.0,1.4622914651738665,0.0,4.44966008215366,0.0,0.0,0.0,0.0,0.0,0.5,0.0,0.5,0.0,0.5,0.0,,,0.0,0.0,15.0,0.0,0.0,0.0,0.0,0.0,0.0,0.0,0.0,0.0,,,0.0,0.0
diagnosis_smoke,upper_capacity,synthetic,diagnosis,query bank0:0 | circuit,,,,,,,,,,,,,,,,,,,,,,,,,,,,,,,,,,,,,,,,,,,1,[11],upper_capacity,,,,,,,,,,,7.152557373046875e-07,0.0,0.002781655999569921,0.0,0.002805295000143815,0.0,30.0,0.0,2.0,0.0,2.0,0.0,2.0,0.0,3.0,0.0,103.0,0.0,9.0,0.0,1.0,0.0,0.002617,0.0,3090.0,0.0,540.0,0.0,90.0,0.0,1080.0,0.0,8.678436643094756e-06,0.0,9.695689186628442e-06,0.0,1.7945978470379487e-05,0.0,-3.051757857974735e-06,0.0,4.100799560546875e-05,0.0,,,,,,,,,,,,,,,,,,,,,,,,,,,,,,,,,,,,,,,,,,,,,,,,,,,,,,,,,,,,,,,,
diagnosis_smoke,upper_capacity,synthetic,diagnosis,known-law error bank0:0 | circuit,,,,,,,,,,,,,,,,,,,,,,,,,,,,,,,,,,,,,,,,,,,1,[11],upper_capacity,,,,,,,,,,,,,,,,,,,,,,,,,,,,,,,,,,,,,,,,,,,,,,,,,,,,,1.3750146213538563,0.0,1.4938628029761396,0.0,3.9503629850859348,0.0,0.15379959529906187,0.0,0.2594482537569082,0.0,0.3596298969296745,0.0,1.3997653912248103,0.0,0.9245895440924401,0.0,1.115566387465163,0.0,1.2348016584396073,0.0,3.668735658196452,0.0,0.6879559574692975,0.0,-1.6344628552425498,0.0,1.7124474524533737,0.0,,,,,,,,,,,,,,,,,,,,,,,,,,,,,,,,,,,,
diagnosis_smoke,upper_capacity,synthetic,diagnosis,joint | bank0:0 | circuit,,,,,,,,,,,,,,,,,,,,,,,,,,,,,,,,,,,,,,,,,,,1,[11],upper_capacity,,,,,,,,,,,,,,,,,,,,,,,,,,,,,,,,,,,,,,,,,,,,,,,,,,,,,,,,,,,,,,,,,,,,,,,,,,,,,,,,,0.1,0.0,30.0,0.0,7.315977096557617,0.0,5.902928352355957,0.0,0.2,0.0,0.2,0.0,0.5,0.0,0.5,0.0,0.5,0.0,,,0.0,0.0,15.0,0.0,0.0,0.0,0.0,0.0,0.0,0.0,0.0,0.0,,,0.0,0.0
diagnosis_smoke,upper_capacity,synthetic,diagnosis,independent | bank0:0 | circuit,,,,,,,,,,,,,,,,,,,,,,,,,,,,,,,,,,,,,,,,,,,1,[11],upper_capacity,,,,,,,,,,,,,,,,,,,,,,,,,,,,,,,,,,,,,,,,,,,,,,,,,,,,,,,,,,,,,,,,,,,,,,,,,,,,,,,,,0.1,0.0,30.0,0.0,7.315976142883301,0.0,5.902995586395264,0.0,0.2,0.0,0.2,0.0,0.5,0.0,0.5,0.0,0.5,0.0,,,0.0,0.0,15.0,0.0,0.0,0.0,0.0,0.0,0.0,0.0,0.0,0.0,,,0.0,0.0
diagnosis_smoke,upper_capacity,synthetic,diagnosis,marginal_max | bank0:0 | circuit,,,,,,,,,,,,,,,,,,,,,,,,,,,,,,,,,,,,,,,,,,,1,[11],upper_capacity,,,,,,,,,,,,,,,,,,,,,,,,,,,,,,,,,,,,,,,,,,,,,,,,,,,,,,,,,,,,,,,,,,,,,,,,,,,,,,,,,0.1,0.0,30.0,0.0,4.079465866088867,0.0,3.6738593578338623,0.0,0.26666666666666666,0.0,0.26666666666666666,0.0,0.5,0.0,0.5,0.0,0.5,0.0,,,0.0,0.0,15.0,0.0,0.0,0.0,0.0,0.0,0.0,0.0,0.0,0.0,,,0.0,0.0
diagnosis_smoke,upper_capacity,synthetic,diagnosis,conditional_max | bank0:0 | circuit,,,,,,,,,,,,,,,,,,,,,,,,,,,,,,,,,,,,,,,,,,,1,[11],upper_capacity,,,,,,,,,,,,,,,,,,,,,,,,,,,,,,,,,,,,,,,,,,,,,,,,,,,,,,,,,,,,,,,,,,,,,,,,,,,,,,,,,0.1,0.0,30.0,0.0,4.079450607299805,0.0,3.673797130584717,0.0,0.26666666666666666,0.0,0.26666666666666666,0.0,0.5,0.0,0.5,0.0,0.5,0.0,,,0.0,0.0,15.0,0.0,0.0,0.0,0.0,0.0,0.0,0.0,0.0,0.0,,,0.0,0.0
diagnosis_smoke,upper_capacity,synthetic,diagnosis,relational_max | bank0:0 | circuit,,,,,,,,,,,,,,,,,,,,,,,,,,,,,,,,,,,,,,,,,,,1,[11],upper_capacity,,,,,,,,,,,,,,,,,,,,,,,,,,,,,,,,,,,,,,,,,,,,,,,,,,,,,,,,,,,,,,,,,,,,,,,,,,,,,,,,,0.1,0.0,30.0,0.0,4.291534423828125e-06,0.0,7.343292236328125e-05,0.0,0.06666666666666667,0.0,0.06666666666666667,0.0,0.5,0.0,0.5,0.0,0.5,0.0,,,0.0,0.0,15.0,0.0,0.0,0.0,0.0,0.0,0.0,0.0,0.0,0.0,,,0.0,0.0
diagnosis_smoke,upper_capacity,synthetic,diagnosis,query bank0:0 | known_law_oracle,,,,,,,,,,,,,,,,,,,,,,,,,,,,,,,,,,,,,,,,,,,1,[11],upper_capacity,,,,,,,,,,,0.0,0.0,0.0006822160003139288,0.0,0.0008493719997204607,0.0,30.0,0.0,2.0,0.0,2.0,0.0,2.0,0.0,3.0,0.0,0.0,0.0,0.0,0.0,1.0,0.0,0.0,0.0,0.0,0.0,0.0,0.0,90.0,0.0,0.0,0.0,1.1155750659014425,0.0,1.234809828249585,0.0,1.1605404895344638,0.0,-0.2967721990967604,0.0,2.9406760104973735,0.0,,,,,,,,,,,,,,,,,,,,,,,,,,,,,,,,,,,,,,,,,,,,,,,,,,,,,,,,,,,,,,,,
diagnosis_smoke,upper_capacity,synthetic,diagnosis,known-law error bank0:0 | known_law_oracle,,,,,,,,,,,,,,,,,,,,,,,,,,,,,,,,,,,,,,,,,,,1,[11],upper_capacity,,,,,,,,,,,,,,,,,,,,,,,,,,,,,,,,,,,,,,,,,,,,,,,,,,,,,0.0,0.0,0.0,0.0,0.0,0.0,0.9999999999999999,0.0,0.0,0.0,0.0,0.0,0.0,0.0,1.0,0.0,0.0,0.0,0.0,0.0,0.0,0.0,1.0,0.0,0.0,0.0,0.0,0.0,,,,,,,,,,,,,,,,,,,,,,,,,,,,,,,,,,,,
diagnosis_smoke,upper_capacity,synthetic,diagnosis,joint | bank0:0 | known_law_oracle,,,,,,,,,,,,,,,,,,,,,,,,,,,,,,,,,,,,,,,,,,,1,[11],upper_capacity,,,,,,,,,,,,,,,,,,,,,,,,,,,,,,,,,,,,,,,,,,,,,,,,,,,,,,,,,,,,,,,,,,,,,,,,,,,,,,,,,0.1,0.0,30.0,0.0,7.116230464044952,0.0,4.080112582042755,0.0,0.06666666666666667,0.0,0.06666666666666667,0.0,0.5,0.0,0.5,0.0,0.5,0.0,,,0.0,0.0,15.0,0.0,0.0,0.0,0.0,0.0,0.0,0.0,0.0,0.0,,,0.0,0.0
diagnosis_smoke,upper_capacity,synthetic,diagnosis,independent | bank0:0 | known_law_oracle,,,,,,,,,,,,,,,,,,,,,,,,,,,,,,,,,,,,,,,,,,,1,[11],upper_capacity,,,,,,,,,,,,,,,,,,,,,,,,,,,,,,,,,,,,,,,,,,,,,,,,,,,,,,,,,,,,,,,,,,,,,,,,,,,,,,,,,0.1,0.0,30.0,0.0,6.966322716303916,0.0,7.05367450929741,0.0,0.2,0.0,0.2,0.0,0.5,0.0,0.5,0.0,0.5,0.0,,,0.0,0.0,15.0,0.0,0.0,0.0,0.0,0.0,0.0,0.0,0.0,0.0,,,0.0,0.0
diagnosis_smoke,upper_capacity,synthetic,diagnosis,marginal_max | bank0:0 | known_law_oracle,,,,,,,,,,,,,,,,,,,,,,,,,,,,,,,,,,,,,,,,,,,1,[11],upper_capacity,,,,,,,,,,,,,,,,,,,,,,,,,,,,,,,,,,,,,,,,,,,,,,,,,,,,,,,,,,,,,,,,,,,,,,,,,,,,,,,,,0.1,0.0,30.0,0.0,4.15048219710894,0.0,4.112297633006275,0.0,0.13333333333333333,0.0,0.13333333333333333,0.0,0.5,0.0,0.5,0.0,0.5,0.0,,,0.0,0.0,15.0,0.0,0.0,0.0,0.0,0.0,0.0,0.0,0.0,0.0,,,0.0,0.0
diagnosis_smoke,upper_capacity,synthetic,diagnosis,conditional_max | bank0:0 | known_law_oracle,,,,,,,,,,,,,,,,,,,,,,,,,,,,,,,,,,,,,,,,,,,1,[11],upper_capacity,,,,,,,,,,,,,,,,,,,,,,,,,,,,,,,,,,,,,,,,,,,,,,,,,,,,,,,,,,,,,,,,,,,,,,,,,,,,,,,,,0.1,0.0,30.0,0.0,3.871229416967211,0.0,2.351769974641956,0.0,0.0,0.0,0.0,0.0,0.5,0.0,0.5,0.0,0.5,0.0,,,0.0,0.0,15.0,0.0,0.0,0.0,0.0,0.0,0.0,0.0,0.0,0.0,,,0.0,0.0
diagnosis_smoke,upper_capacity,synthetic,diagnosis,relational_max | bank0:0 | known_law_oracle,,,,,,,,,,,,,,,,,,,,,,,,,,,,,,,,,,,,,,,,,,,1,[11],upper_capacity,,,,,,,,,,,,,,,,,,,,,,,,,,,,,,,,,,,,,,,,,,,,,,,,,,,,,,,,,,,,,,,,,,,,,,,,,,,,,,,,,0.1,0.0,30.0,0.0,1.4622914651738665,0.0,4.44966008215366,0.0,0.0,0.0,0.0,0.0,0.5,0.0,0.5,0.0,0.5,0.0,,,0.0,0.0,15.0,0.0,0.0,0.0,0.0,0.0,0.0,0.0,0.0,0.0,,,0.0,0.0
diagnosis_smoke,upper_capacity,synthetic,diagnosis,query single_sensor_0 | circuit,,,,,,,,,,,,,,,,,,,,,,,,,,,,,,,,,,,,,,,,,,,1,[11],upper_capacity,,,,,,,,,,,2.384185791015625e-07,0.0,0.002801706999889575,0.0,0.002795795000565704,0.0,30.0,0.0,1.0,0.0,1.0,0.0,1.0,0.0,3.0,0.0,103.0,0.0,9.0,0.0,1.0,0.0,0.002635,0.0,3090.0,0.0,540.0,0.0,90.0,0.0,1080.0,0.0,6.357829107628277e-08,0.0,1.2715658215256553e-07,0.0,2.035498312125128e-07,0.0,-2.384185791015625e-07,0.0,4.76837158203125e-07,0.0,,,,,,,,,,,,,,,,,,,,,,,,,,,,,,,,,,,,,,,,,,,,,,,,,,,,,,,,,,,,,,,,
diagnosis_smoke,upper_capacity,synthetic,diagnosis,known-law error single_sensor_0 | circuit,,,,,,,,,,,,,,,,,,,,,,,,,,,,,,,,,,,,,,,,,,,1,[11],upper_capacity,,,,,,,,,,,,,,,,,,,,,,,,,,,,,,,,,,,,,,,,,,,,,,,,,,,,,0.1608329398319213,0.0,0.38272447738342996,0.0,1.7289967890253992,0.0,0.8104825132642384,0.0,0.1608329398319213,0.0,0.38272447738342996,0.0,1.7289967890253992,0.0,0.8104825132642384,0.0,0.0,0.0,0.0,0.0,0.0,0.0,,,-0.16083289214820548,0.0,0.3827244455942861,0.0,,,,,,,,,,,,,,,,,,,,,,,,,,,,,,,,,,,,
diagnosis_smoke,upper_capacity,synthetic,diagnosis,joint | single_sensor_0 | circuit,,,,,,,,,,,,,,,,,,,,,,,,,,,,,,,,,,,,,,,,,,,1,[11],upper_capacity,,,,,,,,,,,,,,,,,,,,,,,,,,,,,,,,,,,,,,,,,,,,,,,,,,,,,,,,,,,,,,,,,,,,,,,,,,,,,,,,,0.1,0.0,30.0,0.0,4.534363269805908,0.0,3.775885581970215,0.0,0.06666666666666667,0.0,0.0,0.0,0.48444444444444446,0.0,0.4863950180462048,0.0,0.48444444444444446,0.0,,,0.0,0.0,0.0,0.0,15.0,0.0,15.0,0.0,0.0,0.0,0.0,0.0,,,0.0,0.0
diagnosis_smoke,upper_capacity,synthetic,diagnosis,independent | single_sensor_0 | circuit,,,,,,,,,,,,,,,,,,,,,,,,,,,,,,,,,,,,,,,,,,,1,[11],upper_capacity,,,,,,,,,,,,,,,,,,,,,,,,,,,,,,,,,,,,,,,,,,,,,,,,,,,,,,,,,,,,,,,,,,,,,,,,,,,,,,,,,0.1,0.0,30.0,0.0,4.534363746643066,0.0,3.775886058807373,0.0,0.06666666666666667,0.0,0.0,0.0,0.48444444444444446,0.0,0.4863950180462048,0.0,0.48444444444444446,0.0,,,0.0,0.0,0.0,0.0,15.0,0.0,15.0,0.0,0.0,0.0,0.0,0.0,,,0.0,0.0
diagnosis_smoke,upper_capacity,synthetic,diagnosis,marginal_max | single_sensor_0 | circuit,,,,,,,,,,,,,,,,,,,,,,,,,,,,,,,,,,,,,,,,,,,1,[11],upper_capacity,,,,,,,,,,,,,,,,,,,,,,,,,,,,,,,,,,,,,,,,,,,,,,,,,,,,,,,,,,,,,,,,,,,,,,,,,,,,,,,,,0.1,0.0,30.0,0.0,4.534363746643066,0.0,3.775886058807373,0.0,0.06666666666666667,0.0,0.0,0.0,0.48444444444444446,0.0,0.4863950180462048,0.0,0.48444444444444446,0.0,,,0.0,0.0,0.0,0.0,15.0,0.0,15.0,0.0,0.0,0.0,0.0,0.0,,,0.0,0.0
diagnosis_smoke,upper_capacity,synthetic,diagnosis,conditional_max | single_sensor_0 | circuit,,,,,,,,,,,,,,,,,,,,,,,,,,,,,,,,,,,,,,,,,,,1,[11],upper_capacity,,,,,,,,,,,,,,,,,,,,,,,,,,,,,,,,,,,,,,,,,,,,,,,,,,,,,,,,,,,,,,,,,,,,,,,,,,,,,,,,,0.1,0.0,30.0,0.0,4.534363746643066,0.0,3.775886058807373,0.0,0.06666666666666667,0.0,0.0,0.0,0.48444444444444446,0.0,0.4863950180462048,0.0,0.48444444444444446,0.0,,,0.0,0.0,0.0,0.0,15.0,0.0,15.0,0.0,0.0,0.0,0.0,0.0,,,0.0,0.0
diagnosis_smoke,upper_capacity,synthetic,diagnosis,relational_max | single_sensor_0 | circuit,,,,,,,,,,,,,,,,,,,,,,,,,,,,,,,,,,,,,,,,,,,1,[11],upper_capacity,,,,,,,,,,,,,,,,,,,,,,,,,,,,,,,,,,,,,,,,,,,,,,,,,,,,,,,,,,,,,,,,,,,,,,,,,,,,,,,,,0.1,0.0,30.0,0.0,0.0,0.0,0.0,0.0,0.0,0.0,0.0,0.0,0.5,0.0,0.5,0.0,0.5,0.0,,,0.0,0.0,0.0,0.0,15.0,0.0,15.0,0.0,0.0,0.0,0.0,0.0,,,0.0,0.0
diagnosis_smoke,upper_capacity,synthetic,diagnosis,query single_sensor_0 | known_law_oracle,,,,,,,,,,,,,,,,,,,,,,,,,,,,,,,,,,,,,,,,,,,1,[11],upper_capacity,,,,,,,,,,,0.0,0.0,0.000315438000143331,0.0,0.0004486150000957423,0.0,30.0,0.0,1.0,0.0,1.0,0.0,1.0,0.0,2.0,0.0,0.0,0.0,0.0,0.0,1.0,0.0,0.0,0.0,0.0,0.0,0.0,0.0,90.0,0.0,0.0,0.0,0.0,0.0,0.0,0.0,0.0,0.0,0.0,0.0,0.0,0.0,,,,,,,,,,,,,,,,,,,,,,,,,,,,,,,,,,,,,,,,,,,,,,,,,,,,,,,,,,,,,,,,
diagnosis_smoke,upper_capacity,synthetic,diagnosis,known-law error single_sensor_0 | known_law_oracle,,,,,,,,,,,,,,,,,,,,,,,,,,,,,,,,,,,,,,,,,,,1,[11],upper_capacity,,,,,,,,,,,,,,,,,,,,,,,,,,,,,,,,,,,,,,,,,,,,,,,,,,,,,0.0,0.0,0.0,0.0,0.0,0.0,0.9999999999999999,0.0,0.0,0.0,0.0,0.0,0.0,0.0,0.9999999999999999,0.0,0.0,0.0,0.0,0.0,0.0,0.0,,,0.0,0.0,0.0,0.0,,,,,,,,,,,,,,,,,,,,,,,,,,,,,,,,,,,,
diagnosis_smoke,upper_capacity,synthetic,diagnosis,joint | single_sensor_0 | known_law_oracle,,,,,,,,,,,,,,,,,,,,,,,,,,,,,,,,,,,,,,,,,,,1,[11],upper_capacity,,,,,,,,,,,,,,,,,,,,,,,,,,,,,,,,,,,,,,,,,,,,,,,,,,,,,,,,,,,,,,,,,,,,,,,,,,,,,,,,,0.1,0.0,30.0,0.0,4.5928971397183895,0.0,2.832157365280544,0.0,0.0,0.0,0.0,0.0,0.4,0.0,0.43655596868402224,0.0,0.4,0.0,,,0.0,0.0,0.0,0.0,15.0,0.0,15.0,0.0,0.0,0.0,0.0,0.0,,,0.0,0.0
diagnosis_smoke,upper_capacity,synthetic,diagnosis,independent | single_sensor_0 | known_law_oracle,,,,,,,,,,,,,,,,,,,,,,,,,,,,,,,,,,,,,,,,,,,1,[11],upper_capacity,,,,,,,,,,,,,,,,,,,,,,,,,,,,,,,,,,,,,,,,,,,,,,,,,,,,,,,,,,,,,,,,,,,,,,,,,,,,,,,,,0.1,0.0,30.0,0.0,4.5928971397183895,0.0,2.832157365280544,0.0,0.0,0.0,0.0,0.0,0.4,0.0,0.43655596868402224,0.0,0.4,0.0,,,0.0,0.0,0.0,0.0,15.0,0.0,15.0,0.0,0.0,0.0,0.0,0.0,,,0.0,0.0
diagnosis_smoke,upper_capacity,synthetic,diagnosis,marginal_max | single_sensor_0 | known_law_oracle,,,,,,,,,,,,,,,,,,,,,,,,,,,,,,,,,,,,,,,,,,,1,[11],upper_capacity,,,,,,,,,,,,,,,,,,,,,,,,,,,,,,,,,,,,,,,,,,,,,,,,,,,,,,,,,,,,,,,,,,,,,,,,,,,,,,,,,0.1,0.0,30.0,0.0,4.5928971397183895,0.0,2.832157365280544,0.0,0.0,0.0,0.0,0.0,0.4,0.0,0.43655596868402224,0.0,0.4,0.0,,,0.0,0.0,0.0,0.0,15.0,0.0,15.0,0.0,0.0,0.0,0.0,0.0,,,0.0,0.0
diagnosis_smoke,upper_capacity,synthetic,diagnosis,conditional_max | single_sensor_0 | known_law_oracle,,,,,,,,,,,,,,,,,,,,,,,,,,,,,,,,,,,,,,,,,,,1,[11],upper_capacity,,,,,,,,,,,,,,,,,,,,,,,,,,,,,,,,,,,,,,,,,,,,,,,,,,,,,,,,,,,,,,,,,,,,,,,,,,,,,,,,,0.1,0.0,30.0,0.0,4.5928971397183895,0.0,2.832157365280544,0.0,0.0,0.0,0.0,0.0,0.4,0.0,0.43655596868402224,0.0,0.4,0.0,,,0.0,0.0,0.0,0.0,15.0,0.0,15.0,0.0,0.0,0.0,0.0,0.0,,,0.0,0.0
diagnosis_smoke,upper_capacity,synthetic,diagnosis,relational_max | single_sensor_0 | known_law_oracle,,,,,,,,,,,,,,,,,,,,,,,,,,,,,,,,,,,,,,,,,,,1,[11],upper_capacity,,,,,,,,,,,,,,,,,,,,,,,,,,,,,,,,,,,,,,,,,,,,,,,,,,,,,,,,,,,,,,,,,,,,,,,,,,,,,,,,,0.1,0.0,30.0,0.0,0.0,0.0,0.0,0.0,0.0,0.0,0.0,0.0,0.5,0.0,0.5,0.0,0.5,0.0,,,0.0,0.0,0.0,0.0,15.0,0.0,15.0,0.0,0.0,0.0,0.0,0.0,,,0.0,0.0
diagnosis_smoke,conditional,synthetic,diagnosis,model,0.0,0.0,12.0,0.0,9.0,0.0,20.0,0.0,41.0,0.0,60.0,0.0,12.0,0.0,3.0,0.0,0.0,0.0,8.741253852844238,0.0,2.0,0.0,0.0,0.0,0.0,0.0,6.0,0.0,0.07131004333496094,0.0,8.668339490890503,0.0,0.05,0.0,3.0,0.0,1.0,0.0,0.0,0.0,32.0,0.0,1,[11],conditional,,,,,,,,,,,,,,,,,,,,,,,,,,,,,,,,,,,,,,,,,,,,,,,,,,,,,,,,,,,,,,,,,,,,,,,,,,,,,,,,,,,,,,,,,,,,,,,,,,,,,,,,,,,,,,,,,,,,
diagnosis_smoke,conditional,synthetic,diagnosis,shortcut audit,,,,,,,,,,,,,,,,,,,,,,,,,,,,,,,,,,,,,,,,,,,1,[11],conditional,0.5644444444444444,0.0,0.0,0.0,30.0,0.0,30.0,0.0,6.0,0.0,,,,,,,,,,,,,,,,,,,,,,,,,,,,,,,,,,,,,,,,,,,,,,,,,,,,,,,,,,,,,,,,,,,,,,,,,,,,,,,,,,,,,,,,,,,,,,,,,,,,,,,,,,
diagnosis_smoke,conditional,synthetic,diagnosis,query full | circuit,,,,,,,,,,,,,,,,,,,,,,,,,,,,,,,,,,,,,,,,,,,1,[11],conditional,,,,,,,,,,,7.152557373046875e-07,0.0,0.0018213710000054562,0.0,0.0018212940003650147,0.0,30.0,0.0,3.0,0.0,3.0,0.0,3.0,0.0,3.0,0.0,64.0,0.0,6.0,0.0,1.0,0.0,0.001669,0.0,1920.0,0.0,360.0,0.0,90.0,0.0,720.0,0.0,1.6530354969290784e-06,0.0,1.716613724056515e-06,0.0,2.7742289603338577e-06,0.0,-1.4305115314527939e-07,0.0,6.48498553346144e-06,0.0,,,,,,,,,,,,,,,,,,,,,,,,,,,,,,,,,,,,,,,,,,,,,,,,,,,,,,,,,,,,,,,,
diagnosis_smoke,conditional,synthetic,diagnosis,known-law error full | circuit,,,,,,,,,,,,,,,,,,,,,,,,,,,,,,,,,,,,,,,,,,,1,[11],conditional,,,,,,,,,,,,,,,,,,,,,,,,,,,,,,,,,,,,,,,,,,,,,,,,,,,,,0.5444122026256022,0.0,1.7995127955224186,0.0,11.556229740673611,0.0,0.20391569696077277,0.0,0.2263745048247457,0.0,0.36623778635745624,0.0,1.7272198553553553,0.0,0.9010422892009939,0.0,0.31803766998535565,0.0,1.6637462977406257,0.0,12.043558588800067,0.0,0.16814404571989786,0.0,-1.1611143668544206,0.0,2.94109243210299,0.0,,,,,,,,,,,,,,,,,,,,,,,,,,,,,,,,,,,,
diagnosis_smoke,conditional,synthetic,diagnosis,joint | full | circuit,,,,,,,,,,,,,,,,,,,,,,,,,,,,,,,,,,,,,,,,,,,1,[11],conditional,,,,,,,,,,,,,,,,,,,,,,,,,,,,,,,,,,,,,,,,,,,,,,,,,,,,,,,,,,,,,,,,,,,,,,,,,,,,,,,,,0.1,0.0,30.0,0.0,11.09716510772705,0.0,9.143670082092285,0.0,0.2,0.0,0.13333333333333333,0.0,0.5288888888888889,0.0,0.5082203896969006,0.0,0.5288888888888889,0.0,0.5777777777777777,0.0,15.0,0.0,0.0,0.0,0.0,0.0,0.0,0.0,15.0,0.0,13.0,0.0,0.3333333333333333,0.0,0.0,0.0
diagnosis_smoke,conditional,synthetic,diagnosis,independent | full | circuit,,,,,,,,,,,,,,,,,,,,,,,,,,,,,,,,,,,,,,,,,,,1,[11],conditional,,,,,,,,,,,,,,,,,,,,,,,,,,,,,,,,,,,,,,,,,,,,,,,,,,,,,,,,,,,,,,,,,,,,,,,,,,,,,,,,,0.1,0.0,30.0,0.0,11.097167015075684,0.0,9.143671035766602,0.0,0.2,0.0,0.13333333333333333,0.0,0.5288888888888889,0.0,0.5082203896969006,0.0,0.5288888888888889,0.0,0.5777777777777777,0.0,15.0,0.0,0.0,0.0,0.0,0.0,0.0,0.0,15.0,0.0,13.0,0.0,0.3333333333333333,0.0,0.0,0.0
diagnosis_smoke,conditional,synthetic,diagnosis,marginal_max | full | circuit,,,,,,,,,,,,,,,,,,,,,,,,,,,,,,,,,,,,,,,,,,,1,[11],conditional,,,,,,,,,,,,,,,,,,,,,,,,,,,,,,,,,,,,,,,,,,,,,,,,,,,,,,,,,,,,,,,,,,,,,,,,,,,,,,,,,0.1,0.0,30.0,0.0,4.525861740112305,0.0,3.634740114212036,0.0,0.2,0.0,0.2,0.0,0.5377777777777778,0.0,0.519358197996129,0.0,0.5377777777777778,0.0,0.5777777777777777,0.0,15.0,0.0,0.0,0.0,0.0,0.0,0.0,0.0,15.0,0.0,12.0,0.0,0.3333333333333333,0.0,0.0,0.0
diagnosis_smoke,conditional,synthetic,diagnosis,conditional_max | full | circuit,,,,,,,,,,,,,,,,,,,,,,,,,,,,,,,,,,,,,,,,,,,1,[11],conditional,,,,,,,,,,,,,,,,,,,,,,,,,,,,,,,,,,,,,,,,,,,,,,,,,,,,,,,,,,,,,,,,,,,,,,,,,,,,,,,,,0.1,0.0,30.0,0.0,4.525861740112305,0.0,3.634727954864502,0.0,0.2,0.0,0.2,0.0,0.5444444444444444,0.0,0.5332876019255329,0.0,0.5444444444444444,0.0,0.5777777777777777,0.0,15.0,0.0,0.0,0.0,0.0,0.0,0.0,0.0,15.0,0.0,12.0,0.0,0.3333333333333333,0.0,0.0,0.0
diagnosis_smoke,conditional,synthetic,diagnosis,relational_max | full | circuit,,,,,,,,,,,,,,,,,,,,,,,,,,,,,,,,,,,,,,,,,,,1,[11],conditional,,,,,,,,,,,,,,,,,,,,,,,,,,,,,,,,,,,,,,,,,,,,,,,,,,,,,,,,,,,,,,,,,,,,,,,,,,,,,,,,,0.1,0.0,30.0,0.0,9.5367431640625e-07,0.0,2.86102294921875e-06,0.0,0.0,0.0,0.0,0.0,0.47333333333333333,0.0,0.4912090859332238,0.0,0.47333333333333333,0.0,0.6444444444444444,0.0,15.0,0.0,0.0,0.0,0.0,0.0,15.0,0.0,0.0,0.0,0.0,0.0,,,0.0,0.0
diagnosis_smoke,conditional,synthetic,diagnosis,query full | known_law_oracle,,,,,,,,,,,,,,,,,,,,,,,,,,,,,,,,,,,,,,,,,,,1,[11],conditional,,,,,,,,,,,0.0,0.0,0.0012343460002739448,0.0,0.0014974309997342061,0.0,30.0,0.0,3.0,0.0,3.0,0.0,3.0,0.0,4.0,0.0,0.0,0.0,0.0,0.0,1.0,0.0,0.0,0.0,0.0,0.0,0.0,0.0,90.0,0.0,0.0,0.0,2.2787781799141884,0.0,2.4629468262432166,0.0,2.07871477068556,0.0,-0.452817509558638,0.0,5.976019072739805,0.0,,,,,,,,,,,,,,,,,,,,,,,,,,,,,,,,,,,,,,,,,,,,,,,,,,,,,,,,,,,,,,,,
diagnosis_smoke,conditional,synthetic,diagnosis,known-law error full | known_law_oracle,,,,,,,,,,,,,,,,,,,,,,,,,,,,,,,,,,,,,,,,,,,1,[11],conditional,,,,,,,,,,,,,,,,,,,,,,,,,,,,,,,,,,,,,,,,,,,,,,,,,,,,,0.0,0.0,0.0,0.0,0.0,0.0,1.0,0.0,0.0,0.0,0.0,0.0,0.0,0.0,1.0,0.0,0.0,0.0,0.0,0.0,0.0,0.0,1.0,0.0,0.0,0.0,0.0,0.0,,,,,,,,,,,,,,,,,,,,,,,,,,,,,,,,,,,,
diagnosis_smoke,conditional,synthetic,diagnosis,joint | full | known_law_oracle,,,,,,,,,,,,,,,,,,,,,,,,,,,,,,,,,,,,,,,,,,,1,[11],conditional,,,,,,,,,,,,,,,,,,,,,,,,,,,,,,,,,,,,,,,,,,,,,,,,,,,,,,,,,,,,,,,,,,,,,,,,,,,,,,,,,0.1,0.0,30.0,0.0,8.174576834461375,0.0,17.850182289083335,0.0,0.06666666666666667,0.0,0.4,0.0,0.7244444444444444,0.0,0.772963880605648,0.0,0.7244444444444444,0.0,0.7222222222222221,0.0,15.0,0.0,0.0,0.0,0.0,0.0,0.0,0.0,15.0,0.0,9.0,0.0,0.4666666666666667,0.0,0.3333333333333333,0.0
diagnosis_smoke,conditional,synthetic,diagnosis,independent | full | known_law_oracle,,,,,,,,,,,,,,,,,,,,,,,,,,,,,,,,,,,,,,,,,,,1,[11],conditional,,,,,,,,,,,,,,,,,,,,,,,,,,,,,,,,,,,,,,,,,,,,,,,,,,,,,,,,,,,,,,,,,,,,,,,,,,,,,,,,,0.1,0.0,30.0,0.0,10.992880073970843,0.0,9.001674709067549,0.0,0.2,0.0,0.06666666666666667,0.0,0.48,0.0,0.49881599051850767,0.0,0.48,0.0,0.5555555555555555,0.0,15.0,0.0,0.0,0.0,0.0,0.0,0.0,0.0,15.0,0.0,14.0,0.0,0.3333333333333333,0.0,0.0,0.0
diagnosis_smoke,conditional,synthetic,diagnosis,marginal_max | full | known_law_oracle,,,,,,,,,,,,,,,,,,,,,,,,,,,,,,,,,,,,,,,,,,,1,[11],conditional,,,,,,,,,,,,,,,,,,,,,,,,,,,,,,,,,,,,,,,,,,,,,,,,,,,,,,,,,,,,,,,,,,,,,,,,,,,,,,,,,0.1,0.0,30.0,0.0,4.5928971397183895,0.0,4.112297633006275,0.0,0.13333333333333333,0.0,0.13333333333333333,0.0,0.46,0.0,0.48558945783058804,0.0,0.46,0.0,0.5555555555555555,0.0,15.0,0.0,0.0,0.0,0.0,0.0,0.0,0.0,15.0,0.0,13.0,0.0,0.3333333333333333,0.0,0.0,0.0
diagnosis_smoke,conditional,synthetic,diagnosis,conditional_max | full | known_law_oracle,,,,,,,,,,,,,,,,,,,,,,,,,,,,,,,,,,,,,,,,,,,1,[11],conditional,,,,,,,,,,,,,,,,,,,,,,,,,,,,,,,,,,,,,,,,,,,,,,,,,,,,,,,,,,,,,,,,,,,,,,,,,,,,,,,,,0.1,0.0,30.0,0.0,4.007040161815089,0.0,13.950632121201613,0.0,0.06666666666666667,0.0,0.4,0.0,0.7955555555555556,0.0,0.8451621588288255,0.0,0.7955555555555556,0.0,0.7222222222222221,0.0,15.0,0.0,0.0,0.0,0.0,0.0,0.0,0.0,15.0,0.0,9.0,0.0,0.4666666666666667,0.0,0.3333333333333333,0.0
diagnosis_smoke,conditional,synthetic,diagnosis,relational_max | full | known_law_oracle,,,,,,,,,,,,,,,,,,,,,,,,,,,,,,,,,,,,,,,,,,,1,[11],conditional,,,,,,,,,,,,,,,,,,,,,,,,,,,,,,,,,,,,,,,,,,,,,,,,,,,,,,,,,,,,,,,,,,,,,,,,,,,,,,,,,0.1,0.0,30.0,0.0,1.715183451550788,0.0,15.137611587162457,0.0,0.06666666666666667,0.0,0.4,0.0,0.8,0.0,0.8432258482258482,0.0,0.8,0.0,0.7888888888888889,0.0,15.0,0.0,0.0,0.0,0.0,0.0,0.0,0.0,15.0,0.0,9.0,0.0,0.6,0.0,0.3333333333333333,0.0
diagnosis_smoke,conditional,synthetic,diagnosis,query random1:0 | circuit,,,,,,,,,,,,,,,,,,,,,,,,,,,,,,,,,,,,,,,,,,,1,[11],conditional,,,,,,,,,,,9.5367431640625e-07,0.0,0.0018167380003433209,0.0,0.0018145710000680992,0.0,30.0,0.0,2.0,0.0,2.0,0.0,2.0,0.0,3.0,0.0,64.0,0.0,6.0,0.0,1.0,0.0,0.001664,0.0,1920.0,0.0,360.0,0.0,90.0,0.0,720.0,0.0,1.62124638336536e-06,0.0,1.8119811784345075e-06,0.0,2.639456397446338e-06,0.0,-6.19888282926695e-07,0.0,6.198883056640625e-06,0.0,,,,,,,,,,,,,,,,,,,,,,,,,,,,,,,,,,,,,,,,,,,,,,,,,,,,,,,,,,,,,,,,
diagnosis_smoke,conditional,synthetic,diagnosis,known-law error random1:0 | circuit,,,,,,,,,,,,,,,,,,,,,,,,,,,,,,,,,,,,,,,,,,,1,[11],conditional,,,,,,,,,,,,,,,,,,,,,,,,,,,,,,,,,,,,,,,,,,,,,,,,,,,,,1.3744759304689482,0.0,1.4926347645061893,0.0,3.9510949301237765,0.0,0.15357317948266563,0.0,0.25890247389291493,0.0,0.3583290295310946,0.0,1.4005049656571833,0.0,0.9253580313830996,0.0,1.1155735082333922,0.0,1.2348082070032467,0.0,3.6687938323297526,0.0,0.7955350444051684,0.0,-1.6333783368099326,0.0,1.7103234925941613,0.0,,,,,,,,,,,,,,,,,,,,,,,,,,,,,,,,,,,,
diagnosis_smoke,conditional,synthetic,diagnosis,joint | random1:0 | circuit,,,,,,,,,,,,,,,,,,,,,,,,,,,,,,,,,,,,,,,,,,,1,[11],conditional,,,,,,,,,,,,,,,,,,,,,,,,,,,,,,,,,,,,,,,,,,,,,,,,,,,,,,,,,,,,,,,,,,,,,,,,,,,,,,,,,0.1,0.0,30.0,0.0,7.287288665771484,0.0,5.85761022567749,0.0,0.2,0.0,0.2,0.0,0.5,0.0,0.5,0.0,0.5,0.0,,,0.0,0.0,15.0,0.0,0.0,0.0,0.0,0.0,0.0,0.0,0.0,0.0,,,0.0,0.0
diagnosis_smoke,conditional,synthetic,diagnosis,independent | random1:0 | circuit,,,,,,,,,,,,,,,,,,,,,,,,,,,,,,,,,,,,,,,,,,,1,[11],conditional,,,,,,,,,,,,,,,,,,,,,,,,,,,,,,,,,,,,,,,,,,,,,,,,,,,,,,,,,,,,,,,,,,,,,,,,,,,,,,,,,0.1,0.0,30.0,0.0,7.287288665771484,0.0,5.8576202392578125,0.0,0.2,0.0,0.2,0.0,0.5,0.0,0.5,0.0,0.5,0.0,,,0.0,0.0,15.0,0.0,0.0,0.0,0.0,0.0,0.0,0.0,0.0,0.0,,,0.0,0.0
diagnosis_smoke,conditional,synthetic,diagnosis,marginal_max | random1:0 | circuit,,,,,,,,,,,,,,,,,,,,,,,,,,,,,,,,,,,,,,,,,,,1,[11],conditional,,,,,,,,,,,,,,,,,,,,,,,,,,,,,,,,,,,,,,,,,,,,,,,,,,,,,,,,,,,,,,,,,,,,,,,,,,,,,,,,,0.1,0.0,30.0,0.0,4.058514595031738,0.0,3.634740114212036,0.0,0.26666666666666666,0.0,0.26666666666666666,0.0,0.5,0.0,0.5,0.0,0.5,0.0,,,0.0,0.0,15.0,0.0,0.0,0.0,0.0,0.0,0.0,0.0,0.0,0.0,,,0.0,0.0
diagnosis_smoke,conditional,synthetic,diagnosis,conditional_max | random1:0 | circuit,,,,,,,,,,,,,,,,,,,,,,,,,,,,,,,,,,,,,,,,,,,1,[11],conditional,,,,,,,,,,,,,,,,,,,,,,,,,,,,,,,,,,,,,,,,,,,,,,,,,,,,,,,,,,,,,,,,,,,,,,,,,,,,,,,,,0.1,0.0,30.0,0.0,4.0585126876831055,0.0,3.6347315311431885,0.0,0.26666666666666666,0.0,0.26666666666666666,0.0,0.5,0.0,0.5,0.0,0.5,0.0,,,0.0,0.0,15.0,0.0,0.0,0.0,0.0,0.0,0.0,0.0,0.0,0.0,,,0.0,0.0
diagnosis_smoke,conditional,synthetic,diagnosis,relational_max | random1:0 | circuit,,,,,,,,,,,,,,,,,,,,,,,,,,,,,,,,,,,,,,,,,,,1,[11],conditional,,,,,,,,,,,,,,,,,,,,,,,,,,,,,,,,,,,,,,,,,,,,,,,,,,,,,,,,,,,,,,,,,,,,,,,,,,,,,,,,,0.1,0.0,30.0,0.0,4.76837158203125e-07,0.0,1.049041748046875e-05,0.0,0.06666666666666667,0.0,0.06666666666666667,0.0,0.5,0.0,0.5,0.0,0.5,0.0,,,0.0,0.0,15.0,0.0,0.0,0.0,0.0,0.0,0.0,0.0,0.0,0.0,,,0.0,0.0
diagnosis_smoke,conditional,synthetic,diagnosis,query random1:0 | known_law_oracle,,,,,,,,,,,,,,,,,,,,,,,,,,,,,,,,,,,,,,,,,,,1,[11],conditional,,,,,,,,,,,0.0,0.0,0.0006755459999112645,0.0,0.000839684999846213,0.0,30.0,0.0,2.0,0.0,2.0,0.0,2.0,0.0,3.0,0.0,0.0,0.0,0.0,0.0,1.0,0.0,0.0,0.0,0.0,0.0,0.0,0.0,90.0,0.0,0.0,0.0,1.1155750659014425,0.0,1.234809828249585,0.0,1.1605404895344638,0.0,-0.2967721990967604,0.0,2.9406760104973735,0.0,,,,,,,,,,,,,,,,,,,,,,,,,,,,,,,,,,,,,,,,,,,,,,,,,,,,,,,,,,,,,,,,
diagnosis_smoke,conditional,synthetic,diagnosis,known-law error random1:0 | known_law_oracle,,,,,,,,,,,,,,,,,,,,,,,,,,,,,,,,,,,,,,,,,,,1,[11],conditional,,,,,,,,,,,,,,,,,,,,,,,,,,,,,,,,,,,,,,,,,,,,,,,,,,,,,0.0,0.0,0.0,0.0,0.0,0.0,0.9999999999999999,0.0,0.0,0.0,0.0,0.0,0.0,0.0,1.0,0.0,0.0,0.0,0.0,0.0,0.0,0.0,1.0,0.0,0.0,0.0,0.0,0.0,,,,,,,,,,,,,,,,,,,,,,,,,,,,,,,,,,,,
diagnosis_smoke,conditional,synthetic,diagnosis,joint | random1:0 | known_law_oracle,,,,,,,,,,,,,,,,,,,,,,,,,,,,,,,,,,,,,,,,,,,1,[11],conditional,,,,,,,,,,,,,,,,,,,,,,,,,,,,,,,,,,,,,,,,,,,,,,,,,,,,,,,,,,,,,,,,,,,,,,,,,,,,,,,,,0.1,0.0,30.0,0.0,7.116230464044952,0.0,4.080112582042755,0.0,0.06666666666666667,0.0,0.06666666666666667,0.0,0.5,0.0,0.5,0.0,0.5,0.0,,,0.0,0.0,15.0,0.0,0.0,0.0,0.0,0.0,0.0,0.0,0.0,0.0,,,0.0,0.0
diagnosis_smoke,conditional,synthetic,diagnosis,independent | random1:0 | known_law_oracle,,,,,,,,,,,,,,,,,,,,,,,,,,,,,,,,,,,,,,,,,,,1,[11],conditional,,,,,,,,,,,,,,,,,,,,,,,,,,,,,,,,,,,,,,,,,,,,,,,,,,,,,,,,,,,,,,,,,,,,,,,,,,,,,,,,,0.1,0.0,30.0,0.0,6.966322716303916,0.0,7.05367450929741,0.0,0.2,0.0,0.2,0.0,0.5,0.0,0.5,0.0,0.5,0.0,,,0.0,0.0,15.0,0.0,0.0,0.0,0.0,0.0,0.0,0.0,0.0,0.0,,,0.0,0.0
diagnosis_smoke,conditional,synthetic,diagnosis,marginal_max | random1:0 | known_law_oracle,,,,,,,,,,,,,,,,,,,,,,,,,,,,,,,,,,,,,,,,,,,1,[11],conditional,,,,,,,,,,,,,,,,,,,,,,,,,,,,,,,,,,,,,,,,,,,,,,,,,,,,,,,,,,,,,,,,,,,,,,,,,,,,,,,,,0.1,0.0,30.0,0.0,4.15048219710894,0.0,4.112297633006275,0.0,0.13333333333333333,0.0,0.13333333333333333,0.0,0.5,0.0,0.5,0.0,0.5,0.0,,,0.0,0.0,15.0,0.0,0.0,0.0,0.0,0.0,0.0,0.0,0.0,0.0,,,0.0,0.0
diagnosis_smoke,conditional,synthetic,diagnosis,conditional_max | random1:0 | known_law_oracle,,,,,,,,,,,,,,,,,,,,,,,,,,,,,,,,,,,,,,,,,,,1,[11],conditional,,,,,,,,,,,,,,,,,,,,,,,,,,,,,,,,,,,,,,,,,,,,,,,,,,,,,,,,,,,,,,,,,,,,,,,,,,,,,,,,,0.1,0.0,30.0,0.0,3.871229416967211,0.0,2.351769974641956,0.0,0.0,0.0,0.0,0.0,0.5,0.0,0.5,0.0,0.5,0.0,,,0.0,0.0,15.0,0.0,0.0,0.0,0.0,0.0,0.0,0.0,0.0,0.0,,,0.0,0.0
diagnosis_smoke,conditional,synthetic,diagnosis,relational_max | random1:0 | known_law_oracle,,,,,,,,,,,,,,,,,,,,,,,,,,,,,,,,,,,,,,,,,,,1,[11],conditional,,,,,,,,,,,,,,,,,,,,,,,,,,,,,,,,,,,,,,,,,,,,,,,,,,,,,,,,,,,,,,,,,,,,,,,,,,,,,,,,,0.1,0.0,30.0,0.0,1.4622914651738665,0.0,4.44966008215366,0.0,0.0,0.0,0.0,0.0,0.5,0.0,0.5,0.0,0.5,0.0,,,0.0,0.0,15.0,0.0,0.0,0.0,0.0,0.0,0.0,0.0,0.0,0.0,,,0.0,0.0
diagnosis_smoke,conditional,synthetic,diagnosis,query bank0:0 | circuit,,,,,,,,,,,,,,,,,,,,,,,,,,,,,,,,,,,,,,,,,,,1,[11],conditional,,,,,,,,,,,9.5367431640625e-07,0.0,0.0018308790004084585,0.0,0.0018265940007040626,0.0,30.0,0.0,2.0,0.0,2.0,0.0,2.0,0.0,3.0,0.0,64.0,0.0,6.0,0.0,1.0,0.0,0.001679,0.0,1920.0,0.0,360.0,0.0,90.0,0.0,720.0,0.0,1.62124638336536e-06,0.0,1.8119811784345075e-06,0.0,2.639456397446338e-06,0.0,-6.19888282926695e-07,0.0,6.198883056640625e-06,0.0,,,,,,,,,,,,,,,,,,,,,,,,,,,,,,,,,,,,,,,,,,,,,,,,,,,,,,,,,,,,,,,,
diagnosis_smoke,conditional,synthetic,diagnosis,known-law error bank0:0 | circuit,,,,,,,,,,,,,,,,,,,,,,,,,,,,,,,,,,,,,,,,,,,1,[11],conditional,,,,,,,,,,,,,,,,,,,,,,,,,,,,,,,,,,,,,,,,,,,,,,,,,,,,,1.3744759304689482,0.0,1.4926347645061893,0.0,3.9510949301237765,0.0,0.15357317948266563,0.0,0.25890247389291493,0.0,0.3583290295310946,0.0,1.4005049656571833,0.0,0.9253580313830996,0.0,1.1155735082333922,0.0,1.2348082070032467,0.0,3.6687938323297526,0.0,0.7955350444051684,0.0,-1.6333783368099326,0.0,1.7103234925941613,0.0,,,,,,,,,,,,,,,,,,,,,,,,,,,,,,,,,,,,
diagnosis_smoke,conditional,synthetic,diagnosis,joint | bank0:0 | circuit,,,,,,,,,,,,,,,,,,,,,,,,,,,,,,,,,,,,,,,,,,,1,[11],conditional,,,,,,,,,,,,,,,,,,,,,,,,,,,,,,,,,,,,,,,,,,,,,,,,,,,,,,,,,,,,,,,,,,,,,,,,,,,,,,,,,0.1,0.0,30.0,0.0,7.287288665771484,0.0,5.85761022567749,0.0,0.2,0.0,0.2,0.0,0.5,0.0,0.5,0.0,0.5,0.0,,,0.0,0.0,15.0,0.0,0.0,0.0,0.0,0.0,0.0,0.0,0.0,0.0,,,0.0,0.0
diagnosis_smoke,conditional,synthetic,diagnosis,independent | bank0:0 | circuit,,,,,,,,,,,,,,,,,,,,,,,,,,,,,,,,,,,,,,,,,,,1,[11],conditional,,,,,,,,,,,,,,,,,,,,,,,,,,,,,,,,,,,,,,,,,,,,,,,,,,,,,,,,,,,,,,,,,,,,,,,,,,,,,,,,,0.1,0.0,30.0,0.0,7.287288665771484,0.0,5.8576202392578125,0.0,0.2,0.0,0.2,0.0,0.5,0.0,0.5,0.0,0.5,0.0,,,0.0,0.0,15.0,0.0,0.0,0.0,0.0,0.0,0.0,0.0,0.0,0.0,,,0.0,0.0
diagnosis_smoke,conditional,synthetic,diagnosis,marginal_max | bank0:0 | circuit,,,,,,,,,,,,,,,,,,,,,,,,,,,,,,,,,,,,,,,,,,,1,[11],conditional,,,,,,,,,,,,,,,,,,,,,,,,,,,,,,,,,,,,,,,,,,,,,,,,,,,,,,,,,,,,,,,,,,,,,,,,,,,,,,,,,0.1,0.0,30.0,0.0,4.058514595031738,0.0,3.634740114212036,0.0,0.26666666666666666,0.0,0.26666666666666666,0.0,0.5,0.0,0.5,0.0,0.5,0.0,,,0.0,0.0,15.0,0.0,0.0,0.0,0.0,0.0,0.0,0.0,0.0,0.0,,,0.0,0.0
diagnosis_smoke,conditional,synthetic,diagnosis,conditional_max | bank0:0 | circuit,,,,,,,,,,,,,,,,,,,,,,,,,,,,,,,,,,,,,,,,,,,1,[11],conditional,,,,,,,,,,,,,,,,,,,,,,,,,,,,,,,,,,,,,,,,,,,,,,,,,,,,,,,,,,,,,,,,,,,,,,,,,,,,,,,,,0.1,0.0,30.0,0.0,4.0585126876831055,0.0,3.6347315311431885,0.0,0.26666666666666666,0.0,0.26666666666666666,0.0,0.5,0.0,0.5,0.0,0.5,0.0,,,0.0,0.0,15.0,0.0,0.0,0.0,0.0,0.0,0.0,0.0,0.0,0.0,,,0.0,0.0
diagnosis_smoke,conditional,synthetic,diagnosis,relational_max | bank0:0 | circuit,,,,,,,,,,,,,,,,,,,,,,,,,,,,,,,,,,,,,,,,,,,1,[11],conditional,,,,,,,,,,,,,,,,,,,,,,,,,,,,,,,,,,,,,,,,,,,,,,,,,,,,,,,,,,,,,,,,,,,,,,,,,,,,,,,,,0.1,0.0,30.0,0.0,4.76837158203125e-07,0.0,1.049041748046875e-05,0.0,0.06666666666666667,0.0,0.06666666666666667,0.0,0.5,0.0,0.5,0.0,0.5,0.0,,,0.0,0.0,15.0,0.0,0.0,0.0,0.0,0.0,0.0,0.0,0.0,0.0,,,0.0,0.0
diagnosis_smoke,conditional,synthetic,diagnosis,query bank0:0 | known_law_oracle,,,,,,,,,,,,,,,,,,,,,,,,,,,,,,,,,,,,,,,,,,,1,[11],conditional,,,,,,,,,,,0.0,0.0,0.0006723229998897295,0.0,0.0008306189993163571,0.0,30.0,0.0,2.0,0.0,2.0,0.0,2.0,0.0,3.0,0.0,0.0,0.0,0.0,0.0,1.0,0.0,0.0,0.0,0.0,0.0,0.0,0.0,90.0,0.0,0.0,0.0,1.1155750659014425,0.0,1.234809828249585,0.0,1.1605404895344638,0.0,-0.2967721990967604,0.0,2.9406760104973735,0.0,,,,,,,,,,,,,,,,,,,,,,,,,,,,,,,,,,,,,,,,,,,,,,,,,,,,,,,,,,,,,,,,
diagnosis_smoke,conditional,synthetic,diagnosis,known-law error bank0:0 | known_law_oracle,,,,,,,,,,,,,,,,,,,,,,,,,,,,,,,,,,,,,,,,,,,1,[11],conditional,,,,,,,,,,,,,,,,,,,,,,,,,,,,,,,,,,,,,,,,,,,,,,,,,,,,,0.0,0.0,0.0,0.0,0.0,0.0,0.9999999999999999,0.0,0.0,0.0,0.0,0.0,0.0,0.0,1.0,0.0,0.0,0.0,0.0,0.0,0.0,0.0,1.0,0.0,0.0,0.0,0.0,0.0,,,,,,,,,,,,,,,,,,,,,,,,,,,,,,,,,,,,
diagnosis_smoke,conditional,synthetic,diagnosis,joint | bank0:0 | known_law_oracle,,,,,,,,,,,,,,,,,,,,,,,,,,,,,,,,,,,,,,,,,,,1,[11],conditional,,,,,,,,,,,,,,,,,,,,,,,,,,,,,,,,,,,,,,,,,,,,,,,,,,,,,,,,,,,,,,,,,,,,,,,,,,,,,,,,,0.1,0.0,30.0,0.0,7.116230464044952,0.0,4.080112582042755,0.0,0.06666666666666667,0.0,0.06666666666666667,0.0,0.5,0.0,0.5,0.0,0.5,0.0,,,0.0,0.0,15.0,0.0,0.0,0.0,0.0,0.0,0.0,0.0,0.0,0.0,,,0.0,0.0
diagnosis_smoke,conditional,synthetic,diagnosis,independent | bank0:0 | known_law_oracle,,,,,,,,,,,,,,,,,,,,,,,,,,,,,,,,,,,,,,,,,,,1,[11],conditional,,,,,,,,,,,,,,,,,,,,,,,,,,,,,,,,,,,,,,,,,,,,,,,,,,,,,,,,,,,,,,,,,,,,,,,,,,,,,,,,,0.1,0.0,30.0,0.0,6.966322716303916,0.0,7.05367450929741,0.0,0.2,0.0,0.2,0.0,0.5,0.0,0.5,0.0,0.5,0.0,,,0.0,0.0,15.0,0.0,0.0,0.0,0.0,0.0,0.0,0.0,0.0,0.0,,,0.0,0.0
diagnosis_smoke,conditional,synthetic,diagnosis,marginal_max | bank0:0 | known_law_oracle,,,,,,,,,,,,,,,,,,,,,,,,,,,,,,,,,,,,,,,,,,,1,[11],conditional,,,,,,,,,,,,,,,,,,,,,,,,,,,,,,,,,,,,,,,,,,,,,,,,,,,,,,,,,,,,,,,,,,,,,,,,,,,,,,,,,0.1,0.0,30.0,0.0,4.15048219710894,0.0,4.112297633006275,0.0,0.13333333333333333,0.0,0.13333333333333333,0.0,0.5,0.0,0.5,0.0,0.5,0.0,,,0.0,0.0,15.0,0.0,0.0,0.0,0.0,0.0,0.0,0.0,0.0,0.0,,,0.0,0.0
diagnosis_smoke,conditional,synthetic,diagnosis,conditional_max | bank0:0 | known_law_oracle,,,,,,,,,,,,,,,,,,,,,,,,,,,,,,,,,,,,,,,,,,,1,[11],conditional,,,,,,,,,,,,,,,,,,,,,,,,,,,,,,,,,,,,,,,,,,,,,,,,,,,,,,,,,,,,,,,,,,,,,,,,,,,,,,,,,0.1,0.0,30.0,0.0,3.871229416967211,0.0,2.351769974641956,0.0,0.0,0.0,0.0,0.0,0.5,0.0,0.5,0.0,0.5,0.0,,,0.0,0.0,15.0,0.0,0.0,0.0,0.0,0.0,0.0,0.0,0.0,0.0,,,0.0,0.0
diagnosis_smoke,conditional,synthetic,diagnosis,relational_max | bank0:0 | known_law_oracle,,,,,,,,,,,,,,,,,,,,,,,,,,,,,,,,,,,,,,,,,,,1,[11],conditional,,,,,,,,,,,,,,,,,,,,,,,,,,,,,,,,,,,,,,,,,,,,,,,,,,,,,,,,,,,,,,,,,,,,,,,,,,,,,,,,,0.1,0.0,30.0,0.0,1.4622914651738665,0.0,4.44966008215366,0.0,0.0,0.0,0.0,0.0,0.5,0.0,0.5,0.0,0.5,0.0,,,0.0,0.0,15.0,0.0,0.0,0.0,0.0,0.0,0.0,0.0,0.0,0.0,,,0.0,0.0
diagnosis_smoke,conditional,synthetic,diagnosis,query single_sensor_0 | circuit,,,,,,,,,,,,,,,,,,,,,,,,,,,,,,,,,,,,,,,,,,,1,[11],conditional,,,,,,,,,,,2.384185791015625e-07,0.0,0.0018234650005979347,0.0,0.0018263219999425928,0.0,30.0,0.0,1.0,0.0,1.0,0.0,1.0,0.0,3.0,0.0,64.0,0.0,6.0,0.0,1.0,0.0,0.001673,0.0,1920.0,0.0,360.0,0.0,90.0,0.0,720.0,0.0,1.5894572769070692e-08,0.0,1.5894572769070692e-08,0.0,5.9472039737329396e-08,0.0,0.0,0.0,7.152557657263969e-08,0.0,,,,,,,,,,,,,,,,,,,,,,,,,,,,,,,,,,,,,,,,,,,,,,,,,,,,,,,,,,,,,,,,
diagnosis_smoke,conditional,synthetic,diagnosis,known-law error single_sensor_0 | circuit,,,,,,,,,,,,,,,,,,,,,,,,,,,,,,,,,,,,,,,,,,,1,[11],conditional,,,,,,,,,,,,,,,,,,,,,,,,,,,,,,,,,,,,,,,,,,,,,,,,,,,,,0.1613185666884073,0.0,0.3820553000101796,0.0,1.7272198553553553,0.0,0.8111383362932746,0.0,0.1613185666884073,0.0,0.3820553000101796,0.0,1.7272198553553553,0.0,0.8111383362932746,0.0,0.0,0.0,0.0,0.0,0.0,0.0,,,-0.16131855874112133,0.0,0.3820553079574656,0.0,,,,,,,,,,,,,,,,,,,,,,,,,,,,,,,,,,,,
diagnosis_smoke,conditional,synthetic,diagnosis,joint | single_sensor_0 | circuit,,,,,,,,,,,,,,,,,,,,,,,,,,,,,,,,,,,,,,,,,,,1,[11],conditional,,,,,,,,,,,,,,,,,,,,,,,,,,,,,,,,,,,,,,,,,,,,,,,,,,,,,,,,,,,,,,,,,,,,,,,,,,,,,,,,,0.1,0.0,30.0,0.0,4.525861740112305,0.0,3.765279769897461,0.0,0.06666666666666667,0.0,0.0,0.0,0.48444444444444446,0.0,0.4863950180462048,0.0,0.48444444444444446,0.0,,,0.0,0.0,0.0,0.0,15.0,0.0,15.0,0.0,0.0,0.0,0.0,0.0,,,0.0,0.0
diagnosis_smoke,conditional,synthetic,diagnosis,independent | single_sensor_0 | circuit,,,,,,,,,,,,,,,,,,,,,,,,,,,,,,,,,,,,,,,,,,,1,[11],conditional,,,,,,,,,,,,,,,,,,,,,,,,,,,,,,,,,,,,,,,,,,,,,,,,,,,,,,,,,,,,,,,,,,,,,,,,,,,,,,,,,0.1,0.0,30.0,0.0,4.525861740112305,0.0,3.765279769897461,0.0,0.06666666666666667,0.0,0.0,0.0,0.48444444444444446,0.0,0.4863950180462048,0.0,0.48444444444444446,0.0,,,0.0,0.0,0.0,0.0,15.0,0.0,15.0,0.0,0.0,0.0,0.0,0.0,,,0.0,0.0
diagnosis_smoke,conditional,synthetic,diagnosis,marginal_max | single_sensor_0 | circuit,,,,,,,,,,,,,,,,,,,,,,,,,,,,,,,,,,,,,,,,,,,1,[11],conditional,,,,,,,,,,,,,,,,,,,,,,,,,,,,,,,,,,,,,,,,,,,,,,,,,,,,,,,,,,,,,,,,,,,,,,,,,,,,,,,,,0.1,0.0,30.0,0.0,4.525861740112305,0.0,3.765279769897461,0.0,0.06666666666666667,0.0,0.0,0.0,0.48444444444444446,0.0,0.4863950180462048,0.0,0.48444444444444446,0.0,,,0.0,0.0,0.0,0.0,15.0,0.0,15.0,0.0,0.0,0.0,0.0,0.0,,,0.0,0.0
diagnosis_smoke,conditional,synthetic,diagnosis,conditional_max | single_sensor_0 | circuit,,,,,,,,,,,,,,,,,,,,,,,,,,,,,,,,,,,,,,,,,,,1,[11],conditional,,,,,,,,,,,,,,,,,,,,,,,,,,,,,,,,,,,,,,,,,,,,,,,,,,,,,,,,,,,,,,,,,,,,,,,,,,,,,,,,,0.1,0.0,30.0,0.0,4.525861740112305,0.0,3.765279769897461,0.0,0.06666666666666667,0.0,0.0,0.0,0.48444444444444446,0.0,0.4863950180462048,0.0,0.48444444444444446,0.0,,,0.0,0.0,0.0,0.0,15.0,0.0,15.0,0.0,0.0,0.0,0.0,0.0,,,0.0,0.0
diagnosis_smoke,conditional,synthetic,diagnosis,relational_max | single_sensor_0 | circuit,,,,,,,,,,,,,,,,,,,,,,,,,,,,,,,,,,,,,,,,,,,1,[11],conditional,,,,,,,,,,,,,,,,,,,,,,,,,,,,,,,,,,,,,,,,,,,,,,,,,,,,,,,,,,,,,,,,,,,,,,,,,,,,,,,,,0.1,0.0,30.0,0.0,0.0,0.0,0.0,0.0,0.0,0.0,0.0,0.0,0.5,0.0,0.5,0.0,0.5,0.0,,,0.0,0.0,0.0,0.0,15.0,0.0,15.0,0.0,0.0,0.0,0.0,0.0,,,0.0,0.0
diagnosis_smoke,conditional,synthetic,diagnosis,query single_sensor_0 | known_law_oracle,,,,,,,,,,,,,,,,,,,,,,,,,,,,,,,,,,,,,,,,,,,1,[11],conditional,,,,,,,,,,,0.0,0.0,0.00031786599993210984,0.0,0.0004326150001361384,0.0,30.0,0.0,1.0,0.0,1.0,0.0,1.0,0.0,2.0,0.0,0.0,0.0,0.0,0.0,1.0,0.0,0.0,0.0,0.0,0.0,0.0,0.0,90.0,0.0,0.0,0.0,0.0,0.0,0.0,0.0,0.0,0.0,0.0,0.0,0.0,0.0,,,,,,,,,,,,,,,,,,,,,,,,,,,,,,,,,,,,,,,,,,,,,,,,,,,,,,,,,,,,,,,,
diagnosis_smoke,conditional,synthetic,diagnosis,known-law error single_sensor_0 | known_law_oracle,,,,,,,,,,,,,,,,,,,,,,,,,,,,,,,,,,,,,,,,,,,1,[11],conditional,,,,,,,,,,,,,,,,,,,,,,,,,,,,,,,,,,,,,,,,,,,,,,,,,,,,,0.0,0.0,0.0,0.0,0.0,0.0,0.9999999999999999,0.0,0.0,0.0,0.0,0.0,0.0,0.0,0.9999999999999999,0.0,0.0,0.0,0.0,0.0,0.0,0.0,,,0.0,0.0,0.0,0.0,,,,,,,,,,,,,,,,,,,,,,,,,,,,,,,,,,,,
diagnosis_smoke,conditional,synthetic,diagnosis,joint | single_sensor_0 | known_law_oracle,,,,,,,,,,,,,,,,,,,,,,,,,,,,,,,,,,,,,,,,,,,1,[11],conditional,,,,,,,,,,,,,,,,,,,,,,,,,,,,,,,,,,,,,,,,,,,,,,,,,,,,,,,,,,,,,,,,,,,,,,,,,,,,,,,,,0.1,0.0,30.0,0.0,4.5928971397183895,0.0,2.832157365280544,0.0,0.0,0.0,0.0,0.0,0.4,0.0,0.43655596868402224,0.0,0.4,0.0,,,0.0,0.0,0.0,0.0,15.0,0.0,15.0,0.0,0.0,0.0,0.0,0.0,,,0.0,0.0
diagnosis_smoke,conditional,synthetic,diagnosis,independent | single_sensor_0 | known_law_oracle,,,,,,,,,,,,,,,,,,,,,,,,,,,,,,,,,,,,,,,,,,,1,[11],conditional,,,,,,,,,,,,,,,,,,,,,,,,,,,,,,,,,,,,,,,,,,,,,,,,,,,,,,,,,,,,,,,,,,,,,,,,,,,,,,,,,0.1,0.0,30.0,0.0,4.5928971397183895,0.0,2.832157365280544,0.0,0.0,0.0,0.0,0.0,0.4,0.0,0.43655596868402224,0.0,0.4,0.0,,,0.0,0.0,0.0,0.0,15.0,0.0,15.0,0.0,0.0,0.0,0.0,0.0,,,0.0,0.0
diagnosis_smoke,conditional,synthetic,diagnosis,marginal_max | single_sensor_0 | known_law_oracle,,,,,,,,,,,,,,,,,,,,,,,,,,,,,,,,,,,,,,,,,,,1,[11],conditional,,,,,,,,,,,,,,,,,,,,,,,,,,,,,,,,,,,,,,,,,,,,,,,,,,,,,,,,,,,,,,,,,,,,,,,,,,,,,,,,,0.1,0.0,30.0,0.0,4.5928971397183895,0.0,2.832157365280544,0.0,0.0,0.0,0.0,0.0,0.4,0.0,0.43655596868402224,0.0,0.4,0.0,,,0.0,0.0,0.0,0.0,15.0,0.0,15.0,0.0,0.0,0.0,0.0,0.0,,,0.0,0.0
diagnosis_smoke,conditional,synthetic,diagnosis,conditional_max | single_sensor_0 | known_law_oracle,,,,,,,,,,,,,,,,,,,,,,,,,,,,,,,,,,,,,,,,,,,1,[11],conditional,,,,,,,,,,,,,,,,,,,,,,,,,,,,,,,,,,,,,,,,,,,,,,,,,,,,,,,,,,,,,,,,,,,,,,,,,,,,,,,,,0.1,0.0,30.0,0.0,4.5928971397183895,0.0,2.832157365280544,0.0,0.0,0.0,0.0,0.0,0.4,0.0,0.43655596868402224,0.0,0.4,0.0,,,0.0,0.0,0.0,0.0,15.0,0.0,15.0,0.0,0.0,0.0,0.0,0.0,,,0.0,0.0
diagnosis_smoke,conditional,synthetic,diagnosis,relational_max | single_sensor_0 | known_law_oracle,,,,,,,,,,,,,,,,,,,,,,,,,,,,,,,,,,,,,,,,,,,1,[11],conditional,,,,,,,,,,,,,,,,,,,,,,,,,,,,,,,,,,,,,,,,,,,,,,,,,,,,,,,,,,,,,,,,,,,,,,,,,,,,,,,,,0.1,0.0,30.0,0.0,0.0,0.0,0.0,0.0,0.0,0.0,0.0,0.0,0.5,0.0,0.5,0.0,0.5,0.0,,,0.0,0.0,0.0,0.0,15.0,0.0,15.0,0.0,0.0,0.0,0.0,0.0,,,0.0,0.0
