variant,method_name,mask,score,auroc_mean,auroc_std,ap_mean,ap_std,fpr_mean,fpr_std,power_mean,power_std,score_range_mean,score_range_std,n_seeds,seeds,numerically_flat_frac,threshold_infinite_frac,depends_on_values_frac,depends_on_fault_frac
blocked,circuit,bank0:0-1,conditional_max,0.5,0.0,0.5,0.0,0.06166666666666667,0.03752776749732568,0.06166666666666667,0.03752776749732568,14.074270566304525,4.668708417307935,3,"[11, 12, 13]",0.0,0.0,0.0,0.0
blocked,circuit,bank0:0-1,independent,0.5,0.0,0.5,0.0,0.05833333333333334,0.04010403138505322,0.05833333333333334,0.04010403138505322,23.66234079996745,5.580240839534766,3,"[11, 12, 13]",0.0,0.0,0.0,0.0
blocked,circuit,bank0:0-1,joint,0.5,0.0,0.5,0.0,0.06166666666666667,0.04252450274057691,0.06166666666666667,0.04252450274057691,23.352270126342773,5.375062735914096,3,"[11, 12, 13]",0.0,0.0,0.0,0.0
blocked,circuit,bank0:0-1,marginal_max,0.5,0.0,0.5,0.0,0.049999999999999996,0.022912878474779203,0.049999999999999996,0.022912878474779203,14.2562468846639,4.822427317101062,3,"[11, 12, 13]",0.0,0.0,0.0,0.0
blocked,circuit,bank0:0-1,relational_max,0.5,0.0,0.5,0.0,0.03666666666666667,0.014433756729740642,0.03666666666666667,0.014433756729740642,1.5854687690734863,1.375925466962649,3,"[11, 12, 13]",0.3333333333333333,0.0,0.0,0.0
blocked,circuit,full,conditional_max,0.6447916666666668,0.0069250714496915545,0.6457133867348768,0.009396957081236206,0.055,0.04444097208657795,0.15,0.06557438524302,15.467289288838705,1.8810050341916797,3,"[11, 12, 13]",0.0,0.0,0.0,0.0
blocked,circuit,full,independent,0.52325,0.0015376524314681475,0.4972313033200897,0.00033524351394342736,0.05333333333333334,0.023094010767585032,0.03333333333333333,0.02309401076758503,45.18905893961588,11.447549917890887,3,"[11, 12, 13]",0.0,0.0,0.0,0.0
blocked,circuit,full,joint,0.5880666666666666,0.004702016411427474,0.5512840640091009,0.0029219086728285875,0.05333333333333334,0.04645786621588784,0.06333333333333334,0.05619905100029122,44.01218922932943,11.349954750816565,3,"[11, 12, 13]",0.0,0.0,0.0,0.0
blocked,circuit,full,marginal_max,0.5632458333333333,0.005140317556662559,0.5433273724522537,0.0010559844436690564,0.04833333333333333,0.036170890690351176,0.05666666666666667,0.04725815626252608,16.36610476175944,1.1530917476452465,3,"[11, 12, 13]",0.0,0.0,0.0,0.0
blocked,circuit,full,relational_max,0.7103166666666666,0.011619530523361688,0.7458625503597455,0.013180594469627492,0.05666666666666667,0.014433756729740645,0.3216666666666667,0.03883726732577015,6.2634843190511065,1.0916292719649594,3,"[11, 12, 13]",0.0,0.0,0.0,0.0
blocked,circuit,random1:0,conditional_max,0.5,0.0,0.5,0.0,0.056666666666666664,0.04856267428111156,0.056666666666666664,0.04856267428111156,13.91341463724772,4.569920071194153,3,"[11, 12, 13]",0.0,0.0,0.0,0.0
blocked,circuit,random1:0,independent,0.5,0.0,0.5,0.0,0.04833333333333333,0.036170890690351176,0.04833333333333333,0.036170890690351176,35.35942840576172,11.021793076877278,3,"[11, 12, 13]",0.0,0.0,0.0,0.0
blocked,circuit,random1:0,joint,0.5,0.0,0.5,0.0,0.05333333333333334,0.04072263907623539,0.05333333333333334,0.04072263907623539,34.69260915120443,10.570790190406186,3,"[11, 12, 13]",0.0,0.0,0.0,0.0
blocked,circuit,random1:0,marginal_max,0.5,0.0,0.5,0.0,0.045000000000000005,0.0360555127546399,0.045000000000000005,0.0360555127546399,14.226903915405273,4.829212467575828,3,"[11, 12, 13]",0.0,0.0,0.0,0.0
blocked,circuit,random1:0,relational_max,0.5,0.0,0.5,0.0,0.06333333333333334,0.018929694486000914,0.06333333333333334,0.018929694486000914,2.2853590647379556,2.058705615544897,3,"[11, 12, 13]",0.3333333333333333,0.0,0.0,0.0
blocked,circuit,random2:1-2,conditional_max,0.6503,0.0249434861236356,0.6505405167844374,0.02984989316015006,0.06166666666666667,0.010408329997330665,0.18166666666666667,0.03175426480542943,14.698469161987305,2.199554751126066,3,"[11, 12, 13]",0.0,0.0,0.0,0.0
blocked,circuit,random2:1-2,independent,0.5237249999999999,0.007246895887205816,0.49739771590883947,0.0020849466400313017,0.06666666666666667,0.020207259421636897,0.04,0.02783882181415011,23.507431030273438,3.4339454918779087,3,"[11, 12, 13]",0.0,0.0,0.0,0.0
blocked,circuit,random2:1-2,joint,0.598475,0.020220642299392997,0.5716072820262227,0.02186012279049636,0.06333333333333334,0.017559422921421233,0.09000000000000001,0.0264575131106459,22.877421696980793,3.5743517144489614,3,"[11, 12, 13]",0.0,0.0,0.0,0.0
blocked,circuit,random2:1-2,marginal_max,0.5572,0.015126595990175731,0.5392900048125511,0.0074362603310024885,0.05833333333333333,0.005773502691896259,0.07333333333333335,0.01258305739211792,14.326835950215658,2.7155533446376308,3,"[11, 12, 13]",0.0,0.0,0.0,0.0
blocked,circuit,random2:1-2,relational_max,0.7155666666666667,0.036383481256379746,0.7518874711469877,0.029619481301344192,0.043333333333333335,0.020207259421636904,0.3383333333333333,0.025166114784235825,5.453335126241048,1.1666535046285387,3,"[11, 12, 13]",0.0,0.0,0.0,0.0
blocked,circuit,random3:1-2-3,conditional_max,0.4891916666666667,0.004514859724657388,0.49871339463976533,0.006854196327731364,0.055,0.019999999999999997,0.05833333333333334,0.010408329997330667,12.225021362304688,3.0015459171865584,3,"[11, 12, 13]",0.0,0.0,0.0,0.0
blocked,circuit,random3:1-2-3,independent,0.4891916666666667,0.004514859724657388,0.49871339463976533,0.006854196327731364,0.055,0.019999999999999997,0.05833333333333334,0.010408329997330667,12.225021362304688,3.0015459171865584,3,"[11, 12, 13]",0.0,0.0,0.0,0.0
blocked,circuit,random3:1-2-3,joint,0.4891916666666667,0.004514859724657388,0.49871339463976533,0.006854196327731364,0.055,0.019999999999999997,0.05833333333333334,0.010408329997330667,12.225021362304688,3.0015460935790115,3,"[11, 12, 13]",0.0,0.0,0.0,0.0
blocked,circuit,random3:1-2-3,marginal_max,0.4891916666666667,0.004514859724657388,0.49871339463976533,0.006854196327731364,0.055,0.019999999999999997,0.05833333333333334,0.010408329997330667,12.225021362304688,3.0015459171865584,3,"[11, 12, 13]",0.0,0.0,0.0,0.0
blocked,circuit,random3:1-2-3,relational_max,0.5,0.0,0.5,0.0,0.0,0.0,0.0,0.0,0.0,0.0,3,"[11, 12, 13]",1.0,0.0,0.0,0.0
blocked,circuit,single_sensor_0,conditional_max,0.4891916666666667,0.004514859724657388,0.49871339463976533,0.006854196327731364,0.055,0.019999999999999997,0.05833333333333334,0.010408329997330667,12.225021362304688,3.0015459171865584,3,"[11, 12, 13]",0.0,0.0,0.0,0.0
blocked,circuit,single_sensor_0,independent,0.4891916666666667,0.004514859724657388,0.49871339463976533,0.006854196327731364,0.055,0.019999999999999997,0.05833333333333334,0.010408329997330667,12.225021362304688,3.0015459171865584,3,"[11, 12, 13]",0.0,0.0,0.0,0.0
blocked,circuit,single_sensor_0,joint,0.4891916666666667,0.004514859724657388,0.49871339463976533,0.006854196327731364,0.055,0.019999999999999997,0.05833333333333334,0.010408329997330667,12.225021362304688,3.0015460935790115,3,"[11, 12, 13]",0.0,0.0,0.0,0.0
blocked,circuit,single_sensor_0,marginal_max,0.4891916666666667,0.004514859724657388,0.49871339463976533,0.006854196327731364,0.055,0.019999999999999997,0.05833333333333334,0.010408329997330667,12.225021362304688,3.0015459171865584,3,"[11, 12, 13]",0.0,0.0,0.0,0.0
blocked,circuit,single_sensor_0,relational_max,0.5,0.0,0.5,0.0,0.0,0.0,0.0,0.0,0.0,0.0,3,"[11, 12, 13]",1.0,0.0,0.0,0.0
blocked,known_law_oracle,bank0:0-1,conditional_max,0.5,0.0,0.5,0.0,,,,,,,3,"[11, 12, 13]",,,,
blocked,known_law_oracle,bank0:0-1,independent,0.5,0.0,0.5,0.0,,,,,,,3,"[11, 12, 13]",,,,
blocked,known_law_oracle,bank0:0-1,joint,0.5,0.0,0.5,0.0,,,,,,,3,"[11, 12, 13]",,,,
blocked,known_law_oracle,bank0:0-1,marginal_max,0.5,0.0,0.5,0.0,,,,,,,3,"[11, 12, 13]",,,,
blocked,known_law_oracle,bank0:0-1,relational_max,0.5,0.0,0.5,0.0,,,,,,,3,"[11, 12, 13]",,,,
blocked,known_law_oracle,full,conditional_max,0.9254000000000001,0.00731368580129059,0.9409425870159445,0.006300026681139945,,,,,,,3,"[11, 12, 13]",,,,
blocked,known_law_oracle,full,independent,0.5234166666666666,0.004127070187594757,0.4953227809589944,0.004301656105251656,,,,,,,3,"[11, 12, 13]",,,,
blocked,known_law_oracle,full,joint,0.888475,0.0024337471109381866,0.9132739110151573,0.001032124340263655,,,,,,,3,"[11, 12, 13]",,,,
blocked,known_law_oracle,full,marginal_max,0.5722833333333334,0.003110122920936335,0.5452595549502569,0.009046311259488038,,,,,,,3,"[11, 12, 13]",,,,
blocked,known_law_oracle,full,relational_max,0.9431249999999999,0.012824561396008816,0.9551837990249066,0.009499754655342517,,,,,,,3,"[11, 12, 13]",,,,
blocked,known_law_oracle,random1:0,conditional_max,0.5,0.0,0.5,0.0,,,,,,,3,"[11, 12, 13]",,,,
blocked,known_law_oracle,random1:0,independent,0.5,0.0,0.5,0.0,,,,,,,3,"[11, 12, 13]",,,,
blocked,known_law_oracle,random1:0,joint,0.5,0.0,0.5,0.0,,,,,,,3,"[11, 12, 13]",,,,
blocked,known_law_oracle,random1:0,marginal_max,0.5,0.0,0.5,0.0,,,,,,,3,"[11, 12, 13]",,,,
blocked,known_law_oracle,random1:0,relational_max,0.5,0.0,0.5,0.0,,,,,,,3,"[11, 12, 13]",,,,
blocked,known_law_oracle,random2:1-2,conditional_max,0.8997083333333333,0.017445349189206105,0.9215935540339588,0.01225211038186652,,,,,,,3,"[11, 12, 13]",,,,
blocked,known_law_oracle,random2:1-2,independent,0.5248166666666666,0.0021939310229205926,0.49429167426924797,0.008234105479264342,,,,,,,3,"[11, 12, 13]",,,,
blocked,known_law_oracle,random2:1-2,joint,0.8479749999999999,0.01524223162794738,0.879711434295874,0.008830852631302356,,,,,,,3,"[11, 12, 13]",,,,
blocked,known_law_oracle,random2:1-2,marginal_max,0.56655,0.011713393775930205,0.5462341318002347,0.004067795251284844,,,,,,,3,"[11, 12, 13]",,,,
blocked,known_law_oracle,random2:1-2,relational_max,0.9314250000000001,0.014618844858606306,0.9447480208963511,0.010502674899999056,,,,,,,3,"[11, 12, 13]",,,,
blocked,known_law_oracle,random3:1-2-3,conditional_max,0.48662500000000003,0.006084868527749771,0.4983624026561697,0.008169094318119742,,,,,,,3,"[11, 12, 13]",,,,
blocked,known_law_oracle,random3:1-2-3,independent,0.48662500000000003,0.006084868527749771,0.4983624026561697,0.008169094318119742,,,,,,,3,"[11, 12, 13]",,,,
blocked,known_law_oracle,random3:1-2-3,joint,0.48662500000000003,0.006084868527749771,0.4983624026561697,0.008169094318119742,,,,,,,3,"[11, 12, 13]",,,,
blocked,known_law_oracle,random3:1-2-3,marginal_max,0.48662500000000003,0.006084868527749771,0.4983624026561697,0.008169094318119742,,,,,,,3,"[11, 12, 13]",,,,
blocked,known_law_oracle,random3:1-2-3,relational_max,0.5,0.0,0.5,0.0,,,,,,,3,"[11, 12, 13]",,,,
blocked,known_law_oracle,single_sensor_0,conditional_max,0.48662500000000003,0.006084868527749771,0.4983624026561697,0.008169094318119742,,,,,,,3,"[11, 12, 13]",,,,
blocked,known_law_oracle,single_sensor_0,independent,0.48662500000000003,0.006084868527749771,0.4983624026561697,0.008169094318119742,,,,,,,3,"[11, 12, 13]",,,,
blocked,known_law_oracle,single_sensor_0,joint,0.48662500000000003,0.006084868527749771,0.4983624026561697,0.008169094318119742,,,,,,,3,"[11, 12, 13]",,,,
blocked,known_law_oracle,single_sensor_0,marginal_max,0.48662500000000003,0.006084868527749771,0.4983624026561697,0.008169094318119742,,,,,,,3,"[11, 12, 13]",,,,
blocked,known_law_oracle,single_sensor_0,relational_max,0.5,0.0,0.5,0.0,,,,,,,3,"[11, 12, 13]",,,,
conditional,circuit,bank0:0-1,conditional_max,0.5,0.0,0.5,0.0,0.055,0.031224989991991994,0.055,0.031224989991991994,13.921568870544434,4.62376252048516,3,"[11, 12, 13]",0.0,0.0,0.0,0.0
conditional,circuit,bank0:0-1,independent,0.5,0.0,0.5,0.0,0.05666666666666667,0.05107184482014854,0.05666666666666667,0.05107184482014854,23.286518096923828,6.322715715596332,3,"[11, 12, 13]",0.0,0.0,0.0,0.0
conditional,circuit,bank0:0-1,joint,0.5,0.0,0.5,0.0,0.06166666666666667,0.05204164998665332,0.06166666666666667,0.05204164998665332,22.970605214436848,6.201197600581871,3,"[11, 12, 13]",0.0,0.0,0.0,0.0
conditional,circuit,bank0:0-1,marginal_max,0.5,0.0,0.5,0.0,0.06,0.03774917217635375,0.06,0.03774917217635375,14.149819056193033,4.774253579992672,3,"[11, 12, 13]",0.0,0.0,0.0,0.0
conditional,circuit,bank0:0-1,relational_max,0.5,0.0,0.5,0.0,0.07166666666666667,0.020207259421636897,0.07166666666666667,0.020207259421636897,2.714560031890869,0.27568819028296576,3,"[11, 12, 13]",0.0,0.0,0.0,0.0
conditional,circuit,full,conditional_max,0.65125,0.009378299419404336,0.6522351797908921,0.01344533593124462,0.041666666666666664,0.02254624876411447,0.12666666666666668,0.05131601439446884,15.596669514973959,3.007891551388009,3,"[11, 12, 13]",0.0,0.0,0.0,0.0
conditional,circuit,full,independent,0.5243666666666666,0.002588717507441365,0.4970881330351837,0.0016789176891959408,0.049999999999999996,0.03905124837953327,0.03,0.026457513110645904,45.35337702433268,13.060794912634373,3,"[11, 12, 13]",0.0,0.0,0.0,0.0
conditional,circuit,full,joint,0.5991083333333335,0.008465456770507605,0.5589069168901446,0.00610045613906481,0.051666666666666666,0.04193248541803042,0.06666666666666667,0.05686240703077327,43.44668197631836,13.894463411277975,3,"[11, 12, 13]",0.0,0.0,0.0,0.0
conditional,circuit,full,marginal_max,0.565975,0.007386675080846571,0.5432842008747863,0.0010205714253250487,0.04,0.02645751311064591,0.04833333333333334,0.041633319989322654,16.28182379404704,2.4319396819682653,3,"[11, 12, 13]",0.0,0.0,0.0,0.0
conditional,circuit,full,relational_max,0.7179500000000001,0.022479056224628268,0.7466774830686832,0.011218015384643017,0.07500000000000001,0.056789083458002744,0.32833333333333337,0.06251666444503687,7.36329968770345,0.747288339457979,3,"[11, 12, 13]",0.0,0.0,0.0,0.0
conditional,circuit,random1:0,conditional_max,0.5,0.0,0.5,0.0,0.04833333333333333,0.038188130791298666,0.04833333333333333,0.038188130791298666,13.894229729970297,5.714646130085058,3,"[11, 12, 13]",0.0,0.0,0.0,0.0
conditional,circuit,random1:0,independent,0.5,0.0,0.5,0.0,0.045000000000000005,0.035,0.045000000000000005,0.035,35.34588750203451,13.397745056030491,3,"[11, 12, 13]",0.0,0.0,0.0,0.0
conditional,circuit,random1:0,joint,0.5,0.0,0.5,0.0,0.05666666666666667,0.05575242894559243,0.05666666666666667,0.05575242894559243,34.097391764322914,13.836633273612383,3,"[11, 12, 13]",0.0,0.0,0.0,0.0
conditional,circuit,random1:0,marginal_max,0.5,0.0,0.5,0.0,0.04666666666666667,0.02753785273643051,0.04666666666666667,0.02753785273643051,14.44231128692627,5.304904594837995,3,"[11, 12, 13]",0.0,0.0,0.0,0.0
conditional,circuit,random1:0,relational_max,0.5,0.0,0.5,0.0,0.06666666666666667,0.024664414311581236,0.06666666666666667,0.024664414311581236,3.838251749674479,0.4588552925190345,3,"[11, 12, 13]",0.0,0.0,0.0,0.0
conditional,circuit,random2:1-2,conditional_max,0.6471916666666666,0.021440445618814273,0.6478517238691547,0.02735935218568662,0.06166666666666667,0.002886751345948131,0.19499999999999998,0.022912878474779203,13.974860509236654,2.185267603902032,3,"[11, 12, 13]",0.0,0.0,0.0,0.0
conditional,circuit,random2:1-2,independent,0.524625,0.007148295251316937,0.49627237048348166,0.0019927466552659267,0.07166666666666667,0.030550504633038933,0.043333333333333335,0.029297326385411576,23.191926956176758,3.8351677513621967,3,"[11, 12, 13]",0.0,0.0,0.0,0.0
conditional,circuit,random2:1-2,joint,0.5949666666666666,0.014374768114071743,0.5669013536309908,0.015089798485827125,0.07,0.019999999999999997,0.08833333333333333,0.02254624876411447,22.428335189819336,4.093926447496108,3,"[11, 12, 13]",0.0,0.0,0.0,0.0
conditional,circuit,random2:1-2,marginal_max,0.5608458333333334,0.016019306385837463,0.5404315663275113,0.008248145564463445,0.065,0.013228756555322956,0.07500000000000001,0.02783882181415011,13.88108762105306,2.250375340196488,3,"[11, 12, 13]",0.0,0.0,0.0,0.0
conditional,circuit,random2:1-2,relational_max,0.707125,0.03320516714308183,0.7413274905496389,0.021078725702129333,0.04833333333333333,0.030550504633038933,0.29666666666666663,0.07285830998131464,5.515056610107422,1.268084133164554,3,"[11, 12, 13]",0.0,0.0,0.0,0.0
conditional,circuit,random3:1-2-3,conditional_max,0.4897875,0.0023520934824109406,0.4987266869698413,0.003636000305744483,0.07166666666666667,0.01755942292142123,0.06833333333333334,0.010408329997330665,12.275424321492514,2.7712823509521503,3,"[11, 12, 13]",0.0,0.0,0.0,0.0
conditional,circuit,random3:1-2-3,independent,0.4897875,0.0023520934824109406,0.4987266869698413,0.003636000305744483,0.07166666666666667,0.01755942292142123,0.06833333333333334,0.010408329997330665,12.275424321492514,2.7712823509521503,3,"[11, 12, 13]",0.0,0.0,0.0,0.0
conditional,circuit,random3:1-2-3,joint,0.4897875,0.0023520934824109406,0.4987266869698413,0.003636000305744483,0.07166666666666667,0.01755942292142123,0.06833333333333334,0.010408329997330665,12.275425593058268,2.7712828363013866,3,"[11, 12, 13]",0.0,0.0,0.0,0.0
conditional,circuit,random3:1-2-3,marginal_max,0.4897875,0.0023520934824109406,0.4987266869698413,0.003636000305744483,0.07166666666666667,0.01755942292142123,0.06833333333333334,0.010408329997330665,12.275424321492514,2.7712823509521503,3,"[11, 12, 13]",0.0,0.0,0.0,0.0
conditional,circuit,random3:1-2-3,relational_max,0.5,0.0,0.5,0.0,0.0,0.0,0.0,0.0,0.0,0.0,3,"[11, 12, 13]",1.0,0.0,0.0,0.0
conditional,circuit,single_sensor_0,conditional_max,0.4897875,0.0023520934824109406,0.4987266869698413,0.003636000305744483,0.07166666666666667,0.01755942292142123,0.06833333333333334,0.010408329997330665,12.275424321492514,2.7712823509521503,3,"[11, 12, 13]",0.0,0.0,0.0,0.0
conditional,circuit,single_sensor_0,independent,0.4897875,0.0023520934824109406,0.4987266869698413,0.003636000305744483,0.07166666666666667,0.01755942292142123,0.06833333333333334,0.010408329997330665,12.275424321492514,2.7712823509521503,3,"[11, 12, 13]",0.0,0.0,0.0,0.0
conditional,circuit,single_sensor_0,joint,0.4897875,0.0023520934824109406,0.4987266869698413,0.003636000305744483,0.07166666666666667,0.01755942292142123,0.06833333333333334,0.010408329997330665,12.275425593058268,2.7712828363013866,3,"[11, 12, 13]",0.0,0.0,0.0,0.0
conditional,circuit,single_sensor_0,marginal_max,0.4897875,0.0023520934824109406,0.4987266869698413,0.003636000305744483,0.07166666666666667,0.01755942292142123,0.06833333333333334,0.010408329997330665,12.275424321492514,2.7712823509521503,3,"[11, 12, 13]",0.0,0.0,0.0,0.0
conditional,circuit,single_sensor_0,relational_max,0.5,0.0,0.5,0.0,0.0,0.0,0.0,0.0,0.0,0.0,3,"[11, 12, 13]",1.0,0.0,0.0,0.0
conditional,known_law_oracle,bank0:0-1,conditional_max,0.5,0.0,0.5,0.0,,,,,,,3,"[11, 12, 13]",,,,
conditional,known_law_oracle,bank0:0-1,independent,0.5,0.0,0.5,0.0,,,,,,,3,"[11, 12, 13]",,,,
conditional,known_law_oracle,bank0:0-1,joint,0.5,0.0,0.5,0.0,,,,,,,3,"[11, 12, 13]",,,,
conditional,known_law_oracle,bank0:0-1,marginal_max,0.5,0.0,0.5,0.0,,,,,,,3,"[11, 12, 13]",,,,
conditional,known_law_oracle,bank0:0-1,relational_max,0.5,0.0,0.5,0.0,,,,,,,3,"[11, 12, 13]",,,,
conditional,known_law_oracle,full,conditional_max,0.9254000000000001,0.00731368580129059,0.9409425870159445,0.006300026681139945,,,,,,,3,"[11, 12, 13]",,,,
conditional,known_law_oracle,full,independent,0.5234166666666666,0.004127070187594757,0.4953227809589944,0.004301656105251656,,,,,,,3,"[11, 12, 13]",,,,
conditional,known_law_oracle,full,joint,0.888475,0.0024337471109381866,0.9132739110151573,0.001032124340263655,,,,,,,3,"[11, 12, 13]",,,,
conditional,known_law_oracle,full,marginal_max,0.5722833333333334,0.003110122920936335,0.5452595549502569,0.009046311259488038,,,,,,,3,"[11, 12, 13]",,,,
conditional,known_law_oracle,full,relational_max,0.9431249999999999,0.012824561396008816,0.9551837990249066,0.009499754655342517,,,,,,,3,"[11, 12, 13]",,,,
conditional,known_law_oracle,random1:0,conditional_max,0.5,0.0,0.5,0.0,,,,,,,3,"[11, 12, 13]",,,,
conditional,known_law_oracle,random1:0,independent,0.5,0.0,0.5,0.0,,,,,,,3,"[11, 12, 13]",,,,
conditional,known_law_oracle,random1:0,joint,0.5,0.0,0.5,0.0,,,,,,,3,"[11, 12, 13]",,,,
conditional,known_law_oracle,random1:0,marginal_max,0.5,0.0,0.5,0.0,,,,,,,3,"[11, 12, 13]",,,,
conditional,known_law_oracle,random1:0,relational_max,0.5,0.0,0.5,0.0,,,,,,,3,"[11, 12, 13]",,,,
conditional,known_law_oracle,random2:1-2,conditional_max,0.8997083333333333,0.017445349189206105,0.9215935540339588,0.01225211038186652,,,,,,,3,"[11, 12, 13]",,,,
conditional,known_law_oracle,random2:1-2,independent,0.5248166666666666,0.0021939310229205926,0.49429167426924797,0.008234105479264342,,,,,,,3,"[11, 12, 13]",,,,
conditional,known_law_oracle,random2:1-2,joint,0.8479749999999999,0.01524223162794738,0.879711434295874,0.008830852631302356,,,,,,,3,"[11, 12, 13]",,,,
conditional,known_law_oracle,random2:1-2,marginal_max,0.56655,0.011713393775930205,0.5462341318002347,0.004067795251284844,,,,,,,3,"[11, 12, 13]",,,,
conditional,known_law_oracle,random2:1-2,relational_max,0.9314250000000001,0.014618844858606306,0.9447480208963511,0.010502674899999056,,,,,,,3,"[11, 12, 13]",,,,
conditional,known_law_oracle,random3:1-2-3,conditional_max,0.48662500000000003,0.006084868527749771,0.4983624026561697,0.008169094318119742,,,,,,,3,"[11, 12, 13]",,,,
conditional,known_law_oracle,random3:1-2-3,independent,0.48662500000000003,0.006084868527749771,0.4983624026561697,0.008169094318119742,,,,,,,3,"[11, 12, 13]",,,,
conditional,known_law_oracle,random3:1-2-3,joint,0.48662500000000003,0.006084868527749771,0.4983624026561697,0.008169094318119742,,,,,,,3,"[11, 12, 13]",,,,
conditional,known_law_oracle,random3:1-2-3,marginal_max,0.48662500000000003,0.006084868527749771,0.4983624026561697,0.008169094318119742,,,,,,,3,"[11, 12, 13]",,,,
conditional,known_law_oracle,random3:1-2-3,relational_max,0.5,0.0,0.5,0.0,,,,,,,3,"[11, 12, 13]",,,,
conditional,known_law_oracle,single_sensor_0,conditional_max,0.48662500000000003,0.006084868527749771,0.4983624026561697,0.008169094318119742,,,,,,,3,"[11, 12, 13]",,,,
conditional,known_law_oracle,single_sensor_0,independent,0.48662500000000003,0.006084868527749771,0.4983624026561697,0.008169094318119742,,,,,,,3,"[11, 12, 13]",,,,
conditional,known_law_oracle,single_sensor_0,joint,0.48662500000000003,0.006084868527749771,0.4983624026561697,0.008169094318119742,,,,,,,3,"[11, 12, 13]",,,,
conditional,known_law_oracle,single_sensor_0,marginal_max,0.48662500000000003,0.006084868527749771,0.4983624026561697,0.008169094318119742,,,,,,,3,"[11, 12, 13]",,,,
conditional,known_law_oracle,single_sensor_0,relational_max,0.5,0.0,0.5,0.0,,,,,,,3,"[11, 12, 13]",,,,
conditional_nll_selection,circuit,bank0:0-1,conditional_max,0.5,0.0,0.5,0.0,0.055,0.031224989991991994,0.055,0.031224989991991994,13.921568870544434,4.62376252048516,3,"[11, 12, 13]",0.0,0.0,0.0,0.0
conditional_nll_selection,circuit,bank0:0-1,independent,0.5,0.0,0.5,0.0,0.05666666666666667,0.05107184482014854,0.05666666666666667,0.05107184482014854,23.286518096923828,6.322715715596332,3,"[11, 12, 13]",0.0,0.0,0.0,0.0
conditional_nll_selection,circuit,bank0:0-1,joint,0.5,0.0,0.5,0.0,0.06166666666666667,0.05204164998665332,0.06166666666666667,0.05204164998665332,22.970605214436848,6.201197600581871,3,"[11, 12, 13]",0.0,0.0,0.0,0.0
conditional_nll_selection,circuit,bank0:0-1,marginal_max,0.5,0.0,0.5,0.0,0.06,0.03774917217635375,0.06,0.03774917217635375,14.149819056193033,4.774253579992672,3,"[11, 12, 13]",0.0,0.0,0.0,0.0
conditional_nll_selection,circuit,bank0:0-1,relational_max,0.5,0.0,0.5,0.0,0.07166666666666667,0.020207259421636897,0.07166666666666667,0.020207259421636897,2.714560031890869,0.27568819028296576,3,"[11, 12, 13]",0.0,0.0,0.0,0.0
conditional_nll_selection,circuit,full,conditional_max,0.65125,0.009378299419404336,0.6522351797908921,0.01344533593124462,0.041666666666666664,0.02254624876411447,0.12666666666666668,0.05131601439446884,15.596669514973959,3.007891551388009,3,"[11, 12, 13]",0.0,0.0,0.0,0.0
conditional_nll_selection,circuit,full,independent,0.5243666666666666,0.002588717507441365,0.4970881330351837,0.0016789176891959408,0.049999999999999996,0.03905124837953327,0.03,0.026457513110645904,45.35337702433268,13.060794912634373,3,"[11, 12, 13]",0.0,0.0,0.0,0.0
conditional_nll_selection,circuit,full,joint,0.5991083333333335,0.008465456770507605,0.5589069168901446,0.00610045613906481,0.051666666666666666,0.04193248541803042,0.06666666666666667,0.05686240703077327,43.44668197631836,13.894463411277975,3,"[11, 12, 13]",0.0,0.0,0.0,0.0
conditional_nll_selection,circuit,full,marginal_max,0.565975,0.007386675080846571,0.5432842008747863,0.0010205714253250487,0.04,0.02645751311064591,0.04833333333333334,0.041633319989322654,16.28182379404704,2.4319396819682653,3,"[11, 12, 13]",0.0,0.0,0.0,0.0
conditional_nll_selection,circuit,full,relational_max,0.7179500000000001,0.022479056224628268,0.7466774830686832,0.011218015384643017,0.07500000000000001,0.056789083458002744,0.32833333333333337,0.06251666444503687,7.36329968770345,0.747288339457979,3,"[11, 12, 13]",0.0,0.0,0.0,0.0
conditional_nll_selection,circuit,random1:0,conditional_max,0.5,0.0,0.5,0.0,0.04833333333333333,0.038188130791298666,0.04833333333333333,0.038188130791298666,13.894229729970297,5.714646130085058,3,"[11, 12, 13]",0.0,0.0,0.0,0.0
conditional_nll_selection,circuit,random1:0,independent,0.5,0.0,0.5,0.0,0.045000000000000005,0.035,0.045000000000000005,0.035,35.34588750203451,13.397745056030491,3,"[11, 12, 13]",0.0,0.0,0.0,0.0
conditional_nll_selection,circuit,random1:0,joint,0.5,0.0,0.5,0.0,0.05666666666666667,0.05575242894559243,0.05666666666666667,0.05575242894559243,34.097391764322914,13.836633273612383,3,"[11, 12, 13]",0.0,0.0,0.0,0.0
conditional_nll_selection,circuit,random1:0,marginal_max,0.5,0.0,0.5,0.0,0.04666666666666667,0.02753785273643051,0.04666666666666667,0.02753785273643051,14.44231128692627,5.304904594837995,3,"[11, 12, 13]",0.0,0.0,0.0,0.0
conditional_nll_selection,circuit,random1:0,relational_max,0.5,0.0,0.5,0.0,0.06666666666666667,0.024664414311581236,0.06666666666666667,0.024664414311581236,3.838251749674479,0.4588552925190345,3,"[11, 12, 13]",0.0,0.0,0.0,0.0
conditional_nll_selection,circuit,random2:1-2,conditional_max,0.6471916666666666,0.021440445618814273,0.6478517238691547,0.02735935218568662,0.06166666666666667,0.002886751345948131,0.19499999999999998,0.022912878474779203,13.974860509236654,2.185267603902032,3,"[11, 12, 13]",0.0,0.0,0.0,0.0
conditional_nll_selection,circuit,random2:1-2,independent,0.524625,0.007148295251316937,0.49627237048348166,0.0019927466552659267,0.07166666666666667,0.030550504633038933,0.043333333333333335,0.029297326385411576,23.191926956176758,3.8351677513621967,3,"[11, 12, 13]",0.0,0.0,0.0,0.0
conditional_nll_selection,circuit,random2:1-2,joint,0.5949666666666666,0.014374768114071743,0.5669013536309908,0.015089798485827125,0.07,0.019999999999999997,0.08833333333333333,0.02254624876411447,22.428335189819336,4.093926447496108,3,"[11, 12, 13]",0.0,0.0,0.0,0.0
conditional_nll_selection,circuit,random2:1-2,marginal_max,0.5608458333333334,0.016019306385837463,0.5404315663275113,0.008248145564463445,0.065,0.013228756555322956,0.07500000000000001,0.02783882181415011,13.88108762105306,2.250375340196488,3,"[11, 12, 13]",0.0,0.0,0.0,0.0
conditional_nll_selection,circuit,random2:1-2,relational_max,0.707125,0.03320516714308183,0.7413274905496389,0.021078725702129333,0.04833333333333333,0.030550504633038933,0.29666666666666663,0.07285830998131464,5.515056610107422,1.268084133164554,3,"[11, 12, 13]",0.0,0.0,0.0,0.0
conditional_nll_selection,circuit,random3:1-2-3,conditional_max,0.4897875,0.0023520934824109406,0.4987266869698413,0.003636000305744483,0.07166666666666667,0.01755942292142123,0.06833333333333334,0.010408329997330665,12.275424321492514,2.7712823509521503,3,"[11, 12, 13]",0.0,0.0,0.0,0.0
conditional_nll_selection,circuit,random3:1-2-3,independent,0.4897875,0.0023520934824109406,0.4987266869698413,0.003636000305744483,0.07166666666666667,0.01755942292142123,0.06833333333333334,0.010408329997330665,12.275424321492514,2.7712823509521503,3,"[11, 12, 13]",0.0,0.0,0.0,0.0
conditional_nll_selection,circuit,random3:1-2-3,joint,0.4897875,0.0023520934824109406,0.4987266869698413,0.003636000305744483,0.07166666666666667,0.01755942292142123,0.06833333333333334,0.010408329997330665,12.275425593058268,2.7712828363013866,3,"[11, 12, 13]",0.0,0.0,0.0,0.0
conditional_nll_selection,circuit,random3:1-2-3,marginal_max,0.4897875,0.0023520934824109406,0.4987266869698413,0.003636000305744483,0.07166666666666667,0.01755942292142123,0.06833333333333334,0.010408329997330665,12.275424321492514,2.7712823509521503,3,"[11, 12, 13]",0.0,0.0,0.0,0.0
conditional_nll_selection,circuit,random3:1-2-3,relational_max,0.5,0.0,0.5,0.0,0.0,0.0,0.0,0.0,0.0,0.0,3,"[11, 12, 13]",1.0,0.0,0.0,0.0
conditional_nll_selection,circuit,single_sensor_0,conditional_max,0.4897875,0.0023520934824109406,0.4987266869698413,0.003636000305744483,0.07166666666666667,0.01755942292142123,0.06833333333333334,0.010408329997330665,12.275424321492514,2.7712823509521503,3,"[11, 12, 13]",0.0,0.0,0.0,0.0
conditional_nll_selection,circuit,single_sensor_0,independent,0.4897875,0.0023520934824109406,0.4987266869698413,0.003636000305744483,0.07166666666666667,0.01755942292142123,0.06833333333333334,0.010408329997330665,12.275424321492514,2.7712823509521503,3,"[11, 12, 13]",0.0,0.0,0.0,0.0
conditional_nll_selection,circuit,single_sensor_0,joint,0.4897875,0.0023520934824109406,0.4987266869698413,0.003636000305744483,0.07166666666666667,0.01755942292142123,0.06833333333333334,0.010408329997330665,12.275425593058268,2.7712828363013866,3,"[11, 12, 13]",0.0,0.0,0.0,0.0
conditional_nll_selection,circuit,single_sensor_0,marginal_max,0.4897875,0.0023520934824109406,0.4987266869698413,0.003636000305744483,0.07166666666666667,0.01755942292142123,0.06833333333333334,0.010408329997330665,12.275424321492514,2.7712823509521503,3,"[11, 12, 13]",0.0,0.0,0.0,0.0
conditional_nll_selection,circuit,single_sensor_0,relational_max,0.5,0.0,0.5,0.0,0.0,0.0,0.0,0.0,0.0,0.0,3,"[11, 12, 13]",1.0,0.0,0.0,0.0
conditional_nll_selection,known_law_oracle,bank0:0-1,conditional_max,0.5,0.0,0.5,0.0,,,,,,,3,"[11, 12, 13]",,,,
conditional_nll_selection,known_law_oracle,bank0:0-1,independent,0.5,0.0,0.5,0.0,,,,,,,3,"[11, 12, 13]",,,,
conditional_nll_selection,known_law_oracle,bank0:0-1,joint,0.5,0.0,0.5,0.0,,,,,,,3,"[11, 12, 13]",,,,
conditional_nll_selection,known_law_oracle,bank0:0-1,marginal_max,0.5,0.0,0.5,0.0,,,,,,,3,"[11, 12, 13]",,,,
conditional_nll_selection,known_law_oracle,bank0:0-1,relational_max,0.5,0.0,0.5,0.0,,,,,,,3,"[11, 12, 13]",,,,
conditional_nll_selection,known_law_oracle,full,conditional_max,0.9254000000000001,0.00731368580129059,0.9409425870159445,0.006300026681139945,,,,,,,3,"[11, 12, 13]",,,,
conditional_nll_selection,known_law_oracle,full,independent,0.5234166666666666,0.004127070187594757,0.4953227809589944,0.004301656105251656,,,,,,,3,"[11, 12, 13]",,,,
conditional_nll_selection,known_law_oracle,full,joint,0.888475,0.0024337471109381866,0.9132739110151573,0.001032124340263655,,,,,,,3,"[11, 12, 13]",,,,
conditional_nll_selection,known_law_oracle,full,marginal_max,0.5722833333333334,0.003110122920936335,0.5452595549502569,0.009046311259488038,,,,,,,3,"[11, 12, 13]",,,,
conditional_nll_selection,known_law_oracle,full,relational_max,0.9431249999999999,0.012824561396008816,0.9551837990249066,0.009499754655342517,,,,,,,3,"[11, 12, 13]",,,,
conditional_nll_selection,known_law_oracle,random1:0,conditional_max,0.5,0.0,0.5,0.0,,,,,,,3,"[11, 12, 13]",,,,
conditional_nll_selection,known_law_oracle,random1:0,independent,0.5,0.0,0.5,0.0,,,,,,,3,"[11, 12, 13]",,,,
conditional_nll_selection,known_law_oracle,random1:0,joint,0.5,0.0,0.5,0.0,,,,,,,3,"[11, 12, 13]",,,,
conditional_nll_selection,known_law_oracle,random1:0,marginal_max,0.5,0.0,0.5,0.0,,,,,,,3,"[11, 12, 13]",,,,
conditional_nll_selection,known_law_oracle,random1:0,relational_max,0.5,0.0,0.5,0.0,,,,,,,3,"[11, 12, 13]",,,,
conditional_nll_selection,known_law_oracle,random2:1-2,conditional_max,0.8997083333333333,0.017445349189206105,0.9215935540339588,0.01225211038186652,,,,,,,3,"[11, 12, 13]",,,,
conditional_nll_selection,known_law_oracle,random2:1-2,independent,0.5248166666666666,0.0021939310229205926,0.49429167426924797,0.008234105479264342,,,,,,,3,"[11, 12, 13]",,,,
conditional_nll_selection,known_law_oracle,random2:1-2,joint,0.8479749999999999,0.01524223162794738,0.879711434295874,0.008830852631302356,,,,,,,3,"[11, 12, 13]",,,,
conditional_nll_selection,known_law_oracle,random2:1-2,marginal_max,0.56655,0.011713393775930205,0.5462341318002347,0.004067795251284844,,,,,,,3,"[11, 12, 13]",,,,
conditional_nll_selection,known_law_oracle,random2:1-2,relational_max,0.9314250000000001,0.014618844858606306,0.9447480208963511,0.010502674899999056,,,,,,,3,"[11, 12, 13]",,,,
conditional_nll_selection,known_law_oracle,random3:1-2-3,conditional_max,0.48662500000000003,0.006084868527749771,0.4983624026561697,0.008169094318119742,,,,,,,3,"[11, 12, 13]",,,,
conditional_nll_selection,known_law_oracle,random3:1-2-3,independent,0.48662500000000003,0.006084868527749771,0.4983624026561697,0.008169094318119742,,,,,,,3,"[11, 12, 13]",,,,
conditional_nll_selection,known_law_oracle,random3:1-2-3,joint,0.48662500000000003,0.006084868527749771,0.4983624026561697,0.008169094318119742,,,,,,,3,"[11, 12, 13]",,,,
conditional_nll_selection,known_law_oracle,random3:1-2-3,marginal_max,0.48662500000000003,0.006084868527749771,0.4983624026561697,0.008169094318119742,,,,,,,3,"[11, 12, 13]",,,,
conditional_nll_selection,known_law_oracle,random3:1-2-3,relational_max,0.5,0.0,0.5,0.0,,,,,,,3,"[11, 12, 13]",,,,
conditional_nll_selection,known_law_oracle,single_sensor_0,conditional_max,0.48662500000000003,0.006084868527749771,0.4983624026561697,0.008169094318119742,,,,,,,3,"[11, 12, 13]",,,,
conditional_nll_selection,known_law_oracle,single_sensor_0,independent,0.48662500000000003,0.006084868527749771,0.4983624026561697,0.008169094318119742,,,,,,,3,"[11, 12, 13]",,,,
conditional_nll_selection,known_law_oracle,single_sensor_0,joint,0.48662500000000003,0.006084868527749771,0.4983624026561697,0.008169094318119742,,,,,,,3,"[11, 12, 13]",,,,
conditional_nll_selection,known_law_oracle,single_sensor_0,marginal_max,0.48662500000000003,0.006084868527749771,0.4983624026561697,0.008169094318119742,,,,,,,3,"[11, 12, 13]",,,,
conditional_nll_selection,known_law_oracle,single_sensor_0,relational_max,0.5,0.0,0.5,0.0,,,,,,,3,"[11, 12, 13]",,,,
interface,circuit,bank0:0-1,conditional_max,0.5,0.0,0.5,0.0,0.06166666666666667,0.03214550253664318,0.06166666666666667,0.03214550253664318,14.128253618876139,4.7933328765512515,3,"[11, 12, 13]",0.0,0.0,0.0,0.0
interface,circuit,bank0:0-1,independent,0.5,0.0,0.5,0.0,0.06333333333333334,0.05484827557301445,0.06333333333333334,0.05484827557301445,23.527392705281574,6.465631987192687,3,"[11, 12, 13]",0.0,0.0,0.0,0.0
interface,circuit,bank0:0-1,joint,0.5,0.0,0.5,0.0,0.06166666666666667,0.0404145188432738,0.06166666666666667,0.0404145188432738,22.92266019185384,6.345609762927547,3,"[11, 12, 13]",0.0,0.0,0.0,0.0
interface,circuit,bank0:0-1,marginal_max,0.5,0.0,0.5,0.0,0.06,0.03605551275463989,0.06,0.03605551275463989,14.710841496785482,4.970790924311777,3,"[11, 12, 13]",0.0,0.0,0.0,0.0
interface,circuit,bank0:0-1,relational_max,0.5,0.0,0.5,0.0,0.06666666666666667,0.012583057392117916,0.06666666666666667,0.012583057392117916,3.3279593785603843,0.4441322829348051,3,"[11, 12, 13]",0.0,0.0,0.0,0.0
interface,circuit,full,conditional_max,0.6582583333333334,0.013333301432253518,0.6575835901023624,0.021396323938266373,0.04833333333333334,0.03253203549323856,0.17666666666666667,0.09878427675158295,15.82684580485026,2.4439673289028865,3,"[11, 12, 13]",0.0,0.0,0.0,0.0
interface,circuit,full,independent,0.5223333333333333,0.002876883441040573,0.4970530357206124,0.001945411399617532,0.056666666666666664,0.04368447474027052,0.03666666666666666,0.03403429642777023,45.28437042236328,11.735009138996126,3,"[11, 12, 13]",0.0,0.0,0.0,0.0
interface,circuit,full,joint,0.5970750000000001,0.008623079496328442,0.5626893172417983,0.014929831710430946,0.051666666666666666,0.04536885862938733,0.07333333333333332,0.06934214687571573,43.384948094685875,12.370774408774249,3,"[11, 12, 13]",0.0,0.0,0.0,0.0
interface,circuit,full,marginal_max,0.5667333333333334,0.011833323796944505,0.5454290269960629,0.004652927864603042,0.051666666666666666,0.03685557397915997,0.06666666666666667,0.04932882862316247,16.428377787272137,2.487729886730254,3,"[11, 12, 13]",0.0,0.0,0.0,0.0
interface,circuit,full,relational_max,0.7177625,0.019512644137840443,0.746919763028194,0.034747580605467836,0.06833333333333333,0.03752776749732568,0.32,0.03968626966596887,8.388753255208334,0.7286263144245185,3,"[11, 12, 13]",0.0,0.0,0.0,0.0
interface,circuit,random1:0,conditional_max,0.5,0.0,0.5,0.0,0.051666666666666666,0.04509249752822895,0.051666666666666666,0.04509249752822895,13.915256182352701,4.967865046825627,3,"[11, 12, 13]",0.0,0.0,0.0,0.0
interface,circuit,random1:0,independent,0.5,0.0,0.5,0.0,0.05333333333333334,0.04163331998932266,0.05333333333333334,0.04163331998932266,34.854026794433594,11.157546727853513,3,"[11, 12, 13]",0.0,0.0,0.0,0.0
interface,circuit,random1:0,joint,0.5,0.0,0.5,0.0,0.049999999999999996,0.04272001872658766,0.049999999999999996,0.04272001872658766,33.80097452799479,11.649083161457158,3,"[11, 12, 13]",0.0,0.0,0.0,0.0
interface,circuit,random1:0,marginal_max,0.5,0.0,0.5,0.0,0.051666666666666666,0.04310839052125854,0.051666666666666666,0.04310839052125854,14.531909306844076,5.091436993743651,3,"[11, 12, 13]",0.0,0.0,0.0,0.0
interface,circuit,random1:0,relational_max,0.5,0.0,0.5,0.0,0.08333333333333333,0.029297326385411573,0.08333333333333333,0.029297326385411573,3.9475043614705405,0.8726665254256256,3,"[11, 12, 13]",0.0,0.0,0.0,0.0
interface,circuit,random2:1-2,conditional_max,0.6426583333333333,0.014895979603011443,0.6388497956290861,0.009656546592676346,0.07333333333333335,0.01258305739211792,0.18833333333333332,0.04193248541803041,14.110708872477213,1.9106431589742148,3,"[11, 12, 13]",0.0,0.0,0.0,0.0
interface,circuit,random2:1-2,independent,0.5208499999999999,0.008528371767224985,0.4971583762649841,0.001888449682270565,0.075,0.0304138126514911,0.041666666666666664,0.025166114784235832,23.864779790242512,4.305805670160536,3,"[11, 12, 13]",0.0,0.0,0.0,0.0
interface,circuit,random2:1-2,joint,0.58705,0.009777876814523656,0.5598555579589601,0.0072866947669227,0.06333333333333334,0.020207259421636908,0.07666666666666666,0.03329164059239696,23.43841552734375,4.212983161446423,3,"[11, 12, 13]",0.0,0.0,0.0,0.0
interface,circuit,random2:1-2,marginal_max,0.5600125,0.016697150767421377,0.5420878820650866,0.008553237181118766,0.06333333333333334,0.012583057392117913,0.07333333333333335,0.016072751268321594,13.940504391988119,2.503090744402752,3,"[11, 12, 13]",0.0,0.0,0.0,0.0
interface,circuit,random2:1-2,relational_max,0.6936083333333333,0.007377725485089099,0.7306927723298181,0.016061658311346698,0.05666666666666667,0.01755942292142123,0.28833333333333333,0.010408329997330651,5.2822519938151045,1.046363668105213,3,"[11, 12, 13]",0.0,0.0,0.0,0.0
interface,circuit,random3:1-2-3,conditional_max,0.48780833333333334,0.004734602236020812,0.5005626640256177,0.004649763877575253,0.06833333333333334,0.036170890690351176,0.06999999999999999,0.02179449471770337,12.895834604899088,3.0473694620549128,3,"[11, 12, 13]",0.0,0.0,0.0,0.0
interface,circuit,random3:1-2-3,independent,0.48780833333333334,0.004734602236020812,0.5005626640256177,0.004649763877575253,0.06833333333333334,0.036170890690351176,0.06999999999999999,0.02179449471770337,12.895834604899088,3.0473694620549128,3,"[11, 12, 13]",0.0,0.0,0.0,0.0
interface,circuit,random3:1-2-3,joint,0.48780833333333334,0.004734602236020812,0.5005626640256177,0.004649763877575253,0.06833333333333334,0.036170890690351176,0.06999999999999999,0.02179449471770337,12.895835558573404,3.0473698397983204,3,"[11, 12, 13]",0.0,0.0,0.0,0.0
interface,circuit,random3:1-2-3,marginal_max,0.48780833333333334,0.004734602236020812,0.5005626640256177,0.004649763877575253,0.06833333333333334,0.036170890690351176,0.06999999999999999,0.02179449471770337,12.895834604899088,3.0473694620549128,3,"[11, 12, 13]",0.0,0.0,0.0,0.0
interface,circuit,random3:1-2-3,relational_max,0.5,0.0,0.5,0.0,0.0,0.0,0.0,0.0,0.0,0.0,3,"[11, 12, 13]",1.0,0.0,0.0,0.0
interface,circuit,single_sensor_0,conditional_max,0.48780833333333334,0.004734602236020812,0.5005626640256177,0.004649763877575253,0.06833333333333334,0.036170890690351176,0.06999999999999999,0.02179449471770337,12.895834604899088,3.0473694620549128,3,"[11, 12, 13]",0.0,0.0,0.0,0.0
interface,circuit,single_sensor_0,independent,0.48780833333333334,0.004734602236020812,0.5005626640256177,0.004649763877575253,0.06833333333333334,0.036170890690351176,0.06999999999999999,0.02179449471770337,12.895834604899088,3.0473694620549128,3,"[11, 12, 13]",0.0,0.0,0.0,0.0
interface,circuit,single_sensor_0,joint,0.48780833333333334,0.004734602236020812,0.5005626640256177,0.004649763877575253,0.06833333333333334,0.036170890690351176,0.06999999999999999,0.02179449471770337,12.895835558573404,3.0473698397983204,3,"[11, 12, 13]",0.0,0.0,0.0,0.0
interface,circuit,single_sensor_0,marginal_max,0.48780833333333334,0.004734602236020812,0.5005626640256177,0.004649763877575253,0.06833333333333334,0.036170890690351176,0.06999999999999999,0.02179449471770337,12.895834604899088,3.0473694620549128,3,"[11, 12, 13]",0.0,0.0,0.0,0.0
interface,circuit,single_sensor_0,relational_max,0.5,0.0,0.5,0.0,0.0,0.0,0.0,0.0,0.0,0.0,3,"[11, 12, 13]",1.0,0.0,0.0,0.0
interface,known_law_oracle,bank0:0-1,conditional_max,0.5,0.0,0.5,0.0,,,,,,,3,"[11, 12, 13]",,,,
interface,known_law_oracle,bank0:0-1,independent,0.5,0.0,0.5,0.0,,,,,,,3,"[11, 12, 13]",,,,
interface,known_law_oracle,bank0:0-1,joint,0.5,0.0,0.5,0.0,,,,,,,3,"[11, 12, 13]",,,,
interface,known_law_oracle,bank0:0-1,marginal_max,0.5,0.0,0.5,0.0,,,,,,,3,"[11, 12, 13]",,,,
interface,known_law_oracle,bank0:0-1,relational_max,0.5,0.0,0.5,0.0,,,,,,,3,"[11, 12, 13]",,,,
interface,known_law_oracle,full,conditional_max,0.9254000000000001,0.00731368580129059,0.9409425870159445,0.006300026681139945,,,,,,,3,"[11, 12, 13]",,,,
interface,known_law_oracle,full,independent,0.5234166666666666,0.004127070187594757,0.4953227809589944,0.004301656105251656,,,,,,,3,"[11, 12, 13]",,,,
interface,known_law_oracle,full,joint,0.888475,0.0024337471109381866,0.9132739110151573,0.001032124340263655,,,,,,,3,"[11, 12, 13]",,,,
interface,known_law_oracle,full,marginal_max,0.5722833333333334,0.003110122920936335,0.5452595549502569,0.009046311259488038,,,,,,,3,"[11, 12, 13]",,,,
interface,known_law_oracle,full,relational_max,0.9431249999999999,0.012824561396008816,0.9551837990249066,0.009499754655342517,,,,,,,3,"[11, 12, 13]",,,,
interface,known_law_oracle,random1:0,conditional_max,0.5,0.0,0.5,0.0,,,,,,,3,"[11, 12, 13]",,,,
interface,known_law_oracle,random1:0,independent,0.5,0.0,0.5,0.0,,,,,,,3,"[11, 12, 13]",,,,
interface,known_law_oracle,random1:0,joint,0.5,0.0,0.5,0.0,,,,,,,3,"[11, 12, 13]",,,,
interface,known_law_oracle,random1:0,marginal_max,0.5,0.0,0.5,0.0,,,,,,,3,"[11, 12, 13]",,,,
interface,known_law_oracle,random1:0,relational_max,0.5,0.0,0.5,0.0,,,,,,,3,"[11, 12, 13]",,,,
interface,known_law_oracle,random2:1-2,conditional_max,0.8997083333333333,0.017445349189206105,0.9215935540339588,0.01225211038186652,,,,,,,3,"[11, 12, 13]",,,,
interface,known_law_oracle,random2:1-2,independent,0.5248166666666666,0.0021939310229205926,0.49429167426924797,0.008234105479264342,,,,,,,3,"[11, 12, 13]",,,,
interface,known_law_oracle,random2:1-2,joint,0.8479749999999999,0.01524223162794738,0.879711434295874,0.008830852631302356,,,,,,,3,"[11, 12, 13]",,,,
interface,known_law_oracle,random2:1-2,marginal_max,0.56655,0.011713393775930205,0.5462341318002347,0.004067795251284844,,,,,,,3,"[11, 12, 13]",,,,
interface,known_law_oracle,random2:1-2,relational_max,0.9314250000000001,0.014618844858606306,0.9447480208963511,0.010502674899999056,,,,,,,3,"[11, 12, 13]",,,,
interface,known_law_oracle,random3:1-2-3,conditional_max,0.48662500000000003,0.006084868527749771,0.4983624026561697,0.008169094318119742,,,,,,,3,"[11, 12, 13]",,,,
interface,known_law_oracle,random3:1-2-3,independent,0.48662500000000003,0.006084868527749771,0.4983624026561697,0.008169094318119742,,,,,,,3,"[11, 12, 13]",,,,
interface,known_law_oracle,random3:1-2-3,joint,0.48662500000000003,0.006084868527749771,0.4983624026561697,0.008169094318119742,,,,,,,3,"[11, 12, 13]",,,,
interface,known_law_oracle,random3:1-2-3,marginal_max,0.48662500000000003,0.006084868527749771,0.4983624026561697,0.008169094318119742,,,,,,,3,"[11, 12, 13]",,,,
interface,known_law_oracle,random3:1-2-3,relational_max,0.5,0.0,0.5,0.0,,,,,,,3,"[11, 12, 13]",,,,
interface,known_law_oracle,single_sensor_0,conditional_max,0.48662500000000003,0.006084868527749771,0.4983624026561697,0.008169094318119742,,,,,,,3,"[11, 12, 13]",,,,
interface,known_law_oracle,single_sensor_0,independent,0.48662500000000003,0.006084868527749771,0.4983624026561697,0.008169094318119742,,,,,,,3,"[11, 12, 13]",,,,
interface,known_law_oracle,single_sensor_0,joint,0.48662500000000003,0.006084868527749771,0.4983624026561697,0.008169094318119742,,,,,,,3,"[11, 12, 13]",,,,
interface,known_law_oracle,single_sensor_0,marginal_max,0.48662500000000003,0.006084868527749771,0.4983624026561697,0.008169094318119742,,,,,,,3,"[11, 12, 13]",,,,
interface,known_law_oracle,single_sensor_0,relational_max,0.5,0.0,0.5,0.0,,,,,,,3,"[11, 12, 13]",,,,
interface_conditional,circuit,bank0:0-1,conditional_max,0.5,0.0,0.5,0.0,0.05833333333333333,0.03785938897200183,0.05833333333333333,0.03785938897200183,13.56216812133789,4.7989245284965,3,"[11, 12, 13]",0.0,0.0,0.0,0.0
interface_conditional,circuit,bank0:0-1,independent,0.5,0.0,0.5,0.0,0.051666666666666666,0.03013856886670854,0.051666666666666666,0.03013856886670854,23.128754297892254,6.250484233353179,3,"[11, 12, 13]",0.0,0.0,0.0,0.0
interface_conditional,circuit,bank0:0-1,joint,0.5,0.0,0.5,0.0,0.05833333333333334,0.04010403138505322,0.05833333333333334,0.04010403138505322,22.74297841389974,6.0126573358947555,3,"[11, 12, 13]",0.0,0.0,0.0,0.0
interface_conditional,circuit,bank0:0-1,marginal_max,0.5,0.0,0.5,0.0,0.07500000000000001,0.04272001872658766,0.07500000000000001,0.04272001872658766,13.878817876180014,5.033541679487152,3,"[11, 12, 13]",0.0,0.0,0.0,0.0
interface_conditional,circuit,bank0:0-1,relational_max,0.5,0.0,0.5,0.0,0.05833333333333333,0.007637626158259732,0.05833333333333333,0.007637626158259732,3.2300829887390137,0.05092055561939955,3,"[11, 12, 13]",0.0,0.0,0.0,0.0
interface_conditional,circuit,full,conditional_max,0.6627708333333334,0.014082271286384623,0.6617255223669443,0.02004016528878285,0.05833333333333334,0.04010403138505322,0.18166666666666667,0.09073771725877465,15.629040082295736,1.5687075867453857,3,"[11, 12, 13]",0.0,0.0,0.0,0.0
interface_conditional,circuit,full,independent,0.5238416666666666,0.003301167722690468,0.4973595063090804,0.0013653634315482688,0.049999999999999996,0.0229128784747792,0.03333333333333333,0.014433756729740645,45.594913482666016,10.71969763303345,3,"[11, 12, 13]",0.0,0.0,0.0,0.0
interface_conditional,circuit,full,joint,0.6059583333333333,0.007202097495405961,0.5679264821504951,0.009916984878569447,0.065,0.05408326913195984,0.08,0.0687386354243376,43.630594889322914,10.872297448746506,3,"[11, 12, 13]",0.0,0.0,0.0,0.0
interface_conditional,circuit,full,marginal_max,0.568925,0.013113763046890835,0.5444054943539833,0.005206322175971576,0.04666666666666666,0.03329164059239696,0.06166666666666667,0.045368858629387325,16.418729464213055,1.6241028391809103,3,"[11, 12, 13]",0.0,0.0,0.0,0.0
interface_conditional,circuit,full,relational_max,0.7234583333333333,0.013063620366626295,0.7496995456094249,0.026098136272173028,0.07833333333333332,0.061101009266077866,0.3466666666666667,0.014433756729740626,8.519721984863281,0.7713225127147438,3,"[11, 12, 13]",0.0,0.0,0.0,0.0
interface_conditional,circuit,random1:0,conditional_max,0.5,0.0,0.5,0.0,0.056666666666666664,0.04752192476461084,0.056666666666666664,0.04752192476461084,13.454198360443115,4.9500824552204215,3,"[11, 12, 13]",0.0,0.0,0.0,0.0
interface_conditional,circuit,random1:0,independent,0.5,0.0,0.5,0.0,0.051666666666666666,0.03785938897200183,0.051666666666666666,0.03785938897200183,34.77441088358561,11.619452949275335,3,"[11, 12, 13]",0.0,0.0,0.0,0.0
interface_conditional,circuit,random1:0,joint,0.5,0.0,0.5,0.0,0.05833333333333333,0.05619905100029121,0.05833333333333333,0.05619905100029121,33.56200154622396,11.88339556805981,3,"[11, 12, 13]",0.0,0.0,0.0,0.0
interface_conditional,circuit,random1:0,marginal_max,0.5,0.0,0.5,0.0,0.041666666666666664,0.03329164059239697,0.041666666666666664,0.03329164059239697,13.838589350382486,5.100169054846104,3,"[11, 12, 13]",0.0,0.0,0.0,0.0
interface_conditional,circuit,random1:0,relational_max,0.5,0.0,0.5,0.0,0.065,0.05408326913195984,0.065,0.05408326913195984,3.885915438334147,0.3273481672916434,3,"[11, 12, 13]",0.0,0.0,0.0,0.0
interface_conditional,circuit,random2:1-2,conditional_max,0.6682750000000001,0.009159660201121033,0.669831407844183,0.01682241948375394,0.075,0.015,0.23333333333333336,0.03818813079129867,15.057206153869629,1.4726337932239546,3,"[11, 12, 13]",0.0,0.0,0.0,0.0
interface_conditional,circuit,random2:1-2,independent,0.5236083333333333,0.01026926035960396,0.49764807801480654,0.0015332374609215898,0.055,0.0049999999999999975,0.03,0.018027756377319945,24.021697362263996,3.9513075680090854,3,"[11, 12, 13]",0.0,0.0,0.0,0.0
interface_conditional,circuit,random2:1-2,joint,0.60885,0.004691148580038825,0.5828696503051172,0.005439403417313689,0.065,0.013228756555322952,0.07833333333333334,0.024664414311581236,23.315521876017254,3.9176759204170692,3,"[11, 12, 13]",0.0,0.0,0.0,0.0
interface_conditional,circuit,random2:1-2,marginal_max,0.5604458333333332,0.018814976304352145,0.5416111124241562,0.010700823096644852,0.06833333333333334,0.0057735026918962545,0.07833333333333332,0.017559422921421233,14.374814669291178,2.7157109112535864,3,"[11, 12, 13]",0.0,0.0,0.0,0.0
interface_conditional,circuit,random2:1-2,relational_max,0.7265416666666668,0.020482375553956947,0.7604229292728567,0.022743707289171064,0.060000000000000005,0.035,0.345,0.024999999999999994,6.607494990030925,0.8130413125323138,3,"[11, 12, 13]",0.0,0.0,0.0,0.0
interface_conditional,circuit,random3:1-2-3,conditional_max,0.48807500000000004,0.006175708461383214,0.5009720757385616,0.006560915517495559,0.055,0.013228756555322957,0.055,0.0049999999999999975,13.045688311258951,3.912426633722099,3,"[11, 12, 13]",0.0,0.0,0.0,0.0
interface_conditional,circuit,random3:1-2-3,independent,0.48807500000000004,0.006175708461383214,0.5009720757385616,0.006560915517495559,0.055,0.013228756555322957,0.055,0.0049999999999999975,13.045688311258951,3.912426633722099,3,"[11, 12, 13]",0.0,0.0,0.0,0.0
interface_conditional,circuit,random3:1-2-3,joint,0.48807500000000004,0.006175708461383214,0.5009720757385616,0.006560915517495559,0.055,0.013228756555322957,0.055,0.0049999999999999975,13.045688311258951,3.912426633722099,3,"[11, 12, 13]",0.0,0.0,0.0,0.0
interface_conditional,circuit,random3:1-2-3,marginal_max,0.48807500000000004,0.006175708461383214,0.5009720757385616,0.006560915517495559,0.055,0.013228756555322957,0.055,0.0049999999999999975,13.045688311258951,3.912426633722099,3,"[11, 12, 13]",0.0,0.0,0.0,0.0
interface_conditional,circuit,random3:1-2-3,relational_max,0.5,0.0,0.5,0.0,0.0,0.0,0.0,0.0,0.0,0.0,3,"[11, 12, 13]",1.0,0.0,0.0,0.0
interface_conditional,circuit,single_sensor_0,conditional_max,0.48807500000000004,0.006175708461383214,0.5009720757385616,0.006560915517495559,0.055,0.013228756555322957,0.055,0.0049999999999999975,13.045688311258951,3.912426633722099,3,"[11, 12, 13]",0.0,0.0,0.0,0.0
interface_conditional,circuit,single_sensor_0,independent,0.48807500000000004,0.006175708461383214,0.5009720757385616,0.006560915517495559,0.055,0.013228756555322957,0.055,0.0049999999999999975,13.045688311258951,3.912426633722099,3,"[11, 12, 13]",0.0,0.0,0.0,0.0
interface_conditional,circuit,single_sensor_0,joint,0.48807500000000004,0.006175708461383214,0.5009720757385616,0.006560915517495559,0.055,0.013228756555322957,0.055,0.0049999999999999975,13.045688311258951,3.912426633722099,3,"[11, 12, 13]",0.0,0.0,0.0,0.0
interface_conditional,circuit,single_sensor_0,marginal_max,0.48807500000000004,0.006175708461383214,0.5009720757385616,0.006560915517495559,0.055,0.013228756555322957,0.055,0.0049999999999999975,13.045688311258951,3.912426633722099,3,"[11, 12, 13]",0.0,0.0,0.0,0.0
interface_conditional,circuit,single_sensor_0,relational_max,0.5,0.0,0.5,0.0,0.0,0.0,0.0,0.0,0.0,0.0,3,"[11, 12, 13]",1.0,0.0,0.0,0.0
interface_conditional,known_law_oracle,bank0:0-1,conditional_max,0.5,0.0,0.5,0.0,,,,,,,3,"[11, 12, 13]",,,,
interface_conditional,known_law_oracle,bank0:0-1,independent,0.5,0.0,0.5,0.0,,,,,,,3,"[11, 12, 13]",,,,
interface_conditional,known_law_oracle,bank0:0-1,joint,0.5,0.0,0.5,0.0,,,,,,,3,"[11, 12, 13]",,,,
interface_conditional,known_law_oracle,bank0:0-1,marginal_max,0.5,0.0,0.5,0.0,,,,,,,3,"[11, 12, 13]",,,,
interface_conditional,known_law_oracle,bank0:0-1,relational_max,0.5,0.0,0.5,0.0,,,,,,,3,"[11, 12, 13]",,,,
interface_conditional,known_law_oracle,full,conditional_max,0.9254000000000001,0.00731368580129059,0.9409425870159445,0.006300026681139945,,,,,,,3,"[11, 12, 13]",,,,
interface_conditional,known_law_oracle,full,independent,0.5234166666666666,0.004127070187594757,0.4953227809589944,0.004301656105251656,,,,,,,3,"[11, 12, 13]",,,,
interface_conditional,known_law_oracle,full,joint,0.888475,0.0024337471109381866,0.9132739110151573,0.001032124340263655,,,,,,,3,"[11, 12, 13]",,,,
interface_conditional,known_law_oracle,full,marginal_max,0.5722833333333334,0.003110122920936335,0.5452595549502569,0.009046311259488038,,,,,,,3,"[11, 12, 13]",,,,
interface_conditional,known_law_oracle,full,relational_max,0.9431249999999999,0.012824561396008816,0.9551837990249066,0.009499754655342517,,,,,,,3,"[11, 12, 13]",,,,
interface_conditional,known_law_oracle,random1:0,conditional_max,0.5,0.0,0.5,0.0,,,,,,,3,"[11, 12, 13]",,,,
interface_conditional,known_law_oracle,random1:0,independent,0.5,0.0,0.5,0.0,,,,,,,3,"[11, 12, 13]",,,,
interface_conditional,known_law_oracle,random1:0,joint,0.5,0.0,0.5,0.0,,,,,,,3,"[11, 12, 13]",,,,
interface_conditional,known_law_oracle,random1:0,marginal_max,0.5,0.0,0.5,0.0,,,,,,,3,"[11, 12, 13]",,,,
interface_conditional,known_law_oracle,random1:0,relational_max,0.5,0.0,0.5,0.0,,,,,,,3,"[11, 12, 13]",,,,
interface_conditional,known_law_oracle,random2:1-2,conditional_max,0.8997083333333333,0.017445349189206105,0.9215935540339588,0.01225211038186652,,,,,,,3,"[11, 12, 13]",,,,
interface_conditional,known_law_oracle,random2:1-2,independent,0.5248166666666666,0.0021939310229205926,0.49429167426924797,0.008234105479264342,,,,,,,3,"[11, 12, 13]",,,,
interface_conditional,known_law_oracle,random2:1-2,joint,0.8479749999999999,0.01524223162794738,0.879711434295874,0.008830852631302356,,,,,,,3,"[11, 12, 13]",,,,
interface_conditional,known_law_oracle,random2:1-2,marginal_max,0.56655,0.011713393775930205,0.5462341318002347,0.004067795251284844,,,,,,,3,"[11, 12, 13]",,,,
interface_conditional,known_law_oracle,random2:1-2,relational_max,0.9314250000000001,0.014618844858606306,0.9447480208963511,0.010502674899999056,,,,,,,3,"[11, 12, 13]",,,,
interface_conditional,known_law_oracle,random3:1-2-3,conditional_max,0.48662500000000003,0.006084868527749771,0.4983624026561697,0.008169094318119742,,,,,,,3,"[11, 12, 13]",,,,
interface_conditional,known_law_oracle,random3:1-2-3,independent,0.48662500000000003,0.006084868527749771,0.4983624026561697,0.008169094318119742,,,,,,,3,"[11, 12, 13]",,,,
interface_conditional,known_law_oracle,random3:1-2-3,joint,0.48662500000000003,0.006084868527749771,0.4983624026561697,0.008169094318119742,,,,,,,3,"[11, 12, 13]",,,,
interface_conditional,known_law_oracle,random3:1-2-3,marginal_max,0.48662500000000003,0.006084868527749771,0.4983624026561697,0.008169094318119742,,,,,,,3,"[11, 12, 13]",,,,
interface_conditional,known_law_oracle,random3:1-2-3,relational_max,0.5,0.0,0.5,0.0,,,,,,,3,"[11, 12, 13]",,,,
interface_conditional,known_law_oracle,single_sensor_0,conditional_max,0.48662500000000003,0.006084868527749771,0.4983624026561697,0.008169094318119742,,,,,,,3,"[11, 12, 13]",,,,
interface_conditional,known_law_oracle,single_sensor_0,independent,0.48662500000000003,0.006084868527749771,0.4983624026561697,0.008169094318119742,,,,,,,3,"[11, 12, 13]",,,,
interface_conditional,known_law_oracle,single_sensor_0,joint,0.48662500000000003,0.006084868527749771,0.4983624026561697,0.008169094318119742,,,,,,,3,"[11, 12, 13]",,,,
interface_conditional,known_law_oracle,single_sensor_0,marginal_max,0.48662500000000003,0.006084868527749771,0.4983624026561697,0.008169094318119742,,,,,,,3,"[11, 12, 13]",,,,
interface_conditional,known_law_oracle,single_sensor_0,relational_max,0.5,0.0,0.5,0.0,,,,,,,3,"[11, 12, 13]",,,,
mixture,circuit,bank0:0-1,conditional_max,0.5,0.0,0.5,0.0,0.06,0.031224989991991994,0.06,0.031224989991991994,14.199792861938477,4.791251758399805,3,"[11, 12, 13]",0.0,0.0,0.0,0.0
mixture,circuit,bank0:0-1,independent,0.5,0.0,0.5,0.0,0.05833333333333333,0.02753785273643051,0.05833333333333333,0.02753785273643051,24.264520009358723,6.430856804764028,3,"[11, 12, 13]",0.0,0.0,0.0,0.0
mixture,circuit,bank0:0-1,joint,0.5,0.0,0.5,0.0,0.05666666666666667,0.014433756729740645,0.05666666666666667,0.014433756729740645,23.252567927042644,6.683564556314622,3,"[11, 12, 13]",0.0,0.0,0.0,0.0
mixture,circuit,bank0:0-1,marginal_max,0.5,0.0,0.5,0.0,0.06999999999999999,0.052678268764263694,0.06999999999999999,0.052678268764263694,15.156386693318685,4.651088057382534,3,"[11, 12, 13]",0.0,0.0,0.0,0.0
mixture,circuit,bank0:0-1,relational_max,0.5,0.0,0.5,0.0,0.06166666666666667,0.012583057392117914,0.06166666666666667,0.012583057392117914,4.828214963277181,1.2281777719542606,3,"[11, 12, 13]",0.0,0.0,0.0,0.0
mixture,circuit,full,conditional_max,0.7197083333333333,0.022447860885468195,0.717991977465472,0.011189585760731152,0.06,0.03605551275463989,0.25,0.12816005617976298,16.458936373392742,1.9238565818808375,3,"[11, 12, 13]",0.0,0.0,0.0,0.0
mixture,circuit,full,independent,0.5252833333333333,0.005551369951042103,0.49743266871110176,0.0005529701476742157,0.043333333333333335,0.010408329997330662,0.028333333333333335,0.014433756729740642,45.38140360514323,11.069795269669603,3,"[11, 12, 13]",0.0,0.0,0.0,0.0
mixture,circuit,full,joint,0.6578583333333333,0.010990687345809325,0.6132922603236816,0.004570376610461315,0.05666666666666667,0.05107184482014854,0.10333333333333333,0.10054020754570449,42.85575866699219,11.347782807867935,3,"[11, 12, 13]",0.0,0.0,0.0,0.0
mixture,circuit,full,marginal_max,0.5699708333333334,0.016538762864353965,0.5465762395652798,0.006795455340351414,0.055,0.019999999999999997,0.06666666666666667,0.03685557397915997,16.989610989888508,1.8974999574781077,3,"[11, 12, 13]",0.0,0.0,0.0,0.0
mixture,circuit,full,relational_max,0.788625,0.02796016139080748,0.8066994533587248,0.026969283965649713,0.065,0.024999999999999998,0.395,0.037749172176353755,10.24998919169108,0.6338756780656098,3,"[11, 12, 13]",0.0,0.0,0.0,0.0
mixture,circuit,random1:0,conditional_max,0.5,0.0,0.5,0.0,0.05833333333333333,0.041932485418030414,0.05833333333333333,0.041932485418030414,13.880948384602865,5.015275237367526,3,"[11, 12, 13]",0.0,0.0,0.0,0.0
mixture,circuit,random1:0,independent,0.5,0.0,0.5,0.0,0.041666666666666664,0.0202072594216369,0.041666666666666664,0.0202072594216369,36.075304667154946,11.653471264476176,3,"[11, 12, 13]",0.0,0.0,0.0,0.0
mixture,circuit,random1:0,joint,0.5,0.0,0.5,0.0,0.041666666666666664,0.032532035493238555,0.041666666666666664,0.032532035493238555,33.65240987141927,12.502294698129607,3,"[11, 12, 13]",0.0,0.0,0.0,0.0
mixture,circuit,random1:0,marginal_max,0.5,0.0,0.5,0.0,0.055,0.03774917217635375,0.055,0.03774917217635375,15.061710993448893,4.730828115517245,3,"[11, 12, 13]",0.0,0.0,0.0,0.0
mixture,circuit,random1:0,relational_max,0.5,0.0,0.5,0.0,0.06,0.017320508075688773,0.06,0.017320508075688773,6.57091744740804,0.9355184256926609,3,"[11, 12, 13]",0.0,0.0,0.0,0.0
mixture,circuit,random2:1-2,conditional_max,0.7251666666666666,0.0175747747733316,0.7262189367596812,0.02972999518740066,0.08,0.017320508075688773,0.32666666666666666,0.03403429642777023,16.549129486083984,2.8593736195016137,3,"[11, 12, 13]",0.0,0.0,0.0,0.0
mixture,circuit,random2:1-2,independent,0.5243583333333334,0.013748234735169907,0.49784437831098965,0.001953158361378302,0.05333333333333334,0.0057735026918962545,0.035,0.02,23.555715560913086,4.972477370675382,3,"[11, 12, 13]",0.0,0.0,0.0,0.0
mixture,circuit,random2:1-2,joint,0.6593916666666667,0.012357344307468874,0.6339339719724797,0.020116124336687025,0.06666666666666667,0.010408329997330663,0.13833333333333334,0.06006940430313367,22.80665461222331,5.268880791214264,3,"[11, 12, 13]",0.0,0.0,0.0,0.0
mixture,circuit,random2:1-2,marginal_max,0.5601875,0.02067136077402745,0.5421526204739302,0.011402220162232355,0.06833333333333334,0.014433756729740649,0.09000000000000001,0.025,14.67444928487142,2.5149052222270734,3,"[11, 12, 13]",0.0,0.0,0.0,0.0
mixture,circuit,random2:1-2,relational_max,0.8006833333333333,0.024234599921049475,0.8222540437393269,0.016566148282124642,0.075,0.02598076211353316,0.4633333333333334,0.04645786621588786,8.000710169474283,0.7414070237436017,3,"[11, 12, 13]",0.0,0.0,0.0,0.0
mixture,circuit,random3:1-2-3,conditional_max,0.485325,0.008822450056531901,0.5009849551158568,0.007687671202635178,0.05833333333333334,0.024664414311581236,0.056666666666666664,0.01258305739211792,12.557424545288086,3.7852838010714542,3,"[11, 12, 13]",0.0,0.0,0.0,0.0
mixture,circuit,random3:1-2-3,independent,0.485325,0.008822450056531901,0.5009849551158568,0.007687671202635178,0.05833333333333334,0.024664414311581236,0.056666666666666664,0.01258305739211792,12.557424545288086,3.7852838010714542,3,"[11, 12, 13]",0.0,0.0,0.0,0.0
mixture,circuit,random3:1-2-3,joint,0.485325,0.008822450056531901,0.5009849551158568,0.007687671202635178,0.05833333333333334,0.024664414311581236,0.056666666666666664,0.01258305739211792,12.557424863179525,3.785283324016229,3,"[11, 12, 13]",0.0,0.0,0.0,0.0
mixture,circuit,random3:1-2-3,marginal_max,0.485325,0.008822450056531901,0.5009849551158568,0.007687671202635178,0.05833333333333334,0.024664414311581236,0.056666666666666664,0.01258305739211792,12.557424545288086,3.7852838010714542,3,"[11, 12, 13]",0.0,0.0,0.0,0.0
mixture,circuit,random3:1-2-3,relational_max,0.5,0.0,0.5,0.0,0.0,0.0,0.0,0.0,0.0,0.0,3,"[11, 12, 13]",1.0,0.0,0.0,0.0
mixture,circuit,single_sensor_0,conditional_max,0.485325,0.008822450056531901,0.5009849551158568,0.007687671202635178,0.05833333333333334,0.024664414311581236,0.056666666666666664,0.01258305739211792,12.557424545288086,3.7852838010714542,3,"[11, 12, 13]",0.0,0.0,0.0,0.0
mixture,circuit,single_sensor_0,independent,0.485325,0.008822450056531901,0.5009849551158568,0.007687671202635178,0.05833333333333334,0.024664414311581236,0.056666666666666664,0.01258305739211792,12.557424545288086,3.7852838010714542,3,"[11, 12, 13]",0.0,0.0,0.0,0.0
mixture,circuit,single_sensor_0,joint,0.485325,0.008822450056531901,0.5009849551158568,0.007687671202635178,0.05833333333333334,0.024664414311581236,0.056666666666666664,0.01258305739211792,12.557424863179525,3.785283324016229,3,"[11, 12, 13]",0.0,0.0,0.0,0.0
mixture,circuit,single_sensor_0,marginal_max,0.485325,0.008822450056531901,0.5009849551158568,0.007687671202635178,0.05833333333333334,0.024664414311581236,0.056666666666666664,0.01258305739211792,12.557424545288086,3.7852838010714542,3,"[11, 12, 13]",0.0,0.0,0.0,0.0
mixture,circuit,single_sensor_0,relational_max,0.5,0.0,0.5,0.0,0.0,0.0,0.0,0.0,0.0,0.0,3,"[11, 12, 13]",1.0,0.0,0.0,0.0
mixture,known_law_oracle,bank0:0-1,conditional_max,0.5,0.0,0.5,0.0,,,,,,,3,"[11, 12, 13]",,,,
mixture,known_law_oracle,bank0:0-1,independent,0.5,0.0,0.5,0.0,,,,,,,3,"[11, 12, 13]",,,,
mixture,known_law_oracle,bank0:0-1,joint,0.5,0.0,0.5,0.0,,,,,,,3,"[11, 12, 13]",,,,
mixture,known_law_oracle,bank0:0-1,marginal_max,0.5,0.0,0.5,0.0,,,,,,,3,"[11, 12, 13]",,,,
mixture,known_law_oracle,bank0:0-1,relational_max,0.5,0.0,0.5,0.0,,,,,,,3,"[11, 12, 13]",,,,
mixture,known_law_oracle,full,conditional_max,0.9254000000000001,0.00731368580129059,0.9409425870159445,0.006300026681139945,,,,,,,3,"[11, 12, 13]",,,,
mixture,known_law_oracle,full,independent,0.5234166666666666,0.004127070187594757,0.4953227809589944,0.004301656105251656,,,,,,,3,"[11, 12, 13]",,,,
mixture,known_law_oracle,full,joint,0.888475,0.0024337471109381866,0.9132739110151573,0.001032124340263655,,,,,,,3,"[11, 12, 13]",,,,
mixture,known_law_oracle,full,marginal_max,0.5722833333333334,0.003110122920936335,0.5452595549502569,0.009046311259488038,,,,,,,3,"[11, 12, 13]",,,,
mixture,known_law_oracle,full,relational_max,0.9431249999999999,0.012824561396008816,0.9551837990249066,0.009499754655342517,,,,,,,3,"[11, 12, 13]",,,,
mixture,known_law_oracle,random1:0,conditional_max,0.5,0.0,0.5,0.0,,,,,,,3,"[11, 12, 13]",,,,
mixture,known_law_oracle,random1:0,independent,0.5,0.0,0.5,0.0,,,,,,,3,"[11, 12, 13]",,,,
mixture,known_law_oracle,random1:0,joint,0.5,0.0,0.5,0.0,,,,,,,3,"[11, 12, 13]",,,,
mixture,known_law_oracle,random1:0,marginal_max,0.5,0.0,0.5,0.0,,,,,,,3,"[11, 12, 13]",,,,
mixture,known_law_oracle,random1:0,relational_max,0.5,0.0,0.5,0.0,,,,,,,3,"[11, 12, 13]",,,,
mixture,known_law_oracle,random2:1-2,conditional_max,0.8997083333333333,0.017445349189206105,0.9215935540339588,0.01225211038186652,,,,,,,3,"[11, 12, 13]",,,,
mixture,known_law_oracle,random2:1-2,independent,0.5248166666666666,0.0021939310229205926,0.49429167426924797,0.008234105479264342,,,,,,,3,"[11, 12, 13]",,,,
mixture,known_law_oracle,random2:1-2,joint,0.8479749999999999,0.01524223162794738,0.879711434295874,0.008830852631302356,,,,,,,3,"[11, 12, 13]",,,,
mixture,known_law_oracle,random2:1-2,marginal_max,0.56655,0.011713393775930205,0.5462341318002347,0.004067795251284844,,,,,,,3,"[11, 12, 13]",,,,
mixture,known_law_oracle,random2:1-2,relational_max,0.9314250000000001,0.014618844858606306,0.9447480208963511,0.010502674899999056,,,,,,,3,"[11, 12, 13]",,,,
mixture,known_law_oracle,random3:1-2-3,conditional_max,0.48662500000000003,0.006084868527749771,0.4983624026561697,0.008169094318119742,,,,,,,3,"[11, 12, 13]",,,,
mixture,known_law_oracle,random3:1-2-3,independent,0.48662500000000003,0.006084868527749771,0.4983624026561697,0.008169094318119742,,,,,,,3,"[11, 12, 13]",,,,
mixture,known_law_oracle,random3:1-2-3,joint,0.48662500000000003,0.006084868527749771,0.4983624026561697,0.008169094318119742,,,,,,,3,"[11, 12, 13]",,,,
mixture,known_law_oracle,random3:1-2-3,marginal_max,0.48662500000000003,0.006084868527749771,0.4983624026561697,0.008169094318119742,,,,,,,3,"[11, 12, 13]",,,,
mixture,known_law_oracle,random3:1-2-3,relational_max,0.5,0.0,0.5,0.0,,,,,,,3,"[11, 12, 13]",,,,
mixture,known_law_oracle,single_sensor_0,conditional_max,0.48662500000000003,0.006084868527749771,0.4983624026561697,0.008169094318119742,,,,,,,3,"[11, 12, 13]",,,,
mixture,known_law_oracle,single_sensor_0,independent,0.48662500000000003,0.006084868527749771,0.4983624026561697,0.008169094318119742,,,,,,,3,"[11, 12, 13]",,,,
mixture,known_law_oracle,single_sensor_0,joint,0.48662500000000003,0.006084868527749771,0.4983624026561697,0.008169094318119742,,,,,,,3,"[11, 12, 13]",,,,
mixture,known_law_oracle,single_sensor_0,marginal_max,0.48662500000000003,0.006084868527749771,0.4983624026561697,0.008169094318119742,,,,,,,3,"[11, 12, 13]",,,,
mixture,known_law_oracle,single_sensor_0,relational_max,0.5,0.0,0.5,0.0,,,,,,,3,"[11, 12, 13]",,,,
random,circuit,bank0:0-1,conditional_max,0.5,0.0,0.5,0.0,0.055,0.02783882181415011,0.055,0.02783882181415011,15.025715827941895,6.455374377158874,3,"[11, 12, 13]",0.0,0.0,0.0,0.0
random,circuit,bank0:0-1,independent,0.5,0.0,0.5,0.0,0.06166666666666667,0.012583057392117913,0.06166666666666667,0.012583057392117913,25.561290740966797,6.390310338188484,3,"[11, 12, 13]",0.0,0.0,0.0,0.0
random,circuit,bank0:0-1,joint,0.5,0.0,0.5,0.0,0.06,0.01322875655532295,0.06,0.01322875655532295,24.712990442911785,6.782041920274976,3,"[11, 12, 13]",0.0,0.0,0.0,0.0
random,circuit,bank0:0-1,marginal_max,0.5,0.0,0.5,0.0,0.05333333333333334,0.0202072594216369,0.05333333333333334,0.0202072594216369,15.688444455464682,5.88328001802733,3,"[11, 12, 13]",0.0,0.0,0.0,0.0
random,circuit,bank0:0-1,relational_max,0.5,0.0,0.5,0.0,0.049999999999999996,0.005000000000000001,0.049999999999999996,0.005000000000000001,4.739721934000651,0.7871010419537009,3,"[11, 12, 13]",0.0,0.0,0.0,0.0
random,circuit,full,conditional_max,0.7074833333333332,0.030757217987544532,0.723069771738793,0.03848309316069275,0.04666666666666667,0.02081665999466133,0.26333333333333336,0.02466441431158126,21.38823699951172,4.587576480589574,3,"[11, 12, 13]",0.0,0.0,0.0,0.0
random,circuit,full,independent,0.5269750000000001,0.0024784067462787517,0.5018894295280819,0.0008657065044956269,0.055,0.02179449471770337,0.03333333333333333,0.018929694486000914,45.33624267578125,10.724187555658704,3,"[11, 12, 13]",0.0,0.0,0.0,0.0
random,circuit,full,joint,0.657925,0.03543325591869874,0.6290805303190927,0.038458559523786684,0.065,0.03905124837953328,0.12333333333333334,0.04752192476461085,47.238380432128906,4.538911241305062,3,"[11, 12, 13]",0.0,0.0,0.0,0.0
random,circuit,full,marginal_max,0.558125,0.01522518985924312,0.5393221345293312,0.007596674437469653,0.05499999999999999,0.02179449471770337,0.06833333333333333,0.01892969448600091,17.500712394714355,2.8916638550135176,3,"[11, 12, 13]",0.0,0.0,0.0,0.0
random,circuit,full,relational_max,0.76235,0.028515434417171304,0.7891049885880106,0.02989482402163902,0.07333333333333335,0.02929732638541158,0.42333333333333334,0.10680979980008076,17.18958791097005,4.383184427311002,3,"[11, 12, 13]",0.0,0.0,0.0,0.0
random,circuit,random1:0,conditional_max,0.5,0.0,0.5,0.0,0.055,0.02783882181415011,0.055,0.02783882181415011,15.313189188639322,6.871400899132588,3,"[11, 12, 13]",0.0,0.0,0.0,0.0
random,circuit,random1:0,independent,0.5,0.0,0.5,0.0,0.05666666666666667,0.01258305739211792,0.05666666666666667,0.01258305739211792,36.99068641662598,10.026231860633494,3,"[11, 12, 13]",0.0,0.0,0.0,0.0
random,circuit,random1:0,joint,0.5,0.0,0.5,0.0,0.045000000000000005,0.017320508075688773,0.045000000000000005,0.017320508075688773,35.85586166381836,10.912346087841849,3,"[11, 12, 13]",0.0,0.0,0.0,0.0
random,circuit,random1:0,marginal_max,0.5,0.0,0.5,0.0,0.055,0.013228756555322956,0.055,0.013228756555322956,15.630813280741373,5.855226244539428,3,"[11, 12, 13]",0.0,0.0,0.0,0.0
random,circuit,random1:0,relational_max,0.5,0.0,0.5,0.0,0.06,0.035,0.06,0.035,6.1464816729227705,0.7839923292109577,3,"[11, 12, 13]",0.0,0.0,0.0,0.0
random,circuit,random2:1-2,conditional_max,0.6853125000000001,0.019557635177853167,0.6860401776783039,0.04172431718228297,0.06666666666666667,0.007637626158259732,0.24500000000000002,0.06946221994724902,19.968165079752605,1.5781688372246079,3,"[11, 12, 13]",0.0,0.0,0.0,0.0
random,circuit,random2:1-2,independent,0.5250666666666667,0.006977747368121983,0.5021355480670471,0.002717291548127091,0.055,0.030413812651491096,0.04,0.013228756555322952,24.255417505900066,5.917721674277181,3,"[11, 12, 13]",0.0,0.0,0.0,0.0
random,circuit,random2:1-2,joint,0.63265,0.01633108615493778,0.6108948601150109,0.024012056493076778,0.056666666666666664,0.020816659994661327,0.12166666666666669,0.0652559065015063,25.487669626871746,4.753017150541712,3,"[11, 12, 13]",0.0,0.0,0.0,0.0
random,circuit,random2:1-2,marginal_max,0.5568083333333332,0.013547222578201552,0.5378304481594735,0.010414020792252433,0.06666666666666667,0.010408329997330663,0.06833333333333334,0.01527525231651947,15.735139846801758,4.997604313981653,3,"[11, 12, 13]",0.0,0.0,0.0,0.0
random,circuit,random2:1-2,relational_max,0.7353333333333333,0.03283953727343509,0.7700638465155416,0.027349502932669793,0.06666666666666667,0.017559422921421233,0.36833333333333335,0.08892881047969398,11.164869944254557,3.601906499545348,3,"[11, 12, 13]",0.0,0.0,0.0,0.0
random,circuit,random3:1-2-3,conditional_max,0.4888333333333334,0.005234759625172233,0.5010602131160232,0.006514066576380532,0.065,0.015,0.055,0.018027756377319945,11.96490732828776,3.2586745624354347,3,"[11, 12, 13]",0.0,0.0,0.0,0.0
random,circuit,random3:1-2-3,independent,0.4888333333333334,0.005234759625172233,0.5010602131160232,0.006514066576380532,0.065,0.015,0.055,0.018027756377319945,11.96490732828776,3.2586745624354347,3,"[11, 12, 13]",0.0,0.0,0.0,0.0
random,circuit,random3:1-2-3,joint,0.4888333333333334,0.005234759625172233,0.5010602131160232,0.006514066576380532,0.065,0.015,0.055,0.018027756377319945,11.96490732828776,3.2586745624354347,3,"[11, 12, 13]",0.0,0.0,0.0,0.0
random,circuit,random3:1-2-3,marginal_max,0.4888333333333334,0.005234759625172233,0.5010602131160232,0.006514066576380532,0.065,0.015,0.055,0.018027756377319945,11.96490732828776,3.2586745624354347,3,"[11, 12, 13]",0.0,0.0,0.0,0.0
random,circuit,random3:1-2-3,relational_max,0.5,0.0,0.5,0.0,0.0,0.0,0.0,0.0,0.0,0.0,3,"[11, 12, 13]",1.0,0.0,0.0,0.0
random,circuit,single_sensor_0,conditional_max,0.4888333333333334,0.005234759625172233,0.5010602131160232,0.006514066576380532,0.065,0.015,0.055,0.018027756377319945,11.96490732828776,3.2586745624354347,3,"[11, 12, 13]",0.0,0.0,0.0,0.0
random,circuit,single_sensor_0,independent,0.4888333333333334,0.005234759625172233,0.5010602131160232,0.006514066576380532,0.065,0.015,0.055,0.018027756377319945,11.96490732828776,3.2586745624354347,3,"[11, 12, 13]",0.0,0.0,0.0,0.0
random,circuit,single_sensor_0,joint,0.4888333333333334,0.005234759625172233,0.5010602131160232,0.006514066576380532,0.065,0.015,0.055,0.018027756377319945,11.96490732828776,3.2586745624354347,3,"[11, 12, 13]",0.0,0.0,0.0,0.0
random,circuit,single_sensor_0,marginal_max,0.4888333333333334,0.005234759625172233,0.5010602131160232,0.006514066576380532,0.065,0.015,0.055,0.018027756377319945,11.96490732828776,3.2586745624354347,3,"[11, 12, 13]",0.0,0.0,0.0,0.0
random,circuit,single_sensor_0,relational_max,0.5,0.0,0.5,0.0,0.0,0.0,0.0,0.0,0.0,0.0,3,"[11, 12, 13]",1.0,0.0,0.0,0.0
random,known_law_oracle,bank0:0-1,conditional_max,0.5,0.0,0.5,0.0,,,,,,,3,"[11, 12, 13]",,,,
random,known_law_oracle,bank0:0-1,independent,0.5,0.0,0.5,0.0,,,,,,,3,"[11, 12, 13]",,,,
random,known_law_oracle,bank0:0-1,joint,0.5,0.0,0.5,0.0,,,,,,,3,"[11, 12, 13]",,,,
random,known_law_oracle,bank0:0-1,marginal_max,0.5,0.0,0.5,0.0,,,,,,,3,"[11, 12, 13]",,,,
random,known_law_oracle,bank0:0-1,relational_max,0.5,0.0,0.5,0.0,,,,,,,3,"[11, 12, 13]",,,,
random,known_law_oracle,full,conditional_max,0.9254000000000001,0.00731368580129059,0.9409425870159445,0.006300026681139945,,,,,,,3,"[11, 12, 13]",,,,
random,known_law_oracle,full,independent,0.5234166666666666,0.004127070187594757,0.4953227809589944,0.004301656105251656,,,,,,,3,"[11, 12, 13]",,,,
random,known_law_oracle,full,joint,0.888475,0.0024337471109381866,0.9132739110151573,0.001032124340263655,,,,,,,3,"[11, 12, 13]",,,,
random,known_law_oracle,full,marginal_max,0.5722833333333334,0.003110122920936335,0.5452595549502569,0.009046311259488038,,,,,,,3,"[11, 12, 13]",,,,
random,known_law_oracle,full,relational_max,0.9431249999999999,0.012824561396008816,0.9551837990249066,0.009499754655342517,,,,,,,3,"[11, 12, 13]",,,,
random,known_law_oracle,random1:0,conditional_max,0.5,0.0,0.5,0.0,,,,,,,3,"[11, 12, 13]",,,,
random,known_law_oracle,random1:0,independent,0.5,0.0,0.5,0.0,,,,,,,3,"[11, 12, 13]",,,,
random,known_law_oracle,random1:0,joint,0.5,0.0,0.5,0.0,,,,,,,3,"[11, 12, 13]",,,,
random,known_law_oracle,random1:0,marginal_max,0.5,0.0,0.5,0.0,,,,,,,3,"[11, 12, 13]",,,,
random,known_law_oracle,random1:0,relational_max,0.5,0.0,0.5,0.0,,,,,,,3,"[11, 12, 13]",,,,
random,known_law_oracle,random2:1-2,conditional_max,0.8997083333333333,0.017445349189206105,0.9215935540339588,0.01225211038186652,,,,,,,3,"[11, 12, 13]",,,,
random,known_law_oracle,random2:1-2,independent,0.5248166666666666,0.0021939310229205926,0.49429167426924797,0.008234105479264342,,,,,,,3,"[11, 12, 13]",,,,
random,known_law_oracle,random2:1-2,joint,0.8479749999999999,0.01524223162794738,0.879711434295874,0.008830852631302356,,,,,,,3,"[11, 12, 13]",,,,
random,known_law_oracle,random2:1-2,marginal_max,0.56655,0.011713393775930205,0.5462341318002347,0.004067795251284844,,,,,,,3,"[11, 12, 13]",,,,
random,known_law_oracle,random2:1-2,relational_max,0.9314250000000001,0.014618844858606306,0.9447480208963511,0.010502674899999056,,,,,,,3,"[11, 12, 13]",,,,
random,known_law_oracle,random3:1-2-3,conditional_max,0.48662500000000003,0.006084868527749771,0.4983624026561697,0.008169094318119742,,,,,,,3,"[11, 12, 13]",,,,
random,known_law_oracle,random3:1-2-3,independent,0.48662500000000003,0.006084868527749771,0.4983624026561697,0.008169094318119742,,,,,,,3,"[11, 12, 13]",,,,
random,known_law_oracle,random3:1-2-3,joint,0.48662500000000003,0.006084868527749771,0.4983624026561697,0.008169094318119742,,,,,,,3,"[11, 12, 13]",,,,
random,known_law_oracle,random3:1-2-3,marginal_max,0.48662500000000003,0.006084868527749771,0.4983624026561697,0.008169094318119742,,,,,,,3,"[11, 12, 13]",,,,
random,known_law_oracle,random3:1-2-3,relational_max,0.5,0.0,0.5,0.0,,,,,,,3,"[11, 12, 13]",,,,
random,known_law_oracle,single_sensor_0,conditional_max,0.48662500000000003,0.006084868527749771,0.4983624026561697,0.008169094318119742,,,,,,,3,"[11, 12, 13]",,,,
random,known_law_oracle,single_sensor_0,independent,0.48662500000000003,0.006084868527749771,0.4983624026561697,0.008169094318119742,,,,,,,3,"[11, 12, 13]",,,,
random,known_law_oracle,single_sensor_0,joint,0.48662500000000003,0.006084868527749771,0.4983624026561697,0.008169094318119742,,,,,,,3,"[11, 12, 13]",,,,
random,known_law_oracle,single_sensor_0,marginal_max,0.48662500000000003,0.006084868527749771,0.4983624026561697,0.008169094318119742,,,,,,,3,"[11, 12, 13]",,,,
random,known_law_oracle,single_sensor_0,relational_max,0.5,0.0,0.5,0.0,,,,,,,3,"[11, 12, 13]",,,,
unblocked,circuit,bank0:0-1,conditional_max,0.5,0.0,0.5,0.0,0.07833333333333332,0.017559422921421233,0.07833333333333332,0.017559422921421233,12.8941863377889,4.243672197961001,3,"[11, 12, 13]",0.0,0.0,0.0,0.0
unblocked,circuit,bank0:0-1,independent,0.5,0.0,0.5,0.0,0.065,0.013228756555322952,0.065,0.013228756555322952,23.761141459147137,5.843013082083541,3,"[11, 12, 13]",0.0,0.0,0.0,0.0
unblocked,circuit,bank0:0-1,joint,0.5,0.0,0.5,0.0,0.06333333333333334,0.010408329997330662,0.06333333333333334,0.010408329997330662,22.01319122314453,6.29407959230454,3,"[11, 12, 13]",0.0,0.0,0.0,0.0
unblocked,circuit,bank0:0-1,marginal_max,0.5,0.0,0.5,0.0,0.07,0.027838821814150108,0.07,0.027838821814150108,14.351398468017578,4.3034000139578685,3,"[11, 12, 13]",0.0,0.0,0.0,0.0
unblocked,circuit,bank0:0-1,relational_max,0.5,0.0,0.5,0.0,0.06833333333333334,0.01607275126832159,0.06833333333333334,0.01607275126832159,9.267432848612467,2.3247085598623047,3,"[11, 12, 13]",0.0,0.0,0.0,0.0
unblocked,circuit,full,conditional_max,0.8204750000000001,0.01175404185801636,0.8478819433609187,0.006728896528977065,0.04833333333333334,0.005773502691896259,0.4883333333333333,0.012583057392117928,34.338050842285156,1.188581688616071,3,"[11, 12, 13]",0.0,0.0,0.0,0.0
unblocked,circuit,full,independent,0.5271916666666666,0.003205496581394716,0.5021402831058802,0.0015566386076852133,0.056666666666666664,0.007637626158259733,0.045000000000000005,0.01802775637731995,44.94624328613281,10.643546222948006,3,"[11, 12, 13]",0.0,0.0,0.0,0.0
unblocked,circuit,full,joint,0.7868666666666667,0.00117535455643533,0.7919900628784612,0.009907157449360368,0.05666666666666667,0.01258305739211792,0.365,0.12124355652982141,47.899583180745445,5.19672270022604,3,"[11, 12, 13]",0.0,0.0,0.0,0.0
unblocked,circuit,full,marginal_max,0.5682541666666667,0.006603648770439994,0.5472081203214858,0.005355867715092636,0.06666666666666667,0.03253203549323856,0.08166666666666667,0.03752776749732568,16.455798149108887,1.3065599662756286,3,"[11, 12, 13]",0.0,0.0,0.0,0.0
unblocked,circuit,full,relational_max,0.8594083333333334,0.01592239643814123,0.8761095189921096,0.014114391320832007,0.06333333333333334,0.012583057392117913,0.5416666666666666,0.06788470618138767,31.81208038330078,0.520533758101888,3,"[11, 12, 13]",0.0,0.0,0.0,0.0
unblocked,circuit,random1:0,conditional_max,0.5,0.0,0.5,0.0,0.05333333333333334,0.025166114784235832,0.05333333333333334,0.025166114784235832,12.94996166229248,3.787716779505677,3,"[11, 12, 13]",0.0,0.0,0.0,0.0
unblocked,circuit,random1:0,independent,0.5,0.0,0.5,0.0,0.05833333333333333,0.01443375672974064,0.05833333333333333,0.01443375672974064,35.36665598551432,10.732720198675153,3,"[11, 12, 13]",0.0,0.0,0.0,0.0
unblocked,circuit,random1:0,joint,0.5,0.0,0.5,0.0,0.07666666666666667,0.010408329997330665,0.07666666666666667,0.010408329997330665,31.531639734903973,11.76518308451136,3,"[11, 12, 13]",0.0,0.0,0.0,0.0
unblocked,circuit,random1:0,marginal_max,0.5,0.0,0.5,0.0,0.06666666666666667,0.024664414311581236,0.06666666666666667,0.024664414311581236,14.32814915974935,4.293232068333972,3,"[11, 12, 13]",0.0,0.0,0.0,0.0
unblocked,circuit,random1:0,relational_max,0.5,0.0,0.5,0.0,0.06,0.010000000000000002,0.06,0.010000000000000002,10.65684700012207,2.0054861779943205,3,"[11, 12, 13]",0.0,0.0,0.0,0.0
unblocked,circuit,random2:1-2,conditional_max,0.8213416666666667,0.022388729493504806,0.8399240591336317,0.021880511931722753,0.06666666666666667,0.015275252316519466,0.5016666666666667,0.031754264805429415,27.645744959513348,1.906982216900878,3,"[11, 12, 13]",0.0,0.0,0.0,0.0
unblocked,circuit,random2:1-2,independent,0.529625,0.008791650868864128,0.5042281087752276,0.0026877664637113595,0.06333333333333334,0.03214550253664319,0.041666666666666664,0.025658007197234423,23.718608856201172,3.2954894650447932,3,"[11, 12, 13]",0.0,0.0,0.0,0.0
unblocked,circuit,random2:1-2,joint,0.7640250000000001,0.016569116602884987,0.7750138902833464,0.019417560915382444,0.055,0.0049999999999999975,0.34,0.03905124837953328,30.895890553792317,2.30523022757619,3,"[11, 12, 13]",0.0,0.0,0.0,0.0
unblocked,circuit,random2:1-2,marginal_max,0.5623416666666666,0.010169234648356456,0.5463764136874784,0.007703723734381826,0.065,0.008660254037844387,0.075,0.015,14.566271781921387,2.637312456776187,3,"[11, 12, 13]",0.0,0.0,0.0,0.0
unblocked,circuit,random2:1-2,relational_max,0.8737833333333334,0.022131063199343427,0.883572870415461,0.022872317699339232,0.06333333333333334,0.035118845842842465,0.57,0.034999999999999976,23.643646876017254,1.3497501739090023,3,"[11, 12, 13]",0.0,0.0,0.0,0.0
unblocked,circuit,random3:1-2-3,conditional_max,0.4910916666666667,0.007024792404999125,0.5050495922876959,0.010195744600829684,0.051666666666666666,0.015275252316519466,0.05833333333333333,0.010408329997330667,12.81732177734375,3.422026479952507,3,"[11, 12, 13]",0.0,0.0,0.0,0.0
unblocked,circuit,random3:1-2-3,independent,0.4910916666666667,0.007024792404999125,0.5050495922876959,0.010195744600829684,0.051666666666666666,0.015275252316519466,0.05833333333333333,0.010408329997330667,12.81732177734375,3.422026479952507,3,"[11, 12, 13]",0.0,0.0,0.0,0.0
unblocked,circuit,random3:1-2-3,joint,0.4910916666666667,0.007024792404999125,0.5050495922876959,0.010195744600829684,0.051666666666666666,0.015275252316519466,0.05833333333333333,0.010408329997330667,12.81732177734375,3.422026479952507,3,"[11, 12, 13]",0.0,0.0,0.0,0.0
unblocked,circuit,random3:1-2-3,marginal_max,0.4910916666666667,0.007024792404999125,0.5050495922876959,0.010195744600829684,0.051666666666666666,0.015275252316519466,0.05833333333333333,0.010408329997330667,12.81732177734375,3.422026479952507,3,"[11, 12, 13]",0.0,0.0,0.0,0.0
unblocked,circuit,random3:1-2-3,relational_max,0.5,0.0,0.5,0.0,0.0,0.0,0.0,0.0,0.0,0.0,3,"[11, 12, 13]",1.0,0.0,0.0,0.0
unblocked,circuit,single_sensor_0,conditional_max,0.4910916666666667,0.007024792404999125,0.5050495922876959,0.010195744600829684,0.051666666666666666,0.015275252316519466,0.05833333333333333,0.010408329997330667,12.81732177734375,3.422026479952507,3,"[11, 12, 13]",0.0,0.0,0.0,0.0
unblocked,circuit,single_sensor_0,independent,0.4910916666666667,0.007024792404999125,0.5050495922876959,0.010195744600829684,0.051666666666666666,0.015275252316519466,0.05833333333333333,0.010408329997330667,12.81732177734375,3.422026479952507,3,"[11, 12, 13]",0.0,0.0,0.0,0.0
unblocked,circuit,single_sensor_0,joint,0.4910916666666667,0.007024792404999125,0.5050495922876959,0.010195744600829684,0.051666666666666666,0.015275252316519466,0.05833333333333333,0.010408329997330667,12.81732177734375,3.422026479952507,3,"[11, 12, 13]",0.0,0.0,0.0,0.0
unblocked,circuit,single_sensor_0,marginal_max,0.4910916666666667,0.007024792404999125,0.5050495922876959,0.010195744600829684,0.051666666666666666,0.015275252316519466,0.05833333333333333,0.010408329997330667,12.81732177734375,3.422026479952507,3,"[11, 12, 13]",0.0,0.0,0.0,0.0
unblocked,circuit,single_sensor_0,relational_max,0.5,0.0,0.5,0.0,0.0,0.0,0.0,0.0,0.0,0.0,3,"[11, 12, 13]",1.0,0.0,0.0,0.0
unblocked,known_law_oracle,bank0:0-1,conditional_max,0.5,0.0,0.5,0.0,,,,,,,3,"[11, 12, 13]",,,,
unblocked,known_law_oracle,bank0:0-1,independent,0.5,0.0,0.5,0.0,,,,,,,3,"[11, 12, 13]",,,,
unblocked,known_law_oracle,bank0:0-1,joint,0.5,0.0,0.5,0.0,,,,,,,3,"[11, 12, 13]",,,,
unblocked,known_law_oracle,bank0:0-1,marginal_max,0.5,0.0,0.5,0.0,,,,,,,3,"[11, 12, 13]",,,,
unblocked,known_law_oracle,bank0:0-1,relational_max,0.5,0.0,0.5,0.0,,,,,,,3,"[11, 12, 13]",,,,
unblocked,known_law_oracle,full,conditional_max,0.9254000000000001,0.00731368580129059,0.9409425870159445,0.006300026681139945,,,,,,,3,"[11, 12, 13]",,,,
unblocked,known_law_oracle,full,independent,0.5234166666666666,0.004127070187594757,0.4953227809589944,0.004301656105251656,,,,,,,3,"[11, 12, 13]",,,,
unblocked,known_law_oracle,full,joint,0.888475,0.0024337471109381866,0.9132739110151573,0.001032124340263655,,,,,,,3,"[11, 12, 13]",,,,
unblocked,known_law_oracle,full,marginal_max,0.5722833333333334,0.003110122920936335,0.5452595549502569,0.009046311259488038,,,,,,,3,"[11, 12, 13]",,,,
unblocked,known_law_oracle,full,relational_max,0.9431249999999999,0.012824561396008816,0.9551837990249066,0.009499754655342517,,,,,,,3,"[11, 12, 13]",,,,
unblocked,known_law_oracle,random1:0,conditional_max,0.5,0.0,0.5,0.0,,,,,,,3,"[11, 12, 13]",,,,
unblocked,known_law_oracle,random1:0,independent,0.5,0.0,0.5,0.0,,,,,,,3,"[11, 12, 13]",,,,
unblocked,known_law_oracle,random1:0,joint,0.5,0.0,0.5,0.0,,,,,,,3,"[11, 12, 13]",,,,
unblocked,known_law_oracle,random1:0,marginal_max,0.5,0.0,0.5,0.0,,,,,,,3,"[11, 12, 13]",,,,
unblocked,known_law_oracle,random1:0,relational_max,0.5,0.0,0.5,0.0,,,,,,,3,"[11, 12, 13]",,,,
unblocked,known_law_oracle,random2:1-2,conditional_max,0.8997083333333333,0.017445349189206105,0.9215935540339588,0.01225211038186652,,,,,,,3,"[11, 12, 13]",,,,
unblocked,known_law_oracle,random2:1-2,independent,0.5248166666666666,0.0021939310229205926,0.49429167426924797,0.008234105479264342,,,,,,,3,"[11, 12, 13]",,,,
unblocked,known_law_oracle,random2:1-2,joint,0.8479749999999999,0.01524223162794738,0.879711434295874,0.008830852631302356,,,,,,,3,"[11, 12, 13]",,,,
unblocked,known_law_oracle,random2:1-2,marginal_max,0.56655,0.011713393775930205,0.5462341318002347,0.004067795251284844,,,,,,,3,"[11, 12, 13]",,,,
unblocked,known_law_oracle,random2:1-2,relational_max,0.9314250000000001,0.014618844858606306,0.9447480208963511,0.010502674899999056,,,,,,,3,"[11, 12, 13]",,,,
unblocked,known_law_oracle,random3:1-2-3,conditional_max,0.48662500000000003,0.006084868527749771,0.4983624026561697,0.008169094318119742,,,,,,,3,"[11, 12, 13]",,,,
unblocked,known_law_oracle,random3:1-2-3,independent,0.48662500000000003,0.006084868527749771,0.4983624026561697,0.008169094318119742,,,,,,,3,"[11, 12, 13]",,,,
unblocked,known_law_oracle,random3:1-2-3,joint,0.48662500000000003,0.006084868527749771,0.4983624026561697,0.008169094318119742,,,,,,,3,"[11, 12, 13]",,,,
unblocked,known_law_oracle,random3:1-2-3,marginal_max,0.48662500000000003,0.006084868527749771,0.4983624026561697,0.008169094318119742,,,,,,,3,"[11, 12, 13]",,,,
unblocked,known_law_oracle,random3:1-2-3,relational_max,0.5,0.0,0.5,0.0,,,,,,,3,"[11, 12, 13]",,,,
unblocked,known_law_oracle,single_sensor_0,conditional_max,0.48662500000000003,0.006084868527749771,0.4983624026561697,0.008169094318119742,,,,,,,3,"[11, 12, 13]",,,,
unblocked,known_law_oracle,single_sensor_0,independent,0.48662500000000003,0.006084868527749771,0.4983624026561697,0.008169094318119742,,,,,,,3,"[11, 12, 13]",,,,
unblocked,known_law_oracle,single_sensor_0,joint,0.48662500000000003,0.006084868527749771,0.4983624026561697,0.008169094318119742,,,,,,,3,"[11, 12, 13]",,,,
unblocked,known_law_oracle,single_sensor_0,marginal_max,0.48662500000000003,0.006084868527749771,0.4983624026561697,0.008169094318119742,,,,,,,3,"[11, 12, 13]",,,,
unblocked,known_law_oracle,single_sensor_0,relational_max,0.5,0.0,0.5,0.0,,,,,,,3,"[11, 12, 13]",,,,
uniform_wide,circuit,bank0:0-1,conditional_max,0.5,0.0,0.5,0.0,0.065,0.022912878474779203,0.065,0.022912878474779203,13.83728313446045,4.521784380818256,3,"[11, 12, 13]",0.0,0.0,0.0,0.0
uniform_wide,circuit,bank0:0-1,independent,0.5,0.0,0.5,0.0,0.07833333333333334,0.05008326400438907,0.07833333333333334,0.05008326400438907,23.371103922526043,5.577671659706369,3,"[11, 12, 13]",0.0,0.0,0.0,0.0
uniform_wide,circuit,bank0:0-1,joint,0.5,0.0,0.5,0.0,0.08166666666666668,0.052041649986653324,0.08166666666666668,0.052041649986653324,22.8812313079834,5.4315149479927705,3,"[11, 12, 13]",0.0,0.0,0.0,0.0
uniform_wide,circuit,bank0:0-1,marginal_max,0.5,0.0,0.5,0.0,0.08666666666666667,0.06658328118479392,0.08666666666666667,0.06658328118479392,14.218470255533854,4.546499557307601,3,"[11, 12, 13]",0.0,0.0,0.0,0.0
uniform_wide,circuit,bank0:0-1,relational_max,0.5,0.0,0.5,0.0,0.05666666666666667,0.027537852736430512,0.05666666666666667,0.027537852736430512,2.8597291310628257,1.168636364701396,3,"[11, 12, 13]",0.0,0.0,0.0,0.0
uniform_wide,circuit,full,conditional_max,0.6559791666666667,0.016535002330914074,0.6560433868052822,0.020604119765720165,0.056666666666666664,0.04010403138505322,0.16,0.07262919523166975,16.263119379679363,0.7895531089017901,3,"[11, 12, 13]",0.0,0.0,0.0,0.0
uniform_wide,circuit,full,independent,0.5230416666666666,0.0029453706614505225,0.4956080584011005,0.0010424890682078874,0.04833333333333333,0.038188130791298666,0.02666666666666667,0.02565800719723442,45.37455368041992,9.785928503406382,3,"[11, 12, 13]",0.0,0.0,0.0,0.0
uniform_wide,circuit,full,joint,0.5919833333333333,0.015003881442257986,0.5537265836995063,0.012937311451708304,0.06666666666666667,0.05923118547972287,0.07333333333333333,0.08386497083606084,43.375815073649086,9.862370786691786,3,"[11, 12, 13]",0.0,0.0,0.0,0.0
uniform_wide,circuit,full,marginal_max,0.5662750000000001,0.009776094887530494,0.543974338545428,0.003444942181637192,0.051666666666666666,0.03752776749732568,0.06333333333333334,0.04752192476461084,16.938949584960938,1.115035451716956,3,"[11, 12, 13]",0.0,0.0,0.0,0.0
uniform_wide,circuit,full,relational_max,0.7073,0.03317325494656801,0.7346798322443607,0.02576962646754557,0.08166666666666667,0.04252450274057692,0.3316666666666667,0.06525590650150631,7.8756669362386065,0.5550781042687111,3,"[11, 12, 13]",0.0,0.0,0.0,0.0
uniform_wide,circuit,random1:0,conditional_max,0.5,0.0,0.5,0.0,0.051666666666666666,0.04041451884327381,0.051666666666666666,0.04041451884327381,13.618638674418131,4.443134422459142,3,"[11, 12, 13]",0.0,0.0,0.0,0.0
uniform_wide,circuit,random1:0,independent,0.5,0.0,0.5,0.0,0.055,0.05766281297335398,0.055,0.05766281297335398,34.834791819254555,11.216482817552212,3,"[11, 12, 13]",0.0,0.0,0.0,0.0
uniform_wide,circuit,random1:0,joint,0.5,0.0,0.5,0.0,0.05833333333333334,0.06448514040717701,0.05833333333333334,0.06448514040717701,33.65914789835612,11.016229653756135,3,"[11, 12, 13]",0.0,0.0,0.0,0.0
uniform_wide,circuit,random1:0,marginal_max,0.5,0.0,0.5,0.0,0.05666666666666667,0.030138568866708543,0.05666666666666667,0.030138568866708543,14.161535263061523,4.642794454512254,3,"[11, 12, 13]",0.0,0.0,0.0,0.0
uniform_wide,circuit,random1:0,relational_max,0.5,0.0,0.5,0.0,0.065,0.03605551275463989,0.065,0.03605551275463989,4.202593167622884,0.06167978022394329,3,"[11, 12, 13]",0.0,0.0,0.0,0.0
uniform_wide,circuit,random2:1-2,conditional_max,0.65545,0.04264584534277636,0.6582959311788731,0.0537644174254745,0.07166666666666667,0.020207259421636897,0.22166666666666668,0.0448144321991625,14.867758433024088,3.174395430807747,3,"[11, 12, 13]",0.0,0.0,0.0,0.0
uniform_wide,circuit,random2:1-2,independent,0.5229333333333334,0.006226974251860492,0.4938751903718961,0.0020676625835607553,0.07,0.03278719262151,0.041666666666666664,0.0202072594216369,23.681193669637043,4.791724206436865,3,"[11, 12, 13]",0.0,0.0,0.0,0.0
uniform_wide,circuit,random2:1-2,joint,0.5999416666666667,0.029557066977853756,0.5742948676268568,0.03518603351757527,0.075,0.034999999999999996,0.105,0.040926763859362246,22.657036463419598,4.819778967734972,3,"[11, 12, 13]",0.0,0.0,0.0,0.0
uniform_wide,circuit,random2:1-2,marginal_max,0.5581333333333334,0.01620013663779825,0.5401197341435209,0.008986046253350335,0.06833333333333334,0.03511884584284246,0.08,0.04272001872658766,14.596373558044434,3.897447507624135,3,"[11, 12, 13]",0.0,0.0,0.0,0.0
uniform_wide,circuit,random2:1-2,relational_max,0.7182666666666666,0.0488800338413685,0.7512968947968711,0.039956538152430936,0.06833333333333334,0.06006940430313367,0.3466666666666667,0.08144527815247078,5.865041732788086,1.8290157829436806,3,"[11, 12, 13]",0.0,0.0,0.0,0.0
uniform_wide,circuit,random3:1-2-3,conditional_max,0.48760000000000003,0.004833929560926611,0.49806954725818314,0.007048814856828561,0.055,0.0229128784747792,0.05166666666666667,0.012583057392117916,13.324861844380697,4.584641740863188,3,"[11, 12, 13]",0.0,0.0,0.0,0.0
uniform_wide,circuit,random3:1-2-3,independent,0.48760000000000003,0.004833929560926611,0.49806954725818314,0.007048814856828561,0.055,0.0229128784747792,0.05166666666666667,0.012583057392117916,13.324861844380697,4.584641740863188,3,"[11, 12, 13]",0.0,0.0,0.0,0.0
uniform_wide,circuit,random3:1-2-3,joint,0.48760000000000003,0.004833929560926611,0.49806954725818314,0.007048814856828561,0.055,0.0229128784747792,0.05166666666666667,0.012583057392117916,13.324861526489258,4.584640287329506,3,"[11, 12, 13]",0.0,0.0,0.0,0.0
uniform_wide,circuit,random3:1-2-3,marginal_max,0.48760000000000003,0.004833929560926611,0.49806954725818314,0.007048814856828561,0.055,0.0229128784747792,0.05166666666666667,0.012583057392117916,13.324861844380697,4.584641740863188,3,"[11, 12, 13]",0.0,0.0,0.0,0.0
uniform_wide,circuit,random3:1-2-3,relational_max,0.5,0.0,0.5,0.0,0.0,0.0,0.0,0.0,0.0,0.0,3,"[11, 12, 13]",1.0,0.0,0.0,0.0
uniform_wide,circuit,single_sensor_0,conditional_max,0.48760000000000003,0.004833929560926611,0.49806954725818314,0.007048814856828561,0.055,0.0229128784747792,0.05166666666666667,0.012583057392117916,13.324861844380697,4.584641740863188,3,"[11, 12, 13]",0.0,0.0,0.0,0.0
uniform_wide,circuit,single_sensor_0,independent,0.48760000000000003,0.004833929560926611,0.49806954725818314,0.007048814856828561,0.055,0.0229128784747792,0.05166666666666667,0.012583057392117916,13.324861844380697,4.584641740863188,3,"[11, 12, 13]",0.0,0.0,0.0,0.0
uniform_wide,circuit,single_sensor_0,joint,0.48760000000000003,0.004833929560926611,0.49806954725818314,0.007048814856828561,0.055,0.0229128784747792,0.05166666666666667,0.012583057392117916,13.324861526489258,4.584640287329506,3,"[11, 12, 13]",0.0,0.0,0.0,0.0
uniform_wide,circuit,single_sensor_0,marginal_max,0.48760000000000003,0.004833929560926611,0.49806954725818314,0.007048814856828561,0.055,0.0229128784747792,0.05166666666666667,0.012583057392117916,13.324861844380697,4.584641740863188,3,"[11, 12, 13]",0.0,0.0,0.0,0.0
uniform_wide,circuit,single_sensor_0,relational_max,0.5,0.0,0.5,0.0,0.0,0.0,0.0,0.0,0.0,0.0,3,"[11, 12, 13]",1.0,0.0,0.0,0.0
uniform_wide,known_law_oracle,bank0:0-1,conditional_max,0.5,0.0,0.5,0.0,,,,,,,3,"[11, 12, 13]",,,,
uniform_wide,known_law_oracle,bank0:0-1,independent,0.5,0.0,0.5,0.0,,,,,,,3,"[11, 12, 13]",,,,
uniform_wide,known_law_oracle,bank0:0-1,joint,0.5,0.0,0.5,0.0,,,,,,,3,"[11, 12, 13]",,,,
uniform_wide,known_law_oracle,bank0:0-1,marginal_max,0.5,0.0,0.5,0.0,,,,,,,3,"[11, 12, 13]",,,,
uniform_wide,known_law_oracle,bank0:0-1,relational_max,0.5,0.0,0.5,0.0,,,,,,,3,"[11, 12, 13]",,,,
uniform_wide,known_law_oracle,full,conditional_max,0.9254000000000001,0.00731368580129059,0.9409425870159445,0.006300026681139945,,,,,,,3,"[11, 12, 13]",,,,
uniform_wide,known_law_oracle,full,independent,0.5234166666666666,0.004127070187594757,0.4953227809589944,0.004301656105251656,,,,,,,3,"[11, 12, 13]",,,,
uniform_wide,known_law_oracle,full,joint,0.888475,0.0024337471109381866,0.9132739110151573,0.001032124340263655,,,,,,,3,"[11, 12, 13]",,,,
uniform_wide,known_law_oracle,full,marginal_max,0.5722833333333334,0.003110122920936335,0.5452595549502569,0.009046311259488038,,,,,,,3,"[11, 12, 13]",,,,
uniform_wide,known_law_oracle,full,relational_max,0.9431249999999999,0.012824561396008816,0.9551837990249066,0.009499754655342517,,,,,,,3,"[11, 12, 13]",,,,
uniform_wide,known_law_oracle,random1:0,conditional_max,0.5,0.0,0.5,0.0,,,,,,,3,"[11, 12, 13]",,,,
uniform_wide,known_law_oracle,random1:0,independent,0.5,0.0,0.5,0.0,,,,,,,3,"[11, 12, 13]",,,,
uniform_wide,known_law_oracle,random1:0,joint,0.5,0.0,0.5,0.0,,,,,,,3,"[11, 12, 13]",,,,
uniform_wide,known_law_oracle,random1:0,marginal_max,0.5,0.0,0.5,0.0,,,,,,,3,"[11, 12, 13]",,,,
uniform_wide,known_law_oracle,random1:0,relational_max,0.5,0.0,0.5,0.0,,,,,,,3,"[11, 12, 13]",,,,
uniform_wide,known_law_oracle,random2:1-2,conditional_max,0.8997083333333333,0.017445349189206105,0.9215935540339588,0.01225211038186652,,,,,,,3,"[11, 12, 13]",,,,
uniform_wide,known_law_oracle,random2:1-2,independent,0.5248166666666666,0.0021939310229205926,0.49429167426924797,0.008234105479264342,,,,,,,3,"[11, 12, 13]",,,,
uniform_wide,known_law_oracle,random2:1-2,joint,0.8479749999999999,0.01524223162794738,0.879711434295874,0.008830852631302356,,,,,,,3,"[11, 12, 13]",,,,
uniform_wide,known_law_oracle,random2:1-2,marginal_max,0.56655,0.011713393775930205,0.5462341318002347,0.004067795251284844,,,,,,,3,"[11, 12, 13]",,,,
uniform_wide,known_law_oracle,random2:1-2,relational_max,0.9314250000000001,0.014618844858606306,0.9447480208963511,0.010502674899999056,,,,,,,3,"[11, 12, 13]",,,,
uniform_wide,known_law_oracle,random3:1-2-3,conditional_max,0.48662500000000003,0.006084868527749771,0.4983624026561697,0.008169094318119742,,,,,,,3,"[11, 12, 13]",,,,
uniform_wide,known_law_oracle,random3:1-2-3,independent,0.48662500000000003,0.006084868527749771,0.4983624026561697,0.008169094318119742,,,,,,,3,"[11, 12, 13]",,,,
uniform_wide,known_law_oracle,random3:1-2-3,joint,0.48662500000000003,0.006084868527749771,0.4983624026561697,0.008169094318119742,,,,,,,3,"[11, 12, 13]",,,,
uniform_wide,known_law_oracle,random3:1-2-3,marginal_max,0.48662500000000003,0.006084868527749771,0.4983624026561697,0.008169094318119742,,,,,,,3,"[11, 12, 13]",,,,
uniform_wide,known_law_oracle,random3:1-2-3,relational_max,0.5,0.0,0.5,0.0,,,,,,,3,"[11, 12, 13]",,,,
uniform_wide,known_law_oracle,single_sensor_0,conditional_max,0.48662500000000003,0.006084868527749771,0.4983624026561697,0.008169094318119742,,,,,,,3,"[11, 12, 13]",,,,
uniform_wide,known_law_oracle,single_sensor_0,independent,0.48662500000000003,0.006084868527749771,0.4983624026561697,0.008169094318119742,,,,,,,3,"[11, 12, 13]",,,,
uniform_wide,known_law_oracle,single_sensor_0,joint,0.48662500000000003,0.006084868527749771,0.4983624026561697,0.008169094318119742,,,,,,,3,"[11, 12, 13]",,,,
uniform_wide,known_law_oracle,single_sensor_0,marginal_max,0.48662500000000003,0.006084868527749771,0.4983624026561697,0.008169094318119742,,,,,,,3,"[11, 12, 13]",,,,
uniform_wide,known_law_oracle,single_sensor_0,relational_max,0.5,0.0,0.5,0.0,,,,,,,3,"[11, 12, 13]",,,,
within_capacity,circuit,bank0:0-1,conditional_max,0.5,0.0,0.5,0.0,0.08833333333333333,0.05686240703077327,0.08833333333333333,0.05686240703077327,14.13809076944987,4.4678908990209685,3,"[11, 12, 13]",0.0,0.0,0.0,0.0
within_capacity,circuit,bank0:0-1,independent,0.5,0.0,0.5,0.0,0.07333333333333335,0.060277137733417085,0.07333333333333335,0.060277137733417085,24.03479258219401,6.23082640884549,3,"[11, 12, 13]",0.0,0.0,0.0,0.0
within_capacity,circuit,bank0:0-1,joint,0.5,0.0,0.5,0.0,0.07666666666666667,0.06506407098647712,0.07666666666666667,0.06506407098647712,23.543697992960613,6.225029154680589,3,"[11, 12, 13]",0.0,0.0,0.0,0.0
within_capacity,circuit,bank0:0-1,marginal_max,0.5,0.0,0.5,0.0,0.07333333333333333,0.050579969684978396,0.07333333333333333,0.050579969684978396,14.464273770650228,4.313395111743991,3,"[11, 12, 13]",0.0,0.0,0.0,0.0
within_capacity,circuit,bank0:0-1,relational_max,0.5,0.0,0.5,0.0,0.03166666666666667,0.03013856886670854,0.03166666666666667,0.03013856886670854,1.70432710647583,1.4768061303881612,3,"[11, 12, 13]",0.3333333333333333,0.0,0.0,0.0
within_capacity,circuit,full,conditional_max,0.6212166666666666,0.03186966703753485,0.6093644153885495,0.039725675179234296,0.041666666666666664,0.03403429642777023,0.08666666666666667,0.03547299442298794,15.69581158955892,1.183600235161431,3,"[11, 12, 13]",0.0,0.0,0.0,0.0
within_capacity,circuit,full,independent,0.52175,0.002578274616870742,0.4947124400985201,0.002079937293747162,0.07166666666666667,0.07285830998131465,0.04666666666666666,0.05107184482014854,45.71943791707357,10.156476658447957,3,"[11, 12, 13]",0.0,0.0,0.0,0.0
within_capacity,circuit,full,joint,0.5595333333333333,0.0284262459416176,0.5258396764534731,0.020648549135642767,0.06166666666666667,0.059231185479722864,0.05333333333333334,0.04310839052125855,44.76345952351888,11.417518419841088,3,"[11, 12, 13]",0.0,0.0,0.0,0.0
within_capacity,circuit,full,marginal_max,0.5678208333333333,0.008280816812569506,0.5453715544098866,0.002872112971334259,0.049999999999999996,0.04092676385936225,0.06666666666666667,0.05838093296045665,16.421712239583332,1.1496519572911188,3,"[11, 12, 13]",0.0,0.0,0.0,0.0
within_capacity,circuit,full,relational_max,0.6588375000000001,0.05530776815918357,0.6827041378770297,0.06285024910776844,0.056666666666666664,0.01607275126832159,0.23666666666666666,0.08401388774085708,5.2237497965494795,2.44876340712658,3,"[11, 12, 13]",0.0,0.0,0.0,0.0
within_capacity,circuit,random1:0,conditional_max,0.5,0.0,0.5,0.0,0.05833333333333334,0.05008326400438907,0.05833333333333334,0.05008326400438907,13.663805643717447,4.18955937335824,3,"[11, 12, 13]",0.0,0.0,0.0,0.0
within_capacity,circuit,random1:0,independent,0.5,0.0,0.5,0.0,0.049999999999999996,0.05678908345800274,0.049999999999999996,0.05678908345800274,35.30060895284017,11.091881813117913,3,"[11, 12, 13]",0.0,0.0,0.0,0.0
within_capacity,circuit,random1:0,joint,0.5,0.0,0.5,0.0,0.051666666666666666,0.043684474740270526,0.051666666666666666,0.043684474740270526,34.476572036743164,11.505828050361426,3,"[11, 12, 13]",0.0,0.0,0.0,0.0
within_capacity,circuit,random1:0,marginal_max,0.5,0.0,0.5,0.0,0.06,0.055677643628300216,0.06,0.055677643628300216,14.393083572387695,4.280620524741275,3,"[11, 12, 13]",0.0,0.0,0.0,0.0
within_capacity,circuit,random1:0,relational_max,0.5,0.0,0.5,0.0,0.056666666666666664,0.020207259421636897,0.056666666666666664,0.020207259421636897,2.585817019144694,1.0112952258069827,3,"[11, 12, 13]",0.0,0.0,0.0,0.0
within_capacity,circuit,random2:1-2,conditional_max,0.5891541666666668,0.05939660440280518,0.5762752770223458,0.061449028657807804,0.05833333333333333,0.015275252316519465,0.09500000000000001,0.009999999999999995,14.285399754842123,2.5302584318253905,3,"[11, 12, 13]",0.0,0.0,0.0,0.0
within_capacity,circuit,random2:1-2,independent,0.5222333333333333,0.00801679227205825,0.49500941903067996,0.0027350199750711297,0.07166666666666667,0.04725815626252608,0.049999999999999996,0.03122498999199199,24.026806513468426,4.1345648278616425,3,"[11, 12, 13]",0.0,0.0,0.0,0.0
within_capacity,circuit,random2:1-2,joint,0.5441666666666667,0.045636432357638736,0.5160839960498119,0.03764320858624864,0.06999999999999999,0.04924428900898052,0.05833333333333333,0.01755942292142123,23.73732058207194,4.237727015219313,3,"[11, 12, 13]",0.0,0.0,0.0,0.0
within_capacity,circuit,random2:1-2,marginal_max,0.5611083333333333,0.011949309167618605,0.5432716223805135,0.0072252470328319,0.056666666666666664,0.01755942292142123,0.08,0.027838821814150108,14.517271359761557,2.733328444762086,3,"[11, 12, 13]",0.0,0.0,0.0,0.0
within_capacity,circuit,random2:1-2,relational_max,0.5401416666666666,0.13421707250600917,0.561032592662738,0.13427961581236647,0.049999999999999996,0.034999999999999996,0.125,0.16116761461286197,1.878888448079427,3.2536563341403113,3,"[11, 12, 13]",0.6666666666666666,0.0,0.0,0.0
within_capacity,circuit,random3:1-2-3,conditional_max,0.48584166666666667,0.006741120703068102,0.49932132481354397,0.006062308741781528,0.05833333333333334,0.02753785273643051,0.065,0.02598076211353316,13.106914520263672,3.759699615591479,3,"[11, 12, 13]",0.0,0.0,0.0,0.0
within_capacity,circuit,random3:1-2-3,independent,0.48584166666666667,0.006741120703068102,0.49932132481354397,0.006062308741781528,0.05833333333333334,0.02753785273643051,0.065,0.02598076211353316,13.106914520263672,3.759699615591479,3,"[11, 12, 13]",0.0,0.0,0.0,0.0
within_capacity,circuit,random3:1-2-3,joint,0.48584166666666667,0.006741120703068102,0.49932132481354397,0.006062308741781528,0.05833333333333334,0.02753785273643051,0.065,0.02598076211353316,13.106914838155111,3.7597010522962018,3,"[11, 12, 13]",0.0,0.0,0.0,0.0
within_capacity,circuit,random3:1-2-3,marginal_max,0.48584166666666667,0.006741120703068102,0.49932132481354397,0.006062308741781528,0.05833333333333334,0.02753785273643051,0.065,0.02598076211353316,13.106914520263672,3.759699615591479,3,"[11, 12, 13]",0.0,0.0,0.0,0.0
within_capacity,circuit,random3:1-2-3,relational_max,0.5,0.0,0.5,0.0,0.0,0.0,0.0,0.0,0.0,0.0,3,"[11, 12, 13]",1.0,0.0,0.0,0.0
within_capacity,circuit,single_sensor_0,conditional_max,0.48584166666666667,0.006741120703068102,0.49932132481354397,0.006062308741781528,0.05833333333333334,0.02753785273643051,0.065,0.02598076211353316,13.106914520263672,3.759699615591479,3,"[11, 12, 13]",0.0,0.0,0.0,0.0
within_capacity,circuit,single_sensor_0,independent,0.48584166666666667,0.006741120703068102,0.49932132481354397,0.006062308741781528,0.05833333333333334,0.02753785273643051,0.065,0.02598076211353316,13.106914520263672,3.759699615591479,3,"[11, 12, 13]",0.0,0.0,0.0,0.0
within_capacity,circuit,single_sensor_0,joint,0.48584166666666667,0.006741120703068102,0.49932132481354397,0.006062308741781528,0.05833333333333334,0.02753785273643051,0.065,0.02598076211353316,13.106914838155111,3.7597010522962018,3,"[11, 12, 13]",0.0,0.0,0.0,0.0
within_capacity,circuit,single_sensor_0,marginal_max,0.48584166666666667,0.006741120703068102,0.49932132481354397,0.006062308741781528,0.05833333333333334,0.02753785273643051,0.065,0.02598076211353316,13.106914520263672,3.759699615591479,3,"[11, 12, 13]",0.0,0.0,0.0,0.0
within_capacity,circuit,single_sensor_0,relational_max,0.5,0.0,0.5,0.0,0.0,0.0,0.0,0.0,0.0,0.0,3,"[11, 12, 13]",1.0,0.0,0.0,0.0
within_capacity,known_law_oracle,bank0:0-1,conditional_max,0.5,0.0,0.5,0.0,,,,,,,3,"[11, 12, 13]",,,,
within_capacity,known_law_oracle,bank0:0-1,independent,0.5,0.0,0.5,0.0,,,,,,,3,"[11, 12, 13]",,,,
within_capacity,known_law_oracle,bank0:0-1,joint,0.5,0.0,0.5,0.0,,,,,,,3,"[11, 12, 13]",,,,
within_capacity,known_law_oracle,bank0:0-1,marginal_max,0.5,0.0,0.5,0.0,,,,,,,3,"[11, 12, 13]",,,,
within_capacity,known_law_oracle,bank0:0-1,relational_max,0.5,0.0,0.5,0.0,,,,,,,3,"[11, 12, 13]",,,,
within_capacity,known_law_oracle,full,conditional_max,0.9254000000000001,0.00731368580129059,0.9409425870159445,0.006300026681139945,,,,,,,3,"[11, 12, 13]",,,,
within_capacity,known_law_oracle,full,independent,0.5234166666666666,0.004127070187594757,0.4953227809589944,0.004301656105251656,,,,,,,3,"[11, 12, 13]",,,,
within_capacity,known_law_oracle,full,joint,0.888475,0.0024337471109381866,0.9132739110151573,0.001032124340263655,,,,,,,3,"[11, 12, 13]",,,,
within_capacity,known_law_oracle,full,marginal_max,0.5722833333333334,0.003110122920936335,0.5452595549502569,0.009046311259488038,,,,,,,3,"[11, 12, 13]",,,,
within_capacity,known_law_oracle,full,relational_max,0.9431249999999999,0.012824561396008816,0.9551837990249066,0.009499754655342517,,,,,,,3,"[11, 12, 13]",,,,
within_capacity,known_law_oracle,random1:0,conditional_max,0.5,0.0,0.5,0.0,,,,,,,3,"[11, 12, 13]",,,,
within_capacity,known_law_oracle,random1:0,independent,0.5,0.0,0.5,0.0,,,,,,,3,"[11, 12, 13]",,,,
within_capacity,known_law_oracle,random1:0,joint,0.5,0.0,0.5,0.0,,,,,,,3,"[11, 12, 13]",,,,
within_capacity,known_law_oracle,random1:0,marginal_max,0.5,0.0,0.5,0.0,,,,,,,3,"[11, 12, 13]",,,,
within_capacity,known_law_oracle,random1:0,relational_max,0.5,0.0,0.5,0.0,,,,,,,3,"[11, 12, 13]",,,,
within_capacity,known_law_oracle,random2:1-2,conditional_max,0.8997083333333333,0.017445349189206105,0.9215935540339588,0.01225211038186652,,,,,,,3,"[11, 12, 13]",,,,
within_capacity,known_law_oracle,random2:1-2,independent,0.5248166666666666,0.0021939310229205926,0.49429167426924797,0.008234105479264342,,,,,,,3,"[11, 12, 13]",,,,
within_capacity,known_law_oracle,random2:1-2,joint,0.8479749999999999,0.01524223162794738,0.879711434295874,0.008830852631302356,,,,,,,3,"[11, 12, 13]",,,,
within_capacity,known_law_oracle,random2:1-2,marginal_max,0.56655,0.011713393775930205,0.5462341318002347,0.004067795251284844,,,,,,,3,"[11, 12, 13]",,,,
within_capacity,known_law_oracle,random2:1-2,relational_max,0.9314250000000001,0.014618844858606306,0.9447480208963511,0.010502674899999056,,,,,,,3,"[11, 12, 13]",,,,
within_capacity,known_law_oracle,random3:1-2-3,conditional_max,0.48662500000000003,0.006084868527749771,0.4983624026561697,0.008169094318119742,,,,,,,3,"[11, 12, 13]",,,,
within_capacity,known_law_oracle,random3:1-2-3,independent,0.48662500000000003,0.006084868527749771,0.4983624026561697,0.008169094318119742,,,,,,,3,"[11, 12, 13]",,,,
within_capacity,known_law_oracle,random3:1-2-3,joint,0.48662500000000003,0.006084868527749771,0.4983624026561697,0.008169094318119742,,,,,,,3,"[11, 12, 13]",,,,
within_capacity,known_law_oracle,random3:1-2-3,marginal_max,0.48662500000000003,0.006084868527749771,0.4983624026561697,0.008169094318119742,,,,,,,3,"[11, 12, 13]",,,,
within_capacity,known_law_oracle,random3:1-2-3,relational_max,0.5,0.0,0.5,0.0,,,,,,,3,"[11, 12, 13]",,,,
within_capacity,known_law_oracle,single_sensor_0,conditional_max,0.48662500000000003,0.006084868527749771,0.4983624026561697,0.008169094318119742,,,,,,,3,"[11, 12, 13]",,,,
within_capacity,known_law_oracle,single_sensor_0,independent,0.48662500000000003,0.006084868527749771,0.4983624026561697,0.008169094318119742,,,,,,,3,"[11, 12, 13]",,,,
within_capacity,known_law_oracle,single_sensor_0,joint,0.48662500000000003,0.006084868527749771,0.4983624026561697,0.008169094318119742,,,,,,,3,"[11, 12, 13]",,,,
within_capacity,known_law_oracle,single_sensor_0,marginal_max,0.48662500000000003,0.006084868527749771,0.4983624026561697,0.008169094318119742,,,,,,,3,"[11, 12, 13]",,,,
within_capacity,known_law_oracle,single_sensor_0,relational_max,0.5,0.0,0.5,0.0,,,,,,,3,"[11, 12, 13]",,,,
