experiment,variant,dataset,stage,method,log_partition_mean,log_partition_std,leaf_mean,leaf_std,sum_mean,sum_std,product_mean,product_std,nodes_mean,nodes_std,parameters_mean,parameters_std,optimizer_steps_mean,optimizer_steps_std,epochs_run_mean,epochs_run_std,best_epoch_mean,best_epoch_std,checkpoint_nll_mean,checkpoint_nll_std,fit_s_mean,fit_s_std,final_train_nll_mean,final_train_nll_std,lr_mean,lr_std,epochs_budget_mean,epochs_budget_std,batch_size_mean,batch_size_std,n_seeds,seeds,axis:variant,shortcut_auroc_mean,shortcut_auroc_std,shortcut_channel_mean,shortcut_channel_std,shortcut_n_dev_mean,shortcut_n_dev_std,shortcut_n_eval_mean,shortcut_n_eval_std,shortcut_features_mean,shortcut_features_std,components_mean,components_std,rank_mean,rank_std,selection_score_mean,selection_score_std,n_stabilizations_mean,n_stabilizations_std,oracle_max_error_mean,oracle_max_error_std,query_s_mean,query_s_std,warmup_s_mean,warmup_s_std,n_mean,n_std,n_observed_mean,n_observed_std,n_observed_min_mean,n_observed_min_std,n_observed_max_mean,n_observed_max_std,cost_passes_mean,cost_passes_std,cost_node_visits_mean,cost_node_visits_std,cost_boundary_visits_mean,cost_boundary_visits_std,cost_n_masks_mean,cost_n_masks_std,cost_seconds_mean,cost_seconds_std,cost_node_evaluations_mean,cost_node_evaluations_std,cost_boundary_elements_mean,cost_boundary_elements_std,cost_output_elements_mean,cost_output_elements_std,cost_peak_boundary_bytes_mean,cost_peak_boundary_bytes_std,empirical_log_dependence_mean_mean,empirical_log_dependence_mean_std,empirical_log_dependence_abs_mean_mean,empirical_log_dependence_abs_mean_std,empirical_log_dependence_sd_mean,empirical_log_dependence_sd_std,empirical_log_dependence_q05_mean,empirical_log_dependence_q05_std,empirical_log_dependence_q95_mean,empirical_log_dependence_q95_std,alpha_mean,alpha_std,calibration_n_mean,calibration_n_std,threshold_mean,threshold_std,score_range_mean,score_range_std,fpr_mean,fpr_std,power_mean,power_std,auroc_mean,auroc_std,ap_mean,ap_std,auroc[decouple]_mean,auroc[decouple]_std,auroc[desync]_mean,auroc[desync]_std,auroc[drift]_mean,auroc[drift]_std,auroc[offset]_mean,auroc[offset]_std,auroc[spike]_mean,auroc[spike]_std,loc_ap_mean,loc_ap_std,loc_ap_n_mean,loc_ap_n_std,loc_n_no_observed_target_mean,loc_n_no_observed_target_std,loc_n_all_observed_are_targets_mean,loc_n_all_observed_are_targets_std,loc_n_ambiguous_mean,loc_n_ambiguous_std,loc_n_unique_mean,loc_n_unique_std,loc_n_abstained_no_alarm_mean,loc_n_abstained_no_alarm_std,loc_unique_top1_accuracy_mean,loc_unique_top1_accuracy_std,end_to_end_unique_top1_mean,end_to_end_unique_top1_std
diagnosis_donors,matched,cmapss:FD001,diagnosis,model,-1.9868214925130207e-08,4.057204297515181e-07,2400.0,0.0,2385.0,0.0,19136.0,0.0,23921.0,0.0,174240.0,0.0,2760.0,103.92304845413264,180.0,0.0,177.33333333333334,2.081665999466133,34.818063735961914,6.906422197806719,131.08584554990134,47.06718014075731,29.97063600213279,5.2481180230416875,0.02,0.0,180.0,0.0,256.0,0.0,3,"[11, 12, 13]",matched,,,,,,,,,,,,,,,,,,,,,,,,,,,,,,,,,,,,,,,,,,,,,,,,,,,,,,,,,,,,,,,,,,,,,,,,,,,,,,,,,,,,,,,,,,,,,,,,,,,,,,,,
diagnosis_donors,matched,cmapss:FD001,diagnosis,shortcut audit,,,,,,,,,,,,,,,,,,,,,,,,,,,,,,,3,"[11, 12, 13]",matched,0.5526034340869206,0.00805176142807562,0.0,0.0,1128.0,157.12415473121885,871.3333333333334,59.87765303795175,42.0,0.0,,,,,,,,,,,,,,,,,,,,,,,,,,,,,,,,,,,,,,,,,,,,,,,,,,,,,,,,,,,,,,,,,,,,,,,,,,,,,,,,,,,,,,,,,,,,,,
diagnosis_donors,matched,cmapss:FD001,diagnosis,model gaussian_fitted,,,,,,,,,,,45450.0,0.0,,,,,,,,,0.2563017829997989,0.026354975286638944,,,,,,,,,3,"[11, 12, 13]",matched,,,,,,,,,,,1.0,0.0,300.0,0.0,-171.15366534841655,3.3797863530555086,1.0,0.0,,,,,,,,,,,,,,,,,,,,,,,,,,,,,,,,,,,,,,,,,,,,,,,,,,,,,,,,,,,,,,,,,,,,,,,,,,,,,,,,,,,,,,
diagnosis_donors,matched,cmapss:FD001,diagnosis,model gmm_fitted,,,,,,,,,,,121201.66666666667,52482.294169875364,,,,,,,,,35.36257327866527,7.398546260768911,,,,,,,,,3,"[11, 12, 13]",matched,,,,,,,,,,,2.6666666666666665,1.1547005383792515,300.0,0.0,-117.81953513139916,6.786695205833636,14.0,0.0,,,,,,,,,,,,,,,,,,,,,,,,,,,,,,,,,,,,,,,,,,,,,,,,,,,,,,,,,,,,,,,,,,,,,,,,,,,,,,,,,,,,,,
diagnosis_donors,matched,cmapss:FD001,diagnosis,query full | circuit,,,,,,,,,,,,,,,,,,,,,,,,,,,,,,,3,"[11, 12, 13]",matched,,,,,,,,,,,,,,,,,,,2.2729237874348957e-05,3.449524945292585e-06,1.3755207963343612,0.016940673164817847,0.7560769973339726,0.13871478860910638,871.3333333333334,59.87765303795175,15.0,0.0,15.0,0.0,15.0,0.0,6.0,0.0,50324.0,0.0,240.0,0.0,2.0,0.0,1.353078,0.019285554801456932,21924489.333333332,1506641.505740942,209120.0,14370.636729108423,13070.0,898.1647955692764,245760.0,0.0,6.949141343434651,1.9456908608482335,6.958476702372233,1.9545041997363342,1.8644674221674602,0.9382562947112781,2.8988715012868247,0.5391021687768923,9.23027229309082,2.5761635822016604,,,,,,,,,,,,,,,,,,,,,,,,,,,,,,,,,,,,,,,,,,,,
diagnosis_donors,matched,cmapss:FD001,diagnosis,joint | full | circuit,,,,,,,,,,,,,,,,,,,,,,,,,,,,,,,3,"[11, 12, 13]",matched,,,,,,,,,,,,,,,,,,,,,,,,,,,,,,,,,,,,,,,,,,,,,,,,,,,,,,,,,,,,,0.10000000000000002,1.6996749443881478e-17,10.0,0.0,61.68791707356771,21.516536069912114,1078.6645914713542,149.00103127531165,0.08082474093206546,0.03695764254916276,0.5678619692038295,0.07267791881635759,0.8014734059536867,0.031217898845026494,0.8490340950553775,0.02529698593682828,0.536590161043492,0.04485532027547419,0.5688460955387616,0.05884719862727826,0.9946798146259153,0.0029883534363764563,0.9942087382407001,0.005544781491131669,0.9294186999989872,0.008159641814016606,0.6827871117157095,0.027553862144655245,435.6666666666667,29.938826518975876,0.0,0.0,0.0,0.0,0.0,0.0,435.6666666666667,29.938826518975876,189.33333333333334,42.85246006162696,0.6520630469847526,0.028662916926329614,0.5308494237107753,0.05768701522186672
diagnosis_donors,matched,cmapss:FD001,diagnosis,independent | full | circuit,,,,,,,,,,,,,,,,,,,,,,,,,,,,,,,3,"[11, 12, 13]",matched,,,,,,,,,,,,,,,,,,,,,,,,,,,,,,,,,,,,,,,,,,,,,,,,,,,,,,,,,,,,,0.10000000000000002,1.6996749443881478e-17,10.0,0.0,70.1052754720052,19.42345358821868,1067.546875,157.45314751896086,0.07999488120881225,0.042270185359665466,0.5524549341866812,0.07092567134044554,0.7881419610153367,0.026617327827766917,0.8399584452970773,0.02310004987797647,0.5351589150759328,0.042282545016557434,0.5071729217699987,0.03192354889633747,0.9915664003588675,0.00314637713938682,0.9903524882291158,0.008537451646794111,0.9285175336735101,0.007276562800611448,0.6512204057405037,0.024473308280791195,435.6666666666667,29.938826518975876,0.0,0.0,0.0,0.0,0.0,0.0,435.6666666666667,29.938826518975876,196.0,42.320207938997655,0.6152791867277521,0.022064208457715232,0.5177580342545942,0.05474480744867308
diagnosis_donors,matched,cmapss:FD001,diagnosis,marginal_max | full | circuit,,,,,,,,,,,,,,,,,,,,,,,,,,,,,,,3,"[11, 12, 13]",matched,,,,,,,,,,,,,,,,,,,,,,,,,,,,,,,,,,,,,,,,,,,,,,,,,,,,,,,,,,,,,0.10000000000000002,1.6996749443881478e-17,10.0,0.0,30.06584358215332,1.1284432933422985,539.8334147135416,107.08559983574723,0.028766351075371368,0.016824045960309904,0.5703046126221128,0.02473921065072129,0.7909085016373573,0.023965923361405985,0.8514125928539912,0.016382338329267263,0.5205432697717275,0.029952251191788563,0.500463920357705,0.02973665641724123,0.9968406674688756,0.0014128905942333246,0.9953209719673121,0.005319424437363969,0.9570027610250924,0.019039844511775636,0.6512204057405037,0.024473308280791195,435.6666666666667,29.938826518975876,0.0,0.0,0.0,0.0,0.0,0.0,435.6666666666667,29.938826518975876,187.66666666666666,23.692474191889147,0.6152791867277521,0.022064208457715232,0.5618718901014971,0.025913566423995175
diagnosis_donors,matched,cmapss:FD001,diagnosis,conditional_max | full | circuit,,,,,,,,,,,,,,,,,,,,,,,,,,,,,,,3,"[11, 12, 13]",matched,,,,,,,,,,,,,,,,,,,,,,,,,,,,,,,,,,,,,,,,,,,,,,,,,,,,,,,,,,,,,0.10000000000000002,1.6996749443881478e-17,10.0,0.0,29.235803604125977,1.0912901300266746,540.1938273111979,106.98671278966894,0.0303861002141064,0.021719241607148526,0.5818968928046561,0.027592360115837985,0.8061400937263111,0.026073658427777372,0.8615094699612164,0.017302798204760654,0.5181540751201644,0.03504571336736491,0.5770512695724145,0.05552378793858452,0.9990942877782159,0.0010373269906314075,0.9990733469103404,0.0015007558485040237,0.9567555554296979,0.01920543088260481,0.6827871117157095,0.027553862144655245,435.6666666666667,29.938826518975876,0.0,0.0,0.0,0.0,0.0,0.0,435.6666666666667,29.938826518975876,182.66666666666666,24.583192089989726,0.6520630469847526,0.028662916926329614,0.5726476339967109,0.029680323054048035
diagnosis_donors,matched,cmapss:FD001,diagnosis,relational_max | full | circuit,,,,,,,,,,,,,,,,,,,,,,,,,,,,,,,3,"[11, 12, 13]",matched,,,,,,,,,,,,,,,,,,,,,,,,,,,,,,,,,,,,,,,,,,,,,,,,,,,,,,,,,,,,,0.10000000000000002,1.6996749443881478e-17,10.0,0.0,3.2472216288248696,1.0354398241252958,12.664408047993978,0.8817101513092723,0.01337409737771293,0.017201121102367472,0.3145532417053512,0.06886883718216073,0.7054080109359905,0.02067311072354588,0.7682877253516139,0.016903200023001518,0.5060784207890673,0.011889584011946307,0.715249988749114,0.04645823452537032,0.8992763081872511,0.015169480054423446,0.8925196239854625,0.012112773464234845,0.5303121260796376,0.02505621478023595,0.44910625428969614,0.029105166307025355,435.6666666666667,29.938826518975876,0.0,0.0,0.0,0.0,132.0,44.19275958796871,303.6666666666667,16.502525059315417,167.33333333333334,35.557465226494045,0.622069185187626,0.06397706961651617,0.3035761883877144,0.0655737674023282
diagnosis_donors,matched,cmapss:FD001,diagnosis,query full | gaussian_fitted,,,,,,,,,,,,,,,,,,,,,,,,,,,,,,,3,"[11, 12, 13]",matched,,,,,,,,,,,,,,,,,,,0.0,0.0,0.9228711696669052,0.08801114333151902,0.008823405666286513,0.0006359412676036289,871.3333333333334,59.87765303795175,15.0,0.0,15.0,0.0,15.0,0.0,62.0,0.0,9600.0,0.0,0.0,0.0,1.0,0.0,0.0,0.0,4182400.0,287412.73458216846,0.0,0.0,13070.0,898.1647955692764,10214400.0,0.0,14.496685004899476,2.4552801398307738,14.506740300708543,2.4406829073543252,6.235678541814774,0.2395808346157602,5.34350138340286,2.2287799679890967,26.071953605050382,2.4427795397111893,,,,,,,,,,,,,,,,,,,,,,,,,,,,,,,,,,,,,,,,,,,,
diagnosis_donors,matched,cmapss:FD001,diagnosis,joint | full | gaussian_fitted,,,,,,,,,,,,,,,,,,,,,,,,,,,,,,,3,"[11, 12, 13]",matched,,,,,,,,,,,,,,,,,,,,,,,,,,,,,,,,,,,,,,,,,,,,,,,,,,,,,,,,,,,,,0.10000000000000002,1.6996749443881478e-17,10.0,0.0,200.46113196378997,9.674914662338564,1065.9152827209043,111.31358825674666,0.048735306254765964,0.007689328608403548,0.6341277583865765,0.03263021529149662,0.8433523958579423,0.01825395250523261,0.8861046328471289,0.013705341863481548,0.5284083932513849,0.05147223915768912,0.7570067150142736,0.02539573263828886,0.9993026473589773,0.0004653955143205745,1.0,0.0,0.9547847928563687,0.008319319633954733,0.7405893222265038,0.006732255373599305,435.6666666666667,29.938826518975876,0.0,0.0,0.0,0.0,0.0,0.0,435.6666666666667,29.938826518975876,160.0,25.238858928247925,0.7205140011492981,0.012448093482986986,0.6095514051770256,0.028605813704985453
diagnosis_donors,matched,cmapss:FD001,diagnosis,independent | full | gaussian_fitted,,,,,,,,,,,,,,,,,,,,,,,,,,,,,,,3,"[11, 12, 13]",matched,,,,,,,,,,,,,,,,,,,,,,,,,,,,,,,,,,,,,,,,,,,,,,,,,,,,,,,,,,,,,0.10000000000000002,1.6996749443881478e-17,10.0,0.0,214.93106680702763,12.446465647293557,400.04213066377383,39.71228868206283,0.050409078078979215,0.00466474001126776,0.5004744601072435,0.035475012796158396,0.7819120364987295,0.024781526768533197,0.834452604041906,0.021565902153442826,0.532431495417645,0.044975941431083265,0.48942262222574945,0.03946125615300416,0.9837502327615956,0.0038804523173837256,0.9665740523852513,0.011703000576992138,0.9472074603029208,0.003060478257083976,0.6765223118034548,0.015597330566199403,435.6666666666667,29.938826518975876,0.0,0.0,0.0,0.0,0.0,0.0,435.6666666666667,29.938826518975876,218.33333333333334,30.98924544633724,0.6197891090428063,0.01831529543647788,0.4737837707591483,0.03798124849139086
diagnosis_donors,matched,cmapss:FD001,diagnosis,marginal_max | full | gaussian_fitted,,,,,,,,,,,,,,,,,,,,,,,,,,,,,,,3,"[11, 12, 13]",matched,,,,,,,,,,,,,,,,,,,,,,,,,,,,,,,,,,,,,,,,,,,,,,,,,,,,,,,,,,,,,0.10000000000000002,1.6996749443881478e-17,10.0,0.0,52.42989189452059,5.537974066128937,238.32340863861387,12.372262348671308,0.02423759776425456,0.022527446782545688,0.36003135259602487,0.0389537095886893,0.7765883578799668,0.024634326898548893,0.82233732374874,0.03209058856313854,0.5135826417007375,0.05089874878929643,0.4869373391199301,0.012434176127290029,0.9762107483034347,0.01430616303725835,0.9435077655649744,0.031538260927745,0.9735303403831553,0.013832025012822501,0.6765223118034548,0.015597330566199403,435.6666666666667,29.938826518975876,0.0,0.0,0.0,0.0,0.0,0.0,435.6666666666667,29.938826518975876,279.3333333333333,33.02019584032374,0.6197891090428063,0.01831529543647788,0.34749059766341756,0.050318742087482105
diagnosis_donors,matched,cmapss:FD001,diagnosis,conditional_max | full | gaussian_fitted,,,,,,,,,,,,,,,,,,,,,,,,,,,,,,,3,"[11, 12, 13]",matched,,,,,,,,,,,,,,,,,,,,,,,,,,,,,,,,,,,,,,,,,,,,,,,,,,,,,,,,,,,,,0.10000000000000002,1.6996749443881478e-17,10.0,0.0,54.4981017605445,5.033699356063638,511.90071020100277,53.867328682673815,0.02304784328399612,0.018540918501750433,0.5776955963411982,0.03821117968024866,0.8428584017909474,0.019112906126726958,0.8862500719756056,0.015725896653718693,0.5185803240032293,0.061354797220480865,0.7455027949304563,0.017239493557777104,0.9976616471549841,0.002400229890574476,0.9988225406255449,0.0015010554619609936,0.9753318184792636,0.011997532341601932,0.7405893222265038,0.006732255373599305,435.6666666666667,29.938826518975876,0.0,0.0,0.0,0.0,0.0,0.0,435.6666666666667,29.938826518975876,184.66666666666666,29.143323992525858,0.7205140011492981,0.012448093482986986,0.5663986185743276,0.039508895214354064
diagnosis_donors,matched,cmapss:FD001,diagnosis,relational_max | full | gaussian_fitted,,,,,,,,,,,,,,,,,,,,,,,,,,,,,,,3,"[11, 12, 13]",matched,,,,,,,,,,,,,,,,,,,,,,,,,,,,,,,,,,,,,,,,,,,,,,,,,,,,,,,,,,,,,0.10000000000000002,1.6996749443881478e-17,10.0,0.0,4.182285147994786,0.8537955860208039,497.67200767606454,13.574076024462551,0.08655393986959231,0.06159716748659835,0.6756405069709107,0.02229727713399903,0.833916472517099,0.007103345736151946,0.8844812669623301,0.0047473338876437895,0.47557628818034753,0.03254757559029401,0.8478007860528812,0.02533299021287047,1.0,0.0,1.0,0.0,0.8732970215835049,0.018412158113055088,0.6879283496013375,0.006858454767397828,435.6666666666667,29.938826518975876,0.0,0.0,0.0,0.0,0.0,0.0,435.6666666666667,29.938826518975876,141.0,7.211102550927978,0.6855624980510931,0.0010347915671047245,0.6255541071212347,0.009002230752548402
diagnosis_donors,matched,cmapss:FD001,diagnosis,query full | gmm_fitted,,,,,,,,,,,,,,,,,,,,,,,,,,,,,,,3,"[11, 12, 13]",matched,,,,,,,,,,,,,,,,,,,0.0,0.0,2.398876477001371,0.8583017849221994,0.10127537000031832,0.14787377993884682,871.3333333333334,59.87765303795175,15.0,0.0,15.0,0.0,15.0,0.0,62.0,0.0,9600.0,0.0,0.0,0.0,1.0,0.0,0.0,0.0,4182400.0,287412.73458216846,0.0,0.0,13070.0,898.1647955692764,27239061.333333332,11794859.544954546,6.334402511985836,4.161639277349775,10.703313404618797,0.9025612523780034,11.388607238316427,2.6090161855361442,-18.321827480427597,16.253395031846146,20.45718633595518,4.819328826080338,,,,,,,,,,,,,,,,,,,,,,,,,,,,,,,,,,,,,,,,,,,,
diagnosis_donors,matched,cmapss:FD001,diagnosis,joint | full | gmm_fitted,,,,,,,,,,,,,,,,,,,,,,,,,,,,,,,3,"[11, 12, 13]",matched,,,,,,,,,,,,,,,,,,,,,,,,,,,,,,,,,,,,,,,,,,,,,,,,,,,,,,,,,,,,,0.10000000000000002,1.6996749443881478e-17,10.0,0.0,209.9546529558003,3.541185400694484,1398.0181332444483,151.93247831038462,0.06317851824764015,0.010916761672249838,0.5354759362143543,0.04748126407285093,0.8258842586754115,0.013818272498967308,0.8645863033362703,0.010559245047356157,0.5245415671697121,0.042860618961324856,0.7204770334651526,0.022869493562702205,0.9917960295392083,0.0026583055496672467,0.9970855414030666,0.0009206907283733533,0.915773159817166,0.02497735372827668,0.7339317679008515,0.007364804181127253,435.6666666666667,29.938826518975876,0.0,0.0,0.0,0.0,0.0,0.0,435.6666666666667,29.938826518975876,202.66666666666666,28.148416178061126,0.7174084661728491,0.011917455725809113,0.5031487045287127,0.032269675859468515
diagnosis_donors,matched,cmapss:FD001,diagnosis,independent | full | gmm_fitted,,,,,,,,,,,,,,,,,,,,,,,,,,,,,,,3,"[11, 12, 13]",matched,,,,,,,,,,,,,,,,,,,,,,,,,,,,,,,,,,,,,,,,,,,,,,,,,,,,,,,,,,,,,0.10000000000000002,1.6996749443881478e-17,10.0,0.0,192.9553165874017,19.49032798006242,462.1522109486494,66.95185283194174,0.0682903439916771,0.012834193030111,0.409776121730038,0.04349090371099014,0.7643383671877008,0.021053415690695517,0.8081964825179981,0.02113481572137438,0.5273046824726033,0.041002876133999284,0.48682197794860355,0.04078581529471225,0.96231872544268,0.012526834479761828,0.9423160925491153,0.015028849818343857,0.9125140315229553,0.02168877074505323,0.6754814805514414,0.01045118600859214,435.6666666666667,29.938826518975876,0.0,0.0,0.0,0.0,0.0,0.0,435.6666666666667,29.938826518975876,258.0,37.26929030716845,0.6209795924648478,0.011239486957860192,0.3838753217974247,0.04554208812543393
diagnosis_donors,matched,cmapss:FD001,diagnosis,marginal_max | full | gmm_fitted,,,,,,,,,,,,,,,,,,,,,,,,,,,,,,,3,"[11, 12, 13]",matched,,,,,,,,,,,,,,,,,,,,,,,,,,,,,,,,,,,,,,,,,,,,,,,,,,,,,,,,,,,,,0.10000000000000002,1.6996749443881478e-17,10.0,0.0,36.34149232018932,2.341241413528671,266.59031227109136,7.252903793184833,0.029846764288170125,0.01656365274770624,0.5391572947026586,0.02841442104730901,0.7860077971801882,0.02463365874473054,0.8445935761109986,0.021067270563603118,0.5159893675758461,0.042983956195363916,0.4817560695079932,0.009545106876777008,0.9933257502208551,0.003850618858964483,0.967989635592274,0.022430402878096667,0.9831769069365547,0.005919727056457603,0.6754814805514414,0.01045118600859214,435.6666666666667,29.938826518975876,0.0,0.0,0.0,0.0,0.0,0.0,435.6666666666667,29.938826518975876,201.33333333333334,26.57693235370353,0.6209795924648478,0.011239486957860192,0.5263345607903025,0.03209267722102205
diagnosis_donors,matched,cmapss:FD001,diagnosis,conditional_max | full | gmm_fitted,,,,,,,,,,,,,,,,,,,,,,,,,,,,,,,3,"[11, 12, 13]",matched,,,,,,,,,,,,,,,,,,,,,,,,,,,,,,,,,,,,,,,,,,,,,,,,,,,,,,,,,,,,,0.10000000000000002,1.6996749443881478e-17,10.0,0.0,62.55781634021029,6.837105771391981,698.3405041141659,77.12005631882943,0.030038232996521735,0.0130061735390915,0.5750187601267225,0.05824812992276449,0.8405648414077693,0.014484247365572876,0.8845756107411958,0.0101124230103339,0.5138901862679303,0.047449921060986715,0.7409623961714469,0.008010950027021107,0.9991744561997026,0.0001132774657342245,0.9997232767140263,0.00021614275410415657,0.9714545796743126,0.00861869316637644,0.7339317679008515,0.007364804181127253,435.6666666666667,29.938826518975876,0.0,0.0,0.0,0.0,0.0,0.0,435.6666666666667,29.938826518975876,185.66666666666666,33.12602199681292,0.7174084661728491,0.011917455725809113,0.5608954725830823,0.04782640476933526
diagnosis_donors,matched,cmapss:FD001,diagnosis,relational_max | full | gmm_fitted,,,,,,,,,,,,,,,,,,,,,,,,,,,,,,,3,"[11, 12, 13]",matched,,,,,,,,,,,,,,,,,,,,,,,,,,,,,,,,,,,,,,,,,,,,,,,,,,,,,,,,,,,,,0.10000000000000002,1.6996749443881478e-17,10.0,0.0,32.74630181432422,13.579944117795115,675.8281855521113,80.15380241625455,0.02744336223587503,0.022373534859996297,0.5275111538217,0.06062644056442655,0.8337530224918147,0.006533952494695214,0.875440592626293,0.003887916270755126,0.5056326473763092,0.04925816557674202,0.8230704899747529,0.020353743937080074,0.9982657393889752,0.0018530021611069059,0.998925930096826,0.0011765927563738175,0.8669975165802367,0.0228026861198277,0.695484693159505,0.01495997667666624,435.6666666666667,29.938826518975876,0.0,0.0,0.0,0.0,0.0,0.0,435.6666666666667,29.938826518975876,206.0,31.0,0.692643398035016,0.016801245482328052,0.4932148478961727,0.049641489081638956
diagnosis_donors,matched,cmapss:FD001,diagnosis,query random1:1 | circuit,,,,,,,,,,,,,,,,,,,,,,,,,,,,,,,3,"[11, 12, 13]",matched,,,,,,,,,,,,,,,,,,,2.4159749348958332e-05,1.1012082465927615e-06,1.3737996856665025,0.01644220134245098,0.7526637010002256,0.11848940934971397,871.3333333333334,59.87765303795175,14.0,0.0,14.0,0.0,14.0,0.0,6.0,0.0,50324.0,0.0,240.0,0.0,2.0,0.0,1.3517796666666666,0.017532366421374308,21924489.333333332,1506641.505740942,209120.0,14370.636729108423,13070.0,898.1647955692764,245760.0,0.0,6.305557727813721,1.8751458743054532,6.317993640899658,1.886290874302974,1.6817729274431865,0.7831979409436192,2.547703981399536,0.4016404289866805,8.229477723439535,2.402400977012175,,,,,,,,,,,,,,,,,,,,,,,,,,,,,,,,,,,,,,,,,,,,
diagnosis_donors,matched,cmapss:FD001,diagnosis,joint | random1:1 | circuit,,,,,,,,,,,,,,,,,,,,,,,,,,,,,,,3,"[11, 12, 13]",matched,,,,,,,,,,,,,,,,,,,,,,,,,,,,,,,,,,,,,,,,,,,,,,,,,,,,,,,,,,,,,0.10000000000000002,1.6996749443881478e-17,10.0,0.0,42.928086598714195,23.77366265203791,1056.5423177083333,130.22347733700127,0.07947291839537235,0.027908119601869393,0.54981936417648,0.07556304882078146,0.796029532258018,0.028181982496545212,0.8452668607056495,0.023890398371517976,0.5314485092647042,0.0405373781520828,0.5634671435123397,0.051750396938816196,0.9892526278705182,0.004163256740242993,0.9922859131432946,0.006348892696712551,0.9191876935998508,0.016766185782481572,0.6872309214695532,0.024833007342490946,427.6666666666667,24.583192089989723,8.0,5.5677643628300215,0.0,0.0,0.0,0.0,427.6666666666667,24.583192089989723,189.66666666666666,41.78915329763614,0.6507865562060882,0.02506931989951136,0.5150691705006979,0.06468374758629855
diagnosis_donors,matched,cmapss:FD001,diagnosis,independent | random1:1 | circuit,,,,,,,,,,,,,,,,,,,,,,,,,,,,,,,3,"[11, 12, 13]",matched,,,,,,,,,,,,,,,,,,,,,,,,,,,,,,,,,,,,,,,,,,,,,,,,,,,,,,,,,,,,,0.10000000000000002,1.6996749443881478e-17,10.0,0.0,50.589342753092446,21.862377767454586,1049.9818522135417,136.22469659725542,0.07715727283440509,0.02974691749636056,0.5389096569802453,0.0742202348335704,0.7836007458222035,0.023737226819203743,0.8370560541815428,0.021994453657422978,0.5292640674604784,0.03512410203492434,0.5086739940642748,0.030415106290450786,0.9848101218110211,0.005025849187641633,0.988757744558364,0.009562688389720663,0.9183140090076197,0.014744691456289616,0.6590618462998091,0.023510555034234243,427.6666666666667,24.583192089989723,8.0,5.5677643628300215,0.0,0.0,0.0,0.0,427.6666666666667,24.583192089989723,194.33333333333334,41.10150037812894,0.6182325452380123,0.02481138442770018,0.5050699925850423,0.06302994326198696
diagnosis_donors,matched,cmapss:FD001,diagnosis,marginal_max | random1:1 | circuit,,,,,,,,,,,,,,,,,,,,,,,,,,,,,,,3,"[11, 12, 13]",matched,,,,,,,,,,,,,,,,,,,,,,,,,,,,,,,,,,,,,,,,,,,,,,,,,,,,,,,,,,,,,0.10000000000000002,1.6996749443881478e-17,10.0,0.0,28.323476791381836,2.47367057817747,541.0442199707031,106.56478804979933,0.06984060068042665,0.06430892544815717,0.591285784460824,0.07370569776244199,0.7873078699644708,0.024478769918990766,0.8492446823547537,0.0174835342127874,0.5226528240150446,0.028817369071765863,0.5012431998726409,0.039091146592914315,0.9955441047281388,0.0008323608784570135,0.9943355513279323,0.006924337063441259,0.9382106217067591,0.015826504337647547,0.6590618462998091,0.023510555034234243,427.6666666666667,24.583192089989723,8.0,5.5677643628300215,0.0,0.0,0.0,0.0,427.6666666666667,24.583192089989723,171.0,38.157568056677825,0.6182325452380123,0.02481138442770018,0.5607361583067169,0.04033644657547628
diagnosis_donors,matched,cmapss:FD001,diagnosis,conditional_max | random1:1 | circuit,,,,,,,,,,,,,,,,,,,,,,,,,,,,,,,3,"[11, 12, 13]",matched,,,,,,,,,,,,,,,,,,,,,,,,,,,,,,,,,,,,,,,,,,,,,,,,,,,,,,,,,,,,,0.10000000000000002,1.6996749443881478e-17,10.0,0.0,27.66791280110677,2.371228185466592,541.4386189778646,106.93636112893424,0.06751090274175252,0.055404758043418344,0.6020075056705596,0.07287635036569334,0.8023285885341211,0.025172562936375615,0.8593439884812305,0.01814589464111611,0.5193323081661476,0.03725629050650668,0.574669670934581,0.04437786989691806,0.9990747389215339,0.0002728205988021043,0.9966946061221337,0.004242848815008388,0.9407183959082319,0.014884761319208096,0.6872309214695532,0.024833007342490946,427.6666666666667,24.583192089989723,8.0,5.5677643628300215,0.0,0.0,0.0,0.0,427.6666666666667,24.583192089989723,166.33333333333334,37.634204300520736,0.6507865562060882,0.02506931989951136,0.5753940031579378,0.04719884943531418
diagnosis_donors,matched,cmapss:FD001,diagnosis,relational_max | random1:1 | circuit,,,,,,,,,,,,,,,,,,,,,,,,,,,,,,,3,"[11, 12, 13]",matched,,,,,,,,,,,,,,,,,,,,,,,,,,,,,,,,,,,,,,,,,,,,,,,,,,,,,,,,,,,,,0.10000000000000002,1.6996749443881478e-17,10.0,0.0,3.3600136439005532,0.8443834480864945,12.50372346242269,1.0686287992432202,0.005461879786970813,0.005532634578577146,0.29128801178293895,0.06189302148467933,0.7019969867247678,0.015027805757840233,0.7641447164715407,0.017278065952658392,0.5190616470868161,0.020197602607928418,0.7072852292446928,0.058479720474490765,0.8916609138012714,0.011952551949627088,0.8771215729524365,0.00801465282643694,0.5305254992530609,0.031533981041760015,0.4509975696903871,0.027023960874759778,427.6666666666667,24.583192089989723,8.0,5.5677643628300215,0.0,0.0,139.66666666666666,34.81857741685225,288.0,12.489995996796797,161.66666666666666,31.533051443419385,0.6283349404796655,0.0575979161416156,0.28206539984684126,0.06361565808703773
diagnosis_donors,matched,cmapss:FD001,diagnosis,query random1:1 | gaussian_fitted,,,,,,,,,,,,,,,,,,,,,,,,,,,,,,,3,"[11, 12, 13]",matched,,,,,,,,,,,,,,,,,,,0.0,0.0,0.7487516583338826,0.09322959773923635,0.006555552001373144,9.650703583496912e-05,871.3333333333334,59.87765303795175,14.0,0.0,14.0,0.0,14.0,0.0,58.0,0.0,8400.0,0.0,0.0,0.0,1.0,0.0,0.0,0.0,3659600.0,251486.1427593974,0.0,0.0,13070.0,898.1647955692764,17814720.0,0.0,13.939547798138136,2.306695945375461,13.943975179174556,2.307727948465571,5.925116209400592,0.5478160099897231,5.136084030252412,1.7798659940417174,24.852107458445868,2.884985713151225,,,,,,,,,,,,,,,,,,,,,,,,,,,,,,,,,,,,,,,,,,,,
diagnosis_donors,matched,cmapss:FD001,diagnosis,joint | random1:1 | gaussian_fitted,,,,,,,,,,,,,,,,,,,,,,,,,,,,,,,3,"[11, 12, 13]",matched,,,,,,,,,,,,,,,,,,,,,,,,,,,,,,,,,,,,,,,,,,,,,,,,,,,,,,,,,,,,,0.10000000000000002,1.6996749443881478e-17,10.0,0.0,179.0459928826108,12.519363620321528,1046.2119544770408,117.05226958236464,0.05952639842418985,0.023590607471778022,0.642923129444267,0.03911532383062024,0.8384109652111608,0.01693617151636716,0.8835159128061986,0.013420920596693012,0.5203983166220482,0.05136288458638739,0.7518827482760204,0.02046390010115786,0.9985584443984994,0.0010956107505308498,0.9997870948945763,0.0001690865207811983,0.943510646023659,0.015998987046293295,0.7459554927519528,0.0057912228304196145,427.6666666666667,24.583192089989723,8.0,5.5677643628300215,0.0,0.0,0.0,0.0,427.6666666666667,24.583192089989723,148.66666666666666,23.75570107012911,0.7244077314196318,0.009081736971386449,0.6143573588495355,0.03283141576885508
diagnosis_donors,matched,cmapss:FD001,diagnosis,independent | random1:1 | gaussian_fitted,,,,,,,,,,,,,,,,,,,,,,,,,,,,,,,3,"[11, 12, 13]",matched,,,,,,,,,,,,,,,,,,,,,,,,,,,,,,,,,,,,,,,,,,,,,,,,,,,,,,,,,,,,,0.10000000000000002,1.6996749443881478e-17,10.0,0.0,194.04228352512578,16.664521103864274,397.47420334818474,33.80418441139506,0.05488178386633152,0.01733182831692214,0.5071042261209809,0.06426487639683201,0.7766300420668987,0.02233657662789943,0.8312334057037979,0.020325130117323863,0.5266792905642378,0.04062812207045793,0.48925506020434345,0.03988485653376537,0.9781698343240924,0.007154905114063948,0.9636221838116078,0.011395385693592502,0.9346933563892899,0.011616569693200601,0.6838303915013739,0.014682191211536234,427.6666666666667,24.583192089989723,8.0,5.5677643628300215,0.0,0.0,0.0,0.0,427.6666666666667,24.583192089989723,208.0,37.986839826445156,0.620891041597834,0.015834834687597422,0.4754329205498003,0.05908277450283079
diagnosis_donors,matched,cmapss:FD001,diagnosis,marginal_max | random1:1 | gaussian_fitted,,,,,,,,,,,,,,,,,,,,,,,,,,,,,,,3,"[11, 12, 13]",matched,,,,,,,,,,,,,,,,,,,,,,,,,,,,,,,,,,,,,,,,,,,,,,,,,,,,,,,,,,,,,0.10000000000000002,1.6996749443881478e-17,10.0,0.0,52.42989189452059,5.537974066128937,239.50589276158234,12.354470437004546,0.02423759776425456,0.022527446782545688,0.36003135259602487,0.0389537095886893,0.7701183739563532,0.020790611593524883,0.8186090644530527,0.030091349689511465,0.5030716959171878,0.047967754132725145,0.48349091909140096,0.012817061776590394,0.9753299503627638,0.01384887770736366,0.943993675351637,0.02780945632657763,0.9563010574830563,0.01941507961523823,0.6838303915013739,0.014682191211536234,427.6666666666667,24.583192089989723,8.0,5.5677643628300215,0.0,0.0,0.0,0.0,427.6666666666667,24.583192089989723,271.3333333333333,27.501515109777742,0.620891041597834,0.015834834687597422,0.34749059766341756,0.050318742087482105
diagnosis_donors,matched,cmapss:FD001,diagnosis,conditional_max | random1:1 | gaussian_fitted,,,,,,,,,,,,,,,,,,,,,,,,,,,,,,,3,"[11, 12, 13]",matched,,,,,,,,,,,,,,,,,,,,,,,,,,,,,,,,,,,,,,,,,,,,,,,,,,,,,,,,,,,,,0.10000000000000002,1.6996749443881478e-17,10.0,0.0,54.044674947300415,5.159703757749196,508.7701958909847,46.009084092493985,0.023689717020750137,0.018866958154796845,0.5760218245169849,0.034719083857023526,0.8356803313392507,0.013598471480160485,0.8822818042470204,0.012924659641337282,0.5035994548259102,0.05298807762080075,0.7408302830390011,0.004171716159515825,0.997673691939072,0.0024632688190350427,0.9987531737885389,0.0015342731133377316,0.9597923141019412,0.01925405106345595,0.7459554927519528,0.0057912228304196145,427.6666666666667,24.583192089989723,8.0,5.5677643628300215,0.0,0.0,0.0,0.0,427.6666666666667,24.583192089989723,177.33333333333334,22.89832599412746,0.7244077314196318,0.009081736971386449,0.5655147361655962,0.03693450759249719
diagnosis_donors,matched,cmapss:FD001,diagnosis,relational_max | random1:1 | gaussian_fitted,,,,,,,,,,,,,,,,,,,,,,,,,,,,,,,3,"[11, 12, 13]",matched,,,,,,,,,,,,,,,,,,,,,,,,,,,,,,,,,,,,,,,,,,,,,,,,,,,,,,,,,,,,,0.10000000000000002,1.6996749443881478e-17,10.0,0.0,3.6968609540898214,0.40818523663034156,492.5346711728905,6.7404256294742195,0.0987423324436194,0.048826461186526185,0.6842639692580952,0.02265692768389455,0.8290279713924944,0.005444467416735192,0.8806517689438063,0.0024421451418008265,0.4729132791206394,0.01649276321223816,0.8372727922276443,0.0314226564811871,0.9996005543327627,0.0006918601905182557,1.0,0.0,0.861903239118864,0.019239665029320674,0.6955066323407578,0.005893061318977891,427.6666666666667,24.583192089989723,8.0,5.5677643628300215,0.0,0.0,0.0,0.0,427.6666666666667,24.583192089989723,131.0,11.532562594670797,0.6841759817330982,0.006125041597671894,0.6174973565736173,0.0063743368210178635
diagnosis_donors,matched,cmapss:FD001,diagnosis,query random1:1 | gmm_fitted,,,,,,,,,,,,,,,,,,,,,,,,,,,,,,,3,"[11, 12, 13]",matched,,,,,,,,,,,,,,,,,,,0.0,0.0,1.9279847806671266,0.6904233342467005,0.016117443667705327,0.00655362881105007,871.3333333333334,59.87765303795175,14.0,0.0,14.0,0.0,14.0,0.0,58.0,0.0,8400.0,0.0,0.0,0.0,1.0,0.0,0.0,0.0,3659600.0,251486.1427593974,0.0,0.0,13070.0,898.1647955692764,47506880.0,20571082.467269436,7.024153420996292,3.754806464008281,10.510274102117458,0.9001108115466389,10.465601714427997,2.4786333519060544,-14.3838756646086,15.184632686398738,20.23878462041382,4.383611653680171,,,,,,,,,,,,,,,,,,,,,,,,,,,,,,,,,,,,,,,,,,,,
diagnosis_donors,matched,cmapss:FD001,diagnosis,joint | random1:1 | gmm_fitted,,,,,,,,,,,,,,,,,,,,,,,,,,,,,,,3,"[11, 12, 13]",matched,,,,,,,,,,,,,,,,,,,,,,,,,,,,,,,,,,,,,,,,,,,,,,,,,,,,,,,,,,,,,0.10000000000000002,1.6996749443881478e-17,10.0,0.0,185.65623730378545,4.711531208247713,1328.120673699155,92.34764493003969,0.0698469586726456,0.019796922602079683,0.5274058622308129,0.052219244338937106,0.8215195667427269,0.014245748551875537,0.8619581430161739,0.010744976628706824,0.5185931793856454,0.047068966823947934,0.7176071911078569,0.023214161838891845,0.9898186034287179,0.0034541572138561487,0.9949011510046644,0.001436712342297283,0.9064690885880848,0.029462957596799524,0.7418506228435158,0.0035477795090720823,427.6666666666667,24.583192089989723,8.0,5.5677643628300215,0.0,0.0,0.0,0.0,427.6666666666667,24.583192089989723,198.66666666666666,29.022979401386987,0.7179469367847817,0.002818242520309031,0.4964164007041578,0.03388735111343012
diagnosis_donors,matched,cmapss:FD001,diagnosis,independent | random1:1 | gmm_fitted,,,,,,,,,,,,,,,,,,,,,,,,,,,,,,,3,"[11, 12, 13]",matched,,,,,,,,,,,,,,,,,,,,,,,,,,,,,,,,,,,,,,,,,,,,,,,,,,,,,,,,,,,,,0.10000000000000002,1.6996749443881478e-17,10.0,0.0,172.99721540383885,18.550856729168398,458.6469628544689,61.9677233334017,0.06441172575752238,0.009926319788811134,0.4120012570196081,0.06153067973141634,0.7596442795363516,0.020571239547050507,0.8053520019888879,0.02110799696283115,0.5231673086819867,0.03921680909998816,0.4880787657284486,0.04135372034258543,0.9557522242156514,0.008734919704641126,0.9403118774412719,0.014391610470071568,0.9001923411429527,0.028945057998977824,0.6827792297384064,0.006940614644201366,427.6666666666667,24.583192089989723,8.0,5.5677643628300215,0.0,0.0,0.0,0.0,427.6666666666667,24.583192089989723,249.66666666666666,40.5010287935175,0.6221851979541398,0.006221347188066873,0.3820703404522598,0.05637996302631988
diagnosis_donors,matched,cmapss:FD001,diagnosis,marginal_max | random1:1 | gmm_fitted,,,,,,,,,,,,,,,,,,,,,,,,,,,,,,,3,"[11, 12, 13]",matched,,,,,,,,,,,,,,,,,,,,,,,,,,,,,,,,,,,,,,,,,,,,,,,,,,,,,,,,,,,,,0.10000000000000002,1.6996749443881478e-17,10.0,0.0,36.34149232018932,2.341241413528671,267.6973612637814,7.344821218224371,0.029846764288170125,0.01656365274770624,0.5332148802935853,0.03255036985411285,0.7796168870411178,0.02205291778164248,0.8404874107433877,0.01966144020666081,0.5060171238434288,0.042529471195684114,0.4802183225862778,0.015565052938533516,0.9921096345119605,0.003974761745043174,0.9681072493778098,0.01844524541935981,0.9645337055566485,0.005563140795181373,0.6827792297384064,0.006940614644201366,427.6666666666667,24.583192089989723,8.0,5.5677643628300215,0.0,0.0,0.0,0.0,427.6666666666667,24.583192089989723,196.0,23.430749027719962,0.6221851979541398,0.006221347188066873,0.5203921463812292,0.036098486298723274
diagnosis_donors,matched,cmapss:FD001,diagnosis,conditional_max | random1:1 | gmm_fitted,,,,,,,,,,,,,,,,,,,,,,,,,,,,,,,3,"[11, 12, 13]",matched,,,,,,,,,,,,,,,,,,,,,,,,,,,,,,,,,,,,,,,,,,,,,,,,,,,,,,,,,,,,,0.10000000000000002,1.6996749443881478e-17,10.0,0.0,57.36877802219929,7.380852149726104,672.9265997824402,64.45025359175733,0.03540611979024295,0.018828380114099555,0.5931953284550929,0.05269401674478219,0.8351140990000462,0.012528746778313754,0.8825402879708529,0.008813528888441792,0.5017163686092916,0.049017713818750266,0.7362679774305524,0.01386633645033452,0.9996551591174918,0.0001691389975238536,0.9997473068044037,9.390636856750629e-05,0.9610618141040321,0.014221854397848373,0.7418506228435158,0.0035477795090720823,427.6666666666667,24.583192089989723,8.0,5.5677643628300215,0.0,0.0,0.0,0.0,427.6666666666667,24.583192089989723,169.66666666666666,27.465129406819358,0.7179469367847817,0.002818242520309031,0.5782821514959708,0.041068809763865746
diagnosis_donors,matched,cmapss:FD001,diagnosis,relational_max | random1:1 | gmm_fitted,,,,,,,,,,,,,,,,,,,,,,,,,,,,,,,3,"[11, 12, 13]",matched,,,,,,,,,,,,,,,,,,,,,,,,,,,,,,,,,,,,,,,,,,,,,,,,,,,,,,,,,,,,,0.10000000000000002,1.6996749443881478e-17,10.0,0.0,26.642004204415517,15.526544406689682,639.9522770392265,58.991783066394554,0.0359574832555998,0.03468321087672429,0.5519268968583825,0.08044641253812718,0.8295085299051405,0.003540796958987029,0.874547398572715,0.0032506165253692897,0.4954096779392727,0.04242922607902024,0.8113578180393555,0.035106525937156165,0.9984096382141425,0.0018993471645363795,0.9988894913184304,0.0012893994650062445,0.8674477354372109,0.021469473640649186,0.7004096930171083,0.011174529227023866,427.6666666666667,24.583192089989723,8.0,5.5677643628300215,0.0,0.0,0.0,0.0,427.6666666666667,24.583192089989723,187.33333333333334,36.82843104631711,0.694237074340626,0.010746956892937694,0.5154222618010612,0.0685962270374801
diagnosis_donors,matched,cmapss:FD001,diagnosis,query random3:5-8-14 | circuit,,,,,,,,,,,,,,,,,,,,,,,,,,,,,,,3,"[11, 12, 13]",matched,,,,,,,,,,,,,,,,,,,2.4159749348958332e-05,5.827046324355875e-06,1.3688150026658452,0.006986361508522347,0.6331804026667669,0.07230278005510117,871.3333333333334,59.87765303795175,12.0,0.0,12.0,0.0,12.0,0.0,6.0,0.0,50324.0,0.0,240.0,0.0,2.0,0.0,1.3467056666666666,0.008205144869734688,21924489.333333332,1506641.505740942,209120.0,14370.636729108423,13070.0,898.1647955692764,245760.0,0.0,4.788600524266561,1.1826569285175723,4.830991824467977,1.2478028747539291,1.3757051924864452,0.8587350695489122,1.9478215376536052,1.1465667908930697,6.546478112538655,1.6097600114462254,,,,,,,,,,,,,,,,,,,,,,,,,,,,,,,,,,,,,,,,,,,,
diagnosis_donors,matched,cmapss:FD001,diagnosis,joint | random3:5-8-14 | circuit,,,,,,,,,,,,,,,,,,,,,,,,,,,,,,,3,"[11, 12, 13]",matched,,,,,,,,,,,,,,,,,,,,,,,,,,,,,,,,,,,,,,,,,,,,,,,,,,,,,,,,,,,,,0.10000000000000002,1.6996749443881478e-17,10.0,0.0,18.00665028889974,7.173205239975588,899.5719197591146,120.74951429894942,0.10517819994306155,0.06613791832960506,0.5550289491129791,0.0646972867703178,0.7794567020537143,0.02555076658773069,0.8315147191397857,0.019929103450755974,0.5305772502118323,0.0559070942263981,0.5431307237128318,0.040802084035807235,0.9889921461402201,0.0010776126908834816,0.9805913057483412,0.011359322493937138,0.8692595025189757,0.030617215100905395,0.6982006631911423,0.024776257265893734,397.3333333333333,32.516662395352526,38.333333333333336,4.041451884327381,0.0,0.0,0.0,0.0,397.3333333333333,32.516662395352526,160.33333333333334,26.652079343520896,0.6520724062091269,0.023658593660300795,0.4968976642680432,0.040626366434201824
diagnosis_donors,matched,cmapss:FD001,diagnosis,independent | random3:5-8-14 | circuit,,,,,,,,,,,,,,,,,,,,,,,,,,,,,,,3,"[11, 12, 13]",matched,,,,,,,,,,,,,,,,,,,,,,,,,,,,,,,,,,,,,,,,,,,,,,,,,,,,,,,,,,,,,0.10000000000000002,1.6996749443881478e-17,10.0,0.0,23.82385317484538,5.787684375680659,895.8189493815104,108.2502098173921,0.10438831052757973,0.06552884196419492,0.5433693228090338,0.06037287253309795,0.7706512121753137,0.023466694665764783,0.8252803087023758,0.018794054269711275,0.5280969779481363,0.04979710145223971,0.5081245205441722,0.029522672403476197,0.9862189053761079,0.0006265775268707417,0.9745346256319674,0.01248693389216457,0.8691565771844284,0.027561921458451318,0.6740359624698535,0.02314949263208135,397.3333333333333,32.516662395352526,38.333333333333336,4.041451884327381,0.0,0.0,0.0,0.0,397.3333333333333,32.516662395352526,165.33333333333334,24.00694344004112,0.6243005977253011,0.020956803964578462,0.4845021712340944,0.039875178347078565
diagnosis_donors,matched,cmapss:FD001,diagnosis,marginal_max | random3:5-8-14 | circuit,,,,,,,,,,,,,,,,,,,,,,,,,,,,,,,3,"[11, 12, 13]",matched,,,,,,,,,,,,,,,,,,,,,,,,,,,,,,,,,,,,,,,,,,,,,,,,,,,,,,,,,,,,,0.10000000000000002,1.6996749443881478e-17,10.0,0.0,28.29757817586263,2.245004494547275,534.803700764974,114.39024534880362,0.07031979890926011,0.04832707520457145,0.5528576745218244,0.009596513695615538,0.771338867056132,0.023596730684525398,0.8345091829032225,0.014669322021292019,0.5234310029827322,0.04454890668812308,0.5042575090370659,0.03900187835284322,0.9926796472814505,0.001958650817864436,0.9790502444580692,0.0036548158686308964,0.8722904958215231,0.025158738205215705,0.6740359624698535,0.02314949263208135,397.3333333333333,32.516662395352526,38.333333333333336,4.041451884327381,0.0,0.0,0.0,0.0,397.3333333333333,32.516662395352526,159.0,13.114877048604,0.6243005977253011,0.020956803964578462,0.5244300788917493,0.012007639066437661
diagnosis_donors,matched,cmapss:FD001,diagnosis,conditional_max | random3:5-8-14 | circuit,,,,,,,,,,,,,,,,,,,,,,,,,,,,,,,3,"[11, 12, 13]",matched,,,,,,,,,,,,,,,,,,,,,,,,,,,,,,,,,,,,,,,,,,,,,,,,,,,,,,,,,,,,,0.10000000000000002,1.6996749443881478e-17,10.0,0.0,27.699357350667317,1.886869085433845,534.2493184407552,114.96898174189761,0.068393448757215,0.04595715193445291,0.562147632579324,0.0069505461578216006,0.7800066943188003,0.026466435335011886,0.840685515907318,0.016196778900634083,0.5225864740195015,0.05090878145684304,0.5438924972544451,0.05594113286597687,0.9944436797756971,0.0020261680425073254,0.9859326739216386,0.00414209968603365,0.8711704777436586,0.02894802588041061,0.6982006631911423,0.024776257265893734,397.3333333333333,32.516662395352526,38.333333333333336,4.041451884327381,0.0,0.0,0.0,0.0,397.3333333333333,32.516662395352526,155.0,12.767145334803704,0.6520724062091269,0.023658593660300795,0.5342412708209059,0.013493861819031299
diagnosis_donors,matched,cmapss:FD001,diagnosis,relational_max | random3:5-8-14 | circuit,,,,,,,,,,,,,,,,,,,,,,,,,,,,,,,3,"[11, 12, 13]",matched,,,,,,,,,,,,,,,,,,,,,,,,,,,,,,,,,,,,,,,,,,,,,,,,,,,,,,,,,,,,,0.10000000000000002,1.6996749443881478e-17,10.0,0.0,3.0348889032999673,1.1654873005710529,11.004048665364584,1.324222114434699,0.02134033765393327,0.03489654553678406,0.23055780650078384,0.07149917945579068,0.6593775642801623,0.010072077972471486,0.7214752483773766,0.003487771040561091,0.49551074918093224,0.020630988406023714,0.6363330848301912,0.02458271888828967,0.8385156344843487,0.025344535993744678,0.8318994465705604,0.0147163590116905,0.5081049638502372,0.009715956989633323,0.46473118015496184,0.018125748492776952,397.3333333333333,32.516662395352526,38.333333333333336,4.041451884327381,0.0,0.0,153.0,44.64302857109943,244.33333333333334,12.423096769056148,144.66666666666666,27.610384519838423,0.6335314825354667,0.07657308273310978,0.2119371911362299,0.05903357529029034
diagnosis_donors,matched,cmapss:FD001,diagnosis,query random3:5-8-14 | gaussian_fitted,,,,,,,,,,,,,,,,,,,,,,,,,,,,,,,3,"[11, 12, 13]",matched,,,,,,,,,,,,,,,,,,,0.0,0.0,0.4454234533344182,0.07167332390717208,0.005291531999925307,0.00018228390183073277,871.3333333333334,59.87765303795175,12.0,0.0,12.0,0.0,12.0,0.0,50.0,0.0,6240.0,0.0,0.0,0.0,1.0,0.0,0.0,0.0,2718560.0,186818.2774784095,0.0,0.0,13070.0,898.1647955692764,22944960.0,0.0,11.613218632553108,1.6059549139211517,11.613218632553108,1.6059549139211517,4.723523561954456,0.05527402662541235,4.363674528726219,1.0920915123459076,19.945218066779248,1.267972619036095,,,,,,,,,,,,,,,,,,,,,,,,,,,,,,,,,,,,,,,,,,,,
diagnosis_donors,matched,cmapss:FD001,diagnosis,joint | random3:5-8-14 | gaussian_fitted,,,,,,,,,,,,,,,,,,,,,,,,,,,,,,,3,"[11, 12, 13]",matched,,,,,,,,,,,,,,,,,,,,,,,,,,,,,,,,,,,,,,,,,,,,,,,,,,,,,,,,,,,,,0.10000000000000002,1.6996749443881478e-17,10.0,0.0,172.77451227533413,7.284568508352612,795.4958108183906,55.89769822427052,0.029927433845495927,0.014785507225543903,0.5508008437906107,0.01962523906834996,0.8152548819965623,0.013947723007334503,0.863728967972901,0.010438093915147897,0.5272330236875088,0.054537892963416275,0.695831370234196,0.009786534176851084,0.9969280407468939,0.0014290759870738718,0.9918188729336846,0.011157169248859298,0.884064595694768,0.036007634658216624,0.749195316700704,0.012711545015505291,397.3333333333333,32.516662395352526,38.333333333333336,4.041451884327381,0.0,0.0,0.0,0.0,397.3333333333333,32.516662395352526,160.0,25.11971337416094,0.724933608186157,0.024075677465233827,0.5263451304461569,0.015585489712784204
diagnosis_donors,matched,cmapss:FD001,diagnosis,independent | random3:5-8-14 | gaussian_fitted,,,,,,,,,,,,,,,,,,,,,,,,,,,,,,,3,"[11, 12, 13]",matched,,,,,,,,,,,,,,,,,,,,,,,,,,,,,,,,,,,,,,,,,,,,,,,,,,,,,,,,,,,,,0.10000000000000002,1.6996749443881478e-17,10.0,0.0,179.28352437581302,16.179833489175135,386.4726015265912,39.692332611541616,0.04846867554922726,0.022170591593521104,0.4534941621887368,0.0720050499459607,0.7622638764419692,0.02297087625108766,0.8146980878470855,0.020021805088961665,0.5294169356788863,0.052195803003164315,0.49304935378073017,0.03210597647015807,0.9730081485869717,0.005344901771470699,0.9428468572772238,0.018224362198227574,0.8831004338619914,0.03076196535171285,0.7078166309497691,0.017821812513352478,397.3333333333333,32.516662395352526,38.333333333333336,4.041451884327381,0.0,0.0,0.0,0.0,397.3333333333333,32.516662395352526,203.66666666666666,50.599736494702555,0.6405271284512467,0.026405829026684348,0.4218902027389582,0.06847210304825062
diagnosis_donors,matched,cmapss:FD001,diagnosis,marginal_max | random3:5-8-14 | gaussian_fitted,,,,,,,,,,,,,,,,,,,,,,,,,,,,,,,3,"[11, 12, 13]",matched,,,,,,,,,,,,,,,,,,,,,,,,,,,,,,,,,,,,,,,,,,,,,,,,,,,,,,,,,,,,,0.10000000000000002,1.6996749443881478e-17,10.0,0.0,52.42989189452059,5.537974066128937,238.57289870604222,12.42232973260838,0.02423759776425456,0.022527446782545688,0.305377525023964,0.03186306751331695,0.7601722959386605,0.02235731226226438,0.8048728612915609,0.03134413459288383,0.5154680936652402,0.05507793456440298,0.48417199861764865,0.015477090051771432,0.9685289472963747,0.012671913683471283,0.931511566358194,0.036792744763923815,0.9115935970853902,0.029768968906941792,0.7078166309497691,0.017821812513352478,397.3333333333333,32.516662395352526,38.333333333333336,4.041451884327381,0.0,0.0,0.0,0.0,397.3333333333333,32.516662395352526,266.3333333333333,36.0185137579736,0.6405271284512467,0.026405829026684348,0.29053444796631317,0.04283811016218075
diagnosis_donors,matched,cmapss:FD001,diagnosis,conditional_max | random3:5-8-14 | gaussian_fitted,,,,,,,,,,,,,,,,,,,,,,,,,,,,,,,3,"[11, 12, 13]",matched,,,,,,,,,,,,,,,,,,,,,,,,,,,,,,,,,,,,,,,,,,,,,,,,,,,,,,,,,,,,,0.10000000000000002,1.6996749443881478e-17,10.0,0.0,53.09253602246241,3.7550270644907844,465.987611407003,40.11786497888866,0.02596539227394604,0.021547278088290628,0.5271357488034218,0.02316827779117923,0.8156612714256076,0.011262581285024817,0.8644434766407049,0.01121245565796139,0.5174922819561542,0.06127969259343305,0.6799282479427539,0.027902124059978283,0.99351168471212,0.0016238951899102863,0.995329684415534,0.002885650459190463,0.9089307760598132,0.031321898490864156,0.749195316700704,0.012711545015505291,397.3333333333333,32.516662395352526,38.333333333333336,4.041451884327381,0.0,0.0,0.0,0.0,397.3333333333333,32.516662395352526,170.0,26.0,0.724933608186157,0.024075677465233827,0.5098290105060759,0.02382341625236032
diagnosis_donors,matched,cmapss:FD001,diagnosis,relational_max | random3:5-8-14 | gaussian_fitted,,,,,,,,,,,,,,,,,,,,,,,,,,,,,,,3,"[11, 12, 13]",matched,,,,,,,,,,,,,,,,,,,,,,,,,,,,,,,,,,,,,,,,,,,,,,,,,,,,,,,,,,,,,0.10000000000000002,1.6996749443881478e-17,10.0,0.0,3.2843662519365133,0.7939498978493058,432.3461365644893,66.7920289203488,0.09213589256694014,0.06030975281363698,0.6310918778471758,0.03994998507133083,0.8035625426835468,0.005262350770167079,0.8613210883638548,0.0034987190533532007,0.47914741271409467,0.02284636436489323,0.7806850425375313,0.03420295399110719,0.9972485606437043,0.004506189932748894,0.9958691910499139,0.007154770977909323,0.790355895127505,0.031561349887852606,0.6876623891100523,0.011275030755918078,397.3333333333333,32.516662395352526,38.333333333333336,4.041451884327381,0.0,0.0,0.0,0.0,397.3333333333333,32.516662395352526,125.33333333333333,2.5166114784235836,0.6579302733406026,0.019293992723326762,0.5407182425375597,0.011547790633436444
diagnosis_donors,matched,cmapss:FD001,diagnosis,query random3:5-8-14 | gmm_fitted,,,,,,,,,,,,,,,,,,,,,,,,,,,,,,,3,"[11, 12, 13]",matched,,,,,,,,,,,,,,,,,,,0.0,0.0,1.2461017986667382,0.556249435107026,0.013029923666181276,0.0054800514234066705,871.3333333333334,59.87765303795175,12.0,0.0,12.0,0.0,12.0,0.0,50.0,0.0,6240.0,0.0,0.0,0.0,1.0,0.0,0.0,0.0,2718560.0,186818.2774784095,0.0,0.0,13070.0,898.1647955692764,61187797.333333336,26495093.4461402,6.6635303673337125,2.8530375097574834,9.042347734679039,1.024679122934092,8.093349212509152,1.8138721281284722,-9.664003118085827,8.680791970093045,16.681005540428007,2.358768854660028,,,,,,,,,,,,,,,,,,,,,,,,,,,,,,,,,,,,,,,,,,,,
diagnosis_donors,matched,cmapss:FD001,diagnosis,joint | random3:5-8-14 | gmm_fitted,,,,,,,,,,,,,,,,,,,,,,,,,,,,,,,3,"[11, 12, 13]",matched,,,,,,,,,,,,,,,,,,,,,,,,,,,,,,,,,,,,,,,,,,,,,,,,,,,,,,,,,,,,,0.10000000000000002,1.6996749443881478e-17,10.0,0.0,171.35693998624285,2.1289144867943386,1111.005982243278,157.0411396745406,0.05808985665359836,0.017979637573122653,0.4698976201265686,0.022939133738129443,0.8002545539973278,0.005535855006253604,0.8430671495897314,0.00504554892503402,0.5235259908012792,0.045132617047557715,0.6698759539218712,0.013380828669129657,0.9820015908345301,0.008439299956713978,0.9841364442927995,0.010189114748413157,0.8591213357186405,0.045589076963284146,0.7483321565978603,0.007378407090187867,397.3333333333333,32.516662395352526,38.333333333333336,4.041451884327381,0.0,0.0,0.0,0.0,397.3333333333333,32.516662395352526,196.0,22.11334438749598,0.7292208877533964,0.012197410516075514,0.44229640149789434,0.01812353548159351
diagnosis_donors,matched,cmapss:FD001,diagnosis,independent | random3:5-8-14 | gmm_fitted,,,,,,,,,,,,,,,,,,,,,,,,,,,,,,,3,"[11, 12, 13]",matched,,,,,,,,,,,,,,,,,,,,,,,,,,,,,,,,,,,,,,,,,,,,,,,,,,,,,,,,,,,,,0.10000000000000002,1.6996749443881478e-17,10.0,0.0,162.84407165459388,17.096947626688472,443.0984181466353,71.60565748736151,0.04142499209300649,0.019198031839739893,0.33919402526917186,0.039580659931885843,0.7462459068238187,0.018468583436917426,0.7884223265651253,0.019410287279170907,0.5259577173701208,0.04806008122684698,0.4911619720658384,0.03423683979646275,0.9466637834448054,0.01596776778483551,0.9182058094946085,0.011207384302586965,0.8594924334835913,0.03809193999246414,0.7057507676687168,0.008243008608933924,397.3333333333333,32.516662395352526,38.333333333333336,4.041451884327381,0.0,0.0,0.0,0.0,397.3333333333333,32.516662395352526,252.33333333333334,41.428653530296316,0.6409091632641691,0.014846521305311274,0.3179385688361999,0.043285963827328154
diagnosis_donors,matched,cmapss:FD001,diagnosis,marginal_max | random3:5-8-14 | gmm_fitted,,,,,,,,,,,,,,,,,,,,,,,,,,,,,,,3,"[11, 12, 13]",matched,,,,,,,,,,,,,,,,,,,,,,,,,,,,,,,,,,,,,,,,,,,,,,,,,,,,,,,,,,,,,0.10000000000000002,1.6996749443881478e-17,10.0,0.0,36.34149232018932,2.341241413528671,266.74764892510365,7.506769574363992,0.029846764288170125,0.01656365274770624,0.49083517694859297,0.025411496352488305,0.7697953374576919,0.022450510292791933,0.8287777783431732,0.019987307197474775,0.5175238491821795,0.048181618033414815,0.47962036902563643,0.013894690446632186,0.9879552331348189,0.00251905204745668,0.9556092902639944,0.030048425956394828,0.9199712473261118,0.019603915292368764,0.7057507676687168,0.008243008608933924,397.3333333333333,32.516662395352526,38.333333333333336,4.041451884327381,0.0,0.0,0.0,0.0,397.3333333333333,32.516662395352526,185.66666666666666,31.182259913824932,0.6409091632641691,0.014846521305311274,0.4742110116375556,0.030253133119987417
diagnosis_donors,matched,cmapss:FD001,diagnosis,conditional_max | random3:5-8-14 | gmm_fitted,,,,,,,,,,,,,,,,,,,,,,,,,,,,,,,3,"[11, 12, 13]",matched,,,,,,,,,,,,,,,,,,,,,,,,,,,,,,,,,,,,,,,,,,,,,,,,,,,,,,,,,,,,,0.10000000000000002,1.6996749443881478e-17,10.0,0.0,50.853265164678305,1.775661158221604,646.7507345343889,117.63225267689864,0.03128201016225839,0.011701303487166767,0.5648140611250083,0.024755681558717674,0.8167240172160092,0.005122821131692452,0.86784678707573,0.004416710966200526,0.5108466636087698,0.04717746909452154,0.6827656483080481,0.02811646707208515,0.9974396140315743,0.0032433150454402246,0.9980657025063141,0.0027897077054375692,0.9123633304051574,0.035439460493737675,0.7483321565978603,0.007378407090187867,397.3333333333333,32.516662395352526,38.333333333333336,4.041451884327381,0.0,0.0,0.0,0.0,397.3333333333333,32.516662395352526,152.0,19.0,0.7292208877533964,0.012197410516075514,0.5477732245914181,0.015747638906432722
diagnosis_donors,matched,cmapss:FD001,diagnosis,relational_max | random3:5-8-14 | gmm_fitted,,,,,,,,,,,,,,,,,,,,,,,,,,,,,,,3,"[11, 12, 13]",matched,,,,,,,,,,,,,,,,,,,,,,,,,,,,,,,,,,,,,,,,,,,,,,,,,,,,,,,,,,,,,0.10000000000000002,1.6996749443881478e-17,10.0,0.0,20.12649134689455,10.132424171604335,606.8554317893619,138.31526688169984,0.039785561526128714,0.031573057446722404,0.5272663913696533,0.05826672061135046,0.8050793080027404,0.0059449974039781535,0.8558418578565518,0.004681248637160689,0.49037681690462254,0.03233608531610474,0.7599063786683352,0.03783317477924742,0.9937971602275266,0.007790150906950956,0.9940132426944994,0.009566795706339415,0.8094131892012729,0.04083266639310221,0.6955198710111917,0.018407996563862595,397.3333333333333,32.516662395352526,38.333333333333336,4.041451884327381,0.0,0.0,0.0,0.0,397.3333333333333,32.516662395352526,167.66666666666666,23.115651263447745,0.6817722966394202,0.03586897053180271,0.47927954633903164,0.04053686075248129
diagnosis_donors,matched,cmapss:FD001,diagnosis,query random7:3-4-8-10-11-12-14 | circuit,,,,,,,,,,,,,,,,,,,,,,,,,,,,,,,3,"[11, 12, 13]",matched,,,,,,,,,,,,,,,,,,,2.7020772298177082e-05,6.3498765167993474e-06,1.4496380976658354,0.1316849716504811,0.640845069000837,0.05993737032773432,871.3333333333334,59.87765303795175,8.0,0.0,8.0,0.0,8.0,0.0,6.0,0.0,50324.0,0.0,240.0,0.0,2.0,0.0,1.4277123333333332,0.1325086829016624,21924489.333333332,1506641.505740942,209120.0,14370.636729108423,13070.0,898.1647955692764,245760.0,0.0,3.602171023686727,1.3828651025852867,3.6191829840342202,1.4101771574389788,1.069314956665039,0.7014626009000762,1.189551293849945,0.7770469052070645,4.85748815536499,1.8089856634743784,,,,,,,,,,,,,,,,,,,,,,,,,,,,,,,,,,,,,,,,,,,,
diagnosis_donors,matched,cmapss:FD001,diagnosis,joint | random7:3-4-8-10-11-12-14 | circuit,,,,,,,,,,,,,,,,,,,,,,,,,,,,,,,3,"[11, 12, 13]",matched,,,,,,,,,,,,,,,,,,,,,,,,,,,,,,,,,,,,,,,,,,,,,,,,,,,,,,,,,,,,,0.10000000000000002,1.6996749443881478e-17,10.0,0.0,113.51695251464844,8.887894526132838,719.0520426432291,94.7706150077976,0.04876341101017967,0.021200987901404553,0.4548806094601255,0.03323094373130941,0.7474948071279915,0.01626300219115484,0.8056374150137996,0.01266762743169832,0.5435882452835142,0.05035390069974315,0.5509288386822985,0.0604144658435203,0.9390213875295016,0.01427872280711348,0.9316694789160573,0.03920482131431132,0.7857707641898432,0.05606556338161041,0.7732036122355459,0.02642041202693153,325.6666666666667,34.7754702819866,110.0,5.5677643628300215,0.0,0.0,0.0,0.0,325.6666666666667,34.7754702819866,132.0,26.457513110645905,0.7056908784066476,0.030790384049551558,0.4312147855311535,0.022658361744221527
diagnosis_donors,matched,cmapss:FD001,diagnosis,independent | random7:3-4-8-10-11-12-14 | circuit,,,,,,,,,,,,,,,,,,,,,,,,,,,,,,,3,"[11, 12, 13]",matched,,,,,,,,,,,,,,,,,,,,,,,,,,,,,,,,,,,,,,,,,,,,,,,,,,,,,,,,,,,,,0.10000000000000002,1.6996749443881478e-17,10.0,0.0,116.11832936604817,8.616538061740536,713.8179117838541,100.25435737075716,0.054359254098171446,0.017684550522371348,0.44288773527102254,0.027176687158189352,0.7367352820949703,0.013518476533654475,0.7968114784122241,0.010593320152757203,0.5424084568770372,0.04745587691916026,0.5114075356062193,0.04813889434358789,0.9338358371797684,0.012835840830168753,0.91878704185598,0.03549113364899151,0.7871154420196751,0.05465739305857781,0.7544872916930917,0.021760145669014075,325.6666666666667,34.7754702819866,110.0,5.5677643628300215,0.0,0.0,0.0,0.0,325.6666666666667,34.7754702819866,137.0,28.61817604250837,0.6807429104254957,0.019747849645200127,0.41843202192656886,0.018024343274476745
diagnosis_donors,matched,cmapss:FD001,diagnosis,marginal_max | random7:3-4-8-10-11-12-14 | circuit,,,,,,,,,,,,,,,,,,,,,,,,,,,,,,,3,"[11, 12, 13]",matched,,,,,,,,,,,,,,,,,,,,,,,,,,,,,,,,,,,,,,,,,,,,,,,,,,,,,,,,,,,,,0.10000000000000002,1.6996749443881478e-17,10.0,0.0,28.29757817586263,2.245004494547275,540.9945983886719,107.15426258447702,0.05919545885467858,0.04983276917155656,0.4813748894944505,0.03583182870034254,0.7395441079226638,0.021033112423981506,0.8068790005974776,0.011685337374919858,0.5211079874172074,0.042245844420945255,0.503523959652649,0.04593599250397615,0.9510161083546929,0.01442633403245063,0.9146063902395216,0.05349132738573926,0.8204737898099749,0.03527076120595015,0.7544872916930917,0.021760145669014075,325.6666666666667,34.7754702819866,110.0,5.5677643628300215,0.0,0.0,0.0,0.0,325.6666666666667,34.7754702819866,121.33333333333333,13.613718571108091,0.6807429104254957,0.019747849645200127,0.45484902198285937,0.012861567844119619
diagnosis_donors,matched,cmapss:FD001,diagnosis,conditional_max | random7:3-4-8-10-11-12-14 | circuit,,,,,,,,,,,,,,,,,,,,,,,,,,,,,,,3,"[11, 12, 13]",matched,,,,,,,,,,,,,,,,,,,,,,,,,,,,,,,,,,,,,,,,,,,,,,,,,,,,,,,,,,,,,0.10000000000000002,1.6996749443881478e-17,10.0,0.0,27.69428253173828,1.9193951935852285,541.1962381998698,107.2449459709241,0.05447017473949443,0.05014186164989833,0.49750519674746174,0.02984407374668426,0.7489941961710757,0.023328048867272598,0.8152784819742128,0.014181103462677938,0.5195880313542984,0.047658990082041094,0.5334097750741011,0.054256834339279844,0.9546210096803844,0.014293554844596029,0.9335100595552754,0.055229946866104225,0.8193013119808658,0.039617797011967146,0.7732036122355459,0.02642041202693153,325.6666666666667,34.7754702819866,110.0,5.5677643628300215,0.0,0.0,0.0,0.0,325.6666666666667,34.7754702819866,114.33333333333333,11.06044001535804,0.7056908784066476,0.030790384049551558,0.47178254208727616,0.006834203280556598
diagnosis_donors,matched,cmapss:FD001,diagnosis,relational_max | random7:3-4-8-10-11-12-14 | circuit,,,,,,,,,,,,,,,,,,,,,,,,,,,,,,,3,"[11, 12, 13]",matched,,,,,,,,,,,,,,,,,,,,,,,,,,,,,,,,,,,,,,,,,,,,,,,,,,,,,,,,,,,,,0.10000000000000002,1.6996749443881478e-17,10.0,0.0,2.0506566365559897,1.064354859591705,11.451873779296875,0.966607606428216,0.04266735187194274,0.07182531877425666,0.22272062941693163,0.11915865601258156,0.6192965411007142,0.006308673635415096,0.6790061240475191,0.016053198501656662,0.49189543419769827,0.03688553869033569,0.6128461528506138,0.04356302020948451,0.7494368559323975,0.03997454162830711,0.7661612372414209,0.039244623124911775,0.4875978960260526,0.041267537487785534,0.5312509348650117,0.03810850209900633,325.6666666666667,34.7754702819866,110.0,5.5677643628300215,0.0,0.0,67.66666666666667,117.20210464549402,258.0,83.43260753446461,165.33333333333334,70.67059737495738,0.5326178968351493,0.11616044057078649,0.19151507714836355,0.07685021481843435
diagnosis_donors,matched,cmapss:FD001,diagnosis,query random7:3-4-8-10-11-12-14 | gaussian_fitted,,,,,,,,,,,,,,,,,,,,,,,,,,,,,,,3,"[11, 12, 13]",matched,,,,,,,,,,,,,,,,,,,0.0,0.0,0.12165169433380167,0.04767183509894506,0.0031453836672881152,8.101865646816519e-05,871.3333333333334,59.87765303795175,8.0,0.0,8.0,0.0,8.0,0.0,34.0,0.0,2880.0,0.0,0.0,0.0,1.0,0.0,0.0,0.0,1254720.0,86223.82037465053,0.0,0.0,13070.0,898.1647955692764,24414400.0,0.0,8.206956150766386,1.046222975665921,8.214346760403503,1.0480577310346049,3.428810821734793,0.06009937557539967,2.8171037724021204,0.8192383196422591,13.910877577224918,1.1641621995879436,,,,,,,,,,,,,,,,,,,,,,,,,,,,,,,,,,,,,,,,,,,,
diagnosis_donors,matched,cmapss:FD001,diagnosis,joint | random7:3-4-8-10-11-12-14 | gaussian_fitted,,,,,,,,,,,,,,,,,,,,,,,,,,,,,,,3,"[11, 12, 13]",matched,,,,,,,,,,,,,,,,,,,,,,,,,,,,,,,,,,,,,,,,,,,,,,,,,,,,,,,,,,,,,0.10000000000000002,1.6996749443881478e-17,10.0,0.0,93.99800282496392,4.306032260974371,530.2900461915051,66.63461682111459,0.09536336330498964,0.04983643990164068,0.577387091979899,0.04532332383852123,0.7786813993970556,0.008356943726656246,0.8405154241905916,0.004282464864579908,0.5496656363474035,0.04760818244228464,0.662140731311924,0.04597336247144419,0.9582333054772811,0.01575830911492606,0.9467803933195644,0.04942065550391234,0.7926434665492632,0.05804608901643903,0.8037204660410272,0.018795160313796376,325.6666666666667,34.7754702819866,110.0,5.5677643628300215,0.0,0.0,0.0,0.0,325.6666666666667,34.7754702819866,84.33333333333333,9.018499505645789,0.7546722354844487,0.020402539458283447,0.5163537684062862,0.01901500526162623
diagnosis_donors,matched,cmapss:FD001,diagnosis,independent | random7:3-4-8-10-11-12-14 | gaussian_fitted,,,,,,,,,,,,,,,,,,,,,,,,,,,,,,,3,"[11, 12, 13]",matched,,,,,,,,,,,,,,,,,,,,,,,,,,,,,,,,,,,,,,,,,,,,,,,,,,,,,,,,,,,,,0.10000000000000002,1.6996749443881478e-17,10.0,0.0,99.50706163109226,2.957820027519951,295.6793137891031,27.01789633852677,0.13951038600302187,0.11364826835624309,0.5179785796407369,0.06734874472395343,0.7359046375333756,0.014967731444434397,0.7998511682217604,0.009945277954085544,0.5497248649172601,0.04126503654064637,0.5060468882249097,0.04579356045940865,0.9358085970442672,0.008903493953022971,0.9047740436842324,0.03968855157919118,0.791793112143767,0.050483410201983374,0.7561886559349867,0.019677037830395084,325.6666666666667,34.7754702819866,110.0,5.5677643628300215,0.0,0.0,0.0,0.0,325.6666666666667,34.7754702819866,112.66666666666667,5.033222956847166,0.6800811180844937,0.022219488809096112,0.4449312425663125,0.01005508076988703
diagnosis_donors,matched,cmapss:FD001,diagnosis,marginal_max | random7:3-4-8-10-11-12-14 | gaussian_fitted,,,,,,,,,,,,,,,,,,,,,,,,,,,,,,,3,"[11, 12, 13]",matched,,,,,,,,,,,,,,,,,,,,,,,,,,,,,,,,,,,,,,,,,,,,,,,,,,,,,,,,,,,,,0.10000000000000002,1.6996749443881478e-17,10.0,0.0,28.13769165873229,3.3069279689969124,198.68899659264548,17.1760037879,0.07288729385627617,0.06704068264728354,0.4849069364075238,0.04927044912771917,0.735639334019671,0.022416851095641514,0.8047122968949602,0.013428774195633902,0.5212780482517975,0.037182709771430594,0.4976213227514133,0.04767818904857967,0.9563787334137744,0.0017328569170285072,0.8907921054813269,0.033833254978018326,0.8234919494302982,0.03445153257128956,0.7561886559349867,0.019677037830395084,325.6666666666667,34.7754702819866,110.0,5.5677643628300215,0.0,0.0,0.0,0.0,325.6666666666667,34.7754702819866,121.66666666666667,14.433756729740644,0.6800811180844937,0.022219488809096112,0.4502577011686961,0.014722109159649619
diagnosis_donors,matched,cmapss:FD001,diagnosis,conditional_max | random7:3-4-8-10-11-12-14 | gaussian_fitted,,,,,,,,,,,,,,,,,,,,,,,,,,,,,,,3,"[11, 12, 13]",matched,,,,,,,,,,,,,,,,,,,,,,,,,,,,,,,,,,,,,,,,,,,,,,,,,,,,,,,,,,,,,0.10000000000000002,1.6996749443881478e-17,10.0,0.0,26.504062470103833,2.6332129247419527,308.41199488183946,27.31040842175049,0.11588931100017696,0.09585911993973549,0.5893126200475999,0.049396560255679005,0.7747710768921223,0.017621873691149727,0.8392386616274461,0.01105986645776799,0.5168768859408291,0.03598550679002943,0.6463781113394921,0.038916403434942855,0.9610268581732377,0.006139419220941326,0.9454859217855116,0.052439891266236105,0.8228946743701737,0.04201282540642381,0.8037204660410272,0.018795160313796376,325.6666666666667,34.7754702819866,110.0,5.5677643628300215,0.0,0.0,0.0,0.0,325.6666666666667,34.7754702819866,81.0,4.358898943540674,0.7546722354844487,0.020402539458283447,0.5296871665344448,0.012288314467451968
diagnosis_donors,matched,cmapss:FD001,diagnosis,relational_max | random7:3-4-8-10-11-12-14 | gaussian_fitted,,,,,,,,,,,,,,,,,,,,,,,,,,,,,,,3,"[11, 12, 13]",matched,,,,,,,,,,,,,,,,,,,,,,,,,,,,,,,,,,,,,,,,,,,,,,,,,,,,,,,,,,,,,0.10000000000000002,1.6996749443881478e-17,10.0,0.0,1.570579355357901,0.6045735176569964,311.47652650049713,43.78644431981782,0.15879203007451811,0.08072727630712517,0.5915628228351543,0.03705746424500367,0.7608082072719623,0.011798200308433518,0.8268492278834674,0.00650583536938478,0.48662383722587926,0.004151533473726824,0.7104275597454429,0.01480677315179621,0.9608578072805725,0.012903942196565736,0.9570127806617871,0.034728918058660366,0.7107525215067549,0.07584483139950496,0.745461508706342,0.010168341649471398,325.6666666666667,34.7754702819866,110.0,5.5677643628300215,0.0,0.0,0.0,0.0,325.6666666666667,34.7754702819866,85.33333333333333,27.790885796126275,0.7044200759062221,0.017574278187002756,0.4815565174887308,0.013970186312828564
diagnosis_donors,matched,cmapss:FD001,diagnosis,query random7:3-4-8-10-11-12-14 | gmm_fitted,,,,,,,,,,,,,,,,,,,,,,,,,,,,,,,3,"[11, 12, 13]",matched,,,,,,,,,,,,,,,,,,,0.0,0.0,0.2969369123335734,0.15948222228339773,0.0065182056653914815,0.0020234064265310828,871.3333333333334,59.87765303795175,8.0,0.0,8.0,0.0,8.0,0.0,34.0,0.0,2880.0,0.0,0.0,0.0,1.0,0.0,0.0,0.0,1254720.0,86223.82037465053,0.0,0.0,13070.0,898.1647955692764,65106496.0,28191939.74369497,6.27654482040161,1.515038227597377,6.432334189710609,1.3447240237565625,3.592226663498837,0.09567464216255517,0.35065616018182905,1.3873485167715633,12.145764193637907,1.5598802462949979,,,,,,,,,,,,,,,,,,,,,,,,,,,,,,,,,,,,,,,,,,,,
diagnosis_donors,matched,cmapss:FD001,diagnosis,joint | random7:3-4-8-10-11-12-14 | gmm_fitted,,,,,,,,,,,,,,,,,,,,,,,,,,,,,,,3,"[11, 12, 13]",matched,,,,,,,,,,,,,,,,,,,,,,,,,,,,,,,,,,,,,,,,,,,,,,,,,,,,,,,,,,,,,0.10000000000000002,1.6996749443881478e-17,10.0,0.0,96.8167746004586,3.7487410810286104,550.7674990287593,63.801665779684214,0.09602985907530497,0.06264789088684872,0.5760199211689958,0.05473633929169823,0.7776044128927065,0.010516518565457662,0.8395429259949978,0.005574623571313979,0.5523767237014704,0.04976970970435427,0.6559012267098646,0.043775913670910015,0.958867345636317,0.014985895715962387,0.9462797776714114,0.048776739701611255,0.7905949539078697,0.05842087314235861,0.802806087246387,0.02039177022053659,325.6666666666667,34.7754702819866,110.0,5.5677643628300215,0.0,0.0,0.0,0.0,325.6666666666667,34.7754702819866,84.66666666666667,7.234178138070235,0.750867546730747,0.023978391203393824,0.5148413356967246,0.018479910329237167
diagnosis_donors,matched,cmapss:FD001,diagnosis,independent | random7:3-4-8-10-11-12-14 | gmm_fitted,,,,,,,,,,,,,,,,,,,,,,,,,,,,,,,3,"[11, 12, 13]",matched,,,,,,,,,,,,,,,,,,,,,,,,,,,,,,,,,,,,,,,,,,,,,,,,,,,,,,,,,,,,,0.10000000000000002,1.6996749443881478e-17,10.0,0.0,100.41720589934054,4.019340776977872,315.039283563208,32.42914440137175,0.13659008323300262,0.12708783547596525,0.50979770650617,0.08042728950810228,0.7367453864186815,0.014290824905269919,0.8006472769296158,0.009231594356370545,0.553524168953389,0.04299779087619927,0.5044919386268956,0.04407663233646848,0.9364984578685123,0.009408038630143663,0.9099734940889913,0.03668881681731814,0.7878031160987851,0.05201186859204914,0.757272729990559,0.021544198136441157,325.6666666666667,34.7754702819866,110.0,5.5677643628300215,0.0,0.0,0.0,0.0,325.6666666666667,34.7754702819866,116.66666666666667,8.962886439832502,0.6822110435371028,0.024741393411243942,0.43921403067144044,0.015834226075054133
diagnosis_donors,matched,cmapss:FD001,diagnosis,marginal_max | random7:3-4-8-10-11-12-14 | gmm_fitted,,,,,,,,,,,,,,,,,,,,,,,,,,,,,,,3,"[11, 12, 13]",matched,,,,,,,,,,,,,,,,,,,,,,,,,,,,,,,,,,,,,,,,,,,,,,,,,,,,,,,,,,,,,0.10000000000000002,1.6996749443881478e-17,10.0,0.0,28.080227126460585,3.3529957949541838,216.68245993723053,19.553699917267636,0.07491241561992651,0.0653814057424953,0.49274050927922647,0.042968939783899304,0.7368558196939962,0.02291245493784474,0.8058272577576836,0.013542892874146931,0.5211066507786417,0.03953082815389658,0.49707429463620983,0.04480328197720653,0.9577727989947794,0.001827515350866597,0.8959869370862994,0.034830577261370683,0.8236895954763129,0.03521193325509423,0.757272729990559,0.021544198136441157,325.6666666666667,34.7754702819866,110.0,5.5677643628300215,0.0,0.0,0.0,0.0,325.6666666666667,34.7754702819866,120.0,18.734993995195193,0.6822110435371028,0.024741393411243942,0.4535112518238731,0.009034332628230436
diagnosis_donors,matched,cmapss:FD001,diagnosis,conditional_max | random7:3-4-8-10-11-12-14 | gmm_fitted,,,,,,,,,,,,,,,,,,,,,,,,,,,,,,,3,"[11, 12, 13]",matched,,,,,,,,,,,,,,,,,,,,,,,,,,,,,,,,,,,,,,,,,,,,,,,,,,,,,,,,,,,,,0.10000000000000002,1.6996749443881478e-17,10.0,0.0,26.907403500138546,2.8687782780398203,332.24785916675114,18.138755929345596,0.14381826995387015,0.127338061937046,0.6011954240274601,0.07092181148966901,0.7736783477881769,0.018485607577931145,0.8382812421369796,0.011365084820394002,0.5157522086802858,0.035197420803403025,0.6383771365228045,0.045078661802952946,0.9608359344133516,0.009406550011433224,0.9453729808198269,0.05082955005925461,0.8273057433708565,0.03973941850360739,0.802806087246387,0.02039177022053659,325.6666666666667,34.7754702819866,110.0,5.5677643628300215,0.0,0.0,0.0,0.0,325.6666666666667,34.7754702819866,78.66666666666667,1.5275252316519468,0.750867546730747,0.023978391203393824,0.5288706302471153,0.014745625211918283
diagnosis_donors,matched,cmapss:FD001,diagnosis,relational_max | random7:3-4-8-10-11-12-14 | gmm_fitted,,,,,,,,,,,,,,,,,,,,,,,,,,,,,,,3,"[11, 12, 13]",matched,,,,,,,,,,,,,,,,,,,,,,,,,,,,,,,,,,,,,,,,,,,,,,,,,,,,,,,,,,,,,0.10000000000000002,1.6996749443881478e-17,10.0,0.0,2.695569793408675,0.7070851138037652,318.05533756060214,29.332828734607748,0.17115334383819436,0.057346763126663765,0.6048907134031741,0.018185872270510963,0.7656284587845804,0.008123900005525079,0.831126054848224,0.005001150649804008,0.505219710717972,0.024221517918143375,0.6969639350927846,0.01426863305758278,0.9599470335271247,0.01560000298603922,0.9487720699422387,0.038423907139052894,0.7365782615990626,0.08061407410129026,0.7440583707159877,0.014339940149582068,325.6666666666667,34.7754702819866,110.0,5.5677643628300215,0.0,0.0,0.0,0.0,325.6666666666667,34.7754702819866,81.33333333333333,22.368132093076824,0.7115215090805308,0.019356190433322096,0.4958916841106485,0.014274067390649044
diagnosis_donors,matched,cmapss:FD001,diagnosis,query bank0:0-1-2-4-5-7-8 | circuit,,,,,,,,,,,,,,,,,,,,,,,,,,,,,,,3,"[11, 12, 13]",matched,,,,,,,,,,,,,,,,,,,2.6067097981770832e-05,7.221105379486432e-06,1.3300485933323216,0.0396669385623294,0.6792026466658475,0.020259831034292086,871.3333333333334,59.87765303795175,8.0,0.0,8.0,0.0,8.0,0.0,6.0,0.0,50324.0,0.0,240.0,0.0,2.0,0.0,1.312161,0.03340337795792524,21924489.333333332,1506641.505740942,209120.0,14370.636729108423,13070.0,898.1647955692764,245760.0,0.0,2.182153105735779,0.6190098906614351,2.2416369915008545,0.665876878865826,0.9010889728864034,0.5218808293435226,0.4379289696613948,0.44088717327416205,3.2913554112116494,1.4432451290220347,,,,,,,,,,,,,,,,,,,,,,,,,,,,,,,,,,,,,,,,,,,,
diagnosis_donors,matched,cmapss:FD001,diagnosis,joint | bank0:0-1-2-4-5-7-8 | circuit,,,,,,,,,,,,,,,,,,,,,,,,,,,,,,,3,"[11, 12, 13]",matched,,,,,,,,,,,,,,,,,,,,,,,,,,,,,,,,,,,,,,,,,,,,,,,,,,,,,,,,,,,,,0.10000000000000002,1.6996749443881478e-17,10.0,0.0,-43.46777089436849,7.2189931511284975,851.1748860677084,124.31785142047072,0.06724860519014648,0.00902814094329172,0.4781865386320921,0.04768725487379967,0.7387221887000881,0.023274147181203263,0.802030128030944,0.02141708363685383,0.5001349998477475,0.016115074583582432,0.5381363682289063,0.03966458705021226,0.945633750240253,0.024357942288100776,0.9394286499638921,0.02152095357937133,0.7862316755085724,0.030053434064979834,0.7432072591160551,0.0357842058012443,329.6666666666667,26.350205565295564,106.0,5.5677643628300215,0.0,0.0,0.0,0.0,329.6666666666667,26.350205565295564,129.33333333333334,24.78574859336174,0.6833970599260656,0.04774560270052884,0.4299450904353524,0.04429636115853019
diagnosis_donors,matched,cmapss:FD001,diagnosis,independent | bank0:0-1-2-4-5-7-8 | circuit,,,,,,,,,,,,,,,,,,,,,,,,,,,,,,,3,"[11, 12, 13]",matched,,,,,,,,,,,,,,,,,,,,,,,,,,,,,,,,,,,,,,,,,,,,,,,,,,,,,,,,,,,,,0.10000000000000002,1.6996749443881478e-17,10.0,0.0,-40.45332590738932,6.219400276994599,851.5607503255209,125.00367359163944,0.06644539233874087,0.010302185313911548,0.46286017317226963,0.048706506589116925,0.730357092394101,0.01935617713920012,0.7960179260390098,0.019609951078749018,0.49946819712249124,0.012642643255748811,0.5092212187035149,0.022541820582532675,0.9378555023440375,0.025631389728998626,0.9333492369200918,0.021578847772444048,0.7857008116197202,0.03361678630357873,0.7319235780870065,0.037074153681117765,329.6666666666667,26.350205565295564,106.0,5.5677643628300215,0.0,0.0,0.0,0.0,329.6666666666667,26.350205565295564,136.33333333333334,25.166114784235834,0.665949709730744,0.04993454665201246,0.4132002852592178,0.046447761423951274
diagnosis_donors,matched,cmapss:FD001,diagnosis,marginal_max | bank0:0-1-2-4-5-7-8 | circuit,,,,,,,,,,,,,,,,,,,,,,,,,,,,,,,3,"[11, 12, 13]",matched,,,,,,,,,,,,,,,,,,,,,,,,,,,,,,,,,,,,,,,,,,,,,,,,,,,,,,,,,,,,,0.10000000000000002,1.6996749443881478e-17,10.0,0.0,28.323476791381836,2.47367057817747,537.0457967122396,115.31648180333505,0.03917033466122228,0.0327584746608407,0.46062867989048056,0.07330746070281977,0.7318419123730006,0.023815307557855835,0.8020873522263593,0.020074811751520417,0.4929329119474685,0.010793007151318349,0.5140556999770688,0.02476395743257909,0.9557948581194676,0.02336723115755849,0.9438411363053846,0.023102848079916933,0.7679289618772565,0.04817863331152863,0.7319235780870065,0.037074153681117765,329.6666666666667,26.350205565295564,106.0,5.5677643628300215,0.0,0.0,0.0,0.0,329.6666666666667,26.350205565295564,134.33333333333334,33.005050118630834,0.665949709730744,0.04993454665201246,0.4402536231443876,0.05586998400301747
diagnosis_donors,matched,cmapss:FD001,diagnosis,conditional_max | bank0:0-1-2-4-5-7-8 | circuit,,,,,,,,,,,,,,,,,,,,,,,,,,,,,,,3,"[11, 12, 13]",matched,,,,,,,,,,,,,,,,,,,,,,,,,,,,,,,,,,,,,,,,,,,,,,,,,,,,,,,,,,,,,0.10000000000000002,1.6996749443881478e-17,10.0,0.0,27.828702290852863,2.5114418857463647,537.0770365397135,115.86894849134484,0.034404351296483705,0.028240433232629876,0.4740799641036668,0.07171291012807553,0.7435476011882073,0.02818379002279853,0.8109875934282774,0.022691227413635037,0.4978106192396791,0.008195203868881406,0.562031601419303,0.04908563053266105,0.9601687975537704,0.023060033044542457,0.9480921632986856,0.022841601542156212,0.7686744845061116,0.05087702919339114,0.7432072591160551,0.0357842058012443,329.6666666666667,26.350205565295564,106.0,5.5677643628300215,0.0,0.0,0.0,0.0,329.6666666666667,26.350205565295564,128.0,31.192947920964443,0.6833970599260656,0.04774560270052884,0.4576003317495048,0.05533734739271171
diagnosis_donors,matched,cmapss:FD001,diagnosis,relational_max | bank0:0-1-2-4-5-7-8 | circuit,,,,,,,,,,,,,,,,,,,,,,,,,,,,,,,3,"[11, 12, 13]",matched,,,,,,,,,,,,,,,,,,,,,,,,,,,,,,,,,,,,,,,,,,,,,,,,,,,,,,,,,,,,,0.10000000000000002,1.6996749443881478e-17,10.0,0.0,2.196943918863932,1.435873808499992,11.822771708170572,1.7336290926007114,0.03245208321437409,0.04616931016093962,0.1977716249691718,0.09360706920855939,0.6416969235390065,0.010085973037554902,0.6875203000387499,0.01590298506559742,0.5318945967165982,0.03328329050635064,0.609554107162949,0.05334088410176225,0.8235245702572551,0.0241869232404845,0.7582995338581361,0.02030874920645917,0.496134225133726,0.013331386444727472,0.515471657899241,0.012302045030294962,329.6666666666667,26.350205565295564,106.0,5.5677643628300215,0.0,0.0,137.0,39.96248240537617,192.66666666666666,14.011899704655802,111.0,30.347981810987037,0.6434026934391276,0.06953598453022657,0.16210741929095832,0.06031329965982885
diagnosis_donors,matched,cmapss:FD001,diagnosis,query bank0:0-1-2-4-5-7-8 | gaussian_fitted,,,,,,,,,,,,,,,,,,,,,,,,,,,,,,,3,"[11, 12, 13]",matched,,,,,,,,,,,,,,,,,,,0.0,0.0,0.12934167933174953,0.06483583622056412,0.003119653666847929,7.451829461665163e-05,871.3333333333334,59.87765303795175,8.0,0.0,8.0,0.0,8.0,0.0,34.0,0.0,2880.0,0.0,0.0,0.0,1.0,0.0,0.0,0.0,1254720.0,86223.82037465053,0.0,0.0,13070.0,898.1647955692764,25883840.0,0.0,7.0853877103074465,0.9367896348331051,7.130266351697705,0.927297892316667,3.075496676427605,0.3730533680633804,1.7922944349901488,0.5412025561525872,12.14466758520279,1.6572619912796371,,,,,,,,,,,,,,,,,,,,,,,,,,,,,,,,,,,,,,,,,,,,
diagnosis_donors,matched,cmapss:FD001,diagnosis,joint | bank0:0-1-2-4-5-7-8 | gaussian_fitted,,,,,,,,,,,,,,,,,,,,,,,,,,,,,,,3,"[11, 12, 13]",matched,,,,,,,,,,,,,,,,,,,,,,,,,,,,,,,,,,,,,,,,,,,,,,,,,,,,,,,,,,,,,0.10000000000000002,1.6996749443881478e-17,10.0,0.0,112.94152170348205,9.999773628534605,770.4800563850962,15.300307932880157,0.029756254016772954,0.015282956228411967,0.461818434370739,0.06386793187988868,0.7654992946545978,0.01856162485916513,0.824873335134157,0.015239369204388236,0.49364095608565534,0.025991052489951375,0.6499426863771142,0.008663197493136722,0.9616062729021344,0.020385904119014697,0.9434331803775979,0.012195304577660234,0.7965943055297461,0.01738777583590644,0.7912008573049852,0.0012323282726252663,329.6666666666667,26.350205565295564,106.0,5.5677643628300215,0.0,0.0,0.0,0.0,329.6666666666667,26.350205565295564,132.33333333333334,31.00537587795596,0.7621147372267633,0.007698304752306407,0.4363441463747498,0.04313416817439053
diagnosis_donors,matched,cmapss:FD001,diagnosis,independent | bank0:0-1-2-4-5-7-8 | gaussian_fitted,,,,,,,,,,,,,,,,,,,,,,,,,,,,,,,3,"[11, 12, 13]",matched,,,,,,,,,,,,,,,,,,,,,,,,,,,,,,,,,,,,,,,,,,,,,,,,,,,,,,,,,,,,,0.10000000000000002,1.6996749443881478e-17,10.0,0.0,119.43171941467382,12.975299272464078,356.139559677941,20.244641560641472,0.03137600315550799,0.010573545446127548,0.35851053705595803,0.04786188031839152,0.719334834109359,0.01771178523787245,0.7810133278694095,0.01726014885909801,0.4936417936661437,0.017706038009110855,0.4902075659096021,0.038573322179797136,0.9291150307938872,0.024943426661684323,0.9009784476037516,0.023593804577183443,0.792307065254589,0.019526397088298612,0.7687554581079988,0.0051254148429139635,329.6666666666667,26.350205565295564,106.0,5.5677643628300215,0.0,0.0,0.0,0.0,329.6666666666667,26.350205565295564,178.0,34.64101615137755,0.6870826380030691,0.01120988324406224,0.33309027174544703,0.039753500311854
diagnosis_donors,matched,cmapss:FD001,diagnosis,marginal_max | bank0:0-1-2-4-5-7-8 | gaussian_fitted,,,,,,,,,,,,,,,,,,,,,,,,,,,,,,,3,"[11, 12, 13]",matched,,,,,,,,,,,,,,,,,,,,,,,,,,,,,,,,,,,,,,,,,,,,,,,,,,,,,,,,,,,,,0.10000000000000002,1.6996749443881478e-17,10.0,0.0,52.42989189452059,5.537974066128937,240.4449543766577,12.890485275857344,0.02423759776425456,0.022527446782545688,0.275539305553362,0.010712318117101646,0.7174066906705061,0.015286541769376088,0.7716589693705073,0.023271264274158595,0.4791411007102912,0.03796869989600615,0.49381816745404056,0.018403206499083877,0.9348717218288104,0.011323906961474154,0.8893746803504207,0.033689011473418226,0.8013029259052918,0.011101363775453479,0.7687554581079988,0.0051254148429139635,329.6666666666667,26.350205565295564,106.0,5.5677643628300215,0.0,0.0,0.0,0.0,329.6666666666667,26.350205565295564,212.33333333333334,22.007574453658755,0.6870826380030691,0.01120988324406224,0.26069622849571117,0.02047390066976206
diagnosis_donors,matched,cmapss:FD001,diagnosis,conditional_max | bank0:0-1-2-4-5-7-8 | gaussian_fitted,,,,,,,,,,,,,,,,,,,,,,,,,,,,,,,3,"[11, 12, 13]",matched,,,,,,,,,,,,,,,,,,,,,,,,,,,,,,,,,,,,,,,,,,,,,,,,,,,,,,,,,,,,,0.10000000000000002,1.6996749443881478e-17,10.0,0.0,52.23299699910293,4.844208151842202,465.4872675506055,57.61612532826949,0.02148138788895625,0.01673983148360811,0.4246270146634739,0.010832446359452118,0.7613210479707492,0.01705325301078341,0.822904422706186,0.013451025094999888,0.48042716883323067,0.0441194712878132,0.6360650770414837,0.0031247346940079706,0.9645068767611272,0.016474298952736513,0.943131266976744,0.008637587982490303,0.800209504246152,0.004835644611608269,0.7912008573049852,0.0012323282726252663,329.6666666666667,26.350205565295564,106.0,5.5677643628300215,0.0,0.0,0.0,0.0,329.6666666666667,26.350205565295564,147.33333333333334,14.571661996262929,0.7621147372267633,0.007698304752306407,0.4096899446125735,0.009715741744999347
diagnosis_donors,matched,cmapss:FD001,diagnosis,relational_max | bank0:0-1-2-4-5-7-8 | gaussian_fitted,,,,,,,,,,,,,,,,,,,,,,,,,,,,,,,3,"[11, 12, 13]",matched,,,,,,,,,,,,,,,,,,,,,,,,,,,,,,,,,,,,,,,,,,,,,,,,,,,,,,,,,,,,,0.10000000000000002,1.6996749443881478e-17,10.0,0.0,2.337114157754176,1.0758349845248039,430.1176745538685,80.4300219390596,0.08970523619131159,0.10131586165000218,0.5512696343506526,0.05878988628504776,0.7626740723351321,0.015197025869622963,0.8278054008012816,0.010454300811072584,0.47905520335939866,0.011683599215911335,0.7042808697779316,0.03690917513711908,0.9665680309588119,0.026089090979466947,0.950256381896383,0.007803809564730029,0.7323492373466084,0.02186423280559791,0.7406010963070665,0.01568703331908925,329.6666666666667,26.350205565295564,106.0,5.5677643628300215,0.0,0.0,0.0,0.0,329.6666666666667,26.350205565295564,101.33333333333333,5.033222956847166,0.7126583400048339,0.016571031804538377,0.47715042888099735,0.01047265414777968
diagnosis_donors,matched,cmapss:FD001,diagnosis,query bank0:0-1-2-4-5-7-8 | gmm_fitted,,,,,,,,,,,,,,,,,,,,,,,,,,,,,,,3,"[11, 12, 13]",matched,,,,,,,,,,,,,,,,,,,0.0,0.0,0.30923567766634125,0.16686723108118554,0.006727733999772075,0.002393464792742627,871.3333333333334,59.87765303795175,8.0,0.0,8.0,0.0,8.0,0.0,34.0,0.0,2880.0,0.0,0.0,0.0,1.0,0.0,0.0,0.0,1254720.0,86223.82037465053,0.0,0.0,13070.0,898.1647955692764,69025194.66666667,29888786.04124974,5.028600554566942,1.6433158772178245,6.2485799764047885,0.577019458092869,4.957594533405975,1.6847109121454908,-5.04447492802143,6.58088490946142,11.02237113747667,1.4945315799333625,,,,,,,,,,,,,,,,,,,,,,,,,,,,,,,,,,,,,,,,,,,,
diagnosis_donors,matched,cmapss:FD001,diagnosis,joint | bank0:0-1-2-4-5-7-8 | gmm_fitted,,,,,,,,,,,,,,,,,,,,,,,,,,,,,,,3,"[11, 12, 13]",matched,,,,,,,,,,,,,,,,,,,,,,,,,,,,,,,,,,,,,,,,,,,,,,,,,,,,,,,,,,,,,0.10000000000000002,1.6996749443881478e-17,10.0,0.0,103.41265950069958,7.325926830559342,944.4762365833873,56.47433581356102,0.044602084854493095,0.021199674856613088,0.4159725723505092,0.04730315659311419,0.754189035636589,0.010777038061988323,0.807841905043443,0.008591386563068034,0.49639258793122454,0.027988943590370935,0.6338588008953859,0.018968658391523372,0.945360625386838,0.016990133685427934,0.9299966610238467,0.0046890040779707055,0.7817097656744307,0.008117484539387048,0.7932505145972399,0.0014775514578109468,329.6666666666667,26.350205565295564,106.0,5.5677643628300215,0.0,0.0,0.0,0.0,329.6666666666667,26.350205565295564,155.0,29.30870177950569,0.7669580631310072,0.009084297850848317,0.38668352951991486,0.029823785952755255
diagnosis_donors,matched,cmapss:FD001,diagnosis,independent | bank0:0-1-2-4-5-7-8 | gmm_fitted,,,,,,,,,,,,,,,,,,,,,,,,,,,,,,,3,"[11, 12, 13]",matched,,,,,,,,,,,,,,,,,,,,,,,,,,,,,,,,,,,,,,,,,,,,,,,,,,,,,,,,,,,,,0.10000000000000002,1.6996749443881478e-17,10.0,0.0,102.20980176278476,12.053032161913595,428.48809547366074,37.62828241553832,0.03711986192222758,0.015329856910389307,0.30936277124227474,0.07689524417811226,0.7084011137493219,0.015811356255870143,0.7609776656352668,0.01918398402245232,0.4964350969366554,0.021706481357836264,0.48840231959006103,0.04149435434071636,0.9059778589609513,0.02201065973527961,0.8821501916409539,0.024023919024011763,0.7783057244792236,0.011277818714707602,0.7655098330058104,0.009338319223922847,329.6666666666667,26.350205565295564,106.0,5.5677643628300215,0.0,0.0,0.0,0.0,329.6666666666667,26.350205565295564,200.33333333333334,46.45786621588784,0.6866339828674817,0.01795396574668563,0.2846650492258436,0.06237354910144862
diagnosis_donors,matched,cmapss:FD001,diagnosis,marginal_max | bank0:0-1-2-4-5-7-8 | gmm_fitted,,,,,,,,,,,,,,,,,,,,,,,,,,,,,,,3,"[11, 12, 13]",matched,,,,,,,,,,,,,,,,,,,,,,,,,,,,,,,,,,,,,,,,,,,,,,,,,,,,,,,,,,,,,0.10000000000000002,1.6996749443881478e-17,10.0,0.0,36.34149232018932,2.341241413528671,268.60929738401273,7.117400691900382,0.029846764288170125,0.01656365274770624,0.41559514249394475,0.022491973611432854,0.7259686865316067,0.018123498422304218,0.7934511037385811,0.017010808025983867,0.48292097404417184,0.030941734398711198,0.4911030005308694,0.012258789309104342,0.950376278894125,0.020056041464073807,0.9100466515800029,0.030024968460858188,0.8082271872688104,0.02131599138997567,0.7655098330058104,0.009338319223922847,329.6666666666667,26.350205565295564,106.0,5.5677643628300215,0.0,0.0,0.0,0.0,329.6666666666667,26.350205565295564,152.66666666666666,22.941955743426348,0.6866339828674817,0.01795396574668563,0.3982617573247513,0.026395987212779387
diagnosis_donors,matched,cmapss:FD001,diagnosis,conditional_max | bank0:0-1-2-4-5-7-8 | gmm_fitted,,,,,,,,,,,,,,,,,,,,,,,,,,,,,,,3,"[11, 12, 13]",matched,,,,,,,,,,,,,,,,,,,,,,,,,,,,,,,,,,,,,,,,,,,,,,,,,,,,,,,,,,,,,0.10000000000000002,1.6996749443881478e-17,10.0,0.0,41.216271918679375,2.914489427219788,599.6250947291023,51.96484426904291,0.026501974419812963,0.007542604425325012,0.5092215995169546,0.00939268181728064,0.7679786836202817,0.0178708229010788,0.8324957188831985,0.01317591071888396,0.478481101385531,0.0439818722192303,0.6495164808718646,0.0034202025946672696,0.9710012972965029,0.018002966266994075,0.9483068895782175,0.008521867674389609,0.8117335020307319,0.01938374402259159,0.7932505145972399,0.0014775514578109468,329.6666666666667,26.350205565295564,106.0,5.5677643628300215,0.0,0.0,0.0,0.0,329.6666666666667,26.350205565295564,110.66666666666667,7.234178138070236,0.7669580631310072,0.009084297850848317,0.4932666837563018,0.009877295371522403
diagnosis_donors,matched,cmapss:FD001,diagnosis,relational_max | bank0:0-1-2-4-5-7-8 | gmm_fitted,,,,,,,,,,,,,,,,,,,,,,,,,,,,,,,3,"[11, 12, 13]",matched,,,,,,,,,,,,,,,,,,,,,,,,,,,,,,,,,,,,,,,,,,,,,,,,,,,,,,,,,,,,,0.10000000000000002,1.6996749443881478e-17,10.0,0.0,10.60502712820897,7.199168891564339,558.126349492567,81.12748704014714,0.03252781216628134,0.010095390478947776,0.49185751779934095,0.05271393230215607,0.7665856516160153,0.015128375009214459,0.8277691497115939,0.01259534719752316,0.4949482338215332,0.043405296049431136,0.6965455146218562,0.03214696235515675,0.9647939671035495,0.01750492595487823,0.9453529711341823,0.0035879950040997215,0.750729977634026,0.008219699792881952,0.7527549366784366,0.024148134275139455,329.6666666666667,26.350205565295564,106.0,5.5677643628300215,0.0,0.0,0.0,0.0,329.6666666666667,26.350205565295564,119.33333333333333,14.29452109492771,0.7424968556129995,0.025591872788546483,0.46008164957905634,0.04577756793020573
diagnosis_donors,matched,cmapss:FD001,diagnosis,query bank1:3 | circuit,,,,,,,,,,,,,,,,,,,,,,,,,,,,,,,3,"[11, 12, 13]",matched,,,,,,,,,,,,,,,,,,,3.5921732584635414e-05,5.422821715428664e-06,1.2922119066667317,0.07295750126622311,0.6254394286661409,0.0746804782278929,871.3333333333334,59.87765303795175,14.0,0.0,14.0,0.0,14.0,0.0,6.0,0.0,50324.0,0.0,240.0,0.0,2.0,0.0,1.2713206666666665,0.07115817242125698,21924489.333333332,1506641.505740942,209120.0,14370.636729108423,13070.0,898.1647955692764,245760.0,0.0,6.949141343434651,1.945685831861418,6.958476702372233,1.9544991713001185,1.8644667267799377,0.9382556298599299,2.898872137069702,0.5391140938610959,9.230279763539633,2.576147210104862,,,,,,,,,,,,,,,,,,,,,,,,,,,,,,,,,,,,,,,,,,,,
diagnosis_donors,matched,cmapss:FD001,diagnosis,joint | bank1:3 | circuit,,,,,,,,,,,,,,,,,,,,,,,,,,,,,,,3,"[11, 12, 13]",matched,,,,,,,,,,,,,,,,,,,,,,,,,,,,,,,,,,,,,,,,,,,,,,,,,,,,,,,,,,,,,0.10000000000000002,1.6996749443881478e-17,10.0,0.0,137.73416900634766,23.93204666307793,1000.1490478515625,39.16563104515749,0.07608961610280994,0.06339951683629276,0.5575983474079843,0.10143204354478937,0.7994419690549409,0.03007881997835405,0.8468831913029006,0.02464981936561584,0.5372228292664262,0.03313496863934162,0.5713949686113226,0.060749217133752795,0.9909643680850025,0.00364261144418358,0.9938678935728316,0.005165541933008816,0.9210019856251813,0.010986639169020564,0.7016506708543874,0.025155429685971627,426.6666666666667,25.716402029314548,9.0,4.358898943540674,0.0,0.0,0.0,0.0,426.6666666666667,25.716402029314548,185.0,50.11985634456667,0.6646357598369982,0.024719653432937593,0.5258722902095424,0.0761728601931174
diagnosis_donors,matched,cmapss:FD001,diagnosis,independent | bank1:3 | circuit,,,,,,,,,,,,,,,,,,,,,,,,,,,,,,,3,"[11, 12, 13]",matched,,,,,,,,,,,,,,,,,,,,,,,,,,,,,,,,,,,,,,,,,,,,,,,,,,,,,,,,,,,,,0.10000000000000002,1.6996749443881478e-17,10.0,0.0,145.33380126953125,22.706434160167323,986.4786783854166,36.361452946053625,0.08082895259570094,0.0716074969217591,0.5405848866880246,0.10071339727929066,0.7845959310567201,0.023961020009158743,0.8364819638026136,0.02139691390779649,0.5352262286968061,0.02954916471748152,0.5036056435401106,0.03121474370880772,0.9874479299753322,0.0035318968956497155,0.9892157388601664,0.007245734837651885,0.9196851824013633,0.012557293848095898,0.6672934788496404,0.02090389450685347,426.6666666666667,25.716402029314548,9.0,4.358898943540674,0.0,0.0,0.0,0.0,426.6666666666667,25.716402029314548,192.33333333333334,49.74267115197306,0.6254920152946469,0.016094541523140965,0.5080015939526991,0.06985689778001457
diagnosis_donors,matched,cmapss:FD001,diagnosis,marginal_max | bank1:3 | circuit,,,,,,,,,,,,,,,,,,,,,,,,,,,,,,,3,"[11, 12, 13]",matched,,,,,,,,,,,,,,,,,,,,,,,,,,,,,,,,,,,,,,,,,,,,,,,,,,,,,,,,,,,,,0.10000000000000002,1.6996749443881478e-17,10.0,0.0,30.06584358215332,1.1284432933422985,539.8334147135416,107.08559983574723,0.028766351075371368,0.016824045960309904,0.5656192988147003,0.02232361195835267,0.7905324625131046,0.023909210886347315,0.8508362947734719,0.016286522361954017,0.5205432697717275,0.029952251191788563,0.500463920357705,0.02973665641724123,0.9956124553432012,0.0006417166634702659,0.9946882241213048,0.004894936895624925,0.9570027610250924,0.019039844511775636,0.6672934788496404,0.02090389450685347,426.6666666666667,25.716402029314548,9.0,4.358898943540674,0.0,0.0,0.0,0.0,426.6666666666667,25.716402029314548,180.66666666666666,18.475208614068027,0.6254920152946469,0.016094541523140965,0.5563833634426786,0.02325583299285011
diagnosis_donors,matched,cmapss:FD001,diagnosis,conditional_max | bank1:3 | circuit,,,,,,,,,,,,,,,,,,,,,,,,,,,,,,,3,"[11, 12, 13]",matched,,,,,,,,,,,,,,,,,,,,,,,,,,,,,,,,,,,,,,,,,,,,,,,,,,,,,,,,,,,,,0.10000000000000002,1.6996749443881478e-17,10.0,0.0,29.235809326171875,1.091293447371263,540.1939188639323,106.98673268713348,0.0303861002141064,0.021719241607148526,0.5818968928046561,0.027592360115837985,0.8060745778256931,0.02607921800829531,0.8613999714160788,0.017320954162341456,0.5181026998091643,0.03513583782032006,0.5770549119742455,0.05549785894984911,0.9988758647539093,0.0009518909915125063,0.9990239126559085,0.0014793988706455826,0.9567382816696277,0.019180939980204172,0.7016506708543874,0.025155429685971627,426.6666666666667,25.716402029314548,9.0,4.358898943540674,0.0,0.0,0.0,0.0,426.6666666666667,25.716402029314548,174.0,19.974984355438178,0.6646357598369982,0.024719653432937593,0.5718444211453052,0.02967857225605235
diagnosis_donors,matched,cmapss:FD001,diagnosis,relational_max | bank1:3 | circuit,,,,,,,,,,,,,,,,,,,,,,,,,,,,,,,3,"[11, 12, 13]",matched,,,,,,,,,,,,,,,,,,,,,,,,,,,,,,,,,,,,,,,,,,,,,,,,,,,,,,,,,,,,,0.10000000000000002,1.6996749443881478e-17,10.0,0.0,3.247217814127604,1.035440317696365,12.665440877278646,0.8809883545459303,0.01337409737771293,0.017201121102367472,0.3152624615635072,0.06812510847663601,0.7003448311832411,0.010728939623746384,0.7638284371273695,0.01341560648327936,0.5093290313085311,0.013785647771661948,0.7118664214797196,0.05791560871945686,0.8880150253444025,0.011265318953577751,0.8962086369987105,0.0036014697346547905,0.5150288810751643,0.018324095569486585,0.4621005844873031,0.03069828310543332,426.6666666666667,25.716402029314548,9.0,4.358898943540674,0.0,0.0,129.33333333333334,43.31666346030513,297.3333333333333,17.7857620959388,161.0,30.512292604784715,0.6192009147291403,0.05525135089520696,0.3042854082458704,0.06490249766785684
diagnosis_donors,matched,cmapss:FD001,diagnosis,query bank1:3 | gaussian_fitted,,,,,,,,,,,,,,,,,,,,,,,,,,,,,,,3,"[11, 12, 13]",matched,,,,,,,,,,,,,,,,,,,0.0,0.0,0.7794549243347623,0.13988307260129645,0.0068460936660509715,0.0007413097169886001,871.3333333333334,59.87765303795175,14.0,0.0,14.0,0.0,14.0,0.0,58.0,0.0,8400.0,0.0,0.0,0.0,1.0,0.0,0.0,0.0,3659600.0,251486.1427593974,0.0,0.0,13070.0,898.1647955692764,32941280.0,0.0,14.488048014812142,2.5119961944172866,14.500730326155235,2.490369612635088,6.180889213171192,0.2678023342988698,5.506115111037892,1.8483130333128703,25.887317912412215,2.691861110929322,,,,,,,,,,,,,,,,,,,,,,,,,,,,,,,,,,,,,,,,,,,,
diagnosis_donors,matched,cmapss:FD001,diagnosis,joint | bank1:3 | gaussian_fitted,,,,,,,,,,,,,,,,,,,,,,,,,,,,,,,3,"[11, 12, 13]",matched,,,,,,,,,,,,,,,,,,,,,,,,,,,,,,,,,,,,,,,,,,,,,,,,,,,,,,,,,,,,,0.10000000000000002,1.6996749443881478e-17,10.0,0.0,174.78025799243315,6.803440619961134,1025.9911101229961,152.69141143046025,0.06619163960470296,0.07535078203615571,0.6626523842673305,0.04979081546979491,0.8487526718801742,0.017003172091186795,0.8929277617867641,0.010177285917469858,0.5374099730836992,0.03961347255120353,0.7721982257562191,0.027261648703197413,0.9991685012392915,0.0011291522024335463,1.0,0.0,0.9588887305391358,0.011461773640321027,0.7523922457300133,0.008527009265054428,426.6666666666667,25.716402029314548,9.0,4.358898943540674,0.0,0.0,0.0,0.0,426.6666666666667,25.716402029314548,137.66666666666666,15.275252316519468,0.732327141382869,0.015435199547093386,0.6329430660020338,0.022297218573242076
diagnosis_donors,matched,cmapss:FD001,diagnosis,independent | bank1:3 | gaussian_fitted,,,,,,,,,,,,,,,,,,,,,,,,,,,,,,,3,"[11, 12, 13]",matched,,,,,,,,,,,,,,,,,,,,,,,,,,,,,,,,,,,,,,,,,,,,,,,,,,,,,,,,,,,,,0.10000000000000002,1.6996749443881478e-17,10.0,0.0,185.42198735062252,3.166822203683699,387.4195905575978,13.110790761744058,0.08569962009984074,0.053398866215329556,0.5684774795460962,0.07396169229699869,0.7835076905285506,0.021423318142172992,0.8415222263544081,0.01674207398772494,0.5400454121773658,0.03039673239851938,0.47811065899822064,0.04177298382009692,0.9848925879379471,0.01318870996363029,0.9697680153589072,0.012216615408143928,0.9537473148803562,0.021084675424318296,0.6836167115791946,0.010525106489921547,426.6666666666667,25.716402029314548,9.0,4.358898943540674,0.0,0.0,0.0,0.0,426.6666666666667,25.716402029314548,179.0,27.055498516937366,0.6243781588208833,0.008905260522664174,0.5311884626334318,0.05329181968338481
diagnosis_donors,matched,cmapss:FD001,diagnosis,marginal_max | bank1:3 | gaussian_fitted,,,,,,,,,,,,,,,,,,,,,,,,,,,,,,,3,"[11, 12, 13]",matched,,,,,,,,,,,,,,,,,,,,,,,,,,,,,,,,,,,,,,,,,,,,,,,,,,,,,,,,,,,,,0.10000000000000002,1.6996749443881478e-17,10.0,0.0,29.620944261572077,2.022211220067357,238.40447825366923,12.342992907568162,0.03639237802272922,0.032019579532493486,0.5633001705318804,0.0067433391140229405,0.7831449542512717,0.016335133855429798,0.8458753862849956,0.012040868487937182,0.5147818066611022,0.03090558195939509,0.48243917594385094,0.004702987037596675,0.9961315713681783,0.006012653052373513,0.9538101949746207,0.011188492858281262,0.9798123948915379,0.012070594411684806,0.6836167115791946,0.010525106489921547,426.6666666666667,25.716402029314548,9.0,4.358898943540674,0.0,0.0,0.0,0.0,426.6666666666667,25.716402029314548,181.33333333333334,11.060440015358038,0.6243781588208833,0.008905260522664174,0.5489790562876696,0.010478187908965089
diagnosis_donors,matched,cmapss:FD001,diagnosis,conditional_max | bank1:3 | gaussian_fitted,,,,,,,,,,,,,,,,,,,,,,,,,,,,,,,3,"[11, 12, 13]",matched,,,,,,,,,,,,,,,,,,,,,,,,,,,,,,,,,,,,,,,,,,,,,,,,,,,,,,,,,,,,,0.10000000000000002,1.6996749443881478e-17,10.0,0.0,29.571718104773044,2.075568094829435,499.51709701995327,62.40376206306262,0.06442662856730948,0.06399023470087281,0.698517170426184,0.020114333574802988,0.8485426393185932,0.01422335445274503,0.8957353228774414,0.010763323716336858,0.5196098996772139,0.03465249869482231,0.767050447442111,0.017752164833648602,1.0,0.0,1.0,0.0,0.9805700873101174,0.00777211027601161,0.7523922457300133,0.008527009265054428,426.6666666666667,25.716402029314548,9.0,4.358898943540674,0.0,0.0,0.0,0.0,426.6666666666667,25.716402029314548,123.0,3.605551275463989,0.732327141382869,0.015435199547093386,0.6774258068879329,0.01465205734916345
diagnosis_donors,matched,cmapss:FD001,diagnosis,relational_max | bank1:3 | gaussian_fitted,,,,,,,,,,,,,,,,,,,,,,,,,,,,,,,3,"[11, 12, 13]",matched,,,,,,,,,,,,,,,,,,,,,,,,,,,,,,,,,,,,,,,,,,,,,,,,,,,,,,,,,,,,,0.10000000000000002,1.6996749443881478e-17,10.0,0.0,3.1302281532975784,0.4099471140274391,485.86511041583503,21.70273974889117,0.15792519680415723,0.06944457568040716,0.7096274581030585,0.015570187680831245,0.8310185482199238,0.004024468370914707,0.8827352997611883,0.003264948466849769,0.4751938573171221,0.021675940027914446,0.848239644969575,0.02130256607263997,1.0,0.0,1.0,0.0,0.8590367372414415,0.016263734994591668,0.7111127615814641,0.006521744572025218,426.6666666666667,25.716402029314548,9.0,4.358898943540674,0.0,0.0,0.0,0.0,426.6666666666667,25.716402029314548,119.66666666666667,6.8068592855540455,0.6966117924902755,0.006594102053681254,0.6371197404319305,0.004752695781700673
diagnosis_donors,matched,cmapss:FD001,diagnosis,query bank1:3 | gmm_fitted,,,,,,,,,,,,,,,,,,,,,,,,,,,,,,,3,"[11, 12, 13]",matched,,,,,,,,,,,,,,,,,,,0.0,0.0,2.0691250070012757,0.7664595457943655,0.015989798001101008,0.0048474284334959076,871.3333333333334,59.87765303795175,14.0,0.0,14.0,0.0,14.0,0.0,58.0,0.0,8400.0,0.0,0.0,0.0,1.0,0.0,0.0,0.0,3659600.0,251486.1427593974,0.0,0.0,13070.0,898.1647955692764,87845312.0,38038135.897685,8.667784769419807,3.9509950616674705,9.705259223763449,2.4858191250340873,6.994628774700735,0.36150985804137614,-2.5369669069659793,4.716676571671124,20.038665302926614,4.947721994964105,,,,,,,,,,,,,,,,,,,,,,,,,,,,,,,,,,,,,,,,,,,,
diagnosis_donors,matched,cmapss:FD001,diagnosis,joint | bank1:3 | gmm_fitted,,,,,,,,,,,,,,,,,,,,,,,,,,,,,,,3,"[11, 12, 13]",matched,,,,,,,,,,,,,,,,,,,,,,,,,,,,,,,,,,,,,,,,,,,,,,,,,,,,,,,,,,,,,0.10000000000000002,1.6996749443881478e-17,10.0,0.0,180.8921962170749,9.784167914638068,1179.3900505245285,155.4385016331517,0.08044686561107796,0.0815121396181332,0.6702559760064762,0.057249451995883674,0.8468037708439349,0.018242957718544506,0.8914297481932536,0.011341162082275803,0.5388808272200641,0.04035907120137916,0.7653269926343175,0.028122720688714156,0.9988039238952062,0.0014034962928722975,0.9999895686642675,1.8067603479551194e-05,0.9548446141562472,0.012993472693207692,0.7498775706551865,0.008864072529471533,426.6666666666667,25.716402029314548,9.0,4.358898943540674,0.0,0.0,0.0,0.0,426.6666666666667,25.716402029314548,134.66666666666666,18.448125469362285,0.7300795824402636,0.014165101578805652,0.6314846559779502,0.02810200031231764
diagnosis_donors,matched,cmapss:FD001,diagnosis,independent | bank1:3 | gmm_fitted,,,,,,,,,,,,,,,,,,,,,,,,,,,,,,,3,"[11, 12, 13]",matched,,,,,,,,,,,,,,,,,,,,,,,,,,,,,,,,,,,,,,,,,,,,,,,,,,,,,,,,,,,,,0.10000000000000002,1.6996749443881478e-17,10.0,0.0,186.18622056438463,4.137039564710464,413.73590115109647,15.29202734642579,0.08240261641504001,0.07213398512139516,0.5661043285777981,0.07001313385915194,0.7843310524771613,0.020763069714849827,0.8424205139037119,0.015857556643797083,0.5416858418370333,0.030160318329556905,0.47492446522487447,0.041129125367383446,0.985193938248495,0.013488249130019834,0.9755513934284236,0.009189234533805253,0.9532998888384355,0.018726501014011833,0.684578199169629,0.0110544746408318,426.6666666666667,25.716402029314548,9.0,4.358898943540674,0.0,0.0,0.0,0.0,426.6666666666667,25.716402029314548,179.66666666666666,22.810816147900834,0.6251794408721653,0.010287785942845419,0.530973100833302,0.04615397815436414
diagnosis_donors,matched,cmapss:FD001,diagnosis,marginal_max | bank1:3 | gmm_fitted,,,,,,,,,,,,,,,,,,,,,,,,,,,,,,,3,"[11, 12, 13]",matched,,,,,,,,,,,,,,,,,,,,,,,,,,,,,,,,,,,,,,,,,,,,,,,,,,,,,,,,,,,,,0.10000000000000002,1.6996749443881478e-17,10.0,0.0,29.66372750008686,1.947388244106369,266.6279955678233,7.313584292723855,0.034879945313167564,0.030705594759919064,0.5702878064643367,0.00736785698369645,0.7844238961932856,0.01679322858812905,0.8473384340645701,0.01224544990459758,0.5136855395753991,0.029697857462693388,0.4798702528541665,0.0035789259552699675,0.9965746855494526,0.005458244477144432,0.9633107919622009,0.007463364739453406,0.9802017296494565,0.011706100902014242,0.684578199169629,0.0110544746408318,426.6666666666667,25.716402029314548,9.0,4.358898943540674,0.0,0.0,0.0,0.0,426.6666666666667,25.716402029314548,178.33333333333334,11.67618659209133,0.6251794408721653,0.010287785942845419,0.5559666922201258,0.013096065942426887
diagnosis_donors,matched,cmapss:FD001,diagnosis,conditional_max | bank1:3 | gmm_fitted,,,,,,,,,,,,,,,,,,,,,,,,,,,,,,,3,"[11, 12, 13]",matched,,,,,,,,,,,,,,,,,,,,,,,,,,,,,,,,,,,,,,,,,,,,,,,,,,,,,,,,,,,,,0.10000000000000002,1.6996749443881478e-17,10.0,0.0,30.880103300642862,2.8407986400817857,611.0677912149029,65.5234084797507,0.09245290124904175,0.08467050156938102,0.7035890258624495,0.024250176079343034,0.8490030185140455,0.016686676994909316,0.8960585611511925,0.01180719727370536,0.5256175035941903,0.04193546175390266,0.7640344423381819,0.022351125189179293,1.0,0.0,1.0,0.0,0.9794850190374104,0.00960993892774545,0.7498775706551865,0.008864072529471533,426.6666666666667,25.716402029314548,9.0,4.358898943540674,0.0,0.0,0.0,0.0,426.6666666666667,25.716402029314548,121.0,5.0,0.7300795824402636,0.014165101578805652,0.6744949344620591,0.01740337534867874
diagnosis_donors,matched,cmapss:FD001,diagnosis,relational_max | bank1:3 | gmm_fitted,,,,,,,,,,,,,,,,,,,,,,,,,,,,,,,3,"[11, 12, 13]",matched,,,,,,,,,,,,,,,,,,,,,,,,,,,,,,,,,,,,,,,,,,,,,,,,,,,,,,,,,,,,,0.10000000000000002,1.6996749443881478e-17,10.0,0.0,6.0203769568480086,1.3245523018733796,590.4356248811238,26.161406080374366,0.11312747207444279,0.036797550417768575,0.6978639980917923,0.0018398737062512575,0.841264215173856,0.007571156198544212,0.888866836649511,0.005838060404856144,0.5097532542552531,0.04462201070427804,0.8468438720424211,0.016216389831449903,0.9999266324284667,0.0001270763615237678,1.0,0.0,0.8748643421556709,0.011620546899361381,0.7103997498834832,0.008025297658023739,426.6666666666667,25.716402029314548,9.0,4.358898943540674,0.0,0.0,0.0,0.0,426.6666666666667,25.716402029314548,124.0,7.0,0.7103361250033077,0.006762423325244036,0.6460364802965012,0.00786834145351695
diagnosis_donors,matched,cmapss:FD001,diagnosis,query bank2:6-10 | circuit,,,,,,,,,,,,,,,,,,,,,,,,,,,,,,,3,"[11, 12, 13]",matched,,,,,,,,,,,,,,,,,,,2.0821889241536457e-05,5.728664808572165e-06,1.2892913173333607,0.23726927628081623,0.6251013099996877,0.10497514176369448,871.3333333333334,59.87765303795175,13.0,0.0,13.0,0.0,13.0,0.0,6.0,0.0,50324.0,0.0,240.0,0.0,2.0,0.0,1.2751116666666669,0.23123800940228953,21924489.333333332,1506641.505740942,209120.0,14370.636729108423,13070.0,898.1647955692764,245760.0,0.0,6.391555468241374,2.142795967218618,6.400236288706462,2.1461459593401093,1.7814312974611919,0.9404485723926328,2.3943684101104736,0.5900774826364216,8.329074064890543,2.5332799638235626,,,,,,,,,,,,,,,,,,,,,,,,,,,,,,,,,,,,,,,,,,,,
diagnosis_donors,matched,cmapss:FD001,diagnosis,joint | bank2:6-10 | circuit,,,,,,,,,,,,,,,,,,,,,,,,,,,,,,,3,"[11, 12, 13]",matched,,,,,,,,,,,,,,,,,,,,,,,,,,,,,,,,,,,,,,,,,,,,,,,,,,,,,,,,,,,,,0.10000000000000002,1.6996749443881478e-17,10.0,0.0,54.091705322265625,17.41918626412751,1011.0850219726562,170.63778616065056,0.0936482037862046,0.05447347266161877,0.5649205271221014,0.08978772595373209,0.791324392776672,0.025977266816654413,0.8389490474485388,0.0227140802766643,0.5329283306635237,0.055789469471615734,0.5723194264425816,0.05427470940431766,0.9907928274626805,0.005527396861537534,0.9852660193086983,0.0061458566520133425,0.8911798980628624,0.024017625884572215,0.6997035571480926,0.019050164439798633,419.3333333333333,27.53785273643051,16.333333333333332,2.5166114784235836,0.0,0.0,0.0,0.0,419.3333333333333,27.53785273643051,177.66666666666666,47.247574893674,0.6563267447327271,0.02068131019280168,0.5112943859738642,0.0625280682905321
diagnosis_donors,matched,cmapss:FD001,diagnosis,independent | bank2:6-10 | circuit,,,,,,,,,,,,,,,,,,,,,,,,,,,,,,,3,"[11, 12, 13]",matched,,,,,,,,,,,,,,,,,,,,,,,,,,,,,,,,,,,,,,,,,,,,,,,,,,,,,,,,,,,,,0.10000000000000002,1.6996749443881478e-17,10.0,0.0,59.97793833414713,17.22140696988111,1000.9688517252604,179.41185007888916,0.10566974968544136,0.04598595323983431,0.5480676765750104,0.08355070504397893,0.7758303180637242,0.0207548474054421,0.8278360393000073,0.019750790872489935,0.5322993103266036,0.051967021739599446,0.5046184866480465,0.029250808436632768,0.9846583191261219,0.005470999413283931,0.9784871755837973,0.01098288891085004,0.8906977323956222,0.022196627194931564,0.6645032359617996,0.01441493920208203,419.3333333333333,27.53785273643051,16.333333333333332,2.5166114784235836,0.0,0.0,0.0,0.0,419.3333333333333,27.53785273643051,185.33333333333334,45.489925624618614,0.6157143767816414,0.012489115540430386,0.4914166700076499,0.05923863856916435
diagnosis_donors,matched,cmapss:FD001,diagnosis,marginal_max | bank2:6-10 | circuit,,,,,,,,,,,,,,,,,,,,,,,,,,,,,,,3,"[11, 12, 13]",matched,,,,,,,,,,,,,,,,,,,,,,,,,,,,,,,,,,,,,,,,,,,,,,,,,,,,,,,,,,,,,0.10000000000000002,1.6996749443881478e-17,10.0,0.0,30.06584358215332,1.1284432933422985,379.37999471028644,57.74610512406608,0.028766351075371368,0.016824045960309904,0.5446563910173313,0.0147812305145955,0.7786501617266565,0.018471538074329545,0.8413817768766316,0.012755278741744794,0.5207439923730924,0.029788884159557043,0.498743431413855,0.02637257831224939,0.994430732454512,0.001468684738373192,0.9888548790568709,0.010006933173346822,0.9055825224808861,0.03056386676150022,0.6645032359617996,0.01441493920208203,419.3333333333333,27.53785273643051,16.333333333333332,2.5166114784235836,0.0,0.0,0.0,0.0,419.3333333333333,27.53785273643051,182.33333333333334,17.897858344878397,0.6157143767816414,0.012489115540430386,0.5354204556453098,0.015397933193471349
diagnosis_donors,matched,cmapss:FD001,diagnosis,conditional_max | bank2:6-10 | circuit,,,,,,,,,,,,,,,,,,,,,,,,,,,,,,,3,"[11, 12, 13]",matched,,,,,,,,,,,,,,,,,,,,,,,,,,,,,,,,,,,,,,,,,,,,,,,,,,,,,,,,,,,,,0.10000000000000002,1.6996749443881478e-17,10.0,0.0,29.225870768229168,1.1094808137222225,380.19286092122394,57.44838482016758,0.0303861002141064,0.021719241607148526,0.5609339850072873,0.019927181867696705,0.7953409984313077,0.02233705322701153,0.8530239045764864,0.015101529948819931,0.5189535703107827,0.035017379669864374,0.5739906016638546,0.05163216600064968,0.9988369941975558,0.001199170022809557,0.9981527831515687,0.0012916160800298655,0.9055680988322962,0.029154934578505987,0.6997035571480926,0.019050164439798633,419.3333333333333,27.53785273643051,16.333333333333332,2.5166114784235836,0.0,0.0,0.0,0.0,419.3333333333333,27.53785273643051,175.33333333333334,19.655363983740756,0.6563267447327271,0.02068131019280168,0.5508815133479364,0.021874024156246823
diagnosis_donors,matched,cmapss:FD001,diagnosis,relational_max | bank2:6-10 | circuit,,,,,,,,,,,,,,,,,,,,,,,,,,,,,,,3,"[11, 12, 13]",matched,,,,,,,,,,,,,,,,,,,,,,,,,,,,,,,,,,,,,,,,,,,,,,,,,,,,,,,,,,,,,0.10000000000000002,1.6996749443881478e-17,10.0,0.0,2.6259562174479165,0.5073645572763497,12.668250719706217,0.8775824862421581,0.027831928703014135,0.023492824046001257,0.34427211720735923,0.06854636673891071,0.7040907517268163,0.009147452786117538,0.7660117838577393,0.01049950011260718,0.50194884899831,0.012985534075830552,0.716537809096688,0.022678365702360502,0.8980915646176989,0.009189989002317638,0.8761468188472069,0.004105151742871434,0.5447148096321431,0.006247784541791142,0.47151772855567264,0.03256359592225652,419.3333333333333,27.53785273643051,16.333333333333332,2.5166114784235836,0.0,0.0,162.33333333333334,60.4510821518799,257.0,34.51086785347479,108.33333333333333,25.146238950056397,0.6939936997051417,0.10965711009715581,0.32294728981469895,0.060108100902048746
diagnosis_donors,matched,cmapss:FD001,diagnosis,query bank2:6-10 | gaussian_fitted,,,,,,,,,,,,,,,,,,,,,,,,,,,,,,,3,"[11, 12, 13]",matched,,,,,,,,,,,,,,,,,,,0.0,0.0,0.6219853653334818,0.04471781749205747,0.00620117133197103,0.00031900897727574304,871.3333333333334,59.87765303795175,13.0,0.0,13.0,0.0,13.0,0.0,54.0,0.0,7280.0,0.0,0.0,0.0,1.0,0.0,0.0,0.0,3171653.3333333335,217954.6570581444,0.0,0.0,13070.0,898.1647955692764,39499520.0,0.0,12.162314777683306,2.416617161341878,12.180134858347705,2.414890008406644,5.617719315390187,0.46604856435290004,3.9255092290604274,1.3647230695822568,22.238124928478186,2.779559703803742,,,,,,,,,,,,,,,,,,,,,,,,,,,,,,,,,,,,,,,,,,,,
diagnosis_donors,matched,cmapss:FD001,diagnosis,joint | bank2:6-10 | gaussian_fitted,,,,,,,,,,,,,,,,,,,,,,,,,,,,,,,3,"[11, 12, 13]",matched,,,,,,,,,,,,,,,,,,,,,,,,,,,,,,,,,,,,,,,,,,,,,,,,,,,,,,,,,,,,,0.10000000000000002,1.6996749443881478e-17,10.0,0.0,209.3001235997699,12.60197214496982,545.988253550398,28.27158342238401,0.05667344177557259,0.016016407862643623,0.5906508356710091,0.03828371402623207,0.8262333021765302,0.01812000982415999,0.8710474949100658,0.014840220384474377,0.532247196411998,0.05857329194091683,0.7190897646183042,0.03629179153463731,0.997455755752152,0.001898524086609666,0.9978582586908629,0.002546126570380627,0.9056210483047566,0.02514155608178912,0.7648055608506871,0.0005563664064702228,419.3333333333333,27.53785273643051,16.333333333333332,2.5166114784235836,0.0,0.0,0.0,0.0,419.3333333333333,27.53785273643051,163.66666666666666,24.70492528491704,0.7210901481564185,0.002447201957628591,0.5656072712752797,0.04360799122706264
diagnosis_donors,matched,cmapss:FD001,diagnosis,independent | bank2:6-10 | gaussian_fitted,,,,,,,,,,,,,,,,,,,,,,,,,,,,,,,3,"[11, 12, 13]",matched,,,,,,,,,,,,,,,,,,,,,,,,,,,,,,,,,,,,,,,,,,,,,,,,,,,,,,,,,,,,,0.10000000000000002,1.6996749443881478e-17,10.0,0.0,219.11936188837828,17.4248582692211,226.5536128321919,19.67372912280483,0.0724830956375669,0.027381832730101804,0.4651937588004534,0.07719428657852298,0.7639014411803075,0.021746698828656555,0.809971686462517,0.02384219654624374,0.5330903054577408,0.050175977453748584,0.49307474591310974,0.028946351623812705,0.9649955124805562,0.010001445745682574,0.9377173152146305,0.018385135798610917,0.9005255025745539,0.02147868656869226,0.6870826151930397,0.00742647471659032,419.3333333333333,27.53785273643051,16.333333333333332,2.5166114784235836,0.0,0.0,0.0,0.0,419.3333333333333,27.53785273643051,219.33333333333334,45.09249752822895,0.6221288961903783,0.01471721327418424,0.4252777166951562,0.07665120505832554
diagnosis_donors,matched,cmapss:FD001,diagnosis,marginal_max | bank2:6-10 | gaussian_fitted,,,,,,,,,,,,,,,,,,,,,,,,,,,,,,,3,"[11, 12, 13]",matched,,,,,,,,,,,,,,,,,,,,,,,,,,,,,,,,,,,,,,,,,,,,,,,,,,,,,,,,,,,,,0.10000000000000002,1.6996749443881478e-17,10.0,0.0,52.42989189452059,5.537974066128937,116.43616747519474,6.980619649037695,0.02423759776425456,0.022527446782545688,0.2111590052860428,0.05297329909780205,0.7598580352689397,0.021596036536426288,0.7882014525406825,0.04445430448071387,0.5135826417007375,0.05089874878929643,0.4869373391199301,0.012434176127290029,0.9574365434211289,0.025355468165084334,0.9282865898805771,0.03760206395659064,0.9235557722924771,0.014924368503006293,0.6870826151930397,0.00742647471659032,419.3333333333333,27.53785273643051,16.333333333333332,2.5166114784235836,0.0,0.0,0.0,0.0,419.3333333333333,27.53785273643051,328.0,39.50949253027682,0.6221288961903783,0.01471721327418424,0.19719981063712347,0.06559434412735364
diagnosis_donors,matched,cmapss:FD001,diagnosis,conditional_max | bank2:6-10 | gaussian_fitted,,,,,,,,,,,,,,,,,,,,,,,,,,,,,,,3,"[11, 12, 13]",matched,,,,,,,,,,,,,,,,,,,,,,,,,,,,,,,,,,,,,,,,,,,,,,,,,,,,,,,,,,,,,0.10000000000000002,1.6996749443881478e-17,10.0,0.0,53.64921843658855,6.037729662417554,229.82184181028856,21.375395240075445,0.025188826294388,0.019945270275846323,0.5352239248412425,0.04262258058406095,0.8247354950589871,0.014772834564064601,0.8705279172576811,0.01631925192233183,0.5162836093585849,0.059838149248943595,0.7159203755716828,0.02262785405385654,0.9946042593418825,0.005768942125636728,0.9967200920699423,0.004057192071983379,0.919974283533224,0.020163901857371776,0.7648055608506871,0.0005563664064702228,419.3333333333333,27.53785273643051,16.333333333333332,2.5166114784235836,0.0,0.0,0.0,0.0,419.3333333333333,27.53785273643051,187.0,30.643106892089126,0.7210901481564185,0.002447201957628591,0.5232983967735416,0.050222611821120686
diagnosis_donors,matched,cmapss:FD001,diagnosis,relational_max | bank2:6-10 | gaussian_fitted,,,,,,,,,,,,,,,,,,,,,,,,,,,,,,,3,"[11, 12, 13]",matched,,,,,,,,,,,,,,,,,,,,,,,,,,,,,,,,,,,,,,,,,,,,,,,,,,,,,,,,,,,,,0.10000000000000002,1.6996749443881478e-17,10.0,0.0,3.7180931356951348,0.7212646490105673,230.2124651733462,25.811659783115083,0.1035694254278382,0.0630689390111251,0.6396865064371634,0.03483376937222764,0.811978274511128,0.007200216009828661,0.8664406765386574,0.004382035710235017,0.4718970123963573,0.047205175708441856,0.8149665600009398,0.010522302396282181,0.9984233141909776,0.0019564611417209284,1.0,0.0,0.8007735970008666,0.03902474561629485,0.7122128697866809,0.0013633373328570024,419.3333333333333,27.53785273643051,16.333333333333332,2.5166114784235836,0.0,0.0,0.0,0.0,419.3333333333333,27.53785273643051,143.0,11.532562594670797,0.6885241213046595,0.0029800516341358485,0.5913686003467333,0.005306498948616718
diagnosis_donors,matched,cmapss:FD001,diagnosis,query bank2:6-10 | gmm_fitted,,,,,,,,,,,,,,,,,,,,,,,,,,,,,,,3,"[11, 12, 13]",matched,,,,,,,,,,,,,,,,,,,0.0,0.0,1.674689400333591,0.5527095066689329,0.015186714999193404,0.005238751329465469,871.3333333333334,59.87765303795175,13.0,0.0,13.0,0.0,13.0,0.0,54.0,0.0,7280.0,0.0,0.0,0.0,1.0,0.0,0.0,0.0,3171653.3333333335,217954.6570581444,0.0,0.0,13070.0,898.1647955692764,105334250.66666667,45611068.48296564,6.512809209407169,3.6167453258541413,9.452603517613229,0.9504859775926642,9.14732400680026,2.0304790774906016,-12.036913189297719,12.18464897608047,19.00969091778916,3.7172506299203505,,,,,,,,,,,,,,,,,,,,,,,,,,,,,,,,,,,,,,,,,,,,
diagnosis_donors,matched,cmapss:FD001,diagnosis,joint | bank2:6-10 | gmm_fitted,,,,,,,,,,,,,,,,,,,,,,,,,,,,,,,3,"[11, 12, 13]",matched,,,,,,,,,,,,,,,,,,,,,,,,,,,,,,,,,,,,,,,,,,,,,,,,,,,,,,,,,,,,,0.10000000000000002,1.6996749443881478e-17,10.0,0.0,212.17918008102865,5.690242286928152,723.8377924425228,45.9085584474981,0.06269725468375469,0.0011099419773845322,0.4681059622173274,0.029743139687402442,0.8055442005740314,0.011870784773051599,0.8429637330651616,0.010273297684338316,0.5304943306356686,0.04854403578164534,0.6817266784696289,0.036583957119761146,0.9846235548350264,0.0038232490798514283,0.9852477578020639,0.0014667491668725024,0.863165378711969,0.04050796416711904,0.7642916664653105,0.000774571404146971,419.3333333333333,27.53785273643051,16.333333333333332,2.5166114784235836,0.0,0.0,0.0,0.0,419.3333333333333,27.53785273643051,216.66666666666666,22.12088003071608,0.7226707387847849,0.004822509129558379,0.4419631536127367,0.017935290551545417
diagnosis_donors,matched,cmapss:FD001,diagnosis,independent | bank2:6-10 | gmm_fitted,,,,,,,,,,,,,,,,,,,,,,,,,,,,,,,3,"[11, 12, 13]",matched,,,,,,,,,,,,,,,,,,,,,,,,,,,,,,,,,,,,,,,,,,,,,,,,,,,,,,,,,,,,,0.10000000000000002,1.6996749443881478e-17,10.0,0.0,203.2513518781553,17.327105309585356,313.3892101822983,26.891766355682954,0.06162263250845471,0.024418700134822627,0.29309080630275464,0.01797097012718435,0.7391232864575484,0.016143700231458363,0.7670882623790051,0.02129399358305266,0.5269143022224606,0.04498998612821941,0.4901463234889374,0.03157197290372546,0.9287417935710378,0.026709673130386604,0.9005058562831504,0.029704648733208584,0.8593665953740596,0.03963581210451293,0.6857737987996871,0.007936606253452062,419.3333333333333,27.53785273643051,16.333333333333332,2.5166114784235836,0.0,0.0,0.0,0.0,419.3333333333333,27.53785273643051,292.6666666666667,26.388128644019705,0.6240287718729965,0.003662995888459839,0.2651563397889228,0.026842763697597603
diagnosis_donors,matched,cmapss:FD001,diagnosis,marginal_max | bank2:6-10 | gmm_fitted,,,,,,,,,,,,,,,,,,,,,,,,,,,,,,,3,"[11, 12, 13]",matched,,,,,,,,,,,,,,,,,,,,,,,,,,,,,,,,,,,,,,,,,,,,,,,,,,,,,,,,,,,,,0.10000000000000002,1.6996749443881478e-17,10.0,0.0,36.34149232018932,2.341241413528671,123.48750248335757,8.099385714116446,0.029846764288170125,0.01656365274770624,0.4853466502897746,0.022516378009073044,0.7726955333294886,0.02131619333536942,0.8287903440079954,0.023477021353981165,0.5159893675758461,0.042983956195363916,0.4817560695079932,0.009545106876777008,0.9841380533599059,0.010734492134553091,0.9584340885333947,0.02650449747474552,0.9350300446127532,0.020576047134499315,0.6857737987996871,0.007936606253452062,419.3333333333333,27.53785273643051,16.333333333333332,2.5166114784235836,0.0,0.0,0.0,0.0,419.3333333333333,27.53785273643051,208.33333333333334,23.18045153428495,0.6240287718729965,0.003662995888459839,0.4703022638097008,0.028211653660786144
diagnosis_donors,matched,cmapss:FD001,diagnosis,conditional_max | bank2:6-10 | gmm_fitted,,,,,,,,,,,,,,,,,,,,,,,,,,,,,,,3,"[11, 12, 13]",matched,,,,,,,,,,,,,,,,,,,,,,,,,,,,,,,,,,,,,,,,,,,,,,,,,,,,,,,,,,,,,0.10000000000000002,1.6996749443881478e-17,10.0,0.0,51.70630784701276,5.3151355575913115,329.02011918724617,62.66381282118251,0.0445887614185693,0.023453949654561275,0.580627197708855,0.04420208349139889,0.8259714156066472,0.010736016397944248,0.8738576418810641,0.008701334469457542,0.515568952621592,0.05336888903166879,0.7117273736068043,0.023740272448484912,0.9986247915668228,0.0003739702641426678,0.9994989474854085,0.0006775674586954136,0.9245296072379379,0.02560407744675262,0.7642916664653105,0.000774571404146971,419.3333333333333,27.53785273643051,16.333333333333332,2.5166114784235836,0.0,0.0,0.0,0.0,419.3333333333333,27.53785273643051,167.66666666666666,27.300793639257694,0.7226707387847849,0.004822509129558379,0.56583466061483,0.030471513128936988
diagnosis_donors,matched,cmapss:FD001,diagnosis,relational_max | bank2:6-10 | gmm_fitted,,,,,,,,,,,,,,,,,,,,,,,,,,,,,,,3,"[11, 12, 13]",matched,,,,,,,,,,,,,,,,,,,,,,,,,,,,,,,,,,,,,,,,,,,,,,,,,,,,,,,,,,,,,0.10000000000000002,1.6996749443881478e-17,10.0,0.0,23.452753856582635,8.911924476034878,324.4696582845367,75.05080344975677,0.03037423466174874,0.01939705889879966,0.495492547987655,0.03919681473030569,0.8145207209425079,0.011280366991822959,0.8596713974697602,0.005843023135858622,0.5117851385356317,0.062025809660138494,0.7812698561650824,0.01852127877635838,0.9967980970962431,0.002973635378152063,0.9976994516999153,0.0015098283660514463,0.8076244632822333,0.03632203304085532,0.7167297716012246,0.012364255558949662,419.3333333333333,27.53785273643051,16.333333333333332,2.5166114784235836,0.0,0.0,0.0,0.0,419.3333333333333,27.53785273643051,204.0,23.643180835073778,0.6883090734165318,0.012072535444622286,0.4713434356565113,0.03339987801574485
diagnosis_donors,matched,cmapss:FD001,diagnosis,query single_sensor_0 | circuit,,,,,,,,,,,,,,,,,,,,,,,,,,,,,,,3,"[11, 12, 13]",matched,,,,,,,,,,,,,,,,,,,2.86102294921875e-06,9.5367431640625e-07,1.186372757000451,0.19068643946789887,0.5546671549988483,0.11055638463630554,871.3333333333334,59.87765303795175,1.0,0.0,1.0,0.0,1.0,0.0,6.0,0.0,50324.0,0.0,240.0,0.0,2.0,0.0,1.1740913333333332,0.18594953783307266,21924489.333333332,1506641.505740942,209120.0,14370.636729108423,13070.0,898.1647955692764,245760.0,0.0,-2.50653765003032e-07,5.340752953305238e-07,8.522770068945343e-07,2.390993288517409e-07,1.2380635325826006e-06,1.7447801872923022e-07,-2.5431315104166665e-06,1.1012082465927615e-06,1.9073486328125e-06,0.0,,,,,,,,,,,,,,,,,,,,,,,,,,,,,,,,,,,,,,,,,,,,
diagnosis_donors,matched,cmapss:FD001,diagnosis,joint | single_sensor_0 | circuit,,,,,,,,,,,,,,,,,,,,,,,,,,,,,,,3,"[11, 12, 13]",matched,,,,,,,,,,,,,,,,,,,,,,,,,,,,,,,,,,,,,,,,,,,,,,,,,,,,,,,,,,,,,0.10000000000000002,1.6996749443881478e-17,10.0,0.0,25.48981221516927,1.6797459367864789,73.29075749715169,14.956635978381113,0.07113564675157219,0.05999420243404543,0.16749790327995454,0.07172140096342951,0.5556086717260605,0.008531746772666784,0.6038746722084478,0.01102440112204733,0.5250910132613308,0.022320533580067355,0.49789867723890796,0.023356514332141743,0.6342800961613473,0.017196207021359235,0.5848057437867179,0.06254277245660744,0.5355537988937457,0.042143148523972364,,,0.0,0.0,373.6666666666667,24.94660965609021,62.0,9.539392014169456,62.0,9.539392014169456,0.0,0.0,0.0,0.0,,,0.0,0.0
diagnosis_donors,matched,cmapss:FD001,diagnosis,independent | single_sensor_0 | circuit,,,,,,,,,,,,,,,,,,,,,,,,,,,,,,,3,"[11, 12, 13]",matched,,,,,,,,,,,,,,,,,,,,,,,,,,,,,,,,,,,,,,,,,,,,,,,,,,,,,,,,,,,,,0.10000000000000002,1.6996749443881478e-17,10.0,0.0,25.48981221516927,1.6797459367864789,73.29076258341472,14.956628913559614,0.07113564675157219,0.05999420243404543,0.16749790327995454,0.07172140096342951,0.5555902849258476,0.008561536558696646,0.6038550201962088,0.011054879819114856,0.5250716587347909,0.022353698056321522,0.49787977811299244,0.023363069576084982,0.634251747472474,0.0171834951322604,0.5847796654473866,0.06258569677808731,0.5355537988937457,0.042143148523972364,,,0.0,0.0,373.6666666666667,24.94660965609021,62.0,9.539392014169456,62.0,9.539392014169456,0.0,0.0,0.0,0.0,,,0.0,0.0
diagnosis_donors,matched,cmapss:FD001,diagnosis,marginal_max | single_sensor_0 | circuit,,,,,,,,,,,,,,,,,,,,,,,,,,,,,,,3,"[11, 12, 13]",matched,,,,,,,,,,,,,,,,,,,,,,,,,,,,,,,,,,,,,,,,,,,,,,,,,,,,,,,,,,,,,0.10000000000000002,1.6996749443881478e-17,10.0,0.0,25.48981221516927,1.6797459367864789,73.29076258341472,14.956628913559614,0.07113564675157219,0.05999420243404543,0.16749790327995454,0.07172140096342951,0.5555902849258476,0.008561536558696646,0.6038550201962088,0.011054879819114856,0.5250716587347909,0.022353698056321522,0.49787977811299244,0.023363069576084982,0.634251747472474,0.0171834951322604,0.5847796654473866,0.06258569677808731,0.5355537988937457,0.042143148523972364,,,0.0,0.0,373.6666666666667,24.94660965609021,62.0,9.539392014169456,62.0,9.539392014169456,0.0,0.0,0.0,0.0,,,0.0,0.0
diagnosis_donors,matched,cmapss:FD001,diagnosis,conditional_max | single_sensor_0 | circuit,,,,,,,,,,,,,,,,,,,,,,,,,,,,,,,3,"[11, 12, 13]",matched,,,,,,,,,,,,,,,,,,,,,,,,,,,,,,,,,,,,,,,,,,,,,,,,,,,,,,,,,,,,,0.10000000000000002,1.6996749443881478e-17,10.0,0.0,25.48981221516927,1.6797459367864789,73.29076258341472,14.956628913559614,0.07113564675157219,0.05999420243404543,0.16749790327995454,0.07172140096342951,0.5555902849258476,0.008561536558696646,0.6038550201962088,0.011054879819114856,0.5250716587347909,0.022353698056321522,0.49787977811299244,0.023363069576084982,0.634251747472474,0.0171834951322604,0.5847796654473866,0.06258569677808731,0.5355537988937457,0.042143148523972364,,,0.0,0.0,373.6666666666667,24.94660965609021,62.0,9.539392014169456,62.0,9.539392014169456,0.0,0.0,0.0,0.0,,,0.0,0.0
diagnosis_donors,matched,cmapss:FD001,diagnosis,relational_max | single_sensor_0 | circuit,,,,,,,,,,,,,,,,,,,,,,,,,,,,,,,3,"[11, 12, 13]",matched,,,,,,,,,,,,,,,,,,,,,,,,,,,,,,,,,,,,,,,,,,,,,,,,,,,,,,,,,,,,,0.10000000000000002,1.6996749443881478e-17,10.0,0.0,0.0,0.0,0.0,0.0,0.0,0.0,0.0,0.0,0.5,0.0,0.5,0.0,0.5,0.0,0.5,0.0,0.5,0.0,0.5,0.0,0.5,0.0,,,0.0,0.0,373.6666666666667,24.94660965609021,62.0,9.539392014169456,62.0,9.539392014169456,0.0,0.0,0.0,0.0,,,0.0,0.0
diagnosis_donors,matched,cmapss:FD001,diagnosis,query single_sensor_0 | gaussian_fitted,,,,,,,,,,,,,,,,,,,,,,,,,,,,,,,3,"[11, 12, 13]",matched,,,,,,,,,,,,,,,,,,,0.0,0.0,0.0021702509996733474,0.00016556211423684469,0.0005945966659055557,2.490777056534729e-05,871.3333333333334,59.87765303795175,1.0,0.0,1.0,0.0,1.0,0.0,4.0,0.0,80.0,0.0,0.0,0.0,1.0,0.0,0.0,0.0,34853.333333333336,2395.1061215180703,0.0,0.0,13070.0,898.1647955692764,39499520.0,0.0,0.0,0.0,0.0,0.0,0.0,0.0,0.0,0.0,0.0,0.0,,,,,,,,,,,,,,,,,,,,,,,,,,,,,,,,,,,,,,,,,,,,
diagnosis_donors,matched,cmapss:FD001,diagnosis,joint | single_sensor_0 | gaussian_fitted,,,,,,,,,,,,,,,,,,,,,,,,,,,,,,,3,"[11, 12, 13]",matched,,,,,,,,,,,,,,,,,,,,,,,,,,,,,,,,,,,,,,,,,,,,,,,,,,,,,,,,,,,,,0.10000000000000002,1.6996749443881478e-17,10.0,0.0,24.732293590734272,0.447757908756498,36.27577244576482,2.437451285841679,0.06738183954938438,0.014909949187952475,0.16010400379373702,0.00436096114266617,0.5559393515543521,0.010165104602338128,0.6018397224170647,0.01291181947223314,0.5270612123902381,0.02285656915823367,0.49813221331915675,0.03192401544433611,0.6337845520441648,0.020059122416330236,0.5889156560327128,0.06543627646864919,0.5319130465557467,0.03768230342631959,,,0.0,0.0,373.6666666666667,24.94660965609021,62.0,9.539392014169456,62.0,9.539392014169456,0.0,0.0,0.0,0.0,,,0.0,0.0
diagnosis_donors,matched,cmapss:FD001,diagnosis,independent | single_sensor_0 | gaussian_fitted,,,,,,,,,,,,,,,,,,,,,,,,,,,,,,,3,"[11, 12, 13]",matched,,,,,,,,,,,,,,,,,,,,,,,,,,,,,,,,,,,,,,,,,,,,,,,,,,,,,,,,,,,,,0.10000000000000002,1.6996749443881478e-17,10.0,0.0,24.732293590734272,0.447757908756498,36.27577244576482,2.437451285841679,0.06738183954938438,0.014909949187952475,0.16010400379373702,0.00436096114266617,0.5559393515543521,0.010165104602338128,0.6018397224170647,0.01291181947223314,0.5270612123902381,0.02285656915823367,0.49813221331915675,0.03192401544433611,0.6337845520441648,0.020059122416330236,0.5889156560327128,0.06543627646864919,0.5319130465557467,0.03768230342631959,,,0.0,0.0,373.6666666666667,24.94660965609021,62.0,9.539392014169456,62.0,9.539392014169456,0.0,0.0,0.0,0.0,,,0.0,0.0
diagnosis_donors,matched,cmapss:FD001,diagnosis,marginal_max | single_sensor_0 | gaussian_fitted,,,,,,,,,,,,,,,,,,,,,,,,,,,,,,,3,"[11, 12, 13]",matched,,,,,,,,,,,,,,,,,,,,,,,,,,,,,,,,,,,,,,,,,,,,,,,,,,,,,,,,,,,,,0.10000000000000002,1.6996749443881478e-17,10.0,0.0,24.732293590734272,0.447757908756498,36.27577244576482,2.437451285841679,0.06738183954938438,0.014909949187952475,0.16010400379373702,0.00436096114266617,0.5559393515543521,0.010165104602338128,0.6018397224170647,0.01291181947223314,0.5270612123902381,0.02285656915823367,0.49813221331915675,0.03192401544433611,0.6337845520441648,0.020059122416330236,0.5889156560327128,0.06543627646864919,0.5319130465557467,0.03768230342631959,,,0.0,0.0,373.6666666666667,24.94660965609021,62.0,9.539392014169456,62.0,9.539392014169456,0.0,0.0,0.0,0.0,,,0.0,0.0
diagnosis_donors,matched,cmapss:FD001,diagnosis,conditional_max | single_sensor_0 | gaussian_fitted,,,,,,,,,,,,,,,,,,,,,,,,,,,,,,,3,"[11, 12, 13]",matched,,,,,,,,,,,,,,,,,,,,,,,,,,,,,,,,,,,,,,,,,,,,,,,,,,,,,,,,,,,,,0.10000000000000002,1.6996749443881478e-17,10.0,0.0,24.732293590734272,0.447757908756498,36.27577244576482,2.437451285841679,0.06738183954938438,0.014909949187952475,0.16010400379373702,0.00436096114266617,0.5559393515543521,0.010165104602338128,0.6018397224170647,0.01291181947223314,0.5270612123902381,0.02285656915823367,0.49813221331915675,0.03192401544433611,0.6337845520441648,0.020059122416330236,0.5889156560327128,0.06543627646864919,0.5319130465557467,0.03768230342631959,,,0.0,0.0,373.6666666666667,24.94660965609021,62.0,9.539392014169456,62.0,9.539392014169456,0.0,0.0,0.0,0.0,,,0.0,0.0
diagnosis_donors,matched,cmapss:FD001,diagnosis,relational_max | single_sensor_0 | gaussian_fitted,,,,,,,,,,,,,,,,,,,,,,,,,,,,,,,3,"[11, 12, 13]",matched,,,,,,,,,,,,,,,,,,,,,,,,,,,,,,,,,,,,,,,,,,,,,,,,,,,,,,,,,,,,,0.10000000000000002,1.6996749443881478e-17,10.0,0.0,0.0,0.0,0.0,0.0,0.0,0.0,0.0,0.0,0.5,0.0,0.5,0.0,0.5,0.0,0.5,0.0,0.5,0.0,0.5,0.0,0.5,0.0,,,0.0,0.0,373.6666666666667,24.94660965609021,62.0,9.539392014169456,62.0,9.539392014169456,0.0,0.0,0.0,0.0,,,0.0,0.0
diagnosis_donors,matched,cmapss:FD001,diagnosis,query single_sensor_0 | gmm_fitted,,,,,,,,,,,,,,,,,,,,,,,,,,,,,,,3,"[11, 12, 13]",matched,,,,,,,,,,,,,,,,,,,0.0,0.0,0.0029986033332534134,0.00038676768426360405,0.0008104469998215791,0.00014396370139089032,871.3333333333334,59.87765303795175,1.0,0.0,1.0,0.0,1.0,0.0,4.0,0.0,80.0,0.0,0.0,0.0,1.0,0.0,0.0,0.0,34853.333333333336,2395.1061215180703,0.0,0.0,13070.0,898.1647955692764,105334250.66666667,45611068.48296564,0.0,0.0,0.0,0.0,0.0,0.0,0.0,0.0,0.0,0.0,,,,,,,,,,,,,,,,,,,,,,,,,,,,,,,,,,,,,,,,,,,,
diagnosis_donors,matched,cmapss:FD001,diagnosis,joint | single_sensor_0 | gmm_fitted,,,,,,,,,,,,,,,,,,,,,,,,,,,,,,,3,"[11, 12, 13]",matched,,,,,,,,,,,,,,,,,,,,,,,,,,,,,,,,,,,,,,,,,,,,,,,,,,,,,,,,,,,,,0.10000000000000002,1.6996749443881478e-17,10.0,0.0,24.94528769228847,0.4475285568037662,35.999790815602836,2.585363008405299,0.06035423330915677,0.009351080588078466,0.15608793953670888,0.004712376523337382,0.5562478504501419,0.010534311615099889,0.6028447369671577,0.012928100677600656,0.5285593868348623,0.02336303970341611,0.497391706604246,0.029866141646223688,0.6338034712377473,0.019171912464404528,0.588361404674621,0.06677280540797838,0.5329197195868157,0.0367280487948732,,,0.0,0.0,373.6666666666667,24.94660965609021,62.0,9.539392014169456,62.0,9.539392014169456,0.0,0.0,0.0,0.0,,,0.0,0.0
diagnosis_donors,matched,cmapss:FD001,diagnosis,independent | single_sensor_0 | gmm_fitted,,,,,,,,,,,,,,,,,,,,,,,,,,,,,,,3,"[11, 12, 13]",matched,,,,,,,,,,,,,,,,,,,,,,,,,,,,,,,,,,,,,,,,,,,,,,,,,,,,,,,,,,,,,0.10000000000000002,1.6996749443881478e-17,10.0,0.0,24.94528769228847,0.4475285568037662,35.999790815602836,2.585363008405299,0.06035423330915677,0.009351080588078466,0.15608793953670888,0.004712376523337382,0.5562478504501419,0.010534311615099889,0.6028447369671577,0.012928100677600656,0.5285593868348623,0.02336303970341611,0.497391706604246,0.029866141646223688,0.6338034712377473,0.019171912464404528,0.588361404674621,0.06677280540797838,0.5329197195868157,0.0367280487948732,,,0.0,0.0,373.6666666666667,24.94660965609021,62.0,9.539392014169456,62.0,9.539392014169456,0.0,0.0,0.0,0.0,,,0.0,0.0
diagnosis_donors,matched,cmapss:FD001,diagnosis,marginal_max | single_sensor_0 | gmm_fitted,,,,,,,,,,,,,,,,,,,,,,,,,,,,,,,3,"[11, 12, 13]",matched,,,,,,,,,,,,,,,,,,,,,,,,,,,,,,,,,,,,,,,,,,,,,,,,,,,,,,,,,,,,,0.10000000000000002,1.6996749443881478e-17,10.0,0.0,24.94528769228847,0.4475285568037662,35.999790815602836,2.585363008405299,0.06035423330915677,0.009351080588078466,0.15608793953670888,0.004712376523337382,0.5562478504501419,0.010534311615099889,0.6028447369671577,0.012928100677600656,0.5285593868348623,0.02336303970341611,0.497391706604246,0.029866141646223688,0.6338034712377473,0.019171912464404528,0.588361404674621,0.06677280540797838,0.5329197195868157,0.0367280487948732,,,0.0,0.0,373.6666666666667,24.94660965609021,62.0,9.539392014169456,62.0,9.539392014169456,0.0,0.0,0.0,0.0,,,0.0,0.0
diagnosis_donors,matched,cmapss:FD001,diagnosis,conditional_max | single_sensor_0 | gmm_fitted,,,,,,,,,,,,,,,,,,,,,,,,,,,,,,,3,"[11, 12, 13]",matched,,,,,,,,,,,,,,,,,,,,,,,,,,,,,,,,,,,,,,,,,,,,,,,,,,,,,,,,,,,,,0.10000000000000002,1.6996749443881478e-17,10.0,0.0,24.94528769228847,0.4475285568037662,35.999790815602836,2.585363008405299,0.06035423330915677,0.009351080588078466,0.15608793953670888,0.004712376523337382,0.5562478504501419,0.010534311615099889,0.6028447369671577,0.012928100677600656,0.5285593868348623,0.02336303970341611,0.497391706604246,0.029866141646223688,0.6338034712377473,0.019171912464404528,0.588361404674621,0.06677280540797838,0.5329197195868157,0.0367280487948732,,,0.0,0.0,373.6666666666667,24.94660965609021,62.0,9.539392014169456,62.0,9.539392014169456,0.0,0.0,0.0,0.0,,,0.0,0.0
diagnosis_donors,matched,cmapss:FD001,diagnosis,relational_max | single_sensor_0 | gmm_fitted,,,,,,,,,,,,,,,,,,,,,,,,,,,,,,,3,"[11, 12, 13]",matched,,,,,,,,,,,,,,,,,,,,,,,,,,,,,,,,,,,,,,,,,,,,,,,,,,,,,,,,,,,,,0.10000000000000002,1.6996749443881478e-17,10.0,0.0,0.0,0.0,0.0,0.0,0.0,0.0,0.0,0.0,0.5,0.0,0.5,0.0,0.5,0.0,0.5,0.0,0.5,0.0,0.5,0.0,0.5,0.0,,,0.0,0.0,373.6666666666667,24.94660965609021,62.0,9.539392014169456,62.0,9.539392014169456,0.0,0.0,0.0,0.0,,,0.0,0.0
diagnosis_donors,matched_nearest,cmapss:FD001,diagnosis,model,-1.9868214925130207e-08,4.057204297515181e-07,2400.0,0.0,2385.0,0.0,19136.0,0.0,23921.0,0.0,174240.0,0.0,2760.0,103.92304845413264,180.0,0.0,177.33333333333334,2.081665999466133,34.818063735961914,6.906422197806719,81.62205346425374,22.445448353127713,29.97063600213279,5.2481180230416875,0.02,0.0,180.0,0.0,256.0,0.0,3,"[11, 12, 13]",matched_nearest,,,,,,,,,,,,,,,,,,,,,,,,,,,,,,,,,,,,,,,,,,,,,,,,,,,,,,,,,,,,,,,,,,,,,,,,,,,,,,,,,,,,,,,,,,,,,,,,,,,,,,,,
diagnosis_donors,matched_nearest,cmapss:FD001,diagnosis,shortcut audit,,,,,,,,,,,,,,,,,,,,,,,,,,,,,,,3,"[11, 12, 13]",matched_nearest,0.5573819679251738,0.008035294676694605,0.0,0.0,1128.0,157.12415473121885,871.3333333333334,59.87765303795175,42.0,0.0,,,,,,,,,,,,,,,,,,,,,,,,,,,,,,,,,,,,,,,,,,,,,,,,,,,,,,,,,,,,,,,,,,,,,,,,,,,,,,,,,,,,,,,,,,,,,,
diagnosis_donors,matched_nearest,cmapss:FD001,diagnosis,model gaussian_fitted,,,,,,,,,,,45450.0,0.0,,,,,,,,,0.24931261400100388,0.05881095100984738,,,,,,,,,3,"[11, 12, 13]",matched_nearest,,,,,,,,,,,1.0,0.0,300.0,0.0,-171.15366534841655,3.3797863530555086,1.0,0.0,,,,,,,,,,,,,,,,,,,,,,,,,,,,,,,,,,,,,,,,,,,,,,,,,,,,,,,,,,,,,,,,,,,,,,,,,,,,,,,,,,,,,,
diagnosis_donors,matched_nearest,cmapss:FD001,diagnosis,model gmm_fitted,,,,,,,,,,,121201.66666666667,52482.294169875364,,,,,,,,,34.38717111099928,7.305445218467683,,,,,,,,,3,"[11, 12, 13]",matched_nearest,,,,,,,,,,,2.6666666666666665,1.1547005383792515,300.0,0.0,-117.81953513139916,6.786695205833636,14.0,0.0,,,,,,,,,,,,,,,,,,,,,,,,,,,,,,,,,,,,,,,,,,,,,,,,,,,,,,,,,,,,,,,,,,,,,,,,,,,,,,,,,,,,,,
diagnosis_donors,matched_nearest,cmapss:FD001,diagnosis,query full | circuit,,,,,,,,,,,,,,,,,,,,,,,,,,,,,,,3,"[11, 12, 13]",matched_nearest,,,,,,,,,,,,,,,,,,,2.2729237874348957e-05,3.449524945292585e-06,1.1549271733323014,0.1521413275858766,0.5035580086672174,0.031133447332097563,871.3333333333334,59.87765303795175,15.0,0.0,15.0,0.0,15.0,0.0,6.0,0.0,50324.0,0.0,240.0,0.0,2.0,0.0,1.142733,0.1483614171171198,21924489.333333332,1506641.505740942,209120.0,14370.636729108423,13070.0,898.1647955692764,245760.0,0.0,6.949141343434651,1.9456908608482335,6.958476702372233,1.9545041997363342,1.8644674221674602,0.9382562947112781,2.8988715012868247,0.5391021687768923,9.23027229309082,2.5761635822016604,,,,,,,,,,,,,,,,,,,,,,,,,,,,,,,,,,,,,,,,,,,,
diagnosis_donors,matched_nearest,cmapss:FD001,diagnosis,joint | full | circuit,,,,,,,,,,,,,,,,,,,,,,,,,,,,,,,3,"[11, 12, 13]",matched_nearest,,,,,,,,,,,,,,,,,,,,,,,,,,,,,,,,,,,,,,,,,,,,,,,,,,,,,,,,,,,,,0.10000000000000002,1.6996749443881478e-17,10.0,0.0,61.68791707356771,21.516536069912114,1078.6645914713542,149.00103127531165,0.08082474093206546,0.03695764254916276,0.567058756352424,0.07283736941585311,0.7997444281712364,0.029695251651488872,0.8475368769896826,0.024002243384130935,0.536590161043492,0.04485532027547419,0.5592805042285763,0.0508015339444251,0.9946798146259153,0.0029883534363764563,0.9942087382407001,0.005544781491131669,0.9294186999989872,0.008159641814016606,0.6825481595183017,0.02534039285678326,435.6666666666667,29.938826518975876,0.0,0.0,0.0,0.0,0.0,0.0,435.6666666666667,29.938826518975876,189.66666666666666,42.782395133200914,0.6492907598934611,0.026677513162006714,0.5308494237107753,0.05768701522186672
diagnosis_donors,matched_nearest,cmapss:FD001,diagnosis,independent | full | circuit,,,,,,,,,,,,,,,,,,,,,,,,,,,,,,,3,"[11, 12, 13]",matched_nearest,,,,,,,,,,,,,,,,,,,,,,,,,,,,,,,,,,,,,,,,,,,,,,,,,,,,,,,,,,,,,0.10000000000000002,1.6996749443881478e-17,10.0,0.0,70.1052754720052,19.42345358821868,1067.157470703125,157.90874606662936,0.07999488120881225,0.042270185359665466,0.5508618319197937,0.06984421239209912,0.7872035806703656,0.026682569973831425,0.839269904447649,0.02277230769010075,0.5351589150759328,0.042282545016557434,0.5023281856700531,0.03132603954747901,0.9915664003588675,0.00314637713938682,0.9903524882291158,0.008537451646794111,0.9285175336735101,0.007276562800611448,0.6504269152554846,0.02143954292898208,435.6666666666667,29.938826518975876,0.0,0.0,0.0,0.0,0.0,0.0,435.6666666666667,29.938826518975876,196.66666666666666,41.78915329763614,0.6158137440353326,0.01743843401741868,0.5162456015450326,0.05578022676394285
diagnosis_donors,matched_nearest,cmapss:FD001,diagnosis,marginal_max | full | circuit,,,,,,,,,,,,,,,,,,,,,,,,,,,,,,,3,"[11, 12, 13]",matched_nearest,,,,,,,,,,,,,,,,,,,,,,,,,,,,,,,,,,,,,,,,,,,,,,,,,,,,,,,,,,,,,0.10000000000000002,1.6996749443881478e-17,10.0,0.0,30.06584358215332,1.1284432933422985,539.8334147135416,107.08559983574723,0.028766351075371368,0.016824045960309904,0.5703046126221128,0.02473921065072129,0.7913224267714468,0.023491885763300774,0.8513830718531784,0.015998627974321663,0.5205432697717275,0.029952251191788563,0.5024250806459927,0.027470640898190995,0.9968406674688756,0.0014128905942333246,0.9953209719673121,0.005319424437363969,0.9570027610250924,0.019039844511775636,0.6504269152554846,0.02143954292898208,435.6666666666667,29.938826518975876,0.0,0.0,0.0,0.0,0.0,0.0,435.6666666666667,29.938826518975876,187.66666666666666,23.692474191889147,0.6158137440353326,0.01743843401741868,0.5618718901014971,0.025913566423995175
diagnosis_donors,matched_nearest,cmapss:FD001,diagnosis,conditional_max | full | circuit,,,,,,,,,,,,,,,,,,,,,,,,,,,,,,,3,"[11, 12, 13]",matched_nearest,,,,,,,,,,,,,,,,,,,,,,,,,,,,,,,,,,,,,,,,,,,,,,,,,,,,,,,,,,,,,0.10000000000000002,1.6996749443881478e-17,10.0,0.0,29.235803604125977,1.0912901300266746,540.1938273111979,106.98671278966894,0.0303861002141064,0.021719241607148526,0.5771982555613197,0.02581174362029143,0.8061314423210391,0.022967704869812217,0.8606614348371666,0.01517456667493251,0.5181540751201644,0.03504571336736491,0.5764661767866204,0.030703763741459257,0.9990942877782159,0.0010373269906314075,0.9990733469103404,0.0015007558485040237,0.9567555554296979,0.01920543088260481,0.6825481595183017,0.02534039285678326,435.6666666666667,29.938826518975876,0.0,0.0,0.0,0.0,0.0,0.0,435.6666666666667,29.938826518975876,184.66666666666666,23.75570107012911,0.6492907598934611,0.026677513162006714,0.5687522096047799,0.028365512521251995
diagnosis_donors,matched_nearest,cmapss:FD001,diagnosis,relational_max | full | circuit,,,,,,,,,,,,,,,,,,,,,,,,,,,,,,,3,"[11, 12, 13]",matched_nearest,,,,,,,,,,,,,,,,,,,,,,,,,,,,,,,,,,,,,,,,,,,,,,,,,,,,,,,,,,,,,0.10000000000000002,1.6996749443881478e-17,10.0,0.0,3.2472216288248696,1.0354398241252958,12.593312581380209,0.75930171346858,0.01337409737771293,0.017201121102367472,0.31721618752918296,0.0783928096154981,0.7157435780790947,0.01357073243038925,0.7775395988056101,0.010603679854452737,0.5060784207890673,0.011889584011946307,0.7664789710994794,0.012731597256352265,0.8992763081872511,0.015169480054423446,0.8925196239854625,0.012112773464234845,0.5303121260796376,0.02505621478023595,0.4657301527990709,0.02594253095717961,435.6666666666667,29.938826518975876,0.0,0.0,0.0,0.0,124.33333333333333,40.55038018728472,311.3333333333333,16.289055630494154,173.66666666666666,45.50091574170055,0.6409582668793194,0.052930882018081625,0.3030662531136951,0.07285963465228222
diagnosis_donors,matched_nearest,cmapss:FD001,diagnosis,query full | gaussian_fitted,,,,,,,,,,,,,,,,,,,,,,,,,,,,,,,3,"[11, 12, 13]",matched_nearest,,,,,,,,,,,,,,,,,,,0.0,0.0,0.8591968033336647,0.12900231675387,0.007845052667107666,0.0004392810232329284,871.3333333333334,59.87765303795175,15.0,0.0,15.0,0.0,15.0,0.0,62.0,0.0,9600.0,0.0,0.0,0.0,1.0,0.0,0.0,0.0,4182400.0,287412.73458216846,0.0,0.0,13070.0,898.1647955692764,10214400.0,0.0,14.496685004899476,2.4552801398307738,14.506740300708543,2.4406829073543252,6.235678541814774,0.2395808346157602,5.34350138340286,2.2287799679890967,26.071953605050382,2.4427795397111893,,,,,,,,,,,,,,,,,,,,,,,,,,,,,,,,,,,,,,,,,,,,
diagnosis_donors,matched_nearest,cmapss:FD001,diagnosis,joint | full | gaussian_fitted,,,,,,,,,,,,,,,,,,,,,,,,,,,,,,,3,"[11, 12, 13]",matched_nearest,,,,,,,,,,,,,,,,,,,,,,,,,,,,,,,,,,,,,,,,,,,,,,,,,,,,,,,,,,,,,0.10000000000000002,1.6996749443881478e-17,10.0,0.0,200.46113196378997,9.674914662338564,1065.6095861305332,111.39392137273288,0.048735306254765964,0.007689328608403548,0.6267128815757129,0.036269642741515395,0.8500198942465823,0.020056591810051243,0.8886490270936088,0.01505265465680483,0.5284083932513849,0.05147223915768912,0.7931489149485813,0.03507926971760549,0.9993026473589773,0.0004653955143205745,1.0,0.0,0.9547847928563687,0.008319319633954733,0.7485603031968858,0.007961908848106191,435.6666666666667,29.938826518975876,0.0,0.0,0.0,0.0,0.0,0.0,435.6666666666667,29.938826518975876,163.33333333333334,27.42869543622761,0.7328147722482145,0.016968225789392746,0.5975452075519988,0.033285415390948904
diagnosis_donors,matched_nearest,cmapss:FD001,diagnosis,independent | full | gaussian_fitted,,,,,,,,,,,,,,,,,,,,,,,,,,,,,,,3,"[11, 12, 13]",matched_nearest,,,,,,,,,,,,,,,,,,,,,,,,,,,,,,,,,,,,,,,,,,,,,,,,,,,,,,,,,,,,,0.10000000000000002,1.6996749443881478e-17,10.0,0.0,214.93106680702763,12.446465647293557,400.04213066377383,39.71228868206283,0.050409078078979215,0.00466474001126776,0.4990560203909315,0.03792828714583844,0.7801736668333672,0.025947498201029238,0.8332381111386015,0.021733717890681722,0.532431495417645,0.044975941431083265,0.4811636680013078,0.0342575852976115,0.9837502327615956,0.0038804523173837256,0.9665740523852513,0.011703000576992138,0.9472074603029208,0.003060478257083976,0.6708004991943195,0.014337216154829992,435.6666666666667,29.938826518975876,0.0,0.0,0.0,0.0,0.0,0.0,435.6666666666667,29.938826518975876,219.0,32.14031735997639,0.6143679285053899,0.016374002489541614,0.4730745509009922,0.03915567561299464
diagnosis_donors,matched_nearest,cmapss:FD001,diagnosis,marginal_max | full | gaussian_fitted,,,,,,,,,,,,,,,,,,,,,,,,,,,,,,,3,"[11, 12, 13]",matched_nearest,,,,,,,,,,,,,,,,,,,,,,,,,,,,,,,,,,,,,,,,,,,,,,,,,,,,,,,,,,,,,0.10000000000000002,1.6996749443881478e-17,10.0,0.0,52.42989189452059,5.537974066128937,238.32340863861387,12.372262348671308,0.02423759776425456,0.022527446782545688,0.36003135259602487,0.0389537095886893,0.7737054886905792,0.023888045057236188,0.8204067019567081,0.03102700688942377,0.5135826417007375,0.05089874878929643,0.47214670735610625,0.006103638214836133,0.9762107483034347,0.01430616303725835,0.9435077655649744,0.031538260927745,0.9735303403831553,0.013832025012822501,0.6708004991943195,0.014337216154829992,435.6666666666667,29.938826518975876,0.0,0.0,0.0,0.0,0.0,0.0,435.6666666666667,29.938826518975876,279.3333333333333,33.02019584032374,0.6143679285053899,0.016374002489541614,0.34749059766341756,0.050318742087482105
diagnosis_donors,matched_nearest,cmapss:FD001,diagnosis,conditional_max | full | gaussian_fitted,,,,,,,,,,,,,,,,,,,,,,,,,,,,,,,3,"[11, 12, 13]",matched_nearest,,,,,,,,,,,,,,,,,,,,,,,,,,,,,,,,,,,,,,,,,,,,,,,,,,,,,,,,,,,,,0.10000000000000002,1.6996749443881478e-17,10.0,0.0,54.4981017605445,5.033699356063638,511.90071020100277,53.867328682673815,0.02304784328399612,0.018540918501750433,0.5521280442937425,0.030125079849721646,0.8538156362948227,0.01915495401480916,0.8909280355134647,0.014533180744423158,0.5185803240032293,0.061354797220480865,0.8037531901183796,0.016366466559976728,0.9976616471549841,0.002400229890574476,0.9988225406255449,0.0015010554619609936,0.9753318184792636,0.011997532341601932,0.7485603031968858,0.007961908848106191,435.6666666666667,29.938826518975876,0.0,0.0,0.0,0.0,0.0,0.0,435.6666666666667,29.938826518975876,195.66666666666666,26.38812864401971,0.7328147722482145,0.016968225789392746,0.5409250595201214,0.03362419715139127
diagnosis_donors,matched_nearest,cmapss:FD001,diagnosis,relational_max | full | gaussian_fitted,,,,,,,,,,,,,,,,,,,,,,,,,,,,,,,3,"[11, 12, 13]",matched_nearest,,,,,,,,,,,,,,,,,,,,,,,,,,,,,,,,,,,,,,,,,,,,,,,,,,,,,,,,,,,,,0.10000000000000002,1.6996749443881478e-17,10.0,0.0,4.182285147994786,0.8537955860208039,497.67200767606454,13.574076024462551,0.08655393986959231,0.06159716748659835,0.7032950193432802,0.024526702086062852,0.8523964010891604,0.0059281164247759035,0.8973275932230611,0.0036237177731043052,0.47557628818034753,0.03254757559029401,0.9452423812008236,0.005373651352494064,1.0,0.0,1.0,0.0,0.8732970215835049,0.018412158113055088,0.7087745048026542,0.016459342647168085,435.6666666666667,29.938826518975876,0.0,0.0,0.0,0.0,0.0,0.0,435.6666666666667,29.938826518975876,129.0,9.16515138991168,0.7109679820421141,0.015659469284934353,0.6556182580478209,0.014247808012180457
diagnosis_donors,matched_nearest,cmapss:FD001,diagnosis,query full | gmm_fitted,,,,,,,,,,,,,,,,,,,,,,,,,,,,,,,3,"[11, 12, 13]",matched_nearest,,,,,,,,,,,,,,,,,,,0.0,0.0,2.227241062667114,0.7836397567840107,0.019350105666186817,0.0073254325337348426,871.3333333333334,59.87765303795175,15.0,0.0,15.0,0.0,15.0,0.0,62.0,0.0,9600.0,0.0,0.0,0.0,1.0,0.0,0.0,0.0,4182400.0,287412.73458216846,0.0,0.0,13070.0,898.1647955692764,27239061.333333332,11794859.544954546,6.334402511985836,4.161639277349775,10.703313404618797,0.9025612523780034,11.388607238316427,2.6090161855361442,-18.321827480427597,16.253395031846146,20.45718633595518,4.819328826080338,,,,,,,,,,,,,,,,,,,,,,,,,,,,,,,,,,,,,,,,,,,,
diagnosis_donors,matched_nearest,cmapss:FD001,diagnosis,joint | full | gmm_fitted,,,,,,,,,,,,,,,,,,,,,,,,,,,,,,,3,"[11, 12, 13]",matched_nearest,,,,,,,,,,,,,,,,,,,,,,,,,,,,,,,,,,,,,,,,,,,,,,,,,,,,,,,,,,,,,0.10000000000000002,1.6996749443881478e-17,10.0,0.0,209.9546529558003,3.541185400694484,1398.0181332444483,151.93247831038462,0.06317851824764015,0.010916761672249838,0.5165627722141971,0.04317929877628329,0.8301329292831076,0.012141436584168339,0.8640834131262203,0.009807222118782665,0.5245415671697121,0.042860618961324856,0.7425102273344274,0.015587292067069968,0.9917960295392083,0.0026583055496672467,0.9970855414030666,0.0009206907283733533,0.915773159817166,0.02497735372827668,0.739044290525945,0.005690165723441259,435.6666666666667,29.938826518975876,0.0,0.0,0.0,0.0,0.0,0.0,435.6666666666667,29.938826518975876,211.0,28.513154858766505,0.7272995987175485,0.011524728860418462,0.48204053483268555,0.026899169304798746
diagnosis_donors,matched_nearest,cmapss:FD001,diagnosis,independent | full | gmm_fitted,,,,,,,,,,,,,,,,,,,,,,,,,,,,,,,3,"[11, 12, 13]",matched_nearest,,,,,,,,,,,,,,,,,,,,,,,,,,,,,,,,,,,,,,,,,,,,,,,,,,,,,,,,,,,,,0.10000000000000002,1.6996749443881478e-17,10.0,0.0,192.9553165874017,19.49032798006242,462.1522109486494,66.95185283194174,0.0682903439916771,0.012834193030111,0.4066572633176651,0.0428821130716362,0.7625401200470375,0.021994778984531588,0.8066767774967579,0.021162860394249427,0.5273046824726033,0.041002876133999284,0.4782309118822168,0.038927008987013276,0.96231872544268,0.012526834479761828,0.9423160925491153,0.015028849818343857,0.9125140315229553,0.02168877074505323,0.6713305857303636,0.011153685098741413,435.6666666666667,29.938826518975876,0.0,0.0,0.0,0.0,0.0,0.0,435.6666666666667,29.938826518975876,259.3333333333333,36.950417228136054,0.6179813739175721,0.011910623921965067,0.382362889087863,0.0459006776517865
diagnosis_donors,matched_nearest,cmapss:FD001,diagnosis,marginal_max | full | gmm_fitted,,,,,,,,,,,,,,,,,,,,,,,,,,,,,,,3,"[11, 12, 13]",matched_nearest,,,,,,,,,,,,,,,,,,,,,,,,,,,,,,,,,,,,,,,,,,,,,,,,,,,,,,,,,,,,,0.10000000000000002,1.6996749443881478e-17,10.0,0.0,36.34149232018932,2.341241413528671,266.59031227109136,7.252903793184833,0.029846764288170125,0.01656365274770624,0.5391572947026586,0.02841442104730901,0.7842771619867078,0.024074689998107243,0.8434182260119313,0.02075690086172414,0.5159893675758461,0.042983956195363916,0.47256915449047726,0.004729100212592583,0.9933257502208551,0.003850618858964483,0.967989635592274,0.022430402878096667,0.9831769069365547,0.005919727056457603,0.6713305857303636,0.011153685098741413,435.6666666666667,29.938826518975876,0.0,0.0,0.0,0.0,0.0,0.0,435.6666666666667,29.938826518975876,201.33333333333334,26.57693235370353,0.6179813739175721,0.011910623921965067,0.5263345607903025,0.03209267722102205
diagnosis_donors,matched_nearest,cmapss:FD001,diagnosis,conditional_max | full | gmm_fitted,,,,,,,,,,,,,,,,,,,,,,,,,,,,,,,3,"[11, 12, 13]",matched_nearest,,,,,,,,,,,,,,,,,,,,,,,,,,,,,,,,,,,,,,,,,,,,,,,,,,,,,,,,,,,,,0.10000000000000002,1.6996749443881478e-17,10.0,0.0,62.55781634021029,6.837105771391981,698.3405041141659,77.12005631882943,0.030038232996521735,0.0130061735390915,0.5523961328828474,0.061930558553526305,0.8505027479423443,0.012720457997462978,0.887562188553439,0.008487530291634932,0.5138901862679303,0.047449921060986715,0.7926745239766809,0.005522074357804109,0.9991744561997026,0.0001132774657342245,0.9997232767140263,0.00021614275410415657,0.9714545796743126,0.00861869316637644,0.739044290525945,0.005690165723441259,435.6666666666667,29.938826518975876,0.0,0.0,0.0,0.0,0.0,0.0,435.6666666666667,29.938826518975876,195.33333333333334,32.86842456421258,0.7272995987175485,0.011524728860418462,0.5360778396433369,0.04963495332590189
diagnosis_donors,matched_nearest,cmapss:FD001,diagnosis,relational_max | full | gmm_fitted,,,,,,,,,,,,,,,,,,,,,,,,,,,,,,,3,"[11, 12, 13]",matched_nearest,,,,,,,,,,,,,,,,,,,,,,,,,,,,,,,,,,,,,,,,,,,,,,,,,,,,,,,,,,,,,0.10000000000000002,1.6996749443881478e-17,10.0,0.0,32.74630181432422,13.579944117795115,675.8281855521113,80.15380241625455,0.02744336223587503,0.022373534859996297,0.5167094919964217,0.07585492221480382,0.845509791838392,0.0075948472304862135,0.8815553180212173,0.003846870496166954,0.5056326473763092,0.04925816557674202,0.8853147196486413,0.01194964163351963,0.9982657393889752,0.0018530021611069059,0.998925930096826,0.0011765927563738175,0.8669975165802367,0.0228026861198277,0.7073166913065947,0.020666437148554068,435.6666666666667,29.938826518975876,0.0,0.0,0.0,0.0,0.0,0.0,435.6666666666667,29.938826518975876,210.66666666666666,36.2537354397217,0.7066852870795474,0.027344369292805044,0.48083340723993073,0.0629207149073792
diagnosis_donors,matched_nearest,cmapss:FD001,diagnosis,query random1:1 | circuit,,,,,,,,,,,,,,,,,,,,,,,,,,,,,,,3,"[11, 12, 13]",matched_nearest,,,,,,,,,,,,,,,,,,,2.4159749348958332e-05,1.1012082465927615e-06,1.0239703403337141,0.0756872430930991,0.5228754983339362,0.06090887936944529,871.3333333333334,59.87765303795175,14.0,0.0,14.0,0.0,14.0,0.0,6.0,0.0,50324.0,0.0,240.0,0.0,2.0,0.0,1.013323,0.06951965043784379,21924489.333333332,1506641.505740942,209120.0,14370.636729108423,13070.0,898.1647955692764,245760.0,0.0,6.305557727813721,1.8751458743054532,6.317993640899658,1.886290874302974,1.6817729274431865,0.7831979409436192,2.547703981399536,0.4016404289866805,8.229477723439535,2.402400977012175,,,,,,,,,,,,,,,,,,,,,,,,,,,,,,,,,,,,,,,,,,,,
diagnosis_donors,matched_nearest,cmapss:FD001,diagnosis,joint | random1:1 | circuit,,,,,,,,,,,,,,,,,,,,,,,,,,,,,,,3,"[11, 12, 13]",matched_nearest,,,,,,,,,,,,,,,,,,,,,,,,,,,,,,,,,,,,,,,,,,,,,,,,,,,,,,,,,,,,,0.10000000000000002,1.6996749443881478e-17,10.0,0.0,42.928086598714195,23.77366265203791,1056.5423177083333,130.22347733700127,0.07947291839537235,0.027908119601869393,0.5513991430074437,0.07795110932675905,0.7942340151979962,0.02683965404573828,0.8440208170878568,0.022758436811911517,0.5314485092647042,0.0405373781520828,0.5538002029733403,0.04360927279630078,0.9892526278705182,0.004163256740242993,0.9922859131432946,0.006348892696712551,0.9191876935998508,0.016766185782481572,0.6887386652216501,0.023445798504216016,427.6666666666667,24.583192089989723,8.0,5.5677643628300215,0.0,0.0,0.0,0.0,427.6666666666667,24.583192089989723,189.0,42.720018726587654,0.6537046841770078,0.022871530245723772,0.5143466272066182,0.06688981511158996
diagnosis_donors,matched_nearest,cmapss:FD001,diagnosis,independent | random1:1 | circuit,,,,,,,,,,,,,,,,,,,,,,,,,,,,,,,3,"[11, 12, 13]",matched_nearest,,,,,,,,,,,,,,,,,,,,,,,,,,,,,,,,,,,,,,,,,,,,,,,,,,,,,,,,,,,,,0.10000000000000002,1.6996749443881478e-17,10.0,0.0,50.589342753092446,21.862377767454586,1049.4418334960938,136.8390369087816,0.07715727283440509,0.02974691749636056,0.5381064441288397,0.07433674117493116,0.7823011491434845,0.02394672363204826,0.8362877709415676,0.0217614688534775,0.5292640674604784,0.03512410203492434,0.5021678803627871,0.027676903672360944,0.9848101218110211,0.005025849187641633,0.988757744558364,0.009562688389720663,0.9183140090076197,0.014744691456289616,0.6578364100059817,0.021289371818496692,427.6666666666667,24.583192089989723,8.0,5.5677643628300215,0.0,0.0,0.0,0.0,427.6666666666667,24.583192089989723,194.66666666666666,41.06498914322678,0.6171053657655661,0.02010670430698333,0.5034635668822309,0.06296272509744553
diagnosis_donors,matched_nearest,cmapss:FD001,diagnosis,marginal_max | random1:1 | circuit,,,,,,,,,,,,,,,,,,,,,,,,,,,,,,,3,"[11, 12, 13]",matched_nearest,,,,,,,,,,,,,,,,,,,,,,,,,,,,,,,,,,,,,,,,,,,,,,,,,,,,,,,,,,,,,0.10000000000000002,1.6996749443881478e-17,10.0,0.0,28.323476791381836,2.47367057817747,541.0442199707031,106.56478804979933,0.06984060068042665,0.06430892544815717,0.5904958950453422,0.0723933682641837,0.787880987798972,0.02559858706959891,0.8495765003701242,0.01764771496716765,0.5226528240150446,0.028817369071765863,0.5047749545013689,0.04582515709606321,0.9955441047281388,0.0008323608784570135,0.9943355513279323,0.006924337063441259,0.9382106217067591,0.015826504337647547,0.6578364100059817,0.021289371818496692,427.6666666666667,24.583192089989723,8.0,5.5677643628300215,0.0,0.0,0.0,0.0,427.6666666666667,24.583192089989723,171.33333333333334,37.634204300520736,0.6171053657655661,0.02010670430698333,0.559946268891235,0.03913267378073876
diagnosis_donors,matched_nearest,cmapss:FD001,diagnosis,conditional_max | random1:1 | circuit,,,,,,,,,,,,,,,,,,,,,,,,,,,,,,,3,"[11, 12, 13]",matched_nearest,,,,,,,,,,,,,,,,,,,,,,,,,,,,,,,,,,,,,,,,,,,,,,,,,,,,,,,,,,,,,0.10000000000000002,1.6996749443881478e-17,10.0,0.0,27.66791280110677,2.371228185466592,541.4386189778646,106.93636112893424,0.06751090274175252,0.055404758043418344,0.5973221918631468,0.07047836357280315,0.8026076424013864,0.02434303788648079,0.8591336221496763,0.0171232689477271,0.5193323081661476,0.03725629050650668,0.5756881329763043,0.041279280336312035,0.9990747389215339,0.0002728205988021043,0.9966946061221337,0.004242848815008388,0.9407183959082319,0.014884761319208096,0.6887386652216501,0.023445798504216016,427.6666666666667,24.583192089989723,8.0,5.5677643628300215,0.0,0.0,0.0,0.0,427.6666666666667,24.583192089989723,168.33333333333334,36.637867477970566,0.6537046841770078,0.022871530245723772,0.5699187999350431,0.04348149032022439
diagnosis_donors,matched_nearest,cmapss:FD001,diagnosis,relational_max | random1:1 | circuit,,,,,,,,,,,,,,,,,,,,,,,,,,,,,,,3,"[11, 12, 13]",matched_nearest,,,,,,,,,,,,,,,,,,,,,,,,,,,,,,,,,,,,,,,,,,,,,,,,,,,,,,,,,,,,,0.10000000000000002,1.6996749443881478e-17,10.0,0.0,3.3600136439005532,0.8443834480864945,12.432607014973959,0.9522377071755258,0.005461879786970813,0.005532634578577146,0.2907647530729958,0.0713298783341487,0.7120285886641579,0.009387382762850087,0.7734959476956093,0.01183452681404391,0.5190616470868161,0.020197602607928418,0.7574771694733805,0.028492493354944755,0.8916609138012714,0.011952551949627088,0.8771215729524365,0.00801465282643694,0.5305254992530609,0.031533981041760015,0.4687014808436001,0.023029817707704098,427.6666666666667,24.583192089989723,8.0,5.5677643628300215,0.0,0.0,133.33333333333334,33.12602199681292,294.3333333333333,13.650396819628845,168.0,41.58124577258358,0.6511122115324152,0.04755812821808218,0.27915914945452885,0.07166643898933883
diagnosis_donors,matched_nearest,cmapss:FD001,diagnosis,query random1:1 | gaussian_fitted,,,,,,,,,,,,,,,,,,,,,,,,,,,,,,,3,"[11, 12, 13]",matched_nearest,,,,,,,,,,,,,,,,,,,0.0,0.0,0.7140715349996754,0.11808013131441472,0.006626574333495228,0.0003452513192088549,871.3333333333334,59.87765303795175,14.0,0.0,14.0,0.0,14.0,0.0,58.0,0.0,8400.0,0.0,0.0,0.0,1.0,0.0,0.0,0.0,3659600.0,251486.1427593974,0.0,0.0,13070.0,898.1647955692764,17814720.0,0.0,13.939547798138136,2.306695945375461,13.943975179174556,2.307727948465571,5.925116209400592,0.5478160099897231,5.136084030252412,1.7798659940417174,24.852107458445868,2.884985713151225,,,,,,,,,,,,,,,,,,,,,,,,,,,,,,,,,,,,,,,,,,,,
diagnosis_donors,matched_nearest,cmapss:FD001,diagnosis,joint | random1:1 | gaussian_fitted,,,,,,,,,,,,,,,,,,,,,,,,,,,,,,,3,"[11, 12, 13]",matched_nearest,,,,,,,,,,,,,,,,,,,,,,,,,,,,,,,,,,,,,,,,,,,,,,,,,,,,,,,,,,,,,0.10000000000000002,1.6996749443881478e-17,10.0,0.0,179.0459928826108,12.519363620321528,1046.2119544770408,117.05226958236464,0.05952639842418985,0.023590607471778022,0.6333265703734571,0.04612761541548299,0.8446299451952339,0.019037584089664782,0.8859677122802396,0.014571850346344044,0.5203983166220482,0.05136288458638739,0.7856623741731287,0.03041232573042488,0.9985584443984994,0.0010956107505308498,0.9997870948945763,0.0001690865207811983,0.943510646023659,0.015998987046293295,0.7538911622815273,0.011561302227504195,427.6666666666667,24.583192089989723,8.0,5.5677643628300215,0.0,0.0,0.0,0.0,427.6666666666667,24.583192089989723,153.0,26.962937525425527,0.7378436587433024,0.02113383532748446,0.6033556834983373,0.044571480478584356
diagnosis_donors,matched_nearest,cmapss:FD001,diagnosis,independent | random1:1 | gaussian_fitted,,,,,,,,,,,,,,,,,,,,,,,,,,,,,,,3,"[11, 12, 13]",matched_nearest,,,,,,,,,,,,,,,,,,,,,,,,,,,,,,,,,,,,,,,,,,,,,,,,,,,,,,,,,,,,,0.10000000000000002,1.6996749443881478e-17,10.0,0.0,194.04228352512578,16.664521103864274,397.47420334818474,33.80418441139506,0.05488178386633152,0.01733182831692214,0.504694587566764,0.06127448799926762,0.7748884850674506,0.023554869112661202,0.8300710795505818,0.020497042862855107,0.5266792905642378,0.04062812207045793,0.4811737161719285,0.03074131586607322,0.9781698343240924,0.007154905114063948,0.9636221838116078,0.011395385693592502,0.9346933563892899,0.011616569693200601,0.6791923238432638,0.012309394153674488,427.6666666666667,24.583192089989723,8.0,5.5677643628300215,0.0,0.0,0.0,0.0,427.6666666666667,24.583192089989723,209.0,36.864617182333525,0.6184638571318146,0.011886583181663525,0.4739204878402386,0.05911062864012631
diagnosis_donors,matched_nearest,cmapss:FD001,diagnosis,marginal_max | random1:1 | gaussian_fitted,,,,,,,,,,,,,,,,,,,,,,,,,,,,,,,3,"[11, 12, 13]",matched_nearest,,,,,,,,,,,,,,,,,,,,,,,,,,,,,,,,,,,,,,,,,,,,,,,,,,,,,,,,,,,,,0.10000000000000002,1.6996749443881478e-17,10.0,0.0,52.42989189452059,5.537974066128937,239.50589276158234,12.354470437004546,0.02423759776425456,0.022527446782545688,0.36003135259602487,0.0389537095886893,0.7678638976624446,0.02160982118221617,0.8168876267428312,0.029443741855717614,0.5030716959171878,0.047967754132725145,0.47256881909091675,0.02270631697436187,0.9753299503627638,0.01384887770736366,0.943993675351637,0.02780945632657763,0.9563010574830563,0.01941507961523823,0.6791923238432638,0.012309394153674488,427.6666666666667,24.583192089989723,8.0,5.5677643628300215,0.0,0.0,0.0,0.0,427.6666666666667,24.583192089989723,271.3333333333333,27.501515109777742,0.6184638571318146,0.011886583181663525,0.34749059766341756,0.050318742087482105
diagnosis_donors,matched_nearest,cmapss:FD001,diagnosis,conditional_max | random1:1 | gaussian_fitted,,,,,,,,,,,,,,,,,,,,,,,,,,,,,,,3,"[11, 12, 13]",matched_nearest,,,,,,,,,,,,,,,,,,,,,,,,,,,,,,,,,,,,,,,,,,,,,,,,,,,,,,,,,,,,,0.10000000000000002,1.6996749443881478e-17,10.0,0.0,54.044674947300415,5.159703757749196,508.7273396520788,45.936130712499015,0.023689717020750137,0.018866958154796845,0.551953381743167,0.026523142615990723,0.8461793539577639,0.0159690615563621,0.8867952044105682,0.013557728114719317,0.5035994548259102,0.05298807762080075,0.7969752092921997,0.017972469974292367,0.997673691939072,0.0024632688190350427,0.9987531737885389,0.0015342731133377316,0.9597923141019412,0.01925405106345595,0.7538911622815273,0.011561302227504195,427.6666666666667,24.583192089989723,8.0,5.5677643628300215,0.0,0.0,0.0,0.0,427.6666666666667,24.583192089989723,187.66666666666666,19.857828011475306,0.7378436587433024,0.02113383532748446,0.5415402863850277,0.030548967899271407
diagnosis_donors,matched_nearest,cmapss:FD001,diagnosis,relational_max | random1:1 | gaussian_fitted,,,,,,,,,,,,,,,,,,,,,,,,,,,,,,,3,"[11, 12, 13]",matched_nearest,,,,,,,,,,,,,,,,,,,,,,,,,,,,,,,,,,,,,,,,,,,,,,,,,,,,,,,,,,,,,0.10000000000000002,1.6996749443881478e-17,10.0,0.0,3.6968609540898214,0.40818523663034156,492.5346711728905,6.7404256294742195,0.0987423324436194,0.048826461186526185,0.7121197910528876,0.03342143534999533,0.846657885297473,0.0019056724751263735,0.8932492739529708,0.002077124836906227,0.4729132791206394,0.01649276321223816,0.9304759532357663,0.014749419433673848,0.9996005543327627,0.0006918601905182557,1.0,0.0,0.861903239118864,0.019239665029320674,0.7144124156055861,0.015648898281688133,427.6666666666667,24.583192089989723,8.0,5.5677643628300215,0.0,0.0,0.0,0.0,427.6666666666667,24.583192089989723,119.0,15.716233645501712,0.7061037028372389,0.008817368742236398,0.6482973742302071,0.020020385846638622
diagnosis_donors,matched_nearest,cmapss:FD001,diagnosis,query random1:1 | gmm_fitted,,,,,,,,,,,,,,,,,,,,,,,,,,,,,,,3,"[11, 12, 13]",matched_nearest,,,,,,,,,,,,,,,,,,,0.0,0.0,1.8300638596653396,0.6372039595376908,0.01554527133339434,0.005548067173615363,871.3333333333334,59.87765303795175,14.0,0.0,14.0,0.0,14.0,0.0,58.0,0.0,8400.0,0.0,0.0,0.0,1.0,0.0,0.0,0.0,3659600.0,251486.1427593974,0.0,0.0,13070.0,898.1647955692764,47506880.0,20571082.467269436,7.024153420996292,3.754806464008281,10.510274102117458,0.9001108115466389,10.465601714427997,2.4786333519060544,-14.3838756646086,15.184632686398738,20.23878462041382,4.383611653680171,,,,,,,,,,,,,,,,,,,,,,,,,,,,,,,,,,,,,,,,,,,,
diagnosis_donors,matched_nearest,cmapss:FD001,diagnosis,joint | random1:1 | gmm_fitted,,,,,,,,,,,,,,,,,,,,,,,,,,,,,,,3,"[11, 12, 13]",matched_nearest,,,,,,,,,,,,,,,,,,,,,,,,,,,,,,,,,,,,,,,,,,,,,,,,,,,,,,,,,,,,,0.10000000000000002,1.6996749443881478e-17,10.0,0.0,185.65623730378545,4.711531208247713,1328.120673699155,92.34764493003969,0.0698469586726456,0.019796922602079683,0.5099918075042936,0.04935770260179487,0.8255445044024049,0.014097183232138976,0.861511836000882,0.010774371875715753,0.5185931793856454,0.047068966823947934,0.7388649998359699,0.019672863254451372,0.9898186034287179,0.0034541572138561487,0.9949011510046644,0.001436712342297283,0.9064690885880848,0.029462957596799524,0.7457009388942892,0.007259915154260445,427.6666666666667,24.583192089989723,8.0,5.5677643628300215,0.0,0.0,0.0,0.0,427.6666666666667,24.583192089989723,206.33333333333334,29.091808698211484,0.7258814169982605,0.010394151884851934,0.4760981204236123,0.030746575775329445
diagnosis_donors,matched_nearest,cmapss:FD001,diagnosis,independent | random1:1 | gmm_fitted,,,,,,,,,,,,,,,,,,,,,,,,,,,,,,,3,"[11, 12, 13]",matched_nearest,,,,,,,,,,,,,,,,,,,,,,,,,,,,,,,,,,,,,,,,,,,,,,,,,,,,,,,,,,,,,0.10000000000000002,1.6996749443881478e-17,10.0,0.0,172.99721540383885,18.550856729168398,458.6469628544689,61.9677233334017,0.06441172575752238,0.009926319788811134,0.4065127303607898,0.058702204576435275,0.757623985317517,0.020856492146911165,0.8037219005560111,0.02082551116793013,0.5231673086819867,0.03921680909998816,0.4784243091986036,0.03484540881687192,0.9557522242156514,0.008734919704641126,0.9403118774412719,0.014391610470071568,0.9001923411429527,0.028945057998977824,0.6789715907590222,0.007116651287204869,427.6666666666667,24.583192089989723,8.0,5.5677643628300215,0.0,0.0,0.0,0.0,427.6666666666667,24.583192089989723,252.0,39.35733730830886,0.6212980691288403,0.002703712593988787,0.3797680183272163,0.056228019892047135
diagnosis_donors,matched_nearest,cmapss:FD001,diagnosis,marginal_max | random1:1 | gmm_fitted,,,,,,,,,,,,,,,,,,,,,,,,,,,,,,,3,"[11, 12, 13]",matched_nearest,,,,,,,,,,,,,,,,,,,,,,,,,,,,,,,,,,,,,,,,,,,,,,,,,,,,,,,,,,,,,0.10000000000000002,1.6996749443881478e-17,10.0,0.0,36.34149232018932,2.341241413528671,267.6973612637814,7.344821218224371,0.029846764288170125,0.01656365274770624,0.5332148802935853,0.03255036985411285,0.7783823244327355,0.02315403400386551,0.8394616704792103,0.019922990051163384,0.5060171238434288,0.042529471195684114,0.47432304996330005,0.022273628732291356,0.9921096345119605,0.003974761745043174,0.9681072493778098,0.01844524541935981,0.9645337055566485,0.005563140795181373,0.6789715907590222,0.007116651287204869,427.6666666666667,24.583192089989723,8.0,5.5677643628300215,0.0,0.0,0.0,0.0,427.6666666666667,24.583192089989723,196.0,23.430749027719962,0.6212980691288403,0.002703712593988787,0.5203921463812292,0.036098486298723274
diagnosis_donors,matched_nearest,cmapss:FD001,diagnosis,conditional_max | random1:1 | gmm_fitted,,,,,,,,,,,,,,,,,,,,,,,,,,,,,,,3,"[11, 12, 13]",matched_nearest,,,,,,,,,,,,,,,,,,,,,,,,,,,,,,,,,,,,,,,,,,,,,,,,,,,,,,,,,,,,,0.10000000000000002,1.6996749443881478e-17,10.0,0.0,57.36877802219929,7.380852149726104,672.9265997824402,64.45025359175733,0.03540611979024295,0.018828380114099555,0.5683510486435002,0.058588101316256413,0.8455110161615477,0.012247588168461145,0.8863034765103907,0.008413018235401538,0.5017163686092916,0.049017713818750266,0.7906152035619876,0.0063119738020853645,0.9996551591174918,0.0001691389975238536,0.9997473068044037,9.390636856750629e-05,0.9610618141040321,0.014221854397848373,0.7457009388942892,0.007259915154260445,427.6666666666667,24.583192089989723,8.0,5.5677643628300215,0.0,0.0,0.0,0.0,427.6666666666667,24.583192089989723,180.33333333333334,29.022979401386987,0.7258814169982605,0.010394151884851934,0.5512428659885078,0.04504913817362886
diagnosis_donors,matched_nearest,cmapss:FD001,diagnosis,relational_max | random1:1 | gmm_fitted,,,,,,,,,,,,,,,,,,,,,,,,,,,,,,,3,"[11, 12, 13]",matched_nearest,,,,,,,,,,,,,,,,,,,,,,,,,,,,,,,,,,,,,,,,,,,,,,,,,,,,,,,,,,,,,0.10000000000000002,1.6996749443881478e-17,10.0,0.0,26.642004204415517,15.526544406689682,639.9522770392265,58.991783066394554,0.0359574832555998,0.03468321087672429,0.5471349955635793,0.09780597114281764,0.8430581329718295,0.006688246615317092,0.8818690381130171,0.003994180351860254,0.4954096779392727,0.04242922607902024,0.8837158099259268,0.009464534914228372,0.9984096382141425,0.0018993471645363795,0.9988894913184304,0.0012893994650062445,0.8674477354372109,0.021469473640649186,0.7129945006384308,0.020820719038522124,427.6666666666667,24.583192089989723,8.0,5.5677643628300215,0.0,0.0,0.0,0.0,427.6666666666667,24.583192089989723,189.33333333333334,43.4664621672081,0.7100943374930484,0.02313438539422652,0.5074708028443308,0.08183665702458615
diagnosis_donors,matched_nearest,cmapss:FD001,diagnosis,query random3:5-8-14 | circuit,,,,,,,,,,,,,,,,,,,,,,,,,,,,,,,3,"[11, 12, 13]",matched_nearest,,,,,,,,,,,,,,,,,,,2.4159749348958332e-05,5.827046324355875e-06,1.1056670903320385,0.21010061599709454,0.6010015083326531,0.19274598651393568,871.3333333333334,59.87765303795175,12.0,0.0,12.0,0.0,12.0,0.0,6.0,0.0,50324.0,0.0,240.0,0.0,2.0,0.0,1.0932176666666666,0.20479408288652612,21924489.333333332,1506641.505740942,209120.0,14370.636729108423,13070.0,898.1647955692764,245760.0,0.0,4.788600524266561,1.1826569285175723,4.830991824467977,1.2478028747539291,1.3757051924864452,0.8587350695489122,1.9478215376536052,1.1465667908930697,6.546478112538655,1.6097600114462254,,,,,,,,,,,,,,,,,,,,,,,,,,,,,,,,,,,,,,,,,,,,
diagnosis_donors,matched_nearest,cmapss:FD001,diagnosis,joint | random3:5-8-14 | circuit,,,,,,,,,,,,,,,,,,,,,,,,,,,,,,,3,"[11, 12, 13]",matched_nearest,,,,,,,,,,,,,,,,,,,,,,,,,,,,,,,,,,,,,,,,,,,,,,,,,,,,,,,,,,,,,0.10000000000000002,1.6996749443881478e-17,10.0,0.0,18.00665028889974,7.173205239975588,899.8917439778646,120.6475913738476,0.10517819994306155,0.06613791832960506,0.5527399504238594,0.06233375755519326,0.7783199294608697,0.02436513542534943,0.8305611261970305,0.019131860736756812,0.5305772502118323,0.0559070942263981,0.5365741163169307,0.03501424860928597,0.9889921461402201,0.0010776126908834816,0.9805913057483412,0.011359322493937138,0.8692595025189757,0.030617215100905395,0.6977163609234885,0.022586505406638428,397.3333333333333,32.516662395352526,38.333333333333336,4.041451884327381,0.0,0.0,0.0,0.0,397.3333333333333,32.516662395352526,161.33333333333334,25.890796305508516,0.6489047008853127,0.01921779279665309,0.49610777485256136,0.03929307855425003
diagnosis_donors,matched_nearest,cmapss:FD001,diagnosis,independent | random3:5-8-14 | circuit,,,,,,,,,,,,,,,,,,,,,,,,,,,,,,,3,"[11, 12, 13]",matched_nearest,,,,,,,,,,,,,,,,,,,,,,,,,,,,,,,,,,,,,,,,,,,,,,,,,,,,,,,,,,,,,0.10000000000000002,1.6996749443881478e-17,10.0,0.0,23.82385317484538,5.787684375680659,895.7429402669271,108.83072210754402,0.10438831052757973,0.06552884196419492,0.5440785426671899,0.060520773357271976,0.7689206179897784,0.02337366589299093,0.8239887252091106,0.018532006518024877,0.5280969779481363,0.04979710145223971,0.4990805930696955,0.02778797004333359,0.9862189053761079,0.0006265775268707417,0.9745346256319674,0.01248693389216457,0.8691565771844284,0.027561921458451318,0.6734429640442312,0.020477617906491753,397.3333333333333,32.516662395352526,38.333333333333336,4.041451884327381,0.0,0.0,0.0,0.0,397.3333333333333,32.516662395352526,165.0,23.643180835073778,0.6257411873323623,0.016055720068231704,0.4837929513759384,0.040160776213285454
diagnosis_donors,matched_nearest,cmapss:FD001,diagnosis,marginal_max | random3:5-8-14 | circuit,,,,,,,,,,,,,,,,,,,,,,,,,,,,,,,3,"[11, 12, 13]",matched_nearest,,,,,,,,,,,,,,,,,,,,,,,,,,,,,,,,,,,,,,,,,,,,,,,,,,,,,,,,,,,,,0.10000000000000002,1.6996749443881478e-17,10.0,0.0,28.29757817586263,2.245004494547275,534.803700764974,114.39024534880362,0.07031979890926011,0.04832707520457145,0.5521484546636684,0.008647778219420078,0.7720248612432757,0.022136267894239572,0.8345721573546087,0.013929658892664919,0.5234310029827322,0.04454890668812308,0.5072180030892145,0.03125980827744006,0.9926796472814505,0.001958650817864436,0.9790502444580692,0.0036548158686308964,0.8722904958215231,0.025158738205215705,0.6734429640442312,0.020477617906491753,397.3333333333333,32.516662395352526,38.333333333333336,4.041451884327381,0.0,0.0,0.0,0.0,397.3333333333333,32.516662395352526,159.33333333333334,13.650396819628847,0.6257411873323623,0.016055720068231704,0.5237208590335932,0.012883428067743034
diagnosis_donors,matched_nearest,cmapss:FD001,diagnosis,conditional_max | random3:5-8-14 | circuit,,,,,,,,,,,,,,,,,,,,,,,,,,,,,,,3,"[11, 12, 13]",matched_nearest,,,,,,,,,,,,,,,,,,,,,,,,,,,,,,,,,,,,,,,,,,,,,,,,,,,,,,,,,,,,,0.10000000000000002,1.6996749443881478e-17,10.0,0.0,27.699357350667317,1.886869085433845,534.2493184407552,114.96898174189761,0.068393448757215,0.04595715193445291,0.5642079460323902,0.013534119507179844,0.7818787417638956,0.02319271717572352,0.8413144104717757,0.013738339914658311,0.5225864740195015,0.05090878145684304,0.5523921327940259,0.040409353042647714,0.9944436797756971,0.0020261680425073254,0.9859326739216386,0.00414209968603365,0.8711704777436586,0.02894802588041061,0.6977163609234885,0.022586505406638428,397.3333333333333,32.516662395352526,38.333333333333336,4.041451884327381,0.0,0.0,0.0,0.0,397.3333333333333,32.516662395352526,154.0,11.0,0.6489047008853127,0.01921779279665309,0.5370914736894538,0.009873548245778994
diagnosis_donors,matched_nearest,cmapss:FD001,diagnosis,relational_max | random3:5-8-14 | circuit,,,,,,,,,,,,,,,,,,,,,,,,,,,,,,,3,"[11, 12, 13]",matched_nearest,,,,,,,,,,,,,,,,,,,,,,,,,,,,,,,,,,,,,,,,,,,,,,,,,,,,,,,,,,,,,0.10000000000000002,1.6996749443881478e-17,10.0,0.0,3.0348889032999673,1.1654873005710529,11.004048665364584,1.324222114434699,0.02134033765393327,0.03489654553678406,0.24264467368313627,0.0781840674678571,0.6723523879738488,0.004935013597142489,0.7339707617008197,0.0017736186847357625,0.49551074918093224,0.020630988406023714,0.7022303401205097,0.019231598120264887,0.8385156344843487,0.025344535993744678,0.8318994465705604,0.0147163590116905,0.5081049638502372,0.009715956989633323,0.48513881689590505,0.016573615336819305,397.3333333333333,32.516662395352526,38.333333333333336,4.041451884327381,0.0,0.0,145.33333333333334,41.63331998932265,252.0,9.16515138991168,147.0,34.17601498127012,0.6575429700340223,0.06402088904159768,0.2224176326157711,0.06779116855331337
diagnosis_donors,matched_nearest,cmapss:FD001,diagnosis,query random3:5-8-14 | gaussian_fitted,,,,,,,,,,,,,,,,,,,,,,,,,,,,,,,3,"[11, 12, 13]",matched_nearest,,,,,,,,,,,,,,,,,,,0.0,0.0,0.43884698500066105,0.07125451325534687,0.00512915666574069,8.470330566629637e-05,871.3333333333334,59.87765303795175,12.0,0.0,12.0,0.0,12.0,0.0,50.0,0.0,6240.0,0.0,0.0,0.0,1.0,0.0,0.0,0.0,2718560.0,186818.2774784095,0.0,0.0,13070.0,898.1647955692764,22944960.0,0.0,11.613218632553108,1.6059549139211517,11.613218632553108,1.6059549139211517,4.723523561954456,0.05527402662541235,4.363674528726219,1.0920915123459076,19.945218066779248,1.267972619036095,,,,,,,,,,,,,,,,,,,,,,,,,,,,,,,,,,,,,,,,,,,,
diagnosis_donors,matched_nearest,cmapss:FD001,diagnosis,joint | random3:5-8-14 | gaussian_fitted,,,,,,,,,,,,,,,,,,,,,,,,,,,,,,,3,"[11, 12, 13]",matched_nearest,,,,,,,,,,,,,,,,,,,,,,,,,,,,,,,,,,,,,,,,,,,,,,,,,,,,,,,,,,,,,0.10000000000000002,1.6996749443881478e-17,10.0,0.0,172.77451227533413,7.284568508352612,795.4958108183906,55.89769822427052,0.029927433845495927,0.014785507225543903,0.5398911365943758,0.019132962874598553,0.8205942767200808,0.01638227001347222,0.8650041956046981,0.012029325481497715,0.5272330236875088,0.054537892963416275,0.7251534468528377,0.03262425192769692,0.9969280407468939,0.0014290759870738718,0.9918188729336846,0.011157169248859298,0.884064595694768,0.036007634658216624,0.7581909732622067,0.011206108398590904,397.3333333333333,32.516662395352526,38.333333333333336,4.041451884327381,0.0,0.0,0.0,0.0,397.3333333333333,32.516662395352526,164.66666666666666,23.692474191889147,0.7420522167304718,0.019461192740097874,0.515516092807248,0.0137243687309559
diagnosis_donors,matched_nearest,cmapss:FD001,diagnosis,independent | random3:5-8-14 | gaussian_fitted,,,,,,,,,,,,,,,,,,,,,,,,,,,,,,,3,"[11, 12, 13]",matched_nearest,,,,,,,,,,,,,,,,,,,,,,,,,,,,,,,,,,,,,,,,,,,,,,,,,,,,,,,,,,,,,0.10000000000000002,1.6996749443881478e-17,10.0,0.0,179.28352437581302,16.179833489175135,386.91200531855475,40.446530096853735,0.04846867554922726,0.022170591593521104,0.450375303776364,0.06917790221235788,0.7589255868854137,0.024004516532069264,0.8125826608583568,0.020415107137463383,0.5294169356788863,0.052195803003164315,0.47654157689868537,0.026605230087265386,0.9730081485869717,0.005344901771470699,0.9428468572772238,0.018224362198227574,0.8831004338619914,0.03076196535171285,0.7011934160390352,0.014105473053682512,397.3333333333333,32.516662395352526,38.333333333333336,4.041451884327381,0.0,0.0,0.0,0.0,397.3333333333333,32.516662395352526,205.0,49.68903299521938,0.6344477341886668,0.02211080344715866,0.42037777002939664,0.0681081291449439
diagnosis_donors,matched_nearest,cmapss:FD001,diagnosis,marginal_max | random3:5-8-14 | gaussian_fitted,,,,,,,,,,,,,,,,,,,,,,,,,,,,,,,3,"[11, 12, 13]",matched_nearest,,,,,,,,,,,,,,,,,,,,,,,,,,,,,,,,,,,,,,,,,,,,,,,,,,,,,,,,,,,,,0.10000000000000002,1.6996749443881478e-17,10.0,0.0,52.42989189452059,5.537974066128937,238.57289870604222,12.42232973260838,0.02423759776425456,0.022527446782545688,0.305377525023964,0.03186306751331695,0.7575660984394758,0.02038359354505564,0.8030156332477704,0.029828020056881784,0.5154680936652402,0.05507793456440298,0.4704859365278879,0.004284319172308125,0.9685289472963747,0.012671913683471283,0.931511566358194,0.036792744763923815,0.9115935970853902,0.029768968906941792,0.7011934160390352,0.014105473053682512,397.3333333333333,32.516662395352526,38.333333333333336,4.041451884327381,0.0,0.0,0.0,0.0,397.3333333333333,32.516662395352526,266.3333333333333,36.0185137579736,0.6344477341886668,0.02211080344715866,0.29053444796631317,0.04283811016218075
diagnosis_donors,matched_nearest,cmapss:FD001,diagnosis,conditional_max | random3:5-8-14 | gaussian_fitted,,,,,,,,,,,,,,,,,,,,,,,,,,,,,,,3,"[11, 12, 13]",matched_nearest,,,,,,,,,,,,,,,,,,,,,,,,,,,,,,,,,,,,,,,,,,,,,,,,,,,,,,,,,,,,,0.10000000000000002,1.6996749443881478e-17,10.0,0.0,53.09253602246241,3.7550270644907844,465.987611407003,40.11786497888866,0.02596539227394604,0.021547278088290628,0.5069494069856111,0.01878720852949528,0.8252397228244664,0.013408391766873768,0.8679386648323583,0.011149650350329167,0.5174922819561542,0.06127969259343305,0.7319790096312415,0.013086075971228489,0.99351168471212,0.0016238951899102863,0.995329684415534,0.002885650459190463,0.9089307760598132,0.031321898490864156,0.7581909732622067,0.011206108398590904,397.3333333333333,32.516662395352526,38.333333333333336,4.041451884327381,0.0,0.0,0.0,0.0,397.3333333333333,32.516662395352526,178.66666666666666,23.692474191889147,0.7420522167304718,0.019461192740097874,0.49043255810374703,0.018701593036924976
diagnosis_donors,matched_nearest,cmapss:FD001,diagnosis,relational_max | random3:5-8-14 | gaussian_fitted,,,,,,,,,,,,,,,,,,,,,,,,,,,,,,,3,"[11, 12, 13]",matched_nearest,,,,,,,,,,,,,,,,,,,,,,,,,,,,,,,,,,,,,,,,,,,,,,,,,,,,,,,,,,,,,0.10000000000000002,1.6996749443881478e-17,10.0,0.0,3.2843662519365133,0.7939498978493058,432.3461365644893,66.7920289203488,0.09213589256694014,0.06030975281363698,0.6585043815475679,0.039823498073722804,0.8200332107470786,0.0038949468395825157,0.8740948914817442,0.001888363639144938,0.47914741271409467,0.02284636436489323,0.8673474131960405,0.02499267010290906,0.9972485606437043,0.004506189932748894,0.9958691910499139,0.007154770977909323,0.790355895127505,0.031561349887852606,0.7102629982672642,0.02089537268098616,397.3333333333333,32.516662395352526,38.333333333333336,4.041451884327381,0.0,0.0,0.0,0.0,397.3333333333333,32.516662395352526,113.33333333333333,3.055050463303893,0.6899303317070323,0.028880541431983972,0.5742478231976003,0.007657019069234023
diagnosis_donors,matched_nearest,cmapss:FD001,diagnosis,query random3:5-8-14 | gmm_fitted,,,,,,,,,,,,,,,,,,,,,,,,,,,,,,,3,"[11, 12, 13]",matched_nearest,,,,,,,,,,,,,,,,,,,0.0,0.0,1.0964711296680132,0.4113362465628423,0.011798331333314612,0.004060895934893589,871.3333333333334,59.87765303795175,12.0,0.0,12.0,0.0,12.0,0.0,50.0,0.0,6240.0,0.0,0.0,0.0,1.0,0.0,0.0,0.0,2718560.0,186818.2774784095,0.0,0.0,13070.0,898.1647955692764,61187797.333333336,26495093.4461402,6.6635303673337125,2.8530375097574834,9.042347734679039,1.024679122934092,8.093349212509152,1.8138721281284722,-9.664003118085827,8.680791970093045,16.681005540428007,2.358768854660028,,,,,,,,,,,,,,,,,,,,,,,,,,,,,,,,,,,,,,,,,,,,
diagnosis_donors,matched_nearest,cmapss:FD001,diagnosis,joint | random3:5-8-14 | gmm_fitted,,,,,,,,,,,,,,,,,,,,,,,,,,,,,,,3,"[11, 12, 13]",matched_nearest,,,,,,,,,,,,,,,,,,,,,,,,,,,,,,,,,,,,,,,,,,,,,,,,,,,,,,,,,,,,,0.10000000000000002,1.6996749443881478e-17,10.0,0.0,171.35693998624285,2.1289144867943386,1111.005982243278,157.0411396745406,0.05808985665359836,0.017979637573122653,0.4593638849033322,0.023047192238137955,0.8036405119407318,0.004510683501376427,0.8420497804200804,0.0038108354979885625,0.5235259908012792,0.045132617047557715,0.6881585029385219,0.01573861615451516,0.9820015908345301,0.008439299956713978,0.9841364442927995,0.010189114748413157,0.8591213357186405,0.045589076963284146,0.755871091432511,0.007726085544138672,397.3333333333333,32.516662395352526,38.333333333333336,4.041451884327381,0.0,0.0,0.0,0.0,397.3333333333333,32.516662395352526,200.66666666666666,24.00694344004112,0.742564249500569,0.016402257009608432,0.43178931314650554,0.013928243705425173
diagnosis_donors,matched_nearest,cmapss:FD001,diagnosis,independent | random3:5-8-14 | gmm_fitted,,,,,,,,,,,,,,,,,,,,,,,,,,,,,,,3,"[11, 12, 13]",matched_nearest,,,,,,,,,,,,,,,,,,,,,,,,,,,,,,,,,,,,,,,,,,,,,,,,,,,,,,,,,,,,,0.10000000000000002,1.6996749443881478e-17,10.0,0.0,162.84407165459388,17.096947626688472,443.81725801659076,72.8506087770402,0.04142499209300649,0.019198031839739893,0.3352719540053933,0.038703901788530067,0.7429048037171281,0.018279876911753666,0.7859194679396221,0.019225984306471183,0.5259577173701208,0.04806008122684698,0.4745759828753466,0.02711084008057769,0.9466637834448054,0.01596776778483551,0.9182058094946085,0.011207384302586965,0.8594924334835913,0.03809193999246414,0.7012457693861354,0.007246799859649581,397.3333333333333,32.516662395352526,38.333333333333336,4.041451884327381,0.0,0.0,0.0,0.0,397.3333333333333,32.516662395352526,254.0,40.7308237088326,0.6375504405338936,0.015554439536393143,0.3164261361266382,0.04391926558396001
diagnosis_donors,matched_nearest,cmapss:FD001,diagnosis,marginal_max | random3:5-8-14 | gmm_fitted,,,,,,,,,,,,,,,,,,,,,,,,,,,,,,,3,"[11, 12, 13]",matched_nearest,,,,,,,,,,,,,,,,,,,,,,,,,,,,,,,,,,,,,,,,,,,,,,,,,,,,,,,,,,,,,0.10000000000000002,1.6996749443881478e-17,10.0,0.0,36.34149232018932,2.341241413528671,266.74764892510365,7.506769574363992,0.029846764288170125,0.01656365274770624,0.49083517694859297,0.025411496352488305,0.7683612009663366,0.020889940844453177,0.8276947125085727,0.019274589528774932,0.5175238491821795,0.048181618033414815,0.47164895127598355,0.0040638710259156136,0.9879552331348189,0.00251905204745668,0.9556092902639944,0.030048425956394828,0.9199712473261118,0.019603915292368764,0.7012457693861354,0.007246799859649581,397.3333333333333,32.516662395352526,38.333333333333336,4.041451884327381,0.0,0.0,0.0,0.0,397.3333333333333,32.516662395352526,185.66666666666666,31.182259913824932,0.6375504405338936,0.015554439536393143,0.4742110116375556,0.030253133119987417
diagnosis_donors,matched_nearest,cmapss:FD001,diagnosis,conditional_max | random3:5-8-14 | gmm_fitted,,,,,,,,,,,,,,,,,,,,,,,,,,,,,,,3,"[11, 12, 13]",matched_nearest,,,,,,,,,,,,,,,,,,,,,,,,,,,,,,,,,,,,,,,,,,,,,,,,,,,,,,,,,,,,,0.10000000000000002,1.6996749443881478e-17,10.0,0.0,50.853265164678305,1.775661158221604,646.7507345343889,117.63225267689864,0.03128201016225839,0.011701303487166767,0.5514947153745565,0.03123045987959379,0.8242370117860799,0.0075592148702849325,0.8696387944424965,0.005406775970119288,0.5108466636087698,0.04717746909452154,0.7236207093754291,0.014836295534253368,0.9974396140315743,0.0032433150454402246,0.9980657025063141,0.0027897077054375692,0.9123633304051574,0.035439460493737675,0.755871091432511,0.007726085544138672,397.3333333333333,32.516662395352526,38.333333333333336,4.041451884327381,0.0,0.0,0.0,0.0,397.3333333333333,32.516662395352526,157.66666666666666,18.0092568789868,0.742564249500569,0.016402257009608432,0.5320842105945209,0.020776102215049035
diagnosis_donors,matched_nearest,cmapss:FD001,diagnosis,relational_max | random3:5-8-14 | gmm_fitted,,,,,,,,,,,,,,,,,,,,,,,,,,,,,,,3,"[11, 12, 13]",matched_nearest,,,,,,,,,,,,,,,,,,,,,,,,,,,,,,,,,,,,,,,,,,,,,,,,,,,,,,,,,,,,,0.10000000000000002,1.6996749443881478e-17,10.0,0.0,20.12649134689455,10.132424171604335,606.8554317893619,138.31526688169984,0.039785561526128714,0.031573057446722404,0.5172945892676282,0.06776930590653367,0.8175627376477381,0.0071803233481841505,0.8631086302811011,0.006920999151137488,0.49037681690462254,0.03233608531610474,0.8255651956512411,0.042852807595800416,0.9937971602275266,0.007790150906950956,0.9940132426944994,0.009566795706339415,0.8094131892012729,0.04083266639310221,0.7114167659143537,0.023059234609495226,397.3333333333333,32.516662395352526,38.333333333333336,4.041451884327381,0.0,0.0,0.0,0.0,397.3333333333333,32.516662395352526,172.0,26.851443164195103,0.7042672492697563,0.039950210678459046,0.47071286051739475,0.05270828918262306
diagnosis_donors,matched_nearest,cmapss:FD001,diagnosis,query random7:3-4-8-10-11-12-14 | circuit,,,,,,,,,,,,,,,,,,,,,,,,,,,,,,,3,"[11, 12, 13]",matched_nearest,,,,,,,,,,,,,,,,,,,2.7020772298177082e-05,6.3498765167993474e-06,1.1674473513315509,0.18056369951230136,0.5317659216671018,0.07784920021896594,871.3333333333334,59.87765303795175,8.0,0.0,8.0,0.0,8.0,0.0,6.0,0.0,50324.0,0.0,240.0,0.0,2.0,0.0,1.1538359999999999,0.17437278802324627,21924489.333333332,1506641.505740942,209120.0,14370.636729108423,13070.0,898.1647955692764,245760.0,0.0,3.602171023686727,1.3828651025852867,3.6191829840342202,1.4101771574389788,1.069314956665039,0.7014626009000762,1.189551293849945,0.7770469052070645,4.85748815536499,1.8089856634743784,,,,,,,,,,,,,,,,,,,,,,,,,,,,,,,,,,,,,,,,,,,,
diagnosis_donors,matched_nearest,cmapss:FD001,diagnosis,joint | random7:3-4-8-10-11-12-14 | circuit,,,,,,,,,,,,,,,,,,,,,,,,,,,,,,,3,"[11, 12, 13]",matched_nearest,,,,,,,,,,,,,,,,,,,,,,,,,,,,,,,,,,,,,,,,,,,,,,,,,,,,,,,,,,,,,0.10000000000000002,1.6996749443881478e-17,10.0,0.0,113.51695251464844,8.887894526132838,719.0520426432291,94.7706150077976,0.04876341101017967,0.021200987901404553,0.4547999399027997,0.03144088902899034,0.7471985643392212,0.014922185714727337,0.8058588119335822,0.011129660268562486,0.5435882452835142,0.05035390069974315,0.549218439516049,0.04647898724910621,0.9390213875295016,0.01427872280711348,0.9316694789160573,0.03920482131431132,0.7857707641898432,0.05606556338161041,0.7737796250627467,0.02291085348426815,325.6666666666667,34.7754702819866,110.0,5.5677643628300215,0.0,0.0,0.0,0.0,325.6666666666667,34.7754702819866,132.0,25.514701644346147,0.7080274340487422,0.02610547303797751,0.43042489611567175,0.021292038207135554
diagnosis_donors,matched_nearest,cmapss:FD001,diagnosis,independent | random7:3-4-8-10-11-12-14 | circuit,,,,,,,,,,,,,,,,,,,,,,,,,,,,,,,3,"[11, 12, 13]",matched_nearest,,,,,,,,,,,,,,,,,,,,,,,,,,,,,,,,,,,,,,,,,,,,,,,,,,,,,,,,,,,,,0.10000000000000002,1.6996749443881478e-17,10.0,0.0,116.11832936604817,8.616538061740536,713.2778727213541,100.23063656171969,0.054359254098171446,0.017684550522371348,0.4421918388487904,0.026188635640052266,0.7360492370948014,0.013298499152747834,0.7964232031633705,0.009648701867309836,0.5424084568770372,0.04745587691916026,0.5080781780852243,0.039691430414792235,0.9338358371797684,0.012835840830168753,0.91878704185598,0.03549113364899151,0.7871154420196751,0.05465739305857781,0.7552134907350196,0.020064750918978014,325.6666666666667,34.7754702819866,110.0,5.5677643628300215,0.0,0.0,0.0,0.0,325.6666666666667,34.7754702819866,137.33333333333334,29.160475533388226,0.6857122908564603,0.01584579513872611,0.4170135822102568,0.02023232562065837
diagnosis_donors,matched_nearest,cmapss:FD001,diagnosis,marginal_max | random7:3-4-8-10-11-12-14 | circuit,,,,,,,,,,,,,,,,,,,,,,,,,,,,,,,3,"[11, 12, 13]",matched_nearest,,,,,,,,,,,,,,,,,,,,,,,,,,,,,,,,,,,,,,,,,,,,,,,,,,,,,,,,,,,,,0.10000000000000002,1.6996749443881478e-17,10.0,0.0,28.29757817586263,2.245004494547275,540.9945983886719,107.15426258447702,0.05919545885467858,0.04983276917155656,0.48066566963629453,0.03471395417344748,0.7409364441084242,0.019829660046436923,0.8074287377714356,0.011104294801534915,0.5211079874172074,0.042245844420945255,0.5102954612299685,0.04031494034168494,0.9510161083546929,0.01442633403245063,0.9146063902395216,0.05349132738573926,0.8204737898099749,0.03527076120595015,0.7552134907350196,0.020064750918978014,325.6666666666667,34.7754702819866,110.0,5.5677643628300215,0.0,0.0,0.0,0.0,325.6666666666667,34.7754702819866,121.66666666666667,14.0118997046558,0.6857122908564603,0.01584579513872611,0.45413980212470334,0.011970545492706017
diagnosis_donors,matched_nearest,cmapss:FD001,diagnosis,conditional_max | random7:3-4-8-10-11-12-14 | circuit,,,,,,,,,,,,,,,,,,,,,,,,,,,,,,,3,"[11, 12, 13]",matched_nearest,,,,,,,,,,,,,,,,,,,,,,,,,,,,,,,,,,,,,,,,,,,,,,,,,,,,,,,,,,,,,0.10000000000000002,1.6996749443881478e-17,10.0,0.0,27.69428253173828,1.9193951935852285,541.1962381998698,107.2449459709241,0.05447017473949443,0.05014186164989833,0.5002614066227601,0.0367335643577161,0.7520693032198656,0.021457497794689015,0.8172538749975212,0.012702171534041726,0.5195880313542984,0.047658990082041094,0.548616589135093,0.043635496605776036,0.9546210096803844,0.014293554844596029,0.9335100595552754,0.055229946866104225,0.8193013119808658,0.039617797011967146,0.7737796250627467,0.02291085348426815,325.6666666666667,34.7754702819866,110.0,5.5677643628300215,0.0,0.0,0.0,0.0,325.6666666666667,34.7754702819866,113.0,8.54400374531753,0.7080274340487422,0.02610547303797751,0.47524797182073053,0.014216528987007532
diagnosis_donors,matched_nearest,cmapss:FD001,diagnosis,relational_max | random7:3-4-8-10-11-12-14 | circuit,,,,,,,,,,,,,,,,,,,,,,,,,,,,,,,3,"[11, 12, 13]",matched_nearest,,,,,,,,,,,,,,,,,,,,,,,,,,,,,,,,,,,,,,,,,,,,,,,,,,,,,,,,,,,,,0.10000000000000002,1.6996749443881478e-17,10.0,0.0,2.0506566365559897,1.064354859591705,11.137598673502604,1.4577064522362648,0.04266735187194274,0.07182531877425666,0.23215584937308983,0.12140515368182316,0.6298729143142989,0.004865463463119626,0.6886103105963333,0.015075082283024734,0.49189543419769827,0.03688553869033569,0.6674045322379837,0.03784182180981535,0.7494368559323975,0.03997454162830711,0.7661612372414209,0.039244623124911775,0.4875978960260526,0.041267537487785534,0.5492194787753722,0.03575621934595221,325.6666666666667,34.7754702819866,110.0,5.5677643628300215,0.0,0.0,65.33333333333333,113.16065276116666,260.3333333333333,79.40612906654835,163.33333333333334,73.03652054508986,0.5542935094261668,0.11952426237774752,0.20095029710452175,0.07848780519883618
diagnosis_donors,matched_nearest,cmapss:FD001,diagnosis,query random7:3-4-8-10-11-12-14 | gaussian_fitted,,,,,,,,,,,,,,,,,,,,,,,,,,,,,,,3,"[11, 12, 13]",matched_nearest,,,,,,,,,,,,,,,,,,,0.0,0.0,0.11351959433280474,0.043824952034484985,0.0029911263336543925,3.052852009388751e-05,871.3333333333334,59.87765303795175,8.0,0.0,8.0,0.0,8.0,0.0,34.0,0.0,2880.0,0.0,0.0,0.0,1.0,0.0,0.0,0.0,1254720.0,86223.82037465053,0.0,0.0,13070.0,898.1647955692764,24414400.0,0.0,8.206956150766386,1.046222975665921,8.214346760403503,1.0480577310346049,3.428810821734793,0.06009937557539967,2.8171037724021204,0.8192383196422591,13.910877577224918,1.1641621995879436,,,,,,,,,,,,,,,,,,,,,,,,,,,,,,,,,,,,,,,,,,,,
diagnosis_donors,matched_nearest,cmapss:FD001,diagnosis,joint | random7:3-4-8-10-11-12-14 | gaussian_fitted,,,,,,,,,,,,,,,,,,,,,,,,,,,,,,,3,"[11, 12, 13]",matched_nearest,,,,,,,,,,,,,,,,,,,,,,,,,,,,,,,,,,,,,,,,,,,,,,,,,,,,,,,,,,,,,0.10000000000000002,1.6996749443881478e-17,10.0,0.0,93.99800282496392,4.306032260974371,530.2900461915051,66.63461682111459,0.09536336330498964,0.04983643990164068,0.5812958398077538,0.044946722381615636,0.7830561183473272,0.009411408138008068,0.8430233131390278,0.005348925697493405,0.5496656363474035,0.04760818244228464,0.6852357156729804,0.034722782034306204,0.9582333054772811,0.01575830911492606,0.9467803933195644,0.04942065550391234,0.7926434665492632,0.05804608901643903,0.8109326958633417,0.01326181147644778,325.6666666666667,34.7754702819866,110.0,5.5677643628300215,0.0,0.0,0.0,0.0,325.6666666666667,34.7754702819866,82.66666666666667,10.066445913694334,0.7667979585620354,0.011113470458840483,0.5206897571125483,0.02446812510809009
diagnosis_donors,matched_nearest,cmapss:FD001,diagnosis,independent | random7:3-4-8-10-11-12-14 | gaussian_fitted,,,,,,,,,,,,,,,,,,,,,,,,,,,,,,,3,"[11, 12, 13]",matched_nearest,,,,,,,,,,,,,,,,,,,,,,,,,,,,,,,,,,,,,,,,,,,,,,,,,,,,,,,,,,,,,0.10000000000000002,1.6996749443881478e-17,10.0,0.0,99.50706163109226,2.957820027519951,295.6793137891031,27.01789633852677,0.13951038600302187,0.11364826835624309,0.5172427129107334,0.06628542541447582,0.7342853208835143,0.015788024523712158,0.7988155577636812,0.009785162604086114,0.5497248649172601,0.04126503654064637,0.4979697313051196,0.0434217671138424,0.9358085970442672,0.008903493953022971,0.9047740436842324,0.03968855157919118,0.791793112143767,0.050483410201983374,0.756191118954764,0.01890587657122729,325.6666666666667,34.7754702819866,110.0,5.5677643628300215,0.0,0.0,0.0,0.0,325.6666666666667,34.7754702819866,113.0,3.0,0.6840873920308468,0.020949912247619364,0.4456404624244685,0.01096305709609508
diagnosis_donors,matched_nearest,cmapss:FD001,diagnosis,marginal_max | random7:3-4-8-10-11-12-14 | gaussian_fitted,,,,,,,,,,,,,,,,,,,,,,,,,,,,,,,3,"[11, 12, 13]",matched_nearest,,,,,,,,,,,,,,,,,,,,,,,,,,,,,,,,,,,,,,,,,,,,,,,,,,,,,,,,,,,,,0.10000000000000002,1.6996749443881478e-17,10.0,0.0,28.13769165873229,3.3069279689969124,198.68899659264548,17.1760037879,0.07288729385627617,0.06704068264728354,0.48410372355611814,0.04918609958917593,0.7357568433134251,0.021832554251222554,0.8044170263956164,0.013294914042442036,0.5212780482517975,0.037182709771430594,0.497978959511135,0.04462673840080888,0.9563787334137744,0.0017328569170285072,0.8907921054813269,0.033833254978018326,0.8234919494302982,0.03445153257128956,0.756191118954764,0.01890587657122729,325.6666666666667,34.7754702819866,110.0,5.5677643628300215,0.0,0.0,0.0,0.0,325.6666666666667,34.7754702819866,122.0,13.856406460551018,0.6840873920308468,0.020949912247619364,0.44945448831729057,0.014360801231817003
diagnosis_donors,matched_nearest,cmapss:FD001,diagnosis,conditional_max | random7:3-4-8-10-11-12-14 | gaussian_fitted,,,,,,,,,,,,,,,,,,,,,,,,,,,,,,,3,"[11, 12, 13]",matched_nearest,,,,,,,,,,,,,,,,,,,,,,,,,,,,,,,,,,,,,,,,,,,,,,,,,,,,,,,,,,,,,0.10000000000000002,1.6996749443881478e-17,10.0,0.0,26.504062470103833,2.6332129247419527,308.41199488183946,27.31040842175049,0.11588931100017696,0.09585911993973549,0.5994570598619141,0.059538468361422944,0.7795070444435789,0.021228929256969543,0.8429668943443528,0.015061181551152054,0.5168768859408291,0.03598550679002943,0.6713582620167685,0.05260083827091004,0.9610268581732377,0.006139419220941326,0.9454859217855116,0.052439891266236105,0.8228946743701737,0.04201282540642381,0.8109326958633417,0.01326181147644778,325.6666666666667,34.7754702819866,110.0,5.5677643628300215,0.0,0.0,0.0,0.0,325.6666666666667,34.7754702819866,76.33333333333333,3.7859388972001824,0.7667979585620354,0.011113470458840483,0.5390283934973533,0.027578494494423605
diagnosis_donors,matched_nearest,cmapss:FD001,diagnosis,relational_max | random7:3-4-8-10-11-12-14 | gaussian_fitted,,,,,,,,,,,,,,,,,,,,,,,,,,,,,,,3,"[11, 12, 13]",matched_nearest,,,,,,,,,,,,,,,,,,,,,,,,,,,,,,,,,,,,,,,,,,,,,,,,,,,,,,,,,,,,,0.10000000000000002,1.6996749443881478e-17,10.0,0.0,1.570579355357901,0.6045735176569964,311.47652650049713,43.78644431981782,0.15879203007451811,0.08072727630712517,0.6062473145582228,0.0407906482318138,0.7717351491132384,0.011307660206549552,0.8349650689703951,0.005651272389999787,0.48662383722587926,0.004151533473726824,0.7679237744874378,0.019408366250074294,0.9608578072805725,0.012903942196565736,0.9570127806617871,0.034728918058660366,0.7107525215067549,0.07584483139950496,0.7601057923549298,0.016645578908310386,325.6666666666667,34.7754702819866,110.0,5.5677643628300215,0.0,0.0,0.0,0.0,325.6666666666667,34.7754702819866,79.0,28.792360097775937,0.7255612278429374,0.027150185749753815,0.49774011848543714,0.018485918284092667
diagnosis_donors,matched_nearest,cmapss:FD001,diagnosis,query random7:3-4-8-10-11-12-14 | gmm_fitted,,,,,,,,,,,,,,,,,,,,,,,,,,,,,,,3,"[11, 12, 13]",matched_nearest,,,,,,,,,,,,,,,,,,,0.0,0.0,0.29897915299928474,0.16623575476576247,0.006412120665724312,0.0018809225631692397,871.3333333333334,59.87765303795175,8.0,0.0,8.0,0.0,8.0,0.0,34.0,0.0,2880.0,0.0,0.0,0.0,1.0,0.0,0.0,0.0,1254720.0,86223.82037465053,0.0,0.0,13070.0,898.1647955692764,65106496.0,28191939.74369497,6.27654482040161,1.515038227597377,6.432334189710609,1.3447240237565625,3.592226663498837,0.09567464216255517,0.35065616018182905,1.3873485167715633,12.145764193637907,1.5598802462949979,,,,,,,,,,,,,,,,,,,,,,,,,,,,,,,,,,,,,,,,,,,,
diagnosis_donors,matched_nearest,cmapss:FD001,diagnosis,joint | random7:3-4-8-10-11-12-14 | gmm_fitted,,,,,,,,,,,,,,,,,,,,,,,,,,,,,,,3,"[11, 12, 13]",matched_nearest,,,,,,,,,,,,,,,,,,,,,,,,,,,,,,,,,,,,,,,,,,,,,,,,,,,,,,,,,,,,,0.10000000000000002,1.6996749443881478e-17,10.0,0.0,96.8167746004586,3.7487410810286104,550.7674990287593,63.801665779684214,0.09602985907530497,0.06264789088684872,0.5828462179868005,0.056394437812336794,0.7824552793485439,0.011719806997231968,0.8423632913035005,0.0064785999958083245,0.5523767237014704,0.04976970970435427,0.6814173510184952,0.032889563335168216,0.958867345636317,0.014985895715962387,0.9462797776714114,0.048776739701611255,0.7905949539078697,0.05842087314235861,0.8098685803591499,0.012416352121250064,325.6666666666667,34.7754702819866,110.0,5.5677643628300215,0.0,0.0,0.0,0.0,325.6666666666667,34.7754702819866,81.66666666666667,8.082903768654761,0.7641579614855964,0.009981997554191461,0.5228980862443421,0.026291657026419835
diagnosis_donors,matched_nearest,cmapss:FD001,diagnosis,independent | random7:3-4-8-10-11-12-14 | gmm_fitted,,,,,,,,,,,,,,,,,,,,,,,,,,,,,,,3,"[11, 12, 13]",matched_nearest,,,,,,,,,,,,,,,,,,,,,,,,,,,,,,,,,,,,,,,,,,,,,,,,,,,,,,,,,,,,,0.10000000000000002,1.6996749443881478e-17,10.0,0.0,100.41720589934054,4.019340776977872,315.039283563208,32.42914440137175,0.13659008323300262,0.12708783547596525,0.5090751632120901,0.07899219522016097,0.7360440532951981,0.015163462655128454,0.8002308119509937,0.009089082640268673,0.553524168953389,0.04299779087619927,0.5012113588360836,0.045661408102399936,0.9364984578685123,0.009408038630143663,0.9099734940889913,0.03668881681731814,0.7878031160987851,0.05201186859204914,0.7592570412771517,0.020396610781236807,325.6666666666667,34.7754702819866,110.0,5.5677643628300215,0.0,0.0,0.0,0.0,325.6666666666667,34.7754702819866,117.0,7.810249675906654,0.6882952511698512,0.021980191936444324,0.4414356832391581,0.017551270573893014
diagnosis_donors,matched_nearest,cmapss:FD001,diagnosis,marginal_max | random7:3-4-8-10-11-12-14 | gmm_fitted,,,,,,,,,,,,,,,,,,,,,,,,,,,,,,,3,"[11, 12, 13]",matched_nearest,,,,,,,,,,,,,,,,,,,,,,,,,,,,,,,,,,,,,,,,,,,,,,,,,,,,,,,,,,,,,0.10000000000000002,1.6996749443881478e-17,10.0,0.0,28.080227126460585,3.3529957949541838,216.68245993723053,19.553699917267636,0.07491241561992651,0.0653814057424953,0.4919372964278208,0.042275581667989344,0.7372092535031586,0.02224474096912728,0.8056658841392267,0.01337590839631793,0.5211066507786417,0.03953082815389658,0.4986303334251381,0.04127733945477595,0.9577727989947794,0.001827515350866597,0.8959869370862994,0.034830577261370683,0.8236895954763129,0.03521193325509423,0.7592570412771517,0.020396610781236807,325.6666666666667,34.7754702819866,110.0,5.5677643628300215,0.0,0.0,0.0,0.0,325.6666666666667,34.7754702819866,120.33333333333333,18.175074506954115,0.6882952511698512,0.021980191936444324,0.45270803897246753,0.008552473506738876
diagnosis_donors,matched_nearest,cmapss:FD001,diagnosis,conditional_max | random7:3-4-8-10-11-12-14 | gmm_fitted,,,,,,,,,,,,,,,,,,,,,,,,,,,,,,,3,"[11, 12, 13]",matched_nearest,,,,,,,,,,,,,,,,,,,,,,,,,,,,,,,,,,,,,,,,,,,,,,,,,,,,,,,,,,,,,0.10000000000000002,1.6996749443881478e-17,10.0,0.0,26.907403500138546,2.8687782780398203,332.24785916675114,18.138755929345596,0.14381826995387015,0.127338061937046,0.6099613944332337,0.07996506376135892,0.779560813757051,0.0211547227897691,0.8427841836674386,0.014547936484849124,0.5157522086802858,0.035197420803403025,0.6688193059632651,0.05413271617281877,0.9608359344133516,0.009406550011433224,0.9453729808198269,0.05082955005925461,0.8273057433708565,0.03973941850360739,0.8098685803591499,0.012416352121250064,325.6666666666667,34.7754702819866,110.0,5.5677643628300215,0.0,0.0,0.0,0.0,325.6666666666667,34.7754702819866,74.66666666666667,5.773502691896257,0.7641579614855964,0.009981997554191461,0.5390417169332772,0.02637028630575459
diagnosis_donors,matched_nearest,cmapss:FD001,diagnosis,relational_max | random7:3-4-8-10-11-12-14 | gmm_fitted,,,,,,,,,,,,,,,,,,,,,,,,,,,,,,,3,"[11, 12, 13]",matched_nearest,,,,,,,,,,,,,,,,,,,,,,,,,,,,,,,,,,,,,,,,,,,,,,,,,,,,,,,,,,,,,0.10000000000000002,1.6996749443881478e-17,10.0,0.0,2.695569793408675,0.7070851138037652,318.05533756060214,29.332828734607748,0.17115334383819436,0.057346763126663765,0.6232152974102724,0.018574627224003566,0.7757795118902205,0.008159011389059211,0.838720041293184,0.005423734709604211,0.505219710717972,0.024221517918143375,0.7506190643616518,0.009751207573493603,0.9599470335271247,0.01560000298603922,0.9487720699422387,0.038423907139052894,0.7365782615990626,0.08061407410129026,0.7562912669029244,0.015878392178287144,325.6666666666667,34.7754702819866,110.0,5.5677643628300215,0.0,0.0,0.0,0.0,325.6666666666667,34.7754702819866,73.33333333333333,21.45538005567213,0.7284049374027625,0.02685609543748109,0.5110974097053739,0.018550654423639318
diagnosis_donors,matched_nearest,cmapss:FD001,diagnosis,query bank0:0-1-2-4-5-7-8 | circuit,,,,,,,,,,,,,,,,,,,,,,,,,,,,,,,3,"[11, 12, 13]",matched_nearest,,,,,,,,,,,,,,,,,,,2.6067097981770832e-05,7.221105379486432e-06,1.0206252363326105,0.0602808204791744,0.6109631640004712,0.10847071803044424,871.3333333333334,59.87765303795175,8.0,0.0,8.0,0.0,8.0,0.0,6.0,0.0,50324.0,0.0,240.0,0.0,2.0,0.0,1.0074556666666667,0.056800702533800825,21924489.333333332,1506641.505740942,209120.0,14370.636729108423,13070.0,898.1647955692764,245760.0,0.0,2.182153105735779,0.6190098906614351,2.2416369915008545,0.665876878865826,0.9010889728864034,0.5218808293435226,0.4379289696613948,0.44088717327416205,3.2913554112116494,1.4432451290220347,,,,,,,,,,,,,,,,,,,,,,,,,,,,,,,,,,,,,,,,,,,,
diagnosis_donors,matched_nearest,cmapss:FD001,diagnosis,joint | bank0:0-1-2-4-5-7-8 | circuit,,,,,,,,,,,,,,,,,,,,,,,,,,,,,,,3,"[11, 12, 13]",matched_nearest,,,,,,,,,,,,,,,,,,,,,,,,,,,,,,,,,,,,,,,,,,,,,,,,,,,,,,,,,,,,,0.10000000000000002,1.6996749443881478e-17,10.0,0.0,-43.46777089436849,7.2189931511284975,851.1748860677084,124.31785142047072,0.06724860519014648,0.00902814094329172,0.4744657767907366,0.04879448717918317,0.7355243515623249,0.022270294438669447,0.7997760997635419,0.02116975395703098,0.5001349998477475,0.016115074583582432,0.5209423151555105,0.03285883757200008,0.945633750240253,0.024357942288100776,0.9394286499638921,0.02152095357937133,0.7862316755085724,0.030053434064979834,0.7400109102137901,0.03672395830100074,329.6666666666667,26.350205565295564,106.0,5.5677643628300215,0.0,0.0,0.0,0.0,329.6666666666667,26.350205565295564,131.0,25.865034312755125,0.6780328589096906,0.051852543818196456,0.42622432859399684,0.04542186951918382
diagnosis_donors,matched_nearest,cmapss:FD001,diagnosis,independent | bank0:0-1-2-4-5-7-8 | circuit,,,,,,,,,,,,,,,,,,,,,,,,,,,,,,,3,"[11, 12, 13]",matched_nearest,,,,,,,,,,,,,,,,,,,,,,,,,,,,,,,,,,,,,,,,,,,,,,,,,,,,,,,,,,,,,0.10000000000000002,1.6996749443881478e-17,10.0,0.0,-40.45332590738932,6.219400276994599,852.3214721679688,127.25324651294073,0.06644539233874087,0.010302185313911548,0.4590454183376645,0.04997532920612046,0.7274963855076875,0.018629815282727766,0.7941529479079531,0.019612983863541225,0.49946819712249124,0.012642643255748811,0.49387692500905317,0.021280914063365554,0.9378555023440375,0.025631389728998626,0.9333492369200918,0.021578847772444048,0.7857008116197202,0.03361678630357873,0.7260787810884914,0.03907974561221115,329.6666666666667,26.350205565295564,106.0,5.5677643628300215,0.0,0.0,0.0,0.0,329.6666666666667,26.350205565295564,138.0,25.632011235952593,0.6578530770428554,0.055651867119022994,0.4100947502827686,0.047128328837278376
diagnosis_donors,matched_nearest,cmapss:FD001,diagnosis,marginal_max | bank0:0-1-2-4-5-7-8 | circuit,,,,,,,,,,,,,,,,,,,,,,,,,,,,,,,3,"[11, 12, 13]",matched_nearest,,,,,,,,,,,,,,,,,,,,,,,,,,,,,,,,,,,,,,,,,,,,,,,,,,,,,,,,,,,,,0.10000000000000002,1.6996749443881478e-17,10.0,0.0,28.323476791381836,2.47367057817747,537.0457967122396,115.31648180333505,0.03917033466122228,0.0327584746608407,0.45983879047499876,0.07194350129866726,0.7290037869774917,0.023999791041393576,0.8001142951231369,0.0203149553767839,0.4929329119474685,0.010793007151318349,0.4990906146149996,0.017077152407660084,0.9557948581194676,0.02336723115755849,0.9438411363053846,0.023102848079916933,0.7679289618772565,0.04817863331152863,0.7260787810884914,0.03907974561221115,329.6666666666667,26.350205565295564,106.0,5.5677643628300215,0.0,0.0,0.0,0.0,329.6666666666667,26.350205565295564,134.66666666666666,32.50128202599604,0.6578530770428554,0.055651867119022994,0.43946373372890574,0.05450245078060397
diagnosis_donors,matched_nearest,cmapss:FD001,diagnosis,conditional_max | bank0:0-1-2-4-5-7-8 | circuit,,,,,,,,,,,,,,,,,,,,,,,,,,,,,,,3,"[11, 12, 13]",matched_nearest,,,,,,,,,,,,,,,,,,,,,,,,,,,,,,,,,,,,,,,,,,,,,,,,,,,,,,,,,,,,,0.10000000000000002,1.6996749443881478e-17,10.0,0.0,27.828702290852863,2.5114418857463647,537.411610921224,116.40274892657766,0.034404351296483705,0.028240433232629876,0.46934062761077583,0.06350580225469032,0.7400548399368679,0.029325818598209846,0.807285021882164,0.023109819206781314,0.4978106192396791,0.008195203868881406,0.5439366864209304,0.04699211216837717,0.9601687975537704,0.023060033044542457,0.9480921632986856,0.022841601542156212,0.7686744845061116,0.05087702919339114,0.7400109102137901,0.03672395830100074,329.6666666666667,26.350205565295564,106.0,5.5677643628300215,0.0,0.0,0.0,0.0,329.6666666666667,26.350205565295564,130.0,28.053520278211074,0.6780328589096906,0.051852543818196456,0.45284767182069,0.04932462270305539
diagnosis_donors,matched_nearest,cmapss:FD001,diagnosis,relational_max | bank0:0-1-2-4-5-7-8 | circuit,,,,,,,,,,,,,,,,,,,,,,,,,,,,,,,3,"[11, 12, 13]",matched_nearest,,,,,,,,,,,,,,,,,,,,,,,,,,,,,,,,,,,,,,,,,,,,,,,,,,,,,,,,,,,,,0.10000000000000002,1.6996749443881478e-17,10.0,0.0,2.196943918863932,1.435873808499992,11.553175608317057,1.3135473664355823,0.03245208321437409,0.04616931016093962,0.20119983817492418,0.10272794051347384,0.6424817509208552,0.012635353741342326,0.689912984525391,0.018791389809629685,0.5318945967165982,0.03328329050635064,0.6144846580767445,0.06949018211069956,0.8235245702572551,0.0241869232404845,0.7582995338581361,0.02030874920645917,0.496134225133726,0.013331386444727472,0.5205353101249331,0.02367727211330571,329.6666666666667,26.350205565295564,106.0,5.5677643628300215,0.0,0.0,135.0,43.2087954009366,194.66666666666666,17.039170558842745,111.66666666666667,31.77000681985028,0.6499549909663173,0.053992637001146086,0.16553563249671066,0.06942911161761275
diagnosis_donors,matched_nearest,cmapss:FD001,diagnosis,query bank0:0-1-2-4-5-7-8 | gaussian_fitted,,,,,,,,,,,,,,,,,,,,,,,,,,,,,,,3,"[11, 12, 13]",matched_nearest,,,,,,,,,,,,,,,,,,,0.0,0.0,0.1125665589994848,0.04554601610280286,0.0029375293330910304,8.528387578424095e-05,871.3333333333334,59.87765303795175,8.0,0.0,8.0,0.0,8.0,0.0,34.0,0.0,2880.0,0.0,0.0,0.0,1.0,0.0,0.0,0.0,1254720.0,86223.82037465053,0.0,0.0,13070.0,898.1647955692764,25883840.0,0.0,7.0853877103074465,0.9367896348331051,7.130266351697705,0.927297892316667,3.075496676427605,0.3730533680633804,1.7922944349901488,0.5412025561525872,12.14466758520279,1.6572619912796371,,,,,,,,,,,,,,,,,,,,,,,,,,,,,,,,,,,,,,,,,,,,
diagnosis_donors,matched_nearest,cmapss:FD001,diagnosis,joint | bank0:0-1-2-4-5-7-8 | gaussian_fitted,,,,,,,,,,,,,,,,,,,,,,,,,,,,,,,3,"[11, 12, 13]",matched_nearest,,,,,,,,,,,,,,,,,,,,,,,,,,,,,,,,,,,,,,,,,,,,,,,,,,,,,,,,,,,,,0.10000000000000002,1.6996749443881478e-17,10.0,0.0,112.94152170348205,9.999773628534605,770.5468248592398,15.410129548059691,0.029756254016772954,0.015282956228411967,0.45131134601935013,0.06113406762411072,0.763113962644019,0.023290807516028602,0.8219198251114429,0.01781130534029702,0.49364095608565534,0.025991052489951375,0.6395563728584069,0.02966819977488245,0.9616062729021344,0.020385904119014697,0.9434331803775979,0.012195304577660234,0.7965943055297461,0.01738777583590644,0.7874686453517185,0.0030092938435668385,329.6666666666667,26.350205565295564,106.0,5.5677643628300215,0.0,0.0,0.0,0.0,329.6666666666667,26.350205565295564,137.0,31.606961258558215,0.7590687843503637,0.007862601693361176,0.42271819961098805,0.043234732595782324
diagnosis_donors,matched_nearest,cmapss:FD001,diagnosis,independent | bank0:0-1-2-4-5-7-8 | gaussian_fitted,,,,,,,,,,,,,,,,,,,,,,,,,,,,,,,3,"[11, 12, 13]",matched_nearest,,,,,,,,,,,,,,,,,,,,,,,,,,,,,,,,,,,,,,,,,,,,,,,,,,,,,,,,,,,,,0.10000000000000002,1.6996749443881478e-17,10.0,0.0,119.43171941467382,12.975299272464078,356.13990136334286,20.621201689269938,0.03137600315550799,0.010573545446127548,0.35772064764047623,0.04683152821612687,0.715307909063982,0.018994093584895767,0.7781456739169016,0.017874766870625607,0.4936417936661437,0.017706038009110855,0.4699373842411438,0.029705702953753077,0.9291150307938872,0.024943426661684323,0.9009784476037516,0.023593804577183443,0.792307065254589,0.019526397088298612,0.7573016808091162,0.0015819786334260483,329.6666666666667,26.350205565295564,106.0,5.5677643628300215,0.0,0.0,0.0,0.0,329.6666666666667,26.350205565295564,178.33333333333334,34.35597958628648,0.674029958576404,0.007359693003389034,0.3323003823299652,0.03903346686800586
diagnosis_donors,matched_nearest,cmapss:FD001,diagnosis,marginal_max | bank0:0-1-2-4-5-7-8 | gaussian_fitted,,,,,,,,,,,,,,,,,,,,,,,,,,,,,,,3,"[11, 12, 13]",matched_nearest,,,,,,,,,,,,,,,,,,,,,,,,,,,,,,,,,,,,,,,,,,,,,,,,,,,,,,,,,,,,,0.10000000000000002,1.6996749443881478e-17,10.0,0.0,52.42989189452059,5.537974066128937,240.4449543766577,12.890485275857344,0.02423759776425456,0.022527446782545688,0.275539305553362,0.010712318117101646,0.7133942020361146,0.01594293757821855,0.7690483004841014,0.02275748000825965,0.4791411007102912,0.03796869989600615,0.4733460040268593,0.012382950315275783,0.9348717218288104,0.011323906961474154,0.8893746803504207,0.033689011473418226,0.8013029259052918,0.011101363775453479,0.7573016808091162,0.0015819786334260483,329.6666666666667,26.350205565295564,106.0,5.5677643628300215,0.0,0.0,0.0,0.0,329.6666666666667,26.350205565295564,212.33333333333334,22.007574453658755,0.674029958576404,0.007359693003389034,0.26069622849571117,0.02047390066976206
diagnosis_donors,matched_nearest,cmapss:FD001,diagnosis,conditional_max | bank0:0-1-2-4-5-7-8 | gaussian_fitted,,,,,,,,,,,,,,,,,,,,,,,,,,,,,,,3,"[11, 12, 13]",matched_nearest,,,,,,,,,,,,,,,,,,,,,,,,,,,,,,,,,,,,,,,,,,,,,,,,,,,,,,,,,,,,,0.10000000000000002,1.6996749443881478e-17,10.0,0.0,52.23299699910293,4.844208151842202,465.4872675506055,57.61612532826949,0.02148138788895625,0.01673983148360811,0.4086047527814191,0.009904335762664541,0.761140327621867,0.020898928702664986,0.8204861116497087,0.01501236590580818,0.48042716883323067,0.0441194712878132,0.6367981205796177,0.022835035221956738,0.9645068767611272,0.016474298952736513,0.943131266976744,0.008637587982490303,0.800209504246152,0.004835644611608269,0.7874686453517185,0.0030092938435668385,329.6666666666667,26.350205565295564,106.0,5.5677643628300215,0.0,0.0,0.0,0.0,329.6666666666667,26.350205565295564,154.33333333333334,15.50268793897798,0.7590687843503637,0.007862601693361176,0.3944575721460006,0.011134899075018584
diagnosis_donors,matched_nearest,cmapss:FD001,diagnosis,relational_max | bank0:0-1-2-4-5-7-8 | gaussian_fitted,,,,,,,,,,,,,,,,,,,,,,,,,,,,,,,3,"[11, 12, 13]",matched_nearest,,,,,,,,,,,,,,,,,,,,,,,,,,,,,,,,,,,,,,,,,,,,,,,,,,,,,,,,,,,,,0.10000000000000002,1.6996749443881478e-17,10.0,0.0,2.337114157754176,1.0758349845248039,430.1176745538685,80.4300219390596,0.08970523619131159,0.10131586165000218,0.5635844578272756,0.057369818727105885,0.7710067690986321,0.014828852129278512,0.8346148559686029,0.009929989094125437,0.47905520335939866,0.011683599215911335,0.7485138356457561,0.018794086292966406,0.9665680309588119,0.026089090979466947,0.950256381896383,0.007803809564730029,0.7323492373466084,0.02186423280559791,0.7535223486083256,0.023975407447439357,329.6666666666667,26.350205565295564,106.0,5.5677643628300215,0.0,0.0,0.0,0.0,329.6666666666667,26.350205565295564,96.0,5.0,0.7304542072920418,0.027355249356196824,0.4909776850671821,0.007841243095709542
diagnosis_donors,matched_nearest,cmapss:FD001,diagnosis,query bank0:0-1-2-4-5-7-8 | gmm_fitted,,,,,,,,,,,,,,,,,,,,,,,,,,,,,,,3,"[11, 12, 13]",matched_nearest,,,,,,,,,,,,,,,,,,,0.0,0.0,0.2957047216671829,0.16515266726332,0.006470097333173423,0.002092999415723645,871.3333333333334,59.87765303795175,8.0,0.0,8.0,0.0,8.0,0.0,34.0,0.0,2880.0,0.0,0.0,0.0,1.0,0.0,0.0,0.0,1254720.0,86223.82037465053,0.0,0.0,13070.0,898.1647955692764,69025194.66666667,29888786.04124974,5.028600554566942,1.6433158772178245,6.2485799764047885,0.577019458092869,4.957594533405975,1.6847109121454908,-5.04447492802143,6.58088490946142,11.02237113747667,1.4945315799333625,,,,,,,,,,,,,,,,,,,,,,,,,,,,,,,,,,,,,,,,,,,,
diagnosis_donors,matched_nearest,cmapss:FD001,diagnosis,joint | bank0:0-1-2-4-5-7-8 | gmm_fitted,,,,,,,,,,,,,,,,,,,,,,,,,,,,,,,3,"[11, 12, 13]",matched_nearest,,,,,,,,,,,,,,,,,,,,,,,,,,,,,,,,,,,,,,,,,,,,,,,,,,,,,,,,,,,,,0.10000000000000002,1.6996749443881478e-17,10.0,0.0,103.41265950069958,7.325926830559342,944.4762365833873,56.47433581356102,0.044602084854493095,0.021199674856613088,0.4067766072862591,0.045223499252291056,0.7516111300973239,0.014426618488474052,0.8042889412938677,0.009665970647357663,0.49639258793122454,0.027988943590370935,0.6220442503258637,0.018220135761747188,0.945360625386838,0.016990133685427934,0.9299966610238467,0.0046890040779707055,0.7817097656744307,0.008117484539387048,0.7865026715784406,0.0019173456625236705,329.6666666666667,26.350205565295564,106.0,5.5677643628300215,0.0,0.0,0.0,0.0,329.6666666666667,26.350205565295564,159.0,29.103264421710495,0.757973950477281,0.007000907010813164,0.37821010774974456,0.02598118091587617
diagnosis_donors,matched_nearest,cmapss:FD001,diagnosis,independent | bank0:0-1-2-4-5-7-8 | gmm_fitted,,,,,,,,,,,,,,,,,,,,,,,,,,,,,,,3,"[11, 12, 13]",matched_nearest,,,,,,,,,,,,,,,,,,,,,,,,,,,,,,,,,,,,,,,,,,,,,,,,,,,,,,,,,,,,,0.10000000000000002,1.6996749443881478e-17,10.0,0.0,102.20980176278476,12.053032161913595,428.3813392246489,37.94694229020146,0.03711986192222758,0.015329856910389307,0.3078503385327131,0.07804665291267324,0.7047326541498294,0.016930884832050783,0.7580704580843897,0.019973537343132716,0.4964350969366554,0.021706481357836264,0.4700086590817379,0.035884231870771124,0.9059778589609513,0.02201065973527961,0.8821501916409539,0.024023919024011763,0.7783057244792236,0.011277818714707602,0.7547478075839295,0.013358949572693849,329.6666666666667,26.350205565295564,106.0,5.5677643628300215,0.0,0.0,0.0,0.0,329.6666666666667,26.350205565295564,201.0,46.87216658103186,0.6746635545230677,0.01676967993050479,0.28236272710080007,0.06224997297987212
diagnosis_donors,matched_nearest,cmapss:FD001,diagnosis,marginal_max | bank0:0-1-2-4-5-7-8 | gmm_fitted,,,,,,,,,,,,,,,,,,,,,,,,,,,,,,,3,"[11, 12, 13]",matched_nearest,,,,,,,,,,,,,,,,,,,,,,,,,,,,,,,,,,,,,,,,,,,,,,,,,,,,,,,,,,,,,0.10000000000000002,1.6996749443881478e-17,10.0,0.0,36.34149232018932,2.341241413528671,268.60929738401273,7.117400691900382,0.029846764288170125,0.01656365274770624,0.41559514249394475,0.022491973611432854,0.7228582611627452,0.018567830673661783,0.7915639340904806,0.01734246314893259,0.48292097404417184,0.030941734398711198,0.47493736605057757,0.01377664723968608,0.950376278894125,0.020056041464073807,0.9100466515800029,0.030024968460858188,0.8082271872688104,0.02131599138997567,0.7547478075839295,0.013358949572693849,329.6666666666667,26.350205565295564,106.0,5.5677643628300215,0.0,0.0,0.0,0.0,329.6666666666667,26.350205565295564,152.66666666666666,22.941955743426348,0.6746635545230677,0.01676967993050479,0.3982617573247513,0.026395987212779387
diagnosis_donors,matched_nearest,cmapss:FD001,diagnosis,conditional_max | bank0:0-1-2-4-5-7-8 | gmm_fitted,,,,,,,,,,,,,,,,,,,,,,,,,,,,,,,3,"[11, 12, 13]",matched_nearest,,,,,,,,,,,,,,,,,,,,,,,,,,,,,,,,,,,,,,,,,,,,,,,,,,,,,,,,,,,,,0.10000000000000002,1.6996749443881478e-17,10.0,0.0,41.216271918679375,2.914489427219788,599.6250947291023,51.96484426904291,0.026501974419812963,0.007542604425325012,0.49860719473639237,0.006458169500191821,0.7658477485992986,0.0216948327417257,0.8292926363697285,0.01550084276531259,0.478481101385531,0.0439818722192303,0.6399132035040979,0.019375170985421172,0.9710012972965029,0.018002966266994075,0.9483068895782175,0.008521867674389609,0.8117335020307319,0.01938374402259159,0.7865026715784406,0.0019173456625236705,329.6666666666667,26.350205565295564,106.0,5.5677643628300215,0.0,0.0,0.0,0.0,329.6666666666667,26.350205565295564,115.33333333333333,8.504900548115383,0.757973950477281,0.007000907010813164,0.48026928729337026,0.00696270956684582
diagnosis_donors,matched_nearest,cmapss:FD001,diagnosis,relational_max | bank0:0-1-2-4-5-7-8 | gmm_fitted,,,,,,,,,,,,,,,,,,,,,,,,,,,,,,,3,"[11, 12, 13]",matched_nearest,,,,,,,,,,,,,,,,,,,,,,,,,,,,,,,,,,,,,,,,,,,,,,,,,,,,,,,,,,,,,0.10000000000000002,1.6996749443881478e-17,10.0,0.0,10.60502712820897,7.199168891564339,558.126349492567,81.12748704014714,0.03252781216628134,0.010095390478947776,0.48429535425153275,0.056307869955387536,0.7721746868330502,0.01797502581452569,0.8309393702368801,0.01329621219420026,0.4949482338215332,0.043405296049431136,0.727277394049358,0.02539476057003817,0.9647939671035495,0.01750492595487823,0.9453529711341823,0.0035879950040997215,0.750729977634026,0.008219699792881952,0.7585617546823732,0.023686007788669708,329.6666666666667,26.350205565295564,106.0,5.5677643628300215,0.0,0.0,0.0,0.0,329.6666666666667,26.350205565295564,122.66666666666667,16.563010998406458,0.7486483985515111,0.028454201550656744,0.45463382216979237,0.05363710063158673
diagnosis_donors,matched_nearest,cmapss:FD001,diagnosis,query bank1:3 | circuit,,,,,,,,,,,,,,,,,,,,,,,,,,,,,,,3,"[11, 12, 13]",matched_nearest,,,,,,,,,,,,,,,,,,,3.5921732584635414e-05,5.422821715428664e-06,1.1019108686656789,0.20573212682461386,0.584154127999985,0.16600558625642522,871.3333333333334,59.87765303795175,14.0,0.0,14.0,0.0,14.0,0.0,6.0,0.0,50324.0,0.0,240.0,0.0,2.0,0.0,1.0884390000000002,0.1994386793453066,21924489.333333332,1506641.505740942,209120.0,14370.636729108423,13070.0,898.1647955692764,245760.0,0.0,6.949141343434651,1.945685831861418,6.958476702372233,1.9544991713001185,1.8644667267799377,0.9382556298599299,2.898872137069702,0.5391140938610959,9.230279763539633,2.576147210104862,,,,,,,,,,,,,,,,,,,,,,,,,,,,,,,,,,,,,,,,,,,,
diagnosis_donors,matched_nearest,cmapss:FD001,diagnosis,joint | bank1:3 | circuit,,,,,,,,,,,,,,,,,,,,,,,,,,,,,,,3,"[11, 12, 13]",matched_nearest,,,,,,,,,,,,,,,,,,,,,,,,,,,,,,,,,,,,,,,,,,,,,,,,,,,,,,,,,,,,,0.10000000000000002,1.6996749443881478e-17,10.0,0.0,137.73416900634766,23.93204666307793,1000.1490478515625,39.16563104515749,0.07608961610280994,0.06339951683629276,0.555148009604213,0.09528120468310575,0.7982725971016605,0.028036618427345783,0.8455790479371107,0.02315048041699403,0.5372228292664262,0.03313496863934162,0.5642633680140903,0.052576909794823476,0.9909643680850025,0.00364261144418358,0.9938678935728316,0.005165541933008816,0.9210019856251813,0.010986639169020564,0.7016160950587489,0.02273324667880596,426.6666666666667,25.716402029314548,9.0,4.358898943540674,0.0,0.0,0.0,0.0,426.6666666666667,25.716402029314548,186.0,47.57099956906519,0.6618564936095895,0.024944076432911477,0.5250017312367348,0.07267590303675568
diagnosis_donors,matched_nearest,cmapss:FD001,diagnosis,independent | bank1:3 | circuit,,,,,,,,,,,,,,,,,,,,,,,,,,,,,,,3,"[11, 12, 13]",matched_nearest,,,,,,,,,,,,,,,,,,,,,,,,,,,,,,,,,,,,,,,,,,,,,,,,,,,,,,,,,,,,,0.10000000000000002,1.6996749443881478e-17,10.0,0.0,145.33380126953125,22.706434160167323,986.0892944335938,37.028722062521936,0.08082895259570094,0.0716074969217591,0.5382152184415792,0.09671382344055121,0.7843114960721009,0.02389404285490884,0.8360809357999307,0.02082864274120972,0.5352262286968061,0.02954916471748152,0.5020133429832351,0.03227411171938272,0.9874479299753322,0.0035318968956497155,0.9892157388601664,0.007245734837651885,0.9196851824013633,0.012557293848095898,0.6662155803033157,0.01782702992169445,426.6666666666667,25.716402029314548,9.0,4.358898943540674,0.0,0.0,0.0,0.0,426.6666666666667,25.716402029314548,193.33333333333334,48.16983841921554,0.6260667222354529,0.01199094484759086,0.5064891612431373,0.07102420084806216
diagnosis_donors,matched_nearest,cmapss:FD001,diagnosis,marginal_max | bank1:3 | circuit,,,,,,,,,,,,,,,,,,,,,,,,,,,,,,,3,"[11, 12, 13]",matched_nearest,,,,,,,,,,,,,,,,,,,,,,,,,,,,,,,,,,,,,,,,,,,,,,,,,,,,,,,,,,,,,0.10000000000000002,1.6996749443881478e-17,10.0,0.0,30.06584358215332,1.1284432933422985,539.8334147135416,107.08559983574723,0.028766351075371368,0.016824045960309904,0.5656192988147003,0.02232361195835267,0.7909463876471943,0.02343442015725309,0.8508067737726589,0.015898247133818707,0.5205432697717275,0.029952251191788563,0.5024250806459927,0.027470640898190995,0.9956124553432012,0.0006417166634702659,0.9946882241213048,0.004894936895624925,0.9570027610250924,0.019039844511775636,0.6662155803033157,0.01782702992169445,426.6666666666667,25.716402029314548,9.0,4.358898943540674,0.0,0.0,0.0,0.0,426.6666666666667,25.716402029314548,180.66666666666666,18.475208614068027,0.6260667222354529,0.01199094484759086,0.5563833634426786,0.02325583299285011
diagnosis_donors,matched_nearest,cmapss:FD001,diagnosis,conditional_max | bank1:3 | circuit,,,,,,,,,,,,,,,,,,,,,,,,,,,,,,,3,"[11, 12, 13]",matched_nearest,,,,,,,,,,,,,,,,,,,,,,,,,,,,,,,,,,,,,,,,,,,,,,,,,,,,,,,,,,,,,0.10000000000000002,1.6996749443881478e-17,10.0,0.0,29.235809326171875,1.091293447371263,540.1939188639323,106.98673268713348,0.0303861002141064,0.021719241607148526,0.5771982555613197,0.02581174362029143,0.8060707583644867,0.023017930827491092,0.8605503851473295,0.015255705034792646,0.5181026998091643,0.03513583782032006,0.5765043052261976,0.03076931794852653,0.9988758647539093,0.0009518909915125063,0.9990239126559085,0.0014793988706455826,0.9567382816696277,0.019180939980204172,0.7016160950587489,0.02273324667880596,426.6666666666667,25.716402029314548,9.0,4.358898943540674,0.0,0.0,0.0,0.0,426.6666666666667,25.716402029314548,176.0,19.157244060668017,0.6618564936095895,0.024944076432911477,0.5679489967533743,0.028402896441779873
diagnosis_donors,matched_nearest,cmapss:FD001,diagnosis,relational_max | bank1:3 | circuit,,,,,,,,,,,,,,,,,,,,,,,,,,,,,,,3,"[11, 12, 13]",matched_nearest,,,,,,,,,,,,,,,,,,,,,,,,,,,,,,,,,,,,,,,,,,,,,,,,,,,,,,,,,,,,,0.10000000000000002,1.6996749443881478e-17,10.0,0.0,3.247217814127604,1.035440317696365,12.598520914713541,0.7657872463174595,0.01337409737771293,0.017201121102367472,0.317925407387339,0.07784931023257659,0.7133774474097939,0.004764621107870224,0.7739638837070043,0.007385100549106835,0.5093290313085311,0.013785647771661948,0.7780671618694678,0.02854867174669256,0.8880150253444025,0.011265318953577751,0.8962086369987105,0.0036014697346547905,0.5150288810751643,0.018324095569486585,0.4790990665762147,0.028069513594684507,426.6666666666667,25.716402029314548,9.0,4.358898943540674,0.0,0.0,121.66666666666667,39.068316233660916,305.0,14.730919862656235,167.33333333333334,39.878983604567125,0.638397821829915,0.04333842484589334,0.3037754729718511,0.07242003340822083
diagnosis_donors,matched_nearest,cmapss:FD001,diagnosis,query bank1:3 | gaussian_fitted,,,,,,,,,,,,,,,,,,,,,,,,,,,,,,,3,"[11, 12, 13]",matched_nearest,,,,,,,,,,,,,,,,,,,0.0,0.0,0.6970632060001662,0.12517572497064267,0.006576019666681532,0.0005155669169068411,871.3333333333334,59.87765303795175,14.0,0.0,14.0,0.0,14.0,0.0,58.0,0.0,8400.0,0.0,0.0,0.0,1.0,0.0,0.0,0.0,3659600.0,251486.1427593974,0.0,0.0,13070.0,898.1647955692764,32941280.0,0.0,14.488048014812142,2.5119961944172866,14.500730326155235,2.490369612635088,6.180889213171192,0.2678023342988698,5.506115111037892,1.8483130333128703,25.887317912412215,2.691861110929322,,,,,,,,,,,,,,,,,,,,,,,,,,,,,,,,,,,,,,,,,,,,
diagnosis_donors,matched_nearest,cmapss:FD001,diagnosis,joint | bank1:3 | gaussian_fitted,,,,,,,,,,,,,,,,,,,,,,,,,,,,,,,3,"[11, 12, 13]",matched_nearest,,,,,,,,,,,,,,,,,,,,,,,,,,,,,,,,,,,,,,,,,,,,,,,,,,,,,,,,,,,,,0.10000000000000002,1.6996749443881478e-17,10.0,0.0,174.78025799243315,6.803440619961134,1025.9911101229961,152.69141143046025,0.06619163960470296,0.07535078203615571,0.6706958113790242,0.05830510621741408,0.8577174313411251,0.017086980796720715,0.8982821192523452,0.01029095286458021,0.5374099730836992,0.03961347255120353,0.8193607161299985,0.032479231502381876,0.9991685012392915,0.0011291522024335463,1.0,0.0,0.9588887305391358,0.011461773640321027,0.7646987383676983,0.0025140191744229454,426.6666666666667,25.716402029314548,9.0,4.358898943540674,0.0,0.0,0.0,0.0,426.6666666666667,25.716402029314548,134.0,19.313207915827967,0.7486082995951416,0.0046502975580690825,0.6392320517321884,0.031285632513960174
diagnosis_donors,matched_nearest,cmapss:FD001,diagnosis,independent | bank1:3 | gaussian_fitted,,,,,,,,,,,,,,,,,,,,,,,,,,,,,,,3,"[11, 12, 13]",matched_nearest,,,,,,,,,,,,,,,,,,,,,,,,,,,,,,,,,,,,,,,,,,,,,,,,,,,,,,,,,,,,,0.10000000000000002,1.6996749443881478e-17,10.0,0.0,185.42198735062252,3.166822203683699,387.4195905575978,13.110790761744058,0.08569962009984074,0.053398866215329556,0.5684774795460962,0.07396169229699869,0.782856837050317,0.023135618374223246,0.8409464337706084,0.017262355755956492,0.5400454121773658,0.03039673239851938,0.475509092331192,0.03915835573243297,0.9848925879379471,0.01318870996363029,0.9697680153589072,0.012216615408143928,0.9537473148803562,0.021084675424318296,0.6795331337980103,0.010897051699830075,426.6666666666667,25.716402029314548,9.0,4.358898943540674,0.0,0.0,0.0,0.0,426.6666666666667,25.716402029314548,179.0,27.055498516937366,0.6220991770527374,0.010988774846537696,0.5304792427752757,0.05316390335515355
diagnosis_donors,matched_nearest,cmapss:FD001,diagnosis,marginal_max | bank1:3 | gaussian_fitted,,,,,,,,,,,,,,,,,,,,,,,,,,,,,,,3,"[11, 12, 13]",matched_nearest,,,,,,,,,,,,,,,,,,,,,,,,,,,,,,,,,,,,,,,,,,,,,,,,,,,,,,,,,,,,,0.10000000000000002,1.6996749443881478e-17,10.0,0.0,29.620944261572077,2.022211220067357,238.40447825366923,12.342992907568162,0.03639237802272922,0.032019579532493486,0.5633001705318804,0.0067433391140229405,0.7822486870583861,0.016658394657724333,0.8452953134317736,0.012284078786015094,0.5147818066611022,0.03090558195939509,0.4778884203568046,0.004436880852473284,0.9961315713681783,0.006012653052373513,0.9538101949746207,0.011188492858281262,0.9798123948915379,0.012070594411684806,0.6795331337980103,0.010897051699830075,426.6666666666667,25.716402029314548,9.0,4.358898943540674,0.0,0.0,0.0,0.0,426.6666666666667,25.716402029314548,181.33333333333334,11.060440015358038,0.6220991770527374,0.010988774846537696,0.5489790562876696,0.010478187908965089
diagnosis_donors,matched_nearest,cmapss:FD001,diagnosis,conditional_max | bank1:3 | gaussian_fitted,,,,,,,,,,,,,,,,,,,,,,,,,,,,,,,3,"[11, 12, 13]",matched_nearest,,,,,,,,,,,,,,,,,,,,,,,,,,,,,,,,,,,,,,,,,,,,,,,,,,,,,,,,,,,,,0.10000000000000002,1.6996749443881478e-17,10.0,0.0,29.571718104773044,2.075568094829435,499.51709701995327,62.40376206306262,0.06442662856730948,0.06399023470087281,0.7101740429500598,0.03403298616686646,0.8620581978403351,0.013442791609111415,0.9045419105582369,0.010471898850226967,0.5196098996772139,0.03465249869482231,0.837527798086963,0.028448490924495494,1.0,0.0,1.0,0.0,0.9805700873101174,0.00777211027601161,0.7646987383676983,0.0025140191744229454,426.6666666666667,25.716402029314548,9.0,4.358898943540674,0.0,0.0,0.0,0.0,426.6666666666667,25.716402029314548,117.66666666666667,9.29157324317757,0.7486082995951416,0.0046502975580690825,0.6882121204390012,0.018186199217119968
diagnosis_donors,matched_nearest,cmapss:FD001,diagnosis,relational_max | bank1:3 | gaussian_fitted,,,,,,,,,,,,,,,,,,,,,,,,,,,,,,,3,"[11, 12, 13]",matched_nearest,,,,,,,,,,,,,,,,,,,,,,,,,,,,,,,,,,,,,,,,,,,,,,,,,,,,,,,,,,,,,0.10000000000000002,1.6996749443881478e-17,10.0,0.0,3.1302281532975784,0.4099471140274391,485.86511041583503,21.70273974889117,0.15792519680415723,0.06944457568040716,0.7365860740531956,0.020504166031689447,0.8502796889433188,0.0030918424103338984,0.8962772662231826,0.003130245804492091,0.4751938573171221,0.021675940027914446,0.9497172720761954,0.006673572659839055,1.0,0.0,1.0,0.0,0.8590367372414415,0.016263734994591668,0.7323821334998,0.013771037746421876,426.6666666666667,25.716402029314548,9.0,4.358898943540674,0.0,0.0,0.0,0.0,426.6666666666667,25.716402029314548,108.0,9.848857801796104,0.7194520520758911,0.011220682585380752,0.6664073253789585,0.011631112821459814
diagnosis_donors,matched_nearest,cmapss:FD001,diagnosis,query bank1:3 | gmm_fitted,,,,,,,,,,,,,,,,,,,,,,,,,,,,,,,3,"[11, 12, 13]",matched_nearest,,,,,,,,,,,,,,,,,,,0.0,0.0,1.7915896676665095,0.6032076528510613,0.015258218666228155,0.005333099745063212,871.3333333333334,59.87765303795175,14.0,0.0,14.0,0.0,14.0,0.0,58.0,0.0,8400.0,0.0,0.0,0.0,1.0,0.0,0.0,0.0,3659600.0,251486.1427593974,0.0,0.0,13070.0,898.1647955692764,87845312.0,38038135.897685,8.667784769419807,3.9509950616674705,9.705259223763449,2.4858191250340873,6.994628774700735,0.36150985804137614,-2.5369669069659793,4.716676571671124,20.038665302926614,4.947721994964105,,,,,,,,,,,,,,,,,,,,,,,,,,,,,,,,,,,,,,,,,,,,
diagnosis_donors,matched_nearest,cmapss:FD001,diagnosis,joint | bank1:3 | gmm_fitted,,,,,,,,,,,,,,,,,,,,,,,,,,,,,,,3,"[11, 12, 13]",matched_nearest,,,,,,,,,,,,,,,,,,,,,,,,,,,,,,,,,,,,,,,,,,,,,,,,,,,,,,,,,,,,,0.10000000000000002,1.6996749443881478e-17,10.0,0.0,180.8921962170749,9.784167914638068,1179.3900505245285,155.4385016331517,0.08044686561107796,0.0815121396181332,0.67779222162422,0.06731931844930097,0.8564976815602977,0.01812245404332917,0.8966546230205025,0.011372955769908944,0.5388808272200641,0.04035907120137916,0.8162661683025356,0.03280217011242606,0.9988039238952062,0.0014034962928722975,0.9999895686642675,1.8067603479551194e-05,0.9548446141562472,0.012993472693207692,0.7608724916599311,0.0042551779870697685,426.6666666666667,25.716402029314548,9.0,4.358898943540674,0.0,0.0,0.0,0.0,426.6666666666667,25.716402029314548,131.33333333333334,23.288051299611425,0.7478930168558652,0.005900674699589974,0.6394340900963944,0.03624615760923872
diagnosis_donors,matched_nearest,cmapss:FD001,diagnosis,independent | bank1:3 | gmm_fitted,,,,,,,,,,,,,,,,,,,,,,,,,,,,,,,3,"[11, 12, 13]",matched_nearest,,,,,,,,,,,,,,,,,,,,,,,,,,,,,,,,,,,,,,,,,,,,,,,,,,,,,,,,,,,,,0.10000000000000002,1.6996749443881478e-17,10.0,0.0,186.18622056438463,4.137039564710464,413.73590115109647,15.29202734642579,0.08240261641504001,0.07213398512139516,0.5669075414292037,0.06864802879836394,0.7849914898154834,0.02272909922112145,0.8426117878104522,0.016405289171741968,0.5416858418370333,0.030160318329556905,0.4792025969748313,0.043247582083658455,0.985193938248495,0.013488249130019834,0.9755513934284236,0.009189234533805253,0.9532998888384355,0.018726501014011833,0.6820212406017836,0.010535398095558875,426.6666666666667,25.716402029314548,9.0,4.358898943540674,0.0,0.0,0.0,0.0,426.6666666666667,25.716402029314548,179.33333333333334,22.233608194203057,0.6244641581328888,0.009342063463493876,0.530973100833302,0.04615397815436414
diagnosis_donors,matched_nearest,cmapss:FD001,diagnosis,marginal_max | bank1:3 | gmm_fitted,,,,,,,,,,,,,,,,,,,,,,,,,,,,,,,3,"[11, 12, 13]",matched_nearest,,,,,,,,,,,,,,,,,,,,,,,,,,,,,,,,,,,,,,,,,,,,,,,,,,,,,,,,,,,,,0.10000000000000002,1.6996749443881478e-17,10.0,0.0,29.66372750008686,1.947388244106369,266.6279955678233,7.313584292723855,0.034879945313167564,0.030705594759919064,0.5702878064643367,0.00736785698369645,0.7836199602837836,0.017147799475241914,0.8468257415318612,0.012472135678251877,0.5136855395753991,0.029697857462693388,0.475808415679785,0.0028527641637741538,0.9965746855494526,0.005458244477144432,0.9633107919622009,0.007463364739453406,0.9802017296494565,0.011706100902014242,0.6820212406017836,0.010535398095558875,426.6666666666667,25.716402029314548,9.0,4.358898943540674,0.0,0.0,0.0,0.0,426.6666666666667,25.716402029314548,178.33333333333334,11.67618659209133,0.6244641581328888,0.009342063463493876,0.5559666922201258,0.013096065942426887
diagnosis_donors,matched_nearest,cmapss:FD001,diagnosis,conditional_max | bank1:3 | gmm_fitted,,,,,,,,,,,,,,,,,,,,,,,,,,,,,,,3,"[11, 12, 13]",matched_nearest,,,,,,,,,,,,,,,,,,,,,,,,,,,,,,,,,,,,,,,,,,,,,,,,,,,,,,,,,,,,,0.10000000000000002,1.6996749443881478e-17,10.0,0.0,30.880103300642862,2.8407986400817857,611.0677912149029,65.5234084797507,0.09245290124904175,0.08467050156938102,0.7168116248395822,0.03553444119292464,0.8636489840144316,0.014058282672957058,0.9050850286892839,0.0104435541412525,0.5256175035941903,0.04193546175390266,0.8395888199811798,0.022896835755228873,1.0,0.0,1.0,0.0,0.9794850190374104,0.00960993892774545,0.7608724916599311,0.0042551779870697685,426.6666666666667,25.716402029314548,9.0,4.358898943540674,0.0,0.0,0.0,0.0,426.6666666666667,25.716402029314548,115.0,10.44030650891055,0.7478930168558652,0.005900674699589974,0.6885340697265212,0.006233884536877407
diagnosis_donors,matched_nearest,cmapss:FD001,diagnosis,relational_max | bank1:3 | gmm_fitted,,,,,,,,,,,,,,,,,,,,,,,,,,,,,,,3,"[11, 12, 13]",matched_nearest,,,,,,,,,,,,,,,,,,,,,,,,,,,,,,,,,,,,,,,,,,,,,,,,,,,,,,,,,,,,,0.10000000000000002,1.6996749443881478e-17,10.0,0.0,6.0203769568480086,1.3245523018733796,590.4356248811238,26.161406080374366,0.11312747207444279,0.036797550417768575,0.7215964392003832,0.002120801212065785,0.8565806926393474,0.008640313636576977,0.8998202332508467,0.005443191739718472,0.5097532542552531,0.04462201070427804,0.9276678353348428,0.007724960426970648,0.9999266324284667,0.0001270763615237678,1.0,0.0,0.8748643421556709,0.011620546899361381,0.7279185779089671,0.013592318093490525,426.6666666666667,25.716402029314548,9.0,4.358898943540674,0.0,0.0,0.0,0.0,426.6666666666667,25.716402029314548,113.66666666666667,6.429100507328637,0.7299084107327142,0.013628750127591752,0.6696882518477661,0.005765211530440772
diagnosis_donors,matched_nearest,cmapss:FD001,diagnosis,query bank2:6-10 | circuit,,,,,,,,,,,,,,,,,,,,,,,,,,,,,,,3,"[11, 12, 13]",matched_nearest,,,,,,,,,,,,,,,,,,,2.0821889241536457e-05,5.728664808572165e-06,1.0799668356667098,0.09537616761640363,0.5499047979998674,0.10096858734340912,871.3333333333334,59.87765303795175,13.0,0.0,13.0,0.0,13.0,0.0,6.0,0.0,50324.0,0.0,240.0,0.0,2.0,0.0,1.0701390000000002,0.09174890101249175,21924489.333333332,1506641.505740942,209120.0,14370.636729108423,13070.0,898.1647955692764,245760.0,0.0,6.391555468241374,2.142795967218618,6.400236288706462,2.1461459593401093,1.7814312974611919,0.9404485723926328,2.3943684101104736,0.5900774826364216,8.329074064890543,2.5332799638235626,,,,,,,,,,,,,,,,,,,,,,,,,,,,,,,,,,,,,,,,,,,,
diagnosis_donors,matched_nearest,cmapss:FD001,diagnosis,joint | bank2:6-10 | circuit,,,,,,,,,,,,,,,,,,,,,,,,,,,,,,,3,"[11, 12, 13]",matched_nearest,,,,,,,,,,,,,,,,,,,,,,,,,,,,,,,,,,,,,,,,,,,,,,,,,,,,,,,,,,,,,0.10000000000000002,1.6996749443881478e-17,10.0,0.0,54.091705322265625,17.41918626412751,1011.0850219726562,170.63778616065056,0.0936482037862046,0.05447347266161877,0.5585614414904754,0.08385701255721786,0.7910208058878778,0.02480826072042731,0.8380410938853419,0.02101749464876792,0.5329283306635237,0.055789469471615734,0.5707345002790339,0.04640139048108566,0.9907928274626805,0.005527396861537534,0.9852660193086983,0.0061458566520133425,0.8911798980628624,0.024017625884572215,0.6993743389176932,0.0220289332656832,419.3333333333333,27.53785273643051,16.333333333333332,2.5166114784235836,0.0,0.0,0.0,0.0,419.3333333333333,27.53785273643051,180.33333333333334,44.73626418615365,0.6534541144326605,0.027117563055767246,0.5052039558860631,0.061490228782178954
diagnosis_donors,matched_nearest,cmapss:FD001,diagnosis,independent | bank2:6-10 | circuit,,,,,,,,,,,,,,,,,,,,,,,,,,,,,,,3,"[11, 12, 13]",matched_nearest,,,,,,,,,,,,,,,,,,,,,,,,,,,,,,,,,,,,,,,,,,,,,,,,,,,,,,,,,,,,,0.10000000000000002,1.6996749443881478e-17,10.0,0.0,59.97793833414713,17.22140696988111,1000.9688517252604,179.41185007888916,0.10566974968544136,0.04598595323983431,0.5456580380207935,0.08317962044327633,0.7752622832676908,0.020418060032880412,0.827342008837733,0.018941135790362277,0.5322993103266036,0.051967021739599446,0.5020284707419781,0.02228466519404563,0.9846583191261219,0.005470999413283931,0.9784871755837973,0.01098288891085004,0.8906977323956222,0.022196627194931564,0.663463210833361,0.013977336661886958,419.3333333333333,27.53785273643051,16.333333333333332,2.5166114784235836,0.0,0.0,0.0,0.0,419.3333333333333,27.53785273643051,186.33333333333334,45.081407845511364,0.617100416486518,0.00968686917309039,0.4899042372980882,0.060084333410464735
diagnosis_donors,matched_nearest,cmapss:FD001,diagnosis,marginal_max | bank2:6-10 | circuit,,,,,,,,,,,,,,,,,,,,,,,,,,,,,,,3,"[11, 12, 13]",matched_nearest,,,,,,,,,,,,,,,,,,,,,,,,,,,,,,,,,,,,,,,,,,,,,,,,,,,,,,,,,,,,,0.10000000000000002,1.6996749443881478e-17,10.0,0.0,30.06584358215332,1.1284432933422985,379.37999471028644,57.74610512406608,0.028766351075371368,0.016824045960309904,0.5446563910173313,0.0147812305145955,0.7793922207277971,0.018549000464505517,0.8415889245712096,0.01275397071062916,0.5207439923730924,0.029788884159557043,0.5026809847185232,0.02709261053327735,0.994430732454512,0.001468684738373192,0.9888548790568709,0.010006933173346822,0.9055825224808861,0.03056386676150022,0.663463210833361,0.013977336661886958,419.3333333333333,27.53785273643051,16.333333333333332,2.5166114784235836,0.0,0.0,0.0,0.0,419.3333333333333,27.53785273643051,182.33333333333334,17.897858344878397,0.617100416486518,0.00968686917309039,0.5354204556453098,0.015397933193471349
diagnosis_donors,matched_nearest,cmapss:FD001,diagnosis,conditional_max | bank2:6-10 | circuit,,,,,,,,,,,,,,,,,,,,,,,,,,,,,,,3,"[11, 12, 13]",matched_nearest,,,,,,,,,,,,,,,,,,,,,,,,,,,,,,,,,,,,,,,,,,,,,,,,,,,,,,,,,,,,,0.10000000000000002,1.6996749443881478e-17,10.0,0.0,29.225870768229168,1.1094808137222225,380.19286092122394,57.44838482016758,0.0303861002141064,0.021719241607148526,0.5562353477639508,0.018033585060907263,0.795781865668788,0.020550956585162823,0.8524924425633388,0.013990963233766357,0.5189535703107827,0.035017379669864374,0.5760758285863354,0.030728502231889825,0.9988369941975558,0.001199170022809557,0.9981527831515687,0.0012916160800298655,0.9055680988322962,0.029154934578505987,0.6993743389176932,0.0220289332656832,419.3333333333333,27.53785273643051,16.333333333333332,2.5166114784235836,0.0,0.0,0.0,0.0,419.3333333333333,27.53785273643051,177.33333333333334,18.823743871327334,0.6534541144326605,0.027117563055767246,0.5469860889560055,0.020636023311076432
diagnosis_donors,matched_nearest,cmapss:FD001,diagnosis,relational_max | bank2:6-10 | circuit,,,,,,,,,,,,,,,,,,,,,,,,,,,,,,,3,"[11, 12, 13]",matched_nearest,,,,,,,,,,,,,,,,,,,,,,,,,,,,,,,,,,,,,,,,,,,,,,,,,,,,,,,,,,,,,0.10000000000000002,1.6996749443881478e-17,10.0,0.0,2.6259562174479165,0.5073645572763497,12.603754679361979,0.7664724663950453,0.027831928703014135,0.023492824046001257,0.35336076584243603,0.06834139482503984,0.7158583804376052,0.006910845797514951,0.7760776872655603,0.010487380642239448,0.50194884899831,0.012985534075830552,0.7769419022574616,0.014625217874209591,0.8980915646176989,0.009189989002317638,0.8761468188472069,0.004105151742871434,0.5447148096321431,0.006247784541791142,0.4942039477618736,0.024155311705562395,419.3333333333333,27.53785273643051,16.333333333333332,2.5166114784235836,0.0,0.0,151.66666666666666,56.500737458314056,267.6666666666667,31.262330900515614,115.0,27.49545416973504,0.7122970029301158,0.09643432255699158,0.33127269590614145,0.058259749137298145
diagnosis_donors,matched_nearest,cmapss:FD001,diagnosis,query bank2:6-10 | gaussian_fitted,,,,,,,,,,,,,,,,,,,,,,,,,,,,,,,3,"[11, 12, 13]",matched_nearest,,,,,,,,,,,,,,,,,,,0.0,0.0,0.5478706750000129,0.08669441181182211,0.006006544333407267,0.0004655620344723587,871.3333333333334,59.87765303795175,13.0,0.0,13.0,0.0,13.0,0.0,54.0,0.0,7280.0,0.0,0.0,0.0,1.0,0.0,0.0,0.0,3171653.3333333335,217954.6570581444,0.0,0.0,13070.0,898.1647955692764,39499520.0,0.0,12.162314777683306,2.416617161341878,12.180134858347705,2.414890008406644,5.617719315390187,0.46604856435290004,3.9255092290604274,1.3647230695822568,22.238124928478186,2.779559703803742,,,,,,,,,,,,,,,,,,,,,,,,,,,,,,,,,,,,,,,,,,,,
diagnosis_donors,matched_nearest,cmapss:FD001,diagnosis,joint | bank2:6-10 | gaussian_fitted,,,,,,,,,,,,,,,,,,,,,,,,,,,,,,,3,"[11, 12, 13]",matched_nearest,,,,,,,,,,,,,,,,,,,,,,,,,,,,,,,,,,,,,,,,,,,,,,,,,,,,,,,,,,,,,0.10000000000000002,1.6996749443881478e-17,10.0,0.0,209.3001235997699,12.60197214496982,545.988253550398,28.27158342238401,0.05667344177557259,0.016016407862643623,0.5842510507898288,0.040898200975838656,0.8349095530928451,0.01586384749669234,0.8746209602235604,0.012911233483189758,0.532247196411998,0.05857329194091683,0.7642732721531554,0.019976072190905827,0.997455755752152,0.001898524086609666,0.9978582586908629,0.002546126570380627,0.9056210483047566,0.02514155608178912,0.7738578053980039,0.006666006704571046,419.3333333333333,27.53785273643051,16.333333333333332,2.5166114784235836,0.0,0.0,0.0,0.0,419.3333333333333,27.53785273643051,166.33333333333334,24.110855093366833,0.7305839517583076,0.004627935749508281,0.553705636299357,0.04235168736445689
diagnosis_donors,matched_nearest,cmapss:FD001,diagnosis,independent | bank2:6-10 | gaussian_fitted,,,,,,,,,,,,,,,,,,,,,,,,,,,,,,,3,"[11, 12, 13]",matched_nearest,,,,,,,,,,,,,,,,,,,,,,,,,,,,,,,,,,,,,,,,,,,,,,,,,,,,,,,,,,,,,0.10000000000000002,1.6996749443881478e-17,10.0,0.0,219.11936188837828,17.4248582692211,226.5536128321919,19.67372912280483,0.0724830956375669,0.027381832730101804,0.465287751793703,0.07945751472855392,0.761566543298565,0.022552790579724574,0.8083382990165399,0.024017743250358232,0.5330903054577408,0.050175977453748584,0.4815961698160239,0.025228359947354045,0.9649955124805562,0.010001445745682574,0.9377173152146305,0.018385135798610917,0.9005255025745539,0.02147868656869226,0.6807415873344388,0.0062820597646553195,419.3333333333333,27.53785273643051,16.333333333333332,2.5166114784235836,0.0,0.0,0.0,0.0,419.3333333333333,27.53785273643051,219.33333333333334,46.090490703976386,0.6165046607464533,0.011571523290227878,0.4245684968370001,0.07759663199236637
diagnosis_donors,matched_nearest,cmapss:FD001,diagnosis,marginal_max | bank2:6-10 | gaussian_fitted,,,,,,,,,,,,,,,,,,,,,,,,,,,,,,,3,"[11, 12, 13]",matched_nearest,,,,,,,,,,,,,,,,,,,,,,,,,,,,,,,,,,,,,,,,,,,,,,,,,,,,,,,,,,,,,0.10000000000000002,1.6996749443881478e-17,10.0,0.0,52.42989189452059,5.537974066128937,116.43616747519474,6.980619649037695,0.02423759776425456,0.022527446782545688,0.2111590052860428,0.05297329909780205,0.7569751660795521,0.02051715890177218,0.7862447142094502,0.04307271927967104,0.5135826417007375,0.05089874878929643,0.47214670735610625,0.006103638214836133,0.9574365434211289,0.025355468165084334,0.9282865898805771,0.03760206395659064,0.9235557722924771,0.014924368503006293,0.6807415873344388,0.0062820597646553195,419.3333333333333,27.53785273643051,16.333333333333332,2.5166114784235836,0.0,0.0,0.0,0.0,419.3333333333333,27.53785273643051,328.0,39.50949253027682,0.6165046607464533,0.011571523290227878,0.19719981063712347,0.06559434412735364
diagnosis_donors,matched_nearest,cmapss:FD001,diagnosis,conditional_max | bank2:6-10 | gaussian_fitted,,,,,,,,,,,,,,,,,,,,,,,,,,,,,,,3,"[11, 12, 13]",matched_nearest,,,,,,,,,,,,,,,,,,,,,,,,,,,,,,,,,,,,,,,,,,,,,,,,,,,,,,,,,,,,,0.10000000000000002,1.6996749443881478e-17,10.0,0.0,53.64921843658855,6.037729662417554,229.82184181028856,21.375395240075445,0.025188826294388,0.019945270275846323,0.5148495970369327,0.03202653216111822,0.836715007918219,0.012277008999072013,0.87604453169046,0.01349828599425142,0.5162836093585849,0.059838149248943595,0.7784481542578777,0.005987603988108122,0.9946042593418825,0.005768942125636728,0.9967200920699423,0.004057192071983379,0.919974283533224,0.020163901857371776,0.7738578053980039,0.006666006704571046,419.3333333333333,27.53785273643051,16.333333333333332,2.5166114784235836,0.0,0.0,0.0,0.0,419.3333333333333,27.53785273643051,195.66666666666666,26.501572280401277,0.7305839517583076,0.004627935749508281,0.5022281725469995,0.04163235546993442
diagnosis_donors,matched_nearest,cmapss:FD001,diagnosis,relational_max | bank2:6-10 | gaussian_fitted,,,,,,,,,,,,,,,,,,,,,,,,,,,,,,,3,"[11, 12, 13]",matched_nearest,,,,,,,,,,,,,,,,,,,,,,,,,,,,,,,,,,,,,,,,,,,,,,,,,,,,,,,,,,,,,0.10000000000000002,1.6996749443881478e-17,10.0,0.0,3.7180931356951348,0.7212646490105673,230.2124651733462,25.811659783115083,0.1035694254278382,0.0630689390111251,0.6716770075157946,0.04003478181063985,0.830473124412671,0.0029053204755555753,0.8805636231355166,0.0021396705866714707,0.4718970123963573,0.047205175708441856,0.9104340764777562,0.020516395953763037,0.9984233141909776,0.0019564611417209284,1.0,0.0,0.8007735970008666,0.03902474561629485,0.734938756085484,0.007475572765392831,419.3333333333333,27.53785273643051,16.333333333333332,2.5166114784235836,0.0,0.0,0.0,0.0,419.3333333333333,27.53785273643051,129.0,13.114877048604,0.7154147043490129,0.005708563953406885,0.626115311300663,0.01589647845675421
diagnosis_donors,matched_nearest,cmapss:FD001,diagnosis,query bank2:6-10 | gmm_fitted,,,,,,,,,,,,,,,,,,,,,,,,,,,,,,,3,"[11, 12, 13]",matched_nearest,,,,,,,,,,,,,,,,,,,0.0,0.0,1.4355216420008219,0.47858903883308185,0.013769197334719744,0.005736934549053747,871.3333333333334,59.87765303795175,13.0,0.0,13.0,0.0,13.0,0.0,54.0,0.0,7280.0,0.0,0.0,0.0,1.0,0.0,0.0,0.0,3171653.3333333335,217954.6570581444,0.0,0.0,13070.0,898.1647955692764,105334250.66666667,45611068.48296564,6.512809209407169,3.6167453258541413,9.452603517613229,0.9504859775926642,9.14732400680026,2.0304790774906016,-12.036913189297719,12.18464897608047,19.00969091778916,3.7172506299203505,,,,,,,,,,,,,,,,,,,,,,,,,,,,,,,,,,,,,,,,,,,,
diagnosis_donors,matched_nearest,cmapss:FD001,diagnosis,joint | bank2:6-10 | gmm_fitted,,,,,,,,,,,,,,,,,,,,,,,,,,,,,,,3,"[11, 12, 13]",matched_nearest,,,,,,,,,,,,,,,,,,,,,,,,,,,,,,,,,,,,,,,,,,,,,,,,,,,,,,,,,,,,,0.10000000000000002,1.6996749443881478e-17,10.0,0.0,212.17918008102865,5.690242286928152,723.8377924425228,45.9085584474981,0.06269725468375469,0.0011099419773845322,0.45616711071370286,0.03114241611799024,0.8126350327466106,0.006835632321051868,0.8449804784685743,0.007680558600932192,0.5304943306356686,0.04854403578164534,0.7181661561969709,0.02035180563698771,0.9846235548350264,0.0038232490798514283,0.9852477578020639,0.0014667491668725024,0.863165378711969,0.04050796416711904,0.7716198292153957,0.008170576497086215,419.3333333333333,27.53785273643051,16.333333333333332,2.5166114784235836,0.0,0.0,0.0,0.0,419.3333333333333,27.53785273643051,222.0,24.55605831561735,0.7295171744089398,0.011060379606924221,0.4254329812949489,0.019668944920443226
diagnosis_donors,matched_nearest,cmapss:FD001,diagnosis,independent | bank2:6-10 | gmm_fitted,,,,,,,,,,,,,,,,,,,,,,,,,,,,,,,3,"[11, 12, 13]",matched_nearest,,,,,,,,,,,,,,,,,,,,,,,,,,,,,,,,,,,,,,,,,,,,,,,,,,,,,,,,,,,,,0.10000000000000002,1.6996749443881478e-17,10.0,0.0,203.2513518781553,17.327105309585356,313.3892101822983,26.891766355682954,0.06162263250845471,0.024418700134822627,0.29096314672828655,0.021656080256349172,0.7367351986669299,0.015128991795043192,0.7651645457211336,0.020446329766328448,0.5269143022224606,0.04498998612821941,0.4782456385279154,0.026029043658068383,0.9287417935710378,0.026709673130386604,0.9005058562831504,0.029704648733208584,0.8593665953740596,0.03963581210451293,0.681261914209257,0.0085943100295084,419.3333333333333,27.53785273643051,16.333333333333332,2.5166114784235836,0.0,0.0,0.0,0.0,419.3333333333333,27.53785273643051,293.6666666666667,28.112867753634337,0.6209085391480539,0.0022639692359712102,0.2636439070793611,0.02694642879842165
diagnosis_donors,matched_nearest,cmapss:FD001,diagnosis,marginal_max | bank2:6-10 | gmm_fitted,,,,,,,,,,,,,,,,,,,,,,,,,,,,,,,3,"[11, 12, 13]",matched_nearest,,,,,,,,,,,,,,,,,,,,,,,,,,,,,,,,,,,,,,,,,,,,,,,,,,,,,,,,,,,,,0.10000000000000002,1.6996749443881478e-17,10.0,0.0,36.34149232018932,2.341241413528671,123.48750248335757,8.099385714116446,0.029846764288170125,0.01656365274770624,0.4853466502897746,0.022516378009073044,0.7709648981360083,0.020748958794111885,0.8276015191731365,0.02310299520040824,0.5159893675758461,0.042983956195363916,0.47256915449047726,0.004729100212592583,0.9841380533599059,0.010734492134553091,0.9584340885333947,0.02650449747474552,0.9350300446127532,0.020576047134499315,0.681261914209257,0.0085943100295084,419.3333333333333,27.53785273643051,16.333333333333332,2.5166114784235836,0.0,0.0,0.0,0.0,419.3333333333333,27.53785273643051,208.33333333333334,23.18045153428495,0.6209085391480539,0.0022639692359712102,0.4703022638097008,0.028211653660786144
diagnosis_donors,matched_nearest,cmapss:FD001,diagnosis,conditional_max | bank2:6-10 | gmm_fitted,,,,,,,,,,,,,,,,,,,,,,,,,,,,,,,3,"[11, 12, 13]",matched_nearest,,,,,,,,,,,,,,,,,,,,,,,,,,,,,,,,,,,,,,,,,,,,,,,,,,,,,,,,,,,,,0.10000000000000002,1.6996749443881478e-17,10.0,0.0,51.70630784701276,5.3151355575913115,329.02011918724617,62.66381282118251,0.0445887614185693,0.023453949654561275,0.5664239695496719,0.04337120172230117,0.8371856503879466,0.007995628708338408,0.8783288724397175,0.006025065127035916,0.515568952621592,0.05336888903166879,0.7699141086634714,0.013782625451194085,0.9986247915668228,0.0003739702641426678,0.9994989474854085,0.0006775674586954136,0.9245296072379379,0.02560407744675262,0.7716198292153957,0.008170576497086215,419.3333333333333,27.53785273643051,16.333333333333332,2.5166114784235836,0.0,0.0,0.0,0.0,419.3333333333333,27.53785273643051,173.66666666666666,25.501633934580216,0.7295171744089398,0.011060379606924221,0.5471341046347332,0.026562946883882412
diagnosis_donors,matched_nearest,cmapss:FD001,diagnosis,relational_max | bank2:6-10 | gmm_fitted,,,,,,,,,,,,,,,,,,,,,,,,,,,,,,,3,"[11, 12, 13]",matched_nearest,,,,,,,,,,,,,,,,,,,,,,,,,,,,,,,,,,,,,,,,,,,,,,,,,,,,,,,,,,,,,0.10000000000000002,1.6996749443881478e-17,10.0,0.0,23.452753856582635,8.911924476034878,324.4696582845367,75.05080344975677,0.03037423466174874,0.01939705889879966,0.4926536437167446,0.054601687955113526,0.8294990020959251,0.008247561904508746,0.8688790242339572,0.00286241634297402,0.5117851385356317,0.062025809660138494,0.8593296983788655,0.012968990929312526,0.9967980970962431,0.002973635378152063,0.9976994516999153,0.0015098283660514463,0.8076244632822333,0.03632203304085532,0.7316902731842392,0.015751382157617143,419.3333333333333,27.53785273643051,16.333333333333332,2.5166114784235836,0.0,0.0,0.0,0.0,419.3333333333333,27.53785273643051,205.0,26.057628441590765,0.7057980097542672,0.014636807927949278,0.4669247525546372,0.04913149961554648
diagnosis_donors,matched_nearest,cmapss:FD001,diagnosis,query single_sensor_0 | circuit,,,,,,,,,,,,,,,,,,,,,,,,,,,,,,,3,"[11, 12, 13]",matched_nearest,,,,,,,,,,,,,,,,,,,2.86102294921875e-06,9.5367431640625e-07,1.0159113733340444,0.06402406288827606,0.5974673413329583,0.09712190694682311,871.3333333333334,59.87765303795175,1.0,0.0,1.0,0.0,1.0,0.0,6.0,0.0,50324.0,0.0,240.0,0.0,2.0,0.0,1.0054686666666666,0.05836269717322301,21924489.333333332,1506641.505740942,209120.0,14370.636729108423,13070.0,898.1647955692764,245760.0,0.0,-2.50653765003032e-07,5.340752953305238e-07,8.522770068945343e-07,2.390993288517409e-07,1.2380635325826006e-06,1.7447801872923022e-07,-2.5431315104166665e-06,1.1012082465927615e-06,1.9073486328125e-06,0.0,,,,,,,,,,,,,,,,,,,,,,,,,,,,,,,,,,,,,,,,,,,,
diagnosis_donors,matched_nearest,cmapss:FD001,diagnosis,joint | single_sensor_0 | circuit,,,,,,,,,,,,,,,,,,,,,,,,,,,,,,,3,"[11, 12, 13]",matched_nearest,,,,,,,,,,,,,,,,,,,,,,,,,,,,,,,,,,,,,,,,,,,,,,,,,,,,,,,,,,,,,0.10000000000000002,1.6996749443881478e-17,10.0,0.0,25.48981221516927,1.6797459367864789,73.29075749715169,14.956635978381113,0.07113564675157219,0.05999420243404543,0.17144735035736372,0.07844889054745519,0.5601375111301482,0.010574223579711632,0.6075033354979337,0.012212304366251488,0.5250910132613308,0.022320533580067355,0.522389511299415,0.034301127708035666,0.6342800961613473,0.017196207021359235,0.5848057437867179,0.06254277245660744,0.5355537988937457,0.042143148523972364,,,0.0,0.0,373.6666666666667,24.94660965609021,62.0,9.539392014169456,62.0,9.539392014169456,0.0,0.0,0.0,0.0,,,0.0,0.0
diagnosis_donors,matched_nearest,cmapss:FD001,diagnosis,independent | single_sensor_0 | circuit,,,,,,,,,,,,,,,,,,,,,,,,,,,,,,,3,"[11, 12, 13]",matched_nearest,,,,,,,,,,,,,,,,,,,,,,,,,,,,,,,,,,,,,,,,,,,,,,,,,,,,,,,,,,,,,0.10000000000000002,1.6996749443881478e-17,10.0,0.0,25.48981221516927,1.6797459367864789,73.29076258341472,14.956628913559614,0.07113564675157219,0.05999420243404543,0.17144735035736372,0.07844889054745519,0.5601191243299354,0.010603968545172536,0.6074836588725643,0.012243154354419581,0.5250716587347909,0.022353698056321522,0.5223706121734997,0.03431638742590544,0.634251747472474,0.0171834951322604,0.5847796654473866,0.06258569677808731,0.5355537988937457,0.042143148523972364,,,0.0,0.0,373.6666666666667,24.94660965609021,62.0,9.539392014169456,62.0,9.539392014169456,0.0,0.0,0.0,0.0,,,0.0,0.0
diagnosis_donors,matched_nearest,cmapss:FD001,diagnosis,marginal_max | single_sensor_0 | circuit,,,,,,,,,,,,,,,,,,,,,,,,,,,,,,,3,"[11, 12, 13]",matched_nearest,,,,,,,,,,,,,,,,,,,,,,,,,,,,,,,,,,,,,,,,,,,,,,,,,,,,,,,,,,,,,0.10000000000000002,1.6996749443881478e-17,10.0,0.0,25.48981221516927,1.6797459367864789,73.29076258341472,14.956628913559614,0.07113564675157219,0.05999420243404543,0.17144735035736372,0.07844889054745519,0.5601191243299354,0.010603968545172536,0.6074836588725643,0.012243154354419581,0.5250716587347909,0.022353698056321522,0.5223706121734997,0.03431638742590544,0.634251747472474,0.0171834951322604,0.5847796654473866,0.06258569677808731,0.5355537988937457,0.042143148523972364,,,0.0,0.0,373.6666666666667,24.94660965609021,62.0,9.539392014169456,62.0,9.539392014169456,0.0,0.0,0.0,0.0,,,0.0,0.0
diagnosis_donors,matched_nearest,cmapss:FD001,diagnosis,conditional_max | single_sensor_0 | circuit,,,,,,,,,,,,,,,,,,,,,,,,,,,,,,,3,"[11, 12, 13]",matched_nearest,,,,,,,,,,,,,,,,,,,,,,,,,,,,,,,,,,,,,,,,,,,,,,,,,,,,,,,,,,,,,0.10000000000000002,1.6996749443881478e-17,10.0,0.0,25.48981221516927,1.6797459367864789,73.29076258341472,14.956628913559614,0.07113564675157219,0.05999420243404543,0.17144735035736372,0.07844889054745519,0.5601191243299354,0.010603968545172536,0.6074836588725643,0.012243154354419581,0.5250716587347909,0.022353698056321522,0.5223706121734997,0.03431638742590544,0.634251747472474,0.0171834951322604,0.5847796654473866,0.06258569677808731,0.5355537988937457,0.042143148523972364,,,0.0,0.0,373.6666666666667,24.94660965609021,62.0,9.539392014169456,62.0,9.539392014169456,0.0,0.0,0.0,0.0,,,0.0,0.0
diagnosis_donors,matched_nearest,cmapss:FD001,diagnosis,relational_max | single_sensor_0 | circuit,,,,,,,,,,,,,,,,,,,,,,,,,,,,,,,3,"[11, 12, 13]",matched_nearest,,,,,,,,,,,,,,,,,,,,,,,,,,,,,,,,,,,,,,,,,,,,,,,,,,,,,,,,,,,,,0.10000000000000002,1.6996749443881478e-17,10.0,0.0,0.0,0.0,0.0,0.0,0.0,0.0,0.0,0.0,0.5,0.0,0.5,0.0,0.5,0.0,0.5,0.0,0.5,0.0,0.5,0.0,0.5,0.0,,,0.0,0.0,373.6666666666667,24.94660965609021,62.0,9.539392014169456,62.0,9.539392014169456,0.0,0.0,0.0,0.0,,,0.0,0.0
diagnosis_donors,matched_nearest,cmapss:FD001,diagnosis,query single_sensor_0 | gaussian_fitted,,,,,,,,,,,,,,,,,,,,,,,,,,,,,,,3,"[11, 12, 13]",matched_nearest,,,,,,,,,,,,,,,,,,,0.0,0.0,0.0021009650008636527,8.580028148809507e-05,0.0005977883350472742,1.70612093886927e-05,871.3333333333334,59.87765303795175,1.0,0.0,1.0,0.0,1.0,0.0,4.0,0.0,80.0,0.0,0.0,0.0,1.0,0.0,0.0,0.0,34853.333333333336,2395.1061215180703,0.0,0.0,13070.0,898.1647955692764,39499520.0,0.0,0.0,0.0,0.0,0.0,0.0,0.0,0.0,0.0,0.0,0.0,,,,,,,,,,,,,,,,,,,,,,,,,,,,,,,,,,,,,,,,,,,,
diagnosis_donors,matched_nearest,cmapss:FD001,diagnosis,joint | single_sensor_0 | gaussian_fitted,,,,,,,,,,,,,,,,,,,,,,,,,,,,,,,3,"[11, 12, 13]",matched_nearest,,,,,,,,,,,,,,,,,,,,,,,,,,,,,,,,,,,,,,,,,,,,,,,,,,,,,,,,,,,,,0.10000000000000002,1.6996749443881478e-17,10.0,0.0,24.732293590734272,0.447757908756498,36.669517795762694,3.0749362028594147,0.06738183954938438,0.014909949187952475,0.16010400379373702,0.00436096114266617,0.5593399243801668,0.011235756201461552,0.6038599351402881,0.013490606093228162,0.5270612123902381,0.02285656915823367,0.5163261706959552,0.03832399395535048,0.6337845520441648,0.020059122416330236,0.5889156560327128,0.06543627646864919,0.5319130465557467,0.03768230342631959,,,0.0,0.0,373.6666666666667,24.94660965609021,62.0,9.539392014169456,62.0,9.539392014169456,0.0,0.0,0.0,0.0,,,0.0,0.0
diagnosis_donors,matched_nearest,cmapss:FD001,diagnosis,independent | single_sensor_0 | gaussian_fitted,,,,,,,,,,,,,,,,,,,,,,,,,,,,,,,3,"[11, 12, 13]",matched_nearest,,,,,,,,,,,,,,,,,,,,,,,,,,,,,,,,,,,,,,,,,,,,,,,,,,,,,,,,,,,,,0.10000000000000002,1.6996749443881478e-17,10.0,0.0,24.732293590734272,0.447757908756498,36.669517795762694,3.0749362028594147,0.06738183954938438,0.014909949187952475,0.16010400379373702,0.00436096114266617,0.5593399243801668,0.011235756201461552,0.6038599351402881,0.013490606093228162,0.5270612123902381,0.02285656915823367,0.5163261706959552,0.03832399395535048,0.6337845520441648,0.020059122416330236,0.5889156560327128,0.06543627646864919,0.5319130465557467,0.03768230342631959,,,0.0,0.0,373.6666666666667,24.94660965609021,62.0,9.539392014169456,62.0,9.539392014169456,0.0,0.0,0.0,0.0,,,0.0,0.0
diagnosis_donors,matched_nearest,cmapss:FD001,diagnosis,marginal_max | single_sensor_0 | gaussian_fitted,,,,,,,,,,,,,,,,,,,,,,,,,,,,,,,3,"[11, 12, 13]",matched_nearest,,,,,,,,,,,,,,,,,,,,,,,,,,,,,,,,,,,,,,,,,,,,,,,,,,,,,,,,,,,,,0.10000000000000002,1.6996749443881478e-17,10.0,0.0,24.732293590734272,0.447757908756498,36.669517795762694,3.0749362028594147,0.06738183954938438,0.014909949187952475,0.16010400379373702,0.00436096114266617,0.5593399243801668,0.011235756201461552,0.6038599351402881,0.013490606093228162,0.5270612123902381,0.02285656915823367,0.5163261706959552,0.03832399395535048,0.6337845520441648,0.020059122416330236,0.5889156560327128,0.06543627646864919,0.5319130465557467,0.03768230342631959,,,0.0,0.0,373.6666666666667,24.94660965609021,62.0,9.539392014169456,62.0,9.539392014169456,0.0,0.0,0.0,0.0,,,0.0,0.0
diagnosis_donors,matched_nearest,cmapss:FD001,diagnosis,conditional_max | single_sensor_0 | gaussian_fitted,,,,,,,,,,,,,,,,,,,,,,,,,,,,,,,3,"[11, 12, 13]",matched_nearest,,,,,,,,,,,,,,,,,,,,,,,,,,,,,,,,,,,,,,,,,,,,,,,,,,,,,,,,,,,,,0.10000000000000002,1.6996749443881478e-17,10.0,0.0,24.732293590734272,0.447757908756498,36.669517795762694,3.0749362028594147,0.06738183954938438,0.014909949187952475,0.16010400379373702,0.00436096114266617,0.5593399243801668,0.011235756201461552,0.6038599351402881,0.013490606093228162,0.5270612123902381,0.02285656915823367,0.5163261706959552,0.03832399395535048,0.6337845520441648,0.020059122416330236,0.5889156560327128,0.06543627646864919,0.5319130465557467,0.03768230342631959,,,0.0,0.0,373.6666666666667,24.94660965609021,62.0,9.539392014169456,62.0,9.539392014169456,0.0,0.0,0.0,0.0,,,0.0,0.0
diagnosis_donors,matched_nearest,cmapss:FD001,diagnosis,relational_max | single_sensor_0 | gaussian_fitted,,,,,,,,,,,,,,,,,,,,,,,,,,,,,,,3,"[11, 12, 13]",matched_nearest,,,,,,,,,,,,,,,,,,,,,,,,,,,,,,,,,,,,,,,,,,,,,,,,,,,,,,,,,,,,,0.10000000000000002,1.6996749443881478e-17,10.0,0.0,0.0,0.0,0.0,0.0,0.0,0.0,0.0,0.0,0.5,0.0,0.5,0.0,0.5,0.0,0.5,0.0,0.5,0.0,0.5,0.0,0.5,0.0,,,0.0,0.0,373.6666666666667,24.94660965609021,62.0,9.539392014169456,62.0,9.539392014169456,0.0,0.0,0.0,0.0,,,0.0,0.0
diagnosis_donors,matched_nearest,cmapss:FD001,diagnosis,query single_sensor_0 | gmm_fitted,,,,,,,,,,,,,,,,,,,,,,,,,,,,,,,3,"[11, 12, 13]",matched_nearest,,,,,,,,,,,,,,,,,,,0.0,0.0,0.00285031000142529,0.00044253757672717904,0.0007169056674077486,0.00011783759645143623,871.3333333333334,59.87765303795175,1.0,0.0,1.0,0.0,1.0,0.0,4.0,0.0,80.0,0.0,0.0,0.0,1.0,0.0,0.0,0.0,34853.333333333336,2395.1061215180703,0.0,0.0,13070.0,898.1647955692764,105334250.66666667,45611068.48296564,0.0,0.0,0.0,0.0,0.0,0.0,0.0,0.0,0.0,0.0,,,,,,,,,,,,,,,,,,,,,,,,,,,,,,,,,,,,,,,,,,,,
diagnosis_donors,matched_nearest,cmapss:FD001,diagnosis,joint | single_sensor_0 | gmm_fitted,,,,,,,,,,,,,,,,,,,,,,,,,,,,,,,3,"[11, 12, 13]",matched_nearest,,,,,,,,,,,,,,,,,,,,,,,,,,,,,,,,,,,,,,,,,,,,,,,,,,,,,,,,,,,,,0.10000000000000002,1.6996749443881478e-17,10.0,0.0,24.94528769228847,0.4475285568037662,36.36003222781875,3.1824044148531403,0.06035423330915677,0.009351080588078466,0.15608793953670888,0.004712376523337382,0.5598848968220187,0.011833506298124661,0.6051342110503732,0.013715145241847252,0.5285593868348623,0.02336303970341611,0.5169063537398971,0.0372151670221768,0.6338034712377473,0.019171912464404528,0.588361404674621,0.06677280540797838,0.5329197195868157,0.0367280487948732,,,0.0,0.0,373.6666666666667,24.94660965609021,62.0,9.539392014169456,62.0,9.539392014169456,0.0,0.0,0.0,0.0,,,0.0,0.0
diagnosis_donors,matched_nearest,cmapss:FD001,diagnosis,independent | single_sensor_0 | gmm_fitted,,,,,,,,,,,,,,,,,,,,,,,,,,,,,,,3,"[11, 12, 13]",matched_nearest,,,,,,,,,,,,,,,,,,,,,,,,,,,,,,,,,,,,,,,,,,,,,,,,,,,,,,,,,,,,,0.10000000000000002,1.6996749443881478e-17,10.0,0.0,24.94528769228847,0.4475285568037662,36.36003222781875,3.1824044148531403,0.06035423330915677,0.009351080588078466,0.15608793953670888,0.004712376523337382,0.5598848968220187,0.011833506298124661,0.6051342110503732,0.013715145241847252,0.5285593868348623,0.02336303970341611,0.5169063537398971,0.0372151670221768,0.6338034712377473,0.019171912464404528,0.588361404674621,0.06677280540797838,0.5329197195868157,0.0367280487948732,,,0.0,0.0,373.6666666666667,24.94660965609021,62.0,9.539392014169456,62.0,9.539392014169456,0.0,0.0,0.0,0.0,,,0.0,0.0
diagnosis_donors,matched_nearest,cmapss:FD001,diagnosis,marginal_max | single_sensor_0 | gmm_fitted,,,,,,,,,,,,,,,,,,,,,,,,,,,,,,,3,"[11, 12, 13]",matched_nearest,,,,,,,,,,,,,,,,,,,,,,,,,,,,,,,,,,,,,,,,,,,,,,,,,,,,,,,,,,,,,0.10000000000000002,1.6996749443881478e-17,10.0,0.0,24.94528769228847,0.4475285568037662,36.36003222781875,3.1824044148531403,0.06035423330915677,0.009351080588078466,0.15608793953670888,0.004712376523337382,0.5598848968220187,0.011833506298124661,0.6051342110503732,0.013715145241847252,0.5285593868348623,0.02336303970341611,0.5169063537398971,0.0372151670221768,0.6338034712377473,0.019171912464404528,0.588361404674621,0.06677280540797838,0.5329197195868157,0.0367280487948732,,,0.0,0.0,373.6666666666667,24.94660965609021,62.0,9.539392014169456,62.0,9.539392014169456,0.0,0.0,0.0,0.0,,,0.0,0.0
diagnosis_donors,matched_nearest,cmapss:FD001,diagnosis,conditional_max | single_sensor_0 | gmm_fitted,,,,,,,,,,,,,,,,,,,,,,,,,,,,,,,3,"[11, 12, 13]",matched_nearest,,,,,,,,,,,,,,,,,,,,,,,,,,,,,,,,,,,,,,,,,,,,,,,,,,,,,,,,,,,,,0.10000000000000002,1.6996749443881478e-17,10.0,0.0,24.94528769228847,0.4475285568037662,36.36003222781875,3.1824044148531403,0.06035423330915677,0.009351080588078466,0.15608793953670888,0.004712376523337382,0.5598848968220187,0.011833506298124661,0.6051342110503732,0.013715145241847252,0.5285593868348623,0.02336303970341611,0.5169063537398971,0.0372151670221768,0.6338034712377473,0.019171912464404528,0.588361404674621,0.06677280540797838,0.5329197195868157,0.0367280487948732,,,0.0,0.0,373.6666666666667,24.94660965609021,62.0,9.539392014169456,62.0,9.539392014169456,0.0,0.0,0.0,0.0,,,0.0,0.0
diagnosis_donors,matched_nearest,cmapss:FD001,diagnosis,relational_max | single_sensor_0 | gmm_fitted,,,,,,,,,,,,,,,,,,,,,,,,,,,,,,,3,"[11, 12, 13]",matched_nearest,,,,,,,,,,,,,,,,,,,,,,,,,,,,,,,,,,,,,,,,,,,,,,,,,,,,,,,,,,,,,0.10000000000000002,1.6996749443881478e-17,10.0,0.0,0.0,0.0,0.0,0.0,0.0,0.0,0.0,0.0,0.5,0.0,0.5,0.0,0.5,0.0,0.5,0.0,0.5,0.0,0.5,0.0,0.5,0.0,,,0.0,0.0,373.6666666666667,24.94660965609021,62.0,9.539392014169456,62.0,9.539392014169456,0.0,0.0,0.0,0.0,,,0.0,0.0
diagnosis_donors,matched_tight,cmapss:FD001,diagnosis,model,-1.9868214925130207e-08,4.057204297515181e-07,2400.0,0.0,2385.0,0.0,19136.0,0.0,23921.0,0.0,174240.0,0.0,2760.0,103.92304845413264,180.0,0.0,177.33333333333334,2.081665999466133,34.818063735961914,6.906422197806719,82.81124703089397,18.32362091468847,29.97063600213279,5.2481180230416875,0.02,0.0,180.0,0.0,256.0,0.0,3,"[11, 12, 13]",matched_tight,,,,,,,,,,,,,,,,,,,,,,,,,,,,,,,,,,,,,,,,,,,,,,,,,,,,,,,,,,,,,,,,,,,,,,,,,,,,,,,,,,,,,,,,,,,,,,,,,,,,,,,,
diagnosis_donors,matched_tight,cmapss:FD001,diagnosis,shortcut audit,,,,,,,,,,,,,,,,,,,,,,,,,,,,,,,3,"[11, 12, 13]",matched_tight,0.5516758903987454,0.00727965674585897,0.0,0.0,1128.0,157.12415473121885,871.3333333333334,59.87765303795175,42.0,0.0,,,,,,,,,,,,,,,,,,,,,,,,,,,,,,,,,,,,,,,,,,,,,,,,,,,,,,,,,,,,,,,,,,,,,,,,,,,,,,,,,,,,,,,,,,,,,,
diagnosis_donors,matched_tight,cmapss:FD001,diagnosis,model gaussian_fitted,,,,,,,,,,,45450.0,0.0,,,,,,,,,0.2282560363334293,0.023400711774748464,,,,,,,,,3,"[11, 12, 13]",matched_tight,,,,,,,,,,,1.0,0.0,300.0,0.0,-171.15366534841655,3.3797863530555086,1.0,0.0,,,,,,,,,,,,,,,,,,,,,,,,,,,,,,,,,,,,,,,,,,,,,,,,,,,,,,,,,,,,,,,,,,,,,,,,,,,,,,,,,,,,,,
diagnosis_donors,matched_tight,cmapss:FD001,diagnosis,model gmm_fitted,,,,,,,,,,,121201.66666666667,52482.294169875364,,,,,,,,,33.864643117334104,7.443320607569706,,,,,,,,,3,"[11, 12, 13]",matched_tight,,,,,,,,,,,2.6666666666666665,1.1547005383792515,300.0,0.0,-117.81953513139916,6.786695205833636,14.0,0.0,,,,,,,,,,,,,,,,,,,,,,,,,,,,,,,,,,,,,,,,,,,,,,,,,,,,,,,,,,,,,,,,,,,,,,,,,,,,,,,,,,,,,,
diagnosis_donors,matched_tight,cmapss:FD001,diagnosis,query full | circuit,,,,,,,,,,,,,,,,,,,,,,,,,,,,,,,3,"[11, 12, 13]",matched_tight,,,,,,,,,,,,,,,,,,,2.2729237874348957e-05,3.449524945292585e-06,0.9836267263332653,0.013601248584654644,0.48890417033423245,0.002386414499426597,871.3333333333334,59.87765303795175,15.0,0.0,15.0,0.0,15.0,0.0,6.0,0.0,50324.0,0.0,240.0,0.0,2.0,0.0,0.9776776666666667,0.010557157303617969,21924489.333333332,1506641.505740942,209120.0,14370.636729108423,13070.0,898.1647955692764,245760.0,0.0,6.949141343434651,1.9456908608482335,6.958476702372233,1.9545041997363342,1.8644674221674602,0.9382562947112781,2.8988715012868247,0.5391021687768923,9.23027229309082,2.5761635822016604,,,,,,,,,,,,,,,,,,,,,,,,,,,,,,,,,,,,,,,,,,,,
diagnosis_donors,matched_tight,cmapss:FD001,diagnosis,joint | full | circuit,,,,,,,,,,,,,,,,,,,,,,,,,,,,,,,3,"[11, 12, 13]",matched_tight,,,,,,,,,,,,,,,,,,,,,,,,,,,,,,,,,,,,,,,,,,,,,,,,,,,,,,,,,,,,,0.10000000000000002,1.6996749443881478e-17,10.0,0.0,61.68791707356771,21.516536069912114,1078.6645914713542,149.00103127531165,0.08082474093206546,0.03695764254916276,0.5671660727815974,0.072323739376811,0.799684607394192,0.029964752737482933,0.8477898296159964,0.02464742890966827,0.536590161043492,0.04485532027547419,0.5587910698550851,0.05382329109537532,0.9946798146259153,0.0029883534363764563,0.9942087382407001,0.005544781491131669,0.9294186999989872,0.008159641814016606,0.6773404697861615,0.026709980689148028,435.6666666666667,29.938826518975876,0.0,0.0,0.0,0.0,0.0,0.0,435.6666666666667,29.938826518975876,189.66666666666666,43.015501081974314,0.6427057428058508,0.02235105537435779,0.5285604250216557,0.05646756027150248
diagnosis_donors,matched_tight,cmapss:FD001,diagnosis,independent | full | circuit,,,,,,,,,,,,,,,,,,,,,,,,,,,,,,,3,"[11, 12, 13]",matched_tight,,,,,,,,,,,,,,,,,,,,,,,,,,,,,,,,,,,,,,,,,,,,,,,,,,,,,,,,,,,,,0.10000000000000002,1.6996749443881478e-17,10.0,0.0,70.1052754720052,19.42345358821868,1067.4863688151042,157.5238360271457,0.07999488120881225,0.042270185359665466,0.5500719425043119,0.06857841559769275,0.7880854802719804,0.026634396762621658,0.8399437038831312,0.0230491207800705,0.5351589150759328,0.042282545016557434,0.5068345293529646,0.03257710989584227,0.9915664003588675,0.00314637713938682,0.9903524882291158,0.008537451646794111,0.9285175336735101,0.007276562800611448,0.6514111479904714,0.0247773781795702,435.6666666666667,29.938826518975876,0.0,0.0,0.0,0.0,0.0,0.0,435.6666666666667,29.938826518975876,197.0,41.32795663954365,0.6159617597140604,0.023133396268441193,0.5177580342545942,0.05474480744867308
diagnosis_donors,matched_tight,cmapss:FD001,diagnosis,marginal_max | full | circuit,,,,,,,,,,,,,,,,,,,,,,,,,,,,,,,3,"[11, 12, 13]",matched_tight,,,,,,,,,,,,,,,,,,,,,,,,,,,,,,,,,,,,,,,,,,,,,,,,,,,,,,,,,,,,,0.10000000000000002,1.6996749443881478e-17,10.0,0.0,30.06584358215332,1.1284432933422985,539.8334147135416,107.08559983574723,0.028766351075371368,0.016824045960309904,0.5703046126221128,0.02473921065072129,0.7909535801259487,0.02334461641124137,0.8513605867671838,0.0157342562456243,0.5205432697717275,0.029952251191788563,0.5005164704645853,0.025902293382982524,0.9968406674688756,0.0014128905942333246,0.9953209719673121,0.005319424437363969,0.9570027610250924,0.019039844511775636,0.6514111479904714,0.0247773781795702,435.6666666666667,29.938826518975876,0.0,0.0,0.0,0.0,0.0,0.0,435.6666666666667,29.938826518975876,187.66666666666666,23.692474191889147,0.6159617597140604,0.023133396268441193,0.5618718901014971,0.025913566423995175
diagnosis_donors,matched_tight,cmapss:FD001,diagnosis,conditional_max | full | circuit,,,,,,,,,,,,,,,,,,,,,,,,,,,,,,,3,"[11, 12, 13]",matched_tight,,,,,,,,,,,,,,,,,,,,,,,,,,,,,,,,,,,,,,,,,,,,,,,,,,,,,,,,,,,,,0.10000000000000002,1.6996749443881478e-17,10.0,0.0,29.235803604125977,1.0912901300266746,540.1938273111979,106.98671278966894,0.0303861002141064,0.021719241607148526,0.5810803565173267,0.028053013042802267,0.8048326870227904,0.024323664771706686,0.8607597869274781,0.01595824792295303,0.5181540751201644,0.03504571336736491,0.569753573869212,0.042859411753842155,0.9990942877782159,0.0010373269906314075,0.9990733469103404,0.0015007558485040237,0.9567555554296979,0.01920543088260481,0.6773404697861615,0.026709980689148028,435.6666666666667,29.938826518975876,0.0,0.0,0.0,0.0,0.0,0.0,435.6666666666667,29.938826518975876,183.0,24.43358344574123,0.6427057428058508,0.02235105537435779,0.5726343105607871,0.03088528889737997
diagnosis_donors,matched_tight,cmapss:FD001,diagnosis,relational_max | full | circuit,,,,,,,,,,,,,,,,,,,,,,,,,,,,,,,3,"[11, 12, 13]",matched_tight,,,,,,,,,,,,,,,,,,,,,,,,,,,,,,,,,,,,,,,,,,,,,,,,,,,,,,,,,,,,,0.10000000000000002,1.6996749443881478e-17,10.0,0.0,3.2472216288248696,1.0354398241252958,12.593312581380209,0.75930171346858,0.01337409737771293,0.017201121102367472,0.3091320611679348,0.07119280803144878,0.702605033838675,0.021304830777201054,0.7658287254653523,0.01786240815780725,0.5060784207890673,0.011889584011946307,0.7008831824254863,0.04904775726866465,0.8992763081872511,0.015169480054423446,0.8925196239854625,0.012112773464234845,0.5303121260796376,0.02505621478023595,0.44219836851279387,0.02488984065415482,435.6666666666667,29.938826518975876,0.0,0.0,0.0,0.0,133.33333333333334,43.75309512861157,302.3333333333333,15.947831618540913,168.33333333333334,36.555893277737496,0.6180775769644613,0.057936706957909236,0.2973651184348162,0.06673535666055032
diagnosis_donors,matched_tight,cmapss:FD001,diagnosis,query full | gaussian_fitted,,,,,,,,,,,,,,,,,,,,,,,,,,,,,,,3,"[11, 12, 13]",matched_tight,,,,,,,,,,,,,,,,,,,0.0,0.0,0.8231400446650999,0.066233421525588,0.008022785001230659,0.000528543148070356,871.3333333333334,59.87765303795175,15.0,0.0,15.0,0.0,15.0,0.0,62.0,0.0,9600.0,0.0,0.0,0.0,1.0,0.0,0.0,0.0,4182400.0,287412.73458216846,0.0,0.0,13070.0,898.1647955692764,10214400.0,0.0,14.496685004899476,2.4552801398307738,14.506740300708543,2.4406829073543252,6.235678541814774,0.2395808346157602,5.34350138340286,2.2287799679890967,26.071953605050382,2.4427795397111893,,,,,,,,,,,,,,,,,,,,,,,,,,,,,,,,,,,,,,,,,,,,
diagnosis_donors,matched_tight,cmapss:FD001,diagnosis,joint | full | gaussian_fitted,,,,,,,,,,,,,,,,,,,,,,,,,,,,,,,3,"[11, 12, 13]",matched_tight,,,,,,,,,,,,,,,,,,,,,,,,,,,,,,,,,,,,,,,,,,,,,,,,,,,,,,,,,,,,,0.10000000000000002,1.6996749443881478e-17,10.0,0.0,200.46113196378997,9.674914662338564,1065.6095861305332,111.39392137273288,0.048735306254765964,0.007689328608403548,0.634087059137022,0.029524983887970584,0.8401306089977149,0.01681711703921244,0.8840220207063222,0.013100550893143551,0.5284083932513849,0.05147223915768912,0.7395988429012267,0.0176998583321314,0.9993026473589773,0.0004653955143205745,1.0,0.0,0.9547847928563687,0.008319319633954733,0.7373371291503289,0.011412270792001843,435.6666666666667,29.938826518975876,0.0,0.0,0.0,0.0,0.0,0.0,435.6666666666667,29.938826518975876,160.0,24.269322199023193,0.7128571156664573,0.012655658201076643,0.6050000546706337,0.029283660858530507
diagnosis_donors,matched_tight,cmapss:FD001,diagnosis,independent | full | gaussian_fitted,,,,,,,,,,,,,,,,,,,,,,,,,,,,,,,3,"[11, 12, 13]",matched_tight,,,,,,,,,,,,,,,,,,,,,,,,,,,,,,,,,,,,,,,,,,,,,,,,,,,,,,,,,,,,,0.10000000000000002,1.6996749443881478e-17,10.0,0.0,214.93106680702763,12.446465647293557,400.04213066377383,39.71228868206283,0.050409078078979215,0.00466474001126776,0.49976524024908753,0.0367015908501359,0.7820715784690014,0.02605872383468336,0.834596035999091,0.022154281490595423,0.532431495417645,0.044975941431083265,0.49077305907489516,0.04160867079449922,0.9837502327615956,0.0038804523173837256,0.9665740523852513,0.011703000576992138,0.9472074603029208,0.003060478257083976,0.6763807381187412,0.015799287894298956,435.6666666666667,29.938826518975876,0.0,0.0,0.0,0.0,0.0,0.0,435.6666666666667,29.938826518975876,218.66666666666666,31.564748269760262,0.6212882183164442,0.017412130405228925,0.4737837707591483,0.03798124849139086
diagnosis_donors,matched_tight,cmapss:FD001,diagnosis,marginal_max | full | gaussian_fitted,,,,,,,,,,,,,,,,,,,,,,,,,,,,,,,3,"[11, 12, 13]",matched_tight,,,,,,,,,,,,,,,,,,,,,,,,,,,,,,,,,,,,,,,,,,,,,,,,,,,,,,,,,,,,,0.10000000000000002,1.6996749443881478e-17,10.0,0.0,52.42989189452059,5.537974066128937,238.32340863861387,12.372262348671308,0.02423759776425456,0.022527446782545688,0.36003135259602487,0.0389537095886893,0.7774248478641171,0.0240295758479964,0.8226577640132781,0.03159461693640138,0.5135826417007375,0.05089874878929643,0.49104379315565466,0.011084061733533608,0.9762107483034347,0.01430616303725835,0.9435077655649744,0.031538260927745,0.9735303403831553,0.013832025012822501,0.6763807381187412,0.015799287894298956,435.6666666666667,29.938826518975876,0.0,0.0,0.0,0.0,0.0,0.0,435.6666666666667,29.938826518975876,279.3333333333333,33.02019584032374,0.6212882183164442,0.017412130405228925,0.34749059766341756,0.050318742087482105
diagnosis_donors,matched_tight,cmapss:FD001,diagnosis,conditional_max | full | gaussian_fitted,,,,,,,,,,,,,,,,,,,,,,,,,,,,,,,3,"[11, 12, 13]",matched_tight,,,,,,,,,,,,,,,,,,,,,,,,,,,,,,,,,,,,,,,,,,,,,,,,,,,,,,,,,,,,,0.10000000000000002,1.6996749443881478e-17,10.0,0.0,54.4981017605445,5.033699356063638,511.90071020100277,53.867328682673815,0.02304784328399612,0.018540918501750433,0.5714305037028218,0.03371622722179908,0.839657958157544,0.015512074757601255,0.8838421126437058,0.014047927138800419,0.5185803240032293,0.061354797220480865,0.7275437546048421,0.016770610134757793,0.9976616471549841,0.002400229890574476,0.9988225406255449,0.0015010554619609936,0.9753318184792636,0.011997532341601932,0.7373371291503289,0.011412270792001843,435.6666666666667,29.938826518975876,0.0,0.0,0.0,0.0,0.0,0.0,435.6666666666667,29.938826518975876,187.33333333333334,27.537852736430512,0.7128571156664573,0.012655658201076643,0.5593436365204693,0.034827894502053924
diagnosis_donors,matched_tight,cmapss:FD001,diagnosis,relational_max | full | gaussian_fitted,,,,,,,,,,,,,,,,,,,,,,,,,,,,,,,3,"[11, 12, 13]",matched_tight,,,,,,,,,,,,,,,,,,,,,,,,,,,,,,,,,,,,,,,,,,,,,,,,,,,,,,,,,,,,,0.10000000000000002,1.6996749443881478e-17,10.0,0.0,4.182285147994786,0.8537955860208039,497.67200767606454,13.574076024462551,0.08655393986959231,0.06159716748659835,0.6739933820185451,0.028681383099469642,0.8334841889205743,0.009001750235582041,0.8842218883534813,0.004580323568659522,0.47557628818034753,0.03254757559029401,0.8453927921111576,0.036604492557944485,1.0,0.0,1.0,0.0,0.8732970215835049,0.018412158113055088,0.6857186649313377,0.009921665908190939,435.6666666666667,29.938826518975876,0.0,0.0,0.0,0.0,0.0,0.0,435.6666666666667,29.938826518975876,141.66666666666666,9.504384952922168,0.6825102568183392,0.00929909584221096,0.6240142985980425,0.017103736993586464
diagnosis_donors,matched_tight,cmapss:FD001,diagnosis,query full | gmm_fitted,,,,,,,,,,,,,,,,,,,,,,,,,,,,,,,3,"[11, 12, 13]",matched_tight,,,,,,,,,,,,,,,,,,,0.0,0.0,2.132382006666982,0.7809235885893465,0.01903111866704421,0.007840738706186562,871.3333333333334,59.87765303795175,15.0,0.0,15.0,0.0,15.0,0.0,62.0,0.0,9600.0,0.0,0.0,0.0,1.0,0.0,0.0,0.0,4182400.0,287412.73458216846,0.0,0.0,13070.0,898.1647955692764,27239061.333333332,11794859.544954546,6.334402511985836,4.161639277349775,10.703313404618797,0.9025612523780034,11.388607238316427,2.6090161855361442,-18.321827480427597,16.253395031846146,20.45718633595518,4.819328826080338,,,,,,,,,,,,,,,,,,,,,,,,,,,,,,,,,,,,,,,,,,,,
diagnosis_donors,matched_tight,cmapss:FD001,diagnosis,joint | full | gmm_fitted,,,,,,,,,,,,,,,,,,,,,,,,,,,,,,,3,"[11, 12, 13]",matched_tight,,,,,,,,,,,,,,,,,,,,,,,,,,,,,,,,,,,,,,,,,,,,,,,,,,,,,,,,,,,,,0.10000000000000002,1.6996749443881478e-17,10.0,0.0,209.9546529558003,3.541185400694484,1398.0181332444483,151.93247831038462,0.06317851824764015,0.010916761672249838,0.5327197263390558,0.05170475337167609,0.8230109613783735,0.012607238522958104,0.8629829406427775,0.01058096335022532,0.5245415671697121,0.042860618961324856,0.7049268385332165,0.02298709202844633,0.9917960295392083,0.0026583055496672467,0.9970855414030666,0.0009206907283733533,0.915773159817166,0.02497735372827668,0.7312650936495032,0.010702156398171351,435.6666666666667,29.938826518975876,0.0,0.0,0.0,0.0,0.0,0.0,435.6666666666667,29.938826518975876,204.0,31.04834939252005,0.7127364758013601,0.0091875580319903,0.5003118250960887,0.03465428640915097
diagnosis_donors,matched_tight,cmapss:FD001,diagnosis,independent | full | gmm_fitted,,,,,,,,,,,,,,,,,,,,,,,,,,,,,,,3,"[11, 12, 13]",matched_tight,,,,,,,,,,,,,,,,,,,,,,,,,,,,,,,,,,,,,,,,,,,,,,,,,,,,,,,,,,,,,0.10000000000000002,1.6996749443881478e-17,10.0,0.0,192.9553165874017,19.49032798006242,462.1522109486494,66.95185283194174,0.0682903439916771,0.012834193030111,0.4105660111455198,0.04422123127775224,0.7642049200397154,0.02178510983625037,0.8080235726581856,0.02142256859835863,0.5273046824726033,0.041002876133999284,0.48654343941100314,0.041054205863879006,0.96231872544268,0.012526834479761828,0.9423160925491153,0.015028849818343857,0.9125140315229553,0.02168877074505323,0.6748348164021376,0.012205809756806681,435.6666666666667,29.938826518975876,0.0,0.0,0.0,0.0,0.0,0.0,435.6666666666667,29.938826518975876,257.6666666666667,37.5410886008029,0.621167578451347,0.01466355053852963,0.3838753217974247,0.04554208812543393
diagnosis_donors,matched_tight,cmapss:FD001,diagnosis,marginal_max | full | gmm_fitted,,,,,,,,,,,,,,,,,,,,,,,,,,,,,,,3,"[11, 12, 13]",matched_tight,,,,,,,,,,,,,,,,,,,,,,,,,,,,,,,,,,,,,,,,,,,,,,,,,,,,,,,,,,,,,0.10000000000000002,1.6996749443881478e-17,10.0,0.0,36.34149232018932,2.341241413528671,266.59031227109136,7.252903793184833,0.029846764288170125,0.01656365274770624,0.5391572947026586,0.02841442104730901,0.7867382303053571,0.024077381855301776,0.8447667110969425,0.020695159721112886,0.5159893675758461,0.042983956195363916,0.4853810656292123,0.007004538898091542,0.9933257502208551,0.003850618858964483,0.967989635592274,0.022430402878096667,0.9831769069365547,0.005919727056457603,0.6748348164021376,0.012205809756806681,435.6666666666667,29.938826518975876,0.0,0.0,0.0,0.0,0.0,0.0,435.6666666666667,29.938826518975876,201.33333333333334,26.57693235370353,0.621167578451347,0.01466355053852963,0.5263345607903025,0.03209267722102205
diagnosis_donors,matched_tight,cmapss:FD001,diagnosis,conditional_max | full | gmm_fitted,,,,,,,,,,,,,,,,,,,,,,,,,,,,,,,3,"[11, 12, 13]",matched_tight,,,,,,,,,,,,,,,,,,,,,,,,,,,,,,,,,,,,,,,,,,,,,,,,,,,,,,,,,,,,,0.10000000000000002,1.6996749443881478e-17,10.0,0.0,62.55781634021029,6.837105771391981,698.3405041141659,77.12005631882943,0.030038232996521735,0.0130061735390915,0.5678564616436909,0.05413123687619681,0.8370734079553728,0.011983322954098636,0.8817600736533558,0.008652903718380862,0.5138901862679303,0.047449921060986715,0.72172444511545,0.011498731760698697,0.9991744561997026,0.0001132774657342245,0.9997232767140263,0.00021614275410415657,0.9714545796743126,0.00861869316637644,0.7312650936495032,0.010702156398171351,435.6666666666667,29.938826518975876,0.0,0.0,0.0,0.0,0.0,0.0,435.6666666666667,29.938826518975876,188.66666666666666,30.730007050655445,0.7127364758013601,0.0091875580319903,0.5544423939582065,0.04365581031225493
diagnosis_donors,matched_tight,cmapss:FD001,diagnosis,relational_max | full | gmm_fitted,,,,,,,,,,,,,,,,,,,,,,,,,,,,,,,3,"[11, 12, 13]",matched_tight,,,,,,,,,,,,,,,,,,,,,,,,,,,,,,,,,,,,,,,,,,,,,,,,,,,,,,,,,,,,,0.10000000000000002,1.6996749443881478e-17,10.0,0.0,32.74630181432422,13.579944117795115,675.8281855521113,80.15380241625455,0.02744336223587503,0.022373534859996297,0.5230944955581123,0.05931701534087719,0.8304802242784616,0.005963349549744869,0.8728071226104674,0.002962256787372829,0.5056326473763092,0.04925816557674202,0.8054988589693491,0.025358680548585946,0.9982657393889752,0.0018530021611069059,0.998925930096826,0.0011765927563738175,0.8669975165802367,0.0228026861198277,0.6914524178129037,0.018436991656852433,435.6666666666667,29.938826518975876,0.0,0.0,0.0,0.0,0.0,0.0,435.6666666666667,29.938826518975876,208.0,31.480152477394387,0.6849731891162513,0.022529621603203685,0.48640187451429195,0.04850837944195265
diagnosis_donors,matched_tight,cmapss:FD001,diagnosis,query random1:1 | circuit,,,,,,,,,,,,,,,,,,,,,,,,,,,,,,,3,"[11, 12, 13]",matched_tight,,,,,,,,,,,,,,,,,,,2.4159749348958332e-05,1.1012082465927615e-06,0.9843175136666105,0.0008389220641305643,0.4884520596679067,0.0025933757589847515,871.3333333333334,59.87765303795175,14.0,0.0,14.0,0.0,14.0,0.0,6.0,0.0,50324.0,0.0,240.0,0.0,2.0,0.0,0.9738556666666666,0.0010607437642207902,21924489.333333332,1506641.505740942,209120.0,14370.636729108423,13070.0,898.1647955692764,245760.0,0.0,6.305557727813721,1.8751458743054532,6.317993640899658,1.886290874302974,1.6817729274431865,0.7831979409436192,2.547703981399536,0.4016404289866805,8.229477723439535,2.402400977012175,,,,,,,,,,,,,,,,,,,,,,,,,,,,,,,,,,,,,,,,,,,,
diagnosis_donors,matched_tight,cmapss:FD001,diagnosis,joint | random1:1 | circuit,,,,,,,,,,,,,,,,,,,,,,,,,,,,,,,3,"[11, 12, 13]",matched_tight,,,,,,,,,,,,,,,,,,,,,,,,,,,,,,,,,,,,,,,,,,,,,,,,,,,,,,,,,,,,,0.10000000000000002,1.6996749443881478e-17,10.0,0.0,42.928086598714195,23.77366265203791,1056.5423177083333,130.22347733700127,0.07947291839537235,0.027908119601869393,0.54981936417648,0.07556304882078146,0.7941146231707994,0.02671078047006549,0.844115357785521,0.023071998057463176,0.5314485092647042,0.0405373781520828,0.5528184073314734,0.045513353139763714,0.9892526278705182,0.004163256740242993,0.9922859131432946,0.006348892696712551,0.9191876935998508,0.016766185782481572,0.6821039667097585,0.023865578478211597,427.6666666666667,24.583192089989723,8.0,5.5677643628300215,0.0,0.0,0.0,0.0,427.6666666666667,24.583192089989723,189.66666666666666,41.78915329763614,0.6403760673763014,0.021591349134561073,0.5141852880919665,0.06239589587784951
diagnosis_donors,matched_tight,cmapss:FD001,diagnosis,independent | random1:1 | circuit,,,,,,,,,,,,,,,,,,,,,,,,,,,,,,,3,"[11, 12, 13]",matched_tight,,,,,,,,,,,,,,,,,,,,,,,,,,,,,,,,,,,,,,,,,,,,,,,,,,,,,,,,,,,,,0.10000000000000002,1.6996749443881478e-17,10.0,0.0,50.589342753092446,21.862377767454586,1049.9213460286458,136.29334855448798,0.07715727283440509,0.02974691749636056,0.5390036499734948,0.07516059346107412,0.7834788850736625,0.023446835731546507,0.8370489232019512,0.021751052744550647,0.5292640674604784,0.03512410203492434,0.5078313495633039,0.031152501952438686,0.9848101218110211,0.005025849187641633,0.988757744558364,0.009562688389720663,0.9183140090076197,0.014744691456289616,0.6591627979412213,0.02449488786465841,427.6666666666667,24.583192089989723,8.0,5.5677643628300215,0.0,0.0,0.0,0.0,427.6666666666667,24.583192089989723,194.33333333333334,41.66933324800546,0.6166085736233984,0.024666495348075867,0.5042667797336365,0.06298097964464278
diagnosis_donors,matched_tight,cmapss:FD001,diagnosis,marginal_max | random1:1 | circuit,,,,,,,,,,,,,,,,,,,,,,,,,,,,,,,3,"[11, 12, 13]",matched_tight,,,,,,,,,,,,,,,,,,,,,,,,,,,,,,,,,,,,,,,,,,,,,,,,,,,,,,,,,,,,,0.10000000000000002,1.6996749443881478e-17,10.0,0.0,28.323476791381836,2.47367057817747,541.1026611328125,106.48788613544886,0.06984060068042665,0.06430892544815717,0.5904958950453422,0.0723933682641837,0.7875020511478326,0.023247683470799575,0.8493625963076171,0.016477001707995275,0.5226528240150446,0.028817369071765863,0.5017234094503985,0.03320565868821276,0.9955441047281388,0.0008323608784570135,0.9943355513279323,0.006924337063441259,0.9382106217067591,0.015826504337647547,0.6591627979412213,0.02449488786465841,427.6666666666667,24.583192089989723,8.0,5.5677643628300215,0.0,0.0,0.0,0.0,427.6666666666667,24.583192089989723,171.33333333333334,37.634204300520736,0.6166085736233984,0.024666495348075867,0.559946268891235,0.03913267378073876
diagnosis_donors,matched_tight,cmapss:FD001,diagnosis,conditional_max | random1:1 | circuit,,,,,,,,,,,,,,,,,,,,,,,,,,,,,,,3,"[11, 12, 13]",matched_tight,,,,,,,,,,,,,,,,,,,,,,,,,,,,,,,,,,,,,,,,,,,,,,,,,,,,,,,,,,,,,0.10000000000000002,1.6996749443881478e-17,10.0,0.0,27.66791280110677,2.371228185466592,541.4386189778646,106.93636112893424,0.06751090274175252,0.055404758043418344,0.5964516328903392,0.06696377765413285,0.8006989697361081,0.023718550990388197,0.858224990345963,0.016572287785142796,0.5193323081661476,0.03725629050650668,0.5654699895030499,0.03486376165122583,0.9990747389215339,0.0002728205988021043,0.9966946061221337,0.004242848815008388,0.9407183959082319,0.014884761319208096,0.6821039667097585,0.023865578478211597,427.6666666666667,24.583192089989723,8.0,5.5677643628300215,0.0,0.0,0.0,0.0,427.6666666666667,24.583192089989723,168.66666666666666,35.11884584284246,0.6403760673763014,0.021591349134561073,0.5698381303777174,0.04124134294426854
diagnosis_donors,matched_tight,cmapss:FD001,diagnosis,relational_max | random1:1 | circuit,,,,,,,,,,,,,,,,,,,,,,,,,,,,,,,3,"[11, 12, 13]",matched_tight,,,,,,,,,,,,,,,,,,,,,,,,,,,,,,,,,,,,,,,,,,,,,,,,,,,,,,,,,,,,,0.10000000000000002,1.6996749443881478e-17,10.0,0.0,3.3600136439005532,0.8443834480864945,12.432607014973959,0.9522377071755258,0.005461879786970813,0.005532634578577146,0.28588015468144634,0.06237881651236434,0.6997752252138275,0.013688011115728345,0.7616942745447539,0.017035803311906093,0.5190616470868161,0.020197602607928418,0.6961239996133615,0.053724843650414154,0.8916609138012714,0.011952551949627088,0.8771215729524365,0.00801465282643694,0.5305254992530609,0.031533981041760015,0.44609401332633375,0.02022390304244368,427.6666666666667,24.583192089989723,8.0,5.5677643628300215,0.0,0.0,140.66666666666666,33.842773723992146,287.0,11.532562594670797,163.0,31.51190251317746,0.6235157174613666,0.05080003637803629,0.2758676533298668,0.06277811398186235
diagnosis_donors,matched_tight,cmapss:FD001,diagnosis,query random1:1 | gaussian_fitted,,,,,,,,,,,,,,,,,,,,,,,,,,,,,,,3,"[11, 12, 13]",matched_tight,,,,,,,,,,,,,,,,,,,0.0,0.0,0.6712942646663578,0.041632537527408496,0.006405219332615768,0.00021554624554184223,871.3333333333334,59.87765303795175,14.0,0.0,14.0,0.0,14.0,0.0,58.0,0.0,8400.0,0.0,0.0,0.0,1.0,0.0,0.0,0.0,3659600.0,251486.1427593974,0.0,0.0,13070.0,898.1647955692764,17814720.0,0.0,13.939547798138136,2.306695945375461,13.943975179174556,2.307727948465571,5.925116209400592,0.5478160099897231,5.136084030252412,1.7798659940417174,24.852107458445868,2.884985713151225,,,,,,,,,,,,,,,,,,,,,,,,,,,,,,,,,,,,,,,,,,,,
diagnosis_donors,matched_tight,cmapss:FD001,diagnosis,joint | random1:1 | gaussian_fitted,,,,,,,,,,,,,,,,,,,,,,,,,,,,,,,3,"[11, 12, 13]",matched_tight,,,,,,,,,,,,,,,,,,,,,,,,,,,,,,,,,,,,,,,,,,,,,,,,,,,,,,,,,,,,,0.10000000000000002,1.6996749443881478e-17,10.0,0.0,179.0459928826108,12.519363620321528,1046.2119544770408,117.05226958236464,0.05952639842418985,0.023590607471778022,0.6381704695154521,0.034952057143579594,0.8343957824962823,0.015417765335836003,0.8809407355285614,0.012744146103838859,0.5203983166220482,0.05136288458638739,0.7302885724933056,0.015089620035429706,0.9985584443984994,0.0010956107505308498,0.9997870948945763,0.0001690865207811983,0.943510646023659,0.015998987046293295,0.742777838109101,0.012187608935689816,427.6666666666667,24.583192089989723,8.0,5.5677643628300215,0.0,0.0,0.0,0.0,427.6666666666667,24.583192089989723,150.66666666666666,21.93931022920578,0.7173174045184313,0.0114890244560316,0.6067004733666946,0.0335255159821532
diagnosis_donors,matched_tight,cmapss:FD001,diagnosis,independent | random1:1 | gaussian_fitted,,,,,,,,,,,,,,,,,,,,,,,,,,,,,,,3,"[11, 12, 13]",matched_tight,,,,,,,,,,,,,,,,,,,,,,,,,,,,,,,,,,,,,,,,,,,,,,,,,,,,,,,,,,,,,0.10000000000000002,1.6996749443881478e-17,10.0,0.0,194.04228352512578,16.664521103864274,397.47420334818474,33.80418441139506,0.05488178386633152,0.01733182831692214,0.5071042261209809,0.06426487639683201,0.7767418344887002,0.02357235519129165,0.8313982389507494,0.02094668181186313,0.5266792905642378,0.04062812207045793,0.4903509122640546,0.04072937771662967,0.9781698343240924,0.007154905114063948,0.9636221838116078,0.011395385693592502,0.9346933563892899,0.011616569693200601,0.6842348564095134,0.01392619751780826,427.6666666666667,24.583192089989723,8.0,5.5677643628300215,0.0,0.0,0.0,0.0,427.6666666666667,24.583192089989723,208.0,37.986839826445156,0.6231562427533331,0.013672836181673113,0.4762361334012059,0.060203712110954204
diagnosis_donors,matched_tight,cmapss:FD001,diagnosis,marginal_max | random1:1 | gaussian_fitted,,,,,,,,,,,,,,,,,,,,,,,,,,,,,,,3,"[11, 12, 13]",matched_tight,,,,,,,,,,,,,,,,,,,,,,,,,,,,,,,,,,,,,,,,,,,,,,,,,,,,,,,,,,,,,0.10000000000000002,1.6996749443881478e-17,10.0,0.0,52.42989189452059,5.537974066128937,239.50589276158234,12.354470437004546,0.02423759776425456,0.022527446782545688,0.36003135259602487,0.0389537095886893,0.7716400640401325,0.019557155878860123,0.8192083531013258,0.029166963174468034,0.5030716959171878,0.047967754132725145,0.491239174696559,0.01057926081724781,0.9753299503627638,0.01384887770736366,0.943993675351637,0.02780945632657763,0.9563010574830563,0.01941507961523823,0.6842348564095134,0.01392619751780826,427.6666666666667,24.583192089989723,8.0,5.5677643628300215,0.0,0.0,0.0,0.0,427.6666666666667,24.583192089989723,271.3333333333333,27.501515109777742,0.6231562427533331,0.013672836181673113,0.34749059766341756,0.050318742087482105
diagnosis_donors,matched_tight,cmapss:FD001,diagnosis,conditional_max | random1:1 | gaussian_fitted,,,,,,,,,,,,,,,,,,,,,,,,,,,,,,,3,"[11, 12, 13]",matched_tight,,,,,,,,,,,,,,,,,,,,,,,,,,,,,,,,,,,,,,,,,,,,,,,,,,,,,,,,,,,,,0.10000000000000002,1.6996749443881478e-17,10.0,0.0,54.044674947300415,5.159703757749196,508.7273396520788,45.936130712499015,0.023689717020750137,0.018866958154796845,0.5705466212940903,0.031226096885640417,0.8321541799382773,0.010050340266366017,0.8796225509119212,0.010837642455552096,0.5035994548259102,0.05298807762080075,0.7211024392979007,0.02881689519210862,0.997673691939072,0.0024632688190350427,0.9987531737885389,0.0015342731133377316,0.9597923141019412,0.01925405106345595,0.742777838109101,0.012187608935689816,427.6666666666667,24.583192089989723,8.0,5.5677643628300215,0.0,0.0,0.0,0.0,427.6666666666667,24.583192089989723,179.66666666666666,21.548395145191982,0.7173174045184313,0.0114890244560316,0.5592496435272197,0.03296824338261758
diagnosis_donors,matched_tight,cmapss:FD001,diagnosis,relational_max | random1:1 | gaussian_fitted,,,,,,,,,,,,,,,,,,,,,,,,,,,,,,,3,"[11, 12, 13]",matched_tight,,,,,,,,,,,,,,,,,,,,,,,,,,,,,,,,,,,,,,,,,,,,,,,,,,,,,,,,,,,,,0.10000000000000002,1.6996749443881478e-17,10.0,0.0,3.6968609540898214,0.40818523663034156,492.5346711728905,6.7404256294742195,0.0987423324436194,0.048826461186526185,0.6825228513124798,0.027294507040214317,0.8273936867624898,0.007844071743157844,0.8797451431103785,0.003302392643280848,0.4729132791206394,0.01649276321223816,0.8285857003461436,0.04154326765014055,0.9996005543327627,0.0006918601905182557,1.0,0.0,0.861903239118864,0.019239665029320674,0.6928636827610101,0.007634874845205231,427.6666666666667,24.583192089989723,8.0,5.5677643628300215,0.0,0.0,0.0,0.0,427.6666666666667,24.583192089989723,131.66666666666666,11.846237095944574,0.6803160521493229,0.004984399937198474,0.6165727749153314,0.015248984899448715
diagnosis_donors,matched_tight,cmapss:FD001,diagnosis,query random1:1 | gmm_fitted,,,,,,,,,,,,,,,,,,,,,,,,,,,,,,,3,"[11, 12, 13]",matched_tight,,,,,,,,,,,,,,,,,,,0.0,0.0,1.7550560249995517,0.6494040942775241,0.01528534166815613,0.00583540450703126,871.3333333333334,59.87765303795175,14.0,0.0,14.0,0.0,14.0,0.0,58.0,0.0,8400.0,0.0,0.0,0.0,1.0,0.0,0.0,0.0,3659600.0,251486.1427593974,0.0,0.0,13070.0,898.1647955692764,47506880.0,20571082.467269436,7.024153420996292,3.754806464008281,10.510274102117458,0.9001108115466389,10.465601714427997,2.4786333519060544,-14.3838756646086,15.184632686398738,20.23878462041382,4.383611653680171,,,,,,,,,,,,,,,,,,,,,,,,,,,,,,,,,,,,,,,,,,,,
diagnosis_donors,matched_tight,cmapss:FD001,diagnosis,joint | random1:1 | gmm_fitted,,,,,,,,,,,,,,,,,,,,,,,,,,,,,,,3,"[11, 12, 13]",matched_tight,,,,,,,,,,,,,,,,,,,,,,,,,,,,,,,,,,,,,,,,,,,,,,,,,,,,,,,,,,,,,0.10000000000000002,1.6996749443881478e-17,10.0,0.0,185.65623730378545,4.711531208247713,1328.120673699155,92.34764493003969,0.0698469586726456,0.019796922602079683,0.5260680920718267,0.05560810080435082,0.8181644723752525,0.013359304534862153,0.8600898348673848,0.01100610378000327,0.5185931793856454,0.047068966823947934,0.6996739208487677,0.025058483309973564,0.9898186034287179,0.0034541572138561487,0.9949011510046644,0.001436712342297283,0.9064690885880848,0.029462957596799524,0.7381765692500668,0.008881953121736976,427.6666666666667,24.583192089989723,8.0,5.5677643628300215,0.0,0.0,0.0,0.0,427.6666666666667,24.583192089989723,199.33333333333334,30.89228598426043,0.710119767094267,0.0030076626757453203,0.49357952127153365,0.03662216070184198
diagnosis_donors,matched_tight,cmapss:FD001,diagnosis,independent | random1:1 | gmm_fitted,,,,,,,,,,,,,,,,,,,,,,,,,,,,,,,3,"[11, 12, 13]",matched_tight,,,,,,,,,,,,,,,,,,,,,,,,,,,,,,,,,,,,,,,,,,,,,,,,,,,,,,,,,,,,,0.10000000000000002,1.6996749443881478e-17,10.0,0.0,172.99721540383885,18.550856729168398,458.6469628544689,61.9677233334017,0.06441172575752238,0.009926319788811134,0.41050214774597027,0.06182571690223865,0.7594695692852383,0.02100866681347845,0.8051933911690407,0.02122677279074988,0.5231673086819867,0.03921680909998816,0.4875291308336637,0.0403385201195119,0.9557522242156514,0.008734919704641126,0.9403118774412719,0.014391610470071568,0.9001923411429527,0.028945057998977824,0.6836013583905501,0.007741433213273617,427.6666666666667,24.583192089989723,8.0,5.5677643628300215,0.0,0.0,0.0,0.0,427.6666666666667,24.583192089989723,250.33333333333334,40.72263907623539,0.6253375279349386,0.007613303866828046,0.3828735533036654,0.05713566476507631
diagnosis_donors,matched_tight,cmapss:FD001,diagnosis,marginal_max | random1:1 | gmm_fitted,,,,,,,,,,,,,,,,,,,,,,,,,,,,,,,3,"[11, 12, 13]",matched_tight,,,,,,,,,,,,,,,,,,,,,,,,,,,,,,,,,,,,,,,,,,,,,,,,,,,,,,,,,,,,,0.10000000000000002,1.6996749443881478e-17,10.0,0.0,36.34149232018932,2.341241413528671,267.6973612637814,7.344821218224371,0.029846764288170125,0.01656365274770624,0.5332148802935853,0.03255036985411285,0.7810882272597914,0.02119358886401861,0.8409750687347755,0.018971025022531143,0.5060171238434288,0.042529471195684114,0.48774393383227954,0.015735363662124666,0.9921096345119605,0.003974761745043174,0.9681072493778098,0.01844524541935981,0.9645337055566485,0.005563140795181373,0.6836013583905501,0.007741433213273617,427.6666666666667,24.583192089989723,8.0,5.5677643628300215,0.0,0.0,0.0,0.0,427.6666666666667,24.583192089989723,196.0,23.430749027719962,0.6253375279349386,0.007613303866828046,0.5203921463812292,0.036098486298723274
diagnosis_donors,matched_tight,cmapss:FD001,diagnosis,conditional_max | random1:1 | gmm_fitted,,,,,,,,,,,,,,,,,,,,,,,,,,,,,,,3,"[11, 12, 13]",matched_tight,,,,,,,,,,,,,,,,,,,,,,,,,,,,,,,,,,,,,,,,,,,,,,,,,,,,,,,,,,,,,0.10000000000000002,1.6996749443881478e-17,10.0,0.0,57.36877802219929,7.380852149726104,672.9265997824402,64.45025359175733,0.03540611979024295,0.018828380114099555,0.5861136995293871,0.05067796473273321,0.8319917761813467,0.011070532520460778,0.8799361635503592,0.0074505610382827716,0.5017163686092916,0.049017713818750266,0.7191899934698708,0.02624554582096244,0.9996551591174918,0.0001691389975238536,0.9997473068044037,9.390636856750629e-05,0.9610618141040321,0.014221854397848373,0.7381765692500668,0.008881953121736976,427.6666666666667,24.583192089989723,8.0,5.5677643628300215,0.0,0.0,0.0,0.0,427.6666666666667,24.583192089989723,172.66666666666666,26.27419519858474,0.710119767094267,0.0030076626757453203,0.570410633154783,0.038099529966807336
diagnosis_donors,matched_tight,cmapss:FD001,diagnosis,relational_max | random1:1 | gmm_fitted,,,,,,,,,,,,,,,,,,,,,,,,,,,,,,,3,"[11, 12, 13]",matched_tight,,,,,,,,,,,,,,,,,,,,,,,,,,,,,,,,,,,,,,,,,,,,,,,,,,,,,,,,,,,,,0.10000000000000002,1.6996749443881478e-17,10.0,0.0,26.642004204415517,15.526544406689682,639.9522770392265,58.991783066394554,0.0359574832555998,0.03468321087672429,0.5458364667705814,0.07703240340618832,0.8269702618934889,0.004122775968918867,0.8722455432634447,0.002548671342241583,0.4954096779392727,0.04242922607902024,0.7982918463513432,0.03359024094737756,0.9984096382141425,0.0018993471645363795,0.9988894913184304,0.0012893994650062445,0.8674477354372109,0.021469473640649186,0.6996326593439455,0.015944458594150057,427.6666666666667,24.583192089989723,8.0,5.5677643628300215,0.0,0.0,0.0,0.0,427.6666666666667,24.583192089989723,190.0,35.59494346111537,0.6936016934370081,0.017329331508760013,0.5085552657337021,0.06147742881892261
diagnosis_donors,matched_tight,cmapss:FD001,diagnosis,query random3:5-8-14 | circuit,,,,,,,,,,,,,,,,,,,,,,,,,,,,,,,3,"[11, 12, 13]",matched_tight,,,,,,,,,,,,,,,,,,,2.4159749348958332e-05,5.827046324355875e-06,0.9845854706679044,0.0021742814368586145,0.6145493689982686,0.10687944717793899,871.3333333333334,59.87765303795175,12.0,0.0,12.0,0.0,12.0,0.0,6.0,0.0,50324.0,0.0,240.0,0.0,2.0,0.0,0.9757536666666665,0.005833372466535386,21924489.333333332,1506641.505740942,209120.0,14370.636729108423,13070.0,898.1647955692764,245760.0,0.0,4.788600524266561,1.1826569285175723,4.830991824467977,1.2478028747539291,1.3757051924864452,0.8587350695489122,1.9478215376536052,1.1465667908930697,6.546478112538655,1.6097600114462254,,,,,,,,,,,,,,,,,,,,,,,,,,,,,,,,,,,,,,,,,,,,
diagnosis_donors,matched_tight,cmapss:FD001,diagnosis,joint | random3:5-8-14 | circuit,,,,,,,,,,,,,,,,,,,,,,,,,,,,,,,3,"[11, 12, 13]",matched_tight,,,,,,,,,,,,,,,,,,,,,,,,,,,,,,,,,,,,,,,,,,,,,,,,,,,,,,,,,,,,,0.10000000000000002,1.6996749443881478e-17,10.0,0.0,18.00665028889974,7.173205239975588,899.5719197591146,120.74951429894942,0.10517819994306155,0.06613791832960506,0.5550289491129791,0.0646972867703178,0.77852625927402,0.024286920831374122,0.8307534811987739,0.019328724495758138,0.5305772502118323,0.0559070942263981,0.5376596260305052,0.03449846815420918,0.9889921461402201,0.0010776126908834816,0.9805913057483412,0.011359322493937138,0.8692595025189757,0.030617215100905395,0.6940959645335236,0.025133560441293258,397.3333333333333,32.516662395352526,38.333333333333336,4.041451884327381,0.0,0.0,0.0,0.0,397.3333333333333,32.516662395352526,160.33333333333334,26.652079343520896,0.6451294540881705,0.020689591207907775,0.4953985549944053,0.03966596970590464
diagnosis_donors,matched_tight,cmapss:FD001,diagnosis,independent | random3:5-8-14 | circuit,,,,,,,,,,,,,,,,,,,,,,,,,,,,,,,3,"[11, 12, 13]",matched_tight,,,,,,,,,,,,,,,,,,,,,,,,,,,,,,,,,,,,,,,,,,,,,,,,,,,,,,,,,,,,,0.10000000000000002,1.6996749443881478e-17,10.0,0.0,23.82385317484538,5.787684375680659,895.7584431966146,108.33025160499088,0.10438831052757973,0.06552884196419492,0.5433693228090338,0.06037287253309795,0.7704202024735954,0.022522290397722626,0.8250384076719675,0.018304787848174523,0.5280969779481363,0.04979710145223971,0.506336230210968,0.028007263445609505,0.9862189053761079,0.0006265775268707417,0.9745346256319674,0.01248693389216457,0.8691565771844284,0.027561921458451318,0.6741959521811912,0.023468189905258514,397.3333333333333,32.516662395352526,38.333333333333336,4.041451884327381,0.0,0.0,0.0,0.0,397.3333333333333,32.516662395352526,165.33333333333334,24.00694344004112,0.6250361473911532,0.02072651663215561,0.4845021712340944,0.039875178347078565
diagnosis_donors,matched_tight,cmapss:FD001,diagnosis,marginal_max | random3:5-8-14 | circuit,,,,,,,,,,,,,,,,,,,,,,,,,,,,,,,3,"[11, 12, 13]",matched_tight,,,,,,,,,,,,,,,,,,,,,,,,,,,,,,,,,,,,,,,,,,,,,,,,,,,,,,,,,,,,,0.10000000000000002,1.6996749443881478e-17,10.0,0.0,28.29757817586263,2.245004494547275,534.803700764974,114.39024534880362,0.07031979890926011,0.04832707520457145,0.5528576745218244,0.009596513695615538,0.7715765600103056,0.022946165269643274,0.8345320741062627,0.0139867355785343,0.5234310029827322,0.04454890668812308,0.5052919046080967,0.03589852313672242,0.9926796472814505,0.001958650817864436,0.9790502444580692,0.0036548158686308964,0.8722904958215231,0.025158738205215705,0.6741959521811912,0.023468189905258514,397.3333333333333,32.516662395352526,38.333333333333336,4.041451884327381,0.0,0.0,0.0,0.0,397.3333333333333,32.516662395352526,159.0,13.114877048604,0.6250361473911532,0.02072651663215561,0.5244300788917493,0.012007639066437661
diagnosis_donors,matched_tight,cmapss:FD001,diagnosis,conditional_max | random3:5-8-14 | circuit,,,,,,,,,,,,,,,,,,,,,,,,,,,,,,,3,"[11, 12, 13]",matched_tight,,,,,,,,,,,,,,,,,,,,,,,,,,,,,,,,,,,,,,,,,,,,,,,,,,,,,,,,,,,,,0.10000000000000002,1.6996749443881478e-17,10.0,0.0,27.699357350667317,1.886869085433845,534.2493184407552,114.96898174189761,0.068393448757215,0.04595715193445291,0.5605545303124365,0.008013460844313515,0.7793978945336066,0.02562134521667837,0.840385779092221,0.0155991977971074,0.5225864740195015,0.05090878145684304,0.5404336707996603,0.05200135392107235,0.9944436797756971,0.0020261680425073254,0.9859326739216386,0.00414209968603365,0.8711704777436586,0.02894802588041061,0.6940959645335236,0.025133560441293258,397.3333333333333,32.516662395352526,38.333333333333336,4.041451884327381,0.0,0.0,0.0,0.0,397.3333333333333,32.516662395352526,155.66666666666666,12.220201853215574,0.6451294540881705,0.020689591207907775,0.5334380579695003,0.014337436561668472
diagnosis_donors,matched_tight,cmapss:FD001,diagnosis,relational_max | random3:5-8-14 | circuit,,,,,,,,,,,,,,,,,,,,,,,,,,,,,,,3,"[11, 12, 13]",matched_tight,,,,,,,,,,,,,,,,,,,,,,,,,,,,,,,,,,,,,,,,,,,,,,,,,,,,,,,,,,,,,0.10000000000000002,1.6996749443881478e-17,10.0,0.0,3.0348889032999673,1.1654873005710529,11.004048665364584,1.324222114434699,0.02134033765393327,0.03489654553678406,0.2299292561999536,0.07393524378873474,0.6567071344174035,0.014245886950815202,0.7200168114108646,0.0062615072314768025,0.49551074918093224,0.020630988406023714,0.6240437205480376,0.04203977142035199,0.8385156344843487,0.025344535993744678,0.8318994465705604,0.0147163590116905,0.5081049638502372,0.009715956989633323,0.46111025721670734,0.018671354699242172,397.3333333333333,32.516662395352526,38.333333333333336,4.041451884327381,0.0,0.0,154.33333333333334,45.08140784551136,243.0,13.076696830622021,143.66666666666666,26.950572040929544,0.6316041106783022,0.0764008845574445,0.21130864083539969,0.06140678634246256
diagnosis_donors,matched_tight,cmapss:FD001,diagnosis,query random3:5-8-14 | gaussian_fitted,,,,,,,,,,,,,,,,,,,,,,,,,,,,,,,3,"[11, 12, 13]",matched_tight,,,,,,,,,,,,,,,,,,,0.0,0.0,0.41624535133329726,0.02634730654169482,0.005054484999466998,3.126591904423991e-05,871.3333333333334,59.87765303795175,12.0,0.0,12.0,0.0,12.0,0.0,50.0,0.0,6240.0,0.0,0.0,0.0,1.0,0.0,0.0,0.0,2718560.0,186818.2774784095,0.0,0.0,13070.0,898.1647955692764,22944960.0,0.0,11.613218632553108,1.6059549139211517,11.613218632553108,1.6059549139211517,4.723523561954456,0.05527402662541235,4.363674528726219,1.0920915123459076,19.945218066779248,1.267972619036095,,,,,,,,,,,,,,,,,,,,,,,,,,,,,,,,,,,,,,,,,,,,
diagnosis_donors,matched_tight,cmapss:FD001,diagnosis,joint | random3:5-8-14 | gaussian_fitted,,,,,,,,,,,,,,,,,,,,,,,,,,,,,,,3,"[11, 12, 13]",matched_tight,,,,,,,,,,,,,,,,,,,,,,,,,,,,,,,,,,,,,,,,,,,,,,,,,,,,,,,,,,,,,0.10000000000000002,1.6996749443881478e-17,10.0,0.0,172.77451227533413,7.284568508352612,795.4958108183906,55.89769822427052,0.029927433845495927,0.014785507225543903,0.5516040566420163,0.019588367149398298,0.8137515105758867,0.0136857848618229,0.8625296241538116,0.01062896298519631,0.5272330236875088,0.054537892963416275,0.6878266746407707,0.007405568255043787,0.9969280407468939,0.0014290759870738718,0.9918188729336846,0.011157169248859298,0.884064595694768,0.036007634658216624,0.7488786058540841,0.02037096803984614,397.3333333333333,32.516662395352526,38.333333333333336,4.041451884327381,0.0,0.0,0.0,0.0,397.3333333333333,32.516662395352526,159.66666666666666,25.423086620891127,0.7233670001512221,0.030079466697966482,0.5256492340239247,0.0172751862303275
diagnosis_donors,matched_tight,cmapss:FD001,diagnosis,independent | random3:5-8-14 | gaussian_fitted,,,,,,,,,,,,,,,,,,,,,,,,,,,,,,,3,"[11, 12, 13]",matched_tight,,,,,,,,,,,,,,,,,,,,,,,,,,,,,,,,,,,,,,,,,,,,,,,,,,,,,,,,,,,,,0.10000000000000002,1.6996749443881478e-17,10.0,0.0,179.28352437581302,16.179833489175135,386.4726015265912,39.692332611541616,0.04846867554922726,0.022170591593521104,0.4535074856246606,0.07348226985988962,0.7624394541841492,0.023427875584616963,0.8147460389584941,0.020421239917204966,0.5294169356788863,0.052195803003164315,0.49413785708255215,0.033713750549859756,0.9730081485869717,0.005344901771470699,0.9428468572772238,0.018224362198227574,0.8831004338619914,0.03076196535171285,0.7081459664176272,0.019551265885191883,397.3333333333333,32.516662395352526,38.333333333333336,4.041451884327381,0.0,0.0,0.0,0.0,397.3333333333333,32.516662395352526,203.66666666666666,51.05226080530943,0.6421912349540629,0.026904351018864125,0.4218902027389582,0.06847210304825062
diagnosis_donors,matched_tight,cmapss:FD001,diagnosis,marginal_max | random3:5-8-14 | gaussian_fitted,,,,,,,,,,,,,,,,,,,,,,,,,,,,,,,3,"[11, 12, 13]",matched_tight,,,,,,,,,,,,,,,,,,,,,,,,,,,,,,,,,,,,,,,,,,,,,,,,,,,,,,,,,,,,,0.10000000000000002,1.6996749443881478e-17,10.0,0.0,52.42989189452059,5.537974066128937,238.57289870604222,12.42232973260838,0.02423759776425456,0.022527446782545688,0.305377525023964,0.03186306751331695,0.7605590184508054,0.021397549910381015,0.8050512643777092,0.030685446307576518,0.5154680936652402,0.05507793456440298,0.48593128604064123,0.011057467140446812,0.9685289472963747,0.012671913683471283,0.931511566358194,0.036792744763923815,0.9115935970853902,0.029768968906941792,0.7081459664176272,0.019551265885191883,397.3333333333333,32.516662395352526,38.333333333333336,4.041451884327381,0.0,0.0,0.0,0.0,397.3333333333333,32.516662395352526,266.3333333333333,36.0185137579736,0.6421912349540629,0.026904351018864125,0.29053444796631317,0.04283811016218075
diagnosis_donors,matched_tight,cmapss:FD001,diagnosis,conditional_max | random3:5-8-14 | gaussian_fitted,,,,,,,,,,,,,,,,,,,,,,,,,,,,,,,3,"[11, 12, 13]",matched_tight,,,,,,,,,,,,,,,,,,,,,,,,,,,,,,,,,,,,,,,,,,,,,,,,,,,,,,,,,,,,,0.10000000000000002,1.6996749443881478e-17,10.0,0.0,53.09253602246241,3.7550270644907844,465.987611407003,40.11786497888866,0.02596539227394604,0.021547278088290628,0.5216472221446035,0.021032747658991182,0.8140900253251395,0.010690907297104165,0.8627651152729001,0.011267281236547258,0.5174922819561542,0.06127969259343305,0.6716570160419858,0.028920246531883402,0.99351168471212,0.0016238951899102863,0.995329684415534,0.002885650459190463,0.9089307760598132,0.031321898490864156,0.7488786058540841,0.02037096803984614,397.3333333333333,32.516662395352526,38.333333333333336,4.041451884327381,0.0,0.0,0.0,0.0,397.3333333333333,32.516662395352526,172.33333333333334,24.8461935381123,0.7233670001512221,0.030079466697966482,0.5043404838472575,0.021006935051918123
diagnosis_donors,matched_tight,cmapss:FD001,diagnosis,relational_max | random3:5-8-14 | gaussian_fitted,,,,,,,,,,,,,,,,,,,,,,,,,,,,,,,3,"[11, 12, 13]",matched_tight,,,,,,,,,,,,,,,,,,,,,,,,,,,,,,,,,,,,,,,,,,,,,,,,,,,,,,,,,,,,,0.10000000000000002,1.6996749443881478e-17,10.0,0.0,3.2843662519365133,0.7939498978493058,432.3461365644893,66.7920289203488,0.09213589256694014,0.06030975281363698,0.6318277445771794,0.03872482949059256,0.8037338286597081,0.00800811260938697,0.8617899090545116,0.004028734711712524,0.47914741271409467,0.02284636436489323,0.7818455389532203,0.04771885255750517,0.9972485606437043,0.004506189932748894,0.9958691910499139,0.007154770977909323,0.790355895127505,0.031561349887852606,0.6893083207781001,0.01825538340650977,397.3333333333333,32.516662395352526,38.333333333333336,4.041451884327381,0.0,0.0,0.0,0.0,397.3333333333333,32.516662395352526,125.0,1.0,0.6623800503543108,0.02657393633590353,0.543877071257704,0.002550273454775316
diagnosis_donors,matched_tight,cmapss:FD001,diagnosis,query random3:5-8-14 | gmm_fitted,,,,,,,,,,,,,,,,,,,,,,,,,,,,,,,3,"[11, 12, 13]",matched_tight,,,,,,,,,,,,,,,,,,,0.0,0.0,1.0833317153337703,0.4089226820396588,0.011846899667337615,0.004632365555441462,871.3333333333334,59.87765303795175,12.0,0.0,12.0,0.0,12.0,0.0,50.0,0.0,6240.0,0.0,0.0,0.0,1.0,0.0,0.0,0.0,2718560.0,186818.2774784095,0.0,0.0,13070.0,898.1647955692764,61187797.333333336,26495093.4461402,6.6635303673337125,2.8530375097574834,9.042347734679039,1.024679122934092,8.093349212509152,1.8138721281284722,-9.664003118085827,8.680791970093045,16.681005540428007,2.358768854660028,,,,,,,,,,,,,,,,,,,,,,,,,,,,,,,,,,,,,,,,,,,,
diagnosis_donors,matched_tight,cmapss:FD001,diagnosis,joint | random3:5-8-14 | gmm_fitted,,,,,,,,,,,,,,,,,,,,,,,,,,,,,,,3,"[11, 12, 13]",matched_tight,,,,,,,,,,,,,,,,,,,,,,,,,,,,,,,,,,,,,,,,,,,,,,,,,,,,,,,,,,,,,0.10000000000000002,1.6996749443881478e-17,10.0,0.0,171.35693998624285,2.1289144867943386,1111.005982243278,157.0411396745406,0.05808985665359836,0.017979637573122653,0.47157139195078185,0.025000373737144265,0.79860362737793,0.004525152704819966,0.8421119489171964,0.00487279166695208,0.5235259908012792,0.045132617047557715,0.6610698263387146,0.015758726862652395,0.9820015908345301,0.008439299956713978,0.9841364442927995,0.010189114748413157,0.8591213357186405,0.045589076963284146,0.7479096291770372,0.01613876982126499,397.3333333333333,32.516662395352526,38.333333333333336,4.041451884327381,0.0,0.0,0.0,0.0,397.3333333333333,32.516662395352526,195.33333333333334,23.629078131263043,0.7270142387558399,0.020699878181713097,0.44477338617351325,0.01924998153222249
diagnosis_donors,matched_tight,cmapss:FD001,diagnosis,independent | random3:5-8-14 | gmm_fitted,,,,,,,,,,,,,,,,,,,,,,,,,,,,,,,3,"[11, 12, 13]",matched_tight,,,,,,,,,,,,,,,,,,,,,,,,,,,,,,,,,,,,,,,,,,,,,,,,,,,,,,,,,,,,,0.10000000000000002,1.6996749443881478e-17,10.0,0.0,162.84407165459388,17.096947626688472,443.0984181466353,71.60565748736151,0.04142499209300649,0.019198031839739893,0.3383908124177662,0.038996817275425255,0.7460927203174306,0.018310175829705125,0.7881002096719758,0.019327339347660406,0.5259577173701208,0.04806008122684698,0.4904242864135859,0.03284937518080781,0.9466637834448054,0.01596776778483551,0.9182058094946085,0.011207384302586965,0.8594924334835913,0.03809193999246414,0.7055567043503399,0.010491366718415917,397.3333333333333,32.516662395352526,38.333333333333336,4.041451884327381,0.0,0.0,0.0,0.0,397.3333333333333,32.516662395352526,252.66666666666666,41.10150037812894,0.6419657282936574,0.019590456415100203,0.3171353559847943,0.042696963332507075
diagnosis_donors,matched_tight,cmapss:FD001,diagnosis,marginal_max | random3:5-8-14 | gmm_fitted,,,,,,,,,,,,,,,,,,,,,,,,,,,,,,,3,"[11, 12, 13]",matched_tight,,,,,,,,,,,,,,,,,,,,,,,,,,,,,,,,,,,,,,,,,,,,,,,,,,,,,,,,,,,,,0.10000000000000002,1.6996749443881478e-17,10.0,0.0,36.34149232018932,2.341241413528671,266.74764892510365,7.506769574363992,0.029846764288170125,0.01656365274770624,0.49083517694859297,0.025411496352488305,0.7700690195323449,0.021655309459095082,0.8287947815173666,0.019462482077242865,0.5175238491821795,0.048181618033414815,0.4808680024251086,0.009235833209089923,0.9879552331348189,0.00251905204745668,0.9556092902639944,0.030048425956394828,0.9199712473261118,0.019603915292368764,0.7055567043503399,0.010491366718415917,397.3333333333333,32.516662395352526,38.333333333333336,4.041451884327381,0.0,0.0,0.0,0.0,397.3333333333333,32.516662395352526,185.66666666666666,31.182259913824932,0.6419657282936574,0.019590456415100203,0.4742110116375556,0.030253133119987417
diagnosis_donors,matched_tight,cmapss:FD001,diagnosis,conditional_max | random3:5-8-14 | gmm_fitted,,,,,,,,,,,,,,,,,,,,,,,,,,,,,,,3,"[11, 12, 13]",matched_tight,,,,,,,,,,,,,,,,,,,,,,,,,,,,,,,,,,,,,,,,,,,,,,,,,,,,,,,,,,,,,0.10000000000000002,1.6996749443881478e-17,10.0,0.0,50.853265164678305,1.775661158221604,646.7507345343889,117.63225267689864,0.03128201016225839,0.011701303487166767,0.5587909771586093,0.025433995030261027,0.8137278473962253,0.004873088102766321,0.865057710640628,0.00445800125917419,0.5108466636087698,0.04717746909452154,0.6670015841366802,0.030608500897810625,0.9974396140315743,0.0032433150454402246,0.9980657025063141,0.0027897077054375692,0.9123633304051574,0.035439460493737675,0.7479096291770372,0.01613876982126499,397.3333333333333,32.516662395352526,38.333333333333336,4.041451884327381,0.0,0.0,0.0,0.0,397.3333333333333,32.516662395352526,154.66666666666666,20.108041509140897,0.7270142387558399,0.020699878181713097,0.541750140625019,0.016046415308875298
diagnosis_donors,matched_tight,cmapss:FD001,diagnosis,relational_max | random3:5-8-14 | gmm_fitted,,,,,,,,,,,,,,,,,,,,,,,,,,,,,,,3,"[11, 12, 13]",matched_tight,,,,,,,,,,,,,,,,,,,,,,,,,,,,,,,,,,,,,,,,,,,,,,,,,,,,,,,,,,,,,0.10000000000000002,1.6996749443881478e-17,10.0,0.0,20.12649134689455,10.132424171604335,606.8554317893619,138.31526688169984,0.039785561526128714,0.031573057446722404,0.52048006485962,0.05220167699122811,0.8035746079541326,0.0056312264652515105,0.8544296649119859,0.004353375027537701,0.49037681690462254,0.03233608531610474,0.7518423168336511,0.03771355171464132,0.9937971602275266,0.007790150906950956,0.9940132426944994,0.009566795706339415,0.8094131892012729,0.04083266639310221,0.6968264822584436,0.02452180630053086,397.3333333333333,32.516662395352526,38.333333333333336,4.041451884327381,0.0,0.0,0.0,0.0,397.3333333333333,32.516662395352526,170.66666666666666,21.571586249817916,0.6845884768749553,0.04280460822553803,0.4724798963930746,0.0368597817177385
diagnosis_donors,matched_tight,cmapss:FD001,diagnosis,query random7:3-4-8-10-11-12-14 | circuit,,,,,,,,,,,,,,,,,,,,,,,,,,,,,,,3,"[11, 12, 13]",matched_tight,,,,,,,,,,,,,,,,,,,2.7020772298177082e-05,6.3498765167993474e-06,0.9822847053328587,0.0024579130529567414,0.48719728333283757,0.004445317029873051,871.3333333333334,59.87765303795175,8.0,0.0,8.0,0.0,8.0,0.0,6.0,0.0,50324.0,0.0,240.0,0.0,2.0,0.0,0.9752203333333332,0.005241879847281263,21924489.333333332,1506641.505740942,209120.0,14370.636729108423,13070.0,898.1647955692764,245760.0,0.0,3.602171023686727,1.3828651025852867,3.6191829840342202,1.4101771574389788,1.069314956665039,0.7014626009000762,1.189551293849945,0.7770469052070645,4.85748815536499,1.8089856634743784,,,,,,,,,,,,,,,,,,,,,,,,,,,,,,,,,,,,,,,,,,,,
diagnosis_donors,matched_tight,cmapss:FD001,diagnosis,joint | random7:3-4-8-10-11-12-14 | circuit,,,,,,,,,,,,,,,,,,,,,,,,,,,,,,,3,"[11, 12, 13]",matched_tight,,,,,,,,,,,,,,,,,,,,,,,,,,,,,,,,,,,,,,,,,,,,,,,,,,,,,,,,,,,,,0.10000000000000002,1.6996749443881478e-17,10.0,0.0,113.51695251464844,8.887894526132838,719.0520426432291,94.7706150077976,0.04876341101017967,0.021200987901404553,0.4556838223115311,0.03239554436954243,0.7476622674652796,0.01761764543803587,0.8057555674986471,0.013098732752585664,0.5435882452835142,0.05035390069974315,0.5524390793138246,0.06524948775250194,0.9390213875295016,0.01427872280711348,0.9316694789160573,0.03920482131431132,0.7857707641898432,0.05606556338161041,0.7720737458480144,0.024229247329976594,325.6666666666667,34.7754702819866,110.0,5.5677643628300215,0.0,0.0,0.0,0.0,325.6666666666667,34.7754702819866,131.66666666666666,26.652079343520896,0.7033593677613871,0.026360834554096713,0.43193732882523334,0.01999264565232351
diagnosis_donors,matched_tight,cmapss:FD001,diagnosis,independent | random7:3-4-8-10-11-12-14 | circuit,,,,,,,,,,,,,,,,,,,,,,,,,,,,,,,3,"[11, 12, 13]",matched_tight,,,,,,,,,,,,,,,,,,,,,,,,,,,,,,,,,,,,,,,,,,,,,,,,,,,,,,,,,,,,,0.10000000000000002,1.6996749443881478e-17,10.0,0.0,116.11832936604817,8.616538061740536,713.7574055989584,100.25126583254044,0.054359254098171446,0.017684550522371348,0.4452167042679136,0.0237282391310045,0.7374159241383671,0.014452731024461138,0.7973734824375809,0.010814613264120905,0.5424084568770372,0.04745587691916026,0.5153724188642027,0.05082670413980309,0.9338358371797684,0.012835840830168753,0.91878704185598,0.03549113364899151,0.7871154420196751,0.05465739305857781,0.7565019955424491,0.022317545157343983,325.6666666666667,34.7754702819866,110.0,5.5677643628300215,0.0,0.0,0.0,0.0,325.6666666666667,34.7754702819866,136.0,28.583211855912904,0.6837860778872372,0.02156807097298339,0.4191412417847249,0.016946057387159815
diagnosis_donors,matched_tight,cmapss:FD001,diagnosis,marginal_max | random7:3-4-8-10-11-12-14 | circuit,,,,,,,,,,,,,,,,,,,,,,,,,,,,,,,3,"[11, 12, 13]",matched_tight,,,,,,,,,,,,,,,,,,,,,,,,,,,,,,,,,,,,,,,,,,,,,,,,,,,,,,,,,,,,,0.10000000000000002,1.6996749443881478e-17,10.0,0.0,28.29757817586263,2.245004494547275,540.9945983886719,107.15426258447702,0.05919545885467858,0.04983276917155656,0.4813748894944505,0.03583182870034254,0.7399900597424178,0.021273674834998535,0.8071192746392386,0.011646602738664939,0.5211079874172074,0.042245844420945255,0.5059396104506239,0.0461074039652671,0.9510161083546929,0.01442633403245063,0.9146063902395216,0.05349132738573926,0.8204737898099749,0.03527076120595015,0.7565019955424491,0.022317545157343983,325.6666666666667,34.7754702819866,110.0,5.5677643628300215,0.0,0.0,0.0,0.0,325.6666666666667,34.7754702819866,121.33333333333333,13.613718571108091,0.6837860778872372,0.02156807097298339,0.45484902198285937,0.012861567844119619
diagnosis_donors,matched_tight,cmapss:FD001,diagnosis,conditional_max | random7:3-4-8-10-11-12-14 | circuit,,,,,,,,,,,,,,,,,,,,,,,,,,,,,,,3,"[11, 12, 13]",matched_tight,,,,,,,,,,,,,,,,,,,,,,,,,,,,,,,,,,,,,,,,,,,,,,,,,,,,,,,,,,,,,0.10000000000000002,1.6996749443881478e-17,10.0,0.0,27.69428253173828,1.9193951935852285,541.1962381998698,107.2449459709241,0.05447017473949443,0.05014186164989833,0.49591209448057433,0.031220743445279732,0.7487113604455921,0.023964179979497287,0.8152556872486744,0.014699504226600145,0.5195880313542984,0.047658990082041094,0.5320953553014666,0.05528996657645608,0.9546210096803844,0.014293554844596029,0.9335100595552754,0.055229946866104225,0.8193013119808658,0.039617797011967146,0.7720737458480144,0.024229247329976594,325.6666666666667,34.7754702819866,110.0,5.5677643628300215,0.0,0.0,0.0,0.0,325.6666666666667,34.7754702819866,115.0,10.535653752852738,0.7033593677613871,0.026360834554096713,0.4716885490940266,0.009100870116431002
diagnosis_donors,matched_tight,cmapss:FD001,diagnosis,relational_max | random7:3-4-8-10-11-12-14 | circuit,,,,,,,,,,,,,,,,,,,,,,,,,,,,,,,3,"[11, 12, 13]",matched_tight,,,,,,,,,,,,,,,,,,,,,,,,,,,,,,,,,,,,,,,,,,,,,,,,,,,,,,,,,,,,,0.10000000000000002,1.6996749443881478e-17,10.0,0.0,2.0506566365559897,1.064354859591705,11.355178833007812,1.1124414288957671,0.04266735187194274,0.07182531877425666,0.21812930860276844,0.11702374384545089,0.6190906927305208,0.005077343960116516,0.6775425609871449,0.017147714114490918,0.49189543419769827,0.03688553869033569,0.6114838275380733,0.037970217282843895,0.7494368559323975,0.03997454162830711,0.7661612372414209,0.039244623124911775,0.4875978960260526,0.041267537487785534,0.5287726003255748,0.038091862059932514,325.6666666666667,34.7754702819866,110.0,5.5677643628300215,0.0,0.0,68.0,117.77945491468365,257.6666666666667,84.00793613304242,167.0,70.76015828133795,0.5297479757821472,0.11685505185050966,0.18613386691871855,0.07344929033807665
diagnosis_donors,matched_tight,cmapss:FD001,diagnosis,query random7:3-4-8-10-11-12-14 | gaussian_fitted,,,,,,,,,,,,,,,,,,,,,,,,,,,,,,,3,"[11, 12, 13]",matched_tight,,,,,,,,,,,,,,,,,,,0.0,0.0,0.12873272533276273,0.007296533435730411,0.00313512300150857,0.00026813861742214397,871.3333333333334,59.87765303795175,8.0,0.0,8.0,0.0,8.0,0.0,34.0,0.0,2880.0,0.0,0.0,0.0,1.0,0.0,0.0,0.0,1254720.0,86223.82037465053,0.0,0.0,13070.0,898.1647955692764,24414400.0,0.0,8.206956150766386,1.046222975665921,8.214346760403503,1.0480577310346049,3.428810821734793,0.06009937557539967,2.8171037724021204,0.8192383196422591,13.910877577224918,1.1641621995879436,,,,,,,,,,,,,,,,,,,,,,,,,,,,,,,,,,,,,,,,,,,,
diagnosis_donors,matched_tight,cmapss:FD001,diagnosis,joint | random7:3-4-8-10-11-12-14 | gaussian_fitted,,,,,,,,,,,,,,,,,,,,,,,,,,,,,,,3,"[11, 12, 13]",matched_tight,,,,,,,,,,,,,,,,,,,,,,,,,,,,,,,,,,,,,,,,,,,,,,,,,,,,,,,,,,,,,0.10000000000000002,1.6996749443881478e-17,10.0,0.0,93.99800282496392,4.306032260974371,530.2900461915051,66.63461682111459,0.09536336330498964,0.04983643990164068,0.5759553288276632,0.042155159015324045,0.7787612556385398,0.009562020358330392,0.8400497148390249,0.004783292805388519,0.5496656363474035,0.04760818244228464,0.6631080214392729,0.05660857764883296,0.9582333054772811,0.01575830911492606,0.9467803933195644,0.04942065550391234,0.7926434665492632,0.05804608901643903,0.8023500164773258,0.020304473436808655,325.6666666666667,34.7754702819866,110.0,5.5677643628300215,0.0,0.0,0.0,0.0,325.6666666666667,34.7754702819866,85.0,8.18535277187245,0.7496508632872702,0.020486966685302914,0.5119104632708509,0.015582278488884691
diagnosis_donors,matched_tight,cmapss:FD001,diagnosis,independent | random7:3-4-8-10-11-12-14 | gaussian_fitted,,,,,,,,,,,,,,,,,,,,,,,,,,,,,,,3,"[11, 12, 13]",matched_tight,,,,,,,,,,,,,,,,,,,,,,,,,,,,,,,,,,,,,,,,,,,,,,,,,,,,,,,,,,,,,0.10000000000000002,1.6996749443881478e-17,10.0,0.0,99.50706163109226,2.957820027519951,295.6793137891031,27.01789633852677,0.13951038600302187,0.11364826835624309,0.5172560363466572,0.0661598030297262,0.736447385751588,0.016188821278517316,0.8002792054337241,0.010384064465950221,0.5497248649172601,0.04126503654064637,0.5093627852868604,0.052920762031606644,0.9358085970442672,0.008903493953022971,0.9047740436842324,0.03968855157919118,0.791793112143767,0.050483410201983374,0.757267275224231,0.021113011461949143,325.6666666666667,34.7754702819866,110.0,5.5677643628300215,0.0,0.0,0.0,0.0,325.6666666666667,34.7754702819866,113.0,4.0,0.6832760062634075,0.026106690539053498,0.4456404624244685,0.01096305709609508
diagnosis_donors,matched_tight,cmapss:FD001,diagnosis,marginal_max | random7:3-4-8-10-11-12-14 | gaussian_fitted,,,,,,,,,,,,,,,,,,,,,,,,,,,,,,,3,"[11, 12, 13]",matched_tight,,,,,,,,,,,,,,,,,,,,,,,,,,,,,,,,,,,,,,,,,,,,,,,,,,,,,,,,,,,,,0.10000000000000002,1.6996749443881478e-17,10.0,0.0,28.13769165873229,3.3069279689969124,198.68899659264548,17.1760037879,0.07288729385627617,0.06704068264728354,0.48410372355611814,0.04918609958917593,0.7352879644167708,0.022505394289356183,0.8046039555042337,0.013391146411665656,0.5212780482517975,0.037182709771430594,0.49582255892068466,0.04882820972562152,0.9563787334137744,0.0017328569170285072,0.8907921054813269,0.033833254978018326,0.8234919494302982,0.03445153257128956,0.757267275224231,0.021113011461949143,325.6666666666667,34.7754702819866,110.0,5.5677643628300215,0.0,0.0,0.0,0.0,325.6666666666667,34.7754702819866,122.0,13.856406460551018,0.6832760062634075,0.026106690539053498,0.4501637081754466,0.015290532938802616
diagnosis_donors,matched_tight,cmapss:FD001,diagnosis,conditional_max | random7:3-4-8-10-11-12-14 | gaussian_fitted,,,,,,,,,,,,,,,,,,,,,,,,,,,,,,,3,"[11, 12, 13]",matched_tight,,,,,,,,,,,,,,,,,,,,,,,,,,,,,,,,,,,,,,,,,,,,,,,,,,,,,,,,,,,,,0.10000000000000002,1.6996749443881478e-17,10.0,0.0,26.504062470103833,2.6332129247419527,308.41199488183946,27.31040842175049,0.11588931100017696,0.09585911993973549,0.5894872825981753,0.04568690194389137,0.7732238292005774,0.01665178342654482,0.8380178352823725,0.010366334468462043,0.5168768859408291,0.03598550679002943,0.6381231648055671,0.039160947948988854,0.9610268581732377,0.006139419220941326,0.9454859217855116,0.052439891266236105,0.8228946743701737,0.04201282540642381,0.8023500164773258,0.020304473436808655,325.6666666666667,34.7754702819866,110.0,5.5677643628300215,0.0,0.0,0.0,0.0,325.6666666666667,34.7754702819866,81.0,5.291502622129181,0.7496508632872702,0.020486966685302914,0.5268502871018206,0.008102360302654387
diagnosis_donors,matched_tight,cmapss:FD001,diagnosis,relational_max | random7:3-4-8-10-11-12-14 | gaussian_fitted,,,,,,,,,,,,,,,,,,,,,,,,,,,,,,,3,"[11, 12, 13]",matched_tight,,,,,,,,,,,,,,,,,,,,,,,,,,,,,,,,,,,,,,,,,,,,,,,,,,,,,,,,,,,,,0.10000000000000002,1.6996749443881478e-17,10.0,0.0,1.570579355357901,0.6045735176569964,311.47652650049713,43.78644431981782,0.15879203007451811,0.08072727630712517,0.5924467052438857,0.039654591383736865,0.7617305792904645,0.0112591527277898,0.8271633842603263,0.005511224178938742,0.48662383722587926,0.004151533473726824,0.715140216668409,0.02766889295384272,0.9608578072805725,0.012903942196565736,0.9570127806617871,0.034728918058660366,0.7107525215067549,0.07584483139950496,0.7483854879436221,0.0129284480835757,325.6666666666667,34.7754702819866,110.0,5.5677643628300215,0.0,0.0,0.0,0.0,325.6666666666667,34.7754702819866,85.0,28.930952282978865,0.7117209669824472,0.019640759376417755,0.4831496197556182,0.014786309929837692
diagnosis_donors,matched_tight,cmapss:FD001,diagnosis,query random7:3-4-8-10-11-12-14 | gmm_fitted,,,,,,,,,,,,,,,,,,,,,,,,,,,,,,,3,"[11, 12, 13]",matched_tight,,,,,,,,,,,,,,,,,,,0.0,0.0,0.328310348665885,0.12943192119151828,0.007205341999603358,0.003509837359088461,871.3333333333334,59.87765303795175,8.0,0.0,8.0,0.0,8.0,0.0,34.0,0.0,2880.0,0.0,0.0,0.0,1.0,0.0,0.0,0.0,1254720.0,86223.82037465053,0.0,0.0,13070.0,898.1647955692764,65106496.0,28191939.74369497,6.27654482040161,1.515038227597377,6.432334189710609,1.3447240237565625,3.592226663498837,0.09567464216255517,0.35065616018182905,1.3873485167715633,12.145764193637907,1.5598802462949979,,,,,,,,,,,,,,,,,,,,,,,,,,,,,,,,,,,,,,,,,,,,
diagnosis_donors,matched_tight,cmapss:FD001,diagnosis,joint | random7:3-4-8-10-11-12-14 | gmm_fitted,,,,,,,,,,,,,,,,,,,,,,,,,,,,,,,3,"[11, 12, 13]",matched_tight,,,,,,,,,,,,,,,,,,,,,,,,,,,,,,,,,,,,,,,,,,,,,,,,,,,,,,,,,,,,,0.10000000000000002,1.6996749443881478e-17,10.0,0.0,96.8167746004586,3.7487410810286104,550.7674990287593,63.801665779684214,0.09602985907530497,0.06264789088684872,0.5770917895642264,0.04891428847104562,0.7781003053158212,0.011358236118638596,0.8394721731042974,0.0058511750790327804,0.5523767237014704,0.04976970970435427,0.6590237741955124,0.05731238839058172,0.958867345636317,0.014985895715962387,0.9462797776714114,0.048776739701611255,0.7905949539078697,0.05842087314235861,0.8010063987039623,0.022748655147206687,325.6666666666667,34.7754702819866,110.0,5.5677643628300215,0.0,0.0,0.0,0.0,325.6666666666667,34.7754702819866,84.33333333333333,7.505553499465135,0.7459978952507406,0.026807380127838336,0.5135975585309879,0.012190138460879536
diagnosis_donors,matched_tight,cmapss:FD001,diagnosis,independent | random7:3-4-8-10-11-12-14 | gmm_fitted,,,,,,,,,,,,,,,,,,,,,,,,,,,,,,,3,"[11, 12, 13]",matched_tight,,,,,,,,,,,,,,,,,,,,,,,,,,,,,,,,,,,,,,,,,,,,,,,,,,,,,,,,,,,,,0.10000000000000002,1.6996749443881478e-17,10.0,0.0,100.41720589934054,4.019340776977872,315.039283563208,32.42914440137175,0.13659008323300262,0.12708783547596525,0.5082719503606844,0.07959993527660861,0.7372693248547275,0.015564841809508347,0.8010626624219003,0.009639192344882079,0.553524168953389,0.04299779087619927,0.5077027676946254,0.05170384164870915,0.9364984578685123,0.009408038630143663,0.9099734940889913,0.03668881681731814,0.7878031160987851,0.05201186859204914,0.7578496424786577,0.02350142659725515,325.6666666666667,34.7754702819866,110.0,5.5677643628300215,0.0,0.0,0.0,0.0,325.6666666666667,34.7754702819866,117.33333333333333,7.571877794400365,0.6845425541823634,0.029385029467278605,0.43921403067144044,0.015834226075054133
diagnosis_donors,matched_tight,cmapss:FD001,diagnosis,marginal_max | random7:3-4-8-10-11-12-14 | gmm_fitted,,,,,,,,,,,,,,,,,,,,,,,,,,,,,,,3,"[11, 12, 13]",matched_tight,,,,,,,,,,,,,,,,,,,,,,,,,,,,,,,,,,,,,,,,,,,,,,,,,,,,,,,,,,,,,0.10000000000000002,1.6996749443881478e-17,10.0,0.0,28.080227126460585,3.3529957949541838,216.68245993723053,19.553699917267636,0.07491241561992651,0.0653814057424953,0.4919372964278208,0.042275581667989344,0.7364698562218198,0.022903556854720952,0.8056741217479285,0.013533976017464634,0.5211066507786417,0.03953082815389658,0.4950504742811907,0.04549969488058121,0.9577727989947794,0.001827515350866597,0.8959869370862994,0.034830577261370683,0.8236895954763129,0.03521193325509423,0.7578496424786577,0.02350142659725515,325.6666666666667,34.7754702819866,110.0,5.5677643628300215,0.0,0.0,0.0,0.0,325.6666666666667,34.7754702819866,120.33333333333333,18.175074506954115,0.6845425541823634,0.029385029467278605,0.45270803897246753,0.008552473506738876
diagnosis_donors,matched_tight,cmapss:FD001,diagnosis,conditional_max | random7:3-4-8-10-11-12-14 | gmm_fitted,,,,,,,,,,,,,,,,,,,,,,,,,,,,,,,3,"[11, 12, 13]",matched_tight,,,,,,,,,,,,,,,,,,,,,,,,,,,,,,,,,,,,,,,,,,,,,,,,,,,,,,,,,,,,,0.10000000000000002,1.6996749443881478e-17,10.0,0.0,26.907403500138546,2.8687782780398203,332.24785916675114,18.138755929345596,0.14381826995387015,0.127338061937046,0.5997903077470718,0.06837019266795737,0.7729739317068344,0.018332449704271246,0.8376636584277036,0.010820314072105104,0.5157522086802858,0.035197420803403025,0.6350326949420694,0.05137131957545154,0.9608359344133516,0.009406550011433224,0.9453729808198269,0.05082955005925461,0.8273057433708565,0.03973941850360739,0.8010063987039623,0.022748655147206687,325.6666666666667,34.7754702819866,110.0,5.5677643628300215,0.0,0.0,0.0,0.0,325.6666666666667,34.7754702819866,79.33333333333333,1.5275252316519468,0.7459978952507406,0.026807380127838336,0.526047074250415,0.00941995209147026
diagnosis_donors,matched_tight,cmapss:FD001,diagnosis,relational_max | random7:3-4-8-10-11-12-14 | gmm_fitted,,,,,,,,,,,,,,,,,,,,,,,,,,,,,,,3,"[11, 12, 13]",matched_tight,,,,,,,,,,,,,,,,,,,,,,,,,,,,,,,,,,,,,,,,,,,,,,,,,,,,,,,,,,,,,0.10000000000000002,1.6996749443881478e-17,10.0,0.0,2.695569793408675,0.7070851138037652,318.05533756060214,29.332828734607748,0.17115334383819436,0.057346763126663765,0.6114511084572231,0.023924112533154223,0.7676787877554689,0.0075779819512392715,0.8324524655800095,0.004822231379513407,0.505219710717972,0.024221517918143375,0.7081181152486575,0.034081674909822016,0.9599470335271247,0.01560000298603922,0.9487720699422387,0.038423907139052894,0.7365782615990626,0.08061407410129026,0.7483416971550265,0.02085037241415406,325.6666666666667,34.7754702819866,110.0,5.5677643628300215,0.0,0.0,0.0,0.0,325.6666666666667,34.7754702819866,78.66666666666667,26.501572280401277,0.7184640492500982,0.029173639264973822,0.49759210280670935,0.012395373127294008
diagnosis_donors,matched_tight,cmapss:FD001,diagnosis,query bank0:0-1-2-4-5-7-8 | circuit,,,,,,,,,,,,,,,,,,,,,,,,,,,,,,,3,"[11, 12, 13]",matched_tight,,,,,,,,,,,,,,,,,,,2.6067097981770832e-05,7.221105379486432e-06,0.982688481999503,0.0057074477027939914,0.5482058019988472,0.11280623697003157,871.3333333333334,59.87765303795175,8.0,0.0,8.0,0.0,8.0,0.0,6.0,0.0,50324.0,0.0,240.0,0.0,2.0,0.0,0.9738273333333334,0.0014781381306675386,21924489.333333332,1506641.505740942,209120.0,14370.636729108423,13070.0,898.1647955692764,245760.0,0.0,2.182153105735779,0.6190098906614351,2.2416369915008545,0.665876878865826,0.9010889728864034,0.5218808293435226,0.4379289696613948,0.44088717327416205,3.2913554112116494,1.4432451290220347,,,,,,,,,,,,,,,,,,,,,,,,,,,,,,,,,,,,,,,,,,,,
diagnosis_donors,matched_tight,cmapss:FD001,diagnosis,joint | bank0:0-1-2-4-5-7-8 | circuit,,,,,,,,,,,,,,,,,,,,,,,,,,,,,,,3,"[11, 12, 13]",matched_tight,,,,,,,,,,,,,,,,,,,,,,,,,,,,,,,,,,,,,,,,,,,,,,,,,,,,,,,,,,,,,0.10000000000000002,1.6996749443881478e-17,10.0,0.0,-43.46777089436849,7.2189931511284975,851.1748860677084,124.31785142047072,0.06724860519014648,0.00902814094329172,0.4774773187739361,0.04825727107612682,0.7375254369841286,0.01999259819952956,0.8012241666368953,0.019835596574075128,0.5001349998477475,0.016115074583582432,0.5304209115416058,0.029065863366328944,0.945633750240253,0.024357942288100776,0.9394286499638921,0.02152095357937133,0.7862316755085724,0.030053434064979834,0.7410415183330805,0.03415984835187044,329.6666666666667,26.350205565295564,106.0,5.5677643628300215,0.0,0.0,0.0,0.0,329.6666666666667,26.350205565295564,129.66666666666666,25.32455988429677,0.6819476797071564,0.04676678722216547,0.4291418775839468,0.045060554268689344
diagnosis_donors,matched_tight,cmapss:FD001,diagnosis,independent | bank0:0-1-2-4-5-7-8 | circuit,,,,,,,,,,,,,,,,,,,,,,,,,,,,,,,3,"[11, 12, 13]",matched_tight,,,,,,,,,,,,,,,,,,,,,,,,,,,,,,,,,,,,,,,,,,,,,,,,,,,,,,,,,,,,,0.10000000000000002,1.6996749443881478e-17,10.0,0.0,-40.45332590738932,6.219400276994599,851.5559285481771,125.1738807718666,0.06644539233874087,0.010302185313911548,0.46215095331411354,0.0492553852596154,0.7300561197699983,0.017494423688751346,0.7958513448984416,0.018600740935847817,0.49946819712249124,0.012642643255748811,0.5068206911136156,0.020859993553575044,0.9378555023440375,0.025631389728998626,0.9333492369200918,0.021578847772444048,0.7857008116197202,0.03361678630357873,0.7332361794374546,0.03633597565418057,329.6666666666667,26.350205565295564,106.0,5.5677643628300215,0.0,0.0,0.0,0.0,329.6666666666667,26.350205565295564,136.66666666666666,25.69695182961071,0.6706989268452269,0.04891672967165951,0.41239707240781215,0.04718025072007744
diagnosis_donors,matched_tight,cmapss:FD001,diagnosis,marginal_max | bank0:0-1-2-4-5-7-8 | circuit,,,,,,,,,,,,,,,,,,,,,,,,,,,,,,,3,"[11, 12, 13]",matched_tight,,,,,,,,,,,,,,,,,,,,,,,,,,,,,,,,,,,,,,,,,,,,,,,,,,,,,,,,,,,,,0.10000000000000002,1.6996749443881478e-17,10.0,0.0,28.323476791381836,2.47367057817747,537.1994425455729,115.10500190798798,0.03917033466122228,0.0327584746608407,0.45983879047499876,0.07194350129866726,0.7312108376841628,0.02281266742680067,0.8017179268880682,0.019241289639085044,0.4929329119474685,0.010793007151318349,0.5101893116331973,0.013105128584631786,0.9557948581194676,0.02336723115755849,0.9438411363053846,0.023102848079916933,0.7679289618772565,0.04817863331152863,0.7332361794374546,0.03633597565418057,329.6666666666667,26.350205565295564,106.0,5.5677643628300215,0.0,0.0,0.0,0.0,329.6666666666667,26.350205565295564,134.66666666666666,32.50128202599604,0.6706989268452269,0.04891672967165951,0.43946373372890574,0.05450245078060397
diagnosis_donors,matched_tight,cmapss:FD001,diagnosis,conditional_max | bank0:0-1-2-4-5-7-8 | circuit,,,,,,,,,,,,,,,,,,,,,,,,,,,,,,,3,"[11, 12, 13]",matched_tight,,,,,,,,,,,,,,,,,,,,,,,,,,,,,,,,,,,,,,,,,,,,,,,,,,,,,,,,,,,,,0.10000000000000002,1.6996749443881478e-17,10.0,0.0,27.828702290852863,2.5114418857463647,537.0770365397135,115.86894849134484,0.034404351296483705,0.028240433232629876,0.4709070830058158,0.06833935110542282,0.743243016102917,0.025538235748120662,0.8106059552370191,0.02069314974461023,0.4978106192396791,0.008195203868881406,0.5591667556535117,0.029679868787190297,0.9601687975537704,0.023060033044542457,0.9480921632986856,0.022841601542156212,0.7686744845061116,0.05087702919339114,0.7410415183330805,0.03415984835187044,329.6666666666667,26.350205565295564,106.0,5.5677643628300215,0.0,0.0,0.0,0.0,329.6666666666667,26.350205565295564,129.33333333333334,29.67041174863155,0.6819476797071564,0.04676678722216547,0.4544274506516537,0.05204612260979415
diagnosis_donors,matched_tight,cmapss:FD001,diagnosis,relational_max | bank0:0-1-2-4-5-7-8 | circuit,,,,,,,,,,,,,,,,,,,,,,,,,,,,,,,3,"[11, 12, 13]",matched_tight,,,,,,,,,,,,,,,,,,,,,,,,,,,,,,,,,,,,,,,,,,,,,,,,,,,,,,,,,,,,,0.10000000000000002,1.6996749443881478e-17,10.0,0.0,2.196943918863932,1.435873808499992,11.553175608317057,1.3135473664355823,0.03245208321437409,0.04616931016093962,0.1937822075839913,0.09128535218899803,0.6372344301557494,0.007746237079315037,0.684186854691741,0.011142007836791753,0.5318945967165982,0.03328329050635064,0.585006699151947,0.027717176265510887,0.8235245702572551,0.0241869232404845,0.7582995338581361,0.02030874920645917,0.496134225133726,0.013331386444727472,0.5100589176437699,0.005102204878525894,329.6666666666667,26.350205565295564,106.0,5.5677643628300215,0.0,0.0,138.33333333333334,36.90979996333404,191.33333333333334,11.060440015358038,111.33333333333333,30.74627348693388,0.6389337317383762,0.07944464370434319,0.15811800190577782,0.05803932405542478
diagnosis_donors,matched_tight,cmapss:FD001,diagnosis,query bank0:0-1-2-4-5-7-8 | gaussian_fitted,,,,,,,,,,,,,,,,,,,,,,,,,,,,,,,3,"[11, 12, 13]",matched_tight,,,,,,,,,,,,,,,,,,,0.0,0.0,0.12392357533220395,0.010362743150321676,0.002989334000934226,0.00010426650689070527,871.3333333333334,59.87765303795175,8.0,0.0,8.0,0.0,8.0,0.0,34.0,0.0,2880.0,0.0,0.0,0.0,1.0,0.0,0.0,0.0,1254720.0,86223.82037465053,0.0,0.0,13070.0,898.1647955692764,25883840.0,0.0,7.0853877103074465,0.9367896348331051,7.130266351697705,0.927297892316667,3.075496676427605,0.3730533680633804,1.7922944349901488,0.5412025561525872,12.14466758520279,1.6572619912796371,,,,,,,,,,,,,,,,,,,,,,,,,,,,,,,,,,,,,,,,,,,,
diagnosis_donors,matched_tight,cmapss:FD001,diagnosis,joint | bank0:0-1-2-4-5-7-8 | gaussian_fitted,,,,,,,,,,,,,,,,,,,,,,,,,,,,,,,3,"[11, 12, 13]",matched_tight,,,,,,,,,,,,,,,,,,,,,,,,,,,,,,,,,,,,,,,,,,,,,,,,,,,,,,,,,,,,,0.10000000000000002,1.6996749443881478e-17,10.0,0.0,112.94152170348205,9.999773628534605,770.4800563850962,15.300307932880157,0.029756254016772954,0.015282956228411967,0.46014466254652575,0.06119845169888499,0.762098539265712,0.014822936172443449,0.8229603348251215,0.013290656950598152,0.49364095608565534,0.025991052489951375,0.6304756896154337,0.01912243621630004,0.9616062729021344,0.020385904119014697,0.9434331803775979,0.012195304577660234,0.7965943055297461,0.01738777583590644,0.7874473845857866,0.0029953415091819808,329.6666666666667,26.350205565295564,106.0,5.5677643628300215,0.0,0.0,0.0,0.0,329.6666666666667,26.350205565295564,133.0,29.512709126747414,0.7566908990246765,0.012681962403043489,0.4332519348342245,0.0417011683829387
diagnosis_donors,matched_tight,cmapss:FD001,diagnosis,independent | bank0:0-1-2-4-5-7-8 | gaussian_fitted,,,,,,,,,,,,,,,,,,,,,,,,,,,,,,,3,"[11, 12, 13]",matched_tight,,,,,,,,,,,,,,,,,,,,,,,,,,,,,,,,,,,,,,,,,,,,,,,,,,,,,,,,,,,,,0.10000000000000002,1.6996749443881478e-17,10.0,0.0,119.43171941467382,12.975299272464078,356.3894834436997,20.190775347925058,0.03137600315550799,0.010573545446127548,0.35851053705595803,0.04786188031839152,0.7196827694525944,0.01754451407768607,0.7812414119010382,0.017199247663458036,0.4936417936661437,0.017706038009110855,0.4922200760766571,0.03187751719242291,0.9291150307938872,0.024943426661684323,0.9009784476037516,0.023593804577183443,0.792307065254589,0.019526397088298612,0.7703893778118678,0.0017983147949840238,329.6666666666667,26.350205565295564,106.0,5.5677643628300215,0.0,0.0,0.0,0.0,329.6666666666667,26.350205565295564,178.0,34.64101615137755,0.6909629871964861,0.012139206909011898,0.33309027174544703,0.039753500311854
diagnosis_donors,matched_tight,cmapss:FD001,diagnosis,marginal_max | bank0:0-1-2-4-5-7-8 | gaussian_fitted,,,,,,,,,,,,,,,,,,,,,,,,,,,,,,,3,"[11, 12, 13]",matched_tight,,,,,,,,,,,,,,,,,,,,,,,,,,,,,,,,,,,,,,,,,,,,,,,,,,,,,,,,,,,,,0.10000000000000002,1.6996749443881478e-17,10.0,0.0,52.42989189452059,5.537974066128937,240.4449543766577,12.890485275857344,0.02423759776425456,0.022527446782545688,0.275539305553362,0.010712318117101646,0.7182557446379744,0.014100439954858353,0.7720467887523382,0.02215725391868985,0.4791411007102912,0.03796869989600615,0.4981202612832422,0.010772543171117727,0.9348717218288104,0.011323906961474154,0.8893746803504207,0.033689011473418226,0.8013029259052918,0.011101363775453479,0.7703893778118678,0.0017983147949840238,329.6666666666667,26.350205565295564,106.0,5.5677643628300215,0.0,0.0,0.0,0.0,329.6666666666667,26.350205565295564,212.33333333333334,22.007574453658755,0.6909629871964861,0.012139206909011898,0.26069622849571117,0.02047390066976206
diagnosis_donors,matched_tight,cmapss:FD001,diagnosis,conditional_max | bank0:0-1-2-4-5-7-8 | gaussian_fitted,,,,,,,,,,,,,,,,,,,,,,,,,,,,,,,3,"[11, 12, 13]",matched_tight,,,,,,,,,,,,,,,,,,,,,,,,,,,,,,,,,,,,,,,,,,,,,,,,,,,,,,,,,,,,,0.10000000000000002,1.6996749443881478e-17,10.0,0.0,52.23299699910293,4.844208151842202,465.4872675506055,57.61612532826949,0.02148138788895625,0.01673983148360811,0.4199150539842136,0.01446315127576815,0.7590484852131647,0.014515122119712748,0.8207327661123699,0.010944360442140713,0.48042716883323067,0.0441194712878132,0.6229132135555964,0.022850871260800647,0.9645068767611272,0.016474298952736513,0.943131266976744,0.008637587982490303,0.800209504246152,0.004835644611608269,0.7874473845857866,0.0029953415091819808,329.6666666666667,26.350205565295564,106.0,5.5677643628300215,0.0,0.0,0.0,0.0,329.6666666666667,26.350205565295564,149.33333333333334,13.576941236277534,0.7566908990246765,0.012681962403043489,0.4049779839333132,0.010518663076531324
diagnosis_donors,matched_tight,cmapss:FD001,diagnosis,relational_max | bank0:0-1-2-4-5-7-8 | gaussian_fitted,,,,,,,,,,,,,,,,,,,,,,,,,,,,,,,3,"[11, 12, 13]",matched_tight,,,,,,,,,,,,,,,,,,,,,,,,,,,,,,,,,,,,,,,,,,,,,,,,,,,,,,,,,,,,,0.10000000000000002,1.6996749443881478e-17,10.0,0.0,2.337114157754176,1.0758349845248039,430.1176745538685,80.4300219390596,0.08970523619131159,0.10131586165000218,0.5478280977089766,0.06731937894319093,0.7614728127604931,0.014467490086638042,0.8266300262470564,0.0100834326239354,0.47905520335939866,0.011683599215911335,0.6966951061773342,0.05290830750365709,0.9665680309588119,0.026089090979466947,0.950256381896383,0.007803809564730029,0.7323492373466084,0.02186423280559791,0.739091708627611,0.014911887786299689,329.6666666666667,26.350205565295564,106.0,5.5677643628300215,0.0,0.0,0.0,0.0,329.6666666666667,26.350205565295564,102.66666666666667,8.736894948054106,0.7125987028191219,0.01443322258204201,0.47531531794213255,0.013409044270066223
diagnosis_donors,matched_tight,cmapss:FD001,diagnosis,query bank0:0-1-2-4-5-7-8 | gmm_fitted,,,,,,,,,,,,,,,,,,,,,,,,,,,,,,,3,"[11, 12, 13]",matched_tight,,,,,,,,,,,,,,,,,,,0.0,0.0,0.3189346436677927,0.11017892491830106,0.006461549666710198,0.0017211779732670476,871.3333333333334,59.87765303795175,8.0,0.0,8.0,0.0,8.0,0.0,34.0,0.0,2880.0,0.0,0.0,0.0,1.0,0.0,0.0,0.0,1254720.0,86223.82037465053,0.0,0.0,13070.0,898.1647955692764,69025194.66666667,29888786.04124974,5.028600554566942,1.6433158772178245,6.2485799764047885,0.577019458092869,4.957594533405975,1.6847109121454908,-5.04447492802143,6.58088490946142,11.02237113747667,1.4945315799333625,,,,,,,,,,,,,,,,,,,,,,,,,,,,,,,,,,,,,,,,,,,,
diagnosis_donors,matched_tight,cmapss:FD001,diagnosis,joint | bank0:0-1-2-4-5-7-8 | gmm_fitted,,,,,,,,,,,,,,,,,,,,,,,,,,,,,,,3,"[11, 12, 13]",matched_tight,,,,,,,,,,,,,,,,,,,,,,,,,,,,,,,,,,,,,,,,,,,,,,,,,,,,,,,,,,,,,0.10000000000000002,1.6996749443881478e-17,10.0,0.0,103.41265950069958,7.325926830559342,944.4762365833873,56.47433581356102,0.044602084854493095,0.021199674856613088,0.4174850050600709,0.04606063846659254,0.7509166933039708,0.007509642655564887,0.8062495443275125,0.006800573459978355,0.49639258793122454,0.027988943590370935,0.6153681449587608,0.031142637901271215,0.945360625386838,0.016990133685427934,0.9299966610238467,0.0046890040779707055,0.7817097656744307,0.008117484539387048,0.79037676838559,0.004916109268801762,329.6666666666667,26.350205565295564,106.0,5.5677643628300215,0.0,0.0,0.0,0.0,329.6666666666667,26.350205565295564,154.33333333333334,28.919428302325297,0.7635449811179496,0.016629530271694976,0.38668352951991486,0.029823785952755255
diagnosis_donors,matched_tight,cmapss:FD001,diagnosis,independent | bank0:0-1-2-4-5-7-8 | gmm_fitted,,,,,,,,,,,,,,,,,,,,,,,,,,,,,,,3,"[11, 12, 13]",matched_tight,,,,,,,,,,,,,,,,,,,,,,,,,,,,,,,,,,,,,,,,,,,,,,,,,,,,,,,,,,,,,0.10000000000000002,1.6996749443881478e-17,10.0,0.0,102.20980176278476,12.053032161913595,428.952969359211,37.07792944256693,0.03711986192222758,0.015329856910389307,0.30855955839086907,0.0770731996442744,0.7085327669523019,0.015172864654422679,0.7609154004696035,0.018946108601097942,0.4964350969366554,0.021706481357836264,0.48924654992374883,0.03479715420353237,0.9059778589609513,0.02201065973527961,0.8821501916409539,0.024023919024011763,0.7783057244792236,0.011277818714707602,0.7666330566446703,0.010898342940685929,329.6666666666667,26.350205565295564,106.0,5.5677643628300215,0.0,0.0,0.0,0.0,329.6666666666667,26.350205565295564,200.66666666666666,46.31774318048466,0.689632881349001,0.019508739173422853,0.28386183637443796,0.062348844097891765
diagnosis_donors,matched_tight,cmapss:FD001,diagnosis,marginal_max | bank0:0-1-2-4-5-7-8 | gmm_fitted,,,,,,,,,,,,,,,,,,,,,,,,,,,,,,,3,"[11, 12, 13]",matched_tight,,,,,,,,,,,,,,,,,,,,,,,,,,,,,,,,,,,,,,,,,,,,,,,,,,,,,,,,,,,,,0.10000000000000002,1.6996749443881478e-17,10.0,0.0,36.34149232018932,2.341241413528671,268.60929738401273,7.117400691900382,0.029846764288170125,0.01656365274770624,0.41559514249394475,0.022491973611432854,0.7267036590310454,0.017366702925240368,0.7937114696632869,0.01640003746795106,0.48292097404417184,0.030941734398711198,0.49477077578472733,0.0033455860041982153,0.950376278894125,0.020056041464073807,0.9100466515800029,0.030024968460858188,0.8082271872688104,0.02131599138997567,0.7666330566446703,0.010898342940685929,329.6666666666667,26.350205565295564,106.0,5.5677643628300215,0.0,0.0,0.0,0.0,329.6666666666667,26.350205565295564,152.66666666666666,22.941955743426348,0.689632881349001,0.019508739173422853,0.3982617573247513,0.026395987212779387
diagnosis_donors,matched_tight,cmapss:FD001,diagnosis,conditional_max | bank0:0-1-2-4-5-7-8 | gmm_fitted,,,,,,,,,,,,,,,,,,,,,,,,,,,,,,,3,"[11, 12, 13]",matched_tight,,,,,,,,,,,,,,,,,,,,,,,,,,,,,,,,,,,,,,,,,,,,,,,,,,,,,,,,,,,,,0.10000000000000002,1.6996749443881478e-17,10.0,0.0,41.216271918679375,2.914489427219788,599.6250947291023,51.96484426904291,0.026501974419812963,0.007542604425325012,0.5059680488617776,0.01180060523477136,0.7651797243471451,0.016463568580812046,0.8300617670279221,0.011884299583576433,0.478481101385531,0.0439818722192303,0.6337413567127638,0.02573939655232624,0.9710012972965029,0.018002966266994075,0.9483068895782175,0.008521867674389609,0.8117335020307319,0.01938374402259159,0.79037676838559,0.004916109268801762,329.6666666666667,26.350205565295564,106.0,5.5677643628300215,0.0,0.0,0.0,0.0,329.6666666666667,26.350205565295564,112.0,5.5677643628300215,0.7635449811179496,0.016629530271694976,0.4892099202497193,0.011501990796961658
diagnosis_donors,matched_tight,cmapss:FD001,diagnosis,relational_max | bank0:0-1-2-4-5-7-8 | gmm_fitted,,,,,,,,,,,,,,,,,,,,,,,,,,,,,,,3,"[11, 12, 13]",matched_tight,,,,,,,,,,,,,,,,,,,,,,,,,,,,,,,,,,,,,,,,,,,,,,,,,,,,,,,,,,,,,0.10000000000000002,1.6996749443881478e-17,10.0,0.0,10.60502712820897,7.199168891564339,558.1291511352147,81.13084784347036,0.03252781216628134,0.010095390478947776,0.487894747286008,0.05210067943287103,0.7640875506361763,0.013035242830790484,0.825579272281684,0.012360306667603543,0.4949482338215332,0.043405296049431136,0.6821062437691001,0.04878539310731656,0.9647939671035495,0.01750492595487823,0.9453529711341823,0.0035879950040997215,0.750729977634026,0.008219699792881952,0.7498689562617032,0.018217994047462886,329.6666666666667,26.350205565295564,106.0,5.5677643628300215,0.0,0.0,0.0,0.0,329.6666666666667,26.350205565295564,121.0,13.228756555322953,0.7401315530781437,0.021714180462961828,0.45603820950839763,0.04502266629978062
diagnosis_donors,matched_tight,cmapss:FD001,diagnosis,query bank1:3 | circuit,,,,,,,,,,,,,,,,,,,,,,,,,,,,,,,3,"[11, 12, 13]",matched_tight,,,,,,,,,,,,,,,,,,,3.5921732584635414e-05,5.422821715428664e-06,1.0557946069990674,0.10891641360417616,0.5500537856666293,0.11093331217842717,871.3333333333334,59.87765303795175,14.0,0.0,14.0,0.0,14.0,0.0,6.0,0.0,50324.0,0.0,240.0,0.0,2.0,0.0,1.0470286666666666,0.11192579006794343,21924489.333333332,1506641.505740942,209120.0,14370.636729108423,13070.0,898.1647955692764,245760.0,0.0,6.949141343434651,1.945685831861418,6.958476702372233,1.9544991713001185,1.8644667267799377,0.9382556298599299,2.898872137069702,0.5391140938610959,9.230279763539633,2.576147210104862,,,,,,,,,,,,,,,,,,,,,,,,,,,,,,,,,,,,,,,,,,,,
diagnosis_donors,matched_tight,cmapss:FD001,diagnosis,joint | bank1:3 | circuit,,,,,,,,,,,,,,,,,,,,,,,,,,,,,,,3,"[11, 12, 13]",matched_tight,,,,,,,,,,,,,,,,,,,,,,,,,,,,,,,,,,,,,,,,,,,,,,,,,,,,,,,,,,,,,0.10000000000000002,1.6996749443881478e-17,10.0,0.0,137.73416900634766,23.93204666307793,1000.1490478515625,39.16563104515749,0.07608961610280994,0.06339951683629276,0.5545194593033828,0.09836260282016215,0.7976958152282413,0.028826120909224262,0.8455047611623526,0.02378149200526639,0.5372228292664262,0.03313496863934162,0.5614765749999101,0.05637915881406925,0.9909643680850025,0.00364261144418358,0.9938678935728316,0.005165541933008816,0.9210019856251813,0.010986639169020564,0.6962310004391453,0.02421375242303039,426.6666666666667,25.716402029314548,9.0,4.358898943540674,0.0,0.0,0.0,0.0,426.6666666666667,25.716402029314548,186.33333333333334,49.05439158050309,0.6551138167817734,0.018223091086575986,0.5219901892535352,0.07355749998998201
diagnosis_donors,matched_tight,cmapss:FD001,diagnosis,independent | bank1:3 | circuit,,,,,,,,,,,,,,,,,,,,,,,,,,,,,,,3,"[11, 12, 13]",matched_tight,,,,,,,,,,,,,,,,,,,,,,,,,,,,,,,,,,,,,,,,,,,,,,,,,,,,,,,,,,,,,0.10000000000000002,1.6996749443881478e-17,10.0,0.0,145.33380126953125,22.706434160167323,986.4181722005209,36.465122276305586,0.08082895259570094,0.0716074969217591,0.5397949972725428,0.09937925634048948,0.7840869402519689,0.02382056747533645,0.8362447528809615,0.021218723855991245,0.5352262286968061,0.02954916471748152,0.5007255407618494,0.033473310402583896,0.9874479299753322,0.0035318968956497155,0.9892157388601664,0.007245734837651885,0.9196851824013633,0.012557293848095898,0.6676258838296364,0.021277030065260542,426.6666666666667,25.716402029314548,9.0,4.358898943540674,0.0,0.0,0.0,0.0,426.6666666666667,25.716402029314548,192.66666666666666,49.21720566360237,0.6261915866211533,0.018179058834959967,0.5080015939526991,0.06985689778001457
diagnosis_donors,matched_tight,cmapss:FD001,diagnosis,marginal_max | bank1:3 | circuit,,,,,,,,,,,,,,,,,,,,,,,,,,,,,,,3,"[11, 12, 13]",matched_tight,,,,,,,,,,,,,,,,,,,,,,,,,,,,,,,,,,,,,,,,,,,,,,,,,,,,,,,,,,,,,0.10000000000000002,1.6996749443881478e-17,10.0,0.0,30.06584358215332,1.1284432933422985,539.8334147135416,107.08559983574723,0.028766351075371368,0.016824045960309904,0.5656192988147003,0.02232361195835267,0.7905775410016962,0.0232986251549839,0.8507842886866644,0.015649947920205826,0.5205432697717275,0.029952251191788563,0.5005164704645853,0.025902293382982524,0.9956124553432012,0.0006417166634702659,0.9946882241213048,0.004894936895624925,0.9570027610250924,0.019039844511775636,0.6676258838296364,0.021277030065260542,426.6666666666667,25.716402029314548,9.0,4.358898943540674,0.0,0.0,0.0,0.0,426.6666666666667,25.716402029314548,180.66666666666666,18.475208614068027,0.6261915866211533,0.018179058834959967,0.5563833634426786,0.02325583299285011
diagnosis_donors,matched_tight,cmapss:FD001,diagnosis,conditional_max | bank1:3 | circuit,,,,,,,,,,,,,,,,,,,,,,,,,,,,,,,3,"[11, 12, 13]",matched_tight,,,,,,,,,,,,,,,,,,,,,,,,,,,,,,,,,,,,,,,,,,,,,,,,,,,,,,,,,,,,,0.10000000000000002,1.6996749443881478e-17,10.0,0.0,29.235809326171875,1.091293447371263,540.1939188639323,106.98673268713348,0.0303861002141064,0.021719241607148526,0.5810803565173267,0.028053013042802267,0.8047598779925412,0.024351067042142686,0.8606498281572533,0.016012373962420553,0.5181026998091643,0.03513583782032006,0.5697281287609022,0.04286272025780753,0.9988758647539093,0.0009518909915125063,0.9990239126559085,0.0014793988706455826,0.9567382816696277,0.019180939980204172,0.6962310004391453,0.02421375242303039,426.6666666666667,25.716402029314548,9.0,4.358898943540674,0.0,0.0,0.0,0.0,426.6666666666667,25.716402029314548,174.33333333333334,19.857828011475306,0.6551138167817734,0.018223091086575986,0.5718310977093815,0.03097694946467097
diagnosis_donors,matched_tight,cmapss:FD001,diagnosis,relational_max | bank1:3 | circuit,,,,,,,,,,,,,,,,,,,,,,,,,,,,,,,3,"[11, 12, 13]",matched_tight,,,,,,,,,,,,,,,,,,,,,,,,,,,,,,,,,,,,,,,,,,,,,,,,,,,,,,,,,,,,,0.10000000000000002,1.6996749443881478e-17,10.0,0.0,3.247217814127604,1.035440317696365,12.598520914713541,0.7657872463174595,0.01337409737771293,0.017201121102367472,0.3098412810260908,0.07049120613011867,0.6983737952551476,0.011435532202116518,0.7617434804676301,0.014285044570566842,0.5093290313085311,0.013785647771661948,0.7020204208669485,0.062261935595553916,0.8880150253444025,0.011265318953577751,0.8962086369987105,0.0036014697346547905,0.5150288810751643,0.018324095569486585,0.4562676563311035,0.027326658882421005,426.6666666666667,25.716402029314548,9.0,4.358898943540674,0.0,0.0,130.66666666666666,42.922410618851934,296.0,17.349351572897472,162.0,31.480152477394387,0.615270938692648,0.05111645975607239,0.2980743382929722,0.06610736897446233
diagnosis_donors,matched_tight,cmapss:FD001,diagnosis,query bank1:3 | gaussian_fitted,,,,,,,,,,,,,,,,,,,,,,,,,,,,,,,3,"[11, 12, 13]",matched_tight,,,,,,,,,,,,,,,,,,,0.0,0.0,0.6712454103338436,0.03892198577016157,0.0067139220009266865,0.00018530634654285476,871.3333333333334,59.87765303795175,14.0,0.0,14.0,0.0,14.0,0.0,58.0,0.0,8400.0,0.0,0.0,0.0,1.0,0.0,0.0,0.0,3659600.0,251486.1427593974,0.0,0.0,13070.0,898.1647955692764,32941280.0,0.0,14.488048014812142,2.5119961944172866,14.500730326155235,2.490369612635088,6.180889213171192,0.2678023342988698,5.506115111037892,1.8483130333128703,25.887317912412215,2.691861110929322,,,,,,,,,,,,,,,,,,,,,,,,,,,,,,,,,,,,,,,,,,,,
diagnosis_donors,matched_tight,cmapss:FD001,diagnosis,joint | bank1:3 | gaussian_fitted,,,,,,,,,,,,,,,,,,,,,,,,,,,,,,,3,"[11, 12, 13]",matched_tight,,,,,,,,,,,,,,,,,,,,,,,,,,,,,,,,,,,,,,,,,,,,,,,,,,,,,,,,,,,,,0.10000000000000002,1.6996749443881478e-17,10.0,0.0,174.78025799243315,6.803440619961134,1025.9911101229961,152.69141143046025,0.06619163960470296,0.07535078203615571,0.6575664764533581,0.04279649461706386,0.8468265328124288,0.01635608690194969,0.8916735139746846,0.009635348315209725,0.5374099730836992,0.03961347255120353,0.7617493617004457,0.024036791128707175,0.9991685012392915,0.0011291522024335463,1.0,0.0,0.9588887305391358,0.011461773640321027,0.7508257213688131,0.007581556635467627,426.6666666666667,25.716402029314548,9.0,4.358898943540674,0.0,0.0,0.0,0.0,426.6666666666667,25.716402029314548,140.0,12.165525060596439,0.7270464528591463,0.012482744719019761,0.6247649466475359,0.011041442613176668
diagnosis_donors,matched_tight,cmapss:FD001,diagnosis,independent | bank1:3 | gaussian_fitted,,,,,,,,,,,,,,,,,,,,,,,,,,,,,,,3,"[11, 12, 13]",matched_tight,,,,,,,,,,,,,,,,,,,,,,,,,,,,,,,,,,,,,,,,,,,,,,,,,,,,,,,,,,,,,0.10000000000000002,1.6996749443881478e-17,10.0,0.0,185.42198735062252,3.166822203683699,387.4195905575978,13.110790761744058,0.08569962009984074,0.053398866215329556,0.5690927064110025,0.0762204240131662,0.7837076897682821,0.022502096007739492,0.8417176399934556,0.01701048591176518,0.5400454121773658,0.03039673239851938,0.47949098015724684,0.04761112651666288,0.9848925879379471,0.01318870996363029,0.9697680153589072,0.012216615408143928,0.9537473148803562,0.021084675424318296,0.683949533368824,0.01299965717021246,426.6666666666667,25.716402029314548,9.0,4.358898943540674,0.0,0.0,0.0,0.0,426.6666666666667,25.716402029314548,178.66666666666666,27.682726262659415,0.6260667222354529,0.01199094484759086,0.5311884626334318,0.05329181968338481
diagnosis_donors,matched_tight,cmapss:FD001,diagnosis,marginal_max | bank1:3 | gaussian_fitted,,,,,,,,,,,,,,,,,,,,,,,,,,,,,,,3,"[11, 12, 13]",matched_tight,,,,,,,,,,,,,,,,,,,,,,,,,,,,,,,,,,,,,,,,,,,,,,,,,,,,,,,,,,,,,0.10000000000000002,1.6996749443881478e-17,10.0,0.0,29.620944261572077,2.022211220067357,238.40447825366923,12.342992907568162,0.03639237802272922,0.032019579532493486,0.5633001705318804,0.0067433391140229405,0.783457541134167,0.015714960070811322,0.845994909738928,0.0117962045178869,0.5147818066611022,0.03090558195939509,0.4838172934969636,0.001845136459746569,0.9961315713681783,0.006012653052373513,0.9538101949746207,0.011188492858281262,0.9798123948915379,0.012070594411684806,0.683949533368824,0.01299965717021246,426.6666666666667,25.716402029314548,9.0,4.358898943540674,0.0,0.0,0.0,0.0,426.6666666666667,25.716402029314548,181.33333333333334,11.060440015358038,0.6260667222354529,0.01199094484759086,0.5489790562876696,0.010478187908965089
diagnosis_donors,matched_tight,cmapss:FD001,diagnosis,conditional_max | bank1:3 | gaussian_fitted,,,,,,,,,,,,,,,,,,,,,,,,,,,,,,,3,"[11, 12, 13]",matched_tight,,,,,,,,,,,,,,,,,,,,,,,,,,,,,,,,,,,,,,,,,,,,,,,,,,,,,,,,,,,,,0.10000000000000002,1.6996749443881478e-17,10.0,0.0,29.571718104773044,2.075568094829435,499.51709701995327,62.40376206306262,0.06442662856730948,0.06399023470087281,0.6916501743588248,0.017201473421455393,0.84594732431857,0.011859521338179151,0.893738455595915,0.009351543244447612,0.5196098996772139,0.03465249869482231,0.7523484342357006,0.0025020749717528028,1.0,0.0,1.0,0.0,0.9805700873101174,0.00777211027601161,0.7508257213688131,0.007581556635467627,426.6666666666667,25.716402029314548,9.0,4.358898943540674,0.0,0.0,0.0,0.0,426.6666666666667,25.716402029314548,126.0,1.0,0.7270464528591463,0.012482744719019761,0.6667573794218925,0.008975555938814665
diagnosis_donors,matched_tight,cmapss:FD001,diagnosis,relational_max | bank1:3 | gaussian_fitted,,,,,,,,,,,,,,,,,,,,,,,,,,,,,,,3,"[11, 12, 13]",matched_tight,,,,,,,,,,,,,,,,,,,,,,,,,,,,,,,,,,,,,,,,,,,,,,,,,,,,,,,,,,,,,0.10000000000000002,1.6996749443881478e-17,10.0,0.0,3.1302281532975784,0.4099471140274391,485.86511041583503,21.70273974889117,0.15792519680415723,0.06944457568040716,0.704219601001566,0.015348934766125814,0.8300144516407247,0.005902989637275761,0.8821698075628652,0.002902342169256585,0.4751938573171221,0.021675940027914446,0.8428643984421237,0.03082071336073551,1.0,0.0,1.0,0.0,0.8590367372414415,0.016263734994591668,0.709585260115082,0.0109757535616805,426.6666666666667,25.716402029314548,9.0,4.358898943540674,0.0,0.0,0.0,0.0,426.6666666666667,25.716402029314548,122.0,6.244997998398398,0.6921166746050647,0.006096690313861005,0.6357412710233897,0.006867580668810668
diagnosis_donors,matched_tight,cmapss:FD001,diagnosis,query bank1:3 | gmm_fitted,,,,,,,,,,,,,,,,,,,,,,,,,,,,,,,3,"[11, 12, 13]",matched_tight,,,,,,,,,,,,,,,,,,,0.0,0.0,1.7266939603323408,0.6405053189119074,0.014927898334766118,0.005285296616867748,871.3333333333334,59.87765303795175,14.0,0.0,14.0,0.0,14.0,0.0,58.0,0.0,8400.0,0.0,0.0,0.0,1.0,0.0,0.0,0.0,3659600.0,251486.1427593974,0.0,0.0,13070.0,898.1647955692764,87845312.0,38038135.897685,8.667784769419807,3.9509950616674705,9.705259223763449,2.4858191250340873,6.994628774700735,0.36150985804137614,-2.5369669069659793,4.716676571671124,20.038665302926614,4.947721994964105,,,,,,,,,,,,,,,,,,,,,,,,,,,,,,,,,,,,,,,,,,,,
diagnosis_donors,matched_tight,cmapss:FD001,diagnosis,joint | bank1:3 | gmm_fitted,,,,,,,,,,,,,,,,,,,,,,,,,,,,,,,3,"[11, 12, 13]",matched_tight,,,,,,,,,,,,,,,,,,,,,,,,,,,,,,,,,,,,,,,,,,,,,,,,,,,,,,,,,,,,,0.10000000000000002,1.6996749443881478e-17,10.0,0.0,180.8921962170749,9.784167914638068,1179.3900505245285,155.4385016331517,0.08044686561107796,0.0815121396181332,0.669052169148511,0.04792947069508466,0.8454231597446787,0.017407103750864968,0.8904443160036944,0.010651883044900029,0.5388808272200641,0.04035907120137916,0.7575708193806482,0.02576116464086008,0.9988039238952062,0.0014034962928722975,0.9999895686642675,1.8067603479551194e-05,0.9548446141562472,0.012993472693207692,0.7483088502818895,0.009364407871399447,426.6666666666667,25.716402029314548,9.0,4.358898943540674,0.0,0.0,0.0,0.0,426.6666666666667,25.716402029314548,135.33333333333334,14.294521094927712,0.7271324521711519,0.014382031110832813,0.6262914317348045,0.02162556393325007
diagnosis_donors,matched_tight,cmapss:FD001,diagnosis,independent | bank1:3 | gmm_fitted,,,,,,,,,,,,,,,,,,,,,,,,,,,,,,,3,"[11, 12, 13]",matched_tight,,,,,,,,,,,,,,,,,,,,,,,,,,,,,,,,,,,,,,,,,,,,,,,,,,,,,,,,,,,,,0.10000000000000002,1.6996749443881478e-17,10.0,0.0,186.18622056438463,4.137039564710464,413.73590115109647,15.29202734642579,0.08240261641504001,0.07213398512139516,0.5653144391623163,0.0695798695076294,0.7848470987928272,0.022091431478239675,0.8428137704027199,0.016250804760719176,0.5416858418370333,0.030160318329556905,0.4779705534784003,0.049159597757615726,0.985193938248495,0.013488249130019834,0.9755513934284236,0.009189234533805253,0.9532998888384355,0.018726501014011833,0.6842279060906916,0.013443037037806162,426.6666666666667,25.716402029314548,9.0,4.358898943540674,0.0,0.0,0.0,0.0,426.6666666666667,25.716402029314548,180.0,22.516660498395403,0.6254217273954116,0.013795321305549375,0.530973100833302,0.04615397815436414
diagnosis_donors,matched_tight,cmapss:FD001,diagnosis,marginal_max | bank1:3 | gmm_fitted,,,,,,,,,,,,,,,,,,,,,,,,,,,,,,,3,"[11, 12, 13]",matched_tight,,,,,,,,,,,,,,,,,,,,,,,,,,,,,,,,,,,,,,,,,,,,,,,,,,,,,,,,,,,,,0.10000000000000002,1.6996749443881478e-17,10.0,0.0,29.66372750008686,1.947388244106369,266.6279955678233,7.313584292723855,0.034879945313167564,0.030705594759919064,0.5702878064643367,0.00736785698369645,0.7845859129514071,0.016425723028173665,0.8473576485417885,0.012139959982621573,0.5136855395753991,0.029697857462693388,0.4805523704162262,0.0018317929891264145,0.9965746855494526,0.005458244477144432,0.9633107919622009,0.007463364739453406,0.9802017296494565,0.011706100902014242,0.6842279060906916,0.013443037037806162,426.6666666666667,25.716402029314548,9.0,4.358898943540674,0.0,0.0,0.0,0.0,426.6666666666667,25.716402029314548,178.33333333333334,11.67618659209133,0.6254217273954116,0.013795321305549375,0.5559666922201258,0.013096065942426887
diagnosis_donors,matched_tight,cmapss:FD001,diagnosis,conditional_max | bank1:3 | gmm_fitted,,,,,,,,,,,,,,,,,,,,,,,,,,,,,,,3,"[11, 12, 13]",matched_tight,,,,,,,,,,,,,,,,,,,,,,,,,,,,,,,,,,,,,,,,,,,,,,,,,,,,,,,,,,,,,0.10000000000000002,1.6996749443881478e-17,10.0,0.0,30.880103300642862,2.8407986400817857,611.0677912149029,65.5234084797507,0.09245290124904175,0.08467050156938102,0.7004561150723697,0.02541949385609812,0.8475145315647779,0.015950214058681595,0.8950021684464872,0.011057505160695813,0.5256175035941903,0.04193546175390266,0.7559238224405833,0.015842698370235424,1.0,0.0,1.0,0.0,0.9794850190374104,0.00960993892774545,0.7483088502818895,0.009364407871399447,426.6666666666667,25.716402029314548,9.0,4.358898943540674,0.0,0.0,0.0,0.0,426.6666666666667,25.716402029314548,122.33333333333333,5.686240703077327,0.7271324521711519,0.014382031110832813,0.6684444746820294,0.01168730303699804
diagnosis_donors,matched_tight,cmapss:FD001,diagnosis,relational_max | bank1:3 | gmm_fitted,,,,,,,,,,,,,,,,,,,,,,,,,,,,,,,3,"[11, 12, 13]",matched_tight,,,,,,,,,,,,,,,,,,,,,,,,,,,,,,,,,,,,,,,,,,,,,,,,,,,,,,,,,,,,,0.10000000000000002,1.6996749443881478e-17,10.0,0.0,6.0203769568480086,1.3245523018733796,590.4356248811238,26.161406080374366,0.11312747207444279,0.036797550417768575,0.6970874321122343,0.0036369260655782984,0.8400235335315815,0.007588302012497436,0.888280240044914,0.0056888360005430075,0.5097532542552531,0.04462201070427804,0.8401592758426788,0.015006703856884154,0.9999266324284667,0.0001270763615237678,1.0,0.0,0.8748643421556709,0.011620546899361381,0.7075453293904075,0.014427311838039223,426.6666666666667,25.716402029314548,9.0,4.358898943540674,0.0,0.0,0.0,0.0,426.6666666666667,25.716402029314548,124.33333333333333,7.094598884597588,0.7049851485803499,0.01840271265846031,0.6445906647665584,0.009849515131787556
diagnosis_donors,matched_tight,cmapss:FD001,diagnosis,query bank2:6-10 | circuit,,,,,,,,,,,,,,,,,,,,,,,,,,,,,,,3,"[11, 12, 13]",matched_tight,,,,,,,,,,,,,,,,,,,2.0821889241536457e-05,5.728664808572165e-06,0.9802452333327286,0.0050417298639311514,0.4868777550012358,0.005107102396490065,871.3333333333334,59.87765303795175,13.0,0.0,13.0,0.0,13.0,0.0,6.0,0.0,50324.0,0.0,240.0,0.0,2.0,0.0,0.9734599999999999,0.0022130745581656237,21924489.333333332,1506641.505740942,209120.0,14370.636729108423,13070.0,898.1647955692764,245760.0,0.0,6.391555468241374,2.142795967218618,6.400236288706462,2.1461459593401093,1.7814312974611919,0.9404485723926328,2.3943684101104736,0.5900774826364216,8.329074064890543,2.5332799638235626,,,,,,,,,,,,,,,,,,,,,,,,,,,,,,,,,,,,,,,,,,,,
diagnosis_donors,matched_tight,cmapss:FD001,diagnosis,joint | bank2:6-10 | circuit,,,,,,,,,,,,,,,,,,,,,,,,,,,,,,,3,"[11, 12, 13]",matched_tight,,,,,,,,,,,,,,,,,,,,,,,,,,,,,,,,,,,,,,,,,,,,,,,,,,,,,,,,,,,,,0.10000000000000002,1.6996749443881478e-17,10.0,0.0,54.091705322265625,17.41918626412751,1011.0850219726562,170.63778616065056,0.0936482037862046,0.05447347266161877,0.5618416390175,0.08737352175261409,0.7902656724390752,0.02575629434732798,0.838188180756779,0.022629681706479287,0.5329283306635237,0.055789469471615734,0.5666164846270195,0.05325864990238737,0.9907928274626805,0.005527396861537534,0.9852660193086983,0.0061458566520133425,0.8911798980628624,0.024017625884572215,0.6937789285388015,0.019276732557135818,419.3333333333333,27.53785273643051,16.333333333333332,2.5166114784235836,0.0,0.0,0.0,0.0,419.3333333333333,27.53785273643051,179.0,46.486557196677836,0.6482496922345576,0.01681412578016708,0.507412285017857,0.060240679744887456
diagnosis_donors,matched_tight,cmapss:FD001,diagnosis,independent | bank2:6-10 | circuit,,,,,,,,,,,,,,,,,,,,,,,,,,,,,,,3,"[11, 12, 13]",matched_tight,,,,,,,,,,,,,,,,,,,,,,,,,,,,,,,,,,,,,,,,,,,,,,,,,,,,,,,,,,,,,0.10000000000000002,1.6996749443881478e-17,10.0,0.0,59.97793833414713,17.22140696988111,1000.9688517252604,179.41185007888916,0.10566974968544136,0.04598595323983431,0.5465552438654487,0.0845240152846836,0.7759787812886199,0.021616663607058703,0.8278887924692242,0.0199696033778932,0.5322993103266036,0.051967021739599446,0.5059565872649213,0.029760511894063757,0.9846583191261219,0.005470999413283931,0.9784871755837973,0.01098288891085004,0.8906977323956222,0.022196627194931564,0.6644135473791496,0.016380359413821915,419.3333333333333,27.53785273643051,16.333333333333332,2.5166114784235836,0.0,0.0,0.0,0.0,419.3333333333333,27.53785273643051,186.0,45.902069670114,0.6172540188782174,0.01602482183915798,0.4914166700076499,0.05923863856916435
diagnosis_donors,matched_tight,cmapss:FD001,diagnosis,marginal_max | bank2:6-10 | circuit,,,,,,,,,,,,,,,,,,,,,,,,,,,,,,,3,"[11, 12, 13]",matched_tight,,,,,,,,,,,,,,,,,,,,,,,,,,,,,,,,,,,,,,,,,,,,,,,,,,,,,,,,,,,,,0.10000000000000002,1.6996749443881478e-17,10.0,0.0,30.06584358215332,1.1284432933422985,379.37999471028644,57.74610512406608,0.028766351075371368,0.016824045960309904,0.5446563910173313,0.0147812305145955,0.7790218651038776,0.018505833910521685,0.8415672273784885,0.012589637216983448,0.5207439923730924,0.029788884159557043,0.5007650629921864,0.02557395434203522,0.994430732454512,0.001468684738373192,0.9888548790568709,0.010006933173346822,0.9055825224808861,0.03056386676150022,0.6644135473791496,0.016380359413821915,419.3333333333333,27.53785273643051,16.333333333333332,2.5166114784235836,0.0,0.0,0.0,0.0,419.3333333333333,27.53785273643051,182.33333333333334,17.897858344878397,0.6172540188782174,0.01602482183915798,0.5354204556453098,0.015397933193471349
diagnosis_donors,matched_tight,cmapss:FD001,diagnosis,conditional_max | bank2:6-10 | circuit,,,,,,,,,,,,,,,,,,,,,,,,,,,,,,,3,"[11, 12, 13]",matched_tight,,,,,,,,,,,,,,,,,,,,,,,,,,,,,,,,,,,,,,,,,,,,,,,,,,,,,,,,,,,,,0.10000000000000002,1.6996749443881478e-17,10.0,0.0,29.225870768229168,1.1094808137222225,380.19286092122394,57.44838482016758,0.0303861002141064,0.021719241607148526,0.5601174487199579,0.020211515742992008,0.7943650996615562,0.021297636741210713,0.8525493966127232,0.014386878986168437,0.5189535703107827,0.035017379669864374,0.5686987567868209,0.04127546166054144,0.9988369941975558,0.001199170022809557,0.9981527831515687,0.0012916160800298655,0.9055680988322962,0.029154934578505987,0.6937789285388015,0.019276732557135818,419.3333333333333,27.53785273643051,16.333333333333332,2.5166114784235836,0.0,0.0,0.0,0.0,419.3333333333333,27.53785273643051,175.66666666666666,19.5021366350801,0.6482496922345576,0.01681412578016708,0.5508681899120127,0.023265039788701307
diagnosis_donors,matched_tight,cmapss:FD001,diagnosis,relational_max | bank2:6-10 | circuit,,,,,,,,,,,,,,,,,,,,,,,,,,,,,,,3,"[11, 12, 13]",matched_tight,,,,,,,,,,,,,,,,,,,,,,,,,,,,,,,,,,,,,,,,,,,,,,,,,,,,,,,,,,,,,0.10000000000000002,1.6996749443881478e-17,10.0,0.0,2.6259562174479165,0.5073645572763497,12.603754679361979,0.7664724663950453,0.027831928703014135,0.023492824046001257,0.3444734266297822,0.07186582179053634,0.6997994233678076,0.0074674916953328015,0.7632108262592969,0.009839701613505964,0.50194884899831,0.012985534075830552,0.6939417159901266,0.014660848284448478,0.8980915646176989,0.009189989002317638,0.8761468188472069,0.004105151742871434,0.5447148096321431,0.006247784541791142,0.4669252125576839,0.028686386760620696,419.3333333333333,27.53785273643051,16.333333333333332,2.5166114784235836,0.0,0.0,164.0,59.90826320300064,255.33333333333334,34.01960219246153,106.66666666666667,22.501851775650227,0.6916558426468825,0.10499880540451388,0.32235870982164005,0.060943041588926716
diagnosis_donors,matched_tight,cmapss:FD001,diagnosis,query bank2:6-10 | gaussian_fitted,,,,,,,,,,,,,,,,,,,,,,,,,,,,,,,3,"[11, 12, 13]",matched_tight,,,,,,,,,,,,,,,,,,,0.0,0.0,0.54086024299977,0.03388070474497181,0.00575460199979716,0.00018891056542506013,871.3333333333334,59.87765303795175,13.0,0.0,13.0,0.0,13.0,0.0,54.0,0.0,7280.0,0.0,0.0,0.0,1.0,0.0,0.0,0.0,3171653.3333333335,217954.6570581444,0.0,0.0,13070.0,898.1647955692764,39499520.0,0.0,12.162314777683306,2.416617161341878,12.180134858347705,2.414890008406644,5.617719315390187,0.46604856435290004,3.9255092290604274,1.3647230695822568,22.238124928478186,2.779559703803742,,,,,,,,,,,,,,,,,,,,,,,,,,,,,,,,,,,,,,,,,,,,
diagnosis_donors,matched_tight,cmapss:FD001,diagnosis,joint | bank2:6-10 | gaussian_fitted,,,,,,,,,,,,,,,,,,,,,,,,,,,,,,,3,"[11, 12, 13]",matched_tight,,,,,,,,,,,,,,,,,,,,,,,,,,,,,,,,,,,,,,,,,,,,,,,,,,,,,,,,,,,,,0.10000000000000002,1.6996749443881478e-17,10.0,0.0,209.3001235997699,12.60197214496982,545.988253550398,28.27158342238401,0.05667344177557259,0.016016407862643623,0.5901429252352761,0.04524132604567834,0.8239425194035676,0.018231868459809536,0.8695388878569187,0.015121552219642467,0.532247196411998,0.05857329194091683,0.7073411580194016,0.03221983650230728,0.997455755752152,0.001898524086609666,0.9978582586908629,0.002546126570380627,0.9056210483047566,0.02514155608178912,0.763980868366462,0.00804145132877662,419.3333333333333,27.53785273643051,16.333333333333332,2.5166114784235836,0.0,0.0,0.0,0.0,419.3333333333333,27.53785273643051,164.0,27.622454633866266,0.7195607431927901,0.009867988794896799,0.5650186912822207,0.04983944107878589
diagnosis_donors,matched_tight,cmapss:FD001,diagnosis,independent | bank2:6-10 | gaussian_fitted,,,,,,,,,,,,,,,,,,,,,,,,,,,,,,,3,"[11, 12, 13]",matched_tight,,,,,,,,,,,,,,,,,,,,,,,,,,,,,,,,,,,,,,,,,,,,,,,,,,,,,,,,,,,,,0.10000000000000002,1.6996749443881478e-17,10.0,0.0,219.11936188837828,17.4248582692211,226.5536128321919,19.67372912280483,0.0724830956375669,0.027381832730101804,0.466706191510015,0.07749514086707279,0.7638902689787813,0.023132749001845206,0.8098174169594768,0.024622027035694737,0.5330903054577408,0.050175977453748584,0.49355692917071875,0.03358070814632021,0.9649955124805562,0.010001445745682574,0.9377173152146305,0.018385135798610917,0.9005255025745539,0.02147868656869226,0.686843252390012,0.0075455230776634375,419.3333333333333,27.53785273643051,16.333333333333332,2.5166114784235836,0.0,0.0,0.0,0.0,419.3333333333333,27.53785273643051,218.66666666666666,45.05922029211484,0.6236890125528496,0.013468156162436639,0.4260809295465618,0.0779597244551622
diagnosis_donors,matched_tight,cmapss:FD001,diagnosis,marginal_max | bank2:6-10 | gaussian_fitted,,,,,,,,,,,,,,,,,,,,,,,,,,,,,,,3,"[11, 12, 13]",matched_tight,,,,,,,,,,,,,,,,,,,,,,,,,,,,,,,,,,,,,,,,,,,,,,,,,,,,,,,,,,,,,0.10000000000000002,1.6996749443881478e-17,10.0,0.0,52.42989189452059,5.537974066128937,116.43616747519474,6.980619649037695,0.02423759776425456,0.022527446782545688,0.2111590052860428,0.05297329909780205,0.7606945252530899,0.021042038131687358,0.7885259800984158,0.043985962979293025,0.5135826417007375,0.05089874878929643,0.49104379315565466,0.011084061733533608,0.9574365434211289,0.025355468165084334,0.9282865898805771,0.03760206395659064,0.9235557722924771,0.014924368503006293,0.686843252390012,0.0075455230776634375,419.3333333333333,27.53785273643051,16.333333333333332,2.5166114784235836,0.0,0.0,0.0,0.0,419.3333333333333,27.53785273643051,328.0,39.50949253027682,0.6236890125528496,0.013468156162436639,0.19719981063712347,0.06559434412735364
diagnosis_donors,matched_tight,cmapss:FD001,diagnosis,conditional_max | bank2:6-10 | gaussian_fitted,,,,,,,,,,,,,,,,,,,,,,,,,,,,,,,3,"[11, 12, 13]",matched_tight,,,,,,,,,,,,,,,,,,,,,,,,,,,,,,,,,,,,,,,,,,,,,,,,,,,,,,,,,,,,,0.10000000000000002,1.6996749443881478e-17,10.0,0.0,53.64921843658855,6.037729662417554,231.82916309343486,20.41537417883752,0.025188826294388,0.019945270275846323,0.5296414051891746,0.037628204004838406,0.8235816264818099,0.012843775241011629,0.8694057655862032,0.01574649988023546,0.5162836093585849,0.059838149248943595,0.7091744924020267,0.023734551445188438,0.9946042593418825,0.005768942125636728,0.9967200920699423,0.004057192071983379,0.919974283533224,0.020163901857371776,0.763980868366462,0.00804145132877662,419.3333333333333,27.53785273643051,16.333333333333332,2.5166114784235836,0.0,0.0,0.0,0.0,419.3333333333333,27.53785273643051,189.33333333333334,28.571547618799602,0.7195607431927901,0.009867988794896799,0.5177158771214737,0.045233681514309
diagnosis_donors,matched_tight,cmapss:FD001,diagnosis,relational_max | bank2:6-10 | gaussian_fitted,,,,,,,,,,,,,,,,,,,,,,,,,,,,,,,3,"[11, 12, 13]",matched_tight,,,,,,,,,,,,,,,,,,,,,,,,,,,,,,,,,,,,,,,,,,,,,,,,,,,,,,,,,,,,,0.10000000000000002,1.6996749443881478e-17,10.0,0.0,3.7180931356951348,0.7212646490105673,237.2948025961331,20.188277001614537,0.1035694254278382,0.0630689390111251,0.6396191603157614,0.03886746748741615,0.811126262849105,0.0071675244502143656,0.8662866683486793,0.0033327958826723835,0.4718970123963573,0.047205175708441856,0.8104267265800075,0.011975863525760532,0.9984233141909776,0.0019564611417209284,1.0,0.0,0.8007735970008666,0.03902474561629485,0.7102502234774798,0.004906632586026931,419.3333333333333,27.53785273643051,16.333333333333332,2.5166114784235836,0.0,0.0,0.0,0.0,419.3333333333333,27.53785273643051,143.0,13.0,0.6869127965787074,0.010568814415890025,0.5921311139485845,0.01482892027685557
diagnosis_donors,matched_tight,cmapss:FD001,diagnosis,query bank2:6-10 | gmm_fitted,,,,,,,,,,,,,,,,,,,,,,,,,,,,,,,3,"[11, 12, 13]",matched_tight,,,,,,,,,,,,,,,,,,,0.0,0.0,1.3682168659991778,0.49416664484436024,0.014020014001289383,0.005342015695239019,871.3333333333334,59.87765303795175,13.0,0.0,13.0,0.0,13.0,0.0,54.0,0.0,7280.0,0.0,0.0,0.0,1.0,0.0,0.0,0.0,3171653.3333333335,217954.6570581444,0.0,0.0,13070.0,898.1647955692764,105334250.66666667,45611068.48296564,6.512809209407169,3.6167453258541413,9.452603517613229,0.9504859775926642,9.14732400680026,2.0304790774906016,-12.036913189297719,12.18464897608047,19.00969091778916,3.7172506299203505,,,,,,,,,,,,,,,,,,,,,,,,,,,,,,,,,,,,,,,,,,,,
diagnosis_donors,matched_tight,cmapss:FD001,diagnosis,joint | bank2:6-10 | gmm_fitted,,,,,,,,,,,,,,,,,,,,,,,,,,,,,,,3,"[11, 12, 13]",matched_tight,,,,,,,,,,,,,,,,,,,,,,,,,,,,,,,,,,,,,,,,,,,,,,,,,,,,,,,,,,,,,0.10000000000000002,1.6996749443881478e-17,10.0,0.0,212.17918008102865,5.690242286928152,723.8377924425228,45.9085584474981,0.06269725468375469,0.0011099419773845322,0.46845528731847835,0.034587899816126526,0.8038718866445084,0.011309690025134815,0.8421975243678542,0.010770854838007993,0.5304943306356686,0.04854403578164534,0.6731866962268892,0.031577532409387404,0.9846235548350264,0.0038232490798514283,0.9852477578020639,0.0014667491668725024,0.863165378711969,0.04050796416711904,0.7624000712372583,0.008222810696663078,419.3333333333333,27.53785273643051,16.333333333333332,2.5166114784235836,0.0,0.0,0.0,0.0,419.3333333333333,27.53785273643051,216.66666666666666,25.32455988429677,0.7202179217305406,0.010662566571274734,0.4416032588557315,0.024907839979701907
diagnosis_donors,matched_tight,cmapss:FD001,diagnosis,independent | bank2:6-10 | gmm_fitted,,,,,,,,,,,,,,,,,,,,,,,,,,,,,,,3,"[11, 12, 13]",matched_tight,,,,,,,,,,,,,,,,,,,,,,,,,,,,,,,,,,,,,,,,,,,,,,,,,,,,,,,,,,,,,0.10000000000000002,1.6996749443881478e-17,10.0,0.0,203.2513518781553,17.327105309585356,313.3892101822983,26.891766355682954,0.06162263250845471,0.024418700134822627,0.29309080630275464,0.01797097012718435,0.7387936838043229,0.016112427835279504,0.7666745486795685,0.021223432110752467,0.5269143022224606,0.04498998612821941,0.4888140896265499,0.031044110416608064,0.9287417935710378,0.026709673130386604,0.9005058562831504,0.029704648733208584,0.8593665953740596,0.03963581210451293,0.6848883929259729,0.007865498498412395,419.3333333333333,27.53785273643051,16.333333333333332,2.5166114784235836,0.0,0.0,0.0,0.0,419.3333333333333,27.53785273643051,292.6666666666667,26.388128644019705,0.6242130856635386,0.00495646222253833,0.26435312693751717,0.02578056243361009
diagnosis_donors,matched_tight,cmapss:FD001,diagnosis,marginal_max | bank2:6-10 | gmm_fitted,,,,,,,,,,,,,,,,,,,,,,,,,,,,,,,3,"[11, 12, 13]",matched_tight,,,,,,,,,,,,,,,,,,,,,,,,,,,,,,,,,,,,,,,,,,,,,,,,,,,,,,,,,,,,,0.10000000000000002,1.6996749443881478e-17,10.0,0.0,36.34149232018932,2.341241413528671,123.48750248335757,8.099385714116446,0.029846764288170125,0.01656365274770624,0.4853466502897746,0.022516378009073044,0.7734259664546573,0.020758628197629057,0.8289593681034996,0.02305768166565508,0.5159893675758461,0.042983956195363916,0.4853810656292123,0.007004538898091542,0.9841380533599059,0.010734492134553091,0.9584340885333947,0.02650449747474552,0.9350300446127532,0.020576047134499315,0.6848883929259729,0.007865498498412395,419.3333333333333,27.53785273643051,16.333333333333332,2.5166114784235836,0.0,0.0,0.0,0.0,419.3333333333333,27.53785273643051,208.33333333333334,23.18045153428495,0.6242130856635386,0.00495646222253833,0.4703022638097008,0.028211653660786144
diagnosis_donors,matched_tight,cmapss:FD001,diagnosis,conditional_max | bank2:6-10 | gmm_fitted,,,,,,,,,,,,,,,,,,,,,,,,,,,,,,,3,"[11, 12, 13]",matched_tight,,,,,,,,,,,,,,,,,,,,,,,,,,,,,,,,,,,,,,,,,,,,,,,,,,,,,,,,,,,,,0.10000000000000002,1.6996749443881478e-17,10.0,0.0,51.70630784701276,5.3151355575913115,329.02011918724617,62.66381282118251,0.0445887614185693,0.023453949654561275,0.5766511037595983,0.04080275631294048,0.8243804029022943,0.009253742428988538,0.8721616965220429,0.00809114974032454,0.515568952621592,0.05336888903166879,0.7028244258997155,0.02591559748166454,0.9986247915668228,0.0003739702641426678,0.9994989474854085,0.0006775674586954136,0.9245296072379379,0.02560407744675262,0.7624000712372583,0.008222810696663078,419.3333333333333,27.53785273643051,16.333333333333332,2.5166114784235836,0.0,0.0,0.0,0.0,419.3333333333333,27.53785273643051,169.33333333333334,25.774664562964407,0.7202179217305406,0.010662566571274734,0.5626484560810551,0.02802192186830017
diagnosis_donors,matched_tight,cmapss:FD001,diagnosis,relational_max | bank2:6-10 | gmm_fitted,,,,,,,,,,,,,,,,,,,,,,,,,,,,,,,3,"[11, 12, 13]",matched_tight,,,,,,,,,,,,,,,,,,,,,,,,,,,,,,,,,,,,,,,,,,,,,,,,,,,,,,,,,,,,,0.10000000000000002,1.6996749443881478e-17,10.0,0.0,23.452753856582635,8.911924476034878,324.4941448745775,75.08910391553773,0.03037423466174874,0.01939705889879966,0.49098189673081755,0.03876408757559111,0.8137154465908868,0.012633238750623348,0.8586476928844616,0.00647638747908054,0.5117851385356317,0.062025809660138494,0.7764519732578842,0.032384581734495835,0.9967980970962431,0.002973635378152063,0.9976994516999153,0.0015098283660514463,0.8076244632822333,0.03632203304085532,0.7158774130445392,0.018557166712896343,419.3333333333333,27.53785273643051,16.333333333333332,2.5166114784235836,0.0,0.0,0.0,0.0,419.3333333333333,27.53785273643051,206.0,24.06241883103193,0.6869639822434456,0.02290357052625406,0.4660428949841921,0.031229416839001215
diagnosis_donors,matched_tight,cmapss:FD001,diagnosis,query single_sensor_0 | circuit,,,,,,,,,,,,,,,,,,,,,,,,,,,,,,,3,"[11, 12, 13]",matched_tight,,,,,,,,,,,,,,,,,,,2.86102294921875e-06,9.5367431640625e-07,0.9836586549996961,0.003245785501170018,0.5515367196664253,0.11462971449873352,871.3333333333334,59.87765303795175,1.0,0.0,1.0,0.0,1.0,0.0,6.0,0.0,50324.0,0.0,240.0,0.0,2.0,0.0,0.9760426666666667,0.0029597601817264677,21924489.333333332,1506641.505740942,209120.0,14370.636729108423,13070.0,898.1647955692764,245760.0,0.0,-2.50653765003032e-07,5.340752953305238e-07,8.522770068945343e-07,2.390993288517409e-07,1.2380635325826006e-06,1.7447801872923022e-07,-2.5431315104166665e-06,1.1012082465927615e-06,1.9073486328125e-06,0.0,,,,,,,,,,,,,,,,,,,,,,,,,,,,,,,,,,,,,,,,,,,,
diagnosis_donors,matched_tight,cmapss:FD001,diagnosis,joint | single_sensor_0 | circuit,,,,,,,,,,,,,,,,,,,,,,,,,,,,,,,3,"[11, 12, 13]",matched_tight,,,,,,,,,,,,,,,,,,,,,,,,,,,,,,,,,,,,,,,,,,,,,,,,,,,,,,,,,,,,,0.10000000000000002,1.6996749443881478e-17,10.0,0.0,25.48981221516927,1.6797459367864789,73.29075749715169,14.956635978381113,0.07113564675157219,0.05999420243404543,0.16749790327995454,0.07172140096342951,0.5552791204733087,0.008895240950510966,0.603799287152308,0.01105452270576673,0.5250910132613308,0.022320533580067355,0.4964805480811813,0.027302960232382777,0.6342800961613473,0.017196207021359235,0.5848057437867179,0.06254277245660744,0.5355537988937457,0.042143148523972364,,,0.0,0.0,373.6666666666667,24.94660965609021,62.0,9.539392014169456,62.0,9.539392014169456,0.0,0.0,0.0,0.0,,,0.0,0.0
diagnosis_donors,matched_tight,cmapss:FD001,diagnosis,independent | single_sensor_0 | circuit,,,,,,,,,,,,,,,,,,,,,,,,,,,,,,,3,"[11, 12, 13]",matched_tight,,,,,,,,,,,,,,,,,,,,,,,,,,,,,,,,,,,,,,,,,,,,,,,,,,,,,,,,,,,,,0.10000000000000002,1.6996749443881478e-17,10.0,0.0,25.48981221516927,1.6797459367864789,73.29076258341472,14.956628913559614,0.07113564675157219,0.05999420243404543,0.16749790327995454,0.07172140096342951,0.5552607336730958,0.008924090927134696,0.603779623970483,0.011084686426400033,0.5250716587347909,0.022353698056321522,0.49646164895526584,0.027309214870646335,0.634251747472474,0.0171834951322604,0.5847796654473866,0.06258569677808731,0.5355537988937457,0.042143148523972364,,,0.0,0.0,373.6666666666667,24.94660965609021,62.0,9.539392014169456,62.0,9.539392014169456,0.0,0.0,0.0,0.0,,,0.0,0.0
diagnosis_donors,matched_tight,cmapss:FD001,diagnosis,marginal_max | single_sensor_0 | circuit,,,,,,,,,,,,,,,,,,,,,,,,,,,,,,,3,"[11, 12, 13]",matched_tight,,,,,,,,,,,,,,,,,,,,,,,,,,,,,,,,,,,,,,,,,,,,,,,,,,,,,,,,,,,,,0.10000000000000002,1.6996749443881478e-17,10.0,0.0,25.48981221516927,1.6797459367864789,73.29076258341472,14.956628913559614,0.07113564675157219,0.05999420243404543,0.16749790327995454,0.07172140096342951,0.5552607336730958,0.008924090927134696,0.603779623970483,0.011084686426400033,0.5250716587347909,0.022353698056321522,0.49646164895526584,0.027309214870646335,0.634251747472474,0.0171834951322604,0.5847796654473866,0.06258569677808731,0.5355537988937457,0.042143148523972364,,,0.0,0.0,373.6666666666667,24.94660965609021,62.0,9.539392014169456,62.0,9.539392014169456,0.0,0.0,0.0,0.0,,,0.0,0.0
diagnosis_donors,matched_tight,cmapss:FD001,diagnosis,conditional_max | single_sensor_0 | circuit,,,,,,,,,,,,,,,,,,,,,,,,,,,,,,,3,"[11, 12, 13]",matched_tight,,,,,,,,,,,,,,,,,,,,,,,,,,,,,,,,,,,,,,,,,,,,,,,,,,,,,,,,,,,,,0.10000000000000002,1.6996749443881478e-17,10.0,0.0,25.48981221516927,1.6797459367864789,73.29076258341472,14.956628913559614,0.07113564675157219,0.05999420243404543,0.16749790327995454,0.07172140096342951,0.5552607336730958,0.008924090927134696,0.603779623970483,0.011084686426400033,0.5250716587347909,0.022353698056321522,0.49646164895526584,0.027309214870646335,0.634251747472474,0.0171834951322604,0.5847796654473866,0.06258569677808731,0.5355537988937457,0.042143148523972364,,,0.0,0.0,373.6666666666667,24.94660965609021,62.0,9.539392014169456,62.0,9.539392014169456,0.0,0.0,0.0,0.0,,,0.0,0.0
diagnosis_donors,matched_tight,cmapss:FD001,diagnosis,relational_max | single_sensor_0 | circuit,,,,,,,,,,,,,,,,,,,,,,,,,,,,,,,3,"[11, 12, 13]",matched_tight,,,,,,,,,,,,,,,,,,,,,,,,,,,,,,,,,,,,,,,,,,,,,,,,,,,,,,,,,,,,,0.10000000000000002,1.6996749443881478e-17,10.0,0.0,0.0,0.0,0.0,0.0,0.0,0.0,0.0,0.0,0.5,0.0,0.5,0.0,0.5,0.0,0.5,0.0,0.5,0.0,0.5,0.0,0.5,0.0,,,0.0,0.0,373.6666666666667,24.94660965609021,62.0,9.539392014169456,62.0,9.539392014169456,0.0,0.0,0.0,0.0,,,0.0,0.0
diagnosis_donors,matched_tight,cmapss:FD001,diagnosis,query single_sensor_0 | gaussian_fitted,,,,,,,,,,,,,,,,,,,,,,,,,,,,,,,3,"[11, 12, 13]",matched_tight,,,,,,,,,,,,,,,,,,,0.0,0.0,0.00207773199993729,7.41675779043308e-05,0.0005917826674703974,1.8349893677274652e-05,871.3333333333334,59.87765303795175,1.0,0.0,1.0,0.0,1.0,0.0,4.0,0.0,80.0,0.0,0.0,0.0,1.0,0.0,0.0,0.0,34853.333333333336,2395.1061215180703,0.0,0.0,13070.0,898.1647955692764,39499520.0,0.0,0.0,0.0,0.0,0.0,0.0,0.0,0.0,0.0,0.0,0.0,,,,,,,,,,,,,,,,,,,,,,,,,,,,,,,,,,,,,,,,,,,,
diagnosis_donors,matched_tight,cmapss:FD001,diagnosis,joint | single_sensor_0 | gaussian_fitted,,,,,,,,,,,,,,,,,,,,,,,,,,,,,,,3,"[11, 12, 13]",matched_tight,,,,,,,,,,,,,,,,,,,,,,,,,,,,,,,,,,,,,,,,,,,,,,,,,,,,,,,,,,,,,0.10000000000000002,1.6996749443881478e-17,10.0,0.0,24.732293590734272,0.447757908756498,36.27577244576482,2.437451285841679,0.06738183954938438,0.014909949187952475,0.16090721664514263,0.005476586156522098,0.555702635578658,0.010289314303707671,0.6017424661717978,0.012766938734899395,0.5270612123902381,0.02285656915823367,0.4968665613270537,0.031407711315067234,0.6337845520441648,0.020059122416330236,0.5889156560327128,0.06543627646864919,0.5319130465557467,0.03768230342631959,,,0.0,0.0,373.6666666666667,24.94660965609021,62.0,9.539392014169456,62.0,9.539392014169456,0.0,0.0,0.0,0.0,,,0.0,0.0
diagnosis_donors,matched_tight,cmapss:FD001,diagnosis,independent | single_sensor_0 | gaussian_fitted,,,,,,,,,,,,,,,,,,,,,,,,,,,,,,,3,"[11, 12, 13]",matched_tight,,,,,,,,,,,,,,,,,,,,,,,,,,,,,,,,,,,,,,,,,,,,,,,,,,,,,,,,,,,,,0.10000000000000002,1.6996749443881478e-17,10.0,0.0,24.732293590734272,0.447757908756498,36.27577244576482,2.437451285841679,0.06738183954938438,0.014909949187952475,0.16090721664514263,0.005476586156522098,0.555702635578658,0.010289314303707671,0.6017424661717978,0.012766938734899395,0.5270612123902381,0.02285656915823367,0.4968665613270537,0.031407711315067234,0.6337845520441648,0.020059122416330236,0.5889156560327128,0.06543627646864919,0.5319130465557467,0.03768230342631959,,,0.0,0.0,373.6666666666667,24.94660965609021,62.0,9.539392014169456,62.0,9.539392014169456,0.0,0.0,0.0,0.0,,,0.0,0.0
diagnosis_donors,matched_tight,cmapss:FD001,diagnosis,marginal_max | single_sensor_0 | gaussian_fitted,,,,,,,,,,,,,,,,,,,,,,,,,,,,,,,3,"[11, 12, 13]",matched_tight,,,,,,,,,,,,,,,,,,,,,,,,,,,,,,,,,,,,,,,,,,,,,,,,,,,,,,,,,,,,,0.10000000000000002,1.6996749443881478e-17,10.0,0.0,24.732293590734272,0.447757908756498,36.27577244576482,2.437451285841679,0.06738183954938438,0.014909949187952475,0.16090721664514263,0.005476586156522098,0.555702635578658,0.010289314303707671,0.6017424661717978,0.012766938734899395,0.5270612123902381,0.02285656915823367,0.4968665613270537,0.031407711315067234,0.6337845520441648,0.020059122416330236,0.5889156560327128,0.06543627646864919,0.5319130465557467,0.03768230342631959,,,0.0,0.0,373.6666666666667,24.94660965609021,62.0,9.539392014169456,62.0,9.539392014169456,0.0,0.0,0.0,0.0,,,0.0,0.0
diagnosis_donors,matched_tight,cmapss:FD001,diagnosis,conditional_max | single_sensor_0 | gaussian_fitted,,,,,,,,,,,,,,,,,,,,,,,,,,,,,,,3,"[11, 12, 13]",matched_tight,,,,,,,,,,,,,,,,,,,,,,,,,,,,,,,,,,,,,,,,,,,,,,,,,,,,,,,,,,,,,0.10000000000000002,1.6996749443881478e-17,10.0,0.0,24.732293590734272,0.447757908756498,36.27577244576482,2.437451285841679,0.06738183954938438,0.014909949187952475,0.16090721664514263,0.005476586156522098,0.555702635578658,0.010289314303707671,0.6017424661717978,0.012766938734899395,0.5270612123902381,0.02285656915823367,0.4968665613270537,0.031407711315067234,0.6337845520441648,0.020059122416330236,0.5889156560327128,0.06543627646864919,0.5319130465557467,0.03768230342631959,,,0.0,0.0,373.6666666666667,24.94660965609021,62.0,9.539392014169456,62.0,9.539392014169456,0.0,0.0,0.0,0.0,,,0.0,0.0
diagnosis_donors,matched_tight,cmapss:FD001,diagnosis,relational_max | single_sensor_0 | gaussian_fitted,,,,,,,,,,,,,,,,,,,,,,,,,,,,,,,3,"[11, 12, 13]",matched_tight,,,,,,,,,,,,,,,,,,,,,,,,,,,,,,,,,,,,,,,,,,,,,,,,,,,,,,,,,,,,,0.10000000000000002,1.6996749443881478e-17,10.0,0.0,0.0,0.0,0.0,0.0,0.0,0.0,0.0,0.0,0.5,0.0,0.5,0.0,0.5,0.0,0.5,0.0,0.5,0.0,0.5,0.0,0.5,0.0,,,0.0,0.0,373.6666666666667,24.94660965609021,62.0,9.539392014169456,62.0,9.539392014169456,0.0,0.0,0.0,0.0,,,0.0,0.0
diagnosis_donors,matched_tight,cmapss:FD001,diagnosis,query single_sensor_0 | gmm_fitted,,,,,,,,,,,,,,,,,,,,,,,,,,,,,,,3,"[11, 12, 13]",matched_tight,,,,,,,,,,,,,,,,,,,0.0,0.0,0.0028191226677639256,0.00036019825214253325,0.0007171139999021156,5.619214565153273e-05,871.3333333333334,59.87765303795175,1.0,0.0,1.0,0.0,1.0,0.0,4.0,0.0,80.0,0.0,0.0,0.0,1.0,0.0,0.0,0.0,34853.333333333336,2395.1061215180703,0.0,0.0,13070.0,898.1647955692764,105334250.66666667,45611068.48296564,0.0,0.0,0.0,0.0,0.0,0.0,0.0,0.0,0.0,0.0,,,,,,,,,,,,,,,,,,,,,,,,,,,,,,,,,,,,,,,,,,,,
diagnosis_donors,matched_tight,cmapss:FD001,diagnosis,joint | single_sensor_0 | gmm_fitted,,,,,,,,,,,,,,,,,,,,,,,,,,,,,,,3,"[11, 12, 13]",matched_tight,,,,,,,,,,,,,,,,,,,,,,,,,,,,,,,,,,,,,,,,,,,,,,,,,,,,,,,,,,,,,0.10000000000000002,1.6996749443881478e-17,10.0,0.0,24.94528769228847,0.4475285568037662,35.999790815602836,2.585363008405299,0.06035423330915677,0.009351080588078466,0.15608793953670888,0.004712376523337382,0.5559735287864854,0.010752587457141818,0.6026353198053945,0.012929519433038135,0.5285593868348623,0.02336303970341611,0.4959284053598885,0.02919854557761314,0.6338034712377473,0.019171912464404528,0.588361404674621,0.06677280540797838,0.5329197195868157,0.0367280487948732,,,0.0,0.0,373.6666666666667,24.94660965609021,62.0,9.539392014169456,62.0,9.539392014169456,0.0,0.0,0.0,0.0,,,0.0,0.0
diagnosis_donors,matched_tight,cmapss:FD001,diagnosis,independent | single_sensor_0 | gmm_fitted,,,,,,,,,,,,,,,,,,,,,,,,,,,,,,,3,"[11, 12, 13]",matched_tight,,,,,,,,,,,,,,,,,,,,,,,,,,,,,,,,,,,,,,,,,,,,,,,,,,,,,,,,,,,,,0.10000000000000002,1.6996749443881478e-17,10.0,0.0,24.94528769228847,0.4475285568037662,35.999790815602836,2.585363008405299,0.06035423330915677,0.009351080588078466,0.15608793953670888,0.004712376523337382,0.5559735287864854,0.010752587457141818,0.6026353198053945,0.012929519433038135,0.5285593868348623,0.02336303970341611,0.4959284053598885,0.02919854557761314,0.6338034712377473,0.019171912464404528,0.588361404674621,0.06677280540797838,0.5329197195868157,0.0367280487948732,,,0.0,0.0,373.6666666666667,24.94660965609021,62.0,9.539392014169456,62.0,9.539392014169456,0.0,0.0,0.0,0.0,,,0.0,0.0
diagnosis_donors,matched_tight,cmapss:FD001,diagnosis,marginal_max | single_sensor_0 | gmm_fitted,,,,,,,,,,,,,,,,,,,,,,,,,,,,,,,3,"[11, 12, 13]",matched_tight,,,,,,,,,,,,,,,,,,,,,,,,,,,,,,,,,,,,,,,,,,,,,,,,,,,,,,,,,,,,,0.10000000000000002,1.6996749443881478e-17,10.0,0.0,24.94528769228847,0.4475285568037662,35.999790815602836,2.585363008405299,0.06035423330915677,0.009351080588078466,0.15608793953670888,0.004712376523337382,0.5559735287864854,0.010752587457141818,0.6026353198053945,0.012929519433038135,0.5285593868348623,0.02336303970341611,0.4959284053598885,0.02919854557761314,0.6338034712377473,0.019171912464404528,0.588361404674621,0.06677280540797838,0.5329197195868157,0.0367280487948732,,,0.0,0.0,373.6666666666667,24.94660965609021,62.0,9.539392014169456,62.0,9.539392014169456,0.0,0.0,0.0,0.0,,,0.0,0.0
diagnosis_donors,matched_tight,cmapss:FD001,diagnosis,conditional_max | single_sensor_0 | gmm_fitted,,,,,,,,,,,,,,,,,,,,,,,,,,,,,,,3,"[11, 12, 13]",matched_tight,,,,,,,,,,,,,,,,,,,,,,,,,,,,,,,,,,,,,,,,,,,,,,,,,,,,,,,,,,,,,0.10000000000000002,1.6996749443881478e-17,10.0,0.0,24.94528769228847,0.4475285568037662,35.999790815602836,2.585363008405299,0.06035423330915677,0.009351080588078466,0.15608793953670888,0.004712376523337382,0.5559735287864854,0.010752587457141818,0.6026353198053945,0.012929519433038135,0.5285593868348623,0.02336303970341611,0.4959284053598885,0.02919854557761314,0.6338034712377473,0.019171912464404528,0.588361404674621,0.06677280540797838,0.5329197195868157,0.0367280487948732,,,0.0,0.0,373.6666666666667,24.94660965609021,62.0,9.539392014169456,62.0,9.539392014169456,0.0,0.0,0.0,0.0,,,0.0,0.0
diagnosis_donors,matched_tight,cmapss:FD001,diagnosis,relational_max | single_sensor_0 | gmm_fitted,,,,,,,,,,,,,,,,,,,,,,,,,,,,,,,3,"[11, 12, 13]",matched_tight,,,,,,,,,,,,,,,,,,,,,,,,,,,,,,,,,,,,,,,,,,,,,,,,,,,,,,,,,,,,,0.10000000000000002,1.6996749443881478e-17,10.0,0.0,0.0,0.0,0.0,0.0,0.0,0.0,0.0,0.0,0.5,0.0,0.5,0.0,0.5,0.0,0.5,0.0,0.5,0.0,0.5,0.0,0.5,0.0,,,0.0,0.0,373.6666666666667,24.94660965609021,62.0,9.539392014169456,62.0,9.539392014169456,0.0,0.0,0.0,0.0,,,0.0,0.0
diagnosis_donors,unmatched,cmapss:FD001,diagnosis,model,-1.9868214925130207e-08,4.057204297515181e-07,2400.0,0.0,2385.0,0.0,19136.0,0.0,23921.0,0.0,174240.0,0.0,2760.0,103.92304845413264,180.0,0.0,177.33333333333334,2.081665999466133,34.818063735961914,6.906422197806719,132.1579134464264,8.648830617153063,29.97063600213279,5.2481180230416875,0.02,0.0,180.0,0.0,256.0,0.0,3,"[11, 12, 13]",unmatched,,,,,,,,,,,,,,,,,,,,,,,,,,,,,,,,,,,,,,,,,,,,,,,,,,,,,,,,,,,,,,,,,,,,,,,,,,,,,,,,,,,,,,,,,,,,,,,,,,,,,,,,
diagnosis_donors,unmatched,cmapss:FD001,diagnosis,shortcut audit,,,,,,,,,,,,,,,,,,,,,,,,,,,,,,,3,"[11, 12, 13]",unmatched,0.5580858376836484,0.011033518695286345,0.0,0.0,1128.0,157.12415473121885,871.3333333333334,59.87765303795175,42.0,0.0,,,,,,,,,,,,,,,,,,,,,,,,,,,,,,,,,,,,,,,,,,,,,,,,,,,,,,,,,,,,,,,,,,,,,,,,,,,,,,,,,,,,,,,,,,,,,,
diagnosis_donors,unmatched,cmapss:FD001,diagnosis,model gaussian_fitted,,,,,,,,,,,45450.0,0.0,,,,,,,,,0.2531766790004137,0.039347800157397805,,,,,,,,,3,"[11, 12, 13]",unmatched,,,,,,,,,,,1.0,0.0,300.0,0.0,-171.15366534841655,3.3797863530555086,1.0,0.0,,,,,,,,,,,,,,,,,,,,,,,,,,,,,,,,,,,,,,,,,,,,,,,,,,,,,,,,,,,,,,,,,,,,,,,,,,,,,,,,,,,,,,
diagnosis_donors,unmatched,cmapss:FD001,diagnosis,model gmm_fitted,,,,,,,,,,,121201.66666666667,52482.294169875364,,,,,,,,,36.868308102001414,9.65434747285962,,,,,,,,,3,"[11, 12, 13]",unmatched,,,,,,,,,,,2.6666666666666665,1.1547005383792515,300.0,0.0,-117.81953513139916,6.786695205833636,14.0,0.0,,,,,,,,,,,,,,,,,,,,,,,,,,,,,,,,,,,,,,,,,,,,,,,,,,,,,,,,,,,,,,,,,,,,,,,,,,,,,,,,,,,,,,
diagnosis_donors,unmatched,cmapss:FD001,diagnosis,query full | circuit,,,,,,,,,,,,,,,,,,,,,,,,,,,,,,,3,"[11, 12, 13]",unmatched,,,,,,,,,,,,,,,,,,,2.2729237874348957e-05,3.449524945292585e-06,1.2880312570002086,0.0957857474599753,0.6291562623324959,0.06556001277679142,871.3333333333334,59.87765303795175,15.0,0.0,15.0,0.0,15.0,0.0,6.0,0.0,50324.0,0.0,240.0,0.0,2.0,0.0,1.2686746666666666,0.0942189100357956,21924489.333333332,1506641.505740942,209120.0,14370.636729108423,13070.0,898.1647955692764,245760.0,0.0,6.949141343434651,1.9456908608482335,6.958476702372233,1.9545041997363342,1.8644674221674602,0.9382562947112781,2.8988715012868247,0.5391021687768923,9.23027229309082,2.5761635822016604,,,,,,,,,,,,,,,,,,,,,,,,,,,,,,,,,,,,,,,,,,,,
diagnosis_donors,unmatched,cmapss:FD001,diagnosis,joint | full | circuit,,,,,,,,,,,,,,,,,,,,,,,,,,,,,,,3,"[11, 12, 13]",unmatched,,,,,,,,,,,,,,,,,,,,,,,,,,,,,,,,,,,,,,,,,,,,,,,,,,,,,,,,,,,,,0.10000000000000002,1.6996749443881478e-17,10.0,0.0,61.68791707356771,21.516536069912114,930.7906901041666,137.96434265697883,0.08082474093206546,0.03695764254916276,0.5705508329577259,0.06283413038151431,0.7940642439295645,0.008364309027409244,0.8451831643657494,0.01137853215026492,0.521613949396112,0.0069618807334929965,0.5411988091079917,0.0032212406756271968,0.9953747495030401,0.004258756783405648,0.9933299554718841,0.002713156018587291,0.9289180968736933,0.04081609464847383,0.686671358949842,0.004721581220986969,435.6666666666667,29.938826518975876,0.0,0.0,0.0,0.0,0.0,0.0,435.6666666666667,29.938826518975876,188.0,38.353617821530214,0.6411898273744367,0.000898843818679768,0.5350100209246789,0.041695860328429674
diagnosis_donors,unmatched,cmapss:FD001,diagnosis,independent | full | circuit,,,,,,,,,,,,,,,,,,,,,,,,,,,,,,,3,"[11, 12, 13]",unmatched,,,,,,,,,,,,,,,,,,,,,,,,,,,,,,,,,,,,,,,,,,,,,,,,,,,,,,,,,,,,,0.10000000000000002,1.6996749443881478e-17,10.0,0.0,70.1052754720052,19.42345358821868,922.5198974609375,139.92446801781068,0.07999488120881225,0.042270185359665466,0.5502838215825893,0.05576008859941484,0.78211862212409,0.00482483629330425,0.8372973612887812,0.009544772907285783,0.5202202280122524,0.008293846079527016,0.49021823942289405,0.028996614479652842,0.9924315235779911,0.0050960509022541355,0.9894486010406244,0.0036958083088312714,0.9270792664968813,0.041894422420912514,0.6611907459643664,0.005551918604558169,435.6666666666667,29.938826518975876,0.0,0.0,0.0,0.0,0.0,0.0,435.6666666666667,29.938826518975876,196.66666666666666,35.23256069793016,0.6214061044014719,0.009005330518288467,0.5171260012319117,0.03586904688429446
diagnosis_donors,unmatched,cmapss:FD001,diagnosis,marginal_max | full | circuit,,,,,,,,,,,,,,,,,,,,,,,,,,,,,,,3,"[11, 12, 13]",unmatched,,,,,,,,,,,,,,,,,,,,,,,,,,,,,,,,,,,,,,,,,,,,,,,,,,,,,,,,,,,,,0.10000000000000002,1.6996749443881478e-17,10.0,0.0,30.06584358215332,1.1284432933422985,501.8612772623698,78.21678110392722,0.028766351075371368,0.016824045960309904,0.5791877401711313,0.012091477643216856,0.7905422335773672,0.003153694302454708,0.8520545925134915,0.002563845683321885,0.5207223070348225,0.0070475366417450955,0.4854893330953673,0.002087525470967428,0.9971815503322022,0.002867500376540772,0.9969520990953783,0.00213123691270744,0.95964105540711,0.02043056854967217,0.6611907459643664,0.005551918604558169,435.6666666666667,29.938826518975876,0.0,0.0,0.0,0.0,0.0,0.0,435.6666666666667,29.938826518975876,183.33333333333334,13.503086067019396,0.6214061044014719,0.009005330518288467,0.5721601339309036,0.007091749547748822
diagnosis_donors,unmatched,cmapss:FD001,diagnosis,conditional_max | full | circuit,,,,,,,,,,,,,,,,,,,,,,,,,,,,,,,3,"[11, 12, 13]",unmatched,,,,,,,,,,,,,,,,,,,,,,,,,,,,,,,,,,,,,,,,,,,,,,,,,,,,,,,,,,,,,0.10000000000000002,1.6996749443881478e-17,10.0,0.0,29.235803604125977,1.0912901300266746,502.10448201497394,78.60523312585015,0.0303861002141064,0.021719241607148526,0.5876878088131491,0.012091695443299208,0.8027690109678508,0.0023700393262234168,0.8598684162461595,0.0018158632171502548,0.5223616119775918,0.009069218633886562,0.5423444850068978,0.0051685593939511,0.9990299627916861,0.0015963008435442762,0.9995498692634378,0.0001671595793183715,0.9594359585271722,0.020557567151132886,0.686671358949842,0.004721581220986969,435.6666666666667,29.938826518975876,0.0,0.0,0.0,0.0,0.0,0.0,435.6666666666667,29.938826518975876,179.66666666666666,14.011899704655802,0.6411898273744367,0.000898843818679768,0.5806468791369976,0.0041727819850405365
diagnosis_donors,unmatched,cmapss:FD001,diagnosis,relational_max | full | circuit,,,,,,,,,,,,,,,,,,,,,,,,,,,,,,,3,"[11, 12, 13]",unmatched,,,,,,,,,,,,,,,,,,,,,,,,,,,,,,,,,,,,,,,,,,,,,,,,,,,,,,,,,,,,,0.10000000000000002,1.6996749443881478e-17,10.0,0.0,3.2472216288248696,1.0354398241252958,12.250666300455729,0.6374409251964372,0.01337409737771293,0.017201121102367472,0.31361679449470764,0.08967792965464723,0.7055625487002096,0.022812136518141988,0.7658129858945909,0.02355531279420211,0.5123901376620674,0.026739943044459875,0.7082887625526882,0.049122584529610616,0.9114693019343035,0.01757366111961645,0.8781235253358003,0.026658586433053556,0.5298089159784255,0.036582037944616876,0.4540284514735129,0.03491517691478015,435.6666666666667,29.938826518975876,0.0,0.0,0.0,0.0,129.0,41.0731055558257,306.6666666666667,11.150485789118486,170.66666666666666,36.528527664461556,0.614141590898596,0.07562423443966791,0.296468641531944,0.08227626163703496
diagnosis_donors,unmatched,cmapss:FD001,diagnosis,query full | gaussian_fitted,,,,,,,,,,,,,,,,,,,,,,,,,,,,,,,3,"[11, 12, 13]",unmatched,,,,,,,,,,,,,,,,,,,0.0,0.0,0.9430787109995435,0.05122525284532903,0.008625622668963237,0.0002187333923336609,871.3333333333334,59.87765303795175,15.0,0.0,15.0,0.0,15.0,0.0,62.0,0.0,9600.0,0.0,0.0,0.0,1.0,0.0,0.0,0.0,4182400.0,287412.73458216846,0.0,0.0,13070.0,898.1647955692764,10214400.0,0.0,14.496685004899476,2.4552801398307738,14.506740300708543,2.4406829073543252,6.235678541814774,0.2395808346157602,5.34350138340286,2.2287799679890967,26.071953605050382,2.4427795397111893,,,,,,,,,,,,,,,,,,,,,,,,,,,,,,,,,,,,,,,,,,,,
diagnosis_donors,unmatched,cmapss:FD001,diagnosis,joint | full | gaussian_fitted,,,,,,,,,,,,,,,,,,,,,,,,,,,,,,,3,"[11, 12, 13]",unmatched,,,,,,,,,,,,,,,,,,,,,,,,,,,,,,,,,,,,,,,,,,,,,,,,,,,,,,,,,,,,,0.10000000000000002,1.6996749443881478e-17,10.0,0.0,200.46113196378997,9.674914662338564,981.0193924779569,206.886676577056,0.048735306254765964,0.007689328608403548,0.6407499920018888,0.017672788765364468,0.8380430412346214,0.009419657338809256,0.883556675195559,0.0062343733128259644,0.5158106598786972,0.01745778721261176,0.7370372921481659,0.02948143966701485,0.999504636889761,0.0006435812205430586,0.999872735369712,0.00011382698753636023,0.9539068445098632,0.020232642692376346,0.7458259598166349,0.008275741675517766,435.6666666666667,29.938826518975876,0.0,0.0,0.0,0.0,0.0,0.0,435.6666666666667,29.938826518975876,156.66666666666666,15.821925715074425,0.717863082864887,0.01892522353480843,0.6180894192885286,0.02015214228514767
diagnosis_donors,unmatched,cmapss:FD001,diagnosis,independent | full | gaussian_fitted,,,,,,,,,,,,,,,,,,,,,,,,,,,,,,,3,"[11, 12, 13]",unmatched,,,,,,,,,,,,,,,,,,,,,,,,,,,,,,,,,,,,,,,,,,,,,,,,,,,,,,,,,,,,,0.10000000000000002,1.6996749443881478e-17,10.0,0.0,214.93106680702763,12.446465647293557,408.5715613458912,33.865907166855905,0.050409078078979215,0.00466474001126776,0.5075933055606514,0.024122080366798537,0.7758565501982236,0.004721951813972135,0.8306471481033441,0.006325168350371481,0.5135027210824102,0.006717822273011904,0.49126220064695336,0.04280451826621493,0.9868331569149835,0.0089409741424505,0.9516907374230809,0.007192418030510506,0.9450035480016389,0.018887005311389447,0.6765122000659926,0.005271660753908632,435.6666666666667,29.938826518975876,0.0,0.0,0.0,0.0,0.0,0.0,435.6666666666667,29.938826518975876,215.0,25.514701644346147,0.6166275265425928,0.00680065181062652,0.4774645622927325,0.034173119828444266
diagnosis_donors,unmatched,cmapss:FD001,diagnosis,marginal_max | full | gaussian_fitted,,,,,,,,,,,,,,,,,,,,,,,,,,,,,,,3,"[11, 12, 13]",unmatched,,,,,,,,,,,,,,,,,,,,,,,,,,,,,,,,,,,,,,,,,,,,,,,,,,,,,,,,,,,,,0.10000000000000002,1.6996749443881478e-17,10.0,0.0,52.42989189452059,5.537974066128937,241.3501175719107,17.323638062168296,0.02423759776425456,0.022527446782545688,0.35357900291293237,0.024252182232176806,0.7798683726968404,0.011098969104907897,0.8237476057192638,0.02038618342002074,0.5117464519179067,0.008915806063605917,0.5076403319724573,0.021538269398807545,0.9751280693169444,0.016601917187093553,0.9399283041301021,0.02650002565818274,0.9740409782272739,0.019653305397564692,0.6765122000659926,0.005271660753908632,435.6666666666667,29.938826518975876,0.0,0.0,0.0,0.0,0.0,0.0,435.6666666666667,29.938826518975876,282.0,28.478061731796284,0.6166275265425928,0.00680065181062652,0.3374788252536211,0.03926431522973455
diagnosis_donors,unmatched,cmapss:FD001,diagnosis,conditional_max | full | gaussian_fitted,,,,,,,,,,,,,,,,,,,,,,,,,,,,,,,3,"[11, 12, 13]",unmatched,,,,,,,,,,,,,,,,,,,,,,,,,,,,,,,,,,,,,,,,,,,,,,,,,,,,,,,,,,,,,0.10000000000000002,1.6996749443881478e-17,10.0,0.0,54.4981017605445,5.033699356063638,517.9324890244335,68.90546116824098,0.02304784328399612,0.018540918501750433,0.581507597395734,0.023692360917147035,0.8400514323863132,0.0011308209811510422,0.8845617171673515,0.004628102610062418,0.5080527100198338,0.018305667014664392,0.7365491482592369,0.02134429763603228,0.9977327012157485,0.0023518951704515037,0.9987298779010875,0.001768662218549641,0.9748182002619362,0.020630159798040275,0.7458259598166349,0.008275741675517766,435.6666666666667,29.938826518975876,0.0,0.0,0.0,0.0,0.0,0.0,435.6666666666667,29.938826518975876,182.66666666666666,21.548395145191982,0.717863082864887,0.01892522353480843,0.5710945020375947,0.025703777156472908
diagnosis_donors,unmatched,cmapss:FD001,diagnosis,relational_max | full | gaussian_fitted,,,,,,,,,,,,,,,,,,,,,,,,,,,,,,,3,"[11, 12, 13]",unmatched,,,,,,,,,,,,,,,,,,,,,,,,,,,,,,,,,,,,,,,,,,,,,,,,,,,,,,,,,,,,,0.10000000000000002,1.6996749443881478e-17,10.0,0.0,4.182285147994786,0.8537955860208039,462.93138557067874,45.82311299693213,0.08655393986959231,0.06159716748659835,0.6677991182234231,0.007821416824760695,0.8424912919799644,0.012373102340108839,0.8873371865138248,0.010958545899796208,0.520447634741929,0.024092092141958392,0.8386675697296978,0.053956178900093174,1.0,0.0,1.0,0.0,0.8718761709971034,0.03755627161328268,0.690187876590552,0.02283757871200406,435.6666666666667,29.938826518975876,0.0,0.0,0.0,0.0,0.0,0.0,435.6666666666667,29.938826518975876,144.66666666666666,9.018499505645789,0.6866056947361899,0.020939012857070914,0.6191718573396136,0.011722441401750737
diagnosis_donors,unmatched,cmapss:FD001,diagnosis,query full | gmm_fitted,,,,,,,,,,,,,,,,,,,,,,,,,,,,,,,3,"[11, 12, 13]",unmatched,,,,,,,,,,,,,,,,,,,0.0,0.0,2.4727603063341426,0.97360494458495,0.02162880333465485,0.008251460101929658,871.3333333333334,59.87765303795175,15.0,0.0,15.0,0.0,15.0,0.0,62.0,0.0,9600.0,0.0,0.0,0.0,1.0,0.0,0.0,0.0,4182400.0,287412.73458216846,0.0,0.0,13070.0,898.1647955692764,27239061.333333332,11794859.544954546,6.334402511985836,4.161639277349775,10.703313404618797,0.9025612523780034,11.388607238316427,2.6090161855361442,-18.321827480427597,16.253395031846146,20.45718633595518,4.819328826080338,,,,,,,,,,,,,,,,,,,,,,,,,,,,,,,,,,,,,,,,,,,,
diagnosis_donors,unmatched,cmapss:FD001,diagnosis,joint | full | gmm_fitted,,,,,,,,,,,,,,,,,,,,,,,,,,,,,,,3,"[11, 12, 13]",unmatched,,,,,,,,,,,,,,,,,,,,,,,,,,,,,,,,,,,,,,,,,,,,,,,,,,,,,,,,,,,,,0.10000000000000002,1.6996749443881478e-17,10.0,0.0,209.9546529558003,3.541185400694484,1328.4097830831636,119.20261108526861,0.06317851824764015,0.010916761672249838,0.5271877466506137,0.03891523620511099,0.8225040067171667,0.009490580607288685,0.8619389255618993,0.0033870743436470153,0.5142477299336466,0.024263386260110084,0.7069980695722103,0.028907211705370608,0.9959102145198133,0.0017677678990173206,0.9942253377354046,0.0015695211373863305,0.9156889574589125,0.01906206659980976,0.7361050224063065,0.011479515540407173,435.6666666666667,29.938826518975876,0.0,0.0,0.0,0.0,0.0,0.0,435.6666666666667,29.938826518975876,206.0,21.93171219946131,0.7114773503614135,0.020343592913545906,0.5005510799879967,0.03606655656018847
diagnosis_donors,unmatched,cmapss:FD001,diagnosis,independent | full | gmm_fitted,,,,,,,,,,,,,,,,,,,,,,,,,,,,,,,3,"[11, 12, 13]",unmatched,,,,,,,,,,,,,,,,,,,,,,,,,,,,,,,,,,,,,,,,,,,,,,,,,,,,,,,,,,,,,0.10000000000000002,1.6996749443881478e-17,10.0,0.0,192.9553165874017,19.49032798006242,440.83774934993863,42.109870644305445,0.0682903439916771,0.012834193030111,0.40293374769624024,0.029248968599244567,0.7595871119913986,0.009625045464938881,0.8041954134524508,0.007790762692162141,0.511468278263388,0.01084006457479038,0.4871120791137357,0.04606988874364822,0.966225380751299,0.01123911162805093,0.930223141836129,0.017396738937406255,0.9111514208767716,0.016627186600867788,0.6789921010847405,0.006863548805618677,435.6666666666667,29.938826518975876,0.0,0.0,0.0,0.0,0.0,0.0,435.6666666666667,29.938826518975876,260.6666666666667,30.61590000854676,0.6222072924145913,0.014497345732290797,0.3724556793271705,0.032939372011546196
diagnosis_donors,unmatched,cmapss:FD001,diagnosis,marginal_max | full | gmm_fitted,,,,,,,,,,,,,,,,,,,,,,,,,,,,,,,3,"[11, 12, 13]",unmatched,,,,,,,,,,,,,,,,,,,,,,,,,,,,,,,,,,,,,,,,,,,,,,,,,,,,,,,,,,,,,0.10000000000000002,1.6996749443881478e-17,10.0,0.0,36.34149232018932,2.341241413528671,270.5084261653091,26.74625718283834,0.029846764288170125,0.01656365274770624,0.5406936205039984,0.011497717318167516,0.7898564777132426,0.0052751577095403275,0.8464064592023904,0.0030918957632416776,0.5108401593636651,0.007170697030431905,0.5078246672984138,0.016825212402636687,0.9934613475953085,0.004903561027419368,0.9611975609870168,0.017886862348121837,0.9848188232234333,0.005374810757763316,0.6789921010847405,0.006863548805618677,435.6666666666667,29.938826518975876,0.0,0.0,0.0,0.0,0.0,0.0,435.6666666666667,29.938826518975876,200.33333333333334,18.929694486000912,0.6222072924145913,0.014497345732290797,0.5247520281792695,0.014216528987007523
diagnosis_donors,unmatched,cmapss:FD001,diagnosis,conditional_max | full | gmm_fitted,,,,,,,,,,,,,,,,,,,,,,,,,,,,,,,3,"[11, 12, 13]",unmatched,,,,,,,,,,,,,,,,,,,,,,,,,,,,,,,,,,,,,,,,,,,,,,,,,,,,,,,,,,,,,0.10000000000000002,1.6996749443881478e-17,10.0,0.0,62.55781634021029,6.837105771391981,701.5119520183974,87.36062142987682,0.030038232996521735,0.0130061735390915,0.5767403181344922,0.04538899085349049,0.8403458622376684,0.008294585297873447,0.8846084557690205,0.00459395810772164,0.5147240723367573,0.018351573221056426,0.7333929583525095,0.019392969077847867,0.998729645901844,0.0005207384611787706,0.9998217134986586,0.00022086570015175943,0.9701408004174747,0.007450089011012565,0.7361050224063065,0.011479515540407173,435.6666666666667,29.938826518975876,0.0,0.0,0.0,0.0,0.0,0.0,435.6666666666667,29.938826518975876,184.33333333333334,22.143471573656498,0.7114773503614135,0.020343592913545906,0.5647207970735417,0.041132196177941456
diagnosis_donors,unmatched,cmapss:FD001,diagnosis,relational_max | full | gmm_fitted,,,,,,,,,,,,,,,,,,,,,,,,,,,,,,,3,"[11, 12, 13]",unmatched,,,,,,,,,,,,,,,,,,,,,,,,,,,,,,,,,,,,,,,,,,,,,,,,,,,,,,,,,,,,,0.10000000000000002,1.6996749443881478e-17,10.0,0.0,32.74630181432422,13.579944117795115,607.7444446911081,82.9253020180831,0.02744336223587503,0.022373534859996297,0.5206547274101954,0.05186477345383416,0.831378705338819,0.01147484225999842,0.8716253895113647,0.007043197453992189,0.5152040477670833,0.023511764898070813,0.804534621725789,0.04549977423995707,0.9977058474526889,0.001325215160763251,0.9986807191779872,0.0012750568610240382,0.8582110112150892,0.023837369549335505,0.6960907958895666,0.020041166983601713,435.6666666666667,29.938826518975876,0.0,0.0,0.0,0.0,0.0,0.0,435.6666666666667,29.938826518975876,208.66666666666666,24.006943440041116,0.6958584362659876,0.027548942757783343,0.501486231302137,0.043821843418764675
diagnosis_donors,unmatched,cmapss:FD001,diagnosis,query random1:1 | circuit,,,,,,,,,,,,,,,,,,,,,,,,,,,,,,,3,"[11, 12, 13]",unmatched,,,,,,,,,,,,,,,,,,,2.4159749348958332e-05,1.1012082465927615e-06,1.4068388063327195,0.13579941977031432,0.6473552713323443,0.03812586947140752,871.3333333333334,59.87765303795175,14.0,0.0,14.0,0.0,14.0,0.0,6.0,0.0,50324.0,0.0,240.0,0.0,2.0,0.0,1.3862813333333335,0.13315486779060443,21924489.333333332,1506641.505740942,209120.0,14370.636729108423,13070.0,898.1647955692764,245760.0,0.0,6.305557727813721,1.8751458743054532,6.317993640899658,1.886290874302974,1.6817729274431865,0.7831979409436192,2.547703981399536,0.4016404289866805,8.229477723439535,2.402400977012175,,,,,,,,,,,,,,,,,,,,,,,,,,,,,,,,,,,,,,,,,,,,
diagnosis_donors,unmatched,cmapss:FD001,diagnosis,joint | random1:1 | circuit,,,,,,,,,,,,,,,,,,,,,,,,,,,,,,,3,"[11, 12, 13]",unmatched,,,,,,,,,,,,,,,,,,,,,,,,,,,,,,,,,,,,,,,,,,,,,,,,,,,,,,,,,,,,,0.10000000000000002,1.6996749443881478e-17,10.0,0.0,42.928086598714195,23.77366265203791,931.2006225585938,130.63452181036584,0.07947291839537235,0.027908119601869393,0.5524275583730506,0.06337829787067834,0.7886276916181011,0.00461990893615534,0.8404995943163933,0.008401329224133655,0.5210366327292931,0.008872886201721204,0.5417095732863245,0.010285347527615991,0.9952209077122615,0.004644874989513389,0.9891569334182216,0.001821887405692165,0.905511064770062,0.024163198427196678,0.6980530239332424,0.0022143403389044566,426.6666666666667,31.182259913824932,9.0,2.6457513110645907,0.0,0.0,0.0,0.0,426.6666666666667,31.182259913824932,187.0,40.11234224026316,0.6541274806723699,0.012270511256542849,0.5190950754717975,0.04319733156760617
diagnosis_donors,unmatched,cmapss:FD001,diagnosis,independent | random1:1 | circuit,,,,,,,,,,,,,,,,,,,,,,,,,,,,,,,3,"[11, 12, 13]",unmatched,,,,,,,,,,,,,,,,,,,,,,,,,,,,,,,,,,,,,,,,,,,,,,,,,,,,,,,,,,,,,0.10000000000000002,1.6996749443881478e-17,10.0,0.0,50.589342753092446,21.862377767454586,924.78076171875,135.64104768502412,0.07715727283440509,0.02974691749636056,0.533847642258051,0.0579218979454498,0.778035801218507,0.0023756892463662454,0.8333419323353369,0.00713766624603138,0.5208582871234758,0.011574988342318857,0.4961207711655565,0.03209917732467299,0.9924826177941828,0.005511862505314225,0.9846484140287005,0.0028896619113506347,0.9044712241431837,0.025928412300552556,0.6706926746853622,0.010440650761671194,426.6666666666667,31.182259913824932,9.0,2.6457513110645907,0.0,0.0,0.0,0.0,426.6666666666667,31.182259913824932,195.0,38.19685850956856,0.6314262151028571,0.021489912895564508,0.5021756077450874,0.041778858158747996
diagnosis_donors,unmatched,cmapss:FD001,diagnosis,marginal_max | random1:1 | circuit,,,,,,,,,,,,,,,,,,,,,,,,,,,,,,,3,"[11, 12, 13]",unmatched,,,,,,,,,,,,,,,,,,,,,,,,,,,,,,,,,,,,,,,,,,,,,,,,,,,,,,,,,,,,,0.10000000000000002,1.6996749443881478e-17,10.0,0.0,28.323476791381836,2.47367057817747,503.39662679036456,78.21461549142086,0.06984060068042665,0.06430892544815717,0.5883479465912455,0.03247403198193601,0.7873303811955253,0.005494044400040973,0.8488963490629722,0.003727703318428216,0.5241996870851043,0.0013074651504195792,0.4966629209267935,0.0032702236227222553,0.9979980762049393,0.0019388587444516595,0.9959070003620795,0.002172012727364803,0.9284958280481929,0.02918768456786799,0.6706926746853622,0.010440650761671194,426.6666666666667,31.182259913824932,9.0,2.6457513110645907,0.0,0.0,0.0,0.0,426.6666666666667,31.182259913824932,171.0,22.9128784747792,0.6314262151028571,0.021489912895564508,0.5631395603590119,0.00733813101608267
diagnosis_donors,unmatched,cmapss:FD001,diagnosis,conditional_max | random1:1 | circuit,,,,,,,,,,,,,,,,,,,,,,,,,,,,,,,3,"[11, 12, 13]",unmatched,,,,,,,,,,,,,,,,,,,,,,,,,,,,,,,,,,,,,,,,,,,,,,,,,,,,,,,,,,,,,0.10000000000000002,1.6996749443881478e-17,10.0,0.0,27.66791280110677,2.371228185466592,503.36034138997394,78.46545250559552,0.06751090274175252,0.055404758043418344,0.5967806691118613,0.029578966888270927,0.8007092141411946,0.006698036017842864,0.8575144801649013,0.004942688221309109,0.5276910682979655,0.004766089069156716,0.5578809795430403,0.005280753910620545,0.9994049526017457,0.0009473120470277706,0.9991968632816398,0.00044908974532485393,0.9275382186664163,0.03012306837223595,0.6980530239332424,0.0022143403389044566,426.6666666666667,31.182259913824932,9.0,2.6457513110645907,0.0,0.0,0.0,0.0,426.6666666666667,31.182259913824932,167.33333333333334,22.18858565419016,0.6541274806723699,0.012270511256542849,0.5723488488591859,0.007387205896649173
diagnosis_donors,unmatched,cmapss:FD001,diagnosis,relational_max | random1:1 | circuit,,,,,,,,,,,,,,,,,,,,,,,,,,,,,,,3,"[11, 12, 13]",unmatched,,,,,,,,,,,,,,,,,,,,,,,,,,,,,,,,,,,,,,,,,,,,,,,,,,,,,,,,,,,,,0.10000000000000002,1.6996749443881478e-17,10.0,0.0,3.3600136439005532,0.8443834480864945,12.181679407755533,0.740648460684673,0.005461879786970813,0.005532634578577146,0.28796784394814307,0.0667530913002803,0.7023310010751431,0.017989330195708055,0.7619087158805068,0.02166433629778232,0.5049691853484198,0.023163895898371145,0.699972104430698,0.050595734093231086,0.9041291935561832,0.029632950508432836,0.8664121391896722,0.03339969930785561,0.5473296870195462,0.03612198221060855,0.46407812819205735,0.03662720712357923,426.6666666666667,31.182259913824932,9.0,2.6457513110645907,0.0,0.0,139.33333333333334,36.66515148384544,287.3333333333333,5.507570547286102,162.33333333333334,26.501572280401277,0.6349511117183578,0.07534925695555653,0.2754783579209446,0.06576465689500838
diagnosis_donors,unmatched,cmapss:FD001,diagnosis,query random1:1 | gaussian_fitted,,,,,,,,,,,,,,,,,,,,,,,,,,,,,,,3,"[11, 12, 13]",unmatched,,,,,,,,,,,,,,,,,,,0.0,0.0,0.7706441619981584,0.03779977540911842,0.006820310666322864,5.0591520303188376e-05,871.3333333333334,59.87765303795175,14.0,0.0,14.0,0.0,14.0,0.0,58.0,0.0,8400.0,0.0,0.0,0.0,1.0,0.0,0.0,0.0,3659600.0,251486.1427593974,0.0,0.0,13070.0,898.1647955692764,17814720.0,0.0,13.939547798138136,2.306695945375461,13.943975179174556,2.307727948465571,5.925116209400592,0.5478160099897231,5.136084030252412,1.7798659940417174,24.852107458445868,2.884985713151225,,,,,,,,,,,,,,,,,,,,,,,,,,,,,,,,,,,,,,,,,,,,
diagnosis_donors,unmatched,cmapss:FD001,diagnosis,joint | random1:1 | gaussian_fitted,,,,,,,,,,,,,,,,,,,,,,,,,,,,,,,3,"[11, 12, 13]",unmatched,,,,,,,,,,,,,,,,,,,,,,,,,,,,,,,,,,,,,,,,,,,,,,,,,,,,,,,,,,,,,0.10000000000000002,1.6996749443881478e-17,10.0,0.0,179.0459928826108,12.519363620321528,976.1827615434137,196.46556130549592,0.05952639842418985,0.023590607471778022,0.6346216164446027,0.02446152037946236,0.8319396890759913,0.007245532154417884,0.8793032729906717,0.0038673971036094737,0.5139882773308534,0.011251839817936924,0.7299774899861452,0.027429682493938703,0.998783358736952,0.0017233615242898458,0.9995949059422463,0.00028021603661354056,0.9325436550447398,0.012165310261237646,0.7540573688446214,0.005915839581645523,426.6666666666667,31.182259913824932,9.0,2.6457513110645907,0.0,0.0,0.0,0.0,426.6666666666667,31.182259913824932,152.0,22.60530911091463,0.7275408747231523,0.01060134204781316,0.6054679947985955,0.023572458233002826
diagnosis_donors,unmatched,cmapss:FD001,diagnosis,independent | random1:1 | gaussian_fitted,,,,,,,,,,,,,,,,,,,,,,,,,,,,,,,3,"[11, 12, 13]",unmatched,,,,,,,,,,,,,,,,,,,,,,,,,,,,,,,,,,,,,,,,,,,,,,,,,,,,,,,,,,,,,0.10000000000000002,1.6996749443881478e-17,10.0,0.0,194.04228352512578,16.664521103864274,410.61103069067485,32.11333802335658,0.05488178386633152,0.01733182831692214,0.49455796362823484,0.04314707571918233,0.7718399004039357,0.007363977533952369,0.8270093635290992,0.0035953760690047507,0.5139345872956116,0.007051229189521615,0.49625127284344556,0.051195609067088234,0.9855171010592961,0.007785187762016905,0.9494736610503001,0.005978775877934652,0.9226070695776382,0.009067215318767126,0.6873106860954573,0.0077380506820473195,426.6666666666667,31.182259913824932,9.0,2.6457513110645907,0.0,0.0,0.0,0.0,426.6666666666667,31.182259913824932,212.66666666666666,34.486712417006835,0.6223955428774706,0.006334152309597308,0.4625408156777559,0.043095424248588865
diagnosis_donors,unmatched,cmapss:FD001,diagnosis,marginal_max | random1:1 | gaussian_fitted,,,,,,,,,,,,,,,,,,,,,,,,,,,,,,,3,"[11, 12, 13]",unmatched,,,,,,,,,,,,,,,,,,,,,,,,,,,,,,,,,,,,,,,,,,,,,,,,,,,,,,,,,,,,,0.10000000000000002,1.6996749443881478e-17,10.0,0.0,52.42989189452059,5.537974066128937,242.6366985518292,17.308954901993943,0.02423759776425456,0.022527446782545688,0.3503661515073098,0.018907875159435112,0.7785117504948665,0.010824344986933646,0.8214138479659864,0.019124806498281216,0.5120430978087719,0.012731788663297635,0.519010791735509,0.022752529926231287,0.9750191426454503,0.016793938631854112,0.9442509468676907,0.020751858763052328,0.9510857109396958,0.011546430799603151,0.6873106860954573,0.0077380506820473195,426.6666666666667,31.182259913824932,9.0,2.6457513110645907,0.0,0.0,0.0,0.0,426.6666666666667,31.182259913824932,274.6666666666667,28.919428302325294,0.6223955428774706,0.006334152309597308,0.33426597384799867,0.03433757194472897
diagnosis_donors,unmatched,cmapss:FD001,diagnosis,conditional_max | random1:1 | gaussian_fitted,,,,,,,,,,,,,,,,,,,,,,,,,,,,,,,3,"[11, 12, 13]",unmatched,,,,,,,,,,,,,,,,,,,,,,,,,,,,,,,,,,,,,,,,,,,,,,,,,,,,,,,,,,,,,0.10000000000000002,1.6996749443881478e-17,10.0,0.0,54.044674947300415,5.159703757749196,513.3416138762768,65.82953185481527,0.023689717020750137,0.018866958154796845,0.5785093788484582,0.023288912210890772,0.834876277639749,0.0022798297674625195,0.8807085203439006,0.003148019947224656,0.5063885740265893,0.020157616789152538,0.7312159026104424,0.023960997551803982,0.9974580654167778,0.0026468263618795542,0.998639818109114,0.0019003311702940856,0.9558429803541241,0.014346168578915637,0.7540573688446214,0.005915839581645523,426.6666666666667,31.182259913824932,9.0,2.6457513110645907,0.0,0.0,0.0,0.0,426.6666666666667,31.182259913824932,175.0,22.538855339169288,0.7275408747231523,0.01060134204781316,0.568805503348475,0.02501980052650749
diagnosis_donors,unmatched,cmapss:FD001,diagnosis,relational_max | random1:1 | gaussian_fitted,,,,,,,,,,,,,,,,,,,,,,,,,,,,,,,3,"[11, 12, 13]",unmatched,,,,,,,,,,,,,,,,,,,,,,,,,,,,,,,,,,,,,,,,,,,,,,,,,,,,,,,,,,,,,0.10000000000000002,1.6996749443881478e-17,10.0,0.0,3.6968609540898214,0.40818523663034156,458.76024568682243,41.65428011148067,0.0987423324436194,0.048826461186526185,0.6810405481966183,0.02438483593800686,0.8354211925200973,0.013928987465912882,0.8833734863004882,0.010895747549693986,0.5090011708420527,0.009712581868796632,0.8275851323303688,0.04384539436620409,0.9999510882856444,8.471757434915716e-05,1.0,0.0,0.859196848257464,0.042997560455529556,0.7034628165449156,0.024458969087554395,426.6666666666667,31.182259913824932,9.0,2.6457513110645907,0.0,0.0,0.0,0.0,426.6666666666667,31.182259913824932,132.66666666666666,19.55334583474995,0.6955099527583011,0.02185072443525276,0.6205797274000712,0.02217461146015928
diagnosis_donors,unmatched,cmapss:FD001,diagnosis,query random1:1 | gmm_fitted,,,,,,,,,,,,,,,,,,,,,,,,,,,,,,,3,"[11, 12, 13]",unmatched,,,,,,,,,,,,,,,,,,,0.0,0.0,2.0366747796651907,0.8052610818086974,0.015997888332397753,0.006008574607884832,871.3333333333334,59.87765303795175,14.0,0.0,14.0,0.0,14.0,0.0,58.0,0.0,8400.0,0.0,0.0,0.0,1.0,0.0,0.0,0.0,3659600.0,251486.1427593974,0.0,0.0,13070.0,898.1647955692764,47506880.0,20571082.467269436,7.024153420996292,3.754806464008281,10.510274102117458,0.9001108115466389,10.465601714427997,2.4786333519060544,-14.3838756646086,15.184632686398738,20.23878462041382,4.383611653680171,,,,,,,,,,,,,,,,,,,,,,,,,,,,,,,,,,,,,,,,,,,,
diagnosis_donors,unmatched,cmapss:FD001,diagnosis,joint | random1:1 | gmm_fitted,,,,,,,,,,,,,,,,,,,,,,,,,,,,,,,3,"[11, 12, 13]",unmatched,,,,,,,,,,,,,,,,,,,,,,,,,,,,,,,,,,,,,,,,,,,,,,,,,,,,,,,,,,,,,0.10000000000000002,1.6996749443881478e-17,10.0,0.0,185.65623730378545,4.711531208247713,1289.8663066628167,124.97616069324503,0.0698469586726456,0.019796922602079683,0.5235343309306603,0.04319034984352781,0.8178800231302574,0.010129826216034357,0.8590222925647244,0.004590752678295946,0.5119830679610223,0.015872300935131582,0.7045353924024718,0.03758402523581781,0.9948384803128407,0.0012317836025673731,0.9931775795184051,0.0014296401349669235,0.8989190672349453,0.01864988624153766,0.7487423821545626,0.009615317797143759,426.6666666666667,31.182259913824932,9.0,2.6457513110645907,0.0,0.0,0.0,0.0,426.6666666666667,31.182259913824932,200.0,23.643180835073778,0.7293067773440879,0.012721420959265966,0.49897130115703314,0.03346601590766309
diagnosis_donors,unmatched,cmapss:FD001,diagnosis,independent | random1:1 | gmm_fitted,,,,,,,,,,,,,,,,,,,,,,,,,,,,,,,3,"[11, 12, 13]",unmatched,,,,,,,,,,,,,,,,,,,,,,,,,,,,,,,,,,,,,,,,,,,,,,,,,,,,,,,,,,,,,0.10000000000000002,1.6996749443881478e-17,10.0,0.0,172.99721540383885,18.550856729168398,443.12162275079254,40.38834046534107,0.06441172575752238,0.009926319788811134,0.3876641587019653,0.04797946904556316,0.755341745521168,0.011911361077705514,0.8001435956242337,0.007297485302877745,0.5112031767674873,0.009921014491321097,0.49286603333513757,0.05149249878005174,0.9634484277528274,0.010311806373349311,0.925859577677569,0.016930527452125404,0.8913355128205186,0.016945977289993665,0.6897205495100067,0.010009005515650884,426.6666666666667,31.182259913824932,9.0,2.6457513110645907,0.0,0.0,0.0,0.0,426.6666666666667,31.182259913824932,260.0,39.84971769034255,0.6296105500924778,0.017641637505100165,0.35915241079271204,0.04378496535885442
diagnosis_donors,unmatched,cmapss:FD001,diagnosis,marginal_max | random1:1 | gmm_fitted,,,,,,,,,,,,,,,,,,,,,,,,,,,,,,,3,"[11, 12, 13]",unmatched,,,,,,,,,,,,,,,,,,,,,,,,,,,,,,,,,,,,,,,,,,,,,,,,,,,,,,,,,,,,,0.10000000000000002,1.6996749443881478e-17,10.0,0.0,36.34149232018932,2.341241413528671,271.81419469860793,26.87132463857258,0.029846764288170125,0.01656365274770624,0.5265303626525868,0.003382071151810613,0.7886372713201507,0.006283377198280246,0.8437978553052559,0.002899884538789585,0.5124431217699379,0.011019195941846052,0.5213636739842112,0.01647322199317327,0.9932985446318169,0.004925275478278916,0.9649250024995957,0.012887864916464941,0.9596200856756075,0.010418406428149654,0.6897205495100067,0.010009005515650884,426.6666666666667,31.182259913824932,9.0,2.6457513110645907,0.0,0.0,0.0,0.0,426.6666666666667,31.182259913824932,197.66666666666666,17.47378989610821,0.6296105500924778,0.017641637505100165,0.5105887703278578,0.0058070381322755625
diagnosis_donors,unmatched,cmapss:FD001,diagnosis,conditional_max | random1:1 | gmm_fitted,,,,,,,,,,,,,,,,,,,,,,,,,,,,,,,3,"[11, 12, 13]",unmatched,,,,,,,,,,,,,,,,,,,,,,,,,,,,,,,,,,,,,,,,,,,,,,,,,,,,,,,,,,,,,0.10000000000000002,1.6996749443881478e-17,10.0,0.0,57.36877802219929,7.380852149726104,671.1595580851246,96.18896459872306,0.03540611979024295,0.018828380114099555,0.5965640114152283,0.047581377323147045,0.8367869602211191,0.009245917306827353,0.8833033750976655,0.005715309102342096,0.5108106958240324,0.0037172614066558834,0.7303812654616059,0.03265859403409964,0.9992142040287973,0.00020630116764932052,0.9998854954774018,0.00013551589928196718,0.9585168071439475,0.008723670038901631,0.7487423821545626,0.009615317797143759,426.6666666666667,31.182259913824932,9.0,2.6457513110645907,0.0,0.0,0.0,0.0,426.6666666666667,31.182259913824932,167.0,20.223748416156685,0.7293067773440879,0.012721420959265966,0.5828840419659884,0.03936161278833917
diagnosis_donors,unmatched,cmapss:FD001,diagnosis,relational_max | random1:1 | gmm_fitted,,,,,,,,,,,,,,,,,,,,,,,,,,,,,,,3,"[11, 12, 13]",unmatched,,,,,,,,,,,,,,,,,,,,,,,,,,,,,,,,,,,,,,,,,,,,,,,,,,,,,,,,,,,,,0.10000000000000002,1.6996749443881478e-17,10.0,0.0,26.642004204415517,15.526544406689682,575.9197814413596,91.27738868969246,0.0359574832555998,0.03468321087672429,0.5498904764970945,0.08033292508346161,0.8286836397589203,0.011550511006901819,0.8717009894724272,0.008592370501882086,0.5097086130532431,0.0169232610030218,0.8028293762049755,0.044385240653720105,0.9980913780839998,0.0013284593759484492,0.998808591742526,0.0012781235679273353,0.8514445075881515,0.019767541122075828,0.709735402145832,0.0208414447128577,426.6666666666667,31.182259913824932,9.0,2.6457513110645907,0.0,0.0,0.0,0.0,426.6666666666667,31.182259913824932,187.33333333333334,33.20140559273558,0.7020074065934928,0.026440228532116965,0.5253674170312389,0.06372108041580393
diagnosis_donors,unmatched,cmapss:FD001,diagnosis,query random3:5-8-14 | circuit,,,,,,,,,,,,,,,,,,,,,,,,,,,,,,,3,"[11, 12, 13]",unmatched,,,,,,,,,,,,,,,,,,,2.4159749348958332e-05,5.827046324355875e-06,1.3695603729987245,0.038213492501224626,0.6784865036667421,0.012665521711906805,871.3333333333334,59.87765303795175,12.0,0.0,12.0,0.0,12.0,0.0,6.0,0.0,50324.0,0.0,240.0,0.0,2.0,0.0,1.3499426666666665,0.04543844960309872,21924489.333333332,1506641.505740942,209120.0,14370.636729108423,13070.0,898.1647955692764,245760.0,0.0,4.788600524266561,1.1826569285175723,4.830991824467977,1.2478028747539291,1.3757051924864452,0.8587350695489122,1.9478215376536052,1.1465667908930697,6.546478112538655,1.6097600114462254,,,,,,,,,,,,,,,,,,,,,,,,,,,,,,,,,,,,,,,,,,,,
diagnosis_donors,unmatched,cmapss:FD001,diagnosis,joint | random3:5-8-14 | circuit,,,,,,,,,,,,,,,,,,,,,,,,,,,,,,,3,"[11, 12, 13]",unmatched,,,,,,,,,,,,,,,,,,,,,,,,,,,,,,,,,,,,,,,,,,,,,,,,,,,,,,,,,,,,,0.10000000000000002,1.6996749443881478e-17,10.0,0.0,18.00665028889974,7.173205239975588,841.4019571940104,202.0648961330021,0.10517819994306155,0.06613791832960506,0.5641141150262033,0.061530388855637386,0.7733819440463675,0.008414503479065819,0.828217700299593,0.009285958635255992,0.5119852962687171,0.013533446828558797,0.52776005160747,0.006321957847661091,0.9819757284250383,0.012892269147583691,0.9755544881720905,0.0074837296884835165,0.878488637626206,0.03625846898215021,0.6998606270469709,0.0153570262841217,403.3333333333333,29.19474838619667,32.333333333333336,2.0816659994661326,0.0,0.0,0.0,0.0,403.3333333333333,29.19474838619667,160.66666666666666,21.594752448994022,0.6471967937855313,0.021487023597924235,0.5095555763438954,0.03022176119778941
diagnosis_donors,unmatched,cmapss:FD001,diagnosis,independent | random3:5-8-14 | circuit,,,,,,,,,,,,,,,,,,,,,,,,,,,,,,,3,"[11, 12, 13]",unmatched,,,,,,,,,,,,,,,,,,,,,,,,,,,,,,,,,,,,,,,,,,,,,,,,,,,,,,,,,,,,,0.10000000000000002,1.6996749443881478e-17,10.0,0.0,23.82385317484538,5.787684375680659,840.4746704101562,198.19527149964074,0.10438831052757973,0.06552884196419492,0.5485324174584797,0.06410691033906235,0.7642213779814973,0.005779585285198224,0.8219182466839134,0.00812907994980879,0.5122938438089134,0.013190940407526549,0.4910441034285029,0.02305608697103388,0.9782838807523185,0.01323229598707036,0.970244347802398,0.009301561259061982,0.8771017729819008,0.035548481135824504,0.6808257309921957,0.010791031219990086,403.3333333333333,29.19474838619667,32.333333333333336,2.0816659994661326,0.0,0.0,0.0,0.0,403.3333333333333,29.19474838619667,167.33333333333334,21.501937897160186,0.6289439829556369,0.01753589595672352,0.49485776118490293,0.03210196476611749
diagnosis_donors,unmatched,cmapss:FD001,diagnosis,marginal_max | random3:5-8-14 | circuit,,,,,,,,,,,,,,,,,,,,,,,,,,,,,,,3,"[11, 12, 13]",unmatched,,,,,,,,,,,,,,,,,,,,,,,,,,,,,,,,,,,,,,,,,,,,,,,,,,,,,,,,,,,,,0.10000000000000002,1.6996749443881478e-17,10.0,0.0,28.29757817586263,2.245004494547275,502.5273030598958,77.72640535689116,0.07031979890926011,0.04832707520457145,0.5615289229925652,0.027846686953322847,0.7693518342876392,0.004826815040515093,0.8350936781348679,0.003547683572155172,0.5130224407935098,0.012380449368437895,0.4866857986956652,0.010277823393898213,0.9816945280445699,0.009148952228661416,0.9786947999940107,0.005570620832148724,0.8944900301249942,0.032047886296757935,0.6808257309921957,0.010791031219990086,403.3333333333333,29.19474838619667,32.333333333333336,2.0816659994661326,0.0,0.0,0.0,0.0,403.3333333333333,29.19474838619667,159.66666666666666,5.859465277082315,0.6289439829556369,0.01753589595672352,0.533891216777972,0.005013842706719075
diagnosis_donors,unmatched,cmapss:FD001,diagnosis,conditional_max | random3:5-8-14 | circuit,,,,,,,,,,,,,,,,,,,,,,,,,,,,,,,3,"[11, 12, 13]",unmatched,,,,,,,,,,,,,,,,,,,,,,,,,,,,,,,,,,,,,,,,,,,,,,,,,,,,,,,,,,,,,0.10000000000000002,1.6996749443881478e-17,10.0,0.0,27.699357350667317,1.886869085433845,502.0988260904948,78.5922493916054,0.068393448757215,0.04595715193445291,0.5728658710672072,0.030228213427721504,0.7797562479577707,0.00541586470071725,0.8425186873479559,0.0032775170626403744,0.5101877859062958,0.012982063264103828,0.5280736428865992,0.024873603597406386,0.9890803092565066,0.0070068118307831904,0.9841458863153182,0.002180738306986335,0.896603210015882,0.03305289386607438,0.6998606270469709,0.0153570262841217,403.3333333333333,29.19474838619667,32.333333333333336,2.0816659994661326,0.0,0.0,0.0,0.0,403.3333333333333,29.19474838619667,155.0,5.0,0.6471967937855313,0.021487023597924235,0.5459240612748463,0.008190751761308995
diagnosis_donors,unmatched,cmapss:FD001,diagnosis,relational_max | random3:5-8-14 | circuit,,,,,,,,,,,,,,,,,,,,,,,,,,,,,,,3,"[11, 12, 13]",unmatched,,,,,,,,,,,,,,,,,,,,,,,,,,,,,,,,,,,,,,,,,,,,,,,,,,,,,,,,,,,,,0.10000000000000002,1.6996749443881478e-17,10.0,0.0,3.0348889032999673,1.1654873005710529,10.83739948272705,0.9635794289804428,0.02134033765393327,0.03489654553678406,0.2327570238602894,0.10849480253325883,0.6760526433895624,0.0260215496381913,0.7322435526239449,0.020702462904651525,0.5009011430085546,0.014306149654719281,0.6438870067167204,0.028029866661893194,0.8771645618003845,0.021041332817192428,0.8237744273565623,0.028964090160454654,0.5442270336992037,0.050566870594588406,0.46539398541369187,0.02904098800053536,403.3333333333333,29.19474838619667,32.333333333333336,2.0816659994661326,0.0,0.0,153.33333333333334,44.60194315647395,250.0,17.52141546793523,151.0,30.512292604784715,0.6209602572311752,0.09593907616206193,0.20920908601634527,0.08842272210496181
diagnosis_donors,unmatched,cmapss:FD001,diagnosis,query random3:5-8-14 | gaussian_fitted,,,,,,,,,,,,,,,,,,,,,,,,,,,,,,,3,"[11, 12, 13]",unmatched,,,,,,,,,,,,,,,,,,,0.0,0.0,0.4793824350005404,0.031668868357168214,0.0053816306657002615,4.2618424732159603e-05,871.3333333333334,59.87765303795175,12.0,0.0,12.0,0.0,12.0,0.0,50.0,0.0,6240.0,0.0,0.0,0.0,1.0,0.0,0.0,0.0,2718560.0,186818.2774784095,0.0,0.0,13070.0,898.1647955692764,22944960.0,0.0,11.613218632553108,1.6059549139211517,11.613218632553108,1.6059549139211517,4.723523561954456,0.05527402662541235,4.363674528726219,1.0920915123459076,19.945218066779248,1.267972619036095,,,,,,,,,,,,,,,,,,,,,,,,,,,,,,,,,,,,,,,,,,,,
diagnosis_donors,unmatched,cmapss:FD001,diagnosis,joint | random3:5-8-14 | gaussian_fitted,,,,,,,,,,,,,,,,,,,,,,,,,,,,,,,3,"[11, 12, 13]",unmatched,,,,,,,,,,,,,,,,,,,,,,,,,,,,,,,,,,,,,,,,,,,,,,,,,,,,,,,,,,,,,0.10000000000000002,1.6996749443881478e-17,10.0,0.0,172.77451227533413,7.284568508352612,748.0405134778639,58.14305264387832,0.029927433845495927,0.014785507225543903,0.5509860759970405,0.011490599992974585,0.8119970589785069,0.0035825006041118874,0.8631791961626073,0.00472663483774774,0.5038176965087252,0.0037722925647406293,0.689277594561401,0.02467252110570784,0.9911630927470162,0.007566054426129383,0.9893700135576918,0.004455004791416451,0.9007197338684546,0.033847854734432824,0.7549380430005433,0.010205858275317658,403.3333333333333,29.19474838619667,32.333333333333336,2.0816659994661326,0.0,0.0,0.0,0.0,403.3333333333333,29.19474838619667,164.33333333333334,14.29452109492771,0.7239925329807139,0.02577620376552882,0.5323955902261867,0.017435097347702624
diagnosis_donors,unmatched,cmapss:FD001,diagnosis,independent | random3:5-8-14 | gaussian_fitted,,,,,,,,,,,,,,,,,,,,,,,,,,,,,,,3,"[11, 12, 13]",unmatched,,,,,,,,,,,,,,,,,,,,,,,,,,,,,,,,,,,,,,,,,,,,,,,,,,,,,,,,,,,,,0.10000000000000002,1.6996749443881478e-17,10.0,0.0,179.28352437581302,16.179833489175135,374.3264035262405,62.72599601321047,0.04846867554922726,0.022170591593521104,0.44654649656405193,0.07558346823481445,0.7543830206577127,0.005298298830684479,0.8101798868563518,0.01258296023444359,0.5019134882229996,0.005321667471623303,0.48890976129454633,0.03851083156608692,0.9666564122854929,0.01575108695198325,0.9313211333057517,0.012290044910575225,0.8917727490193995,0.0353940172122497,0.6973784773619158,0.003268825078180469,403.3333333333333,29.19474838619667,32.333333333333336,2.0816659994661326,0.0,0.0,0.0,0.0,403.3333333333333,29.19474838619667,212.0,44.50842616853577,0.6269033081460834,0.011834703546224899,0.409723394941063,0.06662173521194627
diagnosis_donors,unmatched,cmapss:FD001,diagnosis,marginal_max | random3:5-8-14 | gaussian_fitted,,,,,,,,,,,,,,,,,,,,,,,,,,,,,,,3,"[11, 12, 13]",unmatched,,,,,,,,,,,,,,,,,,,,,,,,,,,,,,,,,,,,,,,,,,,,,,,,,,,,,,,,,,,,,0.10000000000000002,1.6996749443881478e-17,10.0,0.0,52.42989189452059,5.537974066128937,241.59960763933904,17.550498678444754,0.02423759776425456,0.022527446782545688,0.29357061198307394,0.023481170332158803,0.7619317601817674,0.010702115192246653,0.8049024376977094,0.023212310383573874,0.5061463024528942,0.01455543840700801,0.5095044465818953,0.01375240817440531,0.9636333219379075,0.008272423053267693,0.9225289120459297,0.027876202652658364,0.9171945347784799,0.03745692562636754,0.6973784773619158,0.003268825078180469,403.3333333333333,29.19474838619667,32.333333333333336,2.0816659994661326,0.0,0.0,0.0,0.0,403.3333333333333,29.19474838619667,276.3333333333333,26.159765544311238,0.6269033081460834,0.011834703546224899,0.2766805449082809,0.036532708049617064
diagnosis_donors,unmatched,cmapss:FD001,diagnosis,conditional_max | random3:5-8-14 | gaussian_fitted,,,,,,,,,,,,,,,,,,,,,,,,,,,,,,,3,"[11, 12, 13]",unmatched,,,,,,,,,,,,,,,,,,,,,,,,,,,,,,,,,,,,,,,,,,,,,,,,,,,,,,,,,,,,,0.10000000000000002,1.6996749443881478e-17,10.0,0.0,53.09253602246241,3.7550270644907844,398.2179618192725,70.7344408466754,0.02596539227394604,0.021547278088290628,0.530479809729996,0.007261888880088221,0.8173491484274041,0.005650593258991005,0.86486454665599,0.010123403569362541,0.5077651844047468,0.01673556305291118,0.6984191649972219,0.015324994922200526,0.9887627790039913,0.006433987273488238,0.9889881583501868,0.0025965786332997802,0.9170552319089036,0.03753311830768675,0.7549380430005433,0.010205858275317658,403.3333333333333,29.19474838619667,32.333333333333336,2.0816659994661326,0.0,0.0,0.0,0.0,403.3333333333333,29.19474838619667,173.33333333333334,15.30795000427338,0.7239925329807139,0.02577620376552882,0.5142316163919568,0.01870494720445792
diagnosis_donors,unmatched,cmapss:FD001,diagnosis,relational_max | random3:5-8-14 | gaussian_fitted,,,,,,,,,,,,,,,,,,,,,,,,,,,,,,,3,"[11, 12, 13]",unmatched,,,,,,,,,,,,,,,,,,,,,,,,,,,,,,,,,,,,,,,,,,,,,,,,,,,,,,,,,,,,,0.10000000000000002,1.6996749443881478e-17,10.0,0.0,3.2843662519365133,0.7939498978493058,389.82755463244354,60.34332911576257,0.09213589256694014,0.06030975281363698,0.6267832649545445,0.04061325688100778,0.8126681676827717,0.011086990648844183,0.8654299818449912,0.007635368252309653,0.5079959234925729,0.026378798442936727,0.7849722853055502,0.05199105123615815,0.9950757548910985,0.0042860128075391446,0.9940713358623472,0.004900870328489917,0.7969649956106255,0.006313295950985735,0.6953035683227992,0.015610959653676858,403.3333333333333,29.19474838619667,32.333333333333336,2.0816659994661326,0.0,0.0,0.0,0.0,403.3333333333333,29.19474838619667,133.0,12.529964086141668,0.6666381378653431,0.02012973912724356,0.5484831733913571,0.03128185337204576
diagnosis_donors,unmatched,cmapss:FD001,diagnosis,query random3:5-8-14 | gmm_fitted,,,,,,,,,,,,,,,,,,,,,,,,,,,,,,,3,"[11, 12, 13]",unmatched,,,,,,,,,,,,,,,,,,,0.0,0.0,1.273240015666185,0.5065285460723247,0.012671899000755124,0.004300447545335856,871.3333333333334,59.87765303795175,12.0,0.0,12.0,0.0,12.0,0.0,50.0,0.0,6240.0,0.0,0.0,0.0,1.0,0.0,0.0,0.0,2718560.0,186818.2774784095,0.0,0.0,13070.0,898.1647955692764,61187797.333333336,26495093.4461402,6.6635303673337125,2.8530375097574834,9.042347734679039,1.024679122934092,8.093349212509152,1.8138721281284722,-9.664003118085827,8.680791970093045,16.681005540428007,2.358768854660028,,,,,,,,,,,,,,,,,,,,,,,,,,,,,,,,,,,,,,,,,,,,
diagnosis_donors,unmatched,cmapss:FD001,diagnosis,joint | random3:5-8-14 | gmm_fitted,,,,,,,,,,,,,,,,,,,,,,,,,,,,,,,3,"[11, 12, 13]",unmatched,,,,,,,,,,,,,,,,,,,,,,,,,,,,,,,,,,,,,,,,,,,,,,,,,,,,,,,,,,,,,0.10000000000000002,1.6996749443881478e-17,10.0,0.0,171.35693998624285,2.1289144867943386,1046.1214081393998,97.01921490806843,0.05808985665359836,0.017979637573122653,0.4596704859166423,0.03080294442076266,0.7944964409220446,0.004701748648193641,0.8386263071446566,0.00280687924786925,0.5022001593107198,0.00478891012032863,0.6622507486118178,0.0264451993780331,0.984585732173268,0.007095291828698772,0.9756607879423242,0.005229835225755466,0.8608093244658015,0.03979539655466441,0.7530596802601855,0.009165945842538499,403.3333333333333,29.19474838619667,32.333333333333336,2.0816659994661326,0.0,0.0,0.0,0.0,403.3333333333333,29.19474838619667,205.0,20.29778313018444,0.7227414120240089,0.016961037650854403,0.4340923642133321,0.028910061763440003
diagnosis_donors,unmatched,cmapss:FD001,diagnosis,independent | random3:5-8-14 | gmm_fitted,,,,,,,,,,,,,,,,,,,,,,,,,,,,,,,3,"[11, 12, 13]",unmatched,,,,,,,,,,,,,,,,,,,,,,,,,,,,,,,,,,,,,,,,,,,,,,,,,,,,,,,,,,,,,0.10000000000000002,1.6996749443881478e-17,10.0,0.0,162.84407165459388,17.096947626688472,426.8647377920838,44.73875465545286,0.04142499209300649,0.019198031839739893,0.32551130203986256,0.024103688089194168,0.7369427238296339,0.012690081868114357,0.7807832650150507,0.01263990097446788,0.5000042637540792,0.00044533679872652996,0.48666301323021544,0.03873574214395133,0.9432855742520392,0.00467314907469762,0.9075474426966451,0.021879413703981436,0.8549830005801585,0.039652361218682354,0.6999306774132061,0.003968898432886747,403.3333333333333,29.19474838619667,32.333333333333336,2.0816659994661326,0.0,0.0,0.0,0.0,403.3333333333333,29.19474838619667,263.0,30.347981810987037,0.63213302499556,0.010593684126017163,0.303519978876887,0.02892132898021274
diagnosis_donors,unmatched,cmapss:FD001,diagnosis,marginal_max | random3:5-8-14 | gmm_fitted,,,,,,,,,,,,,,,,,,,,,,,,,,,,,,,3,"[11, 12, 13]",unmatched,,,,,,,,,,,,,,,,,,,,,,,,,,,,,,,,,,,,,,,,,,,,,,,,,,,,,,,,,,,,,0.10000000000000002,1.6996749443881478e-17,10.0,0.0,36.34149232018932,2.341241413528671,270.6686116042754,26.992532475119702,0.029846764288170125,0.01656365274770624,0.4850646713100258,0.016559805950219275,0.7714165433311595,0.0020899366648983136,0.8292309208004772,0.0078099053658456765,0.5051510609649389,0.013386433048776953,0.5081345493156464,0.011192101658681373,0.9824215886213997,0.010238611144078561,0.9438088163787902,0.020859998884127266,0.9266058224459903,0.025032037280347592,0.6999306774132061,0.003968898432886747,403.3333333333333,29.19474838619667,32.333333333333336,2.0816659994661326,0.0,0.0,0.0,0.0,403.3333333333333,29.19474838619667,193.0,21.656407827707714,0.63213302499556,0.010593684126017163,0.4676239697116589,0.019873816009197243
diagnosis_donors,unmatched,cmapss:FD001,diagnosis,conditional_max | random3:5-8-14 | gmm_fitted,,,,,,,,,,,,,,,,,,,,,,,,,,,,,,,3,"[11, 12, 13]",unmatched,,,,,,,,,,,,,,,,,,,,,,,,,,,,,,,,,,,,,,,,,,,,,,,,,,,,,,,,,,,,,0.10000000000000002,1.6996749443881478e-17,10.0,0.0,50.853265164678305,1.775661158221604,555.7163320571091,61.45882366805241,0.03128201016225839,0.011701303487166767,0.5700985245813343,0.033066538888037365,0.8195286854810551,0.0027856392448124033,0.8699222794828806,0.0013440824691435687,0.5047762384646877,0.009093052607604775,0.7021641397413775,0.011788819241306779,0.9930737799875846,0.006675933877147518,0.9916398076002299,0.0032117884915421786,0.9203335979022035,0.02338635566519341,0.7530596802601855,0.009165945842538499,403.3333333333333,29.19474838619667,32.333333333333336,2.0816659994661326,0.0,0.0,0.0,0.0,403.3333333333333,29.19474838619667,155.33333333333334,15.044378795195678,0.7227414120240089,0.016961037650854403,0.5542908955576263,0.0237578323792733
diagnosis_donors,unmatched,cmapss:FD001,diagnosis,relational_max | random3:5-8-14 | gmm_fitted,,,,,,,,,,,,,,,,,,,,,,,,,,,,,,,3,"[11, 12, 13]",unmatched,,,,,,,,,,,,,,,,,,,,,,,,,,,,,,,,,,,,,,,,,,,,,,,,,,,,,,,,,,,,,0.10000000000000002,1.6996749443881478e-17,10.0,0.0,20.12649134689455,10.132424171604335,488.28430111067524,36.18948250967215,0.039785561526128714,0.031573057446722404,0.5214039175761228,0.04478403956613423,0.80468198956554,0.017421911035361542,0.8537560004737331,0.010761473908329171,0.5056580560043326,0.037512220328797474,0.7560949475880476,0.044392302346920896,0.9914940836975591,0.007005749582062976,0.990353729336276,0.006355015073438049,0.7952035077718517,0.016300403596379836,0.701438947904205,0.017499941793678433,403.3333333333333,29.19474838619667,32.333333333333336,2.0816659994661326,0.0,0.0,0.0,0.0,403.3333333333333,29.19474838619667,176.66666666666666,22.233608194203057,0.6892278166995665,0.03700755517125061,0.47833107158896754,0.0349126907921085
diagnosis_donors,unmatched,cmapss:FD001,diagnosis,query random7:3-4-8-10-11-12-14 | circuit,,,,,,,,,,,,,,,,,,,,,,,,,,,,,,,3,"[11, 12, 13]",unmatched,,,,,,,,,,,,,,,,,,,2.7020772298177082e-05,6.3498765167993474e-06,1.3699826610002976,0.04375482856392385,0.7211881179985843,0.09907881105794958,871.3333333333334,59.87765303795175,8.0,0.0,8.0,0.0,8.0,0.0,6.0,0.0,50324.0,0.0,240.0,0.0,2.0,0.0,1.346723,0.04264840525740675,21924489.333333332,1506641.505740942,209120.0,14370.636729108423,13070.0,898.1647955692764,245760.0,0.0,3.602171023686727,1.3828651025852867,3.6191829840342202,1.4101771574389788,1.069314956665039,0.7014626009000762,1.189551293849945,0.7770469052070645,4.85748815536499,1.8089856634743784,,,,,,,,,,,,,,,,,,,,,,,,,,,,,,,,,,,,,,,,,,,,
diagnosis_donors,unmatched,cmapss:FD001,diagnosis,joint | random7:3-4-8-10-11-12-14 | circuit,,,,,,,,,,,,,,,,,,,,,,,,,,,,,,,3,"[11, 12, 13]",unmatched,,,,,,,,,,,,,,,,,,,,,,,,,,,,,,,,,,,,,,,,,,,,,,,,,,,,,,,,,,,,,0.10000000000000002,1.6996749443881478e-17,10.0,0.0,113.51695251464844,8.887894526132838,581.7124837239584,84.00041300884457,0.04876341101017967,0.021200987901404553,0.4750536278420124,0.03802184107828832,0.7428996015655667,0.009443360911559461,0.8059650956232541,0.01125859024597804,0.5132145333610477,0.012375515657024872,0.4986141950244816,0.018482781001457785,0.9508573173334732,0.01407204896099967,0.9215640480808803,0.01467788916038221,0.8387200709240356,0.044662462034974496,0.7809467357508976,0.006932032215604975,331.0,20.29778313018444,104.66666666666667,11.239810200058244,0.0,0.0,0.0,0.0,331.0,20.29778313018444,131.33333333333334,12.34233905438241,0.7063202743721732,0.009385963291652834,0.44505536515326205,0.019355648814888327
diagnosis_donors,unmatched,cmapss:FD001,diagnosis,independent | random7:3-4-8-10-11-12-14 | circuit,,,,,,,,,,,,,,,,,,,,,,,,,,,,,,,3,"[11, 12, 13]",unmatched,,,,,,,,,,,,,,,,,,,,,,,,,,,,,,,,,,,,,,,,,,,,,,,,,,,,,,,,,,,,,0.10000000000000002,1.6996749443881478e-17,10.0,0.0,116.11832936604817,8.616538061740536,571.1554565429688,73.23927391826025,0.054359254098171446,0.017684550522371348,0.46909716105523236,0.029846676173633877,0.7309792324229424,0.0027364286622501735,0.7966430598173133,0.007712208902587061,0.5137963571771479,0.011186691923518129,0.4579255100597111,0.02685189711700001,0.9432759833246355,0.012845842788494845,0.9095381263787825,0.01819625830572201,0.8375598089846054,0.0443370149365115,0.762552991396294,0.019245191036415723,331.0,20.29778313018444,104.66666666666667,11.239810200058244,0.0,0.0,0.0,0.0,331.0,20.29778313018444,134.33333333333334,12.701705922171765,0.6853023288400931,0.018111911394151286,0.43825571520730494,0.018127124488940598
diagnosis_donors,unmatched,cmapss:FD001,diagnosis,marginal_max | random7:3-4-8-10-11-12-14 | circuit,,,,,,,,,,,,,,,,,,,,,,,,,,,,,,,3,"[11, 12, 13]",unmatched,,,,,,,,,,,,,,,,,,,,,,,,,,,,,,,,,,,,,,,,,,,,,,,,,,,,,,,,,,,,,0.10000000000000002,1.6996749443881478e-17,10.0,0.0,28.29757817586263,2.245004494547275,439.54773966471356,35.60609358179823,0.05919545885467858,0.04983276917155656,0.4922305740052071,0.039126533063842193,0.7372509967442745,0.0023479627795145136,0.8067468479968855,0.0035077123932175575,0.5070143103392857,0.019545198782417315,0.4796083181842661,0.019226815930468325,0.9392117084280853,0.0015626058924085805,0.9097957134431306,0.016029490646596357,0.8585122279796623,0.0319184530489087,0.762552991396294,0.019245191036415723,331.0,20.29778313018444,104.66666666666667,11.239810200058244,0.0,0.0,0.0,0.0,331.0,20.29778313018444,121.33333333333333,13.796134724383252,0.6853023288400931,0.018111911394151286,0.46496883976361225,0.014857237631450642
diagnosis_donors,unmatched,cmapss:FD001,diagnosis,conditional_max | random7:3-4-8-10-11-12-14 | circuit,,,,,,,,,,,,,,,,,,,,,,,,,,,,,,,3,"[11, 12, 13]",unmatched,,,,,,,,,,,,,,,,,,,,,,,,,,,,,,,,,,,,,,,,,,,,,,,,,,,,,,,,,,,,,0.10000000000000002,1.6996749443881478e-17,10.0,0.0,27.69428253173828,1.9193951935852285,439.83925374348956,35.88082875837813,0.05447017473949443,0.05014186164989833,0.5103272017180348,0.037829608059034285,0.749628536623029,0.004145903865165323,0.8177492273680631,0.002393260948450288,0.5034714675572366,0.023795019798480768,0.5186243789042136,0.031030304709843172,0.947236635842863,0.004566930741824834,0.9276302130668923,0.007182749143693741,0.8602913156140786,0.03215603386575754,0.7809467357508976,0.006932032215604975,331.0,20.29778313018444,104.66666666666667,11.239810200058244,0.0,0.0,0.0,0.0,331.0,20.29778313018444,113.0,11.357816691600547,0.7063202743721732,0.009385963291652834,0.4840566663143448,0.009081802269758254
diagnosis_donors,unmatched,cmapss:FD001,diagnosis,relational_max | random7:3-4-8-10-11-12-14 | circuit,,,,,,,,,,,,,,,,,,,,,,,,,,,,,,,3,"[11, 12, 13]",unmatched,,,,,,,,,,,,,,,,,,,,,,,,,,,,,,,,,,,,,,,,,,,,,,,,,,,,,,,,,,,,,0.10000000000000002,1.6996749443881478e-17,10.0,0.0,2.0506566365559897,1.064354859591705,11.420369466145834,0.5325601661621748,0.04266735187194274,0.07182531877425666,0.22820004430346172,0.1576987380362324,0.6282573390179077,0.03515252940047284,0.6876211223207215,0.041946957905569654,0.49144787025769454,0.008462603378426957,0.6233541298426286,0.04815885008331001,0.7746648802381282,0.05105623656970697,0.7356482734980782,0.05674294236268372,0.5235722985858734,0.024746250314465888,0.5257173061911754,0.040612682811596856,331.0,20.29778313018444,104.66666666666667,11.239810200058244,0.0,0.0,62.0,107.38715006927039,269.0,88.61151166750288,175.0,72.91776189653656,0.5034906201509888,0.1260414697867459,0.19353963195729373,0.11163709204749771
diagnosis_donors,unmatched,cmapss:FD001,diagnosis,query random7:3-4-8-10-11-12-14 | gaussian_fitted,,,,,,,,,,,,,,,,,,,,,,,,,,,,,,,3,"[11, 12, 13]",unmatched,,,,,,,,,,,,,,,,,,,0.0,0.0,0.13949362800000623,0.006809417541365604,0.0033762923327837293,0.0004051455299282738,871.3333333333334,59.87765303795175,8.0,0.0,8.0,0.0,8.0,0.0,34.0,0.0,2880.0,0.0,0.0,0.0,1.0,0.0,0.0,0.0,1254720.0,86223.82037465053,0.0,0.0,13070.0,898.1647955692764,24414400.0,0.0,8.206956150766386,1.046222975665921,8.214346760403503,1.0480577310346049,3.428810821734793,0.06009937557539967,2.8171037724021204,0.8192383196422591,13.910877577224918,1.1641621995879436,,,,,,,,,,,,,,,,,,,,,,,,,,,,,,,,,,,,,,,,,,,,
diagnosis_donors,unmatched,cmapss:FD001,diagnosis,joint | random7:3-4-8-10-11-12-14 | gaussian_fitted,,,,,,,,,,,,,,,,,,,,,,,,,,,,,,,3,"[11, 12, 13]",unmatched,,,,,,,,,,,,,,,,,,,,,,,,,,,,,,,,,,,,,,,,,,,,,,,,,,,,,,,,,,,,,0.10000000000000002,1.6996749443881478e-17,10.0,0.0,93.99800282496392,4.306032260974371,592.9006867739246,86.12445181497158,0.09536336330498964,0.04983643990164068,0.5809934504580793,0.011000412061180184,0.7749965209655452,0.013001369022253266,0.8380549386824382,0.00991956606557768,0.5040415336212395,0.02463330084295309,0.6388132703443655,0.04211512469714388,0.9633407748612431,0.011407545926915551,0.9326714355544866,0.010089168230677131,0.8487136563588349,0.028112083818347885,0.8028678793597096,0.004244018450094017,331.0,20.29778313018444,104.66666666666667,11.239810200058244,0.0,0.0,0.0,0.0,331.0,20.29778313018444,88.0,5.0,0.7460921866669095,0.01182773865483925,0.5223536882226901,0.017369581417235144
diagnosis_donors,unmatched,cmapss:FD001,diagnosis,independent | random7:3-4-8-10-11-12-14 | gaussian_fitted,,,,,,,,,,,,,,,,,,,,,,,,,,,,,,,3,"[11, 12, 13]",unmatched,,,,,,,,,,,,,,,,,,,,,,,,,,,,,,,,,,,,,,,,,,,,,,,,,,,,,,,,,,,,,0.10000000000000002,1.6996749443881478e-17,10.0,0.0,99.50706163109226,2.957820027519951,344.10722852673024,45.294375835203596,0.13951038600302187,0.11364826835624309,0.5211647841745118,0.06458974113594437,0.7263644464655991,0.0031918136953602368,0.7956797773488621,0.002622092701989642,0.5060802065151354,0.019121880475227632,0.46526394687903344,0.03735682732986922,0.944416523499141,0.015249566505203342,0.877121776075668,0.005923624624550008,0.8475494796108108,0.03311181642317085,0.7566317848583982,0.017641762654595324,331.0,20.29778313018444,104.66666666666667,11.239810200058244,0.0,0.0,0.0,0.0,331.0,20.29778313018444,118.66666666666667,19.295940851208403,0.6718520574679281,0.01636247423006528,0.4480739940704636,0.022886463582075304
diagnosis_donors,unmatched,cmapss:FD001,diagnosis,marginal_max | random7:3-4-8-10-11-12-14 | gaussian_fitted,,,,,,,,,,,,,,,,,,,,,,,,,,,,,,,3,"[11, 12, 13]",unmatched,,,,,,,,,,,,,,,,,,,,,,,,,,,,,,,,,,,,,,,,,,,,,,,,,,,,,,,,,,,,,0.10000000000000002,1.6996749443881478e-17,10.0,0.0,28.13769165873229,3.3069279689969124,228.28449039658483,27.278907187805736,0.07288729385627617,0.06704068264728354,0.49039473412455914,0.05873318952355616,0.7307210999928887,0.0006301571803194862,0.8022565631920829,0.0016197020623059835,0.5077702664353352,0.011504454825660166,0.48527892707128223,0.02383095322727174,0.9502374063709708,0.0031646546931722573,0.8660813839793948,0.025839564009488617,0.8533813808010223,0.03232972568101722,0.7566317848583982,0.017641762654595324,331.0,20.29778313018444,104.66666666666667,11.239810200058244,0.0,0.0,0.0,0.0,331.0,20.29778313018444,122.66666666666667,22.03028218914441,0.6718520574679281,0.01636247423006528,0.4530538813517658,0.025478528727983653
diagnosis_donors,unmatched,cmapss:FD001,diagnosis,conditional_max | random7:3-4-8-10-11-12-14 | gaussian_fitted,,,,,,,,,,,,,,,,,,,,,,,,,,,,,,,3,"[11, 12, 13]",unmatched,,,,,,,,,,,,,,,,,,,,,,,,,,,,,,,,,,,,,,,,,,,,,,,,,,,,,,,,,,,,,0.10000000000000002,1.6996749443881478e-17,10.0,0.0,26.504062470103833,2.6332129247419527,398.0297775271253,46.76420979724393,0.11588931100017696,0.09585911993973549,0.5915644022090176,0.031625178300792006,0.7760998045215292,0.014547907741113923,0.840035023610269,0.008758213106800531,0.5116640899508442,0.005219838325712397,0.6364451335892688,0.07423720825401443,0.9559429097217983,0.0071070204136750685,0.9345653781973043,0.010092597042997881,0.8535455085529593,0.031655124435870936,0.8028678793597096,0.004244018450094017,331.0,20.29778313018444,104.66666666666667,11.239810200058244,0.0,0.0,0.0,0.0,331.0,20.29778313018444,83.33333333333333,5.507570547286102,0.7460921866669095,0.01182773865483925,0.5370515033816824,0.0170273345713967
diagnosis_donors,unmatched,cmapss:FD001,diagnosis,relational_max | random7:3-4-8-10-11-12-14 | gaussian_fitted,,,,,,,,,,,,,,,,,,,,,,,,,,,,,,,3,"[11, 12, 13]",unmatched,,,,,,,,,,,,,,,,,,,,,,,,,,,,,,,,,,,,,,,,,,,,,,,,,,,,,,,,,,,,,0.10000000000000002,1.6996749443881478e-17,10.0,0.0,1.570579355357901,0.6045735176569964,394.17297117408935,64.06298351462155,0.15879203007451811,0.08072727630712517,0.5871104059274307,0.0708862596148516,0.7567495758260475,0.022355374992368206,0.8231391308307537,0.018013897277225153,0.4842073012690024,0.005150594001829129,0.69399434609879,0.060546135352947034,0.9653108747214545,0.007389240165214857,0.9345249082046966,0.006691062828783805,0.720029856620501,0.035638672392902325,0.7471307544618596,0.029839876928218545,331.0,20.29778313018444,104.66666666666667,11.239810200058244,0.0,0.0,0.0,0.0,331.0,20.29778313018444,91.33333333333333,23.860706890897706,0.6997909829244029,0.035950903998493336,0.4813594197299433,0.05104691263515776
diagnosis_donors,unmatched,cmapss:FD001,diagnosis,query random7:3-4-8-10-11-12-14 | gmm_fitted,,,,,,,,,,,,,,,,,,,,,,,,,,,,,,,3,"[11, 12, 13]",unmatched,,,,,,,,,,,,,,,,,,,0.0,0.0,0.36025822899925214,0.15237639353705779,0.006568410000909353,0.0022278004148783594,871.3333333333334,59.87765303795175,8.0,0.0,8.0,0.0,8.0,0.0,34.0,0.0,2880.0,0.0,0.0,0.0,1.0,0.0,0.0,0.0,1254720.0,86223.82037465053,0.0,0.0,13070.0,898.1647955692764,65106496.0,28191939.74369497,6.27654482040161,1.515038227597377,6.432334189710609,1.3447240237565625,3.592226663498837,0.09567464216255517,0.35065616018182905,1.3873485167715633,12.145764193637907,1.5598802462949979,,,,,,,,,,,,,,,,,,,,,,,,,,,,,,,,,,,,,,,,,,,,
diagnosis_donors,unmatched,cmapss:FD001,diagnosis,joint | random7:3-4-8-10-11-12-14 | gmm_fitted,,,,,,,,,,,,,,,,,,,,,,,,,,,,,,,3,"[11, 12, 13]",unmatched,,,,,,,,,,,,,,,,,,,,,,,,,,,,,,,,,,,,,,,,,,,,,,,,,,,,,,,,,,,,,0.10000000000000002,1.6996749443881478e-17,10.0,0.0,96.8167746004586,3.7487410810286104,623.7158125427117,101.28032668349972,0.09602985907530497,0.06264789088684872,0.5842442473331868,0.023352804962049487,0.7744350256394922,0.01188982742919645,0.837785978576969,0.009076570851126375,0.5058162914110805,0.024362310311436857,0.6351745482837216,0.04199877887052183,0.9656875390981475,0.010315301150827533,0.9332042651037972,0.011505183509539623,0.8447067864949966,0.028517024270529354,0.8060899422315962,0.003581958129426162,331.0,20.29778313018444,104.66666666666667,11.239810200058244,0.0,0.0,0.0,0.0,331.0,20.29778313018444,86.33333333333333,5.131601439446884,0.7552236347456196,0.008585634900117056,0.5247366799050593,0.01832790985139623
diagnosis_donors,unmatched,cmapss:FD001,diagnosis,independent | random7:3-4-8-10-11-12-14 | gmm_fitted,,,,,,,,,,,,,,,,,,,,,,,,,,,,,,,3,"[11, 12, 13]",unmatched,,,,,,,,,,,,,,,,,,,,,,,,,,,,,,,,,,,,,,,,,,,,,,,,,,,,,,,,,,,,,0.10000000000000002,1.6996749443881478e-17,10.0,0.0,100.41720589934054,4.019340776977872,360.9733034213082,49.94620460740523,0.13659008323300262,0.12708783547596525,0.5143890273203331,0.07991833541446455,0.7271111925150407,0.0029072525552445616,0.7960546595792728,0.003425835793715335,0.5046085228467755,0.020482629071590642,0.4633435049551611,0.03674031491093214,0.9452493381296904,0.0158521236923672,0.8839692766201788,0.00520447488708125,0.8468321740634185,0.032120345611163816,0.7577605241505454,0.01749385660400348,331.0,20.29778313018444,104.66666666666667,11.239810200058244,0.0,0.0,0.0,0.0,331.0,20.29778313018444,121.0,22.9128784747792,0.6729921011228105,0.01636082305494499,0.44491443640853623,0.02584578070196066
diagnosis_donors,unmatched,cmapss:FD001,diagnosis,marginal_max | random7:3-4-8-10-11-12-14 | gmm_fitted,,,,,,,,,,,,,,,,,,,,,,,,,,,,,,,3,"[11, 12, 13]",unmatched,,,,,,,,,,,,,,,,,,,,,,,,,,,,,,,,,,,,,,,,,,,,,,,,,,,,,,,,,,,,,0.10000000000000002,1.6996749443881478e-17,10.0,0.0,28.080227126460585,3.3529957949541838,243.56257805209398,29.001723764365952,0.07491241561992651,0.0653814057424953,0.4972504315942807,0.05732571661340972,0.7311547237611656,0.0011620491725199478,0.8030800017090923,0.0008905169630745374,0.5052329362294307,0.012715338073096966,0.48337666403716434,0.026497421084735753,0.9502127579161739,0.003736494043960719,0.8725851865646704,0.022479335892303654,0.853550504413965,0.03411667447617586,0.7577605241505454,0.01749385660400348,331.0,20.29778313018444,104.66666666666667,11.239810200058244,0.0,0.0,0.0,0.0,331.0,20.29778313018444,120.66666666666667,22.052966542697455,0.6729921011228105,0.01636082305494499,0.4571239682942722,0.022382481643776923
diagnosis_donors,unmatched,cmapss:FD001,diagnosis,conditional_max | random7:3-4-8-10-11-12-14 | gmm_fitted,,,,,,,,,,,,,,,,,,,,,,,,,,,,,,,3,"[11, 12, 13]",unmatched,,,,,,,,,,,,,,,,,,,,,,,,,,,,,,,,,,,,,,,,,,,,,,,,,,,,,,,,,,,,,0.10000000000000002,1.6996749443881478e-17,10.0,0.0,26.907403500138546,2.8687782780398203,414.80986599527915,69.34232948695039,0.14381826995387015,0.127338061937046,0.6057221525002906,0.05585051218656526,0.7748632593259425,0.01301338443380088,0.8393030765929975,0.008454833391501099,0.5080964110808853,0.007177328287348822,0.6340987971320622,0.07280104934668863,0.9569829730592835,0.009040830057842215,0.9343043809450363,0.009832876842705026,0.8527972924867355,0.029362362705262227,0.8060899422315962,0.003581958129426162,331.0,20.29778313018444,104.66666666666667,11.239810200058244,0.0,0.0,0.0,0.0,331.0,20.29778313018444,79.33333333333333,11.718930554164631,0.7552236347456196,0.008585634900117056,0.5391791629561505,0.017259364679832512
diagnosis_donors,unmatched,cmapss:FD001,diagnosis,relational_max | random7:3-4-8-10-11-12-14 | gmm_fitted,,,,,,,,,,,,,,,,,,,,,,,,,,,,,,,3,"[11, 12, 13]",unmatched,,,,,,,,,,,,,,,,,,,,,,,,,,,,,,,,,,,,,,,,,,,,,,,,,,,,,,,,,,,,,0.10000000000000002,1.6996749443881478e-17,10.0,0.0,2.695569793408675,0.7070851138037652,407.1658561451913,83.96845887298262,0.17115334383819436,0.057346763126663765,0.5977600023974086,0.05903397360538532,0.7601663768796146,0.016157128726084723,0.8266436051246434,0.013719976157479904,0.48944267222472676,0.02744010465004216,0.6732024827300522,0.05724888751827047,0.9706487632120154,0.004383971326989375,0.9353089713245343,0.006770363099271115,0.7463909190192526,0.011465374109969605,0.7560216719844437,0.027233814945403244,331.0,20.29778313018444,104.66666666666667,11.239810200058244,0.0,0.0,0.0,0.0,331.0,20.29778313018444,87.0,15.524174696260024,0.7146310172306118,0.04898800000229301,0.49174513927445185,0.04450152233310424
diagnosis_donors,unmatched,cmapss:FD001,diagnosis,query bank0:0-1-2-4-5-7-8 | circuit,,,,,,,,,,,,,,,,,,,,,,,,,,,,,,,3,"[11, 12, 13]",unmatched,,,,,,,,,,,,,,,,,,,2.6067097981770832e-05,7.221105379486432e-06,1.3438248253332858,0.2023418070014732,0.6748441220006498,0.018974014690341042,871.3333333333334,59.87765303795175,8.0,0.0,8.0,0.0,8.0,0.0,6.0,0.0,50324.0,0.0,240.0,0.0,2.0,0.0,1.3248213333333332,0.1969042354809396,21924489.333333332,1506641.505740942,209120.0,14370.636729108423,13070.0,898.1647955692764,245760.0,0.0,2.182153105735779,0.6190098906614351,2.2416369915008545,0.665876878865826,0.9010889728864034,0.5218808293435226,0.4379289696613948,0.44088717327416205,3.2913554112116494,1.4432451290220347,,,,,,,,,,,,,,,,,,,,,,,,,,,,,,,,,,,,,,,,,,,,
diagnosis_donors,unmatched,cmapss:FD001,diagnosis,joint | bank0:0-1-2-4-5-7-8 | circuit,,,,,,,,,,,,,,,,,,,,,,,,,,,,,,,3,"[11, 12, 13]",unmatched,,,,,,,,,,,,,,,,,,,,,,,,,,,,,,,,,,,,,,,,,,,,,,,,,,,,,,,,,,,,,0.10000000000000002,1.6996749443881478e-17,10.0,0.0,-43.46777089436849,7.2189931511284975,816.0904744466146,217.17672404012453,0.06724860519014648,0.00902814094329172,0.47177067653491855,0.03676132971866486,0.7344481733164092,0.01051982452079446,0.7972179901079935,0.011379181994580654,0.5262867381879048,0.019161738230196613,0.5313649975770421,0.011089794434461911,0.9515972643443154,0.023373590227903158,0.9340684551451747,0.020325945703821235,0.735155893844538,0.016684842103440737,0.7441359528171835,0.0022854940305127077,329.3333333333333,35.64173583501978,106.33333333333333,7.571877794400366,0.0,0.0,0.0,0.0,329.3333333333333,35.64173583501978,129.66666666666666,20.108041509140897,0.6849465215655292,0.0071278684509847425,0.42443902867697475,0.013481852755018158
diagnosis_donors,unmatched,cmapss:FD001,diagnosis,independent | bank0:0-1-2-4-5-7-8 | circuit,,,,,,,,,,,,,,,,,,,,,,,,,,,,,,,3,"[11, 12, 13]",unmatched,,,,,,,,,,,,,,,,,,,,,,,,,,,,,,,,,,,,,,,,,,,,,,,,,,,,,,,,,,,,,0.10000000000000002,1.6996749443881478e-17,10.0,0.0,-40.45332590738932,6.219400276994599,811.6268920898438,221.68596070133532,0.06644539233874087,0.010302185313911548,0.45941515380874104,0.03017467890755133,0.7289671055938031,0.009581295161397257,0.7929401491264926,0.01057820261552511,0.5261892373204341,0.018605735966737116,0.5160416707254014,0.01771656962445839,0.9481514161956265,0.02401706598824155,0.9251154206189781,0.01913662159112885,0.7354220414749076,0.016965393024570723,0.7361868311925642,0.0007286323514435343,329.3333333333333,35.64173583501978,106.33333333333333,7.571877794400366,0.0,0.0,0.0,0.0,329.3333333333333,35.64173583501978,134.33333333333334,18.823743871327334,0.6710438843155412,0.0029523898789787337,0.41525638704864837,0.009135548119213499
diagnosis_donors,unmatched,cmapss:FD001,diagnosis,marginal_max | bank0:0-1-2-4-5-7-8 | circuit,,,,,,,,,,,,,,,,,,,,,,,,,,,,,,,3,"[11, 12, 13]",unmatched,,,,,,,,,,,,,,,,,,,,,,,,,,,,,,,,,,,,,,,,,,,,,,,,,,,,,,,,,,,,,0.10000000000000002,1.6996749443881478e-17,10.0,0.0,28.323476791381836,2.47367057817747,504.48451741536456,77.98691705079928,0.03917033466122228,0.0327584746608407,0.45882730275746525,0.03918195494320695,0.7296749215607997,0.017494986638096684,0.8002231829111016,0.016243717596777656,0.5137005241228119,0.0275962770147993,0.509266587863978,0.02984003194648925,0.9476006617952101,0.019105602980766134,0.9476949230461506,0.024814578712807785,0.7357962778902664,0.02462477852982482,0.7361868311925642,0.0007286323514435343,329.3333333333333,35.64173583501978,106.33333333333333,7.571877794400366,0.0,0.0,0.0,0.0,329.3333333333333,35.64173583501978,133.0,19.0,0.6710438843155412,0.0029523898789787337,0.4399646787209339,0.02836810955540045
diagnosis_donors,unmatched,cmapss:FD001,diagnosis,conditional_max | bank0:0-1-2-4-5-7-8 | circuit,,,,,,,,,,,,,,,,,,,,,,,,,,,,,,,3,"[11, 12, 13]",unmatched,,,,,,,,,,,,,,,,,,,,,,,,,,,,,,,,,,,,,,,,,,,,,,,,,,,,,,,,,,,,,0.10000000000000002,1.6996749443881478e-17,10.0,0.0,27.828702290852863,2.5114418857463647,504.4477030436198,78.6315518138294,0.034404351296483705,0.028240433232629876,0.46806323812948686,0.03431736946941712,0.7361667734994765,0.015056242339481269,0.8058989283356671,0.014668558499824362,0.5162598419580302,0.025304826298769786,0.5315078487374015,0.015241754722665111,0.9531125769454961,0.02051736268979478,0.9513156166717541,0.02541452226812947,0.7344831213467636,0.02635972796789665,0.7441359528171835,0.0022854940305127077,329.3333333333333,35.64173583501978,106.33333333333333,7.571877794400366,0.0,0.0,0.0,0.0,329.3333333333333,35.64173583501978,128.66666666666666,18.903262505010435,0.6849465215655292,0.0071278684509847425,0.45079371635984294,0.023122679774073337
diagnosis_donors,unmatched,cmapss:FD001,diagnosis,relational_max | bank0:0-1-2-4-5-7-8 | circuit,,,,,,,,,,,,,,,,,,,,,,,,,,,,,,,3,"[11, 12, 13]",unmatched,,,,,,,,,,,,,,,,,,,,,,,,,,,,,,,,,,,,,,,,,,,,,,,,,,,,,,,,,,,,,0.10000000000000002,1.6996749443881478e-17,10.0,0.0,2.196943918863932,1.435873808499992,11.583422342936197,1.2195120132730712,0.03245208321437409,0.04616931016093962,0.19464017206265818,0.10679514700120474,0.6263086507724701,0.021648045580930225,0.6759246973268592,0.018008004850506524,0.5018636858703928,0.033409842369478145,0.5454485024194763,0.024620889756206247,0.8271564673473607,0.025596528669771686,0.7476107406954754,0.052796688124047406,0.5193601285220856,0.039721282467432534,0.5223573322468683,0.007856085901652704,329.3333333333333,35.64173583501978,106.33333333333333,7.571877794400366,0.0,0.0,140.33333333333334,45.70922591045853,189.0,13.0,108.0,26.664583251946766,0.6320196503777362,0.09932279915290303,0.1574494812971762,0.06543811832459911
diagnosis_donors,unmatched,cmapss:FD001,diagnosis,query bank0:0-1-2-4-5-7-8 | gaussian_fitted,,,,,,,,,,,,,,,,,,,,,,,,,,,,,,,3,"[11, 12, 13]",unmatched,,,,,,,,,,,,,,,,,,,0.0,0.0,0.14047114300046815,0.012780640121772224,0.0032286956666212063,0.0002379486463075852,871.3333333333334,59.87765303795175,8.0,0.0,8.0,0.0,8.0,0.0,34.0,0.0,2880.0,0.0,0.0,0.0,1.0,0.0,0.0,0.0,1254720.0,86223.82037465053,0.0,0.0,13070.0,898.1647955692764,25883840.0,0.0,7.0853877103074465,0.9367896348331051,7.130266351697705,0.927297892316667,3.075496676427605,0.3730533680633804,1.7922944349901488,0.5412025561525872,12.14466758520279,1.6572619912796371,,,,,,,,,,,,,,,,,,,,,,,,,,,,,,,,,,,,,,,,,,,,
diagnosis_donors,unmatched,cmapss:FD001,diagnosis,joint | bank0:0-1-2-4-5-7-8 | gaussian_fitted,,,,,,,,,,,,,,,,,,,,,,,,,,,,,,,3,"[11, 12, 13]",unmatched,,,,,,,,,,,,,,,,,,,,,,,,,,,,,,,,,,,,,,,,,,,,,,,,,,,,,,,,,,,,,0.10000000000000002,1.6996749443881478e-17,10.0,0.0,112.94152170348205,9.999773628534605,704.5469296123642,126.8271598545851,0.029756254016772954,0.015282956228411967,0.4452174332096967,0.03718374045554322,0.7618231436573394,0.011346501243195981,0.820565186054585,0.006146754842309483,0.5212411268208268,0.004610174426954735,0.6299124639267341,0.0401907856008777,0.9638366461603924,0.015559509941052945,0.9501455911382344,0.021790466554816455,0.7544421134106125,0.01914388970956355,0.7911667896968897,0.006314152541524776,329.3333333333333,35.64173583501978,106.33333333333333,7.571877794400366,0.0,0.0,0.0,0.0,329.3333333333333,35.64173583501978,138.33333333333334,29.501412395567325,0.7537949724324831,0.00630088104169843,0.4241766096350716,0.0364052874864052
diagnosis_donors,unmatched,cmapss:FD001,diagnosis,independent | bank0:0-1-2-4-5-7-8 | gaussian_fitted,,,,,,,,,,,,,,,,,,,,,,,,,,,,,,,3,"[11, 12, 13]",unmatched,,,,,,,,,,,,,,,,,,,,,,,,,,,,,,,,,,,,,,,,,,,,,,,,,,,,,,,,,,,,,0.10000000000000002,1.6996749443881478e-17,10.0,0.0,119.43171941467382,12.975299272464078,368.4535411831473,66.41428945782049,0.03137600315550799,0.010573545446127548,0.3253534456470634,0.03933064881703567,0.7204570564949302,0.003377784323646971,0.7758230181914252,0.0052694495068019345,0.5251729281167049,0.004030850328555725,0.5110913101710092,0.025343965408397288,0.932455288193497,0.02647694474193015,0.8873796976683939,0.011566840937891131,0.7527984166944507,0.015878257210932414,0.7618329897198227,0.008830221237686993,329.3333333333333,35.64173583501978,106.33333333333333,7.571877794400366,0.0,0.0,0.0,0.0,329.3333333333333,35.64173583501978,191.33333333333334,41.52509281546922,0.6814085627794627,0.003379148256196636,0.2997079778223512,0.045820288353686775
diagnosis_donors,unmatched,cmapss:FD001,diagnosis,marginal_max | bank0:0-1-2-4-5-7-8 | gaussian_fitted,,,,,,,,,,,,,,,,,,,,,,,,,,,,,,,3,"[11, 12, 13]",unmatched,,,,,,,,,,,,,,,,,,,,,,,,,,,,,,,,,,,,,,,,,,,,,,,,,,,,,,,,,,,,,0.10000000000000002,1.6996749443881478e-17,10.0,0.0,52.42989189452059,5.537974066128937,243.5757601669045,16.753579778439246,0.02423759776425456,0.022527446782545688,0.25120568995757153,0.005835259736643906,0.724629744234171,0.011352811732126548,0.7719592329913344,0.012782196472010525,0.5006408624219195,0.014300754842001358,0.5246790802759295,0.025354374735102853,0.942461063453528,0.02169353373205048,0.8899539433201556,0.017672276461847585,0.7740319405090713,0.02339543962093846,0.7618329897198227,0.008830221237686993,329.3333333333333,35.64173583501978,106.33333333333333,7.571877794400366,0.0,0.0,0.0,0.0,329.3333333333333,35.64173583501978,221.66666666666666,31.895663237081827,0.6814085627794627,0.003379148256196636,0.23431562288277843,0.02098207804498466
diagnosis_donors,unmatched,cmapss:FD001,diagnosis,conditional_max | bank0:0-1-2-4-5-7-8 | gaussian_fitted,,,,,,,,,,,,,,,,,,,,,,,,,,,,,,,3,"[11, 12, 13]",unmatched,,,,,,,,,,,,,,,,,,,,,,,,,,,,,,,,,,,,,,,,,,,,,,,,,,,,,,,,,,,,,0.10000000000000002,1.6996749443881478e-17,10.0,0.0,52.23299699910293,4.844208151842202,401.37220272253666,75.76494015950058,0.02148138788895625,0.01673983148360811,0.4212927944509712,0.008193912543126536,0.7605814694899492,0.012900142000879624,0.8188268094241998,0.0035359571376256628,0.49892163237782144,0.02390135026990331,0.6266922775774294,0.04900483854421394,0.9680438773479164,0.011344883384550832,0.9503294336425089,0.020553527516876592,0.7709535621087622,0.02276461426010555,0.7911667896968897,0.006314152541524776,329.3333333333333,35.64173583501978,106.33333333333333,7.571877794400366,0.0,0.0,0.0,0.0,329.3333333333333,35.64173583501978,147.0,20.952326839756964,0.7537949724324831,0.00630088104169843,0.408029496224284,0.0052843491588178675
diagnosis_donors,unmatched,cmapss:FD001,diagnosis,relational_max | bank0:0-1-2-4-5-7-8 | gaussian_fitted,,,,,,,,,,,,,,,,,,,,,,,,,,,,,,,3,"[11, 12, 13]",unmatched,,,,,,,,,,,,,,,,,,,,,,,,,,,,,,,,,,,,,,,,,,,,,,,,,,,,,,,,,,,,,0.10000000000000002,1.6996749443881478e-17,10.0,0.0,2.337114157754176,1.0758349845248039,385.849936809231,62.28270833352456,0.08970523619131159,0.10131586165000218,0.5367304045262425,0.0751812358810944,0.7526798485390375,0.010998530384215818,0.8187436477460106,0.009519475603387794,0.5027593256093347,0.04851312200910783,0.6764200845548008,0.057885059219404726,0.9794497810377388,0.003989297244967215,0.95944245781928,0.02866892297697644,0.6589301516134415,0.024467599941970456,0.7418946892170983,0.01724894395981152,329.3333333333333,35.64173583501978,106.33333333333333,7.571877794400366,0.0,0.0,0.0,0.0,329.3333333333333,35.64173583501978,104.66666666666667,5.033222956847166,0.7011206825756867,0.0335438016703376,0.4697468506677714,0.02511829879725571
diagnosis_donors,unmatched,cmapss:FD001,diagnosis,query bank0:0-1-2-4-5-7-8 | gmm_fitted,,,,,,,,,,,,,,,,,,,,,,,,,,,,,,,3,"[11, 12, 13]",unmatched,,,,,,,,,,,,,,,,,,,0.0,0.0,0.35499609300071217,0.1522277626550762,0.006510573666067406,0.0021494048702938163,871.3333333333334,59.87765303795175,8.0,0.0,8.0,0.0,8.0,0.0,34.0,0.0,2880.0,0.0,0.0,0.0,1.0,0.0,0.0,0.0,1254720.0,86223.82037465053,0.0,0.0,13070.0,898.1647955692764,69025194.66666667,29888786.04124974,5.028600554566942,1.6433158772178245,6.2485799764047885,0.577019458092869,4.957594533405975,1.6847109121454908,-5.04447492802143,6.58088490946142,11.02237113747667,1.4945315799333625,,,,,,,,,,,,,,,,,,,,,,,,,,,,,,,,,,,,,,,,,,,,
diagnosis_donors,unmatched,cmapss:FD001,diagnosis,joint | bank0:0-1-2-4-5-7-8 | gmm_fitted,,,,,,,,,,,,,,,,,,,,,,,,,,,,,,,3,"[11, 12, 13]",unmatched,,,,,,,,,,,,,,,,,,,,,,,,,,,,,,,,,,,,,,,,,,,,,,,,,,,,,,,,,,,,,0.10000000000000002,1.6996749443881478e-17,10.0,0.0,103.41265950069958,7.325926830559342,835.5713751509484,164.6190422954943,0.044602084854493095,0.021199674856613088,0.39289257463452687,0.03362169104008886,0.7481048124533373,0.013240293926684679,0.8003915665080178,0.006898020354927002,0.5169952945591595,0.004284678253314395,0.6141703997428315,0.04444775448936669,0.9522666489468219,0.01276255140221102,0.9275717823699962,0.019638899315740626,0.7392840961156638,0.03624751837691764,0.7902532487871943,0.012164648994874499,329.3333333333333,35.64173583501978,106.33333333333333,7.571877794400366,0.0,0.0,0.0,0.0,329.3333333333333,35.64173583501978,162.66666666666666,27.5922694487665,0.7521267341200057,0.014084204185077921,0.371421756401425,0.025302128827809228
diagnosis_donors,unmatched,cmapss:FD001,diagnosis,independent | bank0:0-1-2-4-5-7-8 | gmm_fitted,,,,,,,,,,,,,,,,,,,,,,,,,,,,,,,3,"[11, 12, 13]",unmatched,,,,,,,,,,,,,,,,,,,,,,,,,,,,,,,,,,,,,,,,,,,,,,,,,,,,,,,,,,,,,0.10000000000000002,1.6996749443881478e-17,10.0,0.0,102.20980176278476,12.053032161913595,399.9525213137064,80.18905956361857,0.03711986192222758,0.015329856910389307,0.2868166018920899,0.044112539470192585,0.7088507315914286,0.007518815931153337,0.7551385131016978,0.00440495157563683,0.5207719946398263,0.005730236485168145,0.5067933536875153,0.027656475656987967,0.913087247211978,0.018687802225465105,0.8695778028719773,0.015907921033112123,0.7402368898282939,0.02907022945891293,0.7641521658686176,0.005945909370293304,329.3333333333333,35.64173583501978,106.33333333333333,7.571877794400366,0.0,0.0,0.0,0.0,329.3333333333333,35.64173583501978,209.0,40.0374824383352,0.6894816966978446,0.014079693204430532,0.2614503592670571,0.0365381565666348
diagnosis_donors,unmatched,cmapss:FD001,diagnosis,marginal_max | bank0:0-1-2-4-5-7-8 | gmm_fitted,,,,,,,,,,,,,,,,,,,,,,,,,,,,,,,3,"[11, 12, 13]",unmatched,,,,,,,,,,,,,,,,,,,,,,,,,,,,,,,,,,,,,,,,,,,,,,,,,,,,,,,,,,,,,0.10000000000000002,1.6996749443881478e-17,10.0,0.0,36.34149232018932,2.341241413528671,272.682597637379,26.343903832093876,0.029846764288170125,0.01656365274770624,0.3969051561697025,0.012515556714352534,0.7333041122627212,0.011596572267260047,0.7939710715607409,0.0018781342756176286,0.5021955744866295,0.018836157251410447,0.5245162114689155,0.023347867267367404,0.9547878153170757,0.013028123931030073,0.9121384678239113,0.016808526908964023,0.7801858703617136,0.025931938246122395,0.7641521658686176,0.005945909370293304,329.3333333333333,35.64173583501978,106.33333333333333,7.571877794400366,0.0,0.0,0.0,0.0,329.3333333333333,35.64173583501978,158.66666666666666,22.143471573656495,0.6894816966978446,0.014079693204430532,0.3794644545713357,0.011178718048488273
diagnosis_donors,unmatched,cmapss:FD001,diagnosis,conditional_max | bank0:0-1-2-4-5-7-8 | gmm_fitted,,,,,,,,,,,,,,,,,,,,,,,,,,,,,,,3,"[11, 12, 13]",unmatched,,,,,,,,,,,,,,,,,,,,,,,,,,,,,,,,,,,,,,,,,,,,,,,,,,,,,,,,,,,,,0.10000000000000002,1.6996749443881478e-17,10.0,0.0,41.216271918679375,2.914489427219788,495.8061211760774,72.22861808494231,0.026501974419812963,0.007542604425325012,0.5095787404938904,0.0334842313275105,0.7649563012053897,0.017231592552036594,0.8284877977817265,0.012907535472138429,0.49317363802922065,0.011601122097131227,0.6344771125681148,0.05804774475517105,0.9742400294593762,0.007483817576753615,0.9558493079152911,0.02363151211322424,0.7793627263408608,0.027597018719010817,0.7902532487871943,0.012164648994874499,329.3333333333333,35.64173583501978,106.33333333333333,7.571877794400366,0.0,0.0,0.0,0.0,329.3333333333333,35.64173583501978,109.33333333333333,5.033222956847166,0.7521267341200057,0.014084204185077921,0.4944270375846433,0.030581614231680484
diagnosis_donors,unmatched,cmapss:FD001,diagnosis,relational_max | bank0:0-1-2-4-5-7-8 | gmm_fitted,,,,,,,,,,,,,,,,,,,,,,,,,,,,,,,3,"[11, 12, 13]",unmatched,,,,,,,,,,,,,,,,,,,,,,,,,,,,,,,,,,,,,,,,,,,,,,,,,,,,,,,,,,,,,0.10000000000000002,1.6996749443881478e-17,10.0,0.0,10.60502712820897,7.199168891564339,451.0971768580832,73.0129929403077,0.03252781216628134,0.010095390478947776,0.4761144811169656,0.057542434226076924,0.753512822520012,0.015532934613284845,0.8172138953287864,0.01704373616626683,0.4959981767534964,0.011830328792855772,0.6734625033652891,0.0626434444167623,0.9729560572973823,0.005592859175745028,0.9553608276198767,0.02549358154322651,0.6824279508517052,0.03001692724004309,0.7510839955967398,0.0061216511932025985,329.3333333333333,35.64173583501978,106.33333333333333,7.571877794400366,0.0,0.0,0.0,0.0,329.3333333333333,35.64173583501978,124.0,11.0,0.7173686684620243,0.015834325695756025,0.4458510456062426,0.04941471682642783
diagnosis_donors,unmatched,cmapss:FD001,diagnosis,query bank1:3 | circuit,,,,,,,,,,,,,,,,,,,,,,,,,,,,,,,3,"[11, 12, 13]",unmatched,,,,,,,,,,,,,,,,,,,3.5921732584635414e-05,5.422821715428664e-06,1.2274234663333725,0.2132780962449097,0.6095049193318118,0.10533654536891615,871.3333333333334,59.87765303795175,14.0,0.0,14.0,0.0,14.0,0.0,6.0,0.0,50324.0,0.0,240.0,0.0,2.0,0.0,1.2081206666666666,0.2052295719001853,21924489.333333332,1506641.505740942,209120.0,14370.636729108423,13070.0,898.1647955692764,245760.0,0.0,6.949141343434651,1.945685831861418,6.958476702372233,1.9544991713001185,1.8644667267799377,0.9382556298599299,2.898872137069702,0.5391140938610959,9.230279763539633,2.576147210104862,,,,,,,,,,,,,,,,,,,,,,,,,,,,,,,,,,,,,,,,,,,,
diagnosis_donors,unmatched,cmapss:FD001,diagnosis,joint | bank1:3 | circuit,,,,,,,,,,,,,,,,,,,,,,,,,,,,,,,3,"[11, 12, 13]",unmatched,,,,,,,,,,,,,,,,,,,,,,,,,,,,,,,,,,,,,,,,,,,,,,,,,,,,,,,,,,,,,0.10000000000000002,1.6996749443881478e-17,10.0,0.0,137.73416900634766,23.93204666307793,689.0575154622396,149.2200866728768,0.07608961610280994,0.06339951683629276,0.5520550691219045,0.08229916411394238,0.7912331813668634,0.00897298113149937,0.8417808238135457,0.011815320400499284,0.5247449568568315,0.004453045081773443,0.5387114880161381,0.0037545878424944594,0.9905878544589254,0.005477307559604311,0.9887381577174121,0.0034603551955701,0.9234439278144552,0.04262256782518486,0.7087009735147668,0.003941406340941354,425.0,28.160255680657446,10.666666666666666,2.5166114784235836,0.0,0.0,0.0,0.0,425.0,28.160255680657446,186.33333333333334,43.84442191811102,0.656411026889008,0.003671210644913698,0.5184939009845979,0.05159834771073384
diagnosis_donors,unmatched,cmapss:FD001,diagnosis,independent | bank1:3 | circuit,,,,,,,,,,,,,,,,,,,,,,,,,,,,,,,3,"[11, 12, 13]",unmatched,,,,,,,,,,,,,,,,,,,,,,,,,,,,,,,,,,,,,,,,,,,,,,,,,,,,,,,,,,,,,0.10000000000000002,1.6996749443881478e-17,10.0,0.0,145.33380126953125,22.706434160167323,688.5291341145834,144.29114050892278,0.08082895259570094,0.0716074969217591,0.5381338199424702,0.08243220061577812,0.7769171585974811,0.005550521024315964,0.8319103300509544,0.009376017305565865,0.5232116509525042,0.0056844566570378825,0.48266075526578894,0.03312306399851521,0.9858743916775894,0.005558889430219633,0.9800944510272153,0.0054516314870482205,0.9212295999942465,0.043237261220811306,0.6803000260589304,0.005567382608328382,425.0,28.160255680657446,10.666666666666666,2.5166114784235836,0.0,0.0,0.0,0.0,425.0,28.160255680657446,192.33333333333334,43.66157731156002,0.6337952849926163,0.012651283556391493,0.5069423200516091,0.05421577463585848
diagnosis_donors,unmatched,cmapss:FD001,diagnosis,marginal_max | bank1:3 | circuit,,,,,,,,,,,,,,,,,,,,,,,,,,,,,,,3,"[11, 12, 13]",unmatched,,,,,,,,,,,,,,,,,,,,,,,,,,,,,,,,,,,,,,,,,,,,,,,,,,,,,,,,,,,,,0.10000000000000002,1.6996749443881478e-17,10.0,0.0,30.06584358215332,1.1284432933422985,501.8612772623698,78.21678110392722,0.028766351075371368,0.016824045960309904,0.5722134276745988,0.015977196479598874,0.7880842206643969,0.004122894694493334,0.8497260746977643,0.0038708433622485286,0.5207223070348225,0.0070475366417450955,0.4854893330953673,0.002087525470967428,0.9880199023402433,0.0033357277708458465,0.9933066026743762,0.0075722672001811405,0.95964105540711,0.02043056854967217,0.6803000260589304,0.005567382608328382,425.0,28.160255680657446,10.666666666666666,2.5166114784235836,0.0,0.0,0.0,0.0,425.0,28.160255680657446,175.66666666666666,13.051181300301263,0.6337952849926163,0.012651283556391493,0.5651858214343711,0.011321766466743842
diagnosis_donors,unmatched,cmapss:FD001,diagnosis,conditional_max | bank1:3 | circuit,,,,,,,,,,,,,,,,,,,,,,,,,,,,,,,3,"[11, 12, 13]",unmatched,,,,,,,,,,,,,,,,,,,,,,,,,,,,,,,,,,,,,,,,,,,,,,,,,,,,,,,,,,,,,0.10000000000000002,1.6996749443881478e-17,10.0,0.0,29.235809326171875,1.091293447371263,502.1044616699219,78.60530256031548,0.0303861002141064,0.021719241607148526,0.5861886995395112,0.01330320376199834,0.8022068535074004,0.002825777322215401,0.8592399958188309,0.0020826745599361505,0.5224027246245865,0.0089980933708492,0.5423333861136305,0.005185865221511456,0.9962513624361972,0.002320462044140478,0.9995215788044393,0.00015536231014438707,0.9594442362673204,0.020535450315533738,0.7087009735147668,0.003941406340941354,425.0,28.160255680657446,10.666666666666666,2.5166114784235836,0.0,0.0,0.0,0.0,425.0,28.160255680657446,169.66666666666666,13.650396819628847,0.656411026889008,0.003671210644913698,0.5791477698633599,0.005056356667247954
diagnosis_donors,unmatched,cmapss:FD001,diagnosis,relational_max | bank1:3 | circuit,,,,,,,,,,,,,,,,,,,,,,,,,,,,,,,3,"[11, 12, 13]",unmatched,,,,,,,,,,,,,,,,,,,,,,,,,,,,,,,,,,,,,,,,,,,,,,,,,,,,,,,,,,,,,0.10000000000000002,1.6996749443881478e-17,10.0,0.0,3.247217814127604,1.035440317696365,12.250689188639322,0.6374520243890186,0.01337409737771293,0.017201121102367472,0.31512922720426934,0.08836311928601573,0.7071563002687055,0.015675285989853276,0.7636436544149202,0.021081378460576634,0.5019955045829213,0.008778772776896726,0.7017720469479336,0.053491152022824846,0.9049148285677338,0.019770127965208734,0.8728522545529133,0.028261295666703976,0.5651024219788187,0.05353150707845002,0.47096303499888653,0.032447863905501445,425.0,28.160255680657446,10.666666666666666,2.5166114784235836,0.0,0.0,126.0,42.930175867331364,299.0,14.798648586948742,162.66666666666666,35.47299442298794,0.6155206143601832,0.06784842889932911,0.2987842870929113,0.08015421367105656
diagnosis_donors,unmatched,cmapss:FD001,diagnosis,query bank1:3 | gaussian_fitted,,,,,,,,,,,,,,,,,,,,,,,,,,,,,,,3,"[11, 12, 13]",unmatched,,,,,,,,,,,,,,,,,,,0.0,0.0,0.7690463646673985,0.0471334985506258,0.0070258626668267725,9.205326768987703e-05,871.3333333333334,59.87765303795175,14.0,0.0,14.0,0.0,14.0,0.0,58.0,0.0,8400.0,0.0,0.0,0.0,1.0,0.0,0.0,0.0,3659600.0,251486.1427593974,0.0,0.0,13070.0,898.1647955692764,32941280.0,0.0,14.488048014812142,2.5119961944172866,14.500730326155235,2.490369612635088,6.180889213171192,0.2678023342988698,5.506115111037892,1.8483130333128703,25.887317912412215,2.691861110929322,,,,,,,,,,,,,,,,,,,,,,,,,,,,,,,,,,,,,,,,,,,,
diagnosis_donors,unmatched,cmapss:FD001,diagnosis,joint | bank1:3 | gaussian_fitted,,,,,,,,,,,,,,,,,,,,,,,,,,,,,,,3,"[11, 12, 13]",unmatched,,,,,,,,,,,,,,,,,,,,,,,,,,,,,,,,,,,,,,,,,,,,,,,,,,,,,,,,,,,,,0.10000000000000002,1.6996749443881478e-17,10.0,0.0,174.78025799243315,6.803440619961134,965.8195714697221,205.14776659173623,0.06619163960470296,0.07535078203615571,0.666881056544419,0.058374968943397505,0.8437259467839869,0.011567769438513151,0.8903561448743748,0.008093953275872624,0.5219481489781257,0.018683986781074975,0.7487445393856791,0.02918371338410704,0.999781178674441,0.00019339724024954003,0.9998195027300212,0.0003126304422307266,0.9639061652491124,0.007988396164946836,0.7592712576633653,0.008599440006431232,425.0,28.160255680657446,10.666666666666666,2.5166114784235836,0.0,0.0,0.0,0.0,425.0,28.160255680657446,134.0,17.349351572897472,0.7294001234392301,0.015720302293417136,0.6383614927593807,0.0318053074113649
diagnosis_donors,unmatched,cmapss:FD001,diagnosis,independent | bank1:3 | gaussian_fitted,,,,,,,,,,,,,,,,,,,,,,,,,,,,,,,3,"[11, 12, 13]",unmatched,,,,,,,,,,,,,,,,,,,,,,,,,,,,,,,,,,,,,,,,,,,,,,,,,,,,,,,,,,,,,0.10000000000000002,1.6996749443881478e-17,10.0,0.0,185.42198735062252,3.166822203683699,410.6773958918745,31.587832243264568,0.08569962009984074,0.053398866215329556,0.5609784504560543,0.0651247655429528,0.7763574731819043,0.00984055251786566,0.8369809407303924,0.005788151189706421,0.5159469182964193,0.006553510767575669,0.47998913440568014,0.051412631929445396,0.9888516479759023,0.004645945749618228,0.9492352780141039,0.013436902848196356,0.9563526231577515,0.005609009018961329,0.6882419855317735,0.008751737874359185,425.0,28.160255680657446,10.666666666666666,2.5166114784235836,0.0,0.0,0.0,0.0,425.0,28.160255680657446,180.33333333333334,18.929694486000912,0.6275213383768213,0.0162651852734867,0.5240226814285477,0.049513591972781455
diagnosis_donors,unmatched,cmapss:FD001,diagnosis,marginal_max | bank1:3 | gaussian_fitted,,,,,,,,,,,,,,,,,,,,,,,,,,,,,,,3,"[11, 12, 13]",unmatched,,,,,,,,,,,,,,,,,,,,,,,,,,,,,,,,,,,,,,,,,,,,,,,,,,,,,,,,,,,,,0.10000000000000002,1.6996749443881478e-17,10.0,0.0,29.620944261572077,2.022211220067357,241.431187186966,17.461115402592835,0.03639237802272922,0.032019579532493486,0.5607390335770833,0.029156708086118865,0.7850458035786257,0.00802509147466227,0.84657783567163,0.006269823284202327,0.5141511162809674,0.007357586730986813,0.503315895698783,0.013816473236371732,0.9958485860787679,0.0023116381275335098,0.9471950860219686,0.02673862896622668,0.9734996284921703,0.008121717200630856,0.6882419855317735,0.008751737874359185,425.0,28.160255680657446,10.666666666666666,2.5166114784235836,0.0,0.0,0.0,0.0,425.0,28.160255680657446,180.66666666666666,11.676186592091328,0.6275213383768213,0.0162651852734867,0.5454267204949677,0.02042313682672434
diagnosis_donors,unmatched,cmapss:FD001,diagnosis,conditional_max | bank1:3 | gaussian_fitted,,,,,,,,,,,,,,,,,,,,,,,,,,,,,,,3,"[11, 12, 13]",unmatched,,,,,,,,,,,,,,,,,,,,,,,,,,,,,,,,,,,,,,,,,,,,,,,,,,,,,,,,,,,,,0.10000000000000002,1.6996749443881478e-17,10.0,0.0,29.571718104773044,2.075568094829435,511.07678107156636,68.35013378012215,0.06442662856730948,0.06399023470087281,0.6995729616054214,0.029957253800271606,0.8455233389891402,0.005523294493433799,0.893842958601824,0.005678949607314911,0.5173019734133212,0.013972930396422192,0.7518438218169798,0.030841846117948456,1.0,0.0,1.0,0.0,0.9736232047002567,0.005933448915694483,0.7592712576633653,0.008599440006431232,425.0,28.160255680657446,10.666666666666666,2.5166114784235836,0.0,0.0,0.0,0.0,425.0,28.160255680657446,120.33333333333333,5.131601439446884,0.7294001234392301,0.015720302293417136,0.6759912899556276,0.01811640330956546
diagnosis_donors,unmatched,cmapss:FD001,diagnosis,relational_max | bank1:3 | gaussian_fitted,,,,,,,,,,,,,,,,,,,,,,,,,,,,,,,3,"[11, 12, 13]",unmatched,,,,,,,,,,,,,,,,,,,,,,,,,,,,,,,,,,,,,,,,,,,,,,,,,,,,,,,,,,,,,0.10000000000000002,1.6996749443881478e-17,10.0,0.0,3.1302281532975784,0.4099471140274391,459.8634924222042,44.129747736842994,0.15792519680415723,0.06944457568040716,0.7162559282202926,0.005628276042651464,0.8415642811271832,0.013584930888374914,0.8866707354404112,0.012714871577536705,0.5194518943957843,0.017915167702844233,0.8383836606440722,0.05271315009330503,1.0,0.0,1.0,0.0,0.8686095959421202,0.04132838749541834,0.7129590120151045,0.02435318402777034,425.0,28.160255680657446,10.666666666666666,2.5166114784235836,0.0,0.0,0.0,0.0,425.0,28.160255680657446,115.66666666666667,10.692676621563628,0.6979357490818375,0.02331042346489211,0.6324786085959245,0.024844892634170595
diagnosis_donors,unmatched,cmapss:FD001,diagnosis,query bank1:3 | gmm_fitted,,,,,,,,,,,,,,,,,,,,,,,,,,,,,,,3,"[11, 12, 13]",unmatched,,,,,,,,,,,,,,,,,,,0.0,0.0,1.9554793956679835,0.6877024984535997,0.01717730299909211,0.007823912904421484,871.3333333333334,59.87765303795175,14.0,0.0,14.0,0.0,14.0,0.0,58.0,0.0,8400.0,0.0,0.0,0.0,1.0,0.0,0.0,0.0,3659600.0,251486.1427593974,0.0,0.0,13070.0,898.1647955692764,87845312.0,38038135.897685,8.667784769419807,3.9509950616674705,9.705259223763449,2.4858191250340873,6.994628774700735,0.36150985804137614,-2.5369669069659793,4.716676571671124,20.038665302926614,4.947721994964105,,,,,,,,,,,,,,,,,,,,,,,,,,,,,,,,,,,,,,,,,,,,
diagnosis_donors,unmatched,cmapss:FD001,diagnosis,joint | bank1:3 | gmm_fitted,,,,,,,,,,,,,,,,,,,,,,,,,,,,,,,3,"[11, 12, 13]",unmatched,,,,,,,,,,,,,,,,,,,,,,,,,,,,,,,,,,,,,,,,,,,,,,,,,,,,,,,,,,,,,0.10000000000000002,1.6996749443881478e-17,10.0,0.0,180.8921962170749,9.784167914638068,1148.677970597768,203.19731183763247,0.08044686561107796,0.0815121396181332,0.6738294511108869,0.06735198693956553,0.8427750685555387,0.01254476423402467,0.889823719088608,0.007859422221076415,0.520125369832531,0.027478383403317357,0.748257342270891,0.028598135971702868,0.9996231685956402,0.0003566925618677892,0.9997292540950319,0.0004689456633461219,0.962011941951256,0.011319963848323863,0.755383557837821,0.013443219789912478,425.0,28.160255680657446,10.666666666666666,2.5166114784235836,0.0,0.0,0.0,0.0,425.0,28.160255680657446,131.33333333333334,21.221058723196006,0.7276542705169575,0.01924793118739171,0.642953542515327,0.043513325902573396
diagnosis_donors,unmatched,cmapss:FD001,diagnosis,independent | bank1:3 | gmm_fitted,,,,,,,,,,,,,,,,,,,,,,,,,,,,,,,3,"[11, 12, 13]",unmatched,,,,,,,,,,,,,,,,,,,,,,,,,,,,,,,,,,,,,,,,,,,,,,,,,,,,,,,,,,,,,0.10000000000000002,1.6996749443881478e-17,10.0,0.0,186.18622056438463,4.137039564710464,442.8869473778647,40.74340537801871,0.08240261641504001,0.07213398512139516,0.5628774247944688,0.06737941648697071,0.7769332379761037,0.00907582495231529,0.8378722588850976,0.0051214853212664824,0.5153473995358865,0.008898862860437676,0.47688252329253517,0.049088016579639585,0.9892208312156868,0.005417856551821883,0.9563451979412966,0.008836772157388713,0.9552747169247328,0.004906844253597279,0.6899080840544117,0.006556712680869217,425.0,28.160255680657446,10.666666666666666,2.5166114784235836,0.0,0.0,0.0,0.0,425.0,28.160255680657446,179.33333333333334,18.929694486000912,0.628517867167429,0.01144468613682705,0.526338326989515,0.047545001079626996
diagnosis_donors,unmatched,cmapss:FD001,diagnosis,marginal_max | bank1:3 | gmm_fitted,,,,,,,,,,,,,,,,,,,,,,,,,,,,,,,3,"[11, 12, 13]",unmatched,,,,,,,,,,,,,,,,,,,,,,,,,,,,,,,,,,,,,,,,,,,,,,,,,,,,,,,,,,,,,0.10000000000000002,1.6996749443881478e-17,10.0,0.0,29.66372750008686,1.947388244106369,270.54610946204104,26.80614884916268,0.034879945313167564,0.030705594759919064,0.5653436778271704,0.028966306414350565,0.7865223476149107,0.006766820650025072,0.8479670330369675,0.005577652212783852,0.5128263335020832,0.004229448451100609,0.5039596562346365,0.01112289750762338,0.9963054533690207,0.002357617374525372,0.9552806097308095,0.023456877620412576,0.9729968099472736,0.007994128966231194,0.6899080840544117,0.006556712680869217,425.0,28.160255680657446,10.666666666666666,2.5166114784235836,0.0,0.0,0.0,0.0,425.0,28.160255680657446,178.33333333333334,11.590225767142472,0.628517867167429,0.01144468613682705,0.5507405846032107,0.021324928411579718
diagnosis_donors,unmatched,cmapss:FD001,diagnosis,conditional_max | bank1:3 | gmm_fitted,,,,,,,,,,,,,,,,,,,,,,,,,,,,,,,3,"[11, 12, 13]",unmatched,,,,,,,,,,,,,,,,,,,,,,,,,,,,,,,,,,,,,,,,,,,,,,,,,,,,,,,,,,,,,0.10000000000000002,1.6996749443881478e-17,10.0,0.0,30.880103300642862,2.8407986400817857,613.7149185781255,122.22947322089793,0.09245290124904175,0.08467050156938102,0.7092894315995454,0.032711944799744014,0.8458540415158732,0.009068210394078798,0.8943024335864308,0.006812567448539336,0.5155665021902087,0.016533192745039466,0.7559424057357841,0.029269992533356676,1.0,0.0,1.0,0.0,0.9734044454964604,0.005719745533747511,0.755383557837821,0.013443219789912478,425.0,28.160255680657446,10.666666666666666,2.5166114784235836,0.0,0.0,0.0,0.0,425.0,28.160255680657446,116.0,7.0,0.7276542705169575,0.01924793118739171,0.6782129425233453,0.017689713355715578
diagnosis_donors,unmatched,cmapss:FD001,diagnosis,relational_max | bank1:3 | gmm_fitted,,,,,,,,,,,,,,,,,,,,,,,,,,,,,,,3,"[11, 12, 13]",unmatched,,,,,,,,,,,,,,,,,,,,,,,,,,,,,,,,,,,,,,,,,,,,,,,,,,,,,,,,,,,,,0.10000000000000002,1.6996749443881478e-17,10.0,0.0,6.0203769568480086,1.3245523018733796,551.0689732733393,102.40747116873109,0.11312747207444279,0.036797550417768575,0.690315157979908,0.005874356302455268,0.8431506034333568,0.013950679546665413,0.8883399420413194,0.010066588282067288,0.5143048199774997,0.034688469394452894,0.8274826231347232,0.04647350134899267,0.9999023119505047,0.00016920066501813067,1.0,0.0,0.8931043756065421,0.03874536437767127,0.7142816881632833,0.025774061699117154,425.0,28.160255680657446,10.666666666666666,2.5166114784235836,0.0,0.0,0.0,0.0,425.0,28.160255680657446,126.33333333333333,10.115993936995679,0.7116113396770812,0.02616939095195458,0.6353821052081675,0.012387259561995916
diagnosis_donors,unmatched,cmapss:FD001,diagnosis,query bank2:6-10 | circuit,,,,,,,,,,,,,,,,,,,,,,,,,,,,,,,3,"[11, 12, 13]",unmatched,,,,,,,,,,,,,,,,,,,2.0821889241536457e-05,5.728664808572165e-06,1.2330815019995498,0.1999849750916401,0.6764495089992124,0.014333112435575817,871.3333333333334,59.87765303795175,13.0,0.0,13.0,0.0,13.0,0.0,6.0,0.0,50324.0,0.0,240.0,0.0,2.0,0.0,1.2133916666666666,0.1922344896794884,21924489.333333332,1506641.505740942,209120.0,14370.636729108423,13070.0,898.1647955692764,245760.0,0.0,6.391555468241374,2.142795967218618,6.400236288706462,2.1461459593401093,1.7814312974611919,0.9404485723926328,2.3943684101104736,0.5900774826364216,8.329074064890543,2.5332799638235626,,,,,,,,,,,,,,,,,,,,,,,,,,,,,,,,,,,,,,,,,,,,
diagnosis_donors,unmatched,cmapss:FD001,diagnosis,joint | bank2:6-10 | circuit,,,,,,,,,,,,,,,,,,,,,,,,,,,,,,,3,"[11, 12, 13]",unmatched,,,,,,,,,,,,,,,,,,,,,,,,,,,,,,,,,,,,,,,,,,,,,,,,,,,,,,,,,,,,,0.10000000000000002,1.6996749443881478e-17,10.0,0.0,54.091705322265625,17.41918626412751,842.2710367838541,43.08256261497413,0.0936482037862046,0.05447347266161877,0.5620914635652624,0.06829804627842401,0.7867116935234773,0.003500435656706505,0.8369974993761783,0.00901737985664538,0.5124464612549525,0.01671917407017663,0.5483662684913289,0.007521508916881396,0.9917232617889385,0.005628413188906766,0.9836255454303365,0.01009708354577686,0.9078015785606782,0.029419914593479327,0.7061219123357096,0.00290821761135195,422.6666666666667,26.6520793435209,13.0,3.605551275463989,0.0,0.0,0.0,0.0,422.6666666666667,26.6520793435209,178.66666666666666,36.528527664461556,0.6474087217554405,0.00200326296093613,0.5188937660493744,0.04073913739559244
diagnosis_donors,unmatched,cmapss:FD001,diagnosis,independent | bank2:6-10 | circuit,,,,,,,,,,,,,,,,,,,,,,,,,,,,,,,3,"[11, 12, 13]",unmatched,,,,,,,,,,,,,,,,,,,,,,,,,,,,,,,,,,,,,,,,,,,,,,,,,,,,,,,,,,,,,0.10000000000000002,1.6996749443881478e-17,10.0,0.0,59.97793833414713,17.22140696988111,836.3560791015625,39.87258665579287,0.10566974968544136,0.04598595323983431,0.5578087686026956,0.06606097629057435,0.7737359717627187,0.0022431559664889134,0.8281943006961957,0.008408542028489738,0.5127754134093622,0.01395662240469387,0.49543410254901454,0.02313010773400256,0.9856003073089498,0.006388894946987082,0.9768042983811801,0.014493542932124435,0.9066390689382592,0.030453072255769785,0.6772242375901346,0.009270630614358675,422.6666666666667,26.6520793435209,13.0,3.605551275463989,0.0,0.0,0.0,0.0,422.6666666666667,26.6520793435209,180.66666666666666,37.09896674212549,0.6254701476922891,0.006941289670388328,0.5105143372724538,0.039307901267741044
diagnosis_donors,unmatched,cmapss:FD001,diagnosis,marginal_max | bank2:6-10 | circuit,,,,,,,,,,,,,,,,,,,,,,,,,,,,,,,3,"[11, 12, 13]",unmatched,,,,,,,,,,,,,,,,,,,,,,,,,,,,,,,,,,,,,,,,,,,,,,,,,,,,,,,,,,,,,0.10000000000000002,1.6996749443881478e-17,10.0,0.0,30.06584358215332,1.1284432933422985,332.2225850423177,12.475745906563185,0.028766351075371368,0.016824045960309904,0.561572376022189,0.013195923701953109,0.784190900781165,0.0024935812523640207,0.846143236470272,0.001986615338459763,0.5209270302928468,0.007128411478375532,0.4857124584440007,0.0024696244492518438,0.9952089087589782,0.0019112381696015628,0.990478331097445,0.007452910380102444,0.9356474324853047,0.01460076760563599,0.6772242375901346,0.009270630614358675,422.6666666666667,26.6520793435209,13.0,3.605551275463989,0.0,0.0,0.0,0.0,422.6666666666667,26.6520793435209,178.0,11.789826122551595,0.6254701476922891,0.006941289670388328,0.5530323370723996,0.006947802869528883
diagnosis_donors,unmatched,cmapss:FD001,diagnosis,conditional_max | bank2:6-10 | circuit,,,,,,,,,,,,,,,,,,,,,,,,,,,,,,,3,"[11, 12, 13]",unmatched,,,,,,,,,,,,,,,,,,,,,,,,,,,,,,,,,,,,,,,,,,,,,,,,,,,,,,,,,,,,,0.10000000000000002,1.6996749443881478e-17,10.0,0.0,29.225870768229168,1.1094808137222225,333.2581787109375,12.78389926210471,0.0303861002141064,0.021719241607148526,0.5740485386134636,0.01243721240783689,0.7971891544710408,0.0021086099924135094,0.8547510092095331,0.0015040035410651027,0.522713543278446,0.009515623596212932,0.5433844943600834,0.004462258835250536,0.9983364010748845,0.0010870298132558854,0.99572007400409,0.006211654844313433,0.9344529702485311,0.013798009545187928,0.7061219123357096,0.00290821761135195,422.6666666666667,26.6520793435209,13.0,3.605551275463989,0.0,0.0,0.0,0.0,422.6666666666667,26.6520793435209,172.66666666666666,13.051181300301263,0.6474087217554405,0.00200326296093613,0.5654951762277506,0.0027545856980890947
diagnosis_donors,unmatched,cmapss:FD001,diagnosis,relational_max | bank2:6-10 | circuit,,,,,,,,,,,,,,,,,,,,,,,,,,,,,,,3,"[11, 12, 13]",unmatched,,,,,,,,,,,,,,,,,,,,,,,,,,,,,,,,,,,,,,,,,,,,,,,,,,,,,,,,,,,,,0.10000000000000002,1.6996749443881478e-17,10.0,0.0,2.6259562174479165,0.5073645572763497,12.248565673828125,0.6391961838062885,0.027831928703014135,0.023492824046001257,0.34495541913545075,0.07479851882082092,0.6973155832078121,0.023436281600430323,0.7615607261339501,0.02447147473882922,0.5058492126950821,0.02729401432313252,0.6991657674454318,0.07224106482141156,0.9055255749364441,0.022504998487064807,0.87365704004779,0.02774385324945624,0.515787327277607,0.02305704629693143,0.47436258399753356,0.04187093449419718,422.6666666666667,26.6520793435209,13.0,3.605551275463989,0.0,0.0,160.0,59.3548650070068,262.6666666666667,32.95957119462165,113.66666666666667,27.42869543622761,0.6951239333102865,0.1331777924976938,0.3189719248072253,0.06596607724149682
diagnosis_donors,unmatched,cmapss:FD001,diagnosis,query bank2:6-10 | gaussian_fitted,,,,,,,,,,,,,,,,,,,,,,,,,,,,,,,3,"[11, 12, 13]",unmatched,,,,,,,,,,,,,,,,,,,0.0,0.0,0.5844326159992003,0.05453489055215254,0.006189848333936728,0.0005967098482697736,871.3333333333334,59.87765303795175,13.0,0.0,13.0,0.0,13.0,0.0,54.0,0.0,7280.0,0.0,0.0,0.0,1.0,0.0,0.0,0.0,3171653.3333333335,217954.6570581444,0.0,0.0,13070.0,898.1647955692764,39499520.0,0.0,12.162314777683306,2.416617161341878,12.180134858347705,2.414890008406644,5.617719315390187,0.46604856435290004,3.9255092290604274,1.3647230695822568,22.238124928478186,2.779559703803742,,,,,,,,,,,,,,,,,,,,,,,,,,,,,,,,,,,,,,,,,,,,
diagnosis_donors,unmatched,cmapss:FD001,diagnosis,joint | bank2:6-10 | gaussian_fitted,,,,,,,,,,,,,,,,,,,,,,,,,,,,,,,3,"[11, 12, 13]",unmatched,,,,,,,,,,,,,,,,,,,,,,,,,,,,,,,,,,,,,,,,,,,,,,,,,,,,,,,,,,,,,0.10000000000000002,1.6996749443881478e-17,10.0,0.0,209.3001235997699,12.60197214496982,587.7237896108422,86.50691170153527,0.05667344177557259,0.016016407862643623,0.6026577622378189,0.02810099332949555,0.8237568995717783,0.00781718198166788,0.8706698643533061,0.007202054066483677,0.5107474986552688,0.02171809870765513,0.7034747248759635,0.02402511024823029,0.9974408579585726,0.001438803695526119,0.9970132624441549,0.0019735028295450336,0.9245268880750839,0.014050136277941043,0.7673030768622967,0.013587167567859632,422.6666666666667,26.6520793435209,13.0,3.605551275463989,0.0,0.0,0.3333333333333333,0.5773502691896258,422.3333333333333,26.08320021265284,160.33333333333334,20.647840887931437,0.7153005734762288,0.02828899208395392,0.5760484713888325,0.033428118014597864
diagnosis_donors,unmatched,cmapss:FD001,diagnosis,independent | bank2:6-10 | gaussian_fitted,,,,,,,,,,,,,,,,,,,,,,,,,,,,,,,3,"[11, 12, 13]",unmatched,,,,,,,,,,,,,,,,,,,,,,,,,,,,,,,,,,,,,,,,,,,,,,,,,,,,,,,,,,,,,0.10000000000000002,1.6996749443881478e-17,10.0,0.0,219.11936188837828,17.4248582692211,233.63578110472542,6.606366453554847,0.0724830956375669,0.027381832730101804,0.4744669107001769,0.07217557728871794,0.7631333461056377,0.006904505889193564,0.8119879019811252,0.008838344432037754,0.5133471293800214,0.013131515819634756,0.491832486781399,0.03352369584819041,0.9702804904931748,0.011769717429242032,0.9283603481246985,0.016118675273723553,0.9197072403512494,0.01461282640345844,0.6884342898189013,0.006312342802368814,422.6666666666667,26.6520793435209,13.0,3.605551275463989,0.0,0.0,0.0,0.0,422.6666666666667,26.6520793435209,217.33333333333334,41.40450861118066,0.6175459594735618,0.0033121917298498376,0.4302156088304008,0.06699967191462557
diagnosis_donors,unmatched,cmapss:FD001,diagnosis,marginal_max | bank2:6-10 | gaussian_fitted,,,,,,,,,,,,,,,,,,,,,,,,,,,,,,,3,"[11, 12, 13]",unmatched,,,,,,,,,,,,,,,,,,,,,,,,,,,,,,,,,,,,,,,,,,,,,,,,,,,,,,,,,,,,,0.10000000000000002,1.6996749443881478e-17,10.0,0.0,52.42989189452059,5.537974066128937,118.60910445606841,7.986629368281401,0.02423759776425456,0.022527446782545688,0.24151716273179843,0.036024883616504556,0.7689944960747224,0.01188382592777729,0.7963831132362426,0.03604503885132271,0.5117464519179067,0.008915806063605917,0.5076403319724573,0.021538269398807545,0.9587904361889992,0.020860611465642005,0.922942067653541,0.03386549594894813,0.9525537574066648,0.016238660318328168,0.6884342898189013,0.006312342802368814,422.6666666666667,26.6520793435209,13.0,3.605551275463989,0.0,0.0,0.0,0.0,422.6666666666667,26.6520793435209,318.0,33.60059523282288,0.6175459594735618,0.0033121917298498376,0.22249943608253728,0.05391709227332584
diagnosis_donors,unmatched,cmapss:FD001,diagnosis,conditional_max | bank2:6-10 | gaussian_fitted,,,,,,,,,,,,,,,,,,,,,,,,,,,,,,,3,"[11, 12, 13]",unmatched,,,,,,,,,,,,,,,,,,,,,,,,,,,,,,,,,,,,,,,,,,,,,,,,,,,,,,,,,,,,,0.10000000000000002,1.6996749443881478e-17,10.0,0.0,53.64921843658855,6.037729662417554,244.60573829688693,19.423732108809954,0.025188826294388,0.019945270275846323,0.5398531911248908,0.027396798649918997,0.8280719032037179,0.003723274882250816,0.8730972694756393,0.008272750256454398,0.5063156355520287,0.017110462462343254,0.7029553448686542,0.027179726677924565,0.9948843240082441,0.004338662614472236,0.9965495817109179,0.004601704508457273,0.9542402155401858,0.01605804669954678,0.7673030768622967,0.013587167567859632,422.6666666666667,26.6520793435209,13.0,3.605551275463989,0.0,0.0,0.3333333333333333,0.5773502691896258,422.3333333333333,26.08320021265284,187.66666666666666,21.96208854670551,0.7153005734762288,0.02828899208395392,0.5288115454659214,0.036074743383244415
diagnosis_donors,unmatched,cmapss:FD001,diagnosis,relational_max | bank2:6-10 | gaussian_fitted,,,,,,,,,,,,,,,,,,,,,,,,,,,,,,,3,"[11, 12, 13]",unmatched,,,,,,,,,,,,,,,,,,,,,,,,,,,,,,,,,,,,,,,,,,,,,,,,,,,,,,,,,,,,,0.10000000000000002,1.6996749443881478e-17,10.0,0.0,3.7180931356951348,0.7212646490105673,246.55314688816028,21.14522017001993,0.1035694254278382,0.0630689390111251,0.6423283129492864,0.015527297099478615,0.8169702602256308,0.014567881508614348,0.8685056536001575,0.012881032324005049,0.5157982105103279,0.01715554300816123,0.7840729134060048,0.06263810250128325,0.9999540395760347,5.3922406075560686e-05,0.9959726732635209,0.006950522802558533,0.8048745574934658,0.02111587926781238,0.7085352306230069,0.028021460349369604,422.6666666666667,26.6520793435209,13.0,3.605551275463989,0.0,0.0,0.0,0.0,422.6666666666667,26.6520793435209,143.66666666666666,13.051181300301263,0.6934527138107819,0.026097536078973645,0.5982390791359449,0.022748014021054506
diagnosis_donors,unmatched,cmapss:FD001,diagnosis,query bank2:6-10 | gmm_fitted,,,,,,,,,,,,,,,,,,,,,,,,,,,,,,,3,"[11, 12, 13]",unmatched,,,,,,,,,,,,,,,,,,,0.0,0.0,1.6241192286676476,0.7343793660995968,0.014574237666238332,0.005380277783902167,871.3333333333334,59.87765303795175,13.0,0.0,13.0,0.0,13.0,0.0,54.0,0.0,7280.0,0.0,0.0,0.0,1.0,0.0,0.0,0.0,3171653.3333333335,217954.6570581444,0.0,0.0,13070.0,898.1647955692764,105334250.66666667,45611068.48296564,6.512809209407169,3.6167453258541413,9.452603517613229,0.9504859775926642,9.14732400680026,2.0304790774906016,-12.036913189297719,12.18464897608047,19.00969091778916,3.7172506299203505,,,,,,,,,,,,,,,,,,,,,,,,,,,,,,,,,,,,,,,,,,,,
diagnosis_donors,unmatched,cmapss:FD001,diagnosis,joint | bank2:6-10 | gmm_fitted,,,,,,,,,,,,,,,,,,,,,,,,,,,,,,,3,"[11, 12, 13]",unmatched,,,,,,,,,,,,,,,,,,,,,,,,,,,,,,,,,,,,,,,,,,,,,,,,,,,,,,,,,,,,,0.10000000000000002,1.6996749443881478e-17,10.0,0.0,212.17918008102865,5.690242286928152,685.7833522975574,57.02566670211337,0.06269725468375469,0.0011099419773845322,0.4670481461998038,0.04199269379214275,0.8062970694522614,0.007621005771514295,0.8433397860297479,0.002977983741032522,0.5112178181197149,0.023433043016043598,0.6768267231714679,0.010049655630287748,0.9889655932018552,0.005276895716842594,0.9851266123337595,0.0019073392654403276,0.881915812233656,0.019785907751265822,0.7627414375734385,0.014157175955886137,422.6666666666667,26.6520793435209,13.0,3.605551275463989,0.0,0.0,0.0,0.0,422.6666666666667,26.6520793435209,219.33333333333334,22.72296928953902,0.7117527735990515,0.026980627326898668,0.4410133829661694,0.04208165561105003
diagnosis_donors,unmatched,cmapss:FD001,diagnosis,independent | bank2:6-10 | gmm_fitted,,,,,,,,,,,,,,,,,,,,,,,,,,,,,,,3,"[11, 12, 13]",unmatched,,,,,,,,,,,,,,,,,,,,,,,,,,,,,,,,,,,,,,,,,,,,,,,,,,,,,,,,,,,,,0.10000000000000002,1.6996749443881478e-17,10.0,0.0,203.2513518781553,17.327105309585356,319.1499547151035,31.194945622760365,0.06162263250845471,0.024418700134822627,0.29551522617646137,0.03440882009383143,0.7405996299015095,0.012665583184207194,0.7702060317976192,0.009095053487476768,0.5104725287218151,0.015875659603779308,0.4853300307375668,0.03561186760515843,0.9355676527962128,0.008474430674577574,0.9005674361500297,0.02264466288555367,0.8781532564351747,0.01803240185079506,0.6917334760889187,0.005209847963215597,422.6666666666667,26.6520793435209,13.0,3.605551275463989,0.0,0.0,0.0,0.0,422.6666666666667,26.6520793435209,295.0,30.265491900843113,0.6273134272980792,0.012947850866354492,0.2654937993377159,0.043580756610234285
diagnosis_donors,unmatched,cmapss:FD001,diagnosis,marginal_max | bank2:6-10 | gmm_fitted,,,,,,,,,,,,,,,,,,,,,,,,,,,,,,,3,"[11, 12, 13]",unmatched,,,,,,,,,,,,,,,,,,,,,,,,,,,,,,,,,,,,,,,,,,,,,,,,,,,,,,,,,,,,,0.10000000000000002,1.6996749443881478e-17,10.0,0.0,36.34149232018932,2.341241413528671,115.50463714226764,10.764292301331755,0.029846764288170125,0.01656365274770624,0.5078059135807119,0.01294034914347826,0.7826499730958666,0.0036340834914450806,0.8365297923041274,0.006766167233270077,0.5108401593636651,0.007170697030431905,0.5078246672984138,0.016825212402636687,0.9859133545260964,0.008049859804150628,0.9505384786260541,0.023140673744366184,0.9664550792138485,0.01250832022457096,0.6917334760889187,0.005209847963215597,422.6666666666667,26.6520793435209,13.0,3.605551275463989,0.0,0.0,0.0,0.0,422.6666666666667,26.6520793435209,201.66666666666666,16.77299416721217,0.6273134272980792,0.012947850866354492,0.4897366616815148,0.019210384041892604
diagnosis_donors,unmatched,cmapss:FD001,diagnosis,conditional_max | bank2:6-10 | gmm_fitted,,,,,,,,,,,,,,,,,,,,,,,,,,,,,,,3,"[11, 12, 13]",unmatched,,,,,,,,,,,,,,,,,,,,,,,,,,,,,,,,,,,,,,,,,,,,,,,,,,,,,,,,,,,,,0.10000000000000002,1.6996749443881478e-17,10.0,0.0,51.70630784701276,5.3151355575913115,286.1407952641272,13.99560241982888,0.0445887614185693,0.023453949654561275,0.5900364997349486,0.06178511204857116,0.8299551137886336,0.008615871806765528,0.8766647113569451,0.005162264649355593,0.5112979888942029,0.019699279015327247,0.7010329923711632,0.023794401801740465,0.998051384055616,0.0002660471990401117,0.9989900386262676,0.000968741884065978,0.9545679017770246,0.004732397313631348,0.7627414375734385,0.014157175955886137,422.6666666666667,26.6520793435209,13.0,3.605551275463989,0.0,0.0,0.0,0.0,422.6666666666667,26.6520793435209,166.33333333333334,28.988503468329185,0.7117527735990515,0.026980627326898668,0.5709619966201399,0.05346894912372413
diagnosis_donors,unmatched,cmapss:FD001,diagnosis,relational_max | bank2:6-10 | gmm_fitted,,,,,,,,,,,,,,,,,,,,,,,,,,,,,,,3,"[11, 12, 13]",unmatched,,,,,,,,,,,,,,,,,,,,,,,,,,,,,,,,,,,,,,,,,,,,,,,,,,,,,,,,,,,,,0.10000000000000002,1.6996749443881478e-17,10.0,0.0,23.452753856582635,8.911924476034878,285.0002614458468,14.618177665253508,0.03037423466174874,0.01939705889879966,0.4892254305109922,0.05102698853693809,0.812960746945341,0.006902167112636136,0.8560658780432587,0.006465395178459045,0.5183945567113294,0.02071090568110307,0.7652608579115676,0.04332075592393165,0.9959785559151761,0.0027307305861682457,0.992545315540203,0.005903234189225757,0.8075079331914156,0.012832120448497132,0.7107610594226886,0.02435484288362294,422.6666666666667,26.6520793435209,13.0,3.605551275463989,0.0,0.0,0.0,0.0,422.6666666666667,26.6520793435209,209.66666666666666,20.502032419575706,0.6870734222536489,0.03668992091718772,0.4714487272473984,0.04816374801354828
diagnosis_donors,unmatched,cmapss:FD001,diagnosis,query single_sensor_0 | circuit,,,,,,,,,,,,,,,,,,,,,,,,,,,,,,,3,"[11, 12, 13]",unmatched,,,,,,,,,,,,,,,,,,,2.86102294921875e-06,9.5367431640625e-07,1.3075915039989923,0.2609453732471536,0.6117346366663696,0.09325010982216335,871.3333333333334,59.87765303795175,1.0,0.0,1.0,0.0,1.0,0.0,6.0,0.0,50324.0,0.0,240.0,0.0,2.0,0.0,1.2869653333333335,0.25447119227200027,21924489.333333332,1506641.505740942,209120.0,14370.636729108423,13070.0,898.1647955692764,245760.0,0.0,-2.50653765003032e-07,5.340752953305238e-07,8.522770068945343e-07,2.390993288517409e-07,1.2380635325826006e-06,1.7447801872923022e-07,-2.5431315104166665e-06,1.1012082465927615e-06,1.9073486328125e-06,0.0,,,,,,,,,,,,,,,,,,,,,,,,,,,,,,,,,,,,,,,,,,,,
diagnosis_donors,unmatched,cmapss:FD001,diagnosis,joint | single_sensor_0 | circuit,,,,,,,,,,,,,,,,,,,,,,,,,,,,,,,3,"[11, 12, 13]",unmatched,,,,,,,,,,,,,,,,,,,,,,,,,,,,,,,,,,,,,,,,,,,,,,,,,,,,,,,,,,,,,0.10000000000000002,1.6996749443881478e-17,10.0,0.0,25.48981221516927,1.6797459367864789,72.17676417032878,12.794815249995306,0.07113564675157219,0.05999420243404543,0.17693514807439903,0.06448630961091371,0.5609965182594723,0.004543025305233886,0.61275804421875,0.007905751051216752,0.5311495181371013,0.014172667489193089,0.46993949797672147,0.025441207782562605,0.6402899273636603,0.010476787177374486,0.5969212534122893,0.01818824351278293,0.5661281973727669,0.012263322175338775,,,0.0,0.0,361.0,25.11971337416094,74.66666666666667,6.110100926607787,74.66666666666667,6.110100926607787,0.0,0.0,0.0,0.0,,,0.0,0.0
diagnosis_donors,unmatched,cmapss:FD001,diagnosis,independent | single_sensor_0 | circuit,,,,,,,,,,,,,,,,,,,,,,,,,,,,,,,3,"[11, 12, 13]",unmatched,,,,,,,,,,,,,,,,,,,,,,,,,,,,,,,,,,,,,,,,,,,,,,,,,,,,,,,,,,,,,0.10000000000000002,1.6996749443881478e-17,10.0,0.0,25.48981221516927,1.6797459367864789,72.17676289876302,12.794816568377422,0.07113564675157219,0.05999420243404543,0.17693514807439903,0.06448630961091371,0.5609820023645674,0.004537292453782971,0.6127350678762816,0.00790590918166516,0.5311134186831055,0.014219536759962197,0.4699007889236417,0.025417933825345997,0.6402845002497995,0.010484007616509063,0.5969393031392871,0.01821288717770343,0.5661181572121242,0.012252638085686135,,,0.0,0.0,361.0,25.11971337416094,74.66666666666667,6.110100926607787,74.66666666666667,6.110100926607787,0.0,0.0,0.0,0.0,,,0.0,0.0
diagnosis_donors,unmatched,cmapss:FD001,diagnosis,marginal_max | single_sensor_0 | circuit,,,,,,,,,,,,,,,,,,,,,,,,,,,,,,,3,"[11, 12, 13]",unmatched,,,,,,,,,,,,,,,,,,,,,,,,,,,,,,,,,,,,,,,,,,,,,,,,,,,,,,,,,,,,,0.10000000000000002,1.6996749443881478e-17,10.0,0.0,25.48981221516927,1.6797459367864789,72.17676289876302,12.794816568377422,0.07113564675157219,0.05999420243404543,0.17693514807439903,0.06448630961091371,0.5609820023645674,0.004537292453782971,0.6127350678762816,0.00790590918166516,0.5311134186831055,0.014219536759962197,0.4699007889236417,0.025417933825345997,0.6402845002497995,0.010484007616509063,0.5969393031392871,0.01821288717770343,0.5661181572121242,0.012252638085686135,,,0.0,0.0,361.0,25.11971337416094,74.66666666666667,6.110100926607787,74.66666666666667,6.110100926607787,0.0,0.0,0.0,0.0,,,0.0,0.0
diagnosis_donors,unmatched,cmapss:FD001,diagnosis,conditional_max | single_sensor_0 | circuit,,,,,,,,,,,,,,,,,,,,,,,,,,,,,,,3,"[11, 12, 13]",unmatched,,,,,,,,,,,,,,,,,,,,,,,,,,,,,,,,,,,,,,,,,,,,,,,,,,,,,,,,,,,,,0.10000000000000002,1.6996749443881478e-17,10.0,0.0,25.48981221516927,1.6797459367864789,72.17676289876302,12.794816568377422,0.07113564675157219,0.05999420243404543,0.17693514807439903,0.06448630961091371,0.5609820023645674,0.004537292453782971,0.6127350678762816,0.00790590918166516,0.5311134186831055,0.014219536759962197,0.4699007889236417,0.025417933825345997,0.6402845002497995,0.010484007616509063,0.5969393031392871,0.01821288717770343,0.5661181572121242,0.012252638085686135,,,0.0,0.0,361.0,25.11971337416094,74.66666666666667,6.110100926607787,74.66666666666667,6.110100926607787,0.0,0.0,0.0,0.0,,,0.0,0.0
diagnosis_donors,unmatched,cmapss:FD001,diagnosis,relational_max | single_sensor_0 | circuit,,,,,,,,,,,,,,,,,,,,,,,,,,,,,,,3,"[11, 12, 13]",unmatched,,,,,,,,,,,,,,,,,,,,,,,,,,,,,,,,,,,,,,,,,,,,,,,,,,,,,,,,,,,,,0.10000000000000002,1.6996749443881478e-17,10.0,0.0,0.0,0.0,0.0,0.0,0.0,0.0,0.0,0.0,0.5,0.0,0.5,0.0,0.5,0.0,0.5,0.0,0.5,0.0,0.5,0.0,0.5,0.0,,,0.0,0.0,361.0,25.11971337416094,74.66666666666667,6.110100926607787,74.66666666666667,6.110100926607787,0.0,0.0,0.0,0.0,,,0.0,0.0
diagnosis_donors,unmatched,cmapss:FD001,diagnosis,query single_sensor_0 | gaussian_fitted,,,,,,,,,,,,,,,,,,,,,,,,,,,,,,,3,"[11, 12, 13]",unmatched,,,,,,,,,,,,,,,,,,,0.0,0.0,0.002467631665543498,0.0004882042709855694,0.0006141799991989197,5.4193360815362086e-05,871.3333333333334,59.87765303795175,1.0,0.0,1.0,0.0,1.0,0.0,4.0,0.0,80.0,0.0,0.0,0.0,1.0,0.0,0.0,0.0,34853.333333333336,2395.1061215180703,0.0,0.0,13070.0,898.1647955692764,39499520.0,0.0,0.0,0.0,0.0,0.0,0.0,0.0,0.0,0.0,0.0,0.0,,,,,,,,,,,,,,,,,,,,,,,,,,,,,,,,,,,,,,,,,,,,
diagnosis_donors,unmatched,cmapss:FD001,diagnosis,joint | single_sensor_0 | gaussian_fitted,,,,,,,,,,,,,,,,,,,,,,,,,,,,,,,3,"[11, 12, 13]",unmatched,,,,,,,,,,,,,,,,,,,,,,,,,,,,,,,,,,,,,,,,,,,,,,,,,,,,,,,,,,,,,0.10000000000000002,1.6996749443881478e-17,10.0,0.0,24.732293590734272,0.447757908756498,48.875292855758595,9.686204241686394,0.06738183954938438,0.014909949187952475,0.1748551126964245,0.013477561096008806,0.5617056840741892,0.005790226760417846,0.6121617674288756,0.008702300966979836,0.5274180514693436,0.01834198666997156,0.4773554405957449,0.019921677658462183,0.6423545214783463,0.01020398310448759,0.5907655580563512,0.008283033293159655,0.571032834671409,0.020442595924190107,,,0.0,0.0,361.0,25.11971337416094,74.66666666666667,6.110100926607787,74.66666666666667,6.110100926607787,0.0,0.0,0.0,0.0,,,0.0,0.0
diagnosis_donors,unmatched,cmapss:FD001,diagnosis,independent | single_sensor_0 | gaussian_fitted,,,,,,,,,,,,,,,,,,,,,,,,,,,,,,,3,"[11, 12, 13]",unmatched,,,,,,,,,,,,,,,,,,,,,,,,,,,,,,,,,,,,,,,,,,,,,,,,,,,,,,,,,,,,,0.10000000000000002,1.6996749443881478e-17,10.0,0.0,24.732293590734272,0.447757908756498,48.875292855758595,9.686204241686394,0.06738183954938438,0.014909949187952475,0.1748551126964245,0.013477561096008806,0.5617056840741892,0.005790226760417846,0.6121617674288756,0.008702300966979836,0.5274180514693436,0.01834198666997156,0.4773554405957449,0.019921677658462183,0.6423545214783463,0.01020398310448759,0.5907655580563512,0.008283033293159655,0.571032834671409,0.020442595924190107,,,0.0,0.0,361.0,25.11971337416094,74.66666666666667,6.110100926607787,74.66666666666667,6.110100926607787,0.0,0.0,0.0,0.0,,,0.0,0.0
diagnosis_donors,unmatched,cmapss:FD001,diagnosis,marginal_max | single_sensor_0 | gaussian_fitted,,,,,,,,,,,,,,,,,,,,,,,,,,,,,,,3,"[11, 12, 13]",unmatched,,,,,,,,,,,,,,,,,,,,,,,,,,,,,,,,,,,,,,,,,,,,,,,,,,,,,,,,,,,,,0.10000000000000002,1.6996749443881478e-17,10.0,0.0,24.732293590734272,0.447757908756498,48.875292855758595,9.686204241686394,0.06738183954938438,0.014909949187952475,0.1748551126964245,0.013477561096008806,0.5617056840741892,0.005790226760417846,0.6121617674288756,0.008702300966979836,0.5274180514693436,0.01834198666997156,0.4773554405957449,0.019921677658462183,0.6423545214783463,0.01020398310448759,0.5907655580563512,0.008283033293159655,0.571032834671409,0.020442595924190107,,,0.0,0.0,361.0,25.11971337416094,74.66666666666667,6.110100926607787,74.66666666666667,6.110100926607787,0.0,0.0,0.0,0.0,,,0.0,0.0
diagnosis_donors,unmatched,cmapss:FD001,diagnosis,conditional_max | single_sensor_0 | gaussian_fitted,,,,,,,,,,,,,,,,,,,,,,,,,,,,,,,3,"[11, 12, 13]",unmatched,,,,,,,,,,,,,,,,,,,,,,,,,,,,,,,,,,,,,,,,,,,,,,,,,,,,,,,,,,,,,0.10000000000000002,1.6996749443881478e-17,10.0,0.0,24.732293590734272,0.447757908756498,48.875292855758595,9.686204241686394,0.06738183954938438,0.014909949187952475,0.1748551126964245,0.013477561096008806,0.5617056840741892,0.005790226760417846,0.6121617674288756,0.008702300966979836,0.5274180514693436,0.01834198666997156,0.4773554405957449,0.019921677658462183,0.6423545214783463,0.01020398310448759,0.5907655580563512,0.008283033293159655,0.571032834671409,0.020442595924190107,,,0.0,0.0,361.0,25.11971337416094,74.66666666666667,6.110100926607787,74.66666666666667,6.110100926607787,0.0,0.0,0.0,0.0,,,0.0,0.0
diagnosis_donors,unmatched,cmapss:FD001,diagnosis,relational_max | single_sensor_0 | gaussian_fitted,,,,,,,,,,,,,,,,,,,,,,,,,,,,,,,3,"[11, 12, 13]",unmatched,,,,,,,,,,,,,,,,,,,,,,,,,,,,,,,,,,,,,,,,,,,,,,,,,,,,,,,,,,,,,0.10000000000000002,1.6996749443881478e-17,10.0,0.0,0.0,0.0,0.0,0.0,0.0,0.0,0.0,0.0,0.5,0.0,0.5,0.0,0.5,0.0,0.5,0.0,0.5,0.0,0.5,0.0,0.5,0.0,,,0.0,0.0,361.0,25.11971337416094,74.66666666666667,6.110100926607787,74.66666666666667,6.110100926607787,0.0,0.0,0.0,0.0,,,0.0,0.0
diagnosis_donors,unmatched,cmapss:FD001,diagnosis,query single_sensor_0 | gmm_fitted,,,,,,,,,,,,,,,,,,,,,,,,,,,,,,,3,"[11, 12, 13]",unmatched,,,,,,,,,,,,,,,,,,,0.0,0.0,0.003324791666576251,0.0011659526841071033,0.000794234999678641,0.00021498184482525543,871.3333333333334,59.87765303795175,1.0,0.0,1.0,0.0,1.0,0.0,4.0,0.0,80.0,0.0,0.0,0.0,1.0,0.0,0.0,0.0,34853.333333333336,2395.1061215180703,0.0,0.0,13070.0,898.1647955692764,105334250.66666667,45611068.48296564,0.0,0.0,0.0,0.0,0.0,0.0,0.0,0.0,0.0,0.0,,,,,,,,,,,,,,,,,,,,,,,,,,,,,,,,,,,,,,,,,,,,
diagnosis_donors,unmatched,cmapss:FD001,diagnosis,joint | single_sensor_0 | gmm_fitted,,,,,,,,,,,,,,,,,,,,,,,,,,,,,,,3,"[11, 12, 13]",unmatched,,,,,,,,,,,,,,,,,,,,,,,,,,,,,,,,,,,,,,,,,,,,,,,,,,,,,,,,,,,,,0.10000000000000002,1.6996749443881478e-17,10.0,0.0,24.94528769228847,0.4475285568037662,47.86402145301529,9.876076936999873,0.06035423330915677,0.009351080588078466,0.1685367263143529,0.006461487655444546,0.5614856577894294,0.005252662649934422,0.6129547862440382,0.008510953714202595,0.5263267422738765,0.017397224179300754,0.47829604434155576,0.01667446246702402,0.6411961694302537,0.009368558730899304,0.5918615123874499,0.007608099434515519,0.5703188699497015,0.01856589134878813,,,0.0,0.0,361.0,25.11971337416094,74.66666666666667,6.110100926607787,74.66666666666667,6.110100926607787,0.0,0.0,0.0,0.0,,,0.0,0.0
diagnosis_donors,unmatched,cmapss:FD001,diagnosis,independent | single_sensor_0 | gmm_fitted,,,,,,,,,,,,,,,,,,,,,,,,,,,,,,,3,"[11, 12, 13]",unmatched,,,,,,,,,,,,,,,,,,,,,,,,,,,,,,,,,,,,,,,,,,,,,,,,,,,,,,,,,,,,,0.10000000000000002,1.6996749443881478e-17,10.0,0.0,24.94528769228847,0.4475285568037662,47.86402145301529,9.876076936999873,0.06035423330915677,0.009351080588078466,0.1685367263143529,0.006461487655444546,0.5614856577894294,0.005252662649934422,0.6129547862440382,0.008510953714202595,0.5263267422738765,0.017397224179300754,0.47829604434155576,0.01667446246702402,0.6411961694302537,0.009368558730899304,0.5918615123874499,0.007608099434515519,0.5703188699497015,0.01856589134878813,,,0.0,0.0,361.0,25.11971337416094,74.66666666666667,6.110100926607787,74.66666666666667,6.110100926607787,0.0,0.0,0.0,0.0,,,0.0,0.0
diagnosis_donors,unmatched,cmapss:FD001,diagnosis,marginal_max | single_sensor_0 | gmm_fitted,,,,,,,,,,,,,,,,,,,,,,,,,,,,,,,3,"[11, 12, 13]",unmatched,,,,,,,,,,,,,,,,,,,,,,,,,,,,,,,,,,,,,,,,,,,,,,,,,,,,,,,,,,,,,0.10000000000000002,1.6996749443881478e-17,10.0,0.0,24.94528769228847,0.4475285568037662,47.86402145301529,9.876076936999873,0.06035423330915677,0.009351080588078466,0.1685367263143529,0.006461487655444546,0.5614856577894294,0.005252662649934422,0.6129547862440382,0.008510953714202595,0.5263267422738765,0.017397224179300754,0.47829604434155576,0.01667446246702402,0.6411961694302537,0.009368558730899304,0.5918615123874499,0.007608099434515519,0.5703188699497015,0.01856589134878813,,,0.0,0.0,361.0,25.11971337416094,74.66666666666667,6.110100926607787,74.66666666666667,6.110100926607787,0.0,0.0,0.0,0.0,,,0.0,0.0
diagnosis_donors,unmatched,cmapss:FD001,diagnosis,conditional_max | single_sensor_0 | gmm_fitted,,,,,,,,,,,,,,,,,,,,,,,,,,,,,,,3,"[11, 12, 13]",unmatched,,,,,,,,,,,,,,,,,,,,,,,,,,,,,,,,,,,,,,,,,,,,,,,,,,,,,,,,,,,,,0.10000000000000002,1.6996749443881478e-17,10.0,0.0,24.94528769228847,0.4475285568037662,47.86402145301529,9.876076936999873,0.06035423330915677,0.009351080588078466,0.1685367263143529,0.006461487655444546,0.5614856577894294,0.005252662649934422,0.6129547862440382,0.008510953714202595,0.5263267422738765,0.017397224179300754,0.47829604434155576,0.01667446246702402,0.6411961694302537,0.009368558730899304,0.5918615123874499,0.007608099434515519,0.5703188699497015,0.01856589134878813,,,0.0,0.0,361.0,25.11971337416094,74.66666666666667,6.110100926607787,74.66666666666667,6.110100926607787,0.0,0.0,0.0,0.0,,,0.0,0.0
diagnosis_donors,unmatched,cmapss:FD001,diagnosis,relational_max | single_sensor_0 | gmm_fitted,,,,,,,,,,,,,,,,,,,,,,,,,,,,,,,3,"[11, 12, 13]",unmatched,,,,,,,,,,,,,,,,,,,,,,,,,,,,,,,,,,,,,,,,,,,,,,,,,,,,,,,,,,,,,0.10000000000000002,1.6996749443881478e-17,10.0,0.0,0.0,0.0,0.0,0.0,0.0,0.0,0.0,0.0,0.5,0.0,0.5,0.0,0.5,0.0,0.5,0.0,0.5,0.0,0.5,0.0,0.5,0.0,,,0.0,0.0,361.0,25.11971337416094,74.66666666666667,6.110100926607787,74.66666666666667,6.110100926607787,0.0,0.0,0.0,0.0,,,0.0,0.0
