experiment,variant,dataset,stage,method,log_partition_mean,log_partition_std,leaf_mean,leaf_std,sum_mean,sum_std,product_mean,product_std,nodes_mean,nodes_std,parameters_mean,parameters_std,optimizer_steps_mean,optimizer_steps_std,epochs_run_mean,epochs_run_std,best_epoch_mean,best_epoch_std,checkpoint_nll_mean,checkpoint_nll_std,restarts_run_mean,restarts_run_std,selected_restart_mean,selected_restart_std,restarts_abandoned_mean,restarts_abandoned_std,selected_optimizer_steps_mean,selected_optimizer_steps_std,fit_s_mean,fit_s_std,final_train_nll_mean,final_train_nll_std,lr_mean,lr_std,epochs_budget_mean,epochs_budget_std,min_epochs_mean,min_epochs_std,patience_mean,patience_std,batch_size_mean,batch_size_std,n_seeds,seeds,axis:variant,shortcut_auroc_mean,shortcut_auroc_std,shortcut_channel_mean,shortcut_channel_std,shortcut_n_dev_mean,shortcut_n_dev_std,shortcut_n_eval_mean,shortcut_n_eval_std,shortcut_features_mean,shortcut_features_std,components_mean,components_std,rank_mean,rank_std,selection_score_mean,selection_score_std,n_stabilizations_mean,n_stabilizations_std,oracle_max_error_mean,oracle_max_error_std,query_s_mean,query_s_std,warmup_s_mean,warmup_s_std,n_mean,n_std,n_observed_mean,n_observed_std,n_observed_min_mean,n_observed_min_std,n_observed_max_mean,n_observed_max_std,cost_passes_mean,cost_passes_std,cost_node_visits_mean,cost_node_visits_std,cost_boundary_visits_mean,cost_boundary_visits_std,cost_n_masks_mean,cost_n_masks_std,cost_seconds_mean,cost_seconds_std,cost_node_evaluations_mean,cost_node_evaluations_std,cost_boundary_elements_mean,cost_boundary_elements_std,cost_output_elements_mean,cost_output_elements_std,cost_peak_boundary_bytes_mean,cost_peak_boundary_bytes_std,empirical_log_dependence_mean_mean,empirical_log_dependence_mean_std,empirical_log_dependence_abs_mean_mean,empirical_log_dependence_abs_mean_std,empirical_log_dependence_sd_mean,empirical_log_dependence_sd_std,empirical_log_dependence_q05_mean,empirical_log_dependence_q05_std,empirical_log_dependence_q95_mean,empirical_log_dependence_q95_std,alpha_mean,alpha_std,calibration_n_mean,calibration_n_std,threshold_mean,threshold_std,score_range_mean,score_range_std,fpr_mean,fpr_std,power_mean,power_std,auroc_mean,auroc_std,ap_mean,ap_std,auroc[decouple]_mean,auroc[decouple]_std,auroc[desync]_mean,auroc[desync]_std,auroc[drift]_mean,auroc[drift]_std,auroc[offset]_mean,auroc[offset]_std,auroc[spike]_mean,auroc[spike]_std,loc_ap_mean,loc_ap_std,loc_ap_n_mean,loc_ap_n_std,loc_n_no_observed_target_mean,loc_n_no_observed_target_std,loc_n_all_observed_are_targets_mean,loc_n_all_observed_are_targets_std,loc_n_ambiguous_mean,loc_n_ambiguous_std,loc_n_unique_mean,loc_n_unique_std,loc_n_abstained_no_alarm_mean,loc_n_abstained_no_alarm_std,loc_unique_top1_accuracy_mean,loc_unique_top1_accuracy_std,end_to_end_unique_top1_mean,end_to_end_unique_top1_std,trials_mean,trials_std,trial_alpha_mean,trial_alpha_std,trial_fpr_mean_mean,trial_fpr_mean_std,trial_fpr_q05_mean,trial_fpr_q05_std,trial_fpr_q95_mean,trial_fpr_q95_std,trial_fpr_exceeds_alpha_frac_mean,trial_fpr_exceeds_alpha_frac_std,trial_power_mean_mean,trial_power_mean_std,trial_power_q05_mean,trial_power_q05_std,trial_infinite_threshold_frac_mean,trial_infinite_threshold_frac_std,trial_calibration_objects_mean,trial_calibration_objects_std,n_fits_mean,n_fits_std
diagnosis_fd001_reliability,restarts4_cosine,cmapss:FD001,diagnosis,model,-5.960464477539063e-08,2.980232238769531e-07,2400.0,0.0,2385.0,0.0,19136.0,0.0,23921.0,0.0,195840.0,0.0,13680.0,985.900603509299,600.0,0.0,599.0,0.0,-20.47046012878418,8.624059081744944,4.0,0.0,0.4,0.894427190999916,2.8,0.4472135954999579,8880.0,268.32815729997475,242.30340695381165,11.467794529697061,-27.06014947938875,4.545476638281793,0.05,0.0,600.0,0.0,100.0,0.0,60.0,0.0,256.0,0.0,5,"[21, 22, 23, 24, 25]",restarts4_cosine,,,,,,,,,,,,,,,,,,,,,,,,,,,,,,,,,,,,,,,,,,,,,,,,,,,,,,,,,,,,,,,,,,,,,,,,,,,,,,,,,,,,,,,,,,,,,,,,,,,,,,,,,,,,,,,,,,,,,,,,,,,,,,
diagnosis_fd001_reliability,restarts4_cosine,cmapss:FD001,diagnosis,shortcut audit,,,,,,,,,,,,,,,,,,,,,,,,,,,,,,,,,,,,,,,,,,,5,"[21, 22, 23, 24, 25]",restarts4_cosine,0.5499691103156396,0.010437524934745833,0.0,0.0,966.8,121.16600183219714,592.8,117.97118292193225,42.0,0.0,,,,,,,,,,,,,,,,,,,,,,,,,,,,,,,,,,,,,,,,,,,,,,,,,,,,,,,,,,,,,,,,,,,,,,,,,,,,,,,,,,,,,,,,,,,,,,,,,,,,,,,,,,,,,,,,,,,,
diagnosis_fd001_reliability,restarts4_cosine,cmapss:FD001,diagnosis,model gaussian_fitted,,,,,,,,,,,45450.0,0.0,,,,,,,,,,,,,,,,,0.1803628514000593,0.01889560142067858,,,,,,,,,,,,,5,"[21, 22, 23, 24, 25]",restarts4_cosine,,,,,,,,,,,1.0,0.0,300.0,0.0,-171.86410883568502,5.378370049144868,1.0,0.0,,,,,,,,,,,,,,,,,,,,,,,,,,,,,,,,,,,,,,,,,,,,,,,,,,,,,,,,,,,,,,,,,,,,,,,,,,,,,,,,,,,,,,,,,,,,,,,,,,,,,,,,,,,,
diagnosis_fd001_reliability,restarts4_cosine,cmapss:FD001,diagnosis,query full | circuit,,,,,,,,,,,,,,,,,,,,,,,,,,,,,,,,,,,,,,,,,,,5,"[21, 22, 23, 24, 25]",restarts4_cosine,,,,,,,,,,,,,,,,,,,0.0,0.0,0.4132014127999355,0.06695564505450542,0.15625777799978097,0.006643636233468703,592.8,117.97118292193225,15.0,0.0,15.0,0.0,15.0,0.0,55.8,13.863621460498697,1334791.8,331631.6889565893,0.0,0.0,1.0,0.0,0.0,0.0,439591432.8,87481648.66694178,0.0,0.0,8892.0,1769.5677438289838,0.0,0.0,15.564524078369141,4.921871756925963,15.801644706726075,4.7724190490171825,8.646262550354004,1.7503611196217252,1.7488452538847923,2.4818142869992017,28.95406303405762,6.1251052757079885,,,,,,,,,,,,,,,,,,,,,,,,,,,,,,,,,,,,,,,,,,,,,,,,,,,,,,,,,,,,,,,,,,
diagnosis_fd001_reliability,restarts4_cosine,cmapss:FD001,diagnosis,joint | full | circuit,,,,,,,,,,,,,,,,,,,,,,,,,,,,,,,,,,,,,,,,,,,5,"[21, 22, 23, 24, 25]",restarts4_cosine,,,,,,,,,,,,,,,,,,,,,,,,,,,,,,,,,,,,,,,,,,,,,,,,,,,,,,,,,,,,,0.1,0.0,15.0,0.0,39.64044342041016,9.606060430363286,2822.108251953125,972.4967943432672,0.02380724276681357,0.03437017016568901,0.5498713793215633,0.060207744877436145,0.824665456748205,0.021178644475332277,0.8722630022465789,0.018010431470381796,0.5059163584607307,0.027924309394812004,0.7202892180550435,0.03594892483342507,0.9994276252252657,0.0008859009498182098,0.9998496617389125,0.0003361665714106655,0.9247552913994621,0.03402418650946142,0.7402937741838054,0.03041920237293512,296.4,58.98559146096613,0.0,0.0,0.0,0.0,0.0,0.0,296.4,58.98559146096613,131.4,21.651789764358973,0.7089714438267174,0.035479276610198715,0.5365923728306766,0.0514978393489351,200.0,0.0,0.1,0.0,0.02380724276681357,0.03437017016568902,0.02380724276681357,0.03437017016568901,0.02380724276681357,0.03437017016568901,0.0,0.0,0.5498713793215633,0.0602077448774361,0.5498713793215633,0.060207744877436145,0.0,0.0,15.0,0.0,,
diagnosis_fd001_reliability,restarts4_cosine,cmapss:FD001,diagnosis,independent | full | circuit,,,,,,,,,,,,,,,,,,,,,,,,,,,,,,,,,,,,,,,,,,,5,"[21, 22, 23, 24, 25]",restarts4_cosine,,,,,,,,,,,,,,,,,,,,,,,,,,,,,,,,,,,,,,,,,,,,,,,,,,,,,,,,,,,,,0.1,0.0,15.0,0.0,67.88531494140625,15.467231525462422,2788.0938232421877,990.3048613391945,0.023029315960912053,0.03198566042812914,0.4730451540025097,0.054886048317756855,0.7735877021143748,0.023877977746539634,0.830854592782929,0.022751280294357596,0.49934719168900354,0.027346920162938087,0.514831414174522,0.036979341663418853,0.9896410397343051,0.008625333521521571,0.9891996455885532,0.012410917618494666,0.8989639054588358,0.04781848687137659,0.6758378919841104,0.03622545361897615,296.4,58.98559146096613,0.0,0.0,0.0,0.0,0.0,0.0,296.4,58.98559146096613,154.2,24.37621791829077,0.6237498831704291,0.04539780021219387,0.46091227031423515,0.046313367803131666,200.0,0.0,0.1,0.0,0.023029315960912056,0.03198566042812915,0.023029315960912053,0.03198566042812914,0.023029315960912053,0.03198566042812914,0.0,0.0,0.4730451540025097,0.054886048317756835,0.4730451540025097,0.054886048317756855,0.0,0.0,15.0,0.0,,
diagnosis_fd001_reliability,restarts4_cosine,cmapss:FD001,diagnosis,marginal_max | full | circuit,,,,,,,,,,,,,,,,,,,,,,,,,,,,,,,,,,,,,,,,,,,5,"[21, 22, 23, 24, 25]",restarts4_cosine,,,,,,,,,,,,,,,,,,,,,,,,,,,,,,,,,,,,,,,,,,,,,,,,,,,,,,,,,,,,,0.1,0.0,15.0,0.0,31.97476921081543,2.597095865015364,2241.5405517578124,1263.2210641788922,0.027267270484519435,0.04395250786087332,0.5816587927502886,0.05719084442201325,0.7949340793644712,0.017144882618579424,0.855465034233968,0.016526543244443317,0.49746084128215146,0.019651314820446558,0.5226770597710081,0.06573248206217347,0.9985218995655121,0.0023466057465568245,0.998888171034717,0.002430484881856075,0.9689512744470736,0.008491472373721444,0.6758378919841104,0.03622545361897615,296.4,58.98559146096613,0.0,0.0,0.0,0.0,0.0,0.0,296.4,58.98559146096613,122.4,22.64508776754906,0.6237498831704291,0.04539780021219387,0.5704960805031698,0.05245201282486506,200.0,0.0,0.1,0.0,0.027267270484519435,0.04395250786087333,0.027267270484519435,0.04395250786087332,0.027267270484519435,0.04395250786087332,0.2,0.44721359549995804,0.5816587927502885,0.057190844422013165,0.5816587927502886,0.05719084442201325,0.0,0.0,15.0,0.0,,
diagnosis_fd001_reliability,restarts4_cosine,cmapss:FD001,diagnosis,conditional_max | full | circuit,,,,,,,,,,,,,,,,,,,,,,,,,,,,,,,,,,,,,,,,,,,5,"[21, 22, 23, 24, 25]",restarts4_cosine,,,,,,,,,,,,,,,,,,,,,,,,,,,,,,,,,,,,,,,,,,,,,,,,,,,,,,,,,,,,,0.1,0.0,15.0,0.0,30.496704864501954,1.7098336785620014,2246.3050537109375,1261.8168139111046,0.018042865485646244,0.008855391955287544,0.6500947601666884,0.04414615500247763,0.839358645421828,0.01752171143717004,0.8894751455541371,0.013592236746528423,0.4910740560688929,0.01060793200414553,0.7571727630310067,0.027549102120144303,0.9999237223493516,0.00017056201201373823,1.0,0.0,0.9713835194982712,0.00515359693009506,0.7402937741838054,0.03041920237293512,296.4,58.98559146096613,0.0,0.0,0.0,0.0,0.0,0.0,296.4,58.98559146096613,102.0,14.815532390029054,0.7089714438267174,0.035479276610198715,0.6434328517967385,0.04454033492055438,200.0,0.0,0.1,0.0,0.018042865485646244,0.008855391955287546,0.018042865485646244,0.008855391955287544,0.018042865485646244,0.008855391955287544,0.0,0.0,0.6500947601666885,0.044146155002477636,0.6500947601666884,0.04414615500247763,0.0,0.0,15.0,0.0,,
diagnosis_fd001_reliability,restarts4_cosine,cmapss:FD001,diagnosis,relational_max | full | circuit,,,,,,,,,,,,,,,,,,,,,,,,,,,,,,,,,,,,,,,,,,,5,"[21, 22, 23, 24, 25]",restarts4_cosine,,,,,,,,,,,,,,,,,,,,,,,,,,,,,,,,,,,,,,,,,,,,,,,,,,,,,,,,,,,,,0.1,0.0,15.0,0.0,6.10394515991211,1.2474664728826335,145.11424713134767,11.86993753846645,0.05251513683293322,0.04390213301113685,0.5119820729528701,0.048043593171867814,0.7741255587500597,0.01564128039940319,0.8311323442079506,0.01009503731751946,0.5022937967131715,0.020490077003229096,0.8382688535704469,0.02320870725762963,0.9806086990048998,0.006045959769543544,0.9783004470216741,0.014778392403165069,0.628423555397173,0.043415880633082826,0.5606078752776027,0.016293054793157517,296.4,58.98559146096613,0.0,0.0,0.0,0.0,4.2,6.648308055437865,292.2,56.481855493600776,141.0,25.66125484071268,0.5448780611212305,0.023287051660451898,0.4371651559899921,0.037110643602346935,200.0,0.0,0.1,0.0,0.05251513683293322,0.043902133011136865,0.05251513683293322,0.04390213301113685,0.05251513683293322,0.04390213301113685,0.2,0.44721359549995804,0.51198207295287,0.0480435931718678,0.5119820729528701,0.048043593171867814,0.0,0.0,15.0,0.0,,
diagnosis_fd001_reliability,restarts4_cosine,cmapss:FD001,diagnosis,query full | gaussian_fitted,,,,,,,,,,,,,,,,,,,,,,,,,,,,,,,,,,,,,,,,,,,5,"[21, 22, 23, 24, 25]",restarts4_cosine,,,,,,,,,,,,,,,,,,,0.0,0.0,0.5118447091997951,0.09899379243794856,0.00917911840006127,0.0017164561085143098,592.8,117.97118292193225,15.0,0.0,15.0,0.0,15.0,0.0,55.8,13.863621460498697,8640.0,2146.625258399798,0.0,0.0,1.0,0.0,0.0,0.0,2845440.0,566261.6780252748,0.0,0.0,8892.0,1769.5677438289838,10214400.0,0.0,13.29884714611345,2.3032477249029903,13.332562975087736,2.282114513889611,6.067602432631846,0.5010177749228425,3.1222495537267188,1.529520708205959,23.44149836521226,2.185404119455869,,,,,,,,,,,,,,,,,,,,,,,,,,,,,,,,,,,,,,,,,,,,,,,,,,,,,,,,,,,,,,,,,,
diagnosis_fd001_reliability,restarts4_cosine,cmapss:FD001,diagnosis,joint | full | gaussian_fitted,,,,,,,,,,,,,,,,,,,,,,,,,,,,,,,,,,,,,,,,,,,5,"[21, 22, 23, 24, 25]",restarts4_cosine,,,,,,,,,,,,,,,,,,,,,,,,,,,,,,,,,,,,,,,,,,,,,,,,,,,,,,,,,,,,,0.1,0.0,15.0,0.0,238.90447678069842,19.952976585954264,966.3883059352733,101.52827232586247,0.03504406974516191,0.05209847353488447,0.5491872329927485,0.08758379821329398,0.830587648791313,0.013753908417570916,0.8752769673071598,0.009811440990005365,0.4900608467560259,0.019161545659834415,0.7654076869314459,0.030867804835123403,0.9992908612107936,0.0009958389225129336,0.9994944439240374,0.00043597279631537314,0.9254430276796048,0.018121707433348472,0.7410635634161997,0.019920647252168328,296.4,58.98559146096613,0.0,0.0,0.0,0.0,0.0,0.0,296.4,58.98559146096613,131.2,27.30750812505601,0.7097929171999009,0.023123280946444634,0.5188923864037801,0.06668629096694599,200.0,0.0,0.1,0.0,0.03504406974516191,0.05209847353488447,0.03504406974516191,0.05209847353488447,0.03504406974516191,0.05209847353488447,0.2,0.447213595499958,0.5491872329927485,0.087583798213294,0.5491872329927485,0.08758379821329398,0.0,0.0,15.0,0.0,,
diagnosis_fd001_reliability,restarts4_cosine,cmapss:FD001,diagnosis,independent | full | gaussian_fitted,,,,,,,,,,,,,,,,,,,,,,,,,,,,,,,,,,,,,,,,,,,5,"[21, 22, 23, 24, 25]",restarts4_cosine,,,,,,,,,,,,,,,,,,,,,,,,,,,,,,,,,,,,,,,,,,,,,,,,,,,,,,,,,,,,,0.1,0.0,15.0,0.0,254.50202638414817,27.17407751682069,456.42489974039034,60.30547630229791,0.03960289327457367,0.07006064151059203,0.3818090798684593,0.14879385974739684,0.7663095415211811,0.0171795470497247,0.818958089917183,0.013639955753357818,0.4838145729019835,0.023229108082826886,0.5233349937431967,0.038541451312842034,0.9781494498694165,0.011131369373728436,0.9502550220994765,0.023002338909760115,0.9158956161914616,0.018313085323210024,0.6560020263949059,0.027047610622599798,296.4,58.98559146096613,0.0,0.0,0.0,0.0,0.0,0.0,296.4,58.98559146096613,179.6,45.11429928525988,0.5952224755913066,0.027740348433020364,0.3459143520226403,0.11173269874664418,200.0,0.0,0.1,0.0,0.03960289327457368,0.07006064151059205,0.03960289327457367,0.07006064151059203,0.03960289327457367,0.07006064151059203,0.2,0.447213595499958,0.38180907986845924,0.14879385974739678,0.3818090798684593,0.14879385974739684,0.0,0.0,15.0,0.0,,
diagnosis_fd001_reliability,restarts4_cosine,cmapss:FD001,diagnosis,marginal_max | full | gaussian_fitted,,,,,,,,,,,,,,,,,,,,,,,,,,,,,,,,,,,,,,,,,,,5,"[21, 22, 23, 24, 25]",restarts4_cosine,,,,,,,,,,,,,,,,,,,,,,,,,,,,,,,,,,,,,,,,,,,,,,,,,,,,,,,,,,,,,0.1,0.0,15.0,0.0,81.0862198231364,27.073787496753294,250.33928802187174,10.999479123714163,0.049635775992878384,0.09207111736670716,0.25096748887018167,0.23173341933682517,0.7481538874843976,0.016985108184231542,0.7796790114207621,0.020243889258115887,0.46024451243592523,0.018625282012306694,0.5361333216156862,0.039679814381814095,0.9335293360501857,0.026184480261754406,0.901153432456339,0.032077491584691545,0.9237288432959929,0.030621143517910513,0.6560020263949059,0.027047610622599798,296.4,58.98559146096613,0.0,0.0,0.0,0.0,0.0,0.0,296.4,58.98559146096613,218.8,77.05322835546866,0.5952224755913066,0.027740348433020364,0.22516111027144,0.1879601356678194,200.0,0.0,0.1,0.0,0.04963577599287837,0.09207111736670714,0.049635775992878384,0.09207111736670716,0.049635775992878384,0.09207111736670716,0.2,0.447213595499958,0.25096748887018155,0.23173341933682515,0.25096748887018167,0.23173341933682517,0.0,0.0,15.0,0.0,,
diagnosis_fd001_reliability,restarts4_cosine,cmapss:FD001,diagnosis,conditional_max | full | gaussian_fitted,,,,,,,,,,,,,,,,,,,,,,,,,,,,,,,,,,,,,,,,,,,5,"[21, 22, 23, 24, 25]",restarts4_cosine,,,,,,,,,,,,,,,,,,,,,,,,,,,,,,,,,,,,,,,,,,,,,,,,,,,,,,,,,,,,,0.1,0.0,15.0,0.0,86.55814760047726,28.056622065674105,497.9363222474734,66.7654747626599,0.049635775992878384,0.09207111736670716,0.4495245849691349,0.16668526912915999,0.8174031717068733,0.014997429895713277,0.8612657144418293,0.012410372820439249,0.46132929246401116,0.012923866235950765,0.737424065904822,0.04697645162561392,0.9937717984803045,0.005026035515201798,0.9946499252333636,0.0039308185867565565,0.9258550252796056,0.032036853301572785,0.7410635634161997,0.019920647252168328,296.4,58.98559146096613,0.0,0.0,0.0,0.0,0.0,0.0,296.4,58.98559146096613,160.0,52.07206544780032,0.7097929171999009,0.023123280946444634,0.42996820637039324,0.13668713442391237,200.0,0.0,0.1,0.0,0.04963577599287837,0.09207111736670714,0.049635775992878384,0.09207111736670716,0.049635775992878384,0.09207111736670716,0.2,0.447213595499958,0.4495245849691349,0.16668526912915996,0.4495245849691349,0.16668526912915999,0.0,0.0,15.0,0.0,,
diagnosis_fd001_reliability,restarts4_cosine,cmapss:FD001,diagnosis,relational_max | full | gaussian_fitted,,,,,,,,,,,,,,,,,,,,,,,,,,,,,,,,,,,,,,,,,,,5,"[21, 22, 23, 24, 25]",restarts4_cosine,,,,,,,,,,,,,,,,,,,,,,,,,,,,,,,,,,,,,,,,,,,,,,,,,,,,,,,,,,,,,0.1,0.0,15.0,0.0,6.676501997565301,2.5757432750707676,494.15440775491817,83.5512453870863,0.05509907956951369,0.0595833331067368,0.6302907980785927,0.0783046498044656,0.832902102277387,0.006780510175323377,0.8815951058656178,0.006418016628601411,0.48921931416087966,0.03883255679409983,0.874548891875955,0.033337435883197826,0.9999805780435744,2.6923049878463287e-05,0.9997730530339226,0.0005074688434363837,0.8345753916302406,0.029292438473992734,0.7004512470653232,0.018713763915163426,296.4,58.98559146096613,0.0,0.0,0.0,0.0,0.0,0.0,296.4,58.98559146096613,107.8,26.37612556839992,0.6942964830169223,0.033874773909921864,0.5973157975549137,0.05276792882852846,200.0,0.0,0.1,0.0,0.05509907956951369,0.059583333106736816,0.05509907956951369,0.0595833331067368,0.05509907956951369,0.0595833331067368,0.4,0.5477225575051662,0.6302907980785927,0.07830464980446565,0.6302907980785927,0.0783046498044656,0.0,0.0,15.0,0.0,,
diagnosis_fd001_reliability,restarts4_cosine,cmapss:FD001,diagnosis,detector | full | mahalanobis_refit,,,,,,,,,,,,,,,,,,,,,,,,,,,,,0.062416470000061966,0.07791976148834387,,,,,,,,,,,,,5,"[21, 22, 23, 24, 25]",restarts4_cosine,,,,,,,,,,,,,,,,,,,,,0.10226750899983017,0.08716119600410298,,,,,15.0,0.0,15.0,0.0,15.0,0.0,,,,,,,,,,,,,,,,,,,,,,,,,,,,,0.1,0.0,15.0,0.0,449.5802978515625,40.014047494297564,2056.3887939453125,217.20790847758437,0.032544069745161906,0.0467255431276333,0.552697675564653,0.08200627504188131,0.8307568929903058,0.013714631992891167,0.8755628051281723,0.009747823236886144,0.49097581514368027,0.020253741749293976,0.7659163758392247,0.030405529151187837,0.9993169198427154,0.0009403496923883598,0.9995034936977932,0.0004459243223174431,0.924766794499198,0.01786431044626352,,,,,,,,,,,,,,,,,,,200.0,0.0,0.1,0.0,0.03254406974516191,0.046725543127633315,0.032544069745161906,0.0467255431276333,0.032544069745161906,0.0467255431276333,0.2,0.447213595499958,0.552697675564653,0.08200627504188132,0.552697675564653,0.08200627504188131,0.0,0.0,15.0,0.0,1.0,0.0
diagnosis_fd001_reliability,restarts4_cosine,cmapss:FD001,diagnosis,detector | full | mahalanobis_impute,,,,,,,,,,,,,,,,,,,,,,,,,,,,,0.09716104319995793,0.06735190789531542,,,,,,,,,,,,,5,"[21, 22, 23, 24, 25]",restarts4_cosine,,,,,,,,,,,,,,,,,,,,,0.04257685400007176,0.004048248104013415,,,,,15.0,0.0,15.0,0.0,15.0,0.0,,,,,,,,,,,,,,,,,,,,,,,,,,,,,0.1,0.0,15.0,0.0,449.5802978515625,40.014047494297564,2056.3887939453125,217.20790847758437,0.032544069745161906,0.0467255431276333,0.552697675564653,0.08200627504188131,0.8307568929903058,0.013714631992891167,0.8755628051281723,0.009747823236886144,0.49097581514368027,0.020253741749293976,0.7659163758392247,0.030405529151187837,0.9993169198427154,0.0009403496923883598,0.9995034936977932,0.0004459243223174431,0.924766794499198,0.01786431044626352,,,,,,,,,,,,,,,,,,,200.0,0.0,0.1,0.0,0.03254406974516191,0.046725543127633315,0.032544069745161906,0.0467255431276333,0.032544069745161906,0.0467255431276333,0.2,0.447213595499958,0.552697675564653,0.08200627504188132,0.552697675564653,0.08200627504188131,0.0,0.0,15.0,0.0,1.0,0.0
diagnosis_fd001_reliability,restarts4_cosine,cmapss:FD001,diagnosis,detector | full | gmm_refit,,,,,,,,,,,,,,,,,,,,,,,,,,,,,2.468425037400084,0.29134557685569606,,,,,,,,,,,,,5,"[21, 22, 23, 24, 25]",restarts4_cosine,,,,,,,,,,,,,,,,,,,,,2.497043794199999,0.2862588519870532,,,,,15.0,0.0,15.0,0.0,15.0,0.0,,,,,,,,,,,,,,,,,,,,,,,,,,,,,0.1,0.0,15.0,0.0,409.52796630859376,96.73161668529337,2127.7951522827148,285.74180882062143,0.03752689726660088,0.028065114930894666,0.51250463914448,0.09025138955941657,0.8142316343571816,0.017650324815010762,0.8609074001905761,0.016910292929881148,0.4973389829642447,0.025547509511537708,0.7335893809575488,0.05925343540085749,0.9886993926642662,0.019930464058622206,0.9952594945396331,0.005652370726387663,0.8824273277368574,0.05017085708714952,,,,,,,,,,,,,,,,,,,200.0,0.0,0.1,0.0,0.03752689726660088,0.028065114930894666,0.03752689726660088,0.028065114930894666,0.03752689726660088,0.028065114930894666,0.0,0.0,0.51250463914448,0.09025138955941661,0.51250463914448,0.09025138955941657,0.0,0.0,15.0,0.0,1.0,0.0
diagnosis_fd001_reliability,restarts4_cosine,cmapss:FD001,diagnosis,detector | full | gmm_impute,,,,,,,,,,,,,,,,,,,,,,,,,,,,,2.1535830373999487,1.0273946778483958,,,,,,,,,,,,,5,"[21, 22, 23, 24, 25]",restarts4_cosine,,,,,,,,,,,,,,,,,,,,,0.024613992599915945,0.007932607949540763,,,,,15.0,0.0,15.0,0.0,15.0,0.0,,,,,,,,,,,,,,,,,,,,,,,,,,,,,0.1,0.0,15.0,0.0,409.52796630859376,96.73161668529337,2127.7951522827148,285.74180882062143,0.03752689726660088,0.028065114930894666,0.51250463914448,0.09025138955941657,0.8142316343571816,0.017650324815010762,0.8609074001905761,0.016910292929881148,0.4973389829642447,0.025547509511537708,0.7335893809575488,0.05925343540085749,0.9886993926642662,0.019930464058622206,0.9952594945396331,0.005652370726387663,0.8824273277368574,0.05017085708714952,,,,,,,,,,,,,,,,,,,200.0,0.0,0.1,0.0,0.03752689726660088,0.028065114930894666,0.03752689726660088,0.028065114930894666,0.03752689726660088,0.028065114930894666,0.0,0.0,0.51250463914448,0.09025138955941661,0.51250463914448,0.09025138955941657,0.0,0.0,15.0,0.0,1.0,0.0
diagnosis_fd001_reliability,restarts4_cosine,cmapss:FD001,diagnosis,detector | full | knn_refit,,,,,,,,,,,,,,,,,,,,,,,,,,,,,0.010666572599802748,0.0009674145075616917,,,,,,,,,,,,,5,"[21, 22, 23, 24, 25]",restarts4_cosine,,,,,,,,,,,,,,,,,,,,,0.045318562799911886,0.013851285194506574,,,,,15.0,0.0,15.0,0.0,15.0,0.0,,,,,,,,,,,,,,,,,,,,,,,,,,,,,0.1,0.0,15.0,0.0,12.52821750640869,1.201518726023769,8.490933609008788,0.6082815314785511,0.061423614623586295,0.1197574626640749,0.3483839886939129,0.20754004721146274,0.7942792667355454,0.01295479678334768,0.8326573299824698,0.015318477035500221,0.4797729286461788,0.013468887613842604,0.6860298961355114,0.05287447614859815,0.9920359394670715,0.005033570421450417,0.9926384100605846,0.005511883377761654,0.8518197660225629,0.049260675911290984,,,,,,,,,,,,,,,,,,,200.0,0.0,0.1,0.0,0.06142361462358629,0.11975746266407487,0.061423614623586295,0.1197574626640749,0.061423614623586295,0.1197574626640749,0.2,0.447213595499958,0.3483839886939129,0.20754004721146288,0.3483839886939129,0.20754004721146274,0.0,0.0,15.0,0.0,1.0,0.0
diagnosis_fd001_reliability,restarts4_cosine,cmapss:FD001,diagnosis,detector | full | knn_impute,,,,,,,,,,,,,,,,,,,,,,,,,,,,,0.009167964400148776,0.003886443479887892,,,,,,,,,,,,,5,"[21, 22, 23, 24, 25]",restarts4_cosine,,,,,,,,,,,,,,,,,,,,,0.006687943399811047,0.0007538286880234213,,,,,15.0,0.0,15.0,0.0,15.0,0.0,,,,,,,,,,,,,,,,,,,,,,,,,,,,,0.1,0.0,15.0,0.0,12.52821750640869,1.201518726023769,8.490933609008788,0.6082815314785511,0.061423614623586295,0.1197574626640749,0.3483839886939129,0.20754004721146274,0.7942792667355454,0.01295479678334768,0.8326573299824698,0.015318477035500221,0.4797729286461788,0.013468887613842604,0.6860298961355114,0.05287447614859815,0.9920359394670715,0.005033570421450417,0.9926384100605846,0.005511883377761654,0.8518197660225629,0.049260675911290984,,,,,,,,,,,,,,,,,,,200.0,0.0,0.1,0.0,0.06142361462358629,0.11975746266407487,0.061423614623586295,0.1197574626640749,0.061423614623586295,0.1197574626640749,0.2,0.447213595499958,0.3483839886939129,0.20754004721146288,0.3483839886939129,0.20754004721146274,0.0,0.0,15.0,0.0,1.0,0.0
diagnosis_fd001_reliability,restarts4_cosine,cmapss:FD001,diagnosis,query random1:1 | circuit,,,,,,,,,,,,,,,,,,,,,,,,,,,,,,,,,,,,,,,,,,,5,"[21, 22, 23, 24, 25]",restarts4_cosine,,,,,,,,,,,,,,,,,,,0.0,0.0,0.39418673520012815,0.06413713467166303,0.1531784250002602,0.006548219884263349,592.8,117.97118292193225,14.0,0.0,14.0,0.0,14.0,0.0,52.2,12.96919426949878,1248676.2,310236.0961206803,0.0,0.0,1.0,0.0,0.0,0.0,411230695.2,81837671.3335907,0.0,0.0,8892.0,1769.5677438289838,0.0,0.0,14.766015434265137,4.737631599521664,15.013860321044922,4.57023255654294,8.188107585906982,1.5874823615449527,1.5430136770009995,2.8326102423768864,27.31602783203125,5.597828996996712,,,,,,,,,,,,,,,,,,,,,,,,,,,,,,,,,,,,,,,,,,,,,,,,,,,,,,,,,,,,,,,,,,
diagnosis_fd001_reliability,restarts4_cosine,cmapss:FD001,diagnosis,joint | random1:1 | circuit,,,,,,,,,,,,,,,,,,,,,,,,,,,,,,,,,,,,,,,,,,,5,"[21, 22, 23, 24, 25]",restarts4_cosine,,,,,,,,,,,,,,,,,,,,,,,,,,,,,,,,,,,,,,,,,,,,,,,,,,,,,,,,,,,,,0.1,0.0,15.0,0.0,15.624524927139282,10.443445047128419,2810.4088623046873,976.1074634427843,0.02597049243150029,0.03556190266855647,0.5551568266836575,0.05892874427100423,0.8215815911598782,0.020710436533043827,0.8702171853230901,0.017581938057617204,0.5055390479671507,0.026727265357612752,0.716453895421379,0.03796934210761516,0.9995194342711515,0.0006613846284703526,0.9991033507850101,0.0015407444832905527,0.915001890025939,0.02983164281820066,0.745791645658475,0.02960805971847343,290.8,58.52093642449683,5.6,0.8944271909999159,0.0,0.0,0.0,0.0,290.8,58.52093642449683,124.4,20.574255758107025,0.7098015240744227,0.038308599522051116,0.5401105793777365,0.0502814394804685,200.0,0.0,0.1,0.0,0.02597049243150029,0.035561902668556473,0.02597049243150029,0.03556190266855647,0.02597049243150029,0.03556190266855647,0.0,0.0,0.5551568266836576,0.05892874427100413,0.5551568266836575,0.05892874427100423,0.0,0.0,15.0,0.0,,
diagnosis_fd001_reliability,restarts4_cosine,cmapss:FD001,diagnosis,independent | random1:1 | circuit,,,,,,,,,,,,,,,,,,,,,,,,,,,,,,,,,,,,,,,,,,,5,"[21, 22, 23, 24, 25]",restarts4_cosine,,,,,,,,,,,,,,,,,,,,,,,,,,,,,,,,,,,,,,,,,,,,,,,,,,,,,,,,,,,,,0.1,0.0,15.0,0.0,42.11517524719238,16.610634034146294,2778.4482666015624,987.780237802928,0.027735198313853227,0.038093454579336106,0.4719254969979433,0.055258135090742996,0.7707059210857026,0.02244745626489395,0.829164505886655,0.02150577546316101,0.49910237090413007,0.02658539591259449,0.514940615314022,0.03830645032205259,0.9886169267105218,0.006994938712414647,0.984136372598934,0.018246509421495184,0.8909840343981752,0.041537779935369626,0.6832176735288471,0.037640557368982294,290.8,58.52093642449683,5.6,0.8944271909999159,0.0,0.0,0.0,0.0,290.8,58.52093642449683,149.2,24.843510218968657,0.6231302133814676,0.05040210348756722,0.45914114751162316,0.04581662060460824,200.0,0.0,0.1,0.0,0.027735198313853227,0.038093454579336106,0.027735198313853227,0.038093454579336106,0.027735198313853227,0.038093454579336106,0.0,0.0,0.47192549699794323,0.05525813509074294,0.4719254969979433,0.055258135090742996,0.0,0.0,15.0,0.0,,
diagnosis_fd001_reliability,restarts4_cosine,cmapss:FD001,diagnosis,marginal_max | random1:1 | circuit,,,,,,,,,,,,,,,,,,,,,,,,,,,,,,,,,,,,,,,,,,,5,"[21, 22, 23, 24, 25]",restarts4_cosine,,,,,,,,,,,,,,,,,,,,,,,,,,,,,,,,,,,,,,,,,,,,,,,,,,,,,,,,,,,,,0.1,0.0,15.0,0.0,31.97476921081543,2.597095865015364,2242.5881103515626,1262.9774610054187,0.013323076236048536,0.022035970330275455,0.5664916198665971,0.0518186490896399,0.7896341470926183,0.018114320432306808,0.8516929622786711,0.016246512040019628,0.4930438647733194,0.02400643589686917,0.5165591934087506,0.06154224038022085,0.9987664390882991,0.002103650534215828,0.997972928094177,0.002777166038404408,0.9552126180291467,0.012915490693719984,0.6832176735288471,0.037640557368982294,290.8,58.52093642449683,5.6,0.8944271909999159,0.0,0.0,0.0,0.0,290.8,58.52093642449683,121.2,21.004761364985796,0.6231302133814676,0.05040210348756722,0.5609254376358493,0.050727766179916374,200.0,0.0,0.1,0.0,0.01332307623604854,0.022035970330275465,0.013323076236048536,0.022035970330275455,0.013323076236048536,0.022035970330275455,0.0,0.0,0.566491619866597,0.05181864908963983,0.5664916198665971,0.0518186490896399,0.0,0.0,15.0,0.0,,
diagnosis_fd001_reliability,restarts4_cosine,cmapss:FD001,diagnosis,conditional_max | random1:1 | circuit,,,,,,,,,,,,,,,,,,,,,,,,,,,,,,,,,,,,,,,,,,,5,"[21, 22, 23, 24, 25]",restarts4_cosine,,,,,,,,,,,,,,,,,,,,,,,,,,,,,,,,,,,,,,,,,,,,,,,,,,,,,,,,,,,,,0.1,0.0,15.0,0.0,29.51868438720703,1.9541396408530676,2247.574499511719,1262.8328390665956,0.01602708922490078,0.020034671372737713,0.6448783603065837,0.04313750916552789,0.8376603399948814,0.01737512225253849,0.8877909127070043,0.01426793952723491,0.48617472868865014,0.023629287751593116,0.7636151165169947,0.03206063851225028,0.9999346191565872,0.00014619601029746153,1.0,0.0,0.961498534421471,0.009758930068819801,0.745791645658475,0.02960805971847343,290.8,58.52093642449683,5.6,0.8944271909999159,0.0,0.0,0.0,0.0,290.8,58.52093642449683,97.8,12.735776379946376,0.7098015240744227,0.038308599522051116,0.6363834456849897,0.04337552278687491,200.0,0.0,0.1,0.0,0.01602708922490078,0.02003467137273771,0.01602708922490078,0.020034671372737713,0.01602708922490078,0.020034671372737713,0.0,0.0,0.6448783603065837,0.04313750916552784,0.6448783603065837,0.04313750916552789,0.0,0.0,15.0,0.0,,
diagnosis_fd001_reliability,restarts4_cosine,cmapss:FD001,diagnosis,relational_max | random1:1 | circuit,,,,,,,,,,,,,,,,,,,,,,,,,,,,,,,,,,,,,,,,,,,5,"[21, 22, 23, 24, 25]",restarts4_cosine,,,,,,,,,,,,,,,,,,,,,,,,,,,,,,,,,,,,,,,,,,,,,,,,,,,,,,,,,,,,,0.1,0.0,15.0,0.0,6.177176856994629,1.3358284539012928,144.03404083251954,12.920217883190162,0.049989111779974435,0.043357602671559706,0.5000246998809651,0.04392786278923539,0.7698631591673776,0.01476504713201586,0.8270435081095933,0.00926311883139485,0.5052166765789121,0.018052123791067444,0.8226127415778721,0.037693589918310615,0.9792601728486645,0.0062656866854309,0.9740135462430445,0.02063598118383757,0.6250580312949612,0.02780330662678694,0.5670964433615973,0.01654818964368375,290.8,58.52093642449683,5.6,0.8944271909999159,0.0,0.0,4.6,7.536577472566709,286.2,55.81845572926574,139.2,25.577333715616255,0.5482654062976281,0.029544045696253234,0.4240399826148164,0.03490147088245017,200.0,0.0,0.1,0.0,0.049989111779974435,0.04335760267155972,0.049989111779974435,0.043357602671559706,0.049989111779974435,0.043357602671559706,0.2,0.44721359549995804,0.5000246998809651,0.04392786278923548,0.5000246998809651,0.04392786278923539,0.0,0.0,15.0,0.0,,
diagnosis_fd001_reliability,restarts4_cosine,cmapss:FD001,diagnosis,query random1:1 | gaussian_fitted,,,,,,,,,,,,,,,,,,,,,,,,,,,,,,,,,,,,,,,,,,,5,"[21, 22, 23, 24, 25]",restarts4_cosine,,,,,,,,,,,,,,,,,,,0.0,0.0,0.41499611380004353,0.08413983333344933,0.0065991917999781435,0.0004611793366468318,592.8,117.97118292193225,14.0,0.0,14.0,0.0,14.0,0.0,52.2,12.96919426949878,7560.0,1878.2971010998233,0.0,0.0,1.0,0.0,0.0,0.0,2489760.0,495478.96827211545,0.0,0.0,8892.0,1769.5677438289838,17814720.0,0.0,12.839176587245756,2.0294032499328996,12.854387250077924,2.021885054846293,5.707879282916298,0.48412206380619305,3.5264651977253623,1.1399056840929445,22.149326943723782,1.8534922136589604,,,,,,,,,,,,,,,,,,,,,,,,,,,,,,,,,,,,,,,,,,,,,,,,,,,,,,,,,,,,,,,,,,
diagnosis_fd001_reliability,restarts4_cosine,cmapss:FD001,diagnosis,joint | random1:1 | gaussian_fitted,,,,,,,,,,,,,,,,,,,,,,,,,,,,,,,,,,,,,,,,,,,5,"[21, 22, 23, 24, 25]",restarts4_cosine,,,,,,,,,,,,,,,,,,,,,,,,,,,,,,,,,,,,,,,,,,,,,,,,,,,,,,,,,,,,,0.1,0.0,15.0,0.0,215.62837798157489,15.816121241165748,953.1695628228642,110.48832297128506,0.03004018775758427,0.039543595601116,0.54988386641173,0.08309742863908942,0.8273348007265042,0.013837834105172588,0.8731234130497671,0.01020219816437587,0.4879786480382016,0.02184804109569417,0.7609449696938451,0.03133981249772738,0.9993383032621258,0.001016794396819239,0.999457464934513,0.00071149857583658,0.9169540272790737,0.019019261690196212,0.7460122390018468,0.018180662537943607,290.8,58.52093642449683,5.6,0.8944271909999159,0.0,0.0,0.0,0.0,290.8,58.52093642449683,125.6,25.451915448547286,0.709189090294305,0.020314910708921895,0.5214233731293016,0.06302778948675189,200.0,0.0,0.1,0.0,0.030040187757584276,0.039543595601116005,0.03004018775758427,0.039543595601116,0.03004018775758427,0.039543595601116,0.0,0.0,0.5498838664117299,0.08309742863908938,0.54988386641173,0.08309742863908942,0.0,0.0,15.0,0.0,,
diagnosis_fd001_reliability,restarts4_cosine,cmapss:FD001,diagnosis,independent | random1:1 | gaussian_fitted,,,,,,,,,,,,,,,,,,,,,,,,,,,,,,,,,,,,,,,,,,,5,"[21, 22, 23, 24, 25]",restarts4_cosine,,,,,,,,,,,,,,,,,,,,,,,,,,,,,,,,,,,,,,,,,,,,,,,,,,,,,,,,,,,,,0.1,0.0,15.0,0.0,230.35593734359227,23.633861320714033,453.43714482472404,63.71217301654832,0.03640436386280897,0.059765951782890785,0.38133843710242143,0.13865526120587582,0.7628713858461199,0.017725237892027693,0.8166060296879168,0.01412877600491056,0.4826215035729094,0.025168041430975698,0.5217160895926792,0.039851398579605714,0.9771191966127425,0.013050588293990483,0.944930578050176,0.018405647288309523,0.9082581715143474,0.01826617067693079,0.6624827004710159,0.02733212361862597,290.8,58.52093642449683,5.6,0.8944271909999159,0.0,0.0,0.0,0.0,290.8,58.52093642449683,174.6,42.910371706616566,0.5935553903194888,0.02820994215099669,0.3466898272690248,0.10233994338055352,200.0,0.0,0.1,0.0,0.03640436386280897,0.059765951782890785,0.03640436386280897,0.059765951782890785,0.03640436386280897,0.059765951782890785,0.2,0.447213595499958,0.38133843710242143,0.13865526120587573,0.38133843710242143,0.13865526120587582,0.0,0.0,15.0,0.0,,
diagnosis_fd001_reliability,restarts4_cosine,cmapss:FD001,diagnosis,marginal_max | random1:1 | gaussian_fitted,,,,,,,,,,,,,,,,,,,,,,,,,,,,,,,,,,,,,,,,,,,5,"[21, 22, 23, 24, 25]",restarts4_cosine,,,,,,,,,,,,,,,,,,,,,,,,,,,,,,,,,,,,,,,,,,,,,,,,,,,,,,,,,,,,,0.1,0.0,15.0,0.0,81.0862198231364,27.073787496753294,251.2189274024484,10.488222510497582,0.049635775992878384,0.09207111736670716,0.2503424888701816,0.23034606837082444,0.7432570126542494,0.015237427841844606,0.7766893574695304,0.019752104432832856,0.4574785663149199,0.023899315833867896,0.5287457119699424,0.03774337201344525,0.9332238524917106,0.026367775205196363,0.896508279291637,0.03179524430281499,0.914550198801952,0.028673134098157475,0.6624827004710159,0.02733212361862597,290.8,58.52093642449683,5.6,0.8944271909999159,0.0,0.0,0.0,0.0,290.8,58.52093642449683,213.6,76.25483591222263,0.5935553903194888,0.02820994215099669,0.22453611027144005,0.1865710495295672,200.0,0.0,0.1,0.0,0.04963577599287837,0.09207111736670714,0.049635775992878384,0.09207111736670716,0.049635775992878384,0.09207111736670716,0.2,0.447213595499958,0.2503424888701816,0.23034606837082436,0.2503424888701816,0.23034606837082444,0.0,0.0,15.0,0.0,,
diagnosis_fd001_reliability,restarts4_cosine,cmapss:FD001,diagnosis,conditional_max | random1:1 | gaussian_fitted,,,,,,,,,,,,,,,,,,,,,,,,,,,,,,,,,,,,,,,,,,,5,"[21, 22, 23, 24, 25]",restarts4_cosine,,,,,,,,,,,,,,,,,,,,,,,,,,,,,,,,,,,,,,,,,,,,,,,,,,,,,,,,,,,,,0.1,0.0,15.0,0.0,86.86245357336696,28.299309291364718,495.6312951343366,67.15503530218666,0.049635775992878384,0.09207111736670716,0.4478329677534599,0.16597448434485554,0.8140786509019284,0.014683392280629736,0.8586678003359183,0.011851046627754807,0.4629413309995905,0.020028303519127676,0.7305084943532816,0.03917643666007596,0.9937698553328749,0.0049218211880913245,0.9945406285370119,0.003921187483175175,0.9158005301343701,0.02754398408912954,0.7460122390018468,0.018180662537943607,290.8,58.52093642449683,5.6,0.8944271909999159,0.0,0.0,0.0,0.0,290.8,58.52093642449683,155.0,50.97548430373173,0.709189090294305,0.020314910708921895,0.42765158915471824,0.13472081625487764,200.0,0.0,0.1,0.0,0.04963577599287837,0.09207111736670714,0.049635775992878384,0.09207111736670716,0.049635775992878384,0.09207111736670716,0.2,0.447213595499958,0.4478329677534599,0.16597448434485554,0.4478329677534599,0.16597448434485554,0.0,0.0,15.0,0.0,,
diagnosis_fd001_reliability,restarts4_cosine,cmapss:FD001,diagnosis,relational_max | random1:1 | gaussian_fitted,,,,,,,,,,,,,,,,,,,,,,,,,,,,,,,,,,,,,,,,,,,5,"[21, 22, 23, 24, 25]",restarts4_cosine,,,,,,,,,,,,,,,,,,,,,,,,,,,,,,,,,,,,,,,,,,,,,,,,,,,,,,,,,,,,,0.1,0.0,15.0,0.0,6.683549432703577,2.6353742127551145,492.128741094327,82.33069908971851,0.05633037774662336,0.062343924934664625,0.6198066487982452,0.08578290964497488,0.8257599950568417,0.011681414536724263,0.8766707423635648,0.009266944608078767,0.474985579460734,0.04337572187259387,0.8624654849555446,0.03010776900752378,0.9999784455348489,3.0569822694717694e-05,0.9997849976110846,0.0004807599569397502,0.8265336110129177,0.036978595714433765,0.7065292909546952,0.01719920001370639,290.8,58.52093642449683,5.6,0.8944271909999159,0.0,0.0,0.2,0.447213595499958,290.6,58.423454194355884,104.8,25.113741258522197,0.6969889967650381,0.02855345949101798,0.5853794044902403,0.061211143115063156,200.0,0.0,0.1,0.0,0.05633037774662336,0.06234392493466463,0.05633037774662336,0.062343924934664625,0.05633037774662336,0.062343924934664625,0.4,0.5477225575051662,0.6198066487982453,0.08578290964497495,0.6198066487982452,0.08578290964497488,0.0,0.0,15.0,0.0,,
diagnosis_fd001_reliability,restarts4_cosine,cmapss:FD001,diagnosis,detector | random1:1 | mahalanobis_refit,,,,,,,,,,,,,,,,,,,,,,,,,,,,,0.18386464400027763,0.18638842873018122,,,,,,,,,,,,,5,"[21, 22, 23, 24, 25]",restarts4_cosine,,,,,,,,,,,,,,,,,,,,,0.16071252179990553,0.15581916427130613,,,,,14.0,0.0,14.0,0.0,14.0,0.0,,,,,,,,,,,,,,,,,,,,,,,,,,,,,0.1,0.0,15.0,0.0,420.96397094726564,31.894183697113572,2025.6992614746093,241.9693079983985,0.029378423051701918,0.036715021643715436,0.553992843185589,0.07947259578969558,0.8276905955556085,0.013798904450248029,0.8735573547234171,0.010161143085057492,0.48866149615996274,0.02234211569640972,0.7622799716314456,0.0310641092691071,0.9993427709342511,0.000989394050772915,0.9994694095116751,0.0007170965138624511,0.9166943380616029,0.019021112475380506,,,,,,,,,,,,,,,,,,,200.0,0.0,0.1,0.0,0.029378423051701914,0.03671502164371542,0.029378423051701918,0.036715021643715436,0.029378423051701918,0.036715021643715436,0.0,0.0,0.5539928431855887,0.07947259578969555,0.553992843185589,0.07947259578969558,0.0,0.0,15.0,0.0,2.0,0.0
diagnosis_fd001_reliability,restarts4_cosine,cmapss:FD001,diagnosis,detector | random1:1 | mahalanobis_impute,,,,,,,,,,,,,,,,,,,,,,,,,,,,,0.09716104319995793,0.06735190789531542,,,,,,,,,,,,,5,"[21, 22, 23, 24, 25]",restarts4_cosine,,,,,,,,,,,,,,,,,,,,,0.043285725599889704,0.01056992464887707,,,,,14.0,0.0,14.0,0.0,14.0,0.0,,,,,,,,,,,,,,,,,,,,,,,,,,,,,0.1,0.0,15.0,0.0,439.9566345214844,41.152389378589135,2047.1424774169923,259.1069105593536,0.032576952463466625,0.04646742870397392,0.5385149960038536,0.0903345853866196,0.8241621722860992,0.013625077688213156,0.8710193040064711,0.010034977734465225,0.48485249681612946,0.02303217972379648,0.7541835484762845,0.02968312132102438,0.99908111653146,0.0013552445857777109,0.9992705001506001,0.000865346274554882,0.9122789804107576,0.020916343272201682,,,,,,,,,,,,,,,,,,,200.0,0.0,0.1,0.0,0.03257695246346663,0.04646742870397393,0.032576952463466625,0.04646742870397392,0.032576952463466625,0.04646742870397392,0.2,0.447213595499958,0.5385149960038536,0.09033458538661968,0.5385149960038536,0.0903345853866196,0.0,0.0,15.0,0.0,1.0,0.0
diagnosis_fd001_reliability,restarts4_cosine,cmapss:FD001,diagnosis,detector | random1:1 | gmm_refit,,,,,,,,,,,,,,,,,,,,,,,,,,,,,5.041502170600142,2.2059378115357253,,,,,,,,,,,,,5,"[21, 22, 23, 24, 25]",restarts4_cosine,,,,,,,,,,,,,,,,,,,,,2.6026174294001976,2.012853522762629,,,,,14.0,0.0,14.0,0.0,14.0,0.0,,,,,,,,,,,,,,,,,,,,,,,,,,,,,0.1,0.0,15.0,0.0,318.11353759765626,64.45200758088791,2270.60373840332,989.5356716805958,0.05722910867980152,0.05598819036373278,0.5645514402735939,0.06758630704183287,0.8099647348186869,0.02083336132835904,0.8555711056951925,0.02613656923294065,0.4994114541673282,0.02475987608044266,0.7249991245089804,0.05682745570106839,0.9827441302043459,0.028738781509614307,0.9915768464363719,0.012313880017514593,0.8777023065631055,0.05514712949987982,,,,,,,,,,,,,,,,,,,200.0,0.0,0.1,0.0,0.05722910867980151,0.05598819036373277,0.05722910867980152,0.05598819036373278,0.05722910867980152,0.05598819036373278,0.2,0.447213595499958,0.5645514402735939,0.0675863070418329,0.5645514402735939,0.06758630704183287,0.0,0.0,15.0,0.0,2.0,0.0
diagnosis_fd001_reliability,restarts4_cosine,cmapss:FD001,diagnosis,detector | random1:1 | gmm_impute,,,,,,,,,,,,,,,,,,,,,,,,,,,,,2.1535830373999487,1.0273946778483958,,,,,,,,,,,,,5,"[21, 22, 23, 24, 25]",restarts4_cosine,,,,,,,,,,,,,,,,,,,,,0.02874474240015843,0.007901525099275214,,,,,14.0,0.0,14.0,0.0,14.0,0.0,,,,,,,,,,,,,,,,,,,,,,,,,,,,,0.1,0.0,15.0,0.0,399.1070983886719,87.53089287371611,2102.8420646667482,268.2517589237737,0.037514668632087876,0.03783122524230701,0.5062020897399467,0.08924207069127546,0.8082378836630859,0.017612623096264757,0.8565882532093486,0.017832449396954667,0.48401249771353105,0.025426745055206933,0.725404614507337,0.05429645989093391,0.9874441757345362,0.02114857393177411,0.9931071162327832,0.008372917625914508,0.8785525509059786,0.04889594107655774,,,,,,,,,,,,,,,,,,,200.0,0.0,0.1,0.0,0.037514668632087876,0.037831225242307004,0.037514668632087876,0.03783122524230701,0.037514668632087876,0.03783122524230701,0.0,0.0,0.5062020897399468,0.08924207069127552,0.5062020897399467,0.08924207069127546,0.0,0.0,15.0,0.0,1.0,0.0
diagnosis_fd001_reliability,restarts4_cosine,cmapss:FD001,diagnosis,detector | random1:1 | knn_refit,,,,,,,,,,,,,,,,,,,,,,,,,,,,,0.01965374419960426,0.0036890538785957776,,,,,,,,,,,,,5,"[21, 22, 23, 24, 25]",restarts4_cosine,,,,,,,,,,,,,,,,,,,,,0.04436355139987427,0.016592158379242463,,,,,14.0,0.0,14.0,0.0,14.0,0.0,,,,,,,,,,,,,,,,,,,,,,,,,,,,,0.1,0.0,15.0,0.0,11.898996925354004,1.2009568481216444,8.646504497528076,0.8108338008314562,0.056991801039917446,0.11162807152441429,0.32992394144037884,0.20926986943283257,0.789812939293419,0.014098963373442287,0.8294559669891841,0.015837182426666117,0.47477059423678,0.014346886981778773,0.6754368885746358,0.05009095397296006,0.9915804149952587,0.005154150429229211,0.9897387374917207,0.005177890628483138,0.8486082328012212,0.05327233178199012,,,,,,,,,,,,,,,,,,,200.0,0.0,0.1,0.0,0.05699180103991748,0.11162807152441434,0.056991801039917446,0.11162807152441429,0.056991801039917446,0.11162807152441429,0.2,0.447213595499958,0.3299239414403789,0.20926986943283254,0.32992394144037884,0.20926986943283257,0.0,0.0,15.0,0.0,2.0,0.0
diagnosis_fd001_reliability,restarts4_cosine,cmapss:FD001,diagnosis,detector | random1:1 | knn_impute,,,,,,,,,,,,,,,,,,,,,,,,,,,,,0.009167964400148776,0.003886443479887892,,,,,,,,,,,,,5,"[21, 22, 23, 24, 25]",restarts4_cosine,,,,,,,,,,,,,,,,,,,,,0.006722111599992786,0.00123650535483237,,,,,14.0,0.0,14.0,0.0,14.0,0.0,,,,,,,,,,,,,,,,,,,,,,,,,,,,,0.1,0.0,15.0,0.0,12.454169845581054,1.218083306125996,8.447356796264648,0.9150764364605012,0.0532721488255407,0.10330223850632797,0.317026922080841,0.21234052464433054,0.7831167512879214,0.012191975649122612,0.8240042260671864,0.015146930060531196,0.4685089833524435,0.024703125248269113,0.666227505540994,0.04841312284618983,0.9897945133021084,0.006234063013280492,0.9882685787208786,0.006479414694387163,0.836514128485468,0.053171304707057866,,,,,,,,,,,,,,,,,,,200.0,0.0,0.1,0.0,0.05327214882554069,0.10330223850632796,0.0532721488255407,0.10330223850632797,0.0532721488255407,0.10330223850632797,0.2,0.447213595499958,0.31702692208084104,0.2123405246443305,0.317026922080841,0.21234052464433054,0.0,0.0,15.0,0.0,1.0,0.0
diagnosis_fd001_reliability,restarts4_cosine,cmapss:FD001,diagnosis,query random3:5-8-14 | circuit,,,,,,,,,,,,,,,,,,,,,,,,,,,,,,,,,,,,,,,,,,,5,"[21, 22, 23, 24, 25]",restarts4_cosine,,,,,,,,,,,,,,,,,,,0.0,0.0,0.3544018050002705,0.05462370237801856,0.14648633979995793,0.0057987238096543796,592.8,117.97118292193225,12.0,0.0,12.0,0.0,12.0,0.0,45.0,11.180339887498949,1076445.0,267444.91044886236,0.0,0.0,1.0,0.0,0.0,0.0,354509220.0,70549716.66688854,0.0,0.0,8892.0,1769.5677438289838,0.0,0.0,11.200454711914062,3.3664554358247134,11.564782524108887,3.0900134533472876,6.510359477996826,1.0696667347944762,-0.3925849497318268,2.5700902116569173,21.236759757995607,3.768964758451249,,,,,,,,,,,,,,,,,,,,,,,,,,,,,,,,,,,,,,,,,,,,,,,,,,,,,,,,,,,,,,,,,,
diagnosis_fd001_reliability,restarts4_cosine,cmapss:FD001,diagnosis,joint | random3:5-8-14 | circuit,,,,,,,,,,,,,,,,,,,,,,,,,,,,,,,,,,,,,,,,,,,5,"[21, 22, 23, 24, 25]",restarts4_cosine,,,,,,,,,,,,,,,,,,,,,,,,,,,,,,,,,,,,,,,,,,,,,,,,,,,,,,,,,,,,,0.1,0.0,15.0,0.0,14.344154548645019,9.610750234081669,2755.5198974609375,1049.1625932217253,0.015470069008515122,0.023549540105154435,0.5267051939071192,0.05614344921154427,0.810431844193913,0.0199936871099117,0.8615493878455045,0.017819341921349107,0.4992676637362612,0.02370176242688895,0.7001480210962188,0.042550626531446645,0.9994169407855654,0.0007790464956485487,0.9884409495923083,0.011906443806384937,0.8911696060506789,0.04427806657391794,0.7563598663169208,0.028471810577057634,277.8,54.60036629913759,18.6,4.9295030175464944,0.0,0.0,0.0,0.0,277.8,54.60036629913759,120.0,14.265342617687105,0.7154473571017329,0.02944055185144733,0.5106162602508872,0.048830531058169147,200.0,0.0,0.1,0.0,0.015470069008515126,0.02354954010515444,0.015470069008515122,0.023549540105154435,0.015470069008515122,0.023549540105154435,0.0,0.0,0.5267051939071191,0.05614344921154431,0.5267051939071192,0.05614344921154427,0.0,0.0,15.0,0.0,,
diagnosis_fd001_reliability,restarts4_cosine,cmapss:FD001,diagnosis,independent | random3:5-8-14 | circuit,,,,,,,,,,,,,,,,,,,,,,,,,,,,,,,,,,,,,,,,,,,5,"[21, 22, 23, 24, 25]",restarts4_cosine,,,,,,,,,,,,,,,,,,,,,,,,,,,,,,,,,,,,,,,,,,,,,,,,,,,,,,,,,,,,,0.1,0.0,15.0,0.0,33.304063415527345,13.152781722531403,2716.526220703125,1085.7037620846927,0.01833427482484783,0.025610071634784553,0.4559601892534529,0.04696673274941343,0.7626065461252984,0.02533553148501411,0.8214758826650354,0.0240943555936983,0.5024746362473241,0.021314938409538714,0.5120550090498905,0.044889982754149696,0.9865403502530311,0.007958382798960929,0.9615072512809271,0.01801437087199965,0.8747239083587373,0.05083018946175631,0.7017421530362914,0.039303436578001644,277.8,54.60036629913759,18.6,4.9295030175464944,0.0,0.0,0.0,0.0,277.8,54.60036629913759,141.4,19.56527536223296,0.6392077015002758,0.05042324698545541,0.44409143279853625,0.0432888914936667,200.0,0.0,0.1,0.0,0.01833427482484783,0.025610071634784553,0.01833427482484783,0.025610071634784553,0.01833427482484783,0.025610071634784553,0.0,0.0,0.4559601892534528,0.04696673274941344,0.4559601892534529,0.04696673274941343,0.0,0.0,15.0,0.0,,
diagnosis_fd001_reliability,restarts4_cosine,cmapss:FD001,diagnosis,marginal_max | random3:5-8-14 | circuit,,,,,,,,,,,,,,,,,,,,,,,,,,,,,,,,,,,,,,,,,,,5,"[21, 22, 23, 24, 25]",restarts4_cosine,,,,,,,,,,,,,,,,,,,,,,,,,,,,,,,,,,,,,,,,,,,,,,,,,,,,,,,,,,,,,0.1,0.0,15.0,0.0,30.882083129882812,2.9661394895238065,2241.7808349609377,1262.931121599048,0.04281128048681412,0.05198121691874363,0.5615164007736524,0.04077151876480071,0.7822599977273732,0.022359645005980824,0.8441815124822089,0.020725881632057068,0.5057254911990492,0.014766087318249448,0.515767785100122,0.048097947656530235,0.995580749210146,0.006611739789886216,0.9843138055617724,0.009266442416490054,0.9247340248033981,0.026959699365401133,0.7017421530362914,0.039303436578001644,277.8,54.60036629913759,18.6,4.9295030175464944,0.0,0.0,0.0,0.0,277.8,54.60036629913759,111.2,22.409819276379718,0.6392077015002758,0.05042324698545541,0.5427149988841646,0.048311625363837256,200.0,0.0,0.1,0.0,0.04281128048681412,0.05198121691874362,0.04281128048681412,0.05198121691874363,0.04281128048681412,0.05198121691874363,0.2,0.44721359549995804,0.5615164007736524,0.04077151876480084,0.5615164007736524,0.04077151876480071,0.0,0.0,15.0,0.0,,
diagnosis_fd001_reliability,restarts4_cosine,cmapss:FD001,diagnosis,conditional_max | random3:5-8-14 | circuit,,,,,,,,,,,,,,,,,,,,,,,,,,,,,,,,,,,,,,,,,,,5,"[21, 22, 23, 24, 25]",restarts4_cosine,,,,,,,,,,,,,,,,,,,,,,,,,,,,,,,,,,,,,,,,,,,,,,,,,,,,,,,,,,,,,0.1,0.0,15.0,0.0,29.929520416259766,2.364334816453469,2244.839147949219,1264.0549938325275,0.020762349216319538,0.01492948109540742,0.6175163564482495,0.036581841286638175,0.8204584963003834,0.01305697000958823,0.8754080366361846,0.010811610006887061,0.4917763213313302,0.005956201279135966,0.711157648008841,0.055858753768370226,0.9999564127710581,9.74640068649578e-05,0.9949434557606441,0.006652144383755303,0.9250287631493898,0.02590497901132444,0.7563598663169208,0.028471810577057634,277.8,54.60036629913759,18.6,4.9295030175464944,0.0,0.0,0.0,0.0,277.8,54.60036629913759,93.8,14.92313639956427,0.7154473571017329,0.02944055185144733,0.6068462136469494,0.03633671095704801,200.0,0.0,0.1,0.0,0.020762349216319538,0.014929481095407418,0.020762349216319538,0.01492948109540742,0.020762349216319538,0.01492948109540742,0.0,0.0,0.6175163564482495,0.0365818412866381,0.6175163564482495,0.036581841286638175,0.0,0.0,15.0,0.0,,
diagnosis_fd001_reliability,restarts4_cosine,cmapss:FD001,diagnosis,relational_max | random3:5-8-14 | circuit,,,,,,,,,,,,,,,,,,,,,,,,,,,,,,,,,,,,,,,,,,,5,"[21, 22, 23, 24, 25]",restarts4_cosine,,,,,,,,,,,,,,,,,,,,,,,,,,,,,,,,,,,,,,,,,,,,,,,,,,,,,,,,,,,,,0.1,0.0,15.0,0.0,4.791034698486328,1.2467337763509723,143.4428512573242,12.666474886042597,0.0909297153617272,0.07852357491992626,0.4980546117829127,0.07056471398248487,0.7480057253742812,0.017944987834885087,0.808810745186585,0.011394932538551412,0.4879927821415693,0.039534033821402546,0.7928690754062886,0.023798148377683088,0.9522802780817428,0.01569120552041255,0.9612974875823082,0.02470821190772462,0.6033371994960104,0.041045985010886486,0.5695517313572948,0.018238227342265687,277.8,54.60036629913759,18.6,4.9295030175464944,0.0,0.0,6.0,9.617692030835672,271.8,51.397470754892204,127.6,22.097511172075464,0.5313146503519908,0.0359860566399492,0.3939610481492793,0.028027454844863593,200.0,0.0,0.1,0.0,0.09092971536172718,0.07852357491992625,0.0909297153617272,0.07852357491992626,0.0909297153617272,0.07852357491992626,0.4,0.5477225575051662,0.4980546117829127,0.07056471398248483,0.4980546117829127,0.07056471398248487,0.0,0.0,15.0,0.0,,
diagnosis_fd001_reliability,restarts4_cosine,cmapss:FD001,diagnosis,query random3:5-8-14 | gaussian_fitted,,,,,,,,,,,,,,,,,,,,,,,,,,,,,,,,,,,,,,,,,,,5,"[21, 22, 23, 24, 25]",restarts4_cosine,,,,,,,,,,,,,,,,,,,0.0,0.0,0.25937425700012684,0.04972006164164221,0.005490271399867197,0.0004799517496658645,592.8,117.97118292193225,12.0,0.0,12.0,0.0,12.0,0.0,45.0,11.180339887498949,5616.0,1395.3064179598687,0.0,0.0,1.0,0.0,0.0,0.0,1849536.0,368070.09071642865,0.0,0.0,8892.0,1769.5677438289838,22944960.0,0.0,10.3611251391172,1.4888563675602313,10.448270309431345,1.4270490040948938,4.935234274555919,0.3531233890635993,2.1414403258338233,1.111053272528561,18.334787843023395,1.752352460028328,,,,,,,,,,,,,,,,,,,,,,,,,,,,,,,,,,,,,,,,,,,,,,,,,,,,,,,,,,,,,,,,,,
diagnosis_fd001_reliability,restarts4_cosine,cmapss:FD001,diagnosis,joint | random3:5-8-14 | gaussian_fitted,,,,,,,,,,,,,,,,,,,,,,,,,,,,,,,,,,,,,,,,,,,5,"[21, 22, 23, 24, 25]",restarts4_cosine,,,,,,,,,,,,,,,,,,,,,,,,,,,,,,,,,,,,,,,,,,,,,,,,,,,,,,,,,,,,,0.1,0.0,15.0,0.0,207.30794501339787,21.89109375376602,829.5575163723064,76.47362565902745,0.03258336938372573,0.04768955192243164,0.475469929440458,0.10868334340399431,0.8062981091802419,0.009320836551631684,0.8550736582677694,0.006755591545613124,0.4834083162085185,0.02146249886944591,0.7230104822719812,0.03654832813181829,0.9934798453529963,0.004569740316273892,0.9873326610775746,0.010823864335930305,0.8748678766240928,0.016679862701364144,0.7500865271201217,0.008285567755434077,277.8,54.60036629913759,18.6,4.9295030175464944,0.0,0.0,0.0,0.0,277.8,54.60036629913759,133.8,25.577333715616255,0.7117671317825034,0.011483706853367956,0.4452202504724255,0.08078823177479419,200.0,0.0,0.1,0.0,0.03258336938372573,0.04768955192243164,0.03258336938372573,0.04768955192243164,0.03258336938372573,0.04768955192243164,0.2,0.447213595499958,0.475469929440458,0.10868334340399424,0.475469929440458,0.10868334340399431,0.0,0.0,15.0,0.0,,
diagnosis_fd001_reliability,restarts4_cosine,cmapss:FD001,diagnosis,independent | random3:5-8-14 | gaussian_fitted,,,,,,,,,,,,,,,,,,,,,,,,,,,,,,,,,,,,,,,,,,,5,"[21, 22, 23, 24, 25]",restarts4_cosine,,,,,,,,,,,,,,,,,,,,,,,,,,,,,,,,,,,,,,,,,,,,,,,,,,,,,,,,,,,,,0.1,0.0,15.0,0.0,219.28186329964947,28.016209933092995,442.28108084053076,77.60906462988815,0.04273819218241043,0.08018852915800011,0.3194704228586699,0.1668186033685592,0.7426533842122256,0.013948759459668654,0.79448768476012,0.010239928387819477,0.4821250169917931,0.01941080646986875,0.5223346483938333,0.03147321448206303,0.9514810884548401,0.016812857947291458,0.9140726550399216,0.02344982006443112,0.8654506682165832,0.01608630631427941,0.6767689140049096,0.028427726701201375,277.8,54.60036629913759,18.6,4.9295030175464944,0.0,0.0,0.0,0.0,277.8,54.60036629913759,179.6,47.04572244104665,0.6037757244369967,0.029809529799200835,0.2841394505037174,0.12320572547421071,200.0,0.0,0.1,0.0,0.04273819218241043,0.08018852915800011,0.04273819218241043,0.08018852915800011,0.04273819218241043,0.08018852915800011,0.2,0.447213595499958,0.3194704228586699,0.16681860336855925,0.3194704228586699,0.1668186033685592,0.0,0.0,15.0,0.0,,
diagnosis_fd001_reliability,restarts4_cosine,cmapss:FD001,diagnosis,marginal_max | random3:5-8-14 | gaussian_fitted,,,,,,,,,,,,,,,,,,,,,,,,,,,,,,,,,,,,,,,,,,,5,"[21, 22, 23, 24, 25]",restarts4_cosine,,,,,,,,,,,,,,,,,,,,,,,,,,,,,,,,,,,,,,,,,,,,,,,,,,,,,,,,,,,,,0.1,0.0,15.0,0.0,81.0862198231364,27.073787496753294,250.76236594168418,11.125153524837236,0.049635775992878384,0.09207111736670716,0.23572667838192524,0.22268440335811732,0.7319787788917362,0.014931789452892367,0.7606801159170117,0.017536989544687263,0.4622150957369655,0.017315440796673527,0.5364414552062581,0.03465294156023127,0.9201252914053579,0.022624842830006563,0.8792951333756026,0.03890475059107104,0.8783443803549333,0.020676700244299254,0.6767689140049096,0.028427726701201375,277.8,54.60036629913759,18.6,4.9295030175464944,0.0,0.0,0.0,0.0,277.8,54.60036629913759,205.4,70.35126153808473,0.6037757244369967,0.029809529799200835,0.2080452997831837,0.17485992281622592,200.0,0.0,0.1,0.0,0.04963577599287837,0.09207111736670714,0.049635775992878384,0.09207111736670716,0.049635775992878384,0.09207111736670716,0.2,0.447213595499958,0.23572667838192524,0.22268440335811723,0.23572667838192524,0.22268440335811732,0.0,0.0,15.0,0.0,,
diagnosis_fd001_reliability,restarts4_cosine,cmapss:FD001,diagnosis,conditional_max | random3:5-8-14 | gaussian_fitted,,,,,,,,,,,,,,,,,,,,,,,,,,,,,,,,,,,,,,,,,,,5,"[21, 22, 23, 24, 25]",restarts4_cosine,,,,,,,,,,,,,,,,,,,,,,,,,,,,,,,,,,,,,,,,,,,,,,,,,,,,,,,,,,,,,0.1,0.0,15.0,0.0,83.88763544770771,26.889754682963012,412.08177368746163,48.46841448464647,0.049635775992878384,0.09207111736670716,0.38713505910236645,0.17937081754344147,0.7941989400297691,0.008869745631907103,0.8393836016161789,0.010843803678230988,0.4575200664275506,0.012476666455646922,0.6924047537444633,0.054787580359572985,0.9853137162273106,0.010071622050017586,0.9799721558134967,0.016159122200918186,0.8824306995736979,0.025570694430955485,0.7500865271201217,0.008285567755434077,277.8,54.60036629913759,18.6,4.9295030175464944,0.0,0.0,0.0,0.0,277.8,54.60036629913759,160.6,53.598507441905504,0.7117671317825034,0.011483706853367956,0.3644536805036248,0.14264936079365814,200.0,0.0,0.1,0.0,0.04963577599287837,0.09207111736670714,0.049635775992878384,0.09207111736670716,0.049635775992878384,0.09207111736670716,0.2,0.447213595499958,0.38713505910236645,0.1793708175434415,0.38713505910236645,0.17937081754344147,0.0,0.0,15.0,0.0,,
diagnosis_fd001_reliability,restarts4_cosine,cmapss:FD001,diagnosis,relational_max | random3:5-8-14 | gaussian_fitted,,,,,,,,,,,,,,,,,,,,,,,,,,,,,,,,,,,,,,,,,,,5,"[21, 22, 23, 24, 25]",restarts4_cosine,,,,,,,,,,,,,,,,,,,,,,,,,,,,,,,,,,,,,,,,,,,,,,,,,,,,,,,,,,,,,0.1,0.0,15.0,0.0,4.042728714188617,0.7344520161346175,384.03325561195044,49.69086155801646,0.09029067727942161,0.06612211966493105,0.6384304130902471,0.05139021303902173,0.8161391973745991,0.006730741617440778,0.8677019725857544,0.004215250943909109,0.4956478187756067,0.044089168981386796,0.8345084077341258,0.028994751891103992,0.999616351438541,0.0005806017086435574,0.9969602332686133,0.0025771771057126196,0.7930880860293086,0.025939163629365044,0.703922812710049,0.0049764298501566665,277.8,54.60036629913759,18.6,4.9295030175464944,0.0,0.0,0.0,0.0,277.8,54.60036629913759,88.0,11.379806676741042,0.6765902694260163,0.013341636706136382,0.5636707766207998,0.026493261369367693,200.0,0.0,0.1,0.0,0.09029067727942161,0.06612211966493103,0.09029067727942161,0.06612211966493105,0.09029067727942161,0.06612211966493105,0.2,0.44721359549995804,0.6384304130902471,0.051390213039021644,0.6384304130902471,0.05139021303902173,0.0,0.0,15.0,0.0,,
diagnosis_fd001_reliability,restarts4_cosine,cmapss:FD001,diagnosis,detector | random3:5-8-14 | mahalanobis_refit,,,,,,,,,,,,,,,,,,,,,,,,,,,,,0.20975616680043457,0.1852133667882896,,,,,,,,,,,,,5,"[21, 22, 23, 24, 25]",restarts4_cosine,,,,,,,,,,,,,,,,,,,,,0.052759866999804214,0.015257908216691707,,,,,12.0,0.0,12.0,0.0,12.0,0.0,,,,,,,,,,,,,,,,,,,,,,,,,,,,,0.1,0.0,15.0,0.0,380.73370971679685,42.504058609351645,1761.8724334716796,169.47151084782487,0.0325794873961481,0.045917782722005876,0.47968622465419575,0.10856674277059723,0.806359062899771,0.00959299211953391,0.8553684041946873,0.006686827904124201,0.4840931846977551,0.022296730585844596,0.7234669247439088,0.03559800125308106,0.9933694266874575,0.004666683538423133,0.9872994955079182,0.010815538491313077,0.8741312390384233,0.016541011836034573,,,,,,,,,,,,,,,,,,,200.0,0.0,0.1,0.0,0.0325794873961481,0.04591778272200588,0.0325794873961481,0.045917782722005876,0.0325794873961481,0.045917782722005876,0.2,0.447213595499958,0.47968622465419564,0.10856674277059715,0.47968622465419575,0.10856674277059723,0.0,0.0,15.0,0.0,3.0,0.0
diagnosis_fd001_reliability,restarts4_cosine,cmapss:FD001,diagnosis,detector | random3:5-8-14 | mahalanobis_impute,,,,,,,,,,,,,,,,,,,,,,,,,,,,,0.09716104319995793,0.06735190789531542,,,,,,,,,,,,,5,"[21, 22, 23, 24, 25]",restarts4_cosine,,,,,,,,,,,,,,,,,,,,,0.04423264659999404,0.011175467491098259,,,,,12.0,0.0,12.0,0.0,12.0,0.0,,,,,,,,,,,,,,,,,,,,,,,,,,,,,0.1,0.0,15.0,0.0,604.4197021484375,43.42752863826018,1879.6513305664062,101.11917639858439,0.006514657980456026,0.014567218094461171,0.35669126033320825,0.05935194372394125,0.7604944193076998,0.01949779257237189,0.8156366378742759,0.016025012948869804,0.48920547970082834,0.022345535927979648,0.6250230413069137,0.030956919756906086,0.9756867508686764,0.016504966970577697,0.9550277964472732,0.024436876900554117,0.7908676700882474,0.04298244701995874,,,,,,,,,,,,,,,,,,,200.0,0.0,0.1,0.0,0.006514657980456027,0.014567218094461173,0.006514657980456026,0.014567218094461171,0.006514657980456026,0.014567218094461171,0.0,0.0,0.3566912603332083,0.05935194372394128,0.35669126033320825,0.05935194372394125,0.0,0.0,15.0,0.0,1.0,0.0
diagnosis_fd001_reliability,restarts4_cosine,cmapss:FD001,diagnosis,detector | random3:5-8-14 | gmm_refit,,,,,,,,,,,,,,,,,,,,,,,,,,,,,10.616868074200102,3.786148968231786,,,,,,,,,,,,,5,"[21, 22, 23, 24, 25]",restarts4_cosine,,,,,,,,,,,,,,,,,,,,,5.603959096200015,3.8119577295374683,,,,,12.0,0.0,12.0,0.0,12.0,0.0,,,,,,,,,,,,,,,,,,,,,,,,,,,,,0.1,0.0,15.0,0.0,323.6609222412109,118.68229690567348,6837.051261138916,11017.892813685188,0.030670181819000823,0.023571569862197005,0.4031418286765048,0.10181676354683043,0.7635093185389765,0.011900770561022997,0.8038195747806668,0.019481637130054442,0.4869911191608466,0.0211561968591856,0.6650328819365109,0.040761562790567356,0.9469910401664541,0.02682742200060205,0.9471598035651709,0.023128874994317723,0.8032108396580316,0.03119951142422966,,,,,,,,,,,,,,,,,,,200.0,0.0,0.1,0.0,0.03067018181900083,0.02357156986219701,0.030670181819000823,0.023571569862197005,0.030670181819000823,0.023571569862197005,0.0,0.0,0.4031418286765048,0.10181676354683043,0.4031418286765048,0.10181676354683043,0.0,0.0,15.0,0.0,3.0,0.0
diagnosis_fd001_reliability,restarts4_cosine,cmapss:FD001,diagnosis,detector | random3:5-8-14 | gmm_impute,,,,,,,,,,,,,,,,,,,,,,,,,,,,,2.1535830373999487,1.0273946778483958,,,,,,,,,,,,,5,"[21, 22, 23, 24, 25]",restarts4_cosine,,,,,,,,,,,,,,,,,,,,,0.024329030199805857,0.008564455886171482,,,,,12.0,0.0,12.0,0.0,12.0,0.0,,,,,,,,,,,,,,,,,,,,,,,,,,,,,0.1,0.0,15.0,0.0,523.6479309082031,123.98524946219125,1659.898747253418,166.9994606465235,0.03460244590064005,0.06652767966706873,0.3695268849862768,0.11974835050830165,0.7504206374958337,0.01762636362718767,0.8045715389246728,0.015187590182762162,0.49174982751572516,0.02628087929010027,0.6058317343630166,0.03527210674074403,0.9618269642420714,0.038638889181816516,0.9506773510791522,0.020164330387154136,0.7774474586134827,0.04191642298306085,,,,,,,,,,,,,,,,,,,200.0,0.0,0.1,0.0,0.03460244590064004,0.0665276796670687,0.03460244590064005,0.06652767966706873,0.03460244590064005,0.06652767966706873,0.2,0.447213595499958,0.36952688498627684,0.1197483505083017,0.3695268849862768,0.11974835050830165,0.0,0.0,15.0,0.0,1.0,0.0
diagnosis_fd001_reliability,restarts4_cosine,cmapss:FD001,diagnosis,detector | random3:5-8-14 | knn_refit,,,,,,,,,,,,,,,,,,,,,,,,,,,,,0.028303695199429057,0.004090226258367407,,,,,,,,,,,,,5,"[21, 22, 23, 24, 25]",restarts4_cosine,,,,,,,,,,,,,,,,,,,,,0.042030385599719014,0.019978874902829947,,,,,12.0,0.0,12.0,0.0,12.0,0.0,,,,,,,,,,,,,,,,,,,,,,,,,,,,,0.1,0.0,15.0,0.0,11.570224571228028,1.230495251748617,7.740953731536865,0.39537856139487054,0.05767361462358629,0.11139965776802645,0.2990722728298362,0.21637748523488137,0.7712803960956759,0.013626344957500489,0.8085069420137009,0.016278089880268885,0.47568475928106935,0.01724729135805793,0.6530654466259577,0.05930970841386584,0.9777150150641806,0.006525583175905786,0.970997280068303,0.015980615409892426,0.8095748071954276,0.03486732846381366,,,,,,,,,,,,,,,,,,,200.0,0.0,0.1,0.0,0.05767361462358632,0.11139965776802649,0.05767361462358629,0.11139965776802645,0.05767361462358629,0.11139965776802645,0.2,0.447213595499958,0.2990722728298362,0.21637748523488126,0.2990722728298362,0.21637748523488137,0.0,0.0,15.0,0.0,3.0,0.0
diagnosis_fd001_reliability,restarts4_cosine,cmapss:FD001,diagnosis,detector | random3:5-8-14 | knn_impute,,,,,,,,,,,,,,,,,,,,,,,,,,,,,0.009167964400148776,0.003886443479887892,,,,,,,,,,,,,5,"[21, 22, 23, 24, 25]",restarts4_cosine,,,,,,,,,,,,,,,,,,,,,0.006559904999994615,0.0007674333059403682,,,,,12.0,0.0,12.0,0.0,12.0,0.0,,,,,,,,,,,,,,,,,,,,,,,,,,,,,0.1,0.0,15.0,0.0,13.122869873046875,1.264902197067068,7.883893966674805,0.3505039541646014,0.028336726384364824,0.050083287161800105,0.22333586799495153,0.19301522846135527,0.7442242252931216,0.015683588531445435,0.7810522356248335,0.019444419093846817,0.47661157872224946,0.0229357076038807,0.6088899352362405,0.04052457967244342,0.9584828569183033,0.00844143264689607,0.9540010564926847,0.02367285660016091,0.7591958432353164,0.037459658954266305,,,,,,,,,,,,,,,,,,,200.0,0.0,0.1,0.0,0.028336726384364824,0.05008328716180011,0.028336726384364824,0.050083287161800105,0.028336726384364824,0.050083287161800105,0.2,0.447213595499958,0.22333586799495145,0.1930152284613552,0.22333586799495153,0.19301522846135527,0.0,0.0,15.0,0.0,1.0,0.0
diagnosis_fd001_reliability,restarts4_cosine,cmapss:FD001,diagnosis,query random7:3-4-8-10-11-12-14 | circuit,,,,,,,,,,,,,,,,,,,,,,,,,,,,,,,,,,,,,,,,,,,5,"[21, 22, 23, 24, 25]",restarts4_cosine,,,,,,,,,,,,,,,,,,,0.0,0.0,0.27601505759976136,0.03817801680830173,0.1324838082002316,0.005242276555950498,592.8,117.97118292193225,8.0,0.0,8.0,0.0,8.0,0.0,30.6,7.602631123499286,731982.6,181862.5391052264,0.0,0.0,1.0,0.0,0.0,0.0,241066269.6,47973807.3334842,0.0,0.0,8892.0,1769.5677438289838,0.0,0.0,7.0069300651550295,2.509799141185223,7.336578750610352,2.364561472452329,4.324152040481567,0.7346311699422502,-0.8114687353372574,1.3833959286629385,13.268543434143066,2.818733194986445,,,,,,,,,,,,,,,,,,,,,,,,,,,,,,,,,,,,,,,,,,,,,,,,,,,,,,,,,,,,,,,,,,
diagnosis_fd001_reliability,restarts4_cosine,cmapss:FD001,diagnosis,joint | random7:3-4-8-10-11-12-14 | circuit,,,,,,,,,,,,,,,,,,,,,,,,,,,,,,,,,,,,,,,,,,,5,"[21, 22, 23, 24, 25]",restarts4_cosine,,,,,,,,,,,,,,,,,,,,,,,,,,,,,,,,,,,,,,,,,,,,,,,,,,,,,,,,,,,,,0.1,0.0,15.0,0.0,82.95407257080078,7.299618685306639,791.09189453125,111.83873688190656,0.03697311476013129,0.02863356570362602,0.4567641553103782,0.04640132342940732,0.7568706391442742,0.02751165693833441,0.8154376864969304,0.024993095363428752,0.5208427892608631,0.03833334683485249,0.6199836931121001,0.03145440715062737,0.9587235695790717,0.023704132053204464,0.9521848909295576,0.015733777038605356,0.7649610488984648,0.07123152685444435,0.8029110066840858,0.01531994409903652,227.8,50.30109342747929,68.6,10.761040841851683,0.0,0.0,0.0,0.0,227.8,50.30109342747929,93.4,18.31119875922928,0.7450641356993145,0.013027310228257082,0.43431296636134037,0.04399238374078968,200.0,0.0,0.1,0.0,0.0369731147601313,0.028633565703626015,0.03697311476013129,0.02863356570362602,0.03697311476013129,0.02863356570362602,0.0,0.0,0.4567641553103782,0.046401323429407344,0.4567641553103782,0.04640132342940732,0.0,0.0,15.0,0.0,,
diagnosis_fd001_reliability,restarts4_cosine,cmapss:FD001,diagnosis,independent | random7:3-4-8-10-11-12-14 | circuit,,,,,,,,,,,,,,,,,,,,,,,,,,,,,,,,,,,,,,,,,,,5,"[21, 22, 23, 24, 25]",restarts4_cosine,,,,,,,,,,,,,,,,,,,,,,,,,,,,,,,,,,,,,,,,,,,,,,,,,,,,,,,,,,,,,0.1,0.0,15.0,0.0,96.46221923828125,10.96403006955053,785.3110473632812,110.07546059091275,0.03394157822803549,0.03022900880996057,0.3710980616592144,0.03597037262771679,0.7197351342075684,0.028105335571867045,0.7816675471878441,0.026851261021946418,0.5171327524113184,0.028949586080792438,0.5078838835583921,0.034552239680037976,0.9354013298294577,0.03144738508808828,0.9153686382794305,0.027270059025443636,0.75100053773221,0.08452905518570486,0.7595053429940671,0.025720568831984418,227.8,50.30109342747929,68.6,10.761040841851683,0.0,0.0,0.0,0.0,227.8,50.30109342747929,119.6,27.245183060497133,0.6832022515078823,0.03483419496622473,0.35437460104747986,0.03373680620377686,200.0,0.0,0.1,0.0,0.03394157822803551,0.030229008809960572,0.03394157822803549,0.03022900880996057,0.03394157822803549,0.03022900880996057,0.0,0.0,0.37109806165921444,0.0359703726277168,0.3710980616592144,0.03597037262771679,0.0,0.0,15.0,0.0,,
diagnosis_fd001_reliability,restarts4_cosine,cmapss:FD001,diagnosis,marginal_max | random7:3-4-8-10-11-12-14 | circuit,,,,,,,,,,,,,,,,,,,,,,,,,,,,,,,,,,,,,,,,,,,5,"[21, 22, 23, 24, 25]",restarts4_cosine,,,,,,,,,,,,,,,,,,,,,,,,,,,,,,,,,,,,,,,,,,,,,,,,,,,,,,,,,,,,,0.1,0.0,15.0,0.0,28.60792350769043,1.0808491069245234,492.1557861328125,123.96324389523072,0.056399566288890424,0.045437769917517724,0.49871310199263325,0.03874445253069197,0.7451666118249479,0.02343149795022371,0.8127142958214828,0.02065601963855108,0.508097424850534,0.01749016394938894,0.5145300241899472,0.0467238500776379,0.9646559173298848,0.022585803227647475,0.9502842086667673,0.015395181309059765,0.809335065950601,0.06532212192435903,0.7595053429940671,0.025720568831984418,227.8,50.30109342747929,68.6,10.761040841851683,0.0,0.0,0.0,0.0,227.8,50.30109342747929,82.2,17.469974241537965,0.6832022515078823,0.03483419496622473,0.47024599887894175,0.04396122812780202,200.0,0.0,0.1,0.0,0.05639956628889044,0.04543776991751773,0.056399566288890424,0.045437769917517724,0.056399566288890424,0.045437769917517724,0.2,0.447213595499958,0.49871310199263313,0.038744452530692045,0.49871310199263325,0.03874445253069197,0.0,0.0,15.0,0.0,,
diagnosis_fd001_reliability,restarts4_cosine,cmapss:FD001,diagnosis,conditional_max | random7:3-4-8-10-11-12-14 | circuit,,,,,,,,,,,,,,,,,,,,,,,,,,,,,,,,,,,,,,,,,,,5,"[21, 22, 23, 24, 25]",restarts4_cosine,,,,,,,,,,,,,,,,,,,,,,,,,,,,,,,,,,,,,,,,,,,,,,,,,,,,,,,,,,,,,0.1,0.0,15.0,0.0,27.965202713012694,2.817194116729482,492.43938598632815,122.97176854137734,0.06977113258555666,0.0749858365982255,0.5487945581331581,0.052500507168331274,0.7719393898521896,0.018918249240988103,0.8362748866677763,0.014531754592982293,0.4973531960516751,0.022547427841322434,0.628661555114095,0.067006665285594,0.9774691136645377,0.01665372493031785,0.9613119606322137,0.015377537363611037,0.8182460533916494,0.05794075707958898,0.8029110066840858,0.01531994409903652,227.8,50.30109342747929,68.6,10.761040841851683,0.0,0.0,0.0,0.0,227.8,50.30109342747929,68.2,14.25482374496437,0.7450641356993145,0.013027310228257082,0.5204225289194542,0.03565163013952455,200.0,0.0,0.1,0.0,0.06977113258555664,0.0749858365982255,0.06977113258555666,0.0749858365982255,0.06977113258555666,0.0749858365982255,0.2,0.447213595499958,0.548794558133158,0.0525005071683312,0.5487945581331581,0.052500507168331274,0.0,0.0,15.0,0.0,,
diagnosis_fd001_reliability,restarts4_cosine,cmapss:FD001,diagnosis,relational_max | random7:3-4-8-10-11-12-14 | circuit,,,,,,,,,,,,,,,,,,,,,,,,,,,,,,,,,,,,,,,,,,,5,"[21, 22, 23, 24, 25]",restarts4_cosine,,,,,,,,,,,,,,,,,,,,,,,,,,,,,,,,,,,,,,,,,,,,,,,,,,,,,,,,,,,,,0.1,0.0,15.0,0.0,5.732171058654785,2.1967793478956485,99.88635864257813,3.5425250269937028,0.030193204565497067,0.034795065779128186,0.30396656974357406,0.04156256949994799,0.6761928811563003,0.01941520141423104,0.742872649156685,0.016632998026713943,0.49621356851507537,0.026879049257883255,0.7042584272938172,0.04619424963940614,0.814499616259193,0.0505159109915604,0.8331588794599682,0.03704028694842581,0.570999114052026,0.023754818682896958,0.6074921220940578,0.015379061800967979,227.8,50.30109342747929,68.6,10.761040841851683,0.0,0.0,0.0,0.0,227.8,50.30109342747929,137.8,25.262620608321697,0.5117368949328726,0.012815295544758222,0.27007070279055395,0.02956361855186619,200.0,0.0,0.1,0.0,0.030193204565497067,0.034795065779128186,0.030193204565497067,0.034795065779128186,0.030193204565497067,0.034795065779128186,0.0,0.0,0.30396656974357406,0.04156256949994802,0.30396656974357406,0.04156256949994799,0.0,0.0,15.0,0.0,,
diagnosis_fd001_reliability,restarts4_cosine,cmapss:FD001,diagnosis,query random7:3-4-8-10-11-12-14 | gaussian_fitted,,,,,,,,,,,,,,,,,,,,,,,,,,,,,,,,,,,,,,,,,,,5,"[21, 22, 23, 24, 25]",restarts4_cosine,,,,,,,,,,,,,,,,,,,0.0,0.0,0.0986912255999414,0.018420855205144988,0.006354971800283238,0.002218721740756451,592.8,117.97118292193225,8.0,0.0,8.0,0.0,8.0,0.0,30.6,7.602631123499286,2592.0,643.9875775199395,0.0,0.0,1.0,0.0,0.0,0.0,853632.0,169878.50340758244,0.0,0.0,8892.0,1769.5677438289838,24414400.0,0.0,7.710074110201281,1.1471193305163172,7.757848508103298,1.1031386618510284,3.4561181096883766,0.25359860614604407,2.2850662556904013,1.6484675713171968,13.180698025916604,0.8663657977843207,,,,,,,,,,,,,,,,,,,,,,,,,,,,,,,,,,,,,,,,,,,,,,,,,,,,,,,,,,,,,,,,,,
diagnosis_fd001_reliability,restarts4_cosine,cmapss:FD001,diagnosis,joint | random7:3-4-8-10-11-12-14 | gaussian_fitted,,,,,,,,,,,,,,,,,,,,,,,,,,,,,,,,,,,,,,,,,,,5,"[21, 22, 23, 24, 25]",restarts4_cosine,,,,,,,,,,,,,,,,,,,,,,,,,,,,,,,,,,,,,,,,,,,,,,,,,,,,,,,,,,,,,0.1,0.0,15.0,0.0,104.28898778970597,4.808335612382434,557.2384718821179,84.27137005090455,0.02384213723991974,0.01820275837157323,0.5154902293665473,0.05166883435981099,0.7819740860028479,0.023114648001821163,0.8422421392995811,0.015985747274994095,0.5237969779780943,0.02745902824982321,0.6809148816202908,0.02230449222172492,0.9680741067784068,0.0211399708564749,0.9559191413163036,0.01714381632132997,0.8101095172886608,0.046148059513429485,0.8098061027660683,0.013182535643732937,227.8,50.30109342747929,68.6,10.761040841851683,0.0,0.0,0.0,0.0,227.8,50.30109342747929,76.4,16.195678435928517,0.7612836729148644,0.011344952986603709,0.4918707745495164,0.0425544721720852,200.0,0.0,0.1,0.0,0.02384213723991974,0.01820275837157323,0.02384213723991974,0.01820275837157323,0.02384213723991974,0.01820275837157323,0.0,0.0,0.5154902293665474,0.05166883435981107,0.5154902293665473,0.05166883435981099,0.0,0.0,15.0,0.0,,
diagnosis_fd001_reliability,restarts4_cosine,cmapss:FD001,diagnosis,independent | random7:3-4-8-10-11-12-14 | gaussian_fitted,,,,,,,,,,,,,,,,,,,,,,,,,,,,,,,,,,,,,,,,,,,5,"[21, 22, 23, 24, 25]",restarts4_cosine,,,,,,,,,,,,,,,,,,,,,,,,,,,,,,,,,,,,,,,,,,,,,,,,,,,,,,,,,,,,,0.1,0.0,15.0,0.0,110.4506106578771,5.874621252060029,306.69179299089456,25.746461644163308,0.02815703002892884,0.03626599414750692,0.415741330264613,0.05217753520762936,0.7315494320811647,0.026986316492005613,0.796260903829815,0.021870855942706855,0.5202601157520998,0.028291228416767643,0.506078409849359,0.02294682288363017,0.9427420254912416,0.031176872927991515,0.9080620047260911,0.017748360138895847,0.8038111531957661,0.0503577086682576,0.7487185349425938,0.021824121444563784,227.8,50.30109342747929,68.6,10.761040841851683,0.0,0.0,0.0,0.0,227.8,50.30109342747929,106.0,24.166091947189145,0.6696218741508861,0.02580104231831374,0.3982401853972523,0.04570080261665329,200.0,0.0,0.1,0.0,0.02815703002892885,0.03626599414750693,0.02815703002892884,0.03626599414750692,0.02815703002892884,0.03626599414750692,0.0,0.0,0.415741330264613,0.0521775352076294,0.415741330264613,0.05217753520762936,0.0,0.0,15.0,0.0,,
diagnosis_fd001_reliability,restarts4_cosine,cmapss:FD001,diagnosis,marginal_max | random7:3-4-8-10-11-12-14 | gaussian_fitted,,,,,,,,,,,,,,,,,,,,,,,,,,,,,,,,,,,,,,,,,,,5,"[21, 22, 23, 24, 25]",restarts4_cosine,,,,,,,,,,,,,,,,,,,,,,,,,,,,,,,,,,,,,,,,,,,,,,,,,,,,,,,,,,,,,0.1,0.0,15.0,0.0,28.38692502723087,2.0588505565793414,207.04828720763166,12.512447529030881,0.05480505063338261,0.024403480256329258,0.4832027423175411,0.05416405670381948,0.7358672923899707,0.022692352847382,0.8055436608882097,0.019433138845098705,0.5044450196153215,0.03133525102316755,0.5149747641828902,0.041945916551863575,0.9591273820699847,0.023620669656682153,0.9074278175074673,0.03131169799159423,0.8158509062991758,0.05417880577686315,0.7487185349425938,0.021824121444563784,227.8,50.30109342747929,68.6,10.761040841851683,0.0,0.0,0.0,0.0,227.8,50.30109342747929,86.6,14.363147287415805,0.6696218741508861,0.02580104231831374,0.45575920915085855,0.05149199332519824,200.0,0.0,0.1,0.0,0.05480505063338261,0.024403480256329255,0.05480505063338261,0.024403480256329258,0.05480505063338261,0.024403480256329258,0.0,0.0,0.4832027423175411,0.05416405670381941,0.4832027423175411,0.05416405670381948,0.0,0.0,15.0,0.0,,
diagnosis_fd001_reliability,restarts4_cosine,cmapss:FD001,diagnosis,conditional_max | random7:3-4-8-10-11-12-14 | gaussian_fitted,,,,,,,,,,,,,,,,,,,,,,,,,,,,,,,,,,,,,,,,,,,5,"[21, 22, 23, 24, 25]",restarts4_cosine,,,,,,,,,,,,,,,,,,,,,,,,,,,,,,,,,,,,,,,,,,,,,,,,,,,,,,,,,,,,,0.1,0.0,15.0,0.0,28.12851609893706,1.7705683004204353,371.7195767661525,78.755476702834,0.055646201314365276,0.037128993563087215,0.5717246921397053,0.03130712503846632,0.7791345744926446,0.020953737318713386,0.8431084238382199,0.01442101547062481,0.5078247742925821,0.028120630934236304,0.6650286712965008,0.03797242058103924,0.9739095218572732,0.013569536223393141,0.9563646506938228,0.017386940883016046,0.8209109843471157,0.05648650117600072,0.8098061027660683,0.013182535643732937,227.8,50.30109342747929,68.6,10.761040841851683,0.0,0.0,0.0,0.0,227.8,50.30109342747929,60.4,11.588787684654509,0.7612836729148644,0.011344952986603709,0.539687664925323,0.029171611720434375,200.0,0.0,0.1,0.0,0.05564620131436528,0.03712899356308722,0.055646201314365276,0.037128993563087215,0.055646201314365276,0.037128993563087215,0.2,0.447213595499958,0.5717246921397052,0.031307125038466325,0.5717246921397053,0.03130712503846632,0.0,0.0,15.0,0.0,,
diagnosis_fd001_reliability,restarts4_cosine,cmapss:FD001,diagnosis,relational_max | random7:3-4-8-10-11-12-14 | gaussian_fitted,,,,,,,,,,,,,,,,,,,,,,,,,,,,,,,,,,,,,,,,,,,5,"[21, 22, 23, 24, 25]",restarts4_cosine,,,,,,,,,,,,,,,,,,,,,,,,,,,,,,,,,,,,,,,,,,,,,,,,,,,,,,,,,,,,,0.1,0.0,15.0,0.0,2.7514742463112123,0.28966302661571464,335.20725104716087,80.86016793337356,0.07688483955573111,0.030895994762222427,0.5517670822776843,0.03446030778238952,0.7719202994372363,0.017609665243218834,0.8334920148248305,0.011453598212766144,0.4925984822937803,0.048088680118078785,0.7569195818497033,0.016621662807476616,0.9774329672110665,0.010170632677556558,0.9598524326310305,0.012631793902530867,0.7193020885537399,0.03894441142556323,0.7499924865893579,0.005501658963633875,227.8,50.30109342747929,68.6,10.761040841851683,0.0,0.0,0.0,0.0,227.8,50.30109342747929,70.0,16.416455159382004,0.7190858087752405,0.009211799783736516,0.48390224550690136,0.010958551692264715,200.0,0.0,0.1,0.0,0.0768848395557311,0.030895994762222417,0.07688483955573111,0.030895994762222427,0.07688483955573111,0.030895994762222427,0.2,0.44721359549995804,0.5517670822776843,0.034460307782389565,0.5517670822776843,0.03446030778238952,0.0,0.0,15.0,0.0,,
diagnosis_fd001_reliability,restarts4_cosine,cmapss:FD001,diagnosis,detector | random7:3-4-8-10-11-12-14 | mahalanobis_refit,,,,,,,,,,,,,,,,,,,,,,,,,,,,,0.3081445650006572,0.18869660134964766,,,,,,,,,,,,,5,"[21, 22, 23, 24, 25]",restarts4_cosine,,,,,,,,,,,,,,,,,,,,,0.11892966719988181,0.08325887811355824,,,,,8.0,0.0,8.0,0.0,8.0,0.0,,,,,,,,,,,,,,,,,,,,,,,,,,,,,0.1,0.0,15.0,0.0,212.79361877441406,9.030676806850712,1159.0793533325195,174.62357148321072,0.0225882552523421,0.016914768388611754,0.5146250329985536,0.04860499923160697,0.7813666962017012,0.02313320226094397,0.8416349763616827,0.016051424868522127,0.5233667672102801,0.02767074931205067,0.6795511084642293,0.021883024646029398,0.96792889679137,0.021194574767506434,0.9557917388818806,0.017193430810347608,0.809333908105045,0.04520816741781447,,,,,,,,,,,,,,,,,,,200.0,0.0,0.1,0.0,0.022588255252342097,0.016914768388611754,0.0225882552523421,0.016914768388611754,0.0225882552523421,0.016914768388611754,0.0,0.0,0.5146250329985534,0.04860499923160696,0.5146250329985536,0.04860499923160697,0.0,0.0,15.0,0.0,4.0,0.0
diagnosis_fd001_reliability,restarts4_cosine,cmapss:FD001,diagnosis,detector | random7:3-4-8-10-11-12-14 | mahalanobis_impute,,,,,,,,,,,,,,,,,,,,,,,,,,,,,0.09716104319995793,0.06735190789531542,,,,,,,,,,,,,5,"[21, 22, 23, 24, 25]",restarts4_cosine,,,,,,,,,,,,,,,,,,,,,0.0469000416002018,0.010561977422654833,,,,,8.0,0.0,8.0,0.0,8.0,0.0,,,,,,,,,,,,,,,,,,,,,,,,,,,,,0.1,0.0,15.0,0.0,541.5623413085938,54.87872530953916,1705.1426849365234,146.89916873018151,0.011901465798045604,0.024831674588317306,0.31800175636460404,0.055912057381729614,0.7186623070328304,0.02241345128625695,0.7795112895327124,0.016781350349510473,0.5135098934098494,0.04540457700618309,0.5660900309946486,0.030597716173544766,0.9328095440741698,0.03302453009948587,0.9145538540298859,0.015326139958326728,0.7029063025202262,0.06675619499711304,,,,,,,,,,,,,,,,,,,200.0,0.0,0.1,0.0,0.011901465798045605,0.02483167458831731,0.011901465798045604,0.024831674588317306,0.011901465798045604,0.024831674588317306,0.0,0.0,0.31800175636460404,0.05591205738172967,0.31800175636460404,0.055912057381729614,0.0,0.0,15.0,0.0,1.0,0.0
diagnosis_fd001_reliability,restarts4_cosine,cmapss:FD001,diagnosis,detector | random7:3-4-8-10-11-12-14 | gmm_refit,,,,,,,,,,,,,,,,,,,,,,,,,,,,,11.398500509600126,3.704866799129201,,,,,,,,,,,,,5,"[21, 22, 23, 24, 25]",restarts4_cosine,,,,,,,,,,,,,,,,,,,,,0.8161218095998265,0.2340641714103746,,,,,8.0,0.0,8.0,0.0,8.0,0.0,,,,,,,,,,,,,,,,,,,,,,,,,,,,,0.1,0.0,15.0,0.0,131.3160598754883,9.945036829630615,742.0907211303711,122.65312730001041,0.04598292055190829,0.04331477125406167,0.5227492037837742,0.07472986332040125,0.771438727910267,0.025833461466088246,0.833246557460054,0.017019571799624808,0.520843697426683,0.019772292410288227,0.6564162265585745,0.014392380712364641,0.9628524281560112,0.02064409776941923,0.9521459171646939,0.012119804763366646,0.7959394710416217,0.05378215051496787,,,,,,,,,,,,,,,,,,,200.0,0.0,0.1,0.0,0.04598292055190829,0.043314771254061676,0.04598292055190829,0.04331477125406167,0.04598292055190829,0.04331477125406167,0.0,0.0,0.522749203783774,0.07472986332040127,0.5227492037837742,0.07472986332040125,0.0,0.0,15.0,0.0,4.0,0.0
diagnosis_fd001_reliability,restarts4_cosine,cmapss:FD001,diagnosis,detector | random7:3-4-8-10-11-12-14 | gmm_impute,,,,,,,,,,,,,,,,,,,,,,,,,,,,,2.1535830373999487,1.0273946778483958,,,,,,,,,,,,,5,"[21, 22, 23, 24, 25]",restarts4_cosine,,,,,,,,,,,,,,,,,,,,,0.04267634999996517,0.010205932056312412,,,,,8.0,0.0,8.0,0.0,8.0,0.0,,,,,,,,,,,,,,,,,,,,,,,,,,,,,0.1,0.0,15.0,0.0,534.6357788085937,47.59596498543672,1594.00888671875,89.50566691434065,0.02570293058449835,0.03706410521420958,0.30132327315288,0.06593343770760976,0.7032241622862516,0.019561626769702377,0.7615479680513356,0.012244814674153748,0.5141480785554443,0.04636044690747921,0.5463418343337375,0.029050775158570987,0.9140133099163188,0.032452903487248844,0.907077534793201,0.01408869587471499,0.6746185297499606,0.05616906032757252,,,,,,,,,,,,,,,,,,,200.0,0.0,0.1,0.0,0.02570293058449836,0.037064105214209594,0.02570293058449835,0.03706410521420958,0.02570293058449835,0.03706410521420958,0.0,0.0,0.30132327315288,0.0659334377076098,0.30132327315288,0.06593343770760976,0.0,0.0,15.0,0.0,1.0,0.0
diagnosis_fd001_reliability,restarts4_cosine,cmapss:FD001,diagnosis,detector | random7:3-4-8-10-11-12-14 | knn_refit,,,,,,,,,,,,,,,,,,,,,,,,,,,,,0.03625077739961853,0.004566554078454757,,,,,,,,,,,,,5,"[21, 22, 23, 24, 25]",restarts4_cosine,,,,,,,,,,,,,,,,,,,,,0.02256476639995526,0.01550220385985934,,,,,8.0,0.0,8.0,0.0,8.0,0.0,,,,,,,,,,,,,,,,,,,,,,,,,,,,,0.1,0.0,15.0,0.0,7.484463405609131,0.22026942459208643,7.51389331817627,0.7806454823017611,0.03786396630684813,0.07182100532577029,0.4964567452915933,0.08709832686056558,0.7715194841501175,0.02580912820779251,0.8335539093004641,0.01921844687354206,0.5062918585269299,0.034213648778498515,0.6532854570968214,0.034460451121590546,0.9692363813597048,0.020349055714626123,0.9557148449394003,0.012352408025179507,0.8023578816658989,0.05868696297916347,,,,,,,,,,,,,,,,,,,200.0,0.0,0.1,0.0,0.03786396630684814,0.07182100532577029,0.03786396630684813,0.07182100532577029,0.03786396630684813,0.07182100532577029,0.2,0.44721359549995804,0.4964567452915933,0.08709832686056561,0.4964567452915933,0.08709832686056558,0.0,0.0,15.0,0.0,4.0,0.0
diagnosis_fd001_reliability,restarts4_cosine,cmapss:FD001,diagnosis,detector | random7:3-4-8-10-11-12-14 | knn_impute,,,,,,,,,,,,,,,,,,,,,,,,,,,,,0.009167964400148776,0.003886443479887892,,,,,,,,,,,,,5,"[21, 22, 23, 24, 25]",restarts4_cosine,,,,,,,,,,,,,,,,,,,,,0.006867342799705511,0.0006784314730620222,,,,,8.0,0.0,8.0,0.0,8.0,0.0,,,,,,,,,,,,,,,,,,,,,,,,,,,,,0.1,0.0,15.0,0.0,10.690532684326172,0.19583357467178097,7.133067512512207,0.6858943678590937,0.028606685218517038,0.0502737969075649,0.3086761646900792,0.0723561540307825,0.7226244203576491,0.025565269231067587,0.7823168029102756,0.02718202879453131,0.49623760988682913,0.021141116587975482,0.5653549827680927,0.031040537740091342,0.9396116925572768,0.026794928565636214,0.9297957748805252,0.02498431537244419,0.7201560043450878,0.07671934690901187,,,,,,,,,,,,,,,,,,,200.0,0.0,0.1,0.0,0.028606685218517048,0.05027379690756491,0.028606685218517038,0.0502737969075649,0.028606685218517038,0.0502737969075649,0.2,0.44721359549995804,0.30867616469007925,0.07235615403078251,0.3086761646900792,0.0723561540307825,0.0,0.0,15.0,0.0,1.0,0.0
diagnosis_fd001_reliability,restarts4_cosine,cmapss:FD001,diagnosis,query bank0:0-1-2-4-5-7-8 | circuit,,,,,,,,,,,,,,,,,,,,,,,,,,,,,,,,,,,,,,,,,,,5,"[21, 22, 23, 24, 25]",restarts4_cosine,,,,,,,,,,,,,,,,,,,0.0,0.0,0.2756530335997013,0.0387819305532322,0.13271998180007358,0.004564047195319682,592.8,117.97118292193225,8.0,0.0,8.0,0.0,8.0,0.0,30.6,7.602631123499286,731982.6,181862.5391052264,0.0,0.0,1.0,0.0,0.0,0.0,241066269.6,47973807.3334842,0.0,0.0,8892.0,1769.5677438289838,0.0,0.0,6.034314918518066,1.657031207459718,6.4411722183227536,1.4048737290617999,3.997756290435791,0.6151669752999964,-0.9348623335361481,2.1824261083436056,12.505767059326171,2.8974640533221527,,,,,,,,,,,,,,,,,,,,,,,,,,,,,,,,,,,,,,,,,,,,,,,,,,,,,,,,,,,,,,,,,,
diagnosis_fd001_reliability,restarts4_cosine,cmapss:FD001,diagnosis,joint | bank0:0-1-2-4-5-7-8 | circuit,,,,,,,,,,,,,,,,,,,,,,,,,,,,,,,,,,,,,,,,,,,5,"[21, 22, 23, 24, 25]",restarts4_cosine,,,,,,,,,,,,,,,,,,,,,,,,,,,,,,,,,,,,,,,,,,,,,,,,,,,,,,,,,,,,,0.1,0.0,15.0,0.0,-59.73080139160156,5.273217425443539,2740.4170166015624,1032.5854291048513,0.04921621582173526,0.04738668201913722,0.4967722988294067,0.05404583475370373,0.7618580155484476,0.01666125283719728,0.823788131069777,0.017170299264405265,0.49707839069073784,0.026078221367401178,0.6119029111337104,0.05072968046240144,0.9585648890305991,0.010846703207335003,0.9496326377455497,0.00897345737025454,0.8185387256380506,0.024048654197472,0.7818994710044158,0.03609769657144441,227.0,49.28995840939613,69.4,12.759310326189265,0.0,0.0,0.0,0.0,227.0,49.28995840939613,81.4,15.582040944625962,0.7232030398058636,0.04701171653197254,0.4614264662764017,0.04321944786239351,200.0,0.0,0.1,0.0,0.04921621582173526,0.04738668201913724,0.04921621582173526,0.04738668201913722,0.04921621582173526,0.04738668201913722,0.2,0.44721359549995804,0.49677229882940666,0.05404583475370371,0.4967722988294067,0.05404583475370373,0.0,0.0,15.0,0.0,,
diagnosis_fd001_reliability,restarts4_cosine,cmapss:FD001,diagnosis,independent | bank0:0-1-2-4-5-7-8 | circuit,,,,,,,,,,,,,,,,,,,,,,,,,,,,,,,,,,,,,,,,,,,5,"[21, 22, 23, 24, 25]",restarts4_cosine,,,,,,,,,,,,,,,,,,,,,,,,,,,,,,,,,,,,,,,,,,,,,,,,,,,,,,,,,,,,,0.1,0.0,15.0,0.0,-50.72003707885742,6.466223591637511,2702.1195068359375,1064.967708468862,0.045961390315706195,0.0339128055502318,0.4454104230920361,0.04408271034774817,0.731520634333737,0.01907995290067684,0.7974213716811078,0.01925442235449185,0.4923345582464395,0.02486956241767112,0.5084480930591726,0.046771091752232194,0.9454715662898939,0.005494825147222354,0.926799613150874,0.020145127534739533,0.8107273034952189,0.023008717568524573,0.7605038644581091,0.0430392193839038,227.0,49.28995840939613,69.4,12.759310326189265,0.0,0.0,0.0,0.0,227.0,49.28995840939613,96.2,17.640861656959956,0.6866338523204524,0.05755855843857713,0.4179160773364926,0.047964710738424954,200.0,0.0,0.1,0.0,0.045961390315706195,0.033912805550231795,0.045961390315706195,0.0339128055502318,0.045961390315706195,0.0339128055502318,0.0,0.0,0.4454104230920362,0.0440827103477482,0.4454104230920361,0.04408271034774817,0.0,0.0,15.0,0.0,,
diagnosis_fd001_reliability,restarts4_cosine,cmapss:FD001,diagnosis,marginal_max | bank0:0-1-2-4-5-7-8 | circuit,,,,,,,,,,,,,,,,,,,,,,,,,,,,,,,,,,,,,,,,,,,5,"[21, 22, 23, 24, 25]",restarts4_cosine,,,,,,,,,,,,,,,,,,,,,,,,,,,,,,,,,,,,,,,,,,,,,,,,,,,,,,,,,,,,,0.1,0.0,15.0,0.0,29.62666893005371,4.640728784023151,2244.5363525390626,1263.4005423582128,0.0670762062773058,0.09107387372379423,0.49656593807644567,0.05295054749720478,0.7427820668450886,0.015701570055645177,0.8113499125138051,0.015871914799119976,0.4904156649079655,0.016343981712486202,0.5141318553375546,0.05640708962950916,0.959504635875283,0.014464963694024995,0.9411060182070947,0.017016583451976333,0.828307149478204,0.026804153732157082,0.7605038644581091,0.0430392193839038,227.0,49.28995840939613,69.4,12.759310326189265,0.0,0.0,0.0,0.0,227.0,49.28995840939613,82.2,14.822280526288793,0.6866338523204524,0.05755855843857713,0.4609433404129212,0.03625234170416621,200.0,0.0,0.1,0.0,0.0670762062773058,0.09107387372379423,0.0670762062773058,0.09107387372379423,0.0670762062773058,0.09107387372379423,0.2,0.44721359549995804,0.4965659380764456,0.05295054749720477,0.49656593807644567,0.05295054749720478,0.0,0.0,15.0,0.0,,
diagnosis_fd001_reliability,restarts4_cosine,cmapss:FD001,diagnosis,conditional_max | bank0:0-1-2-4-5-7-8 | circuit,,,,,,,,,,,,,,,,,,,,,,,,,,,,,,,,,,,,,,,,,,,5,"[21, 22, 23, 24, 25]",restarts4_cosine,,,,,,,,,,,,,,,,,,,,,,,,,,,,,,,,,,,,,,,,,,,,,,,,,,,,,,,,,,,,,0.1,0.0,15.0,0.0,27.826560974121094,3.4464401656739816,2247.20634765625,1262.562243176541,0.04460166690322914,0.04791740887717732,0.5383113839214897,0.035632697681709916,0.7698955945784212,0.01730473211627003,0.8339637460424394,0.01664062994045548,0.49202673625147264,0.021870339418940034,0.637411758189274,0.05309874355342891,0.967017367834277,0.019709220914764125,0.9445456898854392,0.01192624716621603,0.830552872381374,0.01777365269621908,0.7818994710044158,0.03609769657144441,227.0,49.28995840939613,69.4,12.759310326189265,0.0,0.0,0.0,0.0,227.0,49.28995840939613,69.4,15.820872289478858,0.7232030398058636,0.04701171653197254,0.510167984909717,0.03794103261046304,200.0,0.0,0.1,0.0,0.04460166690322914,0.04791740887717732,0.04460166690322914,0.04791740887717732,0.04460166690322914,0.04791740887717732,0.2,0.44721359549995804,0.5383113839214897,0.035632697681709916,0.5383113839214897,0.035632697681709916,0.0,0.0,15.0,0.0,,
diagnosis_fd001_reliability,restarts4_cosine,cmapss:FD001,diagnosis,relational_max | bank0:0-1-2-4-5-7-8 | circuit,,,,,,,,,,,,,,,,,,,,,,,,,,,,,,,,,,,,,,,,,,,5,"[21, 22, 23, 24, 25]",restarts4_cosine,,,,,,,,,,,,,,,,,,,,,,,,,,,,,,,,,,,,,,,,,,,,,,,,,,,,,,,,,,,,,0.1,0.0,15.0,0.0,2.843713092803955,0.9540128223393046,137.40419311523436,20.87128001231624,0.10561353273864418,0.08189015941850424,0.43893248985939054,0.08538772902357178,0.705804639659814,0.028181508045279902,0.767841290133754,0.022506989402817482,0.5142873428161654,0.028185983656492247,0.7000560523727455,0.055240666776830254,0.8967051304381031,0.054821939451646054,0.8893666482646525,0.014273310562503059,0.5796235925296866,0.04589727916328385,0.6008378915484656,0.02891642033936756,227.0,49.28995840939613,69.4,12.759310326189265,0.0,0.0,8.2,11.945710527214361,218.8,45.427964955520515,99.8,25.083859352181037,0.5107851450436396,0.039613087987943406,0.29734078185580043,0.03570056151459828,200.0,0.0,0.1,0.0,0.10561353273864418,0.08189015941850424,0.10561353273864418,0.08189015941850424,0.10561353273864418,0.08189015941850424,0.4,0.5477225575051662,0.4389324898593907,0.08538772902357185,0.43893248985939054,0.08538772902357178,0.0,0.0,15.0,0.0,,
diagnosis_fd001_reliability,restarts4_cosine,cmapss:FD001,diagnosis,query bank0:0-1-2-4-5-7-8 | gaussian_fitted,,,,,,,,,,,,,,,,,,,,,,,,,,,,,,,,,,,,,,,,,,,5,"[21, 22, 23, 24, 25]",restarts4_cosine,,,,,,,,,,,,,,,,,,,0.0,0.0,0.09382879400000092,0.017773450870208783,0.006739810399994895,0.00046470778362723365,592.8,117.97118292193225,8.0,0.0,8.0,0.0,8.0,0.0,30.6,7.602631123499286,2592.0,643.9875775199395,0.0,0.0,1.0,0.0,0.0,0.0,853632.0,169878.50340758244,0.0,0.0,8892.0,1769.5677438289838,25883840.0,0.0,6.286878365531072,0.8311478080261688,6.43117930269438,0.7401789455537519,3.208745765507211,0.37469829829039614,1.1006866144439313,0.5899567610097056,10.800909258998463,0.7651589374179252,,,,,,,,,,,,,,,,,,,,,,,,,,,,,,,,,,,,,,,,,,,,,,,,,,,,,,,,,,,,,,,,,,
diagnosis_fd001_reliability,restarts4_cosine,cmapss:FD001,diagnosis,joint | bank0:0-1-2-4-5-7-8 | gaussian_fitted,,,,,,,,,,,,,,,,,,,,,,,,,,,,,,,,,,,,,,,,,,,5,"[21, 22, 23, 24, 25]",restarts4_cosine,,,,,,,,,,,,,,,,,,,,,,,,,,,,,,,,,,,,,,,,,,,,,,,,,,,,,,,,,,,,,0.1,0.0,15.0,0.0,144.44948177271894,22.55054644434436,706.2445354038177,109.45630180299692,0.048271599887653685,0.08225840134342688,0.4045212115567044,0.1255449388935654,0.752170133612746,0.011905847774841693,0.8069755504234226,0.009941281859851442,0.4752620593917678,0.025743562912287663,0.6506564333158041,0.044063757667178405,0.9391185438205515,0.024723589944503386,0.9318559630504802,0.016542856325893102,0.7930161023199844,0.031894254415160576,0.7809594538516629,0.023009674689426985,227.0,49.28995840939613,69.4,12.759310326189265,0.0,0.0,0.0,0.0,227.0,49.28995840939613,108.2,34.404941505545395,0.7370951908128122,0.02347120181973518,0.36907154216905136,0.08479815164357965,200.0,0.0,0.1,0.0,0.0482715998876537,0.0822584013434269,0.048271599887653685,0.08225840134342688,0.048271599887653685,0.08225840134342688,0.2,0.447213595499958,0.40452121155670434,0.12554493889356536,0.4045212115567044,0.1255449388935654,0.0,0.0,15.0,0.0,,
diagnosis_fd001_reliability,restarts4_cosine,cmapss:FD001,diagnosis,independent | bank0:0-1-2-4-5-7-8 | gaussian_fitted,,,,,,,,,,,,,,,,,,,,,,,,,,,,,,,,,,,,,,,,,,,5,"[21, 22, 23, 24, 25]",restarts4_cosine,,,,,,,,,,,,,,,,,,,,,,,,,,,,,,,,,,,,,,,,,,,,,,,,,,,,,,,,,,,,,0.1,0.0,15.0,0.0,149.52071898596026,24.695154942694945,438.4530506610473,79.53165225492548,0.050187246581113676,0.08992963639541876,0.2971244918958093,0.1442604582711497,0.7011017559725058,0.016000704601472623,0.7512594585348025,0.012395635119733253,0.47414823476935214,0.023810503408657747,0.5169344152213113,0.03920766777293792,0.8883325989305746,0.02243448533184179,0.857597832905707,0.027689424902946694,0.7905474620067628,0.03363993366100977,0.7346897959110288,0.028745106548231567,227.0,49.28995840939613,69.4,12.759310326189265,0.0,0.0,0.0,0.0,227.0,49.28995840939613,140.2,42.352095579793925,0.6428355272329698,0.0250883395167743,0.2572881765454233,0.0890230870061524,200.0,0.0,0.1,0.0,0.05018724658111369,0.08992963639541879,0.050187246581113676,0.08992963639541876,0.050187246581113676,0.08992963639541876,0.2,0.447213595499958,0.2971244918958093,0.1442604582711497,0.2971244918958093,0.1442604582711497,0.0,0.0,15.0,0.0,,
diagnosis_fd001_reliability,restarts4_cosine,cmapss:FD001,diagnosis,marginal_max | bank0:0-1-2-4-5-7-8 | gaussian_fitted,,,,,,,,,,,,,,,,,,,,,,,,,,,,,,,,,,,,,,,,,,,5,"[21, 22, 23, 24, 25]",restarts4_cosine,,,,,,,,,,,,,,,,,,,,,,,,,,,,,,,,,,,,,,,,,,,,,,,,,,,,,,,,,,,,,0.1,0.0,15.0,0.0,81.0862198231364,27.073787496753294,253.11636114637014,10.266598081204359,0.049635775992878384,0.09207111736670716,0.22010167838192524,0.18803966835020383,0.6970952038109292,0.016506760431575344,0.734478610965533,0.014187718165642378,0.45829711243505544,0.020840507967770275,0.5264533964768061,0.04163375087693098,0.8801848137454996,0.018118517434201644,0.8349163827473285,0.028911014399603238,0.8027340786536868,0.03746752889211913,0.7346897959110288,0.028745106548231567,227.0,49.28995840939613,69.4,12.759310326189265,0.0,0.0,0.0,0.0,227.0,49.28995840939613,162.8,58.33266666285709,0.6428355272329698,0.0250883395167743,0.18867029978318367,0.13192113862283192,200.0,0.0,0.1,0.0,0.04963577599287837,0.09207111736670714,0.049635775992878384,0.09207111736670716,0.049635775992878384,0.09207111736670716,0.2,0.447213595499958,0.22010167838192524,0.18803966835020375,0.22010167838192524,0.18803966835020383,0.0,0.0,15.0,0.0,,
diagnosis_fd001_reliability,restarts4_cosine,cmapss:FD001,diagnosis,conditional_max | bank0:0-1-2-4-5-7-8 | gaussian_fitted,,,,,,,,,,,,,,,,,,,,,,,,,,,,,,,,,,,,,,,,,,,5,"[21, 22, 23, 24, 25]",restarts4_cosine,,,,,,,,,,,,,,,,,,,,,,,,,,,,,,,,,,,,,,,,,,,,,,,,,,,,,,,,,,,,,0.1,0.0,15.0,0.0,84.62986267162036,28.692689104924415,407.69003119659914,49.081627749838546,0.049609310194832786,0.09361863141062675,0.3450816916225997,0.16816157485383373,0.7467818454912727,0.01383906940139509,0.7980187571113658,0.011196905419456652,0.4660370222040388,0.025629673770528317,0.6338787365537523,0.05015792123197986,0.9333439862002291,0.02780569367015905,0.9266450190862179,0.014616978326512577,0.8013092738498193,0.034469424102594175,0.7809594538516629,0.023009674689426985,227.0,49.28995840939613,69.4,12.759310326189265,0.0,0.0,0.0,0.0,227.0,49.28995840939613,125.8,47.96040033194051,0.7370951908128122,0.02347120181973518,0.3186503130238581,0.12321331410636184,200.0,0.0,0.1,0.0,0.04960931019483279,0.09361863141062675,0.049609310194832786,0.09361863141062675,0.049609310194832786,0.09361863141062675,0.2,0.447213595499958,0.3450816916225997,0.16816157485383373,0.3450816916225997,0.16816157485383373,0.0,0.0,15.0,0.0,,
diagnosis_fd001_reliability,restarts4_cosine,cmapss:FD001,diagnosis,relational_max | bank0:0-1-2-4-5-7-8 | gaussian_fitted,,,,,,,,,,,,,,,,,,,,,,,,,,,,,,,,,,,,,,,,,,,5,"[21, 22, 23, 24, 25]",restarts4_cosine,,,,,,,,,,,,,,,,,,,,,,,,,,,,,,,,,,,,,,,,,,,,,,,,,,,,,,,,,,,,,0.1,0.0,15.0,0.0,4.158153697548615,1.4742334884723438,386.8409500117198,46.460704732256985,0.04026856079494537,0.0342339399309509,0.5079673368830571,0.06854631327719672,0.7610149573151055,0.020240739028378675,0.8245903992137776,0.016815538002346087,0.4838844422286058,0.047682999208436855,0.7320347200202042,0.0515233887747717,0.9502890264138848,0.025701757599620154,0.9467121965653517,0.017205451222498946,0.7289500561987419,0.03641717292559036,0.7488495718312153,0.020314397982269725,227.0,49.28995840939613,69.4,12.759310326189265,0.0,0.0,0.0,0.0,227.0,49.28995840939613,77.0,15.763882770434446,0.7239464092863995,0.027863681139216372,0.46534575153847674,0.047074716414088766,200.0,0.0,0.1,0.0,0.040268560794945375,0.034233939930950905,0.04026856079494537,0.0342339399309509,0.04026856079494537,0.0342339399309509,0.0,0.0,0.5079673368830571,0.06854631327719668,0.5079673368830571,0.06854631327719672,0.0,0.0,15.0,0.0,,
diagnosis_fd001_reliability,restarts4_cosine,cmapss:FD001,diagnosis,detector | bank0:0-1-2-4-5-7-8 | mahalanobis_refit,,,,,,,,,,,,,,,,,,,,,,,,,,,,,0.371279174200572,0.1963021936929937,,,,,,,,,,,,,5,"[21, 22, 23, 24, 25]",restarts4_cosine,,,,,,,,,,,,,,,,,,,,,0.0788245593997999,0.03128997469016563,,,,,8.0,0.0,8.0,0.0,8.0,0.0,,,,,,,,,,,,,,,,,,,,,,,,,,,,,0.1,0.0,15.0,0.0,281.7529327392578,44.02495952124736,1501.8215698242188,237.947454645545,0.048271599887653685,0.08225840134342688,0.40569768214493973,0.12520902421424976,0.7523415289950919,0.011614816499619651,0.8073087292710008,0.009801276196410854,0.4762922294902757,0.02621399121087613,0.6518085813266006,0.042604654361741295,0.9387215773532087,0.025213200144613725,0.9318210455394598,0.01636696893733527,0.7921694284118697,0.030922948388714917,,,,,,,,,,,,,,,,,,,200.0,0.0,0.1,0.0,0.0482715998876537,0.0822584013434269,0.048271599887653685,0.08225840134342688,0.048271599887653685,0.08225840134342688,0.2,0.447213595499958,0.4056976821449396,0.1252090242142497,0.40569768214493973,0.12520902421424976,0.0,0.0,15.0,0.0,5.0,0.0
diagnosis_fd001_reliability,restarts4_cosine,cmapss:FD001,diagnosis,detector | bank0:0-1-2-4-5-7-8 | mahalanobis_impute,,,,,,,,,,,,,,,,,,,,,,,,,,,,,0.09716104319995793,0.06735190789531542,,,,,,,,,,,,,5,"[21, 22, 23, 24, 25]",restarts4_cosine,,,,,,,,,,,,,,,,,,,,,0.050962853599594383,0.008889444743257499,,,,,8.0,0.0,8.0,0.0,8.0,0.0,,,,,,,,,,,,,,,,,,,,,,,,,,,,,0.1,0.0,15.0,0.0,501.93577270507814,42.97662892784409,1697.8315704345703,208.34874524269972,0.006514657980456026,0.014567218094461171,0.29712375631349097,0.04670304965588277,0.7132400911169998,0.017665948114272457,0.7707524947328919,0.019964727951349587,0.4847616760370375,0.025307086724302895,0.5813659258898201,0.022651955736274366,0.9097797050215457,0.02448271417550106,0.9002335393710498,0.02375074152687064,0.7232227857653901,0.019931798040998417,,,,,,,,,,,,,,,,,,,200.0,0.0,0.1,0.0,0.006514657980456027,0.014567218094461173,0.006514657980456026,0.014567218094461171,0.006514657980456026,0.014567218094461171,0.0,0.0,0.29712375631349097,0.046703049655882796,0.29712375631349097,0.04670304965588277,0.0,0.0,15.0,0.0,1.0,0.0
diagnosis_fd001_reliability,restarts4_cosine,cmapss:FD001,diagnosis,detector | bank0:0-1-2-4-5-7-8 | gmm_refit,,,,,,,,,,,,,,,,,,,,,,,,,,,,,13.200720673400065,4.237982029479534,,,,,,,,,,,,,5,"[21, 22, 23, 24, 25]",restarts4_cosine,,,,,,,,,,,,,,,,,,,,,1.8454723439999725,0.9871921072446014,,,,,8.0,0.0,8.0,0.0,8.0,0.0,,,,,,,,,,,,,,,,,,,,,,,,,,,,,0.1,0.0,15.0,0.0,362.4952453613281,321.3514152522171,3510.798723602295,2968.032672042756,0.07630499168751861,0.04873015644436261,0.3131047779512987,0.17057825989720074,0.7221357924483401,0.010883639599711434,0.7508094509221217,0.022423476069017186,0.47992285722181205,0.03072410537294876,0.6211010348951614,0.03182149318815382,0.8922570482419874,0.021243225830031572,0.8844060129056309,0.01154265958823184,0.7590481436571214,0.025493948495716325,,,,,,,,,,,,,,,,,,,200.0,0.0,0.1,0.0,0.07630499168751861,0.0487301564443626,0.07630499168751861,0.04873015644436261,0.07630499168751861,0.04873015644436261,0.2,0.447213595499958,0.31310477795129876,0.17057825989720074,0.3131047779512987,0.17057825989720074,0.0,0.0,15.0,0.0,5.0,0.0
diagnosis_fd001_reliability,restarts4_cosine,cmapss:FD001,diagnosis,detector | bank0:0-1-2-4-5-7-8 | gmm_impute,,,,,,,,,,,,,,,,,,,,,,,,,,,,,2.1535830373999487,1.0273946778483958,,,,,,,,,,,,,5,"[21, 22, 23, 24, 25]",restarts4_cosine,,,,,,,,,,,,,,,,,,,,,0.030798370400043497,0.006629748325348958,,,,,8.0,0.0,8.0,0.0,8.0,0.0,,,,,,,,,,,,,,,,,,,,,,,,,,,,,0.1,0.0,15.0,0.0,411.6885131835937,105.11448969185298,1567.1196715831757,287.97031264581966,0.05178179462547531,0.06869716243890442,0.3359574397080022,0.1042336437745592,0.7070834795798423,0.016593748720562903,0.7637649864737848,0.016344578745979974,0.48702878238814895,0.022568123965135346,0.5769299531875831,0.021186020059421003,0.8996226648467222,0.030719961267237354,0.8909153708510633,0.031598921385014925,0.7144341868443362,0.021891637344415342,,,,,,,,,,,,,,,,,,,200.0,0.0,0.1,0.0,0.05178179462547531,0.06869716243890442,0.05178179462547531,0.06869716243890442,0.05178179462547531,0.06869716243890442,0.2,0.447213595499958,0.3359574397080022,0.10423364377455922,0.3359574397080022,0.1042336437745592,0.0,0.0,15.0,0.0,1.0,0.0
diagnosis_fd001_reliability,restarts4_cosine,cmapss:FD001,diagnosis,detector | bank0:0-1-2-4-5-7-8 | knn_refit,,,,,,,,,,,,,,,,,,,,,,,,,,,,,0.04319006619971333,0.005477010308503523,,,,,,,,,,,,,5,"[21, 22, 23, 24, 25]",restarts4_cosine,,,,,,,,,,,,,,,,,,,,,0.04829918060040654,0.0028413906417218736,,,,,8.0,0.0,8.0,0.0,8.0,0.0,,,,,,,,,,,,,,,,,,,,,,,,,,,,,0.1,0.0,15.0,0.0,9.688090419769287,1.3751377504547848,8.417071342468262,0.5790395122692845,0.06015943372817191,0.1118275694354247,0.22231225369247887,0.22547202306804995,0.7250422868809445,0.013771911643622107,0.7584597352074596,0.015752833604618665,0.4697285648543169,0.02558712089872457,0.6039978949819195,0.04358034064067752,0.9164066460213546,0.021966525393394803,0.9109178522296519,0.020028171866688142,0.7552968119995817,0.052175698666589804,,,,,,,,,,,,,,,,,,,200.0,0.0,0.1,0.0,0.060159433728171896,0.11182756943542464,0.06015943372817191,0.1118275694354247,0.06015943372817191,0.1118275694354247,0.2,0.447213595499958,0.22231225369247887,0.22547202306804998,0.22231225369247887,0.22547202306804995,0.0,0.0,15.0,0.0,5.0,0.0
diagnosis_fd001_reliability,restarts4_cosine,cmapss:FD001,diagnosis,detector | bank0:0-1-2-4-5-7-8 | knn_impute,,,,,,,,,,,,,,,,,,,,,,,,,,,,,0.009167964400148776,0.003886443479887892,,,,,,,,,,,,,5,"[21, 22, 23, 24, 25]",restarts4_cosine,,,,,,,,,,,,,,,,,,,,,0.006693305599947052,0.0009822069811640914,,,,,8.0,0.0,8.0,0.0,8.0,0.0,,,,,,,,,,,,,,,,,,,,,,,,,,,,,0.1,0.0,15.0,0.0,12.655075645446777,1.4165011056910024,8.146652889251708,0.5757838422196566,0.02841612377850163,0.046193926270789464,0.14769265960877212,0.1696740192279737,0.6863304591643475,0.014200529982642323,0.707629721487964,0.018236087169607756,0.48013554893383653,0.02554671724087374,0.5585295343749012,0.032762756799237513,0.8753244595195009,0.01920573894997682,0.8719679452687513,0.018667307589347974,0.6800049828701755,0.04090757460385391,,,,,,,,,,,,,,,,,,,200.0,0.0,0.1,0.0,0.028416123778501622,0.04619392627078946,0.02841612377850163,0.046193926270789464,0.02841612377850163,0.046193926270789464,0.2,0.447213595499958,0.14769265960877215,0.1696740192279737,0.14769265960877212,0.1696740192279737,0.0,0.0,15.0,0.0,1.0,0.0
diagnosis_fd001_reliability,restarts4_cosine,cmapss:FD001,diagnosis,query bank1:3 | circuit,,,,,,,,,,,,,,,,,,,,,,,,,,,,,,,,,,,,,,,,,,,5,"[21, 22, 23, 24, 25]",restarts4_cosine,,,,,,,,,,,,,,,,,,,0.0,0.0,0.39350224420013546,0.06395068289110761,0.15447352980008872,0.007049565861533715,592.8,117.97118292193225,14.0,0.0,14.0,0.0,14.0,0.0,52.2,12.96919426949878,1248676.2,310236.0961206803,0.0,0.0,1.0,0.0,0.0,0.0,411230695.2,81837671.3335907,0.0,0.0,8892.0,1769.5677438289838,0.0,0.0,15.34692440032959,4.799611182734454,15.591317939758301,4.6507549296362,8.579290580749511,1.7342404840530694,1.360460203886032,2.66649758396252,28.551831817626955,6.027491070593885,,,,,,,,,,,,,,,,,,,,,,,,,,,,,,,,,,,,,,,,,,,,,,,,,,,,,,,,,,,,,,,,,,
diagnosis_fd001_reliability,restarts4_cosine,cmapss:FD001,diagnosis,joint | bank1:3 | circuit,,,,,,,,,,,,,,,,,,,,,,,,,,,,,,,,,,,,,,,,,,,5,"[21, 22, 23, 24, 25]",restarts4_cosine,,,,,,,,,,,,,,,,,,,,,,,,,,,,,,,,,,,,,,,,,,,,,,,,,,,,,,,,,,,,,0.1,0.0,15.0,0.0,110.60261535644531,15.644835994032706,2542.5269775390625,1242.8688300319536,0.028829277639394517,0.041729853121291065,0.5538465341308808,0.0760283926997136,0.819637629087086,0.02363909595532755,0.8678067918771699,0.019206937862594742,0.5083989165367413,0.027390759040241686,0.7187893153696712,0.033811069290940174,0.9981765900649371,0.0019366025972367901,0.9990141169905014,0.001722312892811006,0.9028130854100673,0.03900818999952567,0.7557696562867106,0.029553842651261108,290.4,59.441567947018356,6.0,1.5811388300841898,0.0,0.0,0.0,0.0,290.4,59.441567947018356,123.8,22.117866081518805,0.7194266954285473,0.036304117123767535,0.5384400463693693,0.061714440920227376,200.0,0.0,0.1,0.0,0.028829277639394524,0.04172985312129107,0.028829277639394517,0.041729853121291065,0.028829277639394517,0.041729853121291065,0.0,0.0,0.5538465341308807,0.07602839269971366,0.5538465341308808,0.0760283926997136,0.0,0.0,15.0,0.0,,
diagnosis_fd001_reliability,restarts4_cosine,cmapss:FD001,diagnosis,independent | bank1:3 | circuit,,,,,,,,,,,,,,,,,,,,,,,,,,,,,,,,,,,,,,,,,,,5,"[21, 22, 23, 24, 25]",restarts4_cosine,,,,,,,,,,,,,,,,,,,,,,,,,,,,,,,,,,,,,,,,,,,,,,,,,,,,,,,,,,,,,0.1,0.0,15.0,0.0,136.10544128417968,23.976141225171336,2501.8480712890623,1249.2835205195818,0.0378424985629431,0.052013431672268955,0.46574672112032045,0.08025384200051627,0.7664174750900314,0.02372031239775298,0.8232644942871916,0.02335278952115769,0.5023802596992846,0.025468874431175795,0.5116614761110869,0.035998905442144596,0.9850990391461941,0.00980909521846238,0.9822572408803444,0.014599315486073737,0.8754417098352963,0.053348016445820726,0.6856315564009223,0.03555400557323751,290.4,59.441567947018356,6.0,1.5811388300841898,0.0,0.0,0.0,0.0,290.4,59.441567947018356,149.8,26.64019519448009,0.6321383509692637,0.04406087109465078,0.44959772420389355,0.06088088844431231,200.0,0.0,0.1,0.0,0.0378424985629431,0.05201343167226896,0.0378424985629431,0.052013431672268955,0.0378424985629431,0.052013431672268955,0.2,0.44721359549995804,0.46574672112032056,0.0802538420005163,0.46574672112032045,0.08025384200051627,0.0,0.0,15.0,0.0,,
diagnosis_fd001_reliability,restarts4_cosine,cmapss:FD001,diagnosis,marginal_max | bank1:3 | circuit,,,,,,,,,,,,,,,,,,,,,,,,,,,,,,,,,,,,,,,,,,,5,"[21, 22, 23, 24, 25]",restarts4_cosine,,,,,,,,,,,,,,,,,,,,,,,,,,,,,,,,,,,,,,,,,,,,,,,,,,,,,,,,,,,,,0.1,0.0,15.0,0.0,31.97476921081543,2.597095865015364,2207.2147216796875,1317.1516114115766,0.027267270484519435,0.04395250786087332,0.5747068469156688,0.057302007418815935,0.792924834531892,0.018573355135173195,0.8535682705121419,0.017543325798621223,0.49746084128215146,0.019651314820446558,0.5226770597710081,0.06573248206217347,0.9967237507769706,0.0036638747533970315,0.9983762289327014,0.0023887912213622236,0.961427065337689,0.018998920977736165,0.6856315564009223,0.03555400557323751,290.4,59.441567947018356,6.0,1.5811388300841898,0.0,0.0,0.0,0.0,290.4,59.441567947018356,118.4,22.995651762887697,0.6321383509692637,0.04406087109465078,0.56354413466855,0.05189020674646751,200.0,0.0,0.1,0.0,0.027267270484519435,0.04395250786087333,0.027267270484519435,0.04395250786087332,0.027267270484519435,0.04395250786087332,0.2,0.44721359549995804,0.5747068469156689,0.057302007418815984,0.5747068469156688,0.057302007418815935,0.0,0.0,15.0,0.0,,
diagnosis_fd001_reliability,restarts4_cosine,cmapss:FD001,diagnosis,conditional_max | bank1:3 | circuit,,,,,,,,,,,,,,,,,,,,,,,,,,,,,,,,,,,,,,,,,,,5,"[21, 22, 23, 24, 25]",restarts4_cosine,,,,,,,,,,,,,,,,,,,,,,,,,,,,,,,,,,,,,,,,,,,,,,,,,,,,,,,,,,,,,0.1,0.0,15.0,0.0,30.495149230957033,1.7088040552985362,2213.042431640625,1314.0351613116939,0.018042865485646244,0.008855391955287544,0.6462207507183496,0.047410415805873005,0.8379035833102607,0.01967047541015908,0.8882715925955271,0.01518372552341194,0.49124201560610803,0.010246221310724973,0.7576240010996278,0.026825346299865473,0.9999237223493516,0.00017056201201373823,1.0,0.0,0.9636669087285028,0.01815309426223297,0.7557696562867106,0.029553842651261108,290.4,59.441567947018356,6.0,1.5811388300841898,0.0,0.0,0.0,0.0,290.4,59.441567947018356,97.0,14.866068747318506,0.7194266954285473,0.036304117123767535,0.6395588423483994,0.04757570517205084,200.0,0.0,0.1,0.0,0.018042865485646244,0.008855391955287546,0.018042865485646244,0.008855391955287544,0.018042865485646244,0.008855391955287544,0.0,0.0,0.6462207507183496,0.047410415805873,0.6462207507183496,0.047410415805873005,0.0,0.0,15.0,0.0,,
diagnosis_fd001_reliability,restarts4_cosine,cmapss:FD001,diagnosis,relational_max | bank1:3 | circuit,,,,,,,,,,,,,,,,,,,,,,,,,,,,,,,,,,,,,,,,,,,5,"[21, 22, 23, 24, 25]",restarts4_cosine,,,,,,,,,,,,,,,,,,,,,,,,,,,,,,,,,,,,,,,,,,,,,,,,,,,,,,,,,,,,,0.1,0.0,15.0,0.0,5.923742294311523,1.4904553052491547,145.91802978515625,11.274567410981005,0.06244548940874615,0.05244701787090877,0.5074207393104126,0.0568594456101926,0.7676894314383611,0.01972587426118162,0.8260665800867191,0.013292630725478522,0.5039464519407344,0.019970416363101682,0.8355052543145275,0.0241021481579957,0.967400161771953,0.022448662822859636,0.9659557055033561,0.01997360340873805,0.6223074360664226,0.043038074352981244,0.5692376211888399,0.016530037874858905,290.4,59.441567947018356,6.0,1.5811388300841898,0.0,0.0,4.2,5.6302753041037,286.2,57.03683020645519,136.2,25.839891640639674,0.5394700619286606,0.02836652578874592,0.4266267032390217,0.041983191250459996,200.0,0.0,0.1,0.0,0.062445489408746155,0.05244701787090878,0.06244548940874615,0.05244701787090877,0.06244548940874615,0.05244701787090877,0.4,0.5477225575051662,0.5074207393104126,0.05685944561019263,0.5074207393104126,0.0568594456101926,0.0,0.0,15.0,0.0,,
diagnosis_fd001_reliability,restarts4_cosine,cmapss:FD001,diagnosis,query bank1:3 | gaussian_fitted,,,,,,,,,,,,,,,,,,,,,,,,,,,,,,,,,,,,,,,,,,,5,"[21, 22, 23, 24, 25]",restarts4_cosine,,,,,,,,,,,,,,,,,,,0.0,0.0,0.41961569100021734,0.08680912834134177,0.006581209800060606,0.0011041873946591374,592.8,117.97118292193225,14.0,0.0,14.0,0.0,14.0,0.0,52.2,12.96919426949878,7560.0,1878.2971010998233,0.0,0.0,1.0,0.0,0.0,0.0,2489760.0,495478.96827211545,0.0,0.0,8892.0,1769.5677438289838,32941280.0,0.0,13.938434344237814,2.1485879415979734,13.963350949203436,2.1297395706767137,5.962588434828877,0.49238020223705864,4.223744721114079,1.5392467374158203,23.625861550857564,2.265777740033647,,,,,,,,,,,,,,,,,,,,,,,,,,,,,,,,,,,,,,,,,,,,,,,,,,,,,,,,,,,,,,,,,,
diagnosis_fd001_reliability,restarts4_cosine,cmapss:FD001,diagnosis,joint | bank1:3 | gaussian_fitted,,,,,,,,,,,,,,,,,,,,,,,,,,,,,,,,,,,,,,,,,,,5,"[21, 22, 23, 24, 25]",restarts4_cosine,,,,,,,,,,,,,,,,,,,,,,,,,,,,,,,,,,,,,,,,,,,,,,,,,,,,,,,,,,,,,0.1,0.0,15.0,0.0,184.3370404812094,9.156766056233993,951.1576055910107,94.15710158139738,0.02752886238052791,0.030851085761853827,0.6277243103289204,0.06343118164228495,0.8448450916015868,0.022154953715277207,0.8909646805310383,0.01606247856095535,0.5113095350548964,0.02330885290156986,0.7901769406088881,0.022080282644607433,0.9995931350676008,0.0008738150591176827,0.9999431818181819,0.0001270493169033809,0.9486443866395444,0.02586395981123281,0.7695432119133672,0.028364989045034466,290.4,59.441567947018356,6.0,1.5811388300841898,0.0,0.0,0.0,0.0,290.4,59.441567947018356,102.2,18.539147768977948,0.7464967196945531,0.03271711894532901,0.6125610704171174,0.05769439781337537,200.0,0.0,0.1,0.0,0.02752886238052791,0.030851085761853834,0.02752886238052791,0.030851085761853827,0.02752886238052791,0.030851085761853827,0.0,0.0,0.6277243103289203,0.06343118164228496,0.6277243103289204,0.06343118164228495,0.0,0.0,15.0,0.0,,
diagnosis_fd001_reliability,restarts4_cosine,cmapss:FD001,diagnosis,independent | bank1:3 | gaussian_fitted,,,,,,,,,,,,,,,,,,,,,,,,,,,,,,,,,,,,,,,,,,,5,"[21, 22, 23, 24, 25]",restarts4_cosine,,,,,,,,,,,,,,,,,,,,,,,,,,,,,,,,,,,,,,,,,,,,,,,,,,,,,,,,,,,,,0.1,0.0,15.0,0.0,191.10178902061543,11.312495686445132,451.29909611466667,64.81576009859036,0.06946788342068498,0.08370846091258204,0.5361683803890297,0.0818830493872604,0.7787019265657292,0.020890335644098965,0.8387050511427248,0.018239553843674268,0.5029724569006324,0.01851142581648576,0.5012328255980218,0.041877500792643046,0.990334547611603,0.006050770341904874,0.9706265636382246,0.012706465935365322,0.9446044877872755,0.0247470710042973,0.6796342691354148,0.03567945819893578,290.4,59.441567947018356,6.0,1.5811388300841898,0.0,0.0,0.0,0.0,290.4,59.441567947018356,130.2,33.176799122278204,0.6224524620260893,0.0378782787441005,0.5062855543555356,0.05826966433691955,200.0,0.0,0.1,0.0,0.06946788342068501,0.08370846091258205,0.06946788342068498,0.08370846091258204,0.06946788342068498,0.08370846091258204,0.2,0.44721359549995804,0.5361683803890297,0.08188304938726039,0.5361683803890297,0.0818830493872604,0.0,0.0,15.0,0.0,,
diagnosis_fd001_reliability,restarts4_cosine,cmapss:FD001,diagnosis,marginal_max | bank1:3 | gaussian_fitted,,,,,,,,,,,,,,,,,,,,,,,,,,,,,,,,,,,,,,,,,,,5,"[21, 22, 23, 24, 25]",restarts4_cosine,,,,,,,,,,,,,,,,,,,,,,,,,,,,,,,,,,,,,,,,,,,,,,,,,,,,,,,,,,,,,0.1,0.0,15.0,0.0,29.897850743212377,2.2439074291734586,250.60994511313538,10.968637939292257,0.054444275437969925,0.04324821292304048,0.5741385780665444,0.03795499214387709,0.7869933701257512,0.01984553735999055,0.8487380579641076,0.017067921227481766,0.4793754757143387,0.01859719042830407,0.5254733609854647,0.051810171518531026,0.9966342766099583,0.003385525555360851,0.9634890342233037,0.016907974177977018,0.980161555759199,0.013369845725171092,0.6796342691354148,0.03567945819893578,290.4,59.441567947018356,6.0,1.5811388300841898,0.0,0.0,0.0,0.0,290.4,59.441567947018356,118.8,20.06738647656939,0.6224524620260893,0.0378782787441005,0.5536999471502085,0.040915366407798984,200.0,0.0,0.1,0.0,0.05444427543796991,0.04324821292304047,0.054444275437969925,0.04324821292304048,0.054444275437969925,0.04324821292304048,0.0,0.0,0.5741385780665443,0.03795499214387704,0.5741385780665444,0.03795499214387709,0.0,0.0,15.0,0.0,,
diagnosis_fd001_reliability,restarts4_cosine,cmapss:FD001,diagnosis,conditional_max | bank1:3 | gaussian_fitted,,,,,,,,,,,,,,,,,,,,,,,,,,,,,,,,,,,,,,,,,,,5,"[21, 22, 23, 24, 25]",restarts4_cosine,,,,,,,,,,,,,,,,,,,,,,,,,,,,,,,,,,,,,,,,,,,,,,,,,,,,,,,,,,,,,0.1,0.0,15.0,0.0,30.909372904342746,4.042291372819578,495.3260887757527,64.8810000291685,0.07301387056286808,0.0864411572211645,0.6997394353208833,0.0361244848783257,0.8428922333802387,0.019381423607098724,0.8937272582330928,0.013636477011489732,0.4803920688507045,0.006749412255467955,0.777038779772635,0.0295826788551405,1.0,0.0,1.0,0.0,0.9796798627212923,0.012429092365223132,0.7695432119133672,0.028364989045034466,290.4,59.441567947018356,6.0,1.5811388300841898,0.0,0.0,0.0,0.0,290.4,59.441567947018356,81.8,14.394443372357268,0.7464967196945531,0.03271711894532901,0.6758711062816759,0.033899551454715876,200.0,0.0,0.1,0.0,0.07301387056286808,0.0864411572211645,0.07301387056286808,0.0864411572211645,0.07301387056286808,0.0864411572211645,0.2,0.44721359549995804,0.6997394353208835,0.03612448487832574,0.6997394353208833,0.0361244848783257,0.0,0.0,15.0,0.0,,
diagnosis_fd001_reliability,restarts4_cosine,cmapss:FD001,diagnosis,relational_max | bank1:3 | gaussian_fitted,,,,,,,,,,,,,,,,,,,,,,,,,,,,,,,,,,,,,,,,,,,5,"[21, 22, 23, 24, 25]",restarts4_cosine,,,,,,,,,,,,,,,,,,,,,,,,,,,,,,,,,,,,,,,,,,,,,,,,,,,,,,,,,,,,,0.1,0.0,15.0,0.0,4.868896175276167,0.7718533586949211,494.518825488879,76.55012048982215,0.04674886221394344,0.04194808259719495,0.6465151889510851,0.05170520146789232,0.8339113355469248,0.008111938567421753,0.8834081255701045,0.007297835763966051,0.49586827832829206,0.02592820692710148,0.8727754895214727,0.02454584529056321,1.0,0.0,0.9998566650740563,0.00032050663795985006,0.8370399353426979,0.020810428719114805,0.7183245284274753,0.021995286556559693,290.4,59.441567947018356,6.0,1.5811388300841898,0.0,0.0,0.2,0.447213595499958,290.2,59.35233778041098,96.8,16.991174179555692,0.7007064939479023,0.03388281932221564,0.6106421935829593,0.03203405687534552,200.0,0.0,0.1,0.0,0.046748862213943455,0.04194808259719496,0.04674886221394344,0.04194808259719495,0.04674886221394344,0.04194808259719495,0.2,0.44721359549995804,0.6465151889510851,0.05170520146789231,0.6465151889510851,0.05170520146789232,0.0,0.0,15.0,0.0,,
diagnosis_fd001_reliability,restarts4_cosine,cmapss:FD001,diagnosis,detector | bank1:3 | mahalanobis_refit,,,,,,,,,,,,,,,,,,,,,,,,,,,,,0.4367005852003786,0.18479901016722852,,,,,,,,,,,,,5,"[21, 22, 23, 24, 25]",restarts4_cosine,,,,,,,,,,,,,,,,,,,,,0.10441361760003928,0.09025282345345496,,,,,14.0,0.0,14.0,0.0,14.0,0.0,,,,,,,,,,,,,,,,,,,,,,,,,,,,,0.1,0.0,15.0,0.0,366.3262451171875,16.95343575291127,2024.6249267578125,203.36847245004637,0.029807367835424443,0.032191880676150475,0.6226880945609251,0.06168121744213242,0.8444684937723606,0.022214743440806196,0.89056117848863,0.016111313141224964,0.5112996666945943,0.024847500534280996,0.7897269054710858,0.022883147277741277,0.9995160802730801,0.0010460397990367943,0.9999337121212122,0.0001482242030539775,0.9473666115506891,0.025458585092273823,,,,,,,,,,,,,,,,,,,200.0,0.0,0.1,0.0,0.029807367835424443,0.032191880676150475,0.029807367835424443,0.032191880676150475,0.029807367835424443,0.032191880676150475,0.0,0.0,0.6226880945609251,0.06168121744213242,0.6226880945609251,0.06168121744213242,0.0,0.0,15.0,0.0,6.0,0.0
diagnosis_fd001_reliability,restarts4_cosine,cmapss:FD001,diagnosis,detector | bank1:3 | mahalanobis_impute,,,,,,,,,,,,,,,,,,,,,,,,,,,,,0.09716104319995793,0.06735190789531542,,,,,,,,,,,,,5,"[21, 22, 23, 24, 25]",restarts4_cosine,,,,,,,,,,,,,,,,,,,,,0.04047075380003662,0.010356904017742526,,,,,14.0,0.0,14.0,0.0,14.0,0.0,,,,,,,,,,,,,,,,,,,,,,,,,,,,,0.1,0.0,15.0,0.0,368.77129516601565,17.64486415539273,2036.3574615478515,206.1439136140178,0.03043236783542444,0.032483424338032155,0.6245856783713932,0.06330122373563682,0.8444028322385175,0.022338795636379197,0.8904697019267115,0.01623621576611226,0.5121251394341231,0.02364863657443943,0.7889974993077046,0.022424898877108766,0.9994989569854089,0.0010843152004577,0.9999242424242425,0.0001693990892045244,0.9470750403800524,0.02528617283731181,,,,,,,,,,,,,,,,,,,200.0,0.0,0.1,0.0,0.03043236783542444,0.032483424338032155,0.03043236783542444,0.032483424338032155,0.03043236783542444,0.032483424338032155,0.0,0.0,0.6245856783713931,0.06330122373563685,0.6245856783713932,0.06330122373563682,0.0,0.0,15.0,0.0,1.0,0.0
diagnosis_fd001_reliability,restarts4_cosine,cmapss:FD001,diagnosis,detector | bank1:3 | gmm_refit,,,,,,,,,,,,,,,,,,,,,,,,,,,,,15.093727578200014,3.744253324446333,,,,,,,,,,,,,5,"[21, 22, 23, 24, 25]",restarts4_cosine,,,,,,,,,,,,,,,,,,,,,1.9207915584000148,0.7516470348660715,,,,,14.0,0.0,14.0,0.0,14.0,0.0,,,,,,,,,,,,,,,,,,,,,,,,,,,,,0.1,0.0,15.0,0.0,307.3339416503906,33.30001131727255,1763.8706817626953,180.61905038724072,0.08229412468673995,0.07535479575331058,0.626888078310076,0.08715412739237811,0.827514235920899,0.026063948565779656,0.8746235876718252,0.01979970453062367,0.5157724672500561,0.023759152869110796,0.7433559326607735,0.04406971134601767,0.9979898454962315,0.004380423288434617,0.9994590608994894,0.0008526870093949628,0.9058794975111374,0.04079839352886334,,,,,,,,,,,,,,,,,,,200.0,0.0,0.1,0.0,0.08229412468673997,0.0753547957533106,0.08229412468673995,0.07535479575331058,0.08229412468673995,0.07535479575331058,0.4,0.5477225575051662,0.6268880783100759,0.08715412739237823,0.626888078310076,0.08715412739237811,0.0,0.0,15.0,0.0,6.0,0.0
diagnosis_fd001_reliability,restarts4_cosine,cmapss:FD001,diagnosis,detector | bank1:3 | gmm_impute,,,,,,,,,,,,,,,,,,,,,,,,,,,,,2.1535830373999487,1.0273946778483958,,,,,,,,,,,,,5,"[21, 22, 23, 24, 25]",restarts4_cosine,,,,,,,,,,,,,,,,,,,,,0.024753305000194813,0.006900300488652466,,,,,14.0,0.0,14.0,0.0,14.0,0.0,,,,,,,,,,,,,,,,,,,,,,,,,,,,,0.1,0.0,15.0,0.0,353.5727478027344,35.31155769043362,1904.5225524902344,238.55690058589738,0.05284648609563618,0.060887969276051015,0.5972250295418412,0.054978879270869425,0.8227513870928684,0.018932592631346595,0.8714304657003638,0.014625586078354848,0.5101444680166679,0.01892178995902721,0.7376045883547768,0.029485906368508355,0.9974417004586196,0.004272760425117081,0.9987595997661654,0.001691893930964023,0.8976362775532305,0.02962778695544659,,,,,,,,,,,,,,,,,,,200.0,0.0,0.1,0.0,0.05284648609563618,0.06088796927605103,0.05284648609563618,0.060887969276051015,0.05284648609563618,0.060887969276051015,0.2,0.44721359549995804,0.5972250295418412,0.05497887927086946,0.5972250295418412,0.054978879270869425,0.0,0.0,15.0,0.0,1.0,0.0
diagnosis_fd001_reliability,restarts4_cosine,cmapss:FD001,diagnosis,detector | bank1:3 | knn_refit,,,,,,,,,,,,,,,,,,,,,,,,,,,,,0.05458934259968373,0.006248240917869538,,,,,,,,,,,,,5,"[21, 22, 23, 24, 25]",restarts4_cosine,,,,,,,,,,,,,,,,,,,,,0.05011552020005183,0.002756815660034775,,,,,14.0,0.0,14.0,0.0,14.0,0.0,,,,,,,,,,,,,,,,,,,,,,,,,,,,,0.1,0.0,15.0,0.0,10.402570724487305,0.23062190342123842,7.45499095916748,0.5429331544103847,0.03917607770342239,0.04460663334754774,0.589037962458337,0.0870651152690552,0.8297245820080417,0.018565265634087186,0.8770597267052811,0.013330950659113366,0.4983292049423265,0.018824242125199293,0.7374520878908868,0.022667284460595512,0.999365209556737,0.0009899978699459103,0.9997476775675305,0.00039434208617248955,0.9390718950645169,0.019810972021521576,,,,,,,,,,,,,,,,,,,200.0,0.0,0.1,0.0,0.03917607770342239,0.04460663334754773,0.03917607770342239,0.04460663334754774,0.03917607770342239,0.04460663334754774,0.2,0.447213595499958,0.589037962458337,0.08706511526905525,0.589037962458337,0.0870651152690552,0.0,0.0,15.0,0.0,6.0,0.0
diagnosis_fd001_reliability,restarts4_cosine,cmapss:FD001,diagnosis,detector | bank1:3 | knn_impute,,,,,,,,,,,,,,,,,,,,,,,,,,,,,0.009167964400148776,0.003886443479887892,,,,,,,,,,,,,5,"[21, 22, 23, 24, 25]",restarts4_cosine,,,,,,,,,,,,,,,,,,,,,0.007277989800059004,0.001890035359321559,,,,,14.0,0.0,14.0,0.0,14.0,0.0,,,,,,,,,,,,,,,,,,,,,,,,,,,,,0.1,0.0,15.0,0.0,10.535228157043457,0.2300823772090898,7.503765487670899,0.66659215434117,0.05197793051327678,0.038957132619287925,0.5936377546119246,0.0703500108016715,0.8260952289393716,0.017943141457668836,0.8727085258936744,0.013952768785294795,0.4975620934591861,0.020704450512885577,0.7315822328592528,0.022602515850147886,0.9997755460336247,0.0001910326072225161,0.9995144823028899,0.0008226581282484931,0.9279661279156853,0.022080441225173133,,,,,,,,,,,,,,,,,,,200.0,0.0,0.1,0.0,0.051977930513276795,0.03895713261928794,0.05197793051327678,0.038957132619287925,0.05197793051327678,0.038957132619287925,0.2,0.44721359549995804,0.5936377546119245,0.0703500108016715,0.5936377546119246,0.0703500108016715,0.0,0.0,15.0,0.0,1.0,0.0
diagnosis_fd001_reliability,restarts4_cosine,cmapss:FD001,diagnosis,query bank2:6-10 | circuit,,,,,,,,,,,,,,,,,,,,,,,,,,,,,,,,,,,,,,,,,,,5,"[21, 22, 23, 24, 25]",restarts4_cosine,,,,,,,,,,,,,,,,,,,0.0,0.0,0.3747913103999963,0.058512156613837005,0.15052747719983017,0.006369228136051453,592.8,117.97118292193225,13.0,0.0,13.0,0.0,13.0,0.0,48.6,12.074767078498864,1162560.6,288840.50328477134,0.0,0.0,1.0,0.0,0.0,0.0,382869957.6,76193694.00023963,0.0,0.0,8892.0,1769.5677438289838,0.0,0.0,13.701209449768067,4.987110521110176,13.992426300048828,4.817244688363161,8.15646276473999,1.6767145828722347,0.4936705231666565,2.0617891290766894,26.277737426757813,6.311855903251862,,,,,,,,,,,,,,,,,,,,,,,,,,,,,,,,,,,,,,,,,,,,,,,,,,,,,,,,,,,,,,,,,,
diagnosis_fd001_reliability,restarts4_cosine,cmapss:FD001,diagnosis,joint | bank2:6-10 | circuit,,,,,,,,,,,,,,,,,,,,,,,,,,,,,,,,,,,,,,,,,,,5,"[21, 22, 23, 24, 25]",restarts4_cosine,,,,,,,,,,,,,,,,,,,,,,,,,,,,,,,,,,,,,,,,,,,,,,,,,,,,,,,,,,,,,0.1,0.0,15.0,0.0,40.70329360961914,10.476708644936096,2764.4789794921876,1026.657087349985,0.018911668902088525,0.02881350664200305,0.5010268583521869,0.050540077619675154,0.8066575174548463,0.020933547821106353,0.8569656334028716,0.01880344721509509,0.5052224765845219,0.02632725851475495,0.6937169466139018,0.040021196842745896,0.992245074834105,0.005891816690554664,0.9962651851909043,0.004374651812632871,0.8762099563994876,0.06553374879783969,0.7520802797409363,0.031518634261525263,283.6,56.52256186692178,12.8,2.8635642126552705,0.0,0.0,0.0,0.0,283.6,56.52256186692178,133.4,20.707486568871655,0.7113767071175836,0.03884996749977645,0.48977921990969264,0.04752862313788823,200.0,0.0,0.1,0.0,0.01891166890208853,0.028813506642003054,0.018911668902088525,0.02881350664200305,0.018911668902088525,0.02881350664200305,0.0,0.0,0.501026858352187,0.05054007761967525,0.5010268583521869,0.050540077619675154,0.0,0.0,15.0,0.0,,
diagnosis_fd001_reliability,restarts4_cosine,cmapss:FD001,diagnosis,independent | bank2:6-10 | circuit,,,,,,,,,,,,,,,,,,,,,,,,,,,,,,,,,,,,,,,,,,,5,"[21, 22, 23, 24, 25]",restarts4_cosine,,,,,,,,,,,,,,,,,,,,,,,,,,,,,,,,,,,,,,,,,,,,,,,,,,,,,,,,,,,,,0.1,0.0,15.0,0.0,70.4060546875,15.9367499458279,2742.6637939453126,1034.5926463396388,0.019436673692278215,0.028226905098430708,0.4077883136292044,0.041339300618217036,0.7583844994308188,0.028587285688805992,0.8164591839778694,0.028025213521029536,0.5010490391937145,0.02506933723041218,0.5219775683563629,0.037246199571835045,0.9732700401130252,0.026223380453919046,0.9783424927951518,0.014499583268172585,0.8447572695483692,0.08007412928000372,0.6865361338464193,0.038781684076093934,283.6,56.52256186692178,12.8,2.8635642126552705,0.0,0.0,0.0,0.0,283.6,56.52256186692178,161.2,26.385602134497518,0.6326530203656888,0.048338809422818194,0.3974201358232828,0.03487368560103981,200.0,0.0,0.1,0.0,0.019436673692278215,0.028226905098430715,0.019436673692278215,0.028226905098430708,0.019436673692278215,0.028226905098430708,0.0,0.0,0.40778831362920454,0.041339300618217084,0.4077883136292044,0.041339300618217036,0.0,0.0,15.0,0.0,,
diagnosis_fd001_reliability,restarts4_cosine,cmapss:FD001,diagnosis,marginal_max | bank2:6-10 | circuit,,,,,,,,,,,,,,,,,,,,,,,,,,,,,,,,,,,,,,,,,,,5,"[21, 22, 23, 24, 25]",restarts4_cosine,,,,,,,,,,,,,,,,,,,,,,,,,,,,,,,,,,,,,,,,,,,,,,,,,,,,,,,,,,,,,0.1,0.0,15.0,0.0,31.97476921081543,2.597095865015364,2241.5405517578124,1263.2210641788922,0.027267270484519435,0.04395250786087332,0.5568027207116628,0.05305836138295819,0.7826511437484474,0.017484494323371052,0.8457375692369993,0.01736486844005418,0.49746084128215146,0.019651314820446558,0.5226770597710081,0.06573248206217347,0.9888524243161374,0.009158650918786789,0.9952034905766702,0.004659755233185323,0.9252393414758122,0.04113812207858026,0.6865361338464193,0.038781684076093934,283.6,56.52256186692178,12.8,2.8635642126552705,0.0,0.0,0.0,0.0,283.6,56.52256186692178,117.4,21.582400237230335,0.6326530203656888,0.048338809422818194,0.5456400084645441,0.05204447193993562,200.0,0.0,0.1,0.0,0.027267270484519435,0.04395250786087333,0.027267270484519435,0.04395250786087332,0.027267270484519435,0.04395250786087332,0.2,0.44721359549995804,0.5568027207116627,0.053058361382958164,0.5568027207116628,0.05305836138295819,0.0,0.0,15.0,0.0,,
diagnosis_fd001_reliability,restarts4_cosine,cmapss:FD001,diagnosis,conditional_max | bank2:6-10 | circuit,,,,,,,,,,,,,,,,,,,,,,,,,,,,,,,,,,,,,,,,,,,5,"[21, 22, 23, 24, 25]",restarts4_cosine,,,,,,,,,,,,,,,,,,,,,,,,,,,,,,,,,,,,,,,,,,,,,,,,,,,,,,,,,,,,,0.1,0.0,15.0,0.0,30.510828018188477,1.707840886666427,2246.3029296875,1261.817726903754,0.018042865485646244,0.008855391955287544,0.6210095590738068,0.040943663543654085,0.8242943842242394,0.013820618954129107,0.8777578672322488,0.011927767347479355,0.49215407855357884,0.010986895712524173,0.7218395575541343,0.04998806078232235,0.9975479299271196,0.003365617849302554,0.9976648351648352,0.005221587310095644,0.9348248785735537,0.0343179524002857,0.7520802797409363,0.031518634261525263,283.6,56.52256186692178,12.8,2.8635642126552705,0.0,0.0,0.0,0.0,283.6,56.52256186692178,98.2,15.401298646542765,0.7113767071175836,0.03884996749977645,0.6161820040103968,0.04229199553079781,200.0,0.0,0.1,0.0,0.018042865485646244,0.008855391955287546,0.018042865485646244,0.008855391955287544,0.018042865485646244,0.008855391955287544,0.0,0.0,0.621009559073807,0.04094366354365408,0.6210095590738068,0.040943663543654085,0.0,0.0,15.0,0.0,,
diagnosis_fd001_reliability,restarts4_cosine,cmapss:FD001,diagnosis,relational_max | bank2:6-10 | circuit,,,,,,,,,,,,,,,,,,,,,,,,,,,,,,,,,,,,,,,,,,,5,"[21, 22, 23, 24, 25]",restarts4_cosine,,,,,,,,,,,,,,,,,,,,,,,,,,,,,,,,,,,,,,,,,,,,,,,,,,,,,,,,,,,,,0.1,0.0,15.0,0.0,6.730630111694336,1.8600519015345445,128.64529418945312,11.925508665315649,0.023758825469351492,0.019402124218797452,0.4539267531821409,0.042201639256399456,0.7536185837385764,0.013690895430618997,0.815633553171357,0.010106201703551438,0.4962668918253173,0.008957092535704144,0.7853522409196649,0.03355956321451269,0.9598466535940581,0.01159820281726225,0.9558726103385681,0.009298410949704069,0.6188088987707902,0.03551305137580679,0.5955894867590281,0.026015282962952815,283.6,56.52256186692178,12.8,2.8635642126552705,0.0,0.0,0.0,0.0,283.6,56.52256186692178,148.4,27.437201023428027,0.5679844207556707,0.03141582813899832,0.43396202227758696,0.038990345940884304,200.0,0.0,0.1,0.0,0.023758825469351492,0.019402124218797456,0.023758825469351492,0.019402124218797452,0.023758825469351492,0.019402124218797452,0.0,0.0,0.4539267531821409,0.042201639256399415,0.4539267531821409,0.042201639256399456,0.0,0.0,15.0,0.0,,
diagnosis_fd001_reliability,restarts4_cosine,cmapss:FD001,diagnosis,query bank2:6-10 | gaussian_fitted,,,,,,,,,,,,,,,,,,,,,,,,,,,,,,,,,,,,,,,,,,,5,"[21, 22, 23, 24, 25]",restarts4_cosine,,,,,,,,,,,,,,,,,,,0.0,0.0,0.3234170632000314,0.060311420996793014,0.0058759501998792985,0.00031513367215508283,592.8,117.97118292193225,13.0,0.0,13.0,0.0,13.0,0.0,48.6,12.074767078498864,6552.0,1627.857487619847,0.0,0.0,1.0,0.0,0.0,0.0,2157792.0,429415.1058358334,0.0,0.0,8892.0,1769.5677438289838,39499520.0,0.0,11.761595921424085,2.0064748304500784,11.821041733132668,1.993518524967907,5.576996200301649,0.6015762572390568,2.872950046239629,1.3629878170775422,20.941532562593984,1.7072354482914038,,,,,,,,,,,,,,,,,,,,,,,,,,,,,,,,,,,,,,,,,,,,,,,,,,,,,,,,,,,,,,,,,,
diagnosis_fd001_reliability,restarts4_cosine,cmapss:FD001,diagnosis,joint | bank2:6-10 | gaussian_fitted,,,,,,,,,,,,,,,,,,,,,,,,,,,,,,,,,,,,,,,,,,,5,"[21, 22, 23, 24, 25]",restarts4_cosine,,,,,,,,,,,,,,,,,,,,,,,,,,,,,,,,,,,,,,,,,,,,,,,,,,,,,,,,,,,,,0.1,0.0,15.0,0.0,246.23825127726514,23.456137078617683,566.0153805966664,39.90524655004473,0.03948871716934897,0.06307193966175838,0.4968154636213605,0.1095851033518134,0.8097485499800754,0.010679226615456896,0.8567593556838151,0.009075262830522597,0.4855368602564325,0.01652850822249249,0.728119004325374,0.04382257609113922,0.9943477804630634,0.0064317440030594334,0.9957902795118164,0.006318056022141051,0.8762023753043927,0.041426205137481874,0.756985307785718,0.01800909144604512,283.6,56.52256186692178,12.8,2.8635642126552705,0.0,0.0,0.0,0.0,283.6,56.52256186692178,134.8,35.15963594805839,0.7040629288661454,0.02037843009038861,0.4645456218225818,0.08337701803718647,200.0,0.0,0.1,0.0,0.03948871716934897,0.06307193966175836,0.03948871716934897,0.06307193966175838,0.03948871716934897,0.06307193966175838,0.2,0.447213595499958,0.4968154636213605,0.10958510335181333,0.4968154636213605,0.1095851033518134,0.0,0.0,15.0,0.0,,
diagnosis_fd001_reliability,restarts4_cosine,cmapss:FD001,diagnosis,independent | bank2:6-10 | gaussian_fitted,,,,,,,,,,,,,,,,,,,,,,,,,,,,,,,,,,,,,,,,,,,5,"[21, 22, 23, 24, 25]",restarts4_cosine,,,,,,,,,,,,,,,,,,,,,,,,,,,,,,,,,,,,,,,,,,,,,,,,,,,,,,,,,,,,,0.1,0.0,15.0,0.0,261.3982492768337,29.379046229183817,226.70865003030485,23.67114887636566,0.047066128568691315,0.08482229162189565,0.29962496145325584,0.20426229248628577,0.7466206440930392,0.018735441017681865,0.7914619859552638,0.021088115928614034,0.4793736748628118,0.023631790888808284,0.5355829435403925,0.04487992064277693,0.9544675985767256,0.02098837250269696,0.9255264315091937,0.03983588448125178,0.8625823557059743,0.0457942724124237,0.6622966112450175,0.02953473091875781,283.6,56.52256186692178,12.8,2.8635642126552705,0.0,0.0,0.0,0.0,283.6,56.52256186692178,192.0,62.48199740725323,0.5861060204076448,0.03839816463765857,0.2521521535570882,0.16342899195023855,200.0,0.0,0.1,0.0,0.047066128568691315,0.08482229162189563,0.047066128568691315,0.08482229162189565,0.047066128568691315,0.08482229162189565,0.2,0.447213595499958,0.2996249614532559,0.20426229248628575,0.29962496145325584,0.20426229248628577,0.0,0.0,15.0,0.0,,
diagnosis_fd001_reliability,restarts4_cosine,cmapss:FD001,diagnosis,marginal_max | bank2:6-10 | gaussian_fitted,,,,,,,,,,,,,,,,,,,,,,,,,,,,,,,,,,,,,,,,,,,5,"[21, 22, 23, 24, 25]",restarts4_cosine,,,,,,,,,,,,,,,,,,,,,,,,,,,,,,,,,,,,,,,,,,,,,,,,,,,,,,,,,,,,,0.1,0.0,15.0,0.0,81.0862198231364,27.073787496753294,114.95365194599886,9.721755306310897,0.049635775992878384,0.09207111736670716,0.16374752625697012,0.26690841337219473,0.7208870887430809,0.018326852219273732,0.7183977193376145,0.0449053967610394,0.46024451243592523,0.018625282012306694,0.5361333216156862,0.039679814381814095,0.8822476150150631,0.03940585020739435,0.8690512643958312,0.04437822706678324,0.8742311739043279,0.05514846138400951,0.6622966112450175,0.02953473091875781,283.6,56.52256186692178,12.8,2.8635642126552705,0.0,0.0,0.0,0.0,283.6,56.52256186692178,232.8,88.77330679883453,0.5861060204076448,0.03839816463765857,0.13601321606213732,0.22273583117934362,200.0,0.0,0.1,0.0,0.04963577599287837,0.09207111736670714,0.049635775992878384,0.09207111736670716,0.049635775992878384,0.09207111736670716,0.2,0.447213595499958,0.16374752625697012,0.26690841337219473,0.16374752625697012,0.26690841337219473,0.0,0.0,15.0,0.0,,
diagnosis_fd001_reliability,restarts4_cosine,cmapss:FD001,diagnosis,conditional_max | bank2:6-10 | gaussian_fitted,,,,,,,,,,,,,,,,,,,,,,,,,,,,,,,,,,,,,,,,,,,5,"[21, 22, 23, 24, 25]",restarts4_cosine,,,,,,,,,,,,,,,,,,,,,,,,,,,,,,,,,,,,,,,,,,,,,,,,,,,,,,,,,,,,,0.1,0.0,15.0,0.0,85.01217485580476,27.670660928930108,232.3716945388216,35.77932456022584,0.049635775992878384,0.09207111736670716,0.37680195354211876,0.19077874663923064,0.7979698752399621,0.012960113308070762,0.8398264351026269,0.015721896307117556,0.4631274601354821,0.011357243198263362,0.7056074439804899,0.0578121897099464,0.9855465983015279,0.009365347854507596,0.98841302351775,0.008483889435175203,0.8770995718250567,0.05352542229983285,0.756985307785718,0.01800909144604512,283.6,56.52256186692178,12.8,2.8635642126552705,0.0,0.0,0.0,0.0,283.6,56.52256186692178,170.2,62.40753159675521,0.7040629288661454,0.02037843009038861,0.3553441091453316,0.15841700530111802,200.0,0.0,0.1,0.0,0.04963577599287837,0.09207111736670714,0.049635775992878384,0.09207111736670716,0.049635775992878384,0.09207111736670716,0.2,0.447213595499958,0.3768019535421189,0.1907787466392307,0.37680195354211876,0.19077874663923064,0.0,0.0,15.0,0.0,,
diagnosis_fd001_reliability,restarts4_cosine,cmapss:FD001,diagnosis,relational_max | bank2:6-10 | gaussian_fitted,,,,,,,,,,,,,,,,,,,,,,,,,,,,,,,,,,,,,,,,,,,5,"[21, 22, 23, 24, 25]",restarts4_cosine,,,,,,,,,,,,,,,,,,,,,,,,,,,,,,,,,,,,,,,,,,,,,,,,,,,,,,,,,,,,,0.1,0.0,15.0,0.0,5.325691347345417,2.391585104007199,220.8341962660524,39.748397282419305,0.06012605129502169,0.050394257876321125,0.5880590028582169,0.07159388435759002,0.8127345655889464,0.007383771698324023,0.8647381895182822,0.00528471052164016,0.5055643882036793,0.03172221549435056,0.830604907574586,0.027626932354894617,0.99667452519872,0.00440654320416504,0.9969100784126359,0.0049569963576772645,0.7741732901732239,0.04083421560875385,0.7071770650761611,0.020380250034995856,283.6,56.52256186692178,12.8,2.8635642126552705,0.0,0.0,0.2,0.447213595499958,283.4,56.33205126746229,109.4,29.056840846864272,0.6827294473514544,0.025806944674114166,0.551494801308395,0.043817714569607376,200.0,0.0,0.1,0.0,0.060126051295021674,0.050394257876321125,0.06012605129502169,0.050394257876321125,0.06012605129502169,0.050394257876321125,0.2,0.44721359549995804,0.5880590028582169,0.07159388435759008,0.5880590028582169,0.07159388435759002,0.0,0.0,15.0,0.0,,
diagnosis_fd001_reliability,restarts4_cosine,cmapss:FD001,diagnosis,detector | bank2:6-10 | mahalanobis_refit,,,,,,,,,,,,,,,,,,,,,,,,,,,,,0.4935783248003645,0.16395510482200584,,,,,,,,,,,,,5,"[21, 22, 23, 24, 25]",restarts4_cosine,,,,,,,,,,,,,,,,,,,,,0.09167952480001987,0.03258045748366327,,,,,13.0,0.0,13.0,0.0,13.0,0.0,,,,,,,,,,,,,,,,,,,,,,,,,,,,,0.1,0.0,15.0,0.0,398.0404907226563,47.6014028748712,1154.1285736083985,82.42248329685474,0.04007695246346662,0.06276168474211714,0.4974365816337828,0.10902094035900574,0.8099118199114896,0.010763345401359632,0.8570200350560369,0.009019114191454253,0.485808957821164,0.016784981122599026,0.7284546665547775,0.043529081539666996,0.994410789648431,0.006346560410719471,0.9958109769694901,0.006426275452596052,0.8763511763662434,0.04094622308894424,,,,,,,,,,,,,,,,,,,200.0,0.0,0.1,0.0,0.04007695246346662,0.06276168474211713,0.04007695246346662,0.06276168474211714,0.04007695246346662,0.06276168474211714,0.2,0.447213595499958,0.4974365816337828,0.10902094035900566,0.4974365816337828,0.10902094035900574,0.0,0.0,15.0,0.0,7.0,0.0
diagnosis_fd001_reliability,restarts4_cosine,cmapss:FD001,diagnosis,detector | bank2:6-10 | mahalanobis_impute,,,,,,,,,,,,,,,,,,,,,,,,,,,,,0.09716104319995793,0.06735190789531542,,,,,,,,,,,,,5,"[21, 22, 23, 24, 25]",restarts4_cosine,,,,,,,,,,,,,,,,,,,,,0.03966391960002511,0.009018431092211383,,,,,13.0,0.0,13.0,0.0,13.0,0.0,,,,,,,,,,,,,,,,,,,,,,,,,,,,,0.1,0.0,15.0,0.0,416.2070007324219,50.629643221624065,1395.9026336669922,177.3922404218476,0.03993377562751485,0.05823136977230783,0.49721709790310953,0.10718305544005685,0.8102396390108577,0.012299696386834539,0.8576598224817322,0.00902910917111183,0.493796428556605,0.0257838107681624,0.7276159416346706,0.03924500662815875,0.9950040064669878,0.005543013704485992,0.9956687592657044,0.007060742829334356,0.8717731448201027,0.03703895056269253,,,,,,,,,,,,,,,,,,,200.0,0.0,0.1,0.0,0.03993377562751485,0.05823136977230783,0.03993377562751485,0.05823136977230783,0.03993377562751485,0.05823136977230783,0.2,0.447213595499958,0.4972170979031095,0.10718305544005685,0.49721709790310953,0.10718305544005685,0.0,0.0,15.0,0.0,1.0,0.0
diagnosis_fd001_reliability,restarts4_cosine,cmapss:FD001,diagnosis,detector | bank2:6-10 | gmm_refit,,,,,,,,,,,,,,,,,,,,,,,,,,,,,18.23598055900002,3.2617939961578757,,,,,,,,,,,,,5,"[21, 22, 23, 24, 25]",restarts4_cosine,,,,,,,,,,,,,,,,,,,,,3.1701783092001277,2.772155245687872,,,,,13.0,0.0,13.0,0.0,13.0,0.0,,,,,,,,,,,,,,,,,,,,,,,,,,,,,0.1,0.0,15.0,0.0,435.56129150390626,162.64327583802694,1568.5465454101563,865.9966779731269,0.04725590345363967,0.07570922322740065,0.4156139045784101,0.13899166759451353,0.7716867429283194,0.02366063146523614,0.8157667132369737,0.0417143235074388,0.4918435767348151,0.020180716509393196,0.6681449976356797,0.05468025171907365,0.9659493849614144,0.045534756424166115,0.9677768054289683,0.0442966577298352,0.7966457884957697,0.062141027923287254,,,,,,,,,,,,,,,,,,,200.0,0.0,0.1,0.0,0.047255903453639655,0.07570922322740063,0.04725590345363967,0.07570922322740065,0.04725590345363967,0.07570922322740065,0.2,0.447213595499958,0.4156139045784101,0.1389916675945135,0.4156139045784101,0.13899166759451353,0.0,0.0,15.0,0.0,7.0,0.0
diagnosis_fd001_reliability,restarts4_cosine,cmapss:FD001,diagnosis,detector | bank2:6-10 | gmm_impute,,,,,,,,,,,,,,,,,,,,,,,,,,,,,2.1535830373999487,1.0273946778483958,,,,,,,,,,,,,5,"[21, 22, 23, 24, 25]",restarts4_cosine,,,,,,,,,,,,,,,,,,,,,0.028640873200129136,0.01296695982908351,,,,,13.0,0.0,13.0,0.0,13.0,0.0,,,,,,,,,,,,,,,,,,,,,,,,,,,,,0.1,0.0,15.0,0.0,362.2109375,88.0285629271588,1426.0529136657715,385.91566865967906,0.05586955946339811,0.08391269127592017,0.4579090770854227,0.11471154369978184,0.7880840531719737,0.019993864020027518,0.8358591930919561,0.022397141946332844,0.48961711311532696,0.01953038867352283,0.703880840781463,0.06236163213945442,0.9771175738728466,0.025332991287584126,0.9817168545109846,0.01963571834639491,0.8213235665620264,0.07123029003654616,,,,,,,,,,,,,,,,,,,200.0,0.0,0.1,0.0,0.05586955946339811,0.08391269127592017,0.05586955946339811,0.08391269127592017,0.05586955946339811,0.08391269127592017,0.2,0.447213595499958,0.4579090770854227,0.11471154369978183,0.4579090770854227,0.11471154369978184,0.0,0.0,15.0,0.0,1.0,0.0
diagnosis_fd001_reliability,restarts4_cosine,cmapss:FD001,diagnosis,detector | bank2:6-10 | knn_refit,,,,,,,,,,,,,,,,,,,,,,,,,,,,,0.06541518419962813,0.01028188926112774,,,,,,,,,,,,,5,"[21, 22, 23, 24, 25]",restarts4_cosine,,,,,,,,,,,,,,,,,,,,,0.03873951419991499,0.019401400991495173,,,,,13.0,0.0,13.0,0.0,13.0,0.0,,,,,,,,,,,,,,,,,,,,,,,,,,,,,0.1,0.0,15.0,0.0,12.275102424621583,1.1651179875942177,8.021719360351563,0.7731272458560448,0.06201573190528159,0.12113101305942081,0.32597831810888656,0.21219713844978613,0.781829607931203,0.015562134976727189,0.8202594878063035,0.019288527582833323,0.47921630696298145,0.008899262206123717,0.6838562069439313,0.05194792458302085,0.984460161679725,0.006411324409836597,0.9816393265159487,0.013653016452293786,0.8142696046997067,0.061060559913415025,,,,,,,,,,,,,,,,,,,200.0,0.0,0.1,0.0,0.062015731905281604,0.12113101305942085,0.06201573190528159,0.12113101305942081,0.06201573190528159,0.12113101305942081,0.2,0.447213595499958,0.32597831810888656,0.21219713844978613,0.32597831810888656,0.21219713844978613,0.0,0.0,15.0,0.0,7.0,0.0
diagnosis_fd001_reliability,restarts4_cosine,cmapss:FD001,diagnosis,detector | bank2:6-10 | knn_impute,,,,,,,,,,,,,,,,,,,,,,,,,,,,,0.009167964400148776,0.003886443479887892,,,,,,,,,,,,,5,"[21, 22, 23, 24, 25]",restarts4_cosine,,,,,,,,,,,,,,,,,,,,,0.007328115599739249,0.001996725595147723,,,,,13.0,0.0,13.0,0.0,13.0,0.0,,,,,,,,,,,,,,,,,,,,,,,,,,,,,0.1,0.0,15.0,0.0,12.35225830078125,1.099779661999389,7.921387481689453,0.9161553434812909,0.06078831571574954,0.11495112984501829,0.34044850020167416,0.2055623804755482,0.7789430293733262,0.015563875547832461,0.8193464386476454,0.01778311383802664,0.4776449719789751,0.014710830001366422,0.6725222408860023,0.05027047687085359,0.9844157158287242,0.006377033786218671,0.9830719000173078,0.012600197933060511,0.8128780980574317,0.059034790463949195,,,,,,,,,,,,,,,,,,,200.0,0.0,0.1,0.0,0.06078831571574955,0.1149511298450183,0.06078831571574954,0.11495112984501829,0.06078831571574954,0.11495112984501829,0.2,0.447213595499958,0.34044850020167416,0.2055623804755482,0.34044850020167416,0.2055623804755482,0.0,0.0,15.0,0.0,1.0,0.0
diagnosis_fd001_reliability,restarts4_cosine,cmapss:FD001,diagnosis,query single_sensor_0 | circuit,,,,,,,,,,,,,,,,,,,,,,,,,,,,,,,,,,,,,,,,,,,5,"[21, 22, 23, 24, 25]",restarts4_cosine,,,,,,,,,,,,,,,,,,,0.0,0.0,0.13392417120012395,0.00914986873355278,0.10884410360031324,0.003852196844543261,592.8,117.97118292193225,1.0,0.0,1.0,0.0,1.0,0.0,5.4,1.3416407864998738,129173.4,32093.389253863483,0.0,0.0,1.0,0.0,0.0,0.0,42541106.4,8465966.000026625,0.0,0.0,8892.0,1769.5677438289838,0.0,0.0,0.0,0.0,0.0,0.0,0.0,0.0,0.0,0.0,0.0,0.0,,,,,,,,,,,,,,,,,,,,,,,,,,,,,,,,,,,,,,,,,,,,,,,,,,,,,,,,,,,,,,,,,,
diagnosis_fd001_reliability,restarts4_cosine,cmapss:FD001,diagnosis,joint | single_sensor_0 | circuit,,,,,,,,,,,,,,,,,,,,,,,,,,,,,,,,,,,,,,,,,,,5,"[21, 22, 23, 24, 25]",restarts4_cosine,,,,,,,,,,,,,,,,,,,,,,,,,,,,,,,,,,,,,,,,,,,,,,,,,,,,,,,,,,,,,0.1,0.0,15.0,0.0,27.872732162475586,1.338515058721071,72.13532485961915,9.091832315410796,0.010927412369312208,0.011325887506261956,0.10643870938646618,0.022685450272662288,0.5546795320489016,0.015049097839827441,0.604928316288647,0.01878656810240718,0.5158310983233614,0.022012401668777288,0.49738728571724067,0.01156693983866979,0.6410735959416847,0.05051242040764156,0.5967438018240417,0.040508853290060286,0.5329836204486296,0.04607981973187086,,,0.0,0.0,246.8,46.40797345284537,49.6,12.895735729302148,49.6,12.895735729302148,0.0,0.0,0.0,0.0,,,0.0,0.0,200.0,0.0,0.1,0.0,0.010927412369312208,0.011325887506261956,0.010927412369312208,0.011325887506261956,0.010927412369312208,0.011325887506261956,0.0,0.0,0.1064387093864662,0.022685450272662295,0.10643870938646618,0.022685450272662288,0.0,0.0,15.0,0.0,,
diagnosis_fd001_reliability,restarts4_cosine,cmapss:FD001,diagnosis,independent | single_sensor_0 | circuit,,,,,,,,,,,,,,,,,,,,,,,,,,,,,,,,,,,,,,,,,,,5,"[21, 22, 23, 24, 25]",restarts4_cosine,,,,,,,,,,,,,,,,,,,,,,,,,,,,,,,,,,,,,,,,,,,,,,,,,,,,,,,,,,,,,0.1,0.0,15.0,0.0,27.872732162475586,1.338515058721071,72.13532485961915,9.091832315410796,0.010927412369312208,0.011325887506261956,0.10643870938646618,0.022685450272662288,0.5546795320489016,0.015049097839827441,0.604928316288647,0.01878656810240718,0.5158310983233614,0.022012401668777288,0.49738728571724067,0.01156693983866979,0.6410735959416847,0.05051242040764156,0.5967438018240417,0.040508853290060286,0.5329836204486296,0.04607981973187086,,,0.0,0.0,246.8,46.40797345284537,49.6,12.895735729302148,49.6,12.895735729302148,0.0,0.0,0.0,0.0,,,0.0,0.0,200.0,0.0,0.1,0.0,0.010927412369312208,0.011325887506261956,0.010927412369312208,0.011325887506261956,0.010927412369312208,0.011325887506261956,0.0,0.0,0.1064387093864662,0.022685450272662295,0.10643870938646618,0.022685450272662288,0.0,0.0,15.0,0.0,,
diagnosis_fd001_reliability,restarts4_cosine,cmapss:FD001,diagnosis,marginal_max | single_sensor_0 | circuit,,,,,,,,,,,,,,,,,,,,,,,,,,,,,,,,,,,,,,,,,,,5,"[21, 22, 23, 24, 25]",restarts4_cosine,,,,,,,,,,,,,,,,,,,,,,,,,,,,,,,,,,,,,,,,,,,,,,,,,,,,,,,,,,,,,0.1,0.0,15.0,0.0,27.872732162475586,1.338515058721071,72.13532485961915,9.091832315410796,0.010927412369312208,0.011325887506261956,0.10643870938646618,0.022685450272662288,0.5546795320489016,0.015049097839827441,0.604928316288647,0.01878656810240718,0.5158310983233614,0.022012401668777288,0.49738728571724067,0.01156693983866979,0.6410735959416847,0.05051242040764156,0.5967438018240417,0.040508853290060286,0.5329836204486296,0.04607981973187086,,,0.0,0.0,246.8,46.40797345284537,49.6,12.895735729302148,49.6,12.895735729302148,0.0,0.0,0.0,0.0,,,0.0,0.0,200.0,0.0,0.1,0.0,0.010927412369312208,0.011325887506261956,0.010927412369312208,0.011325887506261956,0.010927412369312208,0.011325887506261956,0.0,0.0,0.1064387093864662,0.022685450272662295,0.10643870938646618,0.022685450272662288,0.0,0.0,15.0,0.0,,
diagnosis_fd001_reliability,restarts4_cosine,cmapss:FD001,diagnosis,conditional_max | single_sensor_0 | circuit,,,,,,,,,,,,,,,,,,,,,,,,,,,,,,,,,,,,,,,,,,,5,"[21, 22, 23, 24, 25]",restarts4_cosine,,,,,,,,,,,,,,,,,,,,,,,,,,,,,,,,,,,,,,,,,,,,,,,,,,,,,,,,,,,,,0.1,0.0,15.0,0.0,27.872732162475586,1.338515058721071,72.13532485961915,9.091832315410796,0.010927412369312208,0.011325887506261956,0.10643870938646618,0.022685450272662288,0.5546795320489016,0.015049097839827441,0.604928316288647,0.01878656810240718,0.5158310983233614,0.022012401668777288,0.49738728571724067,0.01156693983866979,0.6410735959416847,0.05051242040764156,0.5967438018240417,0.040508853290060286,0.5329836204486296,0.04607981973187086,,,0.0,0.0,246.8,46.40797345284537,49.6,12.895735729302148,49.6,12.895735729302148,0.0,0.0,0.0,0.0,,,0.0,0.0,200.0,0.0,0.1,0.0,0.010927412369312208,0.011325887506261956,0.010927412369312208,0.011325887506261956,0.010927412369312208,0.011325887506261956,0.0,0.0,0.1064387093864662,0.022685450272662295,0.10643870938646618,0.022685450272662288,0.0,0.0,15.0,0.0,,
diagnosis_fd001_reliability,restarts4_cosine,cmapss:FD001,diagnosis,relational_max | single_sensor_0 | circuit,,,,,,,,,,,,,,,,,,,,,,,,,,,,,,,,,,,,,,,,,,,5,"[21, 22, 23, 24, 25]",restarts4_cosine,,,,,,,,,,,,,,,,,,,,,,,,,,,,,,,,,,,,,,,,,,,,,,,,,,,,,,,,,,,,,0.1,0.0,15.0,0.0,0.0,0.0,0.0,0.0,0.0,0.0,0.0,0.0,0.5,0.0,0.5,0.0,0.5,0.0,0.5,0.0,0.5,0.0,0.5,0.0,0.5,0.0,,,0.0,0.0,246.8,46.40797345284537,49.6,12.895735729302148,49.6,12.895735729302148,0.0,0.0,0.0,0.0,,,0.0,0.0,200.0,0.0,0.1,0.0,0.0,0.0,0.0,0.0,0.0,0.0,0.0,0.0,0.0,0.0,0.0,0.0,0.0,0.0,15.0,0.0,,
diagnosis_fd001_reliability,restarts4_cosine,cmapss:FD001,diagnosis,query single_sensor_0 | gaussian_fitted,,,,,,,,,,,,,,,,,,,,,,,,,,,,,,,,,,,,,,,,,,,5,"[21, 22, 23, 24, 25]",restarts4_cosine,,,,,,,,,,,,,,,,,,,0.0,0.0,0.002216268999654858,0.00038416423391497874,0.0005836393998833955,1.6190642725721758e-05,592.8,117.97118292193225,1.0,0.0,1.0,0.0,1.0,0.0,3.6,0.8944271909999161,72.0,17.88854381999832,0.0,0.0,1.0,0.0,0.0,0.0,23712.0,4718.84731687729,0.0,0.0,8892.0,1769.5677438289838,39499520.0,0.0,0.0,0.0,0.0,0.0,0.0,0.0,0.0,0.0,0.0,0.0,,,,,,,,,,,,,,,,,,,,,,,,,,,,,,,,,,,,,,,,,,,,,,,,,,,,,,,,,,,,,,,,,,
diagnosis_fd001_reliability,restarts4_cosine,cmapss:FD001,diagnosis,joint | single_sensor_0 | gaussian_fitted,,,,,,,,,,,,,,,,,,,,,,,,,,,,,,,,,,,,,,,,,,,5,"[21, 22, 23, 24, 25]",restarts4_cosine,,,,,,,,,,,,,,,,,,,,,,,,,,,,,,,,,,,,,,,,,,,,,,,,,,,,,,,,,,,,,0.1,0.0,15.0,0.0,26.511372892508472,2.691020833881165,34.98201670524757,4.851650254197879,0.018844102407802498,0.019798156334293774,0.1123578204046782,0.02816545241138287,0.5524998510715609,0.013840762465059568,0.6031520050664303,0.016871265340698462,0.5130884877380562,0.0246677798926829,0.49043305979853535,0.014165568190645903,0.6408318924151146,0.05201806900923122,0.5984061883148725,0.034891574056985473,0.531830892898976,0.05381131160431694,,,0.0,0.0,246.8,46.40797345284537,49.6,12.895735729302148,49.6,12.895735729302148,0.0,0.0,0.0,0.0,,,0.0,0.0,200.0,0.0,0.1,0.0,0.018844102407802498,0.01979815633429377,0.018844102407802498,0.019798156334293774,0.018844102407802498,0.019798156334293774,0.0,0.0,0.1123578204046782,0.02816545241138286,0.1123578204046782,0.02816545241138287,0.0,0.0,15.0,0.0,,
diagnosis_fd001_reliability,restarts4_cosine,cmapss:FD001,diagnosis,independent | single_sensor_0 | gaussian_fitted,,,,,,,,,,,,,,,,,,,,,,,,,,,,,,,,,,,,,,,,,,,5,"[21, 22, 23, 24, 25]",restarts4_cosine,,,,,,,,,,,,,,,,,,,,,,,,,,,,,,,,,,,,,,,,,,,,,,,,,,,,,,,,,,,,,0.1,0.0,15.0,0.0,26.511372892508472,2.691020833881165,34.98201670524757,4.851650254197879,0.018844102407802498,0.019798156334293774,0.1123578204046782,0.02816545241138287,0.5524998510715609,0.013840762465059568,0.6031520050664303,0.016871265340698462,0.5130884877380562,0.0246677798926829,0.49043305979853535,0.014165568190645903,0.6408318924151146,0.05201806900923122,0.5984061883148725,0.034891574056985473,0.531830892898976,0.05381131160431694,,,0.0,0.0,246.8,46.40797345284537,49.6,12.895735729302148,49.6,12.895735729302148,0.0,0.0,0.0,0.0,,,0.0,0.0,200.0,0.0,0.1,0.0,0.018844102407802498,0.01979815633429377,0.018844102407802498,0.019798156334293774,0.018844102407802498,0.019798156334293774,0.0,0.0,0.1123578204046782,0.02816545241138286,0.1123578204046782,0.02816545241138287,0.0,0.0,15.0,0.0,,
diagnosis_fd001_reliability,restarts4_cosine,cmapss:FD001,diagnosis,marginal_max | single_sensor_0 | gaussian_fitted,,,,,,,,,,,,,,,,,,,,,,,,,,,,,,,,,,,,,,,,,,,5,"[21, 22, 23, 24, 25]",restarts4_cosine,,,,,,,,,,,,,,,,,,,,,,,,,,,,,,,,,,,,,,,,,,,,,,,,,,,,,,,,,,,,,0.1,0.0,15.0,0.0,26.511372892508472,2.691020833881165,34.98201670524757,4.851650254197879,0.018844102407802498,0.019798156334293774,0.1123578204046782,0.02816545241138287,0.5524998510715609,0.013840762465059568,0.6031520050664303,0.016871265340698462,0.5130884877380562,0.0246677798926829,0.49043305979853535,0.014165568190645903,0.6408318924151146,0.05201806900923122,0.5984061883148725,0.034891574056985473,0.531830892898976,0.05381131160431694,,,0.0,0.0,246.8,46.40797345284537,49.6,12.895735729302148,49.6,12.895735729302148,0.0,0.0,0.0,0.0,,,0.0,0.0,200.0,0.0,0.1,0.0,0.018844102407802498,0.01979815633429377,0.018844102407802498,0.019798156334293774,0.018844102407802498,0.019798156334293774,0.0,0.0,0.1123578204046782,0.02816545241138286,0.1123578204046782,0.02816545241138287,0.0,0.0,15.0,0.0,,
diagnosis_fd001_reliability,restarts4_cosine,cmapss:FD001,diagnosis,conditional_max | single_sensor_0 | gaussian_fitted,,,,,,,,,,,,,,,,,,,,,,,,,,,,,,,,,,,,,,,,,,,5,"[21, 22, 23, 24, 25]",restarts4_cosine,,,,,,,,,,,,,,,,,,,,,,,,,,,,,,,,,,,,,,,,,,,,,,,,,,,,,,,,,,,,,0.1,0.0,15.0,0.0,26.511372892508472,2.691020833881165,34.98201670524757,4.851650254197879,0.018844102407802498,0.019798156334293774,0.1123578204046782,0.02816545241138287,0.5524998510715609,0.013840762465059568,0.6031520050664303,0.016871265340698462,0.5130884877380562,0.0246677798926829,0.49043305979853535,0.014165568190645903,0.6408318924151146,0.05201806900923122,0.5984061883148725,0.034891574056985473,0.531830892898976,0.05381131160431694,,,0.0,0.0,246.8,46.40797345284537,49.6,12.895735729302148,49.6,12.895735729302148,0.0,0.0,0.0,0.0,,,0.0,0.0,200.0,0.0,0.1,0.0,0.018844102407802498,0.01979815633429377,0.018844102407802498,0.019798156334293774,0.018844102407802498,0.019798156334293774,0.0,0.0,0.1123578204046782,0.02816545241138286,0.1123578204046782,0.02816545241138287,0.0,0.0,15.0,0.0,,
diagnosis_fd001_reliability,restarts4_cosine,cmapss:FD001,diagnosis,relational_max | single_sensor_0 | gaussian_fitted,,,,,,,,,,,,,,,,,,,,,,,,,,,,,,,,,,,,,,,,,,,5,"[21, 22, 23, 24, 25]",restarts4_cosine,,,,,,,,,,,,,,,,,,,,,,,,,,,,,,,,,,,,,,,,,,,,,,,,,,,,,,,,,,,,,0.1,0.0,15.0,0.0,0.0,0.0,0.0,0.0,0.0,0.0,0.0,0.0,0.5,0.0,0.5,0.0,0.5,0.0,0.5,0.0,0.5,0.0,0.5,0.0,0.5,0.0,,,0.0,0.0,246.8,46.40797345284537,49.6,12.895735729302148,49.6,12.895735729302148,0.0,0.0,0.0,0.0,,,0.0,0.0,200.0,0.0,0.1,0.0,0.0,0.0,0.0,0.0,0.0,0.0,0.0,0.0,0.0,0.0,0.0,0.0,0.0,0.0,15.0,0.0,,
diagnosis_fd001_reliability,restarts4_cosine,cmapss:FD001,diagnosis,detector | single_sensor_0 | mahalanobis_refit,,,,,,,,,,,,,,,,,,,,,,,,,,,,,0.49446461500028815,0.1639691570990027,,,,,,,,,,,,,5,"[21, 22, 23, 24, 25]",restarts4_cosine,,,,,,,,,,,,,,,,,,,,,0.0011647377999906895,8.097486725388222e-05,,,,,1.0,0.0,1.0,0.0,1.0,0.0,,,,,,,,,,,,,,,,,,,,,,,,,,,,,0.1,0.0,15.0,0.0,33.876247024536134,5.300035228741907,69.88998107910156,9.704088158861062,0.019432337701920148,0.02065281617493765,0.1123578204046782,0.02816545241138287,0.5524769756413579,0.013795538229420723,0.6030988805305714,0.016821967968952065,0.5130047686403022,0.024630345161669055,0.490338254423668,0.014141682785165395,0.6408611338731257,0.05204500472099342,0.5984350346659796,0.03476930454324619,0.5318350534538924,0.05373814640439184,,,,,,,,,,,,,,,,,,,200.0,0.0,0.1,0.0,0.019432337701920144,0.020652816174937645,0.019432337701920148,0.02065281617493765,0.019432337701920148,0.02065281617493765,0.0,0.0,0.1123578204046782,0.02816545241138286,0.1123578204046782,0.02816545241138287,0.0,0.0,15.0,0.0,8.0,0.0
diagnosis_fd001_reliability,restarts4_cosine,cmapss:FD001,diagnosis,detector | single_sensor_0 | mahalanobis_impute,,,,,,,,,,,,,,,,,,,,,,,,,,,,,0.09716104319995793,0.06735190789531542,,,,,,,,,,,,,5,"[21, 22, 23, 24, 25]",restarts4_cosine,,,,,,,,,,,,,,,,,,,,,0.03703733559977991,0.00780744690018769,,,,,1.0,0.0,1.0,0.0,1.0,0.0,,,,,,,,,,,,,,,,,,,,,,,,,,,,,0.1,0.0,15.0,0.0,77.23830871582031,7.011340593231318,286.31921615600584,29.835059997251637,0.02832338396869946,0.03206860607667633,0.10335612568912027,0.042110636231684345,0.5455183684909264,0.013942715857852986,0.5941333105393733,0.01908915025834512,0.5017882587085201,0.020081915503295786,0.5046563542449845,0.03195054009699671,0.6218003263225188,0.04628600149078283,0.5877976606396808,0.052713400932025076,0.5257678242138046,0.057708308574679415,,,,,,,,,,,,,,,,,,,200.0,0.0,0.1,0.0,0.02832338396869946,0.03206860607667633,0.02832338396869946,0.03206860607667633,0.02832338396869946,0.03206860607667633,0.0,0.0,0.1033561256891203,0.04211063623168436,0.10335612568912027,0.042110636231684345,0.0,0.0,15.0,0.0,1.0,0.0
diagnosis_fd001_reliability,restarts4_cosine,cmapss:FD001,diagnosis,detector | single_sensor_0 | gmm_refit,,,,,,,,,,,,,,,,,,,,,,,,,,,,,18.7751665486001,3.4262282275485143,,,,,,,,,,,,,5,"[21, 22, 23, 24, 25]",restarts4_cosine,,,,,,,,,,,,,,,,,,,,,0.5399688755998795,0.5490210188383406,,,,,1.0,0.0,1.0,0.0,1.0,0.0,,,,,,,,,,,,,,,,,,,,,,,,,,,,,0.1,0.0,15.0,0.0,28.455671310424805,3.1866208857706924,52.31701240539551,10.601253350095181,0.01783727445356458,0.0168725074065926,0.1107059435726538,0.026355685831630303,0.5521675364674498,0.01211642623682351,0.6037850471582247,0.016555769837441846,0.510335659926515,0.02195947909185251,0.48443976648006765,0.01242622007137617,0.6461691224321584,0.05063034611376053,0.5982524826866719,0.030912871031370234,0.5322686979926503,0.04915450337801741,,,,,,,,,,,,,,,,,,,200.0,0.0,0.1,0.0,0.01783727445356458,0.0168725074065926,0.01783727445356458,0.0168725074065926,0.01783727445356458,0.0168725074065926,0.0,0.0,0.1107059435726538,0.026355685831630296,0.1107059435726538,0.026355685831630303,0.0,0.0,15.0,0.0,8.0,0.0
diagnosis_fd001_reliability,restarts4_cosine,cmapss:FD001,diagnosis,detector | single_sensor_0 | gmm_impute,,,,,,,,,,,,,,,,,,,,,,,,,,,,,2.1535830373999487,1.0273946778483958,,,,,,,,,,,,,5,"[21, 22, 23, 24, 25]",restarts4_cosine,,,,,,,,,,,,,,,,,,,,,0.04695653660019161,0.0038590994206817077,,,,,1.0,0.0,1.0,0.0,1.0,0.0,,,,,,,,,,,,,,,,,,,,,,,,,,,,,0.1,0.0,15.0,0.0,51.11787109375,8.482575206995751,291.6001518249512,67.65955292371044,0.025363096378616595,0.04108969186989252,0.09699913088727077,0.05438761994502548,0.5462643294697327,0.011767482223170297,0.5925256794801068,0.020126991663238045,0.5017194834376913,0.015345927290578243,0.5052781813474861,0.03482534304328404,0.6237914816973877,0.042241285748501375,0.5882925861812345,0.056100714657075355,0.5260602882558456,0.050154968641258874,,,,,,,,,,,,,,,,,,,200.0,0.0,0.1,0.0,0.0253630963786166,0.04108969186989254,0.025363096378616595,0.04108969186989252,0.025363096378616595,0.04108969186989252,0.0,0.0,0.09699913088727079,0.05438761994502551,0.09699913088727077,0.05438761994502548,0.0,0.0,15.0,0.0,1.0,0.0
diagnosis_fd001_reliability,restarts4_cosine,cmapss:FD001,diagnosis,detector | single_sensor_0 | knn_refit,,,,,,,,,,,,,,,,,,,,,,,,,,,,,0.07405439659960393,0.007492664865490803,,,,,,,,,,,,,5,"[21, 22, 23, 24, 25]",restarts4_cosine,,,,,,,,,,,,,,,,,,,,,0.04628295239981526,0.009089295367761333,,,,,1.0,0.0,1.0,0.0,1.0,0.0,,,,,,,,,,,,,,,,,,,,,,,,,,,,,0.1,0.0,15.0,0.0,2.729460096359253,0.16490660668923474,5.60496187210083,0.24922816590999572,0.04057032096666567,0.05020564782563837,0.13297721579949315,0.050127898702147136,0.5413665387970765,0.017047829148643164,0.5972688317424721,0.019082538560862058,0.49809232082423804,0.03335863277085036,0.44236317311090734,0.010436367601945216,0.6435377370024677,0.042822225438023116,0.597220796887071,0.03584894792180928,0.5365304803617816,0.052478178932804605,,,,,,,,,,,,,,,,,,,200.0,0.0,0.1,0.0,0.04057032096666567,0.05020564782563837,0.04057032096666567,0.05020564782563837,0.04057032096666567,0.05020564782563837,0.2,0.447213595499958,0.13297721579949318,0.05012789870214717,0.13297721579949315,0.050127898702147136,0.0,0.0,15.0,0.0,8.0,0.0
diagnosis_fd001_reliability,restarts4_cosine,cmapss:FD001,diagnosis,detector | single_sensor_0 | knn_impute,,,,,,,,,,,,,,,,,,,,,,,,,,,,,0.009167964400148776,0.003886443479887892,,,,,,,,,,,,,5,"[21, 22, 23, 24, 25]",restarts4_cosine,,,,,,,,,,,,,,,,,,,,,0.007600186399940867,0.00211869640378938,,,,,1.0,0.0,1.0,0.0,1.0,0.0,,,,,,,,,,,,,,,,,,,,,,,,,,,,,0.1,0.0,15.0,0.0,8.11614761352539,0.11275287902910203,3.9417824745178223,0.4694971978791948,0.027495917169926148,0.034210633289793665,0.10754038822624434,0.031154039843586105,0.5471721617557102,0.013607838997464034,0.5957810975741147,0.018333181294736774,0.5018635358671293,0.01841361285126103,0.5087264869519798,0.03807890196846137,0.6201565464422261,0.024752898205568197,0.5938092008161918,0.04331539838623635,0.5253435561867217,0.037753874787476153,,,,,,,,,,,,,,,,,,,200.0,0.0,0.1,0.0,0.027495917169926148,0.034210633289793665,0.027495917169926148,0.034210633289793665,0.027495917169926148,0.034210633289793665,0.0,0.0,0.10754038822624434,0.031154039843586105,0.10754038822624434,0.031154039843586105,0.0,0.0,15.0,0.0,1.0,0.0
diagnosis_fd001_reliability,candidate_ref,cmapss:FD001,diagnosis,model,-1.430511474609375e-07,2.618537263451671e-07,2400.0,0.0,2385.0,0.0,19136.0,0.0,23921.0,0.0,195840.0,0.0,5718.0,3143.6614798670676,389.2,218.6748728134991,346.0,240.54001746071276,32.918932342529295,16.252698357042753,1.0,0.0,0.0,0.0,0.0,0.0,5718.0,3143.6614798670676,99.00626468658447,52.05300083455979,31.066788857610682,13.099649332661647,0.05,0.0,600.0,0.0,100.0,0.0,60.0,0.0,256.0,0.0,5,"[21, 22, 23, 24, 25]",candidate_ref,,,,,,,,,,,,,,,,,,,,,,,,,,,,,,,,,,,,,,,,,,,,,,,,,,,,,,,,,,,,,,,,,,,,,,,,,,,,,,,,,,,,,,,,,,,,,,,,,,,,,,,,,,,,,,,,,,,,,,,,,,,,,,
diagnosis_fd001_reliability,candidate_ref,cmapss:FD001,diagnosis,shortcut audit,,,,,,,,,,,,,,,,,,,,,,,,,,,,,,,,,,,,,,,,,,,5,"[21, 22, 23, 24, 25]",candidate_ref,0.5499691103156396,0.010437524934745833,0.0,0.0,966.8,121.16600183219714,592.8,117.97118292193225,42.0,0.0,,,,,,,,,,,,,,,,,,,,,,,,,,,,,,,,,,,,,,,,,,,,,,,,,,,,,,,,,,,,,,,,,,,,,,,,,,,,,,,,,,,,,,,,,,,,,,,,,,,,,,,,,,,,,,,,,,,,
diagnosis_fd001_reliability,candidate_ref,cmapss:FD001,diagnosis,model gaussian_fitted,,,,,,,,,,,45450.0,0.0,,,,,,,,,,,,,,,,,0.18063875080006256,0.028986318219202254,,,,,,,,,,,,,5,"[21, 22, 23, 24, 25]",candidate_ref,,,,,,,,,,,1.0,0.0,300.0,0.0,-171.86410883568502,5.378370049144868,1.0,0.0,,,,,,,,,,,,,,,,,,,,,,,,,,,,,,,,,,,,,,,,,,,,,,,,,,,,,,,,,,,,,,,,,,,,,,,,,,,,,,,,,,,,,,,,,,,,,,,,,,,,,,,,,,,,
diagnosis_fd001_reliability,candidate_ref,cmapss:FD001,diagnosis,query full | circuit,,,,,,,,,,,,,,,,,,,,,,,,,,,,,,,,,,,,,,,,,,,5,"[21, 22, 23, 24, 25]",candidate_ref,,,,,,,,,,,,,,,,,,,0.0,0.0,0.4136406968000301,0.06640489656302365,0.15563271440023527,0.005273216323745942,592.8,117.97118292193225,15.0,0.0,15.0,0.0,15.0,0.0,55.8,13.863621460498697,1334791.8,331631.6889565893,0.0,0.0,1.0,0.0,0.0,0.0,439591432.8,87481648.66694178,0.0,0.0,8892.0,1769.5677438289838,0.0,0.0,21.897827911376954,11.545551034564408,22.009886169433592,11.55289259597112,11.171888828277588,7.462905784659287,3.6282085135579107,2.4503553986510784,38.897273254394534,21.859187258077007,,,,,,,,,,,,,,,,,,,,,,,,,,,,,,,,,,,,,,,,,,,,,,,,,,,,,,,,,,,,,,,,,,
diagnosis_fd001_reliability,candidate_ref,cmapss:FD001,diagnosis,joint | full | circuit,,,,,,,,,,,,,,,,,,,,,,,,,,,,,,,,,,,,,,,,,,,5,"[21, 22, 23, 24, 25]",candidate_ref,,,,,,,,,,,,,,,,,,,,,,,,,,,,,,,,,,,,,,,,,,,,,,,,,,,,,,,,,,,,,0.1,0.0,15.0,0.0,84.36334533691407,19.372169752039454,2763.1330688476564,2165.5201323254696,0.015844031423644375,0.025526510878627093,0.5491739034301089,0.05568986060856989,0.8295417470093547,0.024665166394075587,0.8759149865547766,0.021162386298098808,0.49491482488920074,0.025734706225327187,0.7392236228495481,0.03436401302915906,0.9995557955890103,0.000651160029753111,0.9998697068403908,0.0002913443618892434,0.9405151481658715,0.02481272440462186,0.7444358883153515,0.029144118138521902,296.4,58.98559146096613,0.0,0.0,0.0,0.0,0.0,0.0,296.4,58.98559146096613,131.2,16.498484778912275,0.715584302588154,0.034751749917127095,0.5388993039137384,0.050914971657806396,200.0,0.0,0.1,0.0,0.01584403142364438,0.025526510878627104,0.015844031423644375,0.025526510878627093,0.015844031423644375,0.025526510878627093,0.0,0.0,0.5491739034301087,0.05568986060856996,0.5491739034301089,0.05568986060856989,0.0,0.0,15.0,0.0,,
diagnosis_fd001_reliability,candidate_ref,cmapss:FD001,diagnosis,independent | full | circuit,,,,,,,,,,,,,,,,,,,,,,,,,,,,,,,,,,,,,,,,,,,5,"[21, 22, 23, 24, 25]",candidate_ref,,,,,,,,,,,,,,,,,,,,,,,,,,,,,,,,,,,,,,,,,,,,,,,,,,,,,,,,,,,,,0.1,0.0,15.0,0.0,125.95399322509766,34.9590778950843,2723.1017944335936,2152.5743901325222,0.016432266717762024,0.02569649065223986,0.4478910304045655,0.0732525460829614,0.7732869025061111,0.03491088000093259,0.8289697684073559,0.03359291070301627,0.4948042965568627,0.027292105395640576,0.5127193173707304,0.03694411587768351,0.9885246273234811,0.012711743524458096,0.9848414602948505,0.024445969638067697,0.9047204859933803,0.04894133297020755,0.6678652636171298,0.046685434933110455,296.4,58.98559146096613,0.0,0.0,0.0,0.0,0.0,0.0,296.4,58.98559146096613,160.8,23.28518842526296,0.6168077121253946,0.05304709675272518,0.4397052448313078,0.06579195478675126,200.0,0.0,0.1,0.0,0.016432266717762028,0.025696490652239872,0.016432266717762024,0.02569649065223986,0.016432266717762024,0.02569649065223986,0.0,0.0,0.4478910304045655,0.07325254608296136,0.4478910304045655,0.0732525460829614,0.0,0.0,15.0,0.0,,
diagnosis_fd001_reliability,candidate_ref,cmapss:FD001,diagnosis,marginal_max | full | circuit,,,,,,,,,,,,,,,,,,,,,,,,,,,,,,,,,,,,,,,,,,,5,"[21, 22, 23, 24, 25]",candidate_ref,,,,,,,,,,,,,,,,,,,,,,,,,,,,,,,,,,,,,,,,,,,,,,,,,,,,,,,,,,,,,0.1,0.0,15.0,0.0,32.6603443145752,4.803992011853638,2192.608123779297,2222.942124560086,0.0387580552127688,0.0821539362343284,0.58347527379943,0.07798653333323313,0.7928005318636911,0.02159590279258709,0.8540734446424747,0.020042133093761714,0.49114009650891877,0.01571947884722882,0.5179898381302345,0.054932697782206885,0.9982480496667245,0.002798178881982892,0.9977740202497898,0.00451222231028706,0.9713889016915827,0.012677581851092853,0.6678652636171298,0.046685434933110455,296.4,58.98559146096613,0.0,0.0,0.0,0.0,0.0,0.0,296.4,58.98559146096613,121.2,23.75289456045305,0.6168077121253946,0.05304709675272518,0.5668670557202117,0.06202705209038785,200.0,0.0,0.1,0.0,0.03875805521276881,0.0821539362343284,0.0387580552127688,0.0821539362343284,0.0387580552127688,0.0821539362343284,0.2,0.44721359549995804,0.5834752737994299,0.07798653333323317,0.58347527379943,0.07798653333323313,0.0,0.0,15.0,0.0,,
diagnosis_fd001_reliability,candidate_ref,cmapss:FD001,diagnosis,conditional_max | full | circuit,,,,,,,,,,,,,,,,,,,,,,,,,,,,,,,,,,,,,,,,,,,5,"[21, 22, 23, 24, 25]",candidate_ref,,,,,,,,,,,,,,,,,,,,,,,,,,,,,,,,,,,,,,,,,,,,,,,,,,,,,,,,,,,,,0.1,0.0,15.0,0.0,29.365104293823244,1.4936359600906144,2203.114923095703,2222.618838348111,0.013577645065421385,0.008786581525741717,0.6624905322262251,0.05303812556999323,0.841862415840865,0.017639626529089434,0.8908981089945798,0.014301049806345247,0.4969651341131861,0.008811478999079577,0.760930710152685,0.029802883523999502,0.9999564127710581,9.74640068649578e-05,0.9999044433827041,0.0002136710919732168,0.9720129215654717,0.011886818883982525,0.7444358883153515,0.029144118138521902,296.4,58.98559146096613,0.0,0.0,0.0,0.0,0.0,0.0,296.4,58.98559146096613,97.8,11.7983049630021,0.715584302588154,0.034751749917127095,0.6515490981386094,0.05211813847749146,200.0,0.0,0.1,0.0,0.013577645065421385,0.00878658152574172,0.013577645065421385,0.008786581525741717,0.013577645065421385,0.008786581525741717,0.0,0.0,0.6624905322262252,0.053038125569993246,0.6624905322262251,0.05303812556999323,0.0,0.0,15.0,0.0,,
diagnosis_fd001_reliability,candidate_ref,cmapss:FD001,diagnosis,relational_max | full | circuit,,,,,,,,,,,,,,,,,,,,,,,,,,,,,,,,,,,,,,,,,,,5,"[21, 22, 23, 24, 25]",candidate_ref,,,,,,,,,,,,,,,,,,,,,,,,,,,,,,,,,,,,,,,,,,,,,,,,,,,,,,,,,,,,,0.1,0.0,15.0,0.0,5.936289978027344,2.3345435741988387,137.56007690429686,32.96357158485651,0.050010691709403664,0.06047057406553184,0.49517086301625596,0.05504649125968934,0.7695976535656399,0.021009550382552557,0.8285700163050693,0.013812616184432852,0.493114631711067,0.0223544364788855,0.8359033250060224,0.014052872437537493,0.9776672736268347,0.01659951946129841,0.9797458819355894,0.019132627548910548,0.618520799773734,0.05246437724093021,0.5667619710636216,0.028542828276735255,296.4,58.98559146096613,0.0,0.0,0.0,0.0,3.8,3.96232255123179,292.6,56.39414863263741,145.4,26.36854186336438,0.563698891305615,0.04453761242605909,0.43605107877097504,0.03173221671765778,200.0,0.0,0.1,0.0,0.050010691709403664,0.06047057406553185,0.050010691709403664,0.06047057406553184,0.050010691709403664,0.06047057406553184,0.2,0.44721359549995804,0.49517086301625585,0.055046491259689426,0.49517086301625596,0.05504649125968934,0.0,0.0,15.0,0.0,,
diagnosis_fd001_reliability,candidate_ref,cmapss:FD001,diagnosis,query full | gaussian_fitted,,,,,,,,,,,,,,,,,,,,,,,,,,,,,,,,,,,,,,,,,,,5,"[21, 22, 23, 24, 25]",candidate_ref,,,,,,,,,,,,,,,,,,,0.0,0.0,0.4931455416000972,0.09662250409844722,0.008233552599995165,0.0005516608759909535,592.8,117.97118292193225,15.0,0.0,15.0,0.0,15.0,0.0,55.8,13.863621460498697,8640.0,2146.625258399798,0.0,0.0,1.0,0.0,0.0,0.0,2845440.0,566261.6780252748,0.0,0.0,8892.0,1769.5677438289838,10214400.0,0.0,13.29884714611345,2.3032477249029903,13.332562975087736,2.282114513889611,6.067602432631846,0.5010177749228425,3.1222495537267188,1.529520708205959,23.44149836521226,2.185404119455869,,,,,,,,,,,,,,,,,,,,,,,,,,,,,,,,,,,,,,,,,,,,,,,,,,,,,,,,,,,,,,,,,,
diagnosis_fd001_reliability,candidate_ref,cmapss:FD001,diagnosis,joint | full | gaussian_fitted,,,,,,,,,,,,,,,,,,,,,,,,,,,,,,,,,,,,,,,,,,,5,"[21, 22, 23, 24, 25]",candidate_ref,,,,,,,,,,,,,,,,,,,,,,,,,,,,,,,,,,,,,,,,,,,,,,,,,,,,,,,,,,,,,0.1,0.0,15.0,0.0,238.90447678069842,19.952976585954264,966.3883059352733,101.52827232586247,0.03504406974516191,0.05209847353488447,0.5491872329927485,0.08758379821329398,0.830587648791313,0.013753908417570916,0.8752769673071598,0.009811440990005365,0.4900608467560259,0.019161545659834415,0.7654076869314459,0.030867804835123403,0.9992908612107936,0.0009958389225129336,0.9994944439240374,0.00043597279631537314,0.9254430276796048,0.018121707433348472,0.7410635634161997,0.019920647252168328,296.4,58.98559146096613,0.0,0.0,0.0,0.0,0.0,0.0,296.4,58.98559146096613,131.2,27.30750812505601,0.7097929171999009,0.023123280946444634,0.5188923864037801,0.06668629096694599,200.0,0.0,0.1,0.0,0.03504406974516191,0.05209847353488447,0.03504406974516191,0.05209847353488447,0.03504406974516191,0.05209847353488447,0.2,0.447213595499958,0.5491872329927485,0.087583798213294,0.5491872329927485,0.08758379821329398,0.0,0.0,15.0,0.0,,
diagnosis_fd001_reliability,candidate_ref,cmapss:FD001,diagnosis,independent | full | gaussian_fitted,,,,,,,,,,,,,,,,,,,,,,,,,,,,,,,,,,,,,,,,,,,5,"[21, 22, 23, 24, 25]",candidate_ref,,,,,,,,,,,,,,,,,,,,,,,,,,,,,,,,,,,,,,,,,,,,,,,,,,,,,,,,,,,,,0.1,0.0,15.0,0.0,254.50202638414817,27.17407751682069,456.42489974039034,60.30547630229791,0.03960289327457367,0.07006064151059203,0.3818090798684593,0.14879385974739684,0.7663095415211811,0.0171795470497247,0.818958089917183,0.013639955753357818,0.4838145729019835,0.023229108082826886,0.5233349937431967,0.038541451312842034,0.9781494498694165,0.011131369373728436,0.9502550220994765,0.023002338909760115,0.9158956161914616,0.018313085323210024,0.6560020263949059,0.027047610622599798,296.4,58.98559146096613,0.0,0.0,0.0,0.0,0.0,0.0,296.4,58.98559146096613,179.6,45.11429928525988,0.5952224755913066,0.027740348433020364,0.3459143520226403,0.11173269874664418,200.0,0.0,0.1,0.0,0.03960289327457368,0.07006064151059205,0.03960289327457367,0.07006064151059203,0.03960289327457367,0.07006064151059203,0.2,0.447213595499958,0.38180907986845924,0.14879385974739678,0.3818090798684593,0.14879385974739684,0.0,0.0,15.0,0.0,,
diagnosis_fd001_reliability,candidate_ref,cmapss:FD001,diagnosis,marginal_max | full | gaussian_fitted,,,,,,,,,,,,,,,,,,,,,,,,,,,,,,,,,,,,,,,,,,,5,"[21, 22, 23, 24, 25]",candidate_ref,,,,,,,,,,,,,,,,,,,,,,,,,,,,,,,,,,,,,,,,,,,,,,,,,,,,,,,,,,,,,0.1,0.0,15.0,0.0,81.0862198231364,27.073787496753294,250.33928802187174,10.999479123714163,0.049635775992878384,0.09207111736670716,0.25096748887018167,0.23173341933682517,0.7481538874843976,0.016985108184231542,0.7796790114207621,0.020243889258115887,0.46024451243592523,0.018625282012306694,0.5361333216156862,0.039679814381814095,0.9335293360501857,0.026184480261754406,0.901153432456339,0.032077491584691545,0.9237288432959929,0.030621143517910513,0.6560020263949059,0.027047610622599798,296.4,58.98559146096613,0.0,0.0,0.0,0.0,0.0,0.0,296.4,58.98559146096613,218.8,77.05322835546866,0.5952224755913066,0.027740348433020364,0.22516111027144,0.1879601356678194,200.0,0.0,0.1,0.0,0.04963577599287837,0.09207111736670714,0.049635775992878384,0.09207111736670716,0.049635775992878384,0.09207111736670716,0.2,0.447213595499958,0.25096748887018155,0.23173341933682515,0.25096748887018167,0.23173341933682517,0.0,0.0,15.0,0.0,,
diagnosis_fd001_reliability,candidate_ref,cmapss:FD001,diagnosis,conditional_max | full | gaussian_fitted,,,,,,,,,,,,,,,,,,,,,,,,,,,,,,,,,,,,,,,,,,,5,"[21, 22, 23, 24, 25]",candidate_ref,,,,,,,,,,,,,,,,,,,,,,,,,,,,,,,,,,,,,,,,,,,,,,,,,,,,,,,,,,,,,0.1,0.0,15.0,0.0,86.55814760047726,28.056622065674105,497.9363222474734,66.7654747626599,0.049635775992878384,0.09207111736670716,0.4495245849691349,0.16668526912915999,0.8174031717068733,0.014997429895713277,0.8612657144418293,0.012410372820439249,0.46132929246401116,0.012923866235950765,0.737424065904822,0.04697645162561392,0.9937717984803045,0.005026035515201798,0.9946499252333636,0.0039308185867565565,0.9258550252796056,0.032036853301572785,0.7410635634161997,0.019920647252168328,296.4,58.98559146096613,0.0,0.0,0.0,0.0,0.0,0.0,296.4,58.98559146096613,160.0,52.07206544780032,0.7097929171999009,0.023123280946444634,0.42996820637039324,0.13668713442391237,200.0,0.0,0.1,0.0,0.04963577599287837,0.09207111736670714,0.049635775992878384,0.09207111736670716,0.049635775992878384,0.09207111736670716,0.2,0.447213595499958,0.4495245849691349,0.16668526912915996,0.4495245849691349,0.16668526912915999,0.0,0.0,15.0,0.0,,
diagnosis_fd001_reliability,candidate_ref,cmapss:FD001,diagnosis,relational_max | full | gaussian_fitted,,,,,,,,,,,,,,,,,,,,,,,,,,,,,,,,,,,,,,,,,,,5,"[21, 22, 23, 24, 25]",candidate_ref,,,,,,,,,,,,,,,,,,,,,,,,,,,,,,,,,,,,,,,,,,,,,,,,,,,,,,,,,,,,,0.1,0.0,15.0,0.0,6.676501997565301,2.5757432750707676,494.15440775491817,83.5512453870863,0.05509907956951369,0.0595833331067368,0.6302907980785927,0.0783046498044656,0.832902102277387,0.006780510175323377,0.8815951058656178,0.006418016628601411,0.48921931416087966,0.03883255679409983,0.874548891875955,0.033337435883197826,0.9999805780435744,2.6923049878463287e-05,0.9997730530339226,0.0005074688434363837,0.8345753916302406,0.029292438473992734,0.7004512470653232,0.018713763915163426,296.4,58.98559146096613,0.0,0.0,0.0,0.0,0.0,0.0,296.4,58.98559146096613,107.8,26.37612556839992,0.6942964830169223,0.033874773909921864,0.5973157975549137,0.05276792882852846,200.0,0.0,0.1,0.0,0.05509907956951369,0.059583333106736816,0.05509907956951369,0.0595833331067368,0.05509907956951369,0.0595833331067368,0.4,0.5477225575051662,0.6302907980785927,0.07830464980446565,0.6302907980785927,0.0783046498044656,0.0,0.0,15.0,0.0,,
diagnosis_fd001_reliability,candidate_ref,cmapss:FD001,diagnosis,detector | full | mahalanobis_refit,,,,,,,,,,,,,,,,,,,,,,,,,,,,,0.029510107600071934,0.011918596503151246,,,,,,,,,,,,,5,"[21, 22, 23, 24, 25]",candidate_ref,,,,,,,,,,,,,,,,,,,,,0.06806002699977398,0.011112433392578225,,,,,15.0,0.0,15.0,0.0,15.0,0.0,,,,,,,,,,,,,,,,,,,,,,,,,,,,,0.1,0.0,15.0,0.0,449.5802978515625,40.014047494297564,2056.3887939453125,217.20790847758437,0.032544069745161906,0.0467255431276333,0.552697675564653,0.08200627504188131,0.8307568929903058,0.013714631992891167,0.8755628051281723,0.009747823236886144,0.49097581514368027,0.020253741749293976,0.7659163758392247,0.030405529151187837,0.9993169198427154,0.0009403496923883598,0.9995034936977932,0.0004459243223174431,0.924766794499198,0.01786431044626352,,,,,,,,,,,,,,,,,,,200.0,0.0,0.1,0.0,0.03254406974516191,0.046725543127633315,0.032544069745161906,0.0467255431276333,0.032544069745161906,0.0467255431276333,0.2,0.447213595499958,0.552697675564653,0.08200627504188132,0.552697675564653,0.08200627504188131,0.0,0.0,15.0,0.0,1.0,0.0
diagnosis_fd001_reliability,candidate_ref,cmapss:FD001,diagnosis,detector | full | mahalanobis_impute,,,,,,,,,,,,,,,,,,,,,,,,,,,,,0.10854138499998953,0.07729242718897304,,,,,,,,,,,,,5,"[21, 22, 23, 24, 25]",candidate_ref,,,,,,,,,,,,,,,,,,,,,0.04335679640007584,0.006802591416365953,,,,,15.0,0.0,15.0,0.0,15.0,0.0,,,,,,,,,,,,,,,,,,,,,,,,,,,,,0.1,0.0,15.0,0.0,449.5802978515625,40.014047494297564,2056.3887939453125,217.20790847758437,0.032544069745161906,0.0467255431276333,0.552697675564653,0.08200627504188131,0.8307568929903058,0.013714631992891167,0.8755628051281723,0.009747823236886144,0.49097581514368027,0.020253741749293976,0.7659163758392247,0.030405529151187837,0.9993169198427154,0.0009403496923883598,0.9995034936977932,0.0004459243223174431,0.924766794499198,0.01786431044626352,,,,,,,,,,,,,,,,,,,200.0,0.0,0.1,0.0,0.03254406974516191,0.046725543127633315,0.032544069745161906,0.0467255431276333,0.032544069745161906,0.0467255431276333,0.2,0.447213595499958,0.552697675564653,0.08200627504188132,0.552697675564653,0.08200627504188131,0.0,0.0,15.0,0.0,1.0,0.0
diagnosis_fd001_reliability,candidate_ref,cmapss:FD001,diagnosis,detector | full | gmm_refit,,,,,,,,,,,,,,,,,,,,,,,,,,,,,2.4536132870000076,1.0078554998895695,,,,,,,,,,,,,5,"[21, 22, 23, 24, 25]",candidate_ref,,,,,,,,,,,,,,,,,,,,,2.4801757377998,1.0088573570436603,,,,,15.0,0.0,15.0,0.0,15.0,0.0,,,,,,,,,,,,,,,,,,,,,,,,,,,,,0.1,0.0,15.0,0.0,409.52796630859376,96.73161668529337,2127.7951522827148,285.74180882062143,0.03752689726660088,0.028065114930894666,0.51250463914448,0.09025138955941657,0.8142316343571816,0.017650324815010762,0.8609074001905761,0.016910292929881148,0.4973389829642447,0.025547509511537708,0.7335893809575488,0.05925343540085749,0.9886993926642662,0.019930464058622206,0.9952594945396331,0.005652370726387663,0.8824273277368574,0.05017085708714952,,,,,,,,,,,,,,,,,,,200.0,0.0,0.1,0.0,0.03752689726660088,0.028065114930894666,0.03752689726660088,0.028065114930894666,0.03752689726660088,0.028065114930894666,0.0,0.0,0.51250463914448,0.09025138955941661,0.51250463914448,0.09025138955941657,0.0,0.0,15.0,0.0,1.0,0.0
diagnosis_fd001_reliability,candidate_ref,cmapss:FD001,diagnosis,detector | full | gmm_impute,,,,,,,,,,,,,,,,,,,,,,,,,,,,,2.2784336150001763,0.5121820679143705,,,,,,,,,,,,,5,"[21, 22, 23, 24, 25]",candidate_ref,,,,,,,,,,,,,,,,,,,,,0.03372647340002004,0.007716508534977218,,,,,15.0,0.0,15.0,0.0,15.0,0.0,,,,,,,,,,,,,,,,,,,,,,,,,,,,,0.1,0.0,15.0,0.0,409.52796630859376,96.73161668529337,2127.7951522827148,285.74180882062143,0.03752689726660088,0.028065114930894666,0.51250463914448,0.09025138955941657,0.8142316343571816,0.017650324815010762,0.8609074001905761,0.016910292929881148,0.4973389829642447,0.025547509511537708,0.7335893809575488,0.05925343540085749,0.9886993926642662,0.019930464058622206,0.9952594945396331,0.005652370726387663,0.8824273277368574,0.05017085708714952,,,,,,,,,,,,,,,,,,,200.0,0.0,0.1,0.0,0.03752689726660088,0.028065114930894666,0.03752689726660088,0.028065114930894666,0.03752689726660088,0.028065114930894666,0.0,0.0,0.51250463914448,0.09025138955941661,0.51250463914448,0.09025138955941657,0.0,0.0,15.0,0.0,1.0,0.0
diagnosis_fd001_reliability,candidate_ref,cmapss:FD001,diagnosis,detector | full | knn_refit,,,,,,,,,,,,,,,,,,,,,,,,,,,,,0.01071977200008405,0.004026847942258405,,,,,,,,,,,,,5,"[21, 22, 23, 24, 25]",candidate_ref,,,,,,,,,,,,,,,,,,,,,0.05880512820003787,0.021893592468323907,,,,,15.0,0.0,15.0,0.0,15.0,0.0,,,,,,,,,,,,,,,,,,,,,,,,,,,,,0.1,0.0,15.0,0.0,12.52821750640869,1.201518726023769,8.490933609008788,0.6082815314785511,0.061423614623586295,0.1197574626640749,0.3483839886939129,0.20754004721146274,0.7942792667355454,0.01295479678334768,0.8326573299824698,0.015318477035500221,0.4797729286461788,0.013468887613842604,0.6860298961355114,0.05287447614859815,0.9920359394670715,0.005033570421450417,0.9926384100605846,0.005511883377761654,0.8518197660225629,0.049260675911290984,,,,,,,,,,,,,,,,,,,200.0,0.0,0.1,0.0,0.06142361462358629,0.11975746266407487,0.061423614623586295,0.1197574626640749,0.061423614623586295,0.1197574626640749,0.2,0.447213595499958,0.3483839886939129,0.20754004721146288,0.3483839886939129,0.20754004721146274,0.0,0.0,15.0,0.0,1.0,0.0
diagnosis_fd001_reliability,candidate_ref,cmapss:FD001,diagnosis,detector | full | knn_impute,,,,,,,,,,,,,,,,,,,,,,,,,,,,,0.008845197800110328,0.0017668790369333959,,,,,,,,,,,,,5,"[21, 22, 23, 24, 25]",candidate_ref,,,,,,,,,,,,,,,,,,,,,0.006546026399882976,0.001193997245227194,,,,,15.0,0.0,15.0,0.0,15.0,0.0,,,,,,,,,,,,,,,,,,,,,,,,,,,,,0.1,0.0,15.0,0.0,12.52821750640869,1.201518726023769,8.490933609008788,0.6082815314785511,0.061423614623586295,0.1197574626640749,0.3483839886939129,0.20754004721146274,0.7942792667355454,0.01295479678334768,0.8326573299824698,0.015318477035500221,0.4797729286461788,0.013468887613842604,0.6860298961355114,0.05287447614859815,0.9920359394670715,0.005033570421450417,0.9926384100605846,0.005511883377761654,0.8518197660225629,0.049260675911290984,,,,,,,,,,,,,,,,,,,200.0,0.0,0.1,0.0,0.06142361462358629,0.11975746266407487,0.061423614623586295,0.1197574626640749,0.061423614623586295,0.1197574626640749,0.2,0.447213595499958,0.3483839886939129,0.20754004721146288,0.3483839886939129,0.20754004721146274,0.0,0.0,15.0,0.0,1.0,0.0
diagnosis_fd001_reliability,candidate_ref,cmapss:FD001,diagnosis,query random1:1 | circuit,,,,,,,,,,,,,,,,,,,,,,,,,,,,,,,,,,,,,,,,,,,5,"[21, 22, 23, 24, 25]",candidate_ref,,,,,,,,,,,,,,,,,,,0.0,0.0,0.3946680342001855,0.06261767062949808,0.1528120441998908,0.0059003403878272465,592.8,117.97118292193225,14.0,0.0,14.0,0.0,14.0,0.0,52.2,12.96919426949878,1248676.2,310236.0961206803,0.0,0.0,1.0,0.0,0.0,0.0,411230695.2,81837671.3335907,0.0,0.0,8892.0,1769.5677438289838,0.0,0.0,20.693504333496094,10.851940855144822,20.820875549316405,10.850201090170177,10.594246578216552,6.921729776336368,3.435828649997711,2.0449615283674536,36.87250938415527,20.62839322201839,,,,,,,,,,,,,,,,,,,,,,,,,,,,,,,,,,,,,,,,,,,,,,,,,,,,,,,,,,,,,,,,,,
diagnosis_fd001_reliability,candidate_ref,cmapss:FD001,diagnosis,joint | random1:1 | circuit,,,,,,,,,,,,,,,,,,,,,,,,,,,,,,,,,,,,,,,,,,,5,"[21, 22, 23, 24, 25]",candidate_ref,,,,,,,,,,,,,,,,,,,,,,,,,,,,,,,,,,,,,,,,,,,,,,,,,,,,,,,,,,,,,0.1,0.0,15.0,0.0,60.657717895507815,19.754131053648546,2754.093786621094,2175.537998975032,0.016465149436066737,0.025078460126110542,0.5492093210810951,0.05450737433563453,0.826827766564344,0.023809361160039084,0.8737949894012111,0.020293934412800925,0.49529141658507125,0.02409857280034855,0.735362956198822,0.03816668344698196,0.9995454929030734,0.0006324419303357767,0.9985204385663449,0.002092853238306056,0.9322865579458863,0.019022903950405314,0.747886102890764,0.032883680466214725,290.8,58.52093642449683,5.6,0.8944271909999159,0.0,0.0,0.0,0.0,290.8,58.52093642449683,126.0,15.795568998931314,0.7155926675670449,0.0443173618909946,0.5370106719562109,0.04875201126390511,200.0,0.0,0.1,0.0,0.01646514943606674,0.02507846012611055,0.016465149436066737,0.025078460126110542,0.016465149436066737,0.025078460126110542,0.0,0.0,0.5492093210810948,0.05450737433563452,0.5492093210810951,0.05450737433563453,0.0,0.0,15.0,0.0,,
diagnosis_fd001_reliability,candidate_ref,cmapss:FD001,diagnosis,independent | random1:1 | circuit,,,,,,,,,,,,,,,,,,,,,,,,,,,,,,,,,,,,,,,,,,,5,"[21, 22, 23, 24, 25]",candidate_ref,,,,,,,,,,,,,,,,,,,,,,,,,,,,,,,,,,,,,,,,,,,,,,,,,,,,,,,,,,,,,0.1,0.0,15.0,0.0,99.62860717773438,33.508489286690875,2719.4640502929688,2153.3484584157804,0.017083732515807627,0.027039984287135277,0.45273141930849387,0.06856852173854629,0.770433045746426,0.03341982031825785,0.8274127078829239,0.032839739874251525,0.49356948128540246,0.028459801817681048,0.5127597235918548,0.04056170879580455,0.9878334008379845,0.011279864908951677,0.9790940698122569,0.03173084510512494,0.8978750030877454,0.042607438733418074,0.6742510620303509,0.04895419524006854,290.8,58.52093642449683,5.6,0.8944271909999159,0.0,0.0,0.0,0.0,290.8,58.52093642449683,154.0,21.633307652783937,0.6164359431730992,0.058198363768379786,0.44271769734895516,0.059464902313148764,200.0,0.0,0.1,0.0,0.01708373251580763,0.027039984287135287,0.017083732515807627,0.027039984287135277,0.017083732515807627,0.027039984287135277,0.0,0.0,0.4527314193084938,0.06856852173854627,0.45273141930849387,0.06856852173854629,0.0,0.0,15.0,0.0,,
diagnosis_fd001_reliability,candidate_ref,cmapss:FD001,diagnosis,marginal_max | random1:1 | circuit,,,,,,,,,,,,,,,,,,,,,,,,,,,,,,,,,,,,,,,,,,,5,"[21, 22, 23, 24, 25]",candidate_ref,,,,,,,,,,,,,,,,,,,,,,,,,,,,,,,,,,,,,,,,,,,,,,,,,,,,,,,,,,,,,0.1,0.0,15.0,0.0,32.58550186157227,4.903534077896433,2193.2505126953124,2222.8445188027595,0.027094901351875915,0.057733191066490976,0.5706537188621407,0.07092977169284762,0.7853799706642202,0.020709900397566382,0.8488764648527438,0.019787055986930136,0.48859832742304105,0.021793659383835474,0.5062413141285997,0.05291066525849696,0.9985550269055011,0.0024904557919697944,0.9934367369905315,0.012863001040181407,0.9523837326056608,0.015124827981223216,0.6742510620303509,0.04895419524006854,290.8,58.52093642449683,5.6,0.8944271909999159,0.0,0.0,0.0,0.0,290.8,58.52093642449683,119.4,21.75545908502048,0.6164359431730992,0.058198363768379786,0.5572395992692224,0.06011599640126145,200.0,0.0,0.1,0.0,0.027094901351875922,0.057733191066490996,0.027094901351875915,0.057733191066490976,0.027094901351875915,0.057733191066490976,0.2,0.44721359549995804,0.5706537188621406,0.0709297716928476,0.5706537188621407,0.07092977169284762,0.0,0.0,15.0,0.0,,
diagnosis_fd001_reliability,candidate_ref,cmapss:FD001,diagnosis,conditional_max | random1:1 | circuit,,,,,,,,,,,,,,,,,,,,,,,,,,,,,,,,,,,,,,,,,,,5,"[21, 22, 23, 24, 25]",candidate_ref,,,,,,,,,,,,,,,,,,,,,,,,,,,,,,,,,,,,,,,,,,,,,,,,,,,,,,,,,,,,,0.1,0.0,15.0,0.0,29.14484558105469,1.8985695242368863,2203.8708923339846,2223.0953655800736,0.006866527909846845,0.011893797225990798,0.6477596641425704,0.053890089564446075,0.8380395140765128,0.01849014166953681,0.8877333517042171,0.01592493303139339,0.4940348232439666,0.026144908227008396,0.7627649546100784,0.031918661159587705,0.999978206385529,4.873200343250372e-05,0.9999522216913521,0.00010683554598663324,0.9561589142649364,0.010916752514207328,0.747886102890764,0.032883680466214725,290.8,58.52093642449683,5.6,0.8944271909999159,0.0,0.0,0.0,0.0,290.8,58.52093642449683,96.4,10.358571330062848,0.7155926675670449,0.0443173618909946,0.6415471369634507,0.05313908577353343,200.0,0.0,0.1,0.0,0.006866527909846845,0.011893797225990798,0.006866527909846845,0.011893797225990798,0.006866527909846845,0.011893797225990798,0.0,0.0,0.6477596641425705,0.05389008956444608,0.6477596641425704,0.053890089564446075,0.0,0.0,15.0,0.0,,
diagnosis_fd001_reliability,candidate_ref,cmapss:FD001,diagnosis,relational_max | random1:1 | circuit,,,,,,,,,,,,,,,,,,,,,,,,,,,,,,,,,,,,,,,,,,,5,"[21, 22, 23, 24, 25]",candidate_ref,,,,,,,,,,,,,,,,,,,,,,,,,,,,,,,,,,,,,,,,,,,,,,,,,,,,,,,,,,,,,0.1,0.0,15.0,0.0,6.353198623657226,2.3826449543742125,137.00543823242188,34.063541073626425,0.04957295648130625,0.061350239695263084,0.4783643970215648,0.06723028491020692,0.7647416121742479,0.02246224738079425,0.8241907195876375,0.015202312251365674,0.49730775601000377,0.02869549712171492,0.8216526119787222,0.01811165402845924,0.9769125597086102,0.01658996529955386,0.9734017891140357,0.023042749419446486,0.6119710833662966,0.04488611332273772,0.5729489052159142,0.03085986714655415,290.8,58.52093642449683,5.6,0.8944271909999159,0.0,0.0,3.8,3.63318042491699,287.0,55.991070716677676,144.6,23.69177072318572,0.5609069864987631,0.04325439933999209,0.41974557850830935,0.04253986704809892,200.0,0.0,0.1,0.0,0.04957295648130626,0.06135023969526309,0.04957295648130625,0.061350239695263084,0.04957295648130625,0.061350239695263084,0.2,0.44721359549995804,0.47836439702156486,0.06723028491020702,0.4783643970215648,0.06723028491020692,0.0,0.0,15.0,0.0,,
diagnosis_fd001_reliability,candidate_ref,cmapss:FD001,diagnosis,query random1:1 | gaussian_fitted,,,,,,,,,,,,,,,,,,,,,,,,,,,,,,,,,,,,,,,,,,,5,"[21, 22, 23, 24, 25]",candidate_ref,,,,,,,,,,,,,,,,,,,0.0,0.0,0.40580435120009495,0.07945219213386799,0.006512131599993154,0.0003273622566838892,592.8,117.97118292193225,14.0,0.0,14.0,0.0,14.0,0.0,52.2,12.96919426949878,7560.0,1878.2971010998233,0.0,0.0,1.0,0.0,0.0,0.0,2489760.0,495478.96827211545,0.0,0.0,8892.0,1769.5677438289838,17814720.0,0.0,12.839176587245756,2.0294032499328996,12.854387250077924,2.021885054846293,5.707879282916298,0.48412206380619305,3.5264651977253623,1.1399056840929445,22.149326943723782,1.8534922136589604,,,,,,,,,,,,,,,,,,,,,,,,,,,,,,,,,,,,,,,,,,,,,,,,,,,,,,,,,,,,,,,,,,
diagnosis_fd001_reliability,candidate_ref,cmapss:FD001,diagnosis,joint | random1:1 | gaussian_fitted,,,,,,,,,,,,,,,,,,,,,,,,,,,,,,,,,,,,,,,,,,,5,"[21, 22, 23, 24, 25]",candidate_ref,,,,,,,,,,,,,,,,,,,,,,,,,,,,,,,,,,,,,,,,,,,,,,,,,,,,,,,,,,,,,0.1,0.0,15.0,0.0,215.62837798157489,15.816121241165748,953.1695628228642,110.48832297128506,0.03004018775758427,0.039543595601116,0.54988386641173,0.08309742863908942,0.8273348007265042,0.013837834105172588,0.8731234130497671,0.01020219816437587,0.4879786480382016,0.02184804109569417,0.7609449696938451,0.03133981249772738,0.9993383032621258,0.001016794396819239,0.999457464934513,0.00071149857583658,0.9169540272790737,0.019019261690196212,0.7460122390018468,0.018180662537943607,290.8,58.52093642449683,5.6,0.8944271909999159,0.0,0.0,0.0,0.0,290.8,58.52093642449683,125.6,25.451915448547286,0.709189090294305,0.020314910708921895,0.5214233731293016,0.06302778948675189,200.0,0.0,0.1,0.0,0.030040187757584276,0.039543595601116005,0.03004018775758427,0.039543595601116,0.03004018775758427,0.039543595601116,0.0,0.0,0.5498838664117299,0.08309742863908938,0.54988386641173,0.08309742863908942,0.0,0.0,15.0,0.0,,
diagnosis_fd001_reliability,candidate_ref,cmapss:FD001,diagnosis,independent | random1:1 | gaussian_fitted,,,,,,,,,,,,,,,,,,,,,,,,,,,,,,,,,,,,,,,,,,,5,"[21, 22, 23, 24, 25]",candidate_ref,,,,,,,,,,,,,,,,,,,,,,,,,,,,,,,,,,,,,,,,,,,,,,,,,,,,,,,,,,,,,0.1,0.0,15.0,0.0,230.35593734359227,23.633861320714033,453.43714482472404,63.71217301654832,0.03640436386280897,0.059765951782890785,0.38133843710242143,0.13865526120587582,0.7628713858461199,0.017725237892027693,0.8166060296879168,0.01412877600491056,0.4826215035729094,0.025168041430975698,0.5217160895926792,0.039851398579605714,0.9771191966127425,0.013050588293990483,0.944930578050176,0.018405647288309523,0.9082581715143474,0.01826617067693079,0.6624827004710159,0.02733212361862597,290.8,58.52093642449683,5.6,0.8944271909999159,0.0,0.0,0.0,0.0,290.8,58.52093642449683,174.6,42.910371706616566,0.5935553903194888,0.02820994215099669,0.3466898272690248,0.10233994338055352,200.0,0.0,0.1,0.0,0.03640436386280897,0.059765951782890785,0.03640436386280897,0.059765951782890785,0.03640436386280897,0.059765951782890785,0.2,0.447213595499958,0.38133843710242143,0.13865526120587573,0.38133843710242143,0.13865526120587582,0.0,0.0,15.0,0.0,,
diagnosis_fd001_reliability,candidate_ref,cmapss:FD001,diagnosis,marginal_max | random1:1 | gaussian_fitted,,,,,,,,,,,,,,,,,,,,,,,,,,,,,,,,,,,,,,,,,,,5,"[21, 22, 23, 24, 25]",candidate_ref,,,,,,,,,,,,,,,,,,,,,,,,,,,,,,,,,,,,,,,,,,,,,,,,,,,,,,,,,,,,,0.1,0.0,15.0,0.0,81.0862198231364,27.073787496753294,251.2189274024484,10.488222510497582,0.049635775992878384,0.09207111736670716,0.2503424888701816,0.23034606837082444,0.7432570126542494,0.015237427841844606,0.7766893574695304,0.019752104432832856,0.4574785663149199,0.023899315833867896,0.5287457119699424,0.03774337201344525,0.9332238524917106,0.026367775205196363,0.896508279291637,0.03179524430281499,0.914550198801952,0.028673134098157475,0.6624827004710159,0.02733212361862597,290.8,58.52093642449683,5.6,0.8944271909999159,0.0,0.0,0.0,0.0,290.8,58.52093642449683,213.6,76.25483591222263,0.5935553903194888,0.02820994215099669,0.22453611027144005,0.1865710495295672,200.0,0.0,0.1,0.0,0.04963577599287837,0.09207111736670714,0.049635775992878384,0.09207111736670716,0.049635775992878384,0.09207111736670716,0.2,0.447213595499958,0.2503424888701816,0.23034606837082436,0.2503424888701816,0.23034606837082444,0.0,0.0,15.0,0.0,,
diagnosis_fd001_reliability,candidate_ref,cmapss:FD001,diagnosis,conditional_max | random1:1 | gaussian_fitted,,,,,,,,,,,,,,,,,,,,,,,,,,,,,,,,,,,,,,,,,,,5,"[21, 22, 23, 24, 25]",candidate_ref,,,,,,,,,,,,,,,,,,,,,,,,,,,,,,,,,,,,,,,,,,,,,,,,,,,,,,,,,,,,,0.1,0.0,15.0,0.0,86.86245357336696,28.299309291364718,495.6312951343366,67.15503530218666,0.049635775992878384,0.09207111736670716,0.4478329677534599,0.16597448434485554,0.8140786509019284,0.014683392280629736,0.8586678003359183,0.011851046627754807,0.4629413309995905,0.020028303519127676,0.7305084943532816,0.03917643666007596,0.9937698553328749,0.0049218211880913245,0.9945406285370119,0.003921187483175175,0.9158005301343701,0.02754398408912954,0.7460122390018468,0.018180662537943607,290.8,58.52093642449683,5.6,0.8944271909999159,0.0,0.0,0.0,0.0,290.8,58.52093642449683,155.0,50.97548430373173,0.709189090294305,0.020314910708921895,0.42765158915471824,0.13472081625487764,200.0,0.0,0.1,0.0,0.04963577599287837,0.09207111736670714,0.049635775992878384,0.09207111736670716,0.049635775992878384,0.09207111736670716,0.2,0.447213595499958,0.4478329677534599,0.16597448434485554,0.4478329677534599,0.16597448434485554,0.0,0.0,15.0,0.0,,
diagnosis_fd001_reliability,candidate_ref,cmapss:FD001,diagnosis,relational_max | random1:1 | gaussian_fitted,,,,,,,,,,,,,,,,,,,,,,,,,,,,,,,,,,,,,,,,,,,5,"[21, 22, 23, 24, 25]",candidate_ref,,,,,,,,,,,,,,,,,,,,,,,,,,,,,,,,,,,,,,,,,,,,,,,,,,,,,,,,,,,,,0.1,0.0,15.0,0.0,6.683549432703577,2.6353742127551145,492.128741094327,82.33069908971851,0.05633037774662336,0.062343924934664625,0.6198066487982452,0.08578290964497488,0.8257599950568417,0.011681414536724263,0.8766707423635648,0.009266944608078767,0.474985579460734,0.04337572187259387,0.8624654849555446,0.03010776900752378,0.9999784455348489,3.0569822694717694e-05,0.9997849976110846,0.0004807599569397502,0.8265336110129177,0.036978595714433765,0.7065292909546952,0.01719920001370639,290.8,58.52093642449683,5.6,0.8944271909999159,0.0,0.0,0.2,0.447213595499958,290.6,58.423454194355884,104.8,25.113741258522197,0.6969889967650381,0.02855345949101798,0.5853794044902403,0.061211143115063156,200.0,0.0,0.1,0.0,0.05633037774662336,0.06234392493466463,0.05633037774662336,0.062343924934664625,0.05633037774662336,0.062343924934664625,0.4,0.5477225575051662,0.6198066487982453,0.08578290964497495,0.6198066487982452,0.08578290964497488,0.0,0.0,15.0,0.0,,
diagnosis_fd001_reliability,candidate_ref,cmapss:FD001,diagnosis,detector | random1:1 | mahalanobis_refit,,,,,,,,,,,,,,,,,,,,,,,,,,,,,0.08082799400035583,0.07057342182423411,,,,,,,,,,,,,5,"[21, 22, 23, 24, 25]",candidate_ref,,,,,,,,,,,,,,,,,,,,,0.0860197927999252,0.06986008544485862,,,,,14.0,0.0,14.0,0.0,14.0,0.0,,,,,,,,,,,,,,,,,,,,,,,,,,,,,0.1,0.0,15.0,0.0,420.96397094726564,31.894183697113572,2025.6992614746093,241.9693079983985,0.029378423051701918,0.036715021643715436,0.553992843185589,0.07947259578969558,0.8276905955556085,0.013798904450248029,0.8735573547234171,0.010161143085057492,0.48866149615996274,0.02234211569640972,0.7622799716314456,0.0310641092691071,0.9993427709342511,0.000989394050772915,0.9994694095116751,0.0007170965138624511,0.9166943380616029,0.019021112475380506,,,,,,,,,,,,,,,,,,,200.0,0.0,0.1,0.0,0.029378423051701914,0.03671502164371542,0.029378423051701918,0.036715021643715436,0.029378423051701918,0.036715021643715436,0.0,0.0,0.5539928431855887,0.07947259578969555,0.553992843185589,0.07947259578969558,0.0,0.0,15.0,0.0,2.0,0.0
diagnosis_fd001_reliability,candidate_ref,cmapss:FD001,diagnosis,detector | random1:1 | mahalanobis_impute,,,,,,,,,,,,,,,,,,,,,,,,,,,,,0.10854138499998953,0.07729242718897304,,,,,,,,,,,,,5,"[21, 22, 23, 24, 25]",candidate_ref,,,,,,,,,,,,,,,,,,,,,0.04342011959997762,0.005377408333176451,,,,,14.0,0.0,14.0,0.0,14.0,0.0,,,,,,,,,,,,,,,,,,,,,,,,,,,,,0.1,0.0,15.0,0.0,439.9566345214844,41.152389378589135,2047.1424774169923,259.1069105593536,0.032576952463466625,0.04646742870397392,0.5385149960038536,0.0903345853866196,0.8241621722860992,0.013625077688213156,0.8710193040064711,0.010034977734465225,0.48485249681612946,0.02303217972379648,0.7541835484762845,0.02968312132102438,0.99908111653146,0.0013552445857777109,0.9992705001506001,0.000865346274554882,0.9122789804107576,0.020916343272201682,,,,,,,,,,,,,,,,,,,200.0,0.0,0.1,0.0,0.03257695246346663,0.04646742870397393,0.032576952463466625,0.04646742870397392,0.032576952463466625,0.04646742870397392,0.2,0.447213595499958,0.5385149960038536,0.09033458538661968,0.5385149960038536,0.0903345853866196,0.0,0.0,15.0,0.0,1.0,0.0
diagnosis_fd001_reliability,candidate_ref,cmapss:FD001,diagnosis,detector | random1:1 | gmm_refit,,,,,,,,,,,,,,,,,,,,,,,,,,,,,4.822125076600059,2.6535226789203383,,,,,,,,,,,,,5,"[21, 22, 23, 24, 25]",candidate_ref,,,,,,,,,,,,,,,,,,,,,2.401223704199947,1.6972642056228135,,,,,14.0,0.0,14.0,0.0,14.0,0.0,,,,,,,,,,,,,,,,,,,,,,,,,,,,,0.1,0.0,15.0,0.0,318.11353759765626,64.45200758088791,2270.60373840332,989.5356716805958,0.05722910867980152,0.05598819036373278,0.5645514402735939,0.06758630704183287,0.8099647348186869,0.02083336132835904,0.8555711056951925,0.02613656923294065,0.4994114541673282,0.02475987608044266,0.7249991245089804,0.05682745570106839,0.9827441302043459,0.028738781509614307,0.9915768464363719,0.012313880017514593,0.8777023065631055,0.05514712949987982,,,,,,,,,,,,,,,,,,,200.0,0.0,0.1,0.0,0.05722910867980151,0.05598819036373277,0.05722910867980152,0.05598819036373278,0.05722910867980152,0.05598819036373278,0.2,0.447213595499958,0.5645514402735939,0.0675863070418329,0.5645514402735939,0.06758630704183287,0.0,0.0,15.0,0.0,2.0,0.0
diagnosis_fd001_reliability,candidate_ref,cmapss:FD001,diagnosis,detector | random1:1 | gmm_impute,,,,,,,,,,,,,,,,,,,,,,,,,,,,,2.2784336150001763,0.5121820679143705,,,,,,,,,,,,,5,"[21, 22, 23, 24, 25]",candidate_ref,,,,,,,,,,,,,,,,,,,,,0.021030516599967086,0.008201457694410086,,,,,14.0,0.0,14.0,0.0,14.0,0.0,,,,,,,,,,,,,,,,,,,,,,,,,,,,,0.1,0.0,15.0,0.0,399.1070983886719,87.53089287371611,2102.8420646667482,268.2517589237737,0.037514668632087876,0.03783122524230701,0.5062020897399467,0.08924207069127546,0.8082378836630859,0.017612623096264757,0.8565882532093486,0.017832449396954667,0.48401249771353105,0.025426745055206933,0.725404614507337,0.05429645989093391,0.9874441757345362,0.02114857393177411,0.9931071162327832,0.008372917625914508,0.8785525509059786,0.04889594107655774,,,,,,,,,,,,,,,,,,,200.0,0.0,0.1,0.0,0.037514668632087876,0.037831225242307004,0.037514668632087876,0.03783122524230701,0.037514668632087876,0.03783122524230701,0.0,0.0,0.5062020897399468,0.08924207069127552,0.5062020897399467,0.08924207069127546,0.0,0.0,15.0,0.0,1.0,0.0
diagnosis_fd001_reliability,candidate_ref,cmapss:FD001,diagnosis,detector | random1:1 | knn_refit,,,,,,,,,,,,,,,,,,,,,,,,,,,,,0.021221363199947517,0.007961850698401178,,,,,,,,,,,,,5,"[21, 22, 23, 24, 25]",candidate_ref,,,,,,,,,,,,,,,,,,,,,0.05233768419984699,0.01088319907867078,,,,,14.0,0.0,14.0,0.0,14.0,0.0,,,,,,,,,,,,,,,,,,,,,,,,,,,,,0.1,0.0,15.0,0.0,11.898996925354004,1.2009568481216444,8.646504497528076,0.8108338008314562,0.056991801039917446,0.11162807152441429,0.32992394144037884,0.20926986943283257,0.789812939293419,0.014098963373442287,0.8294559669891841,0.015837182426666117,0.47477059423678,0.014346886981778773,0.6754368885746358,0.05009095397296006,0.9915804149952587,0.005154150429229211,0.9897387374917207,0.005177890628483138,0.8486082328012212,0.05327233178199012,,,,,,,,,,,,,,,,,,,200.0,0.0,0.1,0.0,0.05699180103991748,0.11162807152441434,0.056991801039917446,0.11162807152441429,0.056991801039917446,0.11162807152441429,0.2,0.447213595499958,0.3299239414403789,0.20926986943283254,0.32992394144037884,0.20926986943283257,0.0,0.0,15.0,0.0,2.0,0.0
diagnosis_fd001_reliability,candidate_ref,cmapss:FD001,diagnosis,detector | random1:1 | knn_impute,,,,,,,,,,,,,,,,,,,,,,,,,,,,,0.008845197800110328,0.0017668790369333959,,,,,,,,,,,,,5,"[21, 22, 23, 24, 25]",candidate_ref,,,,,,,,,,,,,,,,,,,,,0.007108280799548084,0.0017160582217229277,,,,,14.0,0.0,14.0,0.0,14.0,0.0,,,,,,,,,,,,,,,,,,,,,,,,,,,,,0.1,0.0,15.0,0.0,12.454169845581054,1.218083306125996,8.447356796264648,0.9150764364605012,0.0532721488255407,0.10330223850632797,0.317026922080841,0.21234052464433054,0.7831167512879214,0.012191975649122612,0.8240042260671864,0.015146930060531196,0.4685089833524435,0.024703125248269113,0.666227505540994,0.04841312284618983,0.9897945133021084,0.006234063013280492,0.9882685787208786,0.006479414694387163,0.836514128485468,0.053171304707057866,,,,,,,,,,,,,,,,,,,200.0,0.0,0.1,0.0,0.05327214882554069,0.10330223850632796,0.0532721488255407,0.10330223850632797,0.0532721488255407,0.10330223850632797,0.2,0.447213595499958,0.31702692208084104,0.2123405246443305,0.317026922080841,0.21234052464433054,0.0,0.0,15.0,0.0,1.0,0.0
diagnosis_fd001_reliability,candidate_ref,cmapss:FD001,diagnosis,query random3:5-8-14 | circuit,,,,,,,,,,,,,,,,,,,,,,,,,,,,,,,,,,,,,,,,,,,5,"[21, 22, 23, 24, 25]",candidate_ref,,,,,,,,,,,,,,,,,,,0.0,0.0,0.35370093499986976,0.056051867483495,0.1458102818000043,0.004996810758173516,592.8,117.97118292193225,12.0,0.0,12.0,0.0,12.0,0.0,45.0,11.180339887498949,1076445.0,267444.91044886236,0.0,0.0,1.0,0.0,0.0,0.0,354509220.0,70549716.66688854,0.0,0.0,8892.0,1769.5677438289838,0.0,0.0,15.078521347045898,7.503030934001208,15.284163475036621,7.4169592703092455,8.05137767791748,4.829766743592343,2.1577697873115538,2.3504593146927,27.239931106567383,14.769664918531863,,,,,,,,,,,,,,,,,,,,,,,,,,,,,,,,,,,,,,,,,,,,,,,,,,,,,,,,,,,,,,,,,,
diagnosis_fd001_reliability,candidate_ref,cmapss:FD001,diagnosis,joint | random3:5-8-14 | circuit,,,,,,,,,,,,,,,,,,,,,,,,,,,,,,,,,,,,,,,,,,,5,"[21, 22, 23, 24, 25]",candidate_ref,,,,,,,,,,,,,,,,,,,,,,,,,,,,,,,,,,,,,,,,,,,,,,,,,,,,,,,,,,,,,0.1,0.0,15.0,0.0,40.82284393310547,22.612950477860338,2720.7038330078126,2207.1938507963,0.016116114198122245,0.022115687336573913,0.511962180562116,0.0746380289094245,0.8109570654344156,0.025582496702552523,0.8610395873625242,0.022239058513695315,0.49287492143238715,0.023508034204974732,0.7040938230267877,0.029397151758148898,0.9985843614453763,0.001953902664777662,0.9879533346213133,0.010519695585509274,0.8983904039818402,0.03930085717420498,0.7537585328567529,0.030420301717397697,277.8,54.60036629913759,18.6,4.9295030175464944,0.0,0.0,0.0,0.0,277.8,54.60036629913759,123.0,10.295630140987,0.7123329392805393,0.039292423679296064,0.4975140267130625,0.07300402192648413,200.0,0.0,0.1,0.0,0.01611611419812225,0.022115687336573913,0.016116114198122245,0.022115687336573913,0.016116114198122245,0.022115687336573913,0.0,0.0,0.511962180562116,0.07463802890942453,0.511962180562116,0.0746380289094245,0.0,0.0,15.0,0.0,,
diagnosis_fd001_reliability,candidate_ref,cmapss:FD001,diagnosis,independent | random3:5-8-14 | circuit,,,,,,,,,,,,,,,,,,,,,,,,,,,,,,,,,,,,,,,,,,,5,"[21, 22, 23, 24, 25]",candidate_ref,,,,,,,,,,,,,,,,,,,,,,,,,,,,,,,,,,,,,,,,,,,,,,,,,,,,,,,,,,,,,0.1,0.0,15.0,0.0,69.34305953979492,30.498480391580056,2689.0179809570313,2189.185695915009,0.014939643609886952,0.0207597598749599,0.4251714163091411,0.07663503118387799,0.7599216065616134,0.03482151439649636,0.8170505727422279,0.03511204319149951,0.49566112438726184,0.02142011339615079,0.5079453135986188,0.03737976665494697,0.9818353782926715,0.021215031759805245,0.9593714707185976,0.027086136143595597,0.8745800364338446,0.0540784149861202,0.6901904041880205,0.05427355872623394,277.8,54.60036629913759,18.6,4.9295030175464944,0.0,0.0,0.0,0.0,277.8,54.60036629913759,148.8,16.754103974847474,0.6253678988081962,0.06541999968214597,0.41474000799929145,0.07345144825845003,200.0,0.0,0.1,0.0,0.014939643609886954,0.020759759874959902,0.014939643609886952,0.0207597598749599,0.014939643609886952,0.0207597598749599,0.0,0.0,0.4251714163091411,0.07663503118387797,0.4251714163091411,0.07663503118387799,0.0,0.0,15.0,0.0,,
diagnosis_fd001_reliability,candidate_ref,cmapss:FD001,diagnosis,marginal_max | random3:5-8-14 | circuit,,,,,,,,,,,,,,,,,,,,,,,,,,,,,,,,,,,,,,,,,,,5,"[21, 22, 23, 24, 25]",candidate_ref,,,,,,,,,,,,,,,,,,,,,,,,,,,,,,,,,,,,,,,,,,,,,,,,,,,,,,,,,,,,,0.1,0.0,15.0,0.0,30.77498664855957,2.415431005977053,2192.9733032226563,2222.632896809478,0.04751755828900696,0.06266518443519938,0.5541129524555612,0.0627625788286067,0.7784168108257585,0.02652497888442754,0.8416408215904243,0.024593651674733,0.4918386312045926,0.01243127990947899,0.5104909033829732,0.038204158286107064,0.9960376206090549,0.005338496070798565,0.9832595407898006,0.009026339900497175,0.9271623856624867,0.03179005471618717,0.6901904041880205,0.05427355872623394,277.8,54.60036629913759,18.6,4.9295030175464944,0.0,0.0,0.0,0.0,277.8,54.60036629913759,113.2,18.390214789392758,0.6253678988081962,0.06541999968214597,0.5340414702398046,0.05877678047776348,200.0,0.0,0.1,0.0,0.04751755828900696,0.06266518443519939,0.04751755828900696,0.06266518443519938,0.04751755828900696,0.06266518443519938,0.2,0.44721359549995804,0.5541129524555612,0.06276257882860671,0.5541129524555612,0.0627625788286067,0.0,0.0,15.0,0.0,,
diagnosis_fd001_reliability,candidate_ref,cmapss:FD001,diagnosis,conditional_max | random3:5-8-14 | circuit,,,,,,,,,,,,,,,,,,,,,,,,,,,,,,,,,,,,,,,,,,,5,"[21, 22, 23, 24, 25]",candidate_ref,,,,,,,,,,,,,,,,,,,,,,,,,,,,,,,,,,,,,,,,,,,,,,,,,,,,,,,,,,,,,0.1,0.0,15.0,0.0,28.48017349243164,1.5042227096777954,2202.0791015625,2223.230625313758,0.03203776906327309,0.022252261032046736,0.6295835828927149,0.04338506340767135,0.8209561197586295,0.015481842859073476,0.8752941361890857,0.013943389126970102,0.5020630475773562,0.012654025901830407,0.7047455828773662,0.05117747375187838,0.9999673095782935,7.309800514873076e-05,0.9933482943991905,0.008980957793739863,0.923390729160003,0.035970871008160314,0.7537585328567529,0.030420301717397697,277.8,54.60036629913759,18.6,4.9295030175464944,0.0,0.0,0.0,0.0,277.8,54.60036629913759,90.2,13.217412757419662,0.7123329392805393,0.039292423679296064,0.6138707240299957,0.047692853190479625,200.0,0.0,0.1,0.0,0.03203776906327309,0.022252261032046736,0.03203776906327309,0.022252261032046736,0.03203776906327309,0.022252261032046736,0.0,0.0,0.629583582892715,0.04338506340767132,0.6295835828927149,0.04338506340767135,0.0,0.0,15.0,0.0,,
diagnosis_fd001_reliability,candidate_ref,cmapss:FD001,diagnosis,relational_max | random3:5-8-14 | circuit,,,,,,,,,,,,,,,,,,,,,,,,,,,,,,,,,,,,,,,,,,,5,"[21, 22, 23, 24, 25]",candidate_ref,,,,,,,,,,,,,,,,,,,,,,,,,,,,,,,,,,,,,,,,,,,,,,,,,,,,,,,,,,,,,0.1,0.0,15.0,0.0,5.001076984405517,2.3275716881738258,136.25516662597656,39.440029839195844,0.059689605913330925,0.04412177771534478,0.4666140711698089,0.045442033620136324,0.7457488521252168,0.019200406199301884,0.8078785534649029,0.013998565988182922,0.48990206965948974,0.028702834269258376,0.7937045602517279,0.024489191292736634,0.9481201752514625,0.034227769515248085,0.9518651621798876,0.03153274006602592,0.5985010775991589,0.041645542578342916,0.5783159299886822,0.024887337201097866,277.8,54.60036629913759,18.6,4.9295030175464944,0.0,0.0,5.8,6.457553716385176,272.0,50.72967573324316,135.4,22.38972978845435,0.5427409745232048,0.03779303231504908,0.38710629522187723,0.015586694189264548,200.0,0.0,0.1,0.0,0.059689605913330925,0.04412177771534479,0.059689605913330925,0.04412177771534478,0.059689605913330925,0.04412177771534478,0.2,0.44721359549995804,0.46661407116980913,0.04544203362013636,0.4666140711698089,0.045442033620136324,0.0,0.0,15.0,0.0,,
diagnosis_fd001_reliability,candidate_ref,cmapss:FD001,diagnosis,query random3:5-8-14 | gaussian_fitted,,,,,,,,,,,,,,,,,,,,,,,,,,,,,,,,,,,,,,,,,,,5,"[21, 22, 23, 24, 25]",candidate_ref,,,,,,,,,,,,,,,,,,,0.0,0.0,0.2473600916002397,0.045927257690382146,0.005123341600119602,8.480973581918748e-05,592.8,117.97118292193225,12.0,0.0,12.0,0.0,12.0,0.0,45.0,11.180339887498949,5616.0,1395.3064179598687,0.0,0.0,1.0,0.0,0.0,0.0,1849536.0,368070.09071642865,0.0,0.0,8892.0,1769.5677438289838,22944960.0,0.0,10.3611251391172,1.4888563675602313,10.448270309431345,1.4270490040948938,4.935234274555919,0.3531233890635993,2.1414403258338233,1.111053272528561,18.334787843023395,1.752352460028328,,,,,,,,,,,,,,,,,,,,,,,,,,,,,,,,,,,,,,,,,,,,,,,,,,,,,,,,,,,,,,,,,,
diagnosis_fd001_reliability,candidate_ref,cmapss:FD001,diagnosis,joint | random3:5-8-14 | gaussian_fitted,,,,,,,,,,,,,,,,,,,,,,,,,,,,,,,,,,,,,,,,,,,5,"[21, 22, 23, 24, 25]",candidate_ref,,,,,,,,,,,,,,,,,,,,,,,,,,,,,,,,,,,,,,,,,,,,,,,,,,,,,,,,,,,,,0.1,0.0,15.0,0.0,207.30794501339787,21.89109375376602,829.5575163723064,76.47362565902745,0.03258336938372573,0.04768955192243164,0.475469929440458,0.10868334340399431,0.8062981091802419,0.009320836551631684,0.8550736582677694,0.006755591545613124,0.4834083162085185,0.02146249886944591,0.7230104822719812,0.03654832813181829,0.9934798453529963,0.004569740316273892,0.9873326610775746,0.010823864335930305,0.8748678766240928,0.016679862701364144,0.7500865271201217,0.008285567755434077,277.8,54.60036629913759,18.6,4.9295030175464944,0.0,0.0,0.0,0.0,277.8,54.60036629913759,133.8,25.577333715616255,0.7117671317825034,0.011483706853367956,0.4452202504724255,0.08078823177479419,200.0,0.0,0.1,0.0,0.03258336938372573,0.04768955192243164,0.03258336938372573,0.04768955192243164,0.03258336938372573,0.04768955192243164,0.2,0.447213595499958,0.475469929440458,0.10868334340399424,0.475469929440458,0.10868334340399431,0.0,0.0,15.0,0.0,,
diagnosis_fd001_reliability,candidate_ref,cmapss:FD001,diagnosis,independent | random3:5-8-14 | gaussian_fitted,,,,,,,,,,,,,,,,,,,,,,,,,,,,,,,,,,,,,,,,,,,5,"[21, 22, 23, 24, 25]",candidate_ref,,,,,,,,,,,,,,,,,,,,,,,,,,,,,,,,,,,,,,,,,,,,,,,,,,,,,,,,,,,,,0.1,0.0,15.0,0.0,219.28186329964947,28.016209933092995,442.28108084053076,77.60906462988815,0.04273819218241043,0.08018852915800011,0.3194704228586699,0.1668186033685592,0.7426533842122256,0.013948759459668654,0.79448768476012,0.010239928387819477,0.4821250169917931,0.01941080646986875,0.5223346483938333,0.03147321448206303,0.9514810884548401,0.016812857947291458,0.9140726550399216,0.02344982006443112,0.8654506682165832,0.01608630631427941,0.6767689140049096,0.028427726701201375,277.8,54.60036629913759,18.6,4.9295030175464944,0.0,0.0,0.0,0.0,277.8,54.60036629913759,179.6,47.04572244104665,0.6037757244369967,0.029809529799200835,0.2841394505037174,0.12320572547421071,200.0,0.0,0.1,0.0,0.04273819218241043,0.08018852915800011,0.04273819218241043,0.08018852915800011,0.04273819218241043,0.08018852915800011,0.2,0.447213595499958,0.3194704228586699,0.16681860336855925,0.3194704228586699,0.1668186033685592,0.0,0.0,15.0,0.0,,
diagnosis_fd001_reliability,candidate_ref,cmapss:FD001,diagnosis,marginal_max | random3:5-8-14 | gaussian_fitted,,,,,,,,,,,,,,,,,,,,,,,,,,,,,,,,,,,,,,,,,,,5,"[21, 22, 23, 24, 25]",candidate_ref,,,,,,,,,,,,,,,,,,,,,,,,,,,,,,,,,,,,,,,,,,,,,,,,,,,,,,,,,,,,,0.1,0.0,15.0,0.0,81.0862198231364,27.073787496753294,250.76236594168418,11.125153524837236,0.049635775992878384,0.09207111736670716,0.23572667838192524,0.22268440335811732,0.7319787788917362,0.014931789452892367,0.7606801159170117,0.017536989544687263,0.4622150957369655,0.017315440796673527,0.5364414552062581,0.03465294156023127,0.9201252914053579,0.022624842830006563,0.8792951333756026,0.03890475059107104,0.8783443803549333,0.020676700244299254,0.6767689140049096,0.028427726701201375,277.8,54.60036629913759,18.6,4.9295030175464944,0.0,0.0,0.0,0.0,277.8,54.60036629913759,205.4,70.35126153808473,0.6037757244369967,0.029809529799200835,0.2080452997831837,0.17485992281622592,200.0,0.0,0.1,0.0,0.04963577599287837,0.09207111736670714,0.049635775992878384,0.09207111736670716,0.049635775992878384,0.09207111736670716,0.2,0.447213595499958,0.23572667838192524,0.22268440335811723,0.23572667838192524,0.22268440335811732,0.0,0.0,15.0,0.0,,
diagnosis_fd001_reliability,candidate_ref,cmapss:FD001,diagnosis,conditional_max | random3:5-8-14 | gaussian_fitted,,,,,,,,,,,,,,,,,,,,,,,,,,,,,,,,,,,,,,,,,,,5,"[21, 22, 23, 24, 25]",candidate_ref,,,,,,,,,,,,,,,,,,,,,,,,,,,,,,,,,,,,,,,,,,,,,,,,,,,,,,,,,,,,,0.1,0.0,15.0,0.0,83.88763544770771,26.889754682963012,412.08177368746163,48.46841448464647,0.049635775992878384,0.09207111736670716,0.38713505910236645,0.17937081754344147,0.7941989400297691,0.008869745631907103,0.8393836016161789,0.010843803678230988,0.4575200664275506,0.012476666455646922,0.6924047537444633,0.054787580359572985,0.9853137162273106,0.010071622050017586,0.9799721558134967,0.016159122200918186,0.8824306995736979,0.025570694430955485,0.7500865271201217,0.008285567755434077,277.8,54.60036629913759,18.6,4.9295030175464944,0.0,0.0,0.0,0.0,277.8,54.60036629913759,160.6,53.598507441905504,0.7117671317825034,0.011483706853367956,0.3644536805036248,0.14264936079365814,200.0,0.0,0.1,0.0,0.04963577599287837,0.09207111736670714,0.049635775992878384,0.09207111736670716,0.049635775992878384,0.09207111736670716,0.2,0.447213595499958,0.38713505910236645,0.1793708175434415,0.38713505910236645,0.17937081754344147,0.0,0.0,15.0,0.0,,
diagnosis_fd001_reliability,candidate_ref,cmapss:FD001,diagnosis,relational_max | random3:5-8-14 | gaussian_fitted,,,,,,,,,,,,,,,,,,,,,,,,,,,,,,,,,,,,,,,,,,,5,"[21, 22, 23, 24, 25]",candidate_ref,,,,,,,,,,,,,,,,,,,,,,,,,,,,,,,,,,,,,,,,,,,,,,,,,,,,,,,,,,,,,0.1,0.0,15.0,0.0,4.042728714188617,0.7344520161346175,384.03325561195044,49.69086155801646,0.09029067727942161,0.06612211966493105,0.6384304130902471,0.05139021303902173,0.8161391973745991,0.006730741617440778,0.8677019725857544,0.004215250943909109,0.4956478187756067,0.044089168981386796,0.8345084077341258,0.028994751891103992,0.999616351438541,0.0005806017086435574,0.9969602332686133,0.0025771771057126196,0.7930880860293086,0.025939163629365044,0.703922812710049,0.0049764298501566665,277.8,54.60036629913759,18.6,4.9295030175464944,0.0,0.0,0.0,0.0,277.8,54.60036629913759,88.0,11.379806676741042,0.6765902694260163,0.013341636706136382,0.5636707766207998,0.026493261369367693,200.0,0.0,0.1,0.0,0.09029067727942161,0.06612211966493103,0.09029067727942161,0.06612211966493105,0.09029067727942161,0.06612211966493105,0.2,0.44721359549995804,0.6384304130902471,0.051390213039021644,0.6384304130902471,0.05139021303902173,0.0,0.0,15.0,0.0,,
diagnosis_fd001_reliability,candidate_ref,cmapss:FD001,diagnosis,detector | random3:5-8-14 | mahalanobis_refit,,,,,,,,,,,,,,,,,,,,,,,,,,,,,0.12246937360032462,0.05689382094698732,,,,,,,,,,,,,5,"[21, 22, 23, 24, 25]",candidate_ref,,,,,,,,,,,,,,,,,,,,,0.07655094439996901,0.02373157780889632,,,,,12.0,0.0,12.0,0.0,12.0,0.0,,,,,,,,,,,,,,,,,,,,,,,,,,,,,0.1,0.0,15.0,0.0,380.73370971679685,42.504058609351645,1761.8724334716796,169.47151084782487,0.0325794873961481,0.045917782722005876,0.47968622465419575,0.10856674277059723,0.806359062899771,0.00959299211953391,0.8553684041946873,0.006686827904124201,0.4840931846977551,0.022296730585844596,0.7234669247439088,0.03559800125308106,0.9933694266874575,0.004666683538423133,0.9872994955079182,0.010815538491313077,0.8741312390384233,0.016541011836034573,,,,,,,,,,,,,,,,,,,200.0,0.0,0.1,0.0,0.0325794873961481,0.04591778272200588,0.0325794873961481,0.045917782722005876,0.0325794873961481,0.045917782722005876,0.2,0.447213595499958,0.47968622465419564,0.10856674277059715,0.47968622465419575,0.10856674277059723,0.0,0.0,15.0,0.0,3.0,0.0
diagnosis_fd001_reliability,candidate_ref,cmapss:FD001,diagnosis,detector | random3:5-8-14 | mahalanobis_impute,,,,,,,,,,,,,,,,,,,,,,,,,,,,,0.10854138499998953,0.07729242718897304,,,,,,,,,,,,,5,"[21, 22, 23, 24, 25]",candidate_ref,,,,,,,,,,,,,,,,,,,,,0.04284219019991724,0.004701254299214621,,,,,12.0,0.0,12.0,0.0,12.0,0.0,,,,,,,,,,,,,,,,,,,,,,,,,,,,,0.1,0.0,15.0,0.0,604.4197021484375,43.42752863826018,1879.6513305664062,101.11917639858439,0.006514657980456026,0.014567218094461171,0.35669126033320825,0.05935194372394125,0.7604944193076998,0.01949779257237189,0.8156366378742759,0.016025012948869804,0.48920547970082834,0.022345535927979648,0.6250230413069137,0.030956919756906086,0.9756867508686764,0.016504966970577697,0.9550277964472732,0.024436876900554117,0.7908676700882474,0.04298244701995874,,,,,,,,,,,,,,,,,,,200.0,0.0,0.1,0.0,0.006514657980456027,0.014567218094461173,0.006514657980456026,0.014567218094461171,0.006514657980456026,0.014567218094461171,0.0,0.0,0.3566912603332083,0.05935194372394128,0.35669126033320825,0.05935194372394125,0.0,0.0,15.0,0.0,1.0,0.0
diagnosis_fd001_reliability,candidate_ref,cmapss:FD001,diagnosis,detector | random3:5-8-14 | gmm_refit,,,,,,,,,,,,,,,,,,,,,,,,,,,,,11.156469093799751,3.648633740498299,,,,,,,,,,,,,5,"[21, 22, 23, 24, 25]",candidate_ref,,,,,,,,,,,,,,,,,,,,,6.365171793400077,3.84767135350007,,,,,12.0,0.0,12.0,0.0,12.0,0.0,,,,,,,,,,,,,,,,,,,,,,,,,,,,,0.1,0.0,15.0,0.0,323.6609222412109,118.68229690567348,6837.051261138916,11017.892813685188,0.030670181819000823,0.023571569862197005,0.4031418286765048,0.10181676354683043,0.7635093185389765,0.011900770561022997,0.8038195747806668,0.019481637130054442,0.4869911191608466,0.0211561968591856,0.6650328819365109,0.040761562790567356,0.9469910401664541,0.02682742200060205,0.9471598035651709,0.023128874994317723,0.8032108396580316,0.03119951142422966,,,,,,,,,,,,,,,,,,,200.0,0.0,0.1,0.0,0.03067018181900083,0.02357156986219701,0.030670181819000823,0.023571569862197005,0.030670181819000823,0.023571569862197005,0.0,0.0,0.4031418286765048,0.10181676354683043,0.4031418286765048,0.10181676354683043,0.0,0.0,15.0,0.0,3.0,0.0
diagnosis_fd001_reliability,candidate_ref,cmapss:FD001,diagnosis,detector | random3:5-8-14 | gmm_impute,,,,,,,,,,,,,,,,,,,,,,,,,,,,,2.2784336150001763,0.5121820679143705,,,,,,,,,,,,,5,"[21, 22, 23, 24, 25]",candidate_ref,,,,,,,,,,,,,,,,,,,,,0.026483979399927193,0.0022288274279692456,,,,,12.0,0.0,12.0,0.0,12.0,0.0,,,,,,,,,,,,,,,,,,,,,,,,,,,,,0.1,0.0,15.0,0.0,523.6479309082031,123.98524946219125,1659.898747253418,166.9994606465235,0.03460244590064005,0.06652767966706873,0.3695268849862768,0.11974835050830165,0.7504206374958337,0.01762636362718767,0.8045715389246728,0.015187590182762162,0.49174982751572516,0.02628087929010027,0.6058317343630166,0.03527210674074403,0.9618269642420714,0.038638889181816516,0.9506773510791522,0.020164330387154136,0.7774474586134827,0.04191642298306085,,,,,,,,,,,,,,,,,,,200.0,0.0,0.1,0.0,0.03460244590064004,0.0665276796670687,0.03460244590064005,0.06652767966706873,0.03460244590064005,0.06652767966706873,0.2,0.447213595499958,0.36952688498627684,0.1197483505083017,0.3695268849862768,0.11974835050830165,0.0,0.0,15.0,0.0,1.0,0.0
diagnosis_fd001_reliability,candidate_ref,cmapss:FD001,diagnosis,detector | random3:5-8-14 | knn_refit,,,,,,,,,,,,,,,,,,,,,,,,,,,,,0.030460736399800226,0.006870981287392981,,,,,,,,,,,,,5,"[21, 22, 23, 24, 25]",candidate_ref,,,,,,,,,,,,,,,,,,,,,0.03045348200012086,0.014689102386172723,,,,,12.0,0.0,12.0,0.0,12.0,0.0,,,,,,,,,,,,,,,,,,,,,,,,,,,,,0.1,0.0,15.0,0.0,11.570224571228028,1.230495251748617,7.740953731536865,0.39537856139487054,0.05767361462358629,0.11139965776802645,0.2990722728298362,0.21637748523488137,0.7712803960956759,0.013626344957500489,0.8085069420137009,0.016278089880268885,0.47568475928106935,0.01724729135805793,0.6530654466259577,0.05930970841386584,0.9777150150641806,0.006525583175905786,0.970997280068303,0.015980615409892426,0.8095748071954276,0.03486732846381366,,,,,,,,,,,,,,,,,,,200.0,0.0,0.1,0.0,0.05767361462358632,0.11139965776802649,0.05767361462358629,0.11139965776802645,0.05767361462358629,0.11139965776802645,0.2,0.447213595499958,0.2990722728298362,0.21637748523488126,0.2990722728298362,0.21637748523488137,0.0,0.0,15.0,0.0,3.0,0.0
diagnosis_fd001_reliability,candidate_ref,cmapss:FD001,diagnosis,detector | random3:5-8-14 | knn_impute,,,,,,,,,,,,,,,,,,,,,,,,,,,,,0.008845197800110328,0.0017668790369333959,,,,,,,,,,,,,5,"[21, 22, 23, 24, 25]",candidate_ref,,,,,,,,,,,,,,,,,,,,,0.00667046719991049,0.0008887694958256077,,,,,12.0,0.0,12.0,0.0,12.0,0.0,,,,,,,,,,,,,,,,,,,,,,,,,,,,,0.1,0.0,15.0,0.0,13.122869873046875,1.264902197067068,7.883893966674805,0.3505039541646014,0.028336726384364824,0.050083287161800105,0.22333586799495153,0.19301522846135527,0.7442242252931216,0.015683588531445435,0.7810522356248335,0.019444419093846817,0.47661157872224946,0.0229357076038807,0.6088899352362405,0.04052457967244342,0.9584828569183033,0.00844143264689607,0.9540010564926847,0.02367285660016091,0.7591958432353164,0.037459658954266305,,,,,,,,,,,,,,,,,,,200.0,0.0,0.1,0.0,0.028336726384364824,0.05008328716180011,0.028336726384364824,0.050083287161800105,0.028336726384364824,0.050083287161800105,0.2,0.447213595499958,0.22333586799495145,0.1930152284613552,0.22333586799495153,0.19301522846135527,0.0,0.0,15.0,0.0,1.0,0.0
diagnosis_fd001_reliability,candidate_ref,cmapss:FD001,diagnosis,query random7:3-4-8-10-11-12-14 | circuit,,,,,,,,,,,,,,,,,,,,,,,,,,,,,,,,,,,,,,,,,,,5,"[21, 22, 23, 24, 25]",candidate_ref,,,,,,,,,,,,,,,,,,,0.0,0.0,0.2745083199995861,0.039097045772455125,0.13171219140003815,0.003977027802209914,592.8,117.97118292193225,8.0,0.0,8.0,0.0,8.0,0.0,30.6,7.602631123499286,731982.6,181862.5391052264,0.0,0.0,1.0,0.0,0.0,0.0,241066269.6,47973807.3334842,0.0,0.0,8892.0,1769.5677438289838,0.0,0.0,8.90000352859497,4.372531192562254,9.12310619354248,4.32465650774638,5.291587543487549,2.949914998829673,0.15803223103284836,0.7534938553301389,16.461731338500975,8.500280654675194,,,,,,,,,,,,,,,,,,,,,,,,,,,,,,,,,,,,,,,,,,,,,,,,,,,,,,,,,,,,,,,,,,
diagnosis_fd001_reliability,candidate_ref,cmapss:FD001,diagnosis,joint | random7:3-4-8-10-11-12-14 | circuit,,,,,,,,,,,,,,,,,,,,,,,,,,,,,,,,,,,,,,,,,,,5,"[21, 22, 23, 24, 25]",candidate_ref,,,,,,,,,,,,,,,,,,,,,,,,,,,,,,,,,,,,,,,,,,,,,,,,,,,,,,,,,,,,,0.1,0.0,15.0,0.0,121.83226623535157,11.645558621129524,454.1310119628906,38.31625816909864,0.034123013094895294,0.0353191558861164,0.4820865983666879,0.05718999879402732,0.766914531634502,0.03129152695081897,0.8257019645096726,0.025212728235299804,0.516437341504119,0.034493810716162386,0.6402667668379604,0.03345874779308625,0.9625991095404874,0.024930040914400445,0.9540032859436947,0.015058117371682046,0.7895051797909682,0.057861941262385724,0.8118675379195736,0.015620913698289322,227.8,50.30109342747929,68.6,10.761040841851683,0.0,0.0,0.0,0.0,227.8,50.30109342747929,86.4,17.444196742756603,0.759870356667422,0.016024410278322646,0.4596321597411239,0.045888801865872866,200.0,0.0,0.1,0.0,0.03412301309489531,0.035319155886116414,0.034123013094895294,0.0353191558861164,0.034123013094895294,0.0353191558861164,0.0,0.0,0.482086598366688,0.05718999879402736,0.4820865983666879,0.05718999879402732,0.0,0.0,15.0,0.0,,
diagnosis_fd001_reliability,candidate_ref,cmapss:FD001,diagnosis,independent | random7:3-4-8-10-11-12-14 | circuit,,,,,,,,,,,,,,,,,,,,,,,,,,,,,,,,,,,,,,,,,,,5,"[21, 22, 23, 24, 25]",candidate_ref,,,,,,,,,,,,,,,,,,,,,,,,,,,,,,,,,,,,,,,,,,,,,,,,,,,,,,,,,,,,,0.1,0.0,15.0,0.0,138.69642181396483,20.51529943259794,446.3385498046875,34.066695029914584,0.03460717962566033,0.04557365485779953,0.3885024338882447,0.07921815645997098,0.7280625565791887,0.03272259005259571,0.7892049903166025,0.03134387803558215,0.5170623622853249,0.03180880094606232,0.5085475452951473,0.02612809707311692,0.9385962786832049,0.033447590327985686,0.9192145162286305,0.037229769052044094,0.7794369802202828,0.06794276074714575,0.751963932997172,0.030670573811753775,227.8,50.30109342747929,68.6,10.761040841851683,0.0,0.0,0.0,0.0,227.8,50.30109342747929,113.8,27.27086357268504,0.6716312255647237,0.037336056428448804,0.369142730850222,0.05810949503263748,200.0,0.0,0.1,0.0,0.03460717962566033,0.04557365485779954,0.03460717962566033,0.04557365485779953,0.03460717962566033,0.04557365485779953,0.2,0.44721359549995804,0.38850243388824474,0.07921815645997106,0.3885024338882447,0.07921815645997098,0.0,0.0,15.0,0.0,,
diagnosis_fd001_reliability,candidate_ref,cmapss:FD001,diagnosis,marginal_max | random7:3-4-8-10-11-12-14 | circuit,,,,,,,,,,,,,,,,,,,,,,,,,,,,,,,,,,,,,,,,,,,5,"[21, 22, 23, 24, 25]",candidate_ref,,,,,,,,,,,,,,,,,,,,,,,,,,,,,,,,,,,,,,,,,,,,,,,,,,,,,,,,,,,,,0.1,0.0,15.0,0.0,29.302182388305663,3.025932080026342,280.0451385498047,43.46711695971786,0.05631026543616854,0.05751935089431251,0.4950413677771029,0.06297027870377933,0.740863968455286,0.02412598387008645,0.8100064672792531,0.021682742888655872,0.49827856411518273,0.01945484566211294,0.5136890357640254,0.036396517771436473,0.9587161090970839,0.02499543913237342,0.9392934094778219,0.021606084412030276,0.8160096843881396,0.058136022497044325,0.751963932997172,0.030670573811753775,227.8,50.30109342747929,68.6,10.761040841851683,0.0,0.0,0.0,0.0,227.8,50.30109342747929,83.0,16.718253497300488,0.6716312255647237,0.037336056428448804,0.46524095383321457,0.0503955717119687,200.0,0.0,0.1,0.0,0.05631026543616854,0.057519350894312524,0.05631026543616854,0.05751935089431251,0.05631026543616854,0.05751935089431251,0.2,0.44721359549995804,0.4950413677771029,0.06297027870377936,0.4950413677771029,0.06297027870377933,0.0,0.0,15.0,0.0,,
diagnosis_fd001_reliability,candidate_ref,cmapss:FD001,diagnosis,conditional_max | random7:3-4-8-10-11-12-14 | circuit,,,,,,,,,,,,,,,,,,,,,,,,,,,,,,,,,,,,,,,,,,,5,"[21, 22, 23, 24, 25]",candidate_ref,,,,,,,,,,,,,,,,,,,,,,,,,,,,,,,,,,,,,,,,,,,,,,,,,,,,,,,,,,,,,0.1,0.0,15.0,0.0,27.56348419189453,2.301959986723411,279.74607849121094,43.639477902055795,0.06531817224832731,0.05549445887114969,0.5615330318835445,0.0541741297443151,0.7742032112011289,0.02136437091168201,0.838819879508398,0.016358250581905463,0.5072340108855203,0.023953094499405875,0.6358600239683818,0.05915885340901192,0.9754819919794968,0.017392871737874124,0.9560985091366279,0.019206535470599143,0.8180301938603254,0.05437676164620624,0.8118675379195736,0.015620913698289322,227.8,50.30109342747929,68.6,10.761040841851683,0.0,0.0,0.0,0.0,227.8,50.30109342747929,64.0,12.30853362509117,0.759870356667422,0.016024410278322646,0.531618340270478,0.04232768535320356,200.0,0.0,0.1,0.0,0.06531817224832731,0.05549445887114969,0.06531817224832731,0.05549445887114969,0.06531817224832731,0.05549445887114969,0.4,0.5477225575051662,0.5615330318835445,0.05417412974431512,0.5615330318835445,0.0541741297443151,0.0,0.0,15.0,0.0,,
diagnosis_fd001_reliability,candidate_ref,cmapss:FD001,diagnosis,relational_max | random7:3-4-8-10-11-12-14 | circuit,,,,,,,,,,,,,,,,,,,,,,,,,,,,,,,,,,,,,,,,,,,5,"[21, 22, 23, 24, 25]",candidate_ref,,,,,,,,,,,,,,,,,,,,,,,,,,,,,,,,,,,,,,,,,,,,,,,,,,,,,,,,,,,,,0.1,0.0,15.0,0.0,4.708947944641113,0.7945254896257912,94.8516456604004,22.423860229068122,0.01981238448502188,0.015204536520179501,0.29741803273299267,0.04415039990689586,0.6781369767378642,0.0206015764165931,0.7440370668702381,0.017382543560307988,0.4878861861661267,0.037712839649208275,0.7185619873321106,0.03527968603371259,0.8162387884756175,0.058967071616451136,0.8230162796161432,0.024699573449242975,0.5792976634560304,0.02412791282669135,0.5943917357195205,0.021127572258856177,227.8,50.30109342747929,68.6,10.761040841851683,0.0,0.0,0.0,0.0,227.8,50.30109342747929,139.6,26.29258450590204,0.5042655166704753,0.029822670915070314,0.26352748482445765,0.0283053405235594,200.0,0.0,0.1,0.0,0.01981238448502188,0.015204536520179503,0.01981238448502188,0.015204536520179501,0.01981238448502188,0.015204536520179501,0.0,0.0,0.29741803273299267,0.044150399906895836,0.29741803273299267,0.04415039990689586,0.0,0.0,15.0,0.0,,
diagnosis_fd001_reliability,candidate_ref,cmapss:FD001,diagnosis,query random7:3-4-8-10-11-12-14 | gaussian_fitted,,,,,,,,,,,,,,,,,,,,,,,,,,,,,,,,,,,,,,,,,,,5,"[21, 22, 23, 24, 25]",candidate_ref,,,,,,,,,,,,,,,,,,,0.0,0.0,0.08745071879966418,0.018984043451609044,0.0075932670000838694,0.003898050995565564,592.8,117.97118292193225,8.0,0.0,8.0,0.0,8.0,0.0,30.6,7.602631123499286,2592.0,643.9875775199395,0.0,0.0,1.0,0.0,0.0,0.0,853632.0,169878.50340758244,0.0,0.0,8892.0,1769.5677438289838,24414400.0,0.0,7.710074110201281,1.1471193305163172,7.757848508103298,1.1031386618510284,3.4561181096883766,0.25359860614604407,2.2850662556904013,1.6484675713171968,13.180698025916604,0.8663657977843207,,,,,,,,,,,,,,,,,,,,,,,,,,,,,,,,,,,,,,,,,,,,,,,,,,,,,,,,,,,,,,,,,,
diagnosis_fd001_reliability,candidate_ref,cmapss:FD001,diagnosis,joint | random7:3-4-8-10-11-12-14 | gaussian_fitted,,,,,,,,,,,,,,,,,,,,,,,,,,,,,,,,,,,,,,,,,,,5,"[21, 22, 23, 24, 25]",candidate_ref,,,,,,,,,,,,,,,,,,,,,,,,,,,,,,,,,,,,,,,,,,,,,,,,,,,,,,,,,,,,,0.1,0.0,15.0,0.0,104.28898778970597,4.808335612382434,557.2384718821179,84.27137005090455,0.02384213723991974,0.01820275837157323,0.5154902293665473,0.05166883435981099,0.7819740860028479,0.023114648001821163,0.8422421392995811,0.015985747274994095,0.5237969779780943,0.02745902824982321,0.6809148816202908,0.02230449222172492,0.9680741067784068,0.0211399708564749,0.9559191413163036,0.01714381632132997,0.8101095172886608,0.046148059513429485,0.8098061027660683,0.013182535643732937,227.8,50.30109342747929,68.6,10.761040841851683,0.0,0.0,0.0,0.0,227.8,50.30109342747929,76.4,16.195678435928517,0.7612836729148644,0.011344952986603709,0.4918707745495164,0.0425544721720852,200.0,0.0,0.1,0.0,0.02384213723991974,0.01820275837157323,0.02384213723991974,0.01820275837157323,0.02384213723991974,0.01820275837157323,0.0,0.0,0.5154902293665474,0.05166883435981107,0.5154902293665473,0.05166883435981099,0.0,0.0,15.0,0.0,,
diagnosis_fd001_reliability,candidate_ref,cmapss:FD001,diagnosis,independent | random7:3-4-8-10-11-12-14 | gaussian_fitted,,,,,,,,,,,,,,,,,,,,,,,,,,,,,,,,,,,,,,,,,,,5,"[21, 22, 23, 24, 25]",candidate_ref,,,,,,,,,,,,,,,,,,,,,,,,,,,,,,,,,,,,,,,,,,,,,,,,,,,,,,,,,,,,,0.1,0.0,15.0,0.0,110.4506106578771,5.874621252060029,306.69179299089456,25.746461644163308,0.02815703002892884,0.03626599414750692,0.415741330264613,0.05217753520762936,0.7315494320811647,0.026986316492005613,0.796260903829815,0.021870855942706855,0.5202601157520998,0.028291228416767643,0.506078409849359,0.02294682288363017,0.9427420254912416,0.031176872927991515,0.9080620047260911,0.017748360138895847,0.8038111531957661,0.0503577086682576,0.7487185349425938,0.021824121444563784,227.8,50.30109342747929,68.6,10.761040841851683,0.0,0.0,0.0,0.0,227.8,50.30109342747929,106.0,24.166091947189145,0.6696218741508861,0.02580104231831374,0.3982401853972523,0.04570080261665329,200.0,0.0,0.1,0.0,0.02815703002892885,0.03626599414750693,0.02815703002892884,0.03626599414750692,0.02815703002892884,0.03626599414750692,0.0,0.0,0.415741330264613,0.0521775352076294,0.415741330264613,0.05217753520762936,0.0,0.0,15.0,0.0,,
diagnosis_fd001_reliability,candidate_ref,cmapss:FD001,diagnosis,marginal_max | random7:3-4-8-10-11-12-14 | gaussian_fitted,,,,,,,,,,,,,,,,,,,,,,,,,,,,,,,,,,,,,,,,,,,5,"[21, 22, 23, 24, 25]",candidate_ref,,,,,,,,,,,,,,,,,,,,,,,,,,,,,,,,,,,,,,,,,,,,,,,,,,,,,,,,,,,,,0.1,0.0,15.0,0.0,28.38692502723087,2.0588505565793414,207.04828720763166,12.512447529030881,0.05480505063338261,0.024403480256329258,0.4832027423175411,0.05416405670381948,0.7358672923899707,0.022692352847382,0.8055436608882097,0.019433138845098705,0.5044450196153215,0.03133525102316755,0.5149747641828902,0.041945916551863575,0.9591273820699847,0.023620669656682153,0.9074278175074673,0.03131169799159423,0.8158509062991758,0.05417880577686315,0.7487185349425938,0.021824121444563784,227.8,50.30109342747929,68.6,10.761040841851683,0.0,0.0,0.0,0.0,227.8,50.30109342747929,86.6,14.363147287415805,0.6696218741508861,0.02580104231831374,0.45575920915085855,0.05149199332519824,200.0,0.0,0.1,0.0,0.05480505063338261,0.024403480256329255,0.05480505063338261,0.024403480256329258,0.05480505063338261,0.024403480256329258,0.0,0.0,0.4832027423175411,0.05416405670381941,0.4832027423175411,0.05416405670381948,0.0,0.0,15.0,0.0,,
diagnosis_fd001_reliability,candidate_ref,cmapss:FD001,diagnosis,conditional_max | random7:3-4-8-10-11-12-14 | gaussian_fitted,,,,,,,,,,,,,,,,,,,,,,,,,,,,,,,,,,,,,,,,,,,5,"[21, 22, 23, 24, 25]",candidate_ref,,,,,,,,,,,,,,,,,,,,,,,,,,,,,,,,,,,,,,,,,,,,,,,,,,,,,,,,,,,,,0.1,0.0,15.0,0.0,28.12851609893706,1.7705683004204353,371.7195767661525,78.755476702834,0.055646201314365276,0.037128993563087215,0.5717246921397053,0.03130712503846632,0.7791345744926446,0.020953737318713386,0.8431084238382199,0.01442101547062481,0.5078247742925821,0.028120630934236304,0.6650286712965008,0.03797242058103924,0.9739095218572732,0.013569536223393141,0.9563646506938228,0.017386940883016046,0.8209109843471157,0.05648650117600072,0.8098061027660683,0.013182535643732937,227.8,50.30109342747929,68.6,10.761040841851683,0.0,0.0,0.0,0.0,227.8,50.30109342747929,60.4,11.588787684654509,0.7612836729148644,0.011344952986603709,0.539687664925323,0.029171611720434375,200.0,0.0,0.1,0.0,0.05564620131436528,0.03712899356308722,0.055646201314365276,0.037128993563087215,0.055646201314365276,0.037128993563087215,0.2,0.447213595499958,0.5717246921397052,0.031307125038466325,0.5717246921397053,0.03130712503846632,0.0,0.0,15.0,0.0,,
diagnosis_fd001_reliability,candidate_ref,cmapss:FD001,diagnosis,relational_max | random7:3-4-8-10-11-12-14 | gaussian_fitted,,,,,,,,,,,,,,,,,,,,,,,,,,,,,,,,,,,,,,,,,,,5,"[21, 22, 23, 24, 25]",candidate_ref,,,,,,,,,,,,,,,,,,,,,,,,,,,,,,,,,,,,,,,,,,,,,,,,,,,,,,,,,,,,,0.1,0.0,15.0,0.0,2.7514742463112123,0.28966302661571464,335.20725104716087,80.86016793337356,0.07688483955573111,0.030895994762222427,0.5517670822776843,0.03446030778238952,0.7719202994372363,0.017609665243218834,0.8334920148248305,0.011453598212766144,0.4925984822937803,0.048088680118078785,0.7569195818497033,0.016621662807476616,0.9774329672110665,0.010170632677556558,0.9598524326310305,0.012631793902530867,0.7193020885537399,0.03894441142556323,0.7499924865893579,0.005501658963633875,227.8,50.30109342747929,68.6,10.761040841851683,0.0,0.0,0.0,0.0,227.8,50.30109342747929,70.0,16.416455159382004,0.7190858087752405,0.009211799783736516,0.48390224550690136,0.010958551692264715,200.0,0.0,0.1,0.0,0.0768848395557311,0.030895994762222417,0.07688483955573111,0.030895994762222427,0.07688483955573111,0.030895994762222427,0.2,0.44721359549995804,0.5517670822776843,0.034460307782389565,0.5517670822776843,0.03446030778238952,0.0,0.0,15.0,0.0,,
diagnosis_fd001_reliability,candidate_ref,cmapss:FD001,diagnosis,detector | random7:3-4-8-10-11-12-14 | mahalanobis_refit,,,,,,,,,,,,,,,,,,,,,,,,,,,,,0.21228909060027945,0.0815111007553852,,,,,,,,,,,,,5,"[21, 22, 23, 24, 25]",candidate_ref,,,,,,,,,,,,,,,,,,,,,0.11122207640000852,0.03850965230635576,,,,,8.0,0.0,8.0,0.0,8.0,0.0,,,,,,,,,,,,,,,,,,,,,,,,,,,,,0.1,0.0,15.0,0.0,212.79361877441406,9.030676806850712,1159.0793533325195,174.62357148321072,0.0225882552523421,0.016914768388611754,0.5146250329985536,0.04860499923160697,0.7813666962017012,0.02313320226094397,0.8416349763616827,0.016051424868522127,0.5233667672102801,0.02767074931205067,0.6795511084642293,0.021883024646029398,0.96792889679137,0.021194574767506434,0.9557917388818806,0.017193430810347608,0.809333908105045,0.04520816741781447,,,,,,,,,,,,,,,,,,,200.0,0.0,0.1,0.0,0.022588255252342097,0.016914768388611754,0.0225882552523421,0.016914768388611754,0.0225882552523421,0.016914768388611754,0.0,0.0,0.5146250329985534,0.04860499923160696,0.5146250329985536,0.04860499923160697,0.0,0.0,15.0,0.0,4.0,0.0
diagnosis_fd001_reliability,candidate_ref,cmapss:FD001,diagnosis,detector | random7:3-4-8-10-11-12-14 | mahalanobis_impute,,,,,,,,,,,,,,,,,,,,,,,,,,,,,0.10854138499998953,0.07729242718897304,,,,,,,,,,,,,5,"[21, 22, 23, 24, 25]",candidate_ref,,,,,,,,,,,,,,,,,,,,,0.04826587239986111,0.008779856242323353,,,,,8.0,0.0,8.0,0.0,8.0,0.0,,,,,,,,,,,,,,,,,,,,,,,,,,,,,0.1,0.0,15.0,0.0,541.5623413085938,54.87872530953916,1705.1426849365234,146.89916873018151,0.011901465798045604,0.024831674588317306,0.31800175636460404,0.055912057381729614,0.7186623070328304,0.02241345128625695,0.7795112895327124,0.016781350349510473,0.5135098934098494,0.04540457700618309,0.5660900309946486,0.030597716173544766,0.9328095440741698,0.03302453009948587,0.9145538540298859,0.015326139958326728,0.7029063025202262,0.06675619499711304,,,,,,,,,,,,,,,,,,,200.0,0.0,0.1,0.0,0.011901465798045605,0.02483167458831731,0.011901465798045604,0.024831674588317306,0.011901465798045604,0.024831674588317306,0.0,0.0,0.31800175636460404,0.05591205738172967,0.31800175636460404,0.055912057381729614,0.0,0.0,15.0,0.0,1.0,0.0
diagnosis_fd001_reliability,candidate_ref,cmapss:FD001,diagnosis,detector | random7:3-4-8-10-11-12-14 | gmm_refit,,,,,,,,,,,,,,,,,,,,,,,,,,,,,11.831883608799581,3.658941760458932,,,,,,,,,,,,,5,"[21, 22, 23, 24, 25]",candidate_ref,,,,,,,,,,,,,,,,,,,,,0.714083262999884,0.1001223521825035,,,,,8.0,0.0,8.0,0.0,8.0,0.0,,,,,,,,,,,,,,,,,,,,,,,,,,,,,0.1,0.0,15.0,0.0,131.3160598754883,9.945036829630615,742.0907211303711,122.65312730001041,0.04598292055190829,0.04331477125406167,0.5227492037837742,0.07472986332040125,0.771438727910267,0.025833461466088246,0.833246557460054,0.017019571799624808,0.520843697426683,0.019772292410288227,0.6564162265585745,0.014392380712364641,0.9628524281560112,0.02064409776941923,0.9521459171646939,0.012119804763366646,0.7959394710416217,0.05378215051496787,,,,,,,,,,,,,,,,,,,200.0,0.0,0.1,0.0,0.04598292055190829,0.043314771254061676,0.04598292055190829,0.04331477125406167,0.04598292055190829,0.04331477125406167,0.0,0.0,0.522749203783774,0.07472986332040127,0.5227492037837742,0.07472986332040125,0.0,0.0,15.0,0.0,4.0,0.0
diagnosis_fd001_reliability,candidate_ref,cmapss:FD001,diagnosis,detector | random7:3-4-8-10-11-12-14 | gmm_impute,,,,,,,,,,,,,,,,,,,,,,,,,,,,,2.2784336150001763,0.5121820679143705,,,,,,,,,,,,,5,"[21, 22, 23, 24, 25]",candidate_ref,,,,,,,,,,,,,,,,,,,,,0.03694069659995876,0.006528288570600467,,,,,8.0,0.0,8.0,0.0,8.0,0.0,,,,,,,,,,,,,,,,,,,,,,,,,,,,,0.1,0.0,15.0,0.0,534.6357788085937,47.59596498543672,1594.00888671875,89.50566691434065,0.02570293058449835,0.03706410521420958,0.30132327315288,0.06593343770760976,0.7032241622862516,0.019561626769702377,0.7615479680513356,0.012244814674153748,0.5141480785554443,0.04636044690747921,0.5463418343337375,0.029050775158570987,0.9140133099163188,0.032452903487248844,0.907077534793201,0.01408869587471499,0.6746185297499606,0.05616906032757252,,,,,,,,,,,,,,,,,,,200.0,0.0,0.1,0.0,0.02570293058449836,0.037064105214209594,0.02570293058449835,0.03706410521420958,0.02570293058449835,0.03706410521420958,0.0,0.0,0.30132327315288,0.0659334377076098,0.30132327315288,0.06593343770760976,0.0,0.0,15.0,0.0,1.0,0.0
diagnosis_fd001_reliability,candidate_ref,cmapss:FD001,diagnosis,detector | random7:3-4-8-10-11-12-14 | knn_refit,,,,,,,,,,,,,,,,,,,,,,,,,,,,,0.03898655619977944,0.0076954728245612935,,,,,,,,,,,,,5,"[21, 22, 23, 24, 25]",candidate_ref,,,,,,,,,,,,,,,,,,,,,0.0431708364001679,0.01486398713552147,,,,,8.0,0.0,8.0,0.0,8.0,0.0,,,,,,,,,,,,,,,,,,,,,,,,,,,,,0.1,0.0,15.0,0.0,7.484463405609131,0.22026942459208643,7.51389331817627,0.7806454823017611,0.03786396630684813,0.07182100532577029,0.4964567452915933,0.08709832686056558,0.7715194841501175,0.02580912820779251,0.8335539093004641,0.01921844687354206,0.5062918585269299,0.034213648778498515,0.6532854570968214,0.034460451121590546,0.9692363813597048,0.020349055714626123,0.9557148449394003,0.012352408025179507,0.8023578816658989,0.05868696297916347,,,,,,,,,,,,,,,,,,,200.0,0.0,0.1,0.0,0.03786396630684814,0.07182100532577029,0.03786396630684813,0.07182100532577029,0.03786396630684813,0.07182100532577029,0.2,0.44721359549995804,0.4964567452915933,0.08709832686056561,0.4964567452915933,0.08709832686056558,0.0,0.0,15.0,0.0,4.0,0.0
diagnosis_fd001_reliability,candidate_ref,cmapss:FD001,diagnosis,detector | random7:3-4-8-10-11-12-14 | knn_impute,,,,,,,,,,,,,,,,,,,,,,,,,,,,,0.008845197800110328,0.0017668790369333959,,,,,,,,,,,,,5,"[21, 22, 23, 24, 25]",candidate_ref,,,,,,,,,,,,,,,,,,,,,0.006377873399651434,0.0009418510991093318,,,,,8.0,0.0,8.0,0.0,8.0,0.0,,,,,,,,,,,,,,,,,,,,,,,,,,,,,0.1,0.0,15.0,0.0,10.690532684326172,0.19583357467178097,7.133067512512207,0.6858943678590937,0.028606685218517038,0.0502737969075649,0.3086761646900792,0.0723561540307825,0.7226244203576491,0.025565269231067587,0.7823168029102756,0.02718202879453131,0.49623760988682913,0.021141116587975482,0.5653549827680927,0.031040537740091342,0.9396116925572768,0.026794928565636214,0.9297957748805252,0.02498431537244419,0.7201560043450878,0.07671934690901187,,,,,,,,,,,,,,,,,,,200.0,0.0,0.1,0.0,0.028606685218517048,0.05027379690756491,0.028606685218517038,0.0502737969075649,0.028606685218517038,0.0502737969075649,0.2,0.44721359549995804,0.30867616469007925,0.07235615403078251,0.3086761646900792,0.0723561540307825,0.0,0.0,15.0,0.0,1.0,0.0
diagnosis_fd001_reliability,candidate_ref,cmapss:FD001,diagnosis,query bank0:0-1-2-4-5-7-8 | circuit,,,,,,,,,,,,,,,,,,,,,,,,,,,,,,,,,,,,,,,,,,,5,"[21, 22, 23, 24, 25]",candidate_ref,,,,,,,,,,,,,,,,,,,0.0,0.0,0.2742006256003151,0.03734543148970666,0.13154083119989082,0.0035650897452246494,592.8,117.97118292193225,8.0,0.0,8.0,0.0,8.0,0.0,30.6,7.602631123499286,731982.6,181862.5391052264,0.0,0.0,1.0,0.0,0.0,0.0,241066269.6,47973807.3334842,0.0,0.0,8892.0,1769.5677438289838,0.0,0.0,7.670041847229004,2.8349212953557106,7.937807083129883,2.6878594166544305,4.625167608261108,1.5066548736538417,-0.1500159740447998,1.6351881189356268,14.995523834228516,4.600829422894604,,,,,,,,,,,,,,,,,,,,,,,,,,,,,,,,,,,,,,,,,,,,,,,,,,,,,,,,,,,,,,,,,,
diagnosis_fd001_reliability,candidate_ref,cmapss:FD001,diagnosis,joint | bank0:0-1-2-4-5-7-8 | circuit,,,,,,,,,,,,,,,,,,,,,,,,,,,,,,,,,,,,,,,,,,,5,"[21, 22, 23, 24, 25]",candidate_ref,,,,,,,,,,,,,,,,,,,,,,,,,,,,,,,,,,,,,,,,,,,,,,,,,,,,,,,,,,,,,0.1,0.0,15.0,0.0,-33.35236835479736,15.707888836607475,2675.026818847656,2142.043420755501,0.0395396273294392,0.026129034138003663,0.48396062024565617,0.05057740505718203,0.7618065916100396,0.019709972689246697,0.8222527428015889,0.020049509442473103,0.4857863471288567,0.024567289807003734,0.6163489596235305,0.05336377167932635,0.9595846241041205,0.01519913444143195,0.942827572239308,0.00921747127806201,0.8299652023912392,0.01532237203335531,0.7770124703400917,0.046957774653821685,227.0,49.28995840939613,69.4,12.759310326189265,0.0,0.0,0.0,0.0,227.0,49.28995840939613,84.0,12.589678312014172,0.7146813990850023,0.06686721739823527,0.45130340614829667,0.05749319457567737,200.0,0.0,0.1,0.0,0.039539627329439206,0.026129034138003656,0.0395396273294392,0.026129034138003663,0.0395396273294392,0.026129034138003663,0.0,0.0,0.48396062024565606,0.050577405057182015,0.48396062024565617,0.05057740505718203,0.0,0.0,15.0,0.0,,
diagnosis_fd001_reliability,candidate_ref,cmapss:FD001,diagnosis,independent | bank0:0-1-2-4-5-7-8 | circuit,,,,,,,,,,,,,,,,,,,,,,,,,,,,,,,,,,,,,,,,,,,5,"[21, 22, 23, 24, 25]",candidate_ref,,,,,,,,,,,,,,,,,,,,,,,,,,,,,,,,,,,,,,,,,,,,,,,,,,,,,,,,,,,,,0.1,0.0,15.0,0.0,-20.702021408081055,19.67492277790272,2653.232080078125,2139.3744317842197,0.03326775163396911,0.027910460952345457,0.4288727901952967,0.055632747440523975,0.7306083033628339,0.023565454186341865,0.7963388403039833,0.024523302112822477,0.48683204488131865,0.030927909368432305,0.5016083162899403,0.05084546808883581,0.9466224729486991,0.014999761895730388,0.9201965976031479,0.025624828227861086,0.819341615896071,0.008738398152044637,0.7535247530127561,0.049547077421423696,227.0,49.28995840939613,69.4,12.759310326189265,0.0,0.0,0.0,0.0,227.0,49.28995840939613,99.8,15.319921670818033,0.678069275743502,0.06902679734040411,0.4048500281181807,0.05589707329148184,200.0,0.0,0.1,0.0,0.03326775163396911,0.027910460952345454,0.03326775163396911,0.027910460952345457,0.03326775163396911,0.027910460952345457,0.0,0.0,0.4288727901952968,0.05563274744052398,0.4288727901952967,0.055632747440523975,0.0,0.0,15.0,0.0,,
diagnosis_fd001_reliability,candidate_ref,cmapss:FD001,diagnosis,marginal_max | bank0:0-1-2-4-5-7-8 | circuit,,,,,,,,,,,,,,,,,,,,,,,,,,,,,,,,,,,,,,,,,,,5,"[21, 22, 23, 24, 25]",candidate_ref,,,,,,,,,,,,,,,,,,,,,,,,,,,,,,,,,,,,,,,,,,,,,,,,,,,,,,,,,,,,,0.1,0.0,15.0,0.0,29.3385929107666,3.3937864124610004,2194.408410644531,2222.539796174647,0.06679213213478274,0.07015703568039638,0.4979033419960131,0.04105265987924041,0.7390563474311287,0.019413224351586145,0.8084415505769178,0.01900881204378087,0.4890570367978146,0.012401083043601576,0.5083028952081906,0.0531662424817015,0.9587190134497942,0.017267648424483566,0.9360818431366669,0.023768560760698602,0.8220188820585637,0.02286602907807157,0.7535247530127561,0.049547077421423696,227.0,49.28995840939613,69.4,12.759310326189265,0.0,0.0,0.0,0.0,227.0,49.28995840939613,82.0,14.611639196202457,0.678069275743502,0.06902679734040411,0.4602017375678152,0.03656384222560265,200.0,0.0,0.1,0.0,0.06679213213478274,0.07015703568039638,0.06679213213478274,0.07015703568039638,0.06679213213478274,0.07015703568039638,0.2,0.44721359549995804,0.49790334199601316,0.041052659879240484,0.4979033419960131,0.04105265987924041,0.0,0.0,15.0,0.0,,
diagnosis_fd001_reliability,candidate_ref,cmapss:FD001,diagnosis,conditional_max | bank0:0-1-2-4-5-7-8 | circuit,,,,,,,,,,,,,,,,,,,,,,,,,,,,,,,,,,,,,,,,,,,5,"[21, 22, 23, 24, 25]",candidate_ref,,,,,,,,,,,,,,,,,,,,,,,,,,,,,,,,,,,,,,,,,,,,,,,,,,,,,,,,,,,,,0.1,0.0,15.0,0.0,26.988774490356445,1.5330410523238434,2201.318017578125,2218.664454256048,0.05097107339596692,0.051822084388581005,0.5452285954004855,0.0232780137048322,0.7671984495804244,0.01849848410164108,0.8319233823617129,0.01801411288676191,0.4944895666456812,0.015655245555208783,0.6350183379259133,0.04490773667029246,0.9654786242542247,0.021044868661697996,0.946043149254083,0.011746648619942835,0.8198116792506788,0.012850566997654375,0.7770124703400917,0.046957774653821685,227.0,49.28995840939613,69.4,12.759310326189265,0.0,0.0,0.0,0.0,227.0,49.28995840939613,68.8,16.724233913695418,0.7146813990850023,0.06686721739823527,0.5075463370188837,0.04643803731869292,200.0,0.0,0.1,0.0,0.05097107339596692,0.051822084388581005,0.05097107339596692,0.051822084388581005,0.05097107339596692,0.051822084388581005,0.2,0.44721359549995804,0.5452285954004855,0.02327801370483215,0.5452285954004855,0.0232780137048322,0.0,0.0,15.0,0.0,,
diagnosis_fd001_reliability,candidate_ref,cmapss:FD001,diagnosis,relational_max | bank0:0-1-2-4-5-7-8 | circuit,,,,,,,,,,,,,,,,,,,,,,,,,,,,,,,,,,,,,,,,,,,5,"[21, 22, 23, 24, 25]",candidate_ref,,,,,,,,,,,,,,,,,,,,,,,,,,,,,,,,,,,,,,,,,,,,,,,,,,,,,,,,,,,,,0.1,0.0,15.0,0.0,3.8259620666503906,1.3724303697093365,119.54306335449219,52.341807999909626,0.06972551265759182,0.08662520827171981,0.38475548367420787,0.1003664086945641,0.6983518455508404,0.0275252708353509,0.7642757390877074,0.023423318295910753,0.4957774270986846,0.005985876732190728,0.6957969054983535,0.05257448902775054,0.894445430507392,0.044021793654502005,0.8832375119758893,0.025909342823972958,0.5718086059831899,0.04045477956350906,0.6069421220575147,0.036444425839196645,227.0,49.28995840939613,69.4,12.759310326189265,0.0,0.0,7.8,8.01249024960405,219.2,44.308012819353564,112.2,32.57606483294138,0.5235785840437936,0.06213466035301715,0.2767633540446667,0.048908807273446764,200.0,0.0,0.1,0.0,0.06972551265759182,0.08662520827171981,0.06972551265759182,0.08662520827171981,0.06972551265759182,0.08662520827171981,0.2,0.447213595499958,0.38475548367420787,0.1003664086945642,0.38475548367420787,0.1003664086945641,0.0,0.0,15.0,0.0,,
diagnosis_fd001_reliability,candidate_ref,cmapss:FD001,diagnosis,query bank0:0-1-2-4-5-7-8 | gaussian_fitted,,,,,,,,,,,,,,,,,,,,,,,,,,,,,,,,,,,,,,,,,,,5,"[21, 22, 23, 24, 25]",candidate_ref,,,,,,,,,,,,,,,,,,,0.0,0.0,0.09144183720000001,0.025395870852064743,0.00486971780010208,0.00024548753768236723,592.8,117.97118292193225,8.0,0.0,8.0,0.0,8.0,0.0,30.6,7.602631123499286,2592.0,643.9875775199395,0.0,0.0,1.0,0.0,0.0,0.0,853632.0,169878.50340758244,0.0,0.0,8892.0,1769.5677438289838,25883840.0,0.0,6.286878365531072,0.8311478080261688,6.43117930269438,0.7401789455537519,3.208745765507211,0.37469829829039614,1.1006866144439313,0.5899567610097056,10.800909258998463,0.7651589374179252,,,,,,,,,,,,,,,,,,,,,,,,,,,,,,,,,,,,,,,,,,,,,,,,,,,,,,,,,,,,,,,,,,
diagnosis_fd001_reliability,candidate_ref,cmapss:FD001,diagnosis,joint | bank0:0-1-2-4-5-7-8 | gaussian_fitted,,,,,,,,,,,,,,,,,,,,,,,,,,,,,,,,,,,,,,,,,,,5,"[21, 22, 23, 24, 25]",candidate_ref,,,,,,,,,,,,,,,,,,,,,,,,,,,,,,,,,,,,,,,,,,,,,,,,,,,,,,,,,,,,,0.1,0.0,15.0,0.0,144.44948177271894,22.55054644434436,706.2445354038177,109.45630180299692,0.048271599887653685,0.08225840134342688,0.4045212115567044,0.1255449388935654,0.752170133612746,0.011905847774841693,0.8069755504234226,0.009941281859851442,0.4752620593917678,0.025743562912287663,0.6506564333158041,0.044063757667178405,0.9391185438205515,0.024723589944503386,0.9318559630504802,0.016542856325893102,0.7930161023199844,0.031894254415160576,0.7809594538516629,0.023009674689426985,227.0,49.28995840939613,69.4,12.759310326189265,0.0,0.0,0.0,0.0,227.0,49.28995840939613,108.2,34.404941505545395,0.7370951908128122,0.02347120181973518,0.36907154216905136,0.08479815164357965,200.0,0.0,0.1,0.0,0.0482715998876537,0.0822584013434269,0.048271599887653685,0.08225840134342688,0.048271599887653685,0.08225840134342688,0.2,0.447213595499958,0.40452121155670434,0.12554493889356536,0.4045212115567044,0.1255449388935654,0.0,0.0,15.0,0.0,,
diagnosis_fd001_reliability,candidate_ref,cmapss:FD001,diagnosis,independent | bank0:0-1-2-4-5-7-8 | gaussian_fitted,,,,,,,,,,,,,,,,,,,,,,,,,,,,,,,,,,,,,,,,,,,5,"[21, 22, 23, 24, 25]",candidate_ref,,,,,,,,,,,,,,,,,,,,,,,,,,,,,,,,,,,,,,,,,,,,,,,,,,,,,,,,,,,,,0.1,0.0,15.0,0.0,149.52071898596026,24.695154942694945,438.4530506610473,79.53165225492548,0.050187246581113676,0.08992963639541876,0.2971244918958093,0.1442604582711497,0.7011017559725058,0.016000704601472623,0.7512594585348025,0.012395635119733253,0.47414823476935214,0.023810503408657747,0.5169344152213113,0.03920766777293792,0.8883325989305746,0.02243448533184179,0.857597832905707,0.027689424902946694,0.7905474620067628,0.03363993366100977,0.7346897959110288,0.028745106548231567,227.0,49.28995840939613,69.4,12.759310326189265,0.0,0.0,0.0,0.0,227.0,49.28995840939613,140.2,42.352095579793925,0.6428355272329698,0.0250883395167743,0.2572881765454233,0.0890230870061524,200.0,0.0,0.1,0.0,0.05018724658111369,0.08992963639541879,0.050187246581113676,0.08992963639541876,0.050187246581113676,0.08992963639541876,0.2,0.447213595499958,0.2971244918958093,0.1442604582711497,0.2971244918958093,0.1442604582711497,0.0,0.0,15.0,0.0,,
diagnosis_fd001_reliability,candidate_ref,cmapss:FD001,diagnosis,marginal_max | bank0:0-1-2-4-5-7-8 | gaussian_fitted,,,,,,,,,,,,,,,,,,,,,,,,,,,,,,,,,,,,,,,,,,,5,"[21, 22, 23, 24, 25]",candidate_ref,,,,,,,,,,,,,,,,,,,,,,,,,,,,,,,,,,,,,,,,,,,,,,,,,,,,,,,,,,,,,0.1,0.0,15.0,0.0,81.0862198231364,27.073787496753294,253.11636114637014,10.266598081204359,0.049635775992878384,0.09207111736670716,0.22010167838192524,0.18803966835020383,0.6970952038109292,0.016506760431575344,0.734478610965533,0.014187718165642378,0.45829711243505544,0.020840507967770275,0.5264533964768061,0.04163375087693098,0.8801848137454996,0.018118517434201644,0.8349163827473285,0.028911014399603238,0.8027340786536868,0.03746752889211913,0.7346897959110288,0.028745106548231567,227.0,49.28995840939613,69.4,12.759310326189265,0.0,0.0,0.0,0.0,227.0,49.28995840939613,162.8,58.33266666285709,0.6428355272329698,0.0250883395167743,0.18867029978318367,0.13192113862283192,200.0,0.0,0.1,0.0,0.04963577599287837,0.09207111736670714,0.049635775992878384,0.09207111736670716,0.049635775992878384,0.09207111736670716,0.2,0.447213595499958,0.22010167838192524,0.18803966835020375,0.22010167838192524,0.18803966835020383,0.0,0.0,15.0,0.0,,
diagnosis_fd001_reliability,candidate_ref,cmapss:FD001,diagnosis,conditional_max | bank0:0-1-2-4-5-7-8 | gaussian_fitted,,,,,,,,,,,,,,,,,,,,,,,,,,,,,,,,,,,,,,,,,,,5,"[21, 22, 23, 24, 25]",candidate_ref,,,,,,,,,,,,,,,,,,,,,,,,,,,,,,,,,,,,,,,,,,,,,,,,,,,,,,,,,,,,,0.1,0.0,15.0,0.0,84.62986267162036,28.692689104924415,407.69003119659914,49.081627749838546,0.049609310194832786,0.09361863141062675,0.3450816916225997,0.16816157485383373,0.7467818454912727,0.01383906940139509,0.7980187571113658,0.011196905419456652,0.4660370222040388,0.025629673770528317,0.6338787365537523,0.05015792123197986,0.9333439862002291,0.02780569367015905,0.9266450190862179,0.014616978326512577,0.8013092738498193,0.034469424102594175,0.7809594538516629,0.023009674689426985,227.0,49.28995840939613,69.4,12.759310326189265,0.0,0.0,0.0,0.0,227.0,49.28995840939613,125.8,47.96040033194051,0.7370951908128122,0.02347120181973518,0.3186503130238581,0.12321331410636184,200.0,0.0,0.1,0.0,0.04960931019483279,0.09361863141062675,0.049609310194832786,0.09361863141062675,0.049609310194832786,0.09361863141062675,0.2,0.447213595499958,0.3450816916225997,0.16816157485383373,0.3450816916225997,0.16816157485383373,0.0,0.0,15.0,0.0,,
diagnosis_fd001_reliability,candidate_ref,cmapss:FD001,diagnosis,relational_max | bank0:0-1-2-4-5-7-8 | gaussian_fitted,,,,,,,,,,,,,,,,,,,,,,,,,,,,,,,,,,,,,,,,,,,5,"[21, 22, 23, 24, 25]",candidate_ref,,,,,,,,,,,,,,,,,,,,,,,,,,,,,,,,,,,,,,,,,,,,,,,,,,,,,,,,,,,,,0.1,0.0,15.0,0.0,4.158153697548615,1.4742334884723438,386.8409500117198,46.460704732256985,0.04026856079494537,0.0342339399309509,0.5079673368830571,0.06854631327719672,0.7610149573151055,0.020240739028378675,0.8245903992137776,0.016815538002346087,0.4838844422286058,0.047682999208436855,0.7320347200202042,0.0515233887747717,0.9502890264138848,0.025701757599620154,0.9467121965653517,0.017205451222498946,0.7289500561987419,0.03641717292559036,0.7488495718312153,0.020314397982269725,227.0,49.28995840939613,69.4,12.759310326189265,0.0,0.0,0.0,0.0,227.0,49.28995840939613,77.0,15.763882770434446,0.7239464092863995,0.027863681139216372,0.46534575153847674,0.047074716414088766,200.0,0.0,0.1,0.0,0.040268560794945375,0.034233939930950905,0.04026856079494537,0.0342339399309509,0.04026856079494537,0.0342339399309509,0.0,0.0,0.5079673368830571,0.06854631327719668,0.5079673368830571,0.06854631327719672,0.0,0.0,15.0,0.0,,
diagnosis_fd001_reliability,candidate_ref,cmapss:FD001,diagnosis,detector | bank0:0-1-2-4-5-7-8 | mahalanobis_refit,,,,,,,,,,,,,,,,,,,,,,,,,,,,,0.2716189718003079,0.06988366650311889,,,,,,,,,,,,,5,"[21, 22, 23, 24, 25]",candidate_ref,,,,,,,,,,,,,,,,,,,,,0.07815033340011723,0.05026805848846056,,,,,8.0,0.0,8.0,0.0,8.0,0.0,,,,,,,,,,,,,,,,,,,,,,,,,,,,,0.1,0.0,15.0,0.0,281.7529327392578,44.02495952124736,1501.8215698242188,237.947454645545,0.048271599887653685,0.08225840134342688,0.40569768214493973,0.12520902421424976,0.7523415289950919,0.011614816499619651,0.8073087292710008,0.009801276196410854,0.4762922294902757,0.02621399121087613,0.6518085813266006,0.042604654361741295,0.9387215773532087,0.025213200144613725,0.9318210455394598,0.01636696893733527,0.7921694284118697,0.030922948388714917,,,,,,,,,,,,,,,,,,,200.0,0.0,0.1,0.0,0.0482715998876537,0.0822584013434269,0.048271599887653685,0.08225840134342688,0.048271599887653685,0.08225840134342688,0.2,0.447213595499958,0.4056976821449396,0.1252090242142497,0.40569768214493973,0.12520902421424976,0.0,0.0,15.0,0.0,5.0,0.0
diagnosis_fd001_reliability,candidate_ref,cmapss:FD001,diagnosis,detector | bank0:0-1-2-4-5-7-8 | mahalanobis_impute,,,,,,,,,,,,,,,,,,,,,,,,,,,,,0.10854138499998953,0.07729242718897304,,,,,,,,,,,,,5,"[21, 22, 23, 24, 25]",candidate_ref,,,,,,,,,,,,,,,,,,,,,0.04153711540020595,0.00664929104930146,,,,,8.0,0.0,8.0,0.0,8.0,0.0,,,,,,,,,,,,,,,,,,,,,,,,,,,,,0.1,0.0,15.0,0.0,501.93577270507814,42.97662892784409,1697.8315704345703,208.34874524269972,0.006514657980456026,0.014567218094461171,0.29712375631349097,0.04670304965588277,0.7132400911169998,0.017665948114272457,0.7707524947328919,0.019964727951349587,0.4847616760370375,0.025307086724302895,0.5813659258898201,0.022651955736274366,0.9097797050215457,0.02448271417550106,0.9002335393710498,0.02375074152687064,0.7232227857653901,0.019931798040998417,,,,,,,,,,,,,,,,,,,200.0,0.0,0.1,0.0,0.006514657980456027,0.014567218094461173,0.006514657980456026,0.014567218094461171,0.006514657980456026,0.014567218094461171,0.0,0.0,0.29712375631349097,0.046703049655882796,0.29712375631349097,0.04670304965588277,0.0,0.0,15.0,0.0,1.0,0.0
diagnosis_fd001_reliability,candidate_ref,cmapss:FD001,diagnosis,detector | bank0:0-1-2-4-5-7-8 | gmm_refit,,,,,,,,,,,,,,,,,,,,,,,,,,,,,13.634663472199827,3.623595340962683,,,,,,,,,,,,,5,"[21, 22, 23, 24, 25]",candidate_ref,,,,,,,,,,,,,,,,,,,,,1.841947454000001,0.9250855781480422,,,,,8.0,0.0,8.0,0.0,8.0,0.0,,,,,,,,,,,,,,,,,,,,,,,,,,,,,0.1,0.0,15.0,0.0,362.4952453613281,321.3514152522171,3510.798723602295,2968.032672042756,0.07630499168751861,0.04873015644436261,0.3131047779512987,0.17057825989720074,0.7221357924483401,0.010883639599711434,0.7508094509221217,0.022423476069017186,0.47992285722181205,0.03072410537294876,0.6211010348951614,0.03182149318815382,0.8922570482419874,0.021243225830031572,0.8844060129056309,0.01154265958823184,0.7590481436571214,0.025493948495716325,,,,,,,,,,,,,,,,,,,200.0,0.0,0.1,0.0,0.07630499168751861,0.0487301564443626,0.07630499168751861,0.04873015644436261,0.07630499168751861,0.04873015644436261,0.2,0.447213595499958,0.31310477795129876,0.17057825989720074,0.3131047779512987,0.17057825989720074,0.0,0.0,15.0,0.0,5.0,0.0
diagnosis_fd001_reliability,candidate_ref,cmapss:FD001,diagnosis,detector | bank0:0-1-2-4-5-7-8 | gmm_impute,,,,,,,,,,,,,,,,,,,,,,,,,,,,,2.2784336150001763,0.5121820679143705,,,,,,,,,,,,,5,"[21, 22, 23, 24, 25]",candidate_ref,,,,,,,,,,,,,,,,,,,,,0.04295888819997344,0.011437283755959456,,,,,8.0,0.0,8.0,0.0,8.0,0.0,,,,,,,,,,,,,,,,,,,,,,,,,,,,,0.1,0.0,15.0,0.0,411.6885131835937,105.11448969185298,1567.1196715831757,287.97031264581966,0.05178179462547531,0.06869716243890442,0.3359574397080022,0.1042336437745592,0.7070834795798423,0.016593748720562903,0.7637649864737848,0.016344578745979974,0.48702878238814895,0.022568123965135346,0.5769299531875831,0.021186020059421003,0.8996226648467222,0.030719961267237354,0.8909153708510633,0.031598921385014925,0.7144341868443362,0.021891637344415342,,,,,,,,,,,,,,,,,,,200.0,0.0,0.1,0.0,0.05178179462547531,0.06869716243890442,0.05178179462547531,0.06869716243890442,0.05178179462547531,0.06869716243890442,0.2,0.447213595499958,0.3359574397080022,0.10423364377455922,0.3359574397080022,0.1042336437745592,0.0,0.0,15.0,0.0,1.0,0.0
diagnosis_fd001_reliability,candidate_ref,cmapss:FD001,diagnosis,detector | bank0:0-1-2-4-5-7-8 | knn_refit,,,,,,,,,,,,,,,,,,,,,,,,,,,,,0.04650111099981587,0.00878215532306264,,,,,,,,,,,,,5,"[21, 22, 23, 24, 25]",candidate_ref,,,,,,,,,,,,,,,,,,,,,0.04517361259986501,0.020774108560894882,,,,,8.0,0.0,8.0,0.0,8.0,0.0,,,,,,,,,,,,,,,,,,,,,,,,,,,,,0.1,0.0,15.0,0.0,9.688090419769287,1.3751377504547848,8.417071342468262,0.5790395122692845,0.06015943372817191,0.1118275694354247,0.22231225369247887,0.22547202306804995,0.7250422868809445,0.013771911643622107,0.7584597352074596,0.015752833604618665,0.4697285648543169,0.02558712089872457,0.6039978949819195,0.04358034064067752,0.9164066460213546,0.021966525393394803,0.9109178522296519,0.020028171866688142,0.7552968119995817,0.052175698666589804,,,,,,,,,,,,,,,,,,,200.0,0.0,0.1,0.0,0.060159433728171896,0.11182756943542464,0.06015943372817191,0.1118275694354247,0.06015943372817191,0.1118275694354247,0.2,0.447213595499958,0.22231225369247887,0.22547202306804998,0.22231225369247887,0.22547202306804995,0.0,0.0,15.0,0.0,5.0,0.0
diagnosis_fd001_reliability,candidate_ref,cmapss:FD001,diagnosis,detector | bank0:0-1-2-4-5-7-8 | knn_impute,,,,,,,,,,,,,,,,,,,,,,,,,,,,,0.008845197800110328,0.0017668790369333959,,,,,,,,,,,,,5,"[21, 22, 23, 24, 25]",candidate_ref,,,,,,,,,,,,,,,,,,,,,0.00893220019988803,0.005532176191758601,,,,,8.0,0.0,8.0,0.0,8.0,0.0,,,,,,,,,,,,,,,,,,,,,,,,,,,,,0.1,0.0,15.0,0.0,12.655075645446777,1.4165011056910024,8.146652889251708,0.5757838422196566,0.02841612377850163,0.046193926270789464,0.14769265960877212,0.1696740192279737,0.6863304591643475,0.014200529982642323,0.707629721487964,0.018236087169607756,0.48013554893383653,0.02554671724087374,0.5585295343749012,0.032762756799237513,0.8753244595195009,0.01920573894997682,0.8719679452687513,0.018667307589347974,0.6800049828701755,0.04090757460385391,,,,,,,,,,,,,,,,,,,200.0,0.0,0.1,0.0,0.028416123778501622,0.04619392627078946,0.02841612377850163,0.046193926270789464,0.02841612377850163,0.046193926270789464,0.2,0.447213595499958,0.14769265960877215,0.1696740192279737,0.14769265960877212,0.1696740192279737,0.0,0.0,15.0,0.0,1.0,0.0
diagnosis_fd001_reliability,candidate_ref,cmapss:FD001,diagnosis,query bank1:3 | circuit,,,,,,,,,,,,,,,,,,,,,,,,,,,,,,,,,,,,,,,,,,,5,"[21, 22, 23, 24, 25]",candidate_ref,,,,,,,,,,,,,,,,,,,0.0,0.0,0.39364702419989045,0.06476188142143303,0.15309471160016982,0.005183937778999673,592.8,117.97118292193225,14.0,0.0,14.0,0.0,14.0,0.0,52.2,12.96919426949878,1248676.2,310236.0961206803,0.0,0.0,1.0,0.0,0.0,0.0,411230695.2,81837671.3335907,0.0,0.0,8892.0,1769.5677438289838,0.0,0.0,21.62446994781494,11.520452091056777,21.73681812286377,11.52966778231925,11.093055915832519,7.45954171127787,3.5801449060440063,2.183532729596079,38.54757385253906,21.74077796545136,,,,,,,,,,,,,,,,,,,,,,,,,,,,,,,,,,,,,,,,,,,,,,,,,,,,,,,,,,,,,,,,,,
diagnosis_fd001_reliability,candidate_ref,cmapss:FD001,diagnosis,joint | bank1:3 | circuit,,,,,,,,,,,,,,,,,,,,,,,,,,,,,,,,,,,,,,,,,,,5,"[21, 22, 23, 24, 25]",candidate_ref,,,,,,,,,,,,,,,,,,,,,,,,,,,,,,,,,,,,,,,,,,,,,,,,,,,,,,,,,,,,,0.1,0.0,15.0,0.0,151.85500793457032,21.368077376166706,2435.7452758789063,2210.6125040018637,0.03504657492511238,0.054637817752408356,0.5622482344636928,0.0906660305908194,0.8262295893912193,0.028711070692570798,0.8733267616103598,0.022688547819541584,0.49943296019680494,0.026470266368504716,0.7381364322255252,0.038031033427042026,0.9982470711243222,0.0021062846681752048,0.999893069064486,0.00014690023983390468,0.9231367456042534,0.03285266869772532,0.7657624702527572,0.02653668638775482,290.4,59.441567947018356,6.0,1.5811388300841898,0.0,0.0,0.0,0.0,290.4,59.441567947018356,121.0,23.96872962841377,0.7287834201361718,0.032210718819842575,0.5484496437910549,0.07579499982519218,200.0,0.0,0.1,0.0,0.035046574925112386,0.054637817752408356,0.03504657492511238,0.054637817752408356,0.03504657492511238,0.054637817752408356,0.2,0.44721359549995804,0.5622482344636927,0.09066603059081954,0.5622482344636928,0.0906660305908194,0.0,0.0,15.0,0.0,,
diagnosis_fd001_reliability,candidate_ref,cmapss:FD001,diagnosis,independent | bank1:3 | circuit,,,,,,,,,,,,,,,,,,,,,,,,,,,,,,,,,,,,,,,,,,,5,"[21, 22, 23, 24, 25]",candidate_ref,,,,,,,,,,,,,,,,,,,,,,,,,,,,,,,,,,,,,,,,,,,,,,,,,,,,,,,,,,,,,0.1,0.0,15.0,0.0,188.7931121826172,42.965258847990164,2391.1101806640627,2205.885889783977,0.047196780992527304,0.0818069963179189,0.4643048967539536,0.12774902344238212,0.7684500632185527,0.035260362824293276,0.8235872028712306,0.034885216256430526,0.5001834873523595,0.024672715900547475,0.5083420513285775,0.03545185322058939,0.9833048512375674,0.016651872790460265,0.977472824990242,0.03175979441689985,0.891266726445765,0.05523493017265981,0.6818029850909623,0.04253735982230625,290.4,59.441567947018356,6.0,1.5811388300841898,0.0,0.0,0.0,0.0,290.4,59.441567947018356,149.2,34.12770135828078,0.6264852225055237,0.04803000087950941,0.4414212025596635,0.09504767887715013,200.0,0.0,0.1,0.0,0.04719678099252732,0.08180699631791893,0.047196780992527304,0.0818069963179189,0.047196780992527304,0.0818069963179189,0.2,0.44721359549995804,0.4643048967539536,0.12774902344238206,0.4643048967539536,0.12774902344238212,0.0,0.0,15.0,0.0,,
diagnosis_fd001_reliability,candidate_ref,cmapss:FD001,diagnosis,marginal_max | bank1:3 | circuit,,,,,,,,,,,,,,,,,,,,,,,,,,,,,,,,,,,,,,,,,,,5,"[21, 22, 23, 24, 25]",candidate_ref,,,,,,,,,,,,,,,,,,,,,,,,,,,,,,,,,,,,,,,,,,,,,,,,,,,,,,,,,,,,,0.1,0.0,15.0,0.0,32.6603443145752,4.803992011853638,2113.8545043945314,2277.723906416427,0.0387580552127688,0.0821539362343284,0.5779708668249138,0.07465656545335554,0.7912711159039696,0.02016395844571643,0.852781343735597,0.018820774849290206,0.49114009650891877,0.01571947884722882,0.5179898381302345,0.054932697782206885,0.9953856244068074,0.005335609356079527,0.9969350265229286,0.00452749527332161,0.9678960159009027,0.011204338419108057,0.6818029850909623,0.04253735982230625,290.4,59.441567947018356,6.0,1.5811388300841898,0.0,0.0,0.0,0.0,290.4,59.441567947018356,117.0,24.238399287081645,0.6264852225055237,0.04803000087950941,0.5613626487456955,0.057007287641138306,200.0,0.0,0.1,0.0,0.03875805521276881,0.0821539362343284,0.0387580552127688,0.0821539362343284,0.0387580552127688,0.0821539362343284,0.2,0.44721359549995804,0.5779708668249137,0.07465656545335558,0.5779708668249138,0.07465656545335554,0.0,0.0,15.0,0.0,,
diagnosis_fd001_reliability,candidate_ref,cmapss:FD001,diagnosis,conditional_max | bank1:3 | circuit,,,,,,,,,,,,,,,,,,,,,,,,,,,,,,,,,,,,,,,,,,,5,"[21, 22, 23, 24, 25]",candidate_ref,,,,,,,,,,,,,,,,,,,,,,,,,,,,,,,,,,,,,,,,,,,,,,,,,,,,,,,,,,,,,0.1,0.0,15.0,0.0,29.37262878417969,1.5079490424746895,2122.2443725585936,2282.688998307013,0.013577645065421385,0.008786581525741717,0.6600640616379898,0.051612056990713216,0.841129223354612,0.017303693463381314,0.8902462732571657,0.013994940971805436,0.49800221959972957,0.010078726587176342,0.7607918849144297,0.03009989473125406,0.9999564127710581,9.74640068649578e-05,0.9999044433827041,0.0002136710919732168,0.967783042253507,0.010493725772669228,0.7657624702527572,0.02653668638775482,290.4,59.441567947018356,6.0,1.5811388300841898,0.0,0.0,0.0,0.0,290.4,59.441567947018356,92.6,12.381437719424994,0.7287834201361718,0.032210718819842575,0.649122627550374,0.05054525375642123,200.0,0.0,0.1,0.0,0.013577645065421385,0.00878658152574172,0.013577645065421385,0.008786581525741717,0.013577645065421385,0.008786581525741717,0.0,0.0,0.6600640616379898,0.05161205699071321,0.6600640616379898,0.051612056990713216,0.0,0.0,15.0,0.0,,
diagnosis_fd001_reliability,candidate_ref,cmapss:FD001,diagnosis,relational_max | bank1:3 | circuit,,,,,,,,,,,,,,,,,,,,,,,,,,,,,,,,,,,,,,,,,,,5,"[21, 22, 23, 24, 25]",candidate_ref,,,,,,,,,,,,,,,,,,,,,,,,,,,,,,,,,,,,,,,,,,,,,,,,,,,,,,,,,,,,,0.1,0.0,15.0,0.0,4.701194763183594,1.3318865793883037,138.62743530273437,32.26600882755949,0.06997392700352131,0.05765443815610175,0.5066805775149381,0.06309830666009779,0.7633530592978863,0.02276546120931768,0.8231061973300318,0.014625552557667182,0.49771018710405707,0.0183557871021567,0.8343877157154488,0.009783280544530537,0.9665057241385984,0.023596271125201462,0.9686135733410414,0.029244016401817962,0.6079448980377168,0.06023463389874008,0.575613889315562,0.02124391977182343,290.4,59.441567947018356,6.0,1.5811388300841898,0.0,0.0,4.4,3.5777087639996634,286.0,56.652449196835256,135.0,20.663978319771825,0.5627019516655775,0.028770113991164487,0.43506855724481247,0.048098619855244794,200.0,0.0,0.1,0.0,0.06997392700352131,0.05765443815610176,0.06997392700352131,0.05765443815610175,0.06997392700352131,0.05765443815610175,0.4,0.5477225575051662,0.5066805775149381,0.06309830666009776,0.5066805775149381,0.06309830666009779,0.0,0.0,15.0,0.0,,
diagnosis_fd001_reliability,candidate_ref,cmapss:FD001,diagnosis,query bank1:3 | gaussian_fitted,,,,,,,,,,,,,,,,,,,,,,,,,,,,,,,,,,,,,,,,,,,5,"[21, 22, 23, 24, 25]",candidate_ref,,,,,,,,,,,,,,,,,,,0.0,0.0,0.40157127839993334,0.07744974998586429,0.006289282399848162,0.00012615250793490747,592.8,117.97118292193225,14.0,0.0,14.0,0.0,14.0,0.0,52.2,12.96919426949878,7560.0,1878.2971010998233,0.0,0.0,1.0,0.0,0.0,0.0,2489760.0,495478.96827211545,0.0,0.0,8892.0,1769.5677438289838,32941280.0,0.0,13.938434344237814,2.1485879415979734,13.963350949203436,2.1297395706767137,5.962588434828877,0.49238020223705864,4.223744721114079,1.5392467374158203,23.625861550857564,2.265777740033647,,,,,,,,,,,,,,,,,,,,,,,,,,,,,,,,,,,,,,,,,,,,,,,,,,,,,,,,,,,,,,,,,,
diagnosis_fd001_reliability,candidate_ref,cmapss:FD001,diagnosis,joint | bank1:3 | gaussian_fitted,,,,,,,,,,,,,,,,,,,,,,,,,,,,,,,,,,,,,,,,,,,5,"[21, 22, 23, 24, 25]",candidate_ref,,,,,,,,,,,,,,,,,,,,,,,,,,,,,,,,,,,,,,,,,,,,,,,,,,,,,,,,,,,,,0.1,0.0,15.0,0.0,184.3370404812094,9.156766056233993,951.1576055910107,94.15710158139738,0.02752886238052791,0.030851085761853827,0.6277243103289204,0.06343118164228495,0.8448450916015868,0.022154953715277207,0.8909646805310383,0.01606247856095535,0.5113095350548964,0.02330885290156986,0.7901769406088881,0.022080282644607433,0.9995931350676008,0.0008738150591176827,0.9999431818181819,0.0001270493169033809,0.9486443866395444,0.02586395981123281,0.7695432119133672,0.028364989045034466,290.4,59.441567947018356,6.0,1.5811388300841898,0.0,0.0,0.0,0.0,290.4,59.441567947018356,102.2,18.539147768977948,0.7464967196945531,0.03271711894532901,0.6125610704171174,0.05769439781337537,200.0,0.0,0.1,0.0,0.02752886238052791,0.030851085761853834,0.02752886238052791,0.030851085761853827,0.02752886238052791,0.030851085761853827,0.0,0.0,0.6277243103289203,0.06343118164228496,0.6277243103289204,0.06343118164228495,0.0,0.0,15.0,0.0,,
diagnosis_fd001_reliability,candidate_ref,cmapss:FD001,diagnosis,independent | bank1:3 | gaussian_fitted,,,,,,,,,,,,,,,,,,,,,,,,,,,,,,,,,,,,,,,,,,,5,"[21, 22, 23, 24, 25]",candidate_ref,,,,,,,,,,,,,,,,,,,,,,,,,,,,,,,,,,,,,,,,,,,,,,,,,,,,,,,,,,,,,0.1,0.0,15.0,0.0,191.10178902061543,11.312495686445132,451.29909611466667,64.81576009859036,0.06946788342068498,0.08370846091258204,0.5361683803890297,0.0818830493872604,0.7787019265657292,0.020890335644098965,0.8387050511427248,0.018239553843674268,0.5029724569006324,0.01851142581648576,0.5012328255980218,0.041877500792643046,0.990334547611603,0.006050770341904874,0.9706265636382246,0.012706465935365322,0.9446044877872755,0.0247470710042973,0.6796342691354148,0.03567945819893578,290.4,59.441567947018356,6.0,1.5811388300841898,0.0,0.0,0.0,0.0,290.4,59.441567947018356,130.2,33.176799122278204,0.6224524620260893,0.0378782787441005,0.5062855543555356,0.05826966433691955,200.0,0.0,0.1,0.0,0.06946788342068501,0.08370846091258205,0.06946788342068498,0.08370846091258204,0.06946788342068498,0.08370846091258204,0.2,0.44721359549995804,0.5361683803890297,0.08188304938726039,0.5361683803890297,0.0818830493872604,0.0,0.0,15.0,0.0,,
diagnosis_fd001_reliability,candidate_ref,cmapss:FD001,diagnosis,marginal_max | bank1:3 | gaussian_fitted,,,,,,,,,,,,,,,,,,,,,,,,,,,,,,,,,,,,,,,,,,,5,"[21, 22, 23, 24, 25]",candidate_ref,,,,,,,,,,,,,,,,,,,,,,,,,,,,,,,,,,,,,,,,,,,,,,,,,,,,,,,,,,,,,0.1,0.0,15.0,0.0,29.897850743212377,2.2439074291734586,250.60994511313538,10.968637939292257,0.054444275437969925,0.04324821292304048,0.5741385780665444,0.03795499214387709,0.7869933701257512,0.01984553735999055,0.8487380579641076,0.017067921227481766,0.4793754757143387,0.01859719042830407,0.5254733609854647,0.051810171518531026,0.9966342766099583,0.003385525555360851,0.9634890342233037,0.016907974177977018,0.980161555759199,0.013369845725171092,0.6796342691354148,0.03567945819893578,290.4,59.441567947018356,6.0,1.5811388300841898,0.0,0.0,0.0,0.0,290.4,59.441567947018356,118.8,20.06738647656939,0.6224524620260893,0.0378782787441005,0.5536999471502085,0.040915366407798984,200.0,0.0,0.1,0.0,0.05444427543796991,0.04324821292304047,0.054444275437969925,0.04324821292304048,0.054444275437969925,0.04324821292304048,0.0,0.0,0.5741385780665443,0.03795499214387704,0.5741385780665444,0.03795499214387709,0.0,0.0,15.0,0.0,,
diagnosis_fd001_reliability,candidate_ref,cmapss:FD001,diagnosis,conditional_max | bank1:3 | gaussian_fitted,,,,,,,,,,,,,,,,,,,,,,,,,,,,,,,,,,,,,,,,,,,5,"[21, 22, 23, 24, 25]",candidate_ref,,,,,,,,,,,,,,,,,,,,,,,,,,,,,,,,,,,,,,,,,,,,,,,,,,,,,,,,,,,,,0.1,0.0,15.0,0.0,30.909372904342746,4.042291372819578,495.3260887757527,64.8810000291685,0.07301387056286808,0.0864411572211645,0.6997394353208833,0.0361244848783257,0.8428922333802387,0.019381423607098724,0.8937272582330928,0.013636477011489732,0.4803920688507045,0.006749412255467955,0.777038779772635,0.0295826788551405,1.0,0.0,1.0,0.0,0.9796798627212923,0.012429092365223132,0.7695432119133672,0.028364989045034466,290.4,59.441567947018356,6.0,1.5811388300841898,0.0,0.0,0.0,0.0,290.4,59.441567947018356,81.8,14.394443372357268,0.7464967196945531,0.03271711894532901,0.6758711062816759,0.033899551454715876,200.0,0.0,0.1,0.0,0.07301387056286808,0.0864411572211645,0.07301387056286808,0.0864411572211645,0.07301387056286808,0.0864411572211645,0.2,0.44721359549995804,0.6997394353208835,0.03612448487832574,0.6997394353208833,0.0361244848783257,0.0,0.0,15.0,0.0,,
diagnosis_fd001_reliability,candidate_ref,cmapss:FD001,diagnosis,relational_max | bank1:3 | gaussian_fitted,,,,,,,,,,,,,,,,,,,,,,,,,,,,,,,,,,,,,,,,,,,5,"[21, 22, 23, 24, 25]",candidate_ref,,,,,,,,,,,,,,,,,,,,,,,,,,,,,,,,,,,,,,,,,,,,,,,,,,,,,,,,,,,,,0.1,0.0,15.0,0.0,4.868896175276167,0.7718533586949211,494.518825488879,76.55012048982215,0.04674886221394344,0.04194808259719495,0.6465151889510851,0.05170520146789232,0.8339113355469248,0.008111938567421753,0.8834081255701045,0.007297835763966051,0.49586827832829206,0.02592820692710148,0.8727754895214727,0.02454584529056321,1.0,0.0,0.9998566650740563,0.00032050663795985006,0.8370399353426979,0.020810428719114805,0.7183245284274753,0.021995286556559693,290.4,59.441567947018356,6.0,1.5811388300841898,0.0,0.0,0.2,0.447213595499958,290.2,59.35233778041098,96.8,16.991174179555692,0.7007064939479023,0.03388281932221564,0.6106421935829593,0.03203405687534552,200.0,0.0,0.1,0.0,0.046748862213943455,0.04194808259719496,0.04674886221394344,0.04194808259719495,0.04674886221394344,0.04194808259719495,0.2,0.44721359549995804,0.6465151889510851,0.05170520146789231,0.6465151889510851,0.05170520146789232,0.0,0.0,15.0,0.0,,
diagnosis_fd001_reliability,candidate_ref,cmapss:FD001,diagnosis,detector | bank1:3 | mahalanobis_refit,,,,,,,,,,,,,,,,,,,,,,,,,,,,,0.36053127920004047,0.08215340035882175,,,,,,,,,,,,,5,"[21, 22, 23, 24, 25]",candidate_ref,,,,,,,,,,,,,,,,,,,,,0.12443332700004248,0.09169395378366785,,,,,14.0,0.0,14.0,0.0,14.0,0.0,,,,,,,,,,,,,,,,,,,,,,,,,,,,,0.1,0.0,15.0,0.0,366.3262451171875,16.95343575291127,2024.6249267578125,203.36847245004637,0.029807367835424443,0.032191880676150475,0.6226880945609251,0.06168121744213242,0.8444684937723606,0.022214743440806196,0.89056117848863,0.016111313141224964,0.5112996666945943,0.024847500534280996,0.7897269054710858,0.022883147277741277,0.9995160802730801,0.0010460397990367943,0.9999337121212122,0.0001482242030539775,0.9473666115506891,0.025458585092273823,,,,,,,,,,,,,,,,,,,200.0,0.0,0.1,0.0,0.029807367835424443,0.032191880676150475,0.029807367835424443,0.032191880676150475,0.029807367835424443,0.032191880676150475,0.0,0.0,0.6226880945609251,0.06168121744213242,0.6226880945609251,0.06168121744213242,0.0,0.0,15.0,0.0,6.0,0.0
diagnosis_fd001_reliability,candidate_ref,cmapss:FD001,diagnosis,detector | bank1:3 | mahalanobis_impute,,,,,,,,,,,,,,,,,,,,,,,,,,,,,0.10854138499998953,0.07729242718897304,,,,,,,,,,,,,5,"[21, 22, 23, 24, 25]",candidate_ref,,,,,,,,,,,,,,,,,,,,,0.04313520480009174,0.005817154352221808,,,,,14.0,0.0,14.0,0.0,14.0,0.0,,,,,,,,,,,,,,,,,,,,,,,,,,,,,0.1,0.0,15.0,0.0,368.77129516601565,17.64486415539273,2036.3574615478515,206.1439136140178,0.03043236783542444,0.032483424338032155,0.6245856783713932,0.06330122373563682,0.8444028322385175,0.022338795636379197,0.8904697019267115,0.01623621576611226,0.5121251394341231,0.02364863657443943,0.7889974993077046,0.022424898877108766,0.9994989569854089,0.0010843152004577,0.9999242424242425,0.0001693990892045244,0.9470750403800524,0.02528617283731181,,,,,,,,,,,,,,,,,,,200.0,0.0,0.1,0.0,0.03043236783542444,0.032483424338032155,0.03043236783542444,0.032483424338032155,0.03043236783542444,0.032483424338032155,0.0,0.0,0.6245856783713931,0.06330122373563685,0.6245856783713932,0.06330122373563682,0.0,0.0,15.0,0.0,1.0,0.0
diagnosis_fd001_reliability,candidate_ref,cmapss:FD001,diagnosis,detector | bank1:3 | gmm_refit,,,,,,,,,,,,,,,,,,,,,,,,,,,,,15.672472216199822,3.9014629576490014,,,,,,,,,,,,,5,"[21, 22, 23, 24, 25]",candidate_ref,,,,,,,,,,,,,,,,,,,,,2.0705905129998428,0.35830448246029034,,,,,14.0,0.0,14.0,0.0,14.0,0.0,,,,,,,,,,,,,,,,,,,,,,,,,,,,,0.1,0.0,15.0,0.0,307.3339416503906,33.30001131727255,1763.8706817626953,180.61905038724072,0.08229412468673995,0.07535479575331058,0.626888078310076,0.08715412739237811,0.827514235920899,0.026063948565779656,0.8746235876718252,0.01979970453062367,0.5157724672500561,0.023759152869110796,0.7433559326607735,0.04406971134601767,0.9979898454962315,0.004380423288434617,0.9994590608994894,0.0008526870093949628,0.9058794975111374,0.04079839352886334,,,,,,,,,,,,,,,,,,,200.0,0.0,0.1,0.0,0.08229412468673997,0.0753547957533106,0.08229412468673995,0.07535479575331058,0.08229412468673995,0.07535479575331058,0.4,0.5477225575051662,0.6268880783100759,0.08715412739237823,0.626888078310076,0.08715412739237811,0.0,0.0,15.0,0.0,6.0,0.0
diagnosis_fd001_reliability,candidate_ref,cmapss:FD001,diagnosis,detector | bank1:3 | gmm_impute,,,,,,,,,,,,,,,,,,,,,,,,,,,,,2.2784336150001763,0.5121820679143705,,,,,,,,,,,,,5,"[21, 22, 23, 24, 25]",candidate_ref,,,,,,,,,,,,,,,,,,,,,0.033649902600336644,0.015454345632051362,,,,,14.0,0.0,14.0,0.0,14.0,0.0,,,,,,,,,,,,,,,,,,,,,,,,,,,,,0.1,0.0,15.0,0.0,353.5727478027344,35.31155769043362,1904.5225524902344,238.55690058589738,0.05284648609563618,0.060887969276051015,0.5972250295418412,0.054978879270869425,0.8227513870928684,0.018932592631346595,0.8714304657003638,0.014625586078354848,0.5101444680166679,0.01892178995902721,0.7376045883547768,0.029485906368508355,0.9974417004586196,0.004272760425117081,0.9987595997661654,0.001691893930964023,0.8976362775532305,0.02962778695544659,,,,,,,,,,,,,,,,,,,200.0,0.0,0.1,0.0,0.05284648609563618,0.06088796927605103,0.05284648609563618,0.060887969276051015,0.05284648609563618,0.060887969276051015,0.2,0.44721359549995804,0.5972250295418412,0.05497887927086946,0.5972250295418412,0.054978879270869425,0.0,0.0,15.0,0.0,1.0,0.0
diagnosis_fd001_reliability,candidate_ref,cmapss:FD001,diagnosis,detector | bank1:3 | knn_refit,,,,,,,,,,,,,,,,,,,,,,,,,,,,,0.05802889699953084,0.010092232640622456,,,,,,,,,,,,,5,"[21, 22, 23, 24, 25]",candidate_ref,,,,,,,,,,,,,,,,,,,,,0.0371766171998388,0.017405858472122112,,,,,14.0,0.0,14.0,0.0,14.0,0.0,,,,,,,,,,,,,,,,,,,,,,,,,,,,,0.1,0.0,15.0,0.0,10.402570724487305,0.23062190342123842,7.45499095916748,0.5429331544103847,0.03917607770342239,0.04460663334754774,0.589037962458337,0.0870651152690552,0.8297245820080417,0.018565265634087186,0.8770597267052811,0.013330950659113366,0.4983292049423265,0.018824242125199293,0.7374520878908868,0.022667284460595512,0.999365209556737,0.0009899978699459103,0.9997476775675305,0.00039434208617248955,0.9390718950645169,0.019810972021521576,,,,,,,,,,,,,,,,,,,200.0,0.0,0.1,0.0,0.03917607770342239,0.04460663334754773,0.03917607770342239,0.04460663334754774,0.03917607770342239,0.04460663334754774,0.2,0.447213595499958,0.589037962458337,0.08706511526905525,0.589037962458337,0.0870651152690552,0.0,0.0,15.0,0.0,6.0,0.0
diagnosis_fd001_reliability,candidate_ref,cmapss:FD001,diagnosis,detector | bank1:3 | knn_impute,,,,,,,,,,,,,,,,,,,,,,,,,,,,,0.008845197800110328,0.0017668790369333959,,,,,,,,,,,,,5,"[21, 22, 23, 24, 25]",candidate_ref,,,,,,,,,,,,,,,,,,,,,0.007700969799952872,0.0025931505137025486,,,,,14.0,0.0,14.0,0.0,14.0,0.0,,,,,,,,,,,,,,,,,,,,,,,,,,,,,0.1,0.0,15.0,0.0,10.535228157043457,0.2300823772090898,7.503765487670899,0.66659215434117,0.05197793051327678,0.038957132619287925,0.5936377546119246,0.0703500108016715,0.8260952289393716,0.017943141457668836,0.8727085258936744,0.013952768785294795,0.4975620934591861,0.020704450512885577,0.7315822328592528,0.022602515850147886,0.9997755460336247,0.0001910326072225161,0.9995144823028899,0.0008226581282484931,0.9279661279156853,0.022080441225173133,,,,,,,,,,,,,,,,,,,200.0,0.0,0.1,0.0,0.051977930513276795,0.03895713261928794,0.05197793051327678,0.038957132619287925,0.05197793051327678,0.038957132619287925,0.2,0.44721359549995804,0.5936377546119245,0.0703500108016715,0.5936377546119246,0.0703500108016715,0.0,0.0,15.0,0.0,1.0,0.0
diagnosis_fd001_reliability,candidate_ref,cmapss:FD001,diagnosis,query bank2:6-10 | circuit,,,,,,,,,,,,,,,,,,,,,,,,,,,,,,,,,,,,,,,,,,,5,"[21, 22, 23, 24, 25]",candidate_ref,,,,,,,,,,,,,,,,,,,0.0,0.0,0.3749102018000485,0.05965142390234257,0.149937372200111,0.004496658778816459,592.8,117.97118292193225,13.0,0.0,13.0,0.0,13.0,0.0,48.6,12.074767078498864,1162560.6,288840.50328477134,0.0,0.0,1.0,0.0,0.0,0.0,382869957.6,76193694.00023963,0.0,0.0,8892.0,1769.5677438289838,0.0,0.0,18.985278129577637,10.59125862107026,19.18699417114258,10.574468946692674,10.756432056427002,7.042881828581705,1.7350502736866473,2.228537415438718,35.86943435668945,20.45992430875141,,,,,,,,,,,,,,,,,,,,,,,,,,,,,,,,,,,,,,,,,,,,,,,,,,,,,,,,,,,,,,,,,,
diagnosis_fd001_reliability,candidate_ref,cmapss:FD001,diagnosis,joint | bank2:6-10 | circuit,,,,,,,,,,,,,,,,,,,,,,,,,,,,,,,,,,,,,,,,,,,5,"[21, 22, 23, 24, 25]",candidate_ref,,,,,,,,,,,,,,,,,,,,,,,,,,,,,,,,,,,,,,,,,,,,,,,,,,,,,,,,,,,,,0.1,0.0,15.0,0.0,86.0934341430664,19.599317642578125,2727.594482421875,2192.5766969192996,0.014667560835409082,0.025388375924152204,0.49256012680848277,0.05640181096781347,0.8132326561522696,0.025717500774863133,0.8619678533399947,0.024288660116679947,0.4937220338451226,0.02342521420462027,0.7152264756911437,0.030657402551974737,0.9931983584229874,0.004573193336696543,0.9963366176246143,0.005400846262467997,0.8964106608274255,0.06292744889333221,0.7568092750716676,0.031946174791492934,283.6,56.52256186692178,12.8,2.8635642126552705,0.0,0.0,0.0,0.0,283.6,56.52256186692178,135.2,15.880806024884253,0.7193688722521792,0.03500993326275368,0.48381003680647144,0.051790632220584734,200.0,0.0,0.1,0.0,0.014667560835409085,0.02538837592415221,0.014667560835409082,0.025388375924152204,0.014667560835409082,0.025388375924152204,0.0,0.0,0.49256012680848266,0.05640181096781345,0.49256012680848277,0.05640181096781347,0.0,0.0,15.0,0.0,,
diagnosis_fd001_reliability,candidate_ref,cmapss:FD001,diagnosis,independent | bank2:6-10 | circuit,,,,,,,,,,,,,,,,,,,,,,,,,,,,,,,,,,,,,,,,,,,5,"[21, 22, 23, 24, 25]",candidate_ref,,,,,,,,,,,,,,,,,,,,,,,,,,,,,,,,,,,,,,,,,,,,,,,,,,,,,,,,,,,,,0.1,0.0,15.0,0.0,127.84136810302735,33.842182064647645,2695.5572509765625,2171.1917422496194,0.015445487641310596,0.02985018411708962,0.3737142906489226,0.06522274369370669,0.7585497003629996,0.03829732998211598,0.8143458291541028,0.04007910796619881,0.492828565309412,0.01832819574931831,0.5193336245507212,0.03435587917043644,0.9718357167996116,0.02682832171579764,0.974355257116375,0.0286430999625453,0.8560599832699193,0.07611752016072224,0.6771816074496643,0.04885494427605721,283.6,56.52256186692178,12.8,2.8635642126552705,0.0,0.0,0.0,0.0,283.6,56.52256186692178,170.4,24.785076154815425,0.6233956403703251,0.05394998798861301,0.3672893289704401,0.06040936431495804,200.0,0.0,0.1,0.0,0.0154454876413106,0.029850184117089628,0.015445487641310596,0.02985018411708962,0.015445487641310596,0.02985018411708962,0.0,0.0,0.3737142906489226,0.06522274369370672,0.3737142906489226,0.06522274369370669,0.0,0.0,15.0,0.0,,
diagnosis_fd001_reliability,candidate_ref,cmapss:FD001,diagnosis,marginal_max | bank2:6-10 | circuit,,,,,,,,,,,,,,,,,,,,,,,,,,,,,,,,,,,,,,,,,,,5,"[21, 22, 23, 24, 25]",candidate_ref,,,,,,,,,,,,,,,,,,,,,,,,,,,,,,,,,,,,,,,,,,,,,,,,,,,,,,,,,,,,,0.1,0.0,15.0,0.0,32.6603443145752,4.803992011853638,2184.002648925781,2231.882359931272,0.0387580552127688,0.0821539362343284,0.5545819665987272,0.07303218523025519,0.7787246410754298,0.020576481445951828,0.842763631699388,0.020755148672991323,0.49114009650891877,0.01571947884722882,0.5179898381302345,0.054932697782206885,0.988929125282102,0.007318223305309924,0.9925020344458548,0.00840678133034505,0.9204895640977963,0.04246267010401058,0.6771816074496643,0.04885494427605721,283.6,56.52256186692178,12.8,2.8635642126552705,0.0,0.0,0.0,0.0,283.6,56.52256186692178,117.2,20.873428084528907,0.6233956403703251,0.05394998798861301,0.5379737485195087,0.06291467244865312,200.0,0.0,0.1,0.0,0.03875805521276881,0.0821539362343284,0.0387580552127688,0.0821539362343284,0.0387580552127688,0.0821539362343284,0.2,0.44721359549995804,0.554581966598727,0.07303218523025524,0.5545819665987272,0.07303218523025519,0.0,0.0,15.0,0.0,,
diagnosis_fd001_reliability,candidate_ref,cmapss:FD001,diagnosis,conditional_max | bank2:6-10 | circuit,,,,,,,,,,,,,,,,,,,,,,,,,,,,,,,,,,,,,,,,,,,5,"[21, 22, 23, 24, 25]",candidate_ref,,,,,,,,,,,,,,,,,,,,,,,,,,,,,,,,,,,,,,,,,,,,,,,,,,,,,,,,,,,,,0.1,0.0,15.0,0.0,29.36508674621582,1.4936471880316389,2200.870654296875,2224.948632218866,0.014198763077843745,0.009326506416977307,0.6326970517516289,0.04824060950605173,0.8254046797583812,0.012257195197034216,0.8786493220110824,0.011525348079855651,0.496360022709577,0.008430278533616454,0.7294979465817464,0.047505157500331144,0.9968457909479582,0.004449605006963853,0.9982620640229335,0.0038861429852630265,0.928582988478986,0.04205580760987495,0.7568092750716676,0.031946174791492934,283.6,56.52256186692178,12.8,2.8635642126552705,0.0,0.0,0.0,0.0,283.6,56.52256186692178,94.2,11.691877522451218,0.7193688722521792,0.03500993326275368,0.6242110889829756,0.04826473533898713,200.0,0.0,0.1,0.0,0.014198763077843745,0.009326506416977309,0.014198763077843745,0.009326506416977307,0.014198763077843745,0.009326506416977307,0.0,0.0,0.632697051751629,0.04824060950605171,0.6326970517516289,0.04824060950605173,0.0,0.0,15.0,0.0,,
diagnosis_fd001_reliability,candidate_ref,cmapss:FD001,diagnosis,relational_max | bank2:6-10 | circuit,,,,,,,,,,,,,,,,,,,,,,,,,,,,,,,,,,,,,,,,,,,5,"[21, 22, 23, 24, 25]",candidate_ref,,,,,,,,,,,,,,,,,,,,,,,,,,,,,,,,,,,,,,,,,,,,,,,,,,,,,,,,,,,,,0.1,0.0,15.0,0.0,6.152598762512207,2.4647390622476757,125.33235473632813,24.671047719733426,0.03332495403804281,0.03831020649659567,0.4456394585978477,0.050712754050128664,0.7531370077771872,0.020426208619352067,0.8146499311628335,0.015051202405888657,0.49220049909297436,0.02933152757101986,0.7801395839489612,0.03687231916633933,0.9599777583979361,0.01667675846792337,0.9590410594752532,0.016369817844332918,0.6217085815600006,0.04961075055396588,0.6008738505387701,0.038474078333518895,283.6,56.52256186692178,12.8,2.8635642126552705,0.0,0.0,0.0,0.0,283.6,56.52256186692178,151.2,29.919893047937187,0.5840633689871143,0.04702056057597831,0.4256737065618375,0.03259879914278379,200.0,0.0,0.1,0.0,0.03332495403804281,0.038310206496595674,0.03332495403804281,0.03831020649659567,0.03332495403804281,0.03831020649659567,0.0,0.0,0.4456394585978477,0.05071275405012873,0.4456394585978477,0.050712754050128664,0.0,0.0,15.0,0.0,,
diagnosis_fd001_reliability,candidate_ref,cmapss:FD001,diagnosis,query bank2:6-10 | gaussian_fitted,,,,,,,,,,,,,,,,,,,,,,,,,,,,,,,,,,,,,,,,,,,5,"[21, 22, 23, 24, 25]",candidate_ref,,,,,,,,,,,,,,,,,,,0.0,0.0,0.32396414739996543,0.06621419249048555,0.006503878000148689,0.0011739216432099945,592.8,117.97118292193225,13.0,0.0,13.0,0.0,13.0,0.0,48.6,12.074767078498864,6552.0,1627.857487619847,0.0,0.0,1.0,0.0,0.0,0.0,2157792.0,429415.1058358334,0.0,0.0,8892.0,1769.5677438289838,39499520.0,0.0,11.761595921424085,2.0064748304500784,11.821041733132668,1.993518524967907,5.576996200301649,0.6015762572390568,2.872950046239629,1.3629878170775422,20.941532562593984,1.7072354482914038,,,,,,,,,,,,,,,,,,,,,,,,,,,,,,,,,,,,,,,,,,,,,,,,,,,,,,,,,,,,,,,,,,
diagnosis_fd001_reliability,candidate_ref,cmapss:FD001,diagnosis,joint | bank2:6-10 | gaussian_fitted,,,,,,,,,,,,,,,,,,,,,,,,,,,,,,,,,,,,,,,,,,,5,"[21, 22, 23, 24, 25]",candidate_ref,,,,,,,,,,,,,,,,,,,,,,,,,,,,,,,,,,,,,,,,,,,,,,,,,,,,,,,,,,,,,0.1,0.0,15.0,0.0,246.23825127726514,23.456137078617683,566.0153805966664,39.90524655004473,0.03948871716934897,0.06307193966175838,0.4968154636213605,0.1095851033518134,0.8097485499800754,0.010679226615456896,0.8567593556838151,0.009075262830522597,0.4855368602564325,0.01652850822249249,0.728119004325374,0.04382257609113922,0.9943477804630634,0.0064317440030594334,0.9957902795118164,0.006318056022141051,0.8762023753043927,0.041426205137481874,0.756985307785718,0.01800909144604512,283.6,56.52256186692178,12.8,2.8635642126552705,0.0,0.0,0.0,0.0,283.6,56.52256186692178,134.8,35.15963594805839,0.7040629288661454,0.02037843009038861,0.4645456218225818,0.08337701803718647,200.0,0.0,0.1,0.0,0.03948871716934897,0.06307193966175836,0.03948871716934897,0.06307193966175838,0.03948871716934897,0.06307193966175838,0.2,0.447213595499958,0.4968154636213605,0.10958510335181333,0.4968154636213605,0.1095851033518134,0.0,0.0,15.0,0.0,,
diagnosis_fd001_reliability,candidate_ref,cmapss:FD001,diagnosis,independent | bank2:6-10 | gaussian_fitted,,,,,,,,,,,,,,,,,,,,,,,,,,,,,,,,,,,,,,,,,,,5,"[21, 22, 23, 24, 25]",candidate_ref,,,,,,,,,,,,,,,,,,,,,,,,,,,,,,,,,,,,,,,,,,,,,,,,,,,,,,,,,,,,,0.1,0.0,15.0,0.0,261.3982492768337,29.379046229183817,226.70865003030485,23.67114887636566,0.047066128568691315,0.08482229162189565,0.29962496145325584,0.20426229248628577,0.7466206440930392,0.018735441017681865,0.7914619859552638,0.021088115928614034,0.4793736748628118,0.023631790888808284,0.5355829435403925,0.04487992064277693,0.9544675985767256,0.02098837250269696,0.9255264315091937,0.03983588448125178,0.8625823557059743,0.0457942724124237,0.6622966112450175,0.02953473091875781,283.6,56.52256186692178,12.8,2.8635642126552705,0.0,0.0,0.0,0.0,283.6,56.52256186692178,192.0,62.48199740725323,0.5861060204076448,0.03839816463765857,0.2521521535570882,0.16342899195023855,200.0,0.0,0.1,0.0,0.047066128568691315,0.08482229162189563,0.047066128568691315,0.08482229162189565,0.047066128568691315,0.08482229162189565,0.2,0.447213595499958,0.2996249614532559,0.20426229248628575,0.29962496145325584,0.20426229248628577,0.0,0.0,15.0,0.0,,
diagnosis_fd001_reliability,candidate_ref,cmapss:FD001,diagnosis,marginal_max | bank2:6-10 | gaussian_fitted,,,,,,,,,,,,,,,,,,,,,,,,,,,,,,,,,,,,,,,,,,,5,"[21, 22, 23, 24, 25]",candidate_ref,,,,,,,,,,,,,,,,,,,,,,,,,,,,,,,,,,,,,,,,,,,,,,,,,,,,,,,,,,,,,0.1,0.0,15.0,0.0,81.0862198231364,27.073787496753294,114.95365194599886,9.721755306310897,0.049635775992878384,0.09207111736670716,0.16374752625697012,0.26690841337219473,0.7208870887430809,0.018326852219273732,0.7183977193376145,0.0449053967610394,0.46024451243592523,0.018625282012306694,0.5361333216156862,0.039679814381814095,0.8822476150150631,0.03940585020739435,0.8690512643958312,0.04437822706678324,0.8742311739043279,0.05514846138400951,0.6622966112450175,0.02953473091875781,283.6,56.52256186692178,12.8,2.8635642126552705,0.0,0.0,0.0,0.0,283.6,56.52256186692178,232.8,88.77330679883453,0.5861060204076448,0.03839816463765857,0.13601321606213732,0.22273583117934362,200.0,0.0,0.1,0.0,0.04963577599287837,0.09207111736670714,0.049635775992878384,0.09207111736670716,0.049635775992878384,0.09207111736670716,0.2,0.447213595499958,0.16374752625697012,0.26690841337219473,0.16374752625697012,0.26690841337219473,0.0,0.0,15.0,0.0,,
diagnosis_fd001_reliability,candidate_ref,cmapss:FD001,diagnosis,conditional_max | bank2:6-10 | gaussian_fitted,,,,,,,,,,,,,,,,,,,,,,,,,,,,,,,,,,,,,,,,,,,5,"[21, 22, 23, 24, 25]",candidate_ref,,,,,,,,,,,,,,,,,,,,,,,,,,,,,,,,,,,,,,,,,,,,,,,,,,,,,,,,,,,,,0.1,0.0,15.0,0.0,85.01217485580476,27.670660928930108,232.3716945388216,35.77932456022584,0.049635775992878384,0.09207111736670716,0.37680195354211876,0.19077874663923064,0.7979698752399621,0.012960113308070762,0.8398264351026269,0.015721896307117556,0.4631274601354821,0.011357243198263362,0.7056074439804899,0.0578121897099464,0.9855465983015279,0.009365347854507596,0.98841302351775,0.008483889435175203,0.8770995718250567,0.05352542229983285,0.756985307785718,0.01800909144604512,283.6,56.52256186692178,12.8,2.8635642126552705,0.0,0.0,0.0,0.0,283.6,56.52256186692178,170.2,62.40753159675521,0.7040629288661454,0.02037843009038861,0.3553441091453316,0.15841700530111802,200.0,0.0,0.1,0.0,0.04963577599287837,0.09207111736670714,0.049635775992878384,0.09207111736670716,0.049635775992878384,0.09207111736670716,0.2,0.447213595499958,0.3768019535421189,0.1907787466392307,0.37680195354211876,0.19077874663923064,0.0,0.0,15.0,0.0,,
diagnosis_fd001_reliability,candidate_ref,cmapss:FD001,diagnosis,relational_max | bank2:6-10 | gaussian_fitted,,,,,,,,,,,,,,,,,,,,,,,,,,,,,,,,,,,,,,,,,,,5,"[21, 22, 23, 24, 25]",candidate_ref,,,,,,,,,,,,,,,,,,,,,,,,,,,,,,,,,,,,,,,,,,,,,,,,,,,,,,,,,,,,,0.1,0.0,15.0,0.0,5.325691347345417,2.391585104007199,220.8341962660524,39.748397282419305,0.06012605129502169,0.050394257876321125,0.5880590028582169,0.07159388435759002,0.8127345655889464,0.007383771698324023,0.8647381895182822,0.00528471052164016,0.5055643882036793,0.03172221549435056,0.830604907574586,0.027626932354894617,0.99667452519872,0.00440654320416504,0.9969100784126359,0.0049569963576772645,0.7741732901732239,0.04083421560875385,0.7071770650761611,0.020380250034995856,283.6,56.52256186692178,12.8,2.8635642126552705,0.0,0.0,0.2,0.447213595499958,283.4,56.33205126746229,109.4,29.056840846864272,0.6827294473514544,0.025806944674114166,0.551494801308395,0.043817714569607376,200.0,0.0,0.1,0.0,0.060126051295021674,0.050394257876321125,0.06012605129502169,0.050394257876321125,0.06012605129502169,0.050394257876321125,0.2,0.44721359549995804,0.5880590028582169,0.07159388435759008,0.5880590028582169,0.07159388435759002,0.0,0.0,15.0,0.0,,
diagnosis_fd001_reliability,candidate_ref,cmapss:FD001,diagnosis,detector | bank2:6-10 | mahalanobis_refit,,,,,,,,,,,,,,,,,,,,,,,,,,,,,0.41177354419978657,0.10874321464309555,,,,,,,,,,,,,5,"[21, 22, 23, 24, 25]",candidate_ref,,,,,,,,,,,,,,,,,,,,,0.08286005260015372,0.03636248908416272,,,,,13.0,0.0,13.0,0.0,13.0,0.0,,,,,,,,,,,,,,,,,,,,,,,,,,,,,0.1,0.0,15.0,0.0,398.0404907226563,47.6014028748712,1154.1285736083985,82.42248329685474,0.04007695246346662,0.06276168474211714,0.4974365816337828,0.10902094035900574,0.8099118199114896,0.010763345401359632,0.8570200350560369,0.009019114191454253,0.485808957821164,0.016784981122599026,0.7284546665547775,0.043529081539666996,0.994410789648431,0.006346560410719471,0.9958109769694901,0.006426275452596052,0.8763511763662434,0.04094622308894424,,,,,,,,,,,,,,,,,,,200.0,0.0,0.1,0.0,0.04007695246346662,0.06276168474211713,0.04007695246346662,0.06276168474211714,0.04007695246346662,0.06276168474211714,0.2,0.447213595499958,0.4974365816337828,0.10902094035900566,0.4974365816337828,0.10902094035900574,0.0,0.0,15.0,0.0,7.0,0.0
diagnosis_fd001_reliability,candidate_ref,cmapss:FD001,diagnosis,detector | bank2:6-10 | mahalanobis_impute,,,,,,,,,,,,,,,,,,,,,,,,,,,,,0.10854138499998953,0.07729242718897304,,,,,,,,,,,,,5,"[21, 22, 23, 24, 25]",candidate_ref,,,,,,,,,,,,,,,,,,,,,0.04339608699992823,0.007118843782458798,,,,,13.0,0.0,13.0,0.0,13.0,0.0,,,,,,,,,,,,,,,,,,,,,,,,,,,,,0.1,0.0,15.0,0.0,416.2070007324219,50.629643221624065,1395.9026336669922,177.3922404218476,0.03993377562751485,0.05823136977230783,0.49721709790310953,0.10718305544005685,0.8102396390108577,0.012299696386834539,0.8576598224817322,0.00902910917111183,0.493796428556605,0.0257838107681624,0.7276159416346706,0.03924500662815875,0.9950040064669878,0.005543013704485992,0.9956687592657044,0.007060742829334356,0.8717731448201027,0.03703895056269253,,,,,,,,,,,,,,,,,,,200.0,0.0,0.1,0.0,0.03993377562751485,0.05823136977230783,0.03993377562751485,0.05823136977230783,0.03993377562751485,0.05823136977230783,0.2,0.447213595499958,0.4972170979031095,0.10718305544005685,0.49721709790310953,0.10718305544005685,0.0,0.0,15.0,0.0,1.0,0.0
diagnosis_fd001_reliability,candidate_ref,cmapss:FD001,diagnosis,detector | bank2:6-10 | gmm_refit,,,,,,,,,,,,,,,,,,,,,,,,,,,,,18.282147288799933,4.131863509773819,,,,,,,,,,,,,5,"[21, 22, 23, 24, 25]",candidate_ref,,,,,,,,,,,,,,,,,,,,,2.633548458599944,2.1604813987944107,,,,,13.0,0.0,13.0,0.0,13.0,0.0,,,,,,,,,,,,,,,,,,,,,,,,,,,,,0.1,0.0,15.0,0.0,435.56129150390626,162.64327583802694,1568.5465454101563,865.9966779731269,0.04725590345363967,0.07570922322740065,0.4156139045784101,0.13899166759451353,0.7716867429283194,0.02366063146523614,0.8157667132369737,0.0417143235074388,0.4918435767348151,0.020180716509393196,0.6681449976356797,0.05468025171907365,0.9659493849614144,0.045534756424166115,0.9677768054289683,0.0442966577298352,0.7966457884957697,0.062141027923287254,,,,,,,,,,,,,,,,,,,200.0,0.0,0.1,0.0,0.047255903453639655,0.07570922322740063,0.04725590345363967,0.07570922322740065,0.04725590345363967,0.07570922322740065,0.2,0.447213595499958,0.4156139045784101,0.1389916675945135,0.4156139045784101,0.13899166759451353,0.0,0.0,15.0,0.0,7.0,0.0
diagnosis_fd001_reliability,candidate_ref,cmapss:FD001,diagnosis,detector | bank2:6-10 | gmm_impute,,,,,,,,,,,,,,,,,,,,,,,,,,,,,2.2784336150001763,0.5121820679143705,,,,,,,,,,,,,5,"[21, 22, 23, 24, 25]",candidate_ref,,,,,,,,,,,,,,,,,,,,,0.024193855800149322,0.00399262604382522,,,,,13.0,0.0,13.0,0.0,13.0,0.0,,,,,,,,,,,,,,,,,,,,,,,,,,,,,0.1,0.0,15.0,0.0,362.2109375,88.0285629271588,1426.0529136657715,385.91566865967906,0.05586955946339811,0.08391269127592017,0.4579090770854227,0.11471154369978184,0.7880840531719737,0.019993864020027518,0.8358591930919561,0.022397141946332844,0.48961711311532696,0.01953038867352283,0.703880840781463,0.06236163213945442,0.9771175738728466,0.025332991287584126,0.9817168545109846,0.01963571834639491,0.8213235665620264,0.07123029003654616,,,,,,,,,,,,,,,,,,,200.0,0.0,0.1,0.0,0.05586955946339811,0.08391269127592017,0.05586955946339811,0.08391269127592017,0.05586955946339811,0.08391269127592017,0.2,0.447213595499958,0.4579090770854227,0.11471154369978183,0.4579090770854227,0.11471154369978184,0.0,0.0,15.0,0.0,1.0,0.0
diagnosis_fd001_reliability,candidate_ref,cmapss:FD001,diagnosis,detector | bank2:6-10 | knn_refit,,,,,,,,,,,,,,,,,,,,,,,,,,,,,0.06772650119946774,0.011210360205163092,,,,,,,,,,,,,5,"[21, 22, 23, 24, 25]",candidate_ref,,,,,,,,,,,,,,,,,,,,,0.05642607439986023,0.00821550644544951,,,,,13.0,0.0,13.0,0.0,13.0,0.0,,,,,,,,,,,,,,,,,,,,,,,,,,,,,0.1,0.0,15.0,0.0,12.275102424621583,1.1651179875942177,8.021719360351563,0.7731272458560448,0.06201573190528159,0.12113101305942081,0.32597831810888656,0.21219713844978613,0.781829607931203,0.015562134976727189,0.8202594878063035,0.019288527582833323,0.47921630696298145,0.008899262206123717,0.6838562069439313,0.05194792458302085,0.984460161679725,0.006411324409836597,0.9816393265159487,0.013653016452293786,0.8142696046997067,0.061060559913415025,,,,,,,,,,,,,,,,,,,200.0,0.0,0.1,0.0,0.062015731905281604,0.12113101305942085,0.06201573190528159,0.12113101305942081,0.06201573190528159,0.12113101305942081,0.2,0.447213595499958,0.32597831810888656,0.21219713844978613,0.32597831810888656,0.21219713844978613,0.0,0.0,15.0,0.0,7.0,0.0
diagnosis_fd001_reliability,candidate_ref,cmapss:FD001,diagnosis,detector | bank2:6-10 | knn_impute,,,,,,,,,,,,,,,,,,,,,,,,,,,,,0.008845197800110328,0.0017668790369333959,,,,,,,,,,,,,5,"[21, 22, 23, 24, 25]",candidate_ref,,,,,,,,,,,,,,,,,,,,,0.006530067600215262,0.0009931932535070015,,,,,13.0,0.0,13.0,0.0,13.0,0.0,,,,,,,,,,,,,,,,,,,,,,,,,,,,,0.1,0.0,15.0,0.0,12.35225830078125,1.099779661999389,7.921387481689453,0.9161553434812909,0.06078831571574954,0.11495112984501829,0.34044850020167416,0.2055623804755482,0.7789430293733262,0.015563875547832461,0.8193464386476454,0.01778311383802664,0.4776449719789751,0.014710830001366422,0.6725222408860023,0.05027047687085359,0.9844157158287242,0.006377033786218671,0.9830719000173078,0.012600197933060511,0.8128780980574317,0.059034790463949195,,,,,,,,,,,,,,,,,,,200.0,0.0,0.1,0.0,0.06078831571574955,0.1149511298450183,0.06078831571574954,0.11495112984501829,0.06078831571574954,0.11495112984501829,0.2,0.447213595499958,0.34044850020167416,0.2055623804755482,0.34044850020167416,0.2055623804755482,0.0,0.0,15.0,0.0,1.0,0.0
diagnosis_fd001_reliability,candidate_ref,cmapss:FD001,diagnosis,query single_sensor_0 | circuit,,,,,,,,,,,,,,,,,,,,,,,,,,,,,,,,,,,,,,,,,,,5,"[21, 22, 23, 24, 25]",candidate_ref,,,,,,,,,,,,,,,,,,,0.0,0.0,0.13277192280038436,0.00720424458119533,0.10733129100026417,0.0015814656635222695,592.8,117.97118292193225,1.0,0.0,1.0,0.0,1.0,0.0,5.4,1.3416407864998738,129173.4,32093.389253863483,0.0,0.0,1.0,0.0,0.0,0.0,42541106.4,8465966.000026625,0.0,0.0,8892.0,1769.5677438289838,0.0,0.0,0.0,0.0,0.0,0.0,0.0,0.0,0.0,0.0,0.0,0.0,,,,,,,,,,,,,,,,,,,,,,,,,,,,,,,,,,,,,,,,,,,,,,,,,,,,,,,,,,,,,,,,,,
diagnosis_fd001_reliability,candidate_ref,cmapss:FD001,diagnosis,joint | single_sensor_0 | circuit,,,,,,,,,,,,,,,,,,,,,,,,,,,,,,,,,,,,,,,,,,,5,"[21, 22, 23, 24, 25]",candidate_ref,,,,,,,,,,,,,,,,,,,,,,,,,,,,,,,,,,,,,,,,,,,,,,,,,,,,,,,,,,,,,0.1,0.0,15.0,0.0,28.38795166015625,3.335132461321714,72.56907958984375,10.649890867440206,0.019838717270631585,0.016905941862152815,0.11634123091854845,0.03040825791203288,0.5513708700999729,0.01675897629154021,0.6024885832485876,0.020197221751296894,0.5140100636155807,0.021844137853876875,0.48670197643301166,0.015162042728433807,0.6325328384576036,0.05313871716421087,0.598224632764232,0.03940283544691642,0.5336600712004412,0.04903766813639687,,,0.0,0.0,246.8,46.40797345284537,49.6,12.895735729302148,49.6,12.895735729302148,0.0,0.0,0.0,0.0,,,0.0,0.0,200.0,0.0,0.1,0.0,0.01983871727063159,0.016905941862152822,0.019838717270631585,0.016905941862152815,0.019838717270631585,0.016905941862152815,0.0,0.0,0.11634123091854846,0.030408257912032888,0.11634123091854845,0.03040825791203288,0.0,0.0,15.0,0.0,,
diagnosis_fd001_reliability,candidate_ref,cmapss:FD001,diagnosis,independent | single_sensor_0 | circuit,,,,,,,,,,,,,,,,,,,,,,,,,,,,,,,,,,,,,,,,,,,5,"[21, 22, 23, 24, 25]",candidate_ref,,,,,,,,,,,,,,,,,,,,,,,,,,,,,,,,,,,,,,,,,,,,,,,,,,,,,,,,,,,,,0.1,0.0,15.0,0.0,28.38795166015625,3.335132461321714,72.56907958984375,10.649890867440206,0.019838717270631585,0.016905941862152815,0.11634123091854845,0.03040825791203288,0.5513708700999729,0.01675897629154021,0.6024885832485876,0.020197221751296894,0.5140100636155807,0.021844137853876875,0.48670197643301166,0.015162042728433807,0.6325328384576036,0.05313871716421087,0.598224632764232,0.03940283544691642,0.5336600712004412,0.04903766813639687,,,0.0,0.0,246.8,46.40797345284537,49.6,12.895735729302148,49.6,12.895735729302148,0.0,0.0,0.0,0.0,,,0.0,0.0,200.0,0.0,0.1,0.0,0.01983871727063159,0.016905941862152822,0.019838717270631585,0.016905941862152815,0.019838717270631585,0.016905941862152815,0.0,0.0,0.11634123091854846,0.030408257912032888,0.11634123091854845,0.03040825791203288,0.0,0.0,15.0,0.0,,
diagnosis_fd001_reliability,candidate_ref,cmapss:FD001,diagnosis,marginal_max | single_sensor_0 | circuit,,,,,,,,,,,,,,,,,,,,,,,,,,,,,,,,,,,,,,,,,,,5,"[21, 22, 23, 24, 25]",candidate_ref,,,,,,,,,,,,,,,,,,,,,,,,,,,,,,,,,,,,,,,,,,,,,,,,,,,,,,,,,,,,,0.1,0.0,15.0,0.0,28.38795166015625,3.335132461321714,72.56907958984375,10.649890867440206,0.019838717270631585,0.016905941862152815,0.11634123091854845,0.03040825791203288,0.5513708700999729,0.01675897629154021,0.6024885832485876,0.020197221751296894,0.5140100636155807,0.021844137853876875,0.48670197643301166,0.015162042728433807,0.6325328384576036,0.05313871716421087,0.598224632764232,0.03940283544691642,0.5336600712004412,0.04903766813639687,,,0.0,0.0,246.8,46.40797345284537,49.6,12.895735729302148,49.6,12.895735729302148,0.0,0.0,0.0,0.0,,,0.0,0.0,200.0,0.0,0.1,0.0,0.01983871727063159,0.016905941862152822,0.019838717270631585,0.016905941862152815,0.019838717270631585,0.016905941862152815,0.0,0.0,0.11634123091854846,0.030408257912032888,0.11634123091854845,0.03040825791203288,0.0,0.0,15.0,0.0,,
diagnosis_fd001_reliability,candidate_ref,cmapss:FD001,diagnosis,conditional_max | single_sensor_0 | circuit,,,,,,,,,,,,,,,,,,,,,,,,,,,,,,,,,,,,,,,,,,,5,"[21, 22, 23, 24, 25]",candidate_ref,,,,,,,,,,,,,,,,,,,,,,,,,,,,,,,,,,,,,,,,,,,,,,,,,,,,,,,,,,,,,0.1,0.0,15.0,0.0,28.38795166015625,3.335132461321714,72.56907958984375,10.649890867440206,0.019838717270631585,0.016905941862152815,0.11634123091854845,0.03040825791203288,0.5513708700999729,0.01675897629154021,0.6024885832485876,0.020197221751296894,0.5140100636155807,0.021844137853876875,0.48670197643301166,0.015162042728433807,0.6325328384576036,0.05313871716421087,0.598224632764232,0.03940283544691642,0.5336600712004412,0.04903766813639687,,,0.0,0.0,246.8,46.40797345284537,49.6,12.895735729302148,49.6,12.895735729302148,0.0,0.0,0.0,0.0,,,0.0,0.0,200.0,0.0,0.1,0.0,0.01983871727063159,0.016905941862152822,0.019838717270631585,0.016905941862152815,0.019838717270631585,0.016905941862152815,0.0,0.0,0.11634123091854846,0.030408257912032888,0.11634123091854845,0.03040825791203288,0.0,0.0,15.0,0.0,,
diagnosis_fd001_reliability,candidate_ref,cmapss:FD001,diagnosis,relational_max | single_sensor_0 | circuit,,,,,,,,,,,,,,,,,,,,,,,,,,,,,,,,,,,,,,,,,,,5,"[21, 22, 23, 24, 25]",candidate_ref,,,,,,,,,,,,,,,,,,,,,,,,,,,,,,,,,,,,,,,,,,,,,,,,,,,,,,,,,,,,,0.1,0.0,15.0,0.0,0.0,0.0,0.0,0.0,0.0,0.0,0.0,0.0,0.5,0.0,0.5,0.0,0.5,0.0,0.5,0.0,0.5,0.0,0.5,0.0,0.5,0.0,,,0.0,0.0,246.8,46.40797345284537,49.6,12.895735729302148,49.6,12.895735729302148,0.0,0.0,0.0,0.0,,,0.0,0.0,200.0,0.0,0.1,0.0,0.0,0.0,0.0,0.0,0.0,0.0,0.0,0.0,0.0,0.0,0.0,0.0,0.0,0.0,15.0,0.0,,
diagnosis_fd001_reliability,candidate_ref,cmapss:FD001,diagnosis,query single_sensor_0 | gaussian_fitted,,,,,,,,,,,,,,,,,,,,,,,,,,,,,,,,,,,,,,,,,,,5,"[21, 22, 23, 24, 25]",candidate_ref,,,,,,,,,,,,,,,,,,,0.0,0.0,0.0021669627998562647,0.0008990379586219389,0.0005731170002036378,2.062740475574067e-05,592.8,117.97118292193225,1.0,0.0,1.0,0.0,1.0,0.0,3.6,0.8944271909999161,72.0,17.88854381999832,0.0,0.0,1.0,0.0,0.0,0.0,23712.0,4718.84731687729,0.0,0.0,8892.0,1769.5677438289838,39499520.0,0.0,0.0,0.0,0.0,0.0,0.0,0.0,0.0,0.0,0.0,0.0,,,,,,,,,,,,,,,,,,,,,,,,,,,,,,,,,,,,,,,,,,,,,,,,,,,,,,,,,,,,,,,,,,
diagnosis_fd001_reliability,candidate_ref,cmapss:FD001,diagnosis,joint | single_sensor_0 | gaussian_fitted,,,,,,,,,,,,,,,,,,,,,,,,,,,,,,,,,,,,,,,,,,,5,"[21, 22, 23, 24, 25]",candidate_ref,,,,,,,,,,,,,,,,,,,,,,,,,,,,,,,,,,,,,,,,,,,,,,,,,,,,,,,,,,,,,0.1,0.0,15.0,0.0,26.511372892508472,2.691020833881165,34.98201670524757,4.851650254197879,0.018844102407802498,0.019798156334293774,0.1123578204046782,0.02816545241138287,0.5524998510715609,0.013840762465059568,0.6031520050664303,0.016871265340698462,0.5130884877380562,0.0246677798926829,0.49043305979853535,0.014165568190645903,0.6408318924151146,0.05201806900923122,0.5984061883148725,0.034891574056985473,0.531830892898976,0.05381131160431694,,,0.0,0.0,246.8,46.40797345284537,49.6,12.895735729302148,49.6,12.895735729302148,0.0,0.0,0.0,0.0,,,0.0,0.0,200.0,0.0,0.1,0.0,0.018844102407802498,0.01979815633429377,0.018844102407802498,0.019798156334293774,0.018844102407802498,0.019798156334293774,0.0,0.0,0.1123578204046782,0.02816545241138286,0.1123578204046782,0.02816545241138287,0.0,0.0,15.0,0.0,,
diagnosis_fd001_reliability,candidate_ref,cmapss:FD001,diagnosis,independent | single_sensor_0 | gaussian_fitted,,,,,,,,,,,,,,,,,,,,,,,,,,,,,,,,,,,,,,,,,,,5,"[21, 22, 23, 24, 25]",candidate_ref,,,,,,,,,,,,,,,,,,,,,,,,,,,,,,,,,,,,,,,,,,,,,,,,,,,,,,,,,,,,,0.1,0.0,15.0,0.0,26.511372892508472,2.691020833881165,34.98201670524757,4.851650254197879,0.018844102407802498,0.019798156334293774,0.1123578204046782,0.02816545241138287,0.5524998510715609,0.013840762465059568,0.6031520050664303,0.016871265340698462,0.5130884877380562,0.0246677798926829,0.49043305979853535,0.014165568190645903,0.6408318924151146,0.05201806900923122,0.5984061883148725,0.034891574056985473,0.531830892898976,0.05381131160431694,,,0.0,0.0,246.8,46.40797345284537,49.6,12.895735729302148,49.6,12.895735729302148,0.0,0.0,0.0,0.0,,,0.0,0.0,200.0,0.0,0.1,0.0,0.018844102407802498,0.01979815633429377,0.018844102407802498,0.019798156334293774,0.018844102407802498,0.019798156334293774,0.0,0.0,0.1123578204046782,0.02816545241138286,0.1123578204046782,0.02816545241138287,0.0,0.0,15.0,0.0,,
diagnosis_fd001_reliability,candidate_ref,cmapss:FD001,diagnosis,marginal_max | single_sensor_0 | gaussian_fitted,,,,,,,,,,,,,,,,,,,,,,,,,,,,,,,,,,,,,,,,,,,5,"[21, 22, 23, 24, 25]",candidate_ref,,,,,,,,,,,,,,,,,,,,,,,,,,,,,,,,,,,,,,,,,,,,,,,,,,,,,,,,,,,,,0.1,0.0,15.0,0.0,26.511372892508472,2.691020833881165,34.98201670524757,4.851650254197879,0.018844102407802498,0.019798156334293774,0.1123578204046782,0.02816545241138287,0.5524998510715609,0.013840762465059568,0.6031520050664303,0.016871265340698462,0.5130884877380562,0.0246677798926829,0.49043305979853535,0.014165568190645903,0.6408318924151146,0.05201806900923122,0.5984061883148725,0.034891574056985473,0.531830892898976,0.05381131160431694,,,0.0,0.0,246.8,46.40797345284537,49.6,12.895735729302148,49.6,12.895735729302148,0.0,0.0,0.0,0.0,,,0.0,0.0,200.0,0.0,0.1,0.0,0.018844102407802498,0.01979815633429377,0.018844102407802498,0.019798156334293774,0.018844102407802498,0.019798156334293774,0.0,0.0,0.1123578204046782,0.02816545241138286,0.1123578204046782,0.02816545241138287,0.0,0.0,15.0,0.0,,
diagnosis_fd001_reliability,candidate_ref,cmapss:FD001,diagnosis,conditional_max | single_sensor_0 | gaussian_fitted,,,,,,,,,,,,,,,,,,,,,,,,,,,,,,,,,,,,,,,,,,,5,"[21, 22, 23, 24, 25]",candidate_ref,,,,,,,,,,,,,,,,,,,,,,,,,,,,,,,,,,,,,,,,,,,,,,,,,,,,,,,,,,,,,0.1,0.0,15.0,0.0,26.511372892508472,2.691020833881165,34.98201670524757,4.851650254197879,0.018844102407802498,0.019798156334293774,0.1123578204046782,0.02816545241138287,0.5524998510715609,0.013840762465059568,0.6031520050664303,0.016871265340698462,0.5130884877380562,0.0246677798926829,0.49043305979853535,0.014165568190645903,0.6408318924151146,0.05201806900923122,0.5984061883148725,0.034891574056985473,0.531830892898976,0.05381131160431694,,,0.0,0.0,246.8,46.40797345284537,49.6,12.895735729302148,49.6,12.895735729302148,0.0,0.0,0.0,0.0,,,0.0,0.0,200.0,0.0,0.1,0.0,0.018844102407802498,0.01979815633429377,0.018844102407802498,0.019798156334293774,0.018844102407802498,0.019798156334293774,0.0,0.0,0.1123578204046782,0.02816545241138286,0.1123578204046782,0.02816545241138287,0.0,0.0,15.0,0.0,,
diagnosis_fd001_reliability,candidate_ref,cmapss:FD001,diagnosis,relational_max | single_sensor_0 | gaussian_fitted,,,,,,,,,,,,,,,,,,,,,,,,,,,,,,,,,,,,,,,,,,,5,"[21, 22, 23, 24, 25]",candidate_ref,,,,,,,,,,,,,,,,,,,,,,,,,,,,,,,,,,,,,,,,,,,,,,,,,,,,,,,,,,,,,0.1,0.0,15.0,0.0,0.0,0.0,0.0,0.0,0.0,0.0,0.0,0.0,0.5,0.0,0.5,0.0,0.5,0.0,0.5,0.0,0.5,0.0,0.5,0.0,0.5,0.0,,,0.0,0.0,246.8,46.40797345284537,49.6,12.895735729302148,49.6,12.895735729302148,0.0,0.0,0.0,0.0,,,0.0,0.0,200.0,0.0,0.1,0.0,0.0,0.0,0.0,0.0,0.0,0.0,0.0,0.0,0.0,0.0,0.0,0.0,0.0,0.0,15.0,0.0,,
diagnosis_fd001_reliability,candidate_ref,cmapss:FD001,diagnosis,detector | single_sensor_0 | mahalanobis_refit,,,,,,,,,,,,,,,,,,,,,,,,,,,,,0.4126352985997073,0.10874828016095575,,,,,,,,,,,,,5,"[21, 22, 23, 24, 25]",candidate_ref,,,,,,,,,,,,,,,,,,,,,0.0011455984000349416,5.853459939673148e-05,,,,,1.0,0.0,1.0,0.0,1.0,0.0,,,,,,,,,,,,,,,,,,,,,,,,,,,,,0.1,0.0,15.0,0.0,33.876247024536134,5.300035228741907,69.88998107910156,9.704088158861062,0.019432337701920148,0.02065281617493765,0.1123578204046782,0.02816545241138287,0.5524769756413579,0.013795538229420723,0.6030988805305714,0.016821967968952065,0.5130047686403022,0.024630345161669055,0.490338254423668,0.014141682785165395,0.6408611338731257,0.05204500472099342,0.5984350346659796,0.03476930454324619,0.5318350534538924,0.05373814640439184,,,,,,,,,,,,,,,,,,,200.0,0.0,0.1,0.0,0.019432337701920144,0.020652816174937645,0.019432337701920148,0.02065281617493765,0.019432337701920148,0.02065281617493765,0.0,0.0,0.1123578204046782,0.02816545241138286,0.1123578204046782,0.02816545241138287,0.0,0.0,15.0,0.0,8.0,0.0
diagnosis_fd001_reliability,candidate_ref,cmapss:FD001,diagnosis,detector | single_sensor_0 | mahalanobis_impute,,,,,,,,,,,,,,,,,,,,,,,,,,,,,0.10854138499998953,0.07729242718897304,,,,,,,,,,,,,5,"[21, 22, 23, 24, 25]",candidate_ref,,,,,,,,,,,,,,,,,,,,,0.036227457399945706,0.0074101744277827635,,,,,1.0,0.0,1.0,0.0,1.0,0.0,,,,,,,,,,,,,,,,,,,,,,,,,,,,,0.1,0.0,15.0,0.0,77.23830871582031,7.011340593231318,286.31921615600584,29.835059997251637,0.02832338396869946,0.03206860607667633,0.10335612568912027,0.042110636231684345,0.5455183684909264,0.013942715857852986,0.5941333105393733,0.01908915025834512,0.5017882587085201,0.020081915503295786,0.5046563542449845,0.03195054009699671,0.6218003263225188,0.04628600149078283,0.5877976606396808,0.052713400932025076,0.5257678242138046,0.057708308574679415,,,,,,,,,,,,,,,,,,,200.0,0.0,0.1,0.0,0.02832338396869946,0.03206860607667633,0.02832338396869946,0.03206860607667633,0.02832338396869946,0.03206860607667633,0.0,0.0,0.1033561256891203,0.04211063623168436,0.10335612568912027,0.042110636231684345,0.0,0.0,15.0,0.0,1.0,0.0
diagnosis_fd001_reliability,candidate_ref,cmapss:FD001,diagnosis,detector | single_sensor_0 | gmm_refit,,,,,,,,,,,,,,,,,,,,,,,,,,,,,18.868457726399903,4.512247940404926,,,,,,,,,,,,,5,"[21, 22, 23, 24, 25]",candidate_ref,,,,,,,,,,,,,,,,,,,,,0.5870637315996646,0.38595497908403625,,,,,1.0,0.0,1.0,0.0,1.0,0.0,,,,,,,,,,,,,,,,,,,,,,,,,,,,,0.1,0.0,15.0,0.0,28.455671310424805,3.1866208857706924,52.31701240539551,10.601253350095181,0.01783727445356458,0.0168725074065926,0.1107059435726538,0.026355685831630303,0.5521675364674498,0.01211642623682351,0.6037850471582247,0.016555769837441846,0.510335659926515,0.02195947909185251,0.48443976648006765,0.01242622007137617,0.6461691224321584,0.05063034611376053,0.5982524826866719,0.030912871031370234,0.5322686979926503,0.04915450337801741,,,,,,,,,,,,,,,,,,,200.0,0.0,0.1,0.0,0.01783727445356458,0.0168725074065926,0.01783727445356458,0.0168725074065926,0.01783727445356458,0.0168725074065926,0.0,0.0,0.1107059435726538,0.026355685831630296,0.1107059435726538,0.026355685831630303,0.0,0.0,15.0,0.0,8.0,0.0
diagnosis_fd001_reliability,candidate_ref,cmapss:FD001,diagnosis,detector | single_sensor_0 | gmm_impute,,,,,,,,,,,,,,,,,,,,,,,,,,,,,2.2784336150001763,0.5121820679143705,,,,,,,,,,,,,5,"[21, 22, 23, 24, 25]",candidate_ref,,,,,,,,,,,,,,,,,,,,,0.056161959400014894,0.013530017571432448,,,,,1.0,0.0,1.0,0.0,1.0,0.0,,,,,,,,,,,,,,,,,,,,,,,,,,,,,0.1,0.0,15.0,0.0,51.11787109375,8.482575206995751,291.6001518249512,67.65955292371044,0.025363096378616595,0.04108969186989252,0.09699913088727077,0.05438761994502548,0.5462643294697327,0.011767482223170297,0.5925256794801068,0.020126991663238045,0.5017194834376913,0.015345927290578243,0.5052781813474861,0.03482534304328404,0.6237914816973877,0.042241285748501375,0.5882925861812345,0.056100714657075355,0.5260602882558456,0.050154968641258874,,,,,,,,,,,,,,,,,,,200.0,0.0,0.1,0.0,0.0253630963786166,0.04108969186989254,0.025363096378616595,0.04108969186989252,0.025363096378616595,0.04108969186989252,0.0,0.0,0.09699913088727079,0.05438761994502551,0.09699913088727077,0.05438761994502548,0.0,0.0,15.0,0.0,1.0,0.0
diagnosis_fd001_reliability,candidate_ref,cmapss:FD001,diagnosis,detector | single_sensor_0 | knn_refit,,,,,,,,,,,,,,,,,,,,,,,,,,,,,0.07878987379954197,0.0169098948112136,,,,,,,,,,,,,5,"[21, 22, 23, 24, 25]",candidate_ref,,,,,,,,,,,,,,,,,,,,,0.0387728313999105,0.022734425286574954,,,,,1.0,0.0,1.0,0.0,1.0,0.0,,,,,,,,,,,,,,,,,,,,,,,,,,,,,0.1,0.0,15.0,0.0,2.729460096359253,0.16490660668923474,5.60496187210083,0.24922816590999572,0.04057032096666567,0.05020564782563837,0.13297721579949315,0.050127898702147136,0.5413665387970765,0.017047829148643164,0.5972688317424721,0.019082538560862058,0.49809232082423804,0.03335863277085036,0.44236317311090734,0.010436367601945216,0.6435377370024677,0.042822225438023116,0.597220796887071,0.03584894792180928,0.5365304803617816,0.052478178932804605,,,,,,,,,,,,,,,,,,,200.0,0.0,0.1,0.0,0.04057032096666567,0.05020564782563837,0.04057032096666567,0.05020564782563837,0.04057032096666567,0.05020564782563837,0.2,0.447213595499958,0.13297721579949318,0.05012789870214717,0.13297721579949315,0.050127898702147136,0.0,0.0,15.0,0.0,8.0,0.0
diagnosis_fd001_reliability,candidate_ref,cmapss:FD001,diagnosis,detector | single_sensor_0 | knn_impute,,,,,,,,,,,,,,,,,,,,,,,,,,,,,0.008845197800110328,0.0017668790369333959,,,,,,,,,,,,,5,"[21, 22, 23, 24, 25]",candidate_ref,,,,,,,,,,,,,,,,,,,,,0.006456627000079607,0.0012038009649608717,,,,,1.0,0.0,1.0,0.0,1.0,0.0,,,,,,,,,,,,,,,,,,,,,,,,,,,,,0.1,0.0,15.0,0.0,8.11614761352539,0.11275287902910203,3.9417824745178223,0.4694971978791948,0.027495917169926148,0.034210633289793665,0.10754038822624434,0.031154039843586105,0.5471721617557102,0.013607838997464034,0.5957810975741147,0.018333181294736774,0.5018635358671293,0.01841361285126103,0.5087264869519798,0.03807890196846137,0.6201565464422261,0.024752898205568197,0.5938092008161918,0.04331539838623635,0.5253435561867217,0.037753874787476153,,,,,,,,,,,,,,,,,,,200.0,0.0,0.1,0.0,0.027495917169926148,0.034210633289793665,0.027495917169926148,0.034210633289793665,0.027495917169926148,0.034210633289793665,0.0,0.0,0.10754038822624434,0.031154039843586105,0.10754038822624434,0.031154039843586105,0.0,0.0,15.0,0.0,1.0,0.0
diagnosis_fd001_reliability,restarts4,cmapss:FD001,diagnosis,model,-9.5367431640625e-08,2.998060307493041e-07,2400.0,0.0,2385.0,0.0,19136.0,0.0,23921.0,0.0,195840.0,0.0,13350.0,2048.3652018133876,489.0,165.74981146293953,453.4,187.43612245242377,27.11905746459961,8.578544580889327,4.0,0.0,1.0,1.4142135623730951,2.2,1.0954451150103321,7215.0,2398.734041114187,236.61376676559448,34.97650153650179,25.441492401706657,6.264663742872978,0.05,0.0,600.0,0.0,100.0,0.0,60.0,0.0,256.0,0.0,5,"[21, 22, 23, 24, 25]",restarts4,,,,,,,,,,,,,,,,,,,,,,,,,,,,,,,,,,,,,,,,,,,,,,,,,,,,,,,,,,,,,,,,,,,,,,,,,,,,,,,,,,,,,,,,,,,,,,,,,,,,,,,,,,,,,,,,,,,,,,,,,,,,,,
diagnosis_fd001_reliability,restarts4,cmapss:FD001,diagnosis,shortcut audit,,,,,,,,,,,,,,,,,,,,,,,,,,,,,,,,,,,,,,,,,,,5,"[21, 22, 23, 24, 25]",restarts4,0.5499691103156396,0.010437524934745833,0.0,0.0,966.8,121.16600183219714,592.8,117.97118292193225,42.0,0.0,,,,,,,,,,,,,,,,,,,,,,,,,,,,,,,,,,,,,,,,,,,,,,,,,,,,,,,,,,,,,,,,,,,,,,,,,,,,,,,,,,,,,,,,,,,,,,,,,,,,,,,,,,,,,,,,,,,,
diagnosis_fd001_reliability,restarts4,cmapss:FD001,diagnosis,model gaussian_fitted,,,,,,,,,,,45450.0,0.0,,,,,,,,,,,,,,,,,0.1882045274003758,0.022944857925993975,,,,,,,,,,,,,5,"[21, 22, 23, 24, 25]",restarts4,,,,,,,,,,,1.0,0.0,300.0,0.0,-171.86410883568502,5.378370049144868,1.0,0.0,,,,,,,,,,,,,,,,,,,,,,,,,,,,,,,,,,,,,,,,,,,,,,,,,,,,,,,,,,,,,,,,,,,,,,,,,,,,,,,,,,,,,,,,,,,,,,,,,,,,,,,,,,,,
diagnosis_fd001_reliability,restarts4,cmapss:FD001,diagnosis,query full | circuit,,,,,,,,,,,,,,,,,,,,,,,,,,,,,,,,,,,,,,,,,,,5,"[21, 22, 23, 24, 25]",restarts4,,,,,,,,,,,,,,,,,,,0.0,0.0,0.4140649771999961,0.06590733182932262,0.15640959620013745,0.006489299298062623,592.8,117.97118292193225,15.0,0.0,15.0,0.0,15.0,0.0,55.8,13.863621460498697,1334791.8,331631.6889565893,0.0,0.0,1.0,0.0,0.0,0.0,439591432.8,87481648.66694178,0.0,0.0,8892.0,1769.5677438289838,0.0,0.0,16.858722496032716,3.853656007584095,16.96943645477295,3.805444033205572,8.145379257202148,1.724280293287577,3.1467054560780525,2.627639875790506,29.341387939453124,5.463903662498982,,,,,,,,,,,,,,,,,,,,,,,,,,,,,,,,,,,,,,,,,,,,,,,,,,,,,,,,,,,,,,,,,,
diagnosis_fd001_reliability,restarts4,cmapss:FD001,diagnosis,joint | full | circuit,,,,,,,,,,,,,,,,,,,,,,,,,,,,,,,,,,,,,,,,,,,5,"[21, 22, 23, 24, 25]",restarts4,,,,,,,,,,,,,,,,,,,,,,,,,,,,,,,,,,,,,,,,,,,,,,,,,,,,,,,,,,,,,0.1,0.0,15.0,0.0,73.56368637084961,11.82511847328667,3718.10947265625,2324.6103809867122,0.025349356228289027,0.043110808220158676,0.5675330872413524,0.07522918314952519,0.8303011201336119,0.025682819099810177,0.8770287424962614,0.02158012526898881,0.4943729893849279,0.026445855029714103,0.7431397858413386,0.033478085773487584,0.9999060681582496,0.00014378869015414618,0.9999599097970433,8.964441904284412e-05,0.9395644970877963,0.02828401279760781,0.749091632660831,0.032757574318091155,296.4,58.98559146096613,0.0,0.0,0.0,0.0,0.0,0.0,296.4,58.98559146096613,125.8,22.286767374386084,0.7178053621483302,0.040702345873876174,0.554001158734754,0.06453559513344818,200.0,0.0,0.1,0.0,0.025349356228289033,0.0431108082201587,0.025349356228289027,0.043110808220158676,0.025349356228289027,0.043110808220158676,0.2,0.44721359549995804,0.5675330872413523,0.07522918314952526,0.5675330872413524,0.07522918314952519,0.0,0.0,15.0,0.0,,
diagnosis_fd001_reliability,restarts4,cmapss:FD001,diagnosis,independent | full | circuit,,,,,,,,,,,,,,,,,,,,,,,,,,,,,,,,,,,,,,,,,,,5,"[21, 22, 23, 24, 25]",restarts4,,,,,,,,,,,,,,,,,,,,,,,,,,,,,,,,,,,,,,,,,,,,,,,,,,,,,,,,,,,,,0.1,0.0,15.0,0.0,108.89646759033204,18.946053361527216,3684.4692626953124,2318.758559702597,0.021643993102126842,0.03668722844792341,0.4668713007797491,0.07651085091449261,0.7787169561608209,0.023808219825391115,0.8349217697016327,0.02340089641343118,0.49088711458497264,0.017589244622840006,0.5165074874798065,0.0454245540023474,0.9934278207060588,0.0075821968219353456,0.9920490096272585,0.010786116466126677,0.9196664617807897,0.02472380162472929,0.6763207409922709,0.03901570097571799,296.4,58.98559146096613,0.0,0.0,0.0,0.0,0.0,0.0,296.4,58.98559146096613,155.8,28.314307337457507,0.6196498582495107,0.046728485570169474,0.45569484838230273,0.06545205877567524,200.0,0.0,0.1,0.0,0.02164399310212685,0.03668722844792342,0.021643993102126842,0.03668722844792341,0.021643993102126842,0.03668722844792341,0.0,0.0,0.4668713007797491,0.0765108509144925,0.4668713007797491,0.07651085091449261,0.0,0.0,15.0,0.0,,
diagnosis_fd001_reliability,restarts4,cmapss:FD001,diagnosis,marginal_max | full | circuit,,,,,,,,,,,,,,,,,,,,,,,,,,,,,,,,,,,,,,,,,,,5,"[21, 22, 23, 24, 25]",restarts4,,,,,,,,,,,,,,,,,,,,,,,,,,,,,,,,,,,,,,,,,,,,,,,,,,,,,,,,,,,,,0.1,0.0,15.0,0.0,31.600661087036134,1.3606611368188608,3279.1408081054688,2419.4022795441833,0.017762628975236956,0.02785998102730603,0.5816086386371542,0.05507415037826864,0.7958017234834933,0.019744267694245705,0.8563355852611739,0.01772048390486913,0.4931414991246211,0.01341151515676956,0.5205198370337968,0.05923674999012748,0.9984174307742164,0.002449051421058723,0.9986067367560814,0.0026609976637201435,0.9794649800421578,0.009578275507605434,0.6763207409922709,0.03901570097571799,296.4,58.98559146096613,0.0,0.0,0.0,0.0,0.0,0.0,296.4,58.98559146096613,122.6,23.35165946993918,0.6196498582495107,0.046728485570169474,0.5730846723005226,0.052147655008210524,200.0,0.0,0.1,0.0,0.017762628975236956,0.027859981027306035,0.017762628975236956,0.02785998102730603,0.017762628975236956,0.02785998102730603,0.0,0.0,0.5816086386371542,0.055074150378268634,0.5816086386371542,0.05507415037826864,0.0,0.0,15.0,0.0,,
diagnosis_fd001_reliability,restarts4,cmapss:FD001,diagnosis,conditional_max | full | circuit,,,,,,,,,,,,,,,,,,,,,,,,,,,,,,,,,,,,,,,,,,,5,"[21, 22, 23, 24, 25]",restarts4,,,,,,,,,,,,,,,,,,,,,,,,,,,,,,,,,,,,,,,,,,,,,,,,,,,,,,,,,,,,,0.1,0.0,15.0,0.0,30.231499099731444,2.2667951490264158,3285.0051879882812,2423.715025017016,0.008365918681056564,0.007098996631909764,0.6580484131058727,0.043652266101528024,0.8420681314555261,0.020976637196647684,0.8917815359598418,0.01506020567179455,0.49021655914676854,0.019442462834636638,0.7637566793936514,0.03147137033395218,0.9999564127710581,9.74640068649578e-05,0.9999044433827041,0.0002136710919732168,0.977669915956789,0.013270592668865652,0.749091632660831,0.032757574318091155,296.4,58.98559146096613,0.0,0.0,0.0,0.0,0.0,0.0,296.4,58.98559146096613,99.4,11.781341180018513,0.7178053621483302,0.040702345873876174,0.6490613764123937,0.043859243385866255,200.0,0.0,0.1,0.0,0.008365918681056564,0.007098996631909765,0.008365918681056564,0.007098996631909764,0.008365918681056564,0.007098996631909764,0.0,0.0,0.6580484131058728,0.04365226610152804,0.6580484131058727,0.043652266101528024,0.0,0.0,15.0,0.0,,
diagnosis_fd001_reliability,restarts4,cmapss:FD001,diagnosis,relational_max | full | circuit,,,,,,,,,,,,,,,,,,,,,,,,,,,,,,,,,,,,,,,,,,,5,"[21, 22, 23, 24, 25]",restarts4,,,,,,,,,,,,,,,,,,,,,,,,,,,,,,,,,,,,,,,,,,,,,,,,,,,,,,,,,,,,,0.1,0.0,15.0,0.0,7.127560806274414,1.9055874402806723,149.25753173828124,29.06823456208244,0.03085152140004179,0.03561850629270403,0.475005802510948,0.049305146665131014,0.773675850102415,0.02058909503616643,0.8297758210587078,0.01698904372740569,0.4914135185897225,0.02824835039682753,0.8367955804611544,0.015584738478313645,0.9809420144188324,0.016724402475278472,0.9791180666865863,0.013470534516712653,0.6372880806039692,0.02795294011888793,0.5670794633089209,0.027764319309085673,296.4,58.98559146096613,0.0,0.0,0.0,0.0,3.8,3.96232255123179,292.6,56.39414863263741,151.0,23.926972228010797,0.5616263524455114,0.04873798942945131,0.4269609368324424,0.03546405668023232,200.0,0.0,0.1,0.0,0.03085152140004179,0.035618506292704015,0.03085152140004179,0.03561850629270403,0.03085152140004179,0.03561850629270403,0.0,0.0,0.4750058025109479,0.04930514666513102,0.475005802510948,0.049305146665131014,0.0,0.0,15.0,0.0,,
diagnosis_fd001_reliability,restarts4,cmapss:FD001,diagnosis,query full | gaussian_fitted,,,,,,,,,,,,,,,,,,,,,,,,,,,,,,,,,,,,,,,,,,,5,"[21, 22, 23, 24, 25]",restarts4,,,,,,,,,,,,,,,,,,,0.0,0.0,0.5029023707998931,0.0905275099372328,0.009340845400220132,0.002855979652173288,592.8,117.97118292193225,15.0,0.0,15.0,0.0,15.0,0.0,55.8,13.863621460498697,8640.0,2146.625258399798,0.0,0.0,1.0,0.0,0.0,0.0,2845440.0,566261.6780252748,0.0,0.0,8892.0,1769.5677438289838,10214400.0,0.0,13.29884714611345,2.3032477249029903,13.332562975087736,2.282114513889611,6.067602432631846,0.5010177749228425,3.1222495537267188,1.529520708205959,23.44149836521226,2.185404119455869,,,,,,,,,,,,,,,,,,,,,,,,,,,,,,,,,,,,,,,,,,,,,,,,,,,,,,,,,,,,,,,,,,
diagnosis_fd001_reliability,restarts4,cmapss:FD001,diagnosis,joint | full | gaussian_fitted,,,,,,,,,,,,,,,,,,,,,,,,,,,,,,,,,,,,,,,,,,,5,"[21, 22, 23, 24, 25]",restarts4,,,,,,,,,,,,,,,,,,,,,,,,,,,,,,,,,,,,,,,,,,,,,,,,,,,,,,,,,,,,,0.1,0.0,15.0,0.0,238.90447678069842,19.952976585954264,966.3883059352733,101.52827232586247,0.03504406974516191,0.05209847353488447,0.5491872329927485,0.08758379821329398,0.830587648791313,0.013753908417570916,0.8752769673071598,0.009811440990005365,0.4900608467560259,0.019161545659834415,0.7654076869314459,0.030867804835123403,0.9992908612107936,0.0009958389225129336,0.9994944439240374,0.00043597279631537314,0.9254430276796048,0.018121707433348472,0.7410635634161997,0.019920647252168328,296.4,58.98559146096613,0.0,0.0,0.0,0.0,0.0,0.0,296.4,58.98559146096613,131.2,27.30750812505601,0.7097929171999009,0.023123280946444634,0.5188923864037801,0.06668629096694599,200.0,0.0,0.1,0.0,0.03504406974516191,0.05209847353488447,0.03504406974516191,0.05209847353488447,0.03504406974516191,0.05209847353488447,0.2,0.447213595499958,0.5491872329927485,0.087583798213294,0.5491872329927485,0.08758379821329398,0.0,0.0,15.0,0.0,,
diagnosis_fd001_reliability,restarts4,cmapss:FD001,diagnosis,independent | full | gaussian_fitted,,,,,,,,,,,,,,,,,,,,,,,,,,,,,,,,,,,,,,,,,,,5,"[21, 22, 23, 24, 25]",restarts4,,,,,,,,,,,,,,,,,,,,,,,,,,,,,,,,,,,,,,,,,,,,,,,,,,,,,,,,,,,,,0.1,0.0,15.0,0.0,254.50202638414817,27.17407751682069,456.42489974039034,60.30547630229791,0.03960289327457367,0.07006064151059203,0.3818090798684593,0.14879385974739684,0.7663095415211811,0.0171795470497247,0.818958089917183,0.013639955753357818,0.4838145729019835,0.023229108082826886,0.5233349937431967,0.038541451312842034,0.9781494498694165,0.011131369373728436,0.9502550220994765,0.023002338909760115,0.9158956161914616,0.018313085323210024,0.6560020263949059,0.027047610622599798,296.4,58.98559146096613,0.0,0.0,0.0,0.0,0.0,0.0,296.4,58.98559146096613,179.6,45.11429928525988,0.5952224755913066,0.027740348433020364,0.3459143520226403,0.11173269874664418,200.0,0.0,0.1,0.0,0.03960289327457368,0.07006064151059205,0.03960289327457367,0.07006064151059203,0.03960289327457367,0.07006064151059203,0.2,0.447213595499958,0.38180907986845924,0.14879385974739678,0.3818090798684593,0.14879385974739684,0.0,0.0,15.0,0.0,,
diagnosis_fd001_reliability,restarts4,cmapss:FD001,diagnosis,marginal_max | full | gaussian_fitted,,,,,,,,,,,,,,,,,,,,,,,,,,,,,,,,,,,,,,,,,,,5,"[21, 22, 23, 24, 25]",restarts4,,,,,,,,,,,,,,,,,,,,,,,,,,,,,,,,,,,,,,,,,,,,,,,,,,,,,,,,,,,,,0.1,0.0,15.0,0.0,81.0862198231364,27.073787496753294,250.33928802187174,10.999479123714163,0.049635775992878384,0.09207111736670716,0.25096748887018167,0.23173341933682517,0.7481538874843976,0.016985108184231542,0.7796790114207621,0.020243889258115887,0.46024451243592523,0.018625282012306694,0.5361333216156862,0.039679814381814095,0.9335293360501857,0.026184480261754406,0.901153432456339,0.032077491584691545,0.9237288432959929,0.030621143517910513,0.6560020263949059,0.027047610622599798,296.4,58.98559146096613,0.0,0.0,0.0,0.0,0.0,0.0,296.4,58.98559146096613,218.8,77.05322835546866,0.5952224755913066,0.027740348433020364,0.22516111027144,0.1879601356678194,200.0,0.0,0.1,0.0,0.04963577599287837,0.09207111736670714,0.049635775992878384,0.09207111736670716,0.049635775992878384,0.09207111736670716,0.2,0.447213595499958,0.25096748887018155,0.23173341933682515,0.25096748887018167,0.23173341933682517,0.0,0.0,15.0,0.0,,
diagnosis_fd001_reliability,restarts4,cmapss:FD001,diagnosis,conditional_max | full | gaussian_fitted,,,,,,,,,,,,,,,,,,,,,,,,,,,,,,,,,,,,,,,,,,,5,"[21, 22, 23, 24, 25]",restarts4,,,,,,,,,,,,,,,,,,,,,,,,,,,,,,,,,,,,,,,,,,,,,,,,,,,,,,,,,,,,,0.1,0.0,15.0,0.0,86.55814760047726,28.056622065674105,497.9363222474734,66.7654747626599,0.049635775992878384,0.09207111736670716,0.4495245849691349,0.16668526912915999,0.8174031717068733,0.014997429895713277,0.8612657144418293,0.012410372820439249,0.46132929246401116,0.012923866235950765,0.737424065904822,0.04697645162561392,0.9937717984803045,0.005026035515201798,0.9946499252333636,0.0039308185867565565,0.9258550252796056,0.032036853301572785,0.7410635634161997,0.019920647252168328,296.4,58.98559146096613,0.0,0.0,0.0,0.0,0.0,0.0,296.4,58.98559146096613,160.0,52.07206544780032,0.7097929171999009,0.023123280946444634,0.42996820637039324,0.13668713442391237,200.0,0.0,0.1,0.0,0.04963577599287837,0.09207111736670714,0.049635775992878384,0.09207111736670716,0.049635775992878384,0.09207111736670716,0.2,0.447213595499958,0.4495245849691349,0.16668526912915996,0.4495245849691349,0.16668526912915999,0.0,0.0,15.0,0.0,,
diagnosis_fd001_reliability,restarts4,cmapss:FD001,diagnosis,relational_max | full | gaussian_fitted,,,,,,,,,,,,,,,,,,,,,,,,,,,,,,,,,,,,,,,,,,,5,"[21, 22, 23, 24, 25]",restarts4,,,,,,,,,,,,,,,,,,,,,,,,,,,,,,,,,,,,,,,,,,,,,,,,,,,,,,,,,,,,,0.1,0.0,15.0,0.0,6.676501997565301,2.5757432750707676,494.15440775491817,83.5512453870863,0.05509907956951369,0.0595833331067368,0.6302907980785927,0.0783046498044656,0.832902102277387,0.006780510175323377,0.8815951058656178,0.006418016628601411,0.48921931416087966,0.03883255679409983,0.874548891875955,0.033337435883197826,0.9999805780435744,2.6923049878463287e-05,0.9997730530339226,0.0005074688434363837,0.8345753916302406,0.029292438473992734,0.7004512470653232,0.018713763915163426,296.4,58.98559146096613,0.0,0.0,0.0,0.0,0.0,0.0,296.4,58.98559146096613,107.8,26.37612556839992,0.6942964830169223,0.033874773909921864,0.5973157975549137,0.05276792882852846,200.0,0.0,0.1,0.0,0.05509907956951369,0.059583333106736816,0.05509907956951369,0.0595833331067368,0.05509907956951369,0.0595833331067368,0.4,0.5477225575051662,0.6302907980785927,0.07830464980446565,0.6302907980785927,0.0783046498044656,0.0,0.0,15.0,0.0,,
diagnosis_fd001_reliability,restarts4,cmapss:FD001,diagnosis,detector | full | mahalanobis_refit,,,,,,,,,,,,,,,,,,,,,,,,,,,,,0.07732781699996849,0.09617065388158075,,,,,,,,,,,,,5,"[21, 22, 23, 24, 25]",restarts4,,,,,,,,,,,,,,,,,,,,,0.1176227262001703,0.10368419121917652,,,,,15.0,0.0,15.0,0.0,15.0,0.0,,,,,,,,,,,,,,,,,,,,,,,,,,,,,0.1,0.0,15.0,0.0,449.5802978515625,40.014047494297564,2056.3887939453125,217.20790847758437,0.032544069745161906,0.0467255431276333,0.552697675564653,0.08200627504188131,0.8307568929903058,0.013714631992891167,0.8755628051281723,0.009747823236886144,0.49097581514368027,0.020253741749293976,0.7659163758392247,0.030405529151187837,0.9993169198427154,0.0009403496923883598,0.9995034936977932,0.0004459243223174431,0.924766794499198,0.01786431044626352,,,,,,,,,,,,,,,,,,,200.0,0.0,0.1,0.0,0.03254406974516191,0.046725543127633315,0.032544069745161906,0.0467255431276333,0.032544069745161906,0.0467255431276333,0.2,0.447213595499958,0.552697675564653,0.08200627504188132,0.552697675564653,0.08200627504188131,0.0,0.0,15.0,0.0,1.0,0.0
diagnosis_fd001_reliability,restarts4,cmapss:FD001,diagnosis,detector | full | mahalanobis_impute,,,,,,,,,,,,,,,,,,,,,,,,,,,,,0.033101871800136,0.009174595587049885,,,,,,,,,,,,,5,"[21, 22, 23, 24, 25]",restarts4,,,,,,,,,,,,,,,,,,,,,0.04069271379976271,0.003929248529796668,,,,,15.0,0.0,15.0,0.0,15.0,0.0,,,,,,,,,,,,,,,,,,,,,,,,,,,,,0.1,0.0,15.0,0.0,449.5802978515625,40.014047494297564,2056.3887939453125,217.20790847758437,0.032544069745161906,0.0467255431276333,0.552697675564653,0.08200627504188131,0.8307568929903058,0.013714631992891167,0.8755628051281723,0.009747823236886144,0.49097581514368027,0.020253741749293976,0.7659163758392247,0.030405529151187837,0.9993169198427154,0.0009403496923883598,0.9995034936977932,0.0004459243223174431,0.924766794499198,0.01786431044626352,,,,,,,,,,,,,,,,,,,200.0,0.0,0.1,0.0,0.03254406974516191,0.046725543127633315,0.032544069745161906,0.0467255431276333,0.032544069745161906,0.0467255431276333,0.2,0.447213595499958,0.552697675564653,0.08200627504188132,0.552697675564653,0.08200627504188131,0.0,0.0,15.0,0.0,1.0,0.0
diagnosis_fd001_reliability,restarts4,cmapss:FD001,diagnosis,detector | full | gmm_refit,,,,,,,,,,,,,,,,,,,,,,,,,,,,,2.671446110799843,0.724674350661829,,,,,,,,,,,,,5,"[21, 22, 23, 24, 25]",restarts4,,,,,,,,,,,,,,,,,,,,,2.704904899999929,0.7185343568194684,,,,,15.0,0.0,15.0,0.0,15.0,0.0,,,,,,,,,,,,,,,,,,,,,,,,,,,,,0.1,0.0,15.0,0.0,409.52796630859376,96.73161668529337,2127.7951522827148,285.74180882062143,0.03752689726660088,0.028065114930894666,0.51250463914448,0.09025138955941657,0.8142316343571816,0.017650324815010762,0.8609074001905761,0.016910292929881148,0.4973389829642447,0.025547509511537708,0.7335893809575488,0.05925343540085749,0.9886993926642662,0.019930464058622206,0.9952594945396331,0.005652370726387663,0.8824273277368574,0.05017085708714952,,,,,,,,,,,,,,,,,,,200.0,0.0,0.1,0.0,0.03752689726660088,0.028065114930894666,0.03752689726660088,0.028065114930894666,0.03752689726660088,0.028065114930894666,0.0,0.0,0.51250463914448,0.09025138955941661,0.51250463914448,0.09025138955941657,0.0,0.0,15.0,0.0,1.0,0.0
diagnosis_fd001_reliability,restarts4,cmapss:FD001,diagnosis,detector | full | gmm_impute,,,,,,,,,,,,,,,,,,,,,,,,,,,,,1.9751470223998695,0.9312739713998786,,,,,,,,,,,,,5,"[21, 22, 23, 24, 25]",restarts4,,,,,,,,,,,,,,,,,,,,,0.02809376560016972,0.008372098908556962,,,,,15.0,0.0,15.0,0.0,15.0,0.0,,,,,,,,,,,,,,,,,,,,,,,,,,,,,0.1,0.0,15.0,0.0,409.52796630859376,96.73161668529337,2127.7951522827148,285.74180882062143,0.03752689726660088,0.028065114930894666,0.51250463914448,0.09025138955941657,0.8142316343571816,0.017650324815010762,0.8609074001905761,0.016910292929881148,0.4973389829642447,0.025547509511537708,0.7335893809575488,0.05925343540085749,0.9886993926642662,0.019930464058622206,0.9952594945396331,0.005652370726387663,0.8824273277368574,0.05017085708714952,,,,,,,,,,,,,,,,,,,200.0,0.0,0.1,0.0,0.03752689726660088,0.028065114930894666,0.03752689726660088,0.028065114930894666,0.03752689726660088,0.028065114930894666,0.0,0.0,0.51250463914448,0.09025138955941661,0.51250463914448,0.09025138955941657,0.0,0.0,15.0,0.0,1.0,0.0
diagnosis_fd001_reliability,restarts4,cmapss:FD001,diagnosis,detector | full | knn_refit,,,,,,,,,,,,,,,,,,,,,,,,,,,,,0.009992984199925559,0.0029049489208942216,,,,,,,,,,,,,5,"[21, 22, 23, 24, 25]",restarts4,,,,,,,,,,,,,,,,,,,,,0.044961939600216286,0.017777306615105435,,,,,15.0,0.0,15.0,0.0,15.0,0.0,,,,,,,,,,,,,,,,,,,,,,,,,,,,,0.1,0.0,15.0,0.0,12.52821750640869,1.201518726023769,8.490933609008788,0.6082815314785511,0.061423614623586295,0.1197574626640749,0.3483839886939129,0.20754004721146274,0.7942792667355454,0.01295479678334768,0.8326573299824698,0.015318477035500221,0.4797729286461788,0.013468887613842604,0.6860298961355114,0.05287447614859815,0.9920359394670715,0.005033570421450417,0.9926384100605846,0.005511883377761654,0.8518197660225629,0.049260675911290984,,,,,,,,,,,,,,,,,,,200.0,0.0,0.1,0.0,0.06142361462358629,0.11975746266407487,0.061423614623586295,0.1197574626640749,0.061423614623586295,0.1197574626640749,0.2,0.447213595499958,0.3483839886939129,0.20754004721146288,0.3483839886939129,0.20754004721146274,0.0,0.0,15.0,0.0,1.0,0.0
diagnosis_fd001_reliability,restarts4,cmapss:FD001,diagnosis,detector | full | knn_impute,,,,,,,,,,,,,,,,,,,,,,,,,,,,,0.00873431839991099,0.0029357782837369905,,,,,,,,,,,,,5,"[21, 22, 23, 24, 25]",restarts4,,,,,,,,,,,,,,,,,,,,,0.006761110800107417,0.001168373591667616,,,,,15.0,0.0,15.0,0.0,15.0,0.0,,,,,,,,,,,,,,,,,,,,,,,,,,,,,0.1,0.0,15.0,0.0,12.52821750640869,1.201518726023769,8.490933609008788,0.6082815314785511,0.061423614623586295,0.1197574626640749,0.3483839886939129,0.20754004721146274,0.7942792667355454,0.01295479678334768,0.8326573299824698,0.015318477035500221,0.4797729286461788,0.013468887613842604,0.6860298961355114,0.05287447614859815,0.9920359394670715,0.005033570421450417,0.9926384100605846,0.005511883377761654,0.8518197660225629,0.049260675911290984,,,,,,,,,,,,,,,,,,,200.0,0.0,0.1,0.0,0.06142361462358629,0.11975746266407487,0.061423614623586295,0.1197574626640749,0.061423614623586295,0.1197574626640749,0.2,0.447213595499958,0.3483839886939129,0.20754004721146288,0.3483839886939129,0.20754004721146274,0.0,0.0,15.0,0.0,1.0,0.0
diagnosis_fd001_reliability,restarts4,cmapss:FD001,diagnosis,query random1:1 | circuit,,,,,,,,,,,,,,,,,,,,,,,,,,,,,,,,,,,,,,,,,,,5,"[21, 22, 23, 24, 25]",restarts4,,,,,,,,,,,,,,,,,,,0.0,0.0,0.394018684999719,0.06207315004252978,0.15334339720029674,0.005990850846563964,592.8,117.97118292193225,14.0,0.0,14.0,0.0,14.0,0.0,52.2,12.96919426949878,1248676.2,310236.0961206803,0.0,0.0,1.0,0.0,0.0,0.0,411230695.2,81837671.3335907,0.0,0.0,8892.0,1769.5677438289838,0.0,0.0,15.844512367248536,3.5192798498716047,15.970115089416504,3.4445258553909492,7.714125728607177,1.5100116417789735,2.707531476020813,2.30858697040231,27.799373626708984,4.887197317276983,,,,,,,,,,,,,,,,,,,,,,,,,,,,,,,,,,,,,,,,,,,,,,,,,,,,,,,,,,,,,,,,,,
diagnosis_fd001_reliability,restarts4,cmapss:FD001,diagnosis,joint | random1:1 | circuit,,,,,,,,,,,,,,,,,,,,,,,,,,,,,,,,,,,,,,,,,,,5,"[21, 22, 23, 24, 25]",restarts4,,,,,,,,,,,,,,,,,,,,,,,,,,,,,,,,,,,,,,,,,,,,,,,,,,,,,,,,,,,,,0.1,0.0,15.0,0.0,49.669770050048825,12.0419072067556,3708.7894775390623,2325.274025323745,0.02688860220479638,0.04765479410718096,0.5718621033126186,0.07762028618109423,0.8274702692580828,0.025171626705028063,0.8747302687801903,0.021268156717455525,0.4947765414823224,0.023643150039051306,0.7377598081359348,0.03892547472606418,0.9998175895765472,0.0004078821066449209,0.998909799083467,0.0015221174175412324,0.9320195908831556,0.021553501479438433,0.7527927964527873,0.033514836737286675,290.8,58.52093642449683,5.6,0.8944271909999159,0.0,0.0,0.0,0.0,290.8,58.52093642449683,119.4,22.83199509460354,0.716254919222674,0.04501031372112632,0.5590119883896888,0.06927116030772895,200.0,0.0,0.1,0.0,0.026888602204796386,0.04765479410718098,0.02688860220479638,0.04765479410718096,0.02688860220479638,0.04765479410718096,0.2,0.44721359549995804,0.5718621033126186,0.07762028618109426,0.5718621033126186,0.07762028618109423,0.0,0.0,15.0,0.0,,
diagnosis_fd001_reliability,restarts4,cmapss:FD001,diagnosis,independent | random1:1 | circuit,,,,,,,,,,,,,,,,,,,,,,,,,,,,,,,,,,,,,,,,,,,5,"[21, 22, 23, 24, 25]",restarts4,,,,,,,,,,,,,,,,,,,,,,,,,,,,,,,,,,,,,,,,,,,,,,,,,,,,,,,,,,,,,0.1,0.0,15.0,0.0,82.73907318115235,18.284443412286414,3677.555908203125,2313.8451141668033,0.024901322092354856,0.04373113497545059,0.4730146212797687,0.07322179140183453,0.7764691638653789,0.022211796230537012,0.8336438465006857,0.022342593088761263,0.49056857083659977,0.017435916236521666,0.5165604856220138,0.04727997812081231,0.9931601932596784,0.007268525105185254,0.9880047999320803,0.015586731208256741,0.9129059946360331,0.019967983350698156,0.6834978727576286,0.041587539550911455,290.8,58.52093642449683,5.6,0.8944271909999159,0.0,0.0,0.0,0.0,290.8,58.52093642449683,148.8,26.80858071588274,0.6192258544031966,0.0554585483144368,0.4580558351019045,0.05715846381263505,200.0,0.0,0.1,0.0,0.024901322092354863,0.04373113497545061,0.024901322092354856,0.04373113497545059,0.024901322092354856,0.04373113497545059,0.2,0.44721359549995804,0.47301462127976857,0.0732217914018345,0.4730146212797687,0.07322179140183453,0.0,0.0,15.0,0.0,,
diagnosis_fd001_reliability,restarts4,cmapss:FD001,diagnosis,marginal_max | random1:1 | circuit,,,,,,,,,,,,,,,,,,,,,,,,,,,,,,,,,,,,,,,,,,,5,"[21, 22, 23, 24, 25]",restarts4,,,,,,,,,,,,,,,,,,,,,,,,,,,,,,,,,,,,,,,,,,,,,,,,,,,,,,,,,,,,,0.1,0.0,15.0,0.0,31.600661087036134,1.3606611368188608,3279.6817138671877,2419.3522622402807,0.007669068876474658,0.010810221469069573,0.5673660106378069,0.05267188776298635,0.7909341158555507,0.019089514243530677,0.8528250676185305,0.017092833729089978,0.49769724138405397,0.013746850798592157,0.5080981480340911,0.055505758695364546,0.9986983493810712,0.0021810582529232397,0.9983590167832777,0.0023022255039932666,0.9640814446776949,0.012480104423690566,0.6834978727576286,0.041587539550911455,290.8,58.52093642449683,5.6,0.8944271909999159,0.0,0.0,0.0,0.0,290.8,58.52093642449683,121.0,21.691011963483863,0.6192258544031966,0.0554585483144368,0.5643753438136183,0.05266352578568119,200.0,0.0,0.1,0.0,0.0076690688764746604,0.010810221469069575,0.007669068876474658,0.010810221469069573,0.007669068876474658,0.010810221469069573,0.0,0.0,0.5673660106378067,0.05267188776298636,0.5673660106378069,0.05267188776298635,0.0,0.0,15.0,0.0,,
diagnosis_fd001_reliability,restarts4,cmapss:FD001,diagnosis,conditional_max | random1:1 | circuit,,,,,,,,,,,,,,,,,,,,,,,,,,,,,,,,,,,,,,,,,,,5,"[21, 22, 23, 24, 25]",restarts4,,,,,,,,,,,,,,,,,,,,,,,,,,,,,,,,,,,,,,,,,,,,,,,,,,,,,,,,,,,,,0.1,0.0,15.0,0.0,28.72907066345215,1.1707886860700354,3285.9068237304687,2423.9044273647387,0.008554263137944263,0.011117503351390898,0.6548954086869662,0.04472301989878105,0.8395069698204362,0.022556608243349482,0.8890135496923472,0.017471717975714826,0.4919860536039642,0.022626193471257643,0.7640617820337223,0.030431030526641183,0.999978206385529,4.873200343250372e-05,0.9999522216913521,0.00010683554598663324,0.964981032805745,0.011714391830210457,0.7527927964527873,0.033514836737286675,290.8,58.52093642449683,5.6,0.8944271909999159,0.0,0.0,0.0,0.0,290.8,58.52093642449683,94.8,12.557866060760482,0.716254919222674,0.04501031372112632,0.6476466120777946,0.046874089096565805,200.0,0.0,0.1,0.0,0.008554263137944263,0.011117503351390896,0.008554263137944263,0.011117503351390898,0.008554263137944263,0.011117503351390898,0.0,0.0,0.6548954086869664,0.04472301989878105,0.6548954086869662,0.04472301989878105,0.0,0.0,15.0,0.0,,
diagnosis_fd001_reliability,restarts4,cmapss:FD001,diagnosis,relational_max | random1:1 | circuit,,,,,,,,,,,,,,,,,,,,,,,,,,,,,,,,,,,,,,,,,,,5,"[21, 22, 23, 24, 25]",restarts4,,,,,,,,,,,,,,,,,,,,,,,,,,,,,,,,,,,,,,,,,,,,,,,,,,,,,,,,,,,,,0.1,0.0,15.0,0.0,6.787879753112793,2.0675808063841123,148.47937774658203,30.585296332331286,0.03521032969019724,0.03718764551228097,0.4664894919566714,0.05029811417752916,0.7668158128486828,0.02225579750895867,0.8244577392035733,0.018367516457054,0.495037778552008,0.030984137703653717,0.8208035554640227,0.02168704426457212,0.9804660581024489,0.015637354204538077,0.9702298075960348,0.023291802746439213,0.6244977867346824,0.031051104937498093,0.5735788861543,0.03051103226509483,290.8,58.52093642449683,5.6,0.8944271909999159,0.0,0.0,3.8,3.63318042491699,287.0,55.991070716677676,148.4,24.43972176601035,0.5587793269242951,0.0476879205023472,0.412846116895847,0.03862921169644666,200.0,0.0,0.1,0.0,0.03521032969019724,0.03718764551228099,0.03521032969019724,0.03718764551228097,0.03521032969019724,0.03718764551228097,0.0,0.0,0.4664894919566714,0.05029811417752927,0.4664894919566714,0.05029811417752916,0.0,0.0,15.0,0.0,,
diagnosis_fd001_reliability,restarts4,cmapss:FD001,diagnosis,query random1:1 | gaussian_fitted,,,,,,,,,,,,,,,,,,,,,,,,,,,,,,,,,,,,,,,,,,,5,"[21, 22, 23, 24, 25]",restarts4,,,,,,,,,,,,,,,,,,,0.0,0.0,0.4108765132001281,0.0821091141066246,0.007531615600237273,0.0018950537068062887,592.8,117.97118292193225,14.0,0.0,14.0,0.0,14.0,0.0,52.2,12.96919426949878,7560.0,1878.2971010998233,0.0,0.0,1.0,0.0,0.0,0.0,2489760.0,495478.96827211545,0.0,0.0,8892.0,1769.5677438289838,17814720.0,0.0,12.839176587245756,2.0294032499328996,12.854387250077924,2.021885054846293,5.707879282916298,0.48412206380619305,3.5264651977253623,1.1399056840929445,22.149326943723782,1.8534922136589604,,,,,,,,,,,,,,,,,,,,,,,,,,,,,,,,,,,,,,,,,,,,,,,,,,,,,,,,,,,,,,,,,,
diagnosis_fd001_reliability,restarts4,cmapss:FD001,diagnosis,joint | random1:1 | gaussian_fitted,,,,,,,,,,,,,,,,,,,,,,,,,,,,,,,,,,,,,,,,,,,5,"[21, 22, 23, 24, 25]",restarts4,,,,,,,,,,,,,,,,,,,,,,,,,,,,,,,,,,,,,,,,,,,,,,,,,,,,,,,,,,,,,0.1,0.0,15.0,0.0,215.62837798157489,15.816121241165748,953.1695628228642,110.48832297128506,0.03004018775758427,0.039543595601116,0.54988386641173,0.08309742863908942,0.8273348007265042,0.013837834105172588,0.8731234130497671,0.01020219816437587,0.4879786480382016,0.02184804109569417,0.7609449696938451,0.03133981249772738,0.9993383032621258,0.001016794396819239,0.999457464934513,0.00071149857583658,0.9169540272790737,0.019019261690196212,0.7460122390018468,0.018180662537943607,290.8,58.52093642449683,5.6,0.8944271909999159,0.0,0.0,0.0,0.0,290.8,58.52093642449683,125.6,25.451915448547286,0.709189090294305,0.020314910708921895,0.5214233731293016,0.06302778948675189,200.0,0.0,0.1,0.0,0.030040187757584276,0.039543595601116005,0.03004018775758427,0.039543595601116,0.03004018775758427,0.039543595601116,0.0,0.0,0.5498838664117299,0.08309742863908938,0.54988386641173,0.08309742863908942,0.0,0.0,15.0,0.0,,
diagnosis_fd001_reliability,restarts4,cmapss:FD001,diagnosis,independent | random1:1 | gaussian_fitted,,,,,,,,,,,,,,,,,,,,,,,,,,,,,,,,,,,,,,,,,,,5,"[21, 22, 23, 24, 25]",restarts4,,,,,,,,,,,,,,,,,,,,,,,,,,,,,,,,,,,,,,,,,,,,,,,,,,,,,,,,,,,,,0.1,0.0,15.0,0.0,230.35593734359227,23.633861320714033,453.43714482472404,63.71217301654832,0.03640436386280897,0.059765951782890785,0.38133843710242143,0.13865526120587582,0.7628713858461199,0.017725237892027693,0.8166060296879168,0.01412877600491056,0.4826215035729094,0.025168041430975698,0.5217160895926792,0.039851398579605714,0.9771191966127425,0.013050588293990483,0.944930578050176,0.018405647288309523,0.9082581715143474,0.01826617067693079,0.6624827004710159,0.02733212361862597,290.8,58.52093642449683,5.6,0.8944271909999159,0.0,0.0,0.0,0.0,290.8,58.52093642449683,174.6,42.910371706616566,0.5935553903194888,0.02820994215099669,0.3466898272690248,0.10233994338055352,200.0,0.0,0.1,0.0,0.03640436386280897,0.059765951782890785,0.03640436386280897,0.059765951782890785,0.03640436386280897,0.059765951782890785,0.2,0.447213595499958,0.38133843710242143,0.13865526120587573,0.38133843710242143,0.13865526120587582,0.0,0.0,15.0,0.0,,
diagnosis_fd001_reliability,restarts4,cmapss:FD001,diagnosis,marginal_max | random1:1 | gaussian_fitted,,,,,,,,,,,,,,,,,,,,,,,,,,,,,,,,,,,,,,,,,,,5,"[21, 22, 23, 24, 25]",restarts4,,,,,,,,,,,,,,,,,,,,,,,,,,,,,,,,,,,,,,,,,,,,,,,,,,,,,,,,,,,,,0.1,0.0,15.0,0.0,81.0862198231364,27.073787496753294,251.2189274024484,10.488222510497582,0.049635775992878384,0.09207111736670716,0.2503424888701816,0.23034606837082444,0.7432570126542494,0.015237427841844606,0.7766893574695304,0.019752104432832856,0.4574785663149199,0.023899315833867896,0.5287457119699424,0.03774337201344525,0.9332238524917106,0.026367775205196363,0.896508279291637,0.03179524430281499,0.914550198801952,0.028673134098157475,0.6624827004710159,0.02733212361862597,290.8,58.52093642449683,5.6,0.8944271909999159,0.0,0.0,0.0,0.0,290.8,58.52093642449683,213.6,76.25483591222263,0.5935553903194888,0.02820994215099669,0.22453611027144005,0.1865710495295672,200.0,0.0,0.1,0.0,0.04963577599287837,0.09207111736670714,0.049635775992878384,0.09207111736670716,0.049635775992878384,0.09207111736670716,0.2,0.447213595499958,0.2503424888701816,0.23034606837082436,0.2503424888701816,0.23034606837082444,0.0,0.0,15.0,0.0,,
diagnosis_fd001_reliability,restarts4,cmapss:FD001,diagnosis,conditional_max | random1:1 | gaussian_fitted,,,,,,,,,,,,,,,,,,,,,,,,,,,,,,,,,,,,,,,,,,,5,"[21, 22, 23, 24, 25]",restarts4,,,,,,,,,,,,,,,,,,,,,,,,,,,,,,,,,,,,,,,,,,,,,,,,,,,,,,,,,,,,,0.1,0.0,15.0,0.0,86.86245357336696,28.299309291364718,495.6312951343366,67.15503530218666,0.049635775992878384,0.09207111736670716,0.4478329677534599,0.16597448434485554,0.8140786509019284,0.014683392280629736,0.8586678003359183,0.011851046627754807,0.4629413309995905,0.020028303519127676,0.7305084943532816,0.03917643666007596,0.9937698553328749,0.0049218211880913245,0.9945406285370119,0.003921187483175175,0.9158005301343701,0.02754398408912954,0.7460122390018468,0.018180662537943607,290.8,58.52093642449683,5.6,0.8944271909999159,0.0,0.0,0.0,0.0,290.8,58.52093642449683,155.0,50.97548430373173,0.709189090294305,0.020314910708921895,0.42765158915471824,0.13472081625487764,200.0,0.0,0.1,0.0,0.04963577599287837,0.09207111736670714,0.049635775992878384,0.09207111736670716,0.049635775992878384,0.09207111736670716,0.2,0.447213595499958,0.4478329677534599,0.16597448434485554,0.4478329677534599,0.16597448434485554,0.0,0.0,15.0,0.0,,
diagnosis_fd001_reliability,restarts4,cmapss:FD001,diagnosis,relational_max | random1:1 | gaussian_fitted,,,,,,,,,,,,,,,,,,,,,,,,,,,,,,,,,,,,,,,,,,,5,"[21, 22, 23, 24, 25]",restarts4,,,,,,,,,,,,,,,,,,,,,,,,,,,,,,,,,,,,,,,,,,,,,,,,,,,,,,,,,,,,,0.1,0.0,15.0,0.0,6.683549432703577,2.6353742127551145,492.128741094327,82.33069908971851,0.05633037774662336,0.062343924934664625,0.6198066487982452,0.08578290964497488,0.8257599950568417,0.011681414536724263,0.8766707423635648,0.009266944608078767,0.474985579460734,0.04337572187259387,0.8624654849555446,0.03010776900752378,0.9999784455348489,3.0569822694717694e-05,0.9997849976110846,0.0004807599569397502,0.8265336110129177,0.036978595714433765,0.7065292909546952,0.01719920001370639,290.8,58.52093642449683,5.6,0.8944271909999159,0.0,0.0,0.2,0.447213595499958,290.6,58.423454194355884,104.8,25.113741258522197,0.6969889967650381,0.02855345949101798,0.5853794044902403,0.061211143115063156,200.0,0.0,0.1,0.0,0.05633037774662336,0.06234392493466463,0.05633037774662336,0.062343924934664625,0.05633037774662336,0.062343924934664625,0.4,0.5477225575051662,0.6198066487982453,0.08578290964497495,0.6198066487982452,0.08578290964497488,0.0,0.0,15.0,0.0,,
diagnosis_fd001_reliability,restarts4,cmapss:FD001,diagnosis,detector | random1:1 | mahalanobis_refit,,,,,,,,,,,,,,,,,,,,,,,,,,,,,0.11538031979980587,0.10320096656914902,,,,,,,,,,,,,5,"[21, 22, 23, 24, 25]",restarts4,,,,,,,,,,,,,,,,,,,,,0.07833341580026172,0.02711737447744481,,,,,14.0,0.0,14.0,0.0,14.0,0.0,,,,,,,,,,,,,,,,,,,,,,,,,,,,,0.1,0.0,15.0,0.0,420.96397094726564,31.894183697113572,2025.6992614746093,241.9693079983985,0.029378423051701918,0.036715021643715436,0.553992843185589,0.07947259578969558,0.8276905955556085,0.013798904450248029,0.8735573547234171,0.010161143085057492,0.48866149615996274,0.02234211569640972,0.7622799716314456,0.0310641092691071,0.9993427709342511,0.000989394050772915,0.9994694095116751,0.0007170965138624511,0.9166943380616029,0.019021112475380506,,,,,,,,,,,,,,,,,,,200.0,0.0,0.1,0.0,0.029378423051701914,0.03671502164371542,0.029378423051701918,0.036715021643715436,0.029378423051701918,0.036715021643715436,0.0,0.0,0.5539928431855887,0.07947259578969555,0.553992843185589,0.07947259578969558,0.0,0.0,15.0,0.0,2.0,0.0
diagnosis_fd001_reliability,restarts4,cmapss:FD001,diagnosis,detector | random1:1 | mahalanobis_impute,,,,,,,,,,,,,,,,,,,,,,,,,,,,,0.033101871800136,0.009174595587049885,,,,,,,,,,,,,5,"[21, 22, 23, 24, 25]",restarts4,,,,,,,,,,,,,,,,,,,,,0.04111356320026971,0.003094401174329519,,,,,14.0,0.0,14.0,0.0,14.0,0.0,,,,,,,,,,,,,,,,,,,,,,,,,,,,,0.1,0.0,15.0,0.0,439.9566345214844,41.152389378589135,2047.1424774169923,259.1069105593536,0.032576952463466625,0.04646742870397392,0.5385149960038536,0.0903345853866196,0.8241621722860992,0.013625077688213156,0.8710193040064711,0.010034977734465225,0.48485249681612946,0.02303217972379648,0.7541835484762845,0.02968312132102438,0.99908111653146,0.0013552445857777109,0.9992705001506001,0.000865346274554882,0.9122789804107576,0.020916343272201682,,,,,,,,,,,,,,,,,,,200.0,0.0,0.1,0.0,0.03257695246346663,0.04646742870397393,0.032576952463466625,0.04646742870397392,0.032576952463466625,0.04646742870397392,0.2,0.447213595499958,0.5385149960038536,0.09033458538661968,0.5385149960038536,0.0903345853866196,0.0,0.0,15.0,0.0,1.0,0.0
diagnosis_fd001_reliability,restarts4,cmapss:FD001,diagnosis,detector | random1:1 | gmm_refit,,,,,,,,,,,,,,,,,,,,,,,,,,,,,5.261102986200058,2.219425844035231,,,,,,,,,,,,,5,"[21, 22, 23, 24, 25]",restarts4,,,,,,,,,,,,,,,,,,,,,2.6186027187997754,1.5132141817164326,,,,,14.0,0.0,14.0,0.0,14.0,0.0,,,,,,,,,,,,,,,,,,,,,,,,,,,,,0.1,0.0,15.0,0.0,318.11353759765626,64.45200758088791,2270.60373840332,989.5356716805958,0.05722910867980152,0.05598819036373278,0.5645514402735939,0.06758630704183287,0.8099647348186869,0.02083336132835904,0.8555711056951925,0.02613656923294065,0.4994114541673282,0.02475987608044266,0.7249991245089804,0.05682745570106839,0.9827441302043459,0.028738781509614307,0.9915768464363719,0.012313880017514593,0.8777023065631055,0.05514712949987982,,,,,,,,,,,,,,,,,,,200.0,0.0,0.1,0.0,0.05722910867980151,0.05598819036373277,0.05722910867980152,0.05598819036373278,0.05722910867980152,0.05598819036373278,0.2,0.447213595499958,0.5645514402735939,0.0675863070418329,0.5645514402735939,0.06758630704183287,0.0,0.0,15.0,0.0,2.0,0.0
diagnosis_fd001_reliability,restarts4,cmapss:FD001,diagnosis,detector | random1:1 | gmm_impute,,,,,,,,,,,,,,,,,,,,,,,,,,,,,1.9751470223998695,0.9312739713998786,,,,,,,,,,,,,5,"[21, 22, 23, 24, 25]",restarts4,,,,,,,,,,,,,,,,,,,,,0.0279917141999249,0.006516922612516264,,,,,14.0,0.0,14.0,0.0,14.0,0.0,,,,,,,,,,,,,,,,,,,,,,,,,,,,,0.1,0.0,15.0,0.0,399.1070983886719,87.53089287371611,2102.8420646667482,268.2517589237737,0.037514668632087876,0.03783122524230701,0.5062020897399467,0.08924207069127546,0.8082378836630859,0.017612623096264757,0.8565882532093486,0.017832449396954667,0.48401249771353105,0.025426745055206933,0.725404614507337,0.05429645989093391,0.9874441757345362,0.02114857393177411,0.9931071162327832,0.008372917625914508,0.8785525509059786,0.04889594107655774,,,,,,,,,,,,,,,,,,,200.0,0.0,0.1,0.0,0.037514668632087876,0.037831225242307004,0.037514668632087876,0.03783122524230701,0.037514668632087876,0.03783122524230701,0.0,0.0,0.5062020897399468,0.08924207069127552,0.5062020897399467,0.08924207069127546,0.0,0.0,15.0,0.0,1.0,0.0
diagnosis_fd001_reliability,restarts4,cmapss:FD001,diagnosis,detector | random1:1 | knn_refit,,,,,,,,,,,,,,,,,,,,,,,,,,,,,0.019653197999832627,0.004663962807939836,,,,,,,,,,,,,5,"[21, 22, 23, 24, 25]",restarts4,,,,,,,,,,,,,,,,,,,,,0.04989260780021141,0.005485632365614042,,,,,14.0,0.0,14.0,0.0,14.0,0.0,,,,,,,,,,,,,,,,,,,,,,,,,,,,,0.1,0.0,15.0,0.0,11.898996925354004,1.2009568481216444,8.646504497528076,0.8108338008314562,0.056991801039917446,0.11162807152441429,0.32992394144037884,0.20926986943283257,0.789812939293419,0.014098963373442287,0.8294559669891841,0.015837182426666117,0.47477059423678,0.014346886981778773,0.6754368885746358,0.05009095397296006,0.9915804149952587,0.005154150429229211,0.9897387374917207,0.005177890628483138,0.8486082328012212,0.05327233178199012,,,,,,,,,,,,,,,,,,,200.0,0.0,0.1,0.0,0.05699180103991748,0.11162807152441434,0.056991801039917446,0.11162807152441429,0.056991801039917446,0.11162807152441429,0.2,0.447213595499958,0.3299239414403789,0.20926986943283254,0.32992394144037884,0.20926986943283257,0.0,0.0,15.0,0.0,2.0,0.0
diagnosis_fd001_reliability,restarts4,cmapss:FD001,diagnosis,detector | random1:1 | knn_impute,,,,,,,,,,,,,,,,,,,,,,,,,,,,,0.00873431839991099,0.0029357782837369905,,,,,,,,,,,,,5,"[21, 22, 23, 24, 25]",restarts4,,,,,,,,,,,,,,,,,,,,,0.007452065799952834,0.0018802900096074851,,,,,14.0,0.0,14.0,0.0,14.0,0.0,,,,,,,,,,,,,,,,,,,,,,,,,,,,,0.1,0.0,15.0,0.0,12.454169845581054,1.218083306125996,8.447356796264648,0.9150764364605012,0.0532721488255407,0.10330223850632797,0.317026922080841,0.21234052464433054,0.7831167512879214,0.012191975649122612,0.8240042260671864,0.015146930060531196,0.4685089833524435,0.024703125248269113,0.666227505540994,0.04841312284618983,0.9897945133021084,0.006234063013280492,0.9882685787208786,0.006479414694387163,0.836514128485468,0.053171304707057866,,,,,,,,,,,,,,,,,,,200.0,0.0,0.1,0.0,0.05327214882554069,0.10330223850632796,0.0532721488255407,0.10330223850632797,0.0532721488255407,0.10330223850632797,0.2,0.447213595499958,0.31702692208084104,0.2123405246443305,0.317026922080841,0.21234052464433054,0.0,0.0,15.0,0.0,1.0,0.0
diagnosis_fd001_reliability,restarts4,cmapss:FD001,diagnosis,query random3:5-8-14 | circuit,,,,,,,,,,,,,,,,,,,,,,,,,,,,,,,,,,,,,,,,,,,5,"[21, 22, 23, 24, 25]",restarts4,,,,,,,,,,,,,,,,,,,0.0,0.0,0.3548993696000252,0.05374243589789172,0.14651663820022803,0.005734165645100114,592.8,117.97118292193225,12.0,0.0,12.0,0.0,12.0,0.0,45.0,11.180339887498949,1076445.0,267444.91044886236,0.0,0.0,1.0,0.0,0.0,0.0,354509220.0,70549716.66688854,0.0,0.0,8892.0,1769.5677438289838,0.0,0.0,11.839001083374024,2.718660301605201,12.090437316894532,2.5309984981969182,6.04546890258789,1.0270509002295778,1.6019354581832885,2.7792863366550784,20.9921443939209,3.7647317988624764,,,,,,,,,,,,,,,,,,,,,,,,,,,,,,,,,,,,,,,,,,,,,,,,,,,,,,,,,,,,,,,,,,
diagnosis_fd001_reliability,restarts4,cmapss:FD001,diagnosis,joint | random3:5-8-14 | circuit,,,,,,,,,,,,,,,,,,,,,,,,,,,,,,,,,,,,,,,,,,,5,"[21, 22, 23, 24, 25]",restarts4,,,,,,,,,,,,,,,,,,,,,,,,,,,,,,,,,,,,,,,,,,,,,,,,,,,,,,,,,,,,,0.1,0.0,15.0,0.0,32.29538230895996,13.801113237406074,3710.1458251953127,2335.9000020859744,0.015464648400076641,0.021177987600669877,0.5275669804811047,0.06516187992661968,0.8117639149884461,0.02510082011436382,0.8625506956394211,0.021375808033172364,0.48992566882570854,0.027492826776626504,0.7102914653196858,0.031463726275788285,0.9997285071606855,0.0003788277250266653,0.9889063004079528,0.010344756125781888,0.8966090102520093,0.04462256108693343,0.7635341025251797,0.027964067269598443,277.8,54.60036629913759,18.6,4.9295030175464944,0.0,0.0,0.0,0.0,277.8,54.60036629913759,118.8,10.686440005914038,0.7227225496701497,0.03405196882987489,0.5161094934562398,0.06053310675585226,200.0,0.0,0.1,0.0,0.015464648400076641,0.021177987600669874,0.015464648400076641,0.021177987600669877,0.015464648400076641,0.021177987600669877,0.0,0.0,0.5275669804811047,0.06516187992661968,0.5275669804811047,0.06516187992661968,0.0,0.0,15.0,0.0,,
diagnosis_fd001_reliability,restarts4,cmapss:FD001,diagnosis,independent | random3:5-8-14 | circuit,,,,,,,,,,,,,,,,,,,,,,,,,,,,,,,,,,,,,,,,,,,5,"[21, 22, 23, 24, 25]",restarts4,,,,,,,,,,,,,,,,,,,,,,,,,,,,,,,,,,,,,,,,,,,,,,,,,,,,,,,,,,,,,0.1,0.0,15.0,0.0,56.80849838256836,15.016014011694605,3684.0984619140627,2323.722388637867,0.01168231461965894,0.01615071767787574,0.4336100924496281,0.06822460600816545,0.763952081474022,0.02551816036720059,0.8222278160944075,0.025484234091030383,0.490283458601508,0.01615084661903061,0.5120742787584527,0.044805011358271626,0.9905152055435946,0.007284746805462211,0.9666175486352128,0.01689721022560698,0.880828232711834,0.04329801190275769,0.7015586095757064,0.04257346789587546,277.8,54.60036629913759,18.6,4.9295030175464944,0.0,0.0,0.0,0.0,277.8,54.60036629913759,146.8,18.833480825381166,0.6337595071998046,0.05315311146384787,0.4251330815339154,0.06518724647468647,200.0,0.0,0.1,0.0,0.01168231461965894,0.01615071767787574,0.01168231461965894,0.01615071767787574,0.01168231461965894,0.01615071767787574,0.0,0.0,0.43361009244962806,0.06822460600816545,0.4336100924496281,0.06822460600816545,0.0,0.0,15.0,0.0,,
diagnosis_fd001_reliability,restarts4,cmapss:FD001,diagnosis,marginal_max | random3:5-8-14 | circuit,,,,,,,,,,,,,,,,,,,,,,,,,,,,,,,,,,,,,,,,,,,5,"[21, 22, 23, 24, 25]",restarts4,,,,,,,,,,,,,,,,,,,,,,,,,,,,,,,,,,,,,,,,,,,,,,,,,,,,,,,,,,,,,0.1,0.0,15.0,0.0,30.063647842407228,0.9949283061415807,3279.3444702148436,2419.162364247988,0.04209655273635805,0.058473013825832004,0.5604183312677332,0.035849530577567124,0.7804695558908747,0.025982325016812458,0.8437553873815679,0.022398036544821136,0.4940727407319419,0.015594335239712261,0.5114015716753736,0.04043643249215524,0.9951678500097776,0.007008003293749498,0.9848039010556171,0.009095731430906407,0.9328793786810486,0.030371400381422584,0.7015586095757064,0.04257346789587546,277.8,54.60036629913759,18.6,4.9295030175464944,0.0,0.0,0.0,0.0,277.8,54.60036629913759,111.8,22.241852440837746,0.6337595071998046,0.05315311146384787,0.5419468220482129,0.04627713414553185,200.0,0.0,0.1,0.0,0.04209655273635806,0.05847301382583201,0.04209655273635805,0.058473013825832004,0.04209655273635805,0.058473013825832004,0.2,0.44721359549995804,0.5604183312677332,0.035849530577567075,0.5604183312677332,0.035849530577567124,0.0,0.0,15.0,0.0,,
diagnosis_fd001_reliability,restarts4,cmapss:FD001,diagnosis,conditional_max | random3:5-8-14 | circuit,,,,,,,,,,,,,,,,,,,,,,,,,,,,,,,,,,,,,,,,,,,5,"[21, 22, 23, 24, 25]",restarts4,,,,,,,,,,,,,,,,,,,,,,,,,,,,,,,,,,,,,,,,,,,,,,,,,,,,,,,,,,,,,0.1,0.0,15.0,0.0,29.205233764648437,2.55284322964827,3284.661096191406,2422.9217269359297,0.025020165984844033,0.020906557271771944,0.6302046694566548,0.03509795925242458,0.8199984084487605,0.01898997938656745,0.8756041650683295,0.013874479478139192,0.49429533935085423,0.022091845981729596,0.7024301110544601,0.05219108335851262,0.9999673095782935,7.309800514873076e-05,0.9939897376464968,0.00880855264652053,0.9298945188938337,0.029138142242066355,0.7635341025251797,0.027964067269598443,277.8,54.60036629913759,18.6,4.9295030175464944,0.0,0.0,0.0,0.0,277.8,54.60036629913759,90.6,15.192103211866353,0.7227225496701497,0.03405196882987489,0.6181339432161699,0.036657235709190675,200.0,0.0,0.1,0.0,0.025020165984844033,0.020906557271771944,0.025020165984844033,0.020906557271771944,0.025020165984844033,0.020906557271771944,0.0,0.0,0.6302046694566548,0.03509795925242456,0.6302046694566548,0.03509795925242458,0.0,0.0,15.0,0.0,,
diagnosis_fd001_reliability,restarts4,cmapss:FD001,diagnosis,relational_max | random3:5-8-14 | circuit,,,,,,,,,,,,,,,,,,,,,,,,,,,,,,,,,,,,,,,,,,,5,"[21, 22, 23, 24, 25]",restarts4,,,,,,,,,,,,,,,,,,,,,,,,,,,,,,,,,,,,,,,,,,,,,,,,,,,,,,,,,,,,,0.1,0.0,15.0,0.0,5.247563171386719,2.327604514654124,141.1450180053711,30.855274380212798,0.06158324483925622,0.033247835987733856,0.4693076965938524,0.03632041119410837,0.7463584245128505,0.022310988423471036,0.8075244717054149,0.017581752769483393,0.48077570882810744,0.0399302773947529,0.796331291168783,0.019498759342251492,0.951737730698253,0.027991847266339662,0.9489676082646292,0.026869195771662715,0.6072463813798563,0.03227844677215737,0.57376033418958,0.030797834778533515,277.8,54.60036629913759,18.6,4.9295030175464944,0.0,0.0,6.2,6.1400325732035,271.6,50.60928768516704,135.8,25.55777768116782,0.5275885514704657,0.059247235163086255,0.3790524227133964,0.021528812976004244,200.0,0.0,0.1,0.0,0.061583244839256236,0.033247835987733856,0.06158324483925622,0.033247835987733856,0.06158324483925622,0.033247835987733856,0.0,0.0,0.4693076965938524,0.03632041119410839,0.4693076965938524,0.03632041119410837,0.0,0.0,15.0,0.0,,
diagnosis_fd001_reliability,restarts4,cmapss:FD001,diagnosis,query random3:5-8-14 | gaussian_fitted,,,,,,,,,,,,,,,,,,,,,,,,,,,,,,,,,,,,,,,,,,,5,"[21, 22, 23, 24, 25]",restarts4,,,,,,,,,,,,,,,,,,,0.0,0.0,0.26337220839996006,0.03512797834231794,0.006010408000111056,0.0015522181279226767,592.8,117.97118292193225,12.0,0.0,12.0,0.0,12.0,0.0,45.0,11.180339887498949,5616.0,1395.3064179598687,0.0,0.0,1.0,0.0,0.0,0.0,1849536.0,368070.09071642865,0.0,0.0,8892.0,1769.5677438289838,22944960.0,0.0,10.3611251391172,1.4888563675602313,10.448270309431345,1.4270490040948938,4.935234274555919,0.3531233890635993,2.1414403258338233,1.111053272528561,18.334787843023395,1.752352460028328,,,,,,,,,,,,,,,,,,,,,,,,,,,,,,,,,,,,,,,,,,,,,,,,,,,,,,,,,,,,,,,,,,
diagnosis_fd001_reliability,restarts4,cmapss:FD001,diagnosis,joint | random3:5-8-14 | gaussian_fitted,,,,,,,,,,,,,,,,,,,,,,,,,,,,,,,,,,,,,,,,,,,5,"[21, 22, 23, 24, 25]",restarts4,,,,,,,,,,,,,,,,,,,,,,,,,,,,,,,,,,,,,,,,,,,,,,,,,,,,,,,,,,,,,0.1,0.0,15.0,0.0,207.30794501339787,21.89109375376602,829.5575163723064,76.47362565902745,0.03258336938372573,0.04768955192243164,0.475469929440458,0.10868334340399431,0.8062981091802419,0.009320836551631684,0.8550736582677694,0.006755591545613124,0.4834083162085185,0.02146249886944591,0.7230104822719812,0.03654832813181829,0.9934798453529963,0.004569740316273892,0.9873326610775746,0.010823864335930305,0.8748678766240928,0.016679862701364144,0.7500865271201217,0.008285567755434077,277.8,54.60036629913759,18.6,4.9295030175464944,0.0,0.0,0.0,0.0,277.8,54.60036629913759,133.8,25.577333715616255,0.7117671317825034,0.011483706853367956,0.4452202504724255,0.08078823177479419,200.0,0.0,0.1,0.0,0.03258336938372573,0.04768955192243164,0.03258336938372573,0.04768955192243164,0.03258336938372573,0.04768955192243164,0.2,0.447213595499958,0.475469929440458,0.10868334340399424,0.475469929440458,0.10868334340399431,0.0,0.0,15.0,0.0,,
diagnosis_fd001_reliability,restarts4,cmapss:FD001,diagnosis,independent | random3:5-8-14 | gaussian_fitted,,,,,,,,,,,,,,,,,,,,,,,,,,,,,,,,,,,,,,,,,,,5,"[21, 22, 23, 24, 25]",restarts4,,,,,,,,,,,,,,,,,,,,,,,,,,,,,,,,,,,,,,,,,,,,,,,,,,,,,,,,,,,,,0.1,0.0,15.0,0.0,219.28186329964947,28.016209933092995,442.28108084053076,77.60906462988815,0.04273819218241043,0.08018852915800011,0.3194704228586699,0.1668186033685592,0.7426533842122256,0.013948759459668654,0.79448768476012,0.010239928387819477,0.4821250169917931,0.01941080646986875,0.5223346483938333,0.03147321448206303,0.9514810884548401,0.016812857947291458,0.9140726550399216,0.02344982006443112,0.8654506682165832,0.01608630631427941,0.6767689140049096,0.028427726701201375,277.8,54.60036629913759,18.6,4.9295030175464944,0.0,0.0,0.0,0.0,277.8,54.60036629913759,179.6,47.04572244104665,0.6037757244369967,0.029809529799200835,0.2841394505037174,0.12320572547421071,200.0,0.0,0.1,0.0,0.04273819218241043,0.08018852915800011,0.04273819218241043,0.08018852915800011,0.04273819218241043,0.08018852915800011,0.2,0.447213595499958,0.3194704228586699,0.16681860336855925,0.3194704228586699,0.1668186033685592,0.0,0.0,15.0,0.0,,
diagnosis_fd001_reliability,restarts4,cmapss:FD001,diagnosis,marginal_max | random3:5-8-14 | gaussian_fitted,,,,,,,,,,,,,,,,,,,,,,,,,,,,,,,,,,,,,,,,,,,5,"[21, 22, 23, 24, 25]",restarts4,,,,,,,,,,,,,,,,,,,,,,,,,,,,,,,,,,,,,,,,,,,,,,,,,,,,,,,,,,,,,0.1,0.0,15.0,0.0,81.0862198231364,27.073787496753294,250.76236594168418,11.125153524837236,0.049635775992878384,0.09207111736670716,0.23572667838192524,0.22268440335811732,0.7319787788917362,0.014931789452892367,0.7606801159170117,0.017536989544687263,0.4622150957369655,0.017315440796673527,0.5364414552062581,0.03465294156023127,0.9201252914053579,0.022624842830006563,0.8792951333756026,0.03890475059107104,0.8783443803549333,0.020676700244299254,0.6767689140049096,0.028427726701201375,277.8,54.60036629913759,18.6,4.9295030175464944,0.0,0.0,0.0,0.0,277.8,54.60036629913759,205.4,70.35126153808473,0.6037757244369967,0.029809529799200835,0.2080452997831837,0.17485992281622592,200.0,0.0,0.1,0.0,0.04963577599287837,0.09207111736670714,0.049635775992878384,0.09207111736670716,0.049635775992878384,0.09207111736670716,0.2,0.447213595499958,0.23572667838192524,0.22268440335811723,0.23572667838192524,0.22268440335811732,0.0,0.0,15.0,0.0,,
diagnosis_fd001_reliability,restarts4,cmapss:FD001,diagnosis,conditional_max | random3:5-8-14 | gaussian_fitted,,,,,,,,,,,,,,,,,,,,,,,,,,,,,,,,,,,,,,,,,,,5,"[21, 22, 23, 24, 25]",restarts4,,,,,,,,,,,,,,,,,,,,,,,,,,,,,,,,,,,,,,,,,,,,,,,,,,,,,,,,,,,,,0.1,0.0,15.0,0.0,83.88763544770771,26.889754682963012,412.08177368746163,48.46841448464647,0.049635775992878384,0.09207111736670716,0.38713505910236645,0.17937081754344147,0.7941989400297691,0.008869745631907103,0.8393836016161789,0.010843803678230988,0.4575200664275506,0.012476666455646922,0.6924047537444633,0.054787580359572985,0.9853137162273106,0.010071622050017586,0.9799721558134967,0.016159122200918186,0.8824306995736979,0.025570694430955485,0.7500865271201217,0.008285567755434077,277.8,54.60036629913759,18.6,4.9295030175464944,0.0,0.0,0.0,0.0,277.8,54.60036629913759,160.6,53.598507441905504,0.7117671317825034,0.011483706853367956,0.3644536805036248,0.14264936079365814,200.0,0.0,0.1,0.0,0.04963577599287837,0.09207111736670714,0.049635775992878384,0.09207111736670716,0.049635775992878384,0.09207111736670716,0.2,0.447213595499958,0.38713505910236645,0.1793708175434415,0.38713505910236645,0.17937081754344147,0.0,0.0,15.0,0.0,,
diagnosis_fd001_reliability,restarts4,cmapss:FD001,diagnosis,relational_max | random3:5-8-14 | gaussian_fitted,,,,,,,,,,,,,,,,,,,,,,,,,,,,,,,,,,,,,,,,,,,5,"[21, 22, 23, 24, 25]",restarts4,,,,,,,,,,,,,,,,,,,,,,,,,,,,,,,,,,,,,,,,,,,,,,,,,,,,,,,,,,,,,0.1,0.0,15.0,0.0,4.042728714188617,0.7344520161346175,384.03325561195044,49.69086155801646,0.09029067727942161,0.06612211966493105,0.6384304130902471,0.05139021303902173,0.8161391973745991,0.006730741617440778,0.8677019725857544,0.004215250943909109,0.4956478187756067,0.044089168981386796,0.8345084077341258,0.028994751891103992,0.999616351438541,0.0005806017086435574,0.9969602332686133,0.0025771771057126196,0.7930880860293086,0.025939163629365044,0.703922812710049,0.0049764298501566665,277.8,54.60036629913759,18.6,4.9295030175464944,0.0,0.0,0.0,0.0,277.8,54.60036629913759,88.0,11.379806676741042,0.6765902694260163,0.013341636706136382,0.5636707766207998,0.026493261369367693,200.0,0.0,0.1,0.0,0.09029067727942161,0.06612211966493103,0.09029067727942161,0.06612211966493105,0.09029067727942161,0.06612211966493105,0.2,0.44721359549995804,0.6384304130902471,0.051390213039021644,0.6384304130902471,0.05139021303902173,0.0,0.0,15.0,0.0,,
diagnosis_fd001_reliability,restarts4,cmapss:FD001,diagnosis,detector | random3:5-8-14 | mahalanobis_refit,,,,,,,,,,,,,,,,,,,,,,,,,,,,,0.2066626223997446,0.10482071810327062,,,,,,,,,,,,,5,"[21, 22, 23, 24, 25]",restarts4,,,,,,,,,,,,,,,,,,,,,0.123784711999906,0.07910314075368714,,,,,12.0,0.0,12.0,0.0,12.0,0.0,,,,,,,,,,,,,,,,,,,,,,,,,,,,,0.1,0.0,15.0,0.0,380.73370971679685,42.504058609351645,1761.8724334716796,169.47151084782487,0.0325794873961481,0.045917782722005876,0.47968622465419575,0.10856674277059723,0.806359062899771,0.00959299211953391,0.8553684041946873,0.006686827904124201,0.4840931846977551,0.022296730585844596,0.7234669247439088,0.03559800125308106,0.9933694266874575,0.004666683538423133,0.9872994955079182,0.010815538491313077,0.8741312390384233,0.016541011836034573,,,,,,,,,,,,,,,,,,,200.0,0.0,0.1,0.0,0.0325794873961481,0.04591778272200588,0.0325794873961481,0.045917782722005876,0.0325794873961481,0.045917782722005876,0.2,0.447213595499958,0.47968622465419564,0.10856674277059715,0.47968622465419575,0.10856674277059723,0.0,0.0,15.0,0.0,3.0,0.0
diagnosis_fd001_reliability,restarts4,cmapss:FD001,diagnosis,detector | random3:5-8-14 | mahalanobis_impute,,,,,,,,,,,,,,,,,,,,,,,,,,,,,0.033101871800136,0.009174595587049885,,,,,,,,,,,,,5,"[21, 22, 23, 24, 25]",restarts4,,,,,,,,,,,,,,,,,,,,,0.04257482320008421,0.002654624070308507,,,,,12.0,0.0,12.0,0.0,12.0,0.0,,,,,,,,,,,,,,,,,,,,,,,,,,,,,0.1,0.0,15.0,0.0,604.4197021484375,43.42752863826018,1879.6513305664062,101.11917639858439,0.006514657980456026,0.014567218094461171,0.35669126033320825,0.05935194372394125,0.7604944193076998,0.01949779257237189,0.8156366378742759,0.016025012948869804,0.48920547970082834,0.022345535927979648,0.6250230413069137,0.030956919756906086,0.9756867508686764,0.016504966970577697,0.9550277964472732,0.024436876900554117,0.7908676700882474,0.04298244701995874,,,,,,,,,,,,,,,,,,,200.0,0.0,0.1,0.0,0.006514657980456027,0.014567218094461173,0.006514657980456026,0.014567218094461171,0.006514657980456026,0.014567218094461171,0.0,0.0,0.3566912603332083,0.05935194372394128,0.35669126033320825,0.05935194372394125,0.0,0.0,15.0,0.0,1.0,0.0
diagnosis_fd001_reliability,restarts4,cmapss:FD001,diagnosis,detector | random3:5-8-14 | gmm_refit,,,,,,,,,,,,,,,,,,,,,,,,,,,,,10.936296329400102,4.643620616769247,,,,,,,,,,,,,5,"[21, 22, 23, 24, 25]",restarts4,,,,,,,,,,,,,,,,,,,,,5.6981438569997405,4.979722993480534,,,,,12.0,0.0,12.0,0.0,12.0,0.0,,,,,,,,,,,,,,,,,,,,,,,,,,,,,0.1,0.0,15.0,0.0,323.6609222412109,118.68229690567348,6837.051261138916,11017.892813685188,0.030670181819000823,0.023571569862197005,0.4031418286765048,0.10181676354683043,0.7635093185389765,0.011900770561022997,0.8038195747806668,0.019481637130054442,0.4869911191608466,0.0211561968591856,0.6650328819365109,0.040761562790567356,0.9469910401664541,0.02682742200060205,0.9471598035651709,0.023128874994317723,0.8032108396580316,0.03119951142422966,,,,,,,,,,,,,,,,,,,200.0,0.0,0.1,0.0,0.03067018181900083,0.02357156986219701,0.030670181819000823,0.023571569862197005,0.030670181819000823,0.023571569862197005,0.0,0.0,0.4031418286765048,0.10181676354683043,0.4031418286765048,0.10181676354683043,0.0,0.0,15.0,0.0,3.0,0.0
diagnosis_fd001_reliability,restarts4,cmapss:FD001,diagnosis,detector | random3:5-8-14 | gmm_impute,,,,,,,,,,,,,,,,,,,,,,,,,,,,,1.9751470223998695,0.9312739713998786,,,,,,,,,,,,,5,"[21, 22, 23, 24, 25]",restarts4,,,,,,,,,,,,,,,,,,,,,0.02671432659990387,0.013188447394936513,,,,,12.0,0.0,12.0,0.0,12.0,0.0,,,,,,,,,,,,,,,,,,,,,,,,,,,,,0.1,0.0,15.0,0.0,523.6479309082031,123.98524946219125,1659.898747253418,166.9994606465235,0.03460244590064005,0.06652767966706873,0.3695268849862768,0.11974835050830165,0.7504206374958337,0.01762636362718767,0.8045715389246728,0.015187590182762162,0.49174982751572516,0.02628087929010027,0.6058317343630166,0.03527210674074403,0.9618269642420714,0.038638889181816516,0.9506773510791522,0.020164330387154136,0.7774474586134827,0.04191642298306085,,,,,,,,,,,,,,,,,,,200.0,0.0,0.1,0.0,0.03460244590064004,0.0665276796670687,0.03460244590064005,0.06652767966706873,0.03460244590064005,0.06652767966706873,0.2,0.447213595499958,0.36952688498627684,0.1197483505083017,0.3695268849862768,0.11974835050830165,0.0,0.0,15.0,0.0,1.0,0.0
diagnosis_fd001_reliability,restarts4,cmapss:FD001,diagnosis,detector | random3:5-8-14 | knn_refit,,,,,,,,,,,,,,,,,,,,,,,,,,,,,0.02994473479957378,0.005899317366279648,,,,,,,,,,,,,5,"[21, 22, 23, 24, 25]",restarts4,,,,,,,,,,,,,,,,,,,,,0.04306295260030311,0.015785899740347206,,,,,12.0,0.0,12.0,0.0,12.0,0.0,,,,,,,,,,,,,,,,,,,,,,,,,,,,,0.1,0.0,15.0,0.0,11.570224571228028,1.230495251748617,7.740953731536865,0.39537856139487054,0.05767361462358629,0.11139965776802645,0.2990722728298362,0.21637748523488137,0.7712803960956759,0.013626344957500489,0.8085069420137009,0.016278089880268885,0.47568475928106935,0.01724729135805793,0.6530654466259577,0.05930970841386584,0.9777150150641806,0.006525583175905786,0.970997280068303,0.015980615409892426,0.8095748071954276,0.03486732846381366,,,,,,,,,,,,,,,,,,,200.0,0.0,0.1,0.0,0.05767361462358632,0.11139965776802649,0.05767361462358629,0.11139965776802645,0.05767361462358629,0.11139965776802645,0.2,0.447213595499958,0.2990722728298362,0.21637748523488126,0.2990722728298362,0.21637748523488137,0.0,0.0,15.0,0.0,3.0,0.0
diagnosis_fd001_reliability,restarts4,cmapss:FD001,diagnosis,detector | random3:5-8-14 | knn_impute,,,,,,,,,,,,,,,,,,,,,,,,,,,,,0.00873431839991099,0.0029357782837369905,,,,,,,,,,,,,5,"[21, 22, 23, 24, 25]",restarts4,,,,,,,,,,,,,,,,,,,,,0.007180289999996603,0.0014751846228361779,,,,,12.0,0.0,12.0,0.0,12.0,0.0,,,,,,,,,,,,,,,,,,,,,,,,,,,,,0.1,0.0,15.0,0.0,13.122869873046875,1.264902197067068,7.883893966674805,0.3505039541646014,0.028336726384364824,0.050083287161800105,0.22333586799495153,0.19301522846135527,0.7442242252931216,0.015683588531445435,0.7810522356248335,0.019444419093846817,0.47661157872224946,0.0229357076038807,0.6088899352362405,0.04052457967244342,0.9584828569183033,0.00844143264689607,0.9540010564926847,0.02367285660016091,0.7591958432353164,0.037459658954266305,,,,,,,,,,,,,,,,,,,200.0,0.0,0.1,0.0,0.028336726384364824,0.05008328716180011,0.028336726384364824,0.050083287161800105,0.028336726384364824,0.050083287161800105,0.2,0.447213595499958,0.22333586799495145,0.1930152284613552,0.22333586799495153,0.19301522846135527,0.0,0.0,15.0,0.0,1.0,0.0
diagnosis_fd001_reliability,restarts4,cmapss:FD001,diagnosis,query random7:3-4-8-10-11-12-14 | circuit,,,,,,,,,,,,,,,,,,,,,,,,,,,,,,,,,,,,,,,,,,,5,"[21, 22, 23, 24, 25]",restarts4,,,,,,,,,,,,,,,,,,,0.0,0.0,0.27452990139972827,0.03787179453312021,0.13292269979992852,0.005057148875425482,592.8,117.97118292193225,8.0,0.0,8.0,0.0,8.0,0.0,30.6,7.602631123499286,731982.6,181862.5391052264,0.0,0.0,1.0,0.0,0.0,0.0,241066269.6,47973807.3334842,0.0,0.0,8892.0,1769.5677438289838,0.0,0.0,7.490298557281494,1.6889817724755856,7.705201053619385,1.6407657347374451,4.1542950630187985,0.7736407218971136,0.30703155547380445,0.8335755751980299,13.519990348815918,2.5310125883316177,,,,,,,,,,,,,,,,,,,,,,,,,,,,,,,,,,,,,,,,,,,,,,,,,,,,,,,,,,,,,,,,,,
diagnosis_fd001_reliability,restarts4,cmapss:FD001,diagnosis,joint | random7:3-4-8-10-11-12-14 | circuit,,,,,,,,,,,,,,,,,,,,,,,,,,,,,,,,,,,,,,,,,,,5,"[21, 22, 23, 24, 25]",restarts4,,,,,,,,,,,,,,,,,,,,,,,,,,,,,,,,,,,,,,,,,,,,,,,,,,,,,,,,,,,,,0.1,0.0,15.0,0.0,114.83220825195312,5.517296255435308,446.0191589355469,23.667476272712495,0.04114061617332435,0.04161489036336744,0.488186073481032,0.05273081480378969,0.7704635003378535,0.025305460494061346,0.8285234532116117,0.020498082959539955,0.5111624812201055,0.03864792686376421,0.6523809797756194,0.043382042723293546,0.9667320918248933,0.019830080404671813,0.9572832584057906,0.009976703858802994,0.7931117283284927,0.05288168765320286,0.8144908569399021,0.015240206370582736,227.8,50.30109342747929,68.6,10.761040841851683,0.0,0.0,0.0,0.0,227.8,50.30109342747929,85.2,19.018412131405714,0.7638515784696411,0.013623376478403195,0.46534683122346177,0.04200228327353207,200.0,0.0,0.1,0.0,0.04114061617332436,0.041614890363367456,0.04114061617332435,0.04161489036336744,0.04114061617332435,0.04161489036336744,0.2,0.44721359549995804,0.488186073481032,0.05273081480378964,0.488186073481032,0.05273081480378969,0.0,0.0,15.0,0.0,,
diagnosis_fd001_reliability,restarts4,cmapss:FD001,diagnosis,independent | random7:3-4-8-10-11-12-14 | circuit,,,,,,,,,,,,,,,,,,,,,,,,,,,,,,,,,,,,,,,,,,,5,"[21, 22, 23, 24, 25]",restarts4,,,,,,,,,,,,,,,,,,,,,,,,,,,,,,,,,,,,,,,,,,,,,,,,,,,,,,,,,,,,,0.1,0.0,15.0,0.0,128.21025695800782,9.702792864144435,429.2799377441406,7.623573448379644,0.04704241278628209,0.04751312151341371,0.40404647533902194,0.0637536152121478,0.7295100225262662,0.027953904837272857,0.792587612744879,0.024676078402409343,0.5108860460969445,0.032302833263101474,0.5107632961608788,0.028996237345486203,0.9441550371851711,0.028239495586304474,0.9250913234267657,0.024607801638763093,0.780457779144204,0.06713671375116678,0.7565590535109304,0.022871775919502103,227.8,50.30109342747929,68.6,10.761040841851683,0.0,0.0,0.0,0.0,227.8,50.30109342747929,111.2,31.236196951613685,0.6765391636210583,0.028292036132304858,0.37743288629063654,0.046804806840987916,200.0,0.0,0.1,0.0,0.047042412786282094,0.04751312151341372,0.04704241278628209,0.04751312151341371,0.04704241278628209,0.04751312151341371,0.2,0.44721359549995804,0.4040464753390219,0.06375361521214791,0.40404647533902194,0.0637536152121478,0.0,0.0,15.0,0.0,,
diagnosis_fd001_reliability,restarts4,cmapss:FD001,diagnosis,marginal_max | random7:3-4-8-10-11-12-14 | circuit,,,,,,,,,,,,,,,,,,,,,,,,,,,,,,,,,,,,,,,,,,,5,"[21, 22, 23, 24, 25]",restarts4,,,,,,,,,,,,,,,,,,,,,,,,,,,,,,,,,,,,,,,,,,,,,,,,,,,,,,,,,,,,,0.1,0.0,15.0,0.0,28.59084358215332,1.301031622289109,270.749560546875,46.7958182458298,0.05284365727765644,0.04228700648651527,0.4973198103350344,0.035883812927616006,0.741583726786869,0.02292827857712122,0.8110284547972796,0.019900049980054464,0.49966542175009543,0.020743872515461618,0.513883162492641,0.03754673061367938,0.959836767163802,0.02357569699331336,0.9424978010761645,0.019612848373651258,0.8143833414292498,0.06074746829288689,0.7565590535109304,0.022871775919502103,227.8,50.30109342747929,68.6,10.761040841851683,0.0,0.0,0.0,0.0,227.8,50.30109342747929,82.6,19.3597520645281,0.6765391636210583,0.028292036132304858,0.467431634159285,0.04191238673769013,200.0,0.0,0.1,0.0,0.052843657277656456,0.042287006486515274,0.05284365727765644,0.04228700648651527,0.05284365727765644,0.04228700648651527,0.0,0.0,0.4973198103350344,0.03588381292761606,0.4973198103350344,0.035883812927616006,0.0,0.0,15.0,0.0,,
diagnosis_fd001_reliability,restarts4,cmapss:FD001,diagnosis,conditional_max | random7:3-4-8-10-11-12-14 | circuit,,,,,,,,,,,,,,,,,,,,,,,,,,,,,,,,,,,,,,,,,,,5,"[21, 22, 23, 24, 25]",restarts4,,,,,,,,,,,,,,,,,,,,,,,,,,,,,,,,,,,,,,,,,,,,,,,,,,,,,,,,,,,,,0.1,0.0,15.0,0.0,28.263292694091795,3.4249410872681065,270.962255859375,46.95540636912018,0.0604912494959687,0.06113890780378421,0.5569423920631196,0.05157292447244782,0.7748897655475118,0.02103951687780344,0.8394506068209084,0.015549958417129613,0.5006334809908614,0.02883437327533625,0.6434251625816041,0.06563267984374674,0.9745045007416557,0.01866306190588036,0.9577600381023375,0.019027073416039868,0.8213600798604126,0.048558252271647805,0.8144908569399021,0.015240206370582736,227.8,50.30109342747929,68.6,10.761040841851683,0.0,0.0,0.0,0.0,227.8,50.30109342747929,65.8,15.368799562750501,0.7638515784696411,0.013623376478403195,0.5299002258082749,0.03605785251381218,200.0,0.0,0.1,0.0,0.0604912494959687,0.061138907803784205,0.0604912494959687,0.06113890780378421,0.0604912494959687,0.06113890780378421,0.4,0.5477225575051662,0.5569423920631197,0.051572924472447795,0.5569423920631196,0.05157292447244782,0.0,0.0,15.0,0.0,,
diagnosis_fd001_reliability,restarts4,cmapss:FD001,diagnosis,relational_max | random7:3-4-8-10-11-12-14 | circuit,,,,,,,,,,,,,,,,,,,,,,,,,,,,,,,,,,,,,,,,,,,5,"[21, 22, 23, 24, 25]",restarts4,,,,,,,,,,,,,,,,,,,,,,,,,,,,,,,,,,,,,,,,,,,,,,,,,,,,,,,,,,,,,0.1,0.0,15.0,0.0,4.220680809020996,0.5498113212688589,105.8849380493164,18.653910829942912,0.021233457547079906,0.012487387042301495,0.3172860518381555,0.02144242200064938,0.686146739656224,0.011968884630043003,0.7522175845987651,0.009146489297017227,0.4746816391133728,0.05046313102633457,0.7290100639217713,0.040218323182534634,0.8376823778008797,0.037304024652134456,0.8391038237406825,0.034218129604745275,0.5891502679928019,0.012883102252517804,0.6087492216436141,0.015237902729531537,227.8,50.30109342747929,68.6,10.761040841851683,0.0,0.0,0.0,0.0,227.8,50.30109342747929,135.4,29.636126602509982,0.5199343375459782,0.01569713352594895,0.27522348995517276,0.01812737248058489,200.0,0.0,0.1,0.0,0.021233457547079906,0.012487387042301498,0.021233457547079906,0.012487387042301495,0.021233457547079906,0.012487387042301495,0.0,0.0,0.3172860518381555,0.021442422000649372,0.3172860518381555,0.02144242200064938,0.0,0.0,15.0,0.0,,
diagnosis_fd001_reliability,restarts4,cmapss:FD001,diagnosis,query random7:3-4-8-10-11-12-14 | gaussian_fitted,,,,,,,,,,,,,,,,,,,,,,,,,,,,,,,,,,,,,,,,,,,5,"[21, 22, 23, 24, 25]",restarts4,,,,,,,,,,,,,,,,,,,0.0,0.0,0.09266523080004845,0.021800667777277186,0.00820204819974606,0.00378177674227244,592.8,117.97118292193225,8.0,0.0,8.0,0.0,8.0,0.0,30.6,7.602631123499286,2592.0,643.9875775199395,0.0,0.0,1.0,0.0,0.0,0.0,853632.0,169878.50340758244,0.0,0.0,8892.0,1769.5677438289838,24414400.0,0.0,7.710074110201281,1.1471193305163172,7.757848508103298,1.1031386618510284,3.4561181096883766,0.25359860614604407,2.2850662556904013,1.6484675713171968,13.180698025916604,0.8663657977843207,,,,,,,,,,,,,,,,,,,,,,,,,,,,,,,,,,,,,,,,,,,,,,,,,,,,,,,,,,,,,,,,,,
diagnosis_fd001_reliability,restarts4,cmapss:FD001,diagnosis,joint | random7:3-4-8-10-11-12-14 | gaussian_fitted,,,,,,,,,,,,,,,,,,,,,,,,,,,,,,,,,,,,,,,,,,,5,"[21, 22, 23, 24, 25]",restarts4,,,,,,,,,,,,,,,,,,,,,,,,,,,,,,,,,,,,,,,,,,,,,,,,,,,,,,,,,,,,,0.1,0.0,15.0,0.0,104.28898778970597,4.808335612382434,557.2384718821179,84.27137005090455,0.02384213723991974,0.01820275837157323,0.5154902293665473,0.05166883435981099,0.7819740860028479,0.023114648001821163,0.8422421392995811,0.015985747274994095,0.5237969779780943,0.02745902824982321,0.6809148816202908,0.02230449222172492,0.9680741067784068,0.0211399708564749,0.9559191413163036,0.01714381632132997,0.8101095172886608,0.046148059513429485,0.8098061027660683,0.013182535643732937,227.8,50.30109342747929,68.6,10.761040841851683,0.0,0.0,0.0,0.0,227.8,50.30109342747929,76.4,16.195678435928517,0.7612836729148644,0.011344952986603709,0.4918707745495164,0.0425544721720852,200.0,0.0,0.1,0.0,0.02384213723991974,0.01820275837157323,0.02384213723991974,0.01820275837157323,0.02384213723991974,0.01820275837157323,0.0,0.0,0.5154902293665474,0.05166883435981107,0.5154902293665473,0.05166883435981099,0.0,0.0,15.0,0.0,,
diagnosis_fd001_reliability,restarts4,cmapss:FD001,diagnosis,independent | random7:3-4-8-10-11-12-14 | gaussian_fitted,,,,,,,,,,,,,,,,,,,,,,,,,,,,,,,,,,,,,,,,,,,5,"[21, 22, 23, 24, 25]",restarts4,,,,,,,,,,,,,,,,,,,,,,,,,,,,,,,,,,,,,,,,,,,,,,,,,,,,,,,,,,,,,0.1,0.0,15.0,0.0,110.4506106578771,5.874621252060029,306.69179299089456,25.746461644163308,0.02815703002892884,0.03626599414750692,0.415741330264613,0.05217753520762936,0.7315494320811647,0.026986316492005613,0.796260903829815,0.021870855942706855,0.5202601157520998,0.028291228416767643,0.506078409849359,0.02294682288363017,0.9427420254912416,0.031176872927991515,0.9080620047260911,0.017748360138895847,0.8038111531957661,0.0503577086682576,0.7487185349425938,0.021824121444563784,227.8,50.30109342747929,68.6,10.761040841851683,0.0,0.0,0.0,0.0,227.8,50.30109342747929,106.0,24.166091947189145,0.6696218741508861,0.02580104231831374,0.3982401853972523,0.04570080261665329,200.0,0.0,0.1,0.0,0.02815703002892885,0.03626599414750693,0.02815703002892884,0.03626599414750692,0.02815703002892884,0.03626599414750692,0.0,0.0,0.415741330264613,0.0521775352076294,0.415741330264613,0.05217753520762936,0.0,0.0,15.0,0.0,,
diagnosis_fd001_reliability,restarts4,cmapss:FD001,diagnosis,marginal_max | random7:3-4-8-10-11-12-14 | gaussian_fitted,,,,,,,,,,,,,,,,,,,,,,,,,,,,,,,,,,,,,,,,,,,5,"[21, 22, 23, 24, 25]",restarts4,,,,,,,,,,,,,,,,,,,,,,,,,,,,,,,,,,,,,,,,,,,,,,,,,,,,,,,,,,,,,0.1,0.0,15.0,0.0,28.38692502723087,2.0588505565793414,207.04828720763166,12.512447529030881,0.05480505063338261,0.024403480256329258,0.4832027423175411,0.05416405670381948,0.7358672923899707,0.022692352847382,0.8055436608882097,0.019433138845098705,0.5044450196153215,0.03133525102316755,0.5149747641828902,0.041945916551863575,0.9591273820699847,0.023620669656682153,0.9074278175074673,0.03131169799159423,0.8158509062991758,0.05417880577686315,0.7487185349425938,0.021824121444563784,227.8,50.30109342747929,68.6,10.761040841851683,0.0,0.0,0.0,0.0,227.8,50.30109342747929,86.6,14.363147287415805,0.6696218741508861,0.02580104231831374,0.45575920915085855,0.05149199332519824,200.0,0.0,0.1,0.0,0.05480505063338261,0.024403480256329255,0.05480505063338261,0.024403480256329258,0.05480505063338261,0.024403480256329258,0.0,0.0,0.4832027423175411,0.05416405670381941,0.4832027423175411,0.05416405670381948,0.0,0.0,15.0,0.0,,
diagnosis_fd001_reliability,restarts4,cmapss:FD001,diagnosis,conditional_max | random7:3-4-8-10-11-12-14 | gaussian_fitted,,,,,,,,,,,,,,,,,,,,,,,,,,,,,,,,,,,,,,,,,,,5,"[21, 22, 23, 24, 25]",restarts4,,,,,,,,,,,,,,,,,,,,,,,,,,,,,,,,,,,,,,,,,,,,,,,,,,,,,,,,,,,,,0.1,0.0,15.0,0.0,28.12851609893706,1.7705683004204353,371.7195767661525,78.755476702834,0.055646201314365276,0.037128993563087215,0.5717246921397053,0.03130712503846632,0.7791345744926446,0.020953737318713386,0.8431084238382199,0.01442101547062481,0.5078247742925821,0.028120630934236304,0.6650286712965008,0.03797242058103924,0.9739095218572732,0.013569536223393141,0.9563646506938228,0.017386940883016046,0.8209109843471157,0.05648650117600072,0.8098061027660683,0.013182535643732937,227.8,50.30109342747929,68.6,10.761040841851683,0.0,0.0,0.0,0.0,227.8,50.30109342747929,60.4,11.588787684654509,0.7612836729148644,0.011344952986603709,0.539687664925323,0.029171611720434375,200.0,0.0,0.1,0.0,0.05564620131436528,0.03712899356308722,0.055646201314365276,0.037128993563087215,0.055646201314365276,0.037128993563087215,0.2,0.447213595499958,0.5717246921397052,0.031307125038466325,0.5717246921397053,0.03130712503846632,0.0,0.0,15.0,0.0,,
diagnosis_fd001_reliability,restarts4,cmapss:FD001,diagnosis,relational_max | random7:3-4-8-10-11-12-14 | gaussian_fitted,,,,,,,,,,,,,,,,,,,,,,,,,,,,,,,,,,,,,,,,,,,5,"[21, 22, 23, 24, 25]",restarts4,,,,,,,,,,,,,,,,,,,,,,,,,,,,,,,,,,,,,,,,,,,,,,,,,,,,,,,,,,,,,0.1,0.0,15.0,0.0,2.7514742463112123,0.28966302661571464,335.20725104716087,80.86016793337356,0.07688483955573111,0.030895994762222427,0.5517670822776843,0.03446030778238952,0.7719202994372363,0.017609665243218834,0.8334920148248305,0.011453598212766144,0.4925984822937803,0.048088680118078785,0.7569195818497033,0.016621662807476616,0.9774329672110665,0.010170632677556558,0.9598524326310305,0.012631793902530867,0.7193020885537399,0.03894441142556323,0.7499924865893579,0.005501658963633875,227.8,50.30109342747929,68.6,10.761040841851683,0.0,0.0,0.0,0.0,227.8,50.30109342747929,70.0,16.416455159382004,0.7190858087752405,0.009211799783736516,0.48390224550690136,0.010958551692264715,200.0,0.0,0.1,0.0,0.0768848395557311,0.030895994762222417,0.07688483955573111,0.030895994762222427,0.07688483955573111,0.030895994762222427,0.2,0.44721359549995804,0.5517670822776843,0.034460307782389565,0.5517670822776843,0.03446030778238952,0.0,0.0,15.0,0.0,,
diagnosis_fd001_reliability,restarts4,cmapss:FD001,diagnosis,detector | random7:3-4-8-10-11-12-14 | mahalanobis_refit,,,,,,,,,,,,,,,,,,,,,,,,,,,,,0.23791570539960957,0.09351266993467165,,,,,,,,,,,,,5,"[21, 22, 23, 24, 25]",restarts4,,,,,,,,,,,,,,,,,,,,,0.04769805799987807,0.010608331377019763,,,,,8.0,0.0,8.0,0.0,8.0,0.0,,,,,,,,,,,,,,,,,,,,,,,,,,,,,0.1,0.0,15.0,0.0,212.79361877441406,9.030676806850712,1159.0793533325195,174.62357148321072,0.0225882552523421,0.016914768388611754,0.5146250329985536,0.04860499923160697,0.7813666962017012,0.02313320226094397,0.8416349763616827,0.016051424868522127,0.5233667672102801,0.02767074931205067,0.6795511084642293,0.021883024646029398,0.96792889679137,0.021194574767506434,0.9557917388818806,0.017193430810347608,0.809333908105045,0.04520816741781447,,,,,,,,,,,,,,,,,,,200.0,0.0,0.1,0.0,0.022588255252342097,0.016914768388611754,0.0225882552523421,0.016914768388611754,0.0225882552523421,0.016914768388611754,0.0,0.0,0.5146250329985534,0.04860499923160696,0.5146250329985536,0.04860499923160697,0.0,0.0,15.0,0.0,4.0,0.0
diagnosis_fd001_reliability,restarts4,cmapss:FD001,diagnosis,detector | random7:3-4-8-10-11-12-14 | mahalanobis_impute,,,,,,,,,,,,,,,,,,,,,,,,,,,,,0.033101871800136,0.009174595587049885,,,,,,,,,,,,,5,"[21, 22, 23, 24, 25]",restarts4,,,,,,,,,,,,,,,,,,,,,0.04354918739991263,0.012373856885744982,,,,,8.0,0.0,8.0,0.0,8.0,0.0,,,,,,,,,,,,,,,,,,,,,,,,,,,,,0.1,0.0,15.0,0.0,541.5623413085938,54.87872530953916,1705.1426849365234,146.89916873018151,0.011901465798045604,0.024831674588317306,0.31800175636460404,0.055912057381729614,0.7186623070328304,0.02241345128625695,0.7795112895327124,0.016781350349510473,0.5135098934098494,0.04540457700618309,0.5660900309946486,0.030597716173544766,0.9328095440741698,0.03302453009948587,0.9145538540298859,0.015326139958326728,0.7029063025202262,0.06675619499711304,,,,,,,,,,,,,,,,,,,200.0,0.0,0.1,0.0,0.011901465798045605,0.02483167458831731,0.011901465798045604,0.024831674588317306,0.011901465798045604,0.024831674588317306,0.0,0.0,0.31800175636460404,0.05591205738172967,0.31800175636460404,0.055912057381729614,0.0,0.0,15.0,0.0,1.0,0.0
diagnosis_fd001_reliability,restarts4,cmapss:FD001,diagnosis,detector | random7:3-4-8-10-11-12-14 | gmm_refit,,,,,,,,,,,,,,,,,,,,,,,,,,,,,11.595100150800317,4.579259672504539,,,,,,,,,,,,,5,"[21, 22, 23, 24, 25]",restarts4,,,,,,,,,,,,,,,,,,,,,0.6955527613998129,0.0892059627901558,,,,,8.0,0.0,8.0,0.0,8.0,0.0,,,,,,,,,,,,,,,,,,,,,,,,,,,,,0.1,0.0,15.0,0.0,131.3160598754883,9.945036829630615,742.0907211303711,122.65312730001041,0.04598292055190829,0.04331477125406167,0.5227492037837742,0.07472986332040125,0.771438727910267,0.025833461466088246,0.833246557460054,0.017019571799624808,0.520843697426683,0.019772292410288227,0.6564162265585745,0.014392380712364641,0.9628524281560112,0.02064409776941923,0.9521459171646939,0.012119804763366646,0.7959394710416217,0.05378215051496787,,,,,,,,,,,,,,,,,,,200.0,0.0,0.1,0.0,0.04598292055190829,0.043314771254061676,0.04598292055190829,0.04331477125406167,0.04598292055190829,0.04331477125406167,0.0,0.0,0.522749203783774,0.07472986332040127,0.5227492037837742,0.07472986332040125,0.0,0.0,15.0,0.0,4.0,0.0
diagnosis_fd001_reliability,restarts4,cmapss:FD001,diagnosis,detector | random7:3-4-8-10-11-12-14 | gmm_impute,,,,,,,,,,,,,,,,,,,,,,,,,,,,,1.9751470223998695,0.9312739713998786,,,,,,,,,,,,,5,"[21, 22, 23, 24, 25]",restarts4,,,,,,,,,,,,,,,,,,,,,0.029061619799722393,0.00865787874616236,,,,,8.0,0.0,8.0,0.0,8.0,0.0,,,,,,,,,,,,,,,,,,,,,,,,,,,,,0.1,0.0,15.0,0.0,534.6357788085937,47.59596498543672,1594.00888671875,89.50566691434065,0.02570293058449835,0.03706410521420958,0.30132327315288,0.06593343770760976,0.7032241622862516,0.019561626769702377,0.7615479680513356,0.012244814674153748,0.5141480785554443,0.04636044690747921,0.5463418343337375,0.029050775158570987,0.9140133099163188,0.032452903487248844,0.907077534793201,0.01408869587471499,0.6746185297499606,0.05616906032757252,,,,,,,,,,,,,,,,,,,200.0,0.0,0.1,0.0,0.02570293058449836,0.037064105214209594,0.02570293058449835,0.03706410521420958,0.02570293058449835,0.03706410521420958,0.0,0.0,0.30132327315288,0.0659334377076098,0.30132327315288,0.06593343770760976,0.0,0.0,15.0,0.0,1.0,0.0
diagnosis_fd001_reliability,restarts4,cmapss:FD001,diagnosis,detector | random7:3-4-8-10-11-12-14 | knn_refit,,,,,,,,,,,,,,,,,,,,,,,,,,,,,0.04073495179927704,0.008132811308520994,,,,,,,,,,,,,5,"[21, 22, 23, 24, 25]",restarts4,,,,,,,,,,,,,,,,,,,,,0.04331958700004179,0.01357561519375697,,,,,8.0,0.0,8.0,0.0,8.0,0.0,,,,,,,,,,,,,,,,,,,,,,,,,,,,,0.1,0.0,15.0,0.0,7.484463405609131,0.22026942459208643,7.51389331817627,0.7806454823017611,0.03786396630684813,0.07182100532577029,0.4964567452915933,0.08709832686056558,0.7715194841501175,0.02580912820779251,0.8335539093004641,0.01921844687354206,0.5062918585269299,0.034213648778498515,0.6532854570968214,0.034460451121590546,0.9692363813597048,0.020349055714626123,0.9557148449394003,0.012352408025179507,0.8023578816658989,0.05868696297916347,,,,,,,,,,,,,,,,,,,200.0,0.0,0.1,0.0,0.03786396630684814,0.07182100532577029,0.03786396630684813,0.07182100532577029,0.03786396630684813,0.07182100532577029,0.2,0.44721359549995804,0.4964567452915933,0.08709832686056561,0.4964567452915933,0.08709832686056558,0.0,0.0,15.0,0.0,4.0,0.0
diagnosis_fd001_reliability,restarts4,cmapss:FD001,diagnosis,detector | random7:3-4-8-10-11-12-14 | knn_impute,,,,,,,,,,,,,,,,,,,,,,,,,,,,,0.00873431839991099,0.0029357782837369905,,,,,,,,,,,,,5,"[21, 22, 23, 24, 25]",restarts4,,,,,,,,,,,,,,,,,,,,,0.006582107999929576,0.0008886206089613855,,,,,8.0,0.0,8.0,0.0,8.0,0.0,,,,,,,,,,,,,,,,,,,,,,,,,,,,,0.1,0.0,15.0,0.0,10.690532684326172,0.19583357467178097,7.133067512512207,0.6858943678590937,0.028606685218517038,0.0502737969075649,0.3086761646900792,0.0723561540307825,0.7226244203576491,0.025565269231067587,0.7823168029102756,0.02718202879453131,0.49623760988682913,0.021141116587975482,0.5653549827680927,0.031040537740091342,0.9396116925572768,0.026794928565636214,0.9297957748805252,0.02498431537244419,0.7201560043450878,0.07671934690901187,,,,,,,,,,,,,,,,,,,200.0,0.0,0.1,0.0,0.028606685218517048,0.05027379690756491,0.028606685218517038,0.0502737969075649,0.028606685218517038,0.0502737969075649,0.2,0.44721359549995804,0.30867616469007925,0.07235615403078251,0.3086761646900792,0.0723561540307825,0.0,0.0,15.0,0.0,1.0,0.0
diagnosis_fd001_reliability,restarts4,cmapss:FD001,diagnosis,query bank0:0-1-2-4-5-7-8 | circuit,,,,,,,,,,,,,,,,,,,,,,,,,,,,,,,,,,,,,,,,,,,5,"[21, 22, 23, 24, 25]",restarts4,,,,,,,,,,,,,,,,,,,0.0,0.0,0.2753367549998075,0.03733291177343635,0.13270735479982249,0.00456551952411488,592.8,117.97118292193225,8.0,0.0,8.0,0.0,8.0,0.0,30.6,7.602631123499286,731982.6,181862.5391052264,0.0,0.0,1.0,0.0,0.0,0.0,241066269.6,47973807.3334842,0.0,0.0,8892.0,1769.5677438289838,0.0,0.0,6.187100028991699,1.1715717436742363,6.493947124481201,0.9387304229072265,3.7985491275787355,0.2906460619514677,-0.4012031853199005,1.5935913510826156,12.112488937377929,1.630257404052504,,,,,,,,,,,,,,,,,,,,,,,,,,,,,,,,,,,,,,,,,,,,,,,,,,,,,,,,,,,,,,,,,,
diagnosis_fd001_reliability,restarts4,cmapss:FD001,diagnosis,joint | bank0:0-1-2-4-5-7-8 | circuit,,,,,,,,,,,,,,,,,,,,,,,,,,,,,,,,,,,,,,,,,,,5,"[21, 22, 23, 24, 25]",restarts4,,,,,,,,,,,,,,,,,,,,,,,,,,,,,,,,,,,,,,,,,,,,,,,,,,,,,,,,,,,,,0.1,0.0,15.0,0.0,-40.531504440307614,9.759190376689896,3655.573388671875,2294.7913049310528,0.04658760964197402,0.03494924555012793,0.49713845690664077,0.06910929746491826,0.7622248771505322,0.01846406680840167,0.8236221675483335,0.019501261826661953,0.4831181759500097,0.022270423186772043,0.6191506886197542,0.05555816842707571,0.9624355727050817,0.00896435203649823,0.9452862630649461,0.007926179300208896,0.826198703128861,0.014876401968708451,0.7839904661163708,0.04490464388277804,227.0,49.28995840939613,69.4,12.759310326189265,0.0,0.0,0.0,0.0,227.0,49.28995840939613,80.8,13.971399357258385,0.7223701946287882,0.06152809760679303,0.4627631283470781,0.06147046885978519,200.0,0.0,0.1,0.0,0.04658760964197401,0.03494924555012794,0.04658760964197402,0.03494924555012793,0.04658760964197402,0.03494924555012793,0.0,0.0,0.49713845690664077,0.06910929746491833,0.49713845690664077,0.06910929746491826,0.0,0.0,15.0,0.0,,
diagnosis_fd001_reliability,restarts4,cmapss:FD001,diagnosis,independent | bank0:0-1-2-4-5-7-8 | circuit,,,,,,,,,,,,,,,,,,,,,,,,,,,,,,,,,,,,,,,,,,,5,"[21, 22, 23, 24, 25]",restarts4,,,,,,,,,,,,,,,,,,,,,,,,,,,,,,,,,,,,,,,,,,,,,,,,,,,,,,,,,,,,,0.1,0.0,15.0,0.0,-29.896952438354493,10.152944754739275,3641.8855712890627,2291.348966935292,0.036022135526224096,0.03191769185530949,0.4361874346738709,0.06686944470299105,0.7316156088967153,0.0190947291023903,0.7974728545414832,0.021177398526790344,0.4827034461238644,0.022473588847190216,0.5022466649625836,0.05183818209876364,0.9489080002440659,0.006549550294117118,0.9262575441332848,0.018721842079187045,0.8193633115763788,0.009309551481774791,0.7617980352961744,0.045465784300312555,227.0,49.28995840939613,69.4,12.759310326189265,0.0,0.0,0.0,0.0,227.0,49.28995840939613,98.0,14.781745499094482,0.6846014037074627,0.061013213542551056,0.4105950788346243,0.06343651806184769,200.0,0.0,0.1,0.0,0.036022135526224096,0.03191769185530949,0.036022135526224096,0.03191769185530949,0.036022135526224096,0.03191769185530949,0.0,0.0,0.436187434673871,0.0668694447029911,0.4361874346738709,0.06686944470299105,0.0,0.0,15.0,0.0,,
diagnosis_fd001_reliability,restarts4,cmapss:FD001,diagnosis,marginal_max | bank0:0-1-2-4-5-7-8 | circuit,,,,,,,,,,,,,,,,,,,,,,,,,,,,,,,,,,,,,,,,,,,5,"[21, 22, 23, 24, 25]",restarts4,,,,,,,,,,,,,,,,,,,,,,,,,,,,,,,,,,,,,,,,,,,,,,,,,,,,,,,,,,,,,0.1,0.0,15.0,0.0,28.89828453063965,2.7226193422086604,3281.0517822265624,2419.5788163484326,0.05897454255823552,0.070746725787447,0.4969852140319281,0.03786576124366861,0.7426012515954362,0.018149320100639504,0.8112856987242247,0.01716925229624814,0.4884954843995743,0.015080833317484737,0.512514184079654,0.05811266878509765,0.9582399666826511,0.018390223007977352,0.9393028301798679,0.01911789688486416,0.832166848662917,0.035686085298485166,0.7617980352961744,0.045465784300312555,227.0,49.28995840939613,69.4,12.759310326189265,0.0,0.0,0.0,0.0,227.0,49.28995840939613,82.0,14.916433890176299,0.6846014037074627,0.061013213542551056,0.4655316054181468,0.035432609602456804,200.0,0.0,0.1,0.0,0.05897454255823552,0.070746725787447,0.05897454255823552,0.070746725787447,0.05897454255823552,0.070746725787447,0.2,0.44721359549995804,0.4969852140319281,0.03786576124366866,0.4969852140319281,0.03786576124366861,0.0,0.0,15.0,0.0,,
diagnosis_fd001_reliability,restarts4,cmapss:FD001,diagnosis,conditional_max | bank0:0-1-2-4-5-7-8 | circuit,,,,,,,,,,,,,,,,,,,,,,,,,,,,,,,,,,,,,,,,,,,5,"[21, 22, 23, 24, 25]",restarts4,,,,,,,,,,,,,,,,,,,,,,,,,,,,,,,,,,,,,,,,,,,,,,,,,,,,,,,,,,,,,0.1,0.0,15.0,0.0,27.060777282714845,1.6724764571924557,3283.468615722656,2421.0191576366456,0.03989615482919166,0.052210562363624646,0.5397502068500813,0.010167140400937543,0.7689978827383218,0.017842237601667994,0.8337936139712371,0.016557861678045526,0.4900133344056984,0.020512513802691684,0.635759950029359,0.04515801635435967,0.9676123753957901,0.01769980261156572,0.9447209533658881,0.012089784860874279,0.831446617415349,0.024664889440022087,0.7839904661163708,0.04490464388277804,227.0,49.28995840939613,69.4,12.759310326189265,0.0,0.0,0.0,0.0,227.0,49.28995840939613,69.2,17.16682847820179,0.7223701946287882,0.06152809760679303,0.5129943463351821,0.039137835636951175,200.0,0.0,0.1,0.0,0.03989615482919166,0.052210562363624646,0.03989615482919166,0.052210562363624646,0.03989615482919166,0.052210562363624646,0.2,0.44721359549995804,0.5397502068500813,0.010167140400937524,0.5397502068500813,0.010167140400937543,0.0,0.0,15.0,0.0,,
diagnosis_fd001_reliability,restarts4,cmapss:FD001,diagnosis,relational_max | bank0:0-1-2-4-5-7-8 | circuit,,,,,,,,,,,,,,,,,,,,,,,,,,,,,,,,,,,,,,,,,,,5,"[21, 22, 23, 24, 25]",restarts4,,,,,,,,,,,,,,,,,,,,,,,,,,,,,,,,,,,,,,,,,,,,,,,,,,,,,,,,,,,,,0.1,0.0,15.0,0.0,3.884616470336914,1.54613359521471,132.9799011230469,35.20282464795461,0.0765945950359483,0.08421274815600752,0.39476375357682547,0.09752475531035261,0.7020357876681436,0.027057453587579872,0.7659936033712393,0.02473344831282761,0.4888918305258481,0.012906200100748224,0.7077191491759263,0.04668402303236384,0.8987813948324199,0.06219380026992437,0.8744237774833478,0.019658406441976767,0.5852339947498787,0.028626088722536608,0.6105446765341904,0.035873872206996275,227.0,49.28995840939613,69.4,12.759310326189265,0.0,0.0,8.4,7.300684899377592,218.6,44.60156947911138,109.4,33.00454514154073,0.5262795570123221,0.06445917443764361,0.2826265462270771,0.049699813636080975,200.0,0.0,0.1,0.0,0.0765945950359483,0.08421274815600752,0.0765945950359483,0.08421274815600752,0.0765945950359483,0.08421274815600752,0.2,0.447213595499958,0.3947637535768256,0.0975247553103527,0.39476375357682547,0.09752475531035261,0.0,0.0,15.0,0.0,,
diagnosis_fd001_reliability,restarts4,cmapss:FD001,diagnosis,query bank0:0-1-2-4-5-7-8 | gaussian_fitted,,,,,,,,,,,,,,,,,,,,,,,,,,,,,,,,,,,,,,,,,,,5,"[21, 22, 23, 24, 25]",restarts4,,,,,,,,,,,,,,,,,,,0.0,0.0,0.0906536527998469,0.01977314000208955,0.006209905399737181,0.0015075638771590678,592.8,117.97118292193225,8.0,0.0,8.0,0.0,8.0,0.0,30.6,7.602631123499286,2592.0,643.9875775199395,0.0,0.0,1.0,0.0,0.0,0.0,853632.0,169878.50340758244,0.0,0.0,8892.0,1769.5677438289838,25883840.0,0.0,6.286878365531072,0.8311478080261688,6.43117930269438,0.7401789455537519,3.208745765507211,0.37469829829039614,1.1006866144439313,0.5899567610097056,10.800909258998463,0.7651589374179252,,,,,,,,,,,,,,,,,,,,,,,,,,,,,,,,,,,,,,,,,,,,,,,,,,,,,,,,,,,,,,,,,,
diagnosis_fd001_reliability,restarts4,cmapss:FD001,diagnosis,joint | bank0:0-1-2-4-5-7-8 | gaussian_fitted,,,,,,,,,,,,,,,,,,,,,,,,,,,,,,,,,,,,,,,,,,,5,"[21, 22, 23, 24, 25]",restarts4,,,,,,,,,,,,,,,,,,,,,,,,,,,,,,,,,,,,,,,,,,,,,,,,,,,,,,,,,,,,,0.1,0.0,15.0,0.0,144.44948177271894,22.55054644434436,706.2445354038177,109.45630180299692,0.048271599887653685,0.08225840134342688,0.4045212115567044,0.1255449388935654,0.752170133612746,0.011905847774841693,0.8069755504234226,0.009941281859851442,0.4752620593917678,0.025743562912287663,0.6506564333158041,0.044063757667178405,0.9391185438205515,0.024723589944503386,0.9318559630504802,0.016542856325893102,0.7930161023199844,0.031894254415160576,0.7809594538516629,0.023009674689426985,227.0,49.28995840939613,69.4,12.759310326189265,0.0,0.0,0.0,0.0,227.0,49.28995840939613,108.2,34.404941505545395,0.7370951908128122,0.02347120181973518,0.36907154216905136,0.08479815164357965,200.0,0.0,0.1,0.0,0.0482715998876537,0.0822584013434269,0.048271599887653685,0.08225840134342688,0.048271599887653685,0.08225840134342688,0.2,0.447213595499958,0.40452121155670434,0.12554493889356536,0.4045212115567044,0.1255449388935654,0.0,0.0,15.0,0.0,,
diagnosis_fd001_reliability,restarts4,cmapss:FD001,diagnosis,independent | bank0:0-1-2-4-5-7-8 | gaussian_fitted,,,,,,,,,,,,,,,,,,,,,,,,,,,,,,,,,,,,,,,,,,,5,"[21, 22, 23, 24, 25]",restarts4,,,,,,,,,,,,,,,,,,,,,,,,,,,,,,,,,,,,,,,,,,,,,,,,,,,,,,,,,,,,,0.1,0.0,15.0,0.0,149.52071898596026,24.695154942694945,438.4530506610473,79.53165225492548,0.050187246581113676,0.08992963639541876,0.2971244918958093,0.1442604582711497,0.7011017559725058,0.016000704601472623,0.7512594585348025,0.012395635119733253,0.47414823476935214,0.023810503408657747,0.5169344152213113,0.03920766777293792,0.8883325989305746,0.02243448533184179,0.857597832905707,0.027689424902946694,0.7905474620067628,0.03363993366100977,0.7346897959110288,0.028745106548231567,227.0,49.28995840939613,69.4,12.759310326189265,0.0,0.0,0.0,0.0,227.0,49.28995840939613,140.2,42.352095579793925,0.6428355272329698,0.0250883395167743,0.2572881765454233,0.0890230870061524,200.0,0.0,0.1,0.0,0.05018724658111369,0.08992963639541879,0.050187246581113676,0.08992963639541876,0.050187246581113676,0.08992963639541876,0.2,0.447213595499958,0.2971244918958093,0.1442604582711497,0.2971244918958093,0.1442604582711497,0.0,0.0,15.0,0.0,,
diagnosis_fd001_reliability,restarts4,cmapss:FD001,diagnosis,marginal_max | bank0:0-1-2-4-5-7-8 | gaussian_fitted,,,,,,,,,,,,,,,,,,,,,,,,,,,,,,,,,,,,,,,,,,,5,"[21, 22, 23, 24, 25]",restarts4,,,,,,,,,,,,,,,,,,,,,,,,,,,,,,,,,,,,,,,,,,,,,,,,,,,,,,,,,,,,,0.1,0.0,15.0,0.0,81.0862198231364,27.073787496753294,253.11636114637014,10.266598081204359,0.049635775992878384,0.09207111736670716,0.22010167838192524,0.18803966835020383,0.6970952038109292,0.016506760431575344,0.734478610965533,0.014187718165642378,0.45829711243505544,0.020840507967770275,0.5264533964768061,0.04163375087693098,0.8801848137454996,0.018118517434201644,0.8349163827473285,0.028911014399603238,0.8027340786536868,0.03746752889211913,0.7346897959110288,0.028745106548231567,227.0,49.28995840939613,69.4,12.759310326189265,0.0,0.0,0.0,0.0,227.0,49.28995840939613,162.8,58.33266666285709,0.6428355272329698,0.0250883395167743,0.18867029978318367,0.13192113862283192,200.0,0.0,0.1,0.0,0.04963577599287837,0.09207111736670714,0.049635775992878384,0.09207111736670716,0.049635775992878384,0.09207111736670716,0.2,0.447213595499958,0.22010167838192524,0.18803966835020375,0.22010167838192524,0.18803966835020383,0.0,0.0,15.0,0.0,,
diagnosis_fd001_reliability,restarts4,cmapss:FD001,diagnosis,conditional_max | bank0:0-1-2-4-5-7-8 | gaussian_fitted,,,,,,,,,,,,,,,,,,,,,,,,,,,,,,,,,,,,,,,,,,,5,"[21, 22, 23, 24, 25]",restarts4,,,,,,,,,,,,,,,,,,,,,,,,,,,,,,,,,,,,,,,,,,,,,,,,,,,,,,,,,,,,,0.1,0.0,15.0,0.0,84.62986267162036,28.692689104924415,407.69003119659914,49.081627749838546,0.049609310194832786,0.09361863141062675,0.3450816916225997,0.16816157485383373,0.7467818454912727,0.01383906940139509,0.7980187571113658,0.011196905419456652,0.4660370222040388,0.025629673770528317,0.6338787365537523,0.05015792123197986,0.9333439862002291,0.02780569367015905,0.9266450190862179,0.014616978326512577,0.8013092738498193,0.034469424102594175,0.7809594538516629,0.023009674689426985,227.0,49.28995840939613,69.4,12.759310326189265,0.0,0.0,0.0,0.0,227.0,49.28995840939613,125.8,47.96040033194051,0.7370951908128122,0.02347120181973518,0.3186503130238581,0.12321331410636184,200.0,0.0,0.1,0.0,0.04960931019483279,0.09361863141062675,0.049609310194832786,0.09361863141062675,0.049609310194832786,0.09361863141062675,0.2,0.447213595499958,0.3450816916225997,0.16816157485383373,0.3450816916225997,0.16816157485383373,0.0,0.0,15.0,0.0,,
diagnosis_fd001_reliability,restarts4,cmapss:FD001,diagnosis,relational_max | bank0:0-1-2-4-5-7-8 | gaussian_fitted,,,,,,,,,,,,,,,,,,,,,,,,,,,,,,,,,,,,,,,,,,,5,"[21, 22, 23, 24, 25]",restarts4,,,,,,,,,,,,,,,,,,,,,,,,,,,,,,,,,,,,,,,,,,,,,,,,,,,,,,,,,,,,,0.1,0.0,15.0,0.0,4.158153697548615,1.4742334884723438,386.8409500117198,46.460704732256985,0.04026856079494537,0.0342339399309509,0.5079673368830571,0.06854631327719672,0.7610149573151055,0.020240739028378675,0.8245903992137776,0.016815538002346087,0.4838844422286058,0.047682999208436855,0.7320347200202042,0.0515233887747717,0.9502890264138848,0.025701757599620154,0.9467121965653517,0.017205451222498946,0.7289500561987419,0.03641717292559036,0.7488495718312153,0.020314397982269725,227.0,49.28995840939613,69.4,12.759310326189265,0.0,0.0,0.0,0.0,227.0,49.28995840939613,77.0,15.763882770434446,0.7239464092863995,0.027863681139216372,0.46534575153847674,0.047074716414088766,200.0,0.0,0.1,0.0,0.040268560794945375,0.034233939930950905,0.04026856079494537,0.0342339399309509,0.04026856079494537,0.0342339399309509,0.0,0.0,0.5079673368830571,0.06854631327719668,0.5079673368830571,0.06854631327719672,0.0,0.0,15.0,0.0,,
diagnosis_fd001_reliability,restarts4,cmapss:FD001,diagnosis,detector | bank0:0-1-2-4-5-7-8 | mahalanobis_refit,,,,,,,,,,,,,,,,,,,,,,,,,,,,,0.30545724619969405,0.12767542187102504,,,,,,,,,,,,,5,"[21, 22, 23, 24, 25]",restarts4,,,,,,,,,,,,,,,,,,,,,0.08980974440019054,0.05412904025525195,,,,,8.0,0.0,8.0,0.0,8.0,0.0,,,,,,,,,,,,,,,,,,,,,,,,,,,,,0.1,0.0,15.0,0.0,281.7529327392578,44.02495952124736,1501.8215698242188,237.947454645545,0.048271599887653685,0.08225840134342688,0.40569768214493973,0.12520902421424976,0.7523415289950919,0.011614816499619651,0.8073087292710008,0.009801276196410854,0.4762922294902757,0.02621399121087613,0.6518085813266006,0.042604654361741295,0.9387215773532087,0.025213200144613725,0.9318210455394598,0.01636696893733527,0.7921694284118697,0.030922948388714917,,,,,,,,,,,,,,,,,,,200.0,0.0,0.1,0.0,0.0482715998876537,0.0822584013434269,0.048271599887653685,0.08225840134342688,0.048271599887653685,0.08225840134342688,0.2,0.447213595499958,0.4056976821449396,0.1252090242142497,0.40569768214493973,0.12520902421424976,0.0,0.0,15.0,0.0,5.0,0.0
diagnosis_fd001_reliability,restarts4,cmapss:FD001,diagnosis,detector | bank0:0-1-2-4-5-7-8 | mahalanobis_impute,,,,,,,,,,,,,,,,,,,,,,,,,,,,,0.033101871800136,0.009174595587049885,,,,,,,,,,,,,5,"[21, 22, 23, 24, 25]",restarts4,,,,,,,,,,,,,,,,,,,,,0.04889557259994035,0.00947500238331947,,,,,8.0,0.0,8.0,0.0,8.0,0.0,,,,,,,,,,,,,,,,,,,,,,,,,,,,,0.1,0.0,15.0,0.0,501.93577270507814,42.97662892784409,1697.8315704345703,208.34874524269972,0.006514657980456026,0.014567218094461171,0.29712375631349097,0.04670304965588277,0.7132400911169998,0.017665948114272457,0.7707524947328919,0.019964727951349587,0.4847616760370375,0.025307086724302895,0.5813659258898201,0.022651955736274366,0.9097797050215457,0.02448271417550106,0.9002335393710498,0.02375074152687064,0.7232227857653901,0.019931798040998417,,,,,,,,,,,,,,,,,,,200.0,0.0,0.1,0.0,0.006514657980456027,0.014567218094461173,0.006514657980456026,0.014567218094461171,0.006514657980456026,0.014567218094461171,0.0,0.0,0.29712375631349097,0.046703049655882796,0.29712375631349097,0.04670304965588277,0.0,0.0,15.0,0.0,1.0,0.0
diagnosis_fd001_reliability,restarts4,cmapss:FD001,diagnosis,detector | bank0:0-1-2-4-5-7-8 | gmm_refit,,,,,,,,,,,,,,,,,,,,,,,,,,,,,13.304615200000445,4.893762413887804,,,,,,,,,,,,,5,"[21, 22, 23, 24, 25]",restarts4,,,,,,,,,,,,,,,,,,,,,1.7535458915999698,0.8085022892288393,,,,,8.0,0.0,8.0,0.0,8.0,0.0,,,,,,,,,,,,,,,,,,,,,,,,,,,,,0.1,0.0,15.0,0.0,362.4952453613281,321.3514152522171,3510.798723602295,2968.032672042756,0.07630499168751861,0.04873015644436261,0.3131047779512987,0.17057825989720074,0.7221357924483401,0.010883639599711434,0.7508094509221217,0.022423476069017186,0.47992285722181205,0.03072410537294876,0.6211010348951614,0.03182149318815382,0.8922570482419874,0.021243225830031572,0.8844060129056309,0.01154265958823184,0.7590481436571214,0.025493948495716325,,,,,,,,,,,,,,,,,,,200.0,0.0,0.1,0.0,0.07630499168751861,0.0487301564443626,0.07630499168751861,0.04873015644436261,0.07630499168751861,0.04873015644436261,0.2,0.447213595499958,0.31310477795129876,0.17057825989720074,0.3131047779512987,0.17057825989720074,0.0,0.0,15.0,0.0,5.0,0.0
diagnosis_fd001_reliability,restarts4,cmapss:FD001,diagnosis,detector | bank0:0-1-2-4-5-7-8 | gmm_impute,,,,,,,,,,,,,,,,,,,,,,,,,,,,,1.9751470223998695,0.9312739713998786,,,,,,,,,,,,,5,"[21, 22, 23, 24, 25]",restarts4,,,,,,,,,,,,,,,,,,,,,0.037997287600046545,0.004407314955753634,,,,,8.0,0.0,8.0,0.0,8.0,0.0,,,,,,,,,,,,,,,,,,,,,,,,,,,,,0.1,0.0,15.0,0.0,411.6885131835937,105.11448969185298,1567.1196715831757,287.97031264581966,0.05178179462547531,0.06869716243890442,0.3359574397080022,0.1042336437745592,0.7070834795798423,0.016593748720562903,0.7637649864737848,0.016344578745979974,0.48702878238814895,0.022568123965135346,0.5769299531875831,0.021186020059421003,0.8996226648467222,0.030719961267237354,0.8909153708510633,0.031598921385014925,0.7144341868443362,0.021891637344415342,,,,,,,,,,,,,,,,,,,200.0,0.0,0.1,0.0,0.05178179462547531,0.06869716243890442,0.05178179462547531,0.06869716243890442,0.05178179462547531,0.06869716243890442,0.2,0.447213595499958,0.3359574397080022,0.10423364377455922,0.3359574397080022,0.1042336437745592,0.0,0.0,15.0,0.0,1.0,0.0
diagnosis_fd001_reliability,restarts4,cmapss:FD001,diagnosis,detector | bank0:0-1-2-4-5-7-8 | knn_refit,,,,,,,,,,,,,,,,,,,,,,,,,,,,,0.04976987619920692,0.008549149545035805,,,,,,,,,,,,,5,"[21, 22, 23, 24, 25]",restarts4,,,,,,,,,,,,,,,,,,,,,0.039492704999975106,0.019182624085019043,,,,,8.0,0.0,8.0,0.0,8.0,0.0,,,,,,,,,,,,,,,,,,,,,,,,,,,,,0.1,0.0,15.0,0.0,9.688090419769287,1.3751377504547848,8.417071342468262,0.5790395122692845,0.06015943372817191,0.1118275694354247,0.22231225369247887,0.22547202306804995,0.7250422868809445,0.013771911643622107,0.7584597352074596,0.015752833604618665,0.4697285648543169,0.02558712089872457,0.6039978949819195,0.04358034064067752,0.9164066460213546,0.021966525393394803,0.9109178522296519,0.020028171866688142,0.7552968119995817,0.052175698666589804,,,,,,,,,,,,,,,,,,,200.0,0.0,0.1,0.0,0.060159433728171896,0.11182756943542464,0.06015943372817191,0.1118275694354247,0.06015943372817191,0.1118275694354247,0.2,0.447213595499958,0.22231225369247887,0.22547202306804998,0.22231225369247887,0.22547202306804995,0.0,0.0,15.0,0.0,5.0,0.0
diagnosis_fd001_reliability,restarts4,cmapss:FD001,diagnosis,detector | bank0:0-1-2-4-5-7-8 | knn_impute,,,,,,,,,,,,,,,,,,,,,,,,,,,,,0.00873431839991099,0.0029357782837369905,,,,,,,,,,,,,5,"[21, 22, 23, 24, 25]",restarts4,,,,,,,,,,,,,,,,,,,,,0.006447640199803572,0.0009759923998540928,,,,,8.0,0.0,8.0,0.0,8.0,0.0,,,,,,,,,,,,,,,,,,,,,,,,,,,,,0.1,0.0,15.0,0.0,12.655075645446777,1.4165011056910024,8.146652889251708,0.5757838422196566,0.02841612377850163,0.046193926270789464,0.14769265960877212,0.1696740192279737,0.6863304591643475,0.014200529982642323,0.707629721487964,0.018236087169607756,0.48013554893383653,0.02554671724087374,0.5585295343749012,0.032762756799237513,0.8753244595195009,0.01920573894997682,0.8719679452687513,0.018667307589347974,0.6800049828701755,0.04090757460385391,,,,,,,,,,,,,,,,,,,200.0,0.0,0.1,0.0,0.028416123778501622,0.04619392627078946,0.02841612377850163,0.046193926270789464,0.02841612377850163,0.046193926270789464,0.2,0.447213595499958,0.14769265960877215,0.1696740192279737,0.14769265960877212,0.1696740192279737,0.0,0.0,15.0,0.0,1.0,0.0
diagnosis_fd001_reliability,restarts4,cmapss:FD001,diagnosis,query bank1:3 | circuit,,,,,,,,,,,,,,,,,,,,,,,,,,,,,,,,,,,,,,,,,,,5,"[21, 22, 23, 24, 25]",restarts4,,,,,,,,,,,,,,,,,,,0.0,0.0,0.3952311842002018,0.06382284448193667,0.15409526960011136,0.0061033648998041375,592.8,117.97118292193225,14.0,0.0,14.0,0.0,14.0,0.0,52.2,12.96919426949878,1248676.2,310236.0961206803,0.0,0.0,1.0,0.0,0.0,0.0,411230695.2,81837671.3335907,0.0,0.0,8892.0,1769.5677438289838,0.0,0.0,16.58928279876709,3.8458429494797453,16.703211975097656,3.7963609905036515,8.085953903198241,1.727640518615894,3.059728670120239,2.402457072267567,29.112126922607423,5.239485834571808,,,,,,,,,,,,,,,,,,,,,,,,,,,,,,,,,,,,,,,,,,,,,,,,,,,,,,,,,,,,,,,,,,
diagnosis_fd001_reliability,restarts4,cmapss:FD001,diagnosis,joint | bank1:3 | circuit,,,,,,,,,,,,,,,,,,,,,,,,,,,,,,,,,,,,,,,,,,,5,"[21, 22, 23, 24, 25]",restarts4,,,,,,,,,,,,,,,,,,,,,,,,,,,,,,,,,,,,,,,,,,,,,,,,,,,,,,,,,,,,,0.1,0.0,15.0,0.0,143.23883666992188,14.213527286520295,3446.996545410156,2464.00447481906,0.04884549815003685,0.07902029410862077,0.5762834406205509,0.09573247789635628,0.8271985546429839,0.027128835820501792,0.8742767551320487,0.021567764436064233,0.4984697850821336,0.027420722024661663,0.7424930055942671,0.03368506563226301,0.9986412810673331,0.0020790097960473428,0.9999030916152252,0.0001359522698940619,0.9236112800924264,0.03284038785227726,0.7662127917235196,0.029927698329723605,290.4,59.441567947018356,6.0,1.5811388300841898,0.0,0.0,0.0,0.0,290.4,59.441567947018356,117.4,28.884251764586185,0.7299332125347666,0.038894060785569166,0.5605304525537761,0.07638505532850638,200.0,0.0,0.1,0.0,0.04884549815003686,0.0790202941086208,0.04884549815003685,0.07902029410862077,0.04884549815003685,0.07902029410862077,0.2,0.44721359549995804,0.5762834406205508,0.09573247789635635,0.5762834406205509,0.09573247789635628,0.0,0.0,15.0,0.0,,
diagnosis_fd001_reliability,restarts4,cmapss:FD001,diagnosis,independent | bank1:3 | circuit,,,,,,,,,,,,,,,,,,,,,,,,,,,,,,,,,,,,,,,,,,,5,"[21, 22, 23, 24, 25]",restarts4,,,,,,,,,,,,,,,,,,,,,,,,,,,,,,,,,,,,,,,,,,,,,,,,,,,,,,,,,,,,,0.1,0.0,15.0,0.0,175.37273254394532,22.701862065670525,3409.453662109375,2465.4118432137475,0.040030657214025676,0.06640816920317309,0.4641259968197753,0.1018303294603482,0.7725920949770229,0.024169356160432063,0.8290794712324306,0.02374661806325017,0.49428733588937657,0.016882698506297204,0.5110468630145035,0.041226424050191654,0.9899669835222547,0.007613228951092718,0.985894792551971,0.014456737758254326,0.9012652204481709,0.038836445301326745,0.6865337015751122,0.036716966733216526,290.4,59.441567947018356,6.0,1.5811388300841898,0.0,0.0,0.0,0.0,290.4,59.441567947018356,150.2,32.21335126931068,0.6283908969439352,0.043315023365179735,0.44645402900985004,0.077365651391831,200.0,0.0,0.1,0.0,0.04003065721402568,0.0664081692031731,0.040030657214025676,0.06640816920317309,0.040030657214025676,0.06640816920317309,0.2,0.44721359549995804,0.4641259968197753,0.10183032946034824,0.4641259968197753,0.1018303294603482,0.0,0.0,15.0,0.0,,
diagnosis_fd001_reliability,restarts4,cmapss:FD001,diagnosis,marginal_max | bank1:3 | circuit,,,,,,,,,,,,,,,,,,,,,,,,,,,,,,,,,,,,,,,,,,,5,"[21, 22, 23, 24, 25]",restarts4,,,,,,,,,,,,,,,,,,,,,,,,,,,,,,,,,,,,,,,,,,,,,,,,,,,,,,,,,,,,,0.1,0.0,15.0,0.0,31.600661087036134,1.3606611368188608,3215.4257934570314,2492.5848029559006,0.017762628975236956,0.02785998102730603,0.5744164964345406,0.05128749775114707,0.7935923545176968,0.01939569811406807,0.8544631531412564,0.017360666853384787,0.4931414991246211,0.01341151515676956,0.5205198370337968,0.05923674999012748,0.9956462107260258,0.0050045038351202555,0.9977677430292202,0.0029942581136907296,0.9724826872628185,0.015797819508312688,0.6865337015751122,0.036716966733216526,290.4,59.441567947018356,6.0,1.5811388300841898,0.0,0.0,0.0,0.0,290.4,59.441567947018356,118.8,23.79495744900587,0.6283908969439352,0.043315023365179735,0.565892530097909,0.04798956646180236,200.0,0.0,0.1,0.0,0.017762628975236956,0.027859981027306035,0.017762628975236956,0.02785998102730603,0.017762628975236956,0.02785998102730603,0.0,0.0,0.5744164964345405,0.05128749775114706,0.5744164964345406,0.05128749775114707,0.0,0.0,15.0,0.0,,
diagnosis_fd001_reliability,restarts4,cmapss:FD001,diagnosis,conditional_max | bank1:3 | circuit,,,,,,,,,,,,,,,,,,,,,,,,,,,,,,,,,,,,,,,,,,,5,"[21, 22, 23, 24, 25]",restarts4,,,,,,,,,,,,,,,,,,,,,,,,,,,,,,,,,,,,,,,,,,,,,,,,,,,,,,,,,,,,,0.1,0.0,15.0,0.0,30.234231567382814,2.2696639011166484,3224.246240234375,2495.837420291027,0.008365918681056564,0.007098996631909764,0.6545856730875856,0.043776566677729015,0.8408860421884061,0.02156531368755425,0.8906993664524127,0.01560766861908482,0.49122545044381105,0.0204681542870062,0.763489825275532,0.03162616924341293,0.9999564127710581,9.74640068649578e-05,0.9999044433827041,0.0002136710919732168,0.9713450590687757,0.01684764431564127,0.7662127917235196,0.029927698329723605,290.4,59.441567947018356,6.0,1.5811388300841898,0.0,0.0,0.0,0.0,290.4,59.441567947018356,94.4,12.259690045021529,0.7299332125347666,0.038894060785569166,0.6455986363941066,0.04386636252222419,200.0,0.0,0.1,0.0,0.008365918681056564,0.007098996631909765,0.008365918681056564,0.007098996631909764,0.008365918681056564,0.007098996631909764,0.0,0.0,0.6545856730875856,0.043776566677729,0.6545856730875856,0.043776566677729015,0.0,0.0,15.0,0.0,,
diagnosis_fd001_reliability,restarts4,cmapss:FD001,diagnosis,relational_max | bank1:3 | circuit,,,,,,,,,,,,,,,,,,,,,,,,,,,,,,,,,,,,,,,,,,,5,"[21, 22, 23, 24, 25]",restarts4,,,,,,,,,,,,,,,,,,,,,,,,,,,,,,,,,,,,,,,,,,,,,,,,,,,,,,,,,,,,,0.1,0.0,15.0,0.0,5.833453750610351,1.8458087265721568,150.06978912353514,28.489612936820528,0.05081475669415945,0.043499649011444284,0.4884699144037669,0.06733882191262405,0.7667745296327241,0.02525846879576823,0.8242045215106032,0.018942059278856383,0.49508315912943573,0.027908271308056343,0.8343554687603649,0.013535242660344508,0.9668449720462753,0.029648158137892008,0.9679021558493164,0.016754561975858905,0.627305168121448,0.03192149012861987,0.5765916113103577,0.01912362257441779,290.4,59.441567947018356,6.0,1.5811388300841898,0.0,0.0,4.8,3.0331501776206204,285.6,57.5352066129948,139.6,21.125813593800356,0.563678476852775,0.03180903632288917,0.42793281270041666,0.053608657168173104,200.0,0.0,0.1,0.0,0.05081475669415945,0.04349964901144428,0.05081475669415945,0.043499649011444284,0.05081475669415945,0.043499649011444284,0.2,0.447213595499958,0.4884699144037669,0.067338821912624,0.4884699144037669,0.06733882191262405,0.0,0.0,15.0,0.0,,
diagnosis_fd001_reliability,restarts4,cmapss:FD001,diagnosis,query bank1:3 | gaussian_fitted,,,,,,,,,,,,,,,,,,,,,,,,,,,,,,,,,,,,,,,,,,,5,"[21, 22, 23, 24, 25]",restarts4,,,,,,,,,,,,,,,,,,,0.0,0.0,0.4133042404000662,0.0791857785253829,0.006622679199790582,0.0003165571045419139,592.8,117.97118292193225,14.0,0.0,14.0,0.0,14.0,0.0,52.2,12.96919426949878,7560.0,1878.2971010998233,0.0,0.0,1.0,0.0,0.0,0.0,2489760.0,495478.96827211545,0.0,0.0,8892.0,1769.5677438289838,32941280.0,0.0,13.938434344237814,2.1485879415979734,13.963350949203436,2.1297395706767137,5.962588434828877,0.49238020223705864,4.223744721114079,1.5392467374158203,23.625861550857564,2.265777740033647,,,,,,,,,,,,,,,,,,,,,,,,,,,,,,,,,,,,,,,,,,,,,,,,,,,,,,,,,,,,,,,,,,
diagnosis_fd001_reliability,restarts4,cmapss:FD001,diagnosis,joint | bank1:3 | gaussian_fitted,,,,,,,,,,,,,,,,,,,,,,,,,,,,,,,,,,,,,,,,,,,5,"[21, 22, 23, 24, 25]",restarts4,,,,,,,,,,,,,,,,,,,,,,,,,,,,,,,,,,,,,,,,,,,,,,,,,,,,,,,,,,,,,0.1,0.0,15.0,0.0,184.3370404812094,9.156766056233993,951.1576055910107,94.15710158139738,0.02752886238052791,0.030851085761853827,0.6277243103289204,0.06343118164228495,0.8448450916015868,0.022154953715277207,0.8909646805310383,0.01606247856095535,0.5113095350548964,0.02330885290156986,0.7901769406088881,0.022080282644607433,0.9995931350676008,0.0008738150591176827,0.9999431818181819,0.0001270493169033809,0.9486443866395444,0.02586395981123281,0.7695432119133672,0.028364989045034466,290.4,59.441567947018356,6.0,1.5811388300841898,0.0,0.0,0.0,0.0,290.4,59.441567947018356,102.2,18.539147768977948,0.7464967196945531,0.03271711894532901,0.6125610704171174,0.05769439781337537,200.0,0.0,0.1,0.0,0.02752886238052791,0.030851085761853834,0.02752886238052791,0.030851085761853827,0.02752886238052791,0.030851085761853827,0.0,0.0,0.6277243103289203,0.06343118164228496,0.6277243103289204,0.06343118164228495,0.0,0.0,15.0,0.0,,
diagnosis_fd001_reliability,restarts4,cmapss:FD001,diagnosis,independent | bank1:3 | gaussian_fitted,,,,,,,,,,,,,,,,,,,,,,,,,,,,,,,,,,,,,,,,,,,5,"[21, 22, 23, 24, 25]",restarts4,,,,,,,,,,,,,,,,,,,,,,,,,,,,,,,,,,,,,,,,,,,,,,,,,,,,,,,,,,,,,0.1,0.0,15.0,0.0,191.10178902061543,11.312495686445132,451.29909611466667,64.81576009859036,0.06946788342068498,0.08370846091258204,0.5361683803890297,0.0818830493872604,0.7787019265657292,0.020890335644098965,0.8387050511427248,0.018239553843674268,0.5029724569006324,0.01851142581648576,0.5012328255980218,0.041877500792643046,0.990334547611603,0.006050770341904874,0.9706265636382246,0.012706465935365322,0.9446044877872755,0.0247470710042973,0.6796342691354148,0.03567945819893578,290.4,59.441567947018356,6.0,1.5811388300841898,0.0,0.0,0.0,0.0,290.4,59.441567947018356,130.2,33.176799122278204,0.6224524620260893,0.0378782787441005,0.5062855543555356,0.05826966433691955,200.0,0.0,0.1,0.0,0.06946788342068501,0.08370846091258205,0.06946788342068498,0.08370846091258204,0.06946788342068498,0.08370846091258204,0.2,0.44721359549995804,0.5361683803890297,0.08188304938726039,0.5361683803890297,0.0818830493872604,0.0,0.0,15.0,0.0,,
diagnosis_fd001_reliability,restarts4,cmapss:FD001,diagnosis,marginal_max | bank1:3 | gaussian_fitted,,,,,,,,,,,,,,,,,,,,,,,,,,,,,,,,,,,,,,,,,,,5,"[21, 22, 23, 24, 25]",restarts4,,,,,,,,,,,,,,,,,,,,,,,,,,,,,,,,,,,,,,,,,,,,,,,,,,,,,,,,,,,,,0.1,0.0,15.0,0.0,29.897850743212377,2.2439074291734586,250.60994511313538,10.968637939292257,0.054444275437969925,0.04324821292304048,0.5741385780665444,0.03795499214387709,0.7869933701257512,0.01984553735999055,0.8487380579641076,0.017067921227481766,0.4793754757143387,0.01859719042830407,0.5254733609854647,0.051810171518531026,0.9966342766099583,0.003385525555360851,0.9634890342233037,0.016907974177977018,0.980161555759199,0.013369845725171092,0.6796342691354148,0.03567945819893578,290.4,59.441567947018356,6.0,1.5811388300841898,0.0,0.0,0.0,0.0,290.4,59.441567947018356,118.8,20.06738647656939,0.6224524620260893,0.0378782787441005,0.5536999471502085,0.040915366407798984,200.0,0.0,0.1,0.0,0.05444427543796991,0.04324821292304047,0.054444275437969925,0.04324821292304048,0.054444275437969925,0.04324821292304048,0.0,0.0,0.5741385780665443,0.03795499214387704,0.5741385780665444,0.03795499214387709,0.0,0.0,15.0,0.0,,
diagnosis_fd001_reliability,restarts4,cmapss:FD001,diagnosis,conditional_max | bank1:3 | gaussian_fitted,,,,,,,,,,,,,,,,,,,,,,,,,,,,,,,,,,,,,,,,,,,5,"[21, 22, 23, 24, 25]",restarts4,,,,,,,,,,,,,,,,,,,,,,,,,,,,,,,,,,,,,,,,,,,,,,,,,,,,,,,,,,,,,0.1,0.0,15.0,0.0,30.909372904342746,4.042291372819578,495.3260887757527,64.8810000291685,0.07301387056286808,0.0864411572211645,0.6997394353208833,0.0361244848783257,0.8428922333802387,0.019381423607098724,0.8937272582330928,0.013636477011489732,0.4803920688507045,0.006749412255467955,0.777038779772635,0.0295826788551405,1.0,0.0,1.0,0.0,0.9796798627212923,0.012429092365223132,0.7695432119133672,0.028364989045034466,290.4,59.441567947018356,6.0,1.5811388300841898,0.0,0.0,0.0,0.0,290.4,59.441567947018356,81.8,14.394443372357268,0.7464967196945531,0.03271711894532901,0.6758711062816759,0.033899551454715876,200.0,0.0,0.1,0.0,0.07301387056286808,0.0864411572211645,0.07301387056286808,0.0864411572211645,0.07301387056286808,0.0864411572211645,0.2,0.44721359549995804,0.6997394353208835,0.03612448487832574,0.6997394353208833,0.0361244848783257,0.0,0.0,15.0,0.0,,
diagnosis_fd001_reliability,restarts4,cmapss:FD001,diagnosis,relational_max | bank1:3 | gaussian_fitted,,,,,,,,,,,,,,,,,,,,,,,,,,,,,,,,,,,,,,,,,,,5,"[21, 22, 23, 24, 25]",restarts4,,,,,,,,,,,,,,,,,,,,,,,,,,,,,,,,,,,,,,,,,,,,,,,,,,,,,,,,,,,,,0.1,0.0,15.0,0.0,4.868896175276167,0.7718533586949211,494.518825488879,76.55012048982215,0.04674886221394344,0.04194808259719495,0.6465151889510851,0.05170520146789232,0.8339113355469248,0.008111938567421753,0.8834081255701045,0.007297835763966051,0.49586827832829206,0.02592820692710148,0.8727754895214727,0.02454584529056321,1.0,0.0,0.9998566650740563,0.00032050663795985006,0.8370399353426979,0.020810428719114805,0.7183245284274753,0.021995286556559693,290.4,59.441567947018356,6.0,1.5811388300841898,0.0,0.0,0.2,0.447213595499958,290.2,59.35233778041098,96.8,16.991174179555692,0.7007064939479023,0.03388281932221564,0.6106421935829593,0.03203405687534552,200.0,0.0,0.1,0.0,0.046748862213943455,0.04194808259719496,0.04674886221394344,0.04194808259719495,0.04674886221394344,0.04194808259719495,0.2,0.44721359549995804,0.6465151889510851,0.05170520146789231,0.6465151889510851,0.05170520146789232,0.0,0.0,15.0,0.0,,
diagnosis_fd001_reliability,restarts4,cmapss:FD001,diagnosis,detector | bank1:3 | mahalanobis_refit,,,,,,,,,,,,,,,,,,,,,,,,,,,,,0.38460629059936763,0.20050263976271368,,,,,,,,,,,,,5,"[21, 22, 23, 24, 25]",restarts4,,,,,,,,,,,,,,,,,,,,,0.11648858740009019,0.13520055296025366,,,,,14.0,0.0,14.0,0.0,14.0,0.0,,,,,,,,,,,,,,,,,,,,,,,,,,,,,0.1,0.0,15.0,0.0,366.3262451171875,16.95343575291127,2024.6249267578125,203.36847245004637,0.029807367835424443,0.032191880676150475,0.6226880945609251,0.06168121744213242,0.8444684937723606,0.022214743440806196,0.89056117848863,0.016111313141224964,0.5112996666945943,0.024847500534280996,0.7897269054710858,0.022883147277741277,0.9995160802730801,0.0010460397990367943,0.9999337121212122,0.0001482242030539775,0.9473666115506891,0.025458585092273823,,,,,,,,,,,,,,,,,,,200.0,0.0,0.1,0.0,0.029807367835424443,0.032191880676150475,0.029807367835424443,0.032191880676150475,0.029807367835424443,0.032191880676150475,0.0,0.0,0.6226880945609251,0.06168121744213242,0.6226880945609251,0.06168121744213242,0.0,0.0,15.0,0.0,6.0,0.0
diagnosis_fd001_reliability,restarts4,cmapss:FD001,diagnosis,detector | bank1:3 | mahalanobis_impute,,,,,,,,,,,,,,,,,,,,,,,,,,,,,0.033101871800136,0.009174595587049885,,,,,,,,,,,,,5,"[21, 22, 23, 24, 25]",restarts4,,,,,,,,,,,,,,,,,,,,,0.040931797200209986,0.008628049908613732,,,,,14.0,0.0,14.0,0.0,14.0,0.0,,,,,,,,,,,,,,,,,,,,,,,,,,,,,0.1,0.0,15.0,0.0,368.77129516601565,17.64486415539273,2036.3574615478515,206.1439136140178,0.03043236783542444,0.032483424338032155,0.6245856783713932,0.06330122373563682,0.8444028322385175,0.022338795636379197,0.8904697019267115,0.01623621576611226,0.5121251394341231,0.02364863657443943,0.7889974993077046,0.022424898877108766,0.9994989569854089,0.0010843152004577,0.9999242424242425,0.0001693990892045244,0.9470750403800524,0.02528617283731181,,,,,,,,,,,,,,,,,,,200.0,0.0,0.1,0.0,0.03043236783542444,0.032483424338032155,0.03043236783542444,0.032483424338032155,0.03043236783542444,0.032483424338032155,0.0,0.0,0.6245856783713931,0.06330122373563685,0.6245856783713932,0.06330122373563682,0.0,0.0,15.0,0.0,1.0,0.0
diagnosis_fd001_reliability,restarts4,cmapss:FD001,diagnosis,detector | bank1:3 | gmm_refit,,,,,,,,,,,,,,,,,,,,,,,,,,,,,15.700025605400333,4.343556351528598,,,,,,,,,,,,,5,"[21, 22, 23, 24, 25]",restarts4,,,,,,,,,,,,,,,,,,,,,2.4332747157997803,0.5724603367776416,,,,,14.0,0.0,14.0,0.0,14.0,0.0,,,,,,,,,,,,,,,,,,,,,,,,,,,,,0.1,0.0,15.0,0.0,307.3339416503906,33.30001131727255,1763.8706817626953,180.61905038724072,0.08229412468673995,0.07535479575331058,0.626888078310076,0.08715412739237811,0.827514235920899,0.026063948565779656,0.8746235876718252,0.01979970453062367,0.5157724672500561,0.023759152869110796,0.7433559326607735,0.04406971134601767,0.9979898454962315,0.004380423288434617,0.9994590608994894,0.0008526870093949628,0.9058794975111374,0.04079839352886334,,,,,,,,,,,,,,,,,,,200.0,0.0,0.1,0.0,0.08229412468673997,0.0753547957533106,0.08229412468673995,0.07535479575331058,0.08229412468673995,0.07535479575331058,0.4,0.5477225575051662,0.6268880783100759,0.08715412739237823,0.626888078310076,0.08715412739237811,0.0,0.0,15.0,0.0,6.0,0.0
diagnosis_fd001_reliability,restarts4,cmapss:FD001,diagnosis,detector | bank1:3 | gmm_impute,,,,,,,,,,,,,,,,,,,,,,,,,,,,,1.9751470223998695,0.9312739713998786,,,,,,,,,,,,,5,"[21, 22, 23, 24, 25]",restarts4,,,,,,,,,,,,,,,,,,,,,0.03537707599971327,0.010707553385730073,,,,,14.0,0.0,14.0,0.0,14.0,0.0,,,,,,,,,,,,,,,,,,,,,,,,,,,,,0.1,0.0,15.0,0.0,353.5727478027344,35.31155769043362,1904.5225524902344,238.55690058589738,0.05284648609563618,0.060887969276051015,0.5972250295418412,0.054978879270869425,0.8227513870928684,0.018932592631346595,0.8714304657003638,0.014625586078354848,0.5101444680166679,0.01892178995902721,0.7376045883547768,0.029485906368508355,0.9974417004586196,0.004272760425117081,0.9987595997661654,0.001691893930964023,0.8976362775532305,0.02962778695544659,,,,,,,,,,,,,,,,,,,200.0,0.0,0.1,0.0,0.05284648609563618,0.06088796927605103,0.05284648609563618,0.060887969276051015,0.05284648609563618,0.060887969276051015,0.2,0.44721359549995804,0.5972250295418412,0.05497887927086946,0.5972250295418412,0.054978879270869425,0.0,0.0,15.0,0.0,1.0,0.0
diagnosis_fd001_reliability,restarts4,cmapss:FD001,diagnosis,detector | bank1:3 | knn_refit,,,,,,,,,,,,,,,,,,,,,,,,,,,,,0.05925996019905142,0.007600528482181458,,,,,,,,,,,,,5,"[21, 22, 23, 24, 25]",restarts4,,,,,,,,,,,,,,,,,,,,,0.04035649559973535,0.016876791541961554,,,,,14.0,0.0,14.0,0.0,14.0,0.0,,,,,,,,,,,,,,,,,,,,,,,,,,,,,0.1,0.0,15.0,0.0,10.402570724487305,0.23062190342123842,7.45499095916748,0.5429331544103847,0.03917607770342239,0.04460663334754774,0.589037962458337,0.0870651152690552,0.8297245820080417,0.018565265634087186,0.8770597267052811,0.013330950659113366,0.4983292049423265,0.018824242125199293,0.7374520878908868,0.022667284460595512,0.999365209556737,0.0009899978699459103,0.9997476775675305,0.00039434208617248955,0.9390718950645169,0.019810972021521576,,,,,,,,,,,,,,,,,,,200.0,0.0,0.1,0.0,0.03917607770342239,0.04460663334754773,0.03917607770342239,0.04460663334754774,0.03917607770342239,0.04460663334754774,0.2,0.447213595499958,0.589037962458337,0.08706511526905525,0.589037962458337,0.0870651152690552,0.0,0.0,15.0,0.0,6.0,0.0
diagnosis_fd001_reliability,restarts4,cmapss:FD001,diagnosis,detector | bank1:3 | knn_impute,,,,,,,,,,,,,,,,,,,,,,,,,,,,,0.00873431839991099,0.0029357782837369905,,,,,,,,,,,,,5,"[21, 22, 23, 24, 25]",restarts4,,,,,,,,,,,,,,,,,,,,,0.006919053800083929,0.0011642344233185314,,,,,14.0,0.0,14.0,0.0,14.0,0.0,,,,,,,,,,,,,,,,,,,,,,,,,,,,,0.1,0.0,15.0,0.0,10.535228157043457,0.2300823772090898,7.503765487670899,0.66659215434117,0.05197793051327678,0.038957132619287925,0.5936377546119246,0.0703500108016715,0.8260952289393716,0.017943141457668836,0.8727085258936744,0.013952768785294795,0.4975620934591861,0.020704450512885577,0.7315822328592528,0.022602515850147886,0.9997755460336247,0.0001910326072225161,0.9995144823028899,0.0008226581282484931,0.9279661279156853,0.022080441225173133,,,,,,,,,,,,,,,,,,,200.0,0.0,0.1,0.0,0.051977930513276795,0.03895713261928794,0.05197793051327678,0.038957132619287925,0.05197793051327678,0.038957132619287925,0.2,0.44721359549995804,0.5936377546119245,0.0703500108016715,0.5936377546119246,0.0703500108016715,0.0,0.0,15.0,0.0,1.0,0.0
diagnosis_fd001_reliability,restarts4,cmapss:FD001,diagnosis,query bank2:6-10 | circuit,,,,,,,,,,,,,,,,,,,,,,,,,,,,,,,,,,,,,,,,,,,5,"[21, 22, 23, 24, 25]",restarts4,,,,,,,,,,,,,,,,,,,0.0,0.0,0.37583176480020486,0.05947437467194507,0.15056111280009646,0.005687954035783478,592.8,117.97118292193225,13.0,0.0,13.0,0.0,13.0,0.0,48.6,12.074767078498864,1162560.6,288840.50328477134,0.0,0.0,1.0,0.0,0.0,0.0,382869957.6,76193694.00023963,0.0,0.0,8892.0,1769.5677438289838,0.0,0.0,14.9958065032959,3.821697620259149,15.136229515075684,3.7628833106269535,7.914024925231933,1.6329614754147725,2.230942988395691,2.0064615831602515,27.77652816772461,5.509656380757285,,,,,,,,,,,,,,,,,,,,,,,,,,,,,,,,,,,,,,,,,,,,,,,,,,,,,,,,,,,,,,,,,,
diagnosis_fd001_reliability,restarts4,cmapss:FD001,diagnosis,joint | bank2:6-10 | circuit,,,,,,,,,,,,,,,,,,,,,,,,,,,,,,,,,,,,,,,,,,,5,"[21, 22, 23, 24, 25]",restarts4,,,,,,,,,,,,,,,,,,,,,,,,,,,,,,,,,,,,,,,,,,,,,,,,,,,,,,,,,,,,,0.1,0.0,15.0,0.0,75.17836456298828,12.225084882689176,3703.3486328125,2333.6598118009083,0.020530753017819505,0.038221505583106385,0.5172854479001099,0.07022405925772822,0.8155376348722658,0.024888492821239346,0.8648682108083386,0.022201528648162088,0.49413619770128553,0.023920360485531086,0.7192023054343022,0.033126764032710254,0.9947430824689013,0.0034481861389588906,0.9969302905463493,0.005626467143136022,0.9007327826932887,0.05427126491394014,0.7636861631317748,0.033203337909589056,283.6,56.52256186692178,12.8,2.8635642126552705,0.0,0.0,0.0,0.0,283.6,56.52256186692178,128.2,22.81885185542866,0.7241633928001243,0.040319828092166526,0.5061961568719556,0.06303914522552201,200.0,0.0,0.1,0.0,0.020530753017819512,0.0382215055831064,0.020530753017819505,0.038221505583106385,0.020530753017819505,0.038221505583106385,0.0,0.0,0.5172854479001098,0.07022405925772814,0.5172854479001099,0.07022405925772822,0.0,0.0,15.0,0.0,,
diagnosis_fd001_reliability,restarts4,cmapss:FD001,diagnosis,independent | bank2:6-10 | circuit,,,,,,,,,,,,,,,,,,,,,,,,,,,,,,,,,,,,,,,,,,,5,"[21, 22, 23, 24, 25]",restarts4,,,,,,,,,,,,,,,,,,,,,,,,,,,,,,,,,,,,,,,,,,,,,,,,,,,,,,,,,,,,,0.1,0.0,15.0,0.0,110.8714813232422,18.900339900767445,3678.3597900390623,2316.9240323859513,0.01935428242958421,0.038534865729727225,0.4000969677345414,0.06720285967568387,0.7663893074341519,0.027375802614617393,0.823079498170468,0.027978777335266866,0.4904420982114173,0.014514139756024124,0.5234354608420564,0.0440479623449972,0.9811209684315578,0.01858809647373487,0.9854032609428975,0.009976874800032884,0.8738235261867574,0.05451053684106785,0.6868664937232491,0.04025620954269704,283.6,56.52256186692178,12.8,2.8635642126552705,0.0,0.0,0.0,0.0,283.6,56.52256186692178,163.6,31.86377253245447,0.6277199646946494,0.048995442392924866,0.3880754760396879,0.052517126644813096,200.0,0.0,0.1,0.0,0.019354282429584216,0.03853486572972724,0.01935428242958421,0.038534865729727225,0.01935428242958421,0.038534865729727225,0.0,0.0,0.4000969677345414,0.067202859675684,0.4000969677345414,0.06720285967568387,0.0,0.0,15.0,0.0,,
diagnosis_fd001_reliability,restarts4,cmapss:FD001,diagnosis,marginal_max | bank2:6-10 | circuit,,,,,,,,,,,,,,,,,,,,,,,,,,,,,,,,,,,,,,,,,,,5,"[21, 22, 23, 24, 25]",restarts4,,,,,,,,,,,,,,,,,,,,,,,,,,,,,,,,,,,,,,,,,,,,,,,,,,,,,,,,,,,,,0.1,0.0,15.0,0.0,31.600661087036134,1.3606611368188608,3279.1408081054688,2419.4022795441833,0.017762628975236956,0.02785998102730603,0.557127071322698,0.049391419699042316,0.7833048775011887,0.017497660218826747,0.8465530513548781,0.017328544509756308,0.4931414991246211,0.01341151515676956,0.5205198370337968,0.05923674999012748,0.9890939682570916,0.007170269839115405,0.9954705056971399,0.003992859323468313,0.9340064950950897,0.022889225907018085,0.6868664937232491,0.04025620954269704,283.6,56.52256186692178,12.8,2.8635642126552705,0.0,0.0,0.0,0.0,283.6,56.52256186692178,117.6,22.501111083677625,0.6277199646946494,0.048995442392924866,0.5486031049860662,0.048774591963106885,200.0,0.0,0.1,0.0,0.017762628975236956,0.027859981027306035,0.017762628975236956,0.02785998102730603,0.017762628975236956,0.02785998102730603,0.0,0.0,0.557127071322698,0.04939141969904237,0.557127071322698,0.049391419699042316,0.0,0.0,15.0,0.0,,
diagnosis_fd001_reliability,restarts4,cmapss:FD001,diagnosis,conditional_max | bank2:6-10 | circuit,,,,,,,,,,,,,,,,,,,,,,,,,,,,,,,,,,,,,,,,,,,5,"[21, 22, 23, 24, 25]",restarts4,,,,,,,,,,,,,,,,,,,,,,,,,,,,,,,,,,,,,,,,,,,,,,,,,,,,,,,,,,,,,0.1,0.0,15.0,0.0,30.22662010192871,2.261607278635108,3285.1256713867188,2423.546158926378,0.008987036693478924,0.00826245744619263,0.6295578642273678,0.042146880354139764,0.8269347398801837,0.015652964241816805,0.880532720432283,0.01257624692356369,0.48988344074050144,0.01851336843872135,0.7310398579454329,0.048939954224869124,0.9968457909479582,0.004449605006963853,0.9982620640229335,0.0038861429852630265,0.9409288088843194,0.02458727276566855,0.7636861631317748,0.033203337909589056,283.6,56.52256186692178,12.8,2.8635642126552705,0.0,0.0,0.0,0.0,283.6,56.52256186692178,95.2,12.397580409095962,0.7241633928001243,0.040319828092166526,0.6230262988528511,0.04285943658458302,200.0,0.0,0.1,0.0,0.008987036693478922,0.008262457446192629,0.008987036693478924,0.00826245744619263,0.008987036693478924,0.00826245744619263,0.0,0.0,0.6295578642273678,0.04214688035413972,0.6295578642273678,0.042146880354139764,0.0,0.0,15.0,0.0,,
diagnosis_fd001_reliability,restarts4,cmapss:FD001,diagnosis,relational_max | bank2:6-10 | circuit,,,,,,,,,,,,,,,,,,,,,,,,,,,,,,,,,,,,,,,,,,,5,"[21, 22, 23, 24, 25]",restarts4,,,,,,,,,,,,,,,,,,,,,,,,,,,,,,,,,,,,,,,,,,,,,,,,,,,,,,,,,,,,,0.1,0.0,15.0,0.0,7.401461219787597,1.908507277281931,137.28701934814453,27.10426346308372,0.016653505454896533,0.03100300196007519,0.43095278664294395,0.05438307556691021,0.7589331849559751,0.01967672188108695,0.8183618478579822,0.017578515901680063,0.491078934329482,0.02864118239186092,0.7877168742558257,0.043479691782182424,0.9622301835796957,0.02180593882899248,0.9631998783276636,0.0036503842651962465,0.637208938757278,0.027878594753956393,0.6072241864774621,0.03362415611909631,283.6,56.52256186692178,12.8,2.8635642126552705,0.0,0.0,0.0,0.0,283.6,56.52256186692178,154.6,27.555398745073532,0.5892540391092913,0.04865855127678831,0.417886496219396,0.038740321829087564,200.0,0.0,0.1,0.0,0.01665350545489654,0.031003001960075206,0.016653505454896533,0.03100300196007519,0.016653505454896533,0.03100300196007519,0.0,0.0,0.430952786642944,0.05438307556691031,0.43095278664294395,0.05438307556691021,0.0,0.0,15.0,0.0,,
diagnosis_fd001_reliability,restarts4,cmapss:FD001,diagnosis,query bank2:6-10 | gaussian_fitted,,,,,,,,,,,,,,,,,,,,,,,,,,,,,,,,,,,,,,,,,,,5,"[21, 22, 23, 24, 25]",restarts4,,,,,,,,,,,,,,,,,,,0.0,0.0,0.3308813588000703,0.06843962780644801,0.006027443600032711,0.00047329669496586855,592.8,117.97118292193225,13.0,0.0,13.0,0.0,13.0,0.0,48.6,12.074767078498864,6552.0,1627.857487619847,0.0,0.0,1.0,0.0,0.0,0.0,2157792.0,429415.1058358334,0.0,0.0,8892.0,1769.5677438289838,39499520.0,0.0,11.761595921424085,2.0064748304500784,11.821041733132668,1.993518524967907,5.576996200301649,0.6015762572390568,2.872950046239629,1.3629878170775422,20.941532562593984,1.7072354482914038,,,,,,,,,,,,,,,,,,,,,,,,,,,,,,,,,,,,,,,,,,,,,,,,,,,,,,,,,,,,,,,,,,
diagnosis_fd001_reliability,restarts4,cmapss:FD001,diagnosis,joint | bank2:6-10 | gaussian_fitted,,,,,,,,,,,,,,,,,,,,,,,,,,,,,,,,,,,,,,,,,,,5,"[21, 22, 23, 24, 25]",restarts4,,,,,,,,,,,,,,,,,,,,,,,,,,,,,,,,,,,,,,,,,,,,,,,,,,,,,,,,,,,,,0.1,0.0,15.0,0.0,246.23825127726514,23.456137078617683,566.0153805966664,39.90524655004473,0.03948871716934897,0.06307193966175838,0.4968154636213605,0.1095851033518134,0.8097485499800754,0.010679226615456896,0.8567593556838151,0.009075262830522597,0.4855368602564325,0.01652850822249249,0.728119004325374,0.04382257609113922,0.9943477804630634,0.0064317440030594334,0.9957902795118164,0.006318056022141051,0.8762023753043927,0.041426205137481874,0.756985307785718,0.01800909144604512,283.6,56.52256186692178,12.8,2.8635642126552705,0.0,0.0,0.0,0.0,283.6,56.52256186692178,134.8,35.15963594805839,0.7040629288661454,0.02037843009038861,0.4645456218225818,0.08337701803718647,200.0,0.0,0.1,0.0,0.03948871716934897,0.06307193966175836,0.03948871716934897,0.06307193966175838,0.03948871716934897,0.06307193966175838,0.2,0.447213595499958,0.4968154636213605,0.10958510335181333,0.4968154636213605,0.1095851033518134,0.0,0.0,15.0,0.0,,
diagnosis_fd001_reliability,restarts4,cmapss:FD001,diagnosis,independent | bank2:6-10 | gaussian_fitted,,,,,,,,,,,,,,,,,,,,,,,,,,,,,,,,,,,,,,,,,,,5,"[21, 22, 23, 24, 25]",restarts4,,,,,,,,,,,,,,,,,,,,,,,,,,,,,,,,,,,,,,,,,,,,,,,,,,,,,,,,,,,,,0.1,0.0,15.0,0.0,261.3982492768337,29.379046229183817,226.70865003030485,23.67114887636566,0.047066128568691315,0.08482229162189565,0.29962496145325584,0.20426229248628577,0.7466206440930392,0.018735441017681865,0.7914619859552638,0.021088115928614034,0.4793736748628118,0.023631790888808284,0.5355829435403925,0.04487992064277693,0.9544675985767256,0.02098837250269696,0.9255264315091937,0.03983588448125178,0.8625823557059743,0.0457942724124237,0.6622966112450175,0.02953473091875781,283.6,56.52256186692178,12.8,2.8635642126552705,0.0,0.0,0.0,0.0,283.6,56.52256186692178,192.0,62.48199740725323,0.5861060204076448,0.03839816463765857,0.2521521535570882,0.16342899195023855,200.0,0.0,0.1,0.0,0.047066128568691315,0.08482229162189563,0.047066128568691315,0.08482229162189565,0.047066128568691315,0.08482229162189565,0.2,0.447213595499958,0.2996249614532559,0.20426229248628575,0.29962496145325584,0.20426229248628577,0.0,0.0,15.0,0.0,,
diagnosis_fd001_reliability,restarts4,cmapss:FD001,diagnosis,marginal_max | bank2:6-10 | gaussian_fitted,,,,,,,,,,,,,,,,,,,,,,,,,,,,,,,,,,,,,,,,,,,5,"[21, 22, 23, 24, 25]",restarts4,,,,,,,,,,,,,,,,,,,,,,,,,,,,,,,,,,,,,,,,,,,,,,,,,,,,,,,,,,,,,0.1,0.0,15.0,0.0,81.0862198231364,27.073787496753294,114.95365194599886,9.721755306310897,0.049635775992878384,0.09207111736670716,0.16374752625697012,0.26690841337219473,0.7208870887430809,0.018326852219273732,0.7183977193376145,0.0449053967610394,0.46024451243592523,0.018625282012306694,0.5361333216156862,0.039679814381814095,0.8822476150150631,0.03940585020739435,0.8690512643958312,0.04437822706678324,0.8742311739043279,0.05514846138400951,0.6622966112450175,0.02953473091875781,283.6,56.52256186692178,12.8,2.8635642126552705,0.0,0.0,0.0,0.0,283.6,56.52256186692178,232.8,88.77330679883453,0.5861060204076448,0.03839816463765857,0.13601321606213732,0.22273583117934362,200.0,0.0,0.1,0.0,0.04963577599287837,0.09207111736670714,0.049635775992878384,0.09207111736670716,0.049635775992878384,0.09207111736670716,0.2,0.447213595499958,0.16374752625697012,0.26690841337219473,0.16374752625697012,0.26690841337219473,0.0,0.0,15.0,0.0,,
diagnosis_fd001_reliability,restarts4,cmapss:FD001,diagnosis,conditional_max | bank2:6-10 | gaussian_fitted,,,,,,,,,,,,,,,,,,,,,,,,,,,,,,,,,,,,,,,,,,,5,"[21, 22, 23, 24, 25]",restarts4,,,,,,,,,,,,,,,,,,,,,,,,,,,,,,,,,,,,,,,,,,,,,,,,,,,,,,,,,,,,,0.1,0.0,15.0,0.0,85.01217485580476,27.670660928930108,232.3716945388216,35.77932456022584,0.049635775992878384,0.09207111736670716,0.37680195354211876,0.19077874663923064,0.7979698752399621,0.012960113308070762,0.8398264351026269,0.015721896307117556,0.4631274601354821,0.011357243198263362,0.7056074439804899,0.0578121897099464,0.9855465983015279,0.009365347854507596,0.98841302351775,0.008483889435175203,0.8770995718250567,0.05352542229983285,0.756985307785718,0.01800909144604512,283.6,56.52256186692178,12.8,2.8635642126552705,0.0,0.0,0.0,0.0,283.6,56.52256186692178,170.2,62.40753159675521,0.7040629288661454,0.02037843009038861,0.3553441091453316,0.15841700530111802,200.0,0.0,0.1,0.0,0.04963577599287837,0.09207111736670714,0.049635775992878384,0.09207111736670716,0.049635775992878384,0.09207111736670716,0.2,0.447213595499958,0.3768019535421189,0.1907787466392307,0.37680195354211876,0.19077874663923064,0.0,0.0,15.0,0.0,,
diagnosis_fd001_reliability,restarts4,cmapss:FD001,diagnosis,relational_max | bank2:6-10 | gaussian_fitted,,,,,,,,,,,,,,,,,,,,,,,,,,,,,,,,,,,,,,,,,,,5,"[21, 22, 23, 24, 25]",restarts4,,,,,,,,,,,,,,,,,,,,,,,,,,,,,,,,,,,,,,,,,,,,,,,,,,,,,,,,,,,,,0.1,0.0,15.0,0.0,5.325691347345417,2.391585104007199,220.8341962660524,39.748397282419305,0.06012605129502169,0.050394257876321125,0.5880590028582169,0.07159388435759002,0.8127345655889464,0.007383771698324023,0.8647381895182822,0.00528471052164016,0.5055643882036793,0.03172221549435056,0.830604907574586,0.027626932354894617,0.99667452519872,0.00440654320416504,0.9969100784126359,0.0049569963576772645,0.7741732901732239,0.04083421560875385,0.7071770650761611,0.020380250034995856,283.6,56.52256186692178,12.8,2.8635642126552705,0.0,0.0,0.2,0.447213595499958,283.4,56.33205126746229,109.4,29.056840846864272,0.6827294473514544,0.025806944674114166,0.551494801308395,0.043817714569607376,200.0,0.0,0.1,0.0,0.060126051295021674,0.050394257876321125,0.06012605129502169,0.050394257876321125,0.06012605129502169,0.050394257876321125,0.2,0.44721359549995804,0.5880590028582169,0.07159388435759008,0.5880590028582169,0.07159388435759002,0.0,0.0,15.0,0.0,,
diagnosis_fd001_reliability,restarts4,cmapss:FD001,diagnosis,detector | bank2:6-10 | mahalanobis_refit,,,,,,,,,,,,,,,,,,,,,,,,,,,,,0.435299491999649,0.2545694497697009,,,,,,,,,,,,,5,"[21, 22, 23, 24, 25]",restarts4,,,,,,,,,,,,,,,,,,,,,0.08537458860009792,0.07632078408180411,,,,,13.0,0.0,13.0,0.0,13.0,0.0,,,,,,,,,,,,,,,,,,,,,,,,,,,,,0.1,0.0,15.0,0.0,398.0404907226563,47.6014028748712,1154.1285736083985,82.42248329685474,0.04007695246346662,0.06276168474211714,0.4974365816337828,0.10902094035900574,0.8099118199114896,0.010763345401359632,0.8570200350560369,0.009019114191454253,0.485808957821164,0.016784981122599026,0.7284546665547775,0.043529081539666996,0.994410789648431,0.006346560410719471,0.9958109769694901,0.006426275452596052,0.8763511763662434,0.04094622308894424,,,,,,,,,,,,,,,,,,,200.0,0.0,0.1,0.0,0.04007695246346662,0.06276168474211713,0.04007695246346662,0.06276168474211714,0.04007695246346662,0.06276168474211714,0.2,0.447213595499958,0.4974365816337828,0.10902094035900566,0.4974365816337828,0.10902094035900574,0.0,0.0,15.0,0.0,7.0,0.0
diagnosis_fd001_reliability,restarts4,cmapss:FD001,diagnosis,detector | bank2:6-10 | mahalanobis_impute,,,,,,,,,,,,,,,,,,,,,,,,,,,,,0.033101871800136,0.009174595587049885,,,,,,,,,,,,,5,"[21, 22, 23, 24, 25]",restarts4,,,,,,,,,,,,,,,,,,,,,0.039351066000017455,0.009237342144260094,,,,,13.0,0.0,13.0,0.0,13.0,0.0,,,,,,,,,,,,,,,,,,,,,,,,,,,,,0.1,0.0,15.0,0.0,416.2070007324219,50.629643221624065,1395.9026336669922,177.3922404218476,0.03993377562751485,0.05823136977230783,0.49721709790310953,0.10718305544005685,0.8102396390108577,0.012299696386834539,0.8576598224817322,0.00902910917111183,0.493796428556605,0.0257838107681624,0.7276159416346706,0.03924500662815875,0.9950040064669878,0.005543013704485992,0.9956687592657044,0.007060742829334356,0.8717731448201027,0.03703895056269253,,,,,,,,,,,,,,,,,,,200.0,0.0,0.1,0.0,0.03993377562751485,0.05823136977230783,0.03993377562751485,0.05823136977230783,0.03993377562751485,0.05823136977230783,0.2,0.447213595499958,0.4972170979031095,0.10718305544005685,0.49721709790310953,0.10718305544005685,0.0,0.0,15.0,0.0,1.0,0.0
diagnosis_fd001_reliability,restarts4,cmapss:FD001,diagnosis,detector | bank2:6-10 | gmm_refit,,,,,,,,,,,,,,,,,,,,,,,,,,,,,18.199026998600495,3.945922413718096,,,,,,,,,,,,,5,"[21, 22, 23, 24, 25]",restarts4,,,,,,,,,,,,,,,,,,,,,2.5253013120001926,1.1214394962030734,,,,,13.0,0.0,13.0,0.0,13.0,0.0,,,,,,,,,,,,,,,,,,,,,,,,,,,,,0.1,0.0,15.0,0.0,435.56129150390626,162.64327583802694,1568.5465454101563,865.9966779731269,0.04725590345363967,0.07570922322740065,0.4156139045784101,0.13899166759451353,0.7716867429283194,0.02366063146523614,0.8157667132369737,0.0417143235074388,0.4918435767348151,0.020180716509393196,0.6681449976356797,0.05468025171907365,0.9659493849614144,0.045534756424166115,0.9677768054289683,0.0442966577298352,0.7966457884957697,0.062141027923287254,,,,,,,,,,,,,,,,,,,200.0,0.0,0.1,0.0,0.047255903453639655,0.07570922322740063,0.04725590345363967,0.07570922322740065,0.04725590345363967,0.07570922322740065,0.2,0.447213595499958,0.4156139045784101,0.1389916675945135,0.4156139045784101,0.13899166759451353,0.0,0.0,15.0,0.0,7.0,0.0
diagnosis_fd001_reliability,restarts4,cmapss:FD001,diagnosis,detector | bank2:6-10 | gmm_impute,,,,,,,,,,,,,,,,,,,,,,,,,,,,,1.9751470223998695,0.9312739713998786,,,,,,,,,,,,,5,"[21, 22, 23, 24, 25]",restarts4,,,,,,,,,,,,,,,,,,,,,0.02472760040018329,0.010623836060721573,,,,,13.0,0.0,13.0,0.0,13.0,0.0,,,,,,,,,,,,,,,,,,,,,,,,,,,,,0.1,0.0,15.0,0.0,362.2109375,88.0285629271588,1426.0529136657715,385.91566865967906,0.05586955946339811,0.08391269127592017,0.4579090770854227,0.11471154369978184,0.7880840531719737,0.019993864020027518,0.8358591930919561,0.022397141946332844,0.48961711311532696,0.01953038867352283,0.703880840781463,0.06236163213945442,0.9771175738728466,0.025332991287584126,0.9817168545109846,0.01963571834639491,0.8213235665620264,0.07123029003654616,,,,,,,,,,,,,,,,,,,200.0,0.0,0.1,0.0,0.05586955946339811,0.08391269127592017,0.05586955946339811,0.08391269127592017,0.05586955946339811,0.08391269127592017,0.2,0.447213595499958,0.4579090770854227,0.11471154369978183,0.4579090770854227,0.11471154369978184,0.0,0.0,15.0,0.0,1.0,0.0
diagnosis_fd001_reliability,restarts4,cmapss:FD001,diagnosis,detector | bank2:6-10 | knn_refit,,,,,,,,,,,,,,,,,,,,,,,,,,,,,0.0672178893993987,0.0064123763960128545,,,,,,,,,,,,,5,"[21, 22, 23, 24, 25]",restarts4,,,,,,,,,,,,,,,,,,,,,0.04353242819997831,0.014234755614456394,,,,,13.0,0.0,13.0,0.0,13.0,0.0,,,,,,,,,,,,,,,,,,,,,,,,,,,,,0.1,0.0,15.0,0.0,12.275102424621583,1.1651179875942177,8.021719360351563,0.7731272458560448,0.06201573190528159,0.12113101305942081,0.32597831810888656,0.21219713844978613,0.781829607931203,0.015562134976727189,0.8202594878063035,0.019288527582833323,0.47921630696298145,0.008899262206123717,0.6838562069439313,0.05194792458302085,0.984460161679725,0.006411324409836597,0.9816393265159487,0.013653016452293786,0.8142696046997067,0.061060559913415025,,,,,,,,,,,,,,,,,,,200.0,0.0,0.1,0.0,0.062015731905281604,0.12113101305942085,0.06201573190528159,0.12113101305942081,0.06201573190528159,0.12113101305942081,0.2,0.447213595499958,0.32597831810888656,0.21219713844978613,0.32597831810888656,0.21219713844978613,0.0,0.0,15.0,0.0,7.0,0.0
diagnosis_fd001_reliability,restarts4,cmapss:FD001,diagnosis,detector | bank2:6-10 | knn_impute,,,,,,,,,,,,,,,,,,,,,,,,,,,,,0.00873431839991099,0.0029357782837369905,,,,,,,,,,,,,5,"[21, 22, 23, 24, 25]",restarts4,,,,,,,,,,,,,,,,,,,,,0.006971996799984481,0.0013758602049745911,,,,,13.0,0.0,13.0,0.0,13.0,0.0,,,,,,,,,,,,,,,,,,,,,,,,,,,,,0.1,0.0,15.0,0.0,12.35225830078125,1.099779661999389,7.921387481689453,0.9161553434812909,0.06078831571574954,0.11495112984501829,0.34044850020167416,0.2055623804755482,0.7789430293733262,0.015563875547832461,0.8193464386476454,0.01778311383802664,0.4776449719789751,0.014710830001366422,0.6725222408860023,0.05027047687085359,0.9844157158287242,0.006377033786218671,0.9830719000173078,0.012600197933060511,0.8128780980574317,0.059034790463949195,,,,,,,,,,,,,,,,,,,200.0,0.0,0.1,0.0,0.06078831571574955,0.1149511298450183,0.06078831571574954,0.11495112984501829,0.06078831571574954,0.11495112984501829,0.2,0.447213595499958,0.34044850020167416,0.2055623804755482,0.34044850020167416,0.2055623804755482,0.0,0.0,15.0,0.0,1.0,0.0
diagnosis_fd001_reliability,restarts4,cmapss:FD001,diagnosis,query single_sensor_0 | circuit,,,,,,,,,,,,,,,,,,,,,,,,,,,,,,,,,,,,,,,,,,,5,"[21, 22, 23, 24, 25]",restarts4,,,,,,,,,,,,,,,,,,,0.0,0.0,0.1334777967998889,0.008056847941709277,0.10798265960002026,0.002924402558527345,592.8,117.97118292193225,1.0,0.0,1.0,0.0,1.0,0.0,5.4,1.3416407864998738,129173.4,32093.389253863483,0.0,0.0,1.0,0.0,0.0,0.0,42541106.4,8465966.000026625,0.0,0.0,8892.0,1769.5677438289838,0.0,0.0,0.0,0.0,0.0,0.0,0.0,0.0,0.0,0.0,0.0,0.0,,,,,,,,,,,,,,,,,,,,,,,,,,,,,,,,,,,,,,,,,,,,,,,,,,,,,,,,,,,,,,,,,,
diagnosis_fd001_reliability,restarts4,cmapss:FD001,diagnosis,joint | single_sensor_0 | circuit,,,,,,,,,,,,,,,,,,,,,,,,,,,,,,,,,,,,,,,,,,,5,"[21, 22, 23, 24, 25]",restarts4,,,,,,,,,,,,,,,,,,,,,,,,,,,,,,,,,,,,,,,,,,,,,,,,,,,,,,,,,,,,,0.1,0.0,15.0,0.0,27.63397789001465,1.3273218641362605,70.30033874511719,7.98008360476889,0.013057397124136172,0.010759870226115598,0.11032951803606546,0.013155316478688646,0.5525514338990819,0.014192387848944039,0.6037723288434241,0.018444350488188897,0.5190841802946997,0.019647011167441445,0.48579892478347475,0.014736742918809163,0.6343426494500106,0.04991208133022404,0.5969679098749628,0.04025615961159488,0.5341675549377439,0.05008904474847178,,,0.0,0.0,246.8,46.40797345284537,49.6,12.895735729302148,49.6,12.895735729302148,0.0,0.0,0.0,0.0,,,0.0,0.0,200.0,0.0,0.1,0.0,0.013057397124136172,0.010759870226115596,0.013057397124136172,0.010759870226115598,0.013057397124136172,0.010759870226115598,0.0,0.0,0.11032951803606547,0.013155316478688648,0.11032951803606546,0.013155316478688646,0.0,0.0,15.0,0.0,,
diagnosis_fd001_reliability,restarts4,cmapss:FD001,diagnosis,independent | single_sensor_0 | circuit,,,,,,,,,,,,,,,,,,,,,,,,,,,,,,,,,,,,,,,,,,,5,"[21, 22, 23, 24, 25]",restarts4,,,,,,,,,,,,,,,,,,,,,,,,,,,,,,,,,,,,,,,,,,,,,,,,,,,,,,,,,,,,,0.1,0.0,15.0,0.0,27.63397789001465,1.3273218641362605,70.30033874511719,7.98008360476889,0.013057397124136172,0.010759870226115598,0.11032951803606546,0.013155316478688646,0.5525514338990819,0.014192387848944039,0.6037723288434241,0.018444350488188897,0.5190841802946997,0.019647011167441445,0.48579892478347475,0.014736742918809163,0.6343426494500106,0.04991208133022404,0.5969679098749628,0.04025615961159488,0.5341675549377439,0.05008904474847178,,,0.0,0.0,246.8,46.40797345284537,49.6,12.895735729302148,49.6,12.895735729302148,0.0,0.0,0.0,0.0,,,0.0,0.0,200.0,0.0,0.1,0.0,0.013057397124136172,0.010759870226115596,0.013057397124136172,0.010759870226115598,0.013057397124136172,0.010759870226115598,0.0,0.0,0.11032951803606547,0.013155316478688648,0.11032951803606546,0.013155316478688646,0.0,0.0,15.0,0.0,,
diagnosis_fd001_reliability,restarts4,cmapss:FD001,diagnosis,marginal_max | single_sensor_0 | circuit,,,,,,,,,,,,,,,,,,,,,,,,,,,,,,,,,,,,,,,,,,,5,"[21, 22, 23, 24, 25]",restarts4,,,,,,,,,,,,,,,,,,,,,,,,,,,,,,,,,,,,,,,,,,,,,,,,,,,,,,,,,,,,,0.1,0.0,15.0,0.0,27.63397789001465,1.3273218641362605,70.30033874511719,7.98008360476889,0.013057397124136172,0.010759870226115598,0.11032951803606546,0.013155316478688646,0.5525514338990819,0.014192387848944039,0.6037723288434241,0.018444350488188897,0.5190841802946997,0.019647011167441445,0.48579892478347475,0.014736742918809163,0.6343426494500106,0.04991208133022404,0.5969679098749628,0.04025615961159488,0.5341675549377439,0.05008904474847178,,,0.0,0.0,246.8,46.40797345284537,49.6,12.895735729302148,49.6,12.895735729302148,0.0,0.0,0.0,0.0,,,0.0,0.0,200.0,0.0,0.1,0.0,0.013057397124136172,0.010759870226115596,0.013057397124136172,0.010759870226115598,0.013057397124136172,0.010759870226115598,0.0,0.0,0.11032951803606547,0.013155316478688648,0.11032951803606546,0.013155316478688646,0.0,0.0,15.0,0.0,,
diagnosis_fd001_reliability,restarts4,cmapss:FD001,diagnosis,conditional_max | single_sensor_0 | circuit,,,,,,,,,,,,,,,,,,,,,,,,,,,,,,,,,,,,,,,,,,,5,"[21, 22, 23, 24, 25]",restarts4,,,,,,,,,,,,,,,,,,,,,,,,,,,,,,,,,,,,,,,,,,,,,,,,,,,,,,,,,,,,,0.1,0.0,15.0,0.0,27.63397789001465,1.3273218641362605,70.30033874511719,7.98008360476889,0.013057397124136172,0.010759870226115598,0.11032951803606546,0.013155316478688646,0.5525514338990819,0.014192387848944039,0.6037723288434241,0.018444350488188897,0.5190841802946997,0.019647011167441445,0.48579892478347475,0.014736742918809163,0.6343426494500106,0.04991208133022404,0.5969679098749628,0.04025615961159488,0.5341675549377439,0.05008904474847178,,,0.0,0.0,246.8,46.40797345284537,49.6,12.895735729302148,49.6,12.895735729302148,0.0,0.0,0.0,0.0,,,0.0,0.0,200.0,0.0,0.1,0.0,0.013057397124136172,0.010759870226115596,0.013057397124136172,0.010759870226115598,0.013057397124136172,0.010759870226115598,0.0,0.0,0.11032951803606547,0.013155316478688648,0.11032951803606546,0.013155316478688646,0.0,0.0,15.0,0.0,,
diagnosis_fd001_reliability,restarts4,cmapss:FD001,diagnosis,relational_max | single_sensor_0 | circuit,,,,,,,,,,,,,,,,,,,,,,,,,,,,,,,,,,,,,,,,,,,5,"[21, 22, 23, 24, 25]",restarts4,,,,,,,,,,,,,,,,,,,,,,,,,,,,,,,,,,,,,,,,,,,,,,,,,,,,,,,,,,,,,0.1,0.0,15.0,0.0,0.0,0.0,0.0,0.0,0.0,0.0,0.0,0.0,0.5,0.0,0.5,0.0,0.5,0.0,0.5,0.0,0.5,0.0,0.5,0.0,0.5,0.0,,,0.0,0.0,246.8,46.40797345284537,49.6,12.895735729302148,49.6,12.895735729302148,0.0,0.0,0.0,0.0,,,0.0,0.0,200.0,0.0,0.1,0.0,0.0,0.0,0.0,0.0,0.0,0.0,0.0,0.0,0.0,0.0,0.0,0.0,0.0,0.0,15.0,0.0,,
diagnosis_fd001_reliability,restarts4,cmapss:FD001,diagnosis,query single_sensor_0 | gaussian_fitted,,,,,,,,,,,,,,,,,,,,,,,,,,,,,,,,,,,,,,,,,,,5,"[21, 22, 23, 24, 25]",restarts4,,,,,,,,,,,,,,,,,,,0.0,0.0,0.0020878403998722205,0.00039618687549351555,0.000580080800136784,4.439078570792096e-06,592.8,117.97118292193225,1.0,0.0,1.0,0.0,1.0,0.0,3.6,0.8944271909999161,72.0,17.88854381999832,0.0,0.0,1.0,0.0,0.0,0.0,23712.0,4718.84731687729,0.0,0.0,8892.0,1769.5677438289838,39499520.0,0.0,0.0,0.0,0.0,0.0,0.0,0.0,0.0,0.0,0.0,0.0,,,,,,,,,,,,,,,,,,,,,,,,,,,,,,,,,,,,,,,,,,,,,,,,,,,,,,,,,,,,,,,,,,
diagnosis_fd001_reliability,restarts4,cmapss:FD001,diagnosis,joint | single_sensor_0 | gaussian_fitted,,,,,,,,,,,,,,,,,,,,,,,,,,,,,,,,,,,,,,,,,,,5,"[21, 22, 23, 24, 25]",restarts4,,,,,,,,,,,,,,,,,,,,,,,,,,,,,,,,,,,,,,,,,,,,,,,,,,,,,,,,,,,,,0.1,0.0,15.0,0.0,26.511372892508472,2.691020833881165,34.98201670524757,4.851650254197879,0.018844102407802498,0.019798156334293774,0.1123578204046782,0.02816545241138287,0.5524998510715609,0.013840762465059568,0.6031520050664303,0.016871265340698462,0.5130884877380562,0.0246677798926829,0.49043305979853535,0.014165568190645903,0.6408318924151146,0.05201806900923122,0.5984061883148725,0.034891574056985473,0.531830892898976,0.05381131160431694,,,0.0,0.0,246.8,46.40797345284537,49.6,12.895735729302148,49.6,12.895735729302148,0.0,0.0,0.0,0.0,,,0.0,0.0,200.0,0.0,0.1,0.0,0.018844102407802498,0.01979815633429377,0.018844102407802498,0.019798156334293774,0.018844102407802498,0.019798156334293774,0.0,0.0,0.1123578204046782,0.02816545241138286,0.1123578204046782,0.02816545241138287,0.0,0.0,15.0,0.0,,
diagnosis_fd001_reliability,restarts4,cmapss:FD001,diagnosis,independent | single_sensor_0 | gaussian_fitted,,,,,,,,,,,,,,,,,,,,,,,,,,,,,,,,,,,,,,,,,,,5,"[21, 22, 23, 24, 25]",restarts4,,,,,,,,,,,,,,,,,,,,,,,,,,,,,,,,,,,,,,,,,,,,,,,,,,,,,,,,,,,,,0.1,0.0,15.0,0.0,26.511372892508472,2.691020833881165,34.98201670524757,4.851650254197879,0.018844102407802498,0.019798156334293774,0.1123578204046782,0.02816545241138287,0.5524998510715609,0.013840762465059568,0.6031520050664303,0.016871265340698462,0.5130884877380562,0.0246677798926829,0.49043305979853535,0.014165568190645903,0.6408318924151146,0.05201806900923122,0.5984061883148725,0.034891574056985473,0.531830892898976,0.05381131160431694,,,0.0,0.0,246.8,46.40797345284537,49.6,12.895735729302148,49.6,12.895735729302148,0.0,0.0,0.0,0.0,,,0.0,0.0,200.0,0.0,0.1,0.0,0.018844102407802498,0.01979815633429377,0.018844102407802498,0.019798156334293774,0.018844102407802498,0.019798156334293774,0.0,0.0,0.1123578204046782,0.02816545241138286,0.1123578204046782,0.02816545241138287,0.0,0.0,15.0,0.0,,
diagnosis_fd001_reliability,restarts4,cmapss:FD001,diagnosis,marginal_max | single_sensor_0 | gaussian_fitted,,,,,,,,,,,,,,,,,,,,,,,,,,,,,,,,,,,,,,,,,,,5,"[21, 22, 23, 24, 25]",restarts4,,,,,,,,,,,,,,,,,,,,,,,,,,,,,,,,,,,,,,,,,,,,,,,,,,,,,,,,,,,,,0.1,0.0,15.0,0.0,26.511372892508472,2.691020833881165,34.98201670524757,4.851650254197879,0.018844102407802498,0.019798156334293774,0.1123578204046782,0.02816545241138287,0.5524998510715609,0.013840762465059568,0.6031520050664303,0.016871265340698462,0.5130884877380562,0.0246677798926829,0.49043305979853535,0.014165568190645903,0.6408318924151146,0.05201806900923122,0.5984061883148725,0.034891574056985473,0.531830892898976,0.05381131160431694,,,0.0,0.0,246.8,46.40797345284537,49.6,12.895735729302148,49.6,12.895735729302148,0.0,0.0,0.0,0.0,,,0.0,0.0,200.0,0.0,0.1,0.0,0.018844102407802498,0.01979815633429377,0.018844102407802498,0.019798156334293774,0.018844102407802498,0.019798156334293774,0.0,0.0,0.1123578204046782,0.02816545241138286,0.1123578204046782,0.02816545241138287,0.0,0.0,15.0,0.0,,
diagnosis_fd001_reliability,restarts4,cmapss:FD001,diagnosis,conditional_max | single_sensor_0 | gaussian_fitted,,,,,,,,,,,,,,,,,,,,,,,,,,,,,,,,,,,,,,,,,,,5,"[21, 22, 23, 24, 25]",restarts4,,,,,,,,,,,,,,,,,,,,,,,,,,,,,,,,,,,,,,,,,,,,,,,,,,,,,,,,,,,,,0.1,0.0,15.0,0.0,26.511372892508472,2.691020833881165,34.98201670524757,4.851650254197879,0.018844102407802498,0.019798156334293774,0.1123578204046782,0.02816545241138287,0.5524998510715609,0.013840762465059568,0.6031520050664303,0.016871265340698462,0.5130884877380562,0.0246677798926829,0.49043305979853535,0.014165568190645903,0.6408318924151146,0.05201806900923122,0.5984061883148725,0.034891574056985473,0.531830892898976,0.05381131160431694,,,0.0,0.0,246.8,46.40797345284537,49.6,12.895735729302148,49.6,12.895735729302148,0.0,0.0,0.0,0.0,,,0.0,0.0,200.0,0.0,0.1,0.0,0.018844102407802498,0.01979815633429377,0.018844102407802498,0.019798156334293774,0.018844102407802498,0.019798156334293774,0.0,0.0,0.1123578204046782,0.02816545241138286,0.1123578204046782,0.02816545241138287,0.0,0.0,15.0,0.0,,
diagnosis_fd001_reliability,restarts4,cmapss:FD001,diagnosis,relational_max | single_sensor_0 | gaussian_fitted,,,,,,,,,,,,,,,,,,,,,,,,,,,,,,,,,,,,,,,,,,,5,"[21, 22, 23, 24, 25]",restarts4,,,,,,,,,,,,,,,,,,,,,,,,,,,,,,,,,,,,,,,,,,,,,,,,,,,,,,,,,,,,,0.1,0.0,15.0,0.0,0.0,0.0,0.0,0.0,0.0,0.0,0.0,0.0,0.5,0.0,0.5,0.0,0.5,0.0,0.5,0.0,0.5,0.0,0.5,0.0,0.5,0.0,,,0.0,0.0,246.8,46.40797345284537,49.6,12.895735729302148,49.6,12.895735729302148,0.0,0.0,0.0,0.0,,,0.0,0.0,200.0,0.0,0.1,0.0,0.0,0.0,0.0,0.0,0.0,0.0,0.0,0.0,0.0,0.0,0.0,0.0,0.0,0.0,15.0,0.0,,
diagnosis_fd001_reliability,restarts4,cmapss:FD001,diagnosis,detector | single_sensor_0 | mahalanobis_refit,,,,,,,,,,,,,,,,,,,,,,,,,,,,,0.43617506899936415,0.254590313834027,,,,,,,,,,,,,5,"[21, 22, 23, 24, 25]",restarts4,,,,,,,,,,,,,,,,,,,,,0.0011639264001132687,5.471918637749161e-05,,,,,1.0,0.0,1.0,0.0,1.0,0.0,,,,,,,,,,,,,,,,,,,,,,,,,,,,,0.1,0.0,15.0,0.0,33.876247024536134,5.300035228741907,69.88998107910156,9.704088158861062,0.019432337701920148,0.02065281617493765,0.1123578204046782,0.02816545241138287,0.5524769756413579,0.013795538229420723,0.6030988805305714,0.016821967968952065,0.5130047686403022,0.024630345161669055,0.490338254423668,0.014141682785165395,0.6408611338731257,0.05204500472099342,0.5984350346659796,0.03476930454324619,0.5318350534538924,0.05373814640439184,,,,,,,,,,,,,,,,,,,200.0,0.0,0.1,0.0,0.019432337701920144,0.020652816174937645,0.019432337701920148,0.02065281617493765,0.019432337701920148,0.02065281617493765,0.0,0.0,0.1123578204046782,0.02816545241138286,0.1123578204046782,0.02816545241138287,0.0,0.0,15.0,0.0,8.0,0.0
diagnosis_fd001_reliability,restarts4,cmapss:FD001,diagnosis,detector | single_sensor_0 | mahalanobis_impute,,,,,,,,,,,,,,,,,,,,,,,,,,,,,0.033101871800136,0.009174595587049885,,,,,,,,,,,,,5,"[21, 22, 23, 24, 25]",restarts4,,,,,,,,,,,,,,,,,,,,,0.035730691199933065,0.007028233368907399,,,,,1.0,0.0,1.0,0.0,1.0,0.0,,,,,,,,,,,,,,,,,,,,,,,,,,,,,0.1,0.0,15.0,0.0,77.23830871582031,7.011340593231318,286.31921615600584,29.835059997251637,0.02832338396869946,0.03206860607667633,0.10335612568912027,0.042110636231684345,0.5455183684909264,0.013942715857852986,0.5941333105393733,0.01908915025834512,0.5017882587085201,0.020081915503295786,0.5046563542449845,0.03195054009699671,0.6218003263225188,0.04628600149078283,0.5877976606396808,0.052713400932025076,0.5257678242138046,0.057708308574679415,,,,,,,,,,,,,,,,,,,200.0,0.0,0.1,0.0,0.02832338396869946,0.03206860607667633,0.02832338396869946,0.03206860607667633,0.02832338396869946,0.03206860607667633,0.0,0.0,0.1033561256891203,0.04211063623168436,0.10335612568912027,0.042110636231684345,0.0,0.0,15.0,0.0,1.0,0.0
diagnosis_fd001_reliability,restarts4,cmapss:FD001,diagnosis,detector | single_sensor_0 | gmm_refit,,,,,,,,,,,,,,,,,,,,,,,,,,,,,18.41725762160022,3.9840939879757573,,,,,,,,,,,,,5,"[21, 22, 23, 24, 25]",restarts4,,,,,,,,,,,,,,,,,,,,,0.2189446348000274,0.045044636468470414,,,,,1.0,0.0,1.0,0.0,1.0,0.0,,,,,,,,,,,,,,,,,,,,,,,,,,,,,0.1,0.0,15.0,0.0,28.455671310424805,3.1866208857706924,52.31701240539551,10.601253350095181,0.01783727445356458,0.0168725074065926,0.1107059435726538,0.026355685831630303,0.5521675364674498,0.01211642623682351,0.6037850471582247,0.016555769837441846,0.510335659926515,0.02195947909185251,0.48443976648006765,0.01242622007137617,0.6461691224321584,0.05063034611376053,0.5982524826866719,0.030912871031370234,0.5322686979926503,0.04915450337801741,,,,,,,,,,,,,,,,,,,200.0,0.0,0.1,0.0,0.01783727445356458,0.0168725074065926,0.01783727445356458,0.0168725074065926,0.01783727445356458,0.0168725074065926,0.0,0.0,0.1107059435726538,0.026355685831630296,0.1107059435726538,0.026355685831630303,0.0,0.0,15.0,0.0,8.0,0.0
diagnosis_fd001_reliability,restarts4,cmapss:FD001,diagnosis,detector | single_sensor_0 | gmm_impute,,,,,,,,,,,,,,,,,,,,,,,,,,,,,1.9751470223998695,0.9312739713998786,,,,,,,,,,,,,5,"[21, 22, 23, 24, 25]",restarts4,,,,,,,,,,,,,,,,,,,,,0.056082832400170445,0.008938305740286161,,,,,1.0,0.0,1.0,0.0,1.0,0.0,,,,,,,,,,,,,,,,,,,,,,,,,,,,,0.1,0.0,15.0,0.0,51.11787109375,8.482575206995751,291.6001518249512,67.65955292371044,0.025363096378616595,0.04108969186989252,0.09699913088727077,0.05438761994502548,0.5462643294697327,0.011767482223170297,0.5925256794801068,0.020126991663238045,0.5017194834376913,0.015345927290578243,0.5052781813474861,0.03482534304328404,0.6237914816973877,0.042241285748501375,0.5882925861812345,0.056100714657075355,0.5260602882558456,0.050154968641258874,,,,,,,,,,,,,,,,,,,200.0,0.0,0.1,0.0,0.0253630963786166,0.04108969186989254,0.025363096378616595,0.04108969186989252,0.025363096378616595,0.04108969186989252,0.0,0.0,0.09699913088727079,0.05438761994502551,0.09699913088727077,0.05438761994502548,0.0,0.0,15.0,0.0,1.0,0.0
diagnosis_fd001_reliability,restarts4,cmapss:FD001,diagnosis,detector | single_sensor_0 | knn_refit,,,,,,,,,,,,,,,,,,,,,,,,,,,,,0.07513634479946632,0.012306529319093063,,,,,,,,,,,,,5,"[21, 22, 23, 24, 25]",restarts4,,,,,,,,,,,,,,,,,,,,,0.03629502280018641,0.01876048036657745,,,,,1.0,0.0,1.0,0.0,1.0,0.0,,,,,,,,,,,,,,,,,,,,,,,,,,,,,0.1,0.0,15.0,0.0,2.729460096359253,0.16490660668923474,5.60496187210083,0.24922816590999572,0.04057032096666567,0.05020564782563837,0.13297721579949315,0.050127898702147136,0.5413665387970765,0.017047829148643164,0.5972688317424721,0.019082538560862058,0.49809232082423804,0.03335863277085036,0.44236317311090734,0.010436367601945216,0.6435377370024677,0.042822225438023116,0.597220796887071,0.03584894792180928,0.5365304803617816,0.052478178932804605,,,,,,,,,,,,,,,,,,,200.0,0.0,0.1,0.0,0.04057032096666567,0.05020564782563837,0.04057032096666567,0.05020564782563837,0.04057032096666567,0.05020564782563837,0.2,0.447213595499958,0.13297721579949318,0.05012789870214717,0.13297721579949315,0.050127898702147136,0.0,0.0,15.0,0.0,8.0,0.0
diagnosis_fd001_reliability,restarts4,cmapss:FD001,diagnosis,detector | single_sensor_0 | knn_impute,,,,,,,,,,,,,,,,,,,,,,,,,,,,,0.00873431839991099,0.0029357782837369905,,,,,,,,,,,,,5,"[21, 22, 23, 24, 25]",restarts4,,,,,,,,,,,,,,,,,,,,,0.006333590599933814,0.0009446084847349533,,,,,1.0,0.0,1.0,0.0,1.0,0.0,,,,,,,,,,,,,,,,,,,,,,,,,,,,,0.1,0.0,15.0,0.0,8.11614761352539,0.11275287902910203,3.9417824745178223,0.4694971978791948,0.027495917169926148,0.034210633289793665,0.10754038822624434,0.031154039843586105,0.5471721617557102,0.013607838997464034,0.5957810975741147,0.018333181294736774,0.5018635358671293,0.01841361285126103,0.5087264869519798,0.03807890196846137,0.6201565464422261,0.024752898205568197,0.5938092008161918,0.04331539838623635,0.5253435561867217,0.037753874787476153,,,,,,,,,,,,,,,,,,,200.0,0.0,0.1,0.0,0.027495917169926148,0.034210633289793665,0.027495917169926148,0.034210633289793665,0.027495917169926148,0.034210633289793665,0.0,0.0,0.10754038822624434,0.031154039843586105,0.10754038822624434,0.031154039843586105,0.0,0.0,15.0,0.0,1.0,0.0
