run_dir,seed,mask_index,a,b,score,metric,interpretation,auroc_delta,ci_low,ci_high,bootstrap_reps_used,n_units,loc_ap_delta,end_to_end_unique_top1_delta,refused,reason
chow_liu_leaf6/seed21,21,0,logs/ts/ws/diagnosis_fd001_candidate/chow_liu_leaf6/seed21/artifacts/diagnosis_mask0.npz,logs/ts/ws/diagnosis_fd001_candidate/chow_liu_leaf6/seed21/artifacts/diagnosis_gaussian_fitted_mask0.npz,relational_max,auroc,exploratory paired engine-bootstrap difference; training-seed variability is a separate axis,-0.048972000000000016,-0.07349671294985548,-0.021934137688969343,1000,10,,,,
chow_liu_leaf6/seed21,21,0,logs/ts/ws/diagnosis_fd001_candidate/chow_liu_leaf6/seed21/artifacts/diagnosis_mask0.npz,logs/ts/ws/diagnosis_fd001_candidate/chow_liu_leaf6/seed21/artifacts/diagnosis_gaussian_fitted_mask0.npz,relational_max,loc_ap,exploratory paired engine-bootstrap difference; training-seed variability is a separate axis,,-0.1403130575170614,-0.10725180339518724,1000,10,-0.12394141071891074,,,
chow_liu_leaf6/seed21,21,0,logs/ts/ws/diagnosis_fd001_candidate/chow_liu_leaf6/seed21/artifacts/diagnosis_mask0.npz,logs/ts/ws/diagnosis_fd001_candidate/chow_liu_leaf6/seed21/artifacts/diagnosis_gaussian_fitted_mask0.npz,relational_max,end_to_end_unique_top1,exploratory paired engine-bootstrap difference; training-seed variability is a separate axis,,-0.07708244996810337,-0.028507212368996816,1000,10,,-0.052000000000000046,,
chow_liu_leaf6/seed21,21,0,diagnosis_mask0.npz,diagnosis_gmm_impute_detect_mask0.npz,relational_max,auroc,,,,,,,,,True,artifact predates this comparison: kinds is absent
chow_liu_leaf6/seed21,21,0,diagnosis_mask0.npz,diagnosis_gmm_impute_detect_mask0.npz,relational_max,loc_ap,,,,,,,,,True,artifact predates this comparison: kinds is absent
chow_liu_leaf6/seed21,21,0,diagnosis_mask0.npz,diagnosis_gmm_impute_detect_mask0.npz,relational_max,end_to_end_unique_top1,,,,,,,,,True,artifact predates this comparison: kinds is absent
chow_liu_leaf6/seed21,21,0,diagnosis_mask0.npz,diagnosis_gmm_refit_detect_mask0.npz,relational_max,auroc,,,,,,,,,True,artifact predates this comparison: kinds is absent
chow_liu_leaf6/seed21,21,0,diagnosis_mask0.npz,diagnosis_gmm_refit_detect_mask0.npz,relational_max,loc_ap,,,,,,,,,True,artifact predates this comparison: kinds is absent
chow_liu_leaf6/seed21,21,0,diagnosis_mask0.npz,diagnosis_gmm_refit_detect_mask0.npz,relational_max,end_to_end_unique_top1,,,,,,,,,True,artifact predates this comparison: kinds is absent
chow_liu_leaf6/seed21,21,0,diagnosis_mask0.npz,diagnosis_knn_impute_detect_mask0.npz,relational_max,auroc,,,,,,,,,True,artifact predates this comparison: kinds is absent
chow_liu_leaf6/seed21,21,0,diagnosis_mask0.npz,diagnosis_knn_impute_detect_mask0.npz,relational_max,loc_ap,,,,,,,,,True,artifact predates this comparison: kinds is absent
chow_liu_leaf6/seed21,21,0,diagnosis_mask0.npz,diagnosis_knn_impute_detect_mask0.npz,relational_max,end_to_end_unique_top1,,,,,,,,,True,artifact predates this comparison: kinds is absent
chow_liu_leaf6/seed21,21,0,diagnosis_mask0.npz,diagnosis_knn_refit_detect_mask0.npz,relational_max,auroc,,,,,,,,,True,artifact predates this comparison: kinds is absent
chow_liu_leaf6/seed21,21,0,diagnosis_mask0.npz,diagnosis_knn_refit_detect_mask0.npz,relational_max,loc_ap,,,,,,,,,True,artifact predates this comparison: kinds is absent
chow_liu_leaf6/seed21,21,0,diagnosis_mask0.npz,diagnosis_knn_refit_detect_mask0.npz,relational_max,end_to_end_unique_top1,,,,,,,,,True,artifact predates this comparison: kinds is absent
chow_liu_leaf6/seed21,21,0,diagnosis_mask0.npz,diagnosis_mahalanobis_impute_detect_mask0.npz,relational_max,auroc,,,,,,,,,True,artifact predates this comparison: kinds is absent
chow_liu_leaf6/seed21,21,0,diagnosis_mask0.npz,diagnosis_mahalanobis_impute_detect_mask0.npz,relational_max,loc_ap,,,,,,,,,True,artifact predates this comparison: kinds is absent
chow_liu_leaf6/seed21,21,0,diagnosis_mask0.npz,diagnosis_mahalanobis_impute_detect_mask0.npz,relational_max,end_to_end_unique_top1,,,,,,,,,True,artifact predates this comparison: kinds is absent
chow_liu_leaf6/seed21,21,0,diagnosis_mask0.npz,diagnosis_mahalanobis_refit_detect_mask0.npz,relational_max,auroc,,,,,,,,,True,artifact predates this comparison: kinds is absent
chow_liu_leaf6/seed21,21,0,diagnosis_mask0.npz,diagnosis_mahalanobis_refit_detect_mask0.npz,relational_max,loc_ap,,,,,,,,,True,artifact predates this comparison: kinds is absent
chow_liu_leaf6/seed21,21,0,diagnosis_mask0.npz,diagnosis_mahalanobis_refit_detect_mask0.npz,relational_max,end_to_end_unique_top1,,,,,,,,,True,artifact predates this comparison: kinds is absent
chow_liu_leaf6/seed21,21,1,logs/ts/ws/diagnosis_fd001_candidate/chow_liu_leaf6/seed21/artifacts/diagnosis_mask1.npz,logs/ts/ws/diagnosis_fd001_candidate/chow_liu_leaf6/seed21/artifacts/diagnosis_gaussian_fitted_mask1.npz,relational_max,auroc,exploratory paired engine-bootstrap difference; training-seed variability is a separate axis,-0.04972399999999999,-0.07597547070783917,-0.02176607746157323,1000,10,,,,
chow_liu_leaf6/seed21,21,1,logs/ts/ws/diagnosis_fd001_candidate/chow_liu_leaf6/seed21/artifacts/diagnosis_mask1.npz,logs/ts/ws/diagnosis_fd001_candidate/chow_liu_leaf6/seed21/artifacts/diagnosis_gaussian_fitted_mask1.npz,relational_max,loc_ap,exploratory paired engine-bootstrap difference; training-seed variability is a separate axis,,-0.14309345513998886,-0.10579717316720684,1000,10,-0.12443065730565717,,,
chow_liu_leaf6/seed21,21,1,logs/ts/ws/diagnosis_fd001_candidate/chow_liu_leaf6/seed21/artifacts/diagnosis_mask1.npz,logs/ts/ws/diagnosis_fd001_candidate/chow_liu_leaf6/seed21/artifacts/diagnosis_gaussian_fitted_mask1.npz,relational_max,end_to_end_unique_top1,exploratory paired engine-bootstrap difference; training-seed variability is a separate axis,,-0.08290391432946657,-0.03837545665666207,1000,10,,-0.06,,
chow_liu_leaf6/seed21,21,1,diagnosis_mask1.npz,diagnosis_gmm_impute_detect_mask1.npz,relational_max,auroc,,,,,,,,,True,artifact predates this comparison: kinds is absent
chow_liu_leaf6/seed21,21,1,diagnosis_mask1.npz,diagnosis_gmm_impute_detect_mask1.npz,relational_max,loc_ap,,,,,,,,,True,artifact predates this comparison: kinds is absent
chow_liu_leaf6/seed21,21,1,diagnosis_mask1.npz,diagnosis_gmm_impute_detect_mask1.npz,relational_max,end_to_end_unique_top1,,,,,,,,,True,artifact predates this comparison: kinds is absent
chow_liu_leaf6/seed21,21,1,diagnosis_mask1.npz,diagnosis_gmm_refit_detect_mask1.npz,relational_max,auroc,,,,,,,,,True,artifact predates this comparison: kinds is absent
chow_liu_leaf6/seed21,21,1,diagnosis_mask1.npz,diagnosis_gmm_refit_detect_mask1.npz,relational_max,loc_ap,,,,,,,,,True,artifact predates this comparison: kinds is absent
chow_liu_leaf6/seed21,21,1,diagnosis_mask1.npz,diagnosis_gmm_refit_detect_mask1.npz,relational_max,end_to_end_unique_top1,,,,,,,,,True,artifact predates this comparison: kinds is absent
chow_liu_leaf6/seed21,21,1,diagnosis_mask1.npz,diagnosis_knn_impute_detect_mask1.npz,relational_max,auroc,,,,,,,,,True,artifact predates this comparison: kinds is absent
chow_liu_leaf6/seed21,21,1,diagnosis_mask1.npz,diagnosis_knn_impute_detect_mask1.npz,relational_max,loc_ap,,,,,,,,,True,artifact predates this comparison: kinds is absent
chow_liu_leaf6/seed21,21,1,diagnosis_mask1.npz,diagnosis_knn_impute_detect_mask1.npz,relational_max,end_to_end_unique_top1,,,,,,,,,True,artifact predates this comparison: kinds is absent
chow_liu_leaf6/seed21,21,1,diagnosis_mask1.npz,diagnosis_knn_refit_detect_mask1.npz,relational_max,auroc,,,,,,,,,True,artifact predates this comparison: kinds is absent
chow_liu_leaf6/seed21,21,1,diagnosis_mask1.npz,diagnosis_knn_refit_detect_mask1.npz,relational_max,loc_ap,,,,,,,,,True,artifact predates this comparison: kinds is absent
chow_liu_leaf6/seed21,21,1,diagnosis_mask1.npz,diagnosis_knn_refit_detect_mask1.npz,relational_max,end_to_end_unique_top1,,,,,,,,,True,artifact predates this comparison: kinds is absent
chow_liu_leaf6/seed21,21,1,diagnosis_mask1.npz,diagnosis_mahalanobis_impute_detect_mask1.npz,relational_max,auroc,,,,,,,,,True,artifact predates this comparison: kinds is absent
chow_liu_leaf6/seed21,21,1,diagnosis_mask1.npz,diagnosis_mahalanobis_impute_detect_mask1.npz,relational_max,loc_ap,,,,,,,,,True,artifact predates this comparison: kinds is absent
chow_liu_leaf6/seed21,21,1,diagnosis_mask1.npz,diagnosis_mahalanobis_impute_detect_mask1.npz,relational_max,end_to_end_unique_top1,,,,,,,,,True,artifact predates this comparison: kinds is absent
chow_liu_leaf6/seed21,21,1,diagnosis_mask1.npz,diagnosis_mahalanobis_refit_detect_mask1.npz,relational_max,auroc,,,,,,,,,True,artifact predates this comparison: kinds is absent
chow_liu_leaf6/seed21,21,1,diagnosis_mask1.npz,diagnosis_mahalanobis_refit_detect_mask1.npz,relational_max,loc_ap,,,,,,,,,True,artifact predates this comparison: kinds is absent
chow_liu_leaf6/seed21,21,1,diagnosis_mask1.npz,diagnosis_mahalanobis_refit_detect_mask1.npz,relational_max,end_to_end_unique_top1,,,,,,,,,True,artifact predates this comparison: kinds is absent
chow_liu_leaf6/seed21,21,2,logs/ts/ws/diagnosis_fd001_candidate/chow_liu_leaf6/seed21/artifacts/diagnosis_mask2.npz,logs/ts/ws/diagnosis_fd001_candidate/chow_liu_leaf6/seed21/artifacts/diagnosis_gaussian_fitted_mask2.npz,relational_max,auroc,exploratory paired engine-bootstrap difference; training-seed variability is a separate axis,-0.07189000000000001,-0.09478285608386469,-0.04782052871230565,1000,10,,,,
chow_liu_leaf6/seed21,21,2,logs/ts/ws/diagnosis_fd001_candidate/chow_liu_leaf6/seed21/artifacts/diagnosis_mask2.npz,logs/ts/ws/diagnosis_fd001_candidate/chow_liu_leaf6/seed21/artifacts/diagnosis_gaussian_fitted_mask2.npz,relational_max,loc_ap,exploratory paired engine-bootstrap difference; training-seed variability is a separate axis,,-0.129458715474515,-0.09661076185336086,1000,10,-0.11366271651486703,,,
chow_liu_leaf6/seed21,21,2,logs/ts/ws/diagnosis_fd001_candidate/chow_liu_leaf6/seed21/artifacts/diagnosis_mask2.npz,logs/ts/ws/diagnosis_fd001_candidate/chow_liu_leaf6/seed21/artifacts/diagnosis_gaussian_fitted_mask2.npz,relational_max,end_to_end_unique_top1,exploratory paired engine-bootstrap difference; training-seed variability is a separate axis,,-0.17857734153263957,-0.10633776271702712,1000,10,,-0.14200000000000002,,
chow_liu_leaf6/seed21,21,2,diagnosis_mask2.npz,diagnosis_gmm_impute_detect_mask2.npz,relational_max,auroc,,,,,,,,,True,artifact predates this comparison: kinds is absent
chow_liu_leaf6/seed21,21,2,diagnosis_mask2.npz,diagnosis_gmm_impute_detect_mask2.npz,relational_max,loc_ap,,,,,,,,,True,artifact predates this comparison: kinds is absent
chow_liu_leaf6/seed21,21,2,diagnosis_mask2.npz,diagnosis_gmm_impute_detect_mask2.npz,relational_max,end_to_end_unique_top1,,,,,,,,,True,artifact predates this comparison: kinds is absent
chow_liu_leaf6/seed21,21,2,diagnosis_mask2.npz,diagnosis_gmm_refit_detect_mask2.npz,relational_max,auroc,,,,,,,,,True,artifact predates this comparison: kinds is absent
chow_liu_leaf6/seed21,21,2,diagnosis_mask2.npz,diagnosis_gmm_refit_detect_mask2.npz,relational_max,loc_ap,,,,,,,,,True,artifact predates this comparison: kinds is absent
chow_liu_leaf6/seed21,21,2,diagnosis_mask2.npz,diagnosis_gmm_refit_detect_mask2.npz,relational_max,end_to_end_unique_top1,,,,,,,,,True,artifact predates this comparison: kinds is absent
chow_liu_leaf6/seed21,21,2,diagnosis_mask2.npz,diagnosis_knn_impute_detect_mask2.npz,relational_max,auroc,,,,,,,,,True,artifact predates this comparison: kinds is absent
chow_liu_leaf6/seed21,21,2,diagnosis_mask2.npz,diagnosis_knn_impute_detect_mask2.npz,relational_max,loc_ap,,,,,,,,,True,artifact predates this comparison: kinds is absent
chow_liu_leaf6/seed21,21,2,diagnosis_mask2.npz,diagnosis_knn_impute_detect_mask2.npz,relational_max,end_to_end_unique_top1,,,,,,,,,True,artifact predates this comparison: kinds is absent
chow_liu_leaf6/seed21,21,2,diagnosis_mask2.npz,diagnosis_knn_refit_detect_mask2.npz,relational_max,auroc,,,,,,,,,True,artifact predates this comparison: kinds is absent
chow_liu_leaf6/seed21,21,2,diagnosis_mask2.npz,diagnosis_knn_refit_detect_mask2.npz,relational_max,loc_ap,,,,,,,,,True,artifact predates this comparison: kinds is absent
chow_liu_leaf6/seed21,21,2,diagnosis_mask2.npz,diagnosis_knn_refit_detect_mask2.npz,relational_max,end_to_end_unique_top1,,,,,,,,,True,artifact predates this comparison: kinds is absent
chow_liu_leaf6/seed21,21,2,diagnosis_mask2.npz,diagnosis_mahalanobis_impute_detect_mask2.npz,relational_max,auroc,,,,,,,,,True,artifact predates this comparison: kinds is absent
chow_liu_leaf6/seed21,21,2,diagnosis_mask2.npz,diagnosis_mahalanobis_impute_detect_mask2.npz,relational_max,loc_ap,,,,,,,,,True,artifact predates this comparison: kinds is absent
chow_liu_leaf6/seed21,21,2,diagnosis_mask2.npz,diagnosis_mahalanobis_impute_detect_mask2.npz,relational_max,end_to_end_unique_top1,,,,,,,,,True,artifact predates this comparison: kinds is absent
chow_liu_leaf6/seed21,21,2,diagnosis_mask2.npz,diagnosis_mahalanobis_refit_detect_mask2.npz,relational_max,auroc,,,,,,,,,True,artifact predates this comparison: kinds is absent
chow_liu_leaf6/seed21,21,2,diagnosis_mask2.npz,diagnosis_mahalanobis_refit_detect_mask2.npz,relational_max,loc_ap,,,,,,,,,True,artifact predates this comparison: kinds is absent
chow_liu_leaf6/seed21,21,2,diagnosis_mask2.npz,diagnosis_mahalanobis_refit_detect_mask2.npz,relational_max,end_to_end_unique_top1,,,,,,,,,True,artifact predates this comparison: kinds is absent
chow_liu_leaf6/seed21,21,3,logs/ts/ws/diagnosis_fd001_candidate/chow_liu_leaf6/seed21/artifacts/diagnosis_mask3.npz,logs/ts/ws/diagnosis_fd001_candidate/chow_liu_leaf6/seed21/artifacts/diagnosis_gaussian_fitted_mask3.npz,relational_max,auroc,exploratory paired engine-bootstrap difference; training-seed variability is a separate axis,-0.09897599999999995,-0.12166144236947683,-0.07074519933376812,1000,10,,,,
chow_liu_leaf6/seed21,21,3,logs/ts/ws/diagnosis_fd001_candidate/chow_liu_leaf6/seed21/artifacts/diagnosis_mask3.npz,logs/ts/ws/diagnosis_fd001_candidate/chow_liu_leaf6/seed21/artifacts/diagnosis_gaussian_fitted_mask3.npz,relational_max,loc_ap,exploratory paired engine-bootstrap difference; training-seed variability is a separate axis,,-0.1857824570151603,-0.12420876439366685,1000,10,-0.1525171992208545,,,
chow_liu_leaf6/seed21,21,3,logs/ts/ws/diagnosis_fd001_candidate/chow_liu_leaf6/seed21/artifacts/diagnosis_mask3.npz,logs/ts/ws/diagnosis_fd001_candidate/chow_liu_leaf6/seed21/artifacts/diagnosis_gaussian_fitted_mask3.npz,relational_max,end_to_end_unique_top1,exploratory paired engine-bootstrap difference; training-seed variability is a separate axis,,-0.2735350380981801,-0.20448707778012834,1000,10,,-0.242,,
chow_liu_leaf6/seed21,21,3,diagnosis_mask3.npz,diagnosis_gmm_impute_detect_mask3.npz,relational_max,auroc,,,,,,,,,True,artifact predates this comparison: kinds is absent
chow_liu_leaf6/seed21,21,3,diagnosis_mask3.npz,diagnosis_gmm_impute_detect_mask3.npz,relational_max,loc_ap,,,,,,,,,True,artifact predates this comparison: kinds is absent
chow_liu_leaf6/seed21,21,3,diagnosis_mask3.npz,diagnosis_gmm_impute_detect_mask3.npz,relational_max,end_to_end_unique_top1,,,,,,,,,True,artifact predates this comparison: kinds is absent
chow_liu_leaf6/seed21,21,3,diagnosis_mask3.npz,diagnosis_gmm_refit_detect_mask3.npz,relational_max,auroc,,,,,,,,,True,artifact predates this comparison: kinds is absent
chow_liu_leaf6/seed21,21,3,diagnosis_mask3.npz,diagnosis_gmm_refit_detect_mask3.npz,relational_max,loc_ap,,,,,,,,,True,artifact predates this comparison: kinds is absent
chow_liu_leaf6/seed21,21,3,diagnosis_mask3.npz,diagnosis_gmm_refit_detect_mask3.npz,relational_max,end_to_end_unique_top1,,,,,,,,,True,artifact predates this comparison: kinds is absent
chow_liu_leaf6/seed21,21,3,diagnosis_mask3.npz,diagnosis_knn_impute_detect_mask3.npz,relational_max,auroc,,,,,,,,,True,artifact predates this comparison: kinds is absent
chow_liu_leaf6/seed21,21,3,diagnosis_mask3.npz,diagnosis_knn_impute_detect_mask3.npz,relational_max,loc_ap,,,,,,,,,True,artifact predates this comparison: kinds is absent
chow_liu_leaf6/seed21,21,3,diagnosis_mask3.npz,diagnosis_knn_impute_detect_mask3.npz,relational_max,end_to_end_unique_top1,,,,,,,,,True,artifact predates this comparison: kinds is absent
chow_liu_leaf6/seed21,21,3,diagnosis_mask3.npz,diagnosis_knn_refit_detect_mask3.npz,relational_max,auroc,,,,,,,,,True,artifact predates this comparison: kinds is absent
chow_liu_leaf6/seed21,21,3,diagnosis_mask3.npz,diagnosis_knn_refit_detect_mask3.npz,relational_max,loc_ap,,,,,,,,,True,artifact predates this comparison: kinds is absent
chow_liu_leaf6/seed21,21,3,diagnosis_mask3.npz,diagnosis_knn_refit_detect_mask3.npz,relational_max,end_to_end_unique_top1,,,,,,,,,True,artifact predates this comparison: kinds is absent
chow_liu_leaf6/seed21,21,3,diagnosis_mask3.npz,diagnosis_mahalanobis_impute_detect_mask3.npz,relational_max,auroc,,,,,,,,,True,artifact predates this comparison: kinds is absent
chow_liu_leaf6/seed21,21,3,diagnosis_mask3.npz,diagnosis_mahalanobis_impute_detect_mask3.npz,relational_max,loc_ap,,,,,,,,,True,artifact predates this comparison: kinds is absent
chow_liu_leaf6/seed21,21,3,diagnosis_mask3.npz,diagnosis_mahalanobis_impute_detect_mask3.npz,relational_max,end_to_end_unique_top1,,,,,,,,,True,artifact predates this comparison: kinds is absent
chow_liu_leaf6/seed21,21,3,diagnosis_mask3.npz,diagnosis_mahalanobis_refit_detect_mask3.npz,relational_max,auroc,,,,,,,,,True,artifact predates this comparison: kinds is absent
chow_liu_leaf6/seed21,21,3,diagnosis_mask3.npz,diagnosis_mahalanobis_refit_detect_mask3.npz,relational_max,loc_ap,,,,,,,,,True,artifact predates this comparison: kinds is absent
chow_liu_leaf6/seed21,21,3,diagnosis_mask3.npz,diagnosis_mahalanobis_refit_detect_mask3.npz,relational_max,end_to_end_unique_top1,,,,,,,,,True,artifact predates this comparison: kinds is absent
chow_liu_leaf6/seed21,21,4,logs/ts/ws/diagnosis_fd001_candidate/chow_liu_leaf6/seed21/artifacts/diagnosis_mask4.npz,logs/ts/ws/diagnosis_fd001_candidate/chow_liu_leaf6/seed21/artifacts/diagnosis_gaussian_fitted_mask4.npz,relational_max,auroc,exploratory paired engine-bootstrap difference; training-seed variability is a separate axis,-0.079812,-0.09949298281072701,-0.061231883839750714,1000,10,,,,
chow_liu_leaf6/seed21,21,4,logs/ts/ws/diagnosis_fd001_candidate/chow_liu_leaf6/seed21/artifacts/diagnosis_mask4.npz,logs/ts/ws/diagnosis_fd001_candidate/chow_liu_leaf6/seed21/artifacts/diagnosis_gaussian_fitted_mask4.npz,relational_max,loc_ap,exploratory paired engine-bootstrap difference; training-seed variability is a separate axis,,-0.17419981890904504,-0.09080911904318052,1000,10,-0.13090077308989234,,,
chow_liu_leaf6/seed21,21,4,logs/ts/ws/diagnosis_fd001_candidate/chow_liu_leaf6/seed21/artifacts/diagnosis_mask4.npz,logs/ts/ws/diagnosis_fd001_candidate/chow_liu_leaf6/seed21/artifacts/diagnosis_gaussian_fitted_mask4.npz,relational_max,end_to_end_unique_top1,exploratory paired engine-bootstrap difference; training-seed variability is a separate axis,,-0.16829794036155082,-0.09750860853239667,1000,10,,-0.134,,
chow_liu_leaf6/seed21,21,4,diagnosis_mask4.npz,diagnosis_gmm_impute_detect_mask4.npz,relational_max,auroc,,,,,,,,,True,artifact predates this comparison: kinds is absent
chow_liu_leaf6/seed21,21,4,diagnosis_mask4.npz,diagnosis_gmm_impute_detect_mask4.npz,relational_max,loc_ap,,,,,,,,,True,artifact predates this comparison: kinds is absent
chow_liu_leaf6/seed21,21,4,diagnosis_mask4.npz,diagnosis_gmm_impute_detect_mask4.npz,relational_max,end_to_end_unique_top1,,,,,,,,,True,artifact predates this comparison: kinds is absent
chow_liu_leaf6/seed21,21,4,diagnosis_mask4.npz,diagnosis_gmm_refit_detect_mask4.npz,relational_max,auroc,,,,,,,,,True,artifact predates this comparison: kinds is absent
chow_liu_leaf6/seed21,21,4,diagnosis_mask4.npz,diagnosis_gmm_refit_detect_mask4.npz,relational_max,loc_ap,,,,,,,,,True,artifact predates this comparison: kinds is absent
chow_liu_leaf6/seed21,21,4,diagnosis_mask4.npz,diagnosis_gmm_refit_detect_mask4.npz,relational_max,end_to_end_unique_top1,,,,,,,,,True,artifact predates this comparison: kinds is absent
chow_liu_leaf6/seed21,21,4,diagnosis_mask4.npz,diagnosis_knn_impute_detect_mask4.npz,relational_max,auroc,,,,,,,,,True,artifact predates this comparison: kinds is absent
chow_liu_leaf6/seed21,21,4,diagnosis_mask4.npz,diagnosis_knn_impute_detect_mask4.npz,relational_max,loc_ap,,,,,,,,,True,artifact predates this comparison: kinds is absent
chow_liu_leaf6/seed21,21,4,diagnosis_mask4.npz,diagnosis_knn_impute_detect_mask4.npz,relational_max,end_to_end_unique_top1,,,,,,,,,True,artifact predates this comparison: kinds is absent
chow_liu_leaf6/seed21,21,4,diagnosis_mask4.npz,diagnosis_knn_refit_detect_mask4.npz,relational_max,auroc,,,,,,,,,True,artifact predates this comparison: kinds is absent
chow_liu_leaf6/seed21,21,4,diagnosis_mask4.npz,diagnosis_knn_refit_detect_mask4.npz,relational_max,loc_ap,,,,,,,,,True,artifact predates this comparison: kinds is absent
chow_liu_leaf6/seed21,21,4,diagnosis_mask4.npz,diagnosis_knn_refit_detect_mask4.npz,relational_max,end_to_end_unique_top1,,,,,,,,,True,artifact predates this comparison: kinds is absent
chow_liu_leaf6/seed21,21,4,diagnosis_mask4.npz,diagnosis_mahalanobis_impute_detect_mask4.npz,relational_max,auroc,,,,,,,,,True,artifact predates this comparison: kinds is absent
chow_liu_leaf6/seed21,21,4,diagnosis_mask4.npz,diagnosis_mahalanobis_impute_detect_mask4.npz,relational_max,loc_ap,,,,,,,,,True,artifact predates this comparison: kinds is absent
chow_liu_leaf6/seed21,21,4,diagnosis_mask4.npz,diagnosis_mahalanobis_impute_detect_mask4.npz,relational_max,end_to_end_unique_top1,,,,,,,,,True,artifact predates this comparison: kinds is absent
chow_liu_leaf6/seed21,21,4,diagnosis_mask4.npz,diagnosis_mahalanobis_refit_detect_mask4.npz,relational_max,auroc,,,,,,,,,True,artifact predates this comparison: kinds is absent
chow_liu_leaf6/seed21,21,4,diagnosis_mask4.npz,diagnosis_mahalanobis_refit_detect_mask4.npz,relational_max,loc_ap,,,,,,,,,True,artifact predates this comparison: kinds is absent
chow_liu_leaf6/seed21,21,4,diagnosis_mask4.npz,diagnosis_mahalanobis_refit_detect_mask4.npz,relational_max,end_to_end_unique_top1,,,,,,,,,True,artifact predates this comparison: kinds is absent
chow_liu_leaf6/seed21,21,5,logs/ts/ws/diagnosis_fd001_candidate/chow_liu_leaf6/seed21/artifacts/diagnosis_mask5.npz,logs/ts/ws/diagnosis_fd001_candidate/chow_liu_leaf6/seed21/artifacts/diagnosis_gaussian_fitted_mask5.npz,relational_max,auroc,exploratory paired engine-bootstrap difference; training-seed variability is a separate axis,-0.05669000000000002,-0.08398781900380596,-0.027287677896762043,1000,10,,,,
chow_liu_leaf6/seed21,21,5,logs/ts/ws/diagnosis_fd001_candidate/chow_liu_leaf6/seed21/artifacts/diagnosis_mask5.npz,logs/ts/ws/diagnosis_fd001_candidate/chow_liu_leaf6/seed21/artifacts/diagnosis_gaussian_fitted_mask5.npz,relational_max,loc_ap,exploratory paired engine-bootstrap difference; training-seed variability is a separate axis,,-0.1501219598111456,-0.12003066184109551,1000,10,-0.13389056370689023,,,
chow_liu_leaf6/seed21,21,5,logs/ts/ws/diagnosis_fd001_candidate/chow_liu_leaf6/seed21/artifacts/diagnosis_mask5.npz,logs/ts/ws/diagnosis_fd001_candidate/chow_liu_leaf6/seed21/artifacts/diagnosis_gaussian_fitted_mask5.npz,relational_max,end_to_end_unique_top1,exploratory paired engine-bootstrap difference; training-seed variability is a separate axis,,-0.2141538655181661,-0.14172216695611126,1000,10,,-0.176,,
chow_liu_leaf6/seed21,21,5,diagnosis_mask5.npz,diagnosis_gmm_impute_detect_mask5.npz,relational_max,auroc,,,,,,,,,True,artifact predates this comparison: kinds is absent
chow_liu_leaf6/seed21,21,5,diagnosis_mask5.npz,diagnosis_gmm_impute_detect_mask5.npz,relational_max,loc_ap,,,,,,,,,True,artifact predates this comparison: kinds is absent
chow_liu_leaf6/seed21,21,5,diagnosis_mask5.npz,diagnosis_gmm_impute_detect_mask5.npz,relational_max,end_to_end_unique_top1,,,,,,,,,True,artifact predates this comparison: kinds is absent
chow_liu_leaf6/seed21,21,5,diagnosis_mask5.npz,diagnosis_gmm_refit_detect_mask5.npz,relational_max,auroc,,,,,,,,,True,artifact predates this comparison: kinds is absent
chow_liu_leaf6/seed21,21,5,diagnosis_mask5.npz,diagnosis_gmm_refit_detect_mask5.npz,relational_max,loc_ap,,,,,,,,,True,artifact predates this comparison: kinds is absent
chow_liu_leaf6/seed21,21,5,diagnosis_mask5.npz,diagnosis_gmm_refit_detect_mask5.npz,relational_max,end_to_end_unique_top1,,,,,,,,,True,artifact predates this comparison: kinds is absent
chow_liu_leaf6/seed21,21,5,diagnosis_mask5.npz,diagnosis_knn_impute_detect_mask5.npz,relational_max,auroc,,,,,,,,,True,artifact predates this comparison: kinds is absent
chow_liu_leaf6/seed21,21,5,diagnosis_mask5.npz,diagnosis_knn_impute_detect_mask5.npz,relational_max,loc_ap,,,,,,,,,True,artifact predates this comparison: kinds is absent
chow_liu_leaf6/seed21,21,5,diagnosis_mask5.npz,diagnosis_knn_impute_detect_mask5.npz,relational_max,end_to_end_unique_top1,,,,,,,,,True,artifact predates this comparison: kinds is absent
chow_liu_leaf6/seed21,21,5,diagnosis_mask5.npz,diagnosis_knn_refit_detect_mask5.npz,relational_max,auroc,,,,,,,,,True,artifact predates this comparison: kinds is absent
chow_liu_leaf6/seed21,21,5,diagnosis_mask5.npz,diagnosis_knn_refit_detect_mask5.npz,relational_max,loc_ap,,,,,,,,,True,artifact predates this comparison: kinds is absent
chow_liu_leaf6/seed21,21,5,diagnosis_mask5.npz,diagnosis_knn_refit_detect_mask5.npz,relational_max,end_to_end_unique_top1,,,,,,,,,True,artifact predates this comparison: kinds is absent
chow_liu_leaf6/seed21,21,5,diagnosis_mask5.npz,diagnosis_mahalanobis_impute_detect_mask5.npz,relational_max,auroc,,,,,,,,,True,artifact predates this comparison: kinds is absent
chow_liu_leaf6/seed21,21,5,diagnosis_mask5.npz,diagnosis_mahalanobis_impute_detect_mask5.npz,relational_max,loc_ap,,,,,,,,,True,artifact predates this comparison: kinds is absent
chow_liu_leaf6/seed21,21,5,diagnosis_mask5.npz,diagnosis_mahalanobis_impute_detect_mask5.npz,relational_max,end_to_end_unique_top1,,,,,,,,,True,artifact predates this comparison: kinds is absent
chow_liu_leaf6/seed21,21,5,diagnosis_mask5.npz,diagnosis_mahalanobis_refit_detect_mask5.npz,relational_max,auroc,,,,,,,,,True,artifact predates this comparison: kinds is absent
chow_liu_leaf6/seed21,21,5,diagnosis_mask5.npz,diagnosis_mahalanobis_refit_detect_mask5.npz,relational_max,loc_ap,,,,,,,,,True,artifact predates this comparison: kinds is absent
chow_liu_leaf6/seed21,21,5,diagnosis_mask5.npz,diagnosis_mahalanobis_refit_detect_mask5.npz,relational_max,end_to_end_unique_top1,,,,,,,,,True,artifact predates this comparison: kinds is absent
chow_liu_leaf6/seed21,21,6,logs/ts/ws/diagnosis_fd001_candidate/chow_liu_leaf6/seed21/artifacts/diagnosis_mask6.npz,logs/ts/ws/diagnosis_fd001_candidate/chow_liu_leaf6/seed21/artifacts/diagnosis_gaussian_fitted_mask6.npz,relational_max,auroc,exploratory paired engine-bootstrap difference; training-seed variability is a separate axis,-0.037401999999999935,-0.0626041495327062,-0.012525684267990585,1000,10,,,,
chow_liu_leaf6/seed21,21,6,logs/ts/ws/diagnosis_fd001_candidate/chow_liu_leaf6/seed21/artifacts/diagnosis_mask6.npz,logs/ts/ws/diagnosis_fd001_candidate/chow_liu_leaf6/seed21/artifacts/diagnosis_gaussian_fitted_mask6.npz,relational_max,loc_ap,exploratory paired engine-bootstrap difference; training-seed variability is a separate axis,,-0.13189596605430925,-0.08985014760706225,1000,10,-0.10929169509117431,,,
chow_liu_leaf6/seed21,21,6,logs/ts/ws/diagnosis_fd001_candidate/chow_liu_leaf6/seed21/artifacts/diagnosis_mask6.npz,logs/ts/ws/diagnosis_fd001_candidate/chow_liu_leaf6/seed21/artifacts/diagnosis_gaussian_fitted_mask6.npz,relational_max,end_to_end_unique_top1,exploratory paired engine-bootstrap difference; training-seed variability is a separate axis,,-0.051119341563786,-0.007791703115537315,1000,10,,-0.02799999999999997,,
chow_liu_leaf6/seed21,21,6,diagnosis_mask6.npz,diagnosis_gmm_impute_detect_mask6.npz,relational_max,auroc,,,,,,,,,True,artifact predates this comparison: kinds is absent
chow_liu_leaf6/seed21,21,6,diagnosis_mask6.npz,diagnosis_gmm_impute_detect_mask6.npz,relational_max,loc_ap,,,,,,,,,True,artifact predates this comparison: kinds is absent
chow_liu_leaf6/seed21,21,6,diagnosis_mask6.npz,diagnosis_gmm_impute_detect_mask6.npz,relational_max,end_to_end_unique_top1,,,,,,,,,True,artifact predates this comparison: kinds is absent
chow_liu_leaf6/seed21,21,6,diagnosis_mask6.npz,diagnosis_gmm_refit_detect_mask6.npz,relational_max,auroc,,,,,,,,,True,artifact predates this comparison: kinds is absent
chow_liu_leaf6/seed21,21,6,diagnosis_mask6.npz,diagnosis_gmm_refit_detect_mask6.npz,relational_max,loc_ap,,,,,,,,,True,artifact predates this comparison: kinds is absent
chow_liu_leaf6/seed21,21,6,diagnosis_mask6.npz,diagnosis_gmm_refit_detect_mask6.npz,relational_max,end_to_end_unique_top1,,,,,,,,,True,artifact predates this comparison: kinds is absent
chow_liu_leaf6/seed21,21,6,diagnosis_mask6.npz,diagnosis_knn_impute_detect_mask6.npz,relational_max,auroc,,,,,,,,,True,artifact predates this comparison: kinds is absent
chow_liu_leaf6/seed21,21,6,diagnosis_mask6.npz,diagnosis_knn_impute_detect_mask6.npz,relational_max,loc_ap,,,,,,,,,True,artifact predates this comparison: kinds is absent
chow_liu_leaf6/seed21,21,6,diagnosis_mask6.npz,diagnosis_knn_impute_detect_mask6.npz,relational_max,end_to_end_unique_top1,,,,,,,,,True,artifact predates this comparison: kinds is absent
chow_liu_leaf6/seed21,21,6,diagnosis_mask6.npz,diagnosis_knn_refit_detect_mask6.npz,relational_max,auroc,,,,,,,,,True,artifact predates this comparison: kinds is absent
chow_liu_leaf6/seed21,21,6,diagnosis_mask6.npz,diagnosis_knn_refit_detect_mask6.npz,relational_max,loc_ap,,,,,,,,,True,artifact predates this comparison: kinds is absent
chow_liu_leaf6/seed21,21,6,diagnosis_mask6.npz,diagnosis_knn_refit_detect_mask6.npz,relational_max,end_to_end_unique_top1,,,,,,,,,True,artifact predates this comparison: kinds is absent
chow_liu_leaf6/seed21,21,6,diagnosis_mask6.npz,diagnosis_mahalanobis_impute_detect_mask6.npz,relational_max,auroc,,,,,,,,,True,artifact predates this comparison: kinds is absent
chow_liu_leaf6/seed21,21,6,diagnosis_mask6.npz,diagnosis_mahalanobis_impute_detect_mask6.npz,relational_max,loc_ap,,,,,,,,,True,artifact predates this comparison: kinds is absent
chow_liu_leaf6/seed21,21,6,diagnosis_mask6.npz,diagnosis_mahalanobis_impute_detect_mask6.npz,relational_max,end_to_end_unique_top1,,,,,,,,,True,artifact predates this comparison: kinds is absent
chow_liu_leaf6/seed21,21,6,diagnosis_mask6.npz,diagnosis_mahalanobis_refit_detect_mask6.npz,relational_max,auroc,,,,,,,,,True,artifact predates this comparison: kinds is absent
chow_liu_leaf6/seed21,21,6,diagnosis_mask6.npz,diagnosis_mahalanobis_refit_detect_mask6.npz,relational_max,loc_ap,,,,,,,,,True,artifact predates this comparison: kinds is absent
chow_liu_leaf6/seed21,21,6,diagnosis_mask6.npz,diagnosis_mahalanobis_refit_detect_mask6.npz,relational_max,end_to_end_unique_top1,,,,,,,,,True,artifact predates this comparison: kinds is absent
chow_liu_leaf6/seed21,21,7,logs/ts/ws/diagnosis_fd001_candidate/chow_liu_leaf6/seed21/artifacts/diagnosis_mask7.npz,logs/ts/ws/diagnosis_fd001_candidate/chow_liu_leaf6/seed21/artifacts/diagnosis_gaussian_fitted_mask7.npz,relational_max,auroc,exploratory paired engine-bootstrap difference; training-seed variability is a separate axis,0.0,0.0,0.0,1000,10,,,,
chow_liu_leaf6/seed21,21,7,diagnosis_mask7.npz,diagnosis_gaussian_fitted_mask7.npz,relational_max,loc_ap,,,,,,,,,True,no bootstrap replicate produced a defined statistic
chow_liu_leaf6/seed21,21,7,logs/ts/ws/diagnosis_fd001_candidate/chow_liu_leaf6/seed21/artifacts/diagnosis_mask7.npz,logs/ts/ws/diagnosis_fd001_candidate/chow_liu_leaf6/seed21/artifacts/diagnosis_gaussian_fitted_mask7.npz,relational_max,end_to_end_unique_top1,exploratory paired engine-bootstrap difference; training-seed variability is a separate axis,,0.0,0.0,1000,10,,0.0,,
chow_liu_leaf6/seed21,21,7,diagnosis_mask7.npz,diagnosis_gmm_impute_detect_mask7.npz,relational_max,auroc,,,,,,,,,True,artifact predates this comparison: kinds is absent
chow_liu_leaf6/seed21,21,7,diagnosis_mask7.npz,diagnosis_gmm_impute_detect_mask7.npz,relational_max,loc_ap,,,,,,,,,True,artifact predates this comparison: kinds is absent
chow_liu_leaf6/seed21,21,7,diagnosis_mask7.npz,diagnosis_gmm_impute_detect_mask7.npz,relational_max,end_to_end_unique_top1,,,,,,,,,True,artifact predates this comparison: kinds is absent
chow_liu_leaf6/seed21,21,7,diagnosis_mask7.npz,diagnosis_gmm_refit_detect_mask7.npz,relational_max,auroc,,,,,,,,,True,artifact predates this comparison: kinds is absent
chow_liu_leaf6/seed21,21,7,diagnosis_mask7.npz,diagnosis_gmm_refit_detect_mask7.npz,relational_max,loc_ap,,,,,,,,,True,artifact predates this comparison: kinds is absent
chow_liu_leaf6/seed21,21,7,diagnosis_mask7.npz,diagnosis_gmm_refit_detect_mask7.npz,relational_max,end_to_end_unique_top1,,,,,,,,,True,artifact predates this comparison: kinds is absent
chow_liu_leaf6/seed21,21,7,diagnosis_mask7.npz,diagnosis_knn_impute_detect_mask7.npz,relational_max,auroc,,,,,,,,,True,artifact predates this comparison: kinds is absent
chow_liu_leaf6/seed21,21,7,diagnosis_mask7.npz,diagnosis_knn_impute_detect_mask7.npz,relational_max,loc_ap,,,,,,,,,True,artifact predates this comparison: kinds is absent
chow_liu_leaf6/seed21,21,7,diagnosis_mask7.npz,diagnosis_knn_impute_detect_mask7.npz,relational_max,end_to_end_unique_top1,,,,,,,,,True,artifact predates this comparison: kinds is absent
chow_liu_leaf6/seed21,21,7,diagnosis_mask7.npz,diagnosis_knn_refit_detect_mask7.npz,relational_max,auroc,,,,,,,,,True,artifact predates this comparison: kinds is absent
chow_liu_leaf6/seed21,21,7,diagnosis_mask7.npz,diagnosis_knn_refit_detect_mask7.npz,relational_max,loc_ap,,,,,,,,,True,artifact predates this comparison: kinds is absent
chow_liu_leaf6/seed21,21,7,diagnosis_mask7.npz,diagnosis_knn_refit_detect_mask7.npz,relational_max,end_to_end_unique_top1,,,,,,,,,True,artifact predates this comparison: kinds is absent
chow_liu_leaf6/seed21,21,7,diagnosis_mask7.npz,diagnosis_mahalanobis_impute_detect_mask7.npz,relational_max,auroc,,,,,,,,,True,artifact predates this comparison: kinds is absent
chow_liu_leaf6/seed21,21,7,diagnosis_mask7.npz,diagnosis_mahalanobis_impute_detect_mask7.npz,relational_max,loc_ap,,,,,,,,,True,artifact predates this comparison: kinds is absent
chow_liu_leaf6/seed21,21,7,diagnosis_mask7.npz,diagnosis_mahalanobis_impute_detect_mask7.npz,relational_max,end_to_end_unique_top1,,,,,,,,,True,artifact predates this comparison: kinds is absent
chow_liu_leaf6/seed21,21,7,diagnosis_mask7.npz,diagnosis_mahalanobis_refit_detect_mask7.npz,relational_max,auroc,,,,,,,,,True,artifact predates this comparison: kinds is absent
chow_liu_leaf6/seed21,21,7,diagnosis_mask7.npz,diagnosis_mahalanobis_refit_detect_mask7.npz,relational_max,loc_ap,,,,,,,,,True,artifact predates this comparison: kinds is absent
chow_liu_leaf6/seed21,21,7,diagnosis_mask7.npz,diagnosis_mahalanobis_refit_detect_mask7.npz,relational_max,end_to_end_unique_top1,,,,,,,,,True,artifact predates this comparison: kinds is absent
chow_liu_leaf6/seed22,22,0,logs/ts/ws/diagnosis_fd001_candidate/chow_liu_leaf6/seed22/artifacts/diagnosis_mask0.npz,logs/ts/ws/diagnosis_fd001_candidate/chow_liu_leaf6/seed22/artifacts/diagnosis_gaussian_fitted_mask0.npz,relational_max,auroc,exploratory paired engine-bootstrap difference; training-seed variability is a separate axis,-0.07311031380130872,-0.10800317717912436,-0.037511509888484944,1000,10,,,,
chow_liu_leaf6/seed22,22,0,logs/ts/ws/diagnosis_fd001_candidate/chow_liu_leaf6/seed22/artifacts/diagnosis_mask0.npz,logs/ts/ws/diagnosis_fd001_candidate/chow_liu_leaf6/seed22/artifacts/diagnosis_gaussian_fitted_mask0.npz,relational_max,loc_ap,exploratory paired engine-bootstrap difference; training-seed variability is a separate axis,,-0.1858453381188349,-0.12830442484619026,1000,10,-0.1563015479326454,,,
chow_liu_leaf6/seed22,22,0,logs/ts/ws/diagnosis_fd001_candidate/chow_liu_leaf6/seed22/artifacts/diagnosis_mask0.npz,logs/ts/ws/diagnosis_fd001_candidate/chow_liu_leaf6/seed22/artifacts/diagnosis_gaussian_fitted_mask0.npz,relational_max,end_to_end_unique_top1,exploratory paired engine-bootstrap difference; training-seed variability is a separate axis,,-0.08555078765252234,0.010543269939554786,1000,10,,-0.03658536585365857,,
chow_liu_leaf6/seed22,22,0,diagnosis_mask0.npz,diagnosis_gmm_impute_detect_mask0.npz,relational_max,auroc,,,,,,,,,True,artifact predates this comparison: kinds is absent
chow_liu_leaf6/seed22,22,0,diagnosis_mask0.npz,diagnosis_gmm_impute_detect_mask0.npz,relational_max,loc_ap,,,,,,,,,True,artifact predates this comparison: kinds is absent
chow_liu_leaf6/seed22,22,0,diagnosis_mask0.npz,diagnosis_gmm_impute_detect_mask0.npz,relational_max,end_to_end_unique_top1,,,,,,,,,True,artifact predates this comparison: kinds is absent
chow_liu_leaf6/seed22,22,0,diagnosis_mask0.npz,diagnosis_gmm_refit_detect_mask0.npz,relational_max,auroc,,,,,,,,,True,artifact predates this comparison: kinds is absent
chow_liu_leaf6/seed22,22,0,diagnosis_mask0.npz,diagnosis_gmm_refit_detect_mask0.npz,relational_max,loc_ap,,,,,,,,,True,artifact predates this comparison: kinds is absent
chow_liu_leaf6/seed22,22,0,diagnosis_mask0.npz,diagnosis_gmm_refit_detect_mask0.npz,relational_max,end_to_end_unique_top1,,,,,,,,,True,artifact predates this comparison: kinds is absent
chow_liu_leaf6/seed22,22,0,diagnosis_mask0.npz,diagnosis_knn_impute_detect_mask0.npz,relational_max,auroc,,,,,,,,,True,artifact predates this comparison: kinds is absent
chow_liu_leaf6/seed22,22,0,diagnosis_mask0.npz,diagnosis_knn_impute_detect_mask0.npz,relational_max,loc_ap,,,,,,,,,True,artifact predates this comparison: kinds is absent
chow_liu_leaf6/seed22,22,0,diagnosis_mask0.npz,diagnosis_knn_impute_detect_mask0.npz,relational_max,end_to_end_unique_top1,,,,,,,,,True,artifact predates this comparison: kinds is absent
chow_liu_leaf6/seed22,22,0,diagnosis_mask0.npz,diagnosis_knn_refit_detect_mask0.npz,relational_max,auroc,,,,,,,,,True,artifact predates this comparison: kinds is absent
chow_liu_leaf6/seed22,22,0,diagnosis_mask0.npz,diagnosis_knn_refit_detect_mask0.npz,relational_max,loc_ap,,,,,,,,,True,artifact predates this comparison: kinds is absent
chow_liu_leaf6/seed22,22,0,diagnosis_mask0.npz,diagnosis_knn_refit_detect_mask0.npz,relational_max,end_to_end_unique_top1,,,,,,,,,True,artifact predates this comparison: kinds is absent
chow_liu_leaf6/seed22,22,0,diagnosis_mask0.npz,diagnosis_mahalanobis_impute_detect_mask0.npz,relational_max,auroc,,,,,,,,,True,artifact predates this comparison: kinds is absent
chow_liu_leaf6/seed22,22,0,diagnosis_mask0.npz,diagnosis_mahalanobis_impute_detect_mask0.npz,relational_max,loc_ap,,,,,,,,,True,artifact predates this comparison: kinds is absent
chow_liu_leaf6/seed22,22,0,diagnosis_mask0.npz,diagnosis_mahalanobis_impute_detect_mask0.npz,relational_max,end_to_end_unique_top1,,,,,,,,,True,artifact predates this comparison: kinds is absent
chow_liu_leaf6/seed22,22,0,diagnosis_mask0.npz,diagnosis_mahalanobis_refit_detect_mask0.npz,relational_max,auroc,,,,,,,,,True,artifact predates this comparison: kinds is absent
chow_liu_leaf6/seed22,22,0,diagnosis_mask0.npz,diagnosis_mahalanobis_refit_detect_mask0.npz,relational_max,loc_ap,,,,,,,,,True,artifact predates this comparison: kinds is absent
chow_liu_leaf6/seed22,22,0,diagnosis_mask0.npz,diagnosis_mahalanobis_refit_detect_mask0.npz,relational_max,end_to_end_unique_top1,,,,,,,,,True,artifact predates this comparison: kinds is absent
chow_liu_leaf6/seed22,22,1,logs/ts/ws/diagnosis_fd001_candidate/chow_liu_leaf6/seed22/artifacts/diagnosis_mask1.npz,logs/ts/ws/diagnosis_fd001_candidate/chow_liu_leaf6/seed22/artifacts/diagnosis_gaussian_fitted_mask1.npz,relational_max,auroc,exploratory paired engine-bootstrap difference; training-seed variability is a separate axis,-0.0709910395597858,-0.10591045619364584,-0.03494820118993109,1000,10,,,,
chow_liu_leaf6/seed22,22,1,logs/ts/ws/diagnosis_fd001_candidate/chow_liu_leaf6/seed22/artifacts/diagnosis_mask1.npz,logs/ts/ws/diagnosis_fd001_candidate/chow_liu_leaf6/seed22/artifacts/diagnosis_gaussian_fitted_mask1.npz,relational_max,loc_ap,exploratory paired engine-bootstrap difference; training-seed variability is a separate axis,,-0.19308010161925274,-0.1303885192924174,1000,10,-0.15994443588387686,,,
chow_liu_leaf6/seed22,22,1,logs/ts/ws/diagnosis_fd001_candidate/chow_liu_leaf6/seed22/artifacts/diagnosis_mask1.npz,logs/ts/ws/diagnosis_fd001_candidate/chow_liu_leaf6/seed22/artifacts/diagnosis_gaussian_fitted_mask1.npz,relational_max,end_to_end_unique_top1,exploratory paired engine-bootstrap difference; training-seed variability is a separate axis,,-0.09509933931099582,-0.006578408110440002,1000,10,,-0.04878048780487809,,
chow_liu_leaf6/seed22,22,1,diagnosis_mask1.npz,diagnosis_gmm_impute_detect_mask1.npz,relational_max,auroc,,,,,,,,,True,artifact predates this comparison: kinds is absent
chow_liu_leaf6/seed22,22,1,diagnosis_mask1.npz,diagnosis_gmm_impute_detect_mask1.npz,relational_max,loc_ap,,,,,,,,,True,artifact predates this comparison: kinds is absent
chow_liu_leaf6/seed22,22,1,diagnosis_mask1.npz,diagnosis_gmm_impute_detect_mask1.npz,relational_max,end_to_end_unique_top1,,,,,,,,,True,artifact predates this comparison: kinds is absent
chow_liu_leaf6/seed22,22,1,diagnosis_mask1.npz,diagnosis_gmm_refit_detect_mask1.npz,relational_max,auroc,,,,,,,,,True,artifact predates this comparison: kinds is absent
chow_liu_leaf6/seed22,22,1,diagnosis_mask1.npz,diagnosis_gmm_refit_detect_mask1.npz,relational_max,loc_ap,,,,,,,,,True,artifact predates this comparison: kinds is absent
chow_liu_leaf6/seed22,22,1,diagnosis_mask1.npz,diagnosis_gmm_refit_detect_mask1.npz,relational_max,end_to_end_unique_top1,,,,,,,,,True,artifact predates this comparison: kinds is absent
chow_liu_leaf6/seed22,22,1,diagnosis_mask1.npz,diagnosis_knn_impute_detect_mask1.npz,relational_max,auroc,,,,,,,,,True,artifact predates this comparison: kinds is absent
chow_liu_leaf6/seed22,22,1,diagnosis_mask1.npz,diagnosis_knn_impute_detect_mask1.npz,relational_max,loc_ap,,,,,,,,,True,artifact predates this comparison: kinds is absent
chow_liu_leaf6/seed22,22,1,diagnosis_mask1.npz,diagnosis_knn_impute_detect_mask1.npz,relational_max,end_to_end_unique_top1,,,,,,,,,True,artifact predates this comparison: kinds is absent
chow_liu_leaf6/seed22,22,1,diagnosis_mask1.npz,diagnosis_knn_refit_detect_mask1.npz,relational_max,auroc,,,,,,,,,True,artifact predates this comparison: kinds is absent
chow_liu_leaf6/seed22,22,1,diagnosis_mask1.npz,diagnosis_knn_refit_detect_mask1.npz,relational_max,loc_ap,,,,,,,,,True,artifact predates this comparison: kinds is absent
chow_liu_leaf6/seed22,22,1,diagnosis_mask1.npz,diagnosis_knn_refit_detect_mask1.npz,relational_max,end_to_end_unique_top1,,,,,,,,,True,artifact predates this comparison: kinds is absent
chow_liu_leaf6/seed22,22,1,diagnosis_mask1.npz,diagnosis_mahalanobis_impute_detect_mask1.npz,relational_max,auroc,,,,,,,,,True,artifact predates this comparison: kinds is absent
chow_liu_leaf6/seed22,22,1,diagnosis_mask1.npz,diagnosis_mahalanobis_impute_detect_mask1.npz,relational_max,loc_ap,,,,,,,,,True,artifact predates this comparison: kinds is absent
chow_liu_leaf6/seed22,22,1,diagnosis_mask1.npz,diagnosis_mahalanobis_impute_detect_mask1.npz,relational_max,end_to_end_unique_top1,,,,,,,,,True,artifact predates this comparison: kinds is absent
chow_liu_leaf6/seed22,22,1,diagnosis_mask1.npz,diagnosis_mahalanobis_refit_detect_mask1.npz,relational_max,auroc,,,,,,,,,True,artifact predates this comparison: kinds is absent
chow_liu_leaf6/seed22,22,1,diagnosis_mask1.npz,diagnosis_mahalanobis_refit_detect_mask1.npz,relational_max,loc_ap,,,,,,,,,True,artifact predates this comparison: kinds is absent
chow_liu_leaf6/seed22,22,1,diagnosis_mask1.npz,diagnosis_mahalanobis_refit_detect_mask1.npz,relational_max,end_to_end_unique_top1,,,,,,,,,True,artifact predates this comparison: kinds is absent
chow_liu_leaf6/seed22,22,2,logs/ts/ws/diagnosis_fd001_candidate/chow_liu_leaf6/seed22/artifacts/diagnosis_mask2.npz,logs/ts/ws/diagnosis_fd001_candidate/chow_liu_leaf6/seed22/artifacts/diagnosis_gaussian_fitted_mask2.npz,relational_max,auroc,exploratory paired engine-bootstrap difference; training-seed variability is a separate axis,-0.08938596817370614,-0.12438143130019458,-0.05484910490105481,1000,10,,,,
chow_liu_leaf6/seed22,22,2,logs/ts/ws/diagnosis_fd001_candidate/chow_liu_leaf6/seed22/artifacts/diagnosis_mask2.npz,logs/ts/ws/diagnosis_fd001_candidate/chow_liu_leaf6/seed22/artifacts/diagnosis_gaussian_fitted_mask2.npz,relational_max,loc_ap,exploratory paired engine-bootstrap difference; training-seed variability is a separate axis,,-0.20265359297067323,-0.16245958784835066,1000,10,-0.18220404761121378,,,
chow_liu_leaf6/seed22,22,2,logs/ts/ws/diagnosis_fd001_candidate/chow_liu_leaf6/seed22/artifacts/diagnosis_mask2.npz,logs/ts/ws/diagnosis_fd001_candidate/chow_liu_leaf6/seed22/artifacts/diagnosis_gaussian_fitted_mask2.npz,relational_max,end_to_end_unique_top1,exploratory paired engine-bootstrap difference; training-seed variability is a separate axis,,-0.12309667673716013,-0.04543758480325648,1000,10,,-0.07926829268292684,,
chow_liu_leaf6/seed22,22,2,diagnosis_mask2.npz,diagnosis_gmm_impute_detect_mask2.npz,relational_max,auroc,,,,,,,,,True,artifact predates this comparison: kinds is absent
chow_liu_leaf6/seed22,22,2,diagnosis_mask2.npz,diagnosis_gmm_impute_detect_mask2.npz,relational_max,loc_ap,,,,,,,,,True,artifact predates this comparison: kinds is absent
chow_liu_leaf6/seed22,22,2,diagnosis_mask2.npz,diagnosis_gmm_impute_detect_mask2.npz,relational_max,end_to_end_unique_top1,,,,,,,,,True,artifact predates this comparison: kinds is absent
chow_liu_leaf6/seed22,22,2,diagnosis_mask2.npz,diagnosis_gmm_refit_detect_mask2.npz,relational_max,auroc,,,,,,,,,True,artifact predates this comparison: kinds is absent
chow_liu_leaf6/seed22,22,2,diagnosis_mask2.npz,diagnosis_gmm_refit_detect_mask2.npz,relational_max,loc_ap,,,,,,,,,True,artifact predates this comparison: kinds is absent
chow_liu_leaf6/seed22,22,2,diagnosis_mask2.npz,diagnosis_gmm_refit_detect_mask2.npz,relational_max,end_to_end_unique_top1,,,,,,,,,True,artifact predates this comparison: kinds is absent
chow_liu_leaf6/seed22,22,2,diagnosis_mask2.npz,diagnosis_knn_impute_detect_mask2.npz,relational_max,auroc,,,,,,,,,True,artifact predates this comparison: kinds is absent
chow_liu_leaf6/seed22,22,2,diagnosis_mask2.npz,diagnosis_knn_impute_detect_mask2.npz,relational_max,loc_ap,,,,,,,,,True,artifact predates this comparison: kinds is absent
chow_liu_leaf6/seed22,22,2,diagnosis_mask2.npz,diagnosis_knn_impute_detect_mask2.npz,relational_max,end_to_end_unique_top1,,,,,,,,,True,artifact predates this comparison: kinds is absent
chow_liu_leaf6/seed22,22,2,diagnosis_mask2.npz,diagnosis_knn_refit_detect_mask2.npz,relational_max,auroc,,,,,,,,,True,artifact predates this comparison: kinds is absent
chow_liu_leaf6/seed22,22,2,diagnosis_mask2.npz,diagnosis_knn_refit_detect_mask2.npz,relational_max,loc_ap,,,,,,,,,True,artifact predates this comparison: kinds is absent
chow_liu_leaf6/seed22,22,2,diagnosis_mask2.npz,diagnosis_knn_refit_detect_mask2.npz,relational_max,end_to_end_unique_top1,,,,,,,,,True,artifact predates this comparison: kinds is absent
chow_liu_leaf6/seed22,22,2,diagnosis_mask2.npz,diagnosis_mahalanobis_impute_detect_mask2.npz,relational_max,auroc,,,,,,,,,True,artifact predates this comparison: kinds is absent
chow_liu_leaf6/seed22,22,2,diagnosis_mask2.npz,diagnosis_mahalanobis_impute_detect_mask2.npz,relational_max,loc_ap,,,,,,,,,True,artifact predates this comparison: kinds is absent
chow_liu_leaf6/seed22,22,2,diagnosis_mask2.npz,diagnosis_mahalanobis_impute_detect_mask2.npz,relational_max,end_to_end_unique_top1,,,,,,,,,True,artifact predates this comparison: kinds is absent
chow_liu_leaf6/seed22,22,2,diagnosis_mask2.npz,diagnosis_mahalanobis_refit_detect_mask2.npz,relational_max,auroc,,,,,,,,,True,artifact predates this comparison: kinds is absent
chow_liu_leaf6/seed22,22,2,diagnosis_mask2.npz,diagnosis_mahalanobis_refit_detect_mask2.npz,relational_max,loc_ap,,,,,,,,,True,artifact predates this comparison: kinds is absent
chow_liu_leaf6/seed22,22,2,diagnosis_mask2.npz,diagnosis_mahalanobis_refit_detect_mask2.npz,relational_max,end_to_end_unique_top1,,,,,,,,,True,artifact predates this comparison: kinds is absent
chow_liu_leaf6/seed22,22,3,logs/ts/ws/diagnosis_fd001_candidate/chow_liu_leaf6/seed22/artifacts/diagnosis_mask3.npz,logs/ts/ws/diagnosis_fd001_candidate/chow_liu_leaf6/seed22/artifacts/diagnosis_gaussian_fitted_mask3.npz,relational_max,auroc,exploratory paired engine-bootstrap difference; training-seed variability is a separate axis,-0.11555156900654373,-0.13512203564238126,-0.09121333127632489,1000,10,,,,
chow_liu_leaf6/seed22,22,3,logs/ts/ws/diagnosis_fd001_candidate/chow_liu_leaf6/seed22/artifacts/diagnosis_mask3.npz,logs/ts/ws/diagnosis_fd001_candidate/chow_liu_leaf6/seed22/artifacts/diagnosis_gaussian_fitted_mask3.npz,relational_max,loc_ap,exploratory paired engine-bootstrap difference; training-seed variability is a separate axis,,-0.24776643728479045,-0.15244093451220647,1000,10,-0.1995843337334935,,,
chow_liu_leaf6/seed22,22,3,logs/ts/ws/diagnosis_fd001_candidate/chow_liu_leaf6/seed22/artifacts/diagnosis_mask3.npz,logs/ts/ws/diagnosis_fd001_candidate/chow_liu_leaf6/seed22/artifacts/diagnosis_gaussian_fitted_mask3.npz,relational_max,end_to_end_unique_top1,exploratory paired engine-bootstrap difference; training-seed variability is a separate axis,,-0.2809048742452717,-0.18719067784403537,1000,10,,-0.23780487804878048,,
chow_liu_leaf6/seed22,22,3,diagnosis_mask3.npz,diagnosis_gmm_impute_detect_mask3.npz,relational_max,auroc,,,,,,,,,True,artifact predates this comparison: kinds is absent
chow_liu_leaf6/seed22,22,3,diagnosis_mask3.npz,diagnosis_gmm_impute_detect_mask3.npz,relational_max,loc_ap,,,,,,,,,True,artifact predates this comparison: kinds is absent
chow_liu_leaf6/seed22,22,3,diagnosis_mask3.npz,diagnosis_gmm_impute_detect_mask3.npz,relational_max,end_to_end_unique_top1,,,,,,,,,True,artifact predates this comparison: kinds is absent
chow_liu_leaf6/seed22,22,3,diagnosis_mask3.npz,diagnosis_gmm_refit_detect_mask3.npz,relational_max,auroc,,,,,,,,,True,artifact predates this comparison: kinds is absent
chow_liu_leaf6/seed22,22,3,diagnosis_mask3.npz,diagnosis_gmm_refit_detect_mask3.npz,relational_max,loc_ap,,,,,,,,,True,artifact predates this comparison: kinds is absent
chow_liu_leaf6/seed22,22,3,diagnosis_mask3.npz,diagnosis_gmm_refit_detect_mask3.npz,relational_max,end_to_end_unique_top1,,,,,,,,,True,artifact predates this comparison: kinds is absent
chow_liu_leaf6/seed22,22,3,diagnosis_mask3.npz,diagnosis_knn_impute_detect_mask3.npz,relational_max,auroc,,,,,,,,,True,artifact predates this comparison: kinds is absent
chow_liu_leaf6/seed22,22,3,diagnosis_mask3.npz,diagnosis_knn_impute_detect_mask3.npz,relational_max,loc_ap,,,,,,,,,True,artifact predates this comparison: kinds is absent
chow_liu_leaf6/seed22,22,3,diagnosis_mask3.npz,diagnosis_knn_impute_detect_mask3.npz,relational_max,end_to_end_unique_top1,,,,,,,,,True,artifact predates this comparison: kinds is absent
chow_liu_leaf6/seed22,22,3,diagnosis_mask3.npz,diagnosis_knn_refit_detect_mask3.npz,relational_max,auroc,,,,,,,,,True,artifact predates this comparison: kinds is absent
chow_liu_leaf6/seed22,22,3,diagnosis_mask3.npz,diagnosis_knn_refit_detect_mask3.npz,relational_max,loc_ap,,,,,,,,,True,artifact predates this comparison: kinds is absent
chow_liu_leaf6/seed22,22,3,diagnosis_mask3.npz,diagnosis_knn_refit_detect_mask3.npz,relational_max,end_to_end_unique_top1,,,,,,,,,True,artifact predates this comparison: kinds is absent
chow_liu_leaf6/seed22,22,3,diagnosis_mask3.npz,diagnosis_mahalanobis_impute_detect_mask3.npz,relational_max,auroc,,,,,,,,,True,artifact predates this comparison: kinds is absent
chow_liu_leaf6/seed22,22,3,diagnosis_mask3.npz,diagnosis_mahalanobis_impute_detect_mask3.npz,relational_max,loc_ap,,,,,,,,,True,artifact predates this comparison: kinds is absent
chow_liu_leaf6/seed22,22,3,diagnosis_mask3.npz,diagnosis_mahalanobis_impute_detect_mask3.npz,relational_max,end_to_end_unique_top1,,,,,,,,,True,artifact predates this comparison: kinds is absent
chow_liu_leaf6/seed22,22,3,diagnosis_mask3.npz,diagnosis_mahalanobis_refit_detect_mask3.npz,relational_max,auroc,,,,,,,,,True,artifact predates this comparison: kinds is absent
chow_liu_leaf6/seed22,22,3,diagnosis_mask3.npz,diagnosis_mahalanobis_refit_detect_mask3.npz,relational_max,loc_ap,,,,,,,,,True,artifact predates this comparison: kinds is absent
chow_liu_leaf6/seed22,22,3,diagnosis_mask3.npz,diagnosis_mahalanobis_refit_detect_mask3.npz,relational_max,end_to_end_unique_top1,,,,,,,,,True,artifact predates this comparison: kinds is absent
chow_liu_leaf6/seed22,22,4,logs/ts/ws/diagnosis_fd001_candidate/chow_liu_leaf6/seed22/artifacts/diagnosis_mask4.npz,logs/ts/ws/diagnosis_fd001_candidate/chow_liu_leaf6/seed22/artifacts/diagnosis_gaussian_fitted_mask4.npz,relational_max,auroc,exploratory paired engine-bootstrap difference; training-seed variability is a separate axis,-0.04799970255800112,-0.06714933054390397,-0.028880013239566925,1000,10,,,,
chow_liu_leaf6/seed22,22,4,logs/ts/ws/diagnosis_fd001_candidate/chow_liu_leaf6/seed22/artifacts/diagnosis_mask4.npz,logs/ts/ws/diagnosis_fd001_candidate/chow_liu_leaf6/seed22/artifacts/diagnosis_gaussian_fitted_mask4.npz,relational_max,loc_ap,exploratory paired engine-bootstrap difference; training-seed variability is a separate axis,,-0.20472411882933422,-0.10405013857394814,1000,10,-0.15047668444971352,,,
chow_liu_leaf6/seed22,22,4,logs/ts/ws/diagnosis_fd001_candidate/chow_liu_leaf6/seed22/artifacts/diagnosis_mask4.npz,logs/ts/ws/diagnosis_fd001_candidate/chow_liu_leaf6/seed22/artifacts/diagnosis_gaussian_fitted_mask4.npz,relational_max,end_to_end_unique_top1,exploratory paired engine-bootstrap difference; training-seed variability is a separate axis,,-0.16000302114803622,-0.06727761682493698,1000,10,,-0.10670731707317072,,
chow_liu_leaf6/seed22,22,4,diagnosis_mask4.npz,diagnosis_gmm_impute_detect_mask4.npz,relational_max,auroc,,,,,,,,,True,artifact predates this comparison: kinds is absent
chow_liu_leaf6/seed22,22,4,diagnosis_mask4.npz,diagnosis_gmm_impute_detect_mask4.npz,relational_max,loc_ap,,,,,,,,,True,artifact predates this comparison: kinds is absent
chow_liu_leaf6/seed22,22,4,diagnosis_mask4.npz,diagnosis_gmm_impute_detect_mask4.npz,relational_max,end_to_end_unique_top1,,,,,,,,,True,artifact predates this comparison: kinds is absent
chow_liu_leaf6/seed22,22,4,diagnosis_mask4.npz,diagnosis_gmm_refit_detect_mask4.npz,relational_max,auroc,,,,,,,,,True,artifact predates this comparison: kinds is absent
chow_liu_leaf6/seed22,22,4,diagnosis_mask4.npz,diagnosis_gmm_refit_detect_mask4.npz,relational_max,loc_ap,,,,,,,,,True,artifact predates this comparison: kinds is absent
chow_liu_leaf6/seed22,22,4,diagnosis_mask4.npz,diagnosis_gmm_refit_detect_mask4.npz,relational_max,end_to_end_unique_top1,,,,,,,,,True,artifact predates this comparison: kinds is absent
chow_liu_leaf6/seed22,22,4,diagnosis_mask4.npz,diagnosis_knn_impute_detect_mask4.npz,relational_max,auroc,,,,,,,,,True,artifact predates this comparison: kinds is absent
chow_liu_leaf6/seed22,22,4,diagnosis_mask4.npz,diagnosis_knn_impute_detect_mask4.npz,relational_max,loc_ap,,,,,,,,,True,artifact predates this comparison: kinds is absent
chow_liu_leaf6/seed22,22,4,diagnosis_mask4.npz,diagnosis_knn_impute_detect_mask4.npz,relational_max,end_to_end_unique_top1,,,,,,,,,True,artifact predates this comparison: kinds is absent
chow_liu_leaf6/seed22,22,4,diagnosis_mask4.npz,diagnosis_knn_refit_detect_mask4.npz,relational_max,auroc,,,,,,,,,True,artifact predates this comparison: kinds is absent
chow_liu_leaf6/seed22,22,4,diagnosis_mask4.npz,diagnosis_knn_refit_detect_mask4.npz,relational_max,loc_ap,,,,,,,,,True,artifact predates this comparison: kinds is absent
chow_liu_leaf6/seed22,22,4,diagnosis_mask4.npz,diagnosis_knn_refit_detect_mask4.npz,relational_max,end_to_end_unique_top1,,,,,,,,,True,artifact predates this comparison: kinds is absent
chow_liu_leaf6/seed22,22,4,diagnosis_mask4.npz,diagnosis_mahalanobis_impute_detect_mask4.npz,relational_max,auroc,,,,,,,,,True,artifact predates this comparison: kinds is absent
chow_liu_leaf6/seed22,22,4,diagnosis_mask4.npz,diagnosis_mahalanobis_impute_detect_mask4.npz,relational_max,loc_ap,,,,,,,,,True,artifact predates this comparison: kinds is absent
chow_liu_leaf6/seed22,22,4,diagnosis_mask4.npz,diagnosis_mahalanobis_impute_detect_mask4.npz,relational_max,end_to_end_unique_top1,,,,,,,,,True,artifact predates this comparison: kinds is absent
chow_liu_leaf6/seed22,22,4,diagnosis_mask4.npz,diagnosis_mahalanobis_refit_detect_mask4.npz,relational_max,auroc,,,,,,,,,True,artifact predates this comparison: kinds is absent
chow_liu_leaf6/seed22,22,4,diagnosis_mask4.npz,diagnosis_mahalanobis_refit_detect_mask4.npz,relational_max,loc_ap,,,,,,,,,True,artifact predates this comparison: kinds is absent
chow_liu_leaf6/seed22,22,4,diagnosis_mask4.npz,diagnosis_mahalanobis_refit_detect_mask4.npz,relational_max,end_to_end_unique_top1,,,,,,,,,True,artifact predates this comparison: kinds is absent
chow_liu_leaf6/seed22,22,5,logs/ts/ws/diagnosis_fd001_candidate/chow_liu_leaf6/seed22/artifacts/diagnosis_mask5.npz,logs/ts/ws/diagnosis_fd001_candidate/chow_liu_leaf6/seed22/artifacts/diagnosis_gaussian_fitted_mask5.npz,relational_max,auroc,exploratory paired engine-bootstrap difference; training-seed variability is a separate axis,-0.08012808596073762,-0.1152270837445418,-0.04551711920676385,1000,10,,,,
chow_liu_leaf6/seed22,22,5,logs/ts/ws/diagnosis_fd001_candidate/chow_liu_leaf6/seed22/artifacts/diagnosis_mask5.npz,logs/ts/ws/diagnosis_fd001_candidate/chow_liu_leaf6/seed22/artifacts/diagnosis_gaussian_fitted_mask5.npz,relational_max,loc_ap,exploratory paired engine-bootstrap difference; training-seed variability is a separate axis,,-0.2009608954980354,-0.13720120817856776,1000,10,-0.16543373119391924,,,
chow_liu_leaf6/seed22,22,5,logs/ts/ws/diagnosis_fd001_candidate/chow_liu_leaf6/seed22/artifacts/diagnosis_mask5.npz,logs/ts/ws/diagnosis_fd001_candidate/chow_liu_leaf6/seed22/artifacts/diagnosis_gaussian_fitted_mask5.npz,relational_max,end_to_end_unique_top1,exploratory paired engine-bootstrap difference; training-seed variability is a separate axis,,-0.10159147869674189,-0.0031140702941345115,1000,10,,-0.05182926829268297,,
chow_liu_leaf6/seed22,22,5,diagnosis_mask5.npz,diagnosis_gmm_impute_detect_mask5.npz,relational_max,auroc,,,,,,,,,True,artifact predates this comparison: kinds is absent
chow_liu_leaf6/seed22,22,5,diagnosis_mask5.npz,diagnosis_gmm_impute_detect_mask5.npz,relational_max,loc_ap,,,,,,,,,True,artifact predates this comparison: kinds is absent
chow_liu_leaf6/seed22,22,5,diagnosis_mask5.npz,diagnosis_gmm_impute_detect_mask5.npz,relational_max,end_to_end_unique_top1,,,,,,,,,True,artifact predates this comparison: kinds is absent
chow_liu_leaf6/seed22,22,5,diagnosis_mask5.npz,diagnosis_gmm_refit_detect_mask5.npz,relational_max,auroc,,,,,,,,,True,artifact predates this comparison: kinds is absent
chow_liu_leaf6/seed22,22,5,diagnosis_mask5.npz,diagnosis_gmm_refit_detect_mask5.npz,relational_max,loc_ap,,,,,,,,,True,artifact predates this comparison: kinds is absent
chow_liu_leaf6/seed22,22,5,diagnosis_mask5.npz,diagnosis_gmm_refit_detect_mask5.npz,relational_max,end_to_end_unique_top1,,,,,,,,,True,artifact predates this comparison: kinds is absent
chow_liu_leaf6/seed22,22,5,diagnosis_mask5.npz,diagnosis_knn_impute_detect_mask5.npz,relational_max,auroc,,,,,,,,,True,artifact predates this comparison: kinds is absent
chow_liu_leaf6/seed22,22,5,diagnosis_mask5.npz,diagnosis_knn_impute_detect_mask5.npz,relational_max,loc_ap,,,,,,,,,True,artifact predates this comparison: kinds is absent
chow_liu_leaf6/seed22,22,5,diagnosis_mask5.npz,diagnosis_knn_impute_detect_mask5.npz,relational_max,end_to_end_unique_top1,,,,,,,,,True,artifact predates this comparison: kinds is absent
chow_liu_leaf6/seed22,22,5,diagnosis_mask5.npz,diagnosis_knn_refit_detect_mask5.npz,relational_max,auroc,,,,,,,,,True,artifact predates this comparison: kinds is absent
chow_liu_leaf6/seed22,22,5,diagnosis_mask5.npz,diagnosis_knn_refit_detect_mask5.npz,relational_max,loc_ap,,,,,,,,,True,artifact predates this comparison: kinds is absent
chow_liu_leaf6/seed22,22,5,diagnosis_mask5.npz,diagnosis_knn_refit_detect_mask5.npz,relational_max,end_to_end_unique_top1,,,,,,,,,True,artifact predates this comparison: kinds is absent
chow_liu_leaf6/seed22,22,5,diagnosis_mask5.npz,diagnosis_mahalanobis_impute_detect_mask5.npz,relational_max,auroc,,,,,,,,,True,artifact predates this comparison: kinds is absent
chow_liu_leaf6/seed22,22,5,diagnosis_mask5.npz,diagnosis_mahalanobis_impute_detect_mask5.npz,relational_max,loc_ap,,,,,,,,,True,artifact predates this comparison: kinds is absent
chow_liu_leaf6/seed22,22,5,diagnosis_mask5.npz,diagnosis_mahalanobis_impute_detect_mask5.npz,relational_max,end_to_end_unique_top1,,,,,,,,,True,artifact predates this comparison: kinds is absent
chow_liu_leaf6/seed22,22,5,diagnosis_mask5.npz,diagnosis_mahalanobis_refit_detect_mask5.npz,relational_max,auroc,,,,,,,,,True,artifact predates this comparison: kinds is absent
chow_liu_leaf6/seed22,22,5,diagnosis_mask5.npz,diagnosis_mahalanobis_refit_detect_mask5.npz,relational_max,loc_ap,,,,,,,,,True,artifact predates this comparison: kinds is absent
chow_liu_leaf6/seed22,22,5,diagnosis_mask5.npz,diagnosis_mahalanobis_refit_detect_mask5.npz,relational_max,end_to_end_unique_top1,,,,,,,,,True,artifact predates this comparison: kinds is absent
chow_liu_leaf6/seed22,22,6,logs/ts/ws/diagnosis_fd001_candidate/chow_liu_leaf6/seed22/artifacts/diagnosis_mask6.npz,logs/ts/ws/diagnosis_fd001_candidate/chow_liu_leaf6/seed22/artifacts/diagnosis_gaussian_fitted_mask6.npz,relational_max,auroc,exploratory paired engine-bootstrap difference; training-seed variability is a separate axis,-0.07333339530041638,-0.10211017791296366,-0.04210236748268513,1000,10,,,,
chow_liu_leaf6/seed22,22,6,logs/ts/ws/diagnosis_fd001_candidate/chow_liu_leaf6/seed22/artifacts/diagnosis_mask6.npz,logs/ts/ws/diagnosis_fd001_candidate/chow_liu_leaf6/seed22/artifacts/diagnosis_gaussian_fitted_mask6.npz,relational_max,loc_ap,exploratory paired engine-bootstrap difference; training-seed variability is a separate axis,,-0.16729255296281867,-0.09470343917215597,1000,10,-0.13018212104502425,,,
chow_liu_leaf6/seed22,22,6,logs/ts/ws/diagnosis_fd001_candidate/chow_liu_leaf6/seed22/artifacts/diagnosis_mask6.npz,logs/ts/ws/diagnosis_fd001_candidate/chow_liu_leaf6/seed22/artifacts/diagnosis_gaussian_fitted_mask6.npz,relational_max,end_to_end_unique_top1,exploratory paired engine-bootstrap difference; training-seed variability is a separate axis,,-0.03227578872740165,0.04180092317689372,1000,10,,0.009146341463414587,,
chow_liu_leaf6/seed22,22,6,diagnosis_mask6.npz,diagnosis_gmm_impute_detect_mask6.npz,relational_max,auroc,,,,,,,,,True,artifact predates this comparison: kinds is absent
chow_liu_leaf6/seed22,22,6,diagnosis_mask6.npz,diagnosis_gmm_impute_detect_mask6.npz,relational_max,loc_ap,,,,,,,,,True,artifact predates this comparison: kinds is absent
chow_liu_leaf6/seed22,22,6,diagnosis_mask6.npz,diagnosis_gmm_impute_detect_mask6.npz,relational_max,end_to_end_unique_top1,,,,,,,,,True,artifact predates this comparison: kinds is absent
chow_liu_leaf6/seed22,22,6,diagnosis_mask6.npz,diagnosis_gmm_refit_detect_mask6.npz,relational_max,auroc,,,,,,,,,True,artifact predates this comparison: kinds is absent
chow_liu_leaf6/seed22,22,6,diagnosis_mask6.npz,diagnosis_gmm_refit_detect_mask6.npz,relational_max,loc_ap,,,,,,,,,True,artifact predates this comparison: kinds is absent
chow_liu_leaf6/seed22,22,6,diagnosis_mask6.npz,diagnosis_gmm_refit_detect_mask6.npz,relational_max,end_to_end_unique_top1,,,,,,,,,True,artifact predates this comparison: kinds is absent
chow_liu_leaf6/seed22,22,6,diagnosis_mask6.npz,diagnosis_knn_impute_detect_mask6.npz,relational_max,auroc,,,,,,,,,True,artifact predates this comparison: kinds is absent
chow_liu_leaf6/seed22,22,6,diagnosis_mask6.npz,diagnosis_knn_impute_detect_mask6.npz,relational_max,loc_ap,,,,,,,,,True,artifact predates this comparison: kinds is absent
chow_liu_leaf6/seed22,22,6,diagnosis_mask6.npz,diagnosis_knn_impute_detect_mask6.npz,relational_max,end_to_end_unique_top1,,,,,,,,,True,artifact predates this comparison: kinds is absent
chow_liu_leaf6/seed22,22,6,diagnosis_mask6.npz,diagnosis_knn_refit_detect_mask6.npz,relational_max,auroc,,,,,,,,,True,artifact predates this comparison: kinds is absent
chow_liu_leaf6/seed22,22,6,diagnosis_mask6.npz,diagnosis_knn_refit_detect_mask6.npz,relational_max,loc_ap,,,,,,,,,True,artifact predates this comparison: kinds is absent
chow_liu_leaf6/seed22,22,6,diagnosis_mask6.npz,diagnosis_knn_refit_detect_mask6.npz,relational_max,end_to_end_unique_top1,,,,,,,,,True,artifact predates this comparison: kinds is absent
chow_liu_leaf6/seed22,22,6,diagnosis_mask6.npz,diagnosis_mahalanobis_impute_detect_mask6.npz,relational_max,auroc,,,,,,,,,True,artifact predates this comparison: kinds is absent
chow_liu_leaf6/seed22,22,6,diagnosis_mask6.npz,diagnosis_mahalanobis_impute_detect_mask6.npz,relational_max,loc_ap,,,,,,,,,True,artifact predates this comparison: kinds is absent
chow_liu_leaf6/seed22,22,6,diagnosis_mask6.npz,diagnosis_mahalanobis_impute_detect_mask6.npz,relational_max,end_to_end_unique_top1,,,,,,,,,True,artifact predates this comparison: kinds is absent
chow_liu_leaf6/seed22,22,6,diagnosis_mask6.npz,diagnosis_mahalanobis_refit_detect_mask6.npz,relational_max,auroc,,,,,,,,,True,artifact predates this comparison: kinds is absent
chow_liu_leaf6/seed22,22,6,diagnosis_mask6.npz,diagnosis_mahalanobis_refit_detect_mask6.npz,relational_max,loc_ap,,,,,,,,,True,artifact predates this comparison: kinds is absent
chow_liu_leaf6/seed22,22,6,diagnosis_mask6.npz,diagnosis_mahalanobis_refit_detect_mask6.npz,relational_max,end_to_end_unique_top1,,,,,,,,,True,artifact predates this comparison: kinds is absent
chow_liu_leaf6/seed22,22,7,logs/ts/ws/diagnosis_fd001_candidate/chow_liu_leaf6/seed22/artifacts/diagnosis_mask7.npz,logs/ts/ws/diagnosis_fd001_candidate/chow_liu_leaf6/seed22/artifacts/diagnosis_gaussian_fitted_mask7.npz,relational_max,auroc,exploratory paired engine-bootstrap difference; training-seed variability is a separate axis,0.0,0.0,0.0,1000,10,,,,
chow_liu_leaf6/seed22,22,7,diagnosis_mask7.npz,diagnosis_gaussian_fitted_mask7.npz,relational_max,loc_ap,,,,,,,,,True,no bootstrap replicate produced a defined statistic
chow_liu_leaf6/seed22,22,7,logs/ts/ws/diagnosis_fd001_candidate/chow_liu_leaf6/seed22/artifacts/diagnosis_mask7.npz,logs/ts/ws/diagnosis_fd001_candidate/chow_liu_leaf6/seed22/artifacts/diagnosis_gaussian_fitted_mask7.npz,relational_max,end_to_end_unique_top1,exploratory paired engine-bootstrap difference; training-seed variability is a separate axis,,0.0,0.0,1000,10,,0.0,,
chow_liu_leaf6/seed22,22,7,diagnosis_mask7.npz,diagnosis_gmm_impute_detect_mask7.npz,relational_max,auroc,,,,,,,,,True,artifact predates this comparison: kinds is absent
chow_liu_leaf6/seed22,22,7,diagnosis_mask7.npz,diagnosis_gmm_impute_detect_mask7.npz,relational_max,loc_ap,,,,,,,,,True,artifact predates this comparison: kinds is absent
chow_liu_leaf6/seed22,22,7,diagnosis_mask7.npz,diagnosis_gmm_impute_detect_mask7.npz,relational_max,end_to_end_unique_top1,,,,,,,,,True,artifact predates this comparison: kinds is absent
chow_liu_leaf6/seed22,22,7,diagnosis_mask7.npz,diagnosis_gmm_refit_detect_mask7.npz,relational_max,auroc,,,,,,,,,True,artifact predates this comparison: kinds is absent
chow_liu_leaf6/seed22,22,7,diagnosis_mask7.npz,diagnosis_gmm_refit_detect_mask7.npz,relational_max,loc_ap,,,,,,,,,True,artifact predates this comparison: kinds is absent
chow_liu_leaf6/seed22,22,7,diagnosis_mask7.npz,diagnosis_gmm_refit_detect_mask7.npz,relational_max,end_to_end_unique_top1,,,,,,,,,True,artifact predates this comparison: kinds is absent
chow_liu_leaf6/seed22,22,7,diagnosis_mask7.npz,diagnosis_knn_impute_detect_mask7.npz,relational_max,auroc,,,,,,,,,True,artifact predates this comparison: kinds is absent
chow_liu_leaf6/seed22,22,7,diagnosis_mask7.npz,diagnosis_knn_impute_detect_mask7.npz,relational_max,loc_ap,,,,,,,,,True,artifact predates this comparison: kinds is absent
chow_liu_leaf6/seed22,22,7,diagnosis_mask7.npz,diagnosis_knn_impute_detect_mask7.npz,relational_max,end_to_end_unique_top1,,,,,,,,,True,artifact predates this comparison: kinds is absent
chow_liu_leaf6/seed22,22,7,diagnosis_mask7.npz,diagnosis_knn_refit_detect_mask7.npz,relational_max,auroc,,,,,,,,,True,artifact predates this comparison: kinds is absent
chow_liu_leaf6/seed22,22,7,diagnosis_mask7.npz,diagnosis_knn_refit_detect_mask7.npz,relational_max,loc_ap,,,,,,,,,True,artifact predates this comparison: kinds is absent
chow_liu_leaf6/seed22,22,7,diagnosis_mask7.npz,diagnosis_knn_refit_detect_mask7.npz,relational_max,end_to_end_unique_top1,,,,,,,,,True,artifact predates this comparison: kinds is absent
chow_liu_leaf6/seed22,22,7,diagnosis_mask7.npz,diagnosis_mahalanobis_impute_detect_mask7.npz,relational_max,auroc,,,,,,,,,True,artifact predates this comparison: kinds is absent
chow_liu_leaf6/seed22,22,7,diagnosis_mask7.npz,diagnosis_mahalanobis_impute_detect_mask7.npz,relational_max,loc_ap,,,,,,,,,True,artifact predates this comparison: kinds is absent
chow_liu_leaf6/seed22,22,7,diagnosis_mask7.npz,diagnosis_mahalanobis_impute_detect_mask7.npz,relational_max,end_to_end_unique_top1,,,,,,,,,True,artifact predates this comparison: kinds is absent
chow_liu_leaf6/seed22,22,7,diagnosis_mask7.npz,diagnosis_mahalanobis_refit_detect_mask7.npz,relational_max,auroc,,,,,,,,,True,artifact predates this comparison: kinds is absent
chow_liu_leaf6/seed22,22,7,diagnosis_mask7.npz,diagnosis_mahalanobis_refit_detect_mask7.npz,relational_max,loc_ap,,,,,,,,,True,artifact predates this comparison: kinds is absent
chow_liu_leaf6/seed22,22,7,diagnosis_mask7.npz,diagnosis_mahalanobis_refit_detect_mask7.npz,relational_max,end_to_end_unique_top1,,,,,,,,,True,artifact predates this comparison: kinds is absent
chow_liu_leaf6/seed23,23,0,logs/ts/ws/diagnosis_fd001_candidate/chow_liu_leaf6/seed23/artifacts/diagnosis_mask0.npz,logs/ts/ws/diagnosis_fd001_candidate/chow_liu_leaf6/seed23/artifacts/diagnosis_gaussian_fitted_mask0.npz,relational_max,auroc,exploratory paired engine-bootstrap difference; training-seed variability is a separate axis,-0.055183218359401764,-0.0809206974658428,-0.026808548544191704,1000,10,,,,
chow_liu_leaf6/seed23,23,0,logs/ts/ws/diagnosis_fd001_candidate/chow_liu_leaf6/seed23/artifacts/diagnosis_mask0.npz,logs/ts/ws/diagnosis_fd001_candidate/chow_liu_leaf6/seed23/artifacts/diagnosis_gaussian_fitted_mask0.npz,relational_max,loc_ap,exploratory paired engine-bootstrap difference; training-seed variability is a separate axis,,-0.16198430400987207,-0.10261546828392046,1000,10,-0.13241858902499404,,,
chow_liu_leaf6/seed23,23,0,logs/ts/ws/diagnosis_fd001_candidate/chow_liu_leaf6/seed23/artifacts/diagnosis_mask0.npz,logs/ts/ws/diagnosis_fd001_candidate/chow_liu_leaf6/seed23/artifacts/diagnosis_gaussian_fitted_mask0.npz,relational_max,end_to_end_unique_top1,exploratory paired engine-bootstrap difference; training-seed variability is a separate axis,,-0.24616302186878733,-0.12825927762529696,1000,10,,-0.1900826446280992,,
chow_liu_leaf6/seed23,23,0,diagnosis_mask0.npz,diagnosis_gmm_impute_detect_mask0.npz,relational_max,auroc,,,,,,,,,True,artifact predates this comparison: kinds is absent
chow_liu_leaf6/seed23,23,0,diagnosis_mask0.npz,diagnosis_gmm_impute_detect_mask0.npz,relational_max,loc_ap,,,,,,,,,True,artifact predates this comparison: kinds is absent
chow_liu_leaf6/seed23,23,0,diagnosis_mask0.npz,diagnosis_gmm_impute_detect_mask0.npz,relational_max,end_to_end_unique_top1,,,,,,,,,True,artifact predates this comparison: kinds is absent
chow_liu_leaf6/seed23,23,0,diagnosis_mask0.npz,diagnosis_gmm_refit_detect_mask0.npz,relational_max,auroc,,,,,,,,,True,artifact predates this comparison: kinds is absent
chow_liu_leaf6/seed23,23,0,diagnosis_mask0.npz,diagnosis_gmm_refit_detect_mask0.npz,relational_max,loc_ap,,,,,,,,,True,artifact predates this comparison: kinds is absent
chow_liu_leaf6/seed23,23,0,diagnosis_mask0.npz,diagnosis_gmm_refit_detect_mask0.npz,relational_max,end_to_end_unique_top1,,,,,,,,,True,artifact predates this comparison: kinds is absent
chow_liu_leaf6/seed23,23,0,diagnosis_mask0.npz,diagnosis_knn_impute_detect_mask0.npz,relational_max,auroc,,,,,,,,,True,artifact predates this comparison: kinds is absent
chow_liu_leaf6/seed23,23,0,diagnosis_mask0.npz,diagnosis_knn_impute_detect_mask0.npz,relational_max,loc_ap,,,,,,,,,True,artifact predates this comparison: kinds is absent
chow_liu_leaf6/seed23,23,0,diagnosis_mask0.npz,diagnosis_knn_impute_detect_mask0.npz,relational_max,end_to_end_unique_top1,,,,,,,,,True,artifact predates this comparison: kinds is absent
chow_liu_leaf6/seed23,23,0,diagnosis_mask0.npz,diagnosis_knn_refit_detect_mask0.npz,relational_max,auroc,,,,,,,,,True,artifact predates this comparison: kinds is absent
chow_liu_leaf6/seed23,23,0,diagnosis_mask0.npz,diagnosis_knn_refit_detect_mask0.npz,relational_max,loc_ap,,,,,,,,,True,artifact predates this comparison: kinds is absent
chow_liu_leaf6/seed23,23,0,diagnosis_mask0.npz,diagnosis_knn_refit_detect_mask0.npz,relational_max,end_to_end_unique_top1,,,,,,,,,True,artifact predates this comparison: kinds is absent
chow_liu_leaf6/seed23,23,0,diagnosis_mask0.npz,diagnosis_mahalanobis_impute_detect_mask0.npz,relational_max,auroc,,,,,,,,,True,artifact predates this comparison: kinds is absent
chow_liu_leaf6/seed23,23,0,diagnosis_mask0.npz,diagnosis_mahalanobis_impute_detect_mask0.npz,relational_max,loc_ap,,,,,,,,,True,artifact predates this comparison: kinds is absent
chow_liu_leaf6/seed23,23,0,diagnosis_mask0.npz,diagnosis_mahalanobis_impute_detect_mask0.npz,relational_max,end_to_end_unique_top1,,,,,,,,,True,artifact predates this comparison: kinds is absent
chow_liu_leaf6/seed23,23,0,diagnosis_mask0.npz,diagnosis_mahalanobis_refit_detect_mask0.npz,relational_max,auroc,,,,,,,,,True,artifact predates this comparison: kinds is absent
chow_liu_leaf6/seed23,23,0,diagnosis_mask0.npz,diagnosis_mahalanobis_refit_detect_mask0.npz,relational_max,loc_ap,,,,,,,,,True,artifact predates this comparison: kinds is absent
chow_liu_leaf6/seed23,23,0,diagnosis_mask0.npz,diagnosis_mahalanobis_refit_detect_mask0.npz,relational_max,end_to_end_unique_top1,,,,,,,,,True,artifact predates this comparison: kinds is absent
chow_liu_leaf6/seed23,23,1,logs/ts/ws/diagnosis_fd001_candidate/chow_liu_leaf6/seed23/artifacts/diagnosis_mask1.npz,logs/ts/ws/diagnosis_fd001_candidate/chow_liu_leaf6/seed23/artifacts/diagnosis_gaussian_fitted_mask1.npz,relational_max,auroc,exploratory paired engine-bootstrap difference; training-seed variability is a separate axis,-0.05442336589030805,-0.08096198379638664,-0.024741980289960653,1000,10,,,,
chow_liu_leaf6/seed23,23,1,logs/ts/ws/diagnosis_fd001_candidate/chow_liu_leaf6/seed23/artifacts/diagnosis_mask1.npz,logs/ts/ws/diagnosis_fd001_candidate/chow_liu_leaf6/seed23/artifacts/diagnosis_gaussian_fitted_mask1.npz,relational_max,loc_ap,exploratory paired engine-bootstrap difference; training-seed variability is a separate axis,,-0.1606112408513809,-0.10204205051683048,1000,10,-0.1300675363861017,,,
chow_liu_leaf6/seed23,23,1,logs/ts/ws/diagnosis_fd001_candidate/chow_liu_leaf6/seed23/artifacts/diagnosis_mask1.npz,logs/ts/ws/diagnosis_fd001_candidate/chow_liu_leaf6/seed23/artifacts/diagnosis_gaussian_fitted_mask1.npz,relational_max,end_to_end_unique_top1,exploratory paired engine-bootstrap difference; training-seed variability is a separate axis,,-0.2575604189044039,-0.1514463304909538,1000,10,,-0.20247933884297514,,
chow_liu_leaf6/seed23,23,1,diagnosis_mask1.npz,diagnosis_gmm_impute_detect_mask1.npz,relational_max,auroc,,,,,,,,,True,artifact predates this comparison: kinds is absent
chow_liu_leaf6/seed23,23,1,diagnosis_mask1.npz,diagnosis_gmm_impute_detect_mask1.npz,relational_max,loc_ap,,,,,,,,,True,artifact predates this comparison: kinds is absent
chow_liu_leaf6/seed23,23,1,diagnosis_mask1.npz,diagnosis_gmm_impute_detect_mask1.npz,relational_max,end_to_end_unique_top1,,,,,,,,,True,artifact predates this comparison: kinds is absent
chow_liu_leaf6/seed23,23,1,diagnosis_mask1.npz,diagnosis_gmm_refit_detect_mask1.npz,relational_max,auroc,,,,,,,,,True,artifact predates this comparison: kinds is absent
chow_liu_leaf6/seed23,23,1,diagnosis_mask1.npz,diagnosis_gmm_refit_detect_mask1.npz,relational_max,loc_ap,,,,,,,,,True,artifact predates this comparison: kinds is absent
chow_liu_leaf6/seed23,23,1,diagnosis_mask1.npz,diagnosis_gmm_refit_detect_mask1.npz,relational_max,end_to_end_unique_top1,,,,,,,,,True,artifact predates this comparison: kinds is absent
chow_liu_leaf6/seed23,23,1,diagnosis_mask1.npz,diagnosis_knn_impute_detect_mask1.npz,relational_max,auroc,,,,,,,,,True,artifact predates this comparison: kinds is absent
chow_liu_leaf6/seed23,23,1,diagnosis_mask1.npz,diagnosis_knn_impute_detect_mask1.npz,relational_max,loc_ap,,,,,,,,,True,artifact predates this comparison: kinds is absent
chow_liu_leaf6/seed23,23,1,diagnosis_mask1.npz,diagnosis_knn_impute_detect_mask1.npz,relational_max,end_to_end_unique_top1,,,,,,,,,True,artifact predates this comparison: kinds is absent
chow_liu_leaf6/seed23,23,1,diagnosis_mask1.npz,diagnosis_knn_refit_detect_mask1.npz,relational_max,auroc,,,,,,,,,True,artifact predates this comparison: kinds is absent
chow_liu_leaf6/seed23,23,1,diagnosis_mask1.npz,diagnosis_knn_refit_detect_mask1.npz,relational_max,loc_ap,,,,,,,,,True,artifact predates this comparison: kinds is absent
chow_liu_leaf6/seed23,23,1,diagnosis_mask1.npz,diagnosis_knn_refit_detect_mask1.npz,relational_max,end_to_end_unique_top1,,,,,,,,,True,artifact predates this comparison: kinds is absent
chow_liu_leaf6/seed23,23,1,diagnosis_mask1.npz,diagnosis_mahalanobis_impute_detect_mask1.npz,relational_max,auroc,,,,,,,,,True,artifact predates this comparison: kinds is absent
chow_liu_leaf6/seed23,23,1,diagnosis_mask1.npz,diagnosis_mahalanobis_impute_detect_mask1.npz,relational_max,loc_ap,,,,,,,,,True,artifact predates this comparison: kinds is absent
chow_liu_leaf6/seed23,23,1,diagnosis_mask1.npz,diagnosis_mahalanobis_impute_detect_mask1.npz,relational_max,end_to_end_unique_top1,,,,,,,,,True,artifact predates this comparison: kinds is absent
chow_liu_leaf6/seed23,23,1,diagnosis_mask1.npz,diagnosis_mahalanobis_refit_detect_mask1.npz,relational_max,auroc,,,,,,,,,True,artifact predates this comparison: kinds is absent
chow_liu_leaf6/seed23,23,1,diagnosis_mask1.npz,diagnosis_mahalanobis_refit_detect_mask1.npz,relational_max,loc_ap,,,,,,,,,True,artifact predates this comparison: kinds is absent
chow_liu_leaf6/seed23,23,1,diagnosis_mask1.npz,diagnosis_mahalanobis_refit_detect_mask1.npz,relational_max,end_to_end_unique_top1,,,,,,,,,True,artifact predates this comparison: kinds is absent
chow_liu_leaf6/seed23,23,2,logs/ts/ws/diagnosis_fd001_candidate/chow_liu_leaf6/seed23/artifacts/diagnosis_mask2.npz,logs/ts/ws/diagnosis_fd001_candidate/chow_liu_leaf6/seed23/artifacts/diagnosis_gaussian_fitted_mask2.npz,relational_max,auroc,exploratory paired engine-bootstrap difference; training-seed variability is a separate axis,-0.05888643193770915,-0.08015502460700945,-0.033650578203914074,1000,10,,,,
chow_liu_leaf6/seed23,23,2,logs/ts/ws/diagnosis_fd001_candidate/chow_liu_leaf6/seed23/artifacts/diagnosis_mask2.npz,logs/ts/ws/diagnosis_fd001_candidate/chow_liu_leaf6/seed23/artifacts/diagnosis_gaussian_fitted_mask2.npz,relational_max,loc_ap,exploratory paired engine-bootstrap difference; training-seed variability is a separate axis,,-0.14368171087164056,-0.0889947904198067,1000,10,-0.11589651408262525,,,
chow_liu_leaf6/seed23,23,2,logs/ts/ws/diagnosis_fd001_candidate/chow_liu_leaf6/seed23/artifacts/diagnosis_mask2.npz,logs/ts/ws/diagnosis_fd001_candidate/chow_liu_leaf6/seed23/artifacts/diagnosis_gaussian_fitted_mask2.npz,relational_max,end_to_end_unique_top1,exploratory paired engine-bootstrap difference; training-seed variability is a separate axis,,-0.2445370168200814,-0.14783878882439488,1000,10,,-0.1962809917355372,,
chow_liu_leaf6/seed23,23,2,diagnosis_mask2.npz,diagnosis_gmm_impute_detect_mask2.npz,relational_max,auroc,,,,,,,,,True,artifact predates this comparison: kinds is absent
chow_liu_leaf6/seed23,23,2,diagnosis_mask2.npz,diagnosis_gmm_impute_detect_mask2.npz,relational_max,loc_ap,,,,,,,,,True,artifact predates this comparison: kinds is absent
chow_liu_leaf6/seed23,23,2,diagnosis_mask2.npz,diagnosis_gmm_impute_detect_mask2.npz,relational_max,end_to_end_unique_top1,,,,,,,,,True,artifact predates this comparison: kinds is absent
chow_liu_leaf6/seed23,23,2,diagnosis_mask2.npz,diagnosis_gmm_refit_detect_mask2.npz,relational_max,auroc,,,,,,,,,True,artifact predates this comparison: kinds is absent
chow_liu_leaf6/seed23,23,2,diagnosis_mask2.npz,diagnosis_gmm_refit_detect_mask2.npz,relational_max,loc_ap,,,,,,,,,True,artifact predates this comparison: kinds is absent
chow_liu_leaf6/seed23,23,2,diagnosis_mask2.npz,diagnosis_gmm_refit_detect_mask2.npz,relational_max,end_to_end_unique_top1,,,,,,,,,True,artifact predates this comparison: kinds is absent
chow_liu_leaf6/seed23,23,2,diagnosis_mask2.npz,diagnosis_knn_impute_detect_mask2.npz,relational_max,auroc,,,,,,,,,True,artifact predates this comparison: kinds is absent
chow_liu_leaf6/seed23,23,2,diagnosis_mask2.npz,diagnosis_knn_impute_detect_mask2.npz,relational_max,loc_ap,,,,,,,,,True,artifact predates this comparison: kinds is absent
chow_liu_leaf6/seed23,23,2,diagnosis_mask2.npz,diagnosis_knn_impute_detect_mask2.npz,relational_max,end_to_end_unique_top1,,,,,,,,,True,artifact predates this comparison: kinds is absent
chow_liu_leaf6/seed23,23,2,diagnosis_mask2.npz,diagnosis_knn_refit_detect_mask2.npz,relational_max,auroc,,,,,,,,,True,artifact predates this comparison: kinds is absent
chow_liu_leaf6/seed23,23,2,diagnosis_mask2.npz,diagnosis_knn_refit_detect_mask2.npz,relational_max,loc_ap,,,,,,,,,True,artifact predates this comparison: kinds is absent
chow_liu_leaf6/seed23,23,2,diagnosis_mask2.npz,diagnosis_knn_refit_detect_mask2.npz,relational_max,end_to_end_unique_top1,,,,,,,,,True,artifact predates this comparison: kinds is absent
chow_liu_leaf6/seed23,23,2,diagnosis_mask2.npz,diagnosis_mahalanobis_impute_detect_mask2.npz,relational_max,auroc,,,,,,,,,True,artifact predates this comparison: kinds is absent
chow_liu_leaf6/seed23,23,2,diagnosis_mask2.npz,diagnosis_mahalanobis_impute_detect_mask2.npz,relational_max,loc_ap,,,,,,,,,True,artifact predates this comparison: kinds is absent
chow_liu_leaf6/seed23,23,2,diagnosis_mask2.npz,diagnosis_mahalanobis_impute_detect_mask2.npz,relational_max,end_to_end_unique_top1,,,,,,,,,True,artifact predates this comparison: kinds is absent
chow_liu_leaf6/seed23,23,2,diagnosis_mask2.npz,diagnosis_mahalanobis_refit_detect_mask2.npz,relational_max,auroc,,,,,,,,,True,artifact predates this comparison: kinds is absent
chow_liu_leaf6/seed23,23,2,diagnosis_mask2.npz,diagnosis_mahalanobis_refit_detect_mask2.npz,relational_max,loc_ap,,,,,,,,,True,artifact predates this comparison: kinds is absent
chow_liu_leaf6/seed23,23,2,diagnosis_mask2.npz,diagnosis_mahalanobis_refit_detect_mask2.npz,relational_max,end_to_end_unique_top1,,,,,,,,,True,artifact predates this comparison: kinds is absent
chow_liu_leaf6/seed23,23,3,logs/ts/ws/diagnosis_fd001_candidate/chow_liu_leaf6/seed23/artifacts/diagnosis_mask3.npz,logs/ts/ws/diagnosis_fd001_candidate/chow_liu_leaf6/seed23/artifacts/diagnosis_gaussian_fitted_mask3.npz,relational_max,auroc,exploratory paired engine-bootstrap difference; training-seed variability is a separate axis,-0.09323773990847617,-0.11450245101772018,-0.06589998317521109,1000,10,,,,
chow_liu_leaf6/seed23,23,3,logs/ts/ws/diagnosis_fd001_candidate/chow_liu_leaf6/seed23/artifacts/diagnosis_mask3.npz,logs/ts/ws/diagnosis_fd001_candidate/chow_liu_leaf6/seed23/artifacts/diagnosis_gaussian_fitted_mask3.npz,relational_max,loc_ap,exploratory paired engine-bootstrap difference; training-seed variability is a separate axis,,-0.16768746281886063,-0.08405136848824665,1000,10,-0.12965679965679966,,,
chow_liu_leaf6/seed23,23,3,logs/ts/ws/diagnosis_fd001_candidate/chow_liu_leaf6/seed23/artifacts/diagnosis_mask3.npz,logs/ts/ws/diagnosis_fd001_candidate/chow_liu_leaf6/seed23/artifacts/diagnosis_gaussian_fitted_mask3.npz,relational_max,end_to_end_unique_top1,exploratory paired engine-bootstrap difference; training-seed variability is a separate axis,,-0.22466078528827038,-0.13664416551644817,1000,10,,-0.18181818181818188,,
chow_liu_leaf6/seed23,23,3,diagnosis_mask3.npz,diagnosis_gmm_impute_detect_mask3.npz,relational_max,auroc,,,,,,,,,True,artifact predates this comparison: kinds is absent
chow_liu_leaf6/seed23,23,3,diagnosis_mask3.npz,diagnosis_gmm_impute_detect_mask3.npz,relational_max,loc_ap,,,,,,,,,True,artifact predates this comparison: kinds is absent
chow_liu_leaf6/seed23,23,3,diagnosis_mask3.npz,diagnosis_gmm_impute_detect_mask3.npz,relational_max,end_to_end_unique_top1,,,,,,,,,True,artifact predates this comparison: kinds is absent
chow_liu_leaf6/seed23,23,3,diagnosis_mask3.npz,diagnosis_gmm_refit_detect_mask3.npz,relational_max,auroc,,,,,,,,,True,artifact predates this comparison: kinds is absent
chow_liu_leaf6/seed23,23,3,diagnosis_mask3.npz,diagnosis_gmm_refit_detect_mask3.npz,relational_max,loc_ap,,,,,,,,,True,artifact predates this comparison: kinds is absent
chow_liu_leaf6/seed23,23,3,diagnosis_mask3.npz,diagnosis_gmm_refit_detect_mask3.npz,relational_max,end_to_end_unique_top1,,,,,,,,,True,artifact predates this comparison: kinds is absent
chow_liu_leaf6/seed23,23,3,diagnosis_mask3.npz,diagnosis_knn_impute_detect_mask3.npz,relational_max,auroc,,,,,,,,,True,artifact predates this comparison: kinds is absent
chow_liu_leaf6/seed23,23,3,diagnosis_mask3.npz,diagnosis_knn_impute_detect_mask3.npz,relational_max,loc_ap,,,,,,,,,True,artifact predates this comparison: kinds is absent
chow_liu_leaf6/seed23,23,3,diagnosis_mask3.npz,diagnosis_knn_impute_detect_mask3.npz,relational_max,end_to_end_unique_top1,,,,,,,,,True,artifact predates this comparison: kinds is absent
chow_liu_leaf6/seed23,23,3,diagnosis_mask3.npz,diagnosis_knn_refit_detect_mask3.npz,relational_max,auroc,,,,,,,,,True,artifact predates this comparison: kinds is absent
chow_liu_leaf6/seed23,23,3,diagnosis_mask3.npz,diagnosis_knn_refit_detect_mask3.npz,relational_max,loc_ap,,,,,,,,,True,artifact predates this comparison: kinds is absent
chow_liu_leaf6/seed23,23,3,diagnosis_mask3.npz,diagnosis_knn_refit_detect_mask3.npz,relational_max,end_to_end_unique_top1,,,,,,,,,True,artifact predates this comparison: kinds is absent
chow_liu_leaf6/seed23,23,3,diagnosis_mask3.npz,diagnosis_mahalanobis_impute_detect_mask3.npz,relational_max,auroc,,,,,,,,,True,artifact predates this comparison: kinds is absent
chow_liu_leaf6/seed23,23,3,diagnosis_mask3.npz,diagnosis_mahalanobis_impute_detect_mask3.npz,relational_max,loc_ap,,,,,,,,,True,artifact predates this comparison: kinds is absent
chow_liu_leaf6/seed23,23,3,diagnosis_mask3.npz,diagnosis_mahalanobis_impute_detect_mask3.npz,relational_max,end_to_end_unique_top1,,,,,,,,,True,artifact predates this comparison: kinds is absent
chow_liu_leaf6/seed23,23,3,diagnosis_mask3.npz,diagnosis_mahalanobis_refit_detect_mask3.npz,relational_max,auroc,,,,,,,,,True,artifact predates this comparison: kinds is absent
chow_liu_leaf6/seed23,23,3,diagnosis_mask3.npz,diagnosis_mahalanobis_refit_detect_mask3.npz,relational_max,loc_ap,,,,,,,,,True,artifact predates this comparison: kinds is absent
chow_liu_leaf6/seed23,23,3,diagnosis_mask3.npz,diagnosis_mahalanobis_refit_detect_mask3.npz,relational_max,end_to_end_unique_top1,,,,,,,,,True,artifact predates this comparison: kinds is absent
chow_liu_leaf6/seed23,23,4,logs/ts/ws/diagnosis_fd001_candidate/chow_liu_leaf6/seed23/artifacts/diagnosis_mask4.npz,logs/ts/ws/diagnosis_fd001_candidate/chow_liu_leaf6/seed23/artifacts/diagnosis_gaussian_fitted_mask4.npz,relational_max,auroc,exploratory paired engine-bootstrap difference; training-seed variability is a separate axis,-0.06524272590670044,-0.08684395458108966,-0.042870006180300395,1000,10,,,,
chow_liu_leaf6/seed23,23,4,logs/ts/ws/diagnosis_fd001_candidate/chow_liu_leaf6/seed23/artifacts/diagnosis_mask4.npz,logs/ts/ws/diagnosis_fd001_candidate/chow_liu_leaf6/seed23/artifacts/diagnosis_gaussian_fitted_mask4.npz,relational_max,loc_ap,exploratory paired engine-bootstrap difference; training-seed variability is a separate axis,,-0.17646313223033525,-0.1241738434219036,1000,10,-0.15044789227166278,,,
chow_liu_leaf6/seed23,23,4,logs/ts/ws/diagnosis_fd001_candidate/chow_liu_leaf6/seed23/artifacts/diagnosis_mask4.npz,logs/ts/ws/diagnosis_fd001_candidate/chow_liu_leaf6/seed23/artifacts/diagnosis_gaussian_fitted_mask4.npz,relational_max,end_to_end_unique_top1,exploratory paired engine-bootstrap difference; training-seed variability is a separate axis,,-0.24855676258308593,-0.15034904534606208,1000,10,,-0.1962809917355372,,
chow_liu_leaf6/seed23,23,4,diagnosis_mask4.npz,diagnosis_gmm_impute_detect_mask4.npz,relational_max,auroc,,,,,,,,,True,artifact predates this comparison: kinds is absent
chow_liu_leaf6/seed23,23,4,diagnosis_mask4.npz,diagnosis_gmm_impute_detect_mask4.npz,relational_max,loc_ap,,,,,,,,,True,artifact predates this comparison: kinds is absent
chow_liu_leaf6/seed23,23,4,diagnosis_mask4.npz,diagnosis_gmm_impute_detect_mask4.npz,relational_max,end_to_end_unique_top1,,,,,,,,,True,artifact predates this comparison: kinds is absent
chow_liu_leaf6/seed23,23,4,diagnosis_mask4.npz,diagnosis_gmm_refit_detect_mask4.npz,relational_max,auroc,,,,,,,,,True,artifact predates this comparison: kinds is absent
chow_liu_leaf6/seed23,23,4,diagnosis_mask4.npz,diagnosis_gmm_refit_detect_mask4.npz,relational_max,loc_ap,,,,,,,,,True,artifact predates this comparison: kinds is absent
chow_liu_leaf6/seed23,23,4,diagnosis_mask4.npz,diagnosis_gmm_refit_detect_mask4.npz,relational_max,end_to_end_unique_top1,,,,,,,,,True,artifact predates this comparison: kinds is absent
chow_liu_leaf6/seed23,23,4,diagnosis_mask4.npz,diagnosis_knn_impute_detect_mask4.npz,relational_max,auroc,,,,,,,,,True,artifact predates this comparison: kinds is absent
chow_liu_leaf6/seed23,23,4,diagnosis_mask4.npz,diagnosis_knn_impute_detect_mask4.npz,relational_max,loc_ap,,,,,,,,,True,artifact predates this comparison: kinds is absent
chow_liu_leaf6/seed23,23,4,diagnosis_mask4.npz,diagnosis_knn_impute_detect_mask4.npz,relational_max,end_to_end_unique_top1,,,,,,,,,True,artifact predates this comparison: kinds is absent
chow_liu_leaf6/seed23,23,4,diagnosis_mask4.npz,diagnosis_knn_refit_detect_mask4.npz,relational_max,auroc,,,,,,,,,True,artifact predates this comparison: kinds is absent
chow_liu_leaf6/seed23,23,4,diagnosis_mask4.npz,diagnosis_knn_refit_detect_mask4.npz,relational_max,loc_ap,,,,,,,,,True,artifact predates this comparison: kinds is absent
chow_liu_leaf6/seed23,23,4,diagnosis_mask4.npz,diagnosis_knn_refit_detect_mask4.npz,relational_max,end_to_end_unique_top1,,,,,,,,,True,artifact predates this comparison: kinds is absent
chow_liu_leaf6/seed23,23,4,diagnosis_mask4.npz,diagnosis_mahalanobis_impute_detect_mask4.npz,relational_max,auroc,,,,,,,,,True,artifact predates this comparison: kinds is absent
chow_liu_leaf6/seed23,23,4,diagnosis_mask4.npz,diagnosis_mahalanobis_impute_detect_mask4.npz,relational_max,loc_ap,,,,,,,,,True,artifact predates this comparison: kinds is absent
chow_liu_leaf6/seed23,23,4,diagnosis_mask4.npz,diagnosis_mahalanobis_impute_detect_mask4.npz,relational_max,end_to_end_unique_top1,,,,,,,,,True,artifact predates this comparison: kinds is absent
chow_liu_leaf6/seed23,23,4,diagnosis_mask4.npz,diagnosis_mahalanobis_refit_detect_mask4.npz,relational_max,auroc,,,,,,,,,True,artifact predates this comparison: kinds is absent
chow_liu_leaf6/seed23,23,4,diagnosis_mask4.npz,diagnosis_mahalanobis_refit_detect_mask4.npz,relational_max,loc_ap,,,,,,,,,True,artifact predates this comparison: kinds is absent
chow_liu_leaf6/seed23,23,4,diagnosis_mask4.npz,diagnosis_mahalanobis_refit_detect_mask4.npz,relational_max,end_to_end_unique_top1,,,,,,,,,True,artifact predates this comparison: kinds is absent
chow_liu_leaf6/seed23,23,5,logs/ts/ws/diagnosis_fd001_candidate/chow_liu_leaf6/seed23/artifacts/diagnosis_mask5.npz,logs/ts/ws/diagnosis_fd001_candidate/chow_liu_leaf6/seed23/artifacts/diagnosis_gaussian_fitted_mask5.npz,relational_max,auroc,exploratory paired engine-bootstrap difference; training-seed variability is a separate axis,-0.07286046035106897,-0.09580088225945788,-0.04614898175038054,1000,10,,,,
chow_liu_leaf6/seed23,23,5,logs/ts/ws/diagnosis_fd001_candidate/chow_liu_leaf6/seed23/artifacts/diagnosis_mask5.npz,logs/ts/ws/diagnosis_fd001_candidate/chow_liu_leaf6/seed23/artifacts/diagnosis_gaussian_fitted_mask5.npz,relational_max,loc_ap,exploratory paired engine-bootstrap difference; training-seed variability is a separate axis,,-0.17551066021346592,-0.12369402535260618,1000,10,-0.15069671910581006,,,
chow_liu_leaf6/seed23,23,5,logs/ts/ws/diagnosis_fd001_candidate/chow_liu_leaf6/seed23/artifacts/diagnosis_mask5.npz,logs/ts/ws/diagnosis_fd001_candidate/chow_liu_leaf6/seed23/artifacts/diagnosis_gaussian_fitted_mask5.npz,relational_max,end_to_end_unique_top1,exploratory paired engine-bootstrap difference; training-seed variability is a separate axis,,-0.25719779547088145,-0.14633884080776294,1000,10,,-0.20454545454545453,,
chow_liu_leaf6/seed23,23,5,diagnosis_mask5.npz,diagnosis_gmm_impute_detect_mask5.npz,relational_max,auroc,,,,,,,,,True,artifact predates this comparison: kinds is absent
chow_liu_leaf6/seed23,23,5,diagnosis_mask5.npz,diagnosis_gmm_impute_detect_mask5.npz,relational_max,loc_ap,,,,,,,,,True,artifact predates this comparison: kinds is absent
chow_liu_leaf6/seed23,23,5,diagnosis_mask5.npz,diagnosis_gmm_impute_detect_mask5.npz,relational_max,end_to_end_unique_top1,,,,,,,,,True,artifact predates this comparison: kinds is absent
chow_liu_leaf6/seed23,23,5,diagnosis_mask5.npz,diagnosis_gmm_refit_detect_mask5.npz,relational_max,auroc,,,,,,,,,True,artifact predates this comparison: kinds is absent
chow_liu_leaf6/seed23,23,5,diagnosis_mask5.npz,diagnosis_gmm_refit_detect_mask5.npz,relational_max,loc_ap,,,,,,,,,True,artifact predates this comparison: kinds is absent
chow_liu_leaf6/seed23,23,5,diagnosis_mask5.npz,diagnosis_gmm_refit_detect_mask5.npz,relational_max,end_to_end_unique_top1,,,,,,,,,True,artifact predates this comparison: kinds is absent
chow_liu_leaf6/seed23,23,5,diagnosis_mask5.npz,diagnosis_knn_impute_detect_mask5.npz,relational_max,auroc,,,,,,,,,True,artifact predates this comparison: kinds is absent
chow_liu_leaf6/seed23,23,5,diagnosis_mask5.npz,diagnosis_knn_impute_detect_mask5.npz,relational_max,loc_ap,,,,,,,,,True,artifact predates this comparison: kinds is absent
chow_liu_leaf6/seed23,23,5,diagnosis_mask5.npz,diagnosis_knn_impute_detect_mask5.npz,relational_max,end_to_end_unique_top1,,,,,,,,,True,artifact predates this comparison: kinds is absent
chow_liu_leaf6/seed23,23,5,diagnosis_mask5.npz,diagnosis_knn_refit_detect_mask5.npz,relational_max,auroc,,,,,,,,,True,artifact predates this comparison: kinds is absent
chow_liu_leaf6/seed23,23,5,diagnosis_mask5.npz,diagnosis_knn_refit_detect_mask5.npz,relational_max,loc_ap,,,,,,,,,True,artifact predates this comparison: kinds is absent
chow_liu_leaf6/seed23,23,5,diagnosis_mask5.npz,diagnosis_knn_refit_detect_mask5.npz,relational_max,end_to_end_unique_top1,,,,,,,,,True,artifact predates this comparison: kinds is absent
chow_liu_leaf6/seed23,23,5,diagnosis_mask5.npz,diagnosis_mahalanobis_impute_detect_mask5.npz,relational_max,auroc,,,,,,,,,True,artifact predates this comparison: kinds is absent
chow_liu_leaf6/seed23,23,5,diagnosis_mask5.npz,diagnosis_mahalanobis_impute_detect_mask5.npz,relational_max,loc_ap,,,,,,,,,True,artifact predates this comparison: kinds is absent
chow_liu_leaf6/seed23,23,5,diagnosis_mask5.npz,diagnosis_mahalanobis_impute_detect_mask5.npz,relational_max,end_to_end_unique_top1,,,,,,,,,True,artifact predates this comparison: kinds is absent
chow_liu_leaf6/seed23,23,5,diagnosis_mask5.npz,diagnosis_mahalanobis_refit_detect_mask5.npz,relational_max,auroc,,,,,,,,,True,artifact predates this comparison: kinds is absent
chow_liu_leaf6/seed23,23,5,diagnosis_mask5.npz,diagnosis_mahalanobis_refit_detect_mask5.npz,relational_max,loc_ap,,,,,,,,,True,artifact predates this comparison: kinds is absent
chow_liu_leaf6/seed23,23,5,diagnosis_mask5.npz,diagnosis_mahalanobis_refit_detect_mask5.npz,relational_max,end_to_end_unique_top1,,,,,,,,,True,artifact predates this comparison: kinds is absent
chow_liu_leaf6/seed23,23,6,logs/ts/ws/diagnosis_fd001_candidate/chow_liu_leaf6/seed23/artifacts/diagnosis_mask6.npz,logs/ts/ws/diagnosis_fd001_candidate/chow_liu_leaf6/seed23/artifacts/diagnosis_gaussian_fitted_mask6.npz,relational_max,auroc,exploratory paired engine-bootstrap difference; training-seed variability is a separate axis,-0.04072254285909438,-0.06412024647683576,-0.00841382813388273,1000,10,,,,
chow_liu_leaf6/seed23,23,6,logs/ts/ws/diagnosis_fd001_candidate/chow_liu_leaf6/seed23/artifacts/diagnosis_mask6.npz,logs/ts/ws/diagnosis_fd001_candidate/chow_liu_leaf6/seed23/artifacts/diagnosis_gaussian_fitted_mask6.npz,relational_max,loc_ap,exploratory paired engine-bootstrap difference; training-seed variability is a separate axis,,-0.14236219117043045,-0.06391817108905888,1000,10,-0.10408895920110361,,,
chow_liu_leaf6/seed23,23,6,logs/ts/ws/diagnosis_fd001_candidate/chow_liu_leaf6/seed23/artifacts/diagnosis_mask6.npz,logs/ts/ws/diagnosis_fd001_candidate/chow_liu_leaf6/seed23/artifacts/diagnosis_gaussian_fitted_mask6.npz,relational_max,end_to_end_unique_top1,exploratory paired engine-bootstrap difference; training-seed variability is a separate axis,,-0.14569297258895272,-0.0712822016798837,1000,10,,-0.10950413223140493,,
chow_liu_leaf6/seed23,23,6,diagnosis_mask6.npz,diagnosis_gmm_impute_detect_mask6.npz,relational_max,auroc,,,,,,,,,True,artifact predates this comparison: kinds is absent
chow_liu_leaf6/seed23,23,6,diagnosis_mask6.npz,diagnosis_gmm_impute_detect_mask6.npz,relational_max,loc_ap,,,,,,,,,True,artifact predates this comparison: kinds is absent
chow_liu_leaf6/seed23,23,6,diagnosis_mask6.npz,diagnosis_gmm_impute_detect_mask6.npz,relational_max,end_to_end_unique_top1,,,,,,,,,True,artifact predates this comparison: kinds is absent
chow_liu_leaf6/seed23,23,6,diagnosis_mask6.npz,diagnosis_gmm_refit_detect_mask6.npz,relational_max,auroc,,,,,,,,,True,artifact predates this comparison: kinds is absent
chow_liu_leaf6/seed23,23,6,diagnosis_mask6.npz,diagnosis_gmm_refit_detect_mask6.npz,relational_max,loc_ap,,,,,,,,,True,artifact predates this comparison: kinds is absent
chow_liu_leaf6/seed23,23,6,diagnosis_mask6.npz,diagnosis_gmm_refit_detect_mask6.npz,relational_max,end_to_end_unique_top1,,,,,,,,,True,artifact predates this comparison: kinds is absent
chow_liu_leaf6/seed23,23,6,diagnosis_mask6.npz,diagnosis_knn_impute_detect_mask6.npz,relational_max,auroc,,,,,,,,,True,artifact predates this comparison: kinds is absent
chow_liu_leaf6/seed23,23,6,diagnosis_mask6.npz,diagnosis_knn_impute_detect_mask6.npz,relational_max,loc_ap,,,,,,,,,True,artifact predates this comparison: kinds is absent
chow_liu_leaf6/seed23,23,6,diagnosis_mask6.npz,diagnosis_knn_impute_detect_mask6.npz,relational_max,end_to_end_unique_top1,,,,,,,,,True,artifact predates this comparison: kinds is absent
chow_liu_leaf6/seed23,23,6,diagnosis_mask6.npz,diagnosis_knn_refit_detect_mask6.npz,relational_max,auroc,,,,,,,,,True,artifact predates this comparison: kinds is absent
chow_liu_leaf6/seed23,23,6,diagnosis_mask6.npz,diagnosis_knn_refit_detect_mask6.npz,relational_max,loc_ap,,,,,,,,,True,artifact predates this comparison: kinds is absent
chow_liu_leaf6/seed23,23,6,diagnosis_mask6.npz,diagnosis_knn_refit_detect_mask6.npz,relational_max,end_to_end_unique_top1,,,,,,,,,True,artifact predates this comparison: kinds is absent
chow_liu_leaf6/seed23,23,6,diagnosis_mask6.npz,diagnosis_mahalanobis_impute_detect_mask6.npz,relational_max,auroc,,,,,,,,,True,artifact predates this comparison: kinds is absent
chow_liu_leaf6/seed23,23,6,diagnosis_mask6.npz,diagnosis_mahalanobis_impute_detect_mask6.npz,relational_max,loc_ap,,,,,,,,,True,artifact predates this comparison: kinds is absent
chow_liu_leaf6/seed23,23,6,diagnosis_mask6.npz,diagnosis_mahalanobis_impute_detect_mask6.npz,relational_max,end_to_end_unique_top1,,,,,,,,,True,artifact predates this comparison: kinds is absent
chow_liu_leaf6/seed23,23,6,diagnosis_mask6.npz,diagnosis_mahalanobis_refit_detect_mask6.npz,relational_max,auroc,,,,,,,,,True,artifact predates this comparison: kinds is absent
chow_liu_leaf6/seed23,23,6,diagnosis_mask6.npz,diagnosis_mahalanobis_refit_detect_mask6.npz,relational_max,loc_ap,,,,,,,,,True,artifact predates this comparison: kinds is absent
chow_liu_leaf6/seed23,23,6,diagnosis_mask6.npz,diagnosis_mahalanobis_refit_detect_mask6.npz,relational_max,end_to_end_unique_top1,,,,,,,,,True,artifact predates this comparison: kinds is absent
chow_liu_leaf6/seed23,23,7,logs/ts/ws/diagnosis_fd001_candidate/chow_liu_leaf6/seed23/artifacts/diagnosis_mask7.npz,logs/ts/ws/diagnosis_fd001_candidate/chow_liu_leaf6/seed23/artifacts/diagnosis_gaussian_fitted_mask7.npz,relational_max,auroc,exploratory paired engine-bootstrap difference; training-seed variability is a separate axis,0.0,0.0,0.0,1000,10,,,,
chow_liu_leaf6/seed23,23,7,diagnosis_mask7.npz,diagnosis_gaussian_fitted_mask7.npz,relational_max,loc_ap,,,,,,,,,True,no bootstrap replicate produced a defined statistic
chow_liu_leaf6/seed23,23,7,logs/ts/ws/diagnosis_fd001_candidate/chow_liu_leaf6/seed23/artifacts/diagnosis_mask7.npz,logs/ts/ws/diagnosis_fd001_candidate/chow_liu_leaf6/seed23/artifacts/diagnosis_gaussian_fitted_mask7.npz,relational_max,end_to_end_unique_top1,exploratory paired engine-bootstrap difference; training-seed variability is a separate axis,,0.0,0.0,1000,10,,0.0,,
chow_liu_leaf6/seed23,23,7,diagnosis_mask7.npz,diagnosis_gmm_impute_detect_mask7.npz,relational_max,auroc,,,,,,,,,True,artifact predates this comparison: kinds is absent
chow_liu_leaf6/seed23,23,7,diagnosis_mask7.npz,diagnosis_gmm_impute_detect_mask7.npz,relational_max,loc_ap,,,,,,,,,True,artifact predates this comparison: kinds is absent
chow_liu_leaf6/seed23,23,7,diagnosis_mask7.npz,diagnosis_gmm_impute_detect_mask7.npz,relational_max,end_to_end_unique_top1,,,,,,,,,True,artifact predates this comparison: kinds is absent
chow_liu_leaf6/seed23,23,7,diagnosis_mask7.npz,diagnosis_gmm_refit_detect_mask7.npz,relational_max,auroc,,,,,,,,,True,artifact predates this comparison: kinds is absent
chow_liu_leaf6/seed23,23,7,diagnosis_mask7.npz,diagnosis_gmm_refit_detect_mask7.npz,relational_max,loc_ap,,,,,,,,,True,artifact predates this comparison: kinds is absent
chow_liu_leaf6/seed23,23,7,diagnosis_mask7.npz,diagnosis_gmm_refit_detect_mask7.npz,relational_max,end_to_end_unique_top1,,,,,,,,,True,artifact predates this comparison: kinds is absent
chow_liu_leaf6/seed23,23,7,diagnosis_mask7.npz,diagnosis_knn_impute_detect_mask7.npz,relational_max,auroc,,,,,,,,,True,artifact predates this comparison: kinds is absent
chow_liu_leaf6/seed23,23,7,diagnosis_mask7.npz,diagnosis_knn_impute_detect_mask7.npz,relational_max,loc_ap,,,,,,,,,True,artifact predates this comparison: kinds is absent
chow_liu_leaf6/seed23,23,7,diagnosis_mask7.npz,diagnosis_knn_impute_detect_mask7.npz,relational_max,end_to_end_unique_top1,,,,,,,,,True,artifact predates this comparison: kinds is absent
chow_liu_leaf6/seed23,23,7,diagnosis_mask7.npz,diagnosis_knn_refit_detect_mask7.npz,relational_max,auroc,,,,,,,,,True,artifact predates this comparison: kinds is absent
chow_liu_leaf6/seed23,23,7,diagnosis_mask7.npz,diagnosis_knn_refit_detect_mask7.npz,relational_max,loc_ap,,,,,,,,,True,artifact predates this comparison: kinds is absent
chow_liu_leaf6/seed23,23,7,diagnosis_mask7.npz,diagnosis_knn_refit_detect_mask7.npz,relational_max,end_to_end_unique_top1,,,,,,,,,True,artifact predates this comparison: kinds is absent
chow_liu_leaf6/seed23,23,7,diagnosis_mask7.npz,diagnosis_mahalanobis_impute_detect_mask7.npz,relational_max,auroc,,,,,,,,,True,artifact predates this comparison: kinds is absent
chow_liu_leaf6/seed23,23,7,diagnosis_mask7.npz,diagnosis_mahalanobis_impute_detect_mask7.npz,relational_max,loc_ap,,,,,,,,,True,artifact predates this comparison: kinds is absent
chow_liu_leaf6/seed23,23,7,diagnosis_mask7.npz,diagnosis_mahalanobis_impute_detect_mask7.npz,relational_max,end_to_end_unique_top1,,,,,,,,,True,artifact predates this comparison: kinds is absent
chow_liu_leaf6/seed23,23,7,diagnosis_mask7.npz,diagnosis_mahalanobis_refit_detect_mask7.npz,relational_max,auroc,,,,,,,,,True,artifact predates this comparison: kinds is absent
chow_liu_leaf6/seed23,23,7,diagnosis_mask7.npz,diagnosis_mahalanobis_refit_detect_mask7.npz,relational_max,loc_ap,,,,,,,,,True,artifact predates this comparison: kinds is absent
chow_liu_leaf6/seed23,23,7,diagnosis_mask7.npz,diagnosis_mahalanobis_refit_detect_mask7.npz,relational_max,end_to_end_unique_top1,,,,,,,,,True,artifact predates this comparison: kinds is absent
chow_liu_leaf6/seed24,24,0,logs/ts/ws/diagnosis_fd001_candidate/chow_liu_leaf6/seed24/artifacts/diagnosis_mask0.npz,logs/ts/ws/diagnosis_fd001_candidate/chow_liu_leaf6/seed24/artifacts/diagnosis_gaussian_fitted_mask0.npz,relational_max,auroc,exploratory paired engine-bootstrap difference; training-seed variability is a separate axis,-0.023464384543456784,-0.037265279469252476,-0.011066802370002357,1000,10,,,,
chow_liu_leaf6/seed24,24,0,logs/ts/ws/diagnosis_fd001_candidate/chow_liu_leaf6/seed24/artifacts/diagnosis_mask0.npz,logs/ts/ws/diagnosis_fd001_candidate/chow_liu_leaf6/seed24/artifacts/diagnosis_gaussian_fitted_mask0.npz,relational_max,loc_ap,exploratory paired engine-bootstrap difference; training-seed variability is a separate axis,,-0.11935288267740848,-0.07064379824715074,1000,10,-0.09614853203360818,,,
chow_liu_leaf6/seed24,24,0,logs/ts/ws/diagnosis_fd001_candidate/chow_liu_leaf6/seed24/artifacts/diagnosis_mask0.npz,logs/ts/ws/diagnosis_fd001_candidate/chow_liu_leaf6/seed24/artifacts/diagnosis_gaussian_fitted_mask0.npz,relational_max,end_to_end_unique_top1,exploratory paired engine-bootstrap difference; training-seed variability is a separate axis,,-0.23212503560798792,-0.1454137275715655,1000,10,,-0.18954248366013066,,
chow_liu_leaf6/seed24,24,0,diagnosis_mask0.npz,diagnosis_gmm_impute_detect_mask0.npz,relational_max,auroc,,,,,,,,,True,artifact predates this comparison: kinds is absent
chow_liu_leaf6/seed24,24,0,diagnosis_mask0.npz,diagnosis_gmm_impute_detect_mask0.npz,relational_max,loc_ap,,,,,,,,,True,artifact predates this comparison: kinds is absent
chow_liu_leaf6/seed24,24,0,diagnosis_mask0.npz,diagnosis_gmm_impute_detect_mask0.npz,relational_max,end_to_end_unique_top1,,,,,,,,,True,artifact predates this comparison: kinds is absent
chow_liu_leaf6/seed24,24,0,diagnosis_mask0.npz,diagnosis_gmm_refit_detect_mask0.npz,relational_max,auroc,,,,,,,,,True,artifact predates this comparison: kinds is absent
chow_liu_leaf6/seed24,24,0,diagnosis_mask0.npz,diagnosis_gmm_refit_detect_mask0.npz,relational_max,loc_ap,,,,,,,,,True,artifact predates this comparison: kinds is absent
chow_liu_leaf6/seed24,24,0,diagnosis_mask0.npz,diagnosis_gmm_refit_detect_mask0.npz,relational_max,end_to_end_unique_top1,,,,,,,,,True,artifact predates this comparison: kinds is absent
chow_liu_leaf6/seed24,24,0,diagnosis_mask0.npz,diagnosis_knn_impute_detect_mask0.npz,relational_max,auroc,,,,,,,,,True,artifact predates this comparison: kinds is absent
chow_liu_leaf6/seed24,24,0,diagnosis_mask0.npz,diagnosis_knn_impute_detect_mask0.npz,relational_max,loc_ap,,,,,,,,,True,artifact predates this comparison: kinds is absent
chow_liu_leaf6/seed24,24,0,diagnosis_mask0.npz,diagnosis_knn_impute_detect_mask0.npz,relational_max,end_to_end_unique_top1,,,,,,,,,True,artifact predates this comparison: kinds is absent
chow_liu_leaf6/seed24,24,0,diagnosis_mask0.npz,diagnosis_knn_refit_detect_mask0.npz,relational_max,auroc,,,,,,,,,True,artifact predates this comparison: kinds is absent
chow_liu_leaf6/seed24,24,0,diagnosis_mask0.npz,diagnosis_knn_refit_detect_mask0.npz,relational_max,loc_ap,,,,,,,,,True,artifact predates this comparison: kinds is absent
chow_liu_leaf6/seed24,24,0,diagnosis_mask0.npz,diagnosis_knn_refit_detect_mask0.npz,relational_max,end_to_end_unique_top1,,,,,,,,,True,artifact predates this comparison: kinds is absent
chow_liu_leaf6/seed24,24,0,diagnosis_mask0.npz,diagnosis_mahalanobis_impute_detect_mask0.npz,relational_max,auroc,,,,,,,,,True,artifact predates this comparison: kinds is absent
chow_liu_leaf6/seed24,24,0,diagnosis_mask0.npz,diagnosis_mahalanobis_impute_detect_mask0.npz,relational_max,loc_ap,,,,,,,,,True,artifact predates this comparison: kinds is absent
chow_liu_leaf6/seed24,24,0,diagnosis_mask0.npz,diagnosis_mahalanobis_impute_detect_mask0.npz,relational_max,end_to_end_unique_top1,,,,,,,,,True,artifact predates this comparison: kinds is absent
chow_liu_leaf6/seed24,24,0,diagnosis_mask0.npz,diagnosis_mahalanobis_refit_detect_mask0.npz,relational_max,auroc,,,,,,,,,True,artifact predates this comparison: kinds is absent
chow_liu_leaf6/seed24,24,0,diagnosis_mask0.npz,diagnosis_mahalanobis_refit_detect_mask0.npz,relational_max,loc_ap,,,,,,,,,True,artifact predates this comparison: kinds is absent
chow_liu_leaf6/seed24,24,0,diagnosis_mask0.npz,diagnosis_mahalanobis_refit_detect_mask0.npz,relational_max,end_to_end_unique_top1,,,,,,,,,True,artifact predates this comparison: kinds is absent
chow_liu_leaf6/seed24,24,1,logs/ts/ws/diagnosis_fd001_candidate/chow_liu_leaf6/seed24/artifacts/diagnosis_mask1.npz,logs/ts/ws/diagnosis_fd001_candidate/chow_liu_leaf6/seed24/artifacts/diagnosis_gaussian_fitted_mask1.npz,relational_max,auroc,exploratory paired engine-bootstrap difference; training-seed variability is a separate axis,-0.02073988636849078,-0.04008213266285738,-0.005728305223963222,1000,10,,,,
chow_liu_leaf6/seed24,24,1,logs/ts/ws/diagnosis_fd001_candidate/chow_liu_leaf6/seed24/artifacts/diagnosis_mask1.npz,logs/ts/ws/diagnosis_fd001_candidate/chow_liu_leaf6/seed24/artifacts/diagnosis_gaussian_fitted_mask1.npz,relational_max,loc_ap,exploratory paired engine-bootstrap difference; training-seed variability is a separate axis,,-0.12329538804903846,-0.08763669983386099,1000,10,-0.10643192031988924,,,
chow_liu_leaf6/seed24,24,1,logs/ts/ws/diagnosis_fd001_candidate/chow_liu_leaf6/seed24/artifacts/diagnosis_mask1.npz,logs/ts/ws/diagnosis_fd001_candidate/chow_liu_leaf6/seed24/artifacts/diagnosis_gaussian_fitted_mask1.npz,relational_max,end_to_end_unique_top1,exploratory paired engine-bootstrap difference; training-seed variability is a separate axis,,-0.21980588413709426,-0.1370404772371674,1000,10,,-0.17864923747276684,,
chow_liu_leaf6/seed24,24,1,diagnosis_mask1.npz,diagnosis_gmm_impute_detect_mask1.npz,relational_max,auroc,,,,,,,,,True,artifact predates this comparison: kinds is absent
chow_liu_leaf6/seed24,24,1,diagnosis_mask1.npz,diagnosis_gmm_impute_detect_mask1.npz,relational_max,loc_ap,,,,,,,,,True,artifact predates this comparison: kinds is absent
chow_liu_leaf6/seed24,24,1,diagnosis_mask1.npz,diagnosis_gmm_impute_detect_mask1.npz,relational_max,end_to_end_unique_top1,,,,,,,,,True,artifact predates this comparison: kinds is absent
chow_liu_leaf6/seed24,24,1,diagnosis_mask1.npz,diagnosis_gmm_refit_detect_mask1.npz,relational_max,auroc,,,,,,,,,True,artifact predates this comparison: kinds is absent
chow_liu_leaf6/seed24,24,1,diagnosis_mask1.npz,diagnosis_gmm_refit_detect_mask1.npz,relational_max,loc_ap,,,,,,,,,True,artifact predates this comparison: kinds is absent
chow_liu_leaf6/seed24,24,1,diagnosis_mask1.npz,diagnosis_gmm_refit_detect_mask1.npz,relational_max,end_to_end_unique_top1,,,,,,,,,True,artifact predates this comparison: kinds is absent
chow_liu_leaf6/seed24,24,1,diagnosis_mask1.npz,diagnosis_knn_impute_detect_mask1.npz,relational_max,auroc,,,,,,,,,True,artifact predates this comparison: kinds is absent
chow_liu_leaf6/seed24,24,1,diagnosis_mask1.npz,diagnosis_knn_impute_detect_mask1.npz,relational_max,loc_ap,,,,,,,,,True,artifact predates this comparison: kinds is absent
chow_liu_leaf6/seed24,24,1,diagnosis_mask1.npz,diagnosis_knn_impute_detect_mask1.npz,relational_max,end_to_end_unique_top1,,,,,,,,,True,artifact predates this comparison: kinds is absent
chow_liu_leaf6/seed24,24,1,diagnosis_mask1.npz,diagnosis_knn_refit_detect_mask1.npz,relational_max,auroc,,,,,,,,,True,artifact predates this comparison: kinds is absent
chow_liu_leaf6/seed24,24,1,diagnosis_mask1.npz,diagnosis_knn_refit_detect_mask1.npz,relational_max,loc_ap,,,,,,,,,True,artifact predates this comparison: kinds is absent
chow_liu_leaf6/seed24,24,1,diagnosis_mask1.npz,diagnosis_knn_refit_detect_mask1.npz,relational_max,end_to_end_unique_top1,,,,,,,,,True,artifact predates this comparison: kinds is absent
chow_liu_leaf6/seed24,24,1,diagnosis_mask1.npz,diagnosis_mahalanobis_impute_detect_mask1.npz,relational_max,auroc,,,,,,,,,True,artifact predates this comparison: kinds is absent
chow_liu_leaf6/seed24,24,1,diagnosis_mask1.npz,diagnosis_mahalanobis_impute_detect_mask1.npz,relational_max,loc_ap,,,,,,,,,True,artifact predates this comparison: kinds is absent
chow_liu_leaf6/seed24,24,1,diagnosis_mask1.npz,diagnosis_mahalanobis_impute_detect_mask1.npz,relational_max,end_to_end_unique_top1,,,,,,,,,True,artifact predates this comparison: kinds is absent
chow_liu_leaf6/seed24,24,1,diagnosis_mask1.npz,diagnosis_mahalanobis_refit_detect_mask1.npz,relational_max,auroc,,,,,,,,,True,artifact predates this comparison: kinds is absent
chow_liu_leaf6/seed24,24,1,diagnosis_mask1.npz,diagnosis_mahalanobis_refit_detect_mask1.npz,relational_max,loc_ap,,,,,,,,,True,artifact predates this comparison: kinds is absent
chow_liu_leaf6/seed24,24,1,diagnosis_mask1.npz,diagnosis_mahalanobis_refit_detect_mask1.npz,relational_max,end_to_end_unique_top1,,,,,,,,,True,artifact predates this comparison: kinds is absent
chow_liu_leaf6/seed24,24,2,logs/ts/ws/diagnosis_fd001_candidate/chow_liu_leaf6/seed24/artifacts/diagnosis_mask2.npz,logs/ts/ws/diagnosis_fd001_candidate/chow_liu_leaf6/seed24/artifacts/diagnosis_gaussian_fitted_mask2.npz,relational_max,auroc,exploratory paired engine-bootstrap difference; training-seed variability is a separate axis,-0.026976803793412718,-0.03970747708058052,-0.015805114749050504,1000,10,,,,
chow_liu_leaf6/seed24,24,2,logs/ts/ws/diagnosis_fd001_candidate/chow_liu_leaf6/seed24/artifacts/diagnosis_mask2.npz,logs/ts/ws/diagnosis_fd001_candidate/chow_liu_leaf6/seed24/artifacts/diagnosis_gaussian_fitted_mask2.npz,relational_max,loc_ap,exploratory paired engine-bootstrap difference; training-seed variability is a separate axis,,-0.13152006384035458,-0.09160514646478198,1000,10,-0.11257369271747197,,,
chow_liu_leaf6/seed24,24,2,logs/ts/ws/diagnosis_fd001_candidate/chow_liu_leaf6/seed24/artifacts/diagnosis_mask2.npz,logs/ts/ws/diagnosis_fd001_candidate/chow_liu_leaf6/seed24/artifacts/diagnosis_gaussian_fitted_mask2.npz,relational_max,end_to_end_unique_top1,exploratory paired engine-bootstrap difference; training-seed variability is a separate axis,,-0.2338463565030404,-0.15874594662010483,1000,10,,-0.19825708061002173,,
chow_liu_leaf6/seed24,24,2,diagnosis_mask2.npz,diagnosis_gmm_impute_detect_mask2.npz,relational_max,auroc,,,,,,,,,True,artifact predates this comparison: kinds is absent
chow_liu_leaf6/seed24,24,2,diagnosis_mask2.npz,diagnosis_gmm_impute_detect_mask2.npz,relational_max,loc_ap,,,,,,,,,True,artifact predates this comparison: kinds is absent
chow_liu_leaf6/seed24,24,2,diagnosis_mask2.npz,diagnosis_gmm_impute_detect_mask2.npz,relational_max,end_to_end_unique_top1,,,,,,,,,True,artifact predates this comparison: kinds is absent
chow_liu_leaf6/seed24,24,2,diagnosis_mask2.npz,diagnosis_gmm_refit_detect_mask2.npz,relational_max,auroc,,,,,,,,,True,artifact predates this comparison: kinds is absent
chow_liu_leaf6/seed24,24,2,diagnosis_mask2.npz,diagnosis_gmm_refit_detect_mask2.npz,relational_max,loc_ap,,,,,,,,,True,artifact predates this comparison: kinds is absent
chow_liu_leaf6/seed24,24,2,diagnosis_mask2.npz,diagnosis_gmm_refit_detect_mask2.npz,relational_max,end_to_end_unique_top1,,,,,,,,,True,artifact predates this comparison: kinds is absent
chow_liu_leaf6/seed24,24,2,diagnosis_mask2.npz,diagnosis_knn_impute_detect_mask2.npz,relational_max,auroc,,,,,,,,,True,artifact predates this comparison: kinds is absent
chow_liu_leaf6/seed24,24,2,diagnosis_mask2.npz,diagnosis_knn_impute_detect_mask2.npz,relational_max,loc_ap,,,,,,,,,True,artifact predates this comparison: kinds is absent
chow_liu_leaf6/seed24,24,2,diagnosis_mask2.npz,diagnosis_knn_impute_detect_mask2.npz,relational_max,end_to_end_unique_top1,,,,,,,,,True,artifact predates this comparison: kinds is absent
chow_liu_leaf6/seed24,24,2,diagnosis_mask2.npz,diagnosis_knn_refit_detect_mask2.npz,relational_max,auroc,,,,,,,,,True,artifact predates this comparison: kinds is absent
chow_liu_leaf6/seed24,24,2,diagnosis_mask2.npz,diagnosis_knn_refit_detect_mask2.npz,relational_max,loc_ap,,,,,,,,,True,artifact predates this comparison: kinds is absent
chow_liu_leaf6/seed24,24,2,diagnosis_mask2.npz,diagnosis_knn_refit_detect_mask2.npz,relational_max,end_to_end_unique_top1,,,,,,,,,True,artifact predates this comparison: kinds is absent
chow_liu_leaf6/seed24,24,2,diagnosis_mask2.npz,diagnosis_mahalanobis_impute_detect_mask2.npz,relational_max,auroc,,,,,,,,,True,artifact predates this comparison: kinds is absent
chow_liu_leaf6/seed24,24,2,diagnosis_mask2.npz,diagnosis_mahalanobis_impute_detect_mask2.npz,relational_max,loc_ap,,,,,,,,,True,artifact predates this comparison: kinds is absent
chow_liu_leaf6/seed24,24,2,diagnosis_mask2.npz,diagnosis_mahalanobis_impute_detect_mask2.npz,relational_max,end_to_end_unique_top1,,,,,,,,,True,artifact predates this comparison: kinds is absent
chow_liu_leaf6/seed24,24,2,diagnosis_mask2.npz,diagnosis_mahalanobis_refit_detect_mask2.npz,relational_max,auroc,,,,,,,,,True,artifact predates this comparison: kinds is absent
chow_liu_leaf6/seed24,24,2,diagnosis_mask2.npz,diagnosis_mahalanobis_refit_detect_mask2.npz,relational_max,loc_ap,,,,,,,,,True,artifact predates this comparison: kinds is absent
chow_liu_leaf6/seed24,24,2,diagnosis_mask2.npz,diagnosis_mahalanobis_refit_detect_mask2.npz,relational_max,end_to_end_unique_top1,,,,,,,,,True,artifact predates this comparison: kinds is absent
chow_liu_leaf6/seed24,24,3,logs/ts/ws/diagnosis_fd001_candidate/chow_liu_leaf6/seed24/artifacts/diagnosis_mask3.npz,logs/ts/ws/diagnosis_fd001_candidate/chow_liu_leaf6/seed24/artifacts/diagnosis_gaussian_fitted_mask3.npz,relational_max,auroc,exploratory paired engine-bootstrap difference; training-seed variability is a separate axis,-0.045772993293177744,-0.07272284634828756,-0.022340682102509505,1000,10,,,,
chow_liu_leaf6/seed24,24,3,logs/ts/ws/diagnosis_fd001_candidate/chow_liu_leaf6/seed24/artifacts/diagnosis_mask3.npz,logs/ts/ws/diagnosis_fd001_candidate/chow_liu_leaf6/seed24/artifacts/diagnosis_gaussian_fitted_mask3.npz,relational_max,loc_ap,exploratory paired engine-bootstrap difference; training-seed variability is a separate axis,,-0.16854378897979383,-0.09871748991120165,1000,10,-0.13737923699739263,,,
chow_liu_leaf6/seed24,24,3,logs/ts/ws/diagnosis_fd001_candidate/chow_liu_leaf6/seed24/artifacts/diagnosis_mask3.npz,logs/ts/ws/diagnosis_fd001_candidate/chow_liu_leaf6/seed24/artifacts/diagnosis_gaussian_fitted_mask3.npz,relational_max,end_to_end_unique_top1,exploratory paired engine-bootstrap difference; training-seed variability is a separate axis,,-0.21581284153005464,-0.15456622356760552,1000,10,,-0.18300653594771243,,
chow_liu_leaf6/seed24,24,3,diagnosis_mask3.npz,diagnosis_gmm_impute_detect_mask3.npz,relational_max,auroc,,,,,,,,,True,artifact predates this comparison: kinds is absent
chow_liu_leaf6/seed24,24,3,diagnosis_mask3.npz,diagnosis_gmm_impute_detect_mask3.npz,relational_max,loc_ap,,,,,,,,,True,artifact predates this comparison: kinds is absent
chow_liu_leaf6/seed24,24,3,diagnosis_mask3.npz,diagnosis_gmm_impute_detect_mask3.npz,relational_max,end_to_end_unique_top1,,,,,,,,,True,artifact predates this comparison: kinds is absent
chow_liu_leaf6/seed24,24,3,diagnosis_mask3.npz,diagnosis_gmm_refit_detect_mask3.npz,relational_max,auroc,,,,,,,,,True,artifact predates this comparison: kinds is absent
chow_liu_leaf6/seed24,24,3,diagnosis_mask3.npz,diagnosis_gmm_refit_detect_mask3.npz,relational_max,loc_ap,,,,,,,,,True,artifact predates this comparison: kinds is absent
chow_liu_leaf6/seed24,24,3,diagnosis_mask3.npz,diagnosis_gmm_refit_detect_mask3.npz,relational_max,end_to_end_unique_top1,,,,,,,,,True,artifact predates this comparison: kinds is absent
chow_liu_leaf6/seed24,24,3,diagnosis_mask3.npz,diagnosis_knn_impute_detect_mask3.npz,relational_max,auroc,,,,,,,,,True,artifact predates this comparison: kinds is absent
chow_liu_leaf6/seed24,24,3,diagnosis_mask3.npz,diagnosis_knn_impute_detect_mask3.npz,relational_max,loc_ap,,,,,,,,,True,artifact predates this comparison: kinds is absent
chow_liu_leaf6/seed24,24,3,diagnosis_mask3.npz,diagnosis_knn_impute_detect_mask3.npz,relational_max,end_to_end_unique_top1,,,,,,,,,True,artifact predates this comparison: kinds is absent
chow_liu_leaf6/seed24,24,3,diagnosis_mask3.npz,diagnosis_knn_refit_detect_mask3.npz,relational_max,auroc,,,,,,,,,True,artifact predates this comparison: kinds is absent
chow_liu_leaf6/seed24,24,3,diagnosis_mask3.npz,diagnosis_knn_refit_detect_mask3.npz,relational_max,loc_ap,,,,,,,,,True,artifact predates this comparison: kinds is absent
chow_liu_leaf6/seed24,24,3,diagnosis_mask3.npz,diagnosis_knn_refit_detect_mask3.npz,relational_max,end_to_end_unique_top1,,,,,,,,,True,artifact predates this comparison: kinds is absent
chow_liu_leaf6/seed24,24,3,diagnosis_mask3.npz,diagnosis_mahalanobis_impute_detect_mask3.npz,relational_max,auroc,,,,,,,,,True,artifact predates this comparison: kinds is absent
chow_liu_leaf6/seed24,24,3,diagnosis_mask3.npz,diagnosis_mahalanobis_impute_detect_mask3.npz,relational_max,loc_ap,,,,,,,,,True,artifact predates this comparison: kinds is absent
chow_liu_leaf6/seed24,24,3,diagnosis_mask3.npz,diagnosis_mahalanobis_impute_detect_mask3.npz,relational_max,end_to_end_unique_top1,,,,,,,,,True,artifact predates this comparison: kinds is absent
chow_liu_leaf6/seed24,24,3,diagnosis_mask3.npz,diagnosis_mahalanobis_refit_detect_mask3.npz,relational_max,auroc,,,,,,,,,True,artifact predates this comparison: kinds is absent
chow_liu_leaf6/seed24,24,3,diagnosis_mask3.npz,diagnosis_mahalanobis_refit_detect_mask3.npz,relational_max,loc_ap,,,,,,,,,True,artifact predates this comparison: kinds is absent
chow_liu_leaf6/seed24,24,3,diagnosis_mask3.npz,diagnosis_mahalanobis_refit_detect_mask3.npz,relational_max,end_to_end_unique_top1,,,,,,,,,True,artifact predates this comparison: kinds is absent
chow_liu_leaf6/seed24,24,4,logs/ts/ws/diagnosis_fd001_candidate/chow_liu_leaf6/seed24/artifacts/diagnosis_mask4.npz,logs/ts/ws/diagnosis_fd001_candidate/chow_liu_leaf6/seed24/artifacts/diagnosis_gaussian_fitted_mask4.npz,relational_max,auroc,exploratory paired engine-bootstrap difference; training-seed variability is a separate axis,-0.032791281605840106,-0.05865039627072619,-0.007645332633508434,1000,10,,,,
chow_liu_leaf6/seed24,24,4,logs/ts/ws/diagnosis_fd001_candidate/chow_liu_leaf6/seed24/artifacts/diagnosis_mask4.npz,logs/ts/ws/diagnosis_fd001_candidate/chow_liu_leaf6/seed24/artifacts/diagnosis_gaussian_fitted_mask4.npz,relational_max,loc_ap,exploratory paired engine-bootstrap difference; training-seed variability is a separate axis,,-0.1260946884216714,-0.08281114968139164,1000,10,-0.10504076973255072,,,
chow_liu_leaf6/seed24,24,4,logs/ts/ws/diagnosis_fd001_candidate/chow_liu_leaf6/seed24/artifacts/diagnosis_mask4.npz,logs/ts/ws/diagnosis_fd001_candidate/chow_liu_leaf6/seed24/artifacts/diagnosis_gaussian_fitted_mask4.npz,relational_max,end_to_end_unique_top1,exploratory paired engine-bootstrap difference; training-seed variability is a separate axis,,-0.2738540267977031,-0.17498788088642658,1000,10,,-0.22875816993464054,,
chow_liu_leaf6/seed24,24,4,diagnosis_mask4.npz,diagnosis_gmm_impute_detect_mask4.npz,relational_max,auroc,,,,,,,,,True,artifact predates this comparison: kinds is absent
chow_liu_leaf6/seed24,24,4,diagnosis_mask4.npz,diagnosis_gmm_impute_detect_mask4.npz,relational_max,loc_ap,,,,,,,,,True,artifact predates this comparison: kinds is absent
chow_liu_leaf6/seed24,24,4,diagnosis_mask4.npz,diagnosis_gmm_impute_detect_mask4.npz,relational_max,end_to_end_unique_top1,,,,,,,,,True,artifact predates this comparison: kinds is absent
chow_liu_leaf6/seed24,24,4,diagnosis_mask4.npz,diagnosis_gmm_refit_detect_mask4.npz,relational_max,auroc,,,,,,,,,True,artifact predates this comparison: kinds is absent
chow_liu_leaf6/seed24,24,4,diagnosis_mask4.npz,diagnosis_gmm_refit_detect_mask4.npz,relational_max,loc_ap,,,,,,,,,True,artifact predates this comparison: kinds is absent
chow_liu_leaf6/seed24,24,4,diagnosis_mask4.npz,diagnosis_gmm_refit_detect_mask4.npz,relational_max,end_to_end_unique_top1,,,,,,,,,True,artifact predates this comparison: kinds is absent
chow_liu_leaf6/seed24,24,4,diagnosis_mask4.npz,diagnosis_knn_impute_detect_mask4.npz,relational_max,auroc,,,,,,,,,True,artifact predates this comparison: kinds is absent
chow_liu_leaf6/seed24,24,4,diagnosis_mask4.npz,diagnosis_knn_impute_detect_mask4.npz,relational_max,loc_ap,,,,,,,,,True,artifact predates this comparison: kinds is absent
chow_liu_leaf6/seed24,24,4,diagnosis_mask4.npz,diagnosis_knn_impute_detect_mask4.npz,relational_max,end_to_end_unique_top1,,,,,,,,,True,artifact predates this comparison: kinds is absent
chow_liu_leaf6/seed24,24,4,diagnosis_mask4.npz,diagnosis_knn_refit_detect_mask4.npz,relational_max,auroc,,,,,,,,,True,artifact predates this comparison: kinds is absent
chow_liu_leaf6/seed24,24,4,diagnosis_mask4.npz,diagnosis_knn_refit_detect_mask4.npz,relational_max,loc_ap,,,,,,,,,True,artifact predates this comparison: kinds is absent
chow_liu_leaf6/seed24,24,4,diagnosis_mask4.npz,diagnosis_knn_refit_detect_mask4.npz,relational_max,end_to_end_unique_top1,,,,,,,,,True,artifact predates this comparison: kinds is absent
chow_liu_leaf6/seed24,24,4,diagnosis_mask4.npz,diagnosis_mahalanobis_impute_detect_mask4.npz,relational_max,auroc,,,,,,,,,True,artifact predates this comparison: kinds is absent
chow_liu_leaf6/seed24,24,4,diagnosis_mask4.npz,diagnosis_mahalanobis_impute_detect_mask4.npz,relational_max,loc_ap,,,,,,,,,True,artifact predates this comparison: kinds is absent
chow_liu_leaf6/seed24,24,4,diagnosis_mask4.npz,diagnosis_mahalanobis_impute_detect_mask4.npz,relational_max,end_to_end_unique_top1,,,,,,,,,True,artifact predates this comparison: kinds is absent
chow_liu_leaf6/seed24,24,4,diagnosis_mask4.npz,diagnosis_mahalanobis_refit_detect_mask4.npz,relational_max,auroc,,,,,,,,,True,artifact predates this comparison: kinds is absent
chow_liu_leaf6/seed24,24,4,diagnosis_mask4.npz,diagnosis_mahalanobis_refit_detect_mask4.npz,relational_max,loc_ap,,,,,,,,,True,artifact predates this comparison: kinds is absent
chow_liu_leaf6/seed24,24,4,diagnosis_mask4.npz,diagnosis_mahalanobis_refit_detect_mask4.npz,relational_max,end_to_end_unique_top1,,,,,,,,,True,artifact predates this comparison: kinds is absent
chow_liu_leaf6/seed24,24,5,logs/ts/ws/diagnosis_fd001_candidate/chow_liu_leaf6/seed24/artifacts/diagnosis_mask5.npz,logs/ts/ws/diagnosis_fd001_candidate/chow_liu_leaf6/seed24/artifacts/diagnosis_gaussian_fitted_mask5.npz,relational_max,auroc,exploratory paired engine-bootstrap difference; training-seed variability is a separate axis,-0.03159516045585509,-0.04097504295200622,-0.023058428196175342,1000,10,,,,
chow_liu_leaf6/seed24,24,5,logs/ts/ws/diagnosis_fd001_candidate/chow_liu_leaf6/seed24/artifacts/diagnosis_mask5.npz,logs/ts/ws/diagnosis_fd001_candidate/chow_liu_leaf6/seed24/artifacts/diagnosis_gaussian_fitted_mask5.npz,relational_max,loc_ap,exploratory paired engine-bootstrap difference; training-seed variability is a separate axis,,-0.12902610460432296,-0.0873395462710132,1000,10,-0.10833137106815505,,,
chow_liu_leaf6/seed24,24,5,logs/ts/ws/diagnosis_fd001_candidate/chow_liu_leaf6/seed24/artifacts/diagnosis_mask5.npz,logs/ts/ws/diagnosis_fd001_candidate/chow_liu_leaf6/seed24/artifacts/diagnosis_gaussian_fitted_mask5.npz,relational_max,end_to_end_unique_top1,exploratory paired engine-bootstrap difference; training-seed variability is a separate axis,,-0.22559685995449974,-0.1476778179626281,1000,10,,-0.18736383442265792,,
chow_liu_leaf6/seed24,24,5,diagnosis_mask5.npz,diagnosis_gmm_impute_detect_mask5.npz,relational_max,auroc,,,,,,,,,True,artifact predates this comparison: kinds is absent
chow_liu_leaf6/seed24,24,5,diagnosis_mask5.npz,diagnosis_gmm_impute_detect_mask5.npz,relational_max,loc_ap,,,,,,,,,True,artifact predates this comparison: kinds is absent
chow_liu_leaf6/seed24,24,5,diagnosis_mask5.npz,diagnosis_gmm_impute_detect_mask5.npz,relational_max,end_to_end_unique_top1,,,,,,,,,True,artifact predates this comparison: kinds is absent
chow_liu_leaf6/seed24,24,5,diagnosis_mask5.npz,diagnosis_gmm_refit_detect_mask5.npz,relational_max,auroc,,,,,,,,,True,artifact predates this comparison: kinds is absent
chow_liu_leaf6/seed24,24,5,diagnosis_mask5.npz,diagnosis_gmm_refit_detect_mask5.npz,relational_max,loc_ap,,,,,,,,,True,artifact predates this comparison: kinds is absent
chow_liu_leaf6/seed24,24,5,diagnosis_mask5.npz,diagnosis_gmm_refit_detect_mask5.npz,relational_max,end_to_end_unique_top1,,,,,,,,,True,artifact predates this comparison: kinds is absent
chow_liu_leaf6/seed24,24,5,diagnosis_mask5.npz,diagnosis_knn_impute_detect_mask5.npz,relational_max,auroc,,,,,,,,,True,artifact predates this comparison: kinds is absent
chow_liu_leaf6/seed24,24,5,diagnosis_mask5.npz,diagnosis_knn_impute_detect_mask5.npz,relational_max,loc_ap,,,,,,,,,True,artifact predates this comparison: kinds is absent
chow_liu_leaf6/seed24,24,5,diagnosis_mask5.npz,diagnosis_knn_impute_detect_mask5.npz,relational_max,end_to_end_unique_top1,,,,,,,,,True,artifact predates this comparison: kinds is absent
chow_liu_leaf6/seed24,24,5,diagnosis_mask5.npz,diagnosis_knn_refit_detect_mask5.npz,relational_max,auroc,,,,,,,,,True,artifact predates this comparison: kinds is absent
chow_liu_leaf6/seed24,24,5,diagnosis_mask5.npz,diagnosis_knn_refit_detect_mask5.npz,relational_max,loc_ap,,,,,,,,,True,artifact predates this comparison: kinds is absent
chow_liu_leaf6/seed24,24,5,diagnosis_mask5.npz,diagnosis_knn_refit_detect_mask5.npz,relational_max,end_to_end_unique_top1,,,,,,,,,True,artifact predates this comparison: kinds is absent
chow_liu_leaf6/seed24,24,5,diagnosis_mask5.npz,diagnosis_mahalanobis_impute_detect_mask5.npz,relational_max,auroc,,,,,,,,,True,artifact predates this comparison: kinds is absent
chow_liu_leaf6/seed24,24,5,diagnosis_mask5.npz,diagnosis_mahalanobis_impute_detect_mask5.npz,relational_max,loc_ap,,,,,,,,,True,artifact predates this comparison: kinds is absent
chow_liu_leaf6/seed24,24,5,diagnosis_mask5.npz,diagnosis_mahalanobis_impute_detect_mask5.npz,relational_max,end_to_end_unique_top1,,,,,,,,,True,artifact predates this comparison: kinds is absent
chow_liu_leaf6/seed24,24,5,diagnosis_mask5.npz,diagnosis_mahalanobis_refit_detect_mask5.npz,relational_max,auroc,,,,,,,,,True,artifact predates this comparison: kinds is absent
chow_liu_leaf6/seed24,24,5,diagnosis_mask5.npz,diagnosis_mahalanobis_refit_detect_mask5.npz,relational_max,loc_ap,,,,,,,,,True,artifact predates this comparison: kinds is absent
chow_liu_leaf6/seed24,24,5,diagnosis_mask5.npz,diagnosis_mahalanobis_refit_detect_mask5.npz,relational_max,end_to_end_unique_top1,,,,,,,,,True,artifact predates this comparison: kinds is absent
chow_liu_leaf6/seed24,24,6,logs/ts/ws/diagnosis_fd001_candidate/chow_liu_leaf6/seed24/artifacts/diagnosis_mask6.npz,logs/ts/ws/diagnosis_fd001_candidate/chow_liu_leaf6/seed24/artifacts/diagnosis_gaussian_fitted_mask6.npz,relational_max,auroc,exploratory paired engine-bootstrap difference; training-seed variability is a separate axis,-0.022709689055966154,-0.04170735132838253,-0.005276036170830081,1000,10,,,,
chow_liu_leaf6/seed24,24,6,logs/ts/ws/diagnosis_fd001_candidate/chow_liu_leaf6/seed24/artifacts/diagnosis_mask6.npz,logs/ts/ws/diagnosis_fd001_candidate/chow_liu_leaf6/seed24/artifacts/diagnosis_gaussian_fitted_mask6.npz,relational_max,loc_ap,exploratory paired engine-bootstrap difference; training-seed variability is a separate axis,,-0.09055366538898474,-0.038875205722836766,1000,10,-0.06437977374056914,,,
chow_liu_leaf6/seed24,24,6,logs/ts/ws/diagnosis_fd001_candidate/chow_liu_leaf6/seed24/artifacts/diagnosis_mask6.npz,logs/ts/ws/diagnosis_fd001_candidate/chow_liu_leaf6/seed24/artifacts/diagnosis_gaussian_fitted_mask6.npz,relational_max,end_to_end_unique_top1,exploratory paired engine-bootstrap difference; training-seed variability is a separate axis,,-0.1592144982993197,-0.08745195204554423,1000,10,,-0.12200435729847492,,
chow_liu_leaf6/seed24,24,6,diagnosis_mask6.npz,diagnosis_gmm_impute_detect_mask6.npz,relational_max,auroc,,,,,,,,,True,artifact predates this comparison: kinds is absent
chow_liu_leaf6/seed24,24,6,diagnosis_mask6.npz,diagnosis_gmm_impute_detect_mask6.npz,relational_max,loc_ap,,,,,,,,,True,artifact predates this comparison: kinds is absent
chow_liu_leaf6/seed24,24,6,diagnosis_mask6.npz,diagnosis_gmm_impute_detect_mask6.npz,relational_max,end_to_end_unique_top1,,,,,,,,,True,artifact predates this comparison: kinds is absent
chow_liu_leaf6/seed24,24,6,diagnosis_mask6.npz,diagnosis_gmm_refit_detect_mask6.npz,relational_max,auroc,,,,,,,,,True,artifact predates this comparison: kinds is absent
chow_liu_leaf6/seed24,24,6,diagnosis_mask6.npz,diagnosis_gmm_refit_detect_mask6.npz,relational_max,loc_ap,,,,,,,,,True,artifact predates this comparison: kinds is absent
chow_liu_leaf6/seed24,24,6,diagnosis_mask6.npz,diagnosis_gmm_refit_detect_mask6.npz,relational_max,end_to_end_unique_top1,,,,,,,,,True,artifact predates this comparison: kinds is absent
chow_liu_leaf6/seed24,24,6,diagnosis_mask6.npz,diagnosis_knn_impute_detect_mask6.npz,relational_max,auroc,,,,,,,,,True,artifact predates this comparison: kinds is absent
chow_liu_leaf6/seed24,24,6,diagnosis_mask6.npz,diagnosis_knn_impute_detect_mask6.npz,relational_max,loc_ap,,,,,,,,,True,artifact predates this comparison: kinds is absent
chow_liu_leaf6/seed24,24,6,diagnosis_mask6.npz,diagnosis_knn_impute_detect_mask6.npz,relational_max,end_to_end_unique_top1,,,,,,,,,True,artifact predates this comparison: kinds is absent
chow_liu_leaf6/seed24,24,6,diagnosis_mask6.npz,diagnosis_knn_refit_detect_mask6.npz,relational_max,auroc,,,,,,,,,True,artifact predates this comparison: kinds is absent
chow_liu_leaf6/seed24,24,6,diagnosis_mask6.npz,diagnosis_knn_refit_detect_mask6.npz,relational_max,loc_ap,,,,,,,,,True,artifact predates this comparison: kinds is absent
chow_liu_leaf6/seed24,24,6,diagnosis_mask6.npz,diagnosis_knn_refit_detect_mask6.npz,relational_max,end_to_end_unique_top1,,,,,,,,,True,artifact predates this comparison: kinds is absent
chow_liu_leaf6/seed24,24,6,diagnosis_mask6.npz,diagnosis_mahalanobis_impute_detect_mask6.npz,relational_max,auroc,,,,,,,,,True,artifact predates this comparison: kinds is absent
chow_liu_leaf6/seed24,24,6,diagnosis_mask6.npz,diagnosis_mahalanobis_impute_detect_mask6.npz,relational_max,loc_ap,,,,,,,,,True,artifact predates this comparison: kinds is absent
chow_liu_leaf6/seed24,24,6,diagnosis_mask6.npz,diagnosis_mahalanobis_impute_detect_mask6.npz,relational_max,end_to_end_unique_top1,,,,,,,,,True,artifact predates this comparison: kinds is absent
chow_liu_leaf6/seed24,24,6,diagnosis_mask6.npz,diagnosis_mahalanobis_refit_detect_mask6.npz,relational_max,auroc,,,,,,,,,True,artifact predates this comparison: kinds is absent
chow_liu_leaf6/seed24,24,6,diagnosis_mask6.npz,diagnosis_mahalanobis_refit_detect_mask6.npz,relational_max,loc_ap,,,,,,,,,True,artifact predates this comparison: kinds is absent
chow_liu_leaf6/seed24,24,6,diagnosis_mask6.npz,diagnosis_mahalanobis_refit_detect_mask6.npz,relational_max,end_to_end_unique_top1,,,,,,,,,True,artifact predates this comparison: kinds is absent
chow_liu_leaf6/seed24,24,7,logs/ts/ws/diagnosis_fd001_candidate/chow_liu_leaf6/seed24/artifacts/diagnosis_mask7.npz,logs/ts/ws/diagnosis_fd001_candidate/chow_liu_leaf6/seed24/artifacts/diagnosis_gaussian_fitted_mask7.npz,relational_max,auroc,exploratory paired engine-bootstrap difference; training-seed variability is a separate axis,0.0,0.0,0.0,1000,10,,,,
chow_liu_leaf6/seed24,24,7,diagnosis_mask7.npz,diagnosis_gaussian_fitted_mask7.npz,relational_max,loc_ap,,,,,,,,,True,no bootstrap replicate produced a defined statistic
chow_liu_leaf6/seed24,24,7,logs/ts/ws/diagnosis_fd001_candidate/chow_liu_leaf6/seed24/artifacts/diagnosis_mask7.npz,logs/ts/ws/diagnosis_fd001_candidate/chow_liu_leaf6/seed24/artifacts/diagnosis_gaussian_fitted_mask7.npz,relational_max,end_to_end_unique_top1,exploratory paired engine-bootstrap difference; training-seed variability is a separate axis,,0.0,0.0,1000,10,,0.0,,
chow_liu_leaf6/seed24,24,7,diagnosis_mask7.npz,diagnosis_gmm_impute_detect_mask7.npz,relational_max,auroc,,,,,,,,,True,artifact predates this comparison: kinds is absent
chow_liu_leaf6/seed24,24,7,diagnosis_mask7.npz,diagnosis_gmm_impute_detect_mask7.npz,relational_max,loc_ap,,,,,,,,,True,artifact predates this comparison: kinds is absent
chow_liu_leaf6/seed24,24,7,diagnosis_mask7.npz,diagnosis_gmm_impute_detect_mask7.npz,relational_max,end_to_end_unique_top1,,,,,,,,,True,artifact predates this comparison: kinds is absent
chow_liu_leaf6/seed24,24,7,diagnosis_mask7.npz,diagnosis_gmm_refit_detect_mask7.npz,relational_max,auroc,,,,,,,,,True,artifact predates this comparison: kinds is absent
chow_liu_leaf6/seed24,24,7,diagnosis_mask7.npz,diagnosis_gmm_refit_detect_mask7.npz,relational_max,loc_ap,,,,,,,,,True,artifact predates this comparison: kinds is absent
chow_liu_leaf6/seed24,24,7,diagnosis_mask7.npz,diagnosis_gmm_refit_detect_mask7.npz,relational_max,end_to_end_unique_top1,,,,,,,,,True,artifact predates this comparison: kinds is absent
chow_liu_leaf6/seed24,24,7,diagnosis_mask7.npz,diagnosis_knn_impute_detect_mask7.npz,relational_max,auroc,,,,,,,,,True,artifact predates this comparison: kinds is absent
chow_liu_leaf6/seed24,24,7,diagnosis_mask7.npz,diagnosis_knn_impute_detect_mask7.npz,relational_max,loc_ap,,,,,,,,,True,artifact predates this comparison: kinds is absent
chow_liu_leaf6/seed24,24,7,diagnosis_mask7.npz,diagnosis_knn_impute_detect_mask7.npz,relational_max,end_to_end_unique_top1,,,,,,,,,True,artifact predates this comparison: kinds is absent
chow_liu_leaf6/seed24,24,7,diagnosis_mask7.npz,diagnosis_knn_refit_detect_mask7.npz,relational_max,auroc,,,,,,,,,True,artifact predates this comparison: kinds is absent
chow_liu_leaf6/seed24,24,7,diagnosis_mask7.npz,diagnosis_knn_refit_detect_mask7.npz,relational_max,loc_ap,,,,,,,,,True,artifact predates this comparison: kinds is absent
chow_liu_leaf6/seed24,24,7,diagnosis_mask7.npz,diagnosis_knn_refit_detect_mask7.npz,relational_max,end_to_end_unique_top1,,,,,,,,,True,artifact predates this comparison: kinds is absent
chow_liu_leaf6/seed24,24,7,diagnosis_mask7.npz,diagnosis_mahalanobis_impute_detect_mask7.npz,relational_max,auroc,,,,,,,,,True,artifact predates this comparison: kinds is absent
chow_liu_leaf6/seed24,24,7,diagnosis_mask7.npz,diagnosis_mahalanobis_impute_detect_mask7.npz,relational_max,loc_ap,,,,,,,,,True,artifact predates this comparison: kinds is absent
chow_liu_leaf6/seed24,24,7,diagnosis_mask7.npz,diagnosis_mahalanobis_impute_detect_mask7.npz,relational_max,end_to_end_unique_top1,,,,,,,,,True,artifact predates this comparison: kinds is absent
chow_liu_leaf6/seed24,24,7,diagnosis_mask7.npz,diagnosis_mahalanobis_refit_detect_mask7.npz,relational_max,auroc,,,,,,,,,True,artifact predates this comparison: kinds is absent
chow_liu_leaf6/seed24,24,7,diagnosis_mask7.npz,diagnosis_mahalanobis_refit_detect_mask7.npz,relational_max,loc_ap,,,,,,,,,True,artifact predates this comparison: kinds is absent
chow_liu_leaf6/seed24,24,7,diagnosis_mask7.npz,diagnosis_mahalanobis_refit_detect_mask7.npz,relational_max,end_to_end_unique_top1,,,,,,,,,True,artifact predates this comparison: kinds is absent
chow_liu_leaf6/seed25,25,0,logs/ts/ws/diagnosis_fd001_candidate/chow_liu_leaf6/seed25/artifacts/diagnosis_mask0.npz,logs/ts/ws/diagnosis_fd001_candidate/chow_liu_leaf6/seed25/artifacts/diagnosis_gaussian_fitted_mask0.npz,relational_max,auroc,exploratory paired engine-bootstrap difference; training-seed variability is a separate axis,-0.08977823821749775,-0.12062066317961515,-0.06062541375453475,1000,10,,,,
chow_liu_leaf6/seed25,25,0,logs/ts/ws/diagnosis_fd001_candidate/chow_liu_leaf6/seed25/artifacts/diagnosis_mask0.npz,logs/ts/ws/diagnosis_fd001_candidate/chow_liu_leaf6/seed25/artifacts/diagnosis_gaussian_fitted_mask0.npz,relational_max,loc_ap,exploratory paired engine-bootstrap difference; training-seed variability is a separate axis,,-0.1985545518961162,-0.1442899607700264,1000,10,-0.17250830959164287,,,
chow_liu_leaf6/seed25,25,0,logs/ts/ws/diagnosis_fd001_candidate/chow_liu_leaf6/seed25/artifacts/diagnosis_mask0.npz,logs/ts/ws/diagnosis_fd001_candidate/chow_liu_leaf6/seed25/artifacts/diagnosis_gaussian_fitted_mask0.npz,relational_max,end_to_end_unique_top1,exploratory paired engine-bootstrap difference; training-seed variability is a separate axis,,-0.2874224137931034,-0.204246975385899,1000,10,,-0.23937360178970918,,
chow_liu_leaf6/seed25,25,0,diagnosis_mask0.npz,diagnosis_gmm_impute_detect_mask0.npz,relational_max,auroc,,,,,,,,,True,artifact predates this comparison: kinds is absent
chow_liu_leaf6/seed25,25,0,diagnosis_mask0.npz,diagnosis_gmm_impute_detect_mask0.npz,relational_max,loc_ap,,,,,,,,,True,artifact predates this comparison: kinds is absent
chow_liu_leaf6/seed25,25,0,diagnosis_mask0.npz,diagnosis_gmm_impute_detect_mask0.npz,relational_max,end_to_end_unique_top1,,,,,,,,,True,artifact predates this comparison: kinds is absent
chow_liu_leaf6/seed25,25,0,diagnosis_mask0.npz,diagnosis_gmm_refit_detect_mask0.npz,relational_max,auroc,,,,,,,,,True,artifact predates this comparison: kinds is absent
chow_liu_leaf6/seed25,25,0,diagnosis_mask0.npz,diagnosis_gmm_refit_detect_mask0.npz,relational_max,loc_ap,,,,,,,,,True,artifact predates this comparison: kinds is absent
chow_liu_leaf6/seed25,25,0,diagnosis_mask0.npz,diagnosis_gmm_refit_detect_mask0.npz,relational_max,end_to_end_unique_top1,,,,,,,,,True,artifact predates this comparison: kinds is absent
chow_liu_leaf6/seed25,25,0,diagnosis_mask0.npz,diagnosis_knn_impute_detect_mask0.npz,relational_max,auroc,,,,,,,,,True,artifact predates this comparison: kinds is absent
chow_liu_leaf6/seed25,25,0,diagnosis_mask0.npz,diagnosis_knn_impute_detect_mask0.npz,relational_max,loc_ap,,,,,,,,,True,artifact predates this comparison: kinds is absent
chow_liu_leaf6/seed25,25,0,diagnosis_mask0.npz,diagnosis_knn_impute_detect_mask0.npz,relational_max,end_to_end_unique_top1,,,,,,,,,True,artifact predates this comparison: kinds is absent
chow_liu_leaf6/seed25,25,0,diagnosis_mask0.npz,diagnosis_knn_refit_detect_mask0.npz,relational_max,auroc,,,,,,,,,True,artifact predates this comparison: kinds is absent
chow_liu_leaf6/seed25,25,0,diagnosis_mask0.npz,diagnosis_knn_refit_detect_mask0.npz,relational_max,loc_ap,,,,,,,,,True,artifact predates this comparison: kinds is absent
chow_liu_leaf6/seed25,25,0,diagnosis_mask0.npz,diagnosis_knn_refit_detect_mask0.npz,relational_max,end_to_end_unique_top1,,,,,,,,,True,artifact predates this comparison: kinds is absent
chow_liu_leaf6/seed25,25,0,diagnosis_mask0.npz,diagnosis_mahalanobis_impute_detect_mask0.npz,relational_max,auroc,,,,,,,,,True,artifact predates this comparison: kinds is absent
chow_liu_leaf6/seed25,25,0,diagnosis_mask0.npz,diagnosis_mahalanobis_impute_detect_mask0.npz,relational_max,loc_ap,,,,,,,,,True,artifact predates this comparison: kinds is absent
chow_liu_leaf6/seed25,25,0,diagnosis_mask0.npz,diagnosis_mahalanobis_impute_detect_mask0.npz,relational_max,end_to_end_unique_top1,,,,,,,,,True,artifact predates this comparison: kinds is absent
chow_liu_leaf6/seed25,25,0,diagnosis_mask0.npz,diagnosis_mahalanobis_refit_detect_mask0.npz,relational_max,auroc,,,,,,,,,True,artifact predates this comparison: kinds is absent
chow_liu_leaf6/seed25,25,0,diagnosis_mask0.npz,diagnosis_mahalanobis_refit_detect_mask0.npz,relational_max,loc_ap,,,,,,,,,True,artifact predates this comparison: kinds is absent
chow_liu_leaf6/seed25,25,0,diagnosis_mask0.npz,diagnosis_mahalanobis_refit_detect_mask0.npz,relational_max,end_to_end_unique_top1,,,,,,,,,True,artifact predates this comparison: kinds is absent
chow_liu_leaf6/seed25,25,1,logs/ts/ws/diagnosis_fd001_candidate/chow_liu_leaf6/seed25/artifacts/diagnosis_mask1.npz,logs/ts/ws/diagnosis_fd001_candidate/chow_liu_leaf6/seed25/artifacts/diagnosis_gaussian_fitted_mask1.npz,relational_max,auroc,exploratory paired engine-bootstrap difference; training-seed variability is a separate axis,-0.08914763599237274,-0.11845786489996879,-0.06272014919261817,1000,10,,,,
chow_liu_leaf6/seed25,25,1,logs/ts/ws/diagnosis_fd001_candidate/chow_liu_leaf6/seed25/artifacts/diagnosis_mask1.npz,logs/ts/ws/diagnosis_fd001_candidate/chow_liu_leaf6/seed25/artifacts/diagnosis_gaussian_fitted_mask1.npz,relational_max,loc_ap,exploratory paired engine-bootstrap difference; training-seed variability is a separate axis,,-0.2041812655020189,-0.1522334039927452,1000,10,-0.17680610328674107,,,
chow_liu_leaf6/seed25,25,1,logs/ts/ws/diagnosis_fd001_candidate/chow_liu_leaf6/seed25/artifacts/diagnosis_mask1.npz,logs/ts/ws/diagnosis_fd001_candidate/chow_liu_leaf6/seed25/artifacts/diagnosis_gaussian_fitted_mask1.npz,relational_max,end_to_end_unique_top1,exploratory paired engine-bootstrap difference; training-seed variability is a separate axis,,-0.25762830615891763,-0.20381714770165274,1000,10,,-0.22818791946308725,,
chow_liu_leaf6/seed25,25,1,diagnosis_mask1.npz,diagnosis_gmm_impute_detect_mask1.npz,relational_max,auroc,,,,,,,,,True,artifact predates this comparison: kinds is absent
chow_liu_leaf6/seed25,25,1,diagnosis_mask1.npz,diagnosis_gmm_impute_detect_mask1.npz,relational_max,loc_ap,,,,,,,,,True,artifact predates this comparison: kinds is absent
chow_liu_leaf6/seed25,25,1,diagnosis_mask1.npz,diagnosis_gmm_impute_detect_mask1.npz,relational_max,end_to_end_unique_top1,,,,,,,,,True,artifact predates this comparison: kinds is absent
chow_liu_leaf6/seed25,25,1,diagnosis_mask1.npz,diagnosis_gmm_refit_detect_mask1.npz,relational_max,auroc,,,,,,,,,True,artifact predates this comparison: kinds is absent
chow_liu_leaf6/seed25,25,1,diagnosis_mask1.npz,diagnosis_gmm_refit_detect_mask1.npz,relational_max,loc_ap,,,,,,,,,True,artifact predates this comparison: kinds is absent
chow_liu_leaf6/seed25,25,1,diagnosis_mask1.npz,diagnosis_gmm_refit_detect_mask1.npz,relational_max,end_to_end_unique_top1,,,,,,,,,True,artifact predates this comparison: kinds is absent
chow_liu_leaf6/seed25,25,1,diagnosis_mask1.npz,diagnosis_knn_impute_detect_mask1.npz,relational_max,auroc,,,,,,,,,True,artifact predates this comparison: kinds is absent
chow_liu_leaf6/seed25,25,1,diagnosis_mask1.npz,diagnosis_knn_impute_detect_mask1.npz,relational_max,loc_ap,,,,,,,,,True,artifact predates this comparison: kinds is absent
chow_liu_leaf6/seed25,25,1,diagnosis_mask1.npz,diagnosis_knn_impute_detect_mask1.npz,relational_max,end_to_end_unique_top1,,,,,,,,,True,artifact predates this comparison: kinds is absent
chow_liu_leaf6/seed25,25,1,diagnosis_mask1.npz,diagnosis_knn_refit_detect_mask1.npz,relational_max,auroc,,,,,,,,,True,artifact predates this comparison: kinds is absent
chow_liu_leaf6/seed25,25,1,diagnosis_mask1.npz,diagnosis_knn_refit_detect_mask1.npz,relational_max,loc_ap,,,,,,,,,True,artifact predates this comparison: kinds is absent
chow_liu_leaf6/seed25,25,1,diagnosis_mask1.npz,diagnosis_knn_refit_detect_mask1.npz,relational_max,end_to_end_unique_top1,,,,,,,,,True,artifact predates this comparison: kinds is absent
chow_liu_leaf6/seed25,25,1,diagnosis_mask1.npz,diagnosis_mahalanobis_impute_detect_mask1.npz,relational_max,auroc,,,,,,,,,True,artifact predates this comparison: kinds is absent
chow_liu_leaf6/seed25,25,1,diagnosis_mask1.npz,diagnosis_mahalanobis_impute_detect_mask1.npz,relational_max,loc_ap,,,,,,,,,True,artifact predates this comparison: kinds is absent
chow_liu_leaf6/seed25,25,1,diagnosis_mask1.npz,diagnosis_mahalanobis_impute_detect_mask1.npz,relational_max,end_to_end_unique_top1,,,,,,,,,True,artifact predates this comparison: kinds is absent
chow_liu_leaf6/seed25,25,1,diagnosis_mask1.npz,diagnosis_mahalanobis_refit_detect_mask1.npz,relational_max,auroc,,,,,,,,,True,artifact predates this comparison: kinds is absent
chow_liu_leaf6/seed25,25,1,diagnosis_mask1.npz,diagnosis_mahalanobis_refit_detect_mask1.npz,relational_max,loc_ap,,,,,,,,,True,artifact predates this comparison: kinds is absent
chow_liu_leaf6/seed25,25,1,diagnosis_mask1.npz,diagnosis_mahalanobis_refit_detect_mask1.npz,relational_max,end_to_end_unique_top1,,,,,,,,,True,artifact predates this comparison: kinds is absent
chow_liu_leaf6/seed25,25,2,logs/ts/ws/diagnosis_fd001_candidate/chow_liu_leaf6/seed25/artifacts/diagnosis_mask2.npz,logs/ts/ws/diagnosis_fd001_candidate/chow_liu_leaf6/seed25/artifacts/diagnosis_gaussian_fitted_mask2.npz,relational_max,auroc,exploratory paired engine-bootstrap difference; training-seed variability is a separate axis,-0.08618230410041594,-0.10877897894419515,-0.06928176870736497,1000,10,,,,
chow_liu_leaf6/seed25,25,2,logs/ts/ws/diagnosis_fd001_candidate/chow_liu_leaf6/seed25/artifacts/diagnosis_mask2.npz,logs/ts/ws/diagnosis_fd001_candidate/chow_liu_leaf6/seed25/artifacts/diagnosis_gaussian_fitted_mask2.npz,relational_max,loc_ap,exploratory paired engine-bootstrap difference; training-seed variability is a separate axis,,-0.19282423168316093,-0.12268075359591464,1000,10,-0.15761193015127628,,,
chow_liu_leaf6/seed25,25,2,logs/ts/ws/diagnosis_fd001_candidate/chow_liu_leaf6/seed25/artifacts/diagnosis_mask2.npz,logs/ts/ws/diagnosis_fd001_candidate/chow_liu_leaf6/seed25/artifacts/diagnosis_gaussian_fitted_mask2.npz,relational_max,end_to_end_unique_top1,exploratory paired engine-bootstrap difference; training-seed variability is a separate axis,,-0.3073216463414634,-0.21479443927564956,1000,10,,-0.25727069351230425,,
chow_liu_leaf6/seed25,25,2,diagnosis_mask2.npz,diagnosis_gmm_impute_detect_mask2.npz,relational_max,auroc,,,,,,,,,True,artifact predates this comparison: kinds is absent
chow_liu_leaf6/seed25,25,2,diagnosis_mask2.npz,diagnosis_gmm_impute_detect_mask2.npz,relational_max,loc_ap,,,,,,,,,True,artifact predates this comparison: kinds is absent
chow_liu_leaf6/seed25,25,2,diagnosis_mask2.npz,diagnosis_gmm_impute_detect_mask2.npz,relational_max,end_to_end_unique_top1,,,,,,,,,True,artifact predates this comparison: kinds is absent
chow_liu_leaf6/seed25,25,2,diagnosis_mask2.npz,diagnosis_gmm_refit_detect_mask2.npz,relational_max,auroc,,,,,,,,,True,artifact predates this comparison: kinds is absent
chow_liu_leaf6/seed25,25,2,diagnosis_mask2.npz,diagnosis_gmm_refit_detect_mask2.npz,relational_max,loc_ap,,,,,,,,,True,artifact predates this comparison: kinds is absent
chow_liu_leaf6/seed25,25,2,diagnosis_mask2.npz,diagnosis_gmm_refit_detect_mask2.npz,relational_max,end_to_end_unique_top1,,,,,,,,,True,artifact predates this comparison: kinds is absent
chow_liu_leaf6/seed25,25,2,diagnosis_mask2.npz,diagnosis_knn_impute_detect_mask2.npz,relational_max,auroc,,,,,,,,,True,artifact predates this comparison: kinds is absent
chow_liu_leaf6/seed25,25,2,diagnosis_mask2.npz,diagnosis_knn_impute_detect_mask2.npz,relational_max,loc_ap,,,,,,,,,True,artifact predates this comparison: kinds is absent
chow_liu_leaf6/seed25,25,2,diagnosis_mask2.npz,diagnosis_knn_impute_detect_mask2.npz,relational_max,end_to_end_unique_top1,,,,,,,,,True,artifact predates this comparison: kinds is absent
chow_liu_leaf6/seed25,25,2,diagnosis_mask2.npz,diagnosis_knn_refit_detect_mask2.npz,relational_max,auroc,,,,,,,,,True,artifact predates this comparison: kinds is absent
chow_liu_leaf6/seed25,25,2,diagnosis_mask2.npz,diagnosis_knn_refit_detect_mask2.npz,relational_max,loc_ap,,,,,,,,,True,artifact predates this comparison: kinds is absent
chow_liu_leaf6/seed25,25,2,diagnosis_mask2.npz,diagnosis_knn_refit_detect_mask2.npz,relational_max,end_to_end_unique_top1,,,,,,,,,True,artifact predates this comparison: kinds is absent
chow_liu_leaf6/seed25,25,2,diagnosis_mask2.npz,diagnosis_mahalanobis_impute_detect_mask2.npz,relational_max,auroc,,,,,,,,,True,artifact predates this comparison: kinds is absent
chow_liu_leaf6/seed25,25,2,diagnosis_mask2.npz,diagnosis_mahalanobis_impute_detect_mask2.npz,relational_max,loc_ap,,,,,,,,,True,artifact predates this comparison: kinds is absent
chow_liu_leaf6/seed25,25,2,diagnosis_mask2.npz,diagnosis_mahalanobis_impute_detect_mask2.npz,relational_max,end_to_end_unique_top1,,,,,,,,,True,artifact predates this comparison: kinds is absent
chow_liu_leaf6/seed25,25,2,diagnosis_mask2.npz,diagnosis_mahalanobis_refit_detect_mask2.npz,relational_max,auroc,,,,,,,,,True,artifact predates this comparison: kinds is absent
chow_liu_leaf6/seed25,25,2,diagnosis_mask2.npz,diagnosis_mahalanobis_refit_detect_mask2.npz,relational_max,loc_ap,,,,,,,,,True,artifact predates this comparison: kinds is absent
chow_liu_leaf6/seed25,25,2,diagnosis_mask2.npz,diagnosis_mahalanobis_refit_detect_mask2.npz,relational_max,end_to_end_unique_top1,,,,,,,,,True,artifact predates this comparison: kinds is absent
chow_liu_leaf6/seed25,25,3,logs/ts/ws/diagnosis_fd001_candidate/chow_liu_leaf6/seed25/artifacts/diagnosis_mask3.npz,logs/ts/ws/diagnosis_fd001_candidate/chow_liu_leaf6/seed25/artifacts/diagnosis_gaussian_fitted_mask3.npz,relational_max,auroc,exploratory paired engine-bootstrap difference; training-seed variability is a separate axis,-0.12242942009619184,-0.14358475372525403,-0.09653926106811132,1000,10,,,,
chow_liu_leaf6/seed25,25,3,logs/ts/ws/diagnosis_fd001_candidate/chow_liu_leaf6/seed25/artifacts/diagnosis_mask3.npz,logs/ts/ws/diagnosis_fd001_candidate/chow_liu_leaf6/seed25/artifacts/diagnosis_gaussian_fitted_mask3.npz,relational_max,loc_ap,exploratory paired engine-bootstrap difference; training-seed variability is a separate axis,,-0.2003585076595894,-0.13991776661247424,1000,10,-0.17029470289556736,,,
chow_liu_leaf6/seed25,25,3,logs/ts/ws/diagnosis_fd001_candidate/chow_liu_leaf6/seed25/artifacts/diagnosis_mask3.npz,logs/ts/ws/diagnosis_fd001_candidate/chow_liu_leaf6/seed25/artifacts/diagnosis_gaussian_fitted_mask3.npz,relational_max,end_to_end_unique_top1,exploratory paired engine-bootstrap difference; training-seed variability is a separate axis,,-0.28251615168539324,-0.1974675430055177,1000,10,,-0.24161073825503357,,
chow_liu_leaf6/seed25,25,3,diagnosis_mask3.npz,diagnosis_gmm_impute_detect_mask3.npz,relational_max,auroc,,,,,,,,,True,artifact predates this comparison: kinds is absent
chow_liu_leaf6/seed25,25,3,diagnosis_mask3.npz,diagnosis_gmm_impute_detect_mask3.npz,relational_max,loc_ap,,,,,,,,,True,artifact predates this comparison: kinds is absent
chow_liu_leaf6/seed25,25,3,diagnosis_mask3.npz,diagnosis_gmm_impute_detect_mask3.npz,relational_max,end_to_end_unique_top1,,,,,,,,,True,artifact predates this comparison: kinds is absent
chow_liu_leaf6/seed25,25,3,diagnosis_mask3.npz,diagnosis_gmm_refit_detect_mask3.npz,relational_max,auroc,,,,,,,,,True,artifact predates this comparison: kinds is absent
chow_liu_leaf6/seed25,25,3,diagnosis_mask3.npz,diagnosis_gmm_refit_detect_mask3.npz,relational_max,loc_ap,,,,,,,,,True,artifact predates this comparison: kinds is absent
chow_liu_leaf6/seed25,25,3,diagnosis_mask3.npz,diagnosis_gmm_refit_detect_mask3.npz,relational_max,end_to_end_unique_top1,,,,,,,,,True,artifact predates this comparison: kinds is absent
chow_liu_leaf6/seed25,25,3,diagnosis_mask3.npz,diagnosis_knn_impute_detect_mask3.npz,relational_max,auroc,,,,,,,,,True,artifact predates this comparison: kinds is absent
chow_liu_leaf6/seed25,25,3,diagnosis_mask3.npz,diagnosis_knn_impute_detect_mask3.npz,relational_max,loc_ap,,,,,,,,,True,artifact predates this comparison: kinds is absent
chow_liu_leaf6/seed25,25,3,diagnosis_mask3.npz,diagnosis_knn_impute_detect_mask3.npz,relational_max,end_to_end_unique_top1,,,,,,,,,True,artifact predates this comparison: kinds is absent
chow_liu_leaf6/seed25,25,3,diagnosis_mask3.npz,diagnosis_knn_refit_detect_mask3.npz,relational_max,auroc,,,,,,,,,True,artifact predates this comparison: kinds is absent
chow_liu_leaf6/seed25,25,3,diagnosis_mask3.npz,diagnosis_knn_refit_detect_mask3.npz,relational_max,loc_ap,,,,,,,,,True,artifact predates this comparison: kinds is absent
chow_liu_leaf6/seed25,25,3,diagnosis_mask3.npz,diagnosis_knn_refit_detect_mask3.npz,relational_max,end_to_end_unique_top1,,,,,,,,,True,artifact predates this comparison: kinds is absent
chow_liu_leaf6/seed25,25,3,diagnosis_mask3.npz,diagnosis_mahalanobis_impute_detect_mask3.npz,relational_max,auroc,,,,,,,,,True,artifact predates this comparison: kinds is absent
chow_liu_leaf6/seed25,25,3,diagnosis_mask3.npz,diagnosis_mahalanobis_impute_detect_mask3.npz,relational_max,loc_ap,,,,,,,,,True,artifact predates this comparison: kinds is absent
chow_liu_leaf6/seed25,25,3,diagnosis_mask3.npz,diagnosis_mahalanobis_impute_detect_mask3.npz,relational_max,end_to_end_unique_top1,,,,,,,,,True,artifact predates this comparison: kinds is absent
chow_liu_leaf6/seed25,25,3,diagnosis_mask3.npz,diagnosis_mahalanobis_refit_detect_mask3.npz,relational_max,auroc,,,,,,,,,True,artifact predates this comparison: kinds is absent
chow_liu_leaf6/seed25,25,3,diagnosis_mask3.npz,diagnosis_mahalanobis_refit_detect_mask3.npz,relational_max,loc_ap,,,,,,,,,True,artifact predates this comparison: kinds is absent
chow_liu_leaf6/seed25,25,3,diagnosis_mask3.npz,diagnosis_mahalanobis_refit_detect_mask3.npz,relational_max,end_to_end_unique_top1,,,,,,,,,True,artifact predates this comparison: kinds is absent
chow_liu_leaf6/seed25,25,4,logs/ts/ws/diagnosis_fd001_candidate/chow_liu_leaf6/seed25/artifacts/diagnosis_mask4.npz,logs/ts/ws/diagnosis_fd001_candidate/chow_liu_leaf6/seed25/artifacts/diagnosis_gaussian_fitted_mask4.npz,relational_max,auroc,exploratory paired engine-bootstrap difference; training-seed variability is a separate axis,-0.07370789103593933,-0.10160277166763759,-0.050152745851289364,1000,10,,,,
chow_liu_leaf6/seed25,25,4,logs/ts/ws/diagnosis_fd001_candidate/chow_liu_leaf6/seed25/artifacts/diagnosis_mask4.npz,logs/ts/ws/diagnosis_fd001_candidate/chow_liu_leaf6/seed25/artifacts/diagnosis_gaussian_fitted_mask4.npz,relational_max,loc_ap,exploratory paired engine-bootstrap difference; training-seed variability is a separate axis,,-0.22278235846348193,-0.11933466325018721,1000,10,-0.1694938114134542,,,
chow_liu_leaf6/seed25,25,4,logs/ts/ws/diagnosis_fd001_candidate/chow_liu_leaf6/seed25/artifacts/diagnosis_mask4.npz,logs/ts/ws/diagnosis_fd001_candidate/chow_liu_leaf6/seed25/artifacts/diagnosis_gaussian_fitted_mask4.npz,relational_max,end_to_end_unique_top1,exploratory paired engine-bootstrap difference; training-seed variability is a separate axis,,-0.2735053554040896,-0.15807703094325512,1000,10,,-0.2058165548098434,,
chow_liu_leaf6/seed25,25,4,diagnosis_mask4.npz,diagnosis_gmm_impute_detect_mask4.npz,relational_max,auroc,,,,,,,,,True,artifact predates this comparison: kinds is absent
chow_liu_leaf6/seed25,25,4,diagnosis_mask4.npz,diagnosis_gmm_impute_detect_mask4.npz,relational_max,loc_ap,,,,,,,,,True,artifact predates this comparison: kinds is absent
chow_liu_leaf6/seed25,25,4,diagnosis_mask4.npz,diagnosis_gmm_impute_detect_mask4.npz,relational_max,end_to_end_unique_top1,,,,,,,,,True,artifact predates this comparison: kinds is absent
chow_liu_leaf6/seed25,25,4,diagnosis_mask4.npz,diagnosis_gmm_refit_detect_mask4.npz,relational_max,auroc,,,,,,,,,True,artifact predates this comparison: kinds is absent
chow_liu_leaf6/seed25,25,4,diagnosis_mask4.npz,diagnosis_gmm_refit_detect_mask4.npz,relational_max,loc_ap,,,,,,,,,True,artifact predates this comparison: kinds is absent
chow_liu_leaf6/seed25,25,4,diagnosis_mask4.npz,diagnosis_gmm_refit_detect_mask4.npz,relational_max,end_to_end_unique_top1,,,,,,,,,True,artifact predates this comparison: kinds is absent
chow_liu_leaf6/seed25,25,4,diagnosis_mask4.npz,diagnosis_knn_impute_detect_mask4.npz,relational_max,auroc,,,,,,,,,True,artifact predates this comparison: kinds is absent
chow_liu_leaf6/seed25,25,4,diagnosis_mask4.npz,diagnosis_knn_impute_detect_mask4.npz,relational_max,loc_ap,,,,,,,,,True,artifact predates this comparison: kinds is absent
chow_liu_leaf6/seed25,25,4,diagnosis_mask4.npz,diagnosis_knn_impute_detect_mask4.npz,relational_max,end_to_end_unique_top1,,,,,,,,,True,artifact predates this comparison: kinds is absent
chow_liu_leaf6/seed25,25,4,diagnosis_mask4.npz,diagnosis_knn_refit_detect_mask4.npz,relational_max,auroc,,,,,,,,,True,artifact predates this comparison: kinds is absent
chow_liu_leaf6/seed25,25,4,diagnosis_mask4.npz,diagnosis_knn_refit_detect_mask4.npz,relational_max,loc_ap,,,,,,,,,True,artifact predates this comparison: kinds is absent
chow_liu_leaf6/seed25,25,4,diagnosis_mask4.npz,diagnosis_knn_refit_detect_mask4.npz,relational_max,end_to_end_unique_top1,,,,,,,,,True,artifact predates this comparison: kinds is absent
chow_liu_leaf6/seed25,25,4,diagnosis_mask4.npz,diagnosis_mahalanobis_impute_detect_mask4.npz,relational_max,auroc,,,,,,,,,True,artifact predates this comparison: kinds is absent
chow_liu_leaf6/seed25,25,4,diagnosis_mask4.npz,diagnosis_mahalanobis_impute_detect_mask4.npz,relational_max,loc_ap,,,,,,,,,True,artifact predates this comparison: kinds is absent
chow_liu_leaf6/seed25,25,4,diagnosis_mask4.npz,diagnosis_mahalanobis_impute_detect_mask4.npz,relational_max,end_to_end_unique_top1,,,,,,,,,True,artifact predates this comparison: kinds is absent
chow_liu_leaf6/seed25,25,4,diagnosis_mask4.npz,diagnosis_mahalanobis_refit_detect_mask4.npz,relational_max,auroc,,,,,,,,,True,artifact predates this comparison: kinds is absent
chow_liu_leaf6/seed25,25,4,diagnosis_mask4.npz,diagnosis_mahalanobis_refit_detect_mask4.npz,relational_max,loc_ap,,,,,,,,,True,artifact predates this comparison: kinds is absent
chow_liu_leaf6/seed25,25,4,diagnosis_mask4.npz,diagnosis_mahalanobis_refit_detect_mask4.npz,relational_max,end_to_end_unique_top1,,,,,,,,,True,artifact predates this comparison: kinds is absent
chow_liu_leaf6/seed25,25,5,logs/ts/ws/diagnosis_fd001_candidate/chow_liu_leaf6/seed25/artifacts/diagnosis_mask5.npz,logs/ts/ws/diagnosis_fd001_candidate/chow_liu_leaf6/seed25/artifacts/diagnosis_gaussian_fitted_mask5.npz,relational_max,auroc,exploratory paired engine-bootstrap difference; training-seed variability is a separate axis,-0.09365944476975507,-0.12393543700501797,-0.06689644294729394,1000,10,,,,
chow_liu_leaf6/seed25,25,5,logs/ts/ws/diagnosis_fd001_candidate/chow_liu_leaf6/seed25/artifacts/diagnosis_mask5.npz,logs/ts/ws/diagnosis_fd001_candidate/chow_liu_leaf6/seed25/artifacts/diagnosis_gaussian_fitted_mask5.npz,relational_max,loc_ap,exploratory paired engine-bootstrap difference; training-seed variability is a separate axis,,-0.20826311995523095,-0.1532429791308963,1000,10,-0.17981753844027615,,,
chow_liu_leaf6/seed25,25,5,logs/ts/ws/diagnosis_fd001_candidate/chow_liu_leaf6/seed25/artifacts/diagnosis_mask5.npz,logs/ts/ws/diagnosis_fd001_candidate/chow_liu_leaf6/seed25/artifacts/diagnosis_gaussian_fitted_mask5.npz,relational_max,end_to_end_unique_top1,exploratory paired engine-bootstrap difference; training-seed variability is a separate axis,,-0.29416413116970935,-0.21621445664414415,1000,10,,-0.2505592841163311,,
chow_liu_leaf6/seed25,25,5,diagnosis_mask5.npz,diagnosis_gmm_impute_detect_mask5.npz,relational_max,auroc,,,,,,,,,True,artifact predates this comparison: kinds is absent
chow_liu_leaf6/seed25,25,5,diagnosis_mask5.npz,diagnosis_gmm_impute_detect_mask5.npz,relational_max,loc_ap,,,,,,,,,True,artifact predates this comparison: kinds is absent
chow_liu_leaf6/seed25,25,5,diagnosis_mask5.npz,diagnosis_gmm_impute_detect_mask5.npz,relational_max,end_to_end_unique_top1,,,,,,,,,True,artifact predates this comparison: kinds is absent
chow_liu_leaf6/seed25,25,5,diagnosis_mask5.npz,diagnosis_gmm_refit_detect_mask5.npz,relational_max,auroc,,,,,,,,,True,artifact predates this comparison: kinds is absent
chow_liu_leaf6/seed25,25,5,diagnosis_mask5.npz,diagnosis_gmm_refit_detect_mask5.npz,relational_max,loc_ap,,,,,,,,,True,artifact predates this comparison: kinds is absent
chow_liu_leaf6/seed25,25,5,diagnosis_mask5.npz,diagnosis_gmm_refit_detect_mask5.npz,relational_max,end_to_end_unique_top1,,,,,,,,,True,artifact predates this comparison: kinds is absent
chow_liu_leaf6/seed25,25,5,diagnosis_mask5.npz,diagnosis_knn_impute_detect_mask5.npz,relational_max,auroc,,,,,,,,,True,artifact predates this comparison: kinds is absent
chow_liu_leaf6/seed25,25,5,diagnosis_mask5.npz,diagnosis_knn_impute_detect_mask5.npz,relational_max,loc_ap,,,,,,,,,True,artifact predates this comparison: kinds is absent
chow_liu_leaf6/seed25,25,5,diagnosis_mask5.npz,diagnosis_knn_impute_detect_mask5.npz,relational_max,end_to_end_unique_top1,,,,,,,,,True,artifact predates this comparison: kinds is absent
chow_liu_leaf6/seed25,25,5,diagnosis_mask5.npz,diagnosis_knn_refit_detect_mask5.npz,relational_max,auroc,,,,,,,,,True,artifact predates this comparison: kinds is absent
chow_liu_leaf6/seed25,25,5,diagnosis_mask5.npz,diagnosis_knn_refit_detect_mask5.npz,relational_max,loc_ap,,,,,,,,,True,artifact predates this comparison: kinds is absent
chow_liu_leaf6/seed25,25,5,diagnosis_mask5.npz,diagnosis_knn_refit_detect_mask5.npz,relational_max,end_to_end_unique_top1,,,,,,,,,True,artifact predates this comparison: kinds is absent
chow_liu_leaf6/seed25,25,5,diagnosis_mask5.npz,diagnosis_mahalanobis_impute_detect_mask5.npz,relational_max,auroc,,,,,,,,,True,artifact predates this comparison: kinds is absent
chow_liu_leaf6/seed25,25,5,diagnosis_mask5.npz,diagnosis_mahalanobis_impute_detect_mask5.npz,relational_max,loc_ap,,,,,,,,,True,artifact predates this comparison: kinds is absent
chow_liu_leaf6/seed25,25,5,diagnosis_mask5.npz,diagnosis_mahalanobis_impute_detect_mask5.npz,relational_max,end_to_end_unique_top1,,,,,,,,,True,artifact predates this comparison: kinds is absent
chow_liu_leaf6/seed25,25,5,diagnosis_mask5.npz,diagnosis_mahalanobis_refit_detect_mask5.npz,relational_max,auroc,,,,,,,,,True,artifact predates this comparison: kinds is absent
chow_liu_leaf6/seed25,25,5,diagnosis_mask5.npz,diagnosis_mahalanobis_refit_detect_mask5.npz,relational_max,loc_ap,,,,,,,,,True,artifact predates this comparison: kinds is absent
chow_liu_leaf6/seed25,25,5,diagnosis_mask5.npz,diagnosis_mahalanobis_refit_detect_mask5.npz,relational_max,end_to_end_unique_top1,,,,,,,,,True,artifact predates this comparison: kinds is absent
chow_liu_leaf6/seed25,25,6,logs/ts/ws/diagnosis_fd001_candidate/chow_liu_leaf6/seed25/artifacts/diagnosis_mask6.npz,logs/ts/ws/diagnosis_fd001_candidate/chow_liu_leaf6/seed25/artifacts/diagnosis_gaussian_fitted_mask6.npz,relational_max,auroc,exploratory paired engine-bootstrap difference; training-seed variability is a separate axis,-0.07466630632253801,-0.10165451917860246,-0.04534266036580777,1000,10,,,,
chow_liu_leaf6/seed25,25,6,logs/ts/ws/diagnosis_fd001_candidate/chow_liu_leaf6/seed25/artifacts/diagnosis_mask6.npz,logs/ts/ws/diagnosis_fd001_candidate/chow_liu_leaf6/seed25/artifacts/diagnosis_gaussian_fitted_mask6.npz,relational_max,loc_ap,exploratory paired engine-bootstrap difference; training-seed variability is a separate axis,,-0.15060696242731808,-0.07795595174223897,1000,10,-0.11703642435995376,,,
chow_liu_leaf6/seed25,25,6,logs/ts/ws/diagnosis_fd001_candidate/chow_liu_leaf6/seed25/artifacts/diagnosis_mask6.npz,logs/ts/ws/diagnosis_fd001_candidate/chow_liu_leaf6/seed25/artifacts/diagnosis_gaussian_fitted_mask6.npz,relational_max,end_to_end_unique_top1,exploratory paired engine-bootstrap difference; training-seed variability is a separate axis,,-0.22619491826581375,-0.1553975850850851,1000,10,,-0.18791946308724833,,
chow_liu_leaf6/seed25,25,6,diagnosis_mask6.npz,diagnosis_gmm_impute_detect_mask6.npz,relational_max,auroc,,,,,,,,,True,artifact predates this comparison: kinds is absent
chow_liu_leaf6/seed25,25,6,diagnosis_mask6.npz,diagnosis_gmm_impute_detect_mask6.npz,relational_max,loc_ap,,,,,,,,,True,artifact predates this comparison: kinds is absent
chow_liu_leaf6/seed25,25,6,diagnosis_mask6.npz,diagnosis_gmm_impute_detect_mask6.npz,relational_max,end_to_end_unique_top1,,,,,,,,,True,artifact predates this comparison: kinds is absent
chow_liu_leaf6/seed25,25,6,diagnosis_mask6.npz,diagnosis_gmm_refit_detect_mask6.npz,relational_max,auroc,,,,,,,,,True,artifact predates this comparison: kinds is absent
chow_liu_leaf6/seed25,25,6,diagnosis_mask6.npz,diagnosis_gmm_refit_detect_mask6.npz,relational_max,loc_ap,,,,,,,,,True,artifact predates this comparison: kinds is absent
chow_liu_leaf6/seed25,25,6,diagnosis_mask6.npz,diagnosis_gmm_refit_detect_mask6.npz,relational_max,end_to_end_unique_top1,,,,,,,,,True,artifact predates this comparison: kinds is absent
chow_liu_leaf6/seed25,25,6,diagnosis_mask6.npz,diagnosis_knn_impute_detect_mask6.npz,relational_max,auroc,,,,,,,,,True,artifact predates this comparison: kinds is absent
chow_liu_leaf6/seed25,25,6,diagnosis_mask6.npz,diagnosis_knn_impute_detect_mask6.npz,relational_max,loc_ap,,,,,,,,,True,artifact predates this comparison: kinds is absent
chow_liu_leaf6/seed25,25,6,diagnosis_mask6.npz,diagnosis_knn_impute_detect_mask6.npz,relational_max,end_to_end_unique_top1,,,,,,,,,True,artifact predates this comparison: kinds is absent
chow_liu_leaf6/seed25,25,6,diagnosis_mask6.npz,diagnosis_knn_refit_detect_mask6.npz,relational_max,auroc,,,,,,,,,True,artifact predates this comparison: kinds is absent
chow_liu_leaf6/seed25,25,6,diagnosis_mask6.npz,diagnosis_knn_refit_detect_mask6.npz,relational_max,loc_ap,,,,,,,,,True,artifact predates this comparison: kinds is absent
chow_liu_leaf6/seed25,25,6,diagnosis_mask6.npz,diagnosis_knn_refit_detect_mask6.npz,relational_max,end_to_end_unique_top1,,,,,,,,,True,artifact predates this comparison: kinds is absent
chow_liu_leaf6/seed25,25,6,diagnosis_mask6.npz,diagnosis_mahalanobis_impute_detect_mask6.npz,relational_max,auroc,,,,,,,,,True,artifact predates this comparison: kinds is absent
chow_liu_leaf6/seed25,25,6,diagnosis_mask6.npz,diagnosis_mahalanobis_impute_detect_mask6.npz,relational_max,loc_ap,,,,,,,,,True,artifact predates this comparison: kinds is absent
chow_liu_leaf6/seed25,25,6,diagnosis_mask6.npz,diagnosis_mahalanobis_impute_detect_mask6.npz,relational_max,end_to_end_unique_top1,,,,,,,,,True,artifact predates this comparison: kinds is absent
chow_liu_leaf6/seed25,25,6,diagnosis_mask6.npz,diagnosis_mahalanobis_refit_detect_mask6.npz,relational_max,auroc,,,,,,,,,True,artifact predates this comparison: kinds is absent
chow_liu_leaf6/seed25,25,6,diagnosis_mask6.npz,diagnosis_mahalanobis_refit_detect_mask6.npz,relational_max,loc_ap,,,,,,,,,True,artifact predates this comparison: kinds is absent
chow_liu_leaf6/seed25,25,6,diagnosis_mask6.npz,diagnosis_mahalanobis_refit_detect_mask6.npz,relational_max,end_to_end_unique_top1,,,,,,,,,True,artifact predates this comparison: kinds is absent
chow_liu_leaf6/seed25,25,7,logs/ts/ws/diagnosis_fd001_candidate/chow_liu_leaf6/seed25/artifacts/diagnosis_mask7.npz,logs/ts/ws/diagnosis_fd001_candidate/chow_liu_leaf6/seed25/artifacts/diagnosis_gaussian_fitted_mask7.npz,relational_max,auroc,exploratory paired engine-bootstrap difference; training-seed variability is a separate axis,0.0,0.0,0.0,1000,10,,,,
chow_liu_leaf6/seed25,25,7,diagnosis_mask7.npz,diagnosis_gaussian_fitted_mask7.npz,relational_max,loc_ap,,,,,,,,,True,no bootstrap replicate produced a defined statistic
chow_liu_leaf6/seed25,25,7,logs/ts/ws/diagnosis_fd001_candidate/chow_liu_leaf6/seed25/artifacts/diagnosis_mask7.npz,logs/ts/ws/diagnosis_fd001_candidate/chow_liu_leaf6/seed25/artifacts/diagnosis_gaussian_fitted_mask7.npz,relational_max,end_to_end_unique_top1,exploratory paired engine-bootstrap difference; training-seed variability is a separate axis,,0.0,0.0,1000,10,,0.0,,
chow_liu_leaf6/seed25,25,7,diagnosis_mask7.npz,diagnosis_gmm_impute_detect_mask7.npz,relational_max,auroc,,,,,,,,,True,artifact predates this comparison: kinds is absent
chow_liu_leaf6/seed25,25,7,diagnosis_mask7.npz,diagnosis_gmm_impute_detect_mask7.npz,relational_max,loc_ap,,,,,,,,,True,artifact predates this comparison: kinds is absent
chow_liu_leaf6/seed25,25,7,diagnosis_mask7.npz,diagnosis_gmm_impute_detect_mask7.npz,relational_max,end_to_end_unique_top1,,,,,,,,,True,artifact predates this comparison: kinds is absent
chow_liu_leaf6/seed25,25,7,diagnosis_mask7.npz,diagnosis_gmm_refit_detect_mask7.npz,relational_max,auroc,,,,,,,,,True,artifact predates this comparison: kinds is absent
chow_liu_leaf6/seed25,25,7,diagnosis_mask7.npz,diagnosis_gmm_refit_detect_mask7.npz,relational_max,loc_ap,,,,,,,,,True,artifact predates this comparison: kinds is absent
chow_liu_leaf6/seed25,25,7,diagnosis_mask7.npz,diagnosis_gmm_refit_detect_mask7.npz,relational_max,end_to_end_unique_top1,,,,,,,,,True,artifact predates this comparison: kinds is absent
chow_liu_leaf6/seed25,25,7,diagnosis_mask7.npz,diagnosis_knn_impute_detect_mask7.npz,relational_max,auroc,,,,,,,,,True,artifact predates this comparison: kinds is absent
chow_liu_leaf6/seed25,25,7,diagnosis_mask7.npz,diagnosis_knn_impute_detect_mask7.npz,relational_max,loc_ap,,,,,,,,,True,artifact predates this comparison: kinds is absent
chow_liu_leaf6/seed25,25,7,diagnosis_mask7.npz,diagnosis_knn_impute_detect_mask7.npz,relational_max,end_to_end_unique_top1,,,,,,,,,True,artifact predates this comparison: kinds is absent
chow_liu_leaf6/seed25,25,7,diagnosis_mask7.npz,diagnosis_knn_refit_detect_mask7.npz,relational_max,auroc,,,,,,,,,True,artifact predates this comparison: kinds is absent
chow_liu_leaf6/seed25,25,7,diagnosis_mask7.npz,diagnosis_knn_refit_detect_mask7.npz,relational_max,loc_ap,,,,,,,,,True,artifact predates this comparison: kinds is absent
chow_liu_leaf6/seed25,25,7,diagnosis_mask7.npz,diagnosis_knn_refit_detect_mask7.npz,relational_max,end_to_end_unique_top1,,,,,,,,,True,artifact predates this comparison: kinds is absent
chow_liu_leaf6/seed25,25,7,diagnosis_mask7.npz,diagnosis_mahalanobis_impute_detect_mask7.npz,relational_max,auroc,,,,,,,,,True,artifact predates this comparison: kinds is absent
chow_liu_leaf6/seed25,25,7,diagnosis_mask7.npz,diagnosis_mahalanobis_impute_detect_mask7.npz,relational_max,loc_ap,,,,,,,,,True,artifact predates this comparison: kinds is absent
chow_liu_leaf6/seed25,25,7,diagnosis_mask7.npz,diagnosis_mahalanobis_impute_detect_mask7.npz,relational_max,end_to_end_unique_top1,,,,,,,,,True,artifact predates this comparison: kinds is absent
chow_liu_leaf6/seed25,25,7,diagnosis_mask7.npz,diagnosis_mahalanobis_refit_detect_mask7.npz,relational_max,auroc,,,,,,,,,True,artifact predates this comparison: kinds is absent
chow_liu_leaf6/seed25,25,7,diagnosis_mask7.npz,diagnosis_mahalanobis_refit_detect_mask7.npz,relational_max,loc_ap,,,,,,,,,True,artifact predates this comparison: kinds is absent
chow_liu_leaf6/seed25,25,7,diagnosis_mask7.npz,diagnosis_mahalanobis_refit_detect_mask7.npz,relational_max,end_to_end_unique_top1,,,,,,,,,True,artifact predates this comparison: kinds is absent
