experiment,variant,dataset,stage,method,log_partition_mean,log_partition_std,leaf_mean,leaf_std,sum_mean,sum_std,product_mean,product_std,nodes_mean,nodes_std,parameters_mean,parameters_std,optimizer_steps_mean,optimizer_steps_std,epochs_run_mean,epochs_run_std,best_epoch_mean,best_epoch_std,checkpoint_nll_mean,checkpoint_nll_std,fit_s_mean,fit_s_std,final_train_nll_mean,final_train_nll_std,lr_mean,lr_std,epochs_budget_mean,epochs_budget_std,batch_size_mean,batch_size_std,n_seeds,seeds,axis:variant,shortcut_auroc_mean,shortcut_auroc_std,shortcut_channel_mean,shortcut_channel_std,shortcut_n_dev_mean,shortcut_n_dev_std,shortcut_n_eval_mean,shortcut_n_eval_std,shortcut_features_mean,shortcut_features_std,oracle_max_error_mean,oracle_max_error_std,query_s_mean,query_s_std,warmup_s_mean,warmup_s_std,n_mean,n_std,n_observed_mean,n_observed_std,n_observed_min_mean,n_observed_min_std,n_observed_max_mean,n_observed_max_std,cost_passes_mean,cost_passes_std,cost_node_visits_mean,cost_node_visits_std,cost_boundary_visits_mean,cost_boundary_visits_std,cost_n_masks_mean,cost_n_masks_std,cost_seconds_mean,cost_seconds_std,cost_node_evaluations_mean,cost_node_evaluations_std,cost_boundary_elements_mean,cost_boundary_elements_std,cost_output_elements_mean,cost_output_elements_std,cost_peak_boundary_bytes_mean,cost_peak_boundary_bytes_std,empirical_log_dependence_mean_mean,empirical_log_dependence_mean_std,empirical_log_dependence_abs_mean_mean,empirical_log_dependence_abs_mean_std,empirical_log_dependence_sd_mean,empirical_log_dependence_sd_std,empirical_log_dependence_q05_mean,empirical_log_dependence_q05_std,empirical_log_dependence_q95_mean,empirical_log_dependence_q95_std,oracle_conditional_bias_mean,oracle_conditional_bias_std,oracle_conditional_mae_mean,oracle_conditional_mae_std,oracle_conditional_max_abs_mean,oracle_conditional_max_abs_std,oracle_conditional_corr_mean,oracle_conditional_corr_std,oracle_marginal_bias_mean,oracle_marginal_bias_std,oracle_marginal_mae_mean,oracle_marginal_mae_std,oracle_marginal_max_abs_mean,oracle_marginal_max_abs_std,oracle_marginal_corr_mean,oracle_marginal_corr_std,oracle_R_bias_mean,oracle_R_bias_std,oracle_R_mae_mean,oracle_R_mae_std,oracle_R_max_abs_mean,oracle_R_max_abs_std,oracle_R_corr_mean,oracle_R_corr_std,oracle_log_px_bias_mean,oracle_log_px_bias_std,oracle_log_px_mae_mean,oracle_log_px_mae_std,alpha_mean,alpha_std,calibration_n_mean,calibration_n_std,threshold_mean,threshold_std,score_range_mean,score_range_std,fpr_mean,fpr_std,power_mean,power_std,auroc_mean,auroc_std,ap_mean,ap_std,auroc[independent_block]_mean,auroc[independent_block]_std,loc_ap_mean,loc_ap_std,loc_ap_n_mean,loc_ap_n_std,loc_n_no_observed_target_mean,loc_n_no_observed_target_std,loc_n_all_observed_are_targets_mean,loc_n_all_observed_are_targets_std,loc_n_ambiguous_mean,loc_n_ambiguous_std,loc_n_unique_mean,loc_n_unique_std,loc_n_abstained_no_alarm_mean,loc_n_abstained_no_alarm_std,loc_unique_top1_accuracy_mean,loc_unique_top1_accuracy_std,end_to_end_unique_top1_mean,end_to_end_unique_top1_std
diagnosis_controls,conditional_nll_selection,synthetic,diagnosis,model,2.483526865641276e-08,6.022232598554165e-08,64.0,0.0,57.0,0.0,240.0,0.0,361.0,0.0,1488.0,0.0,952.0,78.79086241436883,119.0,9.848857801796104,93.0,9.848857801796104,20.471670786539715,0.2404043770188749,6.6135780811309814,0.5788672467865853,20.227201620737713,0.09201773475504421,0.02,0.0,150.0,0.0,128.0,0.0,3,"[11, 12, 13]",conditional_nll_selection,,,,,,,,,,,,,,,,,,,,,,,,,,,,,,,,,,,,,,,,,,,,,,,,,,,,,,,,,,,,,,,,,,,,,,,,,,,,,,,,,,,,,,,,,,,,,,,,,,,,,,,,,,,,,,,,,,,,
diagnosis_controls,conditional_nll_selection,synthetic,diagnosis,shortcut audit,,,,,,,,,,,,,,,,,,,,,,,,,,,,,,,3,"[11, 12, 13]",conditional_nll_selection,0.48155,0.02226208941227215,0.0,0.0,400.0,0.0,400.0,0.0,10.0,0.0,,,,,,,,,,,,,,,,,,,,,,,,,,,,,,,,,,,,,,,,,,,,,,,,,,,,,,,,,,,,,,,,,,,,,,,,,,,,,,,,,,,,,,,,,,,,,,,,,,,,,,,,,,
diagnosis_controls,conditional_nll_selection,synthetic,diagnosis,query full | circuit,,,,,,,,,,,,,,,,,,,,,,,,,,,,,,,3,"[11, 12, 13]",conditional_nll_selection,,,,,,,,,,,3.814697265625e-06,9.5367431640625e-07,0.00689112466716324,8.559556896767931e-05,0.005539722331983891,0.0020777543655267827,400.0,0.0,4.0,0.0,4.0,0.0,4.0,0.0,3.0,0.0,450.0,0.0,16.0,0.0,1.0,0.0,0.006803666666666666,9.112811494447423e-05,180000.0,0.0,12800.0,0.0,1600.0,0.0,25600.0,0.0,-0.012711129151284695,0.006169017122111348,0.05883640547593435,0.020332178188361902,0.07767386858661969,0.028574138927947905,-0.12490809708833694,0.029009023882931924,0.0922371248404185,0.027054068722764377,,,,,,,,,,,,,,,,,,,,,,,,,,,,,,,,,,,,,,,,,,,,,,,,,,,,,,,,,,,,,,,,
diagnosis_controls,conditional_nll_selection,synthetic,diagnosis,known-law error full | circuit,,,,,,,,,,,,,,,,,,,,,,,,,,,,,,,3,"[11, 12, 13]",conditional_nll_selection,,,,,,,,,,,,,,,,,,,,,,,,,,,,,,,,,,,,,,,,,,,,,,,,,,,,,0.12700692705839287,0.01342414849331677,0.3546850811713688,0.01516672368152199,5.048677504961506,1.3492710333352487,0.9454091100176751,0.00296384214765855,0.12097950749128406,0.015516740998294611,0.35042221217111863,0.015056063632808571,4.994366706316485,1.3558655060543972,0.9460296317594983,0.0030912021715753203,0.006027402083079662,0.003558452482076205,0.032683972517649366,0.013333431363997292,0.2676677703857422,0.14963212018586458,-0.022114733089255656,0.019868397903280578,-0.4959746977698541,0.0575927637265781,0.82000819939108,0.06595326304074715,,,,,,,,,,,,,,,,,,,,,,,,,,,,,,,,,,,,
diagnosis_controls,conditional_nll_selection,synthetic,diagnosis,joint | full | circuit,,,,,,,,,,,,,,,,,,,,,,,,,,,,,,,3,"[11, 12, 13]",conditional_nll_selection,,,,,,,,,,,,,,,,,,,,,,,,,,,,,,,,,,,,,,,,,,,,,,,,,,,,,,,,,,,,,,,,,,,,,,,,,,,,,,,,,0.05000000000000001,8.498374721940739e-18,200.0,0.0,26.130294799804688,1.0522902235781013,16.780077298482258,1.043991609951133,0.053333333333333344,0.01527525231651947,0.045000000000000005,0.02179449471770337,0.499175,0.002295103483505672,0.5011385033762327,0.004306902181609429,0.499175,0.002295103483505672,0.5161111111111111,0.011002945733521285,200.0,0.0,0.0,0.0,0.0,0.0,0.3333333333333333,0.5773502691896258,199.66666666666666,0.5773502691896258,190.66666666666666,4.163331998932265,0.24041038525963146,0.009036649106745304,0.01,0.005
diagnosis_controls,conditional_nll_selection,synthetic,diagnosis,independent | full | circuit,,,,,,,,,,,,,,,,,,,,,,,,,,,,,,,3,"[11, 12, 13]",conditional_nll_selection,,,,,,,,,,,,,,,,,,,,,,,,,,,,,,,,,,,,,,,,,,,,,,,,,,,,,,,,,,,,,,,,,,,,,,,,,,,,,,,,,0.05000000000000001,8.498374721940739e-18,200.0,0.0,26.18794059753418,0.976734402001418,16.71976947784424,1.242279890245828,0.05000000000000001,0.015,0.041666666666666664,0.01607275126832159,0.499875,0.002833284313301463,0.5015504255270281,0.00393641008782703,0.499875,0.002833284313301463,0.5183333333333333,0.010712466776818676,200.0,0.0,0.0,0.0,0.0,0.0,0.0,0.0,200.0,0.0,191.66666666666666,3.2145502536643185,0.245,0.010000000000000009,0.01,0.005
diagnosis_controls,conditional_nll_selection,synthetic,diagnosis,marginal_max | full | circuit,,,,,,,,,,,,,,,,,,,,,,,,,,,,,,,3,"[11, 12, 13]",conditional_nll_selection,,,,,,,,,,,,,,,,,,,,,,,,,,,,,,,,,,,,,,,,,,,,,,,,,,,,,,,,,,,,,,,,,,,,,,,,,,,,,,,,,0.05000000000000001,8.498374721940739e-18,200.0,0.0,10.048541069030762,0.5542644892025964,11.609260559082031,2.9188964141952822,0.05000000000000001,0.020000000000000004,0.06,0.01322875655532295,0.5006916666666666,0.0015738256203701108,0.5041977605545812,0.009327407856805386,0.5006916666666666,0.0015738256203701108,0.5183333333333333,0.010712466776818676,200.0,0.0,0.0,0.0,0.0,0.0,0.0,0.0,200.0,0.0,188.0,2.6457513110645907,0.245,0.010000000000000009,0.02,0.01
diagnosis_controls,conditional_nll_selection,synthetic,diagnosis,conditional_max | full | circuit,,,,,,,,,,,,,,,,,,,,,,,,,,,,,,,3,"[11, 12, 13]",conditional_nll_selection,,,,,,,,,,,,,,,,,,,,,,,,,,,,,,,,,,,,,,,,,,,,,,,,,,,,,,,,,,,,,,,,,,,,,,,,,,,,,,,,,0.05000000000000001,8.498374721940739e-18,200.0,0.0,10.00691000620524,0.5860886550592681,11.690182367960611,2.9456429352985407,0.05000000000000001,0.020000000000000004,0.06166666666666667,0.012583057392117913,0.500775,0.0021625000000000116,0.5060337629262576,0.010163940906349858,0.500775,0.0021625000000000116,0.5161111111111111,0.011002945733521285,200.0,0.0,0.0,0.0,0.0,0.0,0.3333333333333333,0.5773502691896258,199.66666666666666,0.5773502691896258,187.33333333333334,3.0550504633038935,0.24041038525963146,0.009036649106745304,0.021666666666666667,0.012583057392117916
diagnosis_controls,conditional_nll_selection,synthetic,diagnosis,relational_max | full | circuit,,,,,,,,,,,,,,,,,,,,,,,,,,,,,,,3,"[11, 12, 13]",conditional_nll_selection,,,,,,,,,,,,,,,,,,,,,,,,,,,,,,,,,,,,,,,,,,,,,,,,,,,,,,,,,,,,,,,,,,,,,,,,,,,,,,,,,0.05000000000000001,8.498374721940739e-18,200.0,0.0,0.11397425333658855,0.04346427111835866,0.26906776428222656,0.1386386012143016,0.07333333333333333,0.03329164059239696,0.06166666666666667,0.015275252316519466,0.4940125,0.017929710852381292,0.4988745162537305,0.014128881444477543,0.4940125,0.017929710852381292,0.5093055555555556,0.004608516673065842,200.0,0.0,0.0,0.0,0.0,0.0,53.333333333333336,69.03863652574067,146.66666666666666,69.03863652574067,137.33333333333334,67.92888438163351,0.2491350471017354,0.014586300929595388,0.006666666666666667,0.011547005383792516
diagnosis_controls,conditional_nll_selection,synthetic,diagnosis,query full | known_law_oracle,,,,,,,,,,,,,,,,,,,,,,,,,,,,,,,3,"[11, 12, 13]",conditional_nll_selection,,,,,,,,,,,0.0,0.0,0.0017986943336533538,0.00016819044679699472,0.0016964723351217497,0.00022778807702457938,400.0,0.0,4.0,0.0,4.0,0.0,4.0,0.0,5.0,0.0,0.0,0.0,0.0,0.0,1.0,0.0,0.0,0.0,0.0,0.0,0.0,0.0,1600.0,0.0,0.0,0.0,-7.105427357601002e-17,1.0805156823142816e-16,1.3559523874088578e-15,1.4897411453073922e-16,2.1872322410349084e-15,1.2232396861929305e-16,-3.552713678800501e-15,0.0,3.552713678800501e-15,0.0,,,,,,,,,,,,,,,,,,,,,,,,,,,,,,,,,,,,,,,,,,,,,,,,,,,,,,,,,,,,,,,,
diagnosis_controls,conditional_nll_selection,synthetic,diagnosis,known-law error full | known_law_oracle,,,,,,,,,,,,,,,,,,,,,,,,,,,,,,,3,"[11, 12, 13]",conditional_nll_selection,,,,,,,,,,,,,,,,,,,,,,,,,,,,,,,,,,,,,,,,,,,,,,,,,,,,,0.0,0.0,0.0,0.0,0.0,0.0,1.0,7.850462293418876e-17,0.0,0.0,0.0,0.0,0.0,0.0,1.0,7.850462293418876e-17,0.0,0.0,0.0,0.0,0.0,0.0,1.0,1.5700924586837752e-16,0.0,0.0,0.0,0.0,,,,,,,,,,,,,,,,,,,,,,,,,,,,,,,,,,,,
diagnosis_controls,conditional_nll_selection,synthetic,diagnosis,joint | full | known_law_oracle,,,,,,,,,,,,,,,,,,,,,,,,,,,,,,,3,"[11, 12, 13]",conditional_nll_selection,,,,,,,,,,,,,,,,,,,,,,,,,,,,,,,,,,,,,,,,,,,,,,,,,,,,,,,,,,,,,,,,,,,,,,,,,,,,,,,,,0.05000000000000001,8.498374721940739e-18,200.0,0.0,25.123579209597313,0.8029984373828893,17.044397970706715,2.1083751073729076,0.06166666666666667,0.03752776749732568,0.06666666666666667,0.03214550253664318,0.495175,0.009931232300173022,0.5004042151936351,0.002741286964361124,0.495175,0.009931232300173022,0.5191666666666667,0.02036131953811768,200.0,0.0,0.0,0.0,0.0,0.0,0.0,0.0,200.0,0.0,186.66666666666666,6.429100507328636,0.24666666666666667,0.022546248764114478,0.02,0.005000000000000001
diagnosis_controls,conditional_nll_selection,synthetic,diagnosis,independent | full | known_law_oracle,,,,,,,,,,,,,,,,,,,,,,,,,,,,,,,3,"[11, 12, 13]",conditional_nll_selection,,,,,,,,,,,,,,,,,,,,,,,,,,,,,,,,,,,,,,,,,,,,,,,,,,,,,,,,,,,,,,,,,,,,,,,,,,,,,,,,,0.05000000000000001,8.498374721940739e-18,200.0,0.0,25.123579209597313,0.8029984373828913,17.044397970706715,2.108375107372908,0.06166666666666667,0.03752776749732568,0.06666666666666667,0.03214550253664318,0.495175,0.009931232300173022,0.5004042151936351,0.002741286964361124,0.495175,0.009931232300173022,0.5191666666666667,0.02036131953811768,200.0,0.0,0.0,0.0,0.0,0.0,0.0,0.0,200.0,0.0,186.66666666666666,6.429100507328636,0.24666666666666667,0.022546248764114478,0.02,0.005000000000000001
diagnosis_controls,conditional_nll_selection,synthetic,diagnosis,marginal_max | full | known_law_oracle,,,,,,,,,,,,,,,,,,,,,,,,,,,,,,,3,"[11, 12, 13]",conditional_nll_selection,,,,,,,,,,,,,,,,,,,,,,,,,,,,,,,,,,,,,,,,,,,,,,,,,,,,,,,,,,,,,,,,,,,,,,,,,,,,,,,,,0.05000000000000001,8.498374721940739e-18,200.0,0.0,9.534260679629464,0.5096828622100442,9.419955147727025,2.0038181239108432,0.06833333333333334,0.007637626158259734,0.06333333333333334,0.016072751268321594,0.49613749999999995,0.005834447810204524,0.4981638992130874,0.007072901242308277,0.49613749999999995,0.005834447810204524,0.5191666666666667,0.02036131953811768,200.0,0.0,0.0,0.0,0.0,0.0,0.0,0.0,200.0,0.0,187.33333333333334,3.2145502536643185,0.24666666666666667,0.022546248764114478,0.013333333333333334,0.011547005383792516
diagnosis_controls,conditional_nll_selection,synthetic,diagnosis,conditional_max | full | known_law_oracle,,,,,,,,,,,,,,,,,,,,,,,,,,,,,,,3,"[11, 12, 13]",conditional_nll_selection,,,,,,,,,,,,,,,,,,,,,,,,,,,,,,,,,,,,,,,,,,,,,,,,,,,,,,,,,,,,,,,,,,,,,,,,,,,,,,,,,0.05000000000000001,8.498374721940739e-18,200.0,0.0,9.534260679629464,0.5096828622100421,9.419955147727027,2.0038181239108415,0.06833333333333334,0.007637626158259734,0.06333333333333334,0.016072751268321594,0.49618333333333337,0.005731005765424863,0.49909067103859645,0.006926249550799064,0.49618333333333337,0.005731005765424863,0.5191666666666667,0.02036131953811768,200.0,0.0,0.0,0.0,0.0,0.0,0.0,0.0,200.0,0.0,187.33333333333334,3.2145502536643185,0.24666666666666667,0.022546248764114478,0.013333333333333334,0.011547005383792516
diagnosis_controls,conditional_nll_selection,synthetic,diagnosis,relational_max | full | known_law_oracle,,,,,,,,,,,,,,,,,,,,,,,,,,,,,,,3,"[11, 12, 13]",conditional_nll_selection,,,,,,,,,,,,,,,,,,,,,,,,,,,,,,,,,,,,,,,,,,,,,,,,,,,,,,,,,,,,,,,,,,,,,,,,,,,,,,,,,0.05000000000000001,8.498374721940739e-18,200.0,0.0,2.960594732333751e-15,5.127900497022838e-16,7.697546304067751e-15,5.127900497022837e-16,0.043333333333333335,0.020816659994661327,0.055000000000000014,0.0360555127546399,0.49685833333333335,0.03547310674417076,0.503320472520619,0.017195342160496938,0.49685833333333335,0.03547310674417076,0.43069444444444444,0.007742977702647969,200.0,0.0,0.0,0.0,0.0,0.0,200.0,0.0,0.0,0.0,0.0,0.0,,,0.0,0.0
diagnosis_controls,conditional_nll_selection,synthetic,diagnosis,query random1:0 | circuit,,,,,,,,,,,,,,,,,,,,,,,,,,,,,,,3,"[11, 12, 13]",conditional_nll_selection,,,,,,,,,,,3.1789143880208335e-06,5.506041232963808e-07,0.008272083334304625,0.002307787496736511,0.00428622200100411,3.875586289029553e-05,400.0,0.0,3.0,0.0,3.0,0.0,3.0,0.0,3.0,0.0,450.0,0.0,16.0,0.0,1.0,0.0,0.008186333333333332,0.002294540549507315,180000.0,0.0,12800.0,0.0,1600.0,0.0,25600.0,0.0,-0.009401667676873634,0.009086027108771991,0.04613737672722588,0.0396304444754541,0.061646129024059824,0.053672383127760154,-0.0934646954216684,0.08024292110103999,0.06785117784359802,0.05810788391949646,,,,,,,,,,,,,,,,,,,,,,,,,,,,,,,,,,,,,,,,,,,,,,,,,,,,,,,,,,,,,,,,
diagnosis_controls,conditional_nll_selection,synthetic,diagnosis,known-law error random1:0 | circuit,,,,,,,,,,,,,,,,,,,,,,,,,,,,,,,3,"[11, 12, 13]",conditional_nll_selection,,,,,,,,,,,,,,,,,,,,,,,,,,,,,,,,,,,,,,,,,,,,,,,,,,,,,0.12686452261748285,0.004080443112690265,0.35881269371529706,0.0203700636984219,4.167875713940224,0.9991054426182008,0.9425798025713199,0.001424504559445572,0.12059605259507018,0.00784556252391332,0.3537167089404254,0.019144980358089314,4.151539590791625,0.9785006371337632,0.9432727433582399,0.0016372359921858347,0.0062684578365741804,0.006057718447413621,0.030856051974826392,0.026500854248106318,0.200346946716308,0.21857523148455327,0.01594619985246586,0.05138958729393673,-0.3711898098034389,0.01641298894797142,0.6901912372234427,0.06900784932767323,,,,,,,,,,,,,,,,,,,,,,,,,,,,,,,,,,,,
diagnosis_controls,conditional_nll_selection,synthetic,diagnosis,joint | random1:0 | circuit,,,,,,,,,,,,,,,,,,,,,,,,,,,,,,,3,"[11, 12, 13]",conditional_nll_selection,,,,,,,,,,,,,,,,,,,,,,,,,,,,,,,,,,,,,,,,,,,,,,,,,,,,,,,,,,,,,,,,,,,,,,,,,,,,,,,,,0.05000000000000001,8.498374721940739e-18,200.0,0.0,19.868756612141926,0.34322809530554016,13.303984959920248,0.280703630010475,0.065,0.031224989991991994,0.065,0.031224989991991994,0.5,0.0,0.5,0.0,0.5,0.0,,,0.0,0.0,200.0,0.0,0.0,0.0,0.0,0.0,0.0,0.0,0.0,0.0,,,0.0,0.0
diagnosis_controls,conditional_nll_selection,synthetic,diagnosis,independent | random1:0 | circuit,,,,,,,,,,,,,,,,,,,,,,,,,,,,,,,3,"[11, 12, 13]",conditional_nll_selection,,,,,,,,,,,,,,,,,,,,,,,,,,,,,,,,,,,,,,,,,,,,,,,,,,,,,,,,,,,,,,,,,,,,,,,,,,,,,,,,,0.05000000000000001,8.498374721940739e-18,200.0,0.0,19.8854185740153,0.3490530493669898,13.29220167795817,0.27563580042280195,0.06666666666666667,0.03403429642777023,0.06666666666666667,0.03403429642777023,0.5,0.0,0.5,0.0,0.5,0.0,,,0.0,0.0,200.0,0.0,0.0,0.0,0.0,0.0,0.0,0.0,0.0,0.0,,,0.0,0.0
diagnosis_controls,conditional_nll_selection,synthetic,diagnosis,marginal_max | random1:0 | circuit,,,,,,,,,,,,,,,,,,,,,,,,,,,,,,,3,"[11, 12, 13]",conditional_nll_selection,,,,,,,,,,,,,,,,,,,,,,,,,,,,,,,,,,,,,,,,,,,,,,,,,,,,,,,,,,,,,,,,,,,,,,,,,,,,,,,,,0.05000000000000001,8.498374721940739e-18,200.0,0.0,9.624874750773111,0.35725096187479655,10.277356465657553,1.5802584546826934,0.045000000000000005,0.017320508075688773,0.045000000000000005,0.017320508075688773,0.5,0.0,0.5,0.0,0.5,0.0,,,0.0,0.0,200.0,0.0,0.0,0.0,0.0,0.0,0.0,0.0,0.0,0.0,,,0.0,0.0
diagnosis_controls,conditional_nll_selection,synthetic,diagnosis,conditional_max | random1:0 | circuit,,,,,,,,,,,,,,,,,,,,,,,,,,,,,,,3,"[11, 12, 13]",conditional_nll_selection,,,,,,,,,,,,,,,,,,,,,,,,,,,,,,,,,,,,,,,,,,,,,,,,,,,,,,,,,,,,,,,,,,,,,,,,,,,,,,,,,0.05000000000000001,8.498374721940739e-18,200.0,0.0,9.624070485432943,0.3383902825058133,10.309588114420572,1.615144447112013,0.04666666666666667,0.01892969448600091,0.04666666666666667,0.01892969448600091,0.5,0.0,0.5,0.0,0.5,0.0,,,0.0,0.0,200.0,0.0,0.0,0.0,0.0,0.0,0.0,0.0,0.0,0.0,,,0.0,0.0
diagnosis_controls,conditional_nll_selection,synthetic,diagnosis,relational_max | random1:0 | circuit,,,,,,,,,,,,,,,,,,,,,,,,,,,,,,,3,"[11, 12, 13]",conditional_nll_selection,,,,,,,,,,,,,,,,,,,,,,,,,,,,,,,,,,,,,,,,,,,,,,,,,,,,,,,,,,,,,,,,,,,,,,,,,,,,,,,,,0.05000000000000001,8.498374721940739e-18,200.0,0.0,0.09217325846354167,0.07950248232053803,0.1939395268758138,0.20879002585448003,0.04833333333333334,0.020207259421636904,0.04833333333333334,0.020207259421636904,0.5,0.0,0.5,0.0,0.5,0.0,,,0.0,0.0,200.0,0.0,0.0,0.0,0.0,0.0,0.0,0.0,0.0,0.0,,,0.0,0.0
diagnosis_controls,conditional_nll_selection,synthetic,diagnosis,query random1:0 | known_law_oracle,,,,,,,,,,,,,,,,,,,,,,,,,,,,,,,3,"[11, 12, 13]",conditional_nll_selection,,,,,,,,,,,0.0,0.0,0.001297527664670876,4.549145756585485e-05,0.001153055666994381,6.657066389314525e-05,400.0,0.0,3.0,0.0,3.0,0.0,3.0,0.0,4.0,0.0,0.0,0.0,0.0,0.0,1.0,0.0,0.0,0.0,0.0,0.0,0.0,0.0,1600.0,0.0,0.0,0.0,-8.052817671947803e-16,1.6906525406631609e-16,1.0954200509634876e-15,7.65758843379746e-17,1.7506064265808513e-15,1.3584626236046136e-16,-3.552713678800501e-15,0.0,1.1842378929335002e-15,2.051160198809135e-15,,,,,,,,,,,,,,,,,,,,,,,,,,,,,,,,,,,,,,,,,,,,,,,,,,,,,,,,,,,,,,,,
diagnosis_controls,conditional_nll_selection,synthetic,diagnosis,known-law error random1:0 | known_law_oracle,,,,,,,,,,,,,,,,,,,,,,,,,,,,,,,3,"[11, 12, 13]",conditional_nll_selection,,,,,,,,,,,,,,,,,,,,,,,,,,,,,,,,,,,,,,,,,,,,,,,,,,,,,0.0,0.0,0.0,0.0,0.0,0.0,1.0,7.850462293418876e-17,0.0,0.0,0.0,0.0,0.0,0.0,1.0,7.850462293418876e-17,0.0,0.0,0.0,0.0,0.0,0.0,1.0,0.0,0.0,0.0,0.0,0.0,,,,,,,,,,,,,,,,,,,,,,,,,,,,,,,,,,,,
diagnosis_controls,conditional_nll_selection,synthetic,diagnosis,joint | random1:0 | known_law_oracle,,,,,,,,,,,,,,,,,,,,,,,,,,,,,,,3,"[11, 12, 13]",conditional_nll_selection,,,,,,,,,,,,,,,,,,,,,,,,,,,,,,,,,,,,,,,,,,,,,,,,,,,,,,,,,,,,,,,,,,,,,,,,,,,,,,,,,0.05000000000000001,8.498374721940739e-18,200.0,0.0,19.29980858508487,0.2907926582450536,12.460575795018181,0.5139552780926636,0.06333333333333334,0.036170890690351176,0.06333333333333334,0.036170890690351176,0.5,0.0,0.5,0.0,0.5,0.0,,,0.0,0.0,200.0,0.0,0.0,0.0,0.0,0.0,0.0,0.0,0.0,0.0,,,0.0,0.0
diagnosis_controls,conditional_nll_selection,synthetic,diagnosis,independent | random1:0 | known_law_oracle,,,,,,,,,,,,,,,,,,,,,,,,,,,,,,,3,"[11, 12, 13]",conditional_nll_selection,,,,,,,,,,,,,,,,,,,,,,,,,,,,,,,,,,,,,,,,,,,,,,,,,,,,,,,,,,,,,,,,,,,,,,,,,,,,,,,,,0.05000000000000001,8.498374721940739e-18,200.0,0.0,19.29980858508487,0.29079265824505296,12.460575795018181,0.5139552780926618,0.06333333333333334,0.036170890690351176,0.06333333333333334,0.036170890690351176,0.5,0.0,0.5,0.0,0.5,0.0,,,0.0,0.0,200.0,0.0,0.0,0.0,0.0,0.0,0.0,0.0,0.0,0.0,,,0.0,0.0
diagnosis_controls,conditional_nll_selection,synthetic,diagnosis,marginal_max | random1:0 | known_law_oracle,,,,,,,,,,,,,,,,,,,,,,,,,,,,,,,3,"[11, 12, 13]",conditional_nll_selection,,,,,,,,,,,,,,,,,,,,,,,,,,,,,,,,,,,,,,,,,,,,,,,,,,,,,,,,,,,,,,,,,,,,,,,,,,,,,,,,,0.05000000000000001,8.498374721940739e-18,200.0,0.0,8.943559558715588,0.1510144337961069,8.295845016820818,0.8547720703698442,0.07,0.025980762113533163,0.07,0.025980762113533163,0.5,0.0,0.5,0.0,0.5,0.0,,,0.0,0.0,200.0,0.0,0.0,0.0,0.0,0.0,0.0,0.0,0.0,0.0,,,0.0,0.0
diagnosis_controls,conditional_nll_selection,synthetic,diagnosis,conditional_max | random1:0 | known_law_oracle,,,,,,,,,,,,,,,,,,,,,,,,,,,,,,,3,"[11, 12, 13]",conditional_nll_selection,,,,,,,,,,,,,,,,,,,,,,,,,,,,,,,,,,,,,,,,,,,,,,,,,,,,,,,,,,,,,,,,,,,,,,,,,,,,,,,,,0.05000000000000001,8.498374721940739e-18,200.0,0.0,8.943559558715588,0.15101443379610804,8.295845016820817,0.8547720703698464,0.07,0.025980762113533163,0.07,0.025980762113533163,0.5,0.0,0.5,0.0,0.5,0.0,,,0.0,0.0,200.0,0.0,0.0,0.0,0.0,0.0,0.0,0.0,0.0,0.0,,,0.0,0.0
diagnosis_controls,conditional_nll_selection,synthetic,diagnosis,relational_max | random1:0 | known_law_oracle,,,,,,,,,,,,,,,,,,,,,,,,,,,,,,,3,"[11, 12, 13]",conditional_nll_selection,,,,,,,,,,,,,,,,,,,,,,,,,,,,,,,,,,,,,,,,,,,,,,,,,,,,,,,,,,,,,,,,,,,,,,,,,,,,,,,,,0.05000000000000001,8.498374721940739e-18,200.0,0.0,3.552713678800501e-15,8.881784197001252e-16,7.697546304067751e-15,5.127900497022837e-16,0.06333333333333334,0.03013856886670854,0.06333333333333334,0.03013856886670854,0.5,0.0,0.5,0.0,0.5,0.0,,,0.0,0.0,200.0,0.0,0.0,0.0,0.0,0.0,0.0,0.0,0.0,0.0,,,0.0,0.0
diagnosis_controls,conditional_nll_selection,synthetic,diagnosis,query random2:1-2 | circuit,,,,,,,,,,,,,,,,,,,,,,,,,,,,,,,3,"[11, 12, 13]",conditional_nll_selection,,,,,,,,,,,1.5099843343098958e-06,4.963078497567493e-07,0.006525236000015866,0.0001628250081867749,0.004270083666294037,0.00019751841882696577,400.0,0.0,2.0,0.0,2.0,0.0,2.0,0.0,3.0,0.0,450.0,0.0,16.0,0.0,1.0,0.0,0.00645,0.0001569299206652445,180000.0,0.0,12800.0,0.0,1600.0,0.0,25600.0,0.0,3.9339113300229656e-07,2.6957699566215164e-05,0.0002091940236823575,0.0002133076702193877,0.00025906019709509565,0.0002666215999905743,-0.00041956901744318503,0.00041624107607624494,0.0004617531997913223,0.0005329863170793973,,,,,,,,,,,,,,,,,,,,,,,,,,,,,,,,,,,,,,,,,,,,,,,,,,,,,,,,,,,,,,,,
diagnosis_controls,conditional_nll_selection,synthetic,diagnosis,known-law error random2:1-2 | circuit,,,,,,,,,,,,,,,,,,,,,,,,,,,,,,,3,"[11, 12, 13]",conditional_nll_selection,,,,,,,,,,,,,,,,,,,,,,,,,,,,,,,,,,,,,,,,,,,,,,,,,,,,,0.1267268158432736,0.02097206037811523,0.3579468501244087,0.02544456743850953,4.46252195791692,1.6613902353265233,0.9469783621094928,0.004438121082277157,0.12671726598708774,0.020955620414015445,0.3579485264057019,0.025449733809458985,4.462497162384692,1.6614175606265473,0.9469782461284827,0.004437291602712055,9.541114171303837e-06,2.37210473980871e-05,0.000212403933207231,0.00021983212261103118,0.0007473627726251783,0.0007777226231927974,-0.03147393735191984,0.025468178333727724,-0.2534440909697402,0.04192781585195625,0.5396216011287182,0.027812698268780058,,,,,,,,,,,,,,,,,,,,,,,,,,,,,,,,,,,,
diagnosis_controls,conditional_nll_selection,synthetic,diagnosis,joint | random2:1-2 | circuit,,,,,,,,,,,,,,,,,,,,,,,,,,,,,,,3,"[11, 12, 13]",conditional_nll_selection,,,,,,,,,,,,,,,,,,,,,,,,,,,,,,,,,,,,,,,,,,,,,,,,,,,,,,,,,,,,,,,,,,,,,,,,,,,,,,,,,0.05000000000000001,8.498374721940739e-18,200.0,0.0,14.44404665629069,0.5727603594615672,14.970017751057943,2.298371243291452,0.041666666666666664,0.0202072594216369,0.049999999999999996,0.009999999999999998,0.49515833333333337,0.011726714515725772,0.5041525766044518,0.0039568491140562064,0.49515833333333337,0.011726714515725772,0.7366666666666667,0.024537386440559084,200.0,0.0,0.0,0.0,0.0,0.0,0.0,0.0,200.0,0.0,190.0,2.0,0.47333333333333333,0.0490747728811182,0.02666666666666667,0.012583057392117916
diagnosis_controls,conditional_nll_selection,synthetic,diagnosis,independent | random2:1-2 | circuit,,,,,,,,,,,,,,,,,,,,,,,,,,,,,,,3,"[11, 12, 13]",conditional_nll_selection,,,,,,,,,,,,,,,,,,,,,,,,,,,,,,,,,,,,,,,,,,,,,,,,,,,,,,,,,,,,,,,,,,,,,,,,,,,,,,,,,0.05000000000000001,8.498374721940739e-18,200.0,0.0,14.444531758626303,0.5720414757025096,14.969605127970377,2.2985090815113662,0.041666666666666664,0.0202072594216369,0.049999999999999996,0.009999999999999998,0.49515833333333337,0.011726714515725772,0.5041497626400634,0.003960025865267248,0.49515833333333337,0.011726714515725772,0.7366666666666667,0.024537386440559084,200.0,0.0,0.0,0.0,0.0,0.0,0.0,0.0,200.0,0.0,190.0,2.0,0.47333333333333333,0.0490747728811182,0.02666666666666667,0.012583057392117916
diagnosis_controls,conditional_nll_selection,synthetic,diagnosis,marginal_max | random2:1-2 | circuit,,,,,,,,,,,,,,,,,,,,,,,,,,,,,,,3,"[11, 12, 13]",conditional_nll_selection,,,,,,,,,,,,,,,,,,,,,,,,,,,,,,,,,,,,,,,,,,,,,,,,,,,,,,,,,,,,,,,,,,,,,,,,,,,,,,,,,0.05000000000000001,8.498374721940739e-18,200.0,0.0,9.148503939310709,0.7217457196380314,12.233685811360678,2.8821913903306835,0.03666666666666667,0.020816659994661327,0.04666666666666667,0.035472994422987944,0.4956875,0.01621571864734953,0.5023836811407566,0.0011231031580584564,0.4956875,0.01621571864734953,0.7366666666666667,0.024537386440559084,200.0,0.0,0.0,0.0,0.0,0.0,0.0,0.0,200.0,0.0,190.66666666666666,7.094598884597588,0.47333333333333333,0.0490747728811182,0.02666666666666667,0.01755942292142123
diagnosis_controls,conditional_nll_selection,synthetic,diagnosis,conditional_max | random2:1-2 | circuit,,,,,,,,,,,,,,,,,,,,,,,,,,,,,,,3,"[11, 12, 13]",conditional_nll_selection,,,,,,,,,,,,,,,,,,,,,,,,,,,,,,,,,,,,,,,,,,,,,,,,,,,,,,,,,,,,,,,,,,,,,,,,,,,,,,,,,0.05000000000000001,8.498374721940739e-18,200.0,0.0,9.148600260416666,0.7219818791971464,12.234144846598307,2.882060418220286,0.03666666666666667,0.020816659994661327,0.04666666666666667,0.035472994422987944,0.4957583333333333,0.016231799101865823,0.5042608419335717,0.0011596739218779394,0.4957583333333333,0.016231799101865823,0.7366666666666667,0.024537386440559084,200.0,0.0,0.0,0.0,0.0,0.0,0.0,0.0,200.0,0.0,190.66666666666666,7.094598884597588,0.47333333333333333,0.0490747728811182,0.02666666666666667,0.01755942292142123
diagnosis_controls,conditional_nll_selection,synthetic,diagnosis,relational_max | random2:1-2 | circuit,,,,,,,,,,,,,,,,,,,,,,,,,,,,,,,3,"[11, 12, 13]",conditional_nll_selection,,,,,,,,,,,,,,,,,,,,,,,,,,,,,,,,,,,,,,,,,,,,,,,,,,,,,,,,,,,,,,,,,,,,,,,,,,,,,,,,,0.05000000000000001,8.498374721940739e-18,200.0,0.0,0.000423431396484375,0.00042510774780316676,0.0012747446695963542,0.001283990753129348,0.04833333333333334,0.025166114784235832,0.06,0.025,0.5281333333333333,0.013782384212585779,0.5358073926502228,0.008190190302241667,0.5281333333333333,0.013782384212585779,0.6116666666666667,0.031057741922640353,200.0,0.0,0.0,0.0,0.0,0.0,200.0,0.0,0.0,0.0,0.0,0.0,,,0.0,0.0
diagnosis_controls,conditional_nll_selection,synthetic,diagnosis,query random2:1-2 | known_law_oracle,,,,,,,,,,,,,,,,,,,,,,,,,,,,,,,3,"[11, 12, 13]",conditional_nll_selection,,,,,,,,,,,0.0,0.0,0.0009206666679043943,3.400801937362729e-05,0.0008524583342174689,2.058873133051968e-05,400.0,0.0,2.0,0.0,2.0,0.0,2.0,0.0,3.0,0.0,0.0,0.0,0.0,0.0,1.0,0.0,0.0,0.0,0.0,0.0,0.0,0.0,1600.0,0.0,0.0,0.0,1.4802973661668747e-18,5.185268477743734e-17,7.94919685631612e-16,3.635026844804854e-17,1.2597021420149655e-15,9.620019411629533e-17,-1.7763568394002505e-15,0.0,1.7763568394002505e-15,0.0,,,,,,,,,,,,,,,,,,,,,,,,,,,,,,,,,,,,,,,,,,,,,,,,,,,,,,,,,,,,,,,,
diagnosis_controls,conditional_nll_selection,synthetic,diagnosis,known-law error random2:1-2 | known_law_oracle,,,,,,,,,,,,,,,,,,,,,,,,,,,,,,,3,"[11, 12, 13]",conditional_nll_selection,,,,,,,,,,,,,,,,,,,,,,,,,,,,,,,,,,,,,,,,,,,,,,,,,,,,,0.0,0.0,0.0,0.0,0.0,0.0,1.0,0.0,0.0,0.0,0.0,0.0,0.0,0.0,1.0,7.850462293418876e-17,0.0,0.0,0.0,0.0,0.0,0.0,1.0,0.0,0.0,0.0,0.0,0.0,,,,,,,,,,,,,,,,,,,,,,,,,,,,,,,,,,,,
diagnosis_controls,conditional_nll_selection,synthetic,diagnosis,joint | random2:1-2 | known_law_oracle,,,,,,,,,,,,,,,,,,,,,,,,,,,,,,,3,"[11, 12, 13]",conditional_nll_selection,,,,,,,,,,,,,,,,,,,,,,,,,,,,,,,,,,,,,,,,,,,,,,,,,,,,,,,,,,,,,,,,,,,,,,,,,,,,,,,,,0.05000000000000001,8.498374721940739e-18,200.0,0.0,13.769395103454466,0.5250458619897761,12.63746632738173,2.7513576601755787,0.06,0.02179449471770337,0.05833333333333333,0.023629078131263043,0.4931666666666667,0.002662509780889715,0.4980909744255228,0.008144681189338115,0.4931666666666667,0.002662509780889715,0.735,0.021360009363293814,200.0,0.0,0.0,0.0,0.0,0.0,0.0,0.0,200.0,0.0,188.33333333333334,4.725815626252609,0.47000000000000003,0.042720018726587664,0.03166666666666667,0.017559422921421233
diagnosis_controls,conditional_nll_selection,synthetic,diagnosis,independent | random2:1-2 | known_law_oracle,,,,,,,,,,,,,,,,,,,,,,,,,,,,,,,3,"[11, 12, 13]",conditional_nll_selection,,,,,,,,,,,,,,,,,,,,,,,,,,,,,,,,,,,,,,,,,,,,,,,,,,,,,,,,,,,,,,,,,,,,,,,,,,,,,,,,,0.05000000000000001,8.498374721940739e-18,200.0,0.0,13.769395103454466,0.5250458619897754,12.637466327381732,2.7513576601755827,0.06,0.02179449471770337,0.05833333333333333,0.023629078131263043,0.4931666666666667,0.002662509780889715,0.4980909744255228,0.008144681189338115,0.4931666666666667,0.002662509780889715,0.735,0.021360009363293814,200.0,0.0,0.0,0.0,0.0,0.0,0.0,0.0,200.0,0.0,188.33333333333334,4.725815626252609,0.47000000000000003,0.042720018726587664,0.03166666666666667,0.017559422921421233
diagnosis_controls,conditional_nll_selection,synthetic,diagnosis,marginal_max | random2:1-2 | known_law_oracle,,,,,,,,,,,,,,,,,,,,,,,,,,,,,,,3,"[11, 12, 13]",conditional_nll_selection,,,,,,,,,,,,,,,,,,,,,,,,,,,,,,,,,,,,,,,,,,,,,,,,,,,,,,,,,,,,,,,,,,,,,,,,,,,,,,,,,0.05000000000000001,8.498374721940739e-18,200.0,0.0,8.595289520117367,0.23160424573356572,9.740492913301235,2.249900700533881,0.05666666666666667,0.011547005383792516,0.06,0.008660254037844387,0.49716249999999995,0.013925993007681717,0.4985831780148846,0.005454555969268877,0.49716249999999995,0.013925993007681717,0.735,0.021360009363293814,200.0,0.0,0.0,0.0,0.0,0.0,0.0,0.0,200.0,0.0,188.0,1.7320508075688772,0.47000000000000003,0.042720018726587664,0.03166666666666667,0.014433756729740645
diagnosis_controls,conditional_nll_selection,synthetic,diagnosis,conditional_max | random2:1-2 | known_law_oracle,,,,,,,,,,,,,,,,,,,,,,,,,,,,,,,3,"[11, 12, 13]",conditional_nll_selection,,,,,,,,,,,,,,,,,,,,,,,,,,,,,,,,,,,,,,,,,,,,,,,,,,,,,,,,,,,,,,,,,,,,,,,,,,,,,,,,,0.05000000000000001,8.498374721940739e-18,200.0,0.0,8.59528952011737,0.23160424573356708,9.740492913301232,2.249900700533878,0.05666666666666667,0.011547005383792516,0.06,0.008660254037844387,0.4971625,0.013918754209698497,0.4995009555915573,0.005672695382671846,0.4971625,0.013918754209698497,0.735,0.021360009363293814,200.0,0.0,0.0,0.0,0.0,0.0,0.0,0.0,200.0,0.0,188.0,1.7320508075688772,0.47000000000000003,0.042720018726587664,0.03166666666666667,0.014433756729740645
diagnosis_controls,conditional_nll_selection,synthetic,diagnosis,relational_max | random2:1-2 | known_law_oracle,,,,,,,,,,,,,,,,,,,,,,,,,,,,,,,3,"[11, 12, 13]",conditional_nll_selection,,,,,,,,,,,,,,,,,,,,,,,,,,,,,,,,,,,,,,,,,,,,,,,,,,,,,,,,,,,,,,,,,,,,,,,,,,,,,,,,,0.05000000000000001,8.498374721940739e-18,200.0,0.0,1.4802973661668755e-15,5.127900497022837e-16,1.0066022089934753e-14,2.713429892601387e-15,0.036666666666666674,0.043684474740270526,0.03,0.027838821814150108,0.5153708333333333,0.025369473946720563,0.5101421953922276,0.016325723779503403,0.5153708333333333,0.025369473946720563,0.5183333333333334,0.005773502691896263,200.0,0.0,0.0,0.0,0.0,0.0,200.0,0.0,0.0,0.0,0.0,0.0,,,0.0,0.0
diagnosis_controls,conditional_nll_selection,synthetic,diagnosis,query random3:1-2-3 | circuit,,,,,,,,,,,,,,,,,,,,,,,,,,,,,,,3,"[11, 12, 13]",conditional_nll_selection,,,,,,,,,,,7.947285970052084e-07,2.7530206164819037e-07,0.006432971999553653,3.464194081330489e-05,0.004110402999989067,1.8849147953246573e-05,400.0,0.0,1.0,0.0,1.0,0.0,1.0,0.0,3.0,0.0,450.0,0.0,16.0,0.0,1.0,0.0,0.006358,3.465544690232701e-05,180000.0,0.0,12800.0,0.0,1600.0,0.0,25600.0,0.0,-4.17232518164686e-08,2.2138612769255016e-07,2.4437904263171123e-07,7.84701409548954e-08,3.1850582142093725e-07,3.140736801843074e-08,-6.437301559950962e-07,2.6868409927986597e-07,3.178914388020833e-07,2.753020616481904e-07,,,,,,,,,,,,,,,,,,,,,,,,,,,,,,,,,,,,,,,,,,,,,,,,,,,,,,,,,,,,,,,,
diagnosis_controls,conditional_nll_selection,synthetic,diagnosis,known-law error random3:1-2-3 | circuit,,,,,,,,,,,,,,,,,,,,,,,,,,,,,,,3,"[11, 12, 13]",conditional_nll_selection,,,,,,,,,,,,,,,,,,,,,,,,,,,,,,,,,,,,,,,,,,,,,,,,,,,,,0.12212987217992566,0.038581068618857524,0.3405387218631984,0.0201092631231263,4.462497162384692,1.6614175606265473,0.9546491148401207,0.0064896897021445655,0.12212987217992566,0.038581068618857524,0.3405387218631984,0.0201092631231263,4.462497162384692,1.6614175606265473,0.9546491148401207,0.0064896897021445655,0.0,0.0,0.0,0.0,0.0,0.0,,,-0.12212990794271252,0.03858103172327233,0.34053873577094884,0.020109245707694533,,,,,,,,,,,,,,,,,,,,,,,,,,,,,,,,,,,,
diagnosis_controls,conditional_nll_selection,synthetic,diagnosis,joint | random3:1-2-3 | circuit,,,,,,,,,,,,,,,,,,,,,,,,,,,,,,,3,"[11, 12, 13]",conditional_nll_selection,,,,,,,,,,,,,,,,,,,,,,,,,,,,,,,,,,,,,,,,,,,,,,,,,,,,,,,,,,,,,,,,,,,,,,,,,,,,,,,,,0.05000000000000001,8.498374721940739e-18,200.0,0.0,8.052436351776123,0.649969176642317,12.642190297444662,2.8700871968686226,0.060000000000000005,0.026457513110645904,0.055,0.008660254037844387,0.4887166666666667,0.013351739899104278,0.4994432595413129,0.004445933051334177,0.4887166666666667,0.013351739899104278,,,0.0,0.0,0.0,0.0,200.0,0.0,200.0,0.0,0.0,0.0,0.0,0.0,,,0.0,0.0
diagnosis_controls,conditional_nll_selection,synthetic,diagnosis,independent | random3:1-2-3 | circuit,,,,,,,,,,,,,,,,,,,,,,,,,,,,,,,3,"[11, 12, 13]",conditional_nll_selection,,,,,,,,,,,,,,,,,,,,,,,,,,,,,,,,,,,,,,,,,,,,,,,,,,,,,,,,,,,,,,,,,,,,,,,,,,,,,,,,,0.05000000000000001,8.498374721940739e-18,200.0,0.0,8.052436351776123,0.649969176642317,12.642190297444662,2.870086769580839,0.060000000000000005,0.026457513110645904,0.055,0.008660254037844387,0.4887166666666667,0.013351739899104278,0.4994432595413129,0.004445933051334177,0.4887166666666667,0.013351739899104278,,,0.0,0.0,0.0,0.0,200.0,0.0,200.0,0.0,0.0,0.0,0.0,0.0,,,0.0,0.0
diagnosis_controls,conditional_nll_selection,synthetic,diagnosis,marginal_max | random3:1-2-3 | circuit,,,,,,,,,,,,,,,,,,,,,,,,,,,,,,,3,"[11, 12, 13]",conditional_nll_selection,,,,,,,,,,,,,,,,,,,,,,,,,,,,,,,,,,,,,,,,,,,,,,,,,,,,,,,,,,,,,,,,,,,,,,,,,,,,,,,,,0.05000000000000001,8.498374721940739e-18,200.0,0.0,8.052436351776123,0.649969176642317,12.642190297444662,2.870086769580839,0.060000000000000005,0.026457513110645904,0.055,0.008660254037844387,0.4887166666666667,0.013351739899104278,0.4994432595413129,0.004445933051334177,0.4887166666666667,0.013351739899104278,,,0.0,0.0,0.0,0.0,200.0,0.0,200.0,0.0,0.0,0.0,0.0,0.0,,,0.0,0.0
diagnosis_controls,conditional_nll_selection,synthetic,diagnosis,conditional_max | random3:1-2-3 | circuit,,,,,,,,,,,,,,,,,,,,,,,,,,,,,,,3,"[11, 12, 13]",conditional_nll_selection,,,,,,,,,,,,,,,,,,,,,,,,,,,,,,,,,,,,,,,,,,,,,,,,,,,,,,,,,,,,,,,,,,,,,,,,,,,,,,,,,0.05000000000000001,8.498374721940739e-18,200.0,0.0,8.052436351776123,0.649969176642317,12.642190297444662,2.870086769580839,0.060000000000000005,0.026457513110645904,0.055,0.008660254037844387,0.4887166666666667,0.013351739899104278,0.4994432595413129,0.004445933051334177,0.4887166666666667,0.013351739899104278,,,0.0,0.0,0.0,0.0,200.0,0.0,200.0,0.0,0.0,0.0,0.0,0.0,,,0.0,0.0
diagnosis_controls,conditional_nll_selection,synthetic,diagnosis,relational_max | random3:1-2-3 | circuit,,,,,,,,,,,,,,,,,,,,,,,,,,,,,,,3,"[11, 12, 13]",conditional_nll_selection,,,,,,,,,,,,,,,,,,,,,,,,,,,,,,,,,,,,,,,,,,,,,,,,,,,,,,,,,,,,,,,,,,,,,,,,,,,,,,,,,0.05000000000000001,8.498374721940739e-18,200.0,0.0,0.0,0.0,0.0,0.0,0.0,0.0,0.0,0.0,0.5,0.0,0.5,0.0,0.5,0.0,,,0.0,0.0,0.0,0.0,200.0,0.0,200.0,0.0,0.0,0.0,0.0,0.0,,,0.0,0.0
diagnosis_controls,conditional_nll_selection,synthetic,diagnosis,query random3:1-2-3 | known_law_oracle,,,,,,,,,,,,,,,,,,,,,,,,,,,,,,,3,"[11, 12, 13]",conditional_nll_selection,,,,,,,,,,,0.0,0.0,0.00042568066783132963,1.7586038635774756e-05,0.00040309700125362724,1.2208734943185734e-05,400.0,0.0,1.0,0.0,1.0,0.0,1.0,0.0,2.0,0.0,0.0,0.0,0.0,0.0,1.0,0.0,0.0,0.0,0.0,0.0,0.0,0.0,1600.0,0.0,0.0,0.0,0.0,0.0,0.0,0.0,0.0,0.0,0.0,0.0,0.0,0.0,,,,,,,,,,,,,,,,,,,,,,,,,,,,,,,,,,,,,,,,,,,,,,,,,,,,,,,,,,,,,,,,
diagnosis_controls,conditional_nll_selection,synthetic,diagnosis,known-law error random3:1-2-3 | known_law_oracle,,,,,,,,,,,,,,,,,,,,,,,,,,,,,,,3,"[11, 12, 13]",conditional_nll_selection,,,,,,,,,,,,,,,,,,,,,,,,,,,,,,,,,,,,,,,,,,,,,,,,,,,,,0.0,0.0,0.0,0.0,0.0,0.0,1.0,0.0,0.0,0.0,0.0,0.0,0.0,0.0,1.0,0.0,0.0,0.0,0.0,0.0,0.0,0.0,,,0.0,0.0,0.0,0.0,,,,,,,,,,,,,,,,,,,,,,,,,,,,,,,,,,,,
diagnosis_controls,conditional_nll_selection,synthetic,diagnosis,joint | random3:1-2-3 | known_law_oracle,,,,,,,,,,,,,,,,,,,,,,,,,,,,,,,3,"[11, 12, 13]",conditional_nll_selection,,,,,,,,,,,,,,,,,,,,,,,,,,,,,,,,,,,,,,,,,,,,,,,,,,,,,,,,,,,,,,,,,,,,,,,,,,,,,,,,,0.05000000000000001,8.498374721940739e-18,200.0,0.0,7.689895496961474,0.5021001950174577,10.071033718670991,2.3032659569915754,0.06333333333333334,0.020207259421636908,0.06,0.0304138126514911,0.48662500000000003,0.006084868527749771,0.4983624026561697,0.008169094318119742,0.48662500000000003,0.006084868527749771,,,0.0,0.0,0.0,0.0,200.0,0.0,200.0,0.0,0.0,0.0,0.0,0.0,,,0.0,0.0
diagnosis_controls,conditional_nll_selection,synthetic,diagnosis,independent | random3:1-2-3 | known_law_oracle,,,,,,,,,,,,,,,,,,,,,,,,,,,,,,,3,"[11, 12, 13]",conditional_nll_selection,,,,,,,,,,,,,,,,,,,,,,,,,,,,,,,,,,,,,,,,,,,,,,,,,,,,,,,,,,,,,,,,,,,,,,,,,,,,,,,,,0.05000000000000001,8.498374721940739e-18,200.0,0.0,7.689895496961474,0.5021001950174577,10.071033718670991,2.3032659569915754,0.06333333333333334,0.020207259421636908,0.06,0.0304138126514911,0.48662500000000003,0.006084868527749771,0.4983624026561697,0.008169094318119742,0.48662500000000003,0.006084868527749771,,,0.0,0.0,0.0,0.0,200.0,0.0,200.0,0.0,0.0,0.0,0.0,0.0,,,0.0,0.0
diagnosis_controls,conditional_nll_selection,synthetic,diagnosis,marginal_max | random3:1-2-3 | known_law_oracle,,,,,,,,,,,,,,,,,,,,,,,,,,,,,,,3,"[11, 12, 13]",conditional_nll_selection,,,,,,,,,,,,,,,,,,,,,,,,,,,,,,,,,,,,,,,,,,,,,,,,,,,,,,,,,,,,,,,,,,,,,,,,,,,,,,,,,0.05000000000000001,8.498374721940739e-18,200.0,0.0,7.689895496961474,0.5021001950174577,10.071033718670991,2.3032659569915754,0.06333333333333334,0.020207259421636908,0.06,0.0304138126514911,0.48662500000000003,0.006084868527749771,0.4983624026561697,0.008169094318119742,0.48662500000000003,0.006084868527749771,,,0.0,0.0,0.0,0.0,200.0,0.0,200.0,0.0,0.0,0.0,0.0,0.0,,,0.0,0.0
diagnosis_controls,conditional_nll_selection,synthetic,diagnosis,conditional_max | random3:1-2-3 | known_law_oracle,,,,,,,,,,,,,,,,,,,,,,,,,,,,,,,3,"[11, 12, 13]",conditional_nll_selection,,,,,,,,,,,,,,,,,,,,,,,,,,,,,,,,,,,,,,,,,,,,,,,,,,,,,,,,,,,,,,,,,,,,,,,,,,,,,,,,,0.05000000000000001,8.498374721940739e-18,200.0,0.0,7.689895496961474,0.5021001950174577,10.071033718670991,2.3032659569915754,0.06333333333333334,0.020207259421636908,0.06,0.0304138126514911,0.48662500000000003,0.006084868527749771,0.4983624026561697,0.008169094318119742,0.48662500000000003,0.006084868527749771,,,0.0,0.0,0.0,0.0,200.0,0.0,200.0,0.0,0.0,0.0,0.0,0.0,,,0.0,0.0
diagnosis_controls,conditional_nll_selection,synthetic,diagnosis,relational_max | random3:1-2-3 | known_law_oracle,,,,,,,,,,,,,,,,,,,,,,,,,,,,,,,3,"[11, 12, 13]",conditional_nll_selection,,,,,,,,,,,,,,,,,,,,,,,,,,,,,,,,,,,,,,,,,,,,,,,,,,,,,,,,,,,,,,,,,,,,,,,,,,,,,,,,,0.05000000000000001,8.498374721940739e-18,200.0,0.0,0.0,0.0,0.0,0.0,0.0,0.0,0.0,0.0,0.5,0.0,0.5,0.0,0.5,0.0,,,0.0,0.0,0.0,0.0,200.0,0.0,200.0,0.0,0.0,0.0,0.0,0.0,,,0.0,0.0
diagnosis_controls,conditional_nll_selection,synthetic,diagnosis,query bank0:0-1 | circuit,,,,,,,,,,,,,,,,,,,,,,,,,,,,,,,3,"[11, 12, 13]",conditional_nll_selection,,,,,,,,,,,1.7484029134114583e-06,7.283807905444845e-07,0.006582278000375179,0.00025118818067023567,0.004124361000625261,3.962336331639677e-05,400.0,0.0,2.0,0.0,2.0,0.0,2.0,0.0,3.0,0.0,450.0,0.0,16.0,0.0,1.0,0.0,0.006509666666666667,0.0002521950303501902,180000.0,0.0,12800.0,0.0,1600.0,0.0,25600.0,0.0,-0.006028674517968587,0.01047232081038236,0.02385522325736626,0.04074300315855957,0.027943343186052516,0.04764604503226439,-0.04896480142876195,0.083574532545314,0.035594160843174905,0.060434487107944856,,,,,,,,,,,,,,,,,,,,,,,,,,,,,,,,,,,,,,,,,,,,,,,,,,,,,,,,,,,,,,,,
diagnosis_controls,conditional_nll_selection,synthetic,diagnosis,known-law error bank0:0-1 | circuit,,,,,,,,,,,,,,,,,,,,,,,,,,,,,,,3,"[11, 12, 13]",conditional_nll_selection,,,,,,,,,,,,,,,,,,,,,,,,,,,,,,,,,,,,,,,,,,,,,,,,,,,,,0.1240639002788535,0.013178851351919691,0.36053277264573896,0.017373843727445583,2.883412827593667,0.4501005035115111,0.9415848201308689,0.002490841889184424,0.11803529020830705,0.0027672328178116926,0.3574038795302055,0.020119432887174882,2.883882989031657,0.4501622386640155,0.9419396742028815,0.0023127702092439906,0.00602860490481055,0.010472355985032124,0.023855255047480265,0.040743011764997276,0.05543613433837802,0.09399722116220864,0.014737588642051854,0.023326466814182226,-0.2420992504891696,0.015906227361715576,0.5372892004554599,0.046147415343716344,,,,,,,,,,,,,,,,,,,,,,,,,,,,,,,,,,,,
diagnosis_controls,conditional_nll_selection,synthetic,diagnosis,joint | bank0:0-1 | circuit,,,,,,,,,,,,,,,,,,,,,,,,,,,,,,,3,"[11, 12, 13]",conditional_nll_selection,,,,,,,,,,,,,,,,,,,,,,,,,,,,,,,,,,,,,,,,,,,,,,,,,,,,,,,,,,,,,,,,,,,,,,,,,,,,,,,,,0.05000000000000001,8.498374721940739e-18,200.0,0.0,14.30750815073649,0.360584410377998,11.88693364461263,1.7486067220399106,0.04833333333333334,0.020207259421636904,0.04833333333333334,0.020207259421636904,0.5,0.0,0.5,0.0,0.5,0.0,,,0.0,0.0,200.0,0.0,0.0,0.0,0.0,0.0,0.0,0.0,0.0,0.0,,,0.0,0.0
diagnosis_controls,conditional_nll_selection,synthetic,diagnosis,independent | bank0:0-1 | circuit,,,,,,,,,,,,,,,,,,,,,,,,,,,,,,,3,"[11, 12, 13]",conditional_nll_selection,,,,,,,,,,,,,,,,,,,,,,,,,,,,,,,,,,,,,,,,,,,,,,,,,,,,,,,,,,,,,,,,,,,,,,,,,,,,,,,,,0.05000000000000001,8.498374721940739e-18,200.0,0.0,14.332035382588705,0.35887636953441354,11.886627197265625,1.7495375598876166,0.04833333333333334,0.020207259421636904,0.04833333333333334,0.020207259421636904,0.5,0.0,0.5,0.0,0.5,0.0,,,0.0,0.0,200.0,0.0,0.0,0.0,0.0,0.0,0.0,0.0,0.0,0.0,,,0.0,0.0
diagnosis_controls,conditional_nll_selection,synthetic,diagnosis,marginal_max | bank0:0-1 | circuit,,,,,,,,,,,,,,,,,,,,,,,,,,,,,,,3,"[11, 12, 13]",conditional_nll_selection,,,,,,,,,,,,,,,,,,,,,,,,,,,,,,,,,,,,,,,,,,,,,,,,,,,,,,,,,,,,,,,,,,,,,,,,,,,,,,,,,0.05000000000000001,8.498374721940739e-18,200.0,0.0,9.28413454691569,0.4435154804666814,9.262482643127441,0.9517178493971347,0.03333333333333333,0.007637626158259733,0.03333333333333333,0.007637626158259733,0.5,0.0,0.5,0.0,0.5,0.0,,,0.0,0.0,200.0,0.0,0.0,0.0,0.0,0.0,0.0,0.0,0.0,0.0,,,0.0,0.0
diagnosis_controls,conditional_nll_selection,synthetic,diagnosis,conditional_max | bank0:0-1 | circuit,,,,,,,,,,,,,,,,,,,,,,,,,,,,,,,3,"[11, 12, 13]",conditional_nll_selection,,,,,,,,,,,,,,,,,,,,,,,,,,,,,,,,,,,,,,,,,,,,,,,,,,,,,,,,,,,,,,,,,,,,,,,,,,,,,,,,,0.05000000000000001,8.498374721940739e-18,200.0,0.0,9.3197021484375,0.3881051285854799,9.263137181599935,0.951084777856505,0.035,0.008660254037844387,0.035,0.008660254037844387,0.5,0.0,0.5,0.0,0.5,0.0,,,0.0,0.0,200.0,0.0,0.0,0.0,0.0,0.0,0.0,0.0,0.0,0.0,,,0.0,0.0
diagnosis_controls,conditional_nll_selection,synthetic,diagnosis,relational_max | bank0:0-1 | circuit,,,,,,,,,,,,,,,,,,,,,,,,,,,,,,,3,"[11, 12, 13]",conditional_nll_selection,,,,,,,,,,,,,,,,,,,,,,,,,,,,,,,,,,,,,,,,,,,,,,,,,,,,,,,,,,,,,,,,,,,,,,,,,,,,,,,,,0.05000000000000001,8.498374721940739e-18,200.0,0.0,0.04953289031982422,0.08440816378115878,0.10959625244140625,0.18618044271912318,0.03166666666666667,0.010408329997330663,0.03166666666666667,0.010408329997330663,0.5,0.0,0.5,3.925231146709438e-17,0.5,0.0,,,0.0,0.0,200.0,0.0,0.0,0.0,0.0,0.0,0.0,0.0,0.0,0.0,,,0.0,0.0
diagnosis_controls,conditional_nll_selection,synthetic,diagnosis,query bank0:0-1 | known_law_oracle,,,,,,,,,,,,,,,,,,,,,,,,,,,,,,,3,"[11, 12, 13]",conditional_nll_selection,,,,,,,,,,,0.0,0.0,0.0009038610005518422,6.260413335695434e-05,0.0008159303336772913,3.155245957549773e-05,400.0,0.0,2.0,0.0,2.0,0.0,2.0,0.0,3.0,0.0,0.0,0.0,0.0,0.0,1.0,0.0,0.0,0.0,0.0,0.0,0.0,0.0,1600.0,0.0,0.0,0.0,-2.516505522483688e-17,5.185268477743734e-17,7.593925488436071e-16,1.9357399876532522e-17,1.1686291224800061e-15,2.882440024992711e-17,-1.7763568394002505e-15,0.0,1.7763568394002505e-15,0.0,,,,,,,,,,,,,,,,,,,,,,,,,,,,,,,,,,,,,,,,,,,,,,,,,,,,,,,,,,,,,,,,
diagnosis_controls,conditional_nll_selection,synthetic,diagnosis,known-law error bank0:0-1 | known_law_oracle,,,,,,,,,,,,,,,,,,,,,,,,,,,,,,,3,"[11, 12, 13]",conditional_nll_selection,,,,,,,,,,,,,,,,,,,,,,,,,,,,,,,,,,,,,,,,,,,,,,,,,,,,,0.0,0.0,0.0,0.0,0.0,0.0,1.0,7.850462293418876e-17,0.0,0.0,0.0,0.0,0.0,0.0,1.0,7.850462293418876e-17,0.0,0.0,0.0,0.0,0.0,0.0,1.0,0.0,0.0,0.0,0.0,0.0,,,,,,,,,,,,,,,,,,,,,,,,,,,,,,,,,,,,
diagnosis_controls,conditional_nll_selection,synthetic,diagnosis,joint | bank0:0-1 | known_law_oracle,,,,,,,,,,,,,,,,,,,,,,,,,,,,,,,3,"[11, 12, 13]",conditional_nll_selection,,,,,,,,,,,,,,,,,,,,,,,,,,,,,,,,,,,,,,,,,,,,,,,,,,,,,,,,,,,,,,,,,,,,,,,,,,,,,,,,,0.05000000000000001,8.498374721940739e-18,200.0,0.0,13.511334918852015,0.4350604957554901,9.840153456901513,0.9350856217930461,0.06666666666666667,0.03547299442298794,0.06666666666666667,0.03547299442298794,0.5,0.0,0.5,0.0,0.5,0.0,,,0.0,0.0,200.0,0.0,0.0,0.0,0.0,0.0,0.0,0.0,0.0,0.0,,,0.0,0.0
diagnosis_controls,conditional_nll_selection,synthetic,diagnosis,independent | bank0:0-1 | known_law_oracle,,,,,,,,,,,,,,,,,,,,,,,,,,,,,,,3,"[11, 12, 13]",conditional_nll_selection,,,,,,,,,,,,,,,,,,,,,,,,,,,,,,,,,,,,,,,,,,,,,,,,,,,,,,,,,,,,,,,,,,,,,,,,,,,,,,,,,0.05000000000000001,8.498374721940739e-18,200.0,0.0,13.511334918852015,0.43506049575549066,9.840153456901513,0.935085621793047,0.06666666666666667,0.03547299442298794,0.06666666666666667,0.03547299442298794,0.5,0.0,0.5,0.0,0.5,0.0,,,0.0,0.0,200.0,0.0,0.0,0.0,0.0,0.0,0.0,0.0,0.0,0.0,,,0.0,0.0
diagnosis_controls,conditional_nll_selection,synthetic,diagnosis,marginal_max | bank0:0-1 | known_law_oracle,,,,,,,,,,,,,,,,,,,,,,,,,,,,,,,3,"[11, 12, 13]",conditional_nll_selection,,,,,,,,,,,,,,,,,,,,,,,,,,,,,,,,,,,,,,,,,,,,,,,,,,,,,,,,,,,,,,,,,,,,,,,,,,,,,,,,,0.05000000000000001,8.498374721940739e-18,200.0,0.0,8.529904649174943,0.3433197510267786,7.840172232970702,0.9427948684257139,0.05333333333333334,0.01527525231651947,0.05333333333333334,0.01527525231651947,0.5,0.0,0.5,0.0,0.5,0.0,,,0.0,0.0,200.0,0.0,0.0,0.0,0.0,0.0,0.0,0.0,0.0,0.0,,,0.0,0.0
diagnosis_controls,conditional_nll_selection,synthetic,diagnosis,conditional_max | bank0:0-1 | known_law_oracle,,,,,,,,,,,,,,,,,,,,,,,,,,,,,,,3,"[11, 12, 13]",conditional_nll_selection,,,,,,,,,,,,,,,,,,,,,,,,,,,,,,,,,,,,,,,,,,,,,,,,,,,,,,,,,,,,,,,,,,,,,,,,,,,,,,,,,0.05000000000000001,8.498374721940739e-18,200.0,0.0,8.529904649174945,0.34331975102677903,7.8401722329707,0.9427948684257161,0.05333333333333334,0.01527525231651947,0.05333333333333334,0.01527525231651947,0.5,0.0,0.5,0.0,0.5,0.0,,,0.0,0.0,200.0,0.0,0.0,0.0,0.0,0.0,0.0,0.0,0.0,0.0,,,0.0,0.0
diagnosis_controls,conditional_nll_selection,synthetic,diagnosis,relational_max | bank0:0-1 | known_law_oracle,,,,,,,,,,,,,,,,,,,,,,,,,,,,,,,3,"[11, 12, 13]",conditional_nll_selection,,,,,,,,,,,,,,,,,,,,,,,,,,,,,,,,,,,,,,,,,,,,,,,,,,,,,,,,,,,,,,,,,,,,,,,,,,,,,,,,,0.05000000000000001,8.498374721940739e-18,200.0,0.0,1.1842378929335002e-15,5.127900497022837e-16,5.625129991434126e-15,1.3567149463006936e-15,0.055,0.04092676385936225,0.055,0.04092676385936225,0.5,0.0,0.5,3.925231146709438e-17,0.5,0.0,,,0.0,0.0,200.0,0.0,0.0,0.0,0.0,0.0,0.0,0.0,0.0,0.0,,,0.0,0.0
diagnosis_controls,conditional_nll_selection,synthetic,diagnosis,query single_sensor_0 | circuit,,,,,,,,,,,,,,,,,,,,,,,,,,,,,,,3,"[11, 12, 13]",conditional_nll_selection,,,,,,,,,,,7.947285970052084e-07,2.7530206164819037e-07,0.006541763666367236,0.00015622413517175918,0.004269749667097737,0.00033698487522959716,400.0,0.0,1.0,0.0,1.0,0.0,1.0,0.0,3.0,0.0,450.0,0.0,16.0,0.0,1.0,0.0,0.006460666666666667,0.00014499080430611206,180000.0,0.0,12800.0,0.0,1600.0,0.0,25600.0,0.0,-4.17232518164686e-08,2.2138612769255016e-07,2.4437904263171123e-07,7.84701409548954e-08,3.1850582142093725e-07,3.140736801843074e-08,-6.437301559950962e-07,2.6868409927986597e-07,3.178914388020833e-07,2.753020616481904e-07,,,,,,,,,,,,,,,,,,,,,,,,,,,,,,,,,,,,,,,,,,,,,,,,,,,,,,,,,,,,,,,,
diagnosis_controls,conditional_nll_selection,synthetic,diagnosis,known-law error single_sensor_0 | circuit,,,,,,,,,,,,,,,,,,,,,,,,,,,,,,,3,"[11, 12, 13]",conditional_nll_selection,,,,,,,,,,,,,,,,,,,,,,,,,,,,,,,,,,,,,,,,,,,,,,,,,,,,,0.12212987217992566,0.038581068618857524,0.3405387218631984,0.0201092631231263,4.462497162384692,1.6614175606265473,0.9546491148401207,0.0064896897021445655,0.12212987217992566,0.038581068618857524,0.3405387218631984,0.0201092631231263,4.462497162384692,1.6614175606265473,0.9546491148401207,0.0064896897021445655,0.0,0.0,0.0,0.0,0.0,0.0,,,-0.12212990794271252,0.03858103172327233,0.34053873577094884,0.020109245707694533,,,,,,,,,,,,,,,,,,,,,,,,,,,,,,,,,,,,
diagnosis_controls,conditional_nll_selection,synthetic,diagnosis,joint | single_sensor_0 | circuit,,,,,,,,,,,,,,,,,,,,,,,,,,,,,,,3,"[11, 12, 13]",conditional_nll_selection,,,,,,,,,,,,,,,,,,,,,,,,,,,,,,,,,,,,,,,,,,,,,,,,,,,,,,,,,,,,,,,,,,,,,,,,,,,,,,,,,0.05000000000000001,8.498374721940739e-18,200.0,0.0,8.052436351776123,0.649969176642317,12.642190297444662,2.8700871968686226,0.060000000000000005,0.026457513110645904,0.055,0.008660254037844387,0.4887166666666667,0.013351739899104278,0.4994432595413129,0.004445933051334177,0.4887166666666667,0.013351739899104278,,,0.0,0.0,0.0,0.0,200.0,0.0,200.0,0.0,0.0,0.0,0.0,0.0,,,0.0,0.0
diagnosis_controls,conditional_nll_selection,synthetic,diagnosis,independent | single_sensor_0 | circuit,,,,,,,,,,,,,,,,,,,,,,,,,,,,,,,3,"[11, 12, 13]",conditional_nll_selection,,,,,,,,,,,,,,,,,,,,,,,,,,,,,,,,,,,,,,,,,,,,,,,,,,,,,,,,,,,,,,,,,,,,,,,,,,,,,,,,,0.05000000000000001,8.498374721940739e-18,200.0,0.0,8.052436351776123,0.649969176642317,12.642190297444662,2.870086769580839,0.060000000000000005,0.026457513110645904,0.055,0.008660254037844387,0.4887166666666667,0.013351739899104278,0.4994432595413129,0.004445933051334177,0.4887166666666667,0.013351739899104278,,,0.0,0.0,0.0,0.0,200.0,0.0,200.0,0.0,0.0,0.0,0.0,0.0,,,0.0,0.0
diagnosis_controls,conditional_nll_selection,synthetic,diagnosis,marginal_max | single_sensor_0 | circuit,,,,,,,,,,,,,,,,,,,,,,,,,,,,,,,3,"[11, 12, 13]",conditional_nll_selection,,,,,,,,,,,,,,,,,,,,,,,,,,,,,,,,,,,,,,,,,,,,,,,,,,,,,,,,,,,,,,,,,,,,,,,,,,,,,,,,,0.05000000000000001,8.498374721940739e-18,200.0,0.0,8.052436351776123,0.649969176642317,12.642190297444662,2.870086769580839,0.060000000000000005,0.026457513110645904,0.055,0.008660254037844387,0.4887166666666667,0.013351739899104278,0.4994432595413129,0.004445933051334177,0.4887166666666667,0.013351739899104278,,,0.0,0.0,0.0,0.0,200.0,0.0,200.0,0.0,0.0,0.0,0.0,0.0,,,0.0,0.0
diagnosis_controls,conditional_nll_selection,synthetic,diagnosis,conditional_max | single_sensor_0 | circuit,,,,,,,,,,,,,,,,,,,,,,,,,,,,,,,3,"[11, 12, 13]",conditional_nll_selection,,,,,,,,,,,,,,,,,,,,,,,,,,,,,,,,,,,,,,,,,,,,,,,,,,,,,,,,,,,,,,,,,,,,,,,,,,,,,,,,,0.05000000000000001,8.498374721940739e-18,200.0,0.0,8.052436351776123,0.649969176642317,12.642190297444662,2.870086769580839,0.060000000000000005,0.026457513110645904,0.055,0.008660254037844387,0.4887166666666667,0.013351739899104278,0.4994432595413129,0.004445933051334177,0.4887166666666667,0.013351739899104278,,,0.0,0.0,0.0,0.0,200.0,0.0,200.0,0.0,0.0,0.0,0.0,0.0,,,0.0,0.0
diagnosis_controls,conditional_nll_selection,synthetic,diagnosis,relational_max | single_sensor_0 | circuit,,,,,,,,,,,,,,,,,,,,,,,,,,,,,,,3,"[11, 12, 13]",conditional_nll_selection,,,,,,,,,,,,,,,,,,,,,,,,,,,,,,,,,,,,,,,,,,,,,,,,,,,,,,,,,,,,,,,,,,,,,,,,,,,,,,,,,0.05000000000000001,8.498374721940739e-18,200.0,0.0,0.0,0.0,0.0,0.0,0.0,0.0,0.0,0.0,0.5,0.0,0.5,0.0,0.5,0.0,,,0.0,0.0,0.0,0.0,200.0,0.0,200.0,0.0,0.0,0.0,0.0,0.0,,,0.0,0.0
diagnosis_controls,conditional_nll_selection,synthetic,diagnosis,query single_sensor_0 | known_law_oracle,,,,,,,,,,,,,,,,,,,,,,,,,,,,,,,3,"[11, 12, 13]",conditional_nll_selection,,,,,,,,,,,0.0,0.0,0.0004186810001556296,2.6566378750116268e-05,0.0003950556686807734,3.825469725331076e-05,400.0,0.0,1.0,0.0,1.0,0.0,1.0,0.0,2.0,0.0,0.0,0.0,0.0,0.0,1.0,0.0,0.0,0.0,0.0,0.0,0.0,0.0,1600.0,0.0,0.0,0.0,0.0,0.0,0.0,0.0,0.0,0.0,0.0,0.0,0.0,0.0,,,,,,,,,,,,,,,,,,,,,,,,,,,,,,,,,,,,,,,,,,,,,,,,,,,,,,,,,,,,,,,,
diagnosis_controls,conditional_nll_selection,synthetic,diagnosis,known-law error single_sensor_0 | known_law_oracle,,,,,,,,,,,,,,,,,,,,,,,,,,,,,,,3,"[11, 12, 13]",conditional_nll_selection,,,,,,,,,,,,,,,,,,,,,,,,,,,,,,,,,,,,,,,,,,,,,,,,,,,,,0.0,0.0,0.0,0.0,0.0,0.0,1.0,0.0,0.0,0.0,0.0,0.0,0.0,0.0,1.0,0.0,0.0,0.0,0.0,0.0,0.0,0.0,,,0.0,0.0,0.0,0.0,,,,,,,,,,,,,,,,,,,,,,,,,,,,,,,,,,,,
diagnosis_controls,conditional_nll_selection,synthetic,diagnosis,joint | single_sensor_0 | known_law_oracle,,,,,,,,,,,,,,,,,,,,,,,,,,,,,,,3,"[11, 12, 13]",conditional_nll_selection,,,,,,,,,,,,,,,,,,,,,,,,,,,,,,,,,,,,,,,,,,,,,,,,,,,,,,,,,,,,,,,,,,,,,,,,,,,,,,,,,0.05000000000000001,8.498374721940739e-18,200.0,0.0,7.689895496961474,0.5021001950174577,10.071033718670991,2.3032659569915754,0.06333333333333334,0.020207259421636908,0.06,0.0304138126514911,0.48662500000000003,0.006084868527749771,0.4983624026561697,0.008169094318119742,0.48662500000000003,0.006084868527749771,,,0.0,0.0,0.0,0.0,200.0,0.0,200.0,0.0,0.0,0.0,0.0,0.0,,,0.0,0.0
diagnosis_controls,conditional_nll_selection,synthetic,diagnosis,independent | single_sensor_0 | known_law_oracle,,,,,,,,,,,,,,,,,,,,,,,,,,,,,,,3,"[11, 12, 13]",conditional_nll_selection,,,,,,,,,,,,,,,,,,,,,,,,,,,,,,,,,,,,,,,,,,,,,,,,,,,,,,,,,,,,,,,,,,,,,,,,,,,,,,,,,0.05000000000000001,8.498374721940739e-18,200.0,0.0,7.689895496961474,0.5021001950174577,10.071033718670991,2.3032659569915754,0.06333333333333334,0.020207259421636908,0.06,0.0304138126514911,0.48662500000000003,0.006084868527749771,0.4983624026561697,0.008169094318119742,0.48662500000000003,0.006084868527749771,,,0.0,0.0,0.0,0.0,200.0,0.0,200.0,0.0,0.0,0.0,0.0,0.0,,,0.0,0.0
diagnosis_controls,conditional_nll_selection,synthetic,diagnosis,marginal_max | single_sensor_0 | known_law_oracle,,,,,,,,,,,,,,,,,,,,,,,,,,,,,,,3,"[11, 12, 13]",conditional_nll_selection,,,,,,,,,,,,,,,,,,,,,,,,,,,,,,,,,,,,,,,,,,,,,,,,,,,,,,,,,,,,,,,,,,,,,,,,,,,,,,,,,0.05000000000000001,8.498374721940739e-18,200.0,0.0,7.689895496961474,0.5021001950174577,10.071033718670991,2.3032659569915754,0.06333333333333334,0.020207259421636908,0.06,0.0304138126514911,0.48662500000000003,0.006084868527749771,0.4983624026561697,0.008169094318119742,0.48662500000000003,0.006084868527749771,,,0.0,0.0,0.0,0.0,200.0,0.0,200.0,0.0,0.0,0.0,0.0,0.0,,,0.0,0.0
diagnosis_controls,conditional_nll_selection,synthetic,diagnosis,conditional_max | single_sensor_0 | known_law_oracle,,,,,,,,,,,,,,,,,,,,,,,,,,,,,,,3,"[11, 12, 13]",conditional_nll_selection,,,,,,,,,,,,,,,,,,,,,,,,,,,,,,,,,,,,,,,,,,,,,,,,,,,,,,,,,,,,,,,,,,,,,,,,,,,,,,,,,0.05000000000000001,8.498374721940739e-18,200.0,0.0,7.689895496961474,0.5021001950174577,10.071033718670991,2.3032659569915754,0.06333333333333334,0.020207259421636908,0.06,0.0304138126514911,0.48662500000000003,0.006084868527749771,0.4983624026561697,0.008169094318119742,0.48662500000000003,0.006084868527749771,,,0.0,0.0,0.0,0.0,200.0,0.0,200.0,0.0,0.0,0.0,0.0,0.0,,,0.0,0.0
diagnosis_controls,conditional_nll_selection,synthetic,diagnosis,relational_max | single_sensor_0 | known_law_oracle,,,,,,,,,,,,,,,,,,,,,,,,,,,,,,,3,"[11, 12, 13]",conditional_nll_selection,,,,,,,,,,,,,,,,,,,,,,,,,,,,,,,,,,,,,,,,,,,,,,,,,,,,,,,,,,,,,,,,,,,,,,,,,,,,,,,,,0.05000000000000001,8.498374721940739e-18,200.0,0.0,0.0,0.0,0.0,0.0,0.0,0.0,0.0,0.0,0.5,0.0,0.5,0.0,0.5,0.0,,,0.0,0.0,0.0,0.0,200.0,0.0,200.0,0.0,0.0,0.0,0.0,0.0,,,0.0,0.0
diagnosis_controls,interface,synthetic,diagnosis,model,9.685754776000977e-08,2.2139635619675556e-07,64.0,0.0,81.0,0.0,384.0,0.0,529.0,0.0,2688.0,0.0,930.6666666666666,74.33258594542056,116.33333333333333,9.29157324317757,90.33333333333333,9.29157324317757,20.449156443277996,0.21257171316723913,2.8160526752471924,0.13160509233915035,20.21633489926656,0.07502958078195808,0.02,0.0,150.0,0.0,128.0,0.0,3,"[11, 12, 13]",interface,,,,,,,,,,,,,,,,,,,,,,,,,,,,,,,,,,,,,,,,,,,,,,,,,,,,,,,,,,,,,,,,,,,,,,,,,,,,,,,,,,,,,,,,,,,,,,,,,,,,,,,,,,,,,,,,,,,,
diagnosis_controls,interface,synthetic,diagnosis,shortcut audit,,,,,,,,,,,,,,,,,,,,,,,,,,,,,,,3,"[11, 12, 13]",interface,0.48155,0.02226208941227215,0.0,0.0,400.0,0.0,400.0,0.0,10.0,0.0,,,,,,,,,,,,,,,,,,,,,,,,,,,,,,,,,,,,,,,,,,,,,,,,,,,,,,,,,,,,,,,,,,,,,,,,,,,,,,,,,,,,,,,,,,,,,,,,,,,,,,,,,,
diagnosis_controls,interface,synthetic,diagnosis,query full | circuit,,,,,,,,,,,,,,,,,,,,,,,,,,,,,,,3,"[11, 12, 13]",interface,,,,,,,,,,,4.291534423828125e-06,8.259061849445711e-07,0.014576874999571979,0.0003570042976687913,0.009857041666691657,0.00021392029121533804,400.0,0.0,4.0,0.0,4.0,0.0,4.0,0.0,3.0,0.0,802.0,0.0,32.0,0.0,1.0,0.0,0.014446,0.00035681507815673913,320800.0,0.0,25600.0,0.0,1600.0,0.0,51200.0,0.0,-0.008783863273492898,0.00793410237449066,0.046183992798129715,0.03913648507907823,0.05675216787494719,0.04888668340107816,-0.10852619904714327,0.09533970442691628,0.08527345660453041,0.07450354211594253,,,,,,,,,,,,,,,,,,,,,,,,,,,,,,,,,,,,,,,,,,,,,,,,,,,,,,,,,,,,,,,,
diagnosis_controls,interface,synthetic,diagnosis,known-law error full | circuit,,,,,,,,,,,,,,,,,,,,,,,,,,,,,,,3,"[11, 12, 13]",interface,,,,,,,,,,,,,,,,,,,,,,,,,,,,,,,,,,,,,,,,,,,,,,,,,,,,,0.11738890302707165,0.018496166499221325,0.35304901713301334,0.02097522781886264,4.839748936716766,1.4716276749262707,0.9445806621873278,0.0027852934955944274,0.11254080923924192,0.02151368319821703,0.3497896571853701,0.020570628067118246,4.812011637115526,1.4997067223023952,0.9448301429816078,0.0030483449476119075,0.0048480902115510364,0.0046337120402849255,0.028206788897514355,0.025955952931438393,0.1503505706787124,0.13719477871365324,-0.011974285249366704,0.04608040601824546,-0.4599008676421381,0.0797034413668313,0.810835537079842,0.08942943417781293,,,,,,,,,,,,,,,,,,,,,,,,,,,,,,,,,,,,
diagnosis_controls,interface,synthetic,diagnosis,joint | full | circuit,,,,,,,,,,,,,,,,,,,,,,,,,,,,,,,3,"[11, 12, 13]",interface,,,,,,,,,,,,,,,,,,,,,,,,,,,,,,,,,,,,,,,,,,,,,,,,,,,,,,,,,,,,,,,,,,,,,,,,,,,,,,,,,0.05000000000000001,8.498374721940739e-18,200.0,0.0,26.196772893269856,1.279938323204618,17.054450352986652,1.7633848820141804,0.045000000000000005,0.02,0.04833333333333334,0.028431203515386635,0.49645,0.002477019378204398,0.5002386211857156,0.001486413631658006,0.49645,0.002477019378204398,0.5233333333333333,0.012054563451241167,200.0,0.0,0.0,0.0,0.0,0.0,0.0,0.0,200.0,0.0,190.33333333333334,5.686240703077327,0.25333333333333335,0.002886751345948131,0.01,0.008660254037844387
diagnosis_controls,interface,synthetic,diagnosis,independent | full | circuit,,,,,,,,,,,,,,,,,,,,,,,,,,,,,,,3,"[11, 12, 13]",interface,,,,,,,,,,,,,,,,,,,,,,,,,,,,,,,,,,,,,,,,,,,,,,,,,,,,,,,,,,,,,,,,,,,,,,,,,,,,,,,,,0.05000000000000001,8.498374721940739e-18,200.0,0.0,26.212890625,1.2285000294484612,17.089089075724285,1.734575724528551,0.041666666666666664,0.015275252316519466,0.045000000000000005,0.02,0.49662500000000004,0.0027118950938412,0.49970367904232127,0.0019238190290283557,0.49662500000000004,0.0027118950938412,0.5227777777777778,0.011890219292124709,200.0,0.0,0.0,0.0,0.0,0.0,0.0,0.0,200.0,0.0,191.0,4.0,0.25333333333333335,0.002886751345948131,0.01,0.005
diagnosis_controls,interface,synthetic,diagnosis,marginal_max | full | circuit,,,,,,,,,,,,,,,,,,,,,,,,,,,,,,,3,"[11, 12, 13]",interface,,,,,,,,,,,,,,,,,,,,,,,,,,,,,,,,,,,,,,,,,,,,,,,,,,,,,,,,,,,,,,,,,,,,,,,,,,,,,,,,,0.05000000000000001,8.498374721940739e-18,200.0,0.0,9.993168512980143,0.5276237674418647,11.542885462443033,2.827174520250205,0.05000000000000001,0.015,0.056666666666666664,0.0057735026918962545,0.49737499999999996,0.002311891811915063,0.5012630495446088,0.009746737885703379,0.49737499999999996,0.002311891811915063,0.5227777777777778,0.011890219292124709,200.0,0.0,0.0,0.0,0.0,0.0,0.0,0.0,200.0,0.0,188.66666666666666,1.1547005383792515,0.25333333333333335,0.002886751345948131,0.016666666666666666,0.011547005383792514
diagnosis_controls,interface,synthetic,diagnosis,conditional_max | full | circuit,,,,,,,,,,,,,,,,,,,,,,,,,,,,,,,3,"[11, 12, 13]",interface,,,,,,,,,,,,,,,,,,,,,,,,,,,,,,,,,,,,,,,,,,,,,,,,,,,,,,,,,,,,,,,,,,,,,,,,,,,,,,,,,0.05000000000000001,8.498374721940739e-18,200.0,0.0,9.982800165812174,0.5300578807889353,11.567897160847982,2.8214144243422683,0.04833333333333334,0.017559422921421233,0.05666666666666667,0.007637626158259733,0.4973666666666667,0.0020982631706564607,0.5027645231255398,0.009166546961732785,0.4973666666666667,0.0020982631706564607,0.5233333333333333,0.012054563451241167,200.0,0.0,0.0,0.0,0.0,0.0,0.0,0.0,200.0,0.0,188.66666666666666,1.5275252316519465,0.25333333333333335,0.002886751345948131,0.018333333333333333,0.010408329997330663
diagnosis_controls,interface,synthetic,diagnosis,relational_max | full | circuit,,,,,,,,,,,,,,,,,,,,,,,,,,,,,,,3,"[11, 12, 13]",interface,,,,,,,,,,,,,,,,,,,,,,,,,,,,,,,,,,,,,,,,,,,,,,,,,,,,,,,,,,,,,,,,,,,,,,,,,,,,,,,,,0.05000000000000001,8.498374721940739e-18,200.0,0.0,0.10696029663085938,0.09159117076610387,0.18169339497884116,0.18080002082870938,0.07333333333333333,0.030550504633038936,0.06833333333333334,0.02466441431158124,0.4923416666666667,0.009221377450431837,0.5026369080878649,0.001835915977494514,0.4923416666666667,0.009221377450431837,0.5327777777777777,0.03250356105846685,200.0,0.0,0.0,0.0,0.0,0.0,109.66666666666667,99.1581228812513,90.33333333333333,99.1581228812513,81.0,91.53687781435414,0.2814880952380952,0.060735377988910086,0.021666666666666667,0.02254624876411447
diagnosis_controls,interface,synthetic,diagnosis,query full | known_law_oracle,,,,,,,,,,,,,,,,,,,,,,,,,,,,,,,3,"[11, 12, 13]",interface,,,,,,,,,,,0.0,0.0,0.0016813053334772121,5.1507343300209725e-05,0.001563666999572888,3.59569091892014e-05,400.0,0.0,4.0,0.0,4.0,0.0,4.0,0.0,5.0,0.0,0.0,0.0,0.0,0.0,1.0,0.0,0.0,0.0,0.0,0.0,0.0,0.0,1600.0,0.0,0.0,0.0,-7.105427357601002e-17,1.0805156823142816e-16,1.3559523874088578e-15,1.4897411453073922e-16,2.1872322410349084e-15,1.2232396861929305e-16,-3.552713678800501e-15,0.0,3.552713678800501e-15,0.0,,,,,,,,,,,,,,,,,,,,,,,,,,,,,,,,,,,,,,,,,,,,,,,,,,,,,,,,,,,,,,,,
diagnosis_controls,interface,synthetic,diagnosis,known-law error full | known_law_oracle,,,,,,,,,,,,,,,,,,,,,,,,,,,,,,,3,"[11, 12, 13]",interface,,,,,,,,,,,,,,,,,,,,,,,,,,,,,,,,,,,,,,,,,,,,,,,,,,,,,0.0,0.0,0.0,0.0,0.0,0.0,1.0,7.850462293418876e-17,0.0,0.0,0.0,0.0,0.0,0.0,1.0,7.850462293418876e-17,0.0,0.0,0.0,0.0,0.0,0.0,1.0,1.5700924586837752e-16,0.0,0.0,0.0,0.0,,,,,,,,,,,,,,,,,,,,,,,,,,,,,,,,,,,,
diagnosis_controls,interface,synthetic,diagnosis,joint | full | known_law_oracle,,,,,,,,,,,,,,,,,,,,,,,,,,,,,,,3,"[11, 12, 13]",interface,,,,,,,,,,,,,,,,,,,,,,,,,,,,,,,,,,,,,,,,,,,,,,,,,,,,,,,,,,,,,,,,,,,,,,,,,,,,,,,,,0.05000000000000001,8.498374721940739e-18,200.0,0.0,25.123579209597313,0.8029984373828893,17.044397970706715,2.1083751073729076,0.06166666666666667,0.03752776749732568,0.06666666666666667,0.03214550253664318,0.495175,0.009931232300173022,0.5004042151936351,0.002741286964361124,0.495175,0.009931232300173022,0.5191666666666667,0.02036131953811768,200.0,0.0,0.0,0.0,0.0,0.0,0.0,0.0,200.0,0.0,186.66666666666666,6.429100507328636,0.24666666666666667,0.022546248764114478,0.02,0.005000000000000001
diagnosis_controls,interface,synthetic,diagnosis,independent | full | known_law_oracle,,,,,,,,,,,,,,,,,,,,,,,,,,,,,,,3,"[11, 12, 13]",interface,,,,,,,,,,,,,,,,,,,,,,,,,,,,,,,,,,,,,,,,,,,,,,,,,,,,,,,,,,,,,,,,,,,,,,,,,,,,,,,,,0.05000000000000001,8.498374721940739e-18,200.0,0.0,25.123579209597313,0.8029984373828913,17.044397970706715,2.108375107372908,0.06166666666666667,0.03752776749732568,0.06666666666666667,0.03214550253664318,0.495175,0.009931232300173022,0.5004042151936351,0.002741286964361124,0.495175,0.009931232300173022,0.5191666666666667,0.02036131953811768,200.0,0.0,0.0,0.0,0.0,0.0,0.0,0.0,200.0,0.0,186.66666666666666,6.429100507328636,0.24666666666666667,0.022546248764114478,0.02,0.005000000000000001
diagnosis_controls,interface,synthetic,diagnosis,marginal_max | full | known_law_oracle,,,,,,,,,,,,,,,,,,,,,,,,,,,,,,,3,"[11, 12, 13]",interface,,,,,,,,,,,,,,,,,,,,,,,,,,,,,,,,,,,,,,,,,,,,,,,,,,,,,,,,,,,,,,,,,,,,,,,,,,,,,,,,,0.05000000000000001,8.498374721940739e-18,200.0,0.0,9.534260679629464,0.5096828622100442,9.419955147727025,2.0038181239108432,0.06833333333333334,0.007637626158259734,0.06333333333333334,0.016072751268321594,0.49613749999999995,0.005834447810204524,0.4981638992130874,0.007072901242308277,0.49613749999999995,0.005834447810204524,0.5191666666666667,0.02036131953811768,200.0,0.0,0.0,0.0,0.0,0.0,0.0,0.0,200.0,0.0,187.33333333333334,3.2145502536643185,0.24666666666666667,0.022546248764114478,0.013333333333333334,0.011547005383792516
diagnosis_controls,interface,synthetic,diagnosis,conditional_max | full | known_law_oracle,,,,,,,,,,,,,,,,,,,,,,,,,,,,,,,3,"[11, 12, 13]",interface,,,,,,,,,,,,,,,,,,,,,,,,,,,,,,,,,,,,,,,,,,,,,,,,,,,,,,,,,,,,,,,,,,,,,,,,,,,,,,,,,0.05000000000000001,8.498374721940739e-18,200.0,0.0,9.534260679629464,0.5096828622100421,9.419955147727027,2.0038181239108415,0.06833333333333334,0.007637626158259734,0.06333333333333334,0.016072751268321594,0.49618333333333337,0.005731005765424863,0.49909067103859645,0.006926249550799064,0.49618333333333337,0.005731005765424863,0.5191666666666667,0.02036131953811768,200.0,0.0,0.0,0.0,0.0,0.0,0.0,0.0,200.0,0.0,187.33333333333334,3.2145502536643185,0.24666666666666667,0.022546248764114478,0.013333333333333334,0.011547005383792516
diagnosis_controls,interface,synthetic,diagnosis,relational_max | full | known_law_oracle,,,,,,,,,,,,,,,,,,,,,,,,,,,,,,,3,"[11, 12, 13]",interface,,,,,,,,,,,,,,,,,,,,,,,,,,,,,,,,,,,,,,,,,,,,,,,,,,,,,,,,,,,,,,,,,,,,,,,,,,,,,,,,,0.05000000000000001,8.498374721940739e-18,200.0,0.0,2.960594732333751e-15,5.127900497022838e-16,7.697546304067751e-15,5.127900497022837e-16,0.043333333333333335,0.020816659994661327,0.055000000000000014,0.0360555127546399,0.49685833333333335,0.03547310674417076,0.503320472520619,0.017195342160496938,0.49685833333333335,0.03547310674417076,0.43069444444444444,0.007742977702647969,200.0,0.0,0.0,0.0,0.0,0.0,200.0,0.0,0.0,0.0,0.0,0.0,,,0.0,0.0
diagnosis_controls,interface,synthetic,diagnosis,query random1:0 | circuit,,,,,,,,,,,,,,,,,,,,,,,,,,,,,,,3,"[11, 12, 13]",interface,,,,,,,,,,,3.8941701253255206e-06,1.7894634007132375e-06,0.01410519466541397,0.0004304532882786128,0.009966347000348227,0.00021208511476444183,400.0,0.0,3.0,0.0,3.0,0.0,3.0,0.0,3.0,0.0,802.0,0.0,32.0,0.0,1.0,0.0,0.01397566666666667,0.00044084048513417314,320800.0,0.0,25600.0,0.0,1600.0,0.0,51200.0,0.0,-0.005336497606094781,0.005318767863105292,0.03682315851134869,0.03218918847519595,0.04552139109485628,0.03936114597347168,-0.08636428415775299,0.0746269652302662,0.06400324404239655,0.05526680172682044,,,,,,,,,,,,,,,,,,,,,,,,,,,,,,,,,,,,,,,,,,,,,,,,,,,,,,,,,,,,,,,,
diagnosis_controls,interface,synthetic,diagnosis,known-law error random1:0 | circuit,,,,,,,,,,,,,,,,,,,,,,,,,,,,,,,3,"[11, 12, 13]",interface,,,,,,,,,,,,,,,,,,,,,,,,,,,,,,,,,,,,,,,,,,,,,,,,,,,,,0.1172447178642853,0.01387029816284522,0.3541135722436409,0.018511597857601533,4.356779840425413,0.7489378007989166,0.9420929446329698,0.002143778192136922,0.11367489078451315,0.0174111577923006,0.3514288544377721,0.020432975075937616,4.3233239917315665,0.7754449403426217,0.9423950418427038,0.002394331940772317,0.003569833437600927,0.003545833732962483,0.025054427782694427,0.02177750961587814,0.1315269470214829,0.11901650171771391,0.021022791575867585,0.08501814370692658,-0.3463612264039842,0.04691976877274281,0.6745896739630464,0.07177651618707528,,,,,,,,,,,,,,,,,,,,,,,,,,,,,,,,,,,,
diagnosis_controls,interface,synthetic,diagnosis,joint | random1:0 | circuit,,,,,,,,,,,,,,,,,,,,,,,,,,,,,,,3,"[11, 12, 13]",interface,,,,,,,,,,,,,,,,,,,,,,,,,,,,,,,,,,,,,,,,,,,,,,,,,,,,,,,,,,,,,,,,,,,,,,,,,,,,,,,,,0.05000000000000001,8.498374721940739e-18,200.0,0.0,19.62138303120931,0.34183466296550863,13.601460138956705,1.2650687779741832,0.07666666666666666,0.02886751345948129,0.07666666666666666,0.02886751345948129,0.5,0.0,0.5,0.0,0.5,0.0,,,0.0,0.0,200.0,0.0,0.0,0.0,0.0,0.0,0.0,0.0,0.0,0.0,,,0.0,0.0
diagnosis_controls,interface,synthetic,diagnosis,independent | random1:0 | circuit,,,,,,,,,,,,,,,,,,,,,,,,,,,,,,,3,"[11, 12, 13]",interface,,,,,,,,,,,,,,,,,,,,,,,,,,,,,,,,,,,,,,,,,,,,,,,,,,,,,,,,,,,,,,,,,,,,,,,,,,,,,,,,,0.05000000000000001,8.498374721940739e-18,200.0,0.0,19.615481694539387,0.33550070452687436,13.540608088175455,1.2775606618130049,0.07833333333333332,0.03175426480542942,0.07833333333333332,0.03175426480542942,0.5,0.0,0.5,0.0,0.5,0.0,,,0.0,0.0,200.0,0.0,0.0,0.0,0.0,0.0,0.0,0.0,0.0,0.0,,,0.0,0.0
diagnosis_controls,interface,synthetic,diagnosis,marginal_max | random1:0 | circuit,,,,,,,,,,,,,,,,,,,,,,,,,,,,,,,3,"[11, 12, 13]",interface,,,,,,,,,,,,,,,,,,,,,,,,,,,,,,,,,,,,,,,,,,,,,,,,,,,,,,,,,,,,,,,,,,,,,,,,,,,,,,,,,0.05000000000000001,8.498374721940739e-18,200.0,0.0,9.568099657694498,0.4179502690163053,10.489439646402994,2.0033016817786358,0.055,0.0049999999999999975,0.055,0.0049999999999999975,0.5,0.0,0.5,0.0,0.5,0.0,,,0.0,0.0,200.0,0.0,0.0,0.0,0.0,0.0,0.0,0.0,0.0,0.0,,,0.0,0.0
diagnosis_controls,interface,synthetic,diagnosis,conditional_max | random1:0 | circuit,,,,,,,,,,,,,,,,,,,,,,,,,,,,,,,3,"[11, 12, 13]",interface,,,,,,,,,,,,,,,,,,,,,,,,,,,,,,,,,,,,,,,,,,,,,,,,,,,,,,,,,,,,,,,,,,,,,,,,,,,,,,,,,0.05000000000000001,8.498374721940739e-18,200.0,0.0,9.56983470916748,0.4024818265768289,10.525871594746908,1.9778218292037169,0.055,0.0049999999999999975,0.055,0.0049999999999999975,0.5,0.0,0.5,0.0,0.5,0.0,,,0.0,0.0,200.0,0.0,0.0,0.0,0.0,0.0,0.0,0.0,0.0,0.0,,,0.0,0.0
diagnosis_controls,interface,synthetic,diagnosis,relational_max | random1:0 | circuit,,,,,,,,,,,,,,,,,,,,,,,,,,,,,,,3,"[11, 12, 13]",interface,,,,,,,,,,,,,,,,,,,,,,,,,,,,,,,,,,,,,,,,,,,,,,,,,,,,,,,,,,,,,,,,,,,,,,,,,,,,,,,,,0.05000000000000001,8.498374721940739e-18,200.0,0.0,0.08857885996500652,0.07688434086421428,0.1449578603108724,0.13692474161094473,0.055,0.013228756555322952,0.055,0.013228756555322952,0.5,0.0,0.5,0.0,0.5,0.0,,,0.0,0.0,200.0,0.0,0.0,0.0,0.0,0.0,0.0,0.0,0.0,0.0,,,0.0,0.0
diagnosis_controls,interface,synthetic,diagnosis,query random1:0 | known_law_oracle,,,,,,,,,,,,,,,,,,,,,,,,,,,,,,,3,"[11, 12, 13]",interface,,,,,,,,,,,0.0,0.0,0.0013281806653443102,3.948504959632993e-05,0.0012220556661001563,2.4083698834089727e-05,400.0,0.0,3.0,0.0,3.0,0.0,3.0,0.0,4.0,0.0,0.0,0.0,0.0,0.0,1.0,0.0,0.0,0.0,0.0,0.0,0.0,0.0,1600.0,0.0,0.0,0.0,-8.052817671947803e-16,1.6906525406631609e-16,1.0954200509634876e-15,7.65758843379746e-17,1.7506064265808513e-15,1.3584626236046136e-16,-3.552713678800501e-15,0.0,1.1842378929335002e-15,2.051160198809135e-15,,,,,,,,,,,,,,,,,,,,,,,,,,,,,,,,,,,,,,,,,,,,,,,,,,,,,,,,,,,,,,,,
diagnosis_controls,interface,synthetic,diagnosis,known-law error random1:0 | known_law_oracle,,,,,,,,,,,,,,,,,,,,,,,,,,,,,,,3,"[11, 12, 13]",interface,,,,,,,,,,,,,,,,,,,,,,,,,,,,,,,,,,,,,,,,,,,,,,,,,,,,,0.0,0.0,0.0,0.0,0.0,0.0,1.0,7.850462293418876e-17,0.0,0.0,0.0,0.0,0.0,0.0,1.0,7.850462293418876e-17,0.0,0.0,0.0,0.0,0.0,0.0,1.0,0.0,0.0,0.0,0.0,0.0,,,,,,,,,,,,,,,,,,,,,,,,,,,,,,,,,,,,
diagnosis_controls,interface,synthetic,diagnosis,joint | random1:0 | known_law_oracle,,,,,,,,,,,,,,,,,,,,,,,,,,,,,,,3,"[11, 12, 13]",interface,,,,,,,,,,,,,,,,,,,,,,,,,,,,,,,,,,,,,,,,,,,,,,,,,,,,,,,,,,,,,,,,,,,,,,,,,,,,,,,,,0.05000000000000001,8.498374721940739e-18,200.0,0.0,19.29980858508487,0.2907926582450536,12.460575795018181,0.5139552780926636,0.06333333333333334,0.036170890690351176,0.06333333333333334,0.036170890690351176,0.5,0.0,0.5,0.0,0.5,0.0,,,0.0,0.0,200.0,0.0,0.0,0.0,0.0,0.0,0.0,0.0,0.0,0.0,,,0.0,0.0
diagnosis_controls,interface,synthetic,diagnosis,independent | random1:0 | known_law_oracle,,,,,,,,,,,,,,,,,,,,,,,,,,,,,,,3,"[11, 12, 13]",interface,,,,,,,,,,,,,,,,,,,,,,,,,,,,,,,,,,,,,,,,,,,,,,,,,,,,,,,,,,,,,,,,,,,,,,,,,,,,,,,,,0.05000000000000001,8.498374721940739e-18,200.0,0.0,19.29980858508487,0.29079265824505296,12.460575795018181,0.5139552780926618,0.06333333333333334,0.036170890690351176,0.06333333333333334,0.036170890690351176,0.5,0.0,0.5,0.0,0.5,0.0,,,0.0,0.0,200.0,0.0,0.0,0.0,0.0,0.0,0.0,0.0,0.0,0.0,,,0.0,0.0
diagnosis_controls,interface,synthetic,diagnosis,marginal_max | random1:0 | known_law_oracle,,,,,,,,,,,,,,,,,,,,,,,,,,,,,,,3,"[11, 12, 13]",interface,,,,,,,,,,,,,,,,,,,,,,,,,,,,,,,,,,,,,,,,,,,,,,,,,,,,,,,,,,,,,,,,,,,,,,,,,,,,,,,,,0.05000000000000001,8.498374721940739e-18,200.0,0.0,8.943559558715588,0.1510144337961069,8.295845016820818,0.8547720703698442,0.07,0.025980762113533163,0.07,0.025980762113533163,0.5,0.0,0.5,0.0,0.5,0.0,,,0.0,0.0,200.0,0.0,0.0,0.0,0.0,0.0,0.0,0.0,0.0,0.0,,,0.0,0.0
diagnosis_controls,interface,synthetic,diagnosis,conditional_max | random1:0 | known_law_oracle,,,,,,,,,,,,,,,,,,,,,,,,,,,,,,,3,"[11, 12, 13]",interface,,,,,,,,,,,,,,,,,,,,,,,,,,,,,,,,,,,,,,,,,,,,,,,,,,,,,,,,,,,,,,,,,,,,,,,,,,,,,,,,,0.05000000000000001,8.498374721940739e-18,200.0,0.0,8.943559558715588,0.15101443379610804,8.295845016820817,0.8547720703698464,0.07,0.025980762113533163,0.07,0.025980762113533163,0.5,0.0,0.5,0.0,0.5,0.0,,,0.0,0.0,200.0,0.0,0.0,0.0,0.0,0.0,0.0,0.0,0.0,0.0,,,0.0,0.0
diagnosis_controls,interface,synthetic,diagnosis,relational_max | random1:0 | known_law_oracle,,,,,,,,,,,,,,,,,,,,,,,,,,,,,,,3,"[11, 12, 13]",interface,,,,,,,,,,,,,,,,,,,,,,,,,,,,,,,,,,,,,,,,,,,,,,,,,,,,,,,,,,,,,,,,,,,,,,,,,,,,,,,,,0.05000000000000001,8.498374721940739e-18,200.0,0.0,3.552713678800501e-15,8.881784197001252e-16,7.697546304067751e-15,5.127900497022837e-16,0.06333333333333334,0.03013856886670854,0.06333333333333334,0.03013856886670854,0.5,0.0,0.5,0.0,0.5,0.0,,,0.0,0.0,200.0,0.0,0.0,0.0,0.0,0.0,0.0,0.0,0.0,0.0,,,0.0,0.0
diagnosis_controls,interface,synthetic,diagnosis,query random2:1-2 | circuit,,,,,,,,,,,,,,,,,,,,,,,,,,,,,,,3,"[11, 12, 13]",interface,,,,,,,,,,,1.9073486328125e-06,8.259061849445711e-07,0.01399481966776269,0.00019572513594652989,0.009683458333408149,0.0007371864649047765,400.0,0.0,2.0,0.0,2.0,0.0,2.0,0.0,3.0,0.0,802.0,0.0,32.0,0.0,1.0,0.0,0.013862666666666667,0.00019446422121648365,320800.0,0.0,25600.0,0.0,1600.0,0.0,51200.0,0.0,0.0003398664823445567,0.000588207899591867,0.006267017275149556,0.010850088903565185,0.007601942764191942,0.013160868501947346,-0.013201124966144562,0.02285758604752718,0.012667147815212351,0.02193184342932749,,,,,,,,,,,,,,,,,,,,,,,,,,,,,,,,,,,,,,,,,,,,,,,,,,,,,,,,,,,,,,,,
diagnosis_controls,interface,synthetic,diagnosis,known-law error random2:1-2 | circuit,,,,,,,,,,,,,,,,,,,,,,,,,,,,,,,3,"[11, 12, 13]",interface,,,,,,,,,,,,,,,,,,,,,,,,,,,,,,,,,,,,,,,,,,,,,,,,,,,,,0.10617156937091492,0.02679823880370306,0.342823768479905,0.01284120908359671,4.430379176618793,1.7272998644165094,0.9478526625774334,0.0030568977707413547,0.10613655541707023,0.0268580779336059,0.34262166881492045,0.012513080266980576,4.432833616417782,1.7251212064289418,0.9478180834055862,0.003036198805602781,3.501693407690279e-05,6.085327910958342e-05,0.006187879641850892,0.01071294158899971,0.014978090922038353,0.025916386602427142,-0.026993427343499566,0.03478256113414602,-0.21230806339520103,0.0536562019531851,0.5085628721989063,0.009299026658515203,,,,,,,,,,,,,,,,,,,,,,,,,,,,,,,,,,,,
diagnosis_controls,interface,synthetic,diagnosis,joint | random2:1-2 | circuit,,,,,,,,,,,,,,,,,,,,,,,,,,,,,,,3,"[11, 12, 13]",interface,,,,,,,,,,,,,,,,,,,,,,,,,,,,,,,,,,,,,,,,,,,,,,,,,,,,,,,,,,,,,,,,,,,,,,,,,,,,,,,,,0.05000000000000001,8.498374721940739e-18,200.0,0.0,14.418580691019693,0.330529981447599,14.984926541646322,2.2532761360654843,0.041666666666666664,0.015275252316519466,0.04666666666666667,0.010408329997330662,0.49327499999999996,0.007940560433621817,0.5002000641714064,0.003245440641353598,0.49327499999999996,0.007940560433621817,0.7383333333333333,0.02961559273986141,200.0,0.0,0.0,0.0,0.0,0.0,0.0,0.0,200.0,0.0,190.66666666666666,2.081665999466133,0.47666666666666674,0.05923118547972289,0.02666666666666667,0.010408329997330665
diagnosis_controls,interface,synthetic,diagnosis,independent | random2:1-2 | circuit,,,,,,,,,,,,,,,,,,,,,,,,,,,,,,,3,"[11, 12, 13]",interface,,,,,,,,,,,,,,,,,,,,,,,,,,,,,,,,,,,,,,,,,,,,,,,,,,,,,,,,,,,,,,,,,,,,,,,,,,,,,,,,,0.05000000000000001,8.498374721940739e-18,200.0,0.0,14.41366990407308,0.3366587774513034,14.976273854573568,2.2552476454021573,0.043333333333333335,0.01755942292142123,0.04666666666666667,0.010408329997330662,0.49294166666666667,0.008317802193688766,0.49991605660609006,0.00370971384811108,0.49294166666666667,0.008317802193688766,0.7383333333333333,0.02961559273986141,200.0,0.0,0.0,0.0,0.0,0.0,0.0,0.0,200.0,0.0,190.66666666666666,2.081665999466133,0.47666666666666674,0.05923118547972289,0.02666666666666667,0.010408329997330665
diagnosis_controls,interface,synthetic,diagnosis,marginal_max | random2:1-2 | circuit,,,,,,,,,,,,,,,,,,,,,,,,,,,,,,,3,"[11, 12, 13]",interface,,,,,,,,,,,,,,,,,,,,,,,,,,,,,,,,,,,,,,,,,,,,,,,,,,,,,,,,,,,,,,,,,,,,,,,,,,,,,,,,,0.05000000000000001,8.498374721940739e-18,200.0,0.0,9.129422187805176,0.7220903424066978,12.171696662902832,2.835178719858852,0.045000000000000005,0.026457513110645904,0.04666666666666667,0.03403429642777023,0.4934708333333333,0.014724195294933237,0.4995268908040256,0.004291781816051446,0.4934708333333333,0.014724195294933237,0.7383333333333333,0.02961559273986141,200.0,0.0,0.0,0.0,0.0,0.0,0.0,0.0,200.0,0.0,190.66666666666666,6.8068592855540455,0.47666666666666674,0.05923118547972289,0.021666666666666667,0.012583057392117916
diagnosis_controls,interface,synthetic,diagnosis,conditional_max | random2:1-2 | circuit,,,,,,,,,,,,,,,,,,,,,,,,,,,,,,,3,"[11, 12, 13]",interface,,,,,,,,,,,,,,,,,,,,,,,,,,,,,,,,,,,,,,,,,,,,,,,,,,,,,,,,,,,,,,,,,,,,,,,,,,,,,,,,,0.05000000000000001,8.498374721940739e-18,200.0,0.0,9.114737192789713,0.7164342780371209,12.180349349975586,2.8336408229199135,0.045000000000000005,0.026457513110645904,0.04833333333333334,0.03329164059239697,0.4937,0.014462516205695353,0.500977256031134,0.004128930654321509,0.4937,0.014462516205695353,0.7383333333333333,0.02961559273986141,200.0,0.0,0.0,0.0,0.0,0.0,0.0,0.0,200.0,0.0,190.33333333333334,6.6583281184793925,0.47666666666666674,0.05923118547972289,0.023333333333333334,0.012583057392117916
diagnosis_controls,interface,synthetic,diagnosis,relational_max | random2:1-2 | circuit,,,,,,,,,,,,,,,,,,,,,,,,,,,,,,,3,"[11, 12, 13]",interface,,,,,,,,,,,,,,,,,,,,,,,,,,,,,,,,,,,,,,,,,,,,,,,,,,,,,,,,,,,,,,,,,,,,,,,,,,,,,,,,,0.05000000000000001,8.498374721940739e-18,200.0,0.0,0.011084556579589844,0.01918993026050578,0.02960046132405599,0.051223254191879855,0.05666666666666667,0.03785938897200183,0.06166666666666667,0.05107184482014854,0.5071125,0.022622648358448263,0.5067694123056231,0.019665899417866367,0.5071125,0.022622648358448263,0.5975,0.07040063920164365,200.0,0.0,0.0,0.0,0.0,0.0,200.0,0.0,0.0,0.0,0.0,0.0,,,0.0,0.0
diagnosis_controls,interface,synthetic,diagnosis,query random2:1-2 | known_law_oracle,,,,,,,,,,,,,,,,,,,,,,,,,,,,,,,3,"[11, 12, 13]",interface,,,,,,,,,,,0.0,0.0,0.0009739996676216833,3.696641210831905e-05,0.0009593333343218546,4.3565185597341986e-05,400.0,0.0,2.0,0.0,2.0,0.0,2.0,0.0,3.0,0.0,0.0,0.0,0.0,0.0,1.0,0.0,0.0,0.0,0.0,0.0,0.0,0.0,1600.0,0.0,0.0,0.0,1.4802973661668747e-18,5.185268477743734e-17,7.94919685631612e-16,3.635026844804854e-17,1.2597021420149655e-15,9.620019411629533e-17,-1.7763568394002505e-15,0.0,1.7763568394002505e-15,0.0,,,,,,,,,,,,,,,,,,,,,,,,,,,,,,,,,,,,,,,,,,,,,,,,,,,,,,,,,,,,,,,,
diagnosis_controls,interface,synthetic,diagnosis,known-law error random2:1-2 | known_law_oracle,,,,,,,,,,,,,,,,,,,,,,,,,,,,,,,3,"[11, 12, 13]",interface,,,,,,,,,,,,,,,,,,,,,,,,,,,,,,,,,,,,,,,,,,,,,,,,,,,,,0.0,0.0,0.0,0.0,0.0,0.0,1.0,0.0,0.0,0.0,0.0,0.0,0.0,0.0,1.0,7.850462293418876e-17,0.0,0.0,0.0,0.0,0.0,0.0,1.0,0.0,0.0,0.0,0.0,0.0,,,,,,,,,,,,,,,,,,,,,,,,,,,,,,,,,,,,
diagnosis_controls,interface,synthetic,diagnosis,joint | random2:1-2 | known_law_oracle,,,,,,,,,,,,,,,,,,,,,,,,,,,,,,,3,"[11, 12, 13]",interface,,,,,,,,,,,,,,,,,,,,,,,,,,,,,,,,,,,,,,,,,,,,,,,,,,,,,,,,,,,,,,,,,,,,,,,,,,,,,,,,,0.05000000000000001,8.498374721940739e-18,200.0,0.0,13.769395103454466,0.5250458619897761,12.63746632738173,2.7513576601755787,0.06,0.02179449471770337,0.05833333333333333,0.023629078131263043,0.4931666666666667,0.002662509780889715,0.4980909744255228,0.008144681189338115,0.4931666666666667,0.002662509780889715,0.735,0.021360009363293814,200.0,0.0,0.0,0.0,0.0,0.0,0.0,0.0,200.0,0.0,188.33333333333334,4.725815626252609,0.47000000000000003,0.042720018726587664,0.03166666666666667,0.017559422921421233
diagnosis_controls,interface,synthetic,diagnosis,independent | random2:1-2 | known_law_oracle,,,,,,,,,,,,,,,,,,,,,,,,,,,,,,,3,"[11, 12, 13]",interface,,,,,,,,,,,,,,,,,,,,,,,,,,,,,,,,,,,,,,,,,,,,,,,,,,,,,,,,,,,,,,,,,,,,,,,,,,,,,,,,,0.05000000000000001,8.498374721940739e-18,200.0,0.0,13.769395103454466,0.5250458619897754,12.637466327381732,2.7513576601755827,0.06,0.02179449471770337,0.05833333333333333,0.023629078131263043,0.4931666666666667,0.002662509780889715,0.4980909744255228,0.008144681189338115,0.4931666666666667,0.002662509780889715,0.735,0.021360009363293814,200.0,0.0,0.0,0.0,0.0,0.0,0.0,0.0,200.0,0.0,188.33333333333334,4.725815626252609,0.47000000000000003,0.042720018726587664,0.03166666666666667,0.017559422921421233
diagnosis_controls,interface,synthetic,diagnosis,marginal_max | random2:1-2 | known_law_oracle,,,,,,,,,,,,,,,,,,,,,,,,,,,,,,,3,"[11, 12, 13]",interface,,,,,,,,,,,,,,,,,,,,,,,,,,,,,,,,,,,,,,,,,,,,,,,,,,,,,,,,,,,,,,,,,,,,,,,,,,,,,,,,,0.05000000000000001,8.498374721940739e-18,200.0,0.0,8.595289520117367,0.23160424573356572,9.740492913301235,2.249900700533881,0.05666666666666667,0.011547005383792516,0.06,0.008660254037844387,0.49716249999999995,0.013925993007681717,0.4985831780148846,0.005454555969268877,0.49716249999999995,0.013925993007681717,0.735,0.021360009363293814,200.0,0.0,0.0,0.0,0.0,0.0,0.0,0.0,200.0,0.0,188.0,1.7320508075688772,0.47000000000000003,0.042720018726587664,0.03166666666666667,0.014433756729740645
diagnosis_controls,interface,synthetic,diagnosis,conditional_max | random2:1-2 | known_law_oracle,,,,,,,,,,,,,,,,,,,,,,,,,,,,,,,3,"[11, 12, 13]",interface,,,,,,,,,,,,,,,,,,,,,,,,,,,,,,,,,,,,,,,,,,,,,,,,,,,,,,,,,,,,,,,,,,,,,,,,,,,,,,,,,0.05000000000000001,8.498374721940739e-18,200.0,0.0,8.59528952011737,0.23160424573356708,9.740492913301232,2.249900700533878,0.05666666666666667,0.011547005383792516,0.06,0.008660254037844387,0.4971625,0.013918754209698497,0.4995009555915573,0.005672695382671846,0.4971625,0.013918754209698497,0.735,0.021360009363293814,200.0,0.0,0.0,0.0,0.0,0.0,0.0,0.0,200.0,0.0,188.0,1.7320508075688772,0.47000000000000003,0.042720018726587664,0.03166666666666667,0.014433756729740645
diagnosis_controls,interface,synthetic,diagnosis,relational_max | random2:1-2 | known_law_oracle,,,,,,,,,,,,,,,,,,,,,,,,,,,,,,,3,"[11, 12, 13]",interface,,,,,,,,,,,,,,,,,,,,,,,,,,,,,,,,,,,,,,,,,,,,,,,,,,,,,,,,,,,,,,,,,,,,,,,,,,,,,,,,,0.05000000000000001,8.498374721940739e-18,200.0,0.0,1.4802973661668755e-15,5.127900497022837e-16,1.0066022089934753e-14,2.713429892601387e-15,0.036666666666666674,0.043684474740270526,0.03,0.027838821814150108,0.5153708333333333,0.025369473946720563,0.5101421953922276,0.016325723779503403,0.5153708333333333,0.025369473946720563,0.5183333333333334,0.005773502691896263,200.0,0.0,0.0,0.0,0.0,0.0,200.0,0.0,0.0,0.0,0.0,0.0,,,0.0,0.0
diagnosis_controls,interface,synthetic,diagnosis,query random3:1-2-3 | circuit,,,,,,,,,,,,,,,,,,,,,,,,,,,,,,,3,"[11, 12, 13]",interface,,,,,,,,,,,9.5367431640625e-07,0.0,0.014120583331532544,0.0001948553891782796,0.009615277667762712,0.00022152556684951674,400.0,0.0,1.0,0.0,1.0,0.0,1.0,0.0,3.0,0.0,802.0,0.0,32.0,0.0,1.0,0.0,0.013991666666666666,0.00019786948560435825,320800.0,0.0,25600.0,0.0,1600.0,0.0,51200.0,0.0,7.07308469571899e-08,4.123217222561338e-08,1.7007192335919777e-07,2.5071764061938284e-08,2.657974486434493e-07,2.799602177995324e-08,-3.178914388020833e-07,2.753020616481904e-07,4.76837158203125e-07,0.0,,,,,,,,,,,,,,,,,,,,,,,,,,,,,,,,,,,,,,,,,,,,,,,,,,,,,,,,,,,,,,,,
diagnosis_controls,interface,synthetic,diagnosis,known-law error random3:1-2-3 | circuit,,,,,,,,,,,,,,,,,,,,,,,,,,,,,,,3,"[11, 12, 13]",interface,,,,,,,,,,,,,,,,,,,,,,,,,,,,,,,,,,,,,,,,,,,,,,,,,,,,,0.10913856460342826,0.036734847184065486,0.344872065428164,0.022276707276560653,4.414676753245694,1.7407084326552802,0.9524182452620314,0.004443956281071082,0.10913856460342826,0.036734847184065486,0.344872065428164,0.022276707276560653,4.414676753245694,1.7407084326552802,0.9524182452620314,0.004443956281071082,0.0,0.0,0.0,0.0,0.0,0.0,,,-0.10913848373979351,0.03673483777843173,0.34487203661925236,0.02227669429945216,,,,,,,,,,,,,,,,,,,,,,,,,,,,,,,,,,,,
diagnosis_controls,interface,synthetic,diagnosis,joint | random3:1-2-3 | circuit,,,,,,,,,,,,,,,,,,,,,,,,,,,,,,,3,"[11, 12, 13]",interface,,,,,,,,,,,,,,,,,,,,,,,,,,,,,,,,,,,,,,,,,,,,,,,,,,,,,,,,,,,,,,,,,,,,,,,,,,,,,,,,,0.05000000000000001,8.498374721940739e-18,200.0,0.0,8.073423544565836,0.7182794415848007,12.708744049072266,2.8342710668665103,0.05833333333333334,0.02753785273643051,0.05166666666666667,0.012583057392117916,0.4892083333333333,0.007151063440729171,0.4965287196025243,0.0040725940288604415,0.4892083333333333,0.007151063440729171,,,0.0,0.0,0.0,0.0,200.0,0.0,200.0,0.0,0.0,0.0,0.0,0.0,,,0.0,0.0
diagnosis_controls,interface,synthetic,diagnosis,independent | random3:1-2-3 | circuit,,,,,,,,,,,,,,,,,,,,,,,,,,,,,,,3,"[11, 12, 13]",interface,,,,,,,,,,,,,,,,,,,,,,,,,,,,,,,,,,,,,,,,,,,,,,,,,,,,,,,,,,,,,,,,,,,,,,,,,,,,,,,,,0.05000000000000001,8.498374721940739e-18,200.0,0.0,8.073423544565836,0.7182794415848007,12.708743413289389,2.83427064103011,0.05833333333333334,0.02753785273643051,0.05166666666666667,0.012583057392117916,0.4892083333333333,0.007151063440729171,0.4965287196025243,0.0040725940288604415,0.4892083333333333,0.007151063440729171,,,0.0,0.0,0.0,0.0,200.0,0.0,200.0,0.0,0.0,0.0,0.0,0.0,,,0.0,0.0
diagnosis_controls,interface,synthetic,diagnosis,marginal_max | random3:1-2-3 | circuit,,,,,,,,,,,,,,,,,,,,,,,,,,,,,,,3,"[11, 12, 13]",interface,,,,,,,,,,,,,,,,,,,,,,,,,,,,,,,,,,,,,,,,,,,,,,,,,,,,,,,,,,,,,,,,,,,,,,,,,,,,,,,,,0.05000000000000001,8.498374721940739e-18,200.0,0.0,8.073423544565836,0.7182794415848007,12.708743413289389,2.83427064103011,0.05833333333333334,0.02753785273643051,0.05166666666666667,0.012583057392117916,0.4892083333333333,0.007151063440729171,0.4965287196025243,0.0040725940288604415,0.4892083333333333,0.007151063440729171,,,0.0,0.0,0.0,0.0,200.0,0.0,200.0,0.0,0.0,0.0,0.0,0.0,,,0.0,0.0
diagnosis_controls,interface,synthetic,diagnosis,conditional_max | random3:1-2-3 | circuit,,,,,,,,,,,,,,,,,,,,,,,,,,,,,,,3,"[11, 12, 13]",interface,,,,,,,,,,,,,,,,,,,,,,,,,,,,,,,,,,,,,,,,,,,,,,,,,,,,,,,,,,,,,,,,,,,,,,,,,,,,,,,,,0.05000000000000001,8.498374721940739e-18,200.0,0.0,8.073423544565836,0.7182794415848007,12.708743413289389,2.83427064103011,0.05833333333333334,0.02753785273643051,0.05166666666666667,0.012583057392117916,0.4892083333333333,0.007151063440729171,0.4965287196025243,0.0040725940288604415,0.4892083333333333,0.007151063440729171,,,0.0,0.0,0.0,0.0,200.0,0.0,200.0,0.0,0.0,0.0,0.0,0.0,,,0.0,0.0
diagnosis_controls,interface,synthetic,diagnosis,relational_max | random3:1-2-3 | circuit,,,,,,,,,,,,,,,,,,,,,,,,,,,,,,,3,"[11, 12, 13]",interface,,,,,,,,,,,,,,,,,,,,,,,,,,,,,,,,,,,,,,,,,,,,,,,,,,,,,,,,,,,,,,,,,,,,,,,,,,,,,,,,,0.05000000000000001,8.498374721940739e-18,200.0,0.0,0.0,0.0,0.0,0.0,0.0,0.0,0.0,0.0,0.5,0.0,0.5,0.0,0.5,0.0,,,0.0,0.0,0.0,0.0,200.0,0.0,200.0,0.0,0.0,0.0,0.0,0.0,,,0.0,0.0
diagnosis_controls,interface,synthetic,diagnosis,query random3:1-2-3 | known_law_oracle,,,,,,,,,,,,,,,,,,,,,,,,,,,,,,,3,"[11, 12, 13]",interface,,,,,,,,,,,0.0,0.0,0.0004669306654250249,1.2293070175320023e-05,0.00044775033408465487,3.082387925213864e-05,400.0,0.0,1.0,0.0,1.0,0.0,1.0,0.0,2.0,0.0,0.0,0.0,0.0,0.0,1.0,0.0,0.0,0.0,0.0,0.0,0.0,0.0,1600.0,0.0,0.0,0.0,0.0,0.0,0.0,0.0,0.0,0.0,0.0,0.0,0.0,0.0,,,,,,,,,,,,,,,,,,,,,,,,,,,,,,,,,,,,,,,,,,,,,,,,,,,,,,,,,,,,,,,,
diagnosis_controls,interface,synthetic,diagnosis,known-law error random3:1-2-3 | known_law_oracle,,,,,,,,,,,,,,,,,,,,,,,,,,,,,,,3,"[11, 12, 13]",interface,,,,,,,,,,,,,,,,,,,,,,,,,,,,,,,,,,,,,,,,,,,,,,,,,,,,,0.0,0.0,0.0,0.0,0.0,0.0,1.0,0.0,0.0,0.0,0.0,0.0,0.0,0.0,1.0,0.0,0.0,0.0,0.0,0.0,0.0,0.0,,,0.0,0.0,0.0,0.0,,,,,,,,,,,,,,,,,,,,,,,,,,,,,,,,,,,,
diagnosis_controls,interface,synthetic,diagnosis,joint | random3:1-2-3 | known_law_oracle,,,,,,,,,,,,,,,,,,,,,,,,,,,,,,,3,"[11, 12, 13]",interface,,,,,,,,,,,,,,,,,,,,,,,,,,,,,,,,,,,,,,,,,,,,,,,,,,,,,,,,,,,,,,,,,,,,,,,,,,,,,,,,,0.05000000000000001,8.498374721940739e-18,200.0,0.0,7.689895496961474,0.5021001950174577,10.071033718670991,2.3032659569915754,0.06333333333333334,0.020207259421636908,0.06,0.0304138126514911,0.48662500000000003,0.006084868527749771,0.4983624026561697,0.008169094318119742,0.48662500000000003,0.006084868527749771,,,0.0,0.0,0.0,0.0,200.0,0.0,200.0,0.0,0.0,0.0,0.0,0.0,,,0.0,0.0
diagnosis_controls,interface,synthetic,diagnosis,independent | random3:1-2-3 | known_law_oracle,,,,,,,,,,,,,,,,,,,,,,,,,,,,,,,3,"[11, 12, 13]",interface,,,,,,,,,,,,,,,,,,,,,,,,,,,,,,,,,,,,,,,,,,,,,,,,,,,,,,,,,,,,,,,,,,,,,,,,,,,,,,,,,0.05000000000000001,8.498374721940739e-18,200.0,0.0,7.689895496961474,0.5021001950174577,10.071033718670991,2.3032659569915754,0.06333333333333334,0.020207259421636908,0.06,0.0304138126514911,0.48662500000000003,0.006084868527749771,0.4983624026561697,0.008169094318119742,0.48662500000000003,0.006084868527749771,,,0.0,0.0,0.0,0.0,200.0,0.0,200.0,0.0,0.0,0.0,0.0,0.0,,,0.0,0.0
diagnosis_controls,interface,synthetic,diagnosis,marginal_max | random3:1-2-3 | known_law_oracle,,,,,,,,,,,,,,,,,,,,,,,,,,,,,,,3,"[11, 12, 13]",interface,,,,,,,,,,,,,,,,,,,,,,,,,,,,,,,,,,,,,,,,,,,,,,,,,,,,,,,,,,,,,,,,,,,,,,,,,,,,,,,,,0.05000000000000001,8.498374721940739e-18,200.0,0.0,7.689895496961474,0.5021001950174577,10.071033718670991,2.3032659569915754,0.06333333333333334,0.020207259421636908,0.06,0.0304138126514911,0.48662500000000003,0.006084868527749771,0.4983624026561697,0.008169094318119742,0.48662500000000003,0.006084868527749771,,,0.0,0.0,0.0,0.0,200.0,0.0,200.0,0.0,0.0,0.0,0.0,0.0,,,0.0,0.0
diagnosis_controls,interface,synthetic,diagnosis,conditional_max | random3:1-2-3 | known_law_oracle,,,,,,,,,,,,,,,,,,,,,,,,,,,,,,,3,"[11, 12, 13]",interface,,,,,,,,,,,,,,,,,,,,,,,,,,,,,,,,,,,,,,,,,,,,,,,,,,,,,,,,,,,,,,,,,,,,,,,,,,,,,,,,,0.05000000000000001,8.498374721940739e-18,200.0,0.0,7.689895496961474,0.5021001950174577,10.071033718670991,2.3032659569915754,0.06333333333333334,0.020207259421636908,0.06,0.0304138126514911,0.48662500000000003,0.006084868527749771,0.4983624026561697,0.008169094318119742,0.48662500000000003,0.006084868527749771,,,0.0,0.0,0.0,0.0,200.0,0.0,200.0,0.0,0.0,0.0,0.0,0.0,,,0.0,0.0
diagnosis_controls,interface,synthetic,diagnosis,relational_max | random3:1-2-3 | known_law_oracle,,,,,,,,,,,,,,,,,,,,,,,,,,,,,,,3,"[11, 12, 13]",interface,,,,,,,,,,,,,,,,,,,,,,,,,,,,,,,,,,,,,,,,,,,,,,,,,,,,,,,,,,,,,,,,,,,,,,,,,,,,,,,,,0.05000000000000001,8.498374721940739e-18,200.0,0.0,0.0,0.0,0.0,0.0,0.0,0.0,0.0,0.0,0.5,0.0,0.5,0.0,0.5,0.0,,,0.0,0.0,0.0,0.0,200.0,0.0,200.0,0.0,0.0,0.0,0.0,0.0,,,0.0,0.0
diagnosis_controls,interface,synthetic,diagnosis,query bank0:0-1 | circuit,,,,,,,,,,,,,,,,,,,,,,,,,,,,,,,3,"[11, 12, 13]",interface,,,,,,,,,,,2.384185791015625e-06,9.5367431640625e-07,0.014354472668249704,0.0002632228011927456,0.00929176366844331,0.00031100003500355883,400.0,0.0,2.0,0.0,2.0,0.0,2.0,0.0,3.0,0.0,802.0,0.0,32.0,0.0,1.0,0.0,0.014220333333333333,0.00025029249555936226,320800.0,0.0,25600.0,0.0,1600.0,0.0,51200.0,0.0,-0.00335415057368967,0.00632151142354679,0.02184815678144029,0.03329155005983677,0.02609018090394481,0.038527090155117405,-0.04801144593511708,0.07373383496656934,0.03677635087418215,0.052660478138957224,,,,,,,,,,,,,,,,,,,,,,,,,,,,,,,,,,,,,,,,,,,,,,,,,,,,,,,,,,,,,,,,
diagnosis_controls,interface,synthetic,diagnosis,known-law error bank0:0-1 | circuit,,,,,,,,,,,,,,,,,,,,,,,,,,,,,,,3,"[11, 12, 13]",interface,,,,,,,,,,,,,,,,,,,,,,,,,,,,,,,,,,,,,,,,,,,,,,,,,,,,,0.11199977096602033,0.016367357103372917,0.3483848873821203,0.01967674404387828,3.265012092063209,0.4206806092789721,0.9423549555527853,0.0070722919783870125,0.10864564912204656,0.019509497275108156,0.34587425730337507,0.0235381756459495,3.2429885731829997,0.40827012093364196,0.942787715788547,0.007065320495650561,0.0033541186650593714,0.006321480411294222,0.021848151683807337,0.033291566861001834,0.0627899169921881,0.08634734511309208,0.016043531677074296,0.06640954004031738,-0.22064545426139662,0.035454960212265046,0.5177889169775848,0.043068192380741555,,,,,,,,,,,,,,,,,,,,,,,,,,,,,,,,,,,,
diagnosis_controls,interface,synthetic,diagnosis,joint | bank0:0-1 | circuit,,,,,,,,,,,,,,,,,,,,,,,,,,,,,,,3,"[11, 12, 13]",interface,,,,,,,,,,,,,,,,,,,,,,,,,,,,,,,,,,,,,,,,,,,,,,,,,,,,,,,,,,,,,,,,,,,,,,,,,,,,,,,,,0.05000000000000001,8.498374721940739e-18,200.0,0.0,14.458649635314941,0.5191052970372192,11.15800412495931,1.3106897545243117,0.041666666666666664,0.020816659994661327,0.041666666666666664,0.020816659994661327,0.5,0.0,0.5,0.0,0.5,0.0,,,0.0,0.0,200.0,0.0,0.0,0.0,0.0,0.0,0.0,0.0,0.0,0.0,,,0.0,0.0
diagnosis_controls,interface,synthetic,diagnosis,independent | bank0:0-1 | circuit,,,,,,,,,,,,,,,,,,,,,,,,,,,,,,,3,"[11, 12, 13]",interface,,,,,,,,,,,,,,,,,,,,,,,,,,,,,,,,,,,,,,,,,,,,,,,,,,,,,,,,,,,,,,,,,,,,,,,,,,,,,,,,,0.05000000000000001,8.498374721940739e-18,200.0,0.0,14.438403129577637,0.5271389758384888,11.088926951090494,1.4084017532642195,0.041666666666666664,0.020816659994661327,0.041666666666666664,0.020816659994661327,0.5,0.0,0.5,0.0,0.5,0.0,,,0.0,0.0,200.0,0.0,0.0,0.0,0.0,0.0,0.0,0.0,0.0,0.0,,,0.0,0.0
diagnosis_controls,interface,synthetic,diagnosis,marginal_max | bank0:0-1 | circuit,,,,,,,,,,,,,,,,,,,,,,,,,,,,,,,3,"[11, 12, 13]",interface,,,,,,,,,,,,,,,,,,,,,,,,,,,,,,,,,,,,,,,,,,,,,,,,,,,,,,,,,,,,,,,,,,,,,,,,,,,,,,,,,0.05000000000000001,8.498374721940739e-18,200.0,0.0,9.325251897176107,0.36986849274760397,9.016179084777832,0.33218364174145554,0.03666666666666667,0.011547005383792518,0.03666666666666667,0.011547005383792518,0.5,0.0,0.5,0.0,0.5,0.0,,,0.0,0.0,200.0,0.0,0.0,0.0,0.0,0.0,0.0,0.0,0.0,0.0,,,0.0,0.0
diagnosis_controls,interface,synthetic,diagnosis,conditional_max | bank0:0-1 | circuit,,,,,,,,,,,,,,,,,,,,,,,,,,,,,,,3,"[11, 12, 13]",interface,,,,,,,,,,,,,,,,,,,,,,,,,,,,,,,,,,,,,,,,,,,,,,,,,,,,,,,,,,,,,,,,,,,,,,,,,,,,,,,,,0.05000000000000001,8.498374721940739e-18,200.0,0.0,9.328271865844727,0.3636131725794098,9.054240544637045,0.2854765078627217,0.03666666666666667,0.011547005383792518,0.03666666666666667,0.011547005383792518,0.5,0.0,0.5,0.0,0.5,0.0,,,0.0,0.0,200.0,0.0,0.0,0.0,0.0,0.0,0.0,0.0,0.0,0.0,,,0.0,0.0
diagnosis_controls,interface,synthetic,diagnosis,relational_max | bank0:0-1 | circuit,,,,,,,,,,,,,,,,,,,,,,,,,,,,,,,3,"[11, 12, 13]",interface,,,,,,,,,,,,,,,,,,,,,,,,,,,,,,,,,,,,,,,,,,,,,,,,,,,,,,,,,,,,,,,,,,,,,,,,,,,,,,,,,0.05000000000000001,8.498374721940739e-18,200.0,0.0,0.05133978525797526,0.07763870335156361,0.11694717407226562,0.1591499983185589,0.043333333333333335,0.0202072594216369,0.043333333333333335,0.0202072594216369,0.5,0.0,0.5,0.0,0.5,0.0,,,0.0,0.0,200.0,0.0,0.0,0.0,0.0,0.0,0.0,0.0,0.0,0.0,,,0.0,0.0
diagnosis_controls,interface,synthetic,diagnosis,query bank0:0-1 | known_law_oracle,,,,,,,,,,,,,,,,,,,,,,,,,,,,,,,3,"[11, 12, 13]",interface,,,,,,,,,,,0.0,0.0,0.0009534719987035108,3.8336171039792234e-05,0.0008920416670055905,5.7361703850457974e-05,400.0,0.0,2.0,0.0,2.0,0.0,2.0,0.0,3.0,0.0,0.0,0.0,0.0,0.0,1.0,0.0,0.0,0.0,0.0,0.0,0.0,0.0,1600.0,0.0,0.0,0.0,-2.516505522483688e-17,5.185268477743734e-17,7.593925488436071e-16,1.9357399876532522e-17,1.1686291224800061e-15,2.882440024992711e-17,-1.7763568394002505e-15,0.0,1.7763568394002505e-15,0.0,,,,,,,,,,,,,,,,,,,,,,,,,,,,,,,,,,,,,,,,,,,,,,,,,,,,,,,,,,,,,,,,
diagnosis_controls,interface,synthetic,diagnosis,known-law error bank0:0-1 | known_law_oracle,,,,,,,,,,,,,,,,,,,,,,,,,,,,,,,3,"[11, 12, 13]",interface,,,,,,,,,,,,,,,,,,,,,,,,,,,,,,,,,,,,,,,,,,,,,,,,,,,,,0.0,0.0,0.0,0.0,0.0,0.0,1.0,7.850462293418876e-17,0.0,0.0,0.0,0.0,0.0,0.0,1.0,7.850462293418876e-17,0.0,0.0,0.0,0.0,0.0,0.0,1.0,0.0,0.0,0.0,0.0,0.0,,,,,,,,,,,,,,,,,,,,,,,,,,,,,,,,,,,,
diagnosis_controls,interface,synthetic,diagnosis,joint | bank0:0-1 | known_law_oracle,,,,,,,,,,,,,,,,,,,,,,,,,,,,,,,3,"[11, 12, 13]",interface,,,,,,,,,,,,,,,,,,,,,,,,,,,,,,,,,,,,,,,,,,,,,,,,,,,,,,,,,,,,,,,,,,,,,,,,,,,,,,,,,0.05000000000000001,8.498374721940739e-18,200.0,0.0,13.511334918852015,0.4350604957554901,9.840153456901513,0.9350856217930461,0.06666666666666667,0.03547299442298794,0.06666666666666667,0.03547299442298794,0.5,0.0,0.5,0.0,0.5,0.0,,,0.0,0.0,200.0,0.0,0.0,0.0,0.0,0.0,0.0,0.0,0.0,0.0,,,0.0,0.0
diagnosis_controls,interface,synthetic,diagnosis,independent | bank0:0-1 | known_law_oracle,,,,,,,,,,,,,,,,,,,,,,,,,,,,,,,3,"[11, 12, 13]",interface,,,,,,,,,,,,,,,,,,,,,,,,,,,,,,,,,,,,,,,,,,,,,,,,,,,,,,,,,,,,,,,,,,,,,,,,,,,,,,,,,0.05000000000000001,8.498374721940739e-18,200.0,0.0,13.511334918852015,0.43506049575549066,9.840153456901513,0.935085621793047,0.06666666666666667,0.03547299442298794,0.06666666666666667,0.03547299442298794,0.5,0.0,0.5,0.0,0.5,0.0,,,0.0,0.0,200.0,0.0,0.0,0.0,0.0,0.0,0.0,0.0,0.0,0.0,,,0.0,0.0
diagnosis_controls,interface,synthetic,diagnosis,marginal_max | bank0:0-1 | known_law_oracle,,,,,,,,,,,,,,,,,,,,,,,,,,,,,,,3,"[11, 12, 13]",interface,,,,,,,,,,,,,,,,,,,,,,,,,,,,,,,,,,,,,,,,,,,,,,,,,,,,,,,,,,,,,,,,,,,,,,,,,,,,,,,,,0.05000000000000001,8.498374721940739e-18,200.0,0.0,8.529904649174943,0.3433197510267786,7.840172232970702,0.9427948684257139,0.05333333333333334,0.01527525231651947,0.05333333333333334,0.01527525231651947,0.5,0.0,0.5,0.0,0.5,0.0,,,0.0,0.0,200.0,0.0,0.0,0.0,0.0,0.0,0.0,0.0,0.0,0.0,,,0.0,0.0
diagnosis_controls,interface,synthetic,diagnosis,conditional_max | bank0:0-1 | known_law_oracle,,,,,,,,,,,,,,,,,,,,,,,,,,,,,,,3,"[11, 12, 13]",interface,,,,,,,,,,,,,,,,,,,,,,,,,,,,,,,,,,,,,,,,,,,,,,,,,,,,,,,,,,,,,,,,,,,,,,,,,,,,,,,,,0.05000000000000001,8.498374721940739e-18,200.0,0.0,8.529904649174945,0.34331975102677903,7.8401722329707,0.9427948684257161,0.05333333333333334,0.01527525231651947,0.05333333333333334,0.01527525231651947,0.5,0.0,0.5,0.0,0.5,0.0,,,0.0,0.0,200.0,0.0,0.0,0.0,0.0,0.0,0.0,0.0,0.0,0.0,,,0.0,0.0
diagnosis_controls,interface,synthetic,diagnosis,relational_max | bank0:0-1 | known_law_oracle,,,,,,,,,,,,,,,,,,,,,,,,,,,,,,,3,"[11, 12, 13]",interface,,,,,,,,,,,,,,,,,,,,,,,,,,,,,,,,,,,,,,,,,,,,,,,,,,,,,,,,,,,,,,,,,,,,,,,,,,,,,,,,,0.05000000000000001,8.498374721940739e-18,200.0,0.0,1.1842378929335002e-15,5.127900497022837e-16,5.625129991434126e-15,1.3567149463006936e-15,0.055,0.04092676385936225,0.055,0.04092676385936225,0.5,0.0,0.5,3.925231146709438e-17,0.5,0.0,,,0.0,0.0,200.0,0.0,0.0,0.0,0.0,0.0,0.0,0.0,0.0,0.0,,,0.0,0.0
diagnosis_controls,interface,synthetic,diagnosis,query single_sensor_0 | circuit,,,,,,,,,,,,,,,,,,,,,,,,,,,,,,,3,"[11, 12, 13]",interface,,,,,,,,,,,9.5367431640625e-07,0.0,0.013758833666846234,0.0005045488536458553,0.009519458334883288,0.0004875461623713825,400.0,0.0,1.0,0.0,1.0,0.0,1.0,0.0,3.0,0.0,802.0,0.0,32.0,0.0,1.0,0.0,0.013637666666666666,0.0004955545714987741,320800.0,0.0,25600.0,0.0,1600.0,0.0,51200.0,0.0,7.07308469571899e-08,4.123217222561338e-08,1.7007192335919777e-07,2.5071764061938284e-08,2.657974486434493e-07,2.799602177995324e-08,-3.178914388020833e-07,2.753020616481904e-07,4.76837158203125e-07,0.0,,,,,,,,,,,,,,,,,,,,,,,,,,,,,,,,,,,,,,,,,,,,,,,,,,,,,,,,,,,,,,,,
diagnosis_controls,interface,synthetic,diagnosis,known-law error single_sensor_0 | circuit,,,,,,,,,,,,,,,,,,,,,,,,,,,,,,,3,"[11, 12, 13]",interface,,,,,,,,,,,,,,,,,,,,,,,,,,,,,,,,,,,,,,,,,,,,,,,,,,,,,0.10913856460342826,0.036734847184065486,0.344872065428164,0.022276707276560653,4.414676753245694,1.7407084326552802,0.9524182452620314,0.004443956281071082,0.10913856460342826,0.036734847184065486,0.344872065428164,0.022276707276560653,4.414676753245694,1.7407084326552802,0.9524182452620314,0.004443956281071082,0.0,0.0,0.0,0.0,0.0,0.0,,,-0.10913848373979351,0.03673483777843173,0.34487203661925236,0.02227669429945216,,,,,,,,,,,,,,,,,,,,,,,,,,,,,,,,,,,,
diagnosis_controls,interface,synthetic,diagnosis,joint | single_sensor_0 | circuit,,,,,,,,,,,,,,,,,,,,,,,,,,,,,,,3,"[11, 12, 13]",interface,,,,,,,,,,,,,,,,,,,,,,,,,,,,,,,,,,,,,,,,,,,,,,,,,,,,,,,,,,,,,,,,,,,,,,,,,,,,,,,,,0.05000000000000001,8.498374721940739e-18,200.0,0.0,8.073423544565836,0.7182794415848007,12.708744049072266,2.8342710668665103,0.05833333333333334,0.02753785273643051,0.05166666666666667,0.012583057392117916,0.4892083333333333,0.007151063440729171,0.4965287196025243,0.0040725940288604415,0.4892083333333333,0.007151063440729171,,,0.0,0.0,0.0,0.0,200.0,0.0,200.0,0.0,0.0,0.0,0.0,0.0,,,0.0,0.0
diagnosis_controls,interface,synthetic,diagnosis,independent | single_sensor_0 | circuit,,,,,,,,,,,,,,,,,,,,,,,,,,,,,,,3,"[11, 12, 13]",interface,,,,,,,,,,,,,,,,,,,,,,,,,,,,,,,,,,,,,,,,,,,,,,,,,,,,,,,,,,,,,,,,,,,,,,,,,,,,,,,,,0.05000000000000001,8.498374721940739e-18,200.0,0.0,8.073423544565836,0.7182794415848007,12.708743413289389,2.83427064103011,0.05833333333333334,0.02753785273643051,0.05166666666666667,0.012583057392117916,0.4892083333333333,0.007151063440729171,0.4965287196025243,0.0040725940288604415,0.4892083333333333,0.007151063440729171,,,0.0,0.0,0.0,0.0,200.0,0.0,200.0,0.0,0.0,0.0,0.0,0.0,,,0.0,0.0
diagnosis_controls,interface,synthetic,diagnosis,marginal_max | single_sensor_0 | circuit,,,,,,,,,,,,,,,,,,,,,,,,,,,,,,,3,"[11, 12, 13]",interface,,,,,,,,,,,,,,,,,,,,,,,,,,,,,,,,,,,,,,,,,,,,,,,,,,,,,,,,,,,,,,,,,,,,,,,,,,,,,,,,,0.05000000000000001,8.498374721940739e-18,200.0,0.0,8.073423544565836,0.7182794415848007,12.708743413289389,2.83427064103011,0.05833333333333334,0.02753785273643051,0.05166666666666667,0.012583057392117916,0.4892083333333333,0.007151063440729171,0.4965287196025243,0.0040725940288604415,0.4892083333333333,0.007151063440729171,,,0.0,0.0,0.0,0.0,200.0,0.0,200.0,0.0,0.0,0.0,0.0,0.0,,,0.0,0.0
diagnosis_controls,interface,synthetic,diagnosis,conditional_max | single_sensor_0 | circuit,,,,,,,,,,,,,,,,,,,,,,,,,,,,,,,3,"[11, 12, 13]",interface,,,,,,,,,,,,,,,,,,,,,,,,,,,,,,,,,,,,,,,,,,,,,,,,,,,,,,,,,,,,,,,,,,,,,,,,,,,,,,,,,0.05000000000000001,8.498374721940739e-18,200.0,0.0,8.073423544565836,0.7182794415848007,12.708743413289389,2.83427064103011,0.05833333333333334,0.02753785273643051,0.05166666666666667,0.012583057392117916,0.4892083333333333,0.007151063440729171,0.4965287196025243,0.0040725940288604415,0.4892083333333333,0.007151063440729171,,,0.0,0.0,0.0,0.0,200.0,0.0,200.0,0.0,0.0,0.0,0.0,0.0,,,0.0,0.0
diagnosis_controls,interface,synthetic,diagnosis,relational_max | single_sensor_0 | circuit,,,,,,,,,,,,,,,,,,,,,,,,,,,,,,,3,"[11, 12, 13]",interface,,,,,,,,,,,,,,,,,,,,,,,,,,,,,,,,,,,,,,,,,,,,,,,,,,,,,,,,,,,,,,,,,,,,,,,,,,,,,,,,,0.05000000000000001,8.498374721940739e-18,200.0,0.0,0.0,0.0,0.0,0.0,0.0,0.0,0.0,0.0,0.5,0.0,0.5,0.0,0.5,0.0,,,0.0,0.0,0.0,0.0,200.0,0.0,200.0,0.0,0.0,0.0,0.0,0.0,,,0.0,0.0
diagnosis_controls,interface,synthetic,diagnosis,query single_sensor_0 | known_law_oracle,,,,,,,,,,,,,,,,,,,,,,,,,,,,,,,3,"[11, 12, 13]",interface,,,,,,,,,,,0.0,0.0,0.00044520833156032796,2.0015800857836743e-05,0.00046600000011191395,1.4411907319630589e-05,400.0,0.0,1.0,0.0,1.0,0.0,1.0,0.0,2.0,0.0,0.0,0.0,0.0,0.0,1.0,0.0,0.0,0.0,0.0,0.0,0.0,0.0,1600.0,0.0,0.0,0.0,0.0,0.0,0.0,0.0,0.0,0.0,0.0,0.0,0.0,0.0,,,,,,,,,,,,,,,,,,,,,,,,,,,,,,,,,,,,,,,,,,,,,,,,,,,,,,,,,,,,,,,,
diagnosis_controls,interface,synthetic,diagnosis,known-law error single_sensor_0 | known_law_oracle,,,,,,,,,,,,,,,,,,,,,,,,,,,,,,,3,"[11, 12, 13]",interface,,,,,,,,,,,,,,,,,,,,,,,,,,,,,,,,,,,,,,,,,,,,,,,,,,,,,0.0,0.0,0.0,0.0,0.0,0.0,1.0,0.0,0.0,0.0,0.0,0.0,0.0,0.0,1.0,0.0,0.0,0.0,0.0,0.0,0.0,0.0,,,0.0,0.0,0.0,0.0,,,,,,,,,,,,,,,,,,,,,,,,,,,,,,,,,,,,
diagnosis_controls,interface,synthetic,diagnosis,joint | single_sensor_0 | known_law_oracle,,,,,,,,,,,,,,,,,,,,,,,,,,,,,,,3,"[11, 12, 13]",interface,,,,,,,,,,,,,,,,,,,,,,,,,,,,,,,,,,,,,,,,,,,,,,,,,,,,,,,,,,,,,,,,,,,,,,,,,,,,,,,,,0.05000000000000001,8.498374721940739e-18,200.0,0.0,7.689895496961474,0.5021001950174577,10.071033718670991,2.3032659569915754,0.06333333333333334,0.020207259421636908,0.06,0.0304138126514911,0.48662500000000003,0.006084868527749771,0.4983624026561697,0.008169094318119742,0.48662500000000003,0.006084868527749771,,,0.0,0.0,0.0,0.0,200.0,0.0,200.0,0.0,0.0,0.0,0.0,0.0,,,0.0,0.0
diagnosis_controls,interface,synthetic,diagnosis,independent | single_sensor_0 | known_law_oracle,,,,,,,,,,,,,,,,,,,,,,,,,,,,,,,3,"[11, 12, 13]",interface,,,,,,,,,,,,,,,,,,,,,,,,,,,,,,,,,,,,,,,,,,,,,,,,,,,,,,,,,,,,,,,,,,,,,,,,,,,,,,,,,0.05000000000000001,8.498374721940739e-18,200.0,0.0,7.689895496961474,0.5021001950174577,10.071033718670991,2.3032659569915754,0.06333333333333334,0.020207259421636908,0.06,0.0304138126514911,0.48662500000000003,0.006084868527749771,0.4983624026561697,0.008169094318119742,0.48662500000000003,0.006084868527749771,,,0.0,0.0,0.0,0.0,200.0,0.0,200.0,0.0,0.0,0.0,0.0,0.0,,,0.0,0.0
diagnosis_controls,interface,synthetic,diagnosis,marginal_max | single_sensor_0 | known_law_oracle,,,,,,,,,,,,,,,,,,,,,,,,,,,,,,,3,"[11, 12, 13]",interface,,,,,,,,,,,,,,,,,,,,,,,,,,,,,,,,,,,,,,,,,,,,,,,,,,,,,,,,,,,,,,,,,,,,,,,,,,,,,,,,,0.05000000000000001,8.498374721940739e-18,200.0,0.0,7.689895496961474,0.5021001950174577,10.071033718670991,2.3032659569915754,0.06333333333333334,0.020207259421636908,0.06,0.0304138126514911,0.48662500000000003,0.006084868527749771,0.4983624026561697,0.008169094318119742,0.48662500000000003,0.006084868527749771,,,0.0,0.0,0.0,0.0,200.0,0.0,200.0,0.0,0.0,0.0,0.0,0.0,,,0.0,0.0
diagnosis_controls,interface,synthetic,diagnosis,conditional_max | single_sensor_0 | known_law_oracle,,,,,,,,,,,,,,,,,,,,,,,,,,,,,,,3,"[11, 12, 13]",interface,,,,,,,,,,,,,,,,,,,,,,,,,,,,,,,,,,,,,,,,,,,,,,,,,,,,,,,,,,,,,,,,,,,,,,,,,,,,,,,,,0.05000000000000001,8.498374721940739e-18,200.0,0.0,7.689895496961474,0.5021001950174577,10.071033718670991,2.3032659569915754,0.06333333333333334,0.020207259421636908,0.06,0.0304138126514911,0.48662500000000003,0.006084868527749771,0.4983624026561697,0.008169094318119742,0.48662500000000003,0.006084868527749771,,,0.0,0.0,0.0,0.0,200.0,0.0,200.0,0.0,0.0,0.0,0.0,0.0,,,0.0,0.0
diagnosis_controls,interface,synthetic,diagnosis,relational_max | single_sensor_0 | known_law_oracle,,,,,,,,,,,,,,,,,,,,,,,,,,,,,,,3,"[11, 12, 13]",interface,,,,,,,,,,,,,,,,,,,,,,,,,,,,,,,,,,,,,,,,,,,,,,,,,,,,,,,,,,,,,,,,,,,,,,,,,,,,,,,,,0.05000000000000001,8.498374721940739e-18,200.0,0.0,0.0,0.0,0.0,0.0,0.0,0.0,0.0,0.0,0.5,0.0,0.5,0.0,0.5,0.0,,,0.0,0.0,0.0,0.0,200.0,0.0,200.0,0.0,0.0,0.0,0.0,0.0,,,0.0,0.0
diagnosis_controls,conditional,synthetic,diagnosis,model,2.483526865641276e-08,6.022232598554165e-08,64.0,0.0,57.0,0.0,240.0,0.0,361.0,0.0,1488.0,0.0,952.0,78.79086241436883,119.0,9.848857801796104,93.0,9.848857801796104,20.471670786539715,0.2404043770188749,7.788854360580444,1.3696638452627825,20.227201620737713,0.09201773475504421,0.02,0.0,150.0,0.0,128.0,0.0,3,"[11, 12, 13]",conditional,,,,,,,,,,,,,,,,,,,,,,,,,,,,,,,,,,,,,,,,,,,,,,,,,,,,,,,,,,,,,,,,,,,,,,,,,,,,,,,,,,,,,,,,,,,,,,,,,,,,,,,,,,,,,,,,,,,,
diagnosis_controls,conditional,synthetic,diagnosis,shortcut audit,,,,,,,,,,,,,,,,,,,,,,,,,,,,,,,3,"[11, 12, 13]",conditional,0.48155,0.02226208941227215,0.0,0.0,400.0,0.0,400.0,0.0,10.0,0.0,,,,,,,,,,,,,,,,,,,,,,,,,,,,,,,,,,,,,,,,,,,,,,,,,,,,,,,,,,,,,,,,,,,,,,,,,,,,,,,,,,,,,,,,,,,,,,,,,,,,,,,,,,
diagnosis_controls,conditional,synthetic,diagnosis,query full | circuit,,,,,,,,,,,,,,,,,,,,,,,,,,,,,,,3,"[11, 12, 13]",conditional,,,,,,,,,,,3.814697265625e-06,9.5367431640625e-07,0.006852875332697295,0.00026154798452111627,0.0042946113329283735,0.0002196157067974891,400.0,0.0,4.0,0.0,4.0,0.0,4.0,0.0,3.0,0.0,450.0,0.0,16.0,0.0,1.0,0.0,0.006773333333333333,0.000268205766778668,180000.0,0.0,12800.0,0.0,1600.0,0.0,25600.0,0.0,-0.012711129151284695,0.006169017122111348,0.05883640547593435,0.020332178188361902,0.07767386858661969,0.028574138927947905,-0.12490809708833694,0.029009023882931924,0.0922371248404185,0.027054068722764377,,,,,,,,,,,,,,,,,,,,,,,,,,,,,,,,,,,,,,,,,,,,,,,,,,,,,,,,,,,,,,,,
diagnosis_controls,conditional,synthetic,diagnosis,known-law error full | circuit,,,,,,,,,,,,,,,,,,,,,,,,,,,,,,,3,"[11, 12, 13]",conditional,,,,,,,,,,,,,,,,,,,,,,,,,,,,,,,,,,,,,,,,,,,,,,,,,,,,,0.12700692705839287,0.01342414849331677,0.3546850811713688,0.01516672368152199,5.048677504961506,1.3492710333352487,0.9454091100176751,0.00296384214765855,0.12097950749128406,0.015516740998294611,0.35042221217111863,0.015056063632808571,4.994366706316485,1.3558655060543972,0.9460296317594983,0.0030912021715753203,0.006027402083079662,0.003558452482076205,0.032683972517649366,0.013333431363997292,0.2676677703857422,0.14963212018586458,-0.022114733089255656,0.019868397903280578,-0.4959746977698541,0.0575927637265781,0.82000819939108,0.06595326304074715,,,,,,,,,,,,,,,,,,,,,,,,,,,,,,,,,,,,
diagnosis_controls,conditional,synthetic,diagnosis,joint | full | circuit,,,,,,,,,,,,,,,,,,,,,,,,,,,,,,,3,"[11, 12, 13]",conditional,,,,,,,,,,,,,,,,,,,,,,,,,,,,,,,,,,,,,,,,,,,,,,,,,,,,,,,,,,,,,,,,,,,,,,,,,,,,,,,,,0.05000000000000001,8.498374721940739e-18,200.0,0.0,26.130294799804688,1.0522902235781013,16.780077298482258,1.043991609951133,0.053333333333333344,0.01527525231651947,0.045000000000000005,0.02179449471770337,0.499175,0.002295103483505672,0.5011385033762327,0.004306902181609429,0.499175,0.002295103483505672,0.5161111111111111,0.011002945733521285,200.0,0.0,0.0,0.0,0.0,0.0,0.3333333333333333,0.5773502691896258,199.66666666666666,0.5773502691896258,190.66666666666666,4.163331998932265,0.24041038525963146,0.009036649106745304,0.01,0.005
diagnosis_controls,conditional,synthetic,diagnosis,independent | full | circuit,,,,,,,,,,,,,,,,,,,,,,,,,,,,,,,3,"[11, 12, 13]",conditional,,,,,,,,,,,,,,,,,,,,,,,,,,,,,,,,,,,,,,,,,,,,,,,,,,,,,,,,,,,,,,,,,,,,,,,,,,,,,,,,,0.05000000000000001,8.498374721940739e-18,200.0,0.0,26.18794059753418,0.976734402001418,16.71976947784424,1.242279890245828,0.05000000000000001,0.015,0.041666666666666664,0.01607275126832159,0.499875,0.002833284313301463,0.5015504255270281,0.00393641008782703,0.499875,0.002833284313301463,0.5183333333333333,0.010712466776818676,200.0,0.0,0.0,0.0,0.0,0.0,0.0,0.0,200.0,0.0,191.66666666666666,3.2145502536643185,0.245,0.010000000000000009,0.01,0.005
diagnosis_controls,conditional,synthetic,diagnosis,marginal_max | full | circuit,,,,,,,,,,,,,,,,,,,,,,,,,,,,,,,3,"[11, 12, 13]",conditional,,,,,,,,,,,,,,,,,,,,,,,,,,,,,,,,,,,,,,,,,,,,,,,,,,,,,,,,,,,,,,,,,,,,,,,,,,,,,,,,,0.05000000000000001,8.498374721940739e-18,200.0,0.0,10.048541069030762,0.5542644892025964,11.609260559082031,2.9188964141952822,0.05000000000000001,0.020000000000000004,0.06,0.01322875655532295,0.5006916666666666,0.0015738256203701108,0.5041977605545812,0.009327407856805386,0.5006916666666666,0.0015738256203701108,0.5183333333333333,0.010712466776818676,200.0,0.0,0.0,0.0,0.0,0.0,0.0,0.0,200.0,0.0,188.0,2.6457513110645907,0.245,0.010000000000000009,0.02,0.01
diagnosis_controls,conditional,synthetic,diagnosis,conditional_max | full | circuit,,,,,,,,,,,,,,,,,,,,,,,,,,,,,,,3,"[11, 12, 13]",conditional,,,,,,,,,,,,,,,,,,,,,,,,,,,,,,,,,,,,,,,,,,,,,,,,,,,,,,,,,,,,,,,,,,,,,,,,,,,,,,,,,0.05000000000000001,8.498374721940739e-18,200.0,0.0,10.00691000620524,0.5860886550592681,11.690182367960611,2.9456429352985407,0.05000000000000001,0.020000000000000004,0.06166666666666667,0.012583057392117913,0.500775,0.0021625000000000116,0.5060337629262576,0.010163940906349858,0.500775,0.0021625000000000116,0.5161111111111111,0.011002945733521285,200.0,0.0,0.0,0.0,0.0,0.0,0.3333333333333333,0.5773502691896258,199.66666666666666,0.5773502691896258,187.33333333333334,3.0550504633038935,0.24041038525963146,0.009036649106745304,0.021666666666666667,0.012583057392117916
diagnosis_controls,conditional,synthetic,diagnosis,relational_max | full | circuit,,,,,,,,,,,,,,,,,,,,,,,,,,,,,,,3,"[11, 12, 13]",conditional,,,,,,,,,,,,,,,,,,,,,,,,,,,,,,,,,,,,,,,,,,,,,,,,,,,,,,,,,,,,,,,,,,,,,,,,,,,,,,,,,0.05000000000000001,8.498374721940739e-18,200.0,0.0,0.11397425333658855,0.04346427111835866,0.26906776428222656,0.1386386012143016,0.07333333333333333,0.03329164059239696,0.06166666666666667,0.015275252316519466,0.4940125,0.017929710852381292,0.4988745162537305,0.014128881444477543,0.4940125,0.017929710852381292,0.5093055555555556,0.004608516673065842,200.0,0.0,0.0,0.0,0.0,0.0,53.333333333333336,69.03863652574067,146.66666666666666,69.03863652574067,137.33333333333334,67.92888438163351,0.2491350471017354,0.014586300929595388,0.006666666666666667,0.011547005383792516
diagnosis_controls,conditional,synthetic,diagnosis,query full | known_law_oracle,,,,,,,,,,,,,,,,,,,,,,,,,,,,,,,3,"[11, 12, 13]",conditional,,,,,,,,,,,0.0,0.0,0.0016479029994419154,5.5772700099523195e-05,0.001503944333914357,9.936207962892635e-05,400.0,0.0,4.0,0.0,4.0,0.0,4.0,0.0,5.0,0.0,0.0,0.0,0.0,0.0,1.0,0.0,0.0,0.0,0.0,0.0,0.0,0.0,1600.0,0.0,0.0,0.0,-7.105427357601002e-17,1.0805156823142816e-16,1.3559523874088578e-15,1.4897411453073922e-16,2.1872322410349084e-15,1.2232396861929305e-16,-3.552713678800501e-15,0.0,3.552713678800501e-15,0.0,,,,,,,,,,,,,,,,,,,,,,,,,,,,,,,,,,,,,,,,,,,,,,,,,,,,,,,,,,,,,,,,
diagnosis_controls,conditional,synthetic,diagnosis,known-law error full | known_law_oracle,,,,,,,,,,,,,,,,,,,,,,,,,,,,,,,3,"[11, 12, 13]",conditional,,,,,,,,,,,,,,,,,,,,,,,,,,,,,,,,,,,,,,,,,,,,,,,,,,,,,0.0,0.0,0.0,0.0,0.0,0.0,1.0,7.850462293418876e-17,0.0,0.0,0.0,0.0,0.0,0.0,1.0,7.850462293418876e-17,0.0,0.0,0.0,0.0,0.0,0.0,1.0,1.5700924586837752e-16,0.0,0.0,0.0,0.0,,,,,,,,,,,,,,,,,,,,,,,,,,,,,,,,,,,,
diagnosis_controls,conditional,synthetic,diagnosis,joint | full | known_law_oracle,,,,,,,,,,,,,,,,,,,,,,,,,,,,,,,3,"[11, 12, 13]",conditional,,,,,,,,,,,,,,,,,,,,,,,,,,,,,,,,,,,,,,,,,,,,,,,,,,,,,,,,,,,,,,,,,,,,,,,,,,,,,,,,,0.05000000000000001,8.498374721940739e-18,200.0,0.0,25.123579209597313,0.8029984373828893,17.044397970706715,2.1083751073729076,0.06166666666666667,0.03752776749732568,0.06666666666666667,0.03214550253664318,0.495175,0.009931232300173022,0.5004042151936351,0.002741286964361124,0.495175,0.009931232300173022,0.5191666666666667,0.02036131953811768,200.0,0.0,0.0,0.0,0.0,0.0,0.0,0.0,200.0,0.0,186.66666666666666,6.429100507328636,0.24666666666666667,0.022546248764114478,0.02,0.005000000000000001
diagnosis_controls,conditional,synthetic,diagnosis,independent | full | known_law_oracle,,,,,,,,,,,,,,,,,,,,,,,,,,,,,,,3,"[11, 12, 13]",conditional,,,,,,,,,,,,,,,,,,,,,,,,,,,,,,,,,,,,,,,,,,,,,,,,,,,,,,,,,,,,,,,,,,,,,,,,,,,,,,,,,0.05000000000000001,8.498374721940739e-18,200.0,0.0,25.123579209597313,0.8029984373828913,17.044397970706715,2.108375107372908,0.06166666666666667,0.03752776749732568,0.06666666666666667,0.03214550253664318,0.495175,0.009931232300173022,0.5004042151936351,0.002741286964361124,0.495175,0.009931232300173022,0.5191666666666667,0.02036131953811768,200.0,0.0,0.0,0.0,0.0,0.0,0.0,0.0,200.0,0.0,186.66666666666666,6.429100507328636,0.24666666666666667,0.022546248764114478,0.02,0.005000000000000001
diagnosis_controls,conditional,synthetic,diagnosis,marginal_max | full | known_law_oracle,,,,,,,,,,,,,,,,,,,,,,,,,,,,,,,3,"[11, 12, 13]",conditional,,,,,,,,,,,,,,,,,,,,,,,,,,,,,,,,,,,,,,,,,,,,,,,,,,,,,,,,,,,,,,,,,,,,,,,,,,,,,,,,,0.05000000000000001,8.498374721940739e-18,200.0,0.0,9.534260679629464,0.5096828622100442,9.419955147727025,2.0038181239108432,0.06833333333333334,0.007637626158259734,0.06333333333333334,0.016072751268321594,0.49613749999999995,0.005834447810204524,0.4981638992130874,0.007072901242308277,0.49613749999999995,0.005834447810204524,0.5191666666666667,0.02036131953811768,200.0,0.0,0.0,0.0,0.0,0.0,0.0,0.0,200.0,0.0,187.33333333333334,3.2145502536643185,0.24666666666666667,0.022546248764114478,0.013333333333333334,0.011547005383792516
diagnosis_controls,conditional,synthetic,diagnosis,conditional_max | full | known_law_oracle,,,,,,,,,,,,,,,,,,,,,,,,,,,,,,,3,"[11, 12, 13]",conditional,,,,,,,,,,,,,,,,,,,,,,,,,,,,,,,,,,,,,,,,,,,,,,,,,,,,,,,,,,,,,,,,,,,,,,,,,,,,,,,,,0.05000000000000001,8.498374721940739e-18,200.0,0.0,9.534260679629464,0.5096828622100421,9.419955147727027,2.0038181239108415,0.06833333333333334,0.007637626158259734,0.06333333333333334,0.016072751268321594,0.49618333333333337,0.005731005765424863,0.49909067103859645,0.006926249550799064,0.49618333333333337,0.005731005765424863,0.5191666666666667,0.02036131953811768,200.0,0.0,0.0,0.0,0.0,0.0,0.0,0.0,200.0,0.0,187.33333333333334,3.2145502536643185,0.24666666666666667,0.022546248764114478,0.013333333333333334,0.011547005383792516
diagnosis_controls,conditional,synthetic,diagnosis,relational_max | full | known_law_oracle,,,,,,,,,,,,,,,,,,,,,,,,,,,,,,,3,"[11, 12, 13]",conditional,,,,,,,,,,,,,,,,,,,,,,,,,,,,,,,,,,,,,,,,,,,,,,,,,,,,,,,,,,,,,,,,,,,,,,,,,,,,,,,,,0.05000000000000001,8.498374721940739e-18,200.0,0.0,2.960594732333751e-15,5.127900497022838e-16,7.697546304067751e-15,5.127900497022837e-16,0.043333333333333335,0.020816659994661327,0.055000000000000014,0.0360555127546399,0.49685833333333335,0.03547310674417076,0.503320472520619,0.017195342160496938,0.49685833333333335,0.03547310674417076,0.43069444444444444,0.007742977702647969,200.0,0.0,0.0,0.0,0.0,0.0,200.0,0.0,0.0,0.0,0.0,0.0,,,0.0,0.0
diagnosis_controls,conditional,synthetic,diagnosis,query random1:0 | circuit,,,,,,,,,,,,,,,,,,,,,,,,,,,,,,,3,"[11, 12, 13]",conditional,,,,,,,,,,,3.1789143880208335e-06,5.506041232963808e-07,0.007028471998637542,0.0007922938021380922,0.00443809700057803,0.00011340586081416656,400.0,0.0,3.0,0.0,3.0,0.0,3.0,0.0,3.0,0.0,450.0,0.0,16.0,0.0,1.0,0.0,0.006944,0.0007893864706213297,180000.0,0.0,12800.0,0.0,1600.0,0.0,25600.0,0.0,-0.009401667676873634,0.009086027108771991,0.04613737672722588,0.0396304444754541,0.061646129024059824,0.053672383127760154,-0.0934646954216684,0.08024292110103999,0.06785117784359802,0.05810788391949646,,,,,,,,,,,,,,,,,,,,,,,,,,,,,,,,,,,,,,,,,,,,,,,,,,,,,,,,,,,,,,,,
diagnosis_controls,conditional,synthetic,diagnosis,known-law error random1:0 | circuit,,,,,,,,,,,,,,,,,,,,,,,,,,,,,,,3,"[11, 12, 13]",conditional,,,,,,,,,,,,,,,,,,,,,,,,,,,,,,,,,,,,,,,,,,,,,,,,,,,,,0.12686452261748285,0.004080443112690265,0.35881269371529706,0.0203700636984219,4.167875713940224,0.9991054426182008,0.9425798025713199,0.001424504559445572,0.12059605259507018,0.00784556252391332,0.3537167089404254,0.019144980358089314,4.151539590791625,0.9785006371337632,0.9432727433582399,0.0016372359921858347,0.0062684578365741804,0.006057718447413621,0.030856051974826392,0.026500854248106318,0.200346946716308,0.21857523148455327,0.01594619985246586,0.05138958729393673,-0.3711898098034389,0.01641298894797142,0.6901912372234427,0.06900784932767323,,,,,,,,,,,,,,,,,,,,,,,,,,,,,,,,,,,,
diagnosis_controls,conditional,synthetic,diagnosis,joint | random1:0 | circuit,,,,,,,,,,,,,,,,,,,,,,,,,,,,,,,3,"[11, 12, 13]",conditional,,,,,,,,,,,,,,,,,,,,,,,,,,,,,,,,,,,,,,,,,,,,,,,,,,,,,,,,,,,,,,,,,,,,,,,,,,,,,,,,,0.05000000000000001,8.498374721940739e-18,200.0,0.0,19.868756612141926,0.34322809530554016,13.303984959920248,0.280703630010475,0.065,0.031224989991991994,0.065,0.031224989991991994,0.5,0.0,0.5,0.0,0.5,0.0,,,0.0,0.0,200.0,0.0,0.0,0.0,0.0,0.0,0.0,0.0,0.0,0.0,,,0.0,0.0
diagnosis_controls,conditional,synthetic,diagnosis,independent | random1:0 | circuit,,,,,,,,,,,,,,,,,,,,,,,,,,,,,,,3,"[11, 12, 13]",conditional,,,,,,,,,,,,,,,,,,,,,,,,,,,,,,,,,,,,,,,,,,,,,,,,,,,,,,,,,,,,,,,,,,,,,,,,,,,,,,,,,0.05000000000000001,8.498374721940739e-18,200.0,0.0,19.8854185740153,0.3490530493669898,13.29220167795817,0.27563580042280195,0.06666666666666667,0.03403429642777023,0.06666666666666667,0.03403429642777023,0.5,0.0,0.5,0.0,0.5,0.0,,,0.0,0.0,200.0,0.0,0.0,0.0,0.0,0.0,0.0,0.0,0.0,0.0,,,0.0,0.0
diagnosis_controls,conditional,synthetic,diagnosis,marginal_max | random1:0 | circuit,,,,,,,,,,,,,,,,,,,,,,,,,,,,,,,3,"[11, 12, 13]",conditional,,,,,,,,,,,,,,,,,,,,,,,,,,,,,,,,,,,,,,,,,,,,,,,,,,,,,,,,,,,,,,,,,,,,,,,,,,,,,,,,,0.05000000000000001,8.498374721940739e-18,200.0,0.0,9.624874750773111,0.35725096187479655,10.277356465657553,1.5802584546826934,0.045000000000000005,0.017320508075688773,0.045000000000000005,0.017320508075688773,0.5,0.0,0.5,0.0,0.5,0.0,,,0.0,0.0,200.0,0.0,0.0,0.0,0.0,0.0,0.0,0.0,0.0,0.0,,,0.0,0.0
diagnosis_controls,conditional,synthetic,diagnosis,conditional_max | random1:0 | circuit,,,,,,,,,,,,,,,,,,,,,,,,,,,,,,,3,"[11, 12, 13]",conditional,,,,,,,,,,,,,,,,,,,,,,,,,,,,,,,,,,,,,,,,,,,,,,,,,,,,,,,,,,,,,,,,,,,,,,,,,,,,,,,,,0.05000000000000001,8.498374721940739e-18,200.0,0.0,9.624070485432943,0.3383902825058133,10.309588114420572,1.615144447112013,0.04666666666666667,0.01892969448600091,0.04666666666666667,0.01892969448600091,0.5,0.0,0.5,0.0,0.5,0.0,,,0.0,0.0,200.0,0.0,0.0,0.0,0.0,0.0,0.0,0.0,0.0,0.0,,,0.0,0.0
diagnosis_controls,conditional,synthetic,diagnosis,relational_max | random1:0 | circuit,,,,,,,,,,,,,,,,,,,,,,,,,,,,,,,3,"[11, 12, 13]",conditional,,,,,,,,,,,,,,,,,,,,,,,,,,,,,,,,,,,,,,,,,,,,,,,,,,,,,,,,,,,,,,,,,,,,,,,,,,,,,,,,,0.05000000000000001,8.498374721940739e-18,200.0,0.0,0.09217325846354167,0.07950248232053803,0.1939395268758138,0.20879002585448003,0.04833333333333334,0.020207259421636904,0.04833333333333334,0.020207259421636904,0.5,0.0,0.5,0.0,0.5,0.0,,,0.0,0.0,200.0,0.0,0.0,0.0,0.0,0.0,0.0,0.0,0.0,0.0,,,0.0,0.0
diagnosis_controls,conditional,synthetic,diagnosis,query random1:0 | known_law_oracle,,,,,,,,,,,,,,,,,,,,,,,,,,,,,,,3,"[11, 12, 13]",conditional,,,,,,,,,,,0.0,0.0,0.0013445836666505784,5.318480634060324e-05,0.0012551389991131146,0.00013041583563785496,400.0,0.0,3.0,0.0,3.0,0.0,3.0,0.0,4.0,0.0,0.0,0.0,0.0,0.0,1.0,0.0,0.0,0.0,0.0,0.0,0.0,0.0,1600.0,0.0,0.0,0.0,-8.052817671947803e-16,1.6906525406631609e-16,1.0954200509634876e-15,7.65758843379746e-17,1.7506064265808513e-15,1.3584626236046136e-16,-3.552713678800501e-15,0.0,1.1842378929335002e-15,2.051160198809135e-15,,,,,,,,,,,,,,,,,,,,,,,,,,,,,,,,,,,,,,,,,,,,,,,,,,,,,,,,,,,,,,,,
diagnosis_controls,conditional,synthetic,diagnosis,known-law error random1:0 | known_law_oracle,,,,,,,,,,,,,,,,,,,,,,,,,,,,,,,3,"[11, 12, 13]",conditional,,,,,,,,,,,,,,,,,,,,,,,,,,,,,,,,,,,,,,,,,,,,,,,,,,,,,0.0,0.0,0.0,0.0,0.0,0.0,1.0,7.850462293418876e-17,0.0,0.0,0.0,0.0,0.0,0.0,1.0,7.850462293418876e-17,0.0,0.0,0.0,0.0,0.0,0.0,1.0,0.0,0.0,0.0,0.0,0.0,,,,,,,,,,,,,,,,,,,,,,,,,,,,,,,,,,,,
diagnosis_controls,conditional,synthetic,diagnosis,joint | random1:0 | known_law_oracle,,,,,,,,,,,,,,,,,,,,,,,,,,,,,,,3,"[11, 12, 13]",conditional,,,,,,,,,,,,,,,,,,,,,,,,,,,,,,,,,,,,,,,,,,,,,,,,,,,,,,,,,,,,,,,,,,,,,,,,,,,,,,,,,0.05000000000000001,8.498374721940739e-18,200.0,0.0,19.29980858508487,0.2907926582450536,12.460575795018181,0.5139552780926636,0.06333333333333334,0.036170890690351176,0.06333333333333334,0.036170890690351176,0.5,0.0,0.5,0.0,0.5,0.0,,,0.0,0.0,200.0,0.0,0.0,0.0,0.0,0.0,0.0,0.0,0.0,0.0,,,0.0,0.0
diagnosis_controls,conditional,synthetic,diagnosis,independent | random1:0 | known_law_oracle,,,,,,,,,,,,,,,,,,,,,,,,,,,,,,,3,"[11, 12, 13]",conditional,,,,,,,,,,,,,,,,,,,,,,,,,,,,,,,,,,,,,,,,,,,,,,,,,,,,,,,,,,,,,,,,,,,,,,,,,,,,,,,,,0.05000000000000001,8.498374721940739e-18,200.0,0.0,19.29980858508487,0.29079265824505296,12.460575795018181,0.5139552780926618,0.06333333333333334,0.036170890690351176,0.06333333333333334,0.036170890690351176,0.5,0.0,0.5,0.0,0.5,0.0,,,0.0,0.0,200.0,0.0,0.0,0.0,0.0,0.0,0.0,0.0,0.0,0.0,,,0.0,0.0
diagnosis_controls,conditional,synthetic,diagnosis,marginal_max | random1:0 | known_law_oracle,,,,,,,,,,,,,,,,,,,,,,,,,,,,,,,3,"[11, 12, 13]",conditional,,,,,,,,,,,,,,,,,,,,,,,,,,,,,,,,,,,,,,,,,,,,,,,,,,,,,,,,,,,,,,,,,,,,,,,,,,,,,,,,,0.05000000000000001,8.498374721940739e-18,200.0,0.0,8.943559558715588,0.1510144337961069,8.295845016820818,0.8547720703698442,0.07,0.025980762113533163,0.07,0.025980762113533163,0.5,0.0,0.5,0.0,0.5,0.0,,,0.0,0.0,200.0,0.0,0.0,0.0,0.0,0.0,0.0,0.0,0.0,0.0,,,0.0,0.0
diagnosis_controls,conditional,synthetic,diagnosis,conditional_max | random1:0 | known_law_oracle,,,,,,,,,,,,,,,,,,,,,,,,,,,,,,,3,"[11, 12, 13]",conditional,,,,,,,,,,,,,,,,,,,,,,,,,,,,,,,,,,,,,,,,,,,,,,,,,,,,,,,,,,,,,,,,,,,,,,,,,,,,,,,,,0.05000000000000001,8.498374721940739e-18,200.0,0.0,8.943559558715588,0.15101443379610804,8.295845016820817,0.8547720703698464,0.07,0.025980762113533163,0.07,0.025980762113533163,0.5,0.0,0.5,0.0,0.5,0.0,,,0.0,0.0,200.0,0.0,0.0,0.0,0.0,0.0,0.0,0.0,0.0,0.0,,,0.0,0.0
diagnosis_controls,conditional,synthetic,diagnosis,relational_max | random1:0 | known_law_oracle,,,,,,,,,,,,,,,,,,,,,,,,,,,,,,,3,"[11, 12, 13]",conditional,,,,,,,,,,,,,,,,,,,,,,,,,,,,,,,,,,,,,,,,,,,,,,,,,,,,,,,,,,,,,,,,,,,,,,,,,,,,,,,,,0.05000000000000001,8.498374721940739e-18,200.0,0.0,3.552713678800501e-15,8.881784197001252e-16,7.697546304067751e-15,5.127900497022837e-16,0.06333333333333334,0.03013856886670854,0.06333333333333334,0.03013856886670854,0.5,0.0,0.5,0.0,0.5,0.0,,,0.0,0.0,200.0,0.0,0.0,0.0,0.0,0.0,0.0,0.0,0.0,0.0,,,0.0,0.0
diagnosis_controls,conditional,synthetic,diagnosis,query random2:1-2 | circuit,,,,,,,,,,,,,,,,,,,,,,,,,,,,,,,3,"[11, 12, 13]",conditional,,,,,,,,,,,1.5099843343098958e-06,4.963078497567493e-07,0.006580500001291512,4.5008100569876015e-05,0.004327902666166968,0.00022234801983352868,400.0,0.0,2.0,0.0,2.0,0.0,2.0,0.0,3.0,0.0,450.0,0.0,16.0,0.0,1.0,0.0,0.0065056666666666665,4.841831609353386e-05,180000.0,0.0,12800.0,0.0,1600.0,0.0,25600.0,0.0,3.9339113300229656e-07,2.6957699566215164e-05,0.0002091940236823575,0.0002133076702193877,0.00025906019709509565,0.0002666215999905743,-0.00041956901744318503,0.00041624107607624494,0.0004617531997913223,0.0005329863170793973,,,,,,,,,,,,,,,,,,,,,,,,,,,,,,,,,,,,,,,,,,,,,,,,,,,,,,,,,,,,,,,,
diagnosis_controls,conditional,synthetic,diagnosis,known-law error random2:1-2 | circuit,,,,,,,,,,,,,,,,,,,,,,,,,,,,,,,3,"[11, 12, 13]",conditional,,,,,,,,,,,,,,,,,,,,,,,,,,,,,,,,,,,,,,,,,,,,,,,,,,,,,0.1267268158432736,0.02097206037811523,0.3579468501244087,0.02544456743850953,4.46252195791692,1.6613902353265233,0.9469783621094928,0.004438121082277157,0.12671726598708774,0.020955620414015445,0.3579485264057019,0.025449733809458985,4.462497162384692,1.6614175606265473,0.9469782461284827,0.004437291602712055,9.541114171303837e-06,2.37210473980871e-05,0.000212403933207231,0.00021983212261103118,0.0007473627726251783,0.0007777226231927974,-0.03147393735191984,0.025468178333727724,-0.2534440909697402,0.04192781585195625,0.5396216011287182,0.027812698268780058,,,,,,,,,,,,,,,,,,,,,,,,,,,,,,,,,,,,
diagnosis_controls,conditional,synthetic,diagnosis,joint | random2:1-2 | circuit,,,,,,,,,,,,,,,,,,,,,,,,,,,,,,,3,"[11, 12, 13]",conditional,,,,,,,,,,,,,,,,,,,,,,,,,,,,,,,,,,,,,,,,,,,,,,,,,,,,,,,,,,,,,,,,,,,,,,,,,,,,,,,,,0.05000000000000001,8.498374721940739e-18,200.0,0.0,14.44404665629069,0.5727603594615672,14.970017751057943,2.298371243291452,0.041666666666666664,0.0202072594216369,0.049999999999999996,0.009999999999999998,0.49515833333333337,0.011726714515725772,0.5041525766044518,0.0039568491140562064,0.49515833333333337,0.011726714515725772,0.7366666666666667,0.024537386440559084,200.0,0.0,0.0,0.0,0.0,0.0,0.0,0.0,200.0,0.0,190.0,2.0,0.47333333333333333,0.0490747728811182,0.02666666666666667,0.012583057392117916
diagnosis_controls,conditional,synthetic,diagnosis,independent | random2:1-2 | circuit,,,,,,,,,,,,,,,,,,,,,,,,,,,,,,,3,"[11, 12, 13]",conditional,,,,,,,,,,,,,,,,,,,,,,,,,,,,,,,,,,,,,,,,,,,,,,,,,,,,,,,,,,,,,,,,,,,,,,,,,,,,,,,,,0.05000000000000001,8.498374721940739e-18,200.0,0.0,14.444531758626303,0.5720414757025096,14.969605127970377,2.2985090815113662,0.041666666666666664,0.0202072594216369,0.049999999999999996,0.009999999999999998,0.49515833333333337,0.011726714515725772,0.5041497626400634,0.003960025865267248,0.49515833333333337,0.011726714515725772,0.7366666666666667,0.024537386440559084,200.0,0.0,0.0,0.0,0.0,0.0,0.0,0.0,200.0,0.0,190.0,2.0,0.47333333333333333,0.0490747728811182,0.02666666666666667,0.012583057392117916
diagnosis_controls,conditional,synthetic,diagnosis,marginal_max | random2:1-2 | circuit,,,,,,,,,,,,,,,,,,,,,,,,,,,,,,,3,"[11, 12, 13]",conditional,,,,,,,,,,,,,,,,,,,,,,,,,,,,,,,,,,,,,,,,,,,,,,,,,,,,,,,,,,,,,,,,,,,,,,,,,,,,,,,,,0.05000000000000001,8.498374721940739e-18,200.0,0.0,9.148503939310709,0.7217457196380314,12.233685811360678,2.8821913903306835,0.03666666666666667,0.020816659994661327,0.04666666666666667,0.035472994422987944,0.4956875,0.01621571864734953,0.5023836811407566,0.0011231031580584564,0.4956875,0.01621571864734953,0.7366666666666667,0.024537386440559084,200.0,0.0,0.0,0.0,0.0,0.0,0.0,0.0,200.0,0.0,190.66666666666666,7.094598884597588,0.47333333333333333,0.0490747728811182,0.02666666666666667,0.01755942292142123
diagnosis_controls,conditional,synthetic,diagnosis,conditional_max | random2:1-2 | circuit,,,,,,,,,,,,,,,,,,,,,,,,,,,,,,,3,"[11, 12, 13]",conditional,,,,,,,,,,,,,,,,,,,,,,,,,,,,,,,,,,,,,,,,,,,,,,,,,,,,,,,,,,,,,,,,,,,,,,,,,,,,,,,,,0.05000000000000001,8.498374721940739e-18,200.0,0.0,9.148600260416666,0.7219818791971464,12.234144846598307,2.882060418220286,0.03666666666666667,0.020816659994661327,0.04666666666666667,0.035472994422987944,0.4957583333333333,0.016231799101865823,0.5042608419335717,0.0011596739218779394,0.4957583333333333,0.016231799101865823,0.7366666666666667,0.024537386440559084,200.0,0.0,0.0,0.0,0.0,0.0,0.0,0.0,200.0,0.0,190.66666666666666,7.094598884597588,0.47333333333333333,0.0490747728811182,0.02666666666666667,0.01755942292142123
diagnosis_controls,conditional,synthetic,diagnosis,relational_max | random2:1-2 | circuit,,,,,,,,,,,,,,,,,,,,,,,,,,,,,,,3,"[11, 12, 13]",conditional,,,,,,,,,,,,,,,,,,,,,,,,,,,,,,,,,,,,,,,,,,,,,,,,,,,,,,,,,,,,,,,,,,,,,,,,,,,,,,,,,0.05000000000000001,8.498374721940739e-18,200.0,0.0,0.000423431396484375,0.00042510774780316676,0.0012747446695963542,0.001283990753129348,0.04833333333333334,0.025166114784235832,0.06,0.025,0.5281333333333333,0.013782384212585779,0.5358073926502228,0.008190190302241667,0.5281333333333333,0.013782384212585779,0.6116666666666667,0.031057741922640353,200.0,0.0,0.0,0.0,0.0,0.0,200.0,0.0,0.0,0.0,0.0,0.0,,,0.0,0.0
diagnosis_controls,conditional,synthetic,diagnosis,query random2:1-2 | known_law_oracle,,,,,,,,,,,,,,,,,,,,,,,,,,,,,,,3,"[11, 12, 13]",conditional,,,,,,,,,,,0.0,0.0,0.000929819667362608,3.2289092142487876e-05,0.000879819333931664,7.550073405124266e-05,400.0,0.0,2.0,0.0,2.0,0.0,2.0,0.0,3.0,0.0,0.0,0.0,0.0,0.0,1.0,0.0,0.0,0.0,0.0,0.0,0.0,0.0,1600.0,0.0,0.0,0.0,1.4802973661668747e-18,5.185268477743734e-17,7.94919685631612e-16,3.635026844804854e-17,1.2597021420149655e-15,9.620019411629533e-17,-1.7763568394002505e-15,0.0,1.7763568394002505e-15,0.0,,,,,,,,,,,,,,,,,,,,,,,,,,,,,,,,,,,,,,,,,,,,,,,,,,,,,,,,,,,,,,,,
diagnosis_controls,conditional,synthetic,diagnosis,known-law error random2:1-2 | known_law_oracle,,,,,,,,,,,,,,,,,,,,,,,,,,,,,,,3,"[11, 12, 13]",conditional,,,,,,,,,,,,,,,,,,,,,,,,,,,,,,,,,,,,,,,,,,,,,,,,,,,,,0.0,0.0,0.0,0.0,0.0,0.0,1.0,0.0,0.0,0.0,0.0,0.0,0.0,0.0,1.0,7.850462293418876e-17,0.0,0.0,0.0,0.0,0.0,0.0,1.0,0.0,0.0,0.0,0.0,0.0,,,,,,,,,,,,,,,,,,,,,,,,,,,,,,,,,,,,
diagnosis_controls,conditional,synthetic,diagnosis,joint | random2:1-2 | known_law_oracle,,,,,,,,,,,,,,,,,,,,,,,,,,,,,,,3,"[11, 12, 13]",conditional,,,,,,,,,,,,,,,,,,,,,,,,,,,,,,,,,,,,,,,,,,,,,,,,,,,,,,,,,,,,,,,,,,,,,,,,,,,,,,,,,0.05000000000000001,8.498374721940739e-18,200.0,0.0,13.769395103454466,0.5250458619897761,12.63746632738173,2.7513576601755787,0.06,0.02179449471770337,0.05833333333333333,0.023629078131263043,0.4931666666666667,0.002662509780889715,0.4980909744255228,0.008144681189338115,0.4931666666666667,0.002662509780889715,0.735,0.021360009363293814,200.0,0.0,0.0,0.0,0.0,0.0,0.0,0.0,200.0,0.0,188.33333333333334,4.725815626252609,0.47000000000000003,0.042720018726587664,0.03166666666666667,0.017559422921421233
diagnosis_controls,conditional,synthetic,diagnosis,independent | random2:1-2 | known_law_oracle,,,,,,,,,,,,,,,,,,,,,,,,,,,,,,,3,"[11, 12, 13]",conditional,,,,,,,,,,,,,,,,,,,,,,,,,,,,,,,,,,,,,,,,,,,,,,,,,,,,,,,,,,,,,,,,,,,,,,,,,,,,,,,,,0.05000000000000001,8.498374721940739e-18,200.0,0.0,13.769395103454466,0.5250458619897754,12.637466327381732,2.7513576601755827,0.06,0.02179449471770337,0.05833333333333333,0.023629078131263043,0.4931666666666667,0.002662509780889715,0.4980909744255228,0.008144681189338115,0.4931666666666667,0.002662509780889715,0.735,0.021360009363293814,200.0,0.0,0.0,0.0,0.0,0.0,0.0,0.0,200.0,0.0,188.33333333333334,4.725815626252609,0.47000000000000003,0.042720018726587664,0.03166666666666667,0.017559422921421233
diagnosis_controls,conditional,synthetic,diagnosis,marginal_max | random2:1-2 | known_law_oracle,,,,,,,,,,,,,,,,,,,,,,,,,,,,,,,3,"[11, 12, 13]",conditional,,,,,,,,,,,,,,,,,,,,,,,,,,,,,,,,,,,,,,,,,,,,,,,,,,,,,,,,,,,,,,,,,,,,,,,,,,,,,,,,,0.05000000000000001,8.498374721940739e-18,200.0,0.0,8.595289520117367,0.23160424573356572,9.740492913301235,2.249900700533881,0.05666666666666667,0.011547005383792516,0.06,0.008660254037844387,0.49716249999999995,0.013925993007681717,0.4985831780148846,0.005454555969268877,0.49716249999999995,0.013925993007681717,0.735,0.021360009363293814,200.0,0.0,0.0,0.0,0.0,0.0,0.0,0.0,200.0,0.0,188.0,1.7320508075688772,0.47000000000000003,0.042720018726587664,0.03166666666666667,0.014433756729740645
diagnosis_controls,conditional,synthetic,diagnosis,conditional_max | random2:1-2 | known_law_oracle,,,,,,,,,,,,,,,,,,,,,,,,,,,,,,,3,"[11, 12, 13]",conditional,,,,,,,,,,,,,,,,,,,,,,,,,,,,,,,,,,,,,,,,,,,,,,,,,,,,,,,,,,,,,,,,,,,,,,,,,,,,,,,,,0.05000000000000001,8.498374721940739e-18,200.0,0.0,8.59528952011737,0.23160424573356708,9.740492913301232,2.249900700533878,0.05666666666666667,0.011547005383792516,0.06,0.008660254037844387,0.4971625,0.013918754209698497,0.4995009555915573,0.005672695382671846,0.4971625,0.013918754209698497,0.735,0.021360009363293814,200.0,0.0,0.0,0.0,0.0,0.0,0.0,0.0,200.0,0.0,188.0,1.7320508075688772,0.47000000000000003,0.042720018726587664,0.03166666666666667,0.014433756729740645
diagnosis_controls,conditional,synthetic,diagnosis,relational_max | random2:1-2 | known_law_oracle,,,,,,,,,,,,,,,,,,,,,,,,,,,,,,,3,"[11, 12, 13]",conditional,,,,,,,,,,,,,,,,,,,,,,,,,,,,,,,,,,,,,,,,,,,,,,,,,,,,,,,,,,,,,,,,,,,,,,,,,,,,,,,,,0.05000000000000001,8.498374721940739e-18,200.0,0.0,1.4802973661668755e-15,5.127900497022837e-16,1.0066022089934753e-14,2.713429892601387e-15,0.036666666666666674,0.043684474740270526,0.03,0.027838821814150108,0.5153708333333333,0.025369473946720563,0.5101421953922276,0.016325723779503403,0.5153708333333333,0.025369473946720563,0.5183333333333334,0.005773502691896263,200.0,0.0,0.0,0.0,0.0,0.0,200.0,0.0,0.0,0.0,0.0,0.0,,,0.0,0.0
diagnosis_controls,conditional,synthetic,diagnosis,query random3:1-2-3 | circuit,,,,,,,,,,,,,,,,,,,,,,,,,,,,,,,3,"[11, 12, 13]",conditional,,,,,,,,,,,7.947285970052084e-07,2.7530206164819037e-07,0.008866305666742846,0.0037223497339630113,0.005191069666276841,0.001336914968097272,400.0,0.0,1.0,0.0,1.0,0.0,1.0,0.0,3.0,0.0,450.0,0.0,16.0,0.0,1.0,0.0,0.008777,0.003698797236940679,180000.0,0.0,12800.0,0.0,1600.0,0.0,25600.0,0.0,-4.17232518164686e-08,2.2138612769255016e-07,2.4437904263171123e-07,7.84701409548954e-08,3.1850582142093725e-07,3.140736801843074e-08,-6.437301559950962e-07,2.6868409927986597e-07,3.178914388020833e-07,2.753020616481904e-07,,,,,,,,,,,,,,,,,,,,,,,,,,,,,,,,,,,,,,,,,,,,,,,,,,,,,,,,,,,,,,,,
diagnosis_controls,conditional,synthetic,diagnosis,known-law error random3:1-2-3 | circuit,,,,,,,,,,,,,,,,,,,,,,,,,,,,,,,3,"[11, 12, 13]",conditional,,,,,,,,,,,,,,,,,,,,,,,,,,,,,,,,,,,,,,,,,,,,,,,,,,,,,0.12212987217992566,0.038581068618857524,0.3405387218631984,0.0201092631231263,4.462497162384692,1.6614175606265473,0.9546491148401207,0.0064896897021445655,0.12212987217992566,0.038581068618857524,0.3405387218631984,0.0201092631231263,4.462497162384692,1.6614175606265473,0.9546491148401207,0.0064896897021445655,0.0,0.0,0.0,0.0,0.0,0.0,,,-0.12212990794271252,0.03858103172327233,0.34053873577094884,0.020109245707694533,,,,,,,,,,,,,,,,,,,,,,,,,,,,,,,,,,,,
diagnosis_controls,conditional,synthetic,diagnosis,joint | random3:1-2-3 | circuit,,,,,,,,,,,,,,,,,,,,,,,,,,,,,,,3,"[11, 12, 13]",conditional,,,,,,,,,,,,,,,,,,,,,,,,,,,,,,,,,,,,,,,,,,,,,,,,,,,,,,,,,,,,,,,,,,,,,,,,,,,,,,,,,0.05000000000000001,8.498374721940739e-18,200.0,0.0,8.052436351776123,0.649969176642317,12.642190297444662,2.8700871968686226,0.060000000000000005,0.026457513110645904,0.055,0.008660254037844387,0.4887166666666667,0.013351739899104278,0.4994432595413129,0.004445933051334177,0.4887166666666667,0.013351739899104278,,,0.0,0.0,0.0,0.0,200.0,0.0,200.0,0.0,0.0,0.0,0.0,0.0,,,0.0,0.0
diagnosis_controls,conditional,synthetic,diagnosis,independent | random3:1-2-3 | circuit,,,,,,,,,,,,,,,,,,,,,,,,,,,,,,,3,"[11, 12, 13]",conditional,,,,,,,,,,,,,,,,,,,,,,,,,,,,,,,,,,,,,,,,,,,,,,,,,,,,,,,,,,,,,,,,,,,,,,,,,,,,,,,,,0.05000000000000001,8.498374721940739e-18,200.0,0.0,8.052436351776123,0.649969176642317,12.642190297444662,2.870086769580839,0.060000000000000005,0.026457513110645904,0.055,0.008660254037844387,0.4887166666666667,0.013351739899104278,0.4994432595413129,0.004445933051334177,0.4887166666666667,0.013351739899104278,,,0.0,0.0,0.0,0.0,200.0,0.0,200.0,0.0,0.0,0.0,0.0,0.0,,,0.0,0.0
diagnosis_controls,conditional,synthetic,diagnosis,marginal_max | random3:1-2-3 | circuit,,,,,,,,,,,,,,,,,,,,,,,,,,,,,,,3,"[11, 12, 13]",conditional,,,,,,,,,,,,,,,,,,,,,,,,,,,,,,,,,,,,,,,,,,,,,,,,,,,,,,,,,,,,,,,,,,,,,,,,,,,,,,,,,0.05000000000000001,8.498374721940739e-18,200.0,0.0,8.052436351776123,0.649969176642317,12.642190297444662,2.870086769580839,0.060000000000000005,0.026457513110645904,0.055,0.008660254037844387,0.4887166666666667,0.013351739899104278,0.4994432595413129,0.004445933051334177,0.4887166666666667,0.013351739899104278,,,0.0,0.0,0.0,0.0,200.0,0.0,200.0,0.0,0.0,0.0,0.0,0.0,,,0.0,0.0
diagnosis_controls,conditional,synthetic,diagnosis,conditional_max | random3:1-2-3 | circuit,,,,,,,,,,,,,,,,,,,,,,,,,,,,,,,3,"[11, 12, 13]",conditional,,,,,,,,,,,,,,,,,,,,,,,,,,,,,,,,,,,,,,,,,,,,,,,,,,,,,,,,,,,,,,,,,,,,,,,,,,,,,,,,,0.05000000000000001,8.498374721940739e-18,200.0,0.0,8.052436351776123,0.649969176642317,12.642190297444662,2.870086769580839,0.060000000000000005,0.026457513110645904,0.055,0.008660254037844387,0.4887166666666667,0.013351739899104278,0.4994432595413129,0.004445933051334177,0.4887166666666667,0.013351739899104278,,,0.0,0.0,0.0,0.0,200.0,0.0,200.0,0.0,0.0,0.0,0.0,0.0,,,0.0,0.0
diagnosis_controls,conditional,synthetic,diagnosis,relational_max | random3:1-2-3 | circuit,,,,,,,,,,,,,,,,,,,,,,,,,,,,,,,3,"[11, 12, 13]",conditional,,,,,,,,,,,,,,,,,,,,,,,,,,,,,,,,,,,,,,,,,,,,,,,,,,,,,,,,,,,,,,,,,,,,,,,,,,,,,,,,,0.05000000000000001,8.498374721940739e-18,200.0,0.0,0.0,0.0,0.0,0.0,0.0,0.0,0.0,0.0,0.5,0.0,0.5,0.0,0.5,0.0,,,0.0,0.0,0.0,0.0,200.0,0.0,200.0,0.0,0.0,0.0,0.0,0.0,,,0.0,0.0
diagnosis_controls,conditional,synthetic,diagnosis,query random3:1-2-3 | known_law_oracle,,,,,,,,,,,,,,,,,,,,,,,,,,,,,,,3,"[11, 12, 13]",conditional,,,,,,,,,,,0.0,0.0,0.000449347334021392,3.7261903650019404e-05,0.0004288889989159846,2.3830002484871386e-05,400.0,0.0,1.0,0.0,1.0,0.0,1.0,0.0,2.0,0.0,0.0,0.0,0.0,0.0,1.0,0.0,0.0,0.0,0.0,0.0,0.0,0.0,1600.0,0.0,0.0,0.0,0.0,0.0,0.0,0.0,0.0,0.0,0.0,0.0,0.0,0.0,,,,,,,,,,,,,,,,,,,,,,,,,,,,,,,,,,,,,,,,,,,,,,,,,,,,,,,,,,,,,,,,
diagnosis_controls,conditional,synthetic,diagnosis,known-law error random3:1-2-3 | known_law_oracle,,,,,,,,,,,,,,,,,,,,,,,,,,,,,,,3,"[11, 12, 13]",conditional,,,,,,,,,,,,,,,,,,,,,,,,,,,,,,,,,,,,,,,,,,,,,,,,,,,,,0.0,0.0,0.0,0.0,0.0,0.0,1.0,0.0,0.0,0.0,0.0,0.0,0.0,0.0,1.0,0.0,0.0,0.0,0.0,0.0,0.0,0.0,,,0.0,0.0,0.0,0.0,,,,,,,,,,,,,,,,,,,,,,,,,,,,,,,,,,,,
diagnosis_controls,conditional,synthetic,diagnosis,joint | random3:1-2-3 | known_law_oracle,,,,,,,,,,,,,,,,,,,,,,,,,,,,,,,3,"[11, 12, 13]",conditional,,,,,,,,,,,,,,,,,,,,,,,,,,,,,,,,,,,,,,,,,,,,,,,,,,,,,,,,,,,,,,,,,,,,,,,,,,,,,,,,,0.05000000000000001,8.498374721940739e-18,200.0,0.0,7.689895496961474,0.5021001950174577,10.071033718670991,2.3032659569915754,0.06333333333333334,0.020207259421636908,0.06,0.0304138126514911,0.48662500000000003,0.006084868527749771,0.4983624026561697,0.008169094318119742,0.48662500000000003,0.006084868527749771,,,0.0,0.0,0.0,0.0,200.0,0.0,200.0,0.0,0.0,0.0,0.0,0.0,,,0.0,0.0
diagnosis_controls,conditional,synthetic,diagnosis,independent | random3:1-2-3 | known_law_oracle,,,,,,,,,,,,,,,,,,,,,,,,,,,,,,,3,"[11, 12, 13]",conditional,,,,,,,,,,,,,,,,,,,,,,,,,,,,,,,,,,,,,,,,,,,,,,,,,,,,,,,,,,,,,,,,,,,,,,,,,,,,,,,,,0.05000000000000001,8.498374721940739e-18,200.0,0.0,7.689895496961474,0.5021001950174577,10.071033718670991,2.3032659569915754,0.06333333333333334,0.020207259421636908,0.06,0.0304138126514911,0.48662500000000003,0.006084868527749771,0.4983624026561697,0.008169094318119742,0.48662500000000003,0.006084868527749771,,,0.0,0.0,0.0,0.0,200.0,0.0,200.0,0.0,0.0,0.0,0.0,0.0,,,0.0,0.0
diagnosis_controls,conditional,synthetic,diagnosis,marginal_max | random3:1-2-3 | known_law_oracle,,,,,,,,,,,,,,,,,,,,,,,,,,,,,,,3,"[11, 12, 13]",conditional,,,,,,,,,,,,,,,,,,,,,,,,,,,,,,,,,,,,,,,,,,,,,,,,,,,,,,,,,,,,,,,,,,,,,,,,,,,,,,,,,0.05000000000000001,8.498374721940739e-18,200.0,0.0,7.689895496961474,0.5021001950174577,10.071033718670991,2.3032659569915754,0.06333333333333334,0.020207259421636908,0.06,0.0304138126514911,0.48662500000000003,0.006084868527749771,0.4983624026561697,0.008169094318119742,0.48662500000000003,0.006084868527749771,,,0.0,0.0,0.0,0.0,200.0,0.0,200.0,0.0,0.0,0.0,0.0,0.0,,,0.0,0.0
diagnosis_controls,conditional,synthetic,diagnosis,conditional_max | random3:1-2-3 | known_law_oracle,,,,,,,,,,,,,,,,,,,,,,,,,,,,,,,3,"[11, 12, 13]",conditional,,,,,,,,,,,,,,,,,,,,,,,,,,,,,,,,,,,,,,,,,,,,,,,,,,,,,,,,,,,,,,,,,,,,,,,,,,,,,,,,,0.05000000000000001,8.498374721940739e-18,200.0,0.0,7.689895496961474,0.5021001950174577,10.071033718670991,2.3032659569915754,0.06333333333333334,0.020207259421636908,0.06,0.0304138126514911,0.48662500000000003,0.006084868527749771,0.4983624026561697,0.008169094318119742,0.48662500000000003,0.006084868527749771,,,0.0,0.0,0.0,0.0,200.0,0.0,200.0,0.0,0.0,0.0,0.0,0.0,,,0.0,0.0
diagnosis_controls,conditional,synthetic,diagnosis,relational_max | random3:1-2-3 | known_law_oracle,,,,,,,,,,,,,,,,,,,,,,,,,,,,,,,3,"[11, 12, 13]",conditional,,,,,,,,,,,,,,,,,,,,,,,,,,,,,,,,,,,,,,,,,,,,,,,,,,,,,,,,,,,,,,,,,,,,,,,,,,,,,,,,,0.05000000000000001,8.498374721940739e-18,200.0,0.0,0.0,0.0,0.0,0.0,0.0,0.0,0.0,0.0,0.5,0.0,0.5,0.0,0.5,0.0,,,0.0,0.0,0.0,0.0,200.0,0.0,200.0,0.0,0.0,0.0,0.0,0.0,,,0.0,0.0
diagnosis_controls,conditional,synthetic,diagnosis,query bank0:0-1 | circuit,,,,,,,,,,,,,,,,,,,,,,,,,,,,,,,3,"[11, 12, 13]",conditional,,,,,,,,,,,1.7484029134114583e-06,7.283807905444845e-07,0.006758542000170564,0.0003214326501330584,0.004319805332973677,0.00046225874225032105,400.0,0.0,2.0,0.0,2.0,0.0,2.0,0.0,3.0,0.0,450.0,0.0,16.0,0.0,1.0,0.0,0.006683666666666667,0.0003195721097551118,180000.0,0.0,12800.0,0.0,1600.0,0.0,25600.0,0.0,-0.006028674517968587,0.01047232081038236,0.02385522325736626,0.04074300315855957,0.027943343186052516,0.04764604503226439,-0.04896480142876195,0.083574532545314,0.035594160843174905,0.060434487107944856,,,,,,,,,,,,,,,,,,,,,,,,,,,,,,,,,,,,,,,,,,,,,,,,,,,,,,,,,,,,,,,,
diagnosis_controls,conditional,synthetic,diagnosis,known-law error bank0:0-1 | circuit,,,,,,,,,,,,,,,,,,,,,,,,,,,,,,,3,"[11, 12, 13]",conditional,,,,,,,,,,,,,,,,,,,,,,,,,,,,,,,,,,,,,,,,,,,,,,,,,,,,,0.1240639002788535,0.013178851351919691,0.36053277264573896,0.017373843727445583,2.883412827593667,0.4501005035115111,0.9415848201308689,0.002490841889184424,0.11803529020830705,0.0027672328178116926,0.3574038795302055,0.020119432887174882,2.883882989031657,0.4501622386640155,0.9419396742028815,0.0023127702092439906,0.00602860490481055,0.010472355985032124,0.023855255047480265,0.040743011764997276,0.05543613433837802,0.09399722116220864,0.014737588642051854,0.023326466814182226,-0.2420992504891696,0.015906227361715576,0.5372892004554599,0.046147415343716344,,,,,,,,,,,,,,,,,,,,,,,,,,,,,,,,,,,,
diagnosis_controls,conditional,synthetic,diagnosis,joint | bank0:0-1 | circuit,,,,,,,,,,,,,,,,,,,,,,,,,,,,,,,3,"[11, 12, 13]",conditional,,,,,,,,,,,,,,,,,,,,,,,,,,,,,,,,,,,,,,,,,,,,,,,,,,,,,,,,,,,,,,,,,,,,,,,,,,,,,,,,,0.05000000000000001,8.498374721940739e-18,200.0,0.0,14.30750815073649,0.360584410377998,11.88693364461263,1.7486067220399106,0.04833333333333334,0.020207259421636904,0.04833333333333334,0.020207259421636904,0.5,0.0,0.5,0.0,0.5,0.0,,,0.0,0.0,200.0,0.0,0.0,0.0,0.0,0.0,0.0,0.0,0.0,0.0,,,0.0,0.0
diagnosis_controls,conditional,synthetic,diagnosis,independent | bank0:0-1 | circuit,,,,,,,,,,,,,,,,,,,,,,,,,,,,,,,3,"[11, 12, 13]",conditional,,,,,,,,,,,,,,,,,,,,,,,,,,,,,,,,,,,,,,,,,,,,,,,,,,,,,,,,,,,,,,,,,,,,,,,,,,,,,,,,,0.05000000000000001,8.498374721940739e-18,200.0,0.0,14.332035382588705,0.35887636953441354,11.886627197265625,1.7495375598876166,0.04833333333333334,0.020207259421636904,0.04833333333333334,0.020207259421636904,0.5,0.0,0.5,0.0,0.5,0.0,,,0.0,0.0,200.0,0.0,0.0,0.0,0.0,0.0,0.0,0.0,0.0,0.0,,,0.0,0.0
diagnosis_controls,conditional,synthetic,diagnosis,marginal_max | bank0:0-1 | circuit,,,,,,,,,,,,,,,,,,,,,,,,,,,,,,,3,"[11, 12, 13]",conditional,,,,,,,,,,,,,,,,,,,,,,,,,,,,,,,,,,,,,,,,,,,,,,,,,,,,,,,,,,,,,,,,,,,,,,,,,,,,,,,,,0.05000000000000001,8.498374721940739e-18,200.0,0.0,9.28413454691569,0.4435154804666814,9.262482643127441,0.9517178493971347,0.03333333333333333,0.007637626158259733,0.03333333333333333,0.007637626158259733,0.5,0.0,0.5,0.0,0.5,0.0,,,0.0,0.0,200.0,0.0,0.0,0.0,0.0,0.0,0.0,0.0,0.0,0.0,,,0.0,0.0
diagnosis_controls,conditional,synthetic,diagnosis,conditional_max | bank0:0-1 | circuit,,,,,,,,,,,,,,,,,,,,,,,,,,,,,,,3,"[11, 12, 13]",conditional,,,,,,,,,,,,,,,,,,,,,,,,,,,,,,,,,,,,,,,,,,,,,,,,,,,,,,,,,,,,,,,,,,,,,,,,,,,,,,,,,0.05000000000000001,8.498374721940739e-18,200.0,0.0,9.3197021484375,0.3881051285854799,9.263137181599935,0.951084777856505,0.035,0.008660254037844387,0.035,0.008660254037844387,0.5,0.0,0.5,0.0,0.5,0.0,,,0.0,0.0,200.0,0.0,0.0,0.0,0.0,0.0,0.0,0.0,0.0,0.0,,,0.0,0.0
diagnosis_controls,conditional,synthetic,diagnosis,relational_max | bank0:0-1 | circuit,,,,,,,,,,,,,,,,,,,,,,,,,,,,,,,3,"[11, 12, 13]",conditional,,,,,,,,,,,,,,,,,,,,,,,,,,,,,,,,,,,,,,,,,,,,,,,,,,,,,,,,,,,,,,,,,,,,,,,,,,,,,,,,,0.05000000000000001,8.498374721940739e-18,200.0,0.0,0.04953289031982422,0.08440816378115878,0.10959625244140625,0.18618044271912318,0.03166666666666667,0.010408329997330663,0.03166666666666667,0.010408329997330663,0.5,0.0,0.5,3.925231146709438e-17,0.5,0.0,,,0.0,0.0,200.0,0.0,0.0,0.0,0.0,0.0,0.0,0.0,0.0,0.0,,,0.0,0.0
diagnosis_controls,conditional,synthetic,diagnosis,query bank0:0-1 | known_law_oracle,,,,,,,,,,,,,,,,,,,,,,,,,,,,,,,3,"[11, 12, 13]",conditional,,,,,,,,,,,0.0,0.0,0.0009142639998268957,3.8144264214652414e-05,0.0008415556658292189,3.535835852252339e-05,400.0,0.0,2.0,0.0,2.0,0.0,2.0,0.0,3.0,0.0,0.0,0.0,0.0,0.0,1.0,0.0,0.0,0.0,0.0,0.0,0.0,0.0,1600.0,0.0,0.0,0.0,-2.516505522483688e-17,5.185268477743734e-17,7.593925488436071e-16,1.9357399876532522e-17,1.1686291224800061e-15,2.882440024992711e-17,-1.7763568394002505e-15,0.0,1.7763568394002505e-15,0.0,,,,,,,,,,,,,,,,,,,,,,,,,,,,,,,,,,,,,,,,,,,,,,,,,,,,,,,,,,,,,,,,
diagnosis_controls,conditional,synthetic,diagnosis,known-law error bank0:0-1 | known_law_oracle,,,,,,,,,,,,,,,,,,,,,,,,,,,,,,,3,"[11, 12, 13]",conditional,,,,,,,,,,,,,,,,,,,,,,,,,,,,,,,,,,,,,,,,,,,,,,,,,,,,,0.0,0.0,0.0,0.0,0.0,0.0,1.0,7.850462293418876e-17,0.0,0.0,0.0,0.0,0.0,0.0,1.0,7.850462293418876e-17,0.0,0.0,0.0,0.0,0.0,0.0,1.0,0.0,0.0,0.0,0.0,0.0,,,,,,,,,,,,,,,,,,,,,,,,,,,,,,,,,,,,
diagnosis_controls,conditional,synthetic,diagnosis,joint | bank0:0-1 | known_law_oracle,,,,,,,,,,,,,,,,,,,,,,,,,,,,,,,3,"[11, 12, 13]",conditional,,,,,,,,,,,,,,,,,,,,,,,,,,,,,,,,,,,,,,,,,,,,,,,,,,,,,,,,,,,,,,,,,,,,,,,,,,,,,,,,,0.05000000000000001,8.498374721940739e-18,200.0,0.0,13.511334918852015,0.4350604957554901,9.840153456901513,0.9350856217930461,0.06666666666666667,0.03547299442298794,0.06666666666666667,0.03547299442298794,0.5,0.0,0.5,0.0,0.5,0.0,,,0.0,0.0,200.0,0.0,0.0,0.0,0.0,0.0,0.0,0.0,0.0,0.0,,,0.0,0.0
diagnosis_controls,conditional,synthetic,diagnosis,independent | bank0:0-1 | known_law_oracle,,,,,,,,,,,,,,,,,,,,,,,,,,,,,,,3,"[11, 12, 13]",conditional,,,,,,,,,,,,,,,,,,,,,,,,,,,,,,,,,,,,,,,,,,,,,,,,,,,,,,,,,,,,,,,,,,,,,,,,,,,,,,,,,0.05000000000000001,8.498374721940739e-18,200.0,0.0,13.511334918852015,0.43506049575549066,9.840153456901513,0.935085621793047,0.06666666666666667,0.03547299442298794,0.06666666666666667,0.03547299442298794,0.5,0.0,0.5,0.0,0.5,0.0,,,0.0,0.0,200.0,0.0,0.0,0.0,0.0,0.0,0.0,0.0,0.0,0.0,,,0.0,0.0
diagnosis_controls,conditional,synthetic,diagnosis,marginal_max | bank0:0-1 | known_law_oracle,,,,,,,,,,,,,,,,,,,,,,,,,,,,,,,3,"[11, 12, 13]",conditional,,,,,,,,,,,,,,,,,,,,,,,,,,,,,,,,,,,,,,,,,,,,,,,,,,,,,,,,,,,,,,,,,,,,,,,,,,,,,,,,,0.05000000000000001,8.498374721940739e-18,200.0,0.0,8.529904649174943,0.3433197510267786,7.840172232970702,0.9427948684257139,0.05333333333333334,0.01527525231651947,0.05333333333333334,0.01527525231651947,0.5,0.0,0.5,0.0,0.5,0.0,,,0.0,0.0,200.0,0.0,0.0,0.0,0.0,0.0,0.0,0.0,0.0,0.0,,,0.0,0.0
diagnosis_controls,conditional,synthetic,diagnosis,conditional_max | bank0:0-1 | known_law_oracle,,,,,,,,,,,,,,,,,,,,,,,,,,,,,,,3,"[11, 12, 13]",conditional,,,,,,,,,,,,,,,,,,,,,,,,,,,,,,,,,,,,,,,,,,,,,,,,,,,,,,,,,,,,,,,,,,,,,,,,,,,,,,,,,0.05000000000000001,8.498374721940739e-18,200.0,0.0,8.529904649174945,0.34331975102677903,7.8401722329707,0.9427948684257161,0.05333333333333334,0.01527525231651947,0.05333333333333334,0.01527525231651947,0.5,0.0,0.5,0.0,0.5,0.0,,,0.0,0.0,200.0,0.0,0.0,0.0,0.0,0.0,0.0,0.0,0.0,0.0,,,0.0,0.0
diagnosis_controls,conditional,synthetic,diagnosis,relational_max | bank0:0-1 | known_law_oracle,,,,,,,,,,,,,,,,,,,,,,,,,,,,,,,3,"[11, 12, 13]",conditional,,,,,,,,,,,,,,,,,,,,,,,,,,,,,,,,,,,,,,,,,,,,,,,,,,,,,,,,,,,,,,,,,,,,,,,,,,,,,,,,,0.05000000000000001,8.498374721940739e-18,200.0,0.0,1.1842378929335002e-15,5.127900497022837e-16,5.625129991434126e-15,1.3567149463006936e-15,0.055,0.04092676385936225,0.055,0.04092676385936225,0.5,0.0,0.5,3.925231146709438e-17,0.5,0.0,,,0.0,0.0,200.0,0.0,0.0,0.0,0.0,0.0,0.0,0.0,0.0,0.0,,,0.0,0.0
diagnosis_controls,conditional,synthetic,diagnosis,query single_sensor_0 | circuit,,,,,,,,,,,,,,,,,,,,,,,,,,,,,,,3,"[11, 12, 13]",conditional,,,,,,,,,,,7.947285970052084e-07,2.7530206164819037e-07,0.006594694333519631,0.00029307552942135106,0.004300680667559694,0.00022487426703227497,400.0,0.0,1.0,0.0,1.0,0.0,1.0,0.0,3.0,0.0,450.0,0.0,16.0,0.0,1.0,0.0,0.0065060000000000005,0.00027144244325455073,180000.0,0.0,12800.0,0.0,1600.0,0.0,25600.0,0.0,-4.17232518164686e-08,2.2138612769255016e-07,2.4437904263171123e-07,7.84701409548954e-08,3.1850582142093725e-07,3.140736801843074e-08,-6.437301559950962e-07,2.6868409927986597e-07,3.178914388020833e-07,2.753020616481904e-07,,,,,,,,,,,,,,,,,,,,,,,,,,,,,,,,,,,,,,,,,,,,,,,,,,,,,,,,,,,,,,,,
diagnosis_controls,conditional,synthetic,diagnosis,known-law error single_sensor_0 | circuit,,,,,,,,,,,,,,,,,,,,,,,,,,,,,,,3,"[11, 12, 13]",conditional,,,,,,,,,,,,,,,,,,,,,,,,,,,,,,,,,,,,,,,,,,,,,,,,,,,,,0.12212987217992566,0.038581068618857524,0.3405387218631984,0.0201092631231263,4.462497162384692,1.6614175606265473,0.9546491148401207,0.0064896897021445655,0.12212987217992566,0.038581068618857524,0.3405387218631984,0.0201092631231263,4.462497162384692,1.6614175606265473,0.9546491148401207,0.0064896897021445655,0.0,0.0,0.0,0.0,0.0,0.0,,,-0.12212990794271252,0.03858103172327233,0.34053873577094884,0.020109245707694533,,,,,,,,,,,,,,,,,,,,,,,,,,,,,,,,,,,,
diagnosis_controls,conditional,synthetic,diagnosis,joint | single_sensor_0 | circuit,,,,,,,,,,,,,,,,,,,,,,,,,,,,,,,3,"[11, 12, 13]",conditional,,,,,,,,,,,,,,,,,,,,,,,,,,,,,,,,,,,,,,,,,,,,,,,,,,,,,,,,,,,,,,,,,,,,,,,,,,,,,,,,,0.05000000000000001,8.498374721940739e-18,200.0,0.0,8.052436351776123,0.649969176642317,12.642190297444662,2.8700871968686226,0.060000000000000005,0.026457513110645904,0.055,0.008660254037844387,0.4887166666666667,0.013351739899104278,0.4994432595413129,0.004445933051334177,0.4887166666666667,0.013351739899104278,,,0.0,0.0,0.0,0.0,200.0,0.0,200.0,0.0,0.0,0.0,0.0,0.0,,,0.0,0.0
diagnosis_controls,conditional,synthetic,diagnosis,independent | single_sensor_0 | circuit,,,,,,,,,,,,,,,,,,,,,,,,,,,,,,,3,"[11, 12, 13]",conditional,,,,,,,,,,,,,,,,,,,,,,,,,,,,,,,,,,,,,,,,,,,,,,,,,,,,,,,,,,,,,,,,,,,,,,,,,,,,,,,,,0.05000000000000001,8.498374721940739e-18,200.0,0.0,8.052436351776123,0.649969176642317,12.642190297444662,2.870086769580839,0.060000000000000005,0.026457513110645904,0.055,0.008660254037844387,0.4887166666666667,0.013351739899104278,0.4994432595413129,0.004445933051334177,0.4887166666666667,0.013351739899104278,,,0.0,0.0,0.0,0.0,200.0,0.0,200.0,0.0,0.0,0.0,0.0,0.0,,,0.0,0.0
diagnosis_controls,conditional,synthetic,diagnosis,marginal_max | single_sensor_0 | circuit,,,,,,,,,,,,,,,,,,,,,,,,,,,,,,,3,"[11, 12, 13]",conditional,,,,,,,,,,,,,,,,,,,,,,,,,,,,,,,,,,,,,,,,,,,,,,,,,,,,,,,,,,,,,,,,,,,,,,,,,,,,,,,,,0.05000000000000001,8.498374721940739e-18,200.0,0.0,8.052436351776123,0.649969176642317,12.642190297444662,2.870086769580839,0.060000000000000005,0.026457513110645904,0.055,0.008660254037844387,0.4887166666666667,0.013351739899104278,0.4994432595413129,0.004445933051334177,0.4887166666666667,0.013351739899104278,,,0.0,0.0,0.0,0.0,200.0,0.0,200.0,0.0,0.0,0.0,0.0,0.0,,,0.0,0.0
diagnosis_controls,conditional,synthetic,diagnosis,conditional_max | single_sensor_0 | circuit,,,,,,,,,,,,,,,,,,,,,,,,,,,,,,,3,"[11, 12, 13]",conditional,,,,,,,,,,,,,,,,,,,,,,,,,,,,,,,,,,,,,,,,,,,,,,,,,,,,,,,,,,,,,,,,,,,,,,,,,,,,,,,,,0.05000000000000001,8.498374721940739e-18,200.0,0.0,8.052436351776123,0.649969176642317,12.642190297444662,2.870086769580839,0.060000000000000005,0.026457513110645904,0.055,0.008660254037844387,0.4887166666666667,0.013351739899104278,0.4994432595413129,0.004445933051334177,0.4887166666666667,0.013351739899104278,,,0.0,0.0,0.0,0.0,200.0,0.0,200.0,0.0,0.0,0.0,0.0,0.0,,,0.0,0.0
diagnosis_controls,conditional,synthetic,diagnosis,relational_max | single_sensor_0 | circuit,,,,,,,,,,,,,,,,,,,,,,,,,,,,,,,3,"[11, 12, 13]",conditional,,,,,,,,,,,,,,,,,,,,,,,,,,,,,,,,,,,,,,,,,,,,,,,,,,,,,,,,,,,,,,,,,,,,,,,,,,,,,,,,,0.05000000000000001,8.498374721940739e-18,200.0,0.0,0.0,0.0,0.0,0.0,0.0,0.0,0.0,0.0,0.5,0.0,0.5,0.0,0.5,0.0,,,0.0,0.0,0.0,0.0,200.0,0.0,200.0,0.0,0.0,0.0,0.0,0.0,,,0.0,0.0
diagnosis_controls,conditional,synthetic,diagnosis,query single_sensor_0 | known_law_oracle,,,,,,,,,,,,,,,,,,,,,,,,,,,,,,,3,"[11, 12, 13]",conditional,,,,,,,,,,,0.0,0.0,0.00040840266592567787,2.291624808778246e-05,0.0004272220006290202,2.2112365580612347e-05,400.0,0.0,1.0,0.0,1.0,0.0,1.0,0.0,2.0,0.0,0.0,0.0,0.0,0.0,1.0,0.0,0.0,0.0,0.0,0.0,0.0,0.0,1600.0,0.0,0.0,0.0,0.0,0.0,0.0,0.0,0.0,0.0,0.0,0.0,0.0,0.0,,,,,,,,,,,,,,,,,,,,,,,,,,,,,,,,,,,,,,,,,,,,,,,,,,,,,,,,,,,,,,,,
diagnosis_controls,conditional,synthetic,diagnosis,known-law error single_sensor_0 | known_law_oracle,,,,,,,,,,,,,,,,,,,,,,,,,,,,,,,3,"[11, 12, 13]",conditional,,,,,,,,,,,,,,,,,,,,,,,,,,,,,,,,,,,,,,,,,,,,,,,,,,,,,0.0,0.0,0.0,0.0,0.0,0.0,1.0,0.0,0.0,0.0,0.0,0.0,0.0,0.0,1.0,0.0,0.0,0.0,0.0,0.0,0.0,0.0,,,0.0,0.0,0.0,0.0,,,,,,,,,,,,,,,,,,,,,,,,,,,,,,,,,,,,
diagnosis_controls,conditional,synthetic,diagnosis,joint | single_sensor_0 | known_law_oracle,,,,,,,,,,,,,,,,,,,,,,,,,,,,,,,3,"[11, 12, 13]",conditional,,,,,,,,,,,,,,,,,,,,,,,,,,,,,,,,,,,,,,,,,,,,,,,,,,,,,,,,,,,,,,,,,,,,,,,,,,,,,,,,,0.05000000000000001,8.498374721940739e-18,200.0,0.0,7.689895496961474,0.5021001950174577,10.071033718670991,2.3032659569915754,0.06333333333333334,0.020207259421636908,0.06,0.0304138126514911,0.48662500000000003,0.006084868527749771,0.4983624026561697,0.008169094318119742,0.48662500000000003,0.006084868527749771,,,0.0,0.0,0.0,0.0,200.0,0.0,200.0,0.0,0.0,0.0,0.0,0.0,,,0.0,0.0
diagnosis_controls,conditional,synthetic,diagnosis,independent | single_sensor_0 | known_law_oracle,,,,,,,,,,,,,,,,,,,,,,,,,,,,,,,3,"[11, 12, 13]",conditional,,,,,,,,,,,,,,,,,,,,,,,,,,,,,,,,,,,,,,,,,,,,,,,,,,,,,,,,,,,,,,,,,,,,,,,,,,,,,,,,,0.05000000000000001,8.498374721940739e-18,200.0,0.0,7.689895496961474,0.5021001950174577,10.071033718670991,2.3032659569915754,0.06333333333333334,0.020207259421636908,0.06,0.0304138126514911,0.48662500000000003,0.006084868527749771,0.4983624026561697,0.008169094318119742,0.48662500000000003,0.006084868527749771,,,0.0,0.0,0.0,0.0,200.0,0.0,200.0,0.0,0.0,0.0,0.0,0.0,,,0.0,0.0
diagnosis_controls,conditional,synthetic,diagnosis,marginal_max | single_sensor_0 | known_law_oracle,,,,,,,,,,,,,,,,,,,,,,,,,,,,,,,3,"[11, 12, 13]",conditional,,,,,,,,,,,,,,,,,,,,,,,,,,,,,,,,,,,,,,,,,,,,,,,,,,,,,,,,,,,,,,,,,,,,,,,,,,,,,,,,,0.05000000000000001,8.498374721940739e-18,200.0,0.0,7.689895496961474,0.5021001950174577,10.071033718670991,2.3032659569915754,0.06333333333333334,0.020207259421636908,0.06,0.0304138126514911,0.48662500000000003,0.006084868527749771,0.4983624026561697,0.008169094318119742,0.48662500000000003,0.006084868527749771,,,0.0,0.0,0.0,0.0,200.0,0.0,200.0,0.0,0.0,0.0,0.0,0.0,,,0.0,0.0
diagnosis_controls,conditional,synthetic,diagnosis,conditional_max | single_sensor_0 | known_law_oracle,,,,,,,,,,,,,,,,,,,,,,,,,,,,,,,3,"[11, 12, 13]",conditional,,,,,,,,,,,,,,,,,,,,,,,,,,,,,,,,,,,,,,,,,,,,,,,,,,,,,,,,,,,,,,,,,,,,,,,,,,,,,,,,,0.05000000000000001,8.498374721940739e-18,200.0,0.0,7.689895496961474,0.5021001950174577,10.071033718670991,2.3032659569915754,0.06333333333333334,0.020207259421636908,0.06,0.0304138126514911,0.48662500000000003,0.006084868527749771,0.4983624026561697,0.008169094318119742,0.48662500000000003,0.006084868527749771,,,0.0,0.0,0.0,0.0,200.0,0.0,200.0,0.0,0.0,0.0,0.0,0.0,,,0.0,0.0
diagnosis_controls,conditional,synthetic,diagnosis,relational_max | single_sensor_0 | known_law_oracle,,,,,,,,,,,,,,,,,,,,,,,,,,,,,,,3,"[11, 12, 13]",conditional,,,,,,,,,,,,,,,,,,,,,,,,,,,,,,,,,,,,,,,,,,,,,,,,,,,,,,,,,,,,,,,,,,,,,,,,,,,,,,,,,0.05000000000000001,8.498374721940739e-18,200.0,0.0,0.0,0.0,0.0,0.0,0.0,0.0,0.0,0.0,0.5,0.0,0.5,0.0,0.5,0.0,,,0.0,0.0,0.0,0.0,200.0,0.0,200.0,0.0,0.0,0.0,0.0,0.0,,,0.0,0.0
diagnosis_controls,uniform_wide,synthetic,diagnosis,model,7.947285970052083e-08,4.311906181615732e-07,128.0,0.0,113.0,0.0,960.0,0.0,1201.0,0.0,8384.0,0.0,674.6666666666666,24.440403706431145,84.33333333333333,3.055050463303893,58.333333333333336,3.055050463303893,20.451236089070637,0.23903469376699266,12.960010687510172,12.61497872473068,20.030519088109333,0.07903610977118496,0.02,0.0,150.0,0.0,128.0,0.0,3,"[11, 12, 13]",uniform_wide,,,,,,,,,,,,,,,,,,,,,,,,,,,,,,,,,,,,,,,,,,,,,,,,,,,,,,,,,,,,,,,,,,,,,,,,,,,,,,,,,,,,,,,,,,,,,,,,,,,,,,,,,,,,,,,,,,,,
diagnosis_controls,uniform_wide,synthetic,diagnosis,shortcut audit,,,,,,,,,,,,,,,,,,,,,,,,,,,,,,,3,"[11, 12, 13]",uniform_wide,0.48155,0.02226208941227215,0.0,0.0,400.0,0.0,400.0,0.0,10.0,0.0,,,,,,,,,,,,,,,,,,,,,,,,,,,,,,,,,,,,,,,,,,,,,,,,,,,,,,,,,,,,,,,,,,,,,,,,,,,,,,,,,,,,,,,,,,,,,,,,,,,,,,,,,,
diagnosis_controls,uniform_wide,synthetic,diagnosis,query full | circuit,,,,,,,,,,,,,,,,,,,,,,,,,,,,,,,3,"[11, 12, 13]",uniform_wide,,,,,,,,,,,4.3710072835286456e-06,3.6419039527224225e-07,0.025322444333141902,0.0016636820285931369,0.013180777665790325,0.000645035876268095,400.0,0.0,4.0,0.0,4.0,0.0,4.0,0.0,3.0,0.0,1474.0,0.0,32.0,0.0,1.0,0.0,0.025204999999999995,0.0016595912147272889,589600.0,0.0,25600.0,0.0,1600.0,0.0,51200.0,0.0,-0.006284147973322736,0.01087975655652936,0.029598439534311183,0.05068012716065414,0.03631719926488586,0.06209233551248477,-0.059933882943975426,0.10264044699641665,0.02792765398044139,0.04698245428839147,,,,,,,,,,,,,,,,,,,,,,,,,,,,,,,,,,,,,,,,,,,,,,,,,,,,,,,,,,,,,,,,
diagnosis_controls,uniform_wide,synthetic,diagnosis,known-law error full | circuit,,,,,,,,,,,,,,,,,,,,,,,,,,,,,,,3,"[11, 12, 13]",uniform_wide,,,,,,,,,,,,,,,,,,,,,,,,,,,,,,,,,,,,,,,,,,,,,,,,,,,,,0.12664638511865745,0.033868152541666564,0.34996928253881876,0.036705831903276066,4.368417022450814,1.5755268899328676,0.9481597573208272,0.011679050707236386,0.12350997276633328,0.0366313327984255,0.34730311033370737,0.03953078432696704,4.3684297381083645,1.5755310924175623,0.948569012682755,0.012051180018751965,0.0031364234288539954,0.0054492587762261435,0.014827013015747062,0.025352081794613388,0.11708005269368726,0.1983099325721512,0.00018924006012958788,0.022200651179747965,-0.5003128183893102,0.140686843525503,0.8178371003863867,0.15483378763141653,,,,,,,,,,,,,,,,,,,,,,,,,,,,,,,,,,,,
diagnosis_controls,uniform_wide,synthetic,diagnosis,joint | full | circuit,,,,,,,,,,,,,,,,,,,,,,,,,,,,,,,3,"[11, 12, 13]",uniform_wide,,,,,,,,,,,,,,,,,,,,,,,,,,,,,,,,,,,,,,,,,,,,,,,,,,,,,,,,,,,,,,,,,,,,,,,,,,,,,,,,,0.05000000000000001,8.498374721940739e-18,200.0,0.0,26.19390805562337,1.2443625106065532,16.52342923482259,1.39724640903287,0.04833333333333334,0.012583057392117913,0.06,0.027838821814150108,0.4981,0.0014596660576995085,0.5013009243049211,0.0023612475730173184,0.4981,0.0014596660576995085,0.5205555555555555,0.0017347216662217996,200.0,0.0,0.0,0.0,0.0,0.0,0.0,0.0,200.0,0.0,188.0,5.5677643628300215,0.24833333333333332,0.02081665999466133,0.013333333333333334,0.005773502691896258
diagnosis_controls,uniform_wide,synthetic,diagnosis,independent | full | circuit,,,,,,,,,,,,,,,,,,,,,,,,,,,,,,,3,"[11, 12, 13]",uniform_wide,,,,,,,,,,,,,,,,,,,,,,,,,,,,,,,,,,,,,,,,,,,,,,,,,,,,,,,,,,,,,,,,,,,,,,,,,,,,,,,,,0.05000000000000001,8.498374721940739e-18,200.0,0.0,26.213285446166992,1.2116603627453895,16.529105186462402,1.3987480726795376,0.04833333333333334,0.012583057392117913,0.06,0.027838821814150108,0.4981416666666667,0.0014977761292440691,0.5017112459363183,0.0030174766987707113,0.4981416666666667,0.0014977761292440691,0.5209722222222222,0.0016839382851364518,200.0,0.0,0.0,0.0,0.0,0.0,0.0,0.0,200.0,0.0,188.0,5.5677643628300215,0.24833333333333332,0.02081665999466133,0.013333333333333334,0.005773502691896258
diagnosis_controls,uniform_wide,synthetic,diagnosis,marginal_max | full | circuit,,,,,,,,,,,,,,,,,,,,,,,,,,,,,,,3,"[11, 12, 13]",uniform_wide,,,,,,,,,,,,,,,,,,,,,,,,,,,,,,,,,,,,,,,,,,,,,,,,,,,,,,,,,,,,,,,,,,,,,,,,,,,,,,,,,0.05000000000000001,8.498374721940739e-18,200.0,0.0,9.82614771525065,0.7157029020093828,11.024699211120605,2.723972665146261,0.06,0.005000000000000001,0.06833333333333334,0.012583057392117916,0.49815000000000004,0.005303669130894184,0.5015320958339794,0.004741036805220664,0.49815000000000004,0.005303669130894184,0.5209722222222222,0.0016839382851364518,200.0,0.0,0.0,0.0,0.0,0.0,0.0,0.0,200.0,0.0,186.33333333333334,2.5166114784235836,0.24833333333333332,0.02081665999466133,0.023333333333333334,0.012583057392117916
diagnosis_controls,uniform_wide,synthetic,diagnosis,conditional_max | full | circuit,,,,,,,,,,,,,,,,,,,,,,,,,,,,,,,3,"[11, 12, 13]",uniform_wide,,,,,,,,,,,,,,,,,,,,,,,,,,,,,,,,,,,,,,,,,,,,,,,,,,,,,,,,,,,,,,,,,,,,,,,,,,,,,,,,,0.05000000000000001,8.498374721940739e-18,200.0,0.0,9.884503046671549,0.6230182918102718,11.038141250610352,2.7063993355004774,0.056666666666666664,0.0028867513459481273,0.06666666666666667,0.010408329997330663,0.4982458333333333,0.005307635027329318,0.5038117073559741,0.004686164508513415,0.4982458333333333,0.005307635027329318,0.5205555555555555,0.0017347216662217996,200.0,0.0,0.0,0.0,0.0,0.0,0.0,0.0,200.0,0.0,186.66666666666666,2.081665999466133,0.24833333333333332,0.02081665999466133,0.023333333333333334,0.012583057392117916
diagnosis_controls,uniform_wide,synthetic,diagnosis,relational_max | full | circuit,,,,,,,,,,,,,,,,,,,,,,,,,,,,,,,3,"[11, 12, 13]",uniform_wide,,,,,,,,,,,,,,,,,,,,,,,,,,,,,,,,,,,,,,,,,,,,,,,,,,,,,,,,,,,,,,,,,,,,,,,,,,,,,,,,,0.05000000000000001,8.498374721940739e-18,200.0,0.0,0.061297098795572914,0.10491206623797658,0.07287025451660156,0.12326951363172457,0.041666666666666664,0.01607275126832159,0.04,0.0049999999999999975,0.5083791666666667,0.0331483534030475,0.5126192883518806,0.02252012399210427,0.5083791666666667,0.0331483534030475,0.4955555555555555,0.017855191692344556,200.0,0.0,0.0,0.0,0.0,0.0,172.33333333333334,47.92007234273893,27.666666666666668,47.92007234273893,25.666666666666668,44.45597072760118,0.1686746987951807,0.0,0.0,0.0
diagnosis_controls,uniform_wide,synthetic,diagnosis,query full | known_law_oracle,,,,,,,,,,,,,,,,,,,,,,,,,,,,,,,3,"[11, 12, 13]",uniform_wide,,,,,,,,,,,0.0,0.0,0.0016209583336603828,0.00011352092788727001,0.0014455003329203464,2.9396709958373037e-05,400.0,0.0,4.0,0.0,4.0,0.0,4.0,0.0,5.0,0.0,0.0,0.0,0.0,0.0,1.0,0.0,0.0,0.0,0.0,0.0,0.0,0.0,1600.0,0.0,0.0,0.0,-7.105427357601002e-17,1.0805156823142816e-16,1.3559523874088578e-15,1.4897411453073922e-16,2.1872322410349084e-15,1.2232396861929305e-16,-3.552713678800501e-15,0.0,3.552713678800501e-15,0.0,,,,,,,,,,,,,,,,,,,,,,,,,,,,,,,,,,,,,,,,,,,,,,,,,,,,,,,,,,,,,,,,
diagnosis_controls,uniform_wide,synthetic,diagnosis,known-law error full | known_law_oracle,,,,,,,,,,,,,,,,,,,,,,,,,,,,,,,3,"[11, 12, 13]",uniform_wide,,,,,,,,,,,,,,,,,,,,,,,,,,,,,,,,,,,,,,,,,,,,,,,,,,,,,0.0,0.0,0.0,0.0,0.0,0.0,1.0,7.850462293418876e-17,0.0,0.0,0.0,0.0,0.0,0.0,1.0,7.850462293418876e-17,0.0,0.0,0.0,0.0,0.0,0.0,1.0,1.5700924586837752e-16,0.0,0.0,0.0,0.0,,,,,,,,,,,,,,,,,,,,,,,,,,,,,,,,,,,,
diagnosis_controls,uniform_wide,synthetic,diagnosis,joint | full | known_law_oracle,,,,,,,,,,,,,,,,,,,,,,,,,,,,,,,3,"[11, 12, 13]",uniform_wide,,,,,,,,,,,,,,,,,,,,,,,,,,,,,,,,,,,,,,,,,,,,,,,,,,,,,,,,,,,,,,,,,,,,,,,,,,,,,,,,,0.05000000000000001,8.498374721940739e-18,200.0,0.0,25.123579209597313,0.8029984373828893,17.044397970706715,2.1083751073729076,0.06166666666666667,0.03752776749732568,0.06666666666666667,0.03214550253664318,0.495175,0.009931232300173022,0.5004042151936351,0.002741286964361124,0.495175,0.009931232300173022,0.5191666666666667,0.02036131953811768,200.0,0.0,0.0,0.0,0.0,0.0,0.0,0.0,200.0,0.0,186.66666666666666,6.429100507328636,0.24666666666666667,0.022546248764114478,0.02,0.005000000000000001
diagnosis_controls,uniform_wide,synthetic,diagnosis,independent | full | known_law_oracle,,,,,,,,,,,,,,,,,,,,,,,,,,,,,,,3,"[11, 12, 13]",uniform_wide,,,,,,,,,,,,,,,,,,,,,,,,,,,,,,,,,,,,,,,,,,,,,,,,,,,,,,,,,,,,,,,,,,,,,,,,,,,,,,,,,0.05000000000000001,8.498374721940739e-18,200.0,0.0,25.123579209597313,0.8029984373828913,17.044397970706715,2.108375107372908,0.06166666666666667,0.03752776749732568,0.06666666666666667,0.03214550253664318,0.495175,0.009931232300173022,0.5004042151936351,0.002741286964361124,0.495175,0.009931232300173022,0.5191666666666667,0.02036131953811768,200.0,0.0,0.0,0.0,0.0,0.0,0.0,0.0,200.0,0.0,186.66666666666666,6.429100507328636,0.24666666666666667,0.022546248764114478,0.02,0.005000000000000001
diagnosis_controls,uniform_wide,synthetic,diagnosis,marginal_max | full | known_law_oracle,,,,,,,,,,,,,,,,,,,,,,,,,,,,,,,3,"[11, 12, 13]",uniform_wide,,,,,,,,,,,,,,,,,,,,,,,,,,,,,,,,,,,,,,,,,,,,,,,,,,,,,,,,,,,,,,,,,,,,,,,,,,,,,,,,,0.05000000000000001,8.498374721940739e-18,200.0,0.0,9.534260679629464,0.5096828622100442,9.419955147727025,2.0038181239108432,0.06833333333333334,0.007637626158259734,0.06333333333333334,0.016072751268321594,0.49613749999999995,0.005834447810204524,0.4981638992130874,0.007072901242308277,0.49613749999999995,0.005834447810204524,0.5191666666666667,0.02036131953811768,200.0,0.0,0.0,0.0,0.0,0.0,0.0,0.0,200.0,0.0,187.33333333333334,3.2145502536643185,0.24666666666666667,0.022546248764114478,0.013333333333333334,0.011547005383792516
diagnosis_controls,uniform_wide,synthetic,diagnosis,conditional_max | full | known_law_oracle,,,,,,,,,,,,,,,,,,,,,,,,,,,,,,,3,"[11, 12, 13]",uniform_wide,,,,,,,,,,,,,,,,,,,,,,,,,,,,,,,,,,,,,,,,,,,,,,,,,,,,,,,,,,,,,,,,,,,,,,,,,,,,,,,,,0.05000000000000001,8.498374721940739e-18,200.0,0.0,9.534260679629464,0.5096828622100421,9.419955147727027,2.0038181239108415,0.06833333333333334,0.007637626158259734,0.06333333333333334,0.016072751268321594,0.49618333333333337,0.005731005765424863,0.49909067103859645,0.006926249550799064,0.49618333333333337,0.005731005765424863,0.5191666666666667,0.02036131953811768,200.0,0.0,0.0,0.0,0.0,0.0,0.0,0.0,200.0,0.0,187.33333333333334,3.2145502536643185,0.24666666666666667,0.022546248764114478,0.013333333333333334,0.011547005383792516
diagnosis_controls,uniform_wide,synthetic,diagnosis,relational_max | full | known_law_oracle,,,,,,,,,,,,,,,,,,,,,,,,,,,,,,,3,"[11, 12, 13]",uniform_wide,,,,,,,,,,,,,,,,,,,,,,,,,,,,,,,,,,,,,,,,,,,,,,,,,,,,,,,,,,,,,,,,,,,,,,,,,,,,,,,,,0.05000000000000001,8.498374721940739e-18,200.0,0.0,2.960594732333751e-15,5.127900497022838e-16,7.697546304067751e-15,5.127900497022837e-16,0.043333333333333335,0.020816659994661327,0.055000000000000014,0.0360555127546399,0.49685833333333335,0.03547310674417076,0.503320472520619,0.017195342160496938,0.49685833333333335,0.03547310674417076,0.43069444444444444,0.007742977702647969,200.0,0.0,0.0,0.0,0.0,0.0,200.0,0.0,0.0,0.0,0.0,0.0,,,0.0,0.0
diagnosis_controls,uniform_wide,synthetic,diagnosis,query random1:0 | circuit,,,,,,,,,,,,,,,,,,,,,,,,,,,,,,,3,"[11, 12, 13]",uniform_wide,,,,,,,,,,,3.6557515462239585e-06,1.3765103082409519e-06,0.02515113900032399,0.0015609894752163015,0.013510805998521391,0.0008277399994113814,400.0,0.0,3.0,0.0,3.0,0.0,3.0,0.0,3.0,0.0,1474.0,0.0,32.0,0.0,1.0,0.0,0.025029666666666662,0.0015555270275161835,589600.0,0.0,25600.0,0.0,1600.0,0.0,51200.0,0.0,-0.006276419857992248,0.010896080356296023,0.029416830340778688,0.05081927045041208,0.03609002852317644,0.062266832867751774,-0.059579929710404635,0.10299370794797252,0.027459383508054696,0.04720794003082856,,,,,,,,,,,,,,,,,,,,,,,,,,,,,,,,,,,,,,,,,,,,,,,,,,,,,,,,,,,,,,,,
diagnosis_controls,uniform_wide,synthetic,diagnosis,known-law error random1:0 | circuit,,,,,,,,,,,,,,,,,,,,,,,,,,,,,,,3,"[11, 12, 13]",uniform_wide,,,,,,,,,,,,,,,,,,,,,,,,,,,,,,,,,,,,,,,,,,,,,,,,,,,,,0.12795622592643605,0.030160256263119457,0.35689984820346576,0.037820360678536,4.148783154125771,1.2634380944854087,0.9446114185494959,0.01198216090951092,0.12377202913637741,0.03484770986226342,0.35334178010192613,0.041890734990859796,4.148801273937784,1.2634396523043794,0.9451853159181872,0.012494018388304724,0.004184196260239545,0.007263834605829889,0.019612420399983874,0.033879923752619376,0.11615816752116033,0.19896452756375885,-0.07838386429964705,0.06689057403817493,-0.37759250577715314,0.09715623424216842,0.6831440566934693,0.11586498516373823,,,,,,,,,,,,,,,,,,,,,,,,,,,,,,,,,,,,
diagnosis_controls,uniform_wide,synthetic,diagnosis,joint | random1:0 | circuit,,,,,,,,,,,,,,,,,,,,,,,,,,,,,,,3,"[11, 12, 13]",uniform_wide,,,,,,,,,,,,,,,,,,,,,,,,,,,,,,,,,,,,,,,,,,,,,,,,,,,,,,,,,,,,,,,,,,,,,,,,,,,,,,,,,0.05000000000000001,8.498374721940739e-18,200.0,0.0,19.69917360941569,0.46403043948703754,15.007610321044922,1.3069820093007531,0.08,0.03905124837953328,0.08,0.03905124837953328,0.5,0.0,0.5,0.0,0.5,0.0,,,0.0,0.0,200.0,0.0,0.0,0.0,0.0,0.0,0.0,0.0,0.0,0.0,,,0.0,0.0
diagnosis_controls,uniform_wide,synthetic,diagnosis,independent | random1:0 | circuit,,,,,,,,,,,,,,,,,,,,,,,,,,,,,,,3,"[11, 12, 13]",uniform_wide,,,,,,,,,,,,,,,,,,,,,,,,,,,,,,,,,,,,,,,,,,,,,,,,,,,,,,,,,,,,,,,,,,,,,,,,,,,,,,,,,0.05000000000000001,8.498374721940739e-18,200.0,0.0,19.72259012858073,0.4498288324289819,14.997323036193848,1.2940892664765196,0.08,0.03905124837953328,0.08,0.03905124837953328,0.5,0.0,0.5,0.0,0.5,0.0,,,0.0,0.0,200.0,0.0,0.0,0.0,0.0,0.0,0.0,0.0,0.0,0.0,,,0.0,0.0
diagnosis_controls,uniform_wide,synthetic,diagnosis,marginal_max | random1:0 | circuit,,,,,,,,,,,,,,,,,,,,,,,,,,,,,,,3,"[11, 12, 13]",uniform_wide,,,,,,,,,,,,,,,,,,,,,,,,,,,,,,,,,,,,,,,,,,,,,,,,,,,,,,,,,,,,,,,,,,,,,,,,,,,,,,,,,0.05000000000000001,8.498374721940739e-18,200.0,0.0,9.564411481221518,0.5969555209232339,10.731518745422363,1.9586422184783017,0.05333333333333334,0.0028867513459481273,0.05333333333333334,0.0028867513459481273,0.5,0.0,0.5,0.0,0.5,0.0,,,0.0,0.0,200.0,0.0,0.0,0.0,0.0,0.0,0.0,0.0,0.0,0.0,,,0.0,0.0
diagnosis_controls,uniform_wide,synthetic,diagnosis,conditional_max | random1:0 | circuit,,,,,,,,,,,,,,,,,,,,,,,,,,,,,,,3,"[11, 12, 13]",uniform_wide,,,,,,,,,,,,,,,,,,,,,,,,,,,,,,,,,,,,,,,,,,,,,,,,,,,,,,,,,,,,,,,,,,,,,,,,,,,,,,,,,0.05000000000000001,8.498374721940739e-18,200.0,0.0,9.564407348632812,0.5969513970164945,10.744964599609375,1.9372763353580122,0.051666666666666666,0.0028867513459481273,0.051666666666666666,0.0028867513459481273,0.5,0.0,0.5,0.0,0.5,0.0,,,0.0,0.0,200.0,0.0,0.0,0.0,0.0,0.0,0.0,0.0,0.0,0.0,,,0.0,0.0
diagnosis_controls,uniform_wide,synthetic,diagnosis,relational_max | random1:0 | circuit,,,,,,,,,,,,,,,,,,,,,,,,,,,,,,,3,"[11, 12, 13]",uniform_wide,,,,,,,,,,,,,,,,,,,,,,,,,,,,,,,,,,,,,,,,,,,,,,,,,,,,,,,,,,,,,,,,,,,,,,,,,,,,,,,,,0.05000000000000001,8.498374721940739e-18,200.0,0.0,0.060914039611816406,0.10522379059017326,0.07189718882242839,0.12358072725120893,0.04,0.013228756555322954,0.04,0.013228756555322954,0.5,0.0,0.5,0.0,0.5,0.0,,,0.0,0.0,200.0,0.0,0.0,0.0,0.0,0.0,0.0,0.0,0.0,0.0,,,0.0,0.0
diagnosis_controls,uniform_wide,synthetic,diagnosis,query random1:0 | known_law_oracle,,,,,,,,,,,,,,,,,,,,,,,,,,,,,,,3,"[11, 12, 13]",uniform_wide,,,,,,,,,,,0.0,0.0,0.0013273053336888552,5.138207409149587e-05,0.0011940696676902007,9.219827021118481e-05,400.0,0.0,3.0,0.0,3.0,0.0,3.0,0.0,4.0,0.0,0.0,0.0,0.0,0.0,1.0,0.0,0.0,0.0,0.0,0.0,0.0,0.0,1600.0,0.0,0.0,0.0,-8.052817671947803e-16,1.6906525406631609e-16,1.0954200509634876e-15,7.65758843379746e-17,1.7506064265808513e-15,1.3584626236046136e-16,-3.552713678800501e-15,0.0,1.1842378929335002e-15,2.051160198809135e-15,,,,,,,,,,,,,,,,,,,,,,,,,,,,,,,,,,,,,,,,,,,,,,,,,,,,,,,,,,,,,,,,
diagnosis_controls,uniform_wide,synthetic,diagnosis,known-law error random1:0 | known_law_oracle,,,,,,,,,,,,,,,,,,,,,,,,,,,,,,,3,"[11, 12, 13]",uniform_wide,,,,,,,,,,,,,,,,,,,,,,,,,,,,,,,,,,,,,,,,,,,,,,,,,,,,,0.0,0.0,0.0,0.0,0.0,0.0,1.0,7.850462293418876e-17,0.0,0.0,0.0,0.0,0.0,0.0,1.0,7.850462293418876e-17,0.0,0.0,0.0,0.0,0.0,0.0,1.0,0.0,0.0,0.0,0.0,0.0,,,,,,,,,,,,,,,,,,,,,,,,,,,,,,,,,,,,
diagnosis_controls,uniform_wide,synthetic,diagnosis,joint | random1:0 | known_law_oracle,,,,,,,,,,,,,,,,,,,,,,,,,,,,,,,3,"[11, 12, 13]",uniform_wide,,,,,,,,,,,,,,,,,,,,,,,,,,,,,,,,,,,,,,,,,,,,,,,,,,,,,,,,,,,,,,,,,,,,,,,,,,,,,,,,,0.05000000000000001,8.498374721940739e-18,200.0,0.0,19.29980858508487,0.2907926582450536,12.460575795018181,0.5139552780926636,0.06333333333333334,0.036170890690351176,0.06333333333333334,0.036170890690351176,0.5,0.0,0.5,0.0,0.5,0.0,,,0.0,0.0,200.0,0.0,0.0,0.0,0.0,0.0,0.0,0.0,0.0,0.0,,,0.0,0.0
diagnosis_controls,uniform_wide,synthetic,diagnosis,independent | random1:0 | known_law_oracle,,,,,,,,,,,,,,,,,,,,,,,,,,,,,,,3,"[11, 12, 13]",uniform_wide,,,,,,,,,,,,,,,,,,,,,,,,,,,,,,,,,,,,,,,,,,,,,,,,,,,,,,,,,,,,,,,,,,,,,,,,,,,,,,,,,0.05000000000000001,8.498374721940739e-18,200.0,0.0,19.29980858508487,0.29079265824505296,12.460575795018181,0.5139552780926618,0.06333333333333334,0.036170890690351176,0.06333333333333334,0.036170890690351176,0.5,0.0,0.5,0.0,0.5,0.0,,,0.0,0.0,200.0,0.0,0.0,0.0,0.0,0.0,0.0,0.0,0.0,0.0,,,0.0,0.0
diagnosis_controls,uniform_wide,synthetic,diagnosis,marginal_max | random1:0 | known_law_oracle,,,,,,,,,,,,,,,,,,,,,,,,,,,,,,,3,"[11, 12, 13]",uniform_wide,,,,,,,,,,,,,,,,,,,,,,,,,,,,,,,,,,,,,,,,,,,,,,,,,,,,,,,,,,,,,,,,,,,,,,,,,,,,,,,,,0.05000000000000001,8.498374721940739e-18,200.0,0.0,8.943559558715588,0.1510144337961069,8.295845016820818,0.8547720703698442,0.07,0.025980762113533163,0.07,0.025980762113533163,0.5,0.0,0.5,0.0,0.5,0.0,,,0.0,0.0,200.0,0.0,0.0,0.0,0.0,0.0,0.0,0.0,0.0,0.0,,,0.0,0.0
diagnosis_controls,uniform_wide,synthetic,diagnosis,conditional_max | random1:0 | known_law_oracle,,,,,,,,,,,,,,,,,,,,,,,,,,,,,,,3,"[11, 12, 13]",uniform_wide,,,,,,,,,,,,,,,,,,,,,,,,,,,,,,,,,,,,,,,,,,,,,,,,,,,,,,,,,,,,,,,,,,,,,,,,,,,,,,,,,0.05000000000000001,8.498374721940739e-18,200.0,0.0,8.943559558715588,0.15101443379610804,8.295845016820817,0.8547720703698464,0.07,0.025980762113533163,0.07,0.025980762113533163,0.5,0.0,0.5,0.0,0.5,0.0,,,0.0,0.0,200.0,0.0,0.0,0.0,0.0,0.0,0.0,0.0,0.0,0.0,,,0.0,0.0
diagnosis_controls,uniform_wide,synthetic,diagnosis,relational_max | random1:0 | known_law_oracle,,,,,,,,,,,,,,,,,,,,,,,,,,,,,,,3,"[11, 12, 13]",uniform_wide,,,,,,,,,,,,,,,,,,,,,,,,,,,,,,,,,,,,,,,,,,,,,,,,,,,,,,,,,,,,,,,,,,,,,,,,,,,,,,,,,0.05000000000000001,8.498374721940739e-18,200.0,0.0,3.552713678800501e-15,8.881784197001252e-16,7.697546304067751e-15,5.127900497022837e-16,0.06333333333333334,0.03013856886670854,0.06333333333333334,0.03013856886670854,0.5,0.0,0.5,0.0,0.5,0.0,,,0.0,0.0,200.0,0.0,0.0,0.0,0.0,0.0,0.0,0.0,0.0,0.0,,,0.0,0.0
diagnosis_controls,uniform_wide,synthetic,diagnosis,query random2:1-2 | circuit,,,,,,,,,,,,,,,,,,,,,,,,,,,,,,,3,"[11, 12, 13]",uniform_wide,,,,,,,,,,,2.5431315104166665e-06,7.283807905444844e-07,0.02528755533300379,0.000737109008880186,0.016122166667628335,0.005602788867121033,400.0,0.0,2.0,0.0,2.0,0.0,2.0,0.0,3.0,0.0,1474.0,0.0,32.0,0.0,1.0,0.0,0.025169999999999998,0.0007462633583394016,589600.0,0.0,25600.0,0.0,1600.0,0.0,51200.0,0.0,1.2437502056409737e-06,2.466394119249383e-06,1.2260277912901074e-05,1.1380713152378949e-05,1.6336790925682482e-05,1.4887455281281005e-05,-2.6718775188783184e-05,2.3897122892099846e-05,2.6194253829695906e-05,2.8216284972143128e-05,,,,,,,,,,,,,,,,,,,,,,,,,,,,,,,,,,,,,,,,,,,,,,,,,,,,,,,,,,,,,,,,
diagnosis_controls,uniform_wide,synthetic,diagnosis,known-law error random2:1-2 | circuit,,,,,,,,,,,,,,,,,,,,,,,,,,,,,,,3,"[11, 12, 13]",uniform_wide,,,,,,,,,,,,,,,,,,,,,,,,,,,,,,,,,,,,,,,,,,,,,,,,,,,,,0.11432507747778237,0.028390636999861354,0.3278036014252648,0.012765436288195528,3.9471028094312928,1.728257460484653,0.9539447271650011,0.007677036292917787,0.11432677134244586,0.028391717971882148,0.32780325760580564,0.012766292441626798,3.9470983589511484,1.7282626265764236,0.9539448621104349,0.007677106595692455,-1.6943613688572927e-06,2.9459085604577914e-06,1.271684964502584e-05,1.1598708144000314e-05,8.86917114254852e-05,6.29063704840376e-05,-0.009015036727150915,0.09921354074533274,-0.22865195461847268,0.05678240972024739,0.4963855707130474,0.02351735197692735,,,,,,,,,,,,,,,,,,,,,,,,,,,,,,,,,,,,
diagnosis_controls,uniform_wide,synthetic,diagnosis,joint | random2:1-2 | circuit,,,,,,,,,,,,,,,,,,,,,,,,,,,,,,,3,"[11, 12, 13]",uniform_wide,,,,,,,,,,,,,,,,,,,,,,,,,,,,,,,,,,,,,,,,,,,,,,,,,,,,,,,,,,,,,,,,,,,,,,,,,,,,,,,,,0.05000000000000001,8.498374721940739e-18,200.0,0.0,14.11675230662028,0.14969077298553207,14.69553311665853,2.434378308840535,0.06,0.01802775637731995,0.055,0.0049999999999999975,0.49346666666666666,0.004631774318048464,0.5025597229813924,0.0027060904585259576,0.49346666666666666,0.004631774318048464,0.7391666666666667,0.022407216099581257,200.0,0.0,0.0,0.0,0.0,0.0,0.0,0.0,200.0,0.0,189.0,1.0,0.47833333333333333,0.044814432199162514,0.024999999999999998,0.004999999999999999
diagnosis_controls,uniform_wide,synthetic,diagnosis,independent | random2:1-2 | circuit,,,,,,,,,,,,,,,,,,,,,,,,,,,,,,,3,"[11, 12, 13]",uniform_wide,,,,,,,,,,,,,,,,,,,,,,,,,,,,,,,,,,,,,,,,,,,,,,,,,,,,,,,,,,,,,,,,,,,,,,,,,,,,,,,,,0.05000000000000001,8.498374721940739e-18,200.0,0.0,14.116775194803873,0.14970403732384974,14.69554615020752,2.4343502164754787,0.06,0.01802775637731995,0.055,0.0049999999999999975,0.49346666666666666,0.004631774318048464,0.5025597229813924,0.0027060904585259576,0.49346666666666666,0.004631774318048464,0.7391666666666667,0.022407216099581257,200.0,0.0,0.0,0.0,0.0,0.0,0.0,0.0,200.0,0.0,189.0,1.0,0.47833333333333333,0.044814432199162514,0.024999999999999998,0.004999999999999999
diagnosis_controls,uniform_wide,synthetic,diagnosis,marginal_max | random2:1-2 | circuit,,,,,,,,,,,,,,,,,,,,,,,,,,,,,,,3,"[11, 12, 13]",uniform_wide,,,,,,,,,,,,,,,,,,,,,,,,,,,,,,,,,,,,,,,,,,,,,,,,,,,,,,,,,,,,,,,,,,,,,,,,,,,,,,,,,0.05000000000000001,8.498374721940739e-18,200.0,0.0,8.981512387593588,0.5720270693261116,11.744357426961264,2.9262392393698002,0.03833333333333333,0.01892969448600091,0.045000000000000005,0.02179449471770337,0.4928875,0.010660887920337604,0.4998349466631744,0.0030592451736154496,0.4928875,0.010660887920337604,0.7391666666666667,0.022407216099581257,200.0,0.0,0.0,0.0,0.0,0.0,0.0,0.0,200.0,0.0,191.0,4.358898943540674,0.47833333333333333,0.044814432199162514,0.02666666666666667,0.012583057392117916
diagnosis_controls,uniform_wide,synthetic,diagnosis,conditional_max | random2:1-2 | circuit,,,,,,,,,,,,,,,,,,,,,,,,,,,,,,,3,"[11, 12, 13]",uniform_wide,,,,,,,,,,,,,,,,,,,,,,,,,,,,,,,,,,,,,,,,,,,,,,,,,,,,,,,,,,,,,,,,,,,,,,,,,,,,,,,,,0.05000000000000001,8.498374721940739e-18,200.0,0.0,8.981496493021647,0.5720437351332568,11.7443478902181,2.92624720161956,0.03833333333333333,0.01892969448600091,0.045000000000000005,0.02179449471770337,0.4929916666666667,0.010662670963850178,0.5012804254315835,0.0029830929243396197,0.4929916666666667,0.010662670963850178,0.7391666666666667,0.022407216099581257,200.0,0.0,0.0,0.0,0.0,0.0,0.0,0.0,200.0,0.0,191.0,4.358898943540674,0.47833333333333333,0.044814432199162514,0.02666666666666667,0.012583057392117916
diagnosis_controls,uniform_wide,synthetic,diagnosis,relational_max | random2:1-2 | circuit,,,,,,,,,,,,,,,,,,,,,,,,,,,,,,,3,"[11, 12, 13]",uniform_wide,,,,,,,,,,,,,,,,,,,,,,,,,,,,,,,,,,,,,,,,,,,,,,,,,,,,,,,,,,,,,,,,,,,,,,,,,,,,,,,,,0.05000000000000001,8.498374721940739e-18,200.0,0.0,3.2742818196614586e-05,3.064150285365019e-05,0.00013446807861328125,0.00010193614161697364,0.03,0.013228756555322956,0.03,0.026457513110645904,0.5032416666666667,0.02685490624789693,0.5086184837777517,0.02323521465140311,0.5032416666666667,0.02685490624789693,0.6366666666666666,0.07907011656329671,200.0,0.0,0.0,0.0,0.0,0.0,200.0,0.0,0.0,0.0,0.0,0.0,,,0.0,0.0
diagnosis_controls,uniform_wide,synthetic,diagnosis,query random2:1-2 | known_law_oracle,,,,,,,,,,,,,,,,,,,,,,,,,,,,,,,3,"[11, 12, 13]",uniform_wide,,,,,,,,,,,0.0,0.0,0.0009271669999482887,4.920119155596086e-05,0.0009494443317331994,0.00011506314250903686,400.0,0.0,2.0,0.0,2.0,0.0,2.0,0.0,3.0,0.0,0.0,0.0,0.0,0.0,1.0,0.0,0.0,0.0,0.0,0.0,0.0,0.0,1600.0,0.0,0.0,0.0,1.4802973661668747e-18,5.185268477743734e-17,7.94919685631612e-16,3.635026844804854e-17,1.2597021420149655e-15,9.620019411629533e-17,-1.7763568394002505e-15,0.0,1.7763568394002505e-15,0.0,,,,,,,,,,,,,,,,,,,,,,,,,,,,,,,,,,,,,,,,,,,,,,,,,,,,,,,,,,,,,,,,
diagnosis_controls,uniform_wide,synthetic,diagnosis,known-law error random2:1-2 | known_law_oracle,,,,,,,,,,,,,,,,,,,,,,,,,,,,,,,3,"[11, 12, 13]",uniform_wide,,,,,,,,,,,,,,,,,,,,,,,,,,,,,,,,,,,,,,,,,,,,,,,,,,,,,0.0,0.0,0.0,0.0,0.0,0.0,1.0,0.0,0.0,0.0,0.0,0.0,0.0,0.0,1.0,7.850462293418876e-17,0.0,0.0,0.0,0.0,0.0,0.0,1.0,0.0,0.0,0.0,0.0,0.0,,,,,,,,,,,,,,,,,,,,,,,,,,,,,,,,,,,,
diagnosis_controls,uniform_wide,synthetic,diagnosis,joint | random2:1-2 | known_law_oracle,,,,,,,,,,,,,,,,,,,,,,,,,,,,,,,3,"[11, 12, 13]",uniform_wide,,,,,,,,,,,,,,,,,,,,,,,,,,,,,,,,,,,,,,,,,,,,,,,,,,,,,,,,,,,,,,,,,,,,,,,,,,,,,,,,,0.05000000000000001,8.498374721940739e-18,200.0,0.0,13.769395103454466,0.5250458619897761,12.63746632738173,2.7513576601755787,0.06,0.02179449471770337,0.05833333333333333,0.023629078131263043,0.4931666666666667,0.002662509780889715,0.4980909744255228,0.008144681189338115,0.4931666666666667,0.002662509780889715,0.735,0.021360009363293814,200.0,0.0,0.0,0.0,0.0,0.0,0.0,0.0,200.0,0.0,188.33333333333334,4.725815626252609,0.47000000000000003,0.042720018726587664,0.03166666666666667,0.017559422921421233
diagnosis_controls,uniform_wide,synthetic,diagnosis,independent | random2:1-2 | known_law_oracle,,,,,,,,,,,,,,,,,,,,,,,,,,,,,,,3,"[11, 12, 13]",uniform_wide,,,,,,,,,,,,,,,,,,,,,,,,,,,,,,,,,,,,,,,,,,,,,,,,,,,,,,,,,,,,,,,,,,,,,,,,,,,,,,,,,0.05000000000000001,8.498374721940739e-18,200.0,0.0,13.769395103454466,0.5250458619897754,12.637466327381732,2.7513576601755827,0.06,0.02179449471770337,0.05833333333333333,0.023629078131263043,0.4931666666666667,0.002662509780889715,0.4980909744255228,0.008144681189338115,0.4931666666666667,0.002662509780889715,0.735,0.021360009363293814,200.0,0.0,0.0,0.0,0.0,0.0,0.0,0.0,200.0,0.0,188.33333333333334,4.725815626252609,0.47000000000000003,0.042720018726587664,0.03166666666666667,0.017559422921421233
diagnosis_controls,uniform_wide,synthetic,diagnosis,marginal_max | random2:1-2 | known_law_oracle,,,,,,,,,,,,,,,,,,,,,,,,,,,,,,,3,"[11, 12, 13]",uniform_wide,,,,,,,,,,,,,,,,,,,,,,,,,,,,,,,,,,,,,,,,,,,,,,,,,,,,,,,,,,,,,,,,,,,,,,,,,,,,,,,,,0.05000000000000001,8.498374721940739e-18,200.0,0.0,8.595289520117367,0.23160424573356572,9.740492913301235,2.249900700533881,0.05666666666666667,0.011547005383792516,0.06,0.008660254037844387,0.49716249999999995,0.013925993007681717,0.4985831780148846,0.005454555969268877,0.49716249999999995,0.013925993007681717,0.735,0.021360009363293814,200.0,0.0,0.0,0.0,0.0,0.0,0.0,0.0,200.0,0.0,188.0,1.7320508075688772,0.47000000000000003,0.042720018726587664,0.03166666666666667,0.014433756729740645
diagnosis_controls,uniform_wide,synthetic,diagnosis,conditional_max | random2:1-2 | known_law_oracle,,,,,,,,,,,,,,,,,,,,,,,,,,,,,,,3,"[11, 12, 13]",uniform_wide,,,,,,,,,,,,,,,,,,,,,,,,,,,,,,,,,,,,,,,,,,,,,,,,,,,,,,,,,,,,,,,,,,,,,,,,,,,,,,,,,0.05000000000000001,8.498374721940739e-18,200.0,0.0,8.59528952011737,0.23160424573356708,9.740492913301232,2.249900700533878,0.05666666666666667,0.011547005383792516,0.06,0.008660254037844387,0.4971625,0.013918754209698497,0.4995009555915573,0.005672695382671846,0.4971625,0.013918754209698497,0.735,0.021360009363293814,200.0,0.0,0.0,0.0,0.0,0.0,0.0,0.0,200.0,0.0,188.0,1.7320508075688772,0.47000000000000003,0.042720018726587664,0.03166666666666667,0.014433756729740645
diagnosis_controls,uniform_wide,synthetic,diagnosis,relational_max | random2:1-2 | known_law_oracle,,,,,,,,,,,,,,,,,,,,,,,,,,,,,,,3,"[11, 12, 13]",uniform_wide,,,,,,,,,,,,,,,,,,,,,,,,,,,,,,,,,,,,,,,,,,,,,,,,,,,,,,,,,,,,,,,,,,,,,,,,,,,,,,,,,0.05000000000000001,8.498374721940739e-18,200.0,0.0,1.4802973661668755e-15,5.127900497022837e-16,1.0066022089934753e-14,2.713429892601387e-15,0.036666666666666674,0.043684474740270526,0.03,0.027838821814150108,0.5153708333333333,0.025369473946720563,0.5101421953922276,0.016325723779503403,0.5153708333333333,0.025369473946720563,0.5183333333333334,0.005773502691896263,200.0,0.0,0.0,0.0,0.0,0.0,200.0,0.0,0.0,0.0,0.0,0.0,,,0.0,0.0
diagnosis_controls,uniform_wide,synthetic,diagnosis,query random3:1-2-3 | circuit,,,,,,,,,,,,,,,,,,,,,,,,,,,,,,,3,"[11, 12, 13]",uniform_wide,,,,,,,,,,,1.2715657552083333e-06,5.506041232963807e-07,0.024870166334342986,0.001253759613198113,0.012771583333233139,0.00013574054642054656,400.0,0.0,1.0,0.0,1.0,0.0,1.0,0.0,3.0,0.0,1474.0,0.0,32.0,0.0,1.0,0.0,0.024752666666666662,0.0012576002279473927,589600.0,0.0,25600.0,0.0,1600.0,0.0,51200.0,0.0,-6.11941051905281e-08,2.1871683961783934e-07,2.3682912816032817e-07,6.712164366139509e-08,3.3167592050631356e-07,7.413207269706775e-08,-5.563100179036459e-07,3.641903952722422e-07,2.423922221458004e-07,2.3248358521096717e-07,,,,,,,,,,,,,,,,,,,,,,,,,,,,,,,,,,,,,,,,,,,,,,,,,,,,,,,,,,,,,,,,
diagnosis_controls,uniform_wide,synthetic,diagnosis,known-law error random3:1-2-3 | circuit,,,,,,,,,,,,,,,,,,,,,,,,,,,,,,,3,"[11, 12, 13]",uniform_wide,,,,,,,,,,,,,,,,,,,,,,,,,,,,,,,,,,,,,,,,,,,,,,,,,,,,,0.12272380365620078,0.047859539256769175,0.32918710102905085,0.034056364213808726,3.7981681884201293,1.8905048308261665,0.9584944993693418,0.010813213570371153,0.12272380365620078,0.047859539256769175,0.32918710102905085,0.034056364213808726,3.7981681884201293,1.8905048308261665,0.9584944993693418,0.010813213570371153,0.0,0.0,0.0,0.0,0.0,0.0,,,-0.12272386246611695,0.04785973977922194,0.3291871208972658,0.03405641931302281,,,,,,,,,,,,,,,,,,,,,,,,,,,,,,,,,,,,
diagnosis_controls,uniform_wide,synthetic,diagnosis,joint | random3:1-2-3 | circuit,,,,,,,,,,,,,,,,,,,,,,,,,,,,,,,3,"[11, 12, 13]",uniform_wide,,,,,,,,,,,,,,,,,,,,,,,,,,,,,,,,,,,,,,,,,,,,,,,,,,,,,,,,,,,,,,,,,,,,,,,,,,,,,,,,,0.05000000000000001,8.498374721940739e-18,200.0,0.0,8.206029256184896,0.4392679590028056,11.914996465047201,3.05599066278083,0.043333333333333335,0.0028867513459481273,0.045000000000000005,0.013228756555322954,0.489325,0.005970395715528407,0.5002116129042529,0.0033233464658164002,0.489325,0.005970395715528407,,,0.0,0.0,0.0,0.0,200.0,0.0,200.0,0.0,0.0,0.0,0.0,0.0,,,0.0,0.0
diagnosis_controls,uniform_wide,synthetic,diagnosis,independent | random3:1-2-3 | circuit,,,,,,,,,,,,,,,,,,,,,,,,,,,,,,,3,"[11, 12, 13]",uniform_wide,,,,,,,,,,,,,,,,,,,,,,,,,,,,,,,,,,,,,,,,,,,,,,,,,,,,,,,,,,,,,,,,,,,,,,,,,,,,,,,,,0.05000000000000001,8.498374721940739e-18,200.0,0.0,8.206029256184896,0.43926730979562667,11.914996465047201,3.055991607683985,0.043333333333333335,0.0028867513459481273,0.045000000000000005,0.013228756555322954,0.489325,0.005970395715528407,0.5002116129042529,0.0033233464658164002,0.489325,0.005970395715528407,,,0.0,0.0,0.0,0.0,200.0,0.0,200.0,0.0,0.0,0.0,0.0,0.0,,,0.0,0.0
diagnosis_controls,uniform_wide,synthetic,diagnosis,marginal_max | random3:1-2-3 | circuit,,,,,,,,,,,,,,,,,,,,,,,,,,,,,,,3,"[11, 12, 13]",uniform_wide,,,,,,,,,,,,,,,,,,,,,,,,,,,,,,,,,,,,,,,,,,,,,,,,,,,,,,,,,,,,,,,,,,,,,,,,,,,,,,,,,0.05000000000000001,8.498374721940739e-18,200.0,0.0,8.206029256184896,0.43926730979562667,11.914996465047201,3.055991607683985,0.043333333333333335,0.0028867513459481273,0.045000000000000005,0.013228756555322954,0.489325,0.005970395715528407,0.5002116129042529,0.0033233464658164002,0.489325,0.005970395715528407,,,0.0,0.0,0.0,0.0,200.0,0.0,200.0,0.0,0.0,0.0,0.0,0.0,,,0.0,0.0
diagnosis_controls,uniform_wide,synthetic,diagnosis,conditional_max | random3:1-2-3 | circuit,,,,,,,,,,,,,,,,,,,,,,,,,,,,,,,3,"[11, 12, 13]",uniform_wide,,,,,,,,,,,,,,,,,,,,,,,,,,,,,,,,,,,,,,,,,,,,,,,,,,,,,,,,,,,,,,,,,,,,,,,,,,,,,,,,,0.05000000000000001,8.498374721940739e-18,200.0,0.0,8.206029256184896,0.43926730979562667,11.914996465047201,3.055991607683985,0.043333333333333335,0.0028867513459481273,0.045000000000000005,0.013228756555322954,0.489325,0.005970395715528407,0.5002116129042529,0.0033233464658164002,0.489325,0.005970395715528407,,,0.0,0.0,0.0,0.0,200.0,0.0,200.0,0.0,0.0,0.0,0.0,0.0,,,0.0,0.0
diagnosis_controls,uniform_wide,synthetic,diagnosis,relational_max | random3:1-2-3 | circuit,,,,,,,,,,,,,,,,,,,,,,,,,,,,,,,3,"[11, 12, 13]",uniform_wide,,,,,,,,,,,,,,,,,,,,,,,,,,,,,,,,,,,,,,,,,,,,,,,,,,,,,,,,,,,,,,,,,,,,,,,,,,,,,,,,,0.05000000000000001,8.498374721940739e-18,200.0,0.0,0.0,0.0,0.0,0.0,0.0,0.0,0.0,0.0,0.5,0.0,0.5,0.0,0.5,0.0,,,0.0,0.0,0.0,0.0,200.0,0.0,200.0,0.0,0.0,0.0,0.0,0.0,,,0.0,0.0
diagnosis_controls,uniform_wide,synthetic,diagnosis,query random3:1-2-3 | known_law_oracle,,,,,,,,,,,,,,,,,,,,,,,,,,,,,,,3,"[11, 12, 13]",uniform_wide,,,,,,,,,,,0.0,0.0,0.00042198600082580623,2.9388163674778697e-05,0.0003995970000687521,9.980531132742547e-06,400.0,0.0,1.0,0.0,1.0,0.0,1.0,0.0,2.0,0.0,0.0,0.0,0.0,0.0,1.0,0.0,0.0,0.0,0.0,0.0,0.0,0.0,1600.0,0.0,0.0,0.0,0.0,0.0,0.0,0.0,0.0,0.0,0.0,0.0,0.0,0.0,,,,,,,,,,,,,,,,,,,,,,,,,,,,,,,,,,,,,,,,,,,,,,,,,,,,,,,,,,,,,,,,
diagnosis_controls,uniform_wide,synthetic,diagnosis,known-law error random3:1-2-3 | known_law_oracle,,,,,,,,,,,,,,,,,,,,,,,,,,,,,,,3,"[11, 12, 13]",uniform_wide,,,,,,,,,,,,,,,,,,,,,,,,,,,,,,,,,,,,,,,,,,,,,,,,,,,,,0.0,0.0,0.0,0.0,0.0,0.0,1.0,0.0,0.0,0.0,0.0,0.0,0.0,0.0,1.0,0.0,0.0,0.0,0.0,0.0,0.0,0.0,,,0.0,0.0,0.0,0.0,,,,,,,,,,,,,,,,,,,,,,,,,,,,,,,,,,,,
diagnosis_controls,uniform_wide,synthetic,diagnosis,joint | random3:1-2-3 | known_law_oracle,,,,,,,,,,,,,,,,,,,,,,,,,,,,,,,3,"[11, 12, 13]",uniform_wide,,,,,,,,,,,,,,,,,,,,,,,,,,,,,,,,,,,,,,,,,,,,,,,,,,,,,,,,,,,,,,,,,,,,,,,,,,,,,,,,,0.05000000000000001,8.498374721940739e-18,200.0,0.0,7.689895496961474,0.5021001950174577,10.071033718670991,2.3032659569915754,0.06333333333333334,0.020207259421636908,0.06,0.0304138126514911,0.48662500000000003,0.006084868527749771,0.4983624026561697,0.008169094318119742,0.48662500000000003,0.006084868527749771,,,0.0,0.0,0.0,0.0,200.0,0.0,200.0,0.0,0.0,0.0,0.0,0.0,,,0.0,0.0
diagnosis_controls,uniform_wide,synthetic,diagnosis,independent | random3:1-2-3 | known_law_oracle,,,,,,,,,,,,,,,,,,,,,,,,,,,,,,,3,"[11, 12, 13]",uniform_wide,,,,,,,,,,,,,,,,,,,,,,,,,,,,,,,,,,,,,,,,,,,,,,,,,,,,,,,,,,,,,,,,,,,,,,,,,,,,,,,,,0.05000000000000001,8.498374721940739e-18,200.0,0.0,7.689895496961474,0.5021001950174577,10.071033718670991,2.3032659569915754,0.06333333333333334,0.020207259421636908,0.06,0.0304138126514911,0.48662500000000003,0.006084868527749771,0.4983624026561697,0.008169094318119742,0.48662500000000003,0.006084868527749771,,,0.0,0.0,0.0,0.0,200.0,0.0,200.0,0.0,0.0,0.0,0.0,0.0,,,0.0,0.0
diagnosis_controls,uniform_wide,synthetic,diagnosis,marginal_max | random3:1-2-3 | known_law_oracle,,,,,,,,,,,,,,,,,,,,,,,,,,,,,,,3,"[11, 12, 13]",uniform_wide,,,,,,,,,,,,,,,,,,,,,,,,,,,,,,,,,,,,,,,,,,,,,,,,,,,,,,,,,,,,,,,,,,,,,,,,,,,,,,,,,0.05000000000000001,8.498374721940739e-18,200.0,0.0,7.689895496961474,0.5021001950174577,10.071033718670991,2.3032659569915754,0.06333333333333334,0.020207259421636908,0.06,0.0304138126514911,0.48662500000000003,0.006084868527749771,0.4983624026561697,0.008169094318119742,0.48662500000000003,0.006084868527749771,,,0.0,0.0,0.0,0.0,200.0,0.0,200.0,0.0,0.0,0.0,0.0,0.0,,,0.0,0.0
diagnosis_controls,uniform_wide,synthetic,diagnosis,conditional_max | random3:1-2-3 | known_law_oracle,,,,,,,,,,,,,,,,,,,,,,,,,,,,,,,3,"[11, 12, 13]",uniform_wide,,,,,,,,,,,,,,,,,,,,,,,,,,,,,,,,,,,,,,,,,,,,,,,,,,,,,,,,,,,,,,,,,,,,,,,,,,,,,,,,,0.05000000000000001,8.498374721940739e-18,200.0,0.0,7.689895496961474,0.5021001950174577,10.071033718670991,2.3032659569915754,0.06333333333333334,0.020207259421636908,0.06,0.0304138126514911,0.48662500000000003,0.006084868527749771,0.4983624026561697,0.008169094318119742,0.48662500000000003,0.006084868527749771,,,0.0,0.0,0.0,0.0,200.0,0.0,200.0,0.0,0.0,0.0,0.0,0.0,,,0.0,0.0
diagnosis_controls,uniform_wide,synthetic,diagnosis,relational_max | random3:1-2-3 | known_law_oracle,,,,,,,,,,,,,,,,,,,,,,,,,,,,,,,3,"[11, 12, 13]",uniform_wide,,,,,,,,,,,,,,,,,,,,,,,,,,,,,,,,,,,,,,,,,,,,,,,,,,,,,,,,,,,,,,,,,,,,,,,,,,,,,,,,,0.05000000000000001,8.498374721940739e-18,200.0,0.0,0.0,0.0,0.0,0.0,0.0,0.0,0.0,0.0,0.5,0.0,0.5,0.0,0.5,0.0,,,0.0,0.0,0.0,0.0,200.0,0.0,200.0,0.0,0.0,0.0,0.0,0.0,,,0.0,0.0
diagnosis_controls,uniform_wide,synthetic,diagnosis,query bank0:0-1 | circuit,,,,,,,,,,,,,,,,,,,,,,,,,,,,,,,3,"[11, 12, 13]",uniform_wide,,,,,,,,,,,1.9073486328125e-06,4.76837158203125e-07,0.023987680332841894,0.0016500272441070294,0.01272493033441909,9.254215872987263e-05,400.0,0.0,2.0,0.0,2.0,0.0,2.0,0.0,3.0,0.0,1474.0,0.0,32.0,0.0,1.0,0.0,0.023872333333333332,0.0016529940512093012,589600.0,0.0,25600.0,0.0,1600.0,0.0,51200.0,0.0,-0.006278338705442366,0.010893812983156776,0.029404575327134808,0.050830396625845056,0.03606479805588,0.06228936301543031,-0.059559600552953874,0.10301298220640896,0.027428125341733296,0.047242630034056605,,,,,,,,,,,,,,,,,,,,,,,,,,,,,,,,,,,,,,,,,,,,,,,,,,,,,,,,,,,,,,,,
diagnosis_controls,uniform_wide,synthetic,diagnosis,known-law error bank0:0-1 | circuit,,,,,,,,,,,,,,,,,,,,,,,,,,,,,,,3,"[11, 12, 13]",uniform_wide,,,,,,,,,,,,,,,,,,,,,,,,,,,,,,,,,,,,,,,,,,,,,,,,,,,,,0.10406654434089573,0.02047317702140263,0.3358965983254112,0.008875466983511552,2.649635516660398,0.6255030699585273,0.9499135983372892,0.0057720487001320965,0.09778819061005826,0.014650766937758831,0.33055950988216987,0.015047081928540902,2.6496666700213996,0.625540545559427,0.9507535049774057,0.005627288196026416,0.006278356711069706,0.010893618133588419,0.029404575030009025,0.05083042813092764,0.11594295501709014,0.19915300087891233,-0.04393678757072269,0.05373872018412431,-0.20185474190482922,0.03389580328694176,0.4916686960098413,0.023402870660156245,,,,,,,,,,,,,,,,,,,,,,,,,,,,,,,,,,,,
diagnosis_controls,uniform_wide,synthetic,diagnosis,joint | bank0:0-1 | circuit,,,,,,,,,,,,,,,,,,,,,,,,,,,,,,,3,"[11, 12, 13]",uniform_wide,,,,,,,,,,,,,,,,,,,,,,,,,,,,,,,,,,,,,,,,,,,,,,,,,,,,,,,,,,,,,,,,,,,,,,,,,,,,,,,,,0.05000000000000001,8.498374721940739e-18,200.0,0.0,14.096295356750488,0.6178850771124237,11.67031160990397,0.9872261494299063,0.07,0.0360555127546399,0.07,0.0360555127546399,0.5,0.0,0.5,0.0,0.5,0.0,,,0.0,0.0,200.0,0.0,0.0,0.0,0.0,0.0,0.0,0.0,0.0,0.0,,,0.0,0.0
diagnosis_controls,uniform_wide,synthetic,diagnosis,independent | bank0:0-1 | circuit,,,,,,,,,,,,,,,,,,,,,,,,,,,,,,,3,"[11, 12, 13]",uniform_wide,,,,,,,,,,,,,,,,,,,,,,,,,,,,,,,,,,,,,,,,,,,,,,,,,,,,,,,,,,,,,,,,,,,,,,,,,,,,,,,,,0.05000000000000001,8.498374721940739e-18,200.0,0.0,14.043959299723307,0.6934037840131041,11.640124003092447,1.0378884410714553,0.07166666666666667,0.038188130791298666,0.07166666666666667,0.038188130791298666,0.5,0.0,0.5,0.0,0.5,0.0,,,0.0,0.0,200.0,0.0,0.0,0.0,0.0,0.0,0.0,0.0,0.0,0.0,,,0.0,0.0
diagnosis_controls,uniform_wide,synthetic,diagnosis,marginal_max | bank0:0-1 | circuit,,,,,,,,,,,,,,,,,,,,,,,,,,,,,,,3,"[11, 12, 13]",uniform_wide,,,,,,,,,,,,,,,,,,,,,,,,,,,,,,,,,,,,,,,,,,,,,,,,,,,,,,,,,,,,,,,,,,,,,,,,,,,,,,,,,0.05000000000000001,8.498374721940739e-18,200.0,0.0,9.053902943929037,0.4166689042539722,8.797576586405436,0.5814765285546979,0.041666666666666664,0.007637626158259733,0.041666666666666664,0.007637626158259733,0.5,0.0,0.5,0.0,0.5,0.0,,,0.0,0.0,200.0,0.0,0.0,0.0,0.0,0.0,0.0,0.0,0.0,0.0,,,0.0,0.0
diagnosis_controls,uniform_wide,synthetic,diagnosis,conditional_max | bank0:0-1 | circuit,,,,,,,,,,,,,,,,,,,,,,,,,,,,,,,3,"[11, 12, 13]",uniform_wide,,,,,,,,,,,,,,,,,,,,,,,,,,,,,,,,,,,,,,,,,,,,,,,,,,,,,,,,,,,,,,,,,,,,,,,,,,,,,,,,,0.05000000000000001,8.498374721940739e-18,200.0,0.0,9.04428482055664,0.432081974910509,8.827801386515299,0.5908844058952825,0.041666666666666664,0.007637626158259733,0.041666666666666664,0.007637626158259733,0.5,0.0,0.5,0.0,0.5,0.0,,,0.0,0.0,200.0,0.0,0.0,0.0,0.0,0.0,0.0,0.0,0.0,0.0,,,0.0,0.0
diagnosis_controls,uniform_wide,synthetic,diagnosis,relational_max | bank0:0-1 | circuit,,,,,,,,,,,,,,,,,,,,,,,,,,,,,,,3,"[11, 12, 13]",uniform_wide,,,,,,,,,,,,,,,,,,,,,,,,,,,,,,,,,,,,,,,,,,,,,,,,,,,,,,,,,,,,,,,,,,,,,,,,,,,,,,,,,0.05000000000000001,8.498374721940739e-18,200.0,0.0,0.06089210510253906,0.10523868869500391,0.18770599365234375,0.3228294884209166,0.035,0.005000000000000001,0.035,0.005000000000000001,0.5,0.0,0.5,3.925231146709438e-17,0.5,0.0,,,0.0,0.0,200.0,0.0,0.0,0.0,0.0,0.0,0.0,0.0,0.0,0.0,,,0.0,0.0
diagnosis_controls,uniform_wide,synthetic,diagnosis,query bank0:0-1 | known_law_oracle,,,,,,,,,,,,,,,,,,,,,,,,,,,,,,,3,"[11, 12, 13]",uniform_wide,,,,,,,,,,,0.0,0.0,0.0009830969999408505,1.5384766557618217e-05,0.0008365133326151408,2.7670222929247735e-05,400.0,0.0,2.0,0.0,2.0,0.0,2.0,0.0,3.0,0.0,0.0,0.0,0.0,0.0,1.0,0.0,0.0,0.0,0.0,0.0,0.0,0.0,1600.0,0.0,0.0,0.0,-2.516505522483688e-17,5.185268477743734e-17,7.593925488436071e-16,1.9357399876532522e-17,1.1686291224800061e-15,2.882440024992711e-17,-1.7763568394002505e-15,0.0,1.7763568394002505e-15,0.0,,,,,,,,,,,,,,,,,,,,,,,,,,,,,,,,,,,,,,,,,,,,,,,,,,,,,,,,,,,,,,,,
diagnosis_controls,uniform_wide,synthetic,diagnosis,known-law error bank0:0-1 | known_law_oracle,,,,,,,,,,,,,,,,,,,,,,,,,,,,,,,3,"[11, 12, 13]",uniform_wide,,,,,,,,,,,,,,,,,,,,,,,,,,,,,,,,,,,,,,,,,,,,,,,,,,,,,0.0,0.0,0.0,0.0,0.0,0.0,1.0,7.850462293418876e-17,0.0,0.0,0.0,0.0,0.0,0.0,1.0,7.850462293418876e-17,0.0,0.0,0.0,0.0,0.0,0.0,1.0,0.0,0.0,0.0,0.0,0.0,,,,,,,,,,,,,,,,,,,,,,,,,,,,,,,,,,,,
diagnosis_controls,uniform_wide,synthetic,diagnosis,joint | bank0:0-1 | known_law_oracle,,,,,,,,,,,,,,,,,,,,,,,,,,,,,,,3,"[11, 12, 13]",uniform_wide,,,,,,,,,,,,,,,,,,,,,,,,,,,,,,,,,,,,,,,,,,,,,,,,,,,,,,,,,,,,,,,,,,,,,,,,,,,,,,,,,0.05000000000000001,8.498374721940739e-18,200.0,0.0,13.511334918852015,0.4350604957554901,9.840153456901513,0.9350856217930461,0.06666666666666667,0.03547299442298794,0.06666666666666667,0.03547299442298794,0.5,0.0,0.5,0.0,0.5,0.0,,,0.0,0.0,200.0,0.0,0.0,0.0,0.0,0.0,0.0,0.0,0.0,0.0,,,0.0,0.0
diagnosis_controls,uniform_wide,synthetic,diagnosis,independent | bank0:0-1 | known_law_oracle,,,,,,,,,,,,,,,,,,,,,,,,,,,,,,,3,"[11, 12, 13]",uniform_wide,,,,,,,,,,,,,,,,,,,,,,,,,,,,,,,,,,,,,,,,,,,,,,,,,,,,,,,,,,,,,,,,,,,,,,,,,,,,,,,,,0.05000000000000001,8.498374721940739e-18,200.0,0.0,13.511334918852015,0.43506049575549066,9.840153456901513,0.935085621793047,0.06666666666666667,0.03547299442298794,0.06666666666666667,0.03547299442298794,0.5,0.0,0.5,0.0,0.5,0.0,,,0.0,0.0,200.0,0.0,0.0,0.0,0.0,0.0,0.0,0.0,0.0,0.0,,,0.0,0.0
diagnosis_controls,uniform_wide,synthetic,diagnosis,marginal_max | bank0:0-1 | known_law_oracle,,,,,,,,,,,,,,,,,,,,,,,,,,,,,,,3,"[11, 12, 13]",uniform_wide,,,,,,,,,,,,,,,,,,,,,,,,,,,,,,,,,,,,,,,,,,,,,,,,,,,,,,,,,,,,,,,,,,,,,,,,,,,,,,,,,0.05000000000000001,8.498374721940739e-18,200.0,0.0,8.529904649174943,0.3433197510267786,7.840172232970702,0.9427948684257139,0.05333333333333334,0.01527525231651947,0.05333333333333334,0.01527525231651947,0.5,0.0,0.5,0.0,0.5,0.0,,,0.0,0.0,200.0,0.0,0.0,0.0,0.0,0.0,0.0,0.0,0.0,0.0,,,0.0,0.0
diagnosis_controls,uniform_wide,synthetic,diagnosis,conditional_max | bank0:0-1 | known_law_oracle,,,,,,,,,,,,,,,,,,,,,,,,,,,,,,,3,"[11, 12, 13]",uniform_wide,,,,,,,,,,,,,,,,,,,,,,,,,,,,,,,,,,,,,,,,,,,,,,,,,,,,,,,,,,,,,,,,,,,,,,,,,,,,,,,,,0.05000000000000001,8.498374721940739e-18,200.0,0.0,8.529904649174945,0.34331975102677903,7.8401722329707,0.9427948684257161,0.05333333333333334,0.01527525231651947,0.05333333333333334,0.01527525231651947,0.5,0.0,0.5,0.0,0.5,0.0,,,0.0,0.0,200.0,0.0,0.0,0.0,0.0,0.0,0.0,0.0,0.0,0.0,,,0.0,0.0
diagnosis_controls,uniform_wide,synthetic,diagnosis,relational_max | bank0:0-1 | known_law_oracle,,,,,,,,,,,,,,,,,,,,,,,,,,,,,,,3,"[11, 12, 13]",uniform_wide,,,,,,,,,,,,,,,,,,,,,,,,,,,,,,,,,,,,,,,,,,,,,,,,,,,,,,,,,,,,,,,,,,,,,,,,,,,,,,,,,0.05000000000000001,8.498374721940739e-18,200.0,0.0,1.1842378929335002e-15,5.127900497022837e-16,5.625129991434126e-15,1.3567149463006936e-15,0.055,0.04092676385936225,0.055,0.04092676385936225,0.5,0.0,0.5,3.925231146709438e-17,0.5,0.0,,,0.0,0.0,200.0,0.0,0.0,0.0,0.0,0.0,0.0,0.0,0.0,0.0,,,0.0,0.0
diagnosis_controls,uniform_wide,synthetic,diagnosis,query single_sensor_0 | circuit,,,,,,,,,,,,,,,,,,,,,,,,,,,,,,,3,"[11, 12, 13]",uniform_wide,,,,,,,,,,,1.2715657552083333e-06,5.506041232963807e-07,0.024271986333284683,0.0006196008840322813,0.012750152665830683,7.93632941545391e-05,400.0,0.0,1.0,0.0,1.0,0.0,1.0,0.0,3.0,0.0,1474.0,0.0,32.0,0.0,1.0,0.0,0.024157666666666664,0.0006228919114367542,589600.0,0.0,25600.0,0.0,1600.0,0.0,51200.0,0.0,-6.11941051905281e-08,2.1871683961783934e-07,2.3682912816032817e-07,6.712164366139509e-08,3.3167592050631356e-07,7.413207269706775e-08,-5.563100179036459e-07,3.641903952722422e-07,2.423922221458004e-07,2.3248358521096717e-07,,,,,,,,,,,,,,,,,,,,,,,,,,,,,,,,,,,,,,,,,,,,,,,,,,,,,,,,,,,,,,,,
diagnosis_controls,uniform_wide,synthetic,diagnosis,known-law error single_sensor_0 | circuit,,,,,,,,,,,,,,,,,,,,,,,,,,,,,,,3,"[11, 12, 13]",uniform_wide,,,,,,,,,,,,,,,,,,,,,,,,,,,,,,,,,,,,,,,,,,,,,,,,,,,,,0.12272380365620078,0.047859539256769175,0.32918710102905085,0.034056364213808726,3.7981681884201293,1.8905048308261665,0.9584944993693418,0.010813213570371153,0.12272380365620078,0.047859539256769175,0.32918710102905085,0.034056364213808726,3.7981681884201293,1.8905048308261665,0.9584944993693418,0.010813213570371153,0.0,0.0,0.0,0.0,0.0,0.0,,,-0.12272386246611695,0.04785973977922194,0.3291871208972658,0.03405641931302281,,,,,,,,,,,,,,,,,,,,,,,,,,,,,,,,,,,,
diagnosis_controls,uniform_wide,synthetic,diagnosis,joint | single_sensor_0 | circuit,,,,,,,,,,,,,,,,,,,,,,,,,,,,,,,3,"[11, 12, 13]",uniform_wide,,,,,,,,,,,,,,,,,,,,,,,,,,,,,,,,,,,,,,,,,,,,,,,,,,,,,,,,,,,,,,,,,,,,,,,,,,,,,,,,,0.05000000000000001,8.498374721940739e-18,200.0,0.0,8.206029256184896,0.4392679590028056,11.914996465047201,3.05599066278083,0.043333333333333335,0.0028867513459481273,0.045000000000000005,0.013228756555322954,0.489325,0.005970395715528407,0.5002116129042529,0.0033233464658164002,0.489325,0.005970395715528407,,,0.0,0.0,0.0,0.0,200.0,0.0,200.0,0.0,0.0,0.0,0.0,0.0,,,0.0,0.0
diagnosis_controls,uniform_wide,synthetic,diagnosis,independent | single_sensor_0 | circuit,,,,,,,,,,,,,,,,,,,,,,,,,,,,,,,3,"[11, 12, 13]",uniform_wide,,,,,,,,,,,,,,,,,,,,,,,,,,,,,,,,,,,,,,,,,,,,,,,,,,,,,,,,,,,,,,,,,,,,,,,,,,,,,,,,,0.05000000000000001,8.498374721940739e-18,200.0,0.0,8.206029256184896,0.43926730979562667,11.914996465047201,3.055991607683985,0.043333333333333335,0.0028867513459481273,0.045000000000000005,0.013228756555322954,0.489325,0.005970395715528407,0.5002116129042529,0.0033233464658164002,0.489325,0.005970395715528407,,,0.0,0.0,0.0,0.0,200.0,0.0,200.0,0.0,0.0,0.0,0.0,0.0,,,0.0,0.0
diagnosis_controls,uniform_wide,synthetic,diagnosis,marginal_max | single_sensor_0 | circuit,,,,,,,,,,,,,,,,,,,,,,,,,,,,,,,3,"[11, 12, 13]",uniform_wide,,,,,,,,,,,,,,,,,,,,,,,,,,,,,,,,,,,,,,,,,,,,,,,,,,,,,,,,,,,,,,,,,,,,,,,,,,,,,,,,,0.05000000000000001,8.498374721940739e-18,200.0,0.0,8.206029256184896,0.43926730979562667,11.914996465047201,3.055991607683985,0.043333333333333335,0.0028867513459481273,0.045000000000000005,0.013228756555322954,0.489325,0.005970395715528407,0.5002116129042529,0.0033233464658164002,0.489325,0.005970395715528407,,,0.0,0.0,0.0,0.0,200.0,0.0,200.0,0.0,0.0,0.0,0.0,0.0,,,0.0,0.0
diagnosis_controls,uniform_wide,synthetic,diagnosis,conditional_max | single_sensor_0 | circuit,,,,,,,,,,,,,,,,,,,,,,,,,,,,,,,3,"[11, 12, 13]",uniform_wide,,,,,,,,,,,,,,,,,,,,,,,,,,,,,,,,,,,,,,,,,,,,,,,,,,,,,,,,,,,,,,,,,,,,,,,,,,,,,,,,,0.05000000000000001,8.498374721940739e-18,200.0,0.0,8.206029256184896,0.43926730979562667,11.914996465047201,3.055991607683985,0.043333333333333335,0.0028867513459481273,0.045000000000000005,0.013228756555322954,0.489325,0.005970395715528407,0.5002116129042529,0.0033233464658164002,0.489325,0.005970395715528407,,,0.0,0.0,0.0,0.0,200.0,0.0,200.0,0.0,0.0,0.0,0.0,0.0,,,0.0,0.0
diagnosis_controls,uniform_wide,synthetic,diagnosis,relational_max | single_sensor_0 | circuit,,,,,,,,,,,,,,,,,,,,,,,,,,,,,,,3,"[11, 12, 13]",uniform_wide,,,,,,,,,,,,,,,,,,,,,,,,,,,,,,,,,,,,,,,,,,,,,,,,,,,,,,,,,,,,,,,,,,,,,,,,,,,,,,,,,0.05000000000000001,8.498374721940739e-18,200.0,0.0,0.0,0.0,0.0,0.0,0.0,0.0,0.0,0.0,0.5,0.0,0.5,0.0,0.5,0.0,,,0.0,0.0,0.0,0.0,200.0,0.0,200.0,0.0,0.0,0.0,0.0,0.0,,,0.0,0.0
diagnosis_controls,uniform_wide,synthetic,diagnosis,query single_sensor_0 | known_law_oracle,,,,,,,,,,,,,,,,,,,,,,,,,,,,,,,3,"[11, 12, 13]",uniform_wide,,,,,,,,,,,0.0,0.0,0.00040881966682112153,8.544883694267034e-06,0.0003929163346280499,5.782838272386564e-06,400.0,0.0,1.0,0.0,1.0,0.0,1.0,0.0,2.0,0.0,0.0,0.0,0.0,0.0,1.0,0.0,0.0,0.0,0.0,0.0,0.0,0.0,1600.0,0.0,0.0,0.0,0.0,0.0,0.0,0.0,0.0,0.0,0.0,0.0,0.0,0.0,,,,,,,,,,,,,,,,,,,,,,,,,,,,,,,,,,,,,,,,,,,,,,,,,,,,,,,,,,,,,,,,
diagnosis_controls,uniform_wide,synthetic,diagnosis,known-law error single_sensor_0 | known_law_oracle,,,,,,,,,,,,,,,,,,,,,,,,,,,,,,,3,"[11, 12, 13]",uniform_wide,,,,,,,,,,,,,,,,,,,,,,,,,,,,,,,,,,,,,,,,,,,,,,,,,,,,,0.0,0.0,0.0,0.0,0.0,0.0,1.0,0.0,0.0,0.0,0.0,0.0,0.0,0.0,1.0,0.0,0.0,0.0,0.0,0.0,0.0,0.0,,,0.0,0.0,0.0,0.0,,,,,,,,,,,,,,,,,,,,,,,,,,,,,,,,,,,,
diagnosis_controls,uniform_wide,synthetic,diagnosis,joint | single_sensor_0 | known_law_oracle,,,,,,,,,,,,,,,,,,,,,,,,,,,,,,,3,"[11, 12, 13]",uniform_wide,,,,,,,,,,,,,,,,,,,,,,,,,,,,,,,,,,,,,,,,,,,,,,,,,,,,,,,,,,,,,,,,,,,,,,,,,,,,,,,,,0.05000000000000001,8.498374721940739e-18,200.0,0.0,7.689895496961474,0.5021001950174577,10.071033718670991,2.3032659569915754,0.06333333333333334,0.020207259421636908,0.06,0.0304138126514911,0.48662500000000003,0.006084868527749771,0.4983624026561697,0.008169094318119742,0.48662500000000003,0.006084868527749771,,,0.0,0.0,0.0,0.0,200.0,0.0,200.0,0.0,0.0,0.0,0.0,0.0,,,0.0,0.0
diagnosis_controls,uniform_wide,synthetic,diagnosis,independent | single_sensor_0 | known_law_oracle,,,,,,,,,,,,,,,,,,,,,,,,,,,,,,,3,"[11, 12, 13]",uniform_wide,,,,,,,,,,,,,,,,,,,,,,,,,,,,,,,,,,,,,,,,,,,,,,,,,,,,,,,,,,,,,,,,,,,,,,,,,,,,,,,,,0.05000000000000001,8.498374721940739e-18,200.0,0.0,7.689895496961474,0.5021001950174577,10.071033718670991,2.3032659569915754,0.06333333333333334,0.020207259421636908,0.06,0.0304138126514911,0.48662500000000003,0.006084868527749771,0.4983624026561697,0.008169094318119742,0.48662500000000003,0.006084868527749771,,,0.0,0.0,0.0,0.0,200.0,0.0,200.0,0.0,0.0,0.0,0.0,0.0,,,0.0,0.0
diagnosis_controls,uniform_wide,synthetic,diagnosis,marginal_max | single_sensor_0 | known_law_oracle,,,,,,,,,,,,,,,,,,,,,,,,,,,,,,,3,"[11, 12, 13]",uniform_wide,,,,,,,,,,,,,,,,,,,,,,,,,,,,,,,,,,,,,,,,,,,,,,,,,,,,,,,,,,,,,,,,,,,,,,,,,,,,,,,,,0.05000000000000001,8.498374721940739e-18,200.0,0.0,7.689895496961474,0.5021001950174577,10.071033718670991,2.3032659569915754,0.06333333333333334,0.020207259421636908,0.06,0.0304138126514911,0.48662500000000003,0.006084868527749771,0.4983624026561697,0.008169094318119742,0.48662500000000003,0.006084868527749771,,,0.0,0.0,0.0,0.0,200.0,0.0,200.0,0.0,0.0,0.0,0.0,0.0,,,0.0,0.0
diagnosis_controls,uniform_wide,synthetic,diagnosis,conditional_max | single_sensor_0 | known_law_oracle,,,,,,,,,,,,,,,,,,,,,,,,,,,,,,,3,"[11, 12, 13]",uniform_wide,,,,,,,,,,,,,,,,,,,,,,,,,,,,,,,,,,,,,,,,,,,,,,,,,,,,,,,,,,,,,,,,,,,,,,,,,,,,,,,,,0.05000000000000001,8.498374721940739e-18,200.0,0.0,7.689895496961474,0.5021001950174577,10.071033718670991,2.3032659569915754,0.06333333333333334,0.020207259421636908,0.06,0.0304138126514911,0.48662500000000003,0.006084868527749771,0.4983624026561697,0.008169094318119742,0.48662500000000003,0.006084868527749771,,,0.0,0.0,0.0,0.0,200.0,0.0,200.0,0.0,0.0,0.0,0.0,0.0,,,0.0,0.0
diagnosis_controls,uniform_wide,synthetic,diagnosis,relational_max | single_sensor_0 | known_law_oracle,,,,,,,,,,,,,,,,,,,,,,,,,,,,,,,3,"[11, 12, 13]",uniform_wide,,,,,,,,,,,,,,,,,,,,,,,,,,,,,,,,,,,,,,,,,,,,,,,,,,,,,,,,,,,,,,,,,,,,,,,,,,,,,,,,,0.05000000000000001,8.498374721940739e-18,200.0,0.0,0.0,0.0,0.0,0.0,0.0,0.0,0.0,0.0,0.5,0.0,0.5,0.0,0.5,0.0,,,0.0,0.0,0.0,0.0,200.0,0.0,200.0,0.0,0.0,0.0,0.0,0.0,,,0.0,0.0
diagnosis_controls,interface_conditional,synthetic,diagnosis,model,1.5366822481155396e-07,3.0648862331927444e-08,64.0,0.0,81.0,0.0,384.0,0.0,529.0,0.0,2688.0,0.0,861.3333333333334,152.0701592467547,107.66666666666667,19.00876990584434,81.66666666666667,19.00876990584434,20.47883669535319,0.20740537078026455,12.07431427637736,3.508699218227917,20.24822187423706,0.11976955229884424,0.02,0.0,150.0,0.0,128.0,0.0,3,"[11, 12, 13]",interface_conditional,,,,,,,,,,,,,,,,,,,,,,,,,,,,,,,,,,,,,,,,,,,,,,,,,,,,,,,,,,,,,,,,,,,,,,,,,,,,,,,,,,,,,,,,,,,,,,,,,,,,,,,,,,,,,,,,,,,,
diagnosis_controls,interface_conditional,synthetic,diagnosis,shortcut audit,,,,,,,,,,,,,,,,,,,,,,,,,,,,,,,3,"[11, 12, 13]",interface_conditional,0.48155,0.02226208941227215,0.0,0.0,400.0,0.0,400.0,0.0,10.0,0.0,,,,,,,,,,,,,,,,,,,,,,,,,,,,,,,,,,,,,,,,,,,,,,,,,,,,,,,,,,,,,,,,,,,,,,,,,,,,,,,,,,,,,,,,,,,,,,,,,,,,,,,,,,
diagnosis_controls,interface_conditional,synthetic,diagnosis,query full | circuit,,,,,,,,,,,,,,,,,,,,,,,,,,,,,,,3,"[11, 12, 13]",interface_conditional,,,,,,,,,,,4.76837158203125e-06,8.259061849445711e-07,0.019883403001585975,0.006559213851785096,0.01407056966733459,0.006192402468666881,400.0,0.0,4.0,0.0,4.0,0.0,4.0,0.0,3.0,0.0,802.0,0.0,32.0,0.0,1.0,0.0,0.019667333333333332,0.006425043683379384,320800.0,0.0,25600.0,0.0,1600.0,0.0,51200.0,0.0,-0.007102767738009182,0.006197324535941919,0.03329549640572319,0.029517189840508457,0.04332150071665334,0.03848236375999338,-0.09048174420604482,0.07807071831806991,0.060041141017184906,0.05143970015904292,,,,,,,,,,,,,,,,,,,,,,,,,,,,,,,,,,,,,,,,,,,,,,,,,,,,,,,,,,,,,,,,
diagnosis_controls,interface_conditional,synthetic,diagnosis,known-law error full | circuit,,,,,,,,,,,,,,,,,,,,,,,,,,,,,,,3,"[11, 12, 13]",interface_conditional,,,,,,,,,,,,,,,,,,,,,,,,,,,,,,,,,,,,,,,,,,,,,,,,,,,,,0.12713786256839246,0.013533864557170545,0.3606319205844765,0.015800480835811596,4.988002695465138,1.5367000410116107,0.942225369942212,0.001463628307639087,0.12319903391132099,0.01553451336812085,0.35850304940200467,0.014646056692983649,4.9605785189311185,1.5557129094190885,0.9424049440613697,0.00144257949736101,0.0039388281106955275,0.0035035572629171672,0.02024904946486158,0.019116080196986945,0.11133130391438684,0.09593211317681014,-0.0010756027140651169,0.05053825922846507,-0.5006741330039239,0.05785151083503161,0.8071241956282513,0.05987236334365529,,,,,,,,,,,,,,,,,,,,,,,,,,,,,,,,,,,,
diagnosis_controls,interface_conditional,synthetic,diagnosis,joint | full | circuit,,,,,,,,,,,,,,,,,,,,,,,,,,,,,,,3,"[11, 12, 13]",interface_conditional,,,,,,,,,,,,,,,,,,,,,,,,,,,,,,,,,,,,,,,,,,,,,,,,,,,,,,,,,,,,,,,,,,,,,,,,,,,,,,,,,0.05000000000000001,8.498374721940739e-18,200.0,0.0,26.236108779907227,1.248130810358781,17.13962999979655,1.4173271349230638,0.049999999999999996,0.021794494717703367,0.04666666666666667,0.025166114784235832,0.4986916666666667,0.0032040339157589203,0.5026014467757535,0.0038993253811832984,0.4986916666666667,0.0032040339157589203,0.5270833333333333,0.014439769542636195,200.0,0.0,0.0,0.0,0.0,0.0,0.0,0.0,200.0,0.0,190.66666666666666,5.033222956847166,0.26333333333333336,0.014433756729740658,0.013333333333333334,0.007637626158259734
diagnosis_controls,interface_conditional,synthetic,diagnosis,independent | full | circuit,,,,,,,,,,,,,,,,,,,,,,,,,,,,,,,3,"[11, 12, 13]",interface_conditional,,,,,,,,,,,,,,,,,,,,,,,,,,,,,,,,,,,,,,,,,,,,,,,,,,,,,,,,,,,,,,,,,,,,,,,,,,,,,,,,,0.05000000000000001,8.498374721940739e-18,200.0,0.0,26.273093541463215,1.221112398692849,17.1594975789388,1.4508246539446101,0.04833333333333333,0.020207259421636897,0.04666666666666667,0.025166114784235832,0.49890833333333334,0.0032239662425858915,0.5025874764226413,0.0039060544934360437,0.49890833333333334,0.0032239662425858915,0.5272222222222221,0.015396007178389992,200.0,0.0,0.0,0.0,0.0,0.0,0.0,0.0,200.0,0.0,190.66666666666666,5.033222956847166,0.26333333333333336,0.014433756729740658,0.013333333333333334,0.007637626158259734
diagnosis_controls,interface_conditional,synthetic,diagnosis,marginal_max | full | circuit,,,,,,,,,,,,,,,,,,,,,,,,,,,,,,,3,"[11, 12, 13]",interface_conditional,,,,,,,,,,,,,,,,,,,,,,,,,,,,,,,,,,,,,,,,,,,,,,,,,,,,,,,,,,,,,,,,,,,,,,,,,,,,,,,,,0.05000000000000001,8.498374721940739e-18,200.0,0.0,10.048903147379557,0.45595620654603314,11.586075146993002,2.78144452555816,0.055,0.013228756555322957,0.06,0.010000000000000002,0.49517083333333334,0.0029599496758109414,0.5003606534657032,0.009370356867373981,0.49517083333333334,0.0029599496758109414,0.5272222222222221,0.015396007178389992,200.0,0.0,0.0,0.0,0.0,0.0,0.0,0.0,200.0,0.0,188.0,2.0,0.26333333333333336,0.014433756729740658,0.016666666666666666,0.005773502691896258
diagnosis_controls,interface_conditional,synthetic,diagnosis,conditional_max | full | circuit,,,,,,,,,,,,,,,,,,,,,,,,,,,,,,,3,"[11, 12, 13]",interface_conditional,,,,,,,,,,,,,,,,,,,,,,,,,,,,,,,,,,,,,,,,,,,,,,,,,,,,,,,,,,,,,,,,,,,,,,,,,,,,,,,,,0.05000000000000001,8.498374721940739e-18,200.0,0.0,10.053332010904947,0.45567364005979855,11.590546290079752,2.778625409699077,0.055,0.013228756555322957,0.06,0.010000000000000002,0.495425,0.003282124883364435,0.5030031083364466,0.009501848329573404,0.495425,0.003282124883364435,0.5270833333333333,0.014439769542636195,200.0,0.0,0.0,0.0,0.0,0.0,0.0,0.0,200.0,0.0,188.0,2.0,0.26333333333333336,0.014433756729740658,0.016666666666666666,0.005773502691896258
diagnosis_controls,interface_conditional,synthetic,diagnosis,relational_max | full | circuit,,,,,,,,,,,,,,,,,,,,,,,,,,,,,,,3,"[11, 12, 13]",interface_conditional,,,,,,,,,,,,,,,,,,,,,,,,,,,,,,,,,,,,,,,,,,,,,,,,,,,,,,,,,,,,,,,,,,,,,,,,,,,,,,,,,0.05000000000000001,8.498374721940739e-18,200.0,0.0,0.0706939697265625,0.06317240571960092,0.13035456339518228,0.11586812868375009,0.05333333333333334,0.03253203549323856,0.056666666666666664,0.027537852736430512,0.5057916666666666,0.008261585930275888,0.5101603666185238,0.006179180467764531,0.5057916666666666,0.008261585930275888,0.5008333333333334,0.025782880840675003,200.0,0.0,0.0,0.0,0.0,0.0,148.0,58.92367945062494,52.0,58.92367945062494,46.666666666666664,50.33222956847166,0.30560344827586206,0.043279811607107636,0.01,0.01732050807568877
diagnosis_controls,interface_conditional,synthetic,diagnosis,query full | known_law_oracle,,,,,,,,,,,,,,,,,,,,,,,,,,,,,,,3,"[11, 12, 13]",interface_conditional,,,,,,,,,,,0.0,0.0,0.001707458667321286,6.310704222275038e-05,0.001512694666113627,0.00018438760456037384,400.0,0.0,4.0,0.0,4.0,0.0,4.0,0.0,5.0,0.0,0.0,0.0,0.0,0.0,1.0,0.0,0.0,0.0,0.0,0.0,0.0,0.0,1600.0,0.0,0.0,0.0,-7.105427357601002e-17,1.0805156823142816e-16,1.3559523874088578e-15,1.4897411453073922e-16,2.1872322410349084e-15,1.2232396861929305e-16,-3.552713678800501e-15,0.0,3.552713678800501e-15,0.0,,,,,,,,,,,,,,,,,,,,,,,,,,,,,,,,,,,,,,,,,,,,,,,,,,,,,,,,,,,,,,,,
diagnosis_controls,interface_conditional,synthetic,diagnosis,known-law error full | known_law_oracle,,,,,,,,,,,,,,,,,,,,,,,,,,,,,,,3,"[11, 12, 13]",interface_conditional,,,,,,,,,,,,,,,,,,,,,,,,,,,,,,,,,,,,,,,,,,,,,,,,,,,,,0.0,0.0,0.0,0.0,0.0,0.0,1.0,7.850462293418876e-17,0.0,0.0,0.0,0.0,0.0,0.0,1.0,7.850462293418876e-17,0.0,0.0,0.0,0.0,0.0,0.0,1.0,1.5700924586837752e-16,0.0,0.0,0.0,0.0,,,,,,,,,,,,,,,,,,,,,,,,,,,,,,,,,,,,
diagnosis_controls,interface_conditional,synthetic,diagnosis,joint | full | known_law_oracle,,,,,,,,,,,,,,,,,,,,,,,,,,,,,,,3,"[11, 12, 13]",interface_conditional,,,,,,,,,,,,,,,,,,,,,,,,,,,,,,,,,,,,,,,,,,,,,,,,,,,,,,,,,,,,,,,,,,,,,,,,,,,,,,,,,0.05000000000000001,8.498374721940739e-18,200.0,0.0,25.123579209597313,0.8029984373828893,17.044397970706715,2.1083751073729076,0.06166666666666667,0.03752776749732568,0.06666666666666667,0.03214550253664318,0.495175,0.009931232300173022,0.5004042151936351,0.002741286964361124,0.495175,0.009931232300173022,0.5191666666666667,0.02036131953811768,200.0,0.0,0.0,0.0,0.0,0.0,0.0,0.0,200.0,0.0,186.66666666666666,6.429100507328636,0.24666666666666667,0.022546248764114478,0.02,0.005000000000000001
diagnosis_controls,interface_conditional,synthetic,diagnosis,independent | full | known_law_oracle,,,,,,,,,,,,,,,,,,,,,,,,,,,,,,,3,"[11, 12, 13]",interface_conditional,,,,,,,,,,,,,,,,,,,,,,,,,,,,,,,,,,,,,,,,,,,,,,,,,,,,,,,,,,,,,,,,,,,,,,,,,,,,,,,,,0.05000000000000001,8.498374721940739e-18,200.0,0.0,25.123579209597313,0.8029984373828913,17.044397970706715,2.108375107372908,0.06166666666666667,0.03752776749732568,0.06666666666666667,0.03214550253664318,0.495175,0.009931232300173022,0.5004042151936351,0.002741286964361124,0.495175,0.009931232300173022,0.5191666666666667,0.02036131953811768,200.0,0.0,0.0,0.0,0.0,0.0,0.0,0.0,200.0,0.0,186.66666666666666,6.429100507328636,0.24666666666666667,0.022546248764114478,0.02,0.005000000000000001
diagnosis_controls,interface_conditional,synthetic,diagnosis,marginal_max | full | known_law_oracle,,,,,,,,,,,,,,,,,,,,,,,,,,,,,,,3,"[11, 12, 13]",interface_conditional,,,,,,,,,,,,,,,,,,,,,,,,,,,,,,,,,,,,,,,,,,,,,,,,,,,,,,,,,,,,,,,,,,,,,,,,,,,,,,,,,0.05000000000000001,8.498374721940739e-18,200.0,0.0,9.534260679629464,0.5096828622100442,9.419955147727025,2.0038181239108432,0.06833333333333334,0.007637626158259734,0.06333333333333334,0.016072751268321594,0.49613749999999995,0.005834447810204524,0.4981638992130874,0.007072901242308277,0.49613749999999995,0.005834447810204524,0.5191666666666667,0.02036131953811768,200.0,0.0,0.0,0.0,0.0,0.0,0.0,0.0,200.0,0.0,187.33333333333334,3.2145502536643185,0.24666666666666667,0.022546248764114478,0.013333333333333334,0.011547005383792516
diagnosis_controls,interface_conditional,synthetic,diagnosis,conditional_max | full | known_law_oracle,,,,,,,,,,,,,,,,,,,,,,,,,,,,,,,3,"[11, 12, 13]",interface_conditional,,,,,,,,,,,,,,,,,,,,,,,,,,,,,,,,,,,,,,,,,,,,,,,,,,,,,,,,,,,,,,,,,,,,,,,,,,,,,,,,,0.05000000000000001,8.498374721940739e-18,200.0,0.0,9.534260679629464,0.5096828622100421,9.419955147727027,2.0038181239108415,0.06833333333333334,0.007637626158259734,0.06333333333333334,0.016072751268321594,0.49618333333333337,0.005731005765424863,0.49909067103859645,0.006926249550799064,0.49618333333333337,0.005731005765424863,0.5191666666666667,0.02036131953811768,200.0,0.0,0.0,0.0,0.0,0.0,0.0,0.0,200.0,0.0,187.33333333333334,3.2145502536643185,0.24666666666666667,0.022546248764114478,0.013333333333333334,0.011547005383792516
diagnosis_controls,interface_conditional,synthetic,diagnosis,relational_max | full | known_law_oracle,,,,,,,,,,,,,,,,,,,,,,,,,,,,,,,3,"[11, 12, 13]",interface_conditional,,,,,,,,,,,,,,,,,,,,,,,,,,,,,,,,,,,,,,,,,,,,,,,,,,,,,,,,,,,,,,,,,,,,,,,,,,,,,,,,,0.05000000000000001,8.498374721940739e-18,200.0,0.0,2.960594732333751e-15,5.127900497022838e-16,7.697546304067751e-15,5.127900497022837e-16,0.043333333333333335,0.020816659994661327,0.055000000000000014,0.0360555127546399,0.49685833333333335,0.03547310674417076,0.503320472520619,0.017195342160496938,0.49685833333333335,0.03547310674417076,0.43069444444444444,0.007742977702647969,200.0,0.0,0.0,0.0,0.0,0.0,200.0,0.0,0.0,0.0,0.0,0.0,,,0.0,0.0
diagnosis_controls,interface_conditional,synthetic,diagnosis,query random1:0 | circuit,,,,,,,,,,,,,,,,,,,,,,,,,,,,,,,3,"[11, 12, 13]",interface_conditional,,,,,,,,,,,3.417332967122396e-06,7.66408503929214e-07,0.015258750000308888,0.0007124192173340402,0.009191930334054632,0.0007176475709902544,400.0,0.0,3.0,0.0,3.0,0.0,3.0,0.0,3.0,0.0,802.0,0.0,32.0,0.0,1.0,0.0,0.015126666666666668,0.0007086976318101636,320800.0,0.0,25600.0,0.0,1600.0,0.0,51200.0,0.0,-0.00537749774139229,0.005161293117815988,0.026099878499129165,0.022695590426555497,0.03238544805208221,0.028571926966648325,-0.067443945503328,0.0647221130412161,0.048129272705409676,0.045243159989891285,,,,,,,,,,,,,,,,,,,,,,,,,,,,,,,,,,,,,,,,,,,,,,,,,,,,,,,,,,,,,,,,
diagnosis_controls,interface_conditional,synthetic,diagnosis,known-law error random1:0 | circuit,,,,,,,,,,,,,,,,,,,,,,,,,,,,,,,3,"[11, 12, 13]",interface_conditional,,,,,,,,,,,,,,,,,,,,,,,,,,,,,,,,,,,,,,,,,,,,,,,,,,,,,0.12747103934959278,0.008270425708616878,0.36262245841861557,0.016203127147889667,4.361005571321409,0.7545620121045694,0.9398952608805325,0.0013176864234261424,0.12388630726743854,0.011316940216132021,0.3609820369384919,0.01689967720607876,4.333553738232218,0.7594254665390326,0.9400337997531394,0.0012904566833446772,0.0035847340689757097,0.0034410003393639844,0.017452822261386433,0.01516571555765732,0.0875387191772458,0.07868320953278482,0.018172925530229315,0.07201903652607196,-0.3770364278199998,0.029283205535631948,0.6693530733276107,0.04258559538564055,,,,,,,,,,,,,,,,,,,,,,,,,,,,,,,,,,,,
diagnosis_controls,interface_conditional,synthetic,diagnosis,joint | random1:0 | circuit,,,,,,,,,,,,,,,,,,,,,,,,,,,,,,,3,"[11, 12, 13]",interface_conditional,,,,,,,,,,,,,,,,,,,,,,,,,,,,,,,,,,,,,,,,,,,,,,,,,,,,,,,,,,,,,,,,,,,,,,,,,,,,,,,,,0.05000000000000001,8.498374721940739e-18,200.0,0.0,19.48197873433431,0.3616885198882332,13.309389432271322,0.6142294286859246,0.07666666666666666,0.03329164059239697,0.07666666666666666,0.03329164059239697,0.5,0.0,0.5,0.0,0.5,0.0,,,0.0,0.0,200.0,0.0,0.0,0.0,0.0,0.0,0.0,0.0,0.0,0.0,,,0.0,0.0
diagnosis_controls,interface_conditional,synthetic,diagnosis,independent | random1:0 | circuit,,,,,,,,,,,,,,,,,,,,,,,,,,,,,,,3,"[11, 12, 13]",interface_conditional,,,,,,,,,,,,,,,,,,,,,,,,,,,,,,,,,,,,,,,,,,,,,,,,,,,,,,,,,,,,,,,,,,,,,,,,,,,,,,,,,0.05000000000000001,8.498374721940739e-18,200.0,0.0,19.47372563680013,0.38242728709547624,13.291694641113281,0.6280892083802462,0.08,0.03905124837953328,0.08,0.03905124837953328,0.5,0.0,0.5,0.0,0.5,0.0,,,0.0,0.0,200.0,0.0,0.0,0.0,0.0,0.0,0.0,0.0,0.0,0.0,,,0.0,0.0
diagnosis_controls,interface_conditional,synthetic,diagnosis,marginal_max | random1:0 | circuit,,,,,,,,,,,,,,,,,,,,,,,,,,,,,,,3,"[11, 12, 13]",interface_conditional,,,,,,,,,,,,,,,,,,,,,,,,,,,,,,,,,,,,,,,,,,,,,,,,,,,,,,,,,,,,,,,,,,,,,,,,,,,,,,,,,0.05000000000000001,8.498374721940739e-18,200.0,0.0,9.643051465352377,0.35823490147725107,10.236974398295084,1.7044132941350505,0.05333333333333334,0.0057735026918962545,0.05333333333333334,0.0057735026918962545,0.5,0.0,0.5,0.0,0.5,0.0,,,0.0,0.0,200.0,0.0,0.0,0.0,0.0,0.0,0.0,0.0,0.0,0.0,,,0.0,0.0
diagnosis_controls,interface_conditional,synthetic,diagnosis,conditional_max | random1:0 | circuit,,,,,,,,,,,,,,,,,,,,,,,,,,,,,,,3,"[11, 12, 13]",interface_conditional,,,,,,,,,,,,,,,,,,,,,,,,,,,,,,,,,,,,,,,,,,,,,,,,,,,,,,,,,,,,,,,,,,,,,,,,,,,,,,,,,0.05000000000000001,8.498374721940739e-18,200.0,0.0,9.64426040649414,0.3561192981158706,10.2741330464681,1.7046245835115337,0.05333333333333334,0.0057735026918962545,0.05333333333333334,0.0057735026918962545,0.5,0.0,0.5,0.0,0.5,0.0,,,0.0,0.0,200.0,0.0,0.0,0.0,0.0,0.0,0.0,0.0,0.0,0.0,,,0.0,0.0
diagnosis_controls,interface_conditional,synthetic,diagnosis,relational_max | random1:0 | circuit,,,,,,,,,,,,,,,,,,,,,,,,,,,,,,,3,"[11, 12, 13]",interface_conditional,,,,,,,,,,,,,,,,,,,,,,,,,,,,,,,,,,,,,,,,,,,,,,,,,,,,,,,,,,,,,,,,,,,,,,,,,,,,,,,,,0.05000000000000001,8.498374721940739e-18,200.0,0.0,0.06644121805826823,0.06183560740932729,0.08076667785644531,0.0770096743070156,0.03833333333333333,0.014433756729740645,0.03833333333333333,0.014433756729740645,0.5,0.0,0.5,0.0,0.5,0.0,,,0.0,0.0,200.0,0.0,0.0,0.0,0.0,0.0,0.0,0.0,0.0,0.0,,,0.0,0.0
diagnosis_controls,interface_conditional,synthetic,diagnosis,query random1:0 | known_law_oracle,,,,,,,,,,,,,,,,,,,,,,,,,,,,,,,3,"[11, 12, 13]",interface_conditional,,,,,,,,,,,0.0,0.0,0.0012958743330576301,8.203718001761105e-05,0.0011431939989658229,4.774492587516256e-05,400.0,0.0,3.0,0.0,3.0,0.0,3.0,0.0,4.0,0.0,0.0,0.0,0.0,0.0,1.0,0.0,0.0,0.0,0.0,0.0,0.0,0.0,1600.0,0.0,0.0,0.0,-8.052817671947803e-16,1.6906525406631609e-16,1.0954200509634876e-15,7.65758843379746e-17,1.7506064265808513e-15,1.3584626236046136e-16,-3.552713678800501e-15,0.0,1.1842378929335002e-15,2.051160198809135e-15,,,,,,,,,,,,,,,,,,,,,,,,,,,,,,,,,,,,,,,,,,,,,,,,,,,,,,,,,,,,,,,,
diagnosis_controls,interface_conditional,synthetic,diagnosis,known-law error random1:0 | known_law_oracle,,,,,,,,,,,,,,,,,,,,,,,,,,,,,,,3,"[11, 12, 13]",interface_conditional,,,,,,,,,,,,,,,,,,,,,,,,,,,,,,,,,,,,,,,,,,,,,,,,,,,,,0.0,0.0,0.0,0.0,0.0,0.0,1.0,7.850462293418876e-17,0.0,0.0,0.0,0.0,0.0,0.0,1.0,7.850462293418876e-17,0.0,0.0,0.0,0.0,0.0,0.0,1.0,0.0,0.0,0.0,0.0,0.0,,,,,,,,,,,,,,,,,,,,,,,,,,,,,,,,,,,,
diagnosis_controls,interface_conditional,synthetic,diagnosis,joint | random1:0 | known_law_oracle,,,,,,,,,,,,,,,,,,,,,,,,,,,,,,,3,"[11, 12, 13]",interface_conditional,,,,,,,,,,,,,,,,,,,,,,,,,,,,,,,,,,,,,,,,,,,,,,,,,,,,,,,,,,,,,,,,,,,,,,,,,,,,,,,,,0.05000000000000001,8.498374721940739e-18,200.0,0.0,19.29980858508487,0.2907926582450536,12.460575795018181,0.5139552780926636,0.06333333333333334,0.036170890690351176,0.06333333333333334,0.036170890690351176,0.5,0.0,0.5,0.0,0.5,0.0,,,0.0,0.0,200.0,0.0,0.0,0.0,0.0,0.0,0.0,0.0,0.0,0.0,,,0.0,0.0
diagnosis_controls,interface_conditional,synthetic,diagnosis,independent | random1:0 | known_law_oracle,,,,,,,,,,,,,,,,,,,,,,,,,,,,,,,3,"[11, 12, 13]",interface_conditional,,,,,,,,,,,,,,,,,,,,,,,,,,,,,,,,,,,,,,,,,,,,,,,,,,,,,,,,,,,,,,,,,,,,,,,,,,,,,,,,,0.05000000000000001,8.498374721940739e-18,200.0,0.0,19.29980858508487,0.29079265824505296,12.460575795018181,0.5139552780926618,0.06333333333333334,0.036170890690351176,0.06333333333333334,0.036170890690351176,0.5,0.0,0.5,0.0,0.5,0.0,,,0.0,0.0,200.0,0.0,0.0,0.0,0.0,0.0,0.0,0.0,0.0,0.0,,,0.0,0.0
diagnosis_controls,interface_conditional,synthetic,diagnosis,marginal_max | random1:0 | known_law_oracle,,,,,,,,,,,,,,,,,,,,,,,,,,,,,,,3,"[11, 12, 13]",interface_conditional,,,,,,,,,,,,,,,,,,,,,,,,,,,,,,,,,,,,,,,,,,,,,,,,,,,,,,,,,,,,,,,,,,,,,,,,,,,,,,,,,0.05000000000000001,8.498374721940739e-18,200.0,0.0,8.943559558715588,0.1510144337961069,8.295845016820818,0.8547720703698442,0.07,0.025980762113533163,0.07,0.025980762113533163,0.5,0.0,0.5,0.0,0.5,0.0,,,0.0,0.0,200.0,0.0,0.0,0.0,0.0,0.0,0.0,0.0,0.0,0.0,,,0.0,0.0
diagnosis_controls,interface_conditional,synthetic,diagnosis,conditional_max | random1:0 | known_law_oracle,,,,,,,,,,,,,,,,,,,,,,,,,,,,,,,3,"[11, 12, 13]",interface_conditional,,,,,,,,,,,,,,,,,,,,,,,,,,,,,,,,,,,,,,,,,,,,,,,,,,,,,,,,,,,,,,,,,,,,,,,,,,,,,,,,,0.05000000000000001,8.498374721940739e-18,200.0,0.0,8.943559558715588,0.15101443379610804,8.295845016820817,0.8547720703698464,0.07,0.025980762113533163,0.07,0.025980762113533163,0.5,0.0,0.5,0.0,0.5,0.0,,,0.0,0.0,200.0,0.0,0.0,0.0,0.0,0.0,0.0,0.0,0.0,0.0,,,0.0,0.0
diagnosis_controls,interface_conditional,synthetic,diagnosis,relational_max | random1:0 | known_law_oracle,,,,,,,,,,,,,,,,,,,,,,,,,,,,,,,3,"[11, 12, 13]",interface_conditional,,,,,,,,,,,,,,,,,,,,,,,,,,,,,,,,,,,,,,,,,,,,,,,,,,,,,,,,,,,,,,,,,,,,,,,,,,,,,,,,,0.05000000000000001,8.498374721940739e-18,200.0,0.0,3.552713678800501e-15,8.881784197001252e-16,7.697546304067751e-15,5.127900497022837e-16,0.06333333333333334,0.03013856886670854,0.06333333333333334,0.03013856886670854,0.5,0.0,0.5,0.0,0.5,0.0,,,0.0,0.0,200.0,0.0,0.0,0.0,0.0,0.0,0.0,0.0,0.0,0.0,,,0.0,0.0
diagnosis_controls,interface_conditional,synthetic,diagnosis,query random2:1-2 | circuit,,,,,,,,,,,,,,,,,,,,,,,,,,,,,,,3,"[11, 12, 13]",interface_conditional,,,,,,,,,,,2.0662943522135415e-06,9.926156995134986e-07,0.014839055333141005,0.0005222348877676812,0.00910294433318389,0.000615081628892593,400.0,0.0,2.0,0.0,2.0,0.0,2.0,0.0,3.0,0.0,802.0,0.0,32.0,0.0,1.0,0.0,0.014712333333333332,0.0005126717598359927,320800.0,0.0,25600.0,0.0,1600.0,0.0,51200.0,0.0,-3.6867459538569847e-06,5.94884232696465e-06,5.352576382241144e-05,8.477216314511877e-05,6.330136011456489e-05,9.940892852422254e-05,-0.00010503133338109667,0.00016542823787399631,8.74360399999811e-05,0.00013340076954594717,,,,,,,,,,,,,,,,,,,,,,,,,,,,,,,,,,,,,,,,,,,,,,,,,,,,,,,,,,,,,,,,
diagnosis_controls,interface_conditional,synthetic,diagnosis,known-law error random2:1-2 | circuit,,,,,,,,,,,,,,,,,,,,,,,,,,,,,,,3,"[11, 12, 13]",interface_conditional,,,,,,,,,,,,,,,,,,,,,,,,,,,,,,,,,,,,,,,,,,,,,,,,,,,,,0.1170816325581962,0.009193544821351565,0.34880775441081185,0.02129580357581008,4.682426079593239,1.6561326670857455,0.946488477679658,0.004083201988960664,0.11708101912706041,0.009194757083488186,0.34880964616289595,0.021299184767865867,4.682430530073382,1.6561275592560858,0.9464891459500396,0.004082080465502902,6.143252054428376e-07,1.2200481616267793e-06,5.371133486432515e-05,8.518433233237493e-05,0.00016880035400420232,0.0002562457404310513,-0.0037221258891243663,0.030553003618466017,-0.23416284033395732,0.018388280698327056,0.5231267050611822,0.0296401790309058,,,,,,,,,,,,,,,,,,,,,,,,,,,,,,,,,,,,
diagnosis_controls,interface_conditional,synthetic,diagnosis,joint | random2:1-2 | circuit,,,,,,,,,,,,,,,,,,,,,,,,,,,,,,,3,"[11, 12, 13]",interface_conditional,,,,,,,,,,,,,,,,,,,,,,,,,,,,,,,,,,,,,,,,,,,,,,,,,,,,,,,,,,,,,,,,,,,,,,,,,,,,,,,,,0.05000000000000001,8.498374721940739e-18,200.0,0.0,14.377507527669271,0.44956559572341936,15.122974077860514,2.2464836004418633,0.04666666666666667,0.017559422921421233,0.04833333333333333,0.01607275126832159,0.49480833333333335,0.007705531022151147,0.5015372777593502,0.003436371733157746,0.49480833333333335,0.007705531022151147,0.7408333333333333,0.02753785273643047,200.0,0.0,0.0,0.0,0.0,0.0,0.0,0.0,200.0,0.0,190.33333333333334,3.2145502536643185,0.4816666666666667,0.05507570547286104,0.02666666666666667,0.015275252316519468
diagnosis_controls,interface_conditional,synthetic,diagnosis,independent | random2:1-2 | circuit,,,,,,,,,,,,,,,,,,,,,,,,,,,,,,,3,"[11, 12, 13]",interface_conditional,,,,,,,,,,,,,,,,,,,,,,,,,,,,,,,,,,,,,,,,,,,,,,,,,,,,,,,,,,,,,,,,,,,,,,,,,,,,,,,,,0.05000000000000001,8.498374721940739e-18,200.0,0.0,14.377461115519205,0.44961207584876955,15.122838973999023,2.246504781014036,0.04666666666666667,0.017559422921421233,0.04833333333333333,0.01607275126832159,0.49480833333333335,0.007705531022151147,0.5015372777593502,0.003436371733157746,0.49480833333333335,0.007705531022151147,0.7408333333333333,0.02753785273643047,200.0,0.0,0.0,0.0,0.0,0.0,0.0,0.0,200.0,0.0,190.33333333333334,3.2145502536643185,0.4816666666666667,0.05507570547286104,0.02666666666666667,0.015275252316519468
diagnosis_controls,interface_conditional,synthetic,diagnosis,marginal_max | random2:1-2 | circuit,,,,,,,,,,,,,,,,,,,,,,,,,,,,,,,3,"[11, 12, 13]",interface_conditional,,,,,,,,,,,,,,,,,,,,,,,,,,,,,,,,,,,,,,,,,,,,,,,,,,,,,,,,,,,,,,,,,,,,,,,,,,,,,,,,,0.05000000000000001,8.498374721940739e-18,200.0,0.0,9.044146219889322,0.8394883869019737,12.061772028605143,2.9296887601520227,0.045000000000000005,0.026457513110645904,0.05000000000000001,0.03968626966596886,0.49515416666666673,0.014351700320287224,0.49955365986872796,0.00192490516346028,0.49515416666666673,0.014351700320287224,0.7408333333333333,0.02753785273643047,200.0,0.0,0.0,0.0,0.0,0.0,0.0,0.0,200.0,0.0,190.0,7.937253933193772,0.4816666666666667,0.05507570547286104,0.02666666666666667,0.012583057392117916
diagnosis_controls,interface_conditional,synthetic,diagnosis,conditional_max | random2:1-2 | circuit,,,,,,,,,,,,,,,,,,,,,,,,,,,,,,,3,"[11, 12, 13]",interface_conditional,,,,,,,,,,,,,,,,,,,,,,,,,,,,,,,,,,,,,,,,,,,,,,,,,,,,,,,,,,,,,,,,,,,,,,,,,,,,,,,,,0.05000000000000001,8.498374721940739e-18,200.0,0.0,9.04412587483724,0.8394642623524237,12.061676979064941,2.929737212246869,0.045000000000000005,0.026457513110645904,0.05000000000000001,0.03968626966596886,0.49517916666666667,0.014329604044890178,0.5009096013615918,0.001813374725675512,0.49517916666666667,0.014329604044890178,0.7408333333333333,0.02753785273643047,200.0,0.0,0.0,0.0,0.0,0.0,0.0,0.0,200.0,0.0,190.0,7.937253933193772,0.4816666666666667,0.05507570547286104,0.02666666666666667,0.012583057392117916
diagnosis_controls,interface_conditional,synthetic,diagnosis,relational_max | random2:1-2 | circuit,,,,,,,,,,,,,,,,,,,,,,,,,,,,,,,3,"[11, 12, 13]",interface_conditional,,,,,,,,,,,,,,,,,,,,,,,,,,,,,,,,,,,,,,,,,,,,,,,,,,,,,,,,,,,,,,,,,,,,,,,,,,,,,,,,,0.05000000000000001,8.498374721940739e-18,200.0,0.0,0.00010045369466145833,0.00015673466451231324,0.00030517578125,0.0004620559444362543,0.05666666666666667,0.014433756729740645,0.035,0.018027756377319945,0.4793875,0.013647235296938343,0.48423602762540474,0.007185997572219637,0.4793875,0.013647235296938343,0.6466666666666666,0.08217106141053149,200.0,0.0,0.0,0.0,0.0,0.0,200.0,0.0,0.0,0.0,0.0,0.0,,,0.0,0.0
diagnosis_controls,interface_conditional,synthetic,diagnosis,query random2:1-2 | known_law_oracle,,,,,,,,,,,,,,,,,,,,,,,,,,,,,,,3,"[11, 12, 13]",interface_conditional,,,,,,,,,,,0.0,0.0,0.0009104443330822202,4.402342442172357e-05,0.0008338893348991405,5.208075509248541e-06,400.0,0.0,2.0,0.0,2.0,0.0,2.0,0.0,3.0,0.0,0.0,0.0,0.0,0.0,1.0,0.0,0.0,0.0,0.0,0.0,0.0,0.0,1600.0,0.0,0.0,0.0,1.4802973661668747e-18,5.185268477743734e-17,7.94919685631612e-16,3.635026844804854e-17,1.2597021420149655e-15,9.620019411629533e-17,-1.7763568394002505e-15,0.0,1.7763568394002505e-15,0.0,,,,,,,,,,,,,,,,,,,,,,,,,,,,,,,,,,,,,,,,,,,,,,,,,,,,,,,,,,,,,,,,
diagnosis_controls,interface_conditional,synthetic,diagnosis,known-law error random2:1-2 | known_law_oracle,,,,,,,,,,,,,,,,,,,,,,,,,,,,,,,3,"[11, 12, 13]",interface_conditional,,,,,,,,,,,,,,,,,,,,,,,,,,,,,,,,,,,,,,,,,,,,,,,,,,,,,0.0,0.0,0.0,0.0,0.0,0.0,1.0,0.0,0.0,0.0,0.0,0.0,0.0,0.0,1.0,7.850462293418876e-17,0.0,0.0,0.0,0.0,0.0,0.0,1.0,0.0,0.0,0.0,0.0,0.0,,,,,,,,,,,,,,,,,,,,,,,,,,,,,,,,,,,,
diagnosis_controls,interface_conditional,synthetic,diagnosis,joint | random2:1-2 | known_law_oracle,,,,,,,,,,,,,,,,,,,,,,,,,,,,,,,3,"[11, 12, 13]",interface_conditional,,,,,,,,,,,,,,,,,,,,,,,,,,,,,,,,,,,,,,,,,,,,,,,,,,,,,,,,,,,,,,,,,,,,,,,,,,,,,,,,,0.05000000000000001,8.498374721940739e-18,200.0,0.0,13.769395103454466,0.5250458619897761,12.63746632738173,2.7513576601755787,0.06,0.02179449471770337,0.05833333333333333,0.023629078131263043,0.4931666666666667,0.002662509780889715,0.4980909744255228,0.008144681189338115,0.4931666666666667,0.002662509780889715,0.735,0.021360009363293814,200.0,0.0,0.0,0.0,0.0,0.0,0.0,0.0,200.0,0.0,188.33333333333334,4.725815626252609,0.47000000000000003,0.042720018726587664,0.03166666666666667,0.017559422921421233
diagnosis_controls,interface_conditional,synthetic,diagnosis,independent | random2:1-2 | known_law_oracle,,,,,,,,,,,,,,,,,,,,,,,,,,,,,,,3,"[11, 12, 13]",interface_conditional,,,,,,,,,,,,,,,,,,,,,,,,,,,,,,,,,,,,,,,,,,,,,,,,,,,,,,,,,,,,,,,,,,,,,,,,,,,,,,,,,0.05000000000000001,8.498374721940739e-18,200.0,0.0,13.769395103454466,0.5250458619897754,12.637466327381732,2.7513576601755827,0.06,0.02179449471770337,0.05833333333333333,0.023629078131263043,0.4931666666666667,0.002662509780889715,0.4980909744255228,0.008144681189338115,0.4931666666666667,0.002662509780889715,0.735,0.021360009363293814,200.0,0.0,0.0,0.0,0.0,0.0,0.0,0.0,200.0,0.0,188.33333333333334,4.725815626252609,0.47000000000000003,0.042720018726587664,0.03166666666666667,0.017559422921421233
diagnosis_controls,interface_conditional,synthetic,diagnosis,marginal_max | random2:1-2 | known_law_oracle,,,,,,,,,,,,,,,,,,,,,,,,,,,,,,,3,"[11, 12, 13]",interface_conditional,,,,,,,,,,,,,,,,,,,,,,,,,,,,,,,,,,,,,,,,,,,,,,,,,,,,,,,,,,,,,,,,,,,,,,,,,,,,,,,,,0.05000000000000001,8.498374721940739e-18,200.0,0.0,8.595289520117367,0.23160424573356572,9.740492913301235,2.249900700533881,0.05666666666666667,0.011547005383792516,0.06,0.008660254037844387,0.49716249999999995,0.013925993007681717,0.4985831780148846,0.005454555969268877,0.49716249999999995,0.013925993007681717,0.735,0.021360009363293814,200.0,0.0,0.0,0.0,0.0,0.0,0.0,0.0,200.0,0.0,188.0,1.7320508075688772,0.47000000000000003,0.042720018726587664,0.03166666666666667,0.014433756729740645
diagnosis_controls,interface_conditional,synthetic,diagnosis,conditional_max | random2:1-2 | known_law_oracle,,,,,,,,,,,,,,,,,,,,,,,,,,,,,,,3,"[11, 12, 13]",interface_conditional,,,,,,,,,,,,,,,,,,,,,,,,,,,,,,,,,,,,,,,,,,,,,,,,,,,,,,,,,,,,,,,,,,,,,,,,,,,,,,,,,0.05000000000000001,8.498374721940739e-18,200.0,0.0,8.59528952011737,0.23160424573356708,9.740492913301232,2.249900700533878,0.05666666666666667,0.011547005383792516,0.06,0.008660254037844387,0.4971625,0.013918754209698497,0.4995009555915573,0.005672695382671846,0.4971625,0.013918754209698497,0.735,0.021360009363293814,200.0,0.0,0.0,0.0,0.0,0.0,0.0,0.0,200.0,0.0,188.0,1.7320508075688772,0.47000000000000003,0.042720018726587664,0.03166666666666667,0.014433756729740645
diagnosis_controls,interface_conditional,synthetic,diagnosis,relational_max | random2:1-2 | known_law_oracle,,,,,,,,,,,,,,,,,,,,,,,,,,,,,,,3,"[11, 12, 13]",interface_conditional,,,,,,,,,,,,,,,,,,,,,,,,,,,,,,,,,,,,,,,,,,,,,,,,,,,,,,,,,,,,,,,,,,,,,,,,,,,,,,,,,0.05000000000000001,8.498374721940739e-18,200.0,0.0,1.4802973661668755e-15,5.127900497022837e-16,1.0066022089934753e-14,2.713429892601387e-15,0.036666666666666674,0.043684474740270526,0.03,0.027838821814150108,0.5153708333333333,0.025369473946720563,0.5101421953922276,0.016325723779503403,0.5153708333333333,0.025369473946720563,0.5183333333333334,0.005773502691896263,200.0,0.0,0.0,0.0,0.0,0.0,200.0,0.0,0.0,0.0,0.0,0.0,,,0.0,0.0
diagnosis_controls,interface_conditional,synthetic,diagnosis,query random3:1-2-3 | circuit,,,,,,,,,,,,,,,,,,,,,,,,,,,,,,,3,"[11, 12, 13]",interface_conditional,,,,,,,,,,,9.5367431640625e-07,0.0,0.014527847000863403,0.0003306914403455168,0.008902680333752263,0.0005059800423154642,400.0,0.0,1.0,0.0,1.0,0.0,1.0,0.0,3.0,0.0,802.0,0.0,32.0,0.0,1.0,0.0,0.014406666666666665,0.0003211453461181299,320800.0,0.0,25600.0,0.0,1600.0,0.0,51200.0,0.0,-1.319249468186475e-07,6.318467218311399e-08,2.455711296533991e-07,6.34838396214133e-08,3.4156782173037453e-07,5.683026066769382e-08,-4.76837158203125e-07,0.0,4.0133793769806897e-07,1.307684858466031e-07,,,,,,,,,,,,,,,,,,,,,,,,,,,,,,,,,,,,,,,,,,,,,,,,,,,,,,,,,,,,,,,,
diagnosis_controls,interface_conditional,synthetic,diagnosis,known-law error random3:1-2-3 | circuit,,,,,,,,,,,,,,,,,,,,,,,,,,,,,,,3,"[11, 12, 13]",interface_conditional,,,,,,,,,,,,,,,,,,,,,,,,,,,,,,,,,,,,,,,,,,,,,,,,,,,,,0.12113721384296838,0.02979718331494751,0.3510660867925432,0.008025560558833262,4.536270228587491,1.8281238276751002,0.949504847587645,0.003208456295481074,0.12113721384296838,0.02979718331494751,0.3510660867925432,0.008025560558833262,4.536270228587491,1.8281238276751002,0.949504847587645,0.003208456295481074,0.0,0.0,0.0,0.0,0.0,0.0,,,-0.12113733583380802,0.029797200538129686,0.3510661229526943,0.008025565962579154,,,,,,,,,,,,,,,,,,,,,,,,,,,,,,,,,,,,
diagnosis_controls,interface_conditional,synthetic,diagnosis,joint | random3:1-2-3 | circuit,,,,,,,,,,,,,,,,,,,,,,,,,,,,,,,3,"[11, 12, 13]",interface_conditional,,,,,,,,,,,,,,,,,,,,,,,,,,,,,,,,,,,,,,,,,,,,,,,,,,,,,,,,,,,,,,,,,,,,,,,,,,,,,,,,,0.05000000000000001,8.498374721940739e-18,200.0,0.0,8.056043783823648,0.5666086685012953,12.58407179514567,2.760767536816791,0.055,0.008660254037844387,0.05499999999999999,0.008660254037844387,0.491225,0.007118066802159131,0.49940510333082305,0.00275565109097542,0.491225,0.007118066802159131,,,0.0,0.0,0.0,0.0,200.0,0.0,200.0,0.0,0.0,0.0,0.0,0.0,,,0.0,0.0
diagnosis_controls,interface_conditional,synthetic,diagnosis,independent | random3:1-2-3 | circuit,,,,,,,,,,,,,,,,,,,,,,,,,,,,,,,3,"[11, 12, 13]",interface_conditional,,,,,,,,,,,,,,,,,,,,,,,,,,,,,,,,,,,,,,,,,,,,,,,,,,,,,,,,,,,,,,,,,,,,,,,,,,,,,,,,,0.05000000000000001,8.498374721940739e-18,200.0,0.0,8.056043783823648,0.5666086685012953,12.58407211303711,2.760765707850128,0.055,0.008660254037844387,0.05499999999999999,0.008660254037844387,0.491225,0.007118066802159131,0.49940510333082305,0.00275565109097542,0.491225,0.007118066802159131,,,0.0,0.0,0.0,0.0,200.0,0.0,200.0,0.0,0.0,0.0,0.0,0.0,,,0.0,0.0
diagnosis_controls,interface_conditional,synthetic,diagnosis,marginal_max | random3:1-2-3 | circuit,,,,,,,,,,,,,,,,,,,,,,,,,,,,,,,3,"[11, 12, 13]",interface_conditional,,,,,,,,,,,,,,,,,,,,,,,,,,,,,,,,,,,,,,,,,,,,,,,,,,,,,,,,,,,,,,,,,,,,,,,,,,,,,,,,,0.05000000000000001,8.498374721940739e-18,200.0,0.0,8.056043783823648,0.5666086685012953,12.58407211303711,2.760765707850128,0.055,0.008660254037844387,0.05499999999999999,0.008660254037844387,0.491225,0.007118066802159131,0.49940510333082305,0.00275565109097542,0.491225,0.007118066802159131,,,0.0,0.0,0.0,0.0,200.0,0.0,200.0,0.0,0.0,0.0,0.0,0.0,,,0.0,0.0
diagnosis_controls,interface_conditional,synthetic,diagnosis,conditional_max | random3:1-2-3 | circuit,,,,,,,,,,,,,,,,,,,,,,,,,,,,,,,3,"[11, 12, 13]",interface_conditional,,,,,,,,,,,,,,,,,,,,,,,,,,,,,,,,,,,,,,,,,,,,,,,,,,,,,,,,,,,,,,,,,,,,,,,,,,,,,,,,,0.05000000000000001,8.498374721940739e-18,200.0,0.0,8.056043783823648,0.5666086685012953,12.58407211303711,2.760765707850128,0.055,0.008660254037844387,0.05499999999999999,0.008660254037844387,0.491225,0.007118066802159131,0.49940510333082305,0.00275565109097542,0.491225,0.007118066802159131,,,0.0,0.0,0.0,0.0,200.0,0.0,200.0,0.0,0.0,0.0,0.0,0.0,,,0.0,0.0
diagnosis_controls,interface_conditional,synthetic,diagnosis,relational_max | random3:1-2-3 | circuit,,,,,,,,,,,,,,,,,,,,,,,,,,,,,,,3,"[11, 12, 13]",interface_conditional,,,,,,,,,,,,,,,,,,,,,,,,,,,,,,,,,,,,,,,,,,,,,,,,,,,,,,,,,,,,,,,,,,,,,,,,,,,,,,,,,0.05000000000000001,8.498374721940739e-18,200.0,0.0,0.0,0.0,0.0,0.0,0.0,0.0,0.0,0.0,0.5,0.0,0.5,0.0,0.5,0.0,,,0.0,0.0,0.0,0.0,200.0,0.0,200.0,0.0,0.0,0.0,0.0,0.0,,,0.0,0.0
diagnosis_controls,interface_conditional,synthetic,diagnosis,query random3:1-2-3 | known_law_oracle,,,,,,,,,,,,,,,,,,,,,,,,,,,,,,,3,"[11, 12, 13]",interface_conditional,,,,,,,,,,,0.0,0.0,0.00041924999944361235,1.3387424590979655e-05,0.0004017636662562533,1.89006589382891e-05,400.0,0.0,1.0,0.0,1.0,0.0,1.0,0.0,2.0,0.0,0.0,0.0,0.0,0.0,1.0,0.0,0.0,0.0,0.0,0.0,0.0,0.0,1600.0,0.0,0.0,0.0,0.0,0.0,0.0,0.0,0.0,0.0,0.0,0.0,0.0,0.0,,,,,,,,,,,,,,,,,,,,,,,,,,,,,,,,,,,,,,,,,,,,,,,,,,,,,,,,,,,,,,,,
diagnosis_controls,interface_conditional,synthetic,diagnosis,known-law error random3:1-2-3 | known_law_oracle,,,,,,,,,,,,,,,,,,,,,,,,,,,,,,,3,"[11, 12, 13]",interface_conditional,,,,,,,,,,,,,,,,,,,,,,,,,,,,,,,,,,,,,,,,,,,,,,,,,,,,,0.0,0.0,0.0,0.0,0.0,0.0,1.0,0.0,0.0,0.0,0.0,0.0,0.0,0.0,1.0,0.0,0.0,0.0,0.0,0.0,0.0,0.0,,,0.0,0.0,0.0,0.0,,,,,,,,,,,,,,,,,,,,,,,,,,,,,,,,,,,,
diagnosis_controls,interface_conditional,synthetic,diagnosis,joint | random3:1-2-3 | known_law_oracle,,,,,,,,,,,,,,,,,,,,,,,,,,,,,,,3,"[11, 12, 13]",interface_conditional,,,,,,,,,,,,,,,,,,,,,,,,,,,,,,,,,,,,,,,,,,,,,,,,,,,,,,,,,,,,,,,,,,,,,,,,,,,,,,,,,0.05000000000000001,8.498374721940739e-18,200.0,0.0,7.689895496961474,0.5021001950174577,10.071033718670991,2.3032659569915754,0.06333333333333334,0.020207259421636908,0.06,0.0304138126514911,0.48662500000000003,0.006084868527749771,0.4983624026561697,0.008169094318119742,0.48662500000000003,0.006084868527749771,,,0.0,0.0,0.0,0.0,200.0,0.0,200.0,0.0,0.0,0.0,0.0,0.0,,,0.0,0.0
diagnosis_controls,interface_conditional,synthetic,diagnosis,independent | random3:1-2-3 | known_law_oracle,,,,,,,,,,,,,,,,,,,,,,,,,,,,,,,3,"[11, 12, 13]",interface_conditional,,,,,,,,,,,,,,,,,,,,,,,,,,,,,,,,,,,,,,,,,,,,,,,,,,,,,,,,,,,,,,,,,,,,,,,,,,,,,,,,,0.05000000000000001,8.498374721940739e-18,200.0,0.0,7.689895496961474,0.5021001950174577,10.071033718670991,2.3032659569915754,0.06333333333333334,0.020207259421636908,0.06,0.0304138126514911,0.48662500000000003,0.006084868527749771,0.4983624026561697,0.008169094318119742,0.48662500000000003,0.006084868527749771,,,0.0,0.0,0.0,0.0,200.0,0.0,200.0,0.0,0.0,0.0,0.0,0.0,,,0.0,0.0
diagnosis_controls,interface_conditional,synthetic,diagnosis,marginal_max | random3:1-2-3 | known_law_oracle,,,,,,,,,,,,,,,,,,,,,,,,,,,,,,,3,"[11, 12, 13]",interface_conditional,,,,,,,,,,,,,,,,,,,,,,,,,,,,,,,,,,,,,,,,,,,,,,,,,,,,,,,,,,,,,,,,,,,,,,,,,,,,,,,,,0.05000000000000001,8.498374721940739e-18,200.0,0.0,7.689895496961474,0.5021001950174577,10.071033718670991,2.3032659569915754,0.06333333333333334,0.020207259421636908,0.06,0.0304138126514911,0.48662500000000003,0.006084868527749771,0.4983624026561697,0.008169094318119742,0.48662500000000003,0.006084868527749771,,,0.0,0.0,0.0,0.0,200.0,0.0,200.0,0.0,0.0,0.0,0.0,0.0,,,0.0,0.0
diagnosis_controls,interface_conditional,synthetic,diagnosis,conditional_max | random3:1-2-3 | known_law_oracle,,,,,,,,,,,,,,,,,,,,,,,,,,,,,,,3,"[11, 12, 13]",interface_conditional,,,,,,,,,,,,,,,,,,,,,,,,,,,,,,,,,,,,,,,,,,,,,,,,,,,,,,,,,,,,,,,,,,,,,,,,,,,,,,,,,0.05000000000000001,8.498374721940739e-18,200.0,0.0,7.689895496961474,0.5021001950174577,10.071033718670991,2.3032659569915754,0.06333333333333334,0.020207259421636908,0.06,0.0304138126514911,0.48662500000000003,0.006084868527749771,0.4983624026561697,0.008169094318119742,0.48662500000000003,0.006084868527749771,,,0.0,0.0,0.0,0.0,200.0,0.0,200.0,0.0,0.0,0.0,0.0,0.0,,,0.0,0.0
diagnosis_controls,interface_conditional,synthetic,diagnosis,relational_max | random3:1-2-3 | known_law_oracle,,,,,,,,,,,,,,,,,,,,,,,,,,,,,,,3,"[11, 12, 13]",interface_conditional,,,,,,,,,,,,,,,,,,,,,,,,,,,,,,,,,,,,,,,,,,,,,,,,,,,,,,,,,,,,,,,,,,,,,,,,,,,,,,,,,0.05000000000000001,8.498374721940739e-18,200.0,0.0,0.0,0.0,0.0,0.0,0.0,0.0,0.0,0.0,0.5,0.0,0.5,0.0,0.5,0.0,,,0.0,0.0,0.0,0.0,200.0,0.0,200.0,0.0,0.0,0.0,0.0,0.0,,,0.0,0.0
diagnosis_controls,interface_conditional,synthetic,diagnosis,query bank0:0-1 | circuit,,,,,,,,,,,,,,,,,,,,,,,,,,,,,,,3,"[11, 12, 13]",interface_conditional,,,,,,,,,,,1.7484029134114583e-06,2.753020616481904e-07,0.014239208333795736,0.0002325846217655214,0.00883256933229859,0.0004018236666244816,400.0,0.0,2.0,0.0,2.0,0.0,2.0,0.0,3.0,0.0,802.0,0.0,32.0,0.0,1.0,0.0,0.014124666666666667,0.0002295524631393294,320800.0,0.0,25600.0,0.0,1600.0,0.0,51200.0,0.0,-0.003441049270198467,0.0059353020181954355,0.014336467827282226,0.024423447516139157,0.018524043417225283,0.03154903841624708,-0.043610349287822224,0.07449998044378053,0.03046761254275528,0.05193675817952653,,,,,,,,,,,,,,,,,,,,,,,,,,,,,,,,,,,,,,,,,,,,,,,,,,,,,,,,,,,,,,,,
diagnosis_controls,interface_conditional,synthetic,diagnosis,known-law error bank0:0-1 | circuit,,,,,,,,,,,,,,,,,,,,,,,,,,,,,,,3,"[11, 12, 13]",interface_conditional,,,,,,,,,,,,,,,,,,,,,,,,,,,,,,,,,,,,,,,,,,,,,,,,,,,,,0.12240036543890546,0.0034160749377043216,0.3633622224345406,0.011904876883943214,3.3465684122536388,0.5769782809579296,0.9381125338488326,0.0031135049978190115,0.11895946320578171,0.006180941843402272,0.361316532268674,0.015063106092295478,3.3341596788857175,0.5724397441669516,0.9383121847840789,0.003152039120944724,0.0034408875306446984,0.005935353122853614,0.01433645367622379,0.024423459096015315,0.05196380615234375,0.08832527875584119,-0.015217640756590834,0.018481491405228073,-0.24136000030606417,0.008032325222104779,0.5351235220132112,0.01582826358506949,,,,,,,,,,,,,,,,,,,,,,,,,,,,,,,,,,,,
diagnosis_controls,interface_conditional,synthetic,diagnosis,joint | bank0:0-1 | circuit,,,,,,,,,,,,,,,,,,,,,,,,,,,,,,,3,"[11, 12, 13]",interface_conditional,,,,,,,,,,,,,,,,,,,,,,,,,,,,,,,,,,,,,,,,,,,,,,,,,,,,,,,,,,,,,,,,,,,,,,,,,,,,,,,,,0.05000000000000001,8.498374721940739e-18,200.0,0.0,14.25589370727539,0.33559745133370783,11.272672653198242,1.3950784234237406,0.051666666666666666,0.02254624876411447,0.051666666666666666,0.02254624876411447,0.5,0.0,0.5,0.0,0.5,0.0,,,0.0,0.0,200.0,0.0,0.0,0.0,0.0,0.0,0.0,0.0,0.0,0.0,,,0.0,0.0
diagnosis_controls,interface_conditional,synthetic,diagnosis,independent | bank0:0-1 | circuit,,,,,,,,,,,,,,,,,,,,,,,,,,,,,,,3,"[11, 12, 13]",interface_conditional,,,,,,,,,,,,,,,,,,,,,,,,,,,,,,,,,,,,,,,,,,,,,,,,,,,,,,,,,,,,,,,,,,,,,,,,,,,,,,,,,0.05000000000000001,8.498374721940739e-18,200.0,0.0,14.266850471496582,0.33681465521486775,11.277788162231445,1.3859476182103954,0.049999999999999996,0.0229128784747792,0.049999999999999996,0.0229128784747792,0.5,0.0,0.5,0.0,0.5,0.0,,,0.0,0.0,200.0,0.0,0.0,0.0,0.0,0.0,0.0,0.0,0.0,0.0,,,0.0,0.0
diagnosis_controls,interface_conditional,synthetic,diagnosis,marginal_max | bank0:0-1 | circuit,,,,,,,,,,,,,,,,,,,,,,,,,,,,,,,3,"[11, 12, 13]",interface_conditional,,,,,,,,,,,,,,,,,,,,,,,,,,,,,,,,,,,,,,,,,,,,,,,,,,,,,,,,,,,,,,,,,,,,,,,,,,,,,,,,,0.05000000000000001,8.498374721940739e-18,200.0,0.0,9.312235196431478,0.49170300361681174,8.847265243530273,0.5355828414034034,0.041666666666666664,0.015275252316519466,0.041666666666666664,0.015275252316519466,0.5,0.0,0.5,0.0,0.5,0.0,,,0.0,0.0,200.0,0.0,0.0,0.0,0.0,0.0,0.0,0.0,0.0,0.0,,,0.0,0.0
diagnosis_controls,interface_conditional,synthetic,diagnosis,conditional_max | bank0:0-1 | circuit,,,,,,,,,,,,,,,,,,,,,,,,,,,,,,,3,"[11, 12, 13]",interface_conditional,,,,,,,,,,,,,,,,,,,,,,,,,,,,,,,,,,,,,,,,,,,,,,,,,,,,,,,,,,,,,,,,,,,,,,,,,,,,,,,,,0.05000000000000001,8.498374721940739e-18,200.0,0.0,9.310652414957682,0.4935775183689765,8.86888345082601,0.5360919800927412,0.041666666666666664,0.015275252316519466,0.041666666666666664,0.015275252316519466,0.5,0.0,0.5,0.0,0.5,0.0,,,0.0,0.0,200.0,0.0,0.0,0.0,0.0,0.0,0.0,0.0,0.0,0.0,,,0.0,0.0
diagnosis_controls,interface_conditional,synthetic,diagnosis,relational_max | bank0:0-1 | circuit,,,,,,,,,,,,,,,,,,,,,,,,,,,,,,,3,"[11, 12, 13]",interface_conditional,,,,,,,,,,,,,,,,,,,,,,,,,,,,,,,,,,,,,,,,,,,,,,,,,,,,,,,,,,,,,,,,,,,,,,,,,,,,,,,,,0.05000000000000001,8.498374721940739e-18,200.0,0.0,0.04144859313964844,0.07074882884195248,0.0871264139811198,0.14796345349469328,0.04666666666666666,0.014433756729740645,0.04666666666666666,0.014433756729740645,0.5,0.0,0.5,0.0,0.5,0.0,,,0.0,0.0,200.0,0.0,0.0,0.0,0.0,0.0,0.0,0.0,0.0,0.0,,,0.0,0.0
diagnosis_controls,interface_conditional,synthetic,diagnosis,query bank0:0-1 | known_law_oracle,,,,,,,,,,,,,,,,,,,,,,,,,,,,,,,3,"[11, 12, 13]",interface_conditional,,,,,,,,,,,0.0,0.0,0.0008732356667072357,6.469578053216893e-05,0.0008153609984825986,1.7708446119054185e-05,400.0,0.0,2.0,0.0,2.0,0.0,2.0,0.0,3.0,0.0,0.0,0.0,0.0,0.0,1.0,0.0,0.0,0.0,0.0,0.0,0.0,0.0,1600.0,0.0,0.0,0.0,-2.516505522483688e-17,5.185268477743734e-17,7.593925488436071e-16,1.9357399876532522e-17,1.1686291224800061e-15,2.882440024992711e-17,-1.7763568394002505e-15,0.0,1.7763568394002505e-15,0.0,,,,,,,,,,,,,,,,,,,,,,,,,,,,,,,,,,,,,,,,,,,,,,,,,,,,,,,,,,,,,,,,
diagnosis_controls,interface_conditional,synthetic,diagnosis,known-law error bank0:0-1 | known_law_oracle,,,,,,,,,,,,,,,,,,,,,,,,,,,,,,,3,"[11, 12, 13]",interface_conditional,,,,,,,,,,,,,,,,,,,,,,,,,,,,,,,,,,,,,,,,,,,,,,,,,,,,,0.0,0.0,0.0,0.0,0.0,0.0,1.0,7.850462293418876e-17,0.0,0.0,0.0,0.0,0.0,0.0,1.0,7.850462293418876e-17,0.0,0.0,0.0,0.0,0.0,0.0,1.0,0.0,0.0,0.0,0.0,0.0,,,,,,,,,,,,,,,,,,,,,,,,,,,,,,,,,,,,
diagnosis_controls,interface_conditional,synthetic,diagnosis,joint | bank0:0-1 | known_law_oracle,,,,,,,,,,,,,,,,,,,,,,,,,,,,,,,3,"[11, 12, 13]",interface_conditional,,,,,,,,,,,,,,,,,,,,,,,,,,,,,,,,,,,,,,,,,,,,,,,,,,,,,,,,,,,,,,,,,,,,,,,,,,,,,,,,,0.05000000000000001,8.498374721940739e-18,200.0,0.0,13.511334918852015,0.4350604957554901,9.840153456901513,0.9350856217930461,0.06666666666666667,0.03547299442298794,0.06666666666666667,0.03547299442298794,0.5,0.0,0.5,0.0,0.5,0.0,,,0.0,0.0,200.0,0.0,0.0,0.0,0.0,0.0,0.0,0.0,0.0,0.0,,,0.0,0.0
diagnosis_controls,interface_conditional,synthetic,diagnosis,independent | bank0:0-1 | known_law_oracle,,,,,,,,,,,,,,,,,,,,,,,,,,,,,,,3,"[11, 12, 13]",interface_conditional,,,,,,,,,,,,,,,,,,,,,,,,,,,,,,,,,,,,,,,,,,,,,,,,,,,,,,,,,,,,,,,,,,,,,,,,,,,,,,,,,0.05000000000000001,8.498374721940739e-18,200.0,0.0,13.511334918852015,0.43506049575549066,9.840153456901513,0.935085621793047,0.06666666666666667,0.03547299442298794,0.06666666666666667,0.03547299442298794,0.5,0.0,0.5,0.0,0.5,0.0,,,0.0,0.0,200.0,0.0,0.0,0.0,0.0,0.0,0.0,0.0,0.0,0.0,,,0.0,0.0
diagnosis_controls,interface_conditional,synthetic,diagnosis,marginal_max | bank0:0-1 | known_law_oracle,,,,,,,,,,,,,,,,,,,,,,,,,,,,,,,3,"[11, 12, 13]",interface_conditional,,,,,,,,,,,,,,,,,,,,,,,,,,,,,,,,,,,,,,,,,,,,,,,,,,,,,,,,,,,,,,,,,,,,,,,,,,,,,,,,,0.05000000000000001,8.498374721940739e-18,200.0,0.0,8.529904649174943,0.3433197510267786,7.840172232970702,0.9427948684257139,0.05333333333333334,0.01527525231651947,0.05333333333333334,0.01527525231651947,0.5,0.0,0.5,0.0,0.5,0.0,,,0.0,0.0,200.0,0.0,0.0,0.0,0.0,0.0,0.0,0.0,0.0,0.0,,,0.0,0.0
diagnosis_controls,interface_conditional,synthetic,diagnosis,conditional_max | bank0:0-1 | known_law_oracle,,,,,,,,,,,,,,,,,,,,,,,,,,,,,,,3,"[11, 12, 13]",interface_conditional,,,,,,,,,,,,,,,,,,,,,,,,,,,,,,,,,,,,,,,,,,,,,,,,,,,,,,,,,,,,,,,,,,,,,,,,,,,,,,,,,0.05000000000000001,8.498374721940739e-18,200.0,0.0,8.529904649174945,0.34331975102677903,7.8401722329707,0.9427948684257161,0.05333333333333334,0.01527525231651947,0.05333333333333334,0.01527525231651947,0.5,0.0,0.5,0.0,0.5,0.0,,,0.0,0.0,200.0,0.0,0.0,0.0,0.0,0.0,0.0,0.0,0.0,0.0,,,0.0,0.0
diagnosis_controls,interface_conditional,synthetic,diagnosis,relational_max | bank0:0-1 | known_law_oracle,,,,,,,,,,,,,,,,,,,,,,,,,,,,,,,3,"[11, 12, 13]",interface_conditional,,,,,,,,,,,,,,,,,,,,,,,,,,,,,,,,,,,,,,,,,,,,,,,,,,,,,,,,,,,,,,,,,,,,,,,,,,,,,,,,,0.05000000000000001,8.498374721940739e-18,200.0,0.0,1.1842378929335002e-15,5.127900497022837e-16,5.625129991434126e-15,1.3567149463006936e-15,0.055,0.04092676385936225,0.055,0.04092676385936225,0.5,0.0,0.5,3.925231146709438e-17,0.5,0.0,,,0.0,0.0,200.0,0.0,0.0,0.0,0.0,0.0,0.0,0.0,0.0,0.0,,,0.0,0.0
diagnosis_controls,interface_conditional,synthetic,diagnosis,query single_sensor_0 | circuit,,,,,,,,,,,,,,,,,,,,,,,,,,,,,,,3,"[11, 12, 13]",interface_conditional,,,,,,,,,,,9.5367431640625e-07,0.0,0.01444558366711135,0.0005842945205333831,0.008727416666564144,0.000408640836145055,400.0,0.0,1.0,0.0,1.0,0.0,1.0,0.0,3.0,0.0,802.0,0.0,32.0,0.0,1.0,0.0,0.014329666666666666,0.000582151469407519,320800.0,0.0,25600.0,0.0,1600.0,0.0,51200.0,0.0,-1.319249468186475e-07,6.318467218311399e-08,2.455711296533991e-07,6.34838396214133e-08,3.4156782173037453e-07,5.683026066769382e-08,-4.76837158203125e-07,0.0,4.0133793769806897e-07,1.307684858466031e-07,,,,,,,,,,,,,,,,,,,,,,,,,,,,,,,,,,,,,,,,,,,,,,,,,,,,,,,,,,,,,,,,
diagnosis_controls,interface_conditional,synthetic,diagnosis,known-law error single_sensor_0 | circuit,,,,,,,,,,,,,,,,,,,,,,,,,,,,,,,3,"[11, 12, 13]",interface_conditional,,,,,,,,,,,,,,,,,,,,,,,,,,,,,,,,,,,,,,,,,,,,,,,,,,,,,0.12113721384296838,0.02979718331494751,0.3510660867925432,0.008025560558833262,4.536270228587491,1.8281238276751002,0.949504847587645,0.003208456295481074,0.12113721384296838,0.02979718331494751,0.3510660867925432,0.008025560558833262,4.536270228587491,1.8281238276751002,0.949504847587645,0.003208456295481074,0.0,0.0,0.0,0.0,0.0,0.0,,,-0.12113733583380802,0.029797200538129686,0.3510661229526943,0.008025565962579154,,,,,,,,,,,,,,,,,,,,,,,,,,,,,,,,,,,,
diagnosis_controls,interface_conditional,synthetic,diagnosis,joint | single_sensor_0 | circuit,,,,,,,,,,,,,,,,,,,,,,,,,,,,,,,3,"[11, 12, 13]",interface_conditional,,,,,,,,,,,,,,,,,,,,,,,,,,,,,,,,,,,,,,,,,,,,,,,,,,,,,,,,,,,,,,,,,,,,,,,,,,,,,,,,,0.05000000000000001,8.498374721940739e-18,200.0,0.0,8.056043783823648,0.5666086685012953,12.58407179514567,2.760767536816791,0.055,0.008660254037844387,0.05499999999999999,0.008660254037844387,0.491225,0.007118066802159131,0.49940510333082305,0.00275565109097542,0.491225,0.007118066802159131,,,0.0,0.0,0.0,0.0,200.0,0.0,200.0,0.0,0.0,0.0,0.0,0.0,,,0.0,0.0
diagnosis_controls,interface_conditional,synthetic,diagnosis,independent | single_sensor_0 | circuit,,,,,,,,,,,,,,,,,,,,,,,,,,,,,,,3,"[11, 12, 13]",interface_conditional,,,,,,,,,,,,,,,,,,,,,,,,,,,,,,,,,,,,,,,,,,,,,,,,,,,,,,,,,,,,,,,,,,,,,,,,,,,,,,,,,0.05000000000000001,8.498374721940739e-18,200.0,0.0,8.056043783823648,0.5666086685012953,12.58407211303711,2.760765707850128,0.055,0.008660254037844387,0.05499999999999999,0.008660254037844387,0.491225,0.007118066802159131,0.49940510333082305,0.00275565109097542,0.491225,0.007118066802159131,,,0.0,0.0,0.0,0.0,200.0,0.0,200.0,0.0,0.0,0.0,0.0,0.0,,,0.0,0.0
diagnosis_controls,interface_conditional,synthetic,diagnosis,marginal_max | single_sensor_0 | circuit,,,,,,,,,,,,,,,,,,,,,,,,,,,,,,,3,"[11, 12, 13]",interface_conditional,,,,,,,,,,,,,,,,,,,,,,,,,,,,,,,,,,,,,,,,,,,,,,,,,,,,,,,,,,,,,,,,,,,,,,,,,,,,,,,,,0.05000000000000001,8.498374721940739e-18,200.0,0.0,8.056043783823648,0.5666086685012953,12.58407211303711,2.760765707850128,0.055,0.008660254037844387,0.05499999999999999,0.008660254037844387,0.491225,0.007118066802159131,0.49940510333082305,0.00275565109097542,0.491225,0.007118066802159131,,,0.0,0.0,0.0,0.0,200.0,0.0,200.0,0.0,0.0,0.0,0.0,0.0,,,0.0,0.0
diagnosis_controls,interface_conditional,synthetic,diagnosis,conditional_max | single_sensor_0 | circuit,,,,,,,,,,,,,,,,,,,,,,,,,,,,,,,3,"[11, 12, 13]",interface_conditional,,,,,,,,,,,,,,,,,,,,,,,,,,,,,,,,,,,,,,,,,,,,,,,,,,,,,,,,,,,,,,,,,,,,,,,,,,,,,,,,,0.05000000000000001,8.498374721940739e-18,200.0,0.0,8.056043783823648,0.5666086685012953,12.58407211303711,2.760765707850128,0.055,0.008660254037844387,0.05499999999999999,0.008660254037844387,0.491225,0.007118066802159131,0.49940510333082305,0.00275565109097542,0.491225,0.007118066802159131,,,0.0,0.0,0.0,0.0,200.0,0.0,200.0,0.0,0.0,0.0,0.0,0.0,,,0.0,0.0
diagnosis_controls,interface_conditional,synthetic,diagnosis,relational_max | single_sensor_0 | circuit,,,,,,,,,,,,,,,,,,,,,,,,,,,,,,,3,"[11, 12, 13]",interface_conditional,,,,,,,,,,,,,,,,,,,,,,,,,,,,,,,,,,,,,,,,,,,,,,,,,,,,,,,,,,,,,,,,,,,,,,,,,,,,,,,,,0.05000000000000001,8.498374721940739e-18,200.0,0.0,0.0,0.0,0.0,0.0,0.0,0.0,0.0,0.0,0.5,0.0,0.5,0.0,0.5,0.0,,,0.0,0.0,0.0,0.0,200.0,0.0,200.0,0.0,0.0,0.0,0.0,0.0,,,0.0,0.0
diagnosis_controls,interface_conditional,synthetic,diagnosis,query single_sensor_0 | known_law_oracle,,,,,,,,,,,,,,,,,,,,,,,,,,,,,,,3,"[11, 12, 13]",interface_conditional,,,,,,,,,,,0.0,0.0,0.0004578609987220261,0.000107079603325721,0.0004805696662515402,0.00015317923947173157,400.0,0.0,1.0,0.0,1.0,0.0,1.0,0.0,2.0,0.0,0.0,0.0,0.0,0.0,1.0,0.0,0.0,0.0,0.0,0.0,0.0,0.0,1600.0,0.0,0.0,0.0,0.0,0.0,0.0,0.0,0.0,0.0,0.0,0.0,0.0,0.0,,,,,,,,,,,,,,,,,,,,,,,,,,,,,,,,,,,,,,,,,,,,,,,,,,,,,,,,,,,,,,,,
diagnosis_controls,interface_conditional,synthetic,diagnosis,known-law error single_sensor_0 | known_law_oracle,,,,,,,,,,,,,,,,,,,,,,,,,,,,,,,3,"[11, 12, 13]",interface_conditional,,,,,,,,,,,,,,,,,,,,,,,,,,,,,,,,,,,,,,,,,,,,,,,,,,,,,0.0,0.0,0.0,0.0,0.0,0.0,1.0,0.0,0.0,0.0,0.0,0.0,0.0,0.0,1.0,0.0,0.0,0.0,0.0,0.0,0.0,0.0,,,0.0,0.0,0.0,0.0,,,,,,,,,,,,,,,,,,,,,,,,,,,,,,,,,,,,
diagnosis_controls,interface_conditional,synthetic,diagnosis,joint | single_sensor_0 | known_law_oracle,,,,,,,,,,,,,,,,,,,,,,,,,,,,,,,3,"[11, 12, 13]",interface_conditional,,,,,,,,,,,,,,,,,,,,,,,,,,,,,,,,,,,,,,,,,,,,,,,,,,,,,,,,,,,,,,,,,,,,,,,,,,,,,,,,,0.05000000000000001,8.498374721940739e-18,200.0,0.0,7.689895496961474,0.5021001950174577,10.071033718670991,2.3032659569915754,0.06333333333333334,0.020207259421636908,0.06,0.0304138126514911,0.48662500000000003,0.006084868527749771,0.4983624026561697,0.008169094318119742,0.48662500000000003,0.006084868527749771,,,0.0,0.0,0.0,0.0,200.0,0.0,200.0,0.0,0.0,0.0,0.0,0.0,,,0.0,0.0
diagnosis_controls,interface_conditional,synthetic,diagnosis,independent | single_sensor_0 | known_law_oracle,,,,,,,,,,,,,,,,,,,,,,,,,,,,,,,3,"[11, 12, 13]",interface_conditional,,,,,,,,,,,,,,,,,,,,,,,,,,,,,,,,,,,,,,,,,,,,,,,,,,,,,,,,,,,,,,,,,,,,,,,,,,,,,,,,,0.05000000000000001,8.498374721940739e-18,200.0,0.0,7.689895496961474,0.5021001950174577,10.071033718670991,2.3032659569915754,0.06333333333333334,0.020207259421636908,0.06,0.0304138126514911,0.48662500000000003,0.006084868527749771,0.4983624026561697,0.008169094318119742,0.48662500000000003,0.006084868527749771,,,0.0,0.0,0.0,0.0,200.0,0.0,200.0,0.0,0.0,0.0,0.0,0.0,,,0.0,0.0
diagnosis_controls,interface_conditional,synthetic,diagnosis,marginal_max | single_sensor_0 | known_law_oracle,,,,,,,,,,,,,,,,,,,,,,,,,,,,,,,3,"[11, 12, 13]",interface_conditional,,,,,,,,,,,,,,,,,,,,,,,,,,,,,,,,,,,,,,,,,,,,,,,,,,,,,,,,,,,,,,,,,,,,,,,,,,,,,,,,,0.05000000000000001,8.498374721940739e-18,200.0,0.0,7.689895496961474,0.5021001950174577,10.071033718670991,2.3032659569915754,0.06333333333333334,0.020207259421636908,0.06,0.0304138126514911,0.48662500000000003,0.006084868527749771,0.4983624026561697,0.008169094318119742,0.48662500000000003,0.006084868527749771,,,0.0,0.0,0.0,0.0,200.0,0.0,200.0,0.0,0.0,0.0,0.0,0.0,,,0.0,0.0
diagnosis_controls,interface_conditional,synthetic,diagnosis,conditional_max | single_sensor_0 | known_law_oracle,,,,,,,,,,,,,,,,,,,,,,,,,,,,,,,3,"[11, 12, 13]",interface_conditional,,,,,,,,,,,,,,,,,,,,,,,,,,,,,,,,,,,,,,,,,,,,,,,,,,,,,,,,,,,,,,,,,,,,,,,,,,,,,,,,,0.05000000000000001,8.498374721940739e-18,200.0,0.0,7.689895496961474,0.5021001950174577,10.071033718670991,2.3032659569915754,0.06333333333333334,0.020207259421636908,0.06,0.0304138126514911,0.48662500000000003,0.006084868527749771,0.4983624026561697,0.008169094318119742,0.48662500000000003,0.006084868527749771,,,0.0,0.0,0.0,0.0,200.0,0.0,200.0,0.0,0.0,0.0,0.0,0.0,,,0.0,0.0
diagnosis_controls,interface_conditional,synthetic,diagnosis,relational_max | single_sensor_0 | known_law_oracle,,,,,,,,,,,,,,,,,,,,,,,,,,,,,,,3,"[11, 12, 13]",interface_conditional,,,,,,,,,,,,,,,,,,,,,,,,,,,,,,,,,,,,,,,,,,,,,,,,,,,,,,,,,,,,,,,,,,,,,,,,,,,,,,,,,0.05000000000000001,8.498374721940739e-18,200.0,0.0,0.0,0.0,0.0,0.0,0.0,0.0,0.0,0.0,0.5,0.0,0.5,0.0,0.5,0.0,,,0.0,0.0,0.0,0.0,200.0,0.0,200.0,0.0,0.0,0.0,0.0,0.0,,,0.0,0.0
diagnosis_controls,within_capacity,synthetic,diagnosis,model,1.5832483768463135e-07,6.775011673373435e-08,128.0,0.0,89.0,0.0,816.0,0.0,1033.0,0.0,6416.0,0.0,802.6666666666666,80.92795149596543,100.33333333333333,10.115993936995679,74.33333333333333,10.115993936995679,20.411980946858723,0.17045765134517277,4.418832540512085,0.5742402863413318,19.930080890655518,0.084160995972654,0.02,0.0,150.0,0.0,128.0,0.0,3,"[11, 12, 13]",within_capacity,,,,,,,,,,,,,,,,,,,,,,,,,,,,,,,,,,,,,,,,,,,,,,,,,,,,,,,,,,,,,,,,,,,,,,,,,,,,,,,,,,,,,,,,,,,,,,,,,,,,,,,,,,,,,,,,,,,,
diagnosis_controls,within_capacity,synthetic,diagnosis,shortcut audit,,,,,,,,,,,,,,,,,,,,,,,,,,,,,,,3,"[11, 12, 13]",within_capacity,0.48155,0.02226208941227215,0.0,0.0,400.0,0.0,400.0,0.0,10.0,0.0,,,,,,,,,,,,,,,,,,,,,,,,,,,,,,,,,,,,,,,,,,,,,,,,,,,,,,,,,,,,,,,,,,,,,,,,,,,,,,,,,,,,,,,,,,,,,,,,,,,,,,,,,,
diagnosis_controls,within_capacity,synthetic,diagnosis,query full | circuit,,,,,,,,,,,,,,,,,,,,,,,,,,,,,,,3,"[11, 12, 13]",within_capacity,,,,,,,,,,,4.6888987223307294e-06,9.02638172435804e-07,0.017568541335397942,0.0017581120267051171,0.009900208332207209,0.0007497274536260874,400.0,0.0,4.0,0.0,4.0,0.0,4.0,0.0,3.0,0.0,1122.0,0.0,16.0,0.0,1.0,0.0,0.01748066666666667,0.0017542007676812057,448800.0,0.0,12800.0,0.0,1600.0,0.0,25600.0,0.0,1.0207494218169208e-05,6.69907243195733e-06,6.622314443423723e-05,2.1796194438933842e-05,0.00010579031610783811,3.46415389514351e-05,-0.00012213389224295193,3.562460081026604e-05,0.000142765047106271,3.8915993264740906e-05,,,,,,,,,,,,,,,,,,,,,,,,,,,,,,,,,,,,,,,,,,,,,,,,,,,,,,,,,,,,,,,,
diagnosis_controls,within_capacity,synthetic,diagnosis,known-law error full | circuit,,,,,,,,,,,,,,,,,,,,,,,,,,,,,,,3,"[11, 12, 13]",within_capacity,,,,,,,,,,,,,,,,,,,,,,,,,,,,,,,,,,,,,,,,,,,,,,,,,,,,,0.11483224583198041,0.015125786085781835,0.3544455663618358,0.01166302637332873,4.848460751597137,2.516818720204051,0.9476313019131123,0.005507938528111064,0.11483847968309467,0.01512991491195218,0.3544472887373875,0.011663929851817115,4.848474420929002,2.51682564283147,0.9476310768396052,0.005508883063712028,-6.229678789132128e-06,4.841213282674664e-06,4.100422064462557e-05,1.2812482458366105e-05,0.0011831919352219462,0.0008756212207412163,0.0011136375042832096,0.025667353584833776,-0.45934171329058576,0.06051252186127336,0.8068396289771202,0.055628637270689854,,,,,,,,,,,,,,,,,,,,,,,,,,,,,,,,,,,,
diagnosis_controls,within_capacity,synthetic,diagnosis,joint | full | circuit,,,,,,,,,,,,,,,,,,,,,,,,,,,,,,,3,"[11, 12, 13]",within_capacity,,,,,,,,,,,,,,,,,,,,,,,,,,,,,,,,,,,,,,,,,,,,,,,,,,,,,,,,,,,,,,,,,,,,,,,,,,,,,,,,,0.05000000000000001,8.498374721940739e-18,200.0,0.0,25.96545664469401,1.0675206767854402,17.100191434224445,1.850530718722992,0.04833333333333334,0.015275252316519466,0.045000000000000005,0.0304138126514911,0.4968166666666667,0.0004584848234492781,0.5005900309894303,0.0018939371054939238,0.4968166666666667,0.0004584848234492781,0.5198611111111111,0.010576550757497727,200.0,0.0,0.0,0.0,0.0,0.0,0.0,0.0,200.0,0.0,191.0,6.082762530298219,0.24833333333333332,0.00763762615825974,0.006666666666666667,0.007637626158259732
diagnosis_controls,within_capacity,synthetic,diagnosis,independent | full | circuit,,,,,,,,,,,,,,,,,,,,,,,,,,,,,,,3,"[11, 12, 13]",within_capacity,,,,,,,,,,,,,,,,,,,,,,,,,,,,,,,,,,,,,,,,,,,,,,,,,,,,,,,,,,,,,,,,,,,,,,,,,,,,,,,,,0.05000000000000001,8.498374721940739e-18,200.0,0.0,25.965370814005535,1.0674199434966192,17.10033957163493,1.8504645629735763,0.04833333333333334,0.015275252316519466,0.045000000000000005,0.0304138126514911,0.4968166666666667,0.0004584848234492781,0.5005900309894303,0.0018939371054939238,0.4968166666666667,0.0004584848234492781,0.5198611111111111,0.010576550757497727,200.0,0.0,0.0,0.0,0.0,0.0,0.0,0.0,200.0,0.0,191.0,6.082762530298219,0.24833333333333332,0.00763762615825974,0.006666666666666667,0.007637626158259732
diagnosis_controls,within_capacity,synthetic,diagnosis,marginal_max | full | circuit,,,,,,,,,,,,,,,,,,,,,,,,,,,,,,,3,"[11, 12, 13]",within_capacity,,,,,,,,,,,,,,,,,,,,,,,,,,,,,,,,,,,,,,,,,,,,,,,,,,,,,,,,,,,,,,,,,,,,,,,,,,,,,,,,,0.05000000000000001,8.498374721940739e-18,200.0,0.0,9.991812070210775,0.6161661436088857,11.826171239217123,3.6059038706035618,0.055,0.008660254037844387,0.05833333333333333,0.01258305739211792,0.49955,0.0036074358968663438,0.5026903160720849,0.006322554308985728,0.49955,0.0036074358968663438,0.5198611111111111,0.010576550757497727,200.0,0.0,0.0,0.0,0.0,0.0,0.0,0.0,200.0,0.0,188.33333333333334,2.5166114784235836,0.24833333333333332,0.00763762615825974,0.016666666666666666,0.010408329997330663
diagnosis_controls,within_capacity,synthetic,diagnosis,conditional_max | full | circuit,,,,,,,,,,,,,,,,,,,,,,,,,,,,,,,3,"[11, 12, 13]",within_capacity,,,,,,,,,,,,,,,,,,,,,,,,,,,,,,,,,,,,,,,,,,,,,,,,,,,,,,,,,,,,,,,,,,,,,,,,,,,,,,,,,0.05000000000000001,8.498374721940739e-18,200.0,0.0,9.991994539896647,0.6164944900088866,11.826039632161459,3.6059541360087484,0.055,0.008660254037844387,0.05833333333333333,0.01258305739211792,0.49950416666666664,0.0037052819843209316,0.5043336791055485,0.006251016094841831,0.49950416666666664,0.0037052819843209316,0.5198611111111111,0.010576550757497727,200.0,0.0,0.0,0.0,0.0,0.0,0.0,0.0,200.0,0.0,188.33333333333334,2.5166114784235836,0.24833333333333332,0.00763762615825974,0.016666666666666666,0.010408329997330663
diagnosis_controls,within_capacity,synthetic,diagnosis,relational_max | full | circuit,,,,,,,,,,,,,,,,,,,,,,,,,,,,,,,3,"[11, 12, 13]",within_capacity,,,,,,,,,,,,,,,,,,,,,,,,,,,,,,,,,,,,,,,,,,,,,,,,,,,,,,,,,,,,,,,,,,,,,,,,,,,,,,,,,0.05000000000000001,8.498374721940739e-18,200.0,0.0,0.0001354217529296875,3.069587123762337e-05,0.0008233388264973959,0.00044542342201904473,0.04,0.015,0.045000000000000005,0.01322875655532295,0.49626666666666663,0.012271501113691593,0.5023292137154945,0.012110653362566701,0.49626666666666663,0.012271501113691593,0.465,0.042940931651643435,200.0,0.0,0.0,0.0,0.0,0.0,200.0,0.0,0.0,0.0,0.0,0.0,,,0.0,0.0
diagnosis_controls,within_capacity,synthetic,diagnosis,query full | known_law_oracle,,,,,,,,,,,,,,,,,,,,,,,,,,,,,,,3,"[11, 12, 13]",within_capacity,,,,,,,,,,,0.0,0.0,0.0017308333323550567,7.054808852188268e-05,0.0014915556663860723,4.538504226975918e-05,400.0,0.0,4.0,0.0,4.0,0.0,4.0,0.0,5.0,0.0,0.0,0.0,0.0,0.0,1.0,0.0,0.0,0.0,0.0,0.0,0.0,0.0,1600.0,0.0,0.0,0.0,-7.105427357601002e-17,1.0805156823142816e-16,1.3559523874088578e-15,1.4897411453073922e-16,2.1872322410349084e-15,1.2232396861929305e-16,-3.552713678800501e-15,0.0,3.552713678800501e-15,0.0,,,,,,,,,,,,,,,,,,,,,,,,,,,,,,,,,,,,,,,,,,,,,,,,,,,,,,,,,,,,,,,,
diagnosis_controls,within_capacity,synthetic,diagnosis,known-law error full | known_law_oracle,,,,,,,,,,,,,,,,,,,,,,,,,,,,,,,3,"[11, 12, 13]",within_capacity,,,,,,,,,,,,,,,,,,,,,,,,,,,,,,,,,,,,,,,,,,,,,,,,,,,,,0.0,0.0,0.0,0.0,0.0,0.0,1.0,7.850462293418876e-17,0.0,0.0,0.0,0.0,0.0,0.0,1.0,7.850462293418876e-17,0.0,0.0,0.0,0.0,0.0,0.0,1.0,1.5700924586837752e-16,0.0,0.0,0.0,0.0,,,,,,,,,,,,,,,,,,,,,,,,,,,,,,,,,,,,
diagnosis_controls,within_capacity,synthetic,diagnosis,joint | full | known_law_oracle,,,,,,,,,,,,,,,,,,,,,,,,,,,,,,,3,"[11, 12, 13]",within_capacity,,,,,,,,,,,,,,,,,,,,,,,,,,,,,,,,,,,,,,,,,,,,,,,,,,,,,,,,,,,,,,,,,,,,,,,,,,,,,,,,,0.05000000000000001,8.498374721940739e-18,200.0,0.0,25.123579209597313,0.8029984373828893,17.044397970706715,2.1083751073729076,0.06166666666666667,0.03752776749732568,0.06666666666666667,0.03214550253664318,0.495175,0.009931232300173022,0.5004042151936351,0.002741286964361124,0.495175,0.009931232300173022,0.5191666666666667,0.02036131953811768,200.0,0.0,0.0,0.0,0.0,0.0,0.0,0.0,200.0,0.0,186.66666666666666,6.429100507328636,0.24666666666666667,0.022546248764114478,0.02,0.005000000000000001
diagnosis_controls,within_capacity,synthetic,diagnosis,independent | full | known_law_oracle,,,,,,,,,,,,,,,,,,,,,,,,,,,,,,,3,"[11, 12, 13]",within_capacity,,,,,,,,,,,,,,,,,,,,,,,,,,,,,,,,,,,,,,,,,,,,,,,,,,,,,,,,,,,,,,,,,,,,,,,,,,,,,,,,,0.05000000000000001,8.498374721940739e-18,200.0,0.0,25.123579209597313,0.8029984373828913,17.044397970706715,2.108375107372908,0.06166666666666667,0.03752776749732568,0.06666666666666667,0.03214550253664318,0.495175,0.009931232300173022,0.5004042151936351,0.002741286964361124,0.495175,0.009931232300173022,0.5191666666666667,0.02036131953811768,200.0,0.0,0.0,0.0,0.0,0.0,0.0,0.0,200.0,0.0,186.66666666666666,6.429100507328636,0.24666666666666667,0.022546248764114478,0.02,0.005000000000000001
diagnosis_controls,within_capacity,synthetic,diagnosis,marginal_max | full | known_law_oracle,,,,,,,,,,,,,,,,,,,,,,,,,,,,,,,3,"[11, 12, 13]",within_capacity,,,,,,,,,,,,,,,,,,,,,,,,,,,,,,,,,,,,,,,,,,,,,,,,,,,,,,,,,,,,,,,,,,,,,,,,,,,,,,,,,0.05000000000000001,8.498374721940739e-18,200.0,0.0,9.534260679629464,0.5096828622100442,9.419955147727025,2.0038181239108432,0.06833333333333334,0.007637626158259734,0.06333333333333334,0.016072751268321594,0.49613749999999995,0.005834447810204524,0.4981638992130874,0.007072901242308277,0.49613749999999995,0.005834447810204524,0.5191666666666667,0.02036131953811768,200.0,0.0,0.0,0.0,0.0,0.0,0.0,0.0,200.0,0.0,187.33333333333334,3.2145502536643185,0.24666666666666667,0.022546248764114478,0.013333333333333334,0.011547005383792516
diagnosis_controls,within_capacity,synthetic,diagnosis,conditional_max | full | known_law_oracle,,,,,,,,,,,,,,,,,,,,,,,,,,,,,,,3,"[11, 12, 13]",within_capacity,,,,,,,,,,,,,,,,,,,,,,,,,,,,,,,,,,,,,,,,,,,,,,,,,,,,,,,,,,,,,,,,,,,,,,,,,,,,,,,,,0.05000000000000001,8.498374721940739e-18,200.0,0.0,9.534260679629464,0.5096828622100421,9.419955147727027,2.0038181239108415,0.06833333333333334,0.007637626158259734,0.06333333333333334,0.016072751268321594,0.49618333333333337,0.005731005765424863,0.49909067103859645,0.006926249550799064,0.49618333333333337,0.005731005765424863,0.5191666666666667,0.02036131953811768,200.0,0.0,0.0,0.0,0.0,0.0,0.0,0.0,200.0,0.0,187.33333333333334,3.2145502536643185,0.24666666666666667,0.022546248764114478,0.013333333333333334,0.011547005383792516
diagnosis_controls,within_capacity,synthetic,diagnosis,relational_max | full | known_law_oracle,,,,,,,,,,,,,,,,,,,,,,,,,,,,,,,3,"[11, 12, 13]",within_capacity,,,,,,,,,,,,,,,,,,,,,,,,,,,,,,,,,,,,,,,,,,,,,,,,,,,,,,,,,,,,,,,,,,,,,,,,,,,,,,,,,0.05000000000000001,8.498374721940739e-18,200.0,0.0,2.960594732333751e-15,5.127900497022838e-16,7.697546304067751e-15,5.127900497022837e-16,0.043333333333333335,0.020816659994661327,0.055000000000000014,0.0360555127546399,0.49685833333333335,0.03547310674417076,0.503320472520619,0.017195342160496938,0.49685833333333335,0.03547310674417076,0.43069444444444444,0.007742977702647969,200.0,0.0,0.0,0.0,0.0,0.0,200.0,0.0,0.0,0.0,0.0,0.0,,,0.0,0.0
diagnosis_controls,within_capacity,synthetic,diagnosis,query random1:0 | circuit,,,,,,,,,,,,,,,,,,,,,,,,,,,,,,,3,"[11, 12, 13]",within_capacity,,,,,,,,,,,3.258387247721354e-06,6.000069328364333e-07,0.015817097332425572,0.00028405661789617734,0.009185499668092234,0.0005162259494280752,400.0,0.0,3.0,0.0,3.0,0.0,3.0,0.0,3.0,0.0,1122.0,0.0,16.0,0.0,1.0,0.0,0.015736666666666666,0.00028586768501062443,448800.0,0.0,12800.0,0.0,1600.0,0.0,25600.0,0.0,1.052061710045867e-05,5.715729014419136e-06,6.126562584540807e-05,2.6453733428794838e-05,9.448720569101472e-05,4.760470888714522e-05,-0.00011487007335138817,4.892272676797787e-05,0.0001264095311247123,4.59552310188254e-05,,,,,,,,,,,,,,,,,,,,,,,,,,,,,,,,,,,,,,,,,,,,,,,,,,,,,,,,,,,,,,,,
diagnosis_controls,within_capacity,synthetic,diagnosis,known-law error random1:0 | circuit,,,,,,,,,,,,,,,,,,,,,,,,,,,,,,,3,"[11, 12, 13]",within_capacity,,,,,,,,,,,,,,,,,,,,,,,,,,,,,,,,,,,,,,,,,,,,,,,,,,,,,0.11446397627865974,0.009126857064024583,0.3584859112996703,0.016207309494300267,3.7357525297361227,0.5917071618206733,0.9455714223579053,0.0024467182158877878,0.11447107770849385,0.009130750202956226,0.35848868092883096,0.01620360589311878,3.7357592054563384,0.5916976788301028,0.945571194510611,0.0024477900960941977,-7.091098362343513e-06,3.8873357334738336e-06,4.122734069843512e-05,1.7624605771601124e-05,0.0006113052368184787,0.0003763825238268975,-0.014139561535120977,0.07018026455547977,-0.34340270456102767,0.027386484688430038,0.6718409481039106,0.04235712812623968,,,,,,,,,,,,,,,,,,,,,,,,,,,,,,,,,,,,
diagnosis_controls,within_capacity,synthetic,diagnosis,joint | random1:0 | circuit,,,,,,,,,,,,,,,,,,,,,,,,,,,,,,,3,"[11, 12, 13]",within_capacity,,,,,,,,,,,,,,,,,,,,,,,,,,,,,,,,,,,,,,,,,,,,,,,,,,,,,,,,,,,,,,,,,,,,,,,,,,,,,,,,,0.05000000000000001,8.498374721940739e-18,200.0,0.0,19.704606374104817,0.5927958431275973,14.154019991556803,2.4390575485046586,0.08166666666666667,0.02929732638541158,0.08166666666666667,0.02929732638541158,0.5,0.0,0.5,0.0,0.5,0.0,,,0.0,0.0,200.0,0.0,0.0,0.0,0.0,0.0,0.0,0.0,0.0,0.0,,,0.0,0.0
diagnosis_controls,within_capacity,synthetic,diagnosis,independent | random1:0 | circuit,,,,,,,,,,,,,,,,,,,,,,,,,,,,,,,3,"[11, 12, 13]",within_capacity,,,,,,,,,,,,,,,,,,,,,,,,,,,,,,,,,,,,,,,,,,,,,,,,,,,,,,,,,,,,,,,,,,,,,,,,,,,,,,,,,0.05000000000000001,8.498374721940739e-18,200.0,0.0,19.70465151468913,0.5928575509878371,14.154202461242676,2.439104222587089,0.08166666666666667,0.02929732638541158,0.08166666666666667,0.02929732638541158,0.5,0.0,0.5,0.0,0.5,0.0,,,0.0,0.0,200.0,0.0,0.0,0.0,0.0,0.0,0.0,0.0,0.0,0.0,,,0.0,0.0
diagnosis_controls,within_capacity,synthetic,diagnosis,marginal_max | random1:0 | circuit,,,,,,,,,,,,,,,,,,,,,,,,,,,,,,,3,"[11, 12, 13]",within_capacity,,,,,,,,,,,,,,,,,,,,,,,,,,,,,,,,,,,,,,,,,,,,,,,,,,,,,,,,,,,,,,,,,,,,,,,,,,,,,,,,,0.05000000000000001,8.498374721940739e-18,200.0,0.0,9.469778378804525,0.44902924601305927,9.799237251281738,0.3887949041940226,0.05333333333333334,0.0057735026918962545,0.05333333333333334,0.0057735026918962545,0.5,0.0,0.5,0.0,0.5,0.0,,,0.0,0.0,200.0,0.0,0.0,0.0,0.0,0.0,0.0,0.0,0.0,0.0,,,0.0,0.0
diagnosis_controls,within_capacity,synthetic,diagnosis,conditional_max | random1:0 | circuit,,,,,,,,,,,,,,,,,,,,,,,,,,,,,,,3,"[11, 12, 13]",within_capacity,,,,,,,,,,,,,,,,,,,,,,,,,,,,,,,,,,,,,,,,,,,,,,,,,,,,,,,,,,,,,,,,,,,,,,,,,,,,,,,,,0.05000000000000001,8.498374721940739e-18,200.0,0.0,9.46975072224935,0.4490029126717071,9.799180666605631,0.3888910896645873,0.05333333333333334,0.0057735026918962545,0.05333333333333334,0.0057735026918962545,0.5,0.0,0.5,0.0,0.5,0.0,,,0.0,0.0,200.0,0.0,0.0,0.0,0.0,0.0,0.0,0.0,0.0,0.0,,,0.0,0.0
diagnosis_controls,within_capacity,synthetic,diagnosis,relational_max | random1:0 | circuit,,,,,,,,,,,,,,,,,,,,,,,,,,,,,,,3,"[11, 12, 13]",within_capacity,,,,,,,,,,,,,,,,,,,,,,,,,,,,,,,,,,,,,,,,,,,,,,,,,,,,,,,,,,,,,,,,,,,,,,,,,,,,,,,,,0.05000000000000001,8.498374721940739e-18,200.0,0.0,0.0001255671183268229,3.174938258399674e-05,0.00040721893310546875,0.000336606506847639,0.041666666666666664,0.015275252316519466,0.041666666666666664,0.015275252316519466,0.5,0.0,0.5,0.0,0.5,0.0,,,0.0,0.0,200.0,0.0,0.0,0.0,0.0,0.0,0.0,0.0,0.0,0.0,,,0.0,0.0
diagnosis_controls,within_capacity,synthetic,diagnosis,query random1:0 | known_law_oracle,,,,,,,,,,,,,,,,,,,,,,,,,,,,,,,3,"[11, 12, 13]",within_capacity,,,,,,,,,,,0.0,0.0,0.0013030970015582473,3.72480997303956e-05,0.0011328753341028157,1.2471373111754801e-05,400.0,0.0,3.0,0.0,3.0,0.0,3.0,0.0,4.0,0.0,0.0,0.0,0.0,0.0,1.0,0.0,0.0,0.0,0.0,0.0,0.0,0.0,1600.0,0.0,0.0,0.0,-8.052817671947803e-16,1.6906525406631609e-16,1.0954200509634876e-15,7.65758843379746e-17,1.7506064265808513e-15,1.3584626236046136e-16,-3.552713678800501e-15,0.0,1.1842378929335002e-15,2.051160198809135e-15,,,,,,,,,,,,,,,,,,,,,,,,,,,,,,,,,,,,,,,,,,,,,,,,,,,,,,,,,,,,,,,,
diagnosis_controls,within_capacity,synthetic,diagnosis,known-law error random1:0 | known_law_oracle,,,,,,,,,,,,,,,,,,,,,,,,,,,,,,,3,"[11, 12, 13]",within_capacity,,,,,,,,,,,,,,,,,,,,,,,,,,,,,,,,,,,,,,,,,,,,,,,,,,,,,0.0,0.0,0.0,0.0,0.0,0.0,1.0,7.850462293418876e-17,0.0,0.0,0.0,0.0,0.0,0.0,1.0,7.850462293418876e-17,0.0,0.0,0.0,0.0,0.0,0.0,1.0,0.0,0.0,0.0,0.0,0.0,,,,,,,,,,,,,,,,,,,,,,,,,,,,,,,,,,,,
diagnosis_controls,within_capacity,synthetic,diagnosis,joint | random1:0 | known_law_oracle,,,,,,,,,,,,,,,,,,,,,,,,,,,,,,,3,"[11, 12, 13]",within_capacity,,,,,,,,,,,,,,,,,,,,,,,,,,,,,,,,,,,,,,,,,,,,,,,,,,,,,,,,,,,,,,,,,,,,,,,,,,,,,,,,,0.05000000000000001,8.498374721940739e-18,200.0,0.0,19.29980858508487,0.2907926582450536,12.460575795018181,0.5139552780926636,0.06333333333333334,0.036170890690351176,0.06333333333333334,0.036170890690351176,0.5,0.0,0.5,0.0,0.5,0.0,,,0.0,0.0,200.0,0.0,0.0,0.0,0.0,0.0,0.0,0.0,0.0,0.0,,,0.0,0.0
diagnosis_controls,within_capacity,synthetic,diagnosis,independent | random1:0 | known_law_oracle,,,,,,,,,,,,,,,,,,,,,,,,,,,,,,,3,"[11, 12, 13]",within_capacity,,,,,,,,,,,,,,,,,,,,,,,,,,,,,,,,,,,,,,,,,,,,,,,,,,,,,,,,,,,,,,,,,,,,,,,,,,,,,,,,,0.05000000000000001,8.498374721940739e-18,200.0,0.0,19.29980858508487,0.29079265824505296,12.460575795018181,0.5139552780926618,0.06333333333333334,0.036170890690351176,0.06333333333333334,0.036170890690351176,0.5,0.0,0.5,0.0,0.5,0.0,,,0.0,0.0,200.0,0.0,0.0,0.0,0.0,0.0,0.0,0.0,0.0,0.0,,,0.0,0.0
diagnosis_controls,within_capacity,synthetic,diagnosis,marginal_max | random1:0 | known_law_oracle,,,,,,,,,,,,,,,,,,,,,,,,,,,,,,,3,"[11, 12, 13]",within_capacity,,,,,,,,,,,,,,,,,,,,,,,,,,,,,,,,,,,,,,,,,,,,,,,,,,,,,,,,,,,,,,,,,,,,,,,,,,,,,,,,,0.05000000000000001,8.498374721940739e-18,200.0,0.0,8.943559558715588,0.1510144337961069,8.295845016820818,0.8547720703698442,0.07,0.025980762113533163,0.07,0.025980762113533163,0.5,0.0,0.5,0.0,0.5,0.0,,,0.0,0.0,200.0,0.0,0.0,0.0,0.0,0.0,0.0,0.0,0.0,0.0,,,0.0,0.0
diagnosis_controls,within_capacity,synthetic,diagnosis,conditional_max | random1:0 | known_law_oracle,,,,,,,,,,,,,,,,,,,,,,,,,,,,,,,3,"[11, 12, 13]",within_capacity,,,,,,,,,,,,,,,,,,,,,,,,,,,,,,,,,,,,,,,,,,,,,,,,,,,,,,,,,,,,,,,,,,,,,,,,,,,,,,,,,0.05000000000000001,8.498374721940739e-18,200.0,0.0,8.943559558715588,0.15101443379610804,8.295845016820817,0.8547720703698464,0.07,0.025980762113533163,0.07,0.025980762113533163,0.5,0.0,0.5,0.0,0.5,0.0,,,0.0,0.0,200.0,0.0,0.0,0.0,0.0,0.0,0.0,0.0,0.0,0.0,,,0.0,0.0
diagnosis_controls,within_capacity,synthetic,diagnosis,relational_max | random1:0 | known_law_oracle,,,,,,,,,,,,,,,,,,,,,,,,,,,,,,,3,"[11, 12, 13]",within_capacity,,,,,,,,,,,,,,,,,,,,,,,,,,,,,,,,,,,,,,,,,,,,,,,,,,,,,,,,,,,,,,,,,,,,,,,,,,,,,,,,,0.05000000000000001,8.498374721940739e-18,200.0,0.0,3.552713678800501e-15,8.881784197001252e-16,7.697546304067751e-15,5.127900497022837e-16,0.06333333333333334,0.03013856886670854,0.06333333333333334,0.03013856886670854,0.5,0.0,0.5,0.0,0.5,0.0,,,0.0,0.0,200.0,0.0,0.0,0.0,0.0,0.0,0.0,0.0,0.0,0.0,,,0.0,0.0
diagnosis_controls,within_capacity,synthetic,diagnosis,query random2:1-2 | circuit,,,,,,,,,,,,,,,,,,,,,,,,,,,,,,,3,"[11, 12, 13]",within_capacity,,,,,,,,,,,2.0662943522135415e-06,2.753020616481904e-07,0.016775930667790817,0.0012190044549789988,0.009336277333204634,0.0008656562423260446,400.0,0.0,2.0,0.0,2.0,0.0,2.0,0.0,3.0,0.0,1122.0,0.0,16.0,0.0,1.0,0.0,0.016694333333333335,0.0012108989773442435,448800.0,0.0,12800.0,0.0,1600.0,0.0,25600.0,0.0,-2.2172927849339885e-07,3.320700935825169e-07,5.82536074489326e-07,1.6008406302660002e-07,8.432466529484373e-07,1.2364952500456458e-07,-1.2715657552083333e-06,5.506041232963807e-07,8.026758753961379e-07,2.615369716932062e-07,,,,,,,,,,,,,,,,,,,,,,,,,,,,,,,,,,,,,,,,,,,,,,,,,,,,,,,,,,,,,,,,
diagnosis_controls,within_capacity,synthetic,diagnosis,known-law error random2:1-2 | circuit,,,,,,,,,,,,,,,,,,,,,,,,,,,,,,,3,"[11, 12, 13]",within_capacity,,,,,,,,,,,,,,,,,,,,,,,,,,,,,,,,,,,,,,,,,,,,,,,,,,,,,0.10871482515701593,0.029078293503590376,0.3496989303954973,0.01562976907896207,4.661960228763161,2.698862518208204,0.9473066199400391,0.009112677071331635,0.10871467723815582,0.02907795077813714,0.3496988818177118,0.015629672388478257,4.661959910871722,2.6988627317430134,0.9473066233487716,0.009112678704645216,1.5536944067232978e-07,4.6466296788782113e-07,6.596247357582018e-07,1.339306332112648e-07,4.768371581735191e-06,1.9073486328125e-06,0.015943030883955215,0.03709856303924662,-0.2174295738214044,0.05815598682339672,0.5279314976642319,0.023220441611284292,,,,,,,,,,,,,,,,,,,,,,,,,,,,,,,,,,,,
diagnosis_controls,within_capacity,synthetic,diagnosis,joint | random2:1-2 | circuit,,,,,,,,,,,,,,,,,,,,,,,,,,,,,,,3,"[11, 12, 13]",within_capacity,,,,,,,,,,,,,,,,,,,,,,,,,,,,,,,,,,,,,,,,,,,,,,,,,,,,,,,,,,,,,,,,,,,,,,,,,,,,,,,,,0.05000000000000001,8.498374721940739e-18,200.0,0.0,14.494897842407227,0.418204203393754,15.463460922241211,3.2164582209497317,0.045000000000000005,0.01802775637731995,0.043333333333333335,0.014433756729740642,0.4943583333333333,0.008667479929791205,0.5034088200357427,0.0033991170746829258,0.4943583333333333,0.008667479929791205,0.7408333333333333,0.02753785273643047,200.0,0.0,0.0,0.0,0.0,0.0,0.0,0.0,200.0,0.0,191.33333333333334,2.886751345948129,0.4816666666666667,0.05507570547286104,0.025000000000000005,0.015
diagnosis_controls,within_capacity,synthetic,diagnosis,independent | random2:1-2 | circuit,,,,,,,,,,,,,,,,,,,,,,,,,,,,,,,3,"[11, 12, 13]",within_capacity,,,,,,,,,,,,,,,,,,,,,,,,,,,,,,,,,,,,,,,,,,,,,,,,,,,,,,,,,,,,,,,,,,,,,,,,,,,,,,,,,0.05000000000000001,8.498374721940739e-18,200.0,0.0,14.49489720662435,0.4182037569673887,15.46346124013265,3.2164596664168625,0.045000000000000005,0.01802775637731995,0.043333333333333335,0.014433756729740642,0.4943583333333333,0.008667479929791205,0.5034088200357427,0.0033991170746829258,0.4943583333333333,0.008667479929791205,0.7408333333333333,0.02753785273643047,200.0,0.0,0.0,0.0,0.0,0.0,0.0,0.0,200.0,0.0,191.33333333333334,2.886751345948129,0.4816666666666667,0.05507570547286104,0.025000000000000005,0.015
diagnosis_controls,within_capacity,synthetic,diagnosis,marginal_max | random2:1-2 | circuit,,,,,,,,,,,,,,,,,,,,,,,,,,,,,,,3,"[11, 12, 13]",within_capacity,,,,,,,,,,,,,,,,,,,,,,,,,,,,,,,,,,,,,,,,,,,,,,,,,,,,,,,,,,,,,,,,,,,,,,,,,,,,,,,,,0.05000000000000001,8.498374721940739e-18,200.0,0.0,8.997875849405924,0.7166175766880766,12.543887774149576,3.4928030516866215,0.03666666666666667,0.01607275126832159,0.045000000000000005,0.031224989991991994,0.4985208333333333,0.01756691373956547,0.5039209311709841,0.00619131148668379,0.4985208333333333,0.01756691373956547,0.7408333333333333,0.02753785273643047,200.0,0.0,0.0,0.0,0.0,0.0,0.0,0.0,200.0,0.0,191.0,6.244997998398398,0.4816666666666667,0.05507570547286104,0.02666666666666667,0.022546248764114474
diagnosis_controls,within_capacity,synthetic,diagnosis,conditional_max | random2:1-2 | circuit,,,,,,,,,,,,,,,,,,,,,,,,,,,,,,,3,"[11, 12, 13]",within_capacity,,,,,,,,,,,,,,,,,,,,,,,,,,,,,,,,,,,,,,,,,,,,,,,,,,,,,,,,,,,,,,,,,,,,,,,,,,,,,,,,,0.05000000000000001,8.498374721940739e-18,200.0,0.0,8.997873624165853,0.7166216368521051,12.543887456258139,3.4928016225765863,0.03666666666666667,0.01607275126832159,0.045000000000000005,0.031224989991991994,0.49847916666666664,0.017488131391985046,0.5055795767303919,0.0056543610001961965,0.49847916666666664,0.017488131391985046,0.7408333333333333,0.02753785273643047,200.0,0.0,0.0,0.0,0.0,0.0,0.0,0.0,200.0,0.0,191.0,6.244997998398398,0.4816666666666667,0.05507570547286104,0.02666666666666667,0.022546248764114474
diagnosis_controls,within_capacity,synthetic,diagnosis,relational_max | random2:1-2 | circuit,,,,,,,,,,,,,,,,,,,,,,,,,,,,,,,3,"[11, 12, 13]",within_capacity,,,,,,,,,,,,,,,,,,,,,,,,,,,,,,,,,,,,,,,,,,,,,,,,,,,,,,,,,,,,,,,,,,,,,,,,,,,,,,,,,0.05000000000000001,8.498374721940739e-18,200.0,0.0,1.5894571940104167e-06,5.506041232963807e-07,7.62939453125e-06,2.86102294921875e-06,0.028333333333333335,0.007637626158259734,0.02666666666666667,0.015275252316519468,0.5174458333333333,0.015998834592973764,0.5124364273509124,0.01266179679895609,0.5174458333333333,0.015998834592973764,0.6016666666666667,0.05149838185160127,200.0,0.0,0.0,0.0,0.0,0.0,200.0,0.0,0.0,0.0,0.0,0.0,,,0.0,0.0
diagnosis_controls,within_capacity,synthetic,diagnosis,query random2:1-2 | known_law_oracle,,,,,,,,,,,,,,,,,,,,,,,,,,,,,,,3,"[11, 12, 13]",within_capacity,,,,,,,,,,,0.0,0.0,0.0009102080002776347,1.0460886151962524e-05,0.0008729166644722378,0.00012099750242437136,400.0,0.0,2.0,0.0,2.0,0.0,2.0,0.0,3.0,0.0,0.0,0.0,0.0,0.0,1.0,0.0,0.0,0.0,0.0,0.0,0.0,0.0,1600.0,0.0,0.0,0.0,1.4802973661668747e-18,5.185268477743734e-17,7.94919685631612e-16,3.635026844804854e-17,1.2597021420149655e-15,9.620019411629533e-17,-1.7763568394002505e-15,0.0,1.7763568394002505e-15,0.0,,,,,,,,,,,,,,,,,,,,,,,,,,,,,,,,,,,,,,,,,,,,,,,,,,,,,,,,,,,,,,,,
diagnosis_controls,within_capacity,synthetic,diagnosis,known-law error random2:1-2 | known_law_oracle,,,,,,,,,,,,,,,,,,,,,,,,,,,,,,,3,"[11, 12, 13]",within_capacity,,,,,,,,,,,,,,,,,,,,,,,,,,,,,,,,,,,,,,,,,,,,,,,,,,,,,0.0,0.0,0.0,0.0,0.0,0.0,1.0,0.0,0.0,0.0,0.0,0.0,0.0,0.0,1.0,7.850462293418876e-17,0.0,0.0,0.0,0.0,0.0,0.0,1.0,0.0,0.0,0.0,0.0,0.0,,,,,,,,,,,,,,,,,,,,,,,,,,,,,,,,,,,,
diagnosis_controls,within_capacity,synthetic,diagnosis,joint | random2:1-2 | known_law_oracle,,,,,,,,,,,,,,,,,,,,,,,,,,,,,,,3,"[11, 12, 13]",within_capacity,,,,,,,,,,,,,,,,,,,,,,,,,,,,,,,,,,,,,,,,,,,,,,,,,,,,,,,,,,,,,,,,,,,,,,,,,,,,,,,,,0.05000000000000001,8.498374721940739e-18,200.0,0.0,13.769395103454466,0.5250458619897761,12.63746632738173,2.7513576601755787,0.06,0.02179449471770337,0.05833333333333333,0.023629078131263043,0.4931666666666667,0.002662509780889715,0.4980909744255228,0.008144681189338115,0.4931666666666667,0.002662509780889715,0.735,0.021360009363293814,200.0,0.0,0.0,0.0,0.0,0.0,0.0,0.0,200.0,0.0,188.33333333333334,4.725815626252609,0.47000000000000003,0.042720018726587664,0.03166666666666667,0.017559422921421233
diagnosis_controls,within_capacity,synthetic,diagnosis,independent | random2:1-2 | known_law_oracle,,,,,,,,,,,,,,,,,,,,,,,,,,,,,,,3,"[11, 12, 13]",within_capacity,,,,,,,,,,,,,,,,,,,,,,,,,,,,,,,,,,,,,,,,,,,,,,,,,,,,,,,,,,,,,,,,,,,,,,,,,,,,,,,,,0.05000000000000001,8.498374721940739e-18,200.0,0.0,13.769395103454466,0.5250458619897754,12.637466327381732,2.7513576601755827,0.06,0.02179449471770337,0.05833333333333333,0.023629078131263043,0.4931666666666667,0.002662509780889715,0.4980909744255228,0.008144681189338115,0.4931666666666667,0.002662509780889715,0.735,0.021360009363293814,200.0,0.0,0.0,0.0,0.0,0.0,0.0,0.0,200.0,0.0,188.33333333333334,4.725815626252609,0.47000000000000003,0.042720018726587664,0.03166666666666667,0.017559422921421233
diagnosis_controls,within_capacity,synthetic,diagnosis,marginal_max | random2:1-2 | known_law_oracle,,,,,,,,,,,,,,,,,,,,,,,,,,,,,,,3,"[11, 12, 13]",within_capacity,,,,,,,,,,,,,,,,,,,,,,,,,,,,,,,,,,,,,,,,,,,,,,,,,,,,,,,,,,,,,,,,,,,,,,,,,,,,,,,,,0.05000000000000001,8.498374721940739e-18,200.0,0.0,8.595289520117367,0.23160424573356572,9.740492913301235,2.249900700533881,0.05666666666666667,0.011547005383792516,0.06,0.008660254037844387,0.49716249999999995,0.013925993007681717,0.4985831780148846,0.005454555969268877,0.49716249999999995,0.013925993007681717,0.735,0.021360009363293814,200.0,0.0,0.0,0.0,0.0,0.0,0.0,0.0,200.0,0.0,188.0,1.7320508075688772,0.47000000000000003,0.042720018726587664,0.03166666666666667,0.014433756729740645
diagnosis_controls,within_capacity,synthetic,diagnosis,conditional_max | random2:1-2 | known_law_oracle,,,,,,,,,,,,,,,,,,,,,,,,,,,,,,,3,"[11, 12, 13]",within_capacity,,,,,,,,,,,,,,,,,,,,,,,,,,,,,,,,,,,,,,,,,,,,,,,,,,,,,,,,,,,,,,,,,,,,,,,,,,,,,,,,,0.05000000000000001,8.498374721940739e-18,200.0,0.0,8.59528952011737,0.23160424573356708,9.740492913301232,2.249900700533878,0.05666666666666667,0.011547005383792516,0.06,0.008660254037844387,0.4971625,0.013918754209698497,0.4995009555915573,0.005672695382671846,0.4971625,0.013918754209698497,0.735,0.021360009363293814,200.0,0.0,0.0,0.0,0.0,0.0,0.0,0.0,200.0,0.0,188.0,1.7320508075688772,0.47000000000000003,0.042720018726587664,0.03166666666666667,0.014433756729740645
diagnosis_controls,within_capacity,synthetic,diagnosis,relational_max | random2:1-2 | known_law_oracle,,,,,,,,,,,,,,,,,,,,,,,,,,,,,,,3,"[11, 12, 13]",within_capacity,,,,,,,,,,,,,,,,,,,,,,,,,,,,,,,,,,,,,,,,,,,,,,,,,,,,,,,,,,,,,,,,,,,,,,,,,,,,,,,,,0.05000000000000001,8.498374721940739e-18,200.0,0.0,1.4802973661668755e-15,5.127900497022837e-16,1.0066022089934753e-14,2.713429892601387e-15,0.036666666666666674,0.043684474740270526,0.03,0.027838821814150108,0.5153708333333333,0.025369473946720563,0.5101421953922276,0.016325723779503403,0.5153708333333333,0.025369473946720563,0.5183333333333334,0.005773502691896263,200.0,0.0,0.0,0.0,0.0,0.0,200.0,0.0,0.0,0.0,0.0,0.0,,,0.0,0.0
diagnosis_controls,within_capacity,synthetic,diagnosis,query random3:1-2-3 | circuit,,,,,,,,,,,,,,,,,,,,,,,,,,,,,,,3,"[11, 12, 13]",within_capacity,,,,,,,,,,,1.1126200358072917e-06,2.753020616481904e-07,0.0158158613339765,0.0011457155180925535,0.008687472334713675,0.00042884144497618877,400.0,0.0,1.0,0.0,1.0,0.0,1.0,0.0,3.0,0.0,1122.0,0.0,16.0,0.0,1.0,0.0,0.015731,0.0011390640895050646,448800.0,0.0,12800.0,0.0,1600.0,0.0,25600.0,0.0,-1.4265378330454345e-07,8.741653391606537e-08,2.3325283867355515e-07,7.137972190027314e-08,3.0906727488400065e-07,2.9573395879954934e-08,-4.847844365940546e-07,1.3765089954984247e-08,3.218650779975481e-07,1.3434204963993299e-07,,,,,,,,,,,,,,,,,,,,,,,,,,,,,,,,,,,,,,,,,,,,,,,,,,,,,,,,,,,,,,,,
diagnosis_controls,within_capacity,synthetic,diagnosis,known-law error random3:1-2-3 | circuit,,,,,,,,,,,,,,,,,,,,,,,,,,,,,,,3,"[11, 12, 13]",within_capacity,,,,,,,,,,,,,,,,,,,,,,,,,,,,,,,,,,,,,,,,,,,,,,,,,,,,,0.11594068560689709,0.04303164148036332,0.3423231121630573,0.04754706869327,4.4295291961105585,2.8790056310068897,0.954669373264576,0.013046144057940277,0.11594068560689709,0.04303164148036332,0.3423231121630573,0.04754706869327,4.4295291961105585,2.8790056310068897,0.954669373264576,0.013046144057940277,0.0,0.0,0.0,0.0,0.0,0.0,,,-0.1159408328303697,0.04303156146451276,0.34232316242964106,0.04754702769464363,,,,,,,,,,,,,,,,,,,,,,,,,,,,,,,,,,,,
diagnosis_controls,within_capacity,synthetic,diagnosis,joint | random3:1-2-3 | circuit,,,,,,,,,,,,,,,,,,,,,,,,,,,,,,,3,"[11, 12, 13]",within_capacity,,,,,,,,,,,,,,,,,,,,,,,,,,,,,,,,,,,,,,,,,,,,,,,,,,,,,,,,,,,,,,,,,,,,,,,,,,,,,,,,,0.05000000000000001,8.498374721940739e-18,200.0,0.0,8.123138427734375,0.5789232616806148,12.596299489339193,4.183881364249249,0.051666666666666666,0.025658007197234423,0.05333333333333332,0.007637626158259733,0.4878416666666667,0.008618379101277296,0.5012730462266876,0.007196917624368833,0.4878416666666667,0.008618379101277296,,,0.0,0.0,0.0,0.0,200.0,0.0,200.0,0.0,0.0,0.0,0.0,0.0,,,0.0,0.0
diagnosis_controls,within_capacity,synthetic,diagnosis,independent | random3:1-2-3 | circuit,,,,,,,,,,,,,,,,,,,,,,,,,,,,,,,3,"[11, 12, 13]",within_capacity,,,,,,,,,,,,,,,,,,,,,,,,,,,,,,,,,,,,,,,,,,,,,,,,,,,,,,,,,,,,,,,,,,,,,,,,,,,,,,,,,0.05000000000000001,8.498374721940739e-18,200.0,0.0,8.123138268788656,0.5789235368137017,12.59630012512207,4.183880838250481,0.051666666666666666,0.025658007197234423,0.05333333333333332,0.007637626158259733,0.4878416666666667,0.008618379101277296,0.5012730462266876,0.007196917624368833,0.4878416666666667,0.008618379101277296,,,0.0,0.0,0.0,0.0,200.0,0.0,200.0,0.0,0.0,0.0,0.0,0.0,,,0.0,0.0
diagnosis_controls,within_capacity,synthetic,diagnosis,marginal_max | random3:1-2-3 | circuit,,,,,,,,,,,,,,,,,,,,,,,,,,,,,,,3,"[11, 12, 13]",within_capacity,,,,,,,,,,,,,,,,,,,,,,,,,,,,,,,,,,,,,,,,,,,,,,,,,,,,,,,,,,,,,,,,,,,,,,,,,,,,,,,,,0.05000000000000001,8.498374721940739e-18,200.0,0.0,8.123138268788656,0.5789235368137017,12.59630012512207,4.183880838250481,0.051666666666666666,0.025658007197234423,0.05333333333333332,0.007637626158259733,0.4878416666666667,0.008618379101277296,0.5012730462266876,0.007196917624368833,0.4878416666666667,0.008618379101277296,,,0.0,0.0,0.0,0.0,200.0,0.0,200.0,0.0,0.0,0.0,0.0,0.0,,,0.0,0.0
diagnosis_controls,within_capacity,synthetic,diagnosis,conditional_max | random3:1-2-3 | circuit,,,,,,,,,,,,,,,,,,,,,,,,,,,,,,,3,"[11, 12, 13]",within_capacity,,,,,,,,,,,,,,,,,,,,,,,,,,,,,,,,,,,,,,,,,,,,,,,,,,,,,,,,,,,,,,,,,,,,,,,,,,,,,,,,,0.05000000000000001,8.498374721940739e-18,200.0,0.0,8.123138268788656,0.5789235368137017,12.59630012512207,4.183880838250481,0.051666666666666666,0.025658007197234423,0.05333333333333332,0.007637626158259733,0.4878416666666667,0.008618379101277296,0.5012730462266876,0.007196917624368833,0.4878416666666667,0.008618379101277296,,,0.0,0.0,0.0,0.0,200.0,0.0,200.0,0.0,0.0,0.0,0.0,0.0,,,0.0,0.0
diagnosis_controls,within_capacity,synthetic,diagnosis,relational_max | random3:1-2-3 | circuit,,,,,,,,,,,,,,,,,,,,,,,,,,,,,,,3,"[11, 12, 13]",within_capacity,,,,,,,,,,,,,,,,,,,,,,,,,,,,,,,,,,,,,,,,,,,,,,,,,,,,,,,,,,,,,,,,,,,,,,,,,,,,,,,,,0.05000000000000001,8.498374721940739e-18,200.0,0.0,0.0,0.0,0.0,0.0,0.0,0.0,0.0,0.0,0.5,0.0,0.5,0.0,0.5,0.0,,,0.0,0.0,0.0,0.0,200.0,0.0,200.0,0.0,0.0,0.0,0.0,0.0,,,0.0,0.0
diagnosis_controls,within_capacity,synthetic,diagnosis,query random3:1-2-3 | known_law_oracle,,,,,,,,,,,,,,,,,,,,,,,,,,,,,,,3,"[11, 12, 13]",within_capacity,,,,,,,,,,,0.0,0.0,0.00044201433289951336,9.548498880869093e-06,0.0004133056669767636,3.308882247319145e-05,400.0,0.0,1.0,0.0,1.0,0.0,1.0,0.0,2.0,0.0,0.0,0.0,0.0,0.0,1.0,0.0,0.0,0.0,0.0,0.0,0.0,0.0,1600.0,0.0,0.0,0.0,0.0,0.0,0.0,0.0,0.0,0.0,0.0,0.0,0.0,0.0,,,,,,,,,,,,,,,,,,,,,,,,,,,,,,,,,,,,,,,,,,,,,,,,,,,,,,,,,,,,,,,,
diagnosis_controls,within_capacity,synthetic,diagnosis,known-law error random3:1-2-3 | known_law_oracle,,,,,,,,,,,,,,,,,,,,,,,,,,,,,,,3,"[11, 12, 13]",within_capacity,,,,,,,,,,,,,,,,,,,,,,,,,,,,,,,,,,,,,,,,,,,,,,,,,,,,,0.0,0.0,0.0,0.0,0.0,0.0,1.0,0.0,0.0,0.0,0.0,0.0,0.0,0.0,1.0,0.0,0.0,0.0,0.0,0.0,0.0,0.0,,,0.0,0.0,0.0,0.0,,,,,,,,,,,,,,,,,,,,,,,,,,,,,,,,,,,,
diagnosis_controls,within_capacity,synthetic,diagnosis,joint | random3:1-2-3 | known_law_oracle,,,,,,,,,,,,,,,,,,,,,,,,,,,,,,,3,"[11, 12, 13]",within_capacity,,,,,,,,,,,,,,,,,,,,,,,,,,,,,,,,,,,,,,,,,,,,,,,,,,,,,,,,,,,,,,,,,,,,,,,,,,,,,,,,,0.05000000000000001,8.498374721940739e-18,200.0,0.0,7.689895496961474,0.5021001950174577,10.071033718670991,2.3032659569915754,0.06333333333333334,0.020207259421636908,0.06,0.0304138126514911,0.48662500000000003,0.006084868527749771,0.4983624026561697,0.008169094318119742,0.48662500000000003,0.006084868527749771,,,0.0,0.0,0.0,0.0,200.0,0.0,200.0,0.0,0.0,0.0,0.0,0.0,,,0.0,0.0
diagnosis_controls,within_capacity,synthetic,diagnosis,independent | random3:1-2-3 | known_law_oracle,,,,,,,,,,,,,,,,,,,,,,,,,,,,,,,3,"[11, 12, 13]",within_capacity,,,,,,,,,,,,,,,,,,,,,,,,,,,,,,,,,,,,,,,,,,,,,,,,,,,,,,,,,,,,,,,,,,,,,,,,,,,,,,,,,0.05000000000000001,8.498374721940739e-18,200.0,0.0,7.689895496961474,0.5021001950174577,10.071033718670991,2.3032659569915754,0.06333333333333334,0.020207259421636908,0.06,0.0304138126514911,0.48662500000000003,0.006084868527749771,0.4983624026561697,0.008169094318119742,0.48662500000000003,0.006084868527749771,,,0.0,0.0,0.0,0.0,200.0,0.0,200.0,0.0,0.0,0.0,0.0,0.0,,,0.0,0.0
diagnosis_controls,within_capacity,synthetic,diagnosis,marginal_max | random3:1-2-3 | known_law_oracle,,,,,,,,,,,,,,,,,,,,,,,,,,,,,,,3,"[11, 12, 13]",within_capacity,,,,,,,,,,,,,,,,,,,,,,,,,,,,,,,,,,,,,,,,,,,,,,,,,,,,,,,,,,,,,,,,,,,,,,,,,,,,,,,,,0.05000000000000001,8.498374721940739e-18,200.0,0.0,7.689895496961474,0.5021001950174577,10.071033718670991,2.3032659569915754,0.06333333333333334,0.020207259421636908,0.06,0.0304138126514911,0.48662500000000003,0.006084868527749771,0.4983624026561697,0.008169094318119742,0.48662500000000003,0.006084868527749771,,,0.0,0.0,0.0,0.0,200.0,0.0,200.0,0.0,0.0,0.0,0.0,0.0,,,0.0,0.0
diagnosis_controls,within_capacity,synthetic,diagnosis,conditional_max | random3:1-2-3 | known_law_oracle,,,,,,,,,,,,,,,,,,,,,,,,,,,,,,,3,"[11, 12, 13]",within_capacity,,,,,,,,,,,,,,,,,,,,,,,,,,,,,,,,,,,,,,,,,,,,,,,,,,,,,,,,,,,,,,,,,,,,,,,,,,,,,,,,,0.05000000000000001,8.498374721940739e-18,200.0,0.0,7.689895496961474,0.5021001950174577,10.071033718670991,2.3032659569915754,0.06333333333333334,0.020207259421636908,0.06,0.0304138126514911,0.48662500000000003,0.006084868527749771,0.4983624026561697,0.008169094318119742,0.48662500000000003,0.006084868527749771,,,0.0,0.0,0.0,0.0,200.0,0.0,200.0,0.0,0.0,0.0,0.0,0.0,,,0.0,0.0
diagnosis_controls,within_capacity,synthetic,diagnosis,relational_max | random3:1-2-3 | known_law_oracle,,,,,,,,,,,,,,,,,,,,,,,,,,,,,,,3,"[11, 12, 13]",within_capacity,,,,,,,,,,,,,,,,,,,,,,,,,,,,,,,,,,,,,,,,,,,,,,,,,,,,,,,,,,,,,,,,,,,,,,,,,,,,,,,,,0.05000000000000001,8.498374721940739e-18,200.0,0.0,0.0,0.0,0.0,0.0,0.0,0.0,0.0,0.0,0.5,0.0,0.5,0.0,0.5,0.0,,,0.0,0.0,0.0,0.0,200.0,0.0,200.0,0.0,0.0,0.0,0.0,0.0,,,0.0,0.0
diagnosis_controls,within_capacity,synthetic,diagnosis,query bank0:0-1 | circuit,,,,,,,,,,,,,,,,,,,,,,,,,,,,,,,3,"[11, 12, 13]",within_capacity,,,,,,,,,,,1.986821492513021e-06,1.3765103082409519e-07,0.015655541332913952,0.0007987215504859627,0.00869877766551023,0.0004126371358306296,400.0,0.0,2.0,0.0,2.0,0.0,2.0,0.0,3.0,0.0,1122.0,0.0,16.0,0.0,1.0,0.0,0.015575666666666668,0.0007970478864744163,448800.0,0.0,12800.0,0.0,1600.0,0.0,25600.0,0.0,6.957054405158185e-06,8.293478656083031e-06,3.6338169403885935e-05,3.9036974983400835e-05,6.117285856059122e-05,7.054037556533484e-05,-6.996790640793431e-05,7.55750107767179e-05,7.939338684082031e-05,8.090341487365268e-05,,,,,,,,,,,,,,,,,,,,,,,,,,,,,,,,,,,,,,,,,,,,,,,,,,,,,,,,,,,,,,,,
diagnosis_controls,within_capacity,synthetic,diagnosis,known-law error bank0:0-1 | circuit,,,,,,,,,,,,,,,,,,,,,,,,,,,,,,,3,"[11, 12, 13]",within_capacity,,,,,,,,,,,,,,,,,,,,,,,,,,,,,,,,,,,,,,,,,,,,,,,,,,,,,0.10775714890842349,0.0066447357925816086,0.35365536541770504,0.013608601253539163,2.9359626498175344,0.8025791299015305,0.9436240866956394,0.00798303913359802,0.10776418285255347,0.006637931882904129,0.35366037638019127,0.013604687798386913,2.935999843115873,0.80260500905423,0.9436231713644885,0.00798399041925279,-7.042090098099047e-06,8.270512012775074e-06,3.639380137134274e-05,3.8930955337859766e-05,0.0003973642985029002,0.0005074966323069252,0.03558890577459173,0.013308994082387737,-0.215521420969262,0.013282859725723798,0.5187075985680726,0.03382821904673,,,,,,,,,,,,,,,,,,,,,,,,,,,,,,,,,,,,
diagnosis_controls,within_capacity,synthetic,diagnosis,joint | bank0:0-1 | circuit,,,,,,,,,,,,,,,,,,,,,,,,,,,,,,,3,"[11, 12, 13]",within_capacity,,,,,,,,,,,,,,,,,,,,,,,,,,,,,,,,,,,,,,,,,,,,,,,,,,,,,,,,,,,,,,,,,,,,,,,,,,,,,,,,,0.05000000000000001,8.498374721940739e-18,200.0,0.0,14.13718287150065,0.692127561564359,12.315058072408041,1.0042000546846586,0.056666666666666664,0.03547299442298794,0.056666666666666664,0.03547299442298794,0.5,0.0,0.5,0.0,0.5,0.0,,,0.0,0.0,200.0,0.0,0.0,0.0,0.0,0.0,0.0,0.0,0.0,0.0,,,0.0,0.0
diagnosis_controls,within_capacity,synthetic,diagnosis,independent | bank0:0-1 | circuit,,,,,,,,,,,,,,,,,,,,,,,,,,,,,,,3,"[11, 12, 13]",within_capacity,,,,,,,,,,,,,,,,,,,,,,,,,,,,,,,,,,,,,,,,,,,,,,,,,,,,,,,,,,,,,,,,,,,,,,,,,,,,,,,,,0.05000000000000001,8.498374721940739e-18,200.0,0.0,14.137207667032877,0.6922237011568779,12.315180778503418,1.0041748140978817,0.056666666666666664,0.03547299442298794,0.056666666666666664,0.03547299442298794,0.5,0.0,0.5,0.0,0.5,0.0,,,0.0,0.0,200.0,0.0,0.0,0.0,0.0,0.0,0.0,0.0,0.0,0.0,,,0.0,0.0
diagnosis_controls,within_capacity,synthetic,diagnosis,marginal_max | bank0:0-1 | circuit,,,,,,,,,,,,,,,,,,,,,,,,,,,,,,,3,"[11, 12, 13]",within_capacity,,,,,,,,,,,,,,,,,,,,,,,,,,,,,,,,,,,,,,,,,,,,,,,,,,,,,,,,,,,,,,,,,,,,,,,,,,,,,,,,,0.05000000000000001,8.498374721940739e-18,200.0,0.0,9.020495414733887,0.5512829618575248,9.3039337793986,0.620739882522753,0.034999999999999996,0.008660254037844387,0.034999999999999996,0.008660254037844387,0.5,0.0,0.5,0.0,0.5,0.0,,,0.0,0.0,200.0,0.0,0.0,0.0,0.0,0.0,0.0,0.0,0.0,0.0,,,0.0,0.0
diagnosis_controls,within_capacity,synthetic,diagnosis,conditional_max | bank0:0-1 | circuit,,,,,,,,,,,,,,,,,,,,,,,,,,,,,,,3,"[11, 12, 13]",within_capacity,,,,,,,,,,,,,,,,,,,,,,,,,,,,,,,,,,,,,,,,,,,,,,,,,,,,,,,,,,,,,,,,,,,,,,,,,,,,,,,,,0.05000000000000001,8.498374721940739e-18,200.0,0.0,9.020397822062174,0.5511504134753188,9.303811073303223,0.6207495779729114,0.034999999999999996,0.008660254037844387,0.034999999999999996,0.008660254037844387,0.5,0.0,0.5,0.0,0.5,0.0,,,0.0,0.0,200.0,0.0,0.0,0.0,0.0,0.0,0.0,0.0,0.0,0.0,,,0.0,0.0
diagnosis_controls,within_capacity,synthetic,diagnosis,relational_max | bank0:0-1 | circuit,,,,,,,,,,,,,,,,,,,,,,,,,,,,,,,3,"[11, 12, 13]",within_capacity,,,,,,,,,,,,,,,,,,,,,,,,,,,,,,,,,,,,,,,,,,,,,,,,,,,,,,,,,,,,,,,,,,,,,,,,,,,,,,,,,0.05000000000000001,8.498374721940739e-18,200.0,0.0,8.12212626139323e-05,7.620796683678276e-05,0.0006977717081705729,0.0009193412166079971,0.02666666666666667,0.01755942292142123,0.02666666666666667,0.01755942292142123,0.5,0.0,0.5,0.0,0.5,0.0,,,0.0,0.0,200.0,0.0,0.0,0.0,0.0,0.0,0.0,0.0,0.0,0.0,,,0.0,0.0
diagnosis_controls,within_capacity,synthetic,diagnosis,query bank0:0-1 | known_law_oracle,,,,,,,,,,,,,,,,,,,,,,,,,,,,,,,3,"[11, 12, 13]",within_capacity,,,,,,,,,,,0.0,0.0,0.0009127776659928107,3.404265083125341e-05,0.0008334166656519907,1.3286115026710378e-05,400.0,0.0,2.0,0.0,2.0,0.0,2.0,0.0,3.0,0.0,0.0,0.0,0.0,0.0,1.0,0.0,0.0,0.0,0.0,0.0,0.0,0.0,1600.0,0.0,0.0,0.0,-2.516505522483688e-17,5.185268477743734e-17,7.593925488436071e-16,1.9357399876532522e-17,1.1686291224800061e-15,2.882440024992711e-17,-1.7763568394002505e-15,0.0,1.7763568394002505e-15,0.0,,,,,,,,,,,,,,,,,,,,,,,,,,,,,,,,,,,,,,,,,,,,,,,,,,,,,,,,,,,,,,,,
diagnosis_controls,within_capacity,synthetic,diagnosis,known-law error bank0:0-1 | known_law_oracle,,,,,,,,,,,,,,,,,,,,,,,,,,,,,,,3,"[11, 12, 13]",within_capacity,,,,,,,,,,,,,,,,,,,,,,,,,,,,,,,,,,,,,,,,,,,,,,,,,,,,,0.0,0.0,0.0,0.0,0.0,0.0,1.0,7.850462293418876e-17,0.0,0.0,0.0,0.0,0.0,0.0,1.0,7.850462293418876e-17,0.0,0.0,0.0,0.0,0.0,0.0,1.0,0.0,0.0,0.0,0.0,0.0,,,,,,,,,,,,,,,,,,,,,,,,,,,,,,,,,,,,
diagnosis_controls,within_capacity,synthetic,diagnosis,joint | bank0:0-1 | known_law_oracle,,,,,,,,,,,,,,,,,,,,,,,,,,,,,,,3,"[11, 12, 13]",within_capacity,,,,,,,,,,,,,,,,,,,,,,,,,,,,,,,,,,,,,,,,,,,,,,,,,,,,,,,,,,,,,,,,,,,,,,,,,,,,,,,,,0.05000000000000001,8.498374721940739e-18,200.0,0.0,13.511334918852015,0.4350604957554901,9.840153456901513,0.9350856217930461,0.06666666666666667,0.03547299442298794,0.06666666666666667,0.03547299442298794,0.5,0.0,0.5,0.0,0.5,0.0,,,0.0,0.0,200.0,0.0,0.0,0.0,0.0,0.0,0.0,0.0,0.0,0.0,,,0.0,0.0
diagnosis_controls,within_capacity,synthetic,diagnosis,independent | bank0:0-1 | known_law_oracle,,,,,,,,,,,,,,,,,,,,,,,,,,,,,,,3,"[11, 12, 13]",within_capacity,,,,,,,,,,,,,,,,,,,,,,,,,,,,,,,,,,,,,,,,,,,,,,,,,,,,,,,,,,,,,,,,,,,,,,,,,,,,,,,,,0.05000000000000001,8.498374721940739e-18,200.0,0.0,13.511334918852015,0.43506049575549066,9.840153456901513,0.935085621793047,0.06666666666666667,0.03547299442298794,0.06666666666666667,0.03547299442298794,0.5,0.0,0.5,0.0,0.5,0.0,,,0.0,0.0,200.0,0.0,0.0,0.0,0.0,0.0,0.0,0.0,0.0,0.0,,,0.0,0.0
diagnosis_controls,within_capacity,synthetic,diagnosis,marginal_max | bank0:0-1 | known_law_oracle,,,,,,,,,,,,,,,,,,,,,,,,,,,,,,,3,"[11, 12, 13]",within_capacity,,,,,,,,,,,,,,,,,,,,,,,,,,,,,,,,,,,,,,,,,,,,,,,,,,,,,,,,,,,,,,,,,,,,,,,,,,,,,,,,,0.05000000000000001,8.498374721940739e-18,200.0,0.0,8.529904649174943,0.3433197510267786,7.840172232970702,0.9427948684257139,0.05333333333333334,0.01527525231651947,0.05333333333333334,0.01527525231651947,0.5,0.0,0.5,0.0,0.5,0.0,,,0.0,0.0,200.0,0.0,0.0,0.0,0.0,0.0,0.0,0.0,0.0,0.0,,,0.0,0.0
diagnosis_controls,within_capacity,synthetic,diagnosis,conditional_max | bank0:0-1 | known_law_oracle,,,,,,,,,,,,,,,,,,,,,,,,,,,,,,,3,"[11, 12, 13]",within_capacity,,,,,,,,,,,,,,,,,,,,,,,,,,,,,,,,,,,,,,,,,,,,,,,,,,,,,,,,,,,,,,,,,,,,,,,,,,,,,,,,,0.05000000000000001,8.498374721940739e-18,200.0,0.0,8.529904649174945,0.34331975102677903,7.8401722329707,0.9427948684257161,0.05333333333333334,0.01527525231651947,0.05333333333333334,0.01527525231651947,0.5,0.0,0.5,0.0,0.5,0.0,,,0.0,0.0,200.0,0.0,0.0,0.0,0.0,0.0,0.0,0.0,0.0,0.0,,,0.0,0.0
diagnosis_controls,within_capacity,synthetic,diagnosis,relational_max | bank0:0-1 | known_law_oracle,,,,,,,,,,,,,,,,,,,,,,,,,,,,,,,3,"[11, 12, 13]",within_capacity,,,,,,,,,,,,,,,,,,,,,,,,,,,,,,,,,,,,,,,,,,,,,,,,,,,,,,,,,,,,,,,,,,,,,,,,,,,,,,,,,0.05000000000000001,8.498374721940739e-18,200.0,0.0,1.1842378929335002e-15,5.127900497022837e-16,5.625129991434126e-15,1.3567149463006936e-15,0.055,0.04092676385936225,0.055,0.04092676385936225,0.5,0.0,0.5,3.925231146709438e-17,0.5,0.0,,,0.0,0.0,200.0,0.0,0.0,0.0,0.0,0.0,0.0,0.0,0.0,0.0,,,0.0,0.0
diagnosis_controls,within_capacity,synthetic,diagnosis,query single_sensor_0 | circuit,,,,,,,,,,,,,,,,,,,,,,,,,,,,,,,3,"[11, 12, 13]",within_capacity,,,,,,,,,,,1.1126200358072917e-06,2.753020616481904e-07,0.016898527666247293,0.003212832390087904,0.009031750332117857,0.0007694539174310618,400.0,0.0,1.0,0.0,1.0,0.0,1.0,0.0,3.0,0.0,1122.0,0.0,16.0,0.0,1.0,0.0,0.016810333333333333,0.0031983943367466967,448800.0,0.0,12800.0,0.0,1600.0,0.0,25600.0,0.0,-1.4265378330454345e-07,8.741653391606537e-08,2.3325283867355515e-07,7.137972190027314e-08,3.0906727488400065e-07,2.9573395879954934e-08,-4.847844365940546e-07,1.3765089954984247e-08,3.218650779975481e-07,1.3434204963993299e-07,,,,,,,,,,,,,,,,,,,,,,,,,,,,,,,,,,,,,,,,,,,,,,,,,,,,,,,,,,,,,,,,
diagnosis_controls,within_capacity,synthetic,diagnosis,known-law error single_sensor_0 | circuit,,,,,,,,,,,,,,,,,,,,,,,,,,,,,,,3,"[11, 12, 13]",within_capacity,,,,,,,,,,,,,,,,,,,,,,,,,,,,,,,,,,,,,,,,,,,,,,,,,,,,,0.11594068560689709,0.04303164148036332,0.3423231121630573,0.04754706869327,4.4295291961105585,2.8790056310068897,0.954669373264576,0.013046144057940277,0.11594068560689709,0.04303164148036332,0.3423231121630573,0.04754706869327,4.4295291961105585,2.8790056310068897,0.954669373264576,0.013046144057940277,0.0,0.0,0.0,0.0,0.0,0.0,,,-0.1159408328303697,0.04303156146451276,0.34232316242964106,0.04754702769464363,,,,,,,,,,,,,,,,,,,,,,,,,,,,,,,,,,,,
diagnosis_controls,within_capacity,synthetic,diagnosis,joint | single_sensor_0 | circuit,,,,,,,,,,,,,,,,,,,,,,,,,,,,,,,3,"[11, 12, 13]",within_capacity,,,,,,,,,,,,,,,,,,,,,,,,,,,,,,,,,,,,,,,,,,,,,,,,,,,,,,,,,,,,,,,,,,,,,,,,,,,,,,,,,0.05000000000000001,8.498374721940739e-18,200.0,0.0,8.123138427734375,0.5789232616806148,12.596299489339193,4.183881364249249,0.051666666666666666,0.025658007197234423,0.05333333333333332,0.007637626158259733,0.4878416666666667,0.008618379101277296,0.5012730462266876,0.007196917624368833,0.4878416666666667,0.008618379101277296,,,0.0,0.0,0.0,0.0,200.0,0.0,200.0,0.0,0.0,0.0,0.0,0.0,,,0.0,0.0
diagnosis_controls,within_capacity,synthetic,diagnosis,independent | single_sensor_0 | circuit,,,,,,,,,,,,,,,,,,,,,,,,,,,,,,,3,"[11, 12, 13]",within_capacity,,,,,,,,,,,,,,,,,,,,,,,,,,,,,,,,,,,,,,,,,,,,,,,,,,,,,,,,,,,,,,,,,,,,,,,,,,,,,,,,,0.05000000000000001,8.498374721940739e-18,200.0,0.0,8.123138268788656,0.5789235368137017,12.59630012512207,4.183880838250481,0.051666666666666666,0.025658007197234423,0.05333333333333332,0.007637626158259733,0.4878416666666667,0.008618379101277296,0.5012730462266876,0.007196917624368833,0.4878416666666667,0.008618379101277296,,,0.0,0.0,0.0,0.0,200.0,0.0,200.0,0.0,0.0,0.0,0.0,0.0,,,0.0,0.0
diagnosis_controls,within_capacity,synthetic,diagnosis,marginal_max | single_sensor_0 | circuit,,,,,,,,,,,,,,,,,,,,,,,,,,,,,,,3,"[11, 12, 13]",within_capacity,,,,,,,,,,,,,,,,,,,,,,,,,,,,,,,,,,,,,,,,,,,,,,,,,,,,,,,,,,,,,,,,,,,,,,,,,,,,,,,,,0.05000000000000001,8.498374721940739e-18,200.0,0.0,8.123138268788656,0.5789235368137017,12.59630012512207,4.183880838250481,0.051666666666666666,0.025658007197234423,0.05333333333333332,0.007637626158259733,0.4878416666666667,0.008618379101277296,0.5012730462266876,0.007196917624368833,0.4878416666666667,0.008618379101277296,,,0.0,0.0,0.0,0.0,200.0,0.0,200.0,0.0,0.0,0.0,0.0,0.0,,,0.0,0.0
diagnosis_controls,within_capacity,synthetic,diagnosis,conditional_max | single_sensor_0 | circuit,,,,,,,,,,,,,,,,,,,,,,,,,,,,,,,3,"[11, 12, 13]",within_capacity,,,,,,,,,,,,,,,,,,,,,,,,,,,,,,,,,,,,,,,,,,,,,,,,,,,,,,,,,,,,,,,,,,,,,,,,,,,,,,,,,0.05000000000000001,8.498374721940739e-18,200.0,0.0,8.123138268788656,0.5789235368137017,12.59630012512207,4.183880838250481,0.051666666666666666,0.025658007197234423,0.05333333333333332,0.007637626158259733,0.4878416666666667,0.008618379101277296,0.5012730462266876,0.007196917624368833,0.4878416666666667,0.008618379101277296,,,0.0,0.0,0.0,0.0,200.0,0.0,200.0,0.0,0.0,0.0,0.0,0.0,,,0.0,0.0
diagnosis_controls,within_capacity,synthetic,diagnosis,relational_max | single_sensor_0 | circuit,,,,,,,,,,,,,,,,,,,,,,,,,,,,,,,3,"[11, 12, 13]",within_capacity,,,,,,,,,,,,,,,,,,,,,,,,,,,,,,,,,,,,,,,,,,,,,,,,,,,,,,,,,,,,,,,,,,,,,,,,,,,,,,,,,0.05000000000000001,8.498374721940739e-18,200.0,0.0,0.0,0.0,0.0,0.0,0.0,0.0,0.0,0.0,0.5,0.0,0.5,0.0,0.5,0.0,,,0.0,0.0,0.0,0.0,200.0,0.0,200.0,0.0,0.0,0.0,0.0,0.0,,,0.0,0.0
diagnosis_controls,within_capacity,synthetic,diagnosis,query single_sensor_0 | known_law_oracle,,,,,,,,,,,,,,,,,,,,,,,,,,,,,,,3,"[11, 12, 13]",within_capacity,,,,,,,,,,,0.0,0.0,0.00044451366557041183,3.1365121034184196e-05,0.0004795003333128989,0.00015518636536373566,400.0,0.0,1.0,0.0,1.0,0.0,1.0,0.0,2.0,0.0,0.0,0.0,0.0,0.0,1.0,0.0,0.0,0.0,0.0,0.0,0.0,0.0,1600.0,0.0,0.0,0.0,0.0,0.0,0.0,0.0,0.0,0.0,0.0,0.0,0.0,0.0,,,,,,,,,,,,,,,,,,,,,,,,,,,,,,,,,,,,,,,,,,,,,,,,,,,,,,,,,,,,,,,,
diagnosis_controls,within_capacity,synthetic,diagnosis,known-law error single_sensor_0 | known_law_oracle,,,,,,,,,,,,,,,,,,,,,,,,,,,,,,,3,"[11, 12, 13]",within_capacity,,,,,,,,,,,,,,,,,,,,,,,,,,,,,,,,,,,,,,,,,,,,,,,,,,,,,0.0,0.0,0.0,0.0,0.0,0.0,1.0,0.0,0.0,0.0,0.0,0.0,0.0,0.0,1.0,0.0,0.0,0.0,0.0,0.0,0.0,0.0,,,0.0,0.0,0.0,0.0,,,,,,,,,,,,,,,,,,,,,,,,,,,,,,,,,,,,
diagnosis_controls,within_capacity,synthetic,diagnosis,joint | single_sensor_0 | known_law_oracle,,,,,,,,,,,,,,,,,,,,,,,,,,,,,,,3,"[11, 12, 13]",within_capacity,,,,,,,,,,,,,,,,,,,,,,,,,,,,,,,,,,,,,,,,,,,,,,,,,,,,,,,,,,,,,,,,,,,,,,,,,,,,,,,,,0.05000000000000001,8.498374721940739e-18,200.0,0.0,7.689895496961474,0.5021001950174577,10.071033718670991,2.3032659569915754,0.06333333333333334,0.020207259421636908,0.06,0.0304138126514911,0.48662500000000003,0.006084868527749771,0.4983624026561697,0.008169094318119742,0.48662500000000003,0.006084868527749771,,,0.0,0.0,0.0,0.0,200.0,0.0,200.0,0.0,0.0,0.0,0.0,0.0,,,0.0,0.0
diagnosis_controls,within_capacity,synthetic,diagnosis,independent | single_sensor_0 | known_law_oracle,,,,,,,,,,,,,,,,,,,,,,,,,,,,,,,3,"[11, 12, 13]",within_capacity,,,,,,,,,,,,,,,,,,,,,,,,,,,,,,,,,,,,,,,,,,,,,,,,,,,,,,,,,,,,,,,,,,,,,,,,,,,,,,,,,0.05000000000000001,8.498374721940739e-18,200.0,0.0,7.689895496961474,0.5021001950174577,10.071033718670991,2.3032659569915754,0.06333333333333334,0.020207259421636908,0.06,0.0304138126514911,0.48662500000000003,0.006084868527749771,0.4983624026561697,0.008169094318119742,0.48662500000000003,0.006084868527749771,,,0.0,0.0,0.0,0.0,200.0,0.0,200.0,0.0,0.0,0.0,0.0,0.0,,,0.0,0.0
diagnosis_controls,within_capacity,synthetic,diagnosis,marginal_max | single_sensor_0 | known_law_oracle,,,,,,,,,,,,,,,,,,,,,,,,,,,,,,,3,"[11, 12, 13]",within_capacity,,,,,,,,,,,,,,,,,,,,,,,,,,,,,,,,,,,,,,,,,,,,,,,,,,,,,,,,,,,,,,,,,,,,,,,,,,,,,,,,,0.05000000000000001,8.498374721940739e-18,200.0,0.0,7.689895496961474,0.5021001950174577,10.071033718670991,2.3032659569915754,0.06333333333333334,0.020207259421636908,0.06,0.0304138126514911,0.48662500000000003,0.006084868527749771,0.4983624026561697,0.008169094318119742,0.48662500000000003,0.006084868527749771,,,0.0,0.0,0.0,0.0,200.0,0.0,200.0,0.0,0.0,0.0,0.0,0.0,,,0.0,0.0
diagnosis_controls,within_capacity,synthetic,diagnosis,conditional_max | single_sensor_0 | known_law_oracle,,,,,,,,,,,,,,,,,,,,,,,,,,,,,,,3,"[11, 12, 13]",within_capacity,,,,,,,,,,,,,,,,,,,,,,,,,,,,,,,,,,,,,,,,,,,,,,,,,,,,,,,,,,,,,,,,,,,,,,,,,,,,,,,,,0.05000000000000001,8.498374721940739e-18,200.0,0.0,7.689895496961474,0.5021001950174577,10.071033718670991,2.3032659569915754,0.06333333333333334,0.020207259421636908,0.06,0.0304138126514911,0.48662500000000003,0.006084868527749771,0.4983624026561697,0.008169094318119742,0.48662500000000003,0.006084868527749771,,,0.0,0.0,0.0,0.0,200.0,0.0,200.0,0.0,0.0,0.0,0.0,0.0,,,0.0,0.0
diagnosis_controls,within_capacity,synthetic,diagnosis,relational_max | single_sensor_0 | known_law_oracle,,,,,,,,,,,,,,,,,,,,,,,,,,,,,,,3,"[11, 12, 13]",within_capacity,,,,,,,,,,,,,,,,,,,,,,,,,,,,,,,,,,,,,,,,,,,,,,,,,,,,,,,,,,,,,,,,,,,,,,,,,,,,,,,,,0.05000000000000001,8.498374721940739e-18,200.0,0.0,0.0,0.0,0.0,0.0,0.0,0.0,0.0,0.0,0.5,0.0,0.5,0.0,0.5,0.0,,,0.0,0.0,0.0,0.0,200.0,0.0,200.0,0.0,0.0,0.0,0.0,0.0,,,0.0,0.0
diagnosis_controls,unblocked,synthetic,diagnosis,model,3.9891650279363e-08,1.747522852259021e-08,64.0,0.0,57.0,0.0,240.0,0.0,361.0,0.0,1488.0,0.0,872.0,116.2067123706716,109.0,14.52583904633395,83.0,14.52583904633395,20.58322525024414,0.2103955933304504,3.0324467023213706,0.8708303096108231,20.377481778462727,0.15296773579257833,0.02,0.0,150.0,0.0,128.0,0.0,3,"[11, 12, 13]",unblocked,,,,,,,,,,,,,,,,,,,,,,,,,,,,,,,,,,,,,,,,,,,,,,,,,,,,,,,,,,,,,,,,,,,,,,,,,,,,,,,,,,,,,,,,,,,,,,,,,,,,,,,,,,,,,,,,,,,,
diagnosis_controls,unblocked,synthetic,diagnosis,shortcut audit,,,,,,,,,,,,,,,,,,,,,,,,,,,,,,,3,"[11, 12, 13]",unblocked,0.48155,0.02226208941227215,0.0,0.0,400.0,0.0,400.0,0.0,10.0,0.0,,,,,,,,,,,,,,,,,,,,,,,,,,,,,,,,,,,,,,,,,,,,,,,,,,,,,,,,,,,,,,,,,,,,,,,,,,,,,,,,,,,,,,,,,,,,,,,,,,,,,,,,,,
diagnosis_controls,unblocked,synthetic,diagnosis,query full | circuit,,,,,,,,,,,,,,,,,,,,,,,,,,,,,,,3,"[11, 12, 13]",unblocked,,,,,,,,,,,3.4968058268229165e-06,3.349194130214926e-06,0.03777547233282045,0.053038663698234866,0.009821666998808118,0.009224622129088452,400.0,0.0,4.0,0.0,4.0,0.0,4.0,0.0,5.0,3.4641016151377544,1383.0,1616.0034034617624,10.666666666666666,9.237604307034013,1.0,0.0,0.004714,0.004086862733197679,553200.0,646401.3613847051,8533.333333333334,7390.08344562721,1600.0,0.0,17066.666666666668,14780.16689125442,-0.0037441715539898723,0.007293889723498712,0.038822504085449815,0.03418737998707916,0.05121702563095217,0.04464493058597387,-0.08434744029849146,0.07353450964370094,0.05672022402480555,0.05250788278585031,,,,,,,,,,,,,,,,,,,,,,,,,,,,,,,,,,,,,,,,,,,,,,,,,,,,,,,,,,,,,,,,
diagnosis_controls,unblocked,synthetic,diagnosis,known-law error full | circuit,,,,,,,,,,,,,,,,,,,,,,,,,,,,,,,3,"[11, 12, 13]",unblocked,,,,,,,,,,,,,,,,,,,,,,,,,,,,,,,,,,,,,,,,,,,,,,,,,,,,,0.1688002845896225,0.023821974364580566,0.4151764453028315,0.0225397928849634,4.94640801440161,1.2925380264377215,0.9275052401243121,0.005898736800776497,0.16693870979079947,0.024636425547904538,0.41441454928371924,0.02267287555300027,4.934908927385821,1.2929876941113814,0.9275402005908271,0.0058364348426198295,0.0018615743517882098,0.0036339238410392017,0.020036384165287056,0.01749504989703109,0.1793828010559079,0.15646400484615797,0.006230709659152209,0.02125905519468637,-0.6714769161752598,0.0966571897584157,1.0186551949115525,0.11927176895734308,,,,,,,,,,,,,,,,,,,,,,,,,,,,,,,,,,,,
diagnosis_controls,unblocked,synthetic,diagnosis,joint | full | circuit,,,,,,,,,,,,,,,,,,,,,,,,,,,,,,,3,"[11, 12, 13]",unblocked,,,,,,,,,,,,,,,,,,,,,,,,,,,,,,,,,,,,,,,,,,,,,,,,,,,,,,,,,,,,,,,,,,,,,,,,,,,,,,,,,0.05000000000000001,8.498374721940739e-18,200.0,0.0,25.990726470947266,0.3840856178923625,16.98643747965495,1.4765414524579048,0.04666666666666667,0.007637626158259733,0.06166666666666667,0.03403429642777023,0.49850833333333333,0.00045023142197467124,0.5059764523502014,0.007346747181624136,0.49850833333333333,0.00045023142197467124,0.5201388888888889,0.010226033407888867,200.0,0.0,0.0,0.0,0.0,0.0,0.0,0.0,200.0,0.0,187.66666666666666,6.8068592855540455,0.24666666666666667,0.016072751268321604,0.016666666666666666,0.007637626158259734
diagnosis_controls,unblocked,synthetic,diagnosis,independent | full | circuit,,,,,,,,,,,,,,,,,,,,,,,,,,,,,,,3,"[11, 12, 13]",unblocked,,,,,,,,,,,,,,,,,,,,,,,,,,,,,,,,,,,,,,,,,,,,,,,,,,,,,,,,,,,,,,,,,,,,,,,,,,,,,,,,,0.05000000000000001,8.498374721940739e-18,200.0,0.0,25.99421501159668,0.4146487180326892,17.045917510986328,1.397002732026871,0.04666666666666667,0.007637626158259733,0.06,0.03122498999199199,0.49877499999999997,0.0001984313483298539,0.5058141170306906,0.0073608958092251445,0.49877499999999997,0.0001984313483298539,0.5206944444444443,0.009631521359769891,200.0,0.0,0.0,0.0,0.0,0.0,0.0,0.0,200.0,0.0,188.0,6.244997998398398,0.24666666666666667,0.016072751268321604,0.016666666666666666,0.007637626158259734
diagnosis_controls,unblocked,synthetic,diagnosis,marginal_max | full | circuit,,,,,,,,,,,,,,,,,,,,,,,,,,,,,,,3,"[11, 12, 13]",unblocked,,,,,,,,,,,,,,,,,,,,,,,,,,,,,,,,,,,,,,,,,,,,,,,,,,,,,,,,,,,,,,,,,,,,,,,,,,,,,,,,,0.05000000000000001,8.498374721940739e-18,200.0,0.0,10.15468660990397,0.5493145861995644,11.941851933797201,2.9301089889018965,0.051666666666666666,0.016072751268321594,0.05833333333333333,0.023629078131263043,0.5000708333333334,0.002979469681559655,0.5043014815422927,0.008638295138034005,0.5000708333333334,0.002979469681559655,0.5206944444444443,0.009631521359769891,200.0,0.0,0.0,0.0,0.0,0.0,0.0,0.0,200.0,0.0,188.33333333333334,4.725815626252609,0.24666666666666667,0.016072751268321604,0.018333333333333333,0.012583057392117914
diagnosis_controls,unblocked,synthetic,diagnosis,conditional_max | full | circuit,,,,,,,,,,,,,,,,,,,,,,,,,,,,,,,3,"[11, 12, 13]",unblocked,,,,,,,,,,,,,,,,,,,,,,,,,,,,,,,,,,,,,,,,,,,,,,,,,,,,,,,,,,,,,,,,,,,,,,,,,,,,,,,,,0.05000000000000001,8.498374721940739e-18,200.0,0.0,10.142017682393393,0.5568829909209304,11.943906784057617,2.9297373387080814,0.05000000000000001,0.01802775637731995,0.056666666666666664,0.024664414311581243,0.5008958333333333,0.003434438030207156,0.5076872783027516,0.009769813279307224,0.5008958333333333,0.003434438030207156,0.5201388888888889,0.010226033407888867,200.0,0.0,0.0,0.0,0.0,0.0,0.0,0.0,200.0,0.0,188.66666666666666,4.932882862316247,0.24666666666666667,0.016072751268321604,0.018333333333333333,0.012583057392117914
diagnosis_controls,unblocked,synthetic,diagnosis,relational_max | full | circuit,,,,,,,,,,,,,,,,,,,,,,,,,,,,,,,3,"[11, 12, 13]",unblocked,,,,,,,,,,,,,,,,,,,,,,,,,,,,,,,,,,,,,,,,,,,,,,,,,,,,,,,,,,,,,,,,,,,,,,,,,,,,,,,,,0.05000000000000001,8.498374721940739e-18,200.0,0.0,0.08689721425374348,0.07659375890032077,0.1545883814493815,0.13067600056652162,0.04,0.018027756377319945,0.049999999999999996,0.005000000000000001,0.5121791666666667,0.02856692343573831,0.5136797915504259,0.0171555103153156,0.5121791666666667,0.02856692343573831,0.5219444444444444,0.004455281925651481,200.0,0.0,0.0,0.0,0.0,0.0,121.0,103.3779473582253,79.0,103.3779473582253,73.33333333333333,98.2768199187038,0.18143354902936787,0.1186137308411481,0.0,0.0
diagnosis_controls,unblocked,synthetic,diagnosis,query full | known_law_oracle,,,,,,,,,,,,,,,,,,,,,,,,,,,,,,,3,"[11, 12, 13]",unblocked,,,,,,,,,,,0.0,0.0,0.003524832998664351,0.0032788883526972444,0.0030741526667649546,0.002847973389092893,400.0,0.0,4.0,0.0,4.0,0.0,4.0,0.0,5.0,0.0,0.0,0.0,0.0,0.0,1.0,0.0,0.0,0.0,0.0,0.0,0.0,0.0,1600.0,0.0,0.0,0.0,-7.105427357601002e-17,1.0805156823142816e-16,1.3559523874088578e-15,1.4897411453073922e-16,2.1872322410349084e-15,1.2232396861929305e-16,-3.552713678800501e-15,0.0,3.552713678800501e-15,0.0,,,,,,,,,,,,,,,,,,,,,,,,,,,,,,,,,,,,,,,,,,,,,,,,,,,,,,,,,,,,,,,,
diagnosis_controls,unblocked,synthetic,diagnosis,known-law error full | known_law_oracle,,,,,,,,,,,,,,,,,,,,,,,,,,,,,,,3,"[11, 12, 13]",unblocked,,,,,,,,,,,,,,,,,,,,,,,,,,,,,,,,,,,,,,,,,,,,,,,,,,,,,0.0,0.0,0.0,0.0,0.0,0.0,1.0,7.850462293418876e-17,0.0,0.0,0.0,0.0,0.0,0.0,1.0,7.850462293418876e-17,0.0,0.0,0.0,0.0,0.0,0.0,1.0,1.5700924586837752e-16,0.0,0.0,0.0,0.0,,,,,,,,,,,,,,,,,,,,,,,,,,,,,,,,,,,,
diagnosis_controls,unblocked,synthetic,diagnosis,joint | full | known_law_oracle,,,,,,,,,,,,,,,,,,,,,,,,,,,,,,,3,"[11, 12, 13]",unblocked,,,,,,,,,,,,,,,,,,,,,,,,,,,,,,,,,,,,,,,,,,,,,,,,,,,,,,,,,,,,,,,,,,,,,,,,,,,,,,,,,0.05000000000000001,8.498374721940739e-18,200.0,0.0,25.123579209597313,0.8029984373828893,17.044397970706715,2.1083751073729076,0.06166666666666667,0.03752776749732568,0.06666666666666667,0.03214550253664318,0.495175,0.009931232300173022,0.5004042151936351,0.002741286964361124,0.495175,0.009931232300173022,0.5191666666666667,0.02036131953811768,200.0,0.0,0.0,0.0,0.0,0.0,0.0,0.0,200.0,0.0,186.66666666666666,6.429100507328636,0.24666666666666667,0.022546248764114478,0.02,0.005000000000000001
diagnosis_controls,unblocked,synthetic,diagnosis,independent | full | known_law_oracle,,,,,,,,,,,,,,,,,,,,,,,,,,,,,,,3,"[11, 12, 13]",unblocked,,,,,,,,,,,,,,,,,,,,,,,,,,,,,,,,,,,,,,,,,,,,,,,,,,,,,,,,,,,,,,,,,,,,,,,,,,,,,,,,,0.05000000000000001,8.498374721940739e-18,200.0,0.0,25.123579209597313,0.8029984373828913,17.044397970706715,2.108375107372908,0.06166666666666667,0.03752776749732568,0.06666666666666667,0.03214550253664318,0.495175,0.009931232300173022,0.5004042151936351,0.002741286964361124,0.495175,0.009931232300173022,0.5191666666666667,0.02036131953811768,200.0,0.0,0.0,0.0,0.0,0.0,0.0,0.0,200.0,0.0,186.66666666666666,6.429100507328636,0.24666666666666667,0.022546248764114478,0.02,0.005000000000000001
diagnosis_controls,unblocked,synthetic,diagnosis,marginal_max | full | known_law_oracle,,,,,,,,,,,,,,,,,,,,,,,,,,,,,,,3,"[11, 12, 13]",unblocked,,,,,,,,,,,,,,,,,,,,,,,,,,,,,,,,,,,,,,,,,,,,,,,,,,,,,,,,,,,,,,,,,,,,,,,,,,,,,,,,,0.05000000000000001,8.498374721940739e-18,200.0,0.0,9.534260679629464,0.5096828622100442,9.419955147727025,2.0038181239108432,0.06833333333333334,0.007637626158259734,0.06333333333333334,0.016072751268321594,0.49613749999999995,0.005834447810204524,0.4981638992130874,0.007072901242308277,0.49613749999999995,0.005834447810204524,0.5191666666666667,0.02036131953811768,200.0,0.0,0.0,0.0,0.0,0.0,0.0,0.0,200.0,0.0,187.33333333333334,3.2145502536643185,0.24666666666666667,0.022546248764114478,0.013333333333333334,0.011547005383792516
diagnosis_controls,unblocked,synthetic,diagnosis,conditional_max | full | known_law_oracle,,,,,,,,,,,,,,,,,,,,,,,,,,,,,,,3,"[11, 12, 13]",unblocked,,,,,,,,,,,,,,,,,,,,,,,,,,,,,,,,,,,,,,,,,,,,,,,,,,,,,,,,,,,,,,,,,,,,,,,,,,,,,,,,,0.05000000000000001,8.498374721940739e-18,200.0,0.0,9.534260679629464,0.5096828622100421,9.419955147727027,2.0038181239108415,0.06833333333333334,0.007637626158259734,0.06333333333333334,0.016072751268321594,0.49618333333333337,0.005731005765424863,0.49909067103859645,0.006926249550799064,0.49618333333333337,0.005731005765424863,0.5191666666666667,0.02036131953811768,200.0,0.0,0.0,0.0,0.0,0.0,0.0,0.0,200.0,0.0,187.33333333333334,3.2145502536643185,0.24666666666666667,0.022546248764114478,0.013333333333333334,0.011547005383792516
diagnosis_controls,unblocked,synthetic,diagnosis,relational_max | full | known_law_oracle,,,,,,,,,,,,,,,,,,,,,,,,,,,,,,,3,"[11, 12, 13]",unblocked,,,,,,,,,,,,,,,,,,,,,,,,,,,,,,,,,,,,,,,,,,,,,,,,,,,,,,,,,,,,,,,,,,,,,,,,,,,,,,,,,0.05000000000000001,8.498374721940739e-18,200.0,0.0,2.960594732333751e-15,5.127900497022838e-16,7.697546304067751e-15,5.127900497022837e-16,0.043333333333333335,0.020816659994661327,0.055000000000000014,0.0360555127546399,0.49685833333333335,0.03547310674417076,0.503320472520619,0.017195342160496938,0.49685833333333335,0.03547310674417076,0.43069444444444444,0.007742977702647969,200.0,0.0,0.0,0.0,0.0,0.0,200.0,0.0,0.0,0.0,0.0,0.0,,,0.0,0.0
diagnosis_controls,unblocked,synthetic,diagnosis,query random1:0 | circuit,,,,,,,,,,,,,,,,,,,,,,,,,,,,,,,3,"[11, 12, 13]",unblocked,,,,,,,,,,,2.0662943522135415e-06,1.805276344871608e-06,0.030237361332789685,0.04064482333714968,0.00860677766831941,0.007411212762665143,400.0,0.0,3.0,0.0,3.0,0.0,3.0,0.0,4.333333333333333,2.309401076758503,1142.3333333333333,1199.1565091068526,10.666666666666666,9.237604307034013,1.0,0.0,0.004462333333333333,0.0038689435681246802,456933.3333333333,479662.6036427411,8533.333333333334,7390.08344562721,1600.0,0.0,17066.666666666668,14780.16689125442,-0.0037033366730459725,0.007258568372963801,0.03881878157456716,0.034264249619044264,0.05117312603397295,0.044802688196154725,-0.0838721777011718,0.07314959921871153,0.05657922575968163,0.0526320284188533,,,,,,,,,,,,,,,,,,,,,,,,,,,,,,,,,,,,,,,,,,,,,,,,,,,,,,,,,,,,,,,,
diagnosis_controls,unblocked,synthetic,diagnosis,known-law error random1:0 | circuit,,,,,,,,,,,,,,,,,,,,,,,,,,,,,,,3,"[11, 12, 13]",unblocked,,,,,,,,,,,,,,,,,,,,,,,,,,,,,,,,,,,,,,,,,,,,,,,,,,,,,0.16918513276983338,0.030604557778046354,0.42094106457702646,0.02591528510357338,4.524227843133459,0.8209734873100987,0.9224446939886,0.0059935572180570005,0.16671616639172818,0.031164290948539383,0.4199240545042513,0.025930465333089105,4.476204937147947,0.8764844131791134,0.9224828714907329,0.005930504785879503,0.0024689621395526957,0.00483907456924577,0.02654005236095851,0.023223436078081267,0.17871967951456616,0.1577917373721273,0.03222315915808845,0.052692872950133876,-0.5038518406592535,0.09237237336990699,0.8267270019882931,0.10108669212498804,,,,,,,,,,,,,,,,,,,,,,,,,,,,,,,,,,,,
diagnosis_controls,unblocked,synthetic,diagnosis,joint | random1:0 | circuit,,,,,,,,,,,,,,,,,,,,,,,,,,,,,,,3,"[11, 12, 13]",unblocked,,,,,,,,,,,,,,,,,,,,,,,,,,,,,,,,,,,,,,,,,,,,,,,,,,,,,,,,,,,,,,,,,,,,,,,,,,,,,,,,,0.05000000000000001,8.498374721940739e-18,200.0,0.0,20.345832188924152,0.3480039838346812,13.727485656738281,1.2259837052377376,0.05333333333333334,0.04072263907623539,0.05333333333333334,0.04072263907623539,0.5,0.0,0.5,0.0,0.5,0.0,,,0.0,0.0,200.0,0.0,0.0,0.0,0.0,0.0,0.0,0.0,0.0,0.0,,,0.0,0.0
diagnosis_controls,unblocked,synthetic,diagnosis,independent | random1:0 | circuit,,,,,,,,,,,,,,,,,,,,,,,,,,,,,,,3,"[11, 12, 13]",unblocked,,,,,,,,,,,,,,,,,,,,,,,,,,,,,,,,,,,,,,,,,,,,,,,,,,,,,,,,,,,,,,,,,,,,,,,,,,,,,,,,,0.05000000000000001,8.498374721940739e-18,200.0,0.0,20.35187339782715,0.3822049596923203,13.768089294433594,1.1149572773825545,0.05333333333333334,0.04072263907623539,0.05333333333333334,0.04072263907623539,0.5,0.0,0.5,0.0,0.5,0.0,,,0.0,0.0,200.0,0.0,0.0,0.0,0.0,0.0,0.0,0.0,0.0,0.0,,,0.0,0.0
diagnosis_controls,unblocked,synthetic,diagnosis,marginal_max | random1:0 | circuit,,,,,,,,,,,,,,,,,,,,,,,,,,,,,,,3,"[11, 12, 13]",unblocked,,,,,,,,,,,,,,,,,,,,,,,,,,,,,,,,,,,,,,,,,,,,,,,,,,,,,,,,,,,,,,,,,,,,,,,,,,,,,,,,,0.05000000000000001,8.498374721940739e-18,200.0,0.0,9.679917335510254,0.0798628067045581,10.164043426513672,1.5878317293469086,0.049999999999999996,0.017320508075688773,0.049999999999999996,0.017320508075688773,0.5,0.0,0.5,0.0,0.5,0.0,,,0.0,0.0,200.0,0.0,0.0,0.0,0.0,0.0,0.0,0.0,0.0,0.0,,,0.0,0.0
diagnosis_controls,unblocked,synthetic,diagnosis,conditional_max | random1:0 | circuit,,,,,,,,,,,,,,,,,,,,,,,,,,,,,,,3,"[11, 12, 13]",unblocked,,,,,,,,,,,,,,,,,,,,,,,,,,,,,,,,,,,,,,,,,,,,,,,,,,,,,,,,,,,,,,,,,,,,,,,,,,,,,,,,,0.05000000000000001,8.498374721940739e-18,200.0,0.0,9.703760782877604,0.10830706735123123,10.157160758972168,1.6242035570829054,0.04833333333333333,0.020207259421636897,0.04833333333333333,0.020207259421636897,0.5,0.0,0.5,0.0,0.5,0.0,,,0.0,0.0,200.0,0.0,0.0,0.0,0.0,0.0,0.0,0.0,0.0,0.0,,,0.0,0.0
diagnosis_controls,unblocked,synthetic,diagnosis,relational_max | random1:0 | circuit,,,,,,,,,,,,,,,,,,,,,,,,,,,,,,,3,"[11, 12, 13]",unblocked,,,,,,,,,,,,,,,,,,,,,,,,,,,,,,,,,,,,,,,,,,,,,,,,,,,,,,,,,,,,,,,,,,,,,,,,,,,,,,,,,0.05000000000000001,8.498374721940739e-18,200.0,0.0,0.0868686040242513,0.07663444759233747,0.1666409174601237,0.14559758672052428,0.03666666666666667,0.02362907813126304,0.03666666666666667,0.02362907813126304,0.5,0.0,0.5,0.0,0.5,0.0,,,0.0,0.0,200.0,0.0,0.0,0.0,0.0,0.0,0.0,0.0,0.0,0.0,,,0.0,0.0
diagnosis_controls,unblocked,synthetic,diagnosis,query random1:0 | known_law_oracle,,,,,,,,,,,,,,,,,,,,,,,,,,,,,,,3,"[11, 12, 13]",unblocked,,,,,,,,,,,0.0,0.0,0.002690611333188523,0.0024050674909494763,0.0024423613322142046,0.002263626335388242,400.0,0.0,3.0,0.0,3.0,0.0,3.0,0.0,4.0,0.0,0.0,0.0,0.0,0.0,1.0,0.0,0.0,0.0,0.0,0.0,0.0,0.0,1600.0,0.0,0.0,0.0,-8.052817671947803e-16,1.6906525406631609e-16,1.0954200509634876e-15,7.65758843379746e-17,1.7506064265808513e-15,1.3584626236046136e-16,-3.552713678800501e-15,0.0,1.1842378929335002e-15,2.051160198809135e-15,,,,,,,,,,,,,,,,,,,,,,,,,,,,,,,,,,,,,,,,,,,,,,,,,,,,,,,,,,,,,,,,
diagnosis_controls,unblocked,synthetic,diagnosis,known-law error random1:0 | known_law_oracle,,,,,,,,,,,,,,,,,,,,,,,,,,,,,,,3,"[11, 12, 13]",unblocked,,,,,,,,,,,,,,,,,,,,,,,,,,,,,,,,,,,,,,,,,,,,,,,,,,,,,0.0,0.0,0.0,0.0,0.0,0.0,1.0,7.850462293418876e-17,0.0,0.0,0.0,0.0,0.0,0.0,1.0,7.850462293418876e-17,0.0,0.0,0.0,0.0,0.0,0.0,1.0,0.0,0.0,0.0,0.0,0.0,,,,,,,,,,,,,,,,,,,,,,,,,,,,,,,,,,,,
diagnosis_controls,unblocked,synthetic,diagnosis,joint | random1:0 | known_law_oracle,,,,,,,,,,,,,,,,,,,,,,,,,,,,,,,3,"[11, 12, 13]",unblocked,,,,,,,,,,,,,,,,,,,,,,,,,,,,,,,,,,,,,,,,,,,,,,,,,,,,,,,,,,,,,,,,,,,,,,,,,,,,,,,,,0.05000000000000001,8.498374721940739e-18,200.0,0.0,19.29980858508487,0.2907926582450536,12.460575795018181,0.5139552780926636,0.06333333333333334,0.036170890690351176,0.06333333333333334,0.036170890690351176,0.5,0.0,0.5,0.0,0.5,0.0,,,0.0,0.0,200.0,0.0,0.0,0.0,0.0,0.0,0.0,0.0,0.0,0.0,,,0.0,0.0
diagnosis_controls,unblocked,synthetic,diagnosis,independent | random1:0 | known_law_oracle,,,,,,,,,,,,,,,,,,,,,,,,,,,,,,,3,"[11, 12, 13]",unblocked,,,,,,,,,,,,,,,,,,,,,,,,,,,,,,,,,,,,,,,,,,,,,,,,,,,,,,,,,,,,,,,,,,,,,,,,,,,,,,,,,0.05000000000000001,8.498374721940739e-18,200.0,0.0,19.29980858508487,0.29079265824505296,12.460575795018181,0.5139552780926618,0.06333333333333334,0.036170890690351176,0.06333333333333334,0.036170890690351176,0.5,0.0,0.5,0.0,0.5,0.0,,,0.0,0.0,200.0,0.0,0.0,0.0,0.0,0.0,0.0,0.0,0.0,0.0,,,0.0,0.0
diagnosis_controls,unblocked,synthetic,diagnosis,marginal_max | random1:0 | known_law_oracle,,,,,,,,,,,,,,,,,,,,,,,,,,,,,,,3,"[11, 12, 13]",unblocked,,,,,,,,,,,,,,,,,,,,,,,,,,,,,,,,,,,,,,,,,,,,,,,,,,,,,,,,,,,,,,,,,,,,,,,,,,,,,,,,,0.05000000000000001,8.498374721940739e-18,200.0,0.0,8.943559558715588,0.1510144337961069,8.295845016820818,0.8547720703698442,0.07,0.025980762113533163,0.07,0.025980762113533163,0.5,0.0,0.5,0.0,0.5,0.0,,,0.0,0.0,200.0,0.0,0.0,0.0,0.0,0.0,0.0,0.0,0.0,0.0,,,0.0,0.0
diagnosis_controls,unblocked,synthetic,diagnosis,conditional_max | random1:0 | known_law_oracle,,,,,,,,,,,,,,,,,,,,,,,,,,,,,,,3,"[11, 12, 13]",unblocked,,,,,,,,,,,,,,,,,,,,,,,,,,,,,,,,,,,,,,,,,,,,,,,,,,,,,,,,,,,,,,,,,,,,,,,,,,,,,,,,,0.05000000000000001,8.498374721940739e-18,200.0,0.0,8.943559558715588,0.15101443379610804,8.295845016820817,0.8547720703698464,0.07,0.025980762113533163,0.07,0.025980762113533163,0.5,0.0,0.5,0.0,0.5,0.0,,,0.0,0.0,200.0,0.0,0.0,0.0,0.0,0.0,0.0,0.0,0.0,0.0,,,0.0,0.0
diagnosis_controls,unblocked,synthetic,diagnosis,relational_max | random1:0 | known_law_oracle,,,,,,,,,,,,,,,,,,,,,,,,,,,,,,,3,"[11, 12, 13]",unblocked,,,,,,,,,,,,,,,,,,,,,,,,,,,,,,,,,,,,,,,,,,,,,,,,,,,,,,,,,,,,,,,,,,,,,,,,,,,,,,,,,0.05000000000000001,8.498374721940739e-18,200.0,0.0,3.552713678800501e-15,8.881784197001252e-16,7.697546304067751e-15,5.127900497022837e-16,0.06333333333333334,0.03013856886670854,0.06333333333333334,0.03013856886670854,0.5,0.0,0.5,0.0,0.5,0.0,,,0.0,0.0,200.0,0.0,0.0,0.0,0.0,0.0,0.0,0.0,0.0,0.0,,,0.0,0.0
diagnosis_controls,unblocked,synthetic,diagnosis,query random2:1-2 | circuit,,,,,,,,,,,,,,,,,,,,,,,,,,,,,,,3,"[11, 12, 13]",unblocked,,,,,,,,,,,9.5367431640625e-07,8.259061849445711e-07,0.024326847333819995,0.030375091172734788,0.0075055139980880385,0.005592815834722215,400.0,0.0,2.0,0.0,2.0,0.0,2.0,0.0,3.6666666666666665,1.1547005383792515,901.6666666666666,782.3096147519428,10.666666666666666,9.237604307034013,1.0,0.0,0.004473666666666667,0.0038784649454820827,360666.6666666667,312923.8459007772,8533.333333333334,7390.08344562721,1600.0,0.0,17066.666666666668,14780.16689125442,-1.3206800268505958e-05,1.9329373620066784e-05,5.526383847609395e-05,6.540966595483576e-05,0.00013342968365274524,0.00018822651196708247,-0.00011316935524519067,0.00011410146874562657,0.00010622342476077999,0.00011921437778128442,,,,,,,,,,,,,,,,,,,,,,,,,,,,,,,,,,,,,,,,,,,,,,,,,,,,,,,,,,,,,,,,
diagnosis_controls,unblocked,synthetic,diagnosis,known-law error random2:1-2 | circuit,,,,,,,,,,,,,,,,,,,,,,,,,,,,,,,3,"[11, 12, 13]",unblocked,,,,,,,,,,,,,,,,,,,,,,,,,,,,,,,,,,,,,,,,,,,,,,,,,,,,,0.1507568595247362,0.026065337332799553,0.4051964006075138,0.03413072586541575,4.5292975977688075,1.4619900421615644,0.9337402258943951,0.012196602786649613,0.15074779574442848,0.026074817186837972,0.4051989162215466,0.03412717225073659,4.52924896037867,1.4619091487525895,0.9337384586898563,0.012194554727505027,9.059210618294807e-06,1.441792166191518e-05,5.888988574347572e-05,7.144959718144286e-05,0.0011897087097165009,0.0018042397136632336,0.026943922895443163,0.04142679251731099,-0.30150473861632626,0.05213997079782301,0.6199749848356436,0.07076762770363362,,,,,,,,,,,,,,,,,,,,,,,,,,,,,,,,,,,,
diagnosis_controls,unblocked,synthetic,diagnosis,joint | random2:1-2 | circuit,,,,,,,,,,,,,,,,,,,,,,,,,,,,,,,3,"[11, 12, 13]",unblocked,,,,,,,,,,,,,,,,,,,,,,,,,,,,,,,,,,,,,,,,,,,,,,,,,,,,,,,,,,,,,,,,,,,,,,,,,,,,,,,,,0.05000000000000001,8.498374721940739e-18,200.0,0.0,14.510173479715982,0.6841060775312674,15.51064936319987,3.219381841975241,0.055,0.0229128784747792,0.049999999999999996,0.013228756555322954,0.49795833333333334,0.0093307734584724,0.5055843126847844,0.002216356796067274,0.49795833333333334,0.0093307734584724,0.7425,0.026457513110645866,200.0,0.0,0.0,0.0,0.0,0.0,0.0,0.0,200.0,0.0,190.0,2.6457513110645907,0.48500000000000004,0.05291502622129183,0.03166666666666667,0.016072751268321594
diagnosis_controls,unblocked,synthetic,diagnosis,independent | random2:1-2 | circuit,,,,,,,,,,,,,,,,,,,,,,,,,,,,,,,3,"[11, 12, 13]",unblocked,,,,,,,,,,,,,,,,,,,,,,,,,,,,,,,,,,,,,,,,,,,,,,,,,,,,,,,,,,,,,,,,,,,,,,,,,,,,,,,,,0.05000000000000001,8.498374721940739e-18,200.0,0.0,14.510135968526205,0.6841053692055429,15.510595321655273,3.219337988689635,0.055,0.0229128784747792,0.049999999999999996,0.013228756555322954,0.49796666666666667,0.00934519707300673,0.5055861760057891,0.002213425850796678,0.49796666666666667,0.00934519707300673,0.7425,0.026457513110645866,200.0,0.0,0.0,0.0,0.0,0.0,0.0,0.0,200.0,0.0,190.0,2.6457513110645907,0.48500000000000004,0.05291502622129183,0.03166666666666667,0.016072751268321594
diagnosis_controls,unblocked,synthetic,diagnosis,marginal_max | random2:1-2 | circuit,,,,,,,,,,,,,,,,,,,,,,,,,,,,,,,3,"[11, 12, 13]",unblocked,,,,,,,,,,,,,,,,,,,,,,,,,,,,,,,,,,,,,,,,,,,,,,,,,,,,,,,,,,,,,,,,,,,,,,,,,,,,,,,,,0.05000000000000001,8.498374721940739e-18,200.0,0.0,9.019301414489746,0.6304163437501747,12.704235712687174,3.2878760019658926,0.055,0.03122498999199199,0.06166666666666667,0.025658007197234416,0.4992583333333333,0.015886778766739752,0.5066090958819901,0.004229765908007125,0.4992583333333333,0.015886778766739752,0.7425,0.026457513110645866,200.0,0.0,0.0,0.0,0.0,0.0,0.0,0.0,200.0,0.0,187.66666666666666,5.131601439446884,0.48500000000000004,0.05291502622129183,0.035,0.009999999999999998
diagnosis_controls,unblocked,synthetic,diagnosis,conditional_max | random2:1-2 | circuit,,,,,,,,,,,,,,,,,,,,,,,,,,,,,,,3,"[11, 12, 13]",unblocked,,,,,,,,,,,,,,,,,,,,,,,,,,,,,,,,,,,,,,,,,,,,,,,,,,,,,,,,,,,,,,,,,,,,,,,,,,,,,,,,,0.05000000000000001,8.498374721940739e-18,200.0,0.0,9.018912633260092,0.6299929315942051,12.704293886820475,3.2879205477424165,0.055,0.03122498999199199,0.06166666666666667,0.025658007197234416,0.49930416666666666,0.015925766922925043,0.5078813908179182,0.003661943012471605,0.49930416666666666,0.015925766922925043,0.7425,0.026457513110645866,200.0,0.0,0.0,0.0,0.0,0.0,0.0,0.0,200.0,0.0,187.66666666666666,5.131601439446884,0.48500000000000004,0.05291502622129183,0.035,0.009999999999999998
diagnosis_controls,unblocked,synthetic,diagnosis,relational_max | random2:1-2 | circuit,,,,,,,,,,,,,,,,,,,,,,,,,,,,,,,3,"[11, 12, 13]",unblocked,,,,,,,,,,,,,,,,,,,,,,,,,,,,,,,,,,,,,,,,,,,,,,,,,,,,,,,,,,,,,,,,,,,,,,,,,,,,,,,,,0.05000000000000001,8.498374721940739e-18,200.0,0.0,0.0001236597696940104,0.00012797134353058866,0.0015929539998372395,0.002369673494100552,0.04666666666666666,0.007637626158259733,0.041666666666666664,0.01755942292142123,0.49452500000000005,0.03996606568390238,0.49973602434728354,0.030876248752333663,0.49452500000000005,0.03996606568390238,0.5775,0.03500000000000003,200.0,0.0,0.0,0.0,0.0,0.0,200.0,0.0,0.0,0.0,0.0,0.0,,,0.0,0.0
diagnosis_controls,unblocked,synthetic,diagnosis,query random2:1-2 | known_law_oracle,,,,,,,,,,,,,,,,,,,,,,,,,,,,,,,3,"[11, 12, 13]",unblocked,,,,,,,,,,,0.0,0.0,0.0019530139992032975,0.0017774532211115507,0.0017248746674643674,0.0015544487342475694,400.0,0.0,2.0,0.0,2.0,0.0,2.0,0.0,3.0,0.0,0.0,0.0,0.0,0.0,1.0,0.0,0.0,0.0,0.0,0.0,0.0,0.0,1600.0,0.0,0.0,0.0,1.4802973661668747e-18,5.185268477743734e-17,7.94919685631612e-16,3.635026844804854e-17,1.2597021420149655e-15,9.620019411629533e-17,-1.7763568394002505e-15,0.0,1.7763568394002505e-15,0.0,,,,,,,,,,,,,,,,,,,,,,,,,,,,,,,,,,,,,,,,,,,,,,,,,,,,,,,,,,,,,,,,
diagnosis_controls,unblocked,synthetic,diagnosis,known-law error random2:1-2 | known_law_oracle,,,,,,,,,,,,,,,,,,,,,,,,,,,,,,,3,"[11, 12, 13]",unblocked,,,,,,,,,,,,,,,,,,,,,,,,,,,,,,,,,,,,,,,,,,,,,,,,,,,,,0.0,0.0,0.0,0.0,0.0,0.0,1.0,0.0,0.0,0.0,0.0,0.0,0.0,0.0,1.0,7.850462293418876e-17,0.0,0.0,0.0,0.0,0.0,0.0,1.0,0.0,0.0,0.0,0.0,0.0,,,,,,,,,,,,,,,,,,,,,,,,,,,,,,,,,,,,
diagnosis_controls,unblocked,synthetic,diagnosis,joint | random2:1-2 | known_law_oracle,,,,,,,,,,,,,,,,,,,,,,,,,,,,,,,3,"[11, 12, 13]",unblocked,,,,,,,,,,,,,,,,,,,,,,,,,,,,,,,,,,,,,,,,,,,,,,,,,,,,,,,,,,,,,,,,,,,,,,,,,,,,,,,,,0.05000000000000001,8.498374721940739e-18,200.0,0.0,13.769395103454466,0.5250458619897761,12.63746632738173,2.7513576601755787,0.06,0.02179449471770337,0.05833333333333333,0.023629078131263043,0.4931666666666667,0.002662509780889715,0.4980909744255228,0.008144681189338115,0.4931666666666667,0.002662509780889715,0.735,0.021360009363293814,200.0,0.0,0.0,0.0,0.0,0.0,0.0,0.0,200.0,0.0,188.33333333333334,4.725815626252609,0.47000000000000003,0.042720018726587664,0.03166666666666667,0.017559422921421233
diagnosis_controls,unblocked,synthetic,diagnosis,independent | random2:1-2 | known_law_oracle,,,,,,,,,,,,,,,,,,,,,,,,,,,,,,,3,"[11, 12, 13]",unblocked,,,,,,,,,,,,,,,,,,,,,,,,,,,,,,,,,,,,,,,,,,,,,,,,,,,,,,,,,,,,,,,,,,,,,,,,,,,,,,,,,0.05000000000000001,8.498374721940739e-18,200.0,0.0,13.769395103454466,0.5250458619897754,12.637466327381732,2.7513576601755827,0.06,0.02179449471770337,0.05833333333333333,0.023629078131263043,0.4931666666666667,0.002662509780889715,0.4980909744255228,0.008144681189338115,0.4931666666666667,0.002662509780889715,0.735,0.021360009363293814,200.0,0.0,0.0,0.0,0.0,0.0,0.0,0.0,200.0,0.0,188.33333333333334,4.725815626252609,0.47000000000000003,0.042720018726587664,0.03166666666666667,0.017559422921421233
diagnosis_controls,unblocked,synthetic,diagnosis,marginal_max | random2:1-2 | known_law_oracle,,,,,,,,,,,,,,,,,,,,,,,,,,,,,,,3,"[11, 12, 13]",unblocked,,,,,,,,,,,,,,,,,,,,,,,,,,,,,,,,,,,,,,,,,,,,,,,,,,,,,,,,,,,,,,,,,,,,,,,,,,,,,,,,,0.05000000000000001,8.498374721940739e-18,200.0,0.0,8.595289520117367,0.23160424573356572,9.740492913301235,2.249900700533881,0.05666666666666667,0.011547005383792516,0.06,0.008660254037844387,0.49716249999999995,0.013925993007681717,0.4985831780148846,0.005454555969268877,0.49716249999999995,0.013925993007681717,0.735,0.021360009363293814,200.0,0.0,0.0,0.0,0.0,0.0,0.0,0.0,200.0,0.0,188.0,1.7320508075688772,0.47000000000000003,0.042720018726587664,0.03166666666666667,0.014433756729740645
diagnosis_controls,unblocked,synthetic,diagnosis,conditional_max | random2:1-2 | known_law_oracle,,,,,,,,,,,,,,,,,,,,,,,,,,,,,,,3,"[11, 12, 13]",unblocked,,,,,,,,,,,,,,,,,,,,,,,,,,,,,,,,,,,,,,,,,,,,,,,,,,,,,,,,,,,,,,,,,,,,,,,,,,,,,,,,,0.05000000000000001,8.498374721940739e-18,200.0,0.0,8.59528952011737,0.23160424573356708,9.740492913301232,2.249900700533878,0.05666666666666667,0.011547005383792516,0.06,0.008660254037844387,0.4971625,0.013918754209698497,0.4995009555915573,0.005672695382671846,0.4971625,0.013918754209698497,0.735,0.021360009363293814,200.0,0.0,0.0,0.0,0.0,0.0,0.0,0.0,200.0,0.0,188.0,1.7320508075688772,0.47000000000000003,0.042720018726587664,0.03166666666666667,0.014433756729740645
diagnosis_controls,unblocked,synthetic,diagnosis,relational_max | random2:1-2 | known_law_oracle,,,,,,,,,,,,,,,,,,,,,,,,,,,,,,,3,"[11, 12, 13]",unblocked,,,,,,,,,,,,,,,,,,,,,,,,,,,,,,,,,,,,,,,,,,,,,,,,,,,,,,,,,,,,,,,,,,,,,,,,,,,,,,,,,0.05000000000000001,8.498374721940739e-18,200.0,0.0,1.4802973661668755e-15,5.127900497022837e-16,1.0066022089934753e-14,2.713429892601387e-15,0.036666666666666674,0.043684474740270526,0.03,0.027838821814150108,0.5153708333333333,0.025369473946720563,0.5101421953922276,0.016325723779503403,0.5153708333333333,0.025369473946720563,0.5183333333333334,0.005773502691896263,200.0,0.0,0.0,0.0,0.0,0.0,200.0,0.0,0.0,0.0,0.0,0.0,,,0.0,0.0
diagnosis_controls,unblocked,synthetic,diagnosis,query random3:1-2-3 | circuit,,,,,,,,,,,,,,,,,,,,,,,,,,,,,,,3,"[11, 12, 13]",unblocked,,,,,,,,,,,6.357828776041666e-07,5.506041232963808e-07,0.006831124999735039,0.0004107312766906277,0.0035411669996392448,0.0013205610035571089,400.0,0.0,1.0,0.0,1.0,0.0,1.0,0.0,3.0,0.0,661.0,365.4627203970331,10.666666666666666,9.237604307034013,1.0,0.0,0.004416333333333334,0.003839872697542633,264400.0,146185.08815881325,8533.333333333334,7390.08344562721,1600.0,0.0,17066.666666666668,14780.16689125442,-5.364417828464715e-08,1.1527605683789028e-07,1.4106432407364386e-07,1.2280485485078035e-07,1.92599268681685e-07,1.6840656063783992e-07,-3.178914388020833e-07,2.753020616481904e-07,1.5894571940104166e-07,2.753020616481904e-07,,,,,,,,,,,,,,,,,,,,,,,,,,,,,,,,,,,,,,,,,,,,,,,,,,,,,,,,,,,,,,,,
diagnosis_controls,unblocked,synthetic,diagnosis,known-law error random3:1-2-3 | circuit,,,,,,,,,,,,,,,,,,,,,,,,,,,,,,,3,"[11, 12, 13]",unblocked,,,,,,,,,,,,,,,,,,,,,,,,,,,,,,,,,,,,,,,,,,,,,,,,,,,,,0.16760633998801333,0.011157437887511777,0.3978860336221235,0.013349701100230094,4.52924896037867,1.4619091487525895,0.942760543812569,0.007316843271391883,0.16760633998801333,0.011157437887511777,0.3978860336221235,0.013349701100230094,4.52924896037867,1.4619091487525895,0.942760543812569,0.007316843271391883,0.0,0.0,0.0,0.0,0.0,0.0,,,-0.1676063906519614,0.011157478728611035,0.3978860242840625,0.013349697392102372,,,,,,,,,,,,,,,,,,,,,,,,,,,,,,,,,,,,
diagnosis_controls,unblocked,synthetic,diagnosis,joint | random3:1-2-3 | circuit,,,,,,,,,,,,,,,,,,,,,,,,,,,,,,,3,"[11, 12, 13]",unblocked,,,,,,,,,,,,,,,,,,,,,,,,,,,,,,,,,,,,,,,,,,,,,,,,,,,,,,,,,,,,,,,,,,,,,,,,,,,,,,,,,0.05000000000000001,8.498374721940739e-18,200.0,0.0,8.1895219484965,0.5140847341238994,13.164643287658691,3.163856126396895,0.049999999999999996,0.024999999999999998,0.05499999999999999,0.008660254037844387,0.49194166666666667,0.009991287871607633,0.5064738147980415,0.003040842105216706,0.49194166666666667,0.009991287871607633,,,0.0,0.0,0.0,0.0,200.0,0.0,200.0,0.0,0.0,0.0,0.0,0.0,,,0.0,0.0
diagnosis_controls,unblocked,synthetic,diagnosis,independent | random3:1-2-3 | circuit,,,,,,,,,,,,,,,,,,,,,,,,,,,,,,,3,"[11, 12, 13]",unblocked,,,,,,,,,,,,,,,,,,,,,,,,,,,,,,,,,,,,,,,,,,,,,,,,,,,,,,,,,,,,,,,,,,,,,,,,,,,,,,,,,0.05000000000000001,8.498374721940739e-18,200.0,0.0,8.18952210744222,0.5140844596195682,13.164643923441568,3.163855040710957,0.049999999999999996,0.024999999999999998,0.05499999999999999,0.008660254037844387,0.49194166666666667,0.009991287871607633,0.5064738147980415,0.003040842105216706,0.49194166666666667,0.009991287871607633,,,0.0,0.0,0.0,0.0,200.0,0.0,200.0,0.0,0.0,0.0,0.0,0.0,,,0.0,0.0
diagnosis_controls,unblocked,synthetic,diagnosis,marginal_max | random3:1-2-3 | circuit,,,,,,,,,,,,,,,,,,,,,,,,,,,,,,,3,"[11, 12, 13]",unblocked,,,,,,,,,,,,,,,,,,,,,,,,,,,,,,,,,,,,,,,,,,,,,,,,,,,,,,,,,,,,,,,,,,,,,,,,,,,,,,,,,0.05000000000000001,8.498374721940739e-18,200.0,0.0,8.18952210744222,0.5140844596195682,13.164643923441568,3.163855040710957,0.049999999999999996,0.024999999999999998,0.05499999999999999,0.008660254037844387,0.49194166666666667,0.009991287871607633,0.5064738147980415,0.003040842105216706,0.49194166666666667,0.009991287871607633,,,0.0,0.0,0.0,0.0,200.0,0.0,200.0,0.0,0.0,0.0,0.0,0.0,,,0.0,0.0
diagnosis_controls,unblocked,synthetic,diagnosis,conditional_max | random3:1-2-3 | circuit,,,,,,,,,,,,,,,,,,,,,,,,,,,,,,,3,"[11, 12, 13]",unblocked,,,,,,,,,,,,,,,,,,,,,,,,,,,,,,,,,,,,,,,,,,,,,,,,,,,,,,,,,,,,,,,,,,,,,,,,,,,,,,,,,0.05000000000000001,8.498374721940739e-18,200.0,0.0,8.18952210744222,0.5140844596195682,13.164643923441568,3.163855040710957,0.049999999999999996,0.024999999999999998,0.05499999999999999,0.008660254037844387,0.49194166666666667,0.009991287871607633,0.5064738147980415,0.003040842105216706,0.49194166666666667,0.009991287871607633,,,0.0,0.0,0.0,0.0,200.0,0.0,200.0,0.0,0.0,0.0,0.0,0.0,,,0.0,0.0
diagnosis_controls,unblocked,synthetic,diagnosis,relational_max | random3:1-2-3 | circuit,,,,,,,,,,,,,,,,,,,,,,,,,,,,,,,3,"[11, 12, 13]",unblocked,,,,,,,,,,,,,,,,,,,,,,,,,,,,,,,,,,,,,,,,,,,,,,,,,,,,,,,,,,,,,,,,,,,,,,,,,,,,,,,,,0.05000000000000001,8.498374721940739e-18,200.0,0.0,0.0,0.0,0.0,0.0,0.0,0.0,0.0,0.0,0.5,0.0,0.5,0.0,0.5,0.0,,,0.0,0.0,0.0,0.0,200.0,0.0,200.0,0.0,0.0,0.0,0.0,0.0,,,0.0,0.0
diagnosis_controls,unblocked,synthetic,diagnosis,query random3:1-2-3 | known_law_oracle,,,,,,,,,,,,,,,,,,,,,,,,,,,,,,,3,"[11, 12, 13]",unblocked,,,,,,,,,,,0.0,0.0,0.00041965233443382505,6.04169097996068e-06,0.00039508333187162253,1.5747842912778232e-05,400.0,0.0,1.0,0.0,1.0,0.0,1.0,0.0,2.0,0.0,0.0,0.0,0.0,0.0,1.0,0.0,0.0,0.0,0.0,0.0,0.0,0.0,1600.0,0.0,0.0,0.0,0.0,0.0,0.0,0.0,0.0,0.0,0.0,0.0,0.0,0.0,,,,,,,,,,,,,,,,,,,,,,,,,,,,,,,,,,,,,,,,,,,,,,,,,,,,,,,,,,,,,,,,
diagnosis_controls,unblocked,synthetic,diagnosis,known-law error random3:1-2-3 | known_law_oracle,,,,,,,,,,,,,,,,,,,,,,,,,,,,,,,3,"[11, 12, 13]",unblocked,,,,,,,,,,,,,,,,,,,,,,,,,,,,,,,,,,,,,,,,,,,,,,,,,,,,,0.0,0.0,0.0,0.0,0.0,0.0,1.0,0.0,0.0,0.0,0.0,0.0,0.0,0.0,1.0,0.0,0.0,0.0,0.0,0.0,0.0,0.0,,,0.0,0.0,0.0,0.0,,,,,,,,,,,,,,,,,,,,,,,,,,,,,,,,,,,,
diagnosis_controls,unblocked,synthetic,diagnosis,joint | random3:1-2-3 | known_law_oracle,,,,,,,,,,,,,,,,,,,,,,,,,,,,,,,3,"[11, 12, 13]",unblocked,,,,,,,,,,,,,,,,,,,,,,,,,,,,,,,,,,,,,,,,,,,,,,,,,,,,,,,,,,,,,,,,,,,,,,,,,,,,,,,,,0.05000000000000001,8.498374721940739e-18,200.0,0.0,7.689895496961474,0.5021001950174577,10.071033718670991,2.3032659569915754,0.06333333333333334,0.020207259421636908,0.06,0.0304138126514911,0.48662500000000003,0.006084868527749771,0.4983624026561697,0.008169094318119742,0.48662500000000003,0.006084868527749771,,,0.0,0.0,0.0,0.0,200.0,0.0,200.0,0.0,0.0,0.0,0.0,0.0,,,0.0,0.0
diagnosis_controls,unblocked,synthetic,diagnosis,independent | random3:1-2-3 | known_law_oracle,,,,,,,,,,,,,,,,,,,,,,,,,,,,,,,3,"[11, 12, 13]",unblocked,,,,,,,,,,,,,,,,,,,,,,,,,,,,,,,,,,,,,,,,,,,,,,,,,,,,,,,,,,,,,,,,,,,,,,,,,,,,,,,,,0.05000000000000001,8.498374721940739e-18,200.0,0.0,7.689895496961474,0.5021001950174577,10.071033718670991,2.3032659569915754,0.06333333333333334,0.020207259421636908,0.06,0.0304138126514911,0.48662500000000003,0.006084868527749771,0.4983624026561697,0.008169094318119742,0.48662500000000003,0.006084868527749771,,,0.0,0.0,0.0,0.0,200.0,0.0,200.0,0.0,0.0,0.0,0.0,0.0,,,0.0,0.0
diagnosis_controls,unblocked,synthetic,diagnosis,marginal_max | random3:1-2-3 | known_law_oracle,,,,,,,,,,,,,,,,,,,,,,,,,,,,,,,3,"[11, 12, 13]",unblocked,,,,,,,,,,,,,,,,,,,,,,,,,,,,,,,,,,,,,,,,,,,,,,,,,,,,,,,,,,,,,,,,,,,,,,,,,,,,,,,,,0.05000000000000001,8.498374721940739e-18,200.0,0.0,7.689895496961474,0.5021001950174577,10.071033718670991,2.3032659569915754,0.06333333333333334,0.020207259421636908,0.06,0.0304138126514911,0.48662500000000003,0.006084868527749771,0.4983624026561697,0.008169094318119742,0.48662500000000003,0.006084868527749771,,,0.0,0.0,0.0,0.0,200.0,0.0,200.0,0.0,0.0,0.0,0.0,0.0,,,0.0,0.0
diagnosis_controls,unblocked,synthetic,diagnosis,conditional_max | random3:1-2-3 | known_law_oracle,,,,,,,,,,,,,,,,,,,,,,,,,,,,,,,3,"[11, 12, 13]",unblocked,,,,,,,,,,,,,,,,,,,,,,,,,,,,,,,,,,,,,,,,,,,,,,,,,,,,,,,,,,,,,,,,,,,,,,,,,,,,,,,,,0.05000000000000001,8.498374721940739e-18,200.0,0.0,7.689895496961474,0.5021001950174577,10.071033718670991,2.3032659569915754,0.06333333333333334,0.020207259421636908,0.06,0.0304138126514911,0.48662500000000003,0.006084868527749771,0.4983624026561697,0.008169094318119742,0.48662500000000003,0.006084868527749771,,,0.0,0.0,0.0,0.0,200.0,0.0,200.0,0.0,0.0,0.0,0.0,0.0,,,0.0,0.0
diagnosis_controls,unblocked,synthetic,diagnosis,relational_max | random3:1-2-3 | known_law_oracle,,,,,,,,,,,,,,,,,,,,,,,,,,,,,,,3,"[11, 12, 13]",unblocked,,,,,,,,,,,,,,,,,,,,,,,,,,,,,,,,,,,,,,,,,,,,,,,,,,,,,,,,,,,,,,,,,,,,,,,,,,,,,,,,,0.05000000000000001,8.498374721940739e-18,200.0,0.0,0.0,0.0,0.0,0.0,0.0,0.0,0.0,0.0,0.5,0.0,0.5,0.0,0.5,0.0,,,0.0,0.0,0.0,0.0,200.0,0.0,200.0,0.0,0.0,0.0,0.0,0.0,,,0.0,0.0
diagnosis_controls,unblocked,synthetic,diagnosis,query bank0:0-1 | circuit,,,,,,,,,,,,,,,,,,,,,,,,,,,,,,,3,"[11, 12, 13]",unblocked,,,,,,,,,,,7.947285970052084e-07,7.283807905444845e-07,0.008009388666929832,0.00228305861437392,0.0037309586671957127,0.0010231936284511895,400.0,0.0,2.0,0.0,2.0,0.0,2.0,0.0,3.6666666666666665,1.1547005383792515,901.6666666666666,782.3096147519428,10.666666666666666,9.237604307034013,1.0,0.0,0.004412333333333333,0.0038243554140970385,360666.6666666667,312923.8459007772,8533.333333333334,7390.08344562721,1600.0,0.0,17066.666666666668,14780.16689125442,-0.003816915410569758,0.00715129037606069,0.024209857700952853,0.035697523252864516,0.03170665457400901,0.045751536192522,-0.04970908164978027,0.07493854581673434,0.027037240316227933,0.033961685768004436,,,,,,,,,,,,,,,,,,,,,,,,,,,,,,,,,,,,,,,,,,,,,,,,,,,,,,,,,,,,,,,,
diagnosis_controls,unblocked,synthetic,diagnosis,known-law error bank0:0-1 | circuit,,,,,,,,,,,,,,,,,,,,,,,,,,,,,,,3,"[11, 12, 13]",unblocked,,,,,,,,,,,,,,,,,,,,,,,,,,,,,,,,,,,,,,,,,,,,,,,,,,,,,0.17777297096137912,0.038836093473143145,0.4441382839980171,0.041055070901107014,3.5840729041017525,0.08893944617750872,0.9173280274247433,0.006870937127416367,0.17395602501118893,0.04196055418359973,0.4415773249135147,0.04153150822712149,3.5368111891664498,0.09670219625127223,0.91748732837845,0.006737033662707074,0.0038169535001118617,0.007151258533262734,0.024209893941879265,0.035697505985856186,0.11452341079711943,0.16411722596631734,-0.0027184608640993743,0.056712535999298055,-0.3517289753096246,0.08054020785855728,0.6606881161075134,0.06645803357974978,,,,,,,,,,,,,,,,,,,,,,,,,,,,,,,,,,,,
diagnosis_controls,unblocked,synthetic,diagnosis,joint | bank0:0-1 | circuit,,,,,,,,,,,,,,,,,,,,,,,,,,,,,,,3,"[11, 12, 13]",unblocked,,,,,,,,,,,,,,,,,,,,,,,,,,,,,,,,,,,,,,,,,,,,,,,,,,,,,,,,,,,,,,,,,,,,,,,,,,,,,,,,,0.05000000000000001,8.498374721940739e-18,200.0,0.0,14.609578132629395,0.21411423628476736,11.850698153177897,2.0924070549205918,0.035,0.013228756555322952,0.035,0.013228756555322952,0.5,0.0,0.5,0.0,0.5,0.0,,,0.0,0.0,200.0,0.0,0.0,0.0,0.0,0.0,0.0,0.0,0.0,0.0,,,0.0,0.0
diagnosis_controls,unblocked,synthetic,diagnosis,independent | bank0:0-1 | circuit,,,,,,,,,,,,,,,,,,,,,,,,,,,,,,,3,"[11, 12, 13]",unblocked,,,,,,,,,,,,,,,,,,,,,,,,,,,,,,,,,,,,,,,,,,,,,,,,,,,,,,,,,,,,,,,,,,,,,,,,,,,,,,,,,0.05000000000000001,8.498374721940739e-18,200.0,0.0,14.591618855794271,0.18132043188108926,11.827011426289877,2.1249282526838433,0.03666666666666667,0.014433756729740642,0.03666666666666667,0.014433756729740642,0.5,0.0,0.5,0.0,0.5,0.0,,,0.0,0.0,200.0,0.0,0.0,0.0,0.0,0.0,0.0,0.0,0.0,0.0,,,0.0,0.0
diagnosis_controls,unblocked,synthetic,diagnosis,marginal_max | bank0:0-1 | circuit,,,,,,,,,,,,,,,,,,,,,,,,,,,,,,,3,"[11, 12, 13]",unblocked,,,,,,,,,,,,,,,,,,,,,,,,,,,,,,,,,,,,,,,,,,,,,,,,,,,,,,,,,,,,,,,,,,,,,,,,,,,,,,,,,0.05000000000000001,8.498374721940739e-18,200.0,0.0,9.410103797912598,0.09055465313153703,9.248491605122885,0.940195802429271,0.04,0.013228756555322954,0.04,0.013228756555322954,0.5,0.0,0.5,0.0,0.5,0.0,,,0.0,0.0,200.0,0.0,0.0,0.0,0.0,0.0,0.0,0.0,0.0,0.0,,,0.0,0.0
diagnosis_controls,unblocked,synthetic,diagnosis,conditional_max | bank0:0-1 | circuit,,,,,,,,,,,,,,,,,,,,,,,,,,,,,,,3,"[11, 12, 13]",unblocked,,,,,,,,,,,,,,,,,,,,,,,,,,,,,,,,,,,,,,,,,,,,,,,,,,,,,,,,,,,,,,,,,,,,,,,,,,,,,,,,,0.05000000000000001,8.498374721940739e-18,200.0,0.0,9.446016629536947,0.17504404143127864,9.25245730082194,0.9417504498478588,0.03833333333333334,0.0202072594216369,0.03833333333333334,0.0202072594216369,0.5,0.0,0.5,0.0,0.5,0.0,,,0.0,0.0,200.0,0.0,0.0,0.0,0.0,0.0,0.0,0.0,0.0,0.0,,,0.0,0.0
diagnosis_controls,unblocked,synthetic,diagnosis,relational_max | bank0:0-1 | circuit,,,,,,,,,,,,,,,,,,,,,,,,,,,,,,,3,"[11, 12, 13]",unblocked,,,,,,,,,,,,,,,,,,,,,,,,,,,,,,,,,,,,,,,,,,,,,,,,,,,,,,,,,,,,,,,,,,,,,,,,,,,,,,,,,0.05000000000000001,8.498374721940739e-18,200.0,0.0,0.05387433369954427,0.08043043060312235,0.20342731475830078,0.28433892781682607,0.03833333333333334,0.0057735026918962545,0.03833333333333334,0.0057735026918962545,0.5,0.0,0.5,3.925231146709438e-17,0.5,0.0,,,0.0,0.0,200.0,0.0,0.0,0.0,0.0,0.0,0.0,0.0,0.0,0.0,,,0.0,0.0
diagnosis_controls,unblocked,synthetic,diagnosis,query bank0:0-1 | known_law_oracle,,,,,,,,,,,,,,,,,,,,,,,,,,,,,,,3,"[11, 12, 13]",unblocked,,,,,,,,,,,0.0,0.0,0.0009125556668247251,2.5282788820087144e-05,0.0008277219991820554,4.860090367888418e-06,400.0,0.0,2.0,0.0,2.0,0.0,2.0,0.0,3.0,0.0,0.0,0.0,0.0,0.0,1.0,0.0,0.0,0.0,0.0,0.0,0.0,0.0,1600.0,0.0,0.0,0.0,-2.516505522483688e-17,5.185268477743734e-17,7.593925488436071e-16,1.9357399876532522e-17,1.1686291224800061e-15,2.882440024992711e-17,-1.7763568394002505e-15,0.0,1.7763568394002505e-15,0.0,,,,,,,,,,,,,,,,,,,,,,,,,,,,,,,,,,,,,,,,,,,,,,,,,,,,,,,,,,,,,,,,
diagnosis_controls,unblocked,synthetic,diagnosis,known-law error bank0:0-1 | known_law_oracle,,,,,,,,,,,,,,,,,,,,,,,,,,,,,,,3,"[11, 12, 13]",unblocked,,,,,,,,,,,,,,,,,,,,,,,,,,,,,,,,,,,,,,,,,,,,,,,,,,,,,0.0,0.0,0.0,0.0,0.0,0.0,1.0,7.850462293418876e-17,0.0,0.0,0.0,0.0,0.0,0.0,1.0,7.850462293418876e-17,0.0,0.0,0.0,0.0,0.0,0.0,1.0,0.0,0.0,0.0,0.0,0.0,,,,,,,,,,,,,,,,,,,,,,,,,,,,,,,,,,,,
diagnosis_controls,unblocked,synthetic,diagnosis,joint | bank0:0-1 | known_law_oracle,,,,,,,,,,,,,,,,,,,,,,,,,,,,,,,3,"[11, 12, 13]",unblocked,,,,,,,,,,,,,,,,,,,,,,,,,,,,,,,,,,,,,,,,,,,,,,,,,,,,,,,,,,,,,,,,,,,,,,,,,,,,,,,,,0.05000000000000001,8.498374721940739e-18,200.0,0.0,13.511334918852015,0.4350604957554901,9.840153456901513,0.9350856217930461,0.06666666666666667,0.03547299442298794,0.06666666666666667,0.03547299442298794,0.5,0.0,0.5,0.0,0.5,0.0,,,0.0,0.0,200.0,0.0,0.0,0.0,0.0,0.0,0.0,0.0,0.0,0.0,,,0.0,0.0
diagnosis_controls,unblocked,synthetic,diagnosis,independent | bank0:0-1 | known_law_oracle,,,,,,,,,,,,,,,,,,,,,,,,,,,,,,,3,"[11, 12, 13]",unblocked,,,,,,,,,,,,,,,,,,,,,,,,,,,,,,,,,,,,,,,,,,,,,,,,,,,,,,,,,,,,,,,,,,,,,,,,,,,,,,,,,0.05000000000000001,8.498374721940739e-18,200.0,0.0,13.511334918852015,0.43506049575549066,9.840153456901513,0.935085621793047,0.06666666666666667,0.03547299442298794,0.06666666666666667,0.03547299442298794,0.5,0.0,0.5,0.0,0.5,0.0,,,0.0,0.0,200.0,0.0,0.0,0.0,0.0,0.0,0.0,0.0,0.0,0.0,,,0.0,0.0
diagnosis_controls,unblocked,synthetic,diagnosis,marginal_max | bank0:0-1 | known_law_oracle,,,,,,,,,,,,,,,,,,,,,,,,,,,,,,,3,"[11, 12, 13]",unblocked,,,,,,,,,,,,,,,,,,,,,,,,,,,,,,,,,,,,,,,,,,,,,,,,,,,,,,,,,,,,,,,,,,,,,,,,,,,,,,,,,0.05000000000000001,8.498374721940739e-18,200.0,0.0,8.529904649174943,0.3433197510267786,7.840172232970702,0.9427948684257139,0.05333333333333334,0.01527525231651947,0.05333333333333334,0.01527525231651947,0.5,0.0,0.5,0.0,0.5,0.0,,,0.0,0.0,200.0,0.0,0.0,0.0,0.0,0.0,0.0,0.0,0.0,0.0,,,0.0,0.0
diagnosis_controls,unblocked,synthetic,diagnosis,conditional_max | bank0:0-1 | known_law_oracle,,,,,,,,,,,,,,,,,,,,,,,,,,,,,,,3,"[11, 12, 13]",unblocked,,,,,,,,,,,,,,,,,,,,,,,,,,,,,,,,,,,,,,,,,,,,,,,,,,,,,,,,,,,,,,,,,,,,,,,,,,,,,,,,,0.05000000000000001,8.498374721940739e-18,200.0,0.0,8.529904649174945,0.34331975102677903,7.8401722329707,0.9427948684257161,0.05333333333333334,0.01527525231651947,0.05333333333333334,0.01527525231651947,0.5,0.0,0.5,0.0,0.5,0.0,,,0.0,0.0,200.0,0.0,0.0,0.0,0.0,0.0,0.0,0.0,0.0,0.0,,,0.0,0.0
diagnosis_controls,unblocked,synthetic,diagnosis,relational_max | bank0:0-1 | known_law_oracle,,,,,,,,,,,,,,,,,,,,,,,,,,,,,,,3,"[11, 12, 13]",unblocked,,,,,,,,,,,,,,,,,,,,,,,,,,,,,,,,,,,,,,,,,,,,,,,,,,,,,,,,,,,,,,,,,,,,,,,,,,,,,,,,,0.05000000000000001,8.498374721940739e-18,200.0,0.0,1.1842378929335002e-15,5.127900497022837e-16,5.625129991434126e-15,1.3567149463006936e-15,0.055,0.04092676385936225,0.055,0.04092676385936225,0.5,0.0,0.5,3.925231146709438e-17,0.5,0.0,,,0.0,0.0,200.0,0.0,0.0,0.0,0.0,0.0,0.0,0.0,0.0,0.0,,,0.0,0.0
diagnosis_controls,unblocked,synthetic,diagnosis,query single_sensor_0 | circuit,,,,,,,,,,,,,,,,,,,,,,,,,,,,,,,3,"[11, 12, 13]",unblocked,,,,,,,,,,,6.357828776041666e-07,5.506041232963808e-07,0.006807541999781582,0.0004447502625673449,0.0036090136660883823,0.0012053572812513735,400.0,0.0,1.0,0.0,1.0,0.0,1.0,0.0,3.0,0.0,661.0,365.4627203970331,10.666666666666666,9.237604307034013,1.0,0.0,0.004321333333333333,0.003743490661579555,264400.0,146185.08815881325,8533.333333333334,7390.08344562721,1600.0,0.0,17066.666666666668,14780.16689125442,-5.364417828464715e-08,1.1527605683789028e-07,1.4106432407364386e-07,1.2280485485078035e-07,1.92599268681685e-07,1.6840656063783992e-07,-3.178914388020833e-07,2.753020616481904e-07,1.5894571940104166e-07,2.753020616481904e-07,,,,,,,,,,,,,,,,,,,,,,,,,,,,,,,,,,,,,,,,,,,,,,,,,,,,,,,,,,,,,,,,
diagnosis_controls,unblocked,synthetic,diagnosis,known-law error single_sensor_0 | circuit,,,,,,,,,,,,,,,,,,,,,,,,,,,,,,,3,"[11, 12, 13]",unblocked,,,,,,,,,,,,,,,,,,,,,,,,,,,,,,,,,,,,,,,,,,,,,,,,,,,,,0.16760633998801333,0.011157437887511777,0.3978860336221235,0.013349701100230094,4.52924896037867,1.4619091487525895,0.942760543812569,0.007316843271391883,0.16760633998801333,0.011157437887511777,0.3978860336221235,0.013349701100230094,4.52924896037867,1.4619091487525895,0.942760543812569,0.007316843271391883,0.0,0.0,0.0,0.0,0.0,0.0,,,-0.1676063906519614,0.011157478728611035,0.3978860242840625,0.013349697392102372,,,,,,,,,,,,,,,,,,,,,,,,,,,,,,,,,,,,
diagnosis_controls,unblocked,synthetic,diagnosis,joint | single_sensor_0 | circuit,,,,,,,,,,,,,,,,,,,,,,,,,,,,,,,3,"[11, 12, 13]",unblocked,,,,,,,,,,,,,,,,,,,,,,,,,,,,,,,,,,,,,,,,,,,,,,,,,,,,,,,,,,,,,,,,,,,,,,,,,,,,,,,,,0.05000000000000001,8.498374721940739e-18,200.0,0.0,8.1895219484965,0.5140847341238994,13.164643287658691,3.163856126396895,0.049999999999999996,0.024999999999999998,0.05499999999999999,0.008660254037844387,0.49194166666666667,0.009991287871607633,0.5064738147980415,0.003040842105216706,0.49194166666666667,0.009991287871607633,,,0.0,0.0,0.0,0.0,200.0,0.0,200.0,0.0,0.0,0.0,0.0,0.0,,,0.0,0.0
diagnosis_controls,unblocked,synthetic,diagnosis,independent | single_sensor_0 | circuit,,,,,,,,,,,,,,,,,,,,,,,,,,,,,,,3,"[11, 12, 13]",unblocked,,,,,,,,,,,,,,,,,,,,,,,,,,,,,,,,,,,,,,,,,,,,,,,,,,,,,,,,,,,,,,,,,,,,,,,,,,,,,,,,,0.05000000000000001,8.498374721940739e-18,200.0,0.0,8.18952210744222,0.5140844596195682,13.164643923441568,3.163855040710957,0.049999999999999996,0.024999999999999998,0.05499999999999999,0.008660254037844387,0.49194166666666667,0.009991287871607633,0.5064738147980415,0.003040842105216706,0.49194166666666667,0.009991287871607633,,,0.0,0.0,0.0,0.0,200.0,0.0,200.0,0.0,0.0,0.0,0.0,0.0,,,0.0,0.0
diagnosis_controls,unblocked,synthetic,diagnosis,marginal_max | single_sensor_0 | circuit,,,,,,,,,,,,,,,,,,,,,,,,,,,,,,,3,"[11, 12, 13]",unblocked,,,,,,,,,,,,,,,,,,,,,,,,,,,,,,,,,,,,,,,,,,,,,,,,,,,,,,,,,,,,,,,,,,,,,,,,,,,,,,,,,0.05000000000000001,8.498374721940739e-18,200.0,0.0,8.18952210744222,0.5140844596195682,13.164643923441568,3.163855040710957,0.049999999999999996,0.024999999999999998,0.05499999999999999,0.008660254037844387,0.49194166666666667,0.009991287871607633,0.5064738147980415,0.003040842105216706,0.49194166666666667,0.009991287871607633,,,0.0,0.0,0.0,0.0,200.0,0.0,200.0,0.0,0.0,0.0,0.0,0.0,,,0.0,0.0
diagnosis_controls,unblocked,synthetic,diagnosis,conditional_max | single_sensor_0 | circuit,,,,,,,,,,,,,,,,,,,,,,,,,,,,,,,3,"[11, 12, 13]",unblocked,,,,,,,,,,,,,,,,,,,,,,,,,,,,,,,,,,,,,,,,,,,,,,,,,,,,,,,,,,,,,,,,,,,,,,,,,,,,,,,,,0.05000000000000001,8.498374721940739e-18,200.0,0.0,8.18952210744222,0.5140844596195682,13.164643923441568,3.163855040710957,0.049999999999999996,0.024999999999999998,0.05499999999999999,0.008660254037844387,0.49194166666666667,0.009991287871607633,0.5064738147980415,0.003040842105216706,0.49194166666666667,0.009991287871607633,,,0.0,0.0,0.0,0.0,200.0,0.0,200.0,0.0,0.0,0.0,0.0,0.0,,,0.0,0.0
diagnosis_controls,unblocked,synthetic,diagnosis,relational_max | single_sensor_0 | circuit,,,,,,,,,,,,,,,,,,,,,,,,,,,,,,,3,"[11, 12, 13]",unblocked,,,,,,,,,,,,,,,,,,,,,,,,,,,,,,,,,,,,,,,,,,,,,,,,,,,,,,,,,,,,,,,,,,,,,,,,,,,,,,,,,0.05000000000000001,8.498374721940739e-18,200.0,0.0,0.0,0.0,0.0,0.0,0.0,0.0,0.0,0.0,0.5,0.0,0.5,0.0,0.5,0.0,,,0.0,0.0,0.0,0.0,200.0,0.0,200.0,0.0,0.0,0.0,0.0,0.0,,,0.0,0.0
diagnosis_controls,unblocked,synthetic,diagnosis,query single_sensor_0 | known_law_oracle,,,,,,,,,,,,,,,,,,,,,,,,,,,,,,,3,"[11, 12, 13]",unblocked,,,,,,,,,,,0.0,0.0,0.0004147636658065797,2.5294514797602203e-05,0.0004051663345308043,3.6398685843460033e-05,400.0,0.0,1.0,0.0,1.0,0.0,1.0,0.0,2.0,0.0,0.0,0.0,0.0,0.0,1.0,0.0,0.0,0.0,0.0,0.0,0.0,0.0,1600.0,0.0,0.0,0.0,0.0,0.0,0.0,0.0,0.0,0.0,0.0,0.0,0.0,0.0,,,,,,,,,,,,,,,,,,,,,,,,,,,,,,,,,,,,,,,,,,,,,,,,,,,,,,,,,,,,,,,,
diagnosis_controls,unblocked,synthetic,diagnosis,known-law error single_sensor_0 | known_law_oracle,,,,,,,,,,,,,,,,,,,,,,,,,,,,,,,3,"[11, 12, 13]",unblocked,,,,,,,,,,,,,,,,,,,,,,,,,,,,,,,,,,,,,,,,,,,,,,,,,,,,,0.0,0.0,0.0,0.0,0.0,0.0,1.0,0.0,0.0,0.0,0.0,0.0,0.0,0.0,1.0,0.0,0.0,0.0,0.0,0.0,0.0,0.0,,,0.0,0.0,0.0,0.0,,,,,,,,,,,,,,,,,,,,,,,,,,,,,,,,,,,,
diagnosis_controls,unblocked,synthetic,diagnosis,joint | single_sensor_0 | known_law_oracle,,,,,,,,,,,,,,,,,,,,,,,,,,,,,,,3,"[11, 12, 13]",unblocked,,,,,,,,,,,,,,,,,,,,,,,,,,,,,,,,,,,,,,,,,,,,,,,,,,,,,,,,,,,,,,,,,,,,,,,,,,,,,,,,,0.05000000000000001,8.498374721940739e-18,200.0,0.0,7.689895496961474,0.5021001950174577,10.071033718670991,2.3032659569915754,0.06333333333333334,0.020207259421636908,0.06,0.0304138126514911,0.48662500000000003,0.006084868527749771,0.4983624026561697,0.008169094318119742,0.48662500000000003,0.006084868527749771,,,0.0,0.0,0.0,0.0,200.0,0.0,200.0,0.0,0.0,0.0,0.0,0.0,,,0.0,0.0
diagnosis_controls,unblocked,synthetic,diagnosis,independent | single_sensor_0 | known_law_oracle,,,,,,,,,,,,,,,,,,,,,,,,,,,,,,,3,"[11, 12, 13]",unblocked,,,,,,,,,,,,,,,,,,,,,,,,,,,,,,,,,,,,,,,,,,,,,,,,,,,,,,,,,,,,,,,,,,,,,,,,,,,,,,,,,0.05000000000000001,8.498374721940739e-18,200.0,0.0,7.689895496961474,0.5021001950174577,10.071033718670991,2.3032659569915754,0.06333333333333334,0.020207259421636908,0.06,0.0304138126514911,0.48662500000000003,0.006084868527749771,0.4983624026561697,0.008169094318119742,0.48662500000000003,0.006084868527749771,,,0.0,0.0,0.0,0.0,200.0,0.0,200.0,0.0,0.0,0.0,0.0,0.0,,,0.0,0.0
diagnosis_controls,unblocked,synthetic,diagnosis,marginal_max | single_sensor_0 | known_law_oracle,,,,,,,,,,,,,,,,,,,,,,,,,,,,,,,3,"[11, 12, 13]",unblocked,,,,,,,,,,,,,,,,,,,,,,,,,,,,,,,,,,,,,,,,,,,,,,,,,,,,,,,,,,,,,,,,,,,,,,,,,,,,,,,,,0.05000000000000001,8.498374721940739e-18,200.0,0.0,7.689895496961474,0.5021001950174577,10.071033718670991,2.3032659569915754,0.06333333333333334,0.020207259421636908,0.06,0.0304138126514911,0.48662500000000003,0.006084868527749771,0.4983624026561697,0.008169094318119742,0.48662500000000003,0.006084868527749771,,,0.0,0.0,0.0,0.0,200.0,0.0,200.0,0.0,0.0,0.0,0.0,0.0,,,0.0,0.0
diagnosis_controls,unblocked,synthetic,diagnosis,conditional_max | single_sensor_0 | known_law_oracle,,,,,,,,,,,,,,,,,,,,,,,,,,,,,,,3,"[11, 12, 13]",unblocked,,,,,,,,,,,,,,,,,,,,,,,,,,,,,,,,,,,,,,,,,,,,,,,,,,,,,,,,,,,,,,,,,,,,,,,,,,,,,,,,,0.05000000000000001,8.498374721940739e-18,200.0,0.0,7.689895496961474,0.5021001950174577,10.071033718670991,2.3032659569915754,0.06333333333333334,0.020207259421636908,0.06,0.0304138126514911,0.48662500000000003,0.006084868527749771,0.4983624026561697,0.008169094318119742,0.48662500000000003,0.006084868527749771,,,0.0,0.0,0.0,0.0,200.0,0.0,200.0,0.0,0.0,0.0,0.0,0.0,,,0.0,0.0
diagnosis_controls,unblocked,synthetic,diagnosis,relational_max | single_sensor_0 | known_law_oracle,,,,,,,,,,,,,,,,,,,,,,,,,,,,,,,3,"[11, 12, 13]",unblocked,,,,,,,,,,,,,,,,,,,,,,,,,,,,,,,,,,,,,,,,,,,,,,,,,,,,,,,,,,,,,,,,,,,,,,,,,,,,,,,,,0.05000000000000001,8.498374721940739e-18,200.0,0.0,0.0,0.0,0.0,0.0,0.0,0.0,0.0,0.0,0.5,0.0,0.5,0.0,0.5,0.0,,,0.0,0.0,0.0,0.0,200.0,0.0,200.0,0.0,0.0,0.0,0.0,0.0,,,0.0,0.0
diagnosis_controls,mixture,synthetic,diagnosis,model,7.015963395436604e-08,1.0457941133356559e-07,64.0,0.0,65.0,0.0,216.0,0.0,345.0,0.0,1608.0,0.0,922.6666666666666,50.80682368868706,115.33333333333333,6.350852961085883,89.33333333333333,6.350852961085883,20.531229654947918,0.2628660185147737,1.8914055824279785,0.10298466561058073,20.211893558502197,0.0650089945370994,0.02,0.0,150.0,0.0,128.0,0.0,3,"[11, 12, 13]",mixture,,,,,,,,,,,,,,,,,,,,,,,,,,,,,,,,,,,,,,,,,,,,,,,,,,,,,,,,,,,,,,,,,,,,,,,,,,,,,,,,,,,,,,,,,,,,,,,,,,,,,,,,,,,,,,,,,,,,
diagnosis_controls,mixture,synthetic,diagnosis,shortcut audit,,,,,,,,,,,,,,,,,,,,,,,,,,,,,,,3,"[11, 12, 13]",mixture,0.48155,0.02226208941227215,0.0,0.0,400.0,0.0,400.0,0.0,10.0,0.0,,,,,,,,,,,,,,,,,,,,,,,,,,,,,,,,,,,,,,,,,,,,,,,,,,,,,,,,,,,,,,,,,,,,,,,,,,,,,,,,,,,,,,,,,,,,,,,,,,,,,,,,,,
diagnosis_controls,mixture,synthetic,diagnosis,query full | circuit,,,,,,,,,,,,,,,,,,,,,,,,,,,,,,,3,"[11, 12, 13]",mixture,,,,,,,,,,,3.1789143880208335e-06,5.506041232963808e-07,0.0061764306665281765,0.00021770889462069694,0.004035249665321317,0.00013890944100742816,400.0,0.0,4.0,0.0,4.0,0.0,4.0,0.0,3.0,0.0,434.0,0.0,32.0,0.0,1.0,0.0,0.006104333333333333,0.00021716660271168132,173600.0,0.0,25600.0,0.0,1600.0,0.0,51200.0,0.0,-0.004747991760571797,0.012385137397771395,0.06010803083578745,0.03913025184091171,0.10469153895974159,0.06022257154646155,-0.12545576194922128,0.10112409367476594,0.11231441671649615,0.06825490509787467,,,,,,,,,,,,,,,,,,,,,,,,,,,,,,,,,,,,,,,,,,,,,,,,,,,,,,,,,,,,,,,,
diagnosis_controls,mixture,synthetic,diagnosis,known-law error full | circuit,,,,,,,,,,,,,,,,,,,,,,,,,,,,,,,3,"[11, 12, 13]",mixture,,,,,,,,,,,,,,,,,,,,,,,,,,,,,,,,,,,,,,,,,,,,,,,,,,,,,0.12669588339854687,0.0366973644286655,0.3624144510065321,0.02601671199786045,5.245426096344044,1.8679001011933767,0.9415578267503714,0.007060297968202004,0.12408411718934126,0.030598994973260487,0.355328061678567,0.023418078404968692,5.204127230072069,1.8267944437416568,0.9430824305625279,0.0068662919073545665,0.0026117632786439335,0.007062170184513151,0.04098585506280258,0.026281515523624916,0.7499535878499325,0.45925818924087264,-0.0014125763521843197,0.0354419288220775,-0.5024077126395441,0.13476529348058147,0.8507041623124193,0.08552367126384569,,,,,,,,,,,,,,,,,,,,,,,,,,,,,,,,,,,,
diagnosis_controls,mixture,synthetic,diagnosis,joint | full | circuit,,,,,,,,,,,,,,,,,,,,,,,,,,,,,,,3,"[11, 12, 13]",mixture,,,,,,,,,,,,,,,,,,,,,,,,,,,,,,,,,,,,,,,,,,,,,,,,,,,,,,,,,,,,,,,,,,,,,,,,,,,,,,,,,0.05000000000000001,8.498374721940739e-18,200.0,0.0,26.610680898030598,1.4914887324463442,16.483564058939617,1.181822646771564,0.043333333333333335,0.023629078131263043,0.03833333333333334,0.03214550253664318,0.4978,0.006613386046496925,0.5017107107482205,0.0016155112625752099,0.4978,0.006613386046496925,0.5215277777777777,0.008388704928078583,200.0,0.0,0.0,0.0,0.0,0.0,0.0,0.0,200.0,0.0,192.33333333333334,6.429100507328636,0.25,0.018027756377319962,0.01,0.008660254037844387
diagnosis_controls,mixture,synthetic,diagnosis,independent | full | circuit,,,,,,,,,,,,,,,,,,,,,,,,,,,,,,,3,"[11, 12, 13]",mixture,,,,,,,,,,,,,,,,,,,,,,,,,,,,,,,,,,,,,,,,,,,,,,,,,,,,,,,,,,,,,,,,,,,,,,,,,,,,,,,,,0.05000000000000001,8.498374721940739e-18,200.0,0.0,26.55133819580078,1.4648361715528033,16.47048823038737,1.119534768806546,0.045000000000000005,0.02179449471770337,0.03833333333333334,0.03214550253664318,0.49767500000000003,0.00686444644527143,0.5011067220452589,0.002145574341052518,0.49767500000000003,0.00686444644527143,0.5220833333333332,0.010408329997330672,200.0,0.0,0.0,0.0,0.0,0.0,0.0,0.0,200.0,0.0,192.33333333333334,6.429100507328636,0.25,0.02291287847477921,0.01,0.008660254037844387
diagnosis_controls,mixture,synthetic,diagnosis,marginal_max | full | circuit,,,,,,,,,,,,,,,,,,,,,,,,,,,,,,,3,"[11, 12, 13]",mixture,,,,,,,,,,,,,,,,,,,,,,,,,,,,,,,,,,,,,,,,,,,,,,,,,,,,,,,,,,,,,,,,,,,,,,,,,,,,,,,,,0.05000000000000001,8.498374721940739e-18,200.0,0.0,10.005587895711264,0.6422546590583527,11.772077560424805,3.3037124347409623,0.051666666666666666,0.015275252316519466,0.06,0.010000000000000002,0.4986541666666667,0.00980762086763826,0.5048953954571603,0.012185810305377628,0.4986541666666667,0.00980762086763826,0.5220833333333332,0.010408329997330672,200.0,0.0,0.0,0.0,0.0,0.0,0.0,0.0,200.0,0.0,188.0,2.0,0.25,0.02291287847477921,0.02,0.015000000000000001
diagnosis_controls,mixture,synthetic,diagnosis,conditional_max | full | circuit,,,,,,,,,,,,,,,,,,,,,,,,,,,,,,,3,"[11, 12, 13]",mixture,,,,,,,,,,,,,,,,,,,,,,,,,,,,,,,,,,,,,,,,,,,,,,,,,,,,,,,,,,,,,,,,,,,,,,,,,,,,,,,,,0.05000000000000001,8.498374721940739e-18,200.0,0.0,10.031794865926107,0.632749057093052,11.83111826578776,3.436967781350184,0.051666666666666666,0.015275252316519466,0.06166666666666667,0.007637626158259737,0.49965,0.008380371411817043,0.5080918899415302,0.011531194644143289,0.49965,0.008380371411817043,0.5215277777777777,0.008388704928078583,200.0,0.0,0.0,0.0,0.0,0.0,0.0,0.0,200.0,0.0,187.66666666666666,1.5275252316519465,0.25,0.018027756377319962,0.021666666666666667,0.012583057392117916
diagnosis_controls,mixture,synthetic,diagnosis,relational_max | full | circuit,,,,,,,,,,,,,,,,,,,,,,,,,,,,,,,3,"[11, 12, 13]",mixture,,,,,,,,,,,,,,,,,,,,,,,,,,,,,,,,,,,,,,,,,,,,,,,,,,,,,,,,,,,,,,,,,,,,,,,,,,,,,,,,,0.05000000000000001,8.498374721940739e-18,200.0,0.0,0.1722869873046875,0.09558757232453667,0.8398469289143881,0.5449685743207849,0.049999999999999996,0.01802775637731995,0.056666666666666664,0.03175426480542942,0.5075166666666667,0.025657437802386527,0.5113145917812331,0.0248246435468313,0.5075166666666667,0.025657437802386527,0.5181944444444444,0.009245244022579223,200.0,0.0,0.0,0.0,0.0,0.0,0.3333333333333333,0.5773502691896258,199.66666666666666,0.5773502691896258,188.33333333333334,6.6583281184793925,0.2520854271356784,0.007534295718877484,0.01,0.013228756555322954
diagnosis_controls,mixture,synthetic,diagnosis,query full | known_law_oracle,,,,,,,,,,,,,,,,,,,,,,,,,,,,,,,3,"[11, 12, 13]",mixture,,,,,,,,,,,0.0,0.0,0.0017564446679898538,7.68916821634887e-06,0.0016011526652922232,4.088951053510514e-05,400.0,0.0,4.0,0.0,4.0,0.0,4.0,0.0,5.0,0.0,0.0,0.0,0.0,0.0,1.0,0.0,0.0,0.0,0.0,0.0,0.0,0.0,1600.0,0.0,0.0,0.0,-7.105427357601002e-17,1.0805156823142816e-16,1.3559523874088578e-15,1.4897411453073922e-16,2.1872322410349084e-15,1.2232396861929305e-16,-3.552713678800501e-15,0.0,3.552713678800501e-15,0.0,,,,,,,,,,,,,,,,,,,,,,,,,,,,,,,,,,,,,,,,,,,,,,,,,,,,,,,,,,,,,,,,
diagnosis_controls,mixture,synthetic,diagnosis,known-law error full | known_law_oracle,,,,,,,,,,,,,,,,,,,,,,,,,,,,,,,3,"[11, 12, 13]",mixture,,,,,,,,,,,,,,,,,,,,,,,,,,,,,,,,,,,,,,,,,,,,,,,,,,,,,0.0,0.0,0.0,0.0,0.0,0.0,1.0,7.850462293418876e-17,0.0,0.0,0.0,0.0,0.0,0.0,1.0,7.850462293418876e-17,0.0,0.0,0.0,0.0,0.0,0.0,1.0,1.5700924586837752e-16,0.0,0.0,0.0,0.0,,,,,,,,,,,,,,,,,,,,,,,,,,,,,,,,,,,,
diagnosis_controls,mixture,synthetic,diagnosis,joint | full | known_law_oracle,,,,,,,,,,,,,,,,,,,,,,,,,,,,,,,3,"[11, 12, 13]",mixture,,,,,,,,,,,,,,,,,,,,,,,,,,,,,,,,,,,,,,,,,,,,,,,,,,,,,,,,,,,,,,,,,,,,,,,,,,,,,,,,,0.05000000000000001,8.498374721940739e-18,200.0,0.0,25.123579209597313,0.8029984373828893,17.044397970706715,2.1083751073729076,0.06166666666666667,0.03752776749732568,0.06666666666666667,0.03214550253664318,0.495175,0.009931232300173022,0.5004042151936351,0.002741286964361124,0.495175,0.009931232300173022,0.5191666666666667,0.02036131953811768,200.0,0.0,0.0,0.0,0.0,0.0,0.0,0.0,200.0,0.0,186.66666666666666,6.429100507328636,0.24666666666666667,0.022546248764114478,0.02,0.005000000000000001
diagnosis_controls,mixture,synthetic,diagnosis,independent | full | known_law_oracle,,,,,,,,,,,,,,,,,,,,,,,,,,,,,,,3,"[11, 12, 13]",mixture,,,,,,,,,,,,,,,,,,,,,,,,,,,,,,,,,,,,,,,,,,,,,,,,,,,,,,,,,,,,,,,,,,,,,,,,,,,,,,,,,0.05000000000000001,8.498374721940739e-18,200.0,0.0,25.123579209597313,0.8029984373828913,17.044397970706715,2.108375107372908,0.06166666666666667,0.03752776749732568,0.06666666666666667,0.03214550253664318,0.495175,0.009931232300173022,0.5004042151936351,0.002741286964361124,0.495175,0.009931232300173022,0.5191666666666667,0.02036131953811768,200.0,0.0,0.0,0.0,0.0,0.0,0.0,0.0,200.0,0.0,186.66666666666666,6.429100507328636,0.24666666666666667,0.022546248764114478,0.02,0.005000000000000001
diagnosis_controls,mixture,synthetic,diagnosis,marginal_max | full | known_law_oracle,,,,,,,,,,,,,,,,,,,,,,,,,,,,,,,3,"[11, 12, 13]",mixture,,,,,,,,,,,,,,,,,,,,,,,,,,,,,,,,,,,,,,,,,,,,,,,,,,,,,,,,,,,,,,,,,,,,,,,,,,,,,,,,,0.05000000000000001,8.498374721940739e-18,200.0,0.0,9.534260679629464,0.5096828622100442,9.419955147727025,2.0038181239108432,0.06833333333333334,0.007637626158259734,0.06333333333333334,0.016072751268321594,0.49613749999999995,0.005834447810204524,0.4981638992130874,0.007072901242308277,0.49613749999999995,0.005834447810204524,0.5191666666666667,0.02036131953811768,200.0,0.0,0.0,0.0,0.0,0.0,0.0,0.0,200.0,0.0,187.33333333333334,3.2145502536643185,0.24666666666666667,0.022546248764114478,0.013333333333333334,0.011547005383792516
diagnosis_controls,mixture,synthetic,diagnosis,conditional_max | full | known_law_oracle,,,,,,,,,,,,,,,,,,,,,,,,,,,,,,,3,"[11, 12, 13]",mixture,,,,,,,,,,,,,,,,,,,,,,,,,,,,,,,,,,,,,,,,,,,,,,,,,,,,,,,,,,,,,,,,,,,,,,,,,,,,,,,,,0.05000000000000001,8.498374721940739e-18,200.0,0.0,9.534260679629464,0.5096828622100421,9.419955147727027,2.0038181239108415,0.06833333333333334,0.007637626158259734,0.06333333333333334,0.016072751268321594,0.49618333333333337,0.005731005765424863,0.49909067103859645,0.006926249550799064,0.49618333333333337,0.005731005765424863,0.5191666666666667,0.02036131953811768,200.0,0.0,0.0,0.0,0.0,0.0,0.0,0.0,200.0,0.0,187.33333333333334,3.2145502536643185,0.24666666666666667,0.022546248764114478,0.013333333333333334,0.011547005383792516
diagnosis_controls,mixture,synthetic,diagnosis,relational_max | full | known_law_oracle,,,,,,,,,,,,,,,,,,,,,,,,,,,,,,,3,"[11, 12, 13]",mixture,,,,,,,,,,,,,,,,,,,,,,,,,,,,,,,,,,,,,,,,,,,,,,,,,,,,,,,,,,,,,,,,,,,,,,,,,,,,,,,,,0.05000000000000001,8.498374721940739e-18,200.0,0.0,2.960594732333751e-15,5.127900497022838e-16,7.697546304067751e-15,5.127900497022837e-16,0.043333333333333335,0.020816659994661327,0.055000000000000014,0.0360555127546399,0.49685833333333335,0.03547310674417076,0.503320472520619,0.017195342160496938,0.49685833333333335,0.03547310674417076,0.43069444444444444,0.007742977702647969,200.0,0.0,0.0,0.0,0.0,0.0,200.0,0.0,0.0,0.0,0.0,0.0,,,0.0,0.0
diagnosis_controls,mixture,synthetic,diagnosis,query random1:0 | circuit,,,,,,,,,,,,,,,,,,,,,,,,,,,,,,,3,"[11, 12, 13]",mixture,,,,,,,,,,,2.5431315104166665e-06,7.283807905444844e-07,0.00607486100003977,9.167120347485838e-05,0.0039256113341252785,0.00017199146776553345,400.0,0.0,3.0,0.0,3.0,0.0,3.0,0.0,3.0,0.0,434.0,0.0,32.0,0.0,1.0,0.0,0.005998666666666666,8.96679058154776e-05,173600.0,0.0,25600.0,0.0,1600.0,0.0,51200.0,0.0,-0.005350882187485695,0.011746186055372233,0.04165451383839051,0.032244733712854266,0.06995046138763428,0.04427419404358891,-0.0931160772840182,0.07991330658932047,0.07104042544960976,0.07134580595459931,,,,,,,,,,,,,,,,,,,,,,,,,,,,,,,,,,,,,,,,,,,,,,,,,,,,,,,,,,,,,,,,
diagnosis_controls,mixture,synthetic,diagnosis,known-law error random1:0 | circuit,,,,,,,,,,,,,,,,,,,,,,,,,,,,,,,3,"[11, 12, 13]",mixture,,,,,,,,,,,,,,,,,,,,,,,,,,,,,,,,,,,,,,,,,,,,,,,,,,,,,0.11940531312236229,0.03275966663378395,0.35338529968241206,0.0259157508727703,4.4134986667193585,0.7833633947787764,0.9419801920846901,0.005470378842848708,0.11575649227177882,0.024576002683213218,0.3481712658338658,0.023232750068038745,4.4119152494626865,0.8001429205219681,0.9433082227540402,0.00515701142420925,0.0036488151550284984,0.008359435632376799,0.033158514234754785,0.02521593830188558,0.49479579925536993,0.3009409627660553,0.002843288515617733,0.08852739874412553,-0.35262039439307924,0.08526073712407056,0.6841623524528239,0.06997924151504678,,,,,,,,,,,,,,,,,,,,,,,,,,,,,,,,,,,,
diagnosis_controls,mixture,synthetic,diagnosis,joint | random1:0 | circuit,,,,,,,,,,,,,,,,,,,,,,,,,,,,,,,3,"[11, 12, 13]",mixture,,,,,,,,,,,,,,,,,,,,,,,,,,,,,,,,,,,,,,,,,,,,,,,,,,,,,,,,,,,,,,,,,,,,,,,,,,,,,,,,,0.05000000000000001,8.498374721940739e-18,200.0,0.0,19.92880694071452,0.47806607842777693,13.271430969238281,0.6355107840308168,0.06833333333333334,0.02843120351538664,0.06833333333333334,0.02843120351538664,0.5,0.0,0.5,0.0,0.5,0.0,,,0.0,0.0,200.0,0.0,0.0,0.0,0.0,0.0,0.0,0.0,0.0,0.0,,,0.0,0.0
diagnosis_controls,mixture,synthetic,diagnosis,independent | random1:0 | circuit,,,,,,,,,,,,,,,,,,,,,,,,,,,,,,,3,"[11, 12, 13]",mixture,,,,,,,,,,,,,,,,,,,,,,,,,,,,,,,,,,,,,,,,,,,,,,,,,,,,,,,,,,,,,,,,,,,,,,,,,,,,,,,,,0.05000000000000001,8.498374721940739e-18,200.0,0.0,19.861359278361004,0.4071541160186,13.190336227416992,0.6917807721568213,0.06833333333333334,0.02843120351538664,0.06833333333333334,0.02843120351538664,0.5,0.0,0.5,0.0,0.5,0.0,,,0.0,0.0,200.0,0.0,0.0,0.0,0.0,0.0,0.0,0.0,0.0,0.0,,,0.0,0.0
diagnosis_controls,mixture,synthetic,diagnosis,marginal_max | random1:0 | circuit,,,,,,,,,,,,,,,,,,,,,,,,,,,,,,,3,"[11, 12, 13]",mixture,,,,,,,,,,,,,,,,,,,,,,,,,,,,,,,,,,,,,,,,,,,,,,,,,,,,,,,,,,,,,,,,,,,,,,,,,,,,,,,,,0.05000000000000001,8.498374721940739e-18,200.0,0.0,9.695183753967285,0.6556594916599859,10.150861422220865,1.5764379250566587,0.04833333333333334,0.0028867513459481316,0.04833333333333334,0.0028867513459481316,0.5,0.0,0.5,0.0,0.5,0.0,,,0.0,0.0,200.0,0.0,0.0,0.0,0.0,0.0,0.0,0.0,0.0,0.0,,,0.0,0.0
diagnosis_controls,mixture,synthetic,diagnosis,conditional_max | random1:0 | circuit,,,,,,,,,,,,,,,,,,,,,,,,,,,,,,,3,"[11, 12, 13]",mixture,,,,,,,,,,,,,,,,,,,,,,,,,,,,,,,,,,,,,,,,,,,,,,,,,,,,,,,,,,,,,,,,,,,,,,,,,,,,,,,,,0.05000000000000001,8.498374721940739e-18,200.0,0.0,9.697744051615397,0.641878970046375,10.090754191080729,1.5275527046431274,0.045000000000000005,0.005000000000000001,0.045000000000000005,0.005000000000000001,0.5,0.0,0.5,0.0,0.5,0.0,,,0.0,0.0,200.0,0.0,0.0,0.0,0.0,0.0,0.0,0.0,0.0,0.0,,,0.0,0.0
diagnosis_controls,mixture,synthetic,diagnosis,relational_max | random1:0 | circuit,,,,,,,,,,,,,,,,,,,,,,,,,,,,,,,3,"[11, 12, 13]",mixture,,,,,,,,,,,,,,,,,,,,,,,,,,,,,,,,,,,,,,,,,,,,,,,,,,,,,,,,,,,,,,,,,,,,,,,,,,,,,,,,,0.05000000000000001,8.498374721940739e-18,200.0,0.0,0.1114959716796875,0.07973258381145401,0.5350532531738281,0.3022866946185159,0.06,0.03278719262151,0.06,0.03278719262151,0.5,0.0,0.5,0.0,0.5,0.0,,,0.0,0.0,200.0,0.0,0.0,0.0,0.0,0.0,0.0,0.0,0.0,0.0,,,0.0,0.0
diagnosis_controls,mixture,synthetic,diagnosis,query random1:0 | known_law_oracle,,,,,,,,,,,,,,,,,,,,,,,,,,,,,,,3,"[11, 12, 13]",mixture,,,,,,,,,,,0.0,0.0,0.0013218333333497867,7.667359997300506e-05,0.0011991943344279814,2.448858131522772e-05,400.0,0.0,3.0,0.0,3.0,0.0,3.0,0.0,4.0,0.0,0.0,0.0,0.0,0.0,1.0,0.0,0.0,0.0,0.0,0.0,0.0,0.0,1600.0,0.0,0.0,0.0,-8.052817671947803e-16,1.6906525406631609e-16,1.0954200509634876e-15,7.65758843379746e-17,1.7506064265808513e-15,1.3584626236046136e-16,-3.552713678800501e-15,0.0,1.1842378929335002e-15,2.051160198809135e-15,,,,,,,,,,,,,,,,,,,,,,,,,,,,,,,,,,,,,,,,,,,,,,,,,,,,,,,,,,,,,,,,
diagnosis_controls,mixture,synthetic,diagnosis,known-law error random1:0 | known_law_oracle,,,,,,,,,,,,,,,,,,,,,,,,,,,,,,,3,"[11, 12, 13]",mixture,,,,,,,,,,,,,,,,,,,,,,,,,,,,,,,,,,,,,,,,,,,,,,,,,,,,,0.0,0.0,0.0,0.0,0.0,0.0,1.0,7.850462293418876e-17,0.0,0.0,0.0,0.0,0.0,0.0,1.0,7.850462293418876e-17,0.0,0.0,0.0,0.0,0.0,0.0,1.0,0.0,0.0,0.0,0.0,0.0,,,,,,,,,,,,,,,,,,,,,,,,,,,,,,,,,,,,
diagnosis_controls,mixture,synthetic,diagnosis,joint | random1:0 | known_law_oracle,,,,,,,,,,,,,,,,,,,,,,,,,,,,,,,3,"[11, 12, 13]",mixture,,,,,,,,,,,,,,,,,,,,,,,,,,,,,,,,,,,,,,,,,,,,,,,,,,,,,,,,,,,,,,,,,,,,,,,,,,,,,,,,,0.05000000000000001,8.498374721940739e-18,200.0,0.0,19.29980858508487,0.2907926582450536,12.460575795018181,0.5139552780926636,0.06333333333333334,0.036170890690351176,0.06333333333333334,0.036170890690351176,0.5,0.0,0.5,0.0,0.5,0.0,,,0.0,0.0,200.0,0.0,0.0,0.0,0.0,0.0,0.0,0.0,0.0,0.0,,,0.0,0.0
diagnosis_controls,mixture,synthetic,diagnosis,independent | random1:0 | known_law_oracle,,,,,,,,,,,,,,,,,,,,,,,,,,,,,,,3,"[11, 12, 13]",mixture,,,,,,,,,,,,,,,,,,,,,,,,,,,,,,,,,,,,,,,,,,,,,,,,,,,,,,,,,,,,,,,,,,,,,,,,,,,,,,,,,0.05000000000000001,8.498374721940739e-18,200.0,0.0,19.29980858508487,0.29079265824505296,12.460575795018181,0.5139552780926618,0.06333333333333334,0.036170890690351176,0.06333333333333334,0.036170890690351176,0.5,0.0,0.5,0.0,0.5,0.0,,,0.0,0.0,200.0,0.0,0.0,0.0,0.0,0.0,0.0,0.0,0.0,0.0,,,0.0,0.0
diagnosis_controls,mixture,synthetic,diagnosis,marginal_max | random1:0 | known_law_oracle,,,,,,,,,,,,,,,,,,,,,,,,,,,,,,,3,"[11, 12, 13]",mixture,,,,,,,,,,,,,,,,,,,,,,,,,,,,,,,,,,,,,,,,,,,,,,,,,,,,,,,,,,,,,,,,,,,,,,,,,,,,,,,,,0.05000000000000001,8.498374721940739e-18,200.0,0.0,8.943559558715588,0.1510144337961069,8.295845016820818,0.8547720703698442,0.07,0.025980762113533163,0.07,0.025980762113533163,0.5,0.0,0.5,0.0,0.5,0.0,,,0.0,0.0,200.0,0.0,0.0,0.0,0.0,0.0,0.0,0.0,0.0,0.0,,,0.0,0.0
diagnosis_controls,mixture,synthetic,diagnosis,conditional_max | random1:0 | known_law_oracle,,,,,,,,,,,,,,,,,,,,,,,,,,,,,,,3,"[11, 12, 13]",mixture,,,,,,,,,,,,,,,,,,,,,,,,,,,,,,,,,,,,,,,,,,,,,,,,,,,,,,,,,,,,,,,,,,,,,,,,,,,,,,,,,0.05000000000000001,8.498374721940739e-18,200.0,0.0,8.943559558715588,0.15101443379610804,8.295845016820817,0.8547720703698464,0.07,0.025980762113533163,0.07,0.025980762113533163,0.5,0.0,0.5,0.0,0.5,0.0,,,0.0,0.0,200.0,0.0,0.0,0.0,0.0,0.0,0.0,0.0,0.0,0.0,,,0.0,0.0
diagnosis_controls,mixture,synthetic,diagnosis,relational_max | random1:0 | known_law_oracle,,,,,,,,,,,,,,,,,,,,,,,,,,,,,,,3,"[11, 12, 13]",mixture,,,,,,,,,,,,,,,,,,,,,,,,,,,,,,,,,,,,,,,,,,,,,,,,,,,,,,,,,,,,,,,,,,,,,,,,,,,,,,,,,0.05000000000000001,8.498374721940739e-18,200.0,0.0,3.552713678800501e-15,8.881784197001252e-16,7.697546304067751e-15,5.127900497022837e-16,0.06333333333333334,0.03013856886670854,0.06333333333333334,0.03013856886670854,0.5,0.0,0.5,0.0,0.5,0.0,,,0.0,0.0,200.0,0.0,0.0,0.0,0.0,0.0,0.0,0.0,0.0,0.0,,,0.0,0.0
diagnosis_controls,mixture,synthetic,diagnosis,query random2:1-2 | circuit,,,,,,,,,,,,,,,,,,,,,,,,,,,,,,,3,"[11, 12, 13]",mixture,,,,,,,,,,,1.2715657552083333e-06,5.506041232963807e-07,0.006184361332998378,0.000329703129777358,0.0039774306666610455,0.00012528654937378004,400.0,0.0,2.0,0.0,2.0,0.0,2.0,0.0,3.0,0.0,434.0,0.0,32.0,0.0,1.0,0.0,0.006105333333333333,0.00032224886863002877,173600.0,0.0,25600.0,0.0,1600.0,0.0,51200.0,0.0,0.0007461651305978497,0.0020903507956168592,0.019233631591002148,0.0024075230611732747,0.024476518854498863,0.004722347652789415,-0.037336921940247216,0.006029013389595619,0.036709610372781754,0.0031490352123087935,,,,,,,,,,,,,,,,,,,,,,,,,,,,,,,,,,,,,,,,,,,,,,,,,,,,,,,,,,,,,,,,
diagnosis_controls,mixture,synthetic,diagnosis,known-law error random2:1-2 | circuit,,,,,,,,,,,,,,,,,,,,,,,,,,,,,,,3,"[11, 12, 13]",mixture,,,,,,,,,,,,,,,,,,,,,,,,,,,,,,,,,,,,,,,,,,,,,,,,,,,,,0.12118703349797867,0.0352054640612963,0.3573230060992862,0.011158787398984597,4.756339018029112,2.038887946780344,0.9434828696679017,0.006687984508176752,0.12140268906324055,0.035685883468972696,0.3562858357079754,0.011546407809404658,4.754959687076148,2.0589796024707154,0.9435188046109695,0.006720811714647841,-0.00021564781665806218,0.002056331903526951,0.019570235212643936,0.0033613314210210556,0.12323983510335257,0.12077966990208695,-0.02769633485752367,0.05501839554317454,-0.24258976130423826,0.0708631240193971,0.5361834717184981,0.027531908505297725,,,,,,,,,,,,,,,,,,,,,,,,,,,,,,,,,,,,
diagnosis_controls,mixture,synthetic,diagnosis,joint | random2:1-2 | circuit,,,,,,,,,,,,,,,,,,,,,,,,,,,,,,,3,"[11, 12, 13]",mixture,,,,,,,,,,,,,,,,,,,,,,,,,,,,,,,,,,,,,,,,,,,,,,,,,,,,,,,,,,,,,,,,,,,,,,,,,,,,,,,,,0.05000000000000001,8.498374721940739e-18,200.0,0.0,14.30446688334147,0.6366175707415123,15.412065505981445,2.409221814817115,0.045000000000000005,0.008660254037844387,0.06166666666666667,0.012583057392117914,0.4903583333333333,0.006302843273740291,0.502646957559944,0.005809972532466193,0.4903583333333333,0.006302843273740291,0.7391666666666667,0.026964482812272404,200.0,0.0,0.0,0.0,0.0,0.0,0.0,0.0,200.0,0.0,187.66666666666666,2.5166114784235836,0.47833333333333333,0.0539289656245448,0.036666666666666674,0.0028867513459481273
diagnosis_controls,mixture,synthetic,diagnosis,independent | random2:1-2 | circuit,,,,,,,,,,,,,,,,,,,,,,,,,,,,,,,3,"[11, 12, 13]",mixture,,,,,,,,,,,,,,,,,,,,,,,,,,,,,,,,,,,,,,,,,,,,,,,,,,,,,,,,,,,,,,,,,,,,,,,,,,,,,,,,,0.05000000000000001,8.498374721940739e-18,200.0,0.0,14.285037358601889,0.6610710261969426,15.430746078491211,2.4281132916721506,0.04666666666666667,0.011547005383792512,0.06166666666666667,0.012583057392117914,0.4904583333333334,0.006368689687316655,0.5025543114960137,0.0054633484515850764,0.4904583333333334,0.006368689687316655,0.7391666666666667,0.026964482812272404,200.0,0.0,0.0,0.0,0.0,0.0,0.0,0.0,200.0,0.0,187.66666666666666,2.5166114784235836,0.47833333333333333,0.0539289656245448,0.036666666666666674,0.0028867513459481273
diagnosis_controls,mixture,synthetic,diagnosis,marginal_max | random2:1-2 | circuit,,,,,,,,,,,,,,,,,,,,,,,,,,,,,,,3,"[11, 12, 13]",mixture,,,,,,,,,,,,,,,,,,,,,,,,,,,,,,,,,,,,,,,,,,,,,,,,,,,,,,,,,,,,,,,,,,,,,,,,,,,,,,,,,0.05000000000000001,8.498374721940739e-18,200.0,0.0,9.15372625986735,0.5915748966776219,12.10406525929769,3.462773757236508,0.03666666666666666,0.0202072594216369,0.04833333333333334,0.027537852736430512,0.4940125,0.008871407723693013,0.5030516381319562,0.004797574175534533,0.4940125,0.008871407723693013,0.7391666666666667,0.026964482812272404,200.0,0.0,0.0,0.0,0.0,0.0,0.0,0.0,200.0,0.0,190.33333333333334,5.507570547286101,0.47833333333333333,0.0539289656245448,0.03,0.008660254037844387
diagnosis_controls,mixture,synthetic,diagnosis,conditional_max | random2:1-2 | circuit,,,,,,,,,,,,,,,,,,,,,,,,,,,,,,,3,"[11, 12, 13]",mixture,,,,,,,,,,,,,,,,,,,,,,,,,,,,,,,,,,,,,,,,,,,,,,,,,,,,,,,,,,,,,,,,,,,,,,,,,,,,,,,,,0.05000000000000001,8.498374721940739e-18,200.0,0.0,9.162585894266764,0.609939991750217,12.088134129842123,3.4361996560801185,0.03833333333333333,0.023094010767585032,0.04833333333333334,0.027537852736430512,0.49430833333333335,0.008718132445273663,0.5046677952717302,0.004464758626820684,0.49430833333333335,0.008718132445273663,0.7391666666666667,0.026964482812272404,200.0,0.0,0.0,0.0,0.0,0.0,0.0,0.0,200.0,0.0,190.33333333333334,5.507570547286101,0.47833333333333333,0.0539289656245448,0.03,0.008660254037844387
diagnosis_controls,mixture,synthetic,diagnosis,relational_max | random2:1-2 | circuit,,,,,,,,,,,,,,,,,,,,,,,,,,,,,,,3,"[11, 12, 13]",mixture,,,,,,,,,,,,,,,,,,,,,,,,,,,,,,,,,,,,,,,,,,,,,,,,,,,,,,,,,,,,,,,,,,,,,,,,,,,,,,,,,0.05000000000000001,8.498374721940739e-18,200.0,0.0,0.04134241739908854,0.014219745291212503,0.20016892751057944,0.17962833103951756,0.045000000000000005,0.035,0.065,0.047696960070847276,0.5200041666666667,0.01618615502778015,0.5259228406675187,0.01750407963303459,0.5200041666666667,0.01618615502778015,0.5166666666666666,0.003818813079129895,200.0,0.0,0.0,0.0,0.0,0.0,200.0,0.0,0.0,0.0,0.0,0.0,,,0.0,0.0
diagnosis_controls,mixture,synthetic,diagnosis,query random2:1-2 | known_law_oracle,,,,,,,,,,,,,,,,,,,,,,,,,,,,,,,3,"[11, 12, 13]",mixture,,,,,,,,,,,0.0,0.0,0.0009417643341294024,7.550284975112753e-05,0.0008939446658284093,2.5950357349777272e-05,400.0,0.0,2.0,0.0,2.0,0.0,2.0,0.0,3.0,0.0,0.0,0.0,0.0,0.0,1.0,0.0,0.0,0.0,0.0,0.0,0.0,0.0,1600.0,0.0,0.0,0.0,1.4802973661668747e-18,5.185268477743734e-17,7.94919685631612e-16,3.635026844804854e-17,1.2597021420149655e-15,9.620019411629533e-17,-1.7763568394002505e-15,0.0,1.7763568394002505e-15,0.0,,,,,,,,,,,,,,,,,,,,,,,,,,,,,,,,,,,,,,,,,,,,,,,,,,,,,,,,,,,,,,,,
diagnosis_controls,mixture,synthetic,diagnosis,known-law error random2:1-2 | known_law_oracle,,,,,,,,,,,,,,,,,,,,,,,,,,,,,,,3,"[11, 12, 13]",mixture,,,,,,,,,,,,,,,,,,,,,,,,,,,,,,,,,,,,,,,,,,,,,,,,,,,,,0.0,0.0,0.0,0.0,0.0,0.0,1.0,0.0,0.0,0.0,0.0,0.0,0.0,0.0,1.0,7.850462293418876e-17,0.0,0.0,0.0,0.0,0.0,0.0,1.0,0.0,0.0,0.0,0.0,0.0,,,,,,,,,,,,,,,,,,,,,,,,,,,,,,,,,,,,
diagnosis_controls,mixture,synthetic,diagnosis,joint | random2:1-2 | known_law_oracle,,,,,,,,,,,,,,,,,,,,,,,,,,,,,,,3,"[11, 12, 13]",mixture,,,,,,,,,,,,,,,,,,,,,,,,,,,,,,,,,,,,,,,,,,,,,,,,,,,,,,,,,,,,,,,,,,,,,,,,,,,,,,,,,0.05000000000000001,8.498374721940739e-18,200.0,0.0,13.769395103454466,0.5250458619897761,12.63746632738173,2.7513576601755787,0.06,0.02179449471770337,0.05833333333333333,0.023629078131263043,0.4931666666666667,0.002662509780889715,0.4980909744255228,0.008144681189338115,0.4931666666666667,0.002662509780889715,0.735,0.021360009363293814,200.0,0.0,0.0,0.0,0.0,0.0,0.0,0.0,200.0,0.0,188.33333333333334,4.725815626252609,0.47000000000000003,0.042720018726587664,0.03166666666666667,0.017559422921421233
diagnosis_controls,mixture,synthetic,diagnosis,independent | random2:1-2 | known_law_oracle,,,,,,,,,,,,,,,,,,,,,,,,,,,,,,,3,"[11, 12, 13]",mixture,,,,,,,,,,,,,,,,,,,,,,,,,,,,,,,,,,,,,,,,,,,,,,,,,,,,,,,,,,,,,,,,,,,,,,,,,,,,,,,,,0.05000000000000001,8.498374721940739e-18,200.0,0.0,13.769395103454466,0.5250458619897754,12.637466327381732,2.7513576601755827,0.06,0.02179449471770337,0.05833333333333333,0.023629078131263043,0.4931666666666667,0.002662509780889715,0.4980909744255228,0.008144681189338115,0.4931666666666667,0.002662509780889715,0.735,0.021360009363293814,200.0,0.0,0.0,0.0,0.0,0.0,0.0,0.0,200.0,0.0,188.33333333333334,4.725815626252609,0.47000000000000003,0.042720018726587664,0.03166666666666667,0.017559422921421233
diagnosis_controls,mixture,synthetic,diagnosis,marginal_max | random2:1-2 | known_law_oracle,,,,,,,,,,,,,,,,,,,,,,,,,,,,,,,3,"[11, 12, 13]",mixture,,,,,,,,,,,,,,,,,,,,,,,,,,,,,,,,,,,,,,,,,,,,,,,,,,,,,,,,,,,,,,,,,,,,,,,,,,,,,,,,,0.05000000000000001,8.498374721940739e-18,200.0,0.0,8.595289520117367,0.23160424573356572,9.740492913301235,2.249900700533881,0.05666666666666667,0.011547005383792516,0.06,0.008660254037844387,0.49716249999999995,0.013925993007681717,0.4985831780148846,0.005454555969268877,0.49716249999999995,0.013925993007681717,0.735,0.021360009363293814,200.0,0.0,0.0,0.0,0.0,0.0,0.0,0.0,200.0,0.0,188.0,1.7320508075688772,0.47000000000000003,0.042720018726587664,0.03166666666666667,0.014433756729740645
diagnosis_controls,mixture,synthetic,diagnosis,conditional_max | random2:1-2 | known_law_oracle,,,,,,,,,,,,,,,,,,,,,,,,,,,,,,,3,"[11, 12, 13]",mixture,,,,,,,,,,,,,,,,,,,,,,,,,,,,,,,,,,,,,,,,,,,,,,,,,,,,,,,,,,,,,,,,,,,,,,,,,,,,,,,,,0.05000000000000001,8.498374721940739e-18,200.0,0.0,8.59528952011737,0.23160424573356708,9.740492913301232,2.249900700533878,0.05666666666666667,0.011547005383792516,0.06,0.008660254037844387,0.4971625,0.013918754209698497,0.4995009555915573,0.005672695382671846,0.4971625,0.013918754209698497,0.735,0.021360009363293814,200.0,0.0,0.0,0.0,0.0,0.0,0.0,0.0,200.0,0.0,188.0,1.7320508075688772,0.47000000000000003,0.042720018726587664,0.03166666666666667,0.014433756729740645
diagnosis_controls,mixture,synthetic,diagnosis,relational_max | random2:1-2 | known_law_oracle,,,,,,,,,,,,,,,,,,,,,,,,,,,,,,,3,"[11, 12, 13]",mixture,,,,,,,,,,,,,,,,,,,,,,,,,,,,,,,,,,,,,,,,,,,,,,,,,,,,,,,,,,,,,,,,,,,,,,,,,,,,,,,,,0.05000000000000001,8.498374721940739e-18,200.0,0.0,1.4802973661668755e-15,5.127900497022837e-16,1.0066022089934753e-14,2.713429892601387e-15,0.036666666666666674,0.043684474740270526,0.03,0.027838821814150108,0.5153708333333333,0.025369473946720563,0.5101421953922276,0.016325723779503403,0.5153708333333333,0.025369473946720563,0.5183333333333334,0.005773502691896263,200.0,0.0,0.0,0.0,0.0,0.0,200.0,0.0,0.0,0.0,0.0,0.0,,,0.0,0.0
diagnosis_controls,mixture,synthetic,diagnosis,query random3:1-2-3 | circuit,,,,,,,,,,,,,,,,,,,,,,,,,,,,,,,3,"[11, 12, 13]",mixture,,,,,,,,,,,8.742014567057291e-07,1.376510308240952e-07,0.006105402999916502,6.868650820763091e-05,0.00403522233197388,1.5817745936893865e-05,400.0,0.0,1.0,0.0,1.0,0.0,1.0,0.0,3.0,0.0,434.0,0.0,32.0,0.0,1.0,0.0,0.006025666666666666,7.366365001364851e-05,173600.0,0.0,25600.0,0.0,1600.0,0.0,51200.0,0.0,-5.086263025570285e-08,1.8861207422254304e-08,1.0093053267231274e-07,2.92569169716558e-08,2.2789825493418903e-07,5.587891534940591e-08,-4.76837158203125e-07,0.0,1.5894571940104166e-07,1.376510308240952e-07,,,,,,,,,,,,,,,,,,,,,,,,,,,,,,,,,,,,,,,,,,,,,,,,,,,,,,,,,,,,,,,,
diagnosis_controls,mixture,synthetic,diagnosis,known-law error random3:1-2-3 | circuit,,,,,,,,,,,,,,,,,,,,,,,,,,,,,,,3,"[11, 12, 13]",mixture,,,,,,,,,,,,,,,,,,,,,,,,,,,,,,,,,,,,,,,,,,,,,,,,,,,,,0.14906699194202844,0.05207630444035592,0.3767984492126704,0.03607869709767246,4.634161082469327,2.176893313904971,0.944794325834509,0.010500059651996031,0.14906699194202844,0.05207630444035592,0.3767984492126704,0.03607869709767246,4.634161082469327,2.176893313904971,0.944794325834509,0.010500059651996031,0.0,0.0,0.0,0.0,0.0,0.0,,,-0.1490670449901623,0.052076311565056065,0.3767984498087169,0.03607867630304649,,,,,,,,,,,,,,,,,,,,,,,,,,,,,,,,,,,,
diagnosis_controls,mixture,synthetic,diagnosis,joint | random3:1-2-3 | circuit,,,,,,,,,,,,,,,,,,,,,,,,,,,,,,,3,"[11, 12, 13]",mixture,,,,,,,,,,,,,,,,,,,,,,,,,,,,,,,,,,,,,,,,,,,,,,,,,,,,,,,,,,,,,,,,,,,,,,,,,,,,,,,,,0.05000000000000001,8.498374721940739e-18,200.0,0.0,8.023284435272217,0.6372876324524692,12.762884140014648,3.4180234028937595,0.05833333333333334,0.02254624876411447,0.07,0.019999999999999997,0.48465833333333336,0.007853714620059304,0.5003002006739312,0.005712429328980798,0.48465833333333336,0.007853714620059304,,,0.0,0.0,0.0,0.0,200.0,0.0,200.0,0.0,0.0,0.0,0.0,0.0,,,0.0,0.0
diagnosis_controls,mixture,synthetic,diagnosis,independent | random3:1-2-3 | circuit,,,,,,,,,,,,,,,,,,,,,,,,,,,,,,,3,"[11, 12, 13]",mixture,,,,,,,,,,,,,,,,,,,,,,,,,,,,,,,,,,,,,,,,,,,,,,,,,,,,,,,,,,,,,,,,,,,,,,,,,,,,,,,,,0.05000000000000001,8.498374721940739e-18,200.0,0.0,8.023284117380777,0.6372873921586564,12.762884457906088,3.418024578398807,0.05833333333333334,0.02254624876411447,0.07,0.019999999999999997,0.48465833333333336,0.007853714620059304,0.5003002006739312,0.005712429328980798,0.48465833333333336,0.007853714620059304,,,0.0,0.0,0.0,0.0,200.0,0.0,200.0,0.0,0.0,0.0,0.0,0.0,,,0.0,0.0
diagnosis_controls,mixture,synthetic,diagnosis,marginal_max | random3:1-2-3 | circuit,,,,,,,,,,,,,,,,,,,,,,,,,,,,,,,3,"[11, 12, 13]",mixture,,,,,,,,,,,,,,,,,,,,,,,,,,,,,,,,,,,,,,,,,,,,,,,,,,,,,,,,,,,,,,,,,,,,,,,,,,,,,,,,,0.05000000000000001,8.498374721940739e-18,200.0,0.0,8.023284117380777,0.6372873921586564,12.762884457906088,3.418024578398807,0.05833333333333334,0.02254624876411447,0.07,0.019999999999999997,0.48465833333333336,0.007853714620059304,0.5003002006739312,0.005712429328980798,0.48465833333333336,0.007853714620059304,,,0.0,0.0,0.0,0.0,200.0,0.0,200.0,0.0,0.0,0.0,0.0,0.0,,,0.0,0.0
diagnosis_controls,mixture,synthetic,diagnosis,conditional_max | random3:1-2-3 | circuit,,,,,,,,,,,,,,,,,,,,,,,,,,,,,,,3,"[11, 12, 13]",mixture,,,,,,,,,,,,,,,,,,,,,,,,,,,,,,,,,,,,,,,,,,,,,,,,,,,,,,,,,,,,,,,,,,,,,,,,,,,,,,,,,0.05000000000000001,8.498374721940739e-18,200.0,0.0,8.023284117380777,0.6372873921586564,12.762884457906088,3.418024578398807,0.05833333333333334,0.02254624876411447,0.07,0.019999999999999997,0.48465833333333336,0.007853714620059304,0.5003002006739312,0.005712429328980798,0.48465833333333336,0.007853714620059304,,,0.0,0.0,0.0,0.0,200.0,0.0,200.0,0.0,0.0,0.0,0.0,0.0,,,0.0,0.0
diagnosis_controls,mixture,synthetic,diagnosis,relational_max | random3:1-2-3 | circuit,,,,,,,,,,,,,,,,,,,,,,,,,,,,,,,3,"[11, 12, 13]",mixture,,,,,,,,,,,,,,,,,,,,,,,,,,,,,,,,,,,,,,,,,,,,,,,,,,,,,,,,,,,,,,,,,,,,,,,,,,,,,,,,,0.05000000000000001,8.498374721940739e-18,200.0,0.0,0.0,0.0,0.0,0.0,0.0,0.0,0.0,0.0,0.5,0.0,0.5,0.0,0.5,0.0,,,0.0,0.0,0.0,0.0,200.0,0.0,200.0,0.0,0.0,0.0,0.0,0.0,,,0.0,0.0
diagnosis_controls,mixture,synthetic,diagnosis,query random3:1-2-3 | known_law_oracle,,,,,,,,,,,,,,,,,,,,,,,,,,,,,,,3,"[11, 12, 13]",mixture,,,,,,,,,,,0.0,0.0,0.00045509666597354226,1.6380229830020174e-05,0.0004425416664162185,1.7845216123630076e-05,400.0,0.0,1.0,0.0,1.0,0.0,1.0,0.0,2.0,0.0,0.0,0.0,0.0,0.0,1.0,0.0,0.0,0.0,0.0,0.0,0.0,0.0,1600.0,0.0,0.0,0.0,0.0,0.0,0.0,0.0,0.0,0.0,0.0,0.0,0.0,0.0,,,,,,,,,,,,,,,,,,,,,,,,,,,,,,,,,,,,,,,,,,,,,,,,,,,,,,,,,,,,,,,,
diagnosis_controls,mixture,synthetic,diagnosis,known-law error random3:1-2-3 | known_law_oracle,,,,,,,,,,,,,,,,,,,,,,,,,,,,,,,3,"[11, 12, 13]",mixture,,,,,,,,,,,,,,,,,,,,,,,,,,,,,,,,,,,,,,,,,,,,,,,,,,,,,0.0,0.0,0.0,0.0,0.0,0.0,1.0,0.0,0.0,0.0,0.0,0.0,0.0,0.0,1.0,0.0,0.0,0.0,0.0,0.0,0.0,0.0,,,0.0,0.0,0.0,0.0,,,,,,,,,,,,,,,,,,,,,,,,,,,,,,,,,,,,
diagnosis_controls,mixture,synthetic,diagnosis,joint | random3:1-2-3 | known_law_oracle,,,,,,,,,,,,,,,,,,,,,,,,,,,,,,,3,"[11, 12, 13]",mixture,,,,,,,,,,,,,,,,,,,,,,,,,,,,,,,,,,,,,,,,,,,,,,,,,,,,,,,,,,,,,,,,,,,,,,,,,,,,,,,,,0.05000000000000001,8.498374721940739e-18,200.0,0.0,7.689895496961474,0.5021001950174577,10.071033718670991,2.3032659569915754,0.06333333333333334,0.020207259421636908,0.06,0.0304138126514911,0.48662500000000003,0.006084868527749771,0.4983624026561697,0.008169094318119742,0.48662500000000003,0.006084868527749771,,,0.0,0.0,0.0,0.0,200.0,0.0,200.0,0.0,0.0,0.0,0.0,0.0,,,0.0,0.0
diagnosis_controls,mixture,synthetic,diagnosis,independent | random3:1-2-3 | known_law_oracle,,,,,,,,,,,,,,,,,,,,,,,,,,,,,,,3,"[11, 12, 13]",mixture,,,,,,,,,,,,,,,,,,,,,,,,,,,,,,,,,,,,,,,,,,,,,,,,,,,,,,,,,,,,,,,,,,,,,,,,,,,,,,,,,0.05000000000000001,8.498374721940739e-18,200.0,0.0,7.689895496961474,0.5021001950174577,10.071033718670991,2.3032659569915754,0.06333333333333334,0.020207259421636908,0.06,0.0304138126514911,0.48662500000000003,0.006084868527749771,0.4983624026561697,0.008169094318119742,0.48662500000000003,0.006084868527749771,,,0.0,0.0,0.0,0.0,200.0,0.0,200.0,0.0,0.0,0.0,0.0,0.0,,,0.0,0.0
diagnosis_controls,mixture,synthetic,diagnosis,marginal_max | random3:1-2-3 | known_law_oracle,,,,,,,,,,,,,,,,,,,,,,,,,,,,,,,3,"[11, 12, 13]",mixture,,,,,,,,,,,,,,,,,,,,,,,,,,,,,,,,,,,,,,,,,,,,,,,,,,,,,,,,,,,,,,,,,,,,,,,,,,,,,,,,,0.05000000000000001,8.498374721940739e-18,200.0,0.0,7.689895496961474,0.5021001950174577,10.071033718670991,2.3032659569915754,0.06333333333333334,0.020207259421636908,0.06,0.0304138126514911,0.48662500000000003,0.006084868527749771,0.4983624026561697,0.008169094318119742,0.48662500000000003,0.006084868527749771,,,0.0,0.0,0.0,0.0,200.0,0.0,200.0,0.0,0.0,0.0,0.0,0.0,,,0.0,0.0
diagnosis_controls,mixture,synthetic,diagnosis,conditional_max | random3:1-2-3 | known_law_oracle,,,,,,,,,,,,,,,,,,,,,,,,,,,,,,,3,"[11, 12, 13]",mixture,,,,,,,,,,,,,,,,,,,,,,,,,,,,,,,,,,,,,,,,,,,,,,,,,,,,,,,,,,,,,,,,,,,,,,,,,,,,,,,,,0.05000000000000001,8.498374721940739e-18,200.0,0.0,7.689895496961474,0.5021001950174577,10.071033718670991,2.3032659569915754,0.06333333333333334,0.020207259421636908,0.06,0.0304138126514911,0.48662500000000003,0.006084868527749771,0.4983624026561697,0.008169094318119742,0.48662500000000003,0.006084868527749771,,,0.0,0.0,0.0,0.0,200.0,0.0,200.0,0.0,0.0,0.0,0.0,0.0,,,0.0,0.0
diagnosis_controls,mixture,synthetic,diagnosis,relational_max | random3:1-2-3 | known_law_oracle,,,,,,,,,,,,,,,,,,,,,,,,,,,,,,,3,"[11, 12, 13]",mixture,,,,,,,,,,,,,,,,,,,,,,,,,,,,,,,,,,,,,,,,,,,,,,,,,,,,,,,,,,,,,,,,,,,,,,,,,,,,,,,,,0.05000000000000001,8.498374721940739e-18,200.0,0.0,0.0,0.0,0.0,0.0,0.0,0.0,0.0,0.0,0.5,0.0,0.5,0.0,0.5,0.0,,,0.0,0.0,0.0,0.0,200.0,0.0,200.0,0.0,0.0,0.0,0.0,0.0,,,0.0,0.0
diagnosis_controls,mixture,synthetic,diagnosis,query bank0:0-1 | circuit,,,,,,,,,,,,,,,,,,,,,,,,,,,,,,,3,"[11, 12, 13]",mixture,,,,,,,,,,,1.5099843343098958e-06,1.376510308240952e-07,0.006065569000687295,0.000169442169496829,0.0040356390018132515,0.00015339471901894237,400.0,0.0,2.0,0.0,2.0,0.0,2.0,0.0,3.0,0.0,434.0,0.0,32.0,0.0,1.0,0.0,0.0059893333333333335,0.000166025098504212,173600.0,0.0,25600.0,0.0,1600.0,0.0,51200.0,0.0,-0.0025679263247487447,0.0021663279615805136,0.02778530524422725,0.01680660755733614,0.03699405367175738,0.021920839150660648,-0.0657180951287349,0.03614995616291576,0.04979240863273541,0.03432147468005739,,,,,,,,,,,,,,,,,,,,,,,,,,,,,,,,,,,,,,,,,,,,,,,,,,,,,,,,,,,,,,,,
diagnosis_controls,mixture,synthetic,diagnosis,known-law error bank0:0-1 | circuit,,,,,,,,,,,,,,,,,,,,,,,,,,,,,,,3,"[11, 12, 13]",mixture,,,,,,,,,,,,,,,,,,,,,,,,,,,,,,,,,,,,,,,,,,,,,,,,,,,,,0.10834615922654382,0.02351545180885927,0.3424483429404012,0.029735045941232652,3.426942653128883,0.7765402590683663,0.9423218575235581,0.013064861143590992,0.10577827231769477,0.02473640095498223,0.3414190964067961,0.030153346900060492,3.4265107976092692,0.7873571021304692,0.9426390784609534,0.012814831952265389,0.00256788810094194,0.0021663319502892844,0.02778529405593869,0.016806619639133893,0.12067095438639323,0.06824275167309865,0.02261011610275217,0.08162904270601395,-0.2141244549887322,0.04821862853456803,0.5167498406429872,0.040192184235447764,,,,,,,,,,,,,,,,,,,,,,,,,,,,,,,,,,,,
diagnosis_controls,mixture,synthetic,diagnosis,joint | bank0:0-1 | circuit,,,,,,,,,,,,,,,,,,,,,,,,,,,,,,,3,"[11, 12, 13]",mixture,,,,,,,,,,,,,,,,,,,,,,,,,,,,,,,,,,,,,,,,,,,,,,,,,,,,,,,,,,,,,,,,,,,,,,,,,,,,,,,,,0.05000000000000001,8.498374721940739e-18,200.0,0.0,14.488092740376791,0.4738086353722269,11.333256085713705,1.411796645394769,0.035,0.009999999999999998,0.035,0.009999999999999998,0.5,0.0,0.5,0.0,0.5,0.0,,,0.0,0.0,200.0,0.0,0.0,0.0,0.0,0.0,0.0,0.0,0.0,0.0,,,0.0,0.0
diagnosis_controls,mixture,synthetic,diagnosis,independent | bank0:0-1 | circuit,,,,,,,,,,,,,,,,,,,,,,,,,,,,,,,3,"[11, 12, 13]",mixture,,,,,,,,,,,,,,,,,,,,,,,,,,,,,,,,,,,,,,,,,,,,,,,,,,,,,,,,,,,,,,,,,,,,,,,,,,,,,,,,,0.05000000000000001,8.498374721940739e-18,200.0,0.0,14.491654396057129,0.4560008534640129,11.339570681254068,1.4843174494406763,0.035,0.009999999999999998,0.035,0.009999999999999998,0.5,0.0,0.5,0.0,0.5,0.0,,,0.0,0.0,200.0,0.0,0.0,0.0,0.0,0.0,0.0,0.0,0.0,0.0,,,0.0,0.0
diagnosis_controls,mixture,synthetic,diagnosis,marginal_max | bank0:0-1 | circuit,,,,,,,,,,,,,,,,,,,,,,,,,,,,,,,3,"[11, 12, 13]",mixture,,,,,,,,,,,,,,,,,,,,,,,,,,,,,,,,,,,,,,,,,,,,,,,,,,,,,,,,,,,,,,,,,,,,,,,,,,,,,,,,,0.05000000000000001,8.498374721940739e-18,200.0,0.0,9.17182699839274,0.6397607839265383,8.916089057922363,0.34987117776054,0.043333333333333335,0.012583057392117916,0.043333333333333335,0.012583057392117916,0.5,0.0,0.5,0.0,0.5,0.0,,,0.0,0.0,200.0,0.0,0.0,0.0,0.0,0.0,0.0,0.0,0.0,0.0,,,0.0,0.0
diagnosis_controls,mixture,synthetic,diagnosis,conditional_max | bank0:0-1 | circuit,,,,,,,,,,,,,,,,,,,,,,,,,,,,,,,3,"[11, 12, 13]",mixture,,,,,,,,,,,,,,,,,,,,,,,,,,,,,,,,,,,,,,,,,,,,,,,,,,,,,,,,,,,,,,,,,,,,,,,,,,,,,,,,,0.05000000000000001,8.498374721940739e-18,200.0,0.0,9.165777842203775,0.6103588325852302,8.927571614583334,0.3765359460463321,0.045000000000000005,0.015,0.045000000000000005,0.015,0.5,0.0,0.5,0.0,0.5,0.0,,,0.0,0.0,200.0,0.0,0.0,0.0,0.0,0.0,0.0,0.0,0.0,0.0,,,0.0,0.0
diagnosis_controls,mixture,synthetic,diagnosis,relational_max | bank0:0-1 | circuit,,,,,,,,,,,,,,,,,,,,,,,,,,,,,,,3,"[11, 12, 13]",mixture,,,,,,,,,,,,,,,,,,,,,,,,,,,,,,,,,,,,,,,,,,,,,,,,,,,,,,,,,,,,,,,,,,,,,,,,,,,,,,,,,0.05000000000000001,8.498374721940739e-18,200.0,0.0,0.06018479665120443,0.027404147125792876,0.22261842091878256,0.15080051371365327,0.06166666666666667,0.020207259421636904,0.06166666666666667,0.020207259421636904,0.5,0.0,0.5,0.0,0.5,0.0,,,0.0,0.0,200.0,0.0,0.0,0.0,0.0,0.0,0.0,0.0,0.0,0.0,,,0.0,0.0
diagnosis_controls,mixture,synthetic,diagnosis,query bank0:0-1 | known_law_oracle,,,,,,,,,,,,,,,,,,,,,,,,,,,,,,,3,"[11, 12, 13]",mixture,,,,,,,,,,,0.0,0.0,0.0009427916678153755,2.9117942113959944e-05,0.000893444666871801,3.2390825075050124e-05,400.0,0.0,2.0,0.0,2.0,0.0,2.0,0.0,3.0,0.0,0.0,0.0,0.0,0.0,1.0,0.0,0.0,0.0,0.0,0.0,0.0,0.0,1600.0,0.0,0.0,0.0,-2.516505522483688e-17,5.185268477743734e-17,7.593925488436071e-16,1.9357399876532522e-17,1.1686291224800061e-15,2.882440024992711e-17,-1.7763568394002505e-15,0.0,1.7763568394002505e-15,0.0,,,,,,,,,,,,,,,,,,,,,,,,,,,,,,,,,,,,,,,,,,,,,,,,,,,,,,,,,,,,,,,,
diagnosis_controls,mixture,synthetic,diagnosis,known-law error bank0:0-1 | known_law_oracle,,,,,,,,,,,,,,,,,,,,,,,,,,,,,,,3,"[11, 12, 13]",mixture,,,,,,,,,,,,,,,,,,,,,,,,,,,,,,,,,,,,,,,,,,,,,,,,,,,,,0.0,0.0,0.0,0.0,0.0,0.0,1.0,7.850462293418876e-17,0.0,0.0,0.0,0.0,0.0,0.0,1.0,7.850462293418876e-17,0.0,0.0,0.0,0.0,0.0,0.0,1.0,0.0,0.0,0.0,0.0,0.0,,,,,,,,,,,,,,,,,,,,,,,,,,,,,,,,,,,,
diagnosis_controls,mixture,synthetic,diagnosis,joint | bank0:0-1 | known_law_oracle,,,,,,,,,,,,,,,,,,,,,,,,,,,,,,,3,"[11, 12, 13]",mixture,,,,,,,,,,,,,,,,,,,,,,,,,,,,,,,,,,,,,,,,,,,,,,,,,,,,,,,,,,,,,,,,,,,,,,,,,,,,,,,,,0.05000000000000001,8.498374721940739e-18,200.0,0.0,13.511334918852015,0.4350604957554901,9.840153456901513,0.9350856217930461,0.06666666666666667,0.03547299442298794,0.06666666666666667,0.03547299442298794,0.5,0.0,0.5,0.0,0.5,0.0,,,0.0,0.0,200.0,0.0,0.0,0.0,0.0,0.0,0.0,0.0,0.0,0.0,,,0.0,0.0
diagnosis_controls,mixture,synthetic,diagnosis,independent | bank0:0-1 | known_law_oracle,,,,,,,,,,,,,,,,,,,,,,,,,,,,,,,3,"[11, 12, 13]",mixture,,,,,,,,,,,,,,,,,,,,,,,,,,,,,,,,,,,,,,,,,,,,,,,,,,,,,,,,,,,,,,,,,,,,,,,,,,,,,,,,,0.05000000000000001,8.498374721940739e-18,200.0,0.0,13.511334918852015,0.43506049575549066,9.840153456901513,0.935085621793047,0.06666666666666667,0.03547299442298794,0.06666666666666667,0.03547299442298794,0.5,0.0,0.5,0.0,0.5,0.0,,,0.0,0.0,200.0,0.0,0.0,0.0,0.0,0.0,0.0,0.0,0.0,0.0,,,0.0,0.0
diagnosis_controls,mixture,synthetic,diagnosis,marginal_max | bank0:0-1 | known_law_oracle,,,,,,,,,,,,,,,,,,,,,,,,,,,,,,,3,"[11, 12, 13]",mixture,,,,,,,,,,,,,,,,,,,,,,,,,,,,,,,,,,,,,,,,,,,,,,,,,,,,,,,,,,,,,,,,,,,,,,,,,,,,,,,,,0.05000000000000001,8.498374721940739e-18,200.0,0.0,8.529904649174943,0.3433197510267786,7.840172232970702,0.9427948684257139,0.05333333333333334,0.01527525231651947,0.05333333333333334,0.01527525231651947,0.5,0.0,0.5,0.0,0.5,0.0,,,0.0,0.0,200.0,0.0,0.0,0.0,0.0,0.0,0.0,0.0,0.0,0.0,,,0.0,0.0
diagnosis_controls,mixture,synthetic,diagnosis,conditional_max | bank0:0-1 | known_law_oracle,,,,,,,,,,,,,,,,,,,,,,,,,,,,,,,3,"[11, 12, 13]",mixture,,,,,,,,,,,,,,,,,,,,,,,,,,,,,,,,,,,,,,,,,,,,,,,,,,,,,,,,,,,,,,,,,,,,,,,,,,,,,,,,,0.05000000000000001,8.498374721940739e-18,200.0,0.0,8.529904649174945,0.34331975102677903,7.8401722329707,0.9427948684257161,0.05333333333333334,0.01527525231651947,0.05333333333333334,0.01527525231651947,0.5,0.0,0.5,0.0,0.5,0.0,,,0.0,0.0,200.0,0.0,0.0,0.0,0.0,0.0,0.0,0.0,0.0,0.0,,,0.0,0.0
diagnosis_controls,mixture,synthetic,diagnosis,relational_max | bank0:0-1 | known_law_oracle,,,,,,,,,,,,,,,,,,,,,,,,,,,,,,,3,"[11, 12, 13]",mixture,,,,,,,,,,,,,,,,,,,,,,,,,,,,,,,,,,,,,,,,,,,,,,,,,,,,,,,,,,,,,,,,,,,,,,,,,,,,,,,,,0.05000000000000001,8.498374721940739e-18,200.0,0.0,1.1842378929335002e-15,5.127900497022837e-16,5.625129991434126e-15,1.3567149463006936e-15,0.055,0.04092676385936225,0.055,0.04092676385936225,0.5,0.0,0.5,3.925231146709438e-17,0.5,0.0,,,0.0,0.0,200.0,0.0,0.0,0.0,0.0,0.0,0.0,0.0,0.0,0.0,,,0.0,0.0
diagnosis_controls,mixture,synthetic,diagnosis,query single_sensor_0 | circuit,,,,,,,,,,,,,,,,,,,,,,,,,,,,,,,3,"[11, 12, 13]",mixture,,,,,,,,,,,8.742014567057291e-07,1.376510308240952e-07,0.006094222334165049,4.548790647329211e-05,0.004046972332920025,9.955758814725422e-05,400.0,0.0,1.0,0.0,1.0,0.0,1.0,0.0,3.0,0.0,434.0,0.0,32.0,0.0,1.0,0.0,0.0060146666666666656,4.964205206609913e-05,173600.0,0.0,25600.0,0.0,1600.0,0.0,51200.0,0.0,-5.086263025570285e-08,1.8861207422254304e-08,1.0093053267231274e-07,2.92569169716558e-08,2.2789825493418903e-07,5.587891534940591e-08,-4.76837158203125e-07,0.0,1.5894571940104166e-07,1.376510308240952e-07,,,,,,,,,,,,,,,,,,,,,,,,,,,,,,,,,,,,,,,,,,,,,,,,,,,,,,,,,,,,,,,,
diagnosis_controls,mixture,synthetic,diagnosis,known-law error single_sensor_0 | circuit,,,,,,,,,,,,,,,,,,,,,,,,,,,,,,,3,"[11, 12, 13]",mixture,,,,,,,,,,,,,,,,,,,,,,,,,,,,,,,,,,,,,,,,,,,,,,,,,,,,,0.14906699194202844,0.05207630444035592,0.3767984492126704,0.03607869709767246,4.634161082469327,2.176893313904971,0.944794325834509,0.010500059651996031,0.14906699194202844,0.05207630444035592,0.3767984492126704,0.03607869709767246,4.634161082469327,2.176893313904971,0.944794325834509,0.010500059651996031,0.0,0.0,0.0,0.0,0.0,0.0,,,-0.1490670449901623,0.052076311565056065,0.3767984498087169,0.03607867630304649,,,,,,,,,,,,,,,,,,,,,,,,,,,,,,,,,,,,
diagnosis_controls,mixture,synthetic,diagnosis,joint | single_sensor_0 | circuit,,,,,,,,,,,,,,,,,,,,,,,,,,,,,,,3,"[11, 12, 13]",mixture,,,,,,,,,,,,,,,,,,,,,,,,,,,,,,,,,,,,,,,,,,,,,,,,,,,,,,,,,,,,,,,,,,,,,,,,,,,,,,,,,0.05000000000000001,8.498374721940739e-18,200.0,0.0,8.023284435272217,0.6372876324524692,12.762884140014648,3.4180234028937595,0.05833333333333334,0.02254624876411447,0.07,0.019999999999999997,0.48465833333333336,0.007853714620059304,0.5003002006739312,0.005712429328980798,0.48465833333333336,0.007853714620059304,,,0.0,0.0,0.0,0.0,200.0,0.0,200.0,0.0,0.0,0.0,0.0,0.0,,,0.0,0.0
diagnosis_controls,mixture,synthetic,diagnosis,independent | single_sensor_0 | circuit,,,,,,,,,,,,,,,,,,,,,,,,,,,,,,,3,"[11, 12, 13]",mixture,,,,,,,,,,,,,,,,,,,,,,,,,,,,,,,,,,,,,,,,,,,,,,,,,,,,,,,,,,,,,,,,,,,,,,,,,,,,,,,,,0.05000000000000001,8.498374721940739e-18,200.0,0.0,8.023284117380777,0.6372873921586564,12.762884457906088,3.418024578398807,0.05833333333333334,0.02254624876411447,0.07,0.019999999999999997,0.48465833333333336,0.007853714620059304,0.5003002006739312,0.005712429328980798,0.48465833333333336,0.007853714620059304,,,0.0,0.0,0.0,0.0,200.0,0.0,200.0,0.0,0.0,0.0,0.0,0.0,,,0.0,0.0
diagnosis_controls,mixture,synthetic,diagnosis,marginal_max | single_sensor_0 | circuit,,,,,,,,,,,,,,,,,,,,,,,,,,,,,,,3,"[11, 12, 13]",mixture,,,,,,,,,,,,,,,,,,,,,,,,,,,,,,,,,,,,,,,,,,,,,,,,,,,,,,,,,,,,,,,,,,,,,,,,,,,,,,,,,0.05000000000000001,8.498374721940739e-18,200.0,0.0,8.023284117380777,0.6372873921586564,12.762884457906088,3.418024578398807,0.05833333333333334,0.02254624876411447,0.07,0.019999999999999997,0.48465833333333336,0.007853714620059304,0.5003002006739312,0.005712429328980798,0.48465833333333336,0.007853714620059304,,,0.0,0.0,0.0,0.0,200.0,0.0,200.0,0.0,0.0,0.0,0.0,0.0,,,0.0,0.0
diagnosis_controls,mixture,synthetic,diagnosis,conditional_max | single_sensor_0 | circuit,,,,,,,,,,,,,,,,,,,,,,,,,,,,,,,3,"[11, 12, 13]",mixture,,,,,,,,,,,,,,,,,,,,,,,,,,,,,,,,,,,,,,,,,,,,,,,,,,,,,,,,,,,,,,,,,,,,,,,,,,,,,,,,,0.05000000000000001,8.498374721940739e-18,200.0,0.0,8.023284117380777,0.6372873921586564,12.762884457906088,3.418024578398807,0.05833333333333334,0.02254624876411447,0.07,0.019999999999999997,0.48465833333333336,0.007853714620059304,0.5003002006739312,0.005712429328980798,0.48465833333333336,0.007853714620059304,,,0.0,0.0,0.0,0.0,200.0,0.0,200.0,0.0,0.0,0.0,0.0,0.0,,,0.0,0.0
diagnosis_controls,mixture,synthetic,diagnosis,relational_max | single_sensor_0 | circuit,,,,,,,,,,,,,,,,,,,,,,,,,,,,,,,3,"[11, 12, 13]",mixture,,,,,,,,,,,,,,,,,,,,,,,,,,,,,,,,,,,,,,,,,,,,,,,,,,,,,,,,,,,,,,,,,,,,,,,,,,,,,,,,,0.05000000000000001,8.498374721940739e-18,200.0,0.0,0.0,0.0,0.0,0.0,0.0,0.0,0.0,0.0,0.5,0.0,0.5,0.0,0.5,0.0,,,0.0,0.0,0.0,0.0,200.0,0.0,200.0,0.0,0.0,0.0,0.0,0.0,,,0.0,0.0
diagnosis_controls,mixture,synthetic,diagnosis,query single_sensor_0 | known_law_oracle,,,,,,,,,,,,,,,,,,,,,,,,,,,,,,,3,"[11, 12, 13]",mixture,,,,,,,,,,,0.0,0.0,0.0004387636666554802,4.18700820880371e-06,0.0004406946657885176,6.078973179518011e-06,400.0,0.0,1.0,0.0,1.0,0.0,1.0,0.0,2.0,0.0,0.0,0.0,0.0,0.0,1.0,0.0,0.0,0.0,0.0,0.0,0.0,0.0,1600.0,0.0,0.0,0.0,0.0,0.0,0.0,0.0,0.0,0.0,0.0,0.0,0.0,0.0,,,,,,,,,,,,,,,,,,,,,,,,,,,,,,,,,,,,,,,,,,,,,,,,,,,,,,,,,,,,,,,,
diagnosis_controls,mixture,synthetic,diagnosis,known-law error single_sensor_0 | known_law_oracle,,,,,,,,,,,,,,,,,,,,,,,,,,,,,,,3,"[11, 12, 13]",mixture,,,,,,,,,,,,,,,,,,,,,,,,,,,,,,,,,,,,,,,,,,,,,,,,,,,,,0.0,0.0,0.0,0.0,0.0,0.0,1.0,0.0,0.0,0.0,0.0,0.0,0.0,0.0,1.0,0.0,0.0,0.0,0.0,0.0,0.0,0.0,,,0.0,0.0,0.0,0.0,,,,,,,,,,,,,,,,,,,,,,,,,,,,,,,,,,,,
diagnosis_controls,mixture,synthetic,diagnosis,joint | single_sensor_0 | known_law_oracle,,,,,,,,,,,,,,,,,,,,,,,,,,,,,,,3,"[11, 12, 13]",mixture,,,,,,,,,,,,,,,,,,,,,,,,,,,,,,,,,,,,,,,,,,,,,,,,,,,,,,,,,,,,,,,,,,,,,,,,,,,,,,,,,0.05000000000000001,8.498374721940739e-18,200.0,0.0,7.689895496961474,0.5021001950174577,10.071033718670991,2.3032659569915754,0.06333333333333334,0.020207259421636908,0.06,0.0304138126514911,0.48662500000000003,0.006084868527749771,0.4983624026561697,0.008169094318119742,0.48662500000000003,0.006084868527749771,,,0.0,0.0,0.0,0.0,200.0,0.0,200.0,0.0,0.0,0.0,0.0,0.0,,,0.0,0.0
diagnosis_controls,mixture,synthetic,diagnosis,independent | single_sensor_0 | known_law_oracle,,,,,,,,,,,,,,,,,,,,,,,,,,,,,,,3,"[11, 12, 13]",mixture,,,,,,,,,,,,,,,,,,,,,,,,,,,,,,,,,,,,,,,,,,,,,,,,,,,,,,,,,,,,,,,,,,,,,,,,,,,,,,,,,0.05000000000000001,8.498374721940739e-18,200.0,0.0,7.689895496961474,0.5021001950174577,10.071033718670991,2.3032659569915754,0.06333333333333334,0.020207259421636908,0.06,0.0304138126514911,0.48662500000000003,0.006084868527749771,0.4983624026561697,0.008169094318119742,0.48662500000000003,0.006084868527749771,,,0.0,0.0,0.0,0.0,200.0,0.0,200.0,0.0,0.0,0.0,0.0,0.0,,,0.0,0.0
diagnosis_controls,mixture,synthetic,diagnosis,marginal_max | single_sensor_0 | known_law_oracle,,,,,,,,,,,,,,,,,,,,,,,,,,,,,,,3,"[11, 12, 13]",mixture,,,,,,,,,,,,,,,,,,,,,,,,,,,,,,,,,,,,,,,,,,,,,,,,,,,,,,,,,,,,,,,,,,,,,,,,,,,,,,,,,0.05000000000000001,8.498374721940739e-18,200.0,0.0,7.689895496961474,0.5021001950174577,10.071033718670991,2.3032659569915754,0.06333333333333334,0.020207259421636908,0.06,0.0304138126514911,0.48662500000000003,0.006084868527749771,0.4983624026561697,0.008169094318119742,0.48662500000000003,0.006084868527749771,,,0.0,0.0,0.0,0.0,200.0,0.0,200.0,0.0,0.0,0.0,0.0,0.0,,,0.0,0.0
diagnosis_controls,mixture,synthetic,diagnosis,conditional_max | single_sensor_0 | known_law_oracle,,,,,,,,,,,,,,,,,,,,,,,,,,,,,,,3,"[11, 12, 13]",mixture,,,,,,,,,,,,,,,,,,,,,,,,,,,,,,,,,,,,,,,,,,,,,,,,,,,,,,,,,,,,,,,,,,,,,,,,,,,,,,,,,0.05000000000000001,8.498374721940739e-18,200.0,0.0,7.689895496961474,0.5021001950174577,10.071033718670991,2.3032659569915754,0.06333333333333334,0.020207259421636908,0.06,0.0304138126514911,0.48662500000000003,0.006084868527749771,0.4983624026561697,0.008169094318119742,0.48662500000000003,0.006084868527749771,,,0.0,0.0,0.0,0.0,200.0,0.0,200.0,0.0,0.0,0.0,0.0,0.0,,,0.0,0.0
diagnosis_controls,mixture,synthetic,diagnosis,relational_max | single_sensor_0 | known_law_oracle,,,,,,,,,,,,,,,,,,,,,,,,,,,,,,,3,"[11, 12, 13]",mixture,,,,,,,,,,,,,,,,,,,,,,,,,,,,,,,,,,,,,,,,,,,,,,,,,,,,,,,,,,,,,,,,,,,,,,,,,,,,,,,,,0.05000000000000001,8.498374721940739e-18,200.0,0.0,0.0,0.0,0.0,0.0,0.0,0.0,0.0,0.0,0.5,0.0,0.5,0.0,0.5,0.0,,,0.0,0.0,0.0,0.0,200.0,0.0,200.0,0.0,0.0,0.0,0.0,0.0,,,0.0,0.0
diagnosis_controls,random,synthetic,diagnosis,model,-2.9802322387695312e-08,2.6635825634002686e-07,64.0,0.0,57.0,0.0,240.0,0.0,361.0,0.0,1488.0,0.0,786.6666666666666,177.86886555362446,98.33333333333333,22.233608194203057,72.33333333333333,22.233608194203057,21.968098958333332,0.5903026061042678,2.172699769337972,0.4208120067615709,21.877336025238037,0.37360739646585706,0.02,0.0,150.0,0.0,128.0,0.0,3,"[11, 12, 13]",random,,,,,,,,,,,,,,,,,,,,,,,,,,,,,,,,,,,,,,,,,,,,,,,,,,,,,,,,,,,,,,,,,,,,,,,,,,,,,,,,,,,,,,,,,,,,,,,,,,,,,,,,,,,,,,,,,,,,
diagnosis_controls,random,synthetic,diagnosis,shortcut audit,,,,,,,,,,,,,,,,,,,,,,,,,,,,,,,3,"[11, 12, 13]",random,0.48155,0.02226208941227215,0.0,0.0,400.0,0.0,400.0,0.0,10.0,0.0,,,,,,,,,,,,,,,,,,,,,,,,,,,,,,,,,,,,,,,,,,,,,,,,,,,,,,,,,,,,,,,,,,,,,,,,,,,,,,,,,,,,,,,,,,,,,,,,,,,,,,,,,,
diagnosis_controls,random,synthetic,diagnosis,query full | circuit,,,,,,,,,,,,,,,,,,,,,,,,,,,,,,,3,"[11, 12, 13]",random,,,,,,,,,,,0.0,0.0,0.019635625000470707,0.000635122139998727,0.0034840693333535455,8.079017187990108e-05,400.0,0.0,4.0,0.0,4.0,0.0,4.0,0.0,9.0,0.0,3249.0,0.0,0.0,0.0,1.0,0.0,0.0,0.0,1299600.0,0.0,0.0,0.0,1600.0,0.0,0.0,0.0,-0.029960734769701958,0.00790907871155788,0.17787746588389078,0.016269261232953487,0.23491684099038443,0.02551889680710535,-0.406982680161794,0.03352170655886744,0.32783310612042743,0.03911663126018467,,,,,,,,,,,,,,,,,,,,,,,,,,,,,,,,,,,,,,,,,,,,,,,,,,,,,,,,,,,,,,,,
diagnosis_controls,random,synthetic,diagnosis,known-law error full | circuit,,,,,,,,,,,,,,,,,,,,,,,,,,,,,,,3,"[11, 12, 13]",random,,,,,,,,,,,,,,,,,,,,,,,,,,,,,,,,,,,,,,,,,,,,,,,,,,,,,0.5251186256858649,0.1050340990605136,0.8211144033033215,0.08922729779098998,7.253279604339649,1.8634630141714952,0.8144601135071272,0.022409163242304547,0.5172783045225277,0.10025403377352342,0.8102469600228607,0.08790710399664926,7.059047657411361,2.1174969718093375,0.818364567185029,0.023872923573232115,0.007840321163337079,0.004783380932490796,0.1082325878739357,0.003933412661223171,1.0233343442281095,0.2761186822142755,-0.011879055041255629,0.034479763380916004,-2.085173603396787,0.4100909415950236,2.3592580626235953,0.2996558680175751,,,,,,,,,,,,,,,,,,,,,,,,,,,,,,,,,,,,
diagnosis_controls,random,synthetic,diagnosis,joint | full | circuit,,,,,,,,,,,,,,,,,,,,,,,,,,,,,,,3,"[11, 12, 13]",random,,,,,,,,,,,,,,,,,,,,,,,,,,,,,,,,,,,,,,,,,,,,,,,,,,,,,,,,,,,,,,,,,,,,,,,,,,,,,,,,,0.05000000000000001,8.498374721940739e-18,200.0,0.0,28.1501407623291,1.0359737747704578,18.57801564534505,0.43365619359088586,0.07333333333333335,0.036170890690351176,0.06999999999999999,0.017320508075688773,0.49515833333333337,0.003014997236040747,0.5025359599137015,0.0049218716471956065,0.49515833333333337,0.003014997236040747,0.5243055555555556,0.028820364777808166,200.0,0.0,0.0,0.0,0.0,0.0,0.0,0.0,200.0,0.0,186.0,3.4641016151377544,0.255,0.025980762113533167,0.021666666666666667,0.007637626158259733
diagnosis_controls,random,synthetic,diagnosis,independent | full | circuit,,,,,,,,,,,,,,,,,,,,,,,,,,,,,,,3,"[11, 12, 13]",random,,,,,,,,,,,,,,,,,,,,,,,,,,,,,,,,,,,,,,,,,,,,,,,,,,,,,,,,,,,,,,,,,,,,,,,,,,,,,,,,,0.05000000000000001,8.498374721940739e-18,200.0,0.0,28.038421630859375,0.9400069929825405,19.03676923116048,0.36165678946115914,0.06833333333333334,0.014433756729740649,0.07166666666666667,0.007637626158259732,0.49757500000000005,0.004607534590212018,0.5051015634418382,0.004177682683876443,0.49757500000000005,0.004607534590212018,0.5236111111111111,0.02727284125958225,200.0,0.0,0.0,0.0,0.0,0.0,0.3333333333333333,0.5773502691896258,199.66666666666666,0.5773502691896258,185.33333333333334,2.081665999466133,0.2521189279731993,0.027996809212136837,0.021666666666666667,0.007637626158259733
diagnosis_controls,random,synthetic,diagnosis,marginal_max | full | circuit,,,,,,,,,,,,,,,,,,,,,,,,,,,,,,,3,"[11, 12, 13]",random,,,,,,,,,,,,,,,,,,,,,,,,,,,,,,,,,,,,,,,,,,,,,,,,,,,,,,,,,,,,,,,,,,,,,,,,,,,,,,,,,0.05000000000000001,8.498374721940739e-18,200.0,0.0,11.17847760518392,0.80161587175692,13.350874900817871,3.7177098909631954,0.06333333333333334,0.010408329997330662,0.06833333333333333,0.01892969448600091,0.5027166666666667,0.01288876893203281,0.5046719972037451,0.015353375916868937,0.5027166666666667,0.01288876893203281,0.5236111111111111,0.02727284125958225,200.0,0.0,0.0,0.0,0.0,0.0,0.3333333333333333,0.5773502691896258,199.66666666666666,0.5773502691896258,186.0,3.4641016151377544,0.2521189279731993,0.027996809212136837,0.018333333333333333,0.0028867513459481294
diagnosis_controls,random,synthetic,diagnosis,conditional_max | full | circuit,,,,,,,,,,,,,,,,,,,,,,,,,,,,,,,3,"[11, 12, 13]",random,,,,,,,,,,,,,,,,,,,,,,,,,,,,,,,,,,,,,,,,,,,,,,,,,,,,,,,,,,,,,,,,,,,,,,,,,,,,,,,,,0.05000000000000001,8.498374721940739e-18,200.0,0.0,11.143910725911459,0.7842512656963865,13.452085177103678,3.523498250165411,0.06833333333333334,0.007637626158259734,0.07,0.019999999999999997,0.5000791666666667,0.010823183546597245,0.5070385045171716,0.015971840319262676,0.5000791666666667,0.010823183546597245,0.5243055555555556,0.028820364777808166,200.0,0.0,0.0,0.0,0.0,0.0,0.0,0.0,200.0,0.0,186.0,4.0,0.255,0.025980762113533167,0.018333333333333333,0.007637626158259734
diagnosis_controls,random,synthetic,diagnosis,relational_max | full | circuit,,,,,,,,,,,,,,,,,,,,,,,,,,,,,,,3,"[11, 12, 13]",random,,,,,,,,,,,,,,,,,,,,,,,,,,,,,,,,,,,,,,,,,,,,,,,,,,,,,,,,,,,,,,,,,,,,,,,,,,,,,,,,,0.05000000000000001,8.498374721940739e-18,200.0,0.0,0.42787981033325195,0.07224974110845504,1.0734022458394368,0.21185751886949164,0.051666666666666666,0.020816659994661323,0.04,0.017320508075688773,0.48386250000000003,0.01278679128045812,0.4840971863573322,0.00556004966090209,0.48386250000000003,0.01278679128045812,0.5113888888888889,0.034167513539639996,200.0,0.0,0.0,0.0,0.0,0.0,0.3333333333333333,0.5773502691896258,199.66666666666666,0.5773502691896258,191.66666666666666,3.2145502536643185,0.23372696817420435,0.04255310038882633,0.016666666666666666,0.005773502691896258
diagnosis_controls,random,synthetic,diagnosis,query full | known_law_oracle,,,,,,,,,,,,,,,,,,,,,,,,,,,,,,,3,"[11, 12, 13]",random,,,,,,,,,,,0.0,0.0,0.0018758890000754036,9.762368969732728e-05,0.0017625419992934137,0.0004020538293010407,400.0,0.0,4.0,0.0,4.0,0.0,4.0,0.0,5.0,0.0,0.0,0.0,0.0,0.0,1.0,0.0,0.0,0.0,0.0,0.0,0.0,0.0,1600.0,0.0,0.0,0.0,-7.105427357601002e-17,1.0805156823142816e-16,1.3559523874088578e-15,1.4897411453073922e-16,2.1872322410349084e-15,1.2232396861929305e-16,-3.552713678800501e-15,0.0,3.552713678800501e-15,0.0,,,,,,,,,,,,,,,,,,,,,,,,,,,,,,,,,,,,,,,,,,,,,,,,,,,,,,,,,,,,,,,,
diagnosis_controls,random,synthetic,diagnosis,known-law error full | known_law_oracle,,,,,,,,,,,,,,,,,,,,,,,,,,,,,,,3,"[11, 12, 13]",random,,,,,,,,,,,,,,,,,,,,,,,,,,,,,,,,,,,,,,,,,,,,,,,,,,,,,0.0,0.0,0.0,0.0,0.0,0.0,1.0,7.850462293418876e-17,0.0,0.0,0.0,0.0,0.0,0.0,1.0,7.850462293418876e-17,0.0,0.0,0.0,0.0,0.0,0.0,1.0,1.5700924586837752e-16,0.0,0.0,0.0,0.0,,,,,,,,,,,,,,,,,,,,,,,,,,,,,,,,,,,,
diagnosis_controls,random,synthetic,diagnosis,joint | full | known_law_oracle,,,,,,,,,,,,,,,,,,,,,,,,,,,,,,,3,"[11, 12, 13]",random,,,,,,,,,,,,,,,,,,,,,,,,,,,,,,,,,,,,,,,,,,,,,,,,,,,,,,,,,,,,,,,,,,,,,,,,,,,,,,,,,0.05000000000000001,8.498374721940739e-18,200.0,0.0,25.123579209597313,0.8029984373828893,17.044397970706715,2.1083751073729076,0.06166666666666667,0.03752776749732568,0.06666666666666667,0.03214550253664318,0.495175,0.009931232300173022,0.5004042151936351,0.002741286964361124,0.495175,0.009931232300173022,0.5191666666666667,0.02036131953811768,200.0,0.0,0.0,0.0,0.0,0.0,0.0,0.0,200.0,0.0,186.66666666666666,6.429100507328636,0.24666666666666667,0.022546248764114478,0.02,0.005000000000000001
diagnosis_controls,random,synthetic,diagnosis,independent | full | known_law_oracle,,,,,,,,,,,,,,,,,,,,,,,,,,,,,,,3,"[11, 12, 13]",random,,,,,,,,,,,,,,,,,,,,,,,,,,,,,,,,,,,,,,,,,,,,,,,,,,,,,,,,,,,,,,,,,,,,,,,,,,,,,,,,,0.05000000000000001,8.498374721940739e-18,200.0,0.0,25.123579209597313,0.8029984373828913,17.044397970706715,2.108375107372908,0.06166666666666667,0.03752776749732568,0.06666666666666667,0.03214550253664318,0.495175,0.009931232300173022,0.5004042151936351,0.002741286964361124,0.495175,0.009931232300173022,0.5191666666666667,0.02036131953811768,200.0,0.0,0.0,0.0,0.0,0.0,0.0,0.0,200.0,0.0,186.66666666666666,6.429100507328636,0.24666666666666667,0.022546248764114478,0.02,0.005000000000000001
diagnosis_controls,random,synthetic,diagnosis,marginal_max | full | known_law_oracle,,,,,,,,,,,,,,,,,,,,,,,,,,,,,,,3,"[11, 12, 13]",random,,,,,,,,,,,,,,,,,,,,,,,,,,,,,,,,,,,,,,,,,,,,,,,,,,,,,,,,,,,,,,,,,,,,,,,,,,,,,,,,,0.05000000000000001,8.498374721940739e-18,200.0,0.0,9.534260679629464,0.5096828622100442,9.419955147727025,2.0038181239108432,0.06833333333333334,0.007637626158259734,0.06333333333333334,0.016072751268321594,0.49613749999999995,0.005834447810204524,0.4981638992130874,0.007072901242308277,0.49613749999999995,0.005834447810204524,0.5191666666666667,0.02036131953811768,200.0,0.0,0.0,0.0,0.0,0.0,0.0,0.0,200.0,0.0,187.33333333333334,3.2145502536643185,0.24666666666666667,0.022546248764114478,0.013333333333333334,0.011547005383792516
diagnosis_controls,random,synthetic,diagnosis,conditional_max | full | known_law_oracle,,,,,,,,,,,,,,,,,,,,,,,,,,,,,,,3,"[11, 12, 13]",random,,,,,,,,,,,,,,,,,,,,,,,,,,,,,,,,,,,,,,,,,,,,,,,,,,,,,,,,,,,,,,,,,,,,,,,,,,,,,,,,,0.05000000000000001,8.498374721940739e-18,200.0,0.0,9.534260679629464,0.5096828622100421,9.419955147727027,2.0038181239108415,0.06833333333333334,0.007637626158259734,0.06333333333333334,0.016072751268321594,0.49618333333333337,0.005731005765424863,0.49909067103859645,0.006926249550799064,0.49618333333333337,0.005731005765424863,0.5191666666666667,0.02036131953811768,200.0,0.0,0.0,0.0,0.0,0.0,0.0,0.0,200.0,0.0,187.33333333333334,3.2145502536643185,0.24666666666666667,0.022546248764114478,0.013333333333333334,0.011547005383792516
diagnosis_controls,random,synthetic,diagnosis,relational_max | full | known_law_oracle,,,,,,,,,,,,,,,,,,,,,,,,,,,,,,,3,"[11, 12, 13]",random,,,,,,,,,,,,,,,,,,,,,,,,,,,,,,,,,,,,,,,,,,,,,,,,,,,,,,,,,,,,,,,,,,,,,,,,,,,,,,,,,0.05000000000000001,8.498374721940739e-18,200.0,0.0,2.960594732333751e-15,5.127900497022838e-16,7.697546304067751e-15,5.127900497022837e-16,0.043333333333333335,0.020816659994661327,0.055000000000000014,0.0360555127546399,0.49685833333333335,0.03547310674417076,0.503320472520619,0.017195342160496938,0.49685833333333335,0.03547310674417076,0.43069444444444444,0.007742977702647969,200.0,0.0,0.0,0.0,0.0,0.0,200.0,0.0,0.0,0.0,0.0,0.0,,,0.0,0.0
diagnosis_controls,random,synthetic,diagnosis,query random1:0 | circuit,,,,,,,,,,,,,,,,,,,,,,,,,,,,,,,3,"[11, 12, 13]",random,,,,,,,,,,,0.0,0.0,0.016376430667151,0.0031516127269748174,0.003448999999818625,0.0007713775341528528,400.0,0.0,3.0,0.0,3.0,0.0,3.0,0.0,7.0,0.0,2527.0,0.0,0.0,0.0,1.0,0.0,0.0,0.0,1010800.0,0.0,0.0,0.0,1600.0,0.0,0.0,0.0,-0.0031070346012711525,0.014815928379862354,0.10753870010375977,0.023630336746482756,0.14290408541758856,0.029911828577871176,-0.23147975405057272,0.05642375259959774,0.20473767817020416,0.03808357553870909,,,,,,,,,,,,,,,,,,,,,,,,,,,,,,,,,,,,,,,,,,,,,,,,,,,,,,,,,,,,,,,,
diagnosis_controls,random,synthetic,diagnosis,known-law error random1:0 | circuit,,,,,,,,,,,,,,,,,,,,,,,,,,,,,,,3,"[11, 12, 13]",random,,,,,,,,,,,,,,,,,,,,,,,,,,,,,,,,,,,,,,,,,,,,,,,,,,,,,0.5230699052294993,0.10747864935991203,0.8063008407663803,0.09007661717419661,6.216063645653702,0.8070779707898648,0.8210955389294327,0.024309111998694406,0.5210243313061772,0.09786847392714608,0.8035152586011675,0.08533508747258099,6.19068192161399,0.7971597139096953,0.8224154063636013,0.023805452029706804,0.002045573923322092,0.009872875793553457,0.07570429298612806,0.010107021188051764,0.6441845893859887,0.18111876564648052,0.008326495904085976,0.02423812849173679,-1.566179988547437,0.30802341577872605,1.8443747681209117,0.2044101014753764,,,,,,,,,,,,,,,,,,,,,,,,,,,,,,,,,,,,
diagnosis_controls,random,synthetic,diagnosis,joint | random1:0 | circuit,,,,,,,,,,,,,,,,,,,,,,,,,,,,,,,3,"[11, 12, 13]",random,,,,,,,,,,,,,,,,,,,,,,,,,,,,,,,,,,,,,,,,,,,,,,,,,,,,,,,,,,,,,,,,,,,,,,,,,,,,,,,,,0.05000000000000001,8.498374721940739e-18,200.0,0.0,21.89993413289388,0.739148088358027,14.407347361246744,0.9907601595286049,0.06,0.02179449471770337,0.06,0.02179449471770337,0.5,0.0,0.5,0.0,0.5,0.0,,,0.0,0.0,200.0,0.0,0.0,0.0,0.0,0.0,0.0,0.0,0.0,0.0,,,0.0,0.0
diagnosis_controls,random,synthetic,diagnosis,independent | random1:0 | circuit,,,,,,,,,,,,,,,,,,,,,,,,,,,,,,,3,"[11, 12, 13]",random,,,,,,,,,,,,,,,,,,,,,,,,,,,,,,,,,,,,,,,,,,,,,,,,,,,,,,,,,,,,,,,,,,,,,,,,,,,,,,,,,0.05000000000000001,8.498374721940739e-18,200.0,0.0,21.889158248901367,0.729024790599469,14.708039283752441,0.8736304929544733,0.05833333333333333,0.018929694486000914,0.05833333333333333,0.018929694486000914,0.5,0.0,0.5,0.0,0.5,0.0,,,0.0,0.0,200.0,0.0,0.0,0.0,0.0,0.0,0.0,0.0,0.0,0.0,,,0.0,0.0
diagnosis_controls,random,synthetic,diagnosis,marginal_max | random1:0 | circuit,,,,,,,,,,,,,,,,,,,,,,,,,,,,,,,3,"[11, 12, 13]",random,,,,,,,,,,,,,,,,,,,,,,,,,,,,,,,,,,,,,,,,,,,,,,,,,,,,,,,,,,,,,,,,,,,,,,,,,,,,,,,,,0.05000000000000001,8.498374721940739e-18,200.0,0.0,10.85913117726644,0.5909042585057336,12.137013753255209,1.9224873105105345,0.06,0.010000000000000002,0.06,0.010000000000000002,0.5,0.0,0.5,0.0,0.5,0.0,,,0.0,0.0,200.0,0.0,0.0,0.0,0.0,0.0,0.0,0.0,0.0,0.0,,,0.0,0.0
diagnosis_controls,random,synthetic,diagnosis,conditional_max | random1:0 | circuit,,,,,,,,,,,,,,,,,,,,,,,,,,,,,,,3,"[11, 12, 13]",random,,,,,,,,,,,,,,,,,,,,,,,,,,,,,,,,,,,,,,,,,,,,,,,,,,,,,,,,,,,,,,,,,,,,,,,,,,,,,,,,,0.05000000000000001,8.498374721940739e-18,200.0,0.0,10.87710444132487,0.5985083282555558,12.364415804545084,2.1620785376624827,0.06,0.010000000000000002,0.06,0.010000000000000002,0.5,0.0,0.5,0.0,0.5,0.0,,,0.0,0.0,200.0,0.0,0.0,0.0,0.0,0.0,0.0,0.0,0.0,0.0,,,0.0,0.0
diagnosis_controls,random,synthetic,diagnosis,relational_max | random1:0 | circuit,,,,,,,,,,,,,,,,,,,,,,,,,,,,,,,3,"[11, 12, 13]",random,,,,,,,,,,,,,,,,,,,,,,,,,,,,,,,,,,,,,,,,,,,,,,,,,,,,,,,,,,,,,,,,,,,,,,,,,,,,,,,,,0.05000000000000001,8.498374721940739e-18,200.0,0.0,0.2821795145670573,0.0455528716164864,0.5768421490987142,0.17846040133983138,0.041666666666666664,0.027537852736430512,0.041666666666666664,0.027537852736430512,0.5,0.0,0.5,0.0,0.5,0.0,,,0.0,0.0,200.0,0.0,0.0,0.0,0.0,0.0,0.0,0.0,0.0,0.0,,,0.0,0.0
diagnosis_controls,random,synthetic,diagnosis,query random1:0 | known_law_oracle,,,,,,,,,,,,,,,,,,,,,,,,,,,,,,,3,"[11, 12, 13]",random,,,,,,,,,,,0.0,0.0,0.0014149030018112778,0.00010968086266006191,0.0012452920006277661,9.670404259705094e-05,400.0,0.0,3.0,0.0,3.0,0.0,3.0,0.0,4.0,0.0,0.0,0.0,0.0,0.0,1.0,0.0,0.0,0.0,0.0,0.0,0.0,0.0,1600.0,0.0,0.0,0.0,-8.052817671947803e-16,1.6906525406631609e-16,1.0954200509634876e-15,7.65758843379746e-17,1.7506064265808513e-15,1.3584626236046136e-16,-3.552713678800501e-15,0.0,1.1842378929335002e-15,2.051160198809135e-15,,,,,,,,,,,,,,,,,,,,,,,,,,,,,,,,,,,,,,,,,,,,,,,,,,,,,,,,,,,,,,,,
diagnosis_controls,random,synthetic,diagnosis,known-law error random1:0 | known_law_oracle,,,,,,,,,,,,,,,,,,,,,,,,,,,,,,,3,"[11, 12, 13]",random,,,,,,,,,,,,,,,,,,,,,,,,,,,,,,,,,,,,,,,,,,,,,,,,,,,,,0.0,0.0,0.0,0.0,0.0,0.0,1.0,7.850462293418876e-17,0.0,0.0,0.0,0.0,0.0,0.0,1.0,7.850462293418876e-17,0.0,0.0,0.0,0.0,0.0,0.0,1.0,0.0,0.0,0.0,0.0,0.0,,,,,,,,,,,,,,,,,,,,,,,,,,,,,,,,,,,,
diagnosis_controls,random,synthetic,diagnosis,joint | random1:0 | known_law_oracle,,,,,,,,,,,,,,,,,,,,,,,,,,,,,,,3,"[11, 12, 13]",random,,,,,,,,,,,,,,,,,,,,,,,,,,,,,,,,,,,,,,,,,,,,,,,,,,,,,,,,,,,,,,,,,,,,,,,,,,,,,,,,,0.05000000000000001,8.498374721940739e-18,200.0,0.0,19.29980858508487,0.2907926582450536,12.460575795018181,0.5139552780926636,0.06333333333333334,0.036170890690351176,0.06333333333333334,0.036170890690351176,0.5,0.0,0.5,0.0,0.5,0.0,,,0.0,0.0,200.0,0.0,0.0,0.0,0.0,0.0,0.0,0.0,0.0,0.0,,,0.0,0.0
diagnosis_controls,random,synthetic,diagnosis,independent | random1:0 | known_law_oracle,,,,,,,,,,,,,,,,,,,,,,,,,,,,,,,3,"[11, 12, 13]",random,,,,,,,,,,,,,,,,,,,,,,,,,,,,,,,,,,,,,,,,,,,,,,,,,,,,,,,,,,,,,,,,,,,,,,,,,,,,,,,,,0.05000000000000001,8.498374721940739e-18,200.0,0.0,19.29980858508487,0.29079265824505296,12.460575795018181,0.5139552780926618,0.06333333333333334,0.036170890690351176,0.06333333333333334,0.036170890690351176,0.5,0.0,0.5,0.0,0.5,0.0,,,0.0,0.0,200.0,0.0,0.0,0.0,0.0,0.0,0.0,0.0,0.0,0.0,,,0.0,0.0
diagnosis_controls,random,synthetic,diagnosis,marginal_max | random1:0 | known_law_oracle,,,,,,,,,,,,,,,,,,,,,,,,,,,,,,,3,"[11, 12, 13]",random,,,,,,,,,,,,,,,,,,,,,,,,,,,,,,,,,,,,,,,,,,,,,,,,,,,,,,,,,,,,,,,,,,,,,,,,,,,,,,,,,0.05000000000000001,8.498374721940739e-18,200.0,0.0,8.943559558715588,0.1510144337961069,8.295845016820818,0.8547720703698442,0.07,0.025980762113533163,0.07,0.025980762113533163,0.5,0.0,0.5,0.0,0.5,0.0,,,0.0,0.0,200.0,0.0,0.0,0.0,0.0,0.0,0.0,0.0,0.0,0.0,,,0.0,0.0
diagnosis_controls,random,synthetic,diagnosis,conditional_max | random1:0 | known_law_oracle,,,,,,,,,,,,,,,,,,,,,,,,,,,,,,,3,"[11, 12, 13]",random,,,,,,,,,,,,,,,,,,,,,,,,,,,,,,,,,,,,,,,,,,,,,,,,,,,,,,,,,,,,,,,,,,,,,,,,,,,,,,,,,0.05000000000000001,8.498374721940739e-18,200.0,0.0,8.943559558715588,0.15101443379610804,8.295845016820817,0.8547720703698464,0.07,0.025980762113533163,0.07,0.025980762113533163,0.5,0.0,0.5,0.0,0.5,0.0,,,0.0,0.0,200.0,0.0,0.0,0.0,0.0,0.0,0.0,0.0,0.0,0.0,,,0.0,0.0
diagnosis_controls,random,synthetic,diagnosis,relational_max | random1:0 | known_law_oracle,,,,,,,,,,,,,,,,,,,,,,,,,,,,,,,3,"[11, 12, 13]",random,,,,,,,,,,,,,,,,,,,,,,,,,,,,,,,,,,,,,,,,,,,,,,,,,,,,,,,,,,,,,,,,,,,,,,,,,,,,,,,,,0.05000000000000001,8.498374721940739e-18,200.0,0.0,3.552713678800501e-15,8.881784197001252e-16,7.697546304067751e-15,5.127900497022837e-16,0.06333333333333334,0.03013856886670854,0.06333333333333334,0.03013856886670854,0.5,0.0,0.5,0.0,0.5,0.0,,,0.0,0.0,200.0,0.0,0.0,0.0,0.0,0.0,0.0,0.0,0.0,0.0,,,0.0,0.0
diagnosis_controls,random,synthetic,diagnosis,query random2:1-2 | circuit,,,,,,,,,,,,,,,,,,,,,,,,,,,,,,,3,"[11, 12, 13]",random,,,,,,,,,,,0.0,0.0,0.011365347001022505,0.001034557011078079,0.0026010973342636134,0.00021688126141371398,400.0,0.0,2.0,0.0,2.0,0.0,2.0,0.0,5.0,0.0,1805.0,0.0,0.0,0.0,1.0,0.0,0.0,0.0,722000.0,0.0,0.0,0.0,1600.0,0.0,0.0,0.0,-0.003838450166313123,0.007056749753802514,0.02140679863562885,0.03343015398918028,0.03129108564219981,0.04912140152487477,-0.07248304489379127,0.11875953942524244,0.03902263579220744,0.05772717437110544,,,,,,,,,,,,,,,,,,,,,,,,,,,,,,,,,,,,,,,,,,,,,,,,,,,,,,,,,,,,,,,,
diagnosis_controls,random,synthetic,diagnosis,known-law error random2:1-2 | circuit,,,,,,,,,,,,,,,,,,,,,,,,,,,,,,,3,"[11, 12, 13]",random,,,,,,,,,,,,,,,,,,,,,,,,,,,,,,,,,,,,,,,,,,,,,,,,,,,,,0.47637739533552464,0.1586748256006841,0.7821469310694064,0.14429656763647442,6.911927803836403,2.1729669764716375,0.8283551830175305,0.039117794879479084,0.47397467031448026,0.1555711241012776,0.7804441716893386,0.14188403750141998,6.918959562462704,2.1873036244193296,0.8285135109792291,0.038902491679176705,0.002402725021044371,0.004240584581473438,0.02072625736395516,0.03221347871478744,0.18924776713053357,0.2896772519997233,-0.0066285111197937376,0.0447610236037299,-0.950352065451323,0.3142326648989678,1.2923648852015794,0.26046022301856375,,,,,,,,,,,,,,,,,,,,,,,,,,,,,,,,,,,,
diagnosis_controls,random,synthetic,diagnosis,joint | random2:1-2 | circuit,,,,,,,,,,,,,,,,,,,,,,,,,,,,,,,3,"[11, 12, 13]",random,,,,,,,,,,,,,,,,,,,,,,,,,,,,,,,,,,,,,,,,,,,,,,,,,,,,,,,,,,,,,,,,,,,,,,,,,,,,,,,,,0.05000000000000001,8.498374721940739e-18,200.0,0.0,15.185639063517252,0.6327499412843058,16.38219706217448,3.3431510049444433,0.06666666666666667,0.014433756729740642,0.07166666666666667,0.015275252316519468,0.491875,0.0029356643200474943,0.5028543525103526,0.005888535850542788,0.491875,0.0029356643200474943,0.7558333333333334,0.033942353090693836,200.0,0.0,0.0,0.0,0.0,0.0,0.0,0.0,200.0,0.0,185.66666666666666,3.0550504633038935,0.5116666666666666,0.06788470618138764,0.03833333333333333,0.007637626158259733
diagnosis_controls,random,synthetic,diagnosis,independent | random2:1-2 | circuit,,,,,,,,,,,,,,,,,,,,,,,,,,,,,,,3,"[11, 12, 13]",random,,,,,,,,,,,,,,,,,,,,,,,,,,,,,,,,,,,,,,,,,,,,,,,,,,,,,,,,,,,,,,,,,,,,,,,,,,,,,,,,,0.05000000000000001,8.498374721940739e-18,200.0,0.0,15.218021074930826,0.6893769744667365,16.386077245076496,3.3448388733932872,0.065,0.013228756555322952,0.07,0.015000000000000003,0.4922333333333333,0.003687930765799904,0.5032359309555529,0.005627311335202818,0.4922333333333333,0.003687930765799904,0.7558333333333334,0.033942353090693836,200.0,0.0,0.0,0.0,0.0,0.0,0.0,0.0,200.0,0.0,186.0,3.0,0.5116666666666666,0.06788470618138764,0.03666666666666667,0.005773502691896259
diagnosis_controls,random,synthetic,diagnosis,marginal_max | random2:1-2 | circuit,,,,,,,,,,,,,,,,,,,,,,,,,,,,,,,3,"[11, 12, 13]",random,,,,,,,,,,,,,,,,,,,,,,,,,,,,,,,,,,,,,,,,,,,,,,,,,,,,,,,,,,,,,,,,,,,,,,,,,,,,,,,,,0.05000000000000001,8.498374721940739e-18,200.0,0.0,9.993178685506185,0.6992516889969099,12.969229062398275,4.089899837502569,0.06666666666666667,0.017559422921421233,0.056666666666666664,0.0057735026918962545,0.4988458333333334,0.0059377543805156615,0.5024103246955934,0.008053739797633758,0.4988458333333334,0.0059377543805156615,0.7558333333333334,0.033942353090693836,200.0,0.0,0.0,0.0,0.0,0.0,0.0,0.0,200.0,0.0,188.66666666666666,1.1547005383792515,0.5116666666666666,0.06788470618138764,0.028333333333333332,0.010408329997330663
diagnosis_controls,random,synthetic,diagnosis,conditional_max | random2:1-2 | circuit,,,,,,,,,,,,,,,,,,,,,,,,,,,,,,,3,"[11, 12, 13]",random,,,,,,,,,,,,,,,,,,,,,,,,,,,,,,,,,,,,,,,,,,,,,,,,,,,,,,,,,,,,,,,,,,,,,,,,,,,,,,,,,0.05000000000000001,8.498374721940739e-18,200.0,0.0,9.989800771077475,0.701293697790638,12.966409047444662,4.085385568124151,0.065,0.01802775637731995,0.05833333333333333,0.007637626158259732,0.49846250000000003,0.006483283793726735,0.5041825318241875,0.010582018213063898,0.49846250000000003,0.006483283793726735,0.7558333333333334,0.033942353090693836,200.0,0.0,0.0,0.0,0.0,0.0,0.0,0.0,200.0,0.0,188.33333333333334,1.5275252316519465,0.5116666666666666,0.06788470618138764,0.028333333333333332,0.010408329997330663
diagnosis_controls,random,synthetic,diagnosis,relational_max | random2:1-2 | circuit,,,,,,,,,,,,,,,,,,,,,,,,,,,,,,,3,"[11, 12, 13]",random,,,,,,,,,,,,,,,,,,,,,,,,,,,,,,,,,,,,,,,,,,,,,,,,,,,,,,,,,,,,,,,,,,,,,,,,,,,,,,,,,0.05000000000000001,8.498374721940739e-18,200.0,0.0,0.04841009775797526,0.07866537707780252,0.3084851900736491,0.4799405431818358,0.08166666666666668,0.015275252316519466,0.07333333333333333,0.018929694486000914,0.5009625000000001,0.02150718266649539,0.5022123162099097,0.028485501783550138,0.5009625000000001,0.02150718266649539,0.5425,0.0050000000000000044,200.0,0.0,0.0,0.0,0.0,0.0,200.0,0.0,0.0,0.0,0.0,0.0,,,0.0,0.0
diagnosis_controls,random,synthetic,diagnosis,query random2:1-2 | known_law_oracle,,,,,,,,,,,,,,,,,,,,,,,,,,,,,,,3,"[11, 12, 13]",random,,,,,,,,,,,0.0,0.0,0.0010152503321781599,3.814879554862877e-05,0.0008931109987315722,2.6811989768429005e-05,400.0,0.0,2.0,0.0,2.0,0.0,2.0,0.0,3.0,0.0,0.0,0.0,0.0,0.0,1.0,0.0,0.0,0.0,0.0,0.0,0.0,0.0,1600.0,0.0,0.0,0.0,1.4802973661668747e-18,5.185268477743734e-17,7.94919685631612e-16,3.635026844804854e-17,1.2597021420149655e-15,9.620019411629533e-17,-1.7763568394002505e-15,0.0,1.7763568394002505e-15,0.0,,,,,,,,,,,,,,,,,,,,,,,,,,,,,,,,,,,,,,,,,,,,,,,,,,,,,,,,,,,,,,,,
diagnosis_controls,random,synthetic,diagnosis,known-law error random2:1-2 | known_law_oracle,,,,,,,,,,,,,,,,,,,,,,,,,,,,,,,3,"[11, 12, 13]",random,,,,,,,,,,,,,,,,,,,,,,,,,,,,,,,,,,,,,,,,,,,,,,,,,,,,,0.0,0.0,0.0,0.0,0.0,0.0,1.0,0.0,0.0,0.0,0.0,0.0,0.0,0.0,1.0,7.850462293418876e-17,0.0,0.0,0.0,0.0,0.0,0.0,1.0,0.0,0.0,0.0,0.0,0.0,,,,,,,,,,,,,,,,,,,,,,,,,,,,,,,,,,,,
diagnosis_controls,random,synthetic,diagnosis,joint | random2:1-2 | known_law_oracle,,,,,,,,,,,,,,,,,,,,,,,,,,,,,,,3,"[11, 12, 13]",random,,,,,,,,,,,,,,,,,,,,,,,,,,,,,,,,,,,,,,,,,,,,,,,,,,,,,,,,,,,,,,,,,,,,,,,,,,,,,,,,,0.05000000000000001,8.498374721940739e-18,200.0,0.0,13.769395103454466,0.5250458619897761,12.63746632738173,2.7513576601755787,0.06,0.02179449471770337,0.05833333333333333,0.023629078131263043,0.4931666666666667,0.002662509780889715,0.4980909744255228,0.008144681189338115,0.4931666666666667,0.002662509780889715,0.735,0.021360009363293814,200.0,0.0,0.0,0.0,0.0,0.0,0.0,0.0,200.0,0.0,188.33333333333334,4.725815626252609,0.47000000000000003,0.042720018726587664,0.03166666666666667,0.017559422921421233
diagnosis_controls,random,synthetic,diagnosis,independent | random2:1-2 | known_law_oracle,,,,,,,,,,,,,,,,,,,,,,,,,,,,,,,3,"[11, 12, 13]",random,,,,,,,,,,,,,,,,,,,,,,,,,,,,,,,,,,,,,,,,,,,,,,,,,,,,,,,,,,,,,,,,,,,,,,,,,,,,,,,,,0.05000000000000001,8.498374721940739e-18,200.0,0.0,13.769395103454466,0.5250458619897754,12.637466327381732,2.7513576601755827,0.06,0.02179449471770337,0.05833333333333333,0.023629078131263043,0.4931666666666667,0.002662509780889715,0.4980909744255228,0.008144681189338115,0.4931666666666667,0.002662509780889715,0.735,0.021360009363293814,200.0,0.0,0.0,0.0,0.0,0.0,0.0,0.0,200.0,0.0,188.33333333333334,4.725815626252609,0.47000000000000003,0.042720018726587664,0.03166666666666667,0.017559422921421233
diagnosis_controls,random,synthetic,diagnosis,marginal_max | random2:1-2 | known_law_oracle,,,,,,,,,,,,,,,,,,,,,,,,,,,,,,,3,"[11, 12, 13]",random,,,,,,,,,,,,,,,,,,,,,,,,,,,,,,,,,,,,,,,,,,,,,,,,,,,,,,,,,,,,,,,,,,,,,,,,,,,,,,,,,0.05000000000000001,8.498374721940739e-18,200.0,0.0,8.595289520117367,0.23160424573356572,9.740492913301235,2.249900700533881,0.05666666666666667,0.011547005383792516,0.06,0.008660254037844387,0.49716249999999995,0.013925993007681717,0.4985831780148846,0.005454555969268877,0.49716249999999995,0.013925993007681717,0.735,0.021360009363293814,200.0,0.0,0.0,0.0,0.0,0.0,0.0,0.0,200.0,0.0,188.0,1.7320508075688772,0.47000000000000003,0.042720018726587664,0.03166666666666667,0.014433756729740645
diagnosis_controls,random,synthetic,diagnosis,conditional_max | random2:1-2 | known_law_oracle,,,,,,,,,,,,,,,,,,,,,,,,,,,,,,,3,"[11, 12, 13]",random,,,,,,,,,,,,,,,,,,,,,,,,,,,,,,,,,,,,,,,,,,,,,,,,,,,,,,,,,,,,,,,,,,,,,,,,,,,,,,,,,0.05000000000000001,8.498374721940739e-18,200.0,0.0,8.59528952011737,0.23160424573356708,9.740492913301232,2.249900700533878,0.05666666666666667,0.011547005383792516,0.06,0.008660254037844387,0.4971625,0.013918754209698497,0.4995009555915573,0.005672695382671846,0.4971625,0.013918754209698497,0.735,0.021360009363293814,200.0,0.0,0.0,0.0,0.0,0.0,0.0,0.0,200.0,0.0,188.0,1.7320508075688772,0.47000000000000003,0.042720018726587664,0.03166666666666667,0.014433756729740645
diagnosis_controls,random,synthetic,diagnosis,relational_max | random2:1-2 | known_law_oracle,,,,,,,,,,,,,,,,,,,,,,,,,,,,,,,3,"[11, 12, 13]",random,,,,,,,,,,,,,,,,,,,,,,,,,,,,,,,,,,,,,,,,,,,,,,,,,,,,,,,,,,,,,,,,,,,,,,,,,,,,,,,,,0.05000000000000001,8.498374721940739e-18,200.0,0.0,1.4802973661668755e-15,5.127900497022837e-16,1.0066022089934753e-14,2.713429892601387e-15,0.036666666666666674,0.043684474740270526,0.03,0.027838821814150108,0.5153708333333333,0.025369473946720563,0.5101421953922276,0.016325723779503403,0.5153708333333333,0.025369473946720563,0.5183333333333334,0.005773502691896263,200.0,0.0,0.0,0.0,0.0,0.0,200.0,0.0,0.0,0.0,0.0,0.0,,,0.0,0.0
diagnosis_controls,random,synthetic,diagnosis,query random3:1-2-3 | circuit,,,,,,,,,,,,,,,,,,,,,,,,,,,,,,,3,"[11, 12, 13]",random,,,,,,,,,,,0.0,0.0,0.007549166666043068,0.0004588124180684453,0.002091625333074868,0.00017888082385143891,400.0,0.0,1.0,0.0,1.0,0.0,1.0,0.0,3.0,0.0,1083.0,0.0,0.0,0.0,1.0,0.0,0.0,0.0,433200.0,0.0,0.0,0.0,1600.0,0.0,0.0,0.0,0.0,0.0,0.0,0.0,0.0,0.0,0.0,0.0,0.0,0.0,,,,,,,,,,,,,,,,,,,,,,,,,,,,,,,,,,,,,,,,,,,,,,,,,,,,,,,,,,,,,,,,
diagnosis_controls,random,synthetic,diagnosis,known-law error random3:1-2-3 | circuit,,,,,,,,,,,,,,,,,,,,,,,,,,,,,,,3,"[11, 12, 13]",random,,,,,,,,,,,,,,,,,,,,,,,,,,,,,,,,,,,,,,,,,,,,,,,,,,,,,0.5060402241715792,0.16756888664880462,0.8304420642879404,0.14433223549076765,6.846754161082608,2.270053750555923,0.8104854592316522,0.033697382864095723,0.5060402241715792,0.16756888664880462,0.8304420642879404,0.14433223549076765,6.846754161082608,2.270053750555923,0.8104854592316522,0.033697382864095723,0.0,0.0,0.0,0.0,0.0,0.0,,,-0.5060402241715792,0.16756888664880462,0.8304420642879404,0.14433223549076765,,,,,,,,,,,,,,,,,,,,,,,,,,,,,,,,,,,,
diagnosis_controls,random,synthetic,diagnosis,joint | random3:1-2-3 | circuit,,,,,,,,,,,,,,,,,,,,,,,,,,,,,,,3,"[11, 12, 13]",random,,,,,,,,,,,,,,,,,,,,,,,,,,,,,,,,,,,,,,,,,,,,,,,,,,,,,,,,,,,,,,,,,,,,,,,,,,,,,,,,,0.05000000000000001,8.498374721940739e-18,200.0,0.0,9.107996940612793,0.5456708336839214,13.33496888478597,4.08051885570565,0.056666666666666664,0.0028867513459481273,0.04833333333333333,0.020816659994661327,0.49475833333333336,0.008671444996846458,0.5046999247683154,0.007516122080560716,0.49475833333333336,0.008671444996846458,,,0.0,0.0,0.0,0.0,200.0,0.0,200.0,0.0,0.0,0.0,0.0,0.0,,,0.0,0.0
diagnosis_controls,random,synthetic,diagnosis,independent | random3:1-2-3 | circuit,,,,,,,,,,,,,,,,,,,,,,,,,,,,,,,3,"[11, 12, 13]",random,,,,,,,,,,,,,,,,,,,,,,,,,,,,,,,,,,,,,,,,,,,,,,,,,,,,,,,,,,,,,,,,,,,,,,,,,,,,,,,,,0.05000000000000001,8.498374721940739e-18,200.0,0.0,9.107996940612793,0.5456708336839214,13.33496888478597,4.08051885570565,0.056666666666666664,0.0028867513459481273,0.04833333333333333,0.020816659994661327,0.49475833333333336,0.008671444996846458,0.5046999247683154,0.007516122080560716,0.49475833333333336,0.008671444996846458,,,0.0,0.0,0.0,0.0,200.0,0.0,200.0,0.0,0.0,0.0,0.0,0.0,,,0.0,0.0
diagnosis_controls,random,synthetic,diagnosis,marginal_max | random3:1-2-3 | circuit,,,,,,,,,,,,,,,,,,,,,,,,,,,,,,,3,"[11, 12, 13]",random,,,,,,,,,,,,,,,,,,,,,,,,,,,,,,,,,,,,,,,,,,,,,,,,,,,,,,,,,,,,,,,,,,,,,,,,,,,,,,,,,0.05000000000000001,8.498374721940739e-18,200.0,0.0,9.107996940612793,0.5456708336839214,13.33496888478597,4.08051885570565,0.056666666666666664,0.0028867513459481273,0.04833333333333333,0.020816659994661327,0.49475833333333336,0.008671444996846458,0.5046999247683154,0.007516122080560716,0.49475833333333336,0.008671444996846458,,,0.0,0.0,0.0,0.0,200.0,0.0,200.0,0.0,0.0,0.0,0.0,0.0,,,0.0,0.0
diagnosis_controls,random,synthetic,diagnosis,conditional_max | random3:1-2-3 | circuit,,,,,,,,,,,,,,,,,,,,,,,,,,,,,,,3,"[11, 12, 13]",random,,,,,,,,,,,,,,,,,,,,,,,,,,,,,,,,,,,,,,,,,,,,,,,,,,,,,,,,,,,,,,,,,,,,,,,,,,,,,,,,,0.05000000000000001,8.498374721940739e-18,200.0,0.0,9.107996940612793,0.5456708336839214,13.33496888478597,4.08051885570565,0.056666666666666664,0.0028867513459481273,0.04833333333333333,0.020816659994661327,0.49475833333333336,0.008671444996846458,0.5046999247683154,0.007516122080560716,0.49475833333333336,0.008671444996846458,,,0.0,0.0,0.0,0.0,200.0,0.0,200.0,0.0,0.0,0.0,0.0,0.0,,,0.0,0.0
diagnosis_controls,random,synthetic,diagnosis,relational_max | random3:1-2-3 | circuit,,,,,,,,,,,,,,,,,,,,,,,,,,,,,,,3,"[11, 12, 13]",random,,,,,,,,,,,,,,,,,,,,,,,,,,,,,,,,,,,,,,,,,,,,,,,,,,,,,,,,,,,,,,,,,,,,,,,,,,,,,,,,,0.05000000000000001,8.498374721940739e-18,200.0,0.0,0.0,0.0,0.0,0.0,0.0,0.0,0.0,0.0,0.5,0.0,0.5,0.0,0.5,0.0,,,0.0,0.0,0.0,0.0,200.0,0.0,200.0,0.0,0.0,0.0,0.0,0.0,,,0.0,0.0
diagnosis_controls,random,synthetic,diagnosis,query random3:1-2-3 | known_law_oracle,,,,,,,,,,,,,,,,,,,,,,,,,,,,,,,3,"[11, 12, 13]",random,,,,,,,,,,,0.0,0.0,0.00047955566697055474,2.9768917345453858e-05,0.00042866699974789907,2.1189789774824542e-05,400.0,0.0,1.0,0.0,1.0,0.0,1.0,0.0,2.0,0.0,0.0,0.0,0.0,0.0,1.0,0.0,0.0,0.0,0.0,0.0,0.0,0.0,1600.0,0.0,0.0,0.0,0.0,0.0,0.0,0.0,0.0,0.0,0.0,0.0,0.0,0.0,,,,,,,,,,,,,,,,,,,,,,,,,,,,,,,,,,,,,,,,,,,,,,,,,,,,,,,,,,,,,,,,
diagnosis_controls,random,synthetic,diagnosis,known-law error random3:1-2-3 | known_law_oracle,,,,,,,,,,,,,,,,,,,,,,,,,,,,,,,3,"[11, 12, 13]",random,,,,,,,,,,,,,,,,,,,,,,,,,,,,,,,,,,,,,,,,,,,,,,,,,,,,,0.0,0.0,0.0,0.0,0.0,0.0,1.0,0.0,0.0,0.0,0.0,0.0,0.0,0.0,1.0,0.0,0.0,0.0,0.0,0.0,0.0,0.0,,,0.0,0.0,0.0,0.0,,,,,,,,,,,,,,,,,,,,,,,,,,,,,,,,,,,,
diagnosis_controls,random,synthetic,diagnosis,joint | random3:1-2-3 | known_law_oracle,,,,,,,,,,,,,,,,,,,,,,,,,,,,,,,3,"[11, 12, 13]",random,,,,,,,,,,,,,,,,,,,,,,,,,,,,,,,,,,,,,,,,,,,,,,,,,,,,,,,,,,,,,,,,,,,,,,,,,,,,,,,,,0.05000000000000001,8.498374721940739e-18,200.0,0.0,7.689895496961474,0.5021001950174577,10.071033718670991,2.3032659569915754,0.06333333333333334,0.020207259421636908,0.06,0.0304138126514911,0.48662500000000003,0.006084868527749771,0.4983624026561697,0.008169094318119742,0.48662500000000003,0.006084868527749771,,,0.0,0.0,0.0,0.0,200.0,0.0,200.0,0.0,0.0,0.0,0.0,0.0,,,0.0,0.0
diagnosis_controls,random,synthetic,diagnosis,independent | random3:1-2-3 | known_law_oracle,,,,,,,,,,,,,,,,,,,,,,,,,,,,,,,3,"[11, 12, 13]",random,,,,,,,,,,,,,,,,,,,,,,,,,,,,,,,,,,,,,,,,,,,,,,,,,,,,,,,,,,,,,,,,,,,,,,,,,,,,,,,,,0.05000000000000001,8.498374721940739e-18,200.0,0.0,7.689895496961474,0.5021001950174577,10.071033718670991,2.3032659569915754,0.06333333333333334,0.020207259421636908,0.06,0.0304138126514911,0.48662500000000003,0.006084868527749771,0.4983624026561697,0.008169094318119742,0.48662500000000003,0.006084868527749771,,,0.0,0.0,0.0,0.0,200.0,0.0,200.0,0.0,0.0,0.0,0.0,0.0,,,0.0,0.0
diagnosis_controls,random,synthetic,diagnosis,marginal_max | random3:1-2-3 | known_law_oracle,,,,,,,,,,,,,,,,,,,,,,,,,,,,,,,3,"[11, 12, 13]",random,,,,,,,,,,,,,,,,,,,,,,,,,,,,,,,,,,,,,,,,,,,,,,,,,,,,,,,,,,,,,,,,,,,,,,,,,,,,,,,,,0.05000000000000001,8.498374721940739e-18,200.0,0.0,7.689895496961474,0.5021001950174577,10.071033718670991,2.3032659569915754,0.06333333333333334,0.020207259421636908,0.06,0.0304138126514911,0.48662500000000003,0.006084868527749771,0.4983624026561697,0.008169094318119742,0.48662500000000003,0.006084868527749771,,,0.0,0.0,0.0,0.0,200.0,0.0,200.0,0.0,0.0,0.0,0.0,0.0,,,0.0,0.0
diagnosis_controls,random,synthetic,diagnosis,conditional_max | random3:1-2-3 | known_law_oracle,,,,,,,,,,,,,,,,,,,,,,,,,,,,,,,3,"[11, 12, 13]",random,,,,,,,,,,,,,,,,,,,,,,,,,,,,,,,,,,,,,,,,,,,,,,,,,,,,,,,,,,,,,,,,,,,,,,,,,,,,,,,,,0.05000000000000001,8.498374721940739e-18,200.0,0.0,7.689895496961474,0.5021001950174577,10.071033718670991,2.3032659569915754,0.06333333333333334,0.020207259421636908,0.06,0.0304138126514911,0.48662500000000003,0.006084868527749771,0.4983624026561697,0.008169094318119742,0.48662500000000003,0.006084868527749771,,,0.0,0.0,0.0,0.0,200.0,0.0,200.0,0.0,0.0,0.0,0.0,0.0,,,0.0,0.0
diagnosis_controls,random,synthetic,diagnosis,relational_max | random3:1-2-3 | known_law_oracle,,,,,,,,,,,,,,,,,,,,,,,,,,,,,,,3,"[11, 12, 13]",random,,,,,,,,,,,,,,,,,,,,,,,,,,,,,,,,,,,,,,,,,,,,,,,,,,,,,,,,,,,,,,,,,,,,,,,,,,,,,,,,,0.05000000000000001,8.498374721940739e-18,200.0,0.0,0.0,0.0,0.0,0.0,0.0,0.0,0.0,0.0,0.5,0.0,0.5,0.0,0.5,0.0,,,0.0,0.0,0.0,0.0,200.0,0.0,200.0,0.0,0.0,0.0,0.0,0.0,,,0.0,0.0
diagnosis_controls,random,synthetic,diagnosis,query bank0:0-1 | circuit,,,,,,,,,,,,,,,,,,,,,,,,,,,,,,,3,"[11, 12, 13]",random,,,,,,,,,,,0.0,0.0,0.010832847333707226,0.0006550737474652731,0.002542749665735755,0.0001248953516982346,400.0,0.0,2.0,0.0,2.0,0.0,2.0,0.0,5.0,0.0,1805.0,0.0,0.0,0.0,1.0,0.0,0.0,0.0,722000.0,0.0,0.0,0.0,1600.0,0.0,0.0,0.0,-0.0015311534837489187,0.0025519263974814873,0.012140511404747182,0.016772174513538962,0.01727835863615231,0.02449542806566842,-0.022887579165399075,0.030027140430650648,0.026084692900136968,0.03849440503364953,,,,,,,,,,,,,,,,,,,,,,,,,,,,,,,,,,,,,,,,,,,,,,,,,,,,,,,,,,,,,,,,
diagnosis_controls,random,synthetic,diagnosis,known-law error bank0:0-1 | circuit,,,,,,,,,,,,,,,,,,,,,,,,,,,,,,,3,"[11, 12, 13]",random,,,,,,,,,,,,,,,,,,,,,,,,,,,,,,,,,,,,,,,,,,,,,,,,,,,,,0.518500291672197,0.12205589650435808,0.8090079193363794,0.10178240027110971,5.443376186936809,0.6268203032421084,0.8174453618868297,0.025565821458377547,0.5169691339799237,0.12159993698531378,0.8083916282960614,0.10148616360190327,5.459425889899048,0.653729971735763,0.8180073547767829,0.02482463070650186,0.0015311576922734218,0.002551933674646827,0.012140490412712134,0.01677221454544487,0.08489418029785067,0.13076099841639752,-0.0017371258480026307,0.015477500420983767,-1.0354694290297173,0.2436428940894753,1.3576024621592273,0.18262929683828874,,,,,,,,,,,,,,,,,,,,,,,,,,,,,,,,,,,,
diagnosis_controls,random,synthetic,diagnosis,joint | bank0:0-1 | circuit,,,,,,,,,,,,,,,,,,,,,,,,,,,,,,,3,"[11, 12, 13]",random,,,,,,,,,,,,,,,,,,,,,,,,,,,,,,,,,,,,,,,,,,,,,,,,,,,,,,,,,,,,,,,,,,,,,,,,,,,,,,,,,0.05000000000000001,8.498374721940739e-18,200.0,0.0,15.569786389668783,0.8151620725001039,12.383546193440756,3.021469214987214,0.06166666666666667,0.02753785273643051,0.06166666666666667,0.02753785273643051,0.5,0.0,0.5,0.0,0.5,0.0,,,0.0,0.0,200.0,0.0,0.0,0.0,0.0,0.0,0.0,0.0,0.0,0.0,,,0.0,0.0
diagnosis_controls,random,synthetic,diagnosis,independent | bank0:0-1 | circuit,,,,,,,,,,,,,,,,,,,,,,,,,,,,,,,3,"[11, 12, 13]",random,,,,,,,,,,,,,,,,,,,,,,,,,,,,,,,,,,,,,,,,,,,,,,,,,,,,,,,,,,,,,,,,,,,,,,,,,,,,,,,,,0.05000000000000001,8.498374721940739e-18,200.0,0.0,15.56436824798584,0.8050857597334533,12.397571563720703,3.048247954074073,0.06166666666666667,0.02753785273643051,0.06166666666666667,0.02753785273643051,0.5,0.0,0.5,0.0,0.5,0.0,,,0.0,0.0,200.0,0.0,0.0,0.0,0.0,0.0,0.0,0.0,0.0,0.0,,,0.0,0.0
diagnosis_controls,random,synthetic,diagnosis,marginal_max | bank0:0-1 | circuit,,,,,,,,,,,,,,,,,,,,,,,,,,,,,,,3,"[11, 12, 13]",random,,,,,,,,,,,,,,,,,,,,,,,,,,,,,,,,,,,,,,,,,,,,,,,,,,,,,,,,,,,,,,,,,,,,,,,,,,,,,,,,,0.05000000000000001,8.498374721940739e-18,200.0,0.0,10.031267484029135,0.6396045595631237,10.764530817667643,0.985054165955308,0.05666666666666667,0.01258305739211792,0.05666666666666667,0.01258305739211792,0.5,0.0,0.5,0.0,0.5,0.0,,,0.0,0.0,200.0,0.0,0.0,0.0,0.0,0.0,0.0,0.0,0.0,0.0,,,0.0,0.0
diagnosis_controls,random,synthetic,diagnosis,conditional_max | bank0:0-1 | circuit,,,,,,,,,,,,,,,,,,,,,,,,,,,,,,,3,"[11, 12, 13]",random,,,,,,,,,,,,,,,,,,,,,,,,,,,,,,,,,,,,,,,,,,,,,,,,,,,,,,,,,,,,,,,,,,,,,,,,,,,,,,,,,0.05000000000000001,8.498374721940739e-18,200.0,0.0,10.071126619974772,0.6906159393126865,10.740867932637533,0.9415674485636946,0.05666666666666667,0.01258305739211792,0.05666666666666667,0.01258305739211792,0.5,0.0,0.5,0.0,0.5,0.0,,,0.0,0.0,200.0,0.0,0.0,0.0,0.0,0.0,0.0,0.0,0.0,0.0,,,0.0,0.0
diagnosis_controls,random,synthetic,diagnosis,relational_max | bank0:0-1 | circuit,,,,,,,,,,,,,,,,,,,,,,,,,,,,,,,3,"[11, 12, 13]",random,,,,,,,,,,,,,,,,,,,,,,,,,,,,,,,,,,,,,,,,,,,,,,,,,,,,,,,,,,,,,,,,,,,,,,,,,,,,,,,,,0.05000000000000001,8.498374721940739e-18,200.0,0.0,0.03460089365641276,0.05052737040253825,0.14153512318929037,0.21475936456079342,0.051666666666666666,0.018929694486000914,0.051666666666666666,0.018929694486000914,0.5,0.0,0.5,0.0,0.5,0.0,,,0.0,0.0,200.0,0.0,0.0,0.0,0.0,0.0,0.0,0.0,0.0,0.0,,,0.0,0.0
diagnosis_controls,random,synthetic,diagnosis,query bank0:0-1 | known_law_oracle,,,,,,,,,,,,,,,,,,,,,,,,,,,,,,,3,"[11, 12, 13]",random,,,,,,,,,,,0.0,0.0,0.0009938189990255826,5.4908077656662524e-05,0.0008549723327935984,3.968929511347924e-05,400.0,0.0,2.0,0.0,2.0,0.0,2.0,0.0,3.0,0.0,0.0,0.0,0.0,0.0,1.0,0.0,0.0,0.0,0.0,0.0,0.0,0.0,1600.0,0.0,0.0,0.0,-2.516505522483688e-17,5.185268477743734e-17,7.593925488436071e-16,1.9357399876532522e-17,1.1686291224800061e-15,2.882440024992711e-17,-1.7763568394002505e-15,0.0,1.7763568394002505e-15,0.0,,,,,,,,,,,,,,,,,,,,,,,,,,,,,,,,,,,,,,,,,,,,,,,,,,,,,,,,,,,,,,,,
diagnosis_controls,random,synthetic,diagnosis,known-law error bank0:0-1 | known_law_oracle,,,,,,,,,,,,,,,,,,,,,,,,,,,,,,,3,"[11, 12, 13]",random,,,,,,,,,,,,,,,,,,,,,,,,,,,,,,,,,,,,,,,,,,,,,,,,,,,,,0.0,0.0,0.0,0.0,0.0,0.0,1.0,7.850462293418876e-17,0.0,0.0,0.0,0.0,0.0,0.0,1.0,7.850462293418876e-17,0.0,0.0,0.0,0.0,0.0,0.0,1.0,0.0,0.0,0.0,0.0,0.0,,,,,,,,,,,,,,,,,,,,,,,,,,,,,,,,,,,,
diagnosis_controls,random,synthetic,diagnosis,joint | bank0:0-1 | known_law_oracle,,,,,,,,,,,,,,,,,,,,,,,,,,,,,,,3,"[11, 12, 13]",random,,,,,,,,,,,,,,,,,,,,,,,,,,,,,,,,,,,,,,,,,,,,,,,,,,,,,,,,,,,,,,,,,,,,,,,,,,,,,,,,,0.05000000000000001,8.498374721940739e-18,200.0,0.0,13.511334918852015,0.4350604957554901,9.840153456901513,0.9350856217930461,0.06666666666666667,0.03547299442298794,0.06666666666666667,0.03547299442298794,0.5,0.0,0.5,0.0,0.5,0.0,,,0.0,0.0,200.0,0.0,0.0,0.0,0.0,0.0,0.0,0.0,0.0,0.0,,,0.0,0.0
diagnosis_controls,random,synthetic,diagnosis,independent | bank0:0-1 | known_law_oracle,,,,,,,,,,,,,,,,,,,,,,,,,,,,,,,3,"[11, 12, 13]",random,,,,,,,,,,,,,,,,,,,,,,,,,,,,,,,,,,,,,,,,,,,,,,,,,,,,,,,,,,,,,,,,,,,,,,,,,,,,,,,,,0.05000000000000001,8.498374721940739e-18,200.0,0.0,13.511334918852015,0.43506049575549066,9.840153456901513,0.935085621793047,0.06666666666666667,0.03547299442298794,0.06666666666666667,0.03547299442298794,0.5,0.0,0.5,0.0,0.5,0.0,,,0.0,0.0,200.0,0.0,0.0,0.0,0.0,0.0,0.0,0.0,0.0,0.0,,,0.0,0.0
diagnosis_controls,random,synthetic,diagnosis,marginal_max | bank0:0-1 | known_law_oracle,,,,,,,,,,,,,,,,,,,,,,,,,,,,,,,3,"[11, 12, 13]",random,,,,,,,,,,,,,,,,,,,,,,,,,,,,,,,,,,,,,,,,,,,,,,,,,,,,,,,,,,,,,,,,,,,,,,,,,,,,,,,,,0.05000000000000001,8.498374721940739e-18,200.0,0.0,8.529904649174943,0.3433197510267786,7.840172232970702,0.9427948684257139,0.05333333333333334,0.01527525231651947,0.05333333333333334,0.01527525231651947,0.5,0.0,0.5,0.0,0.5,0.0,,,0.0,0.0,200.0,0.0,0.0,0.0,0.0,0.0,0.0,0.0,0.0,0.0,,,0.0,0.0
diagnosis_controls,random,synthetic,diagnosis,conditional_max | bank0:0-1 | known_law_oracle,,,,,,,,,,,,,,,,,,,,,,,,,,,,,,,3,"[11, 12, 13]",random,,,,,,,,,,,,,,,,,,,,,,,,,,,,,,,,,,,,,,,,,,,,,,,,,,,,,,,,,,,,,,,,,,,,,,,,,,,,,,,,,0.05000000000000001,8.498374721940739e-18,200.0,0.0,8.529904649174945,0.34331975102677903,7.8401722329707,0.9427948684257161,0.05333333333333334,0.01527525231651947,0.05333333333333334,0.01527525231651947,0.5,0.0,0.5,0.0,0.5,0.0,,,0.0,0.0,200.0,0.0,0.0,0.0,0.0,0.0,0.0,0.0,0.0,0.0,,,0.0,0.0
diagnosis_controls,random,synthetic,diagnosis,relational_max | bank0:0-1 | known_law_oracle,,,,,,,,,,,,,,,,,,,,,,,,,,,,,,,3,"[11, 12, 13]",random,,,,,,,,,,,,,,,,,,,,,,,,,,,,,,,,,,,,,,,,,,,,,,,,,,,,,,,,,,,,,,,,,,,,,,,,,,,,,,,,,0.05000000000000001,8.498374721940739e-18,200.0,0.0,1.1842378929335002e-15,5.127900497022837e-16,5.625129991434126e-15,1.3567149463006936e-15,0.055,0.04092676385936225,0.055,0.04092676385936225,0.5,0.0,0.5,3.925231146709438e-17,0.5,0.0,,,0.0,0.0,200.0,0.0,0.0,0.0,0.0,0.0,0.0,0.0,0.0,0.0,,,0.0,0.0
diagnosis_controls,random,synthetic,diagnosis,query single_sensor_0 | circuit,,,,,,,,,,,,,,,,,,,,,,,,,,,,,,,3,"[11, 12, 13]",random,,,,,,,,,,,0.0,0.0,0.007372917001096842,0.0004155765380119344,0.002051222333345019,0.00012243884821807227,400.0,0.0,1.0,0.0,1.0,0.0,1.0,0.0,3.0,0.0,1083.0,0.0,0.0,0.0,1.0,0.0,0.0,0.0,433200.0,0.0,0.0,0.0,1600.0,0.0,0.0,0.0,0.0,0.0,0.0,0.0,0.0,0.0,0.0,0.0,0.0,0.0,,,,,,,,,,,,,,,,,,,,,,,,,,,,,,,,,,,,,,,,,,,,,,,,,,,,,,,,,,,,,,,,
diagnosis_controls,random,synthetic,diagnosis,known-law error single_sensor_0 | circuit,,,,,,,,,,,,,,,,,,,,,,,,,,,,,,,3,"[11, 12, 13]",random,,,,,,,,,,,,,,,,,,,,,,,,,,,,,,,,,,,,,,,,,,,,,,,,,,,,,0.5060402241715792,0.16756888664880462,0.8304420642879404,0.14433223549076765,6.846754161082608,2.270053750555923,0.8104854592316522,0.033697382864095723,0.5060402241715792,0.16756888664880462,0.8304420642879404,0.14433223549076765,6.846754161082608,2.270053750555923,0.8104854592316522,0.033697382864095723,0.0,0.0,0.0,0.0,0.0,0.0,,,-0.5060402241715792,0.16756888664880462,0.8304420642879404,0.14433223549076765,,,,,,,,,,,,,,,,,,,,,,,,,,,,,,,,,,,,
diagnosis_controls,random,synthetic,diagnosis,joint | single_sensor_0 | circuit,,,,,,,,,,,,,,,,,,,,,,,,,,,,,,,3,"[11, 12, 13]",random,,,,,,,,,,,,,,,,,,,,,,,,,,,,,,,,,,,,,,,,,,,,,,,,,,,,,,,,,,,,,,,,,,,,,,,,,,,,,,,,,0.05000000000000001,8.498374721940739e-18,200.0,0.0,9.107996940612793,0.5456708336839214,13.33496888478597,4.08051885570565,0.056666666666666664,0.0028867513459481273,0.04833333333333333,0.020816659994661327,0.49475833333333336,0.008671444996846458,0.5046999247683154,0.007516122080560716,0.49475833333333336,0.008671444996846458,,,0.0,0.0,0.0,0.0,200.0,0.0,200.0,0.0,0.0,0.0,0.0,0.0,,,0.0,0.0
diagnosis_controls,random,synthetic,diagnosis,independent | single_sensor_0 | circuit,,,,,,,,,,,,,,,,,,,,,,,,,,,,,,,3,"[11, 12, 13]",random,,,,,,,,,,,,,,,,,,,,,,,,,,,,,,,,,,,,,,,,,,,,,,,,,,,,,,,,,,,,,,,,,,,,,,,,,,,,,,,,,0.05000000000000001,8.498374721940739e-18,200.0,0.0,9.107996940612793,0.5456708336839214,13.33496888478597,4.08051885570565,0.056666666666666664,0.0028867513459481273,0.04833333333333333,0.020816659994661327,0.49475833333333336,0.008671444996846458,0.5046999247683154,0.007516122080560716,0.49475833333333336,0.008671444996846458,,,0.0,0.0,0.0,0.0,200.0,0.0,200.0,0.0,0.0,0.0,0.0,0.0,,,0.0,0.0
diagnosis_controls,random,synthetic,diagnosis,marginal_max | single_sensor_0 | circuit,,,,,,,,,,,,,,,,,,,,,,,,,,,,,,,3,"[11, 12, 13]",random,,,,,,,,,,,,,,,,,,,,,,,,,,,,,,,,,,,,,,,,,,,,,,,,,,,,,,,,,,,,,,,,,,,,,,,,,,,,,,,,,0.05000000000000001,8.498374721940739e-18,200.0,0.0,9.107996940612793,0.5456708336839214,13.33496888478597,4.08051885570565,0.056666666666666664,0.0028867513459481273,0.04833333333333333,0.020816659994661327,0.49475833333333336,0.008671444996846458,0.5046999247683154,0.007516122080560716,0.49475833333333336,0.008671444996846458,,,0.0,0.0,0.0,0.0,200.0,0.0,200.0,0.0,0.0,0.0,0.0,0.0,,,0.0,0.0
diagnosis_controls,random,synthetic,diagnosis,conditional_max | single_sensor_0 | circuit,,,,,,,,,,,,,,,,,,,,,,,,,,,,,,,3,"[11, 12, 13]",random,,,,,,,,,,,,,,,,,,,,,,,,,,,,,,,,,,,,,,,,,,,,,,,,,,,,,,,,,,,,,,,,,,,,,,,,,,,,,,,,,0.05000000000000001,8.498374721940739e-18,200.0,0.0,9.107996940612793,0.5456708336839214,13.33496888478597,4.08051885570565,0.056666666666666664,0.0028867513459481273,0.04833333333333333,0.020816659994661327,0.49475833333333336,0.008671444996846458,0.5046999247683154,0.007516122080560716,0.49475833333333336,0.008671444996846458,,,0.0,0.0,0.0,0.0,200.0,0.0,200.0,0.0,0.0,0.0,0.0,0.0,,,0.0,0.0
diagnosis_controls,random,synthetic,diagnosis,relational_max | single_sensor_0 | circuit,,,,,,,,,,,,,,,,,,,,,,,,,,,,,,,3,"[11, 12, 13]",random,,,,,,,,,,,,,,,,,,,,,,,,,,,,,,,,,,,,,,,,,,,,,,,,,,,,,,,,,,,,,,,,,,,,,,,,,,,,,,,,,0.05000000000000001,8.498374721940739e-18,200.0,0.0,0.0,0.0,0.0,0.0,0.0,0.0,0.0,0.0,0.5,0.0,0.5,0.0,0.5,0.0,,,0.0,0.0,0.0,0.0,200.0,0.0,200.0,0.0,0.0,0.0,0.0,0.0,,,0.0,0.0
diagnosis_controls,random,synthetic,diagnosis,query single_sensor_0 | known_law_oracle,,,,,,,,,,,,,,,,,,,,,,,,,,,,,,,3,"[11, 12, 13]",random,,,,,,,,,,,0.0,0.0,0.00046227766627756256,1.9832222894184036e-05,0.00041012533256434835,2.0604286274315544e-05,400.0,0.0,1.0,0.0,1.0,0.0,1.0,0.0,2.0,0.0,0.0,0.0,0.0,0.0,1.0,0.0,0.0,0.0,0.0,0.0,0.0,0.0,1600.0,0.0,0.0,0.0,0.0,0.0,0.0,0.0,0.0,0.0,0.0,0.0,0.0,0.0,,,,,,,,,,,,,,,,,,,,,,,,,,,,,,,,,,,,,,,,,,,,,,,,,,,,,,,,,,,,,,,,
diagnosis_controls,random,synthetic,diagnosis,known-law error single_sensor_0 | known_law_oracle,,,,,,,,,,,,,,,,,,,,,,,,,,,,,,,3,"[11, 12, 13]",random,,,,,,,,,,,,,,,,,,,,,,,,,,,,,,,,,,,,,,,,,,,,,,,,,,,,,0.0,0.0,0.0,0.0,0.0,0.0,1.0,0.0,0.0,0.0,0.0,0.0,0.0,0.0,1.0,0.0,0.0,0.0,0.0,0.0,0.0,0.0,,,0.0,0.0,0.0,0.0,,,,,,,,,,,,,,,,,,,,,,,,,,,,,,,,,,,,
diagnosis_controls,random,synthetic,diagnosis,joint | single_sensor_0 | known_law_oracle,,,,,,,,,,,,,,,,,,,,,,,,,,,,,,,3,"[11, 12, 13]",random,,,,,,,,,,,,,,,,,,,,,,,,,,,,,,,,,,,,,,,,,,,,,,,,,,,,,,,,,,,,,,,,,,,,,,,,,,,,,,,,,0.05000000000000001,8.498374721940739e-18,200.0,0.0,7.689895496961474,0.5021001950174577,10.071033718670991,2.3032659569915754,0.06333333333333334,0.020207259421636908,0.06,0.0304138126514911,0.48662500000000003,0.006084868527749771,0.4983624026561697,0.008169094318119742,0.48662500000000003,0.006084868527749771,,,0.0,0.0,0.0,0.0,200.0,0.0,200.0,0.0,0.0,0.0,0.0,0.0,,,0.0,0.0
diagnosis_controls,random,synthetic,diagnosis,independent | single_sensor_0 | known_law_oracle,,,,,,,,,,,,,,,,,,,,,,,,,,,,,,,3,"[11, 12, 13]",random,,,,,,,,,,,,,,,,,,,,,,,,,,,,,,,,,,,,,,,,,,,,,,,,,,,,,,,,,,,,,,,,,,,,,,,,,,,,,,,,,0.05000000000000001,8.498374721940739e-18,200.0,0.0,7.689895496961474,0.5021001950174577,10.071033718670991,2.3032659569915754,0.06333333333333334,0.020207259421636908,0.06,0.0304138126514911,0.48662500000000003,0.006084868527749771,0.4983624026561697,0.008169094318119742,0.48662500000000003,0.006084868527749771,,,0.0,0.0,0.0,0.0,200.0,0.0,200.0,0.0,0.0,0.0,0.0,0.0,,,0.0,0.0
diagnosis_controls,random,synthetic,diagnosis,marginal_max | single_sensor_0 | known_law_oracle,,,,,,,,,,,,,,,,,,,,,,,,,,,,,,,3,"[11, 12, 13]",random,,,,,,,,,,,,,,,,,,,,,,,,,,,,,,,,,,,,,,,,,,,,,,,,,,,,,,,,,,,,,,,,,,,,,,,,,,,,,,,,,0.05000000000000001,8.498374721940739e-18,200.0,0.0,7.689895496961474,0.5021001950174577,10.071033718670991,2.3032659569915754,0.06333333333333334,0.020207259421636908,0.06,0.0304138126514911,0.48662500000000003,0.006084868527749771,0.4983624026561697,0.008169094318119742,0.48662500000000003,0.006084868527749771,,,0.0,0.0,0.0,0.0,200.0,0.0,200.0,0.0,0.0,0.0,0.0,0.0,,,0.0,0.0
diagnosis_controls,random,synthetic,diagnosis,conditional_max | single_sensor_0 | known_law_oracle,,,,,,,,,,,,,,,,,,,,,,,,,,,,,,,3,"[11, 12, 13]",random,,,,,,,,,,,,,,,,,,,,,,,,,,,,,,,,,,,,,,,,,,,,,,,,,,,,,,,,,,,,,,,,,,,,,,,,,,,,,,,,,0.05000000000000001,8.498374721940739e-18,200.0,0.0,7.689895496961474,0.5021001950174577,10.071033718670991,2.3032659569915754,0.06333333333333334,0.020207259421636908,0.06,0.0304138126514911,0.48662500000000003,0.006084868527749771,0.4983624026561697,0.008169094318119742,0.48662500000000003,0.006084868527749771,,,0.0,0.0,0.0,0.0,200.0,0.0,200.0,0.0,0.0,0.0,0.0,0.0,,,0.0,0.0
diagnosis_controls,random,synthetic,diagnosis,relational_max | single_sensor_0 | known_law_oracle,,,,,,,,,,,,,,,,,,,,,,,,,,,,,,,3,"[11, 12, 13]",random,,,,,,,,,,,,,,,,,,,,,,,,,,,,,,,,,,,,,,,,,,,,,,,,,,,,,,,,,,,,,,,,,,,,,,,,,,,,,,,,,0.05000000000000001,8.498374721940739e-18,200.0,0.0,0.0,0.0,0.0,0.0,0.0,0.0,0.0,0.0,0.5,0.0,0.5,0.0,0.5,0.0,,,0.0,0.0,0.0,0.0,200.0,0.0,200.0,0.0,0.0,0.0,0.0,0.0,,,0.0,0.0
diagnosis_controls,blocked,synthetic,diagnosis,model,1.6763806343078613e-07,9.446384260882412e-08,64.0,0.0,57.0,0.0,240.0,0.0,361.0,0.0,1488.0,0.0,946.6666666666666,157.24291186992605,118.33333333333333,19.655363983740756,92.33333333333333,19.655363983740756,20.509877522786457,0.2801988314898698,16.781075954437256,23.954567993788196,20.23097848892212,0.05988006103481288,0.02,0.0,150.0,0.0,128.0,0.0,3,"[11, 12, 13]",blocked,,,,,,,,,,,,,,,,,,,,,,,,,,,,,,,,,,,,,,,,,,,,,,,,,,,,,,,,,,,,,,,,,,,,,,,,,,,,,,,,,,,,,,,,,,,,,,,,,,,,,,,,,,,,,,,,,,,,
diagnosis_controls,blocked,synthetic,diagnosis,shortcut audit,,,,,,,,,,,,,,,,,,,,,,,,,,,,,,,3,"[11, 12, 13]",blocked,0.48155,0.02226208941227215,0.0,0.0,400.0,0.0,400.0,0.0,10.0,0.0,,,,,,,,,,,,,,,,,,,,,,,,,,,,,,,,,,,,,,,,,,,,,,,,,,,,,,,,,,,,,,,,,,,,,,,,,,,,,,,,,,,,,,,,,,,,,,,,,,,,,,,,,,
diagnosis_controls,blocked,synthetic,diagnosis,query full | circuit,,,,,,,,,,,,,,,,,,,,,,,,,,,,,,,3,"[11, 12, 13]",blocked,,,,,,,,,,,5.0067901611328125e-06,1.9515401773148657e-06,0.006880041667803501,0.0001351063052480063,0.004395721999268669,0.0002172835967323007,400.0,0.0,4.0,0.0,4.0,0.0,4.0,0.0,3.0,0.0,450.0,0.0,16.0,0.0,1.0,0.0,0.0068000000000000005,0.00014405554484295304,180000.0,0.0,12800.0,0.0,1600.0,0.0,25600.0,0.0,-0.01174916885793209,0.0021505608112767634,0.06336212903261185,0.011168131850764212,0.0822463904817899,0.01985893648364904,-0.13690980275472006,0.022474907593139627,0.10999450832605362,0.01530696002144933,,,,,,,,,,,,,,,,,,,,,,,,,,,,,,,,,,,,,,,,,,,,,,,,,,,,,,,,,,,,,,,,
diagnosis_controls,blocked,synthetic,diagnosis,known-law error full | circuit,,,,,,,,,,,,,,,,,,,,,,,,,,,,,,,3,"[11, 12, 13]",blocked,,,,,,,,,,,,,,,,,,,,,,,,,,,,,,,,,,,,,,,,,,,,,,,,,,,,,0.1316315771393916,0.01605031269972594,0.3627784180761646,0.016153533910413517,5.034869572425698,1.3300472873667712,0.9424577512248177,0.005310509272874015,0.1258522879335219,0.01665632303649059,0.35721654449738033,0.015152888597000749,4.980733614072019,1.2826733870688891,0.9431538057073808,0.005546008876468645,0.005779309868813203,0.0010688304959277598,0.03454089899857845,0.00788314185034051,0.2537485758463524,0.1519278729211517,-0.0035335551371615593,0.014567404100983351,-0.514970844289833,0.06538428718953555,0.853946125084116,0.05984827883656919,,,,,,,,,,,,,,,,,,,,,,,,,,,,,,,,,,,,
diagnosis_controls,blocked,synthetic,diagnosis,joint | full | circuit,,,,,,,,,,,,,,,,,,,,,,,,,,,,,,,3,"[11, 12, 13]",blocked,,,,,,,,,,,,,,,,,,,,,,,,,,,,,,,,,,,,,,,,,,,,,,,,,,,,,,,,,,,,,,,,,,,,,,,,,,,,,,,,,0.05000000000000001,8.498374721940739e-18,200.0,0.0,26.599150975545246,1.1143467331044088,17.135950724283855,0.8992620713258324,0.04833333333333334,0.028431203515386635,0.03666666666666667,0.01755942292142123,0.4991166666666667,0.00493465635412776,0.5009550743899861,0.0033657180390189024,0.4991166666666667,0.00493465635412776,0.5218055555555555,0.010592952758704656,200.0,0.0,0.0,0.0,0.0,0.0,0.0,0.0,200.0,0.0,192.66666666666666,3.5118845842842465,0.25166666666666665,0.016072751268321604,0.008333333333333333,0.005773502691896257
diagnosis_controls,blocked,synthetic,diagnosis,independent | full | circuit,,,,,,,,,,,,,,,,,,,,,,,,,,,,,,,3,"[11, 12, 13]",blocked,,,,,,,,,,,,,,,,,,,,,,,,,,,,,,,,,,,,,,,,,,,,,,,,,,,,,,,,,,,,,,,,,,,,,,,,,,,,,,,,,0.05000000000000001,8.498374721940739e-18,200.0,0.0,26.58863067626953,1.0851344378249734,17.041305541992188,1.0092777894943128,0.04833333333333334,0.028431203515386635,0.03833333333333334,0.015275252316519466,0.49918333333333337,0.005049773097212696,0.5012865857564321,0.002630732979219678,0.49918333333333337,0.005049773097212696,0.5205555555555555,0.0075614764382312275,200.0,0.0,0.0,0.0,0.0,0.0,0.0,0.0,200.0,0.0,192.33333333333334,3.0550504633038935,0.25,0.018027756377319962,0.008333333333333333,0.005773502691896257
diagnosis_controls,blocked,synthetic,diagnosis,marginal_max | full | circuit,,,,,,,,,,,,,,,,,,,,,,,,,,,,,,,3,"[11, 12, 13]",blocked,,,,,,,,,,,,,,,,,,,,,,,,,,,,,,,,,,,,,,,,,,,,,,,,,,,,,,,,,,,,,,,,,,,,,,,,,,,,,,,,,0.05000000000000001,8.498374721940739e-18,200.0,0.0,9.956011772155762,0.5410845159544232,11.92206605275472,2.780695693049179,0.051666666666666666,0.011547005383792518,0.06333333333333334,0.016072751268321594,0.5017083333333333,0.003592882141586775,0.5059726525285537,0.010008280286681114,0.5017083333333333,0.003592882141586775,0.5205555555555555,0.0075614764382312275,200.0,0.0,0.0,0.0,0.0,0.0,0.0,0.0,200.0,0.0,187.33333333333334,3.2145502536643185,0.25,0.018027756377319962,0.021666666666666667,0.012583057392117916
diagnosis_controls,blocked,synthetic,diagnosis,conditional_max | full | circuit,,,,,,,,,,,,,,,,,,,,,,,,,,,,,,,3,"[11, 12, 13]",blocked,,,,,,,,,,,,,,,,,,,,,,,,,,,,,,,,,,,,,,,,,,,,,,,,,,,,,,,,,,,,,,,,,,,,,,,,,,,,,,,,,0.05000000000000001,8.498374721940739e-18,200.0,0.0,9.941789309183756,0.5449588065438434,12.006721496582031,2.8256118573527753,0.05333333333333334,0.014433756729740649,0.065,0.017320508075688773,0.5016125,0.004126950296526482,0.5077671366732193,0.00990349035303691,0.5016125,0.004126950296526482,0.5218055555555555,0.010592952758704656,200.0,0.0,0.0,0.0,0.0,0.0,0.0,0.0,200.0,0.0,187.0,3.4641016151377544,0.25166666666666665,0.016072751268321604,0.021666666666666667,0.012583057392117916
diagnosis_controls,blocked,synthetic,diagnosis,relational_max | full | circuit,,,,,,,,,,,,,,,,,,,,,,,,,,,,,,,3,"[11, 12, 13]",blocked,,,,,,,,,,,,,,,,,,,,,,,,,,,,,,,,,,,,,,,,,,,,,,,,,,,,,,,,,,,,,,,,,,,,,,,,,,,,,,,,,0.05000000000000001,8.498374721940739e-18,200.0,0.0,0.12254079182942708,0.012604310819927151,0.2756366729736328,0.17514087219455182,0.07166666666666667,0.018929694486000914,0.06166666666666667,0.0202072594216369,0.5050625000000001,0.009030841253726038,0.5089074449011802,0.003702094198493594,0.5050625000000001,0.009030841253726038,0.5051388888888889,0.014020900404330235,200.0,0.0,0.0,0.0,0.0,0.0,83.66666666666667,103.4520823054487,116.33333333333333,103.4520823054487,107.66666666666667,95.25929525948285,0.24608669476219147,0.02660696798564675,0.0,0.0
diagnosis_controls,blocked,synthetic,diagnosis,query full | known_law_oracle,,,,,,,,,,,,,,,,,,,,,,,,,,,,,,,3,"[11, 12, 13]",blocked,,,,,,,,,,,0.0,0.0,0.001652222000605737,5.643765600534896e-05,0.0014823056662862655,3.920918781212762e-05,400.0,0.0,4.0,0.0,4.0,0.0,4.0,0.0,5.0,0.0,0.0,0.0,0.0,0.0,1.0,0.0,0.0,0.0,0.0,0.0,0.0,0.0,1600.0,0.0,0.0,0.0,-7.105427357601002e-17,1.0805156823142816e-16,1.3559523874088578e-15,1.4897411453073922e-16,2.1872322410349084e-15,1.2232396861929305e-16,-3.552713678800501e-15,0.0,3.552713678800501e-15,0.0,,,,,,,,,,,,,,,,,,,,,,,,,,,,,,,,,,,,,,,,,,,,,,,,,,,,,,,,,,,,,,,,
diagnosis_controls,blocked,synthetic,diagnosis,known-law error full | known_law_oracle,,,,,,,,,,,,,,,,,,,,,,,,,,,,,,,3,"[11, 12, 13]",blocked,,,,,,,,,,,,,,,,,,,,,,,,,,,,,,,,,,,,,,,,,,,,,,,,,,,,,0.0,0.0,0.0,0.0,0.0,0.0,1.0,7.850462293418876e-17,0.0,0.0,0.0,0.0,0.0,0.0,1.0,7.850462293418876e-17,0.0,0.0,0.0,0.0,0.0,0.0,1.0,1.5700924586837752e-16,0.0,0.0,0.0,0.0,,,,,,,,,,,,,,,,,,,,,,,,,,,,,,,,,,,,
diagnosis_controls,blocked,synthetic,diagnosis,joint | full | known_law_oracle,,,,,,,,,,,,,,,,,,,,,,,,,,,,,,,3,"[11, 12, 13]",blocked,,,,,,,,,,,,,,,,,,,,,,,,,,,,,,,,,,,,,,,,,,,,,,,,,,,,,,,,,,,,,,,,,,,,,,,,,,,,,,,,,0.05000000000000001,8.498374721940739e-18,200.0,0.0,25.123579209597313,0.8029984373828893,17.044397970706715,2.1083751073729076,0.06166666666666667,0.03752776749732568,0.06666666666666667,0.03214550253664318,0.495175,0.009931232300173022,0.5004042151936351,0.002741286964361124,0.495175,0.009931232300173022,0.5191666666666667,0.02036131953811768,200.0,0.0,0.0,0.0,0.0,0.0,0.0,0.0,200.0,0.0,186.66666666666666,6.429100507328636,0.24666666666666667,0.022546248764114478,0.02,0.005000000000000001
diagnosis_controls,blocked,synthetic,diagnosis,independent | full | known_law_oracle,,,,,,,,,,,,,,,,,,,,,,,,,,,,,,,3,"[11, 12, 13]",blocked,,,,,,,,,,,,,,,,,,,,,,,,,,,,,,,,,,,,,,,,,,,,,,,,,,,,,,,,,,,,,,,,,,,,,,,,,,,,,,,,,0.05000000000000001,8.498374721940739e-18,200.0,0.0,25.123579209597313,0.8029984373828913,17.044397970706715,2.108375107372908,0.06166666666666667,0.03752776749732568,0.06666666666666667,0.03214550253664318,0.495175,0.009931232300173022,0.5004042151936351,0.002741286964361124,0.495175,0.009931232300173022,0.5191666666666667,0.02036131953811768,200.0,0.0,0.0,0.0,0.0,0.0,0.0,0.0,200.0,0.0,186.66666666666666,6.429100507328636,0.24666666666666667,0.022546248764114478,0.02,0.005000000000000001
diagnosis_controls,blocked,synthetic,diagnosis,marginal_max | full | known_law_oracle,,,,,,,,,,,,,,,,,,,,,,,,,,,,,,,3,"[11, 12, 13]",blocked,,,,,,,,,,,,,,,,,,,,,,,,,,,,,,,,,,,,,,,,,,,,,,,,,,,,,,,,,,,,,,,,,,,,,,,,,,,,,,,,,0.05000000000000001,8.498374721940739e-18,200.0,0.0,9.534260679629464,0.5096828622100442,9.419955147727025,2.0038181239108432,0.06833333333333334,0.007637626158259734,0.06333333333333334,0.016072751268321594,0.49613749999999995,0.005834447810204524,0.4981638992130874,0.007072901242308277,0.49613749999999995,0.005834447810204524,0.5191666666666667,0.02036131953811768,200.0,0.0,0.0,0.0,0.0,0.0,0.0,0.0,200.0,0.0,187.33333333333334,3.2145502536643185,0.24666666666666667,0.022546248764114478,0.013333333333333334,0.011547005383792516
diagnosis_controls,blocked,synthetic,diagnosis,conditional_max | full | known_law_oracle,,,,,,,,,,,,,,,,,,,,,,,,,,,,,,,3,"[11, 12, 13]",blocked,,,,,,,,,,,,,,,,,,,,,,,,,,,,,,,,,,,,,,,,,,,,,,,,,,,,,,,,,,,,,,,,,,,,,,,,,,,,,,,,,0.05000000000000001,8.498374721940739e-18,200.0,0.0,9.534260679629464,0.5096828622100421,9.419955147727027,2.0038181239108415,0.06833333333333334,0.007637626158259734,0.06333333333333334,0.016072751268321594,0.49618333333333337,0.005731005765424863,0.49909067103859645,0.006926249550799064,0.49618333333333337,0.005731005765424863,0.5191666666666667,0.02036131953811768,200.0,0.0,0.0,0.0,0.0,0.0,0.0,0.0,200.0,0.0,187.33333333333334,3.2145502536643185,0.24666666666666667,0.022546248764114478,0.013333333333333334,0.011547005383792516
diagnosis_controls,blocked,synthetic,diagnosis,relational_max | full | known_law_oracle,,,,,,,,,,,,,,,,,,,,,,,,,,,,,,,3,"[11, 12, 13]",blocked,,,,,,,,,,,,,,,,,,,,,,,,,,,,,,,,,,,,,,,,,,,,,,,,,,,,,,,,,,,,,,,,,,,,,,,,,,,,,,,,,0.05000000000000001,8.498374721940739e-18,200.0,0.0,2.960594732333751e-15,5.127900497022838e-16,7.697546304067751e-15,5.127900497022837e-16,0.043333333333333335,0.020816659994661327,0.055000000000000014,0.0360555127546399,0.49685833333333335,0.03547310674417076,0.503320472520619,0.017195342160496938,0.49685833333333335,0.03547310674417076,0.43069444444444444,0.007742977702647969,200.0,0.0,0.0,0.0,0.0,0.0,200.0,0.0,0.0,0.0,0.0,0.0,,,0.0,0.0
diagnosis_controls,blocked,synthetic,diagnosis,query random1:0 | circuit,,,,,,,,,,,,,,,,,,,,,,,,,,,,,,,3,"[11, 12, 13]",blocked,,,,,,,,,,,2.86102294921875e-06,9.5367431640625e-07,0.006748917000853301,9.129443465577328e-05,0.004294624999602092,0.0003004864479135181,400.0,0.0,3.0,0.0,3.0,0.0,3.0,0.0,3.0,0.0,450.0,0.0,16.0,0.0,1.0,0.0,0.006668,8.950418984606267e-05,180000.0,0.0,12800.0,0.0,1600.0,0.0,25600.0,0.0,-0.008023082365601416,0.007034805387648344,0.0443134902913395,0.039262297638044306,0.058243119212420424,0.05322066905153411,-0.09403958270922885,0.0836642344874244,0.07723107635926378,0.06923129319319501,,,,,,,,,,,,,,,,,,,,,,,,,,,,,,,,,,,,,,,,,,,,,,,,,,,,,,,,,,,,,,,,
diagnosis_controls,blocked,synthetic,diagnosis,known-law error random1:0 | circuit,,,,,,,,,,,,,,,,,,,,,,,,,,,,,,,3,"[11, 12, 13]",blocked,,,,,,,,,,,,,,,,,,,,,,,,,,,,,,,,,,,,,,,,,,,,,,,,,,,,,0.1265356302805315,0.0034044743702494654,0.36294904790301596,0.023717136556162206,4.110902256603798,0.7150555618933914,0.9410439577278688,0.003918584672003509,0.12117958537879041,0.004401846107876242,0.35741258022701716,0.021682638259134336,4.100235409374796,0.7072886857224226,0.9417522272731592,0.004497117513753027,0.005356052186753217,0.004694316298013567,0.029729062186347122,0.026385483620600877,0.18274529774983636,0.20859129961612094,0.0358106157225498,0.0588971764086532,-0.37156182543861144,0.009492943160357353,0.7053214319970844,0.05316138957896661,,,,,,,,,,,,,,,,,,,,,,,,,,,,,,,,,,,,
diagnosis_controls,blocked,synthetic,diagnosis,joint | random1:0 | circuit,,,,,,,,,,,,,,,,,,,,,,,,,,,,,,,3,"[11, 12, 13]",blocked,,,,,,,,,,,,,,,,,,,,,,,,,,,,,,,,,,,,,,,,,,,,,,,,,,,,,,,,,,,,,,,,,,,,,,,,,,,,,,,,,0.05000000000000001,8.498374721940739e-18,200.0,0.0,20.221261978149414,0.4354622658735966,13.231202761332193,0.16334985574202,0.056666666666666664,0.027537852736430512,0.056666666666666664,0.027537852736430512,0.5,0.0,0.5,0.0,0.5,0.0,,,0.0,0.0,200.0,0.0,0.0,0.0,0.0,0.0,0.0,0.0,0.0,0.0,,,0.0,0.0
diagnosis_controls,blocked,synthetic,diagnosis,independent | random1:0 | circuit,,,,,,,,,,,,,,,,,,,,,,,,,,,,,,,3,"[11, 12, 13]",blocked,,,,,,,,,,,,,,,,,,,,,,,,,,,,,,,,,,,,,,,,,,,,,,,,,,,,,,,,,,,,,,,,,,,,,,,,,,,,,,,,,0.05000000000000001,8.498374721940739e-18,200.0,0.0,20.261912663777668,0.3958475030878414,13.224704424540201,0.19961668833847387,0.05499999999999999,0.025,0.05499999999999999,0.025,0.5,0.0,0.5,0.0,0.5,0.0,,,0.0,0.0,200.0,0.0,0.0,0.0,0.0,0.0,0.0,0.0,0.0,0.0,,,0.0,0.0
diagnosis_controls,blocked,synthetic,diagnosis,marginal_max | random1:0 | circuit,,,,,,,,,,,,,,,,,,,,,,,,,,,,,,,3,"[11, 12, 13]",blocked,,,,,,,,,,,,,,,,,,,,,,,,,,,,,,,,,,,,,,,,,,,,,,,,,,,,,,,,,,,,,,,,,,,,,,,,,,,,,,,,,0.05000000000000001,8.498374721940739e-18,200.0,0.0,9.578674952189127,0.4176963616732949,10.413428942362467,1.384876706316075,0.04833333333333333,0.010408329997330662,0.04833333333333333,0.010408329997330662,0.5,0.0,0.5,0.0,0.5,0.0,,,0.0,0.0,200.0,0.0,0.0,0.0,0.0,0.0,0.0,0.0,0.0,0.0,,,0.0,0.0
diagnosis_controls,blocked,synthetic,diagnosis,conditional_max | random1:0 | circuit,,,,,,,,,,,,,,,,,,,,,,,,,,,,,,,3,"[11, 12, 13]",blocked,,,,,,,,,,,,,,,,,,,,,,,,,,,,,,,,,,,,,,,,,,,,,,,,,,,,,,,,,,,,,,,,,,,,,,,,,,,,,,,,,0.05000000000000001,8.498374721940739e-18,200.0,0.0,9.609223365783691,0.35295846010251053,10.4452273050944,1.4010005917852177,0.049999999999999996,0.013228756555322954,0.049999999999999996,0.013228756555322954,0.5,0.0,0.5,0.0,0.5,0.0,,,0.0,0.0,200.0,0.0,0.0,0.0,0.0,0.0,0.0,0.0,0.0,0.0,,,0.0,0.0
diagnosis_controls,blocked,synthetic,diagnosis,relational_max | random1:0 | circuit,,,,,,,,,,,,,,,,,,,,,,,,,,,,,,,3,"[11, 12, 13]",blocked,,,,,,,,,,,,,,,,,,,,,,,,,,,,,,,,,,,,,,,,,,,,,,,,,,,,,,,,,,,,,,,,,,,,,,,,,,,,,,,,,0.05000000000000001,8.498374721940739e-18,200.0,0.0,0.0853109359741211,0.07406690002323534,0.18395201365152994,0.21325186172844288,0.06,0.02179449471770337,0.06,0.02179449471770337,0.5,0.0,0.5,0.0,0.5,0.0,,,0.0,0.0,200.0,0.0,0.0,0.0,0.0,0.0,0.0,0.0,0.0,0.0,,,0.0,0.0
diagnosis_controls,blocked,synthetic,diagnosis,query random1:0 | known_law_oracle,,,,,,,,,,,,,,,,,,,,,,,,,,,,,,,3,"[11, 12, 13]",blocked,,,,,,,,,,,0.0,0.0,0.0012972499995764035,0.00016675026144575652,0.0011458749989590917,8.263269942127734e-05,400.0,0.0,3.0,0.0,3.0,0.0,3.0,0.0,4.0,0.0,0.0,0.0,0.0,0.0,1.0,0.0,0.0,0.0,0.0,0.0,0.0,0.0,1600.0,0.0,0.0,0.0,-8.052817671947803e-16,1.6906525406631609e-16,1.0954200509634876e-15,7.65758843379746e-17,1.7506064265808513e-15,1.3584626236046136e-16,-3.552713678800501e-15,0.0,1.1842378929335002e-15,2.051160198809135e-15,,,,,,,,,,,,,,,,,,,,,,,,,,,,,,,,,,,,,,,,,,,,,,,,,,,,,,,,,,,,,,,,
diagnosis_controls,blocked,synthetic,diagnosis,known-law error random1:0 | known_law_oracle,,,,,,,,,,,,,,,,,,,,,,,,,,,,,,,3,"[11, 12, 13]",blocked,,,,,,,,,,,,,,,,,,,,,,,,,,,,,,,,,,,,,,,,,,,,,,,,,,,,,0.0,0.0,0.0,0.0,0.0,0.0,1.0,7.850462293418876e-17,0.0,0.0,0.0,0.0,0.0,0.0,1.0,7.850462293418876e-17,0.0,0.0,0.0,0.0,0.0,0.0,1.0,0.0,0.0,0.0,0.0,0.0,,,,,,,,,,,,,,,,,,,,,,,,,,,,,,,,,,,,
diagnosis_controls,blocked,synthetic,diagnosis,joint | random1:0 | known_law_oracle,,,,,,,,,,,,,,,,,,,,,,,,,,,,,,,3,"[11, 12, 13]",blocked,,,,,,,,,,,,,,,,,,,,,,,,,,,,,,,,,,,,,,,,,,,,,,,,,,,,,,,,,,,,,,,,,,,,,,,,,,,,,,,,,0.05000000000000001,8.498374721940739e-18,200.0,0.0,19.29980858508487,0.2907926582450536,12.460575795018181,0.5139552780926636,0.06333333333333334,0.036170890690351176,0.06333333333333334,0.036170890690351176,0.5,0.0,0.5,0.0,0.5,0.0,,,0.0,0.0,200.0,0.0,0.0,0.0,0.0,0.0,0.0,0.0,0.0,0.0,,,0.0,0.0
diagnosis_controls,blocked,synthetic,diagnosis,independent | random1:0 | known_law_oracle,,,,,,,,,,,,,,,,,,,,,,,,,,,,,,,3,"[11, 12, 13]",blocked,,,,,,,,,,,,,,,,,,,,,,,,,,,,,,,,,,,,,,,,,,,,,,,,,,,,,,,,,,,,,,,,,,,,,,,,,,,,,,,,,0.05000000000000001,8.498374721940739e-18,200.0,0.0,19.29980858508487,0.29079265824505296,12.460575795018181,0.5139552780926618,0.06333333333333334,0.036170890690351176,0.06333333333333334,0.036170890690351176,0.5,0.0,0.5,0.0,0.5,0.0,,,0.0,0.0,200.0,0.0,0.0,0.0,0.0,0.0,0.0,0.0,0.0,0.0,,,0.0,0.0
diagnosis_controls,blocked,synthetic,diagnosis,marginal_max | random1:0 | known_law_oracle,,,,,,,,,,,,,,,,,,,,,,,,,,,,,,,3,"[11, 12, 13]",blocked,,,,,,,,,,,,,,,,,,,,,,,,,,,,,,,,,,,,,,,,,,,,,,,,,,,,,,,,,,,,,,,,,,,,,,,,,,,,,,,,,0.05000000000000001,8.498374721940739e-18,200.0,0.0,8.943559558715588,0.1510144337961069,8.295845016820818,0.8547720703698442,0.07,0.025980762113533163,0.07,0.025980762113533163,0.5,0.0,0.5,0.0,0.5,0.0,,,0.0,0.0,200.0,0.0,0.0,0.0,0.0,0.0,0.0,0.0,0.0,0.0,,,0.0,0.0
diagnosis_controls,blocked,synthetic,diagnosis,conditional_max | random1:0 | known_law_oracle,,,,,,,,,,,,,,,,,,,,,,,,,,,,,,,3,"[11, 12, 13]",blocked,,,,,,,,,,,,,,,,,,,,,,,,,,,,,,,,,,,,,,,,,,,,,,,,,,,,,,,,,,,,,,,,,,,,,,,,,,,,,,,,,0.05000000000000001,8.498374721940739e-18,200.0,0.0,8.943559558715588,0.15101443379610804,8.295845016820817,0.8547720703698464,0.07,0.025980762113533163,0.07,0.025980762113533163,0.5,0.0,0.5,0.0,0.5,0.0,,,0.0,0.0,200.0,0.0,0.0,0.0,0.0,0.0,0.0,0.0,0.0,0.0,,,0.0,0.0
diagnosis_controls,blocked,synthetic,diagnosis,relational_max | random1:0 | known_law_oracle,,,,,,,,,,,,,,,,,,,,,,,,,,,,,,,3,"[11, 12, 13]",blocked,,,,,,,,,,,,,,,,,,,,,,,,,,,,,,,,,,,,,,,,,,,,,,,,,,,,,,,,,,,,,,,,,,,,,,,,,,,,,,,,,0.05000000000000001,8.498374721940739e-18,200.0,0.0,3.552713678800501e-15,8.881784197001252e-16,7.697546304067751e-15,5.127900497022837e-16,0.06333333333333334,0.03013856886670854,0.06333333333333334,0.03013856886670854,0.5,0.0,0.5,0.0,0.5,0.0,,,0.0,0.0,200.0,0.0,0.0,0.0,0.0,0.0,0.0,0.0,0.0,0.0,,,0.0,0.0
diagnosis_controls,blocked,synthetic,diagnosis,query random2:1-2 | circuit,,,,,,,,,,,,,,,,,,,,,,,,,,,,,,,3,"[11, 12, 13]",blocked,,,,,,,,,,,1.9073486328125e-06,0.0,0.006760805666999659,0.0002760979872745198,0.004246236000957045,0.00010975406215090602,400.0,0.0,2.0,0.0,2.0,0.0,2.0,0.0,3.0,0.0,450.0,0.0,16.0,0.0,1.0,0.0,0.006677,0.00026863171815703365,180000.0,0.0,12800.0,0.0,1600.0,0.0,25600.0,0.0,2.170642172435085e-05,7.251635060428453e-05,0.0006679511033477562,0.000981123346477079,0.0008330551402195852,0.0012473813286223887,-0.0012454191649643083,0.001891803608359444,0.0016049862218399842,0.0024927430962605173,,,,,,,,,,,,,,,,,,,,,,,,,,,,,,,,,,,,,,,,,,,,,,,,,,,,,,,,,,,,,,,,
diagnosis_controls,blocked,synthetic,diagnosis,known-law error random2:1-2 | circuit,,,,,,,,,,,,,,,,,,,,,,,,,,,,,,,3,"[11, 12, 13]",blocked,,,,,,,,,,,,,,,,,,,,,,,,,,,,,,,,,,,,,,,,,,,,,,,,,,,,,0.13197001799314165,0.03853294620139416,0.361169939612161,0.010371557816621925,4.724353241486256,1.523858227264405,0.9443982563816066,0.0023290552289575634,0.13196947628626174,0.03849979444689105,0.36116897845760226,0.01037007844621864,4.723998156749112,1.5242416806686465,0.9443981483581214,0.0023294251896906174,5.422035852646137e-07,3.6808321757761084e-05,0.0006850328048071153,0.001013563027928105,0.0023139317830436212,0.003558286591134854,-0.056328916636925914,0.10584104001921792,-0.2639393678182153,0.07703268363770313,0.5546164948136477,0.01152053822847485,,,,,,,,,,,,,,,,,,,,,,,,,,,,,,,,,,,,
diagnosis_controls,blocked,synthetic,diagnosis,joint | random2:1-2 | circuit,,,,,,,,,,,,,,,,,,,,,,,,,,,,,,,3,"[11, 12, 13]",blocked,,,,,,,,,,,,,,,,,,,,,,,,,,,,,,,,,,,,,,,,,,,,,,,,,,,,,,,,,,,,,,,,,,,,,,,,,,,,,,,,,0.05000000000000001,8.498374721940739e-18,200.0,0.0,14.368971188863119,0.6069781546131543,15.462691942850748,2.1881092148597174,0.049999999999999996,0.0229128784747792,0.05333333333333334,0.007637626158259733,0.49360833333333337,0.0119120824515839,0.5033788573391891,0.0048827205481974546,0.49360833333333337,0.0119120824515839,0.7391666666666667,0.020207259421636856,200.0,0.0,0.0,0.0,0.0,0.0,0.0,0.0,200.0,0.0,189.33333333333334,1.5275252316519465,0.47833333333333333,0.0404145188432738,0.03,0.013228756555322956
diagnosis_controls,blocked,synthetic,diagnosis,independent | random2:1-2 | circuit,,,,,,,,,,,,,,,,,,,,,,,,,,,,,,,3,"[11, 12, 13]",blocked,,,,,,,,,,,,,,,,,,,,,,,,,,,,,,,,,,,,,,,,,,,,,,,,,,,,,,,,,,,,,,,,,,,,,,,,,,,,,,,,,0.05000000000000001,8.498374721940739e-18,200.0,0.0,14.370989799499512,0.6036766051631103,15.461211840311686,2.188549180906202,0.049999999999999996,0.0229128784747792,0.05333333333333334,0.007637626158259733,0.4936416666666667,0.01187669286179167,0.5033967249879364,0.004868106777907956,0.4936416666666667,0.01187669286179167,0.7391666666666667,0.020207259421636856,200.0,0.0,0.0,0.0,0.0,0.0,0.0,0.0,200.0,0.0,189.33333333333334,1.5275252316519465,0.47833333333333333,0.0404145188432738,0.03,0.013228756555322956
diagnosis_controls,blocked,synthetic,diagnosis,marginal_max | random2:1-2 | circuit,,,,,,,,,,,,,,,,,,,,,,,,,,,,,,,3,"[11, 12, 13]",blocked,,,,,,,,,,,,,,,,,,,,,,,,,,,,,,,,,,,,,,,,,,,,,,,,,,,,,,,,,,,,,,,,,,,,,,,,,,,,,,,,,0.05000000000000001,8.498374721940739e-18,200.0,0.0,9.193735758463541,0.8167738444929619,12.631754239400228,2.9286139543240943,0.041666666666666664,0.029297326385411576,0.051666666666666666,0.03403429642777023,0.4969208333333333,0.01752263863073522,0.504659358982988,0.005828593881517328,0.4969208333333333,0.01752263863073522,0.7391666666666667,0.020207259421636856,200.0,0.0,0.0,0.0,0.0,0.0,0.0,0.0,200.0,0.0,189.66666666666666,6.8068592855540455,0.47833333333333333,0.0404145188432738,0.026666666666666672,0.007637626158259735
diagnosis_controls,blocked,synthetic,diagnosis,conditional_max | random2:1-2 | circuit,,,,,,,,,,,,,,,,,,,,,,,,,,,,,,,3,"[11, 12, 13]",blocked,,,,,,,,,,,,,,,,,,,,,,,,,,,,,,,,,,,,,,,,,,,,,,,,,,,,,,,,,,,,,,,,,,,,,,,,,,,,,,,,,0.05000000000000001,8.498374721940739e-18,200.0,0.0,9.194620450337728,0.8170149358903542,12.633130391438803,2.928867900653276,0.041666666666666664,0.029297326385411576,0.051666666666666666,0.03403429642777023,0.49705416666666663,0.017557211540655662,0.5059826291860412,0.005577854455069524,0.49705416666666663,0.017557211540655662,0.7391666666666667,0.020207259421636856,200.0,0.0,0.0,0.0,0.0,0.0,0.0,0.0,200.0,0.0,189.66666666666666,6.8068592855540455,0.47833333333333333,0.0404145188432738,0.026666666666666672,0.007637626158259735
diagnosis_controls,blocked,synthetic,diagnosis,relational_max | random2:1-2 | circuit,,,,,,,,,,,,,,,,,,,,,,,,,,,,,,,3,"[11, 12, 13]",blocked,,,,,,,,,,,,,,,,,,,,,,,,,,,,,,,,,,,,,,,,,,,,,,,,,,,,,,,,,,,,,,,,,,,,,,,,,,,,,,,,,0.05000000000000001,8.498374721940739e-18,200.0,0.0,0.0012993812561035156,0.0019798232296244058,0.0038960774739583335,0.005958502662782599,0.03166666666666667,0.01892969448600091,0.04833333333333334,0.03329164059239696,0.5132583333333334,0.018382372387244633,0.5163438457616374,0.018783920332865963,0.5132583333333334,0.018382372387244633,0.6025,0.04272001872658764,200.0,0.0,0.0,0.0,0.0,0.0,200.0,0.0,0.0,0.0,0.0,0.0,,,0.0,0.0
diagnosis_controls,blocked,synthetic,diagnosis,query random2:1-2 | known_law_oracle,,,,,,,,,,,,,,,,,,,,,,,,,,,,,,,3,"[11, 12, 13]",blocked,,,,,,,,,,,0.0,0.0,0.000898944667521088,5.8685792076465463e-05,0.000862180666445056,6.939286035889969e-05,400.0,0.0,2.0,0.0,2.0,0.0,2.0,0.0,3.0,0.0,0.0,0.0,0.0,0.0,1.0,0.0,0.0,0.0,0.0,0.0,0.0,0.0,1600.0,0.0,0.0,0.0,1.4802973661668747e-18,5.185268477743734e-17,7.94919685631612e-16,3.635026844804854e-17,1.2597021420149655e-15,9.620019411629533e-17,-1.7763568394002505e-15,0.0,1.7763568394002505e-15,0.0,,,,,,,,,,,,,,,,,,,,,,,,,,,,,,,,,,,,,,,,,,,,,,,,,,,,,,,,,,,,,,,,
diagnosis_controls,blocked,synthetic,diagnosis,known-law error random2:1-2 | known_law_oracle,,,,,,,,,,,,,,,,,,,,,,,,,,,,,,,3,"[11, 12, 13]",blocked,,,,,,,,,,,,,,,,,,,,,,,,,,,,,,,,,,,,,,,,,,,,,,,,,,,,,0.0,0.0,0.0,0.0,0.0,0.0,1.0,0.0,0.0,0.0,0.0,0.0,0.0,0.0,1.0,7.850462293418876e-17,0.0,0.0,0.0,0.0,0.0,0.0,1.0,0.0,0.0,0.0,0.0,0.0,,,,,,,,,,,,,,,,,,,,,,,,,,,,,,,,,,,,
diagnosis_controls,blocked,synthetic,diagnosis,joint | random2:1-2 | known_law_oracle,,,,,,,,,,,,,,,,,,,,,,,,,,,,,,,3,"[11, 12, 13]",blocked,,,,,,,,,,,,,,,,,,,,,,,,,,,,,,,,,,,,,,,,,,,,,,,,,,,,,,,,,,,,,,,,,,,,,,,,,,,,,,,,,0.05000000000000001,8.498374721940739e-18,200.0,0.0,13.769395103454466,0.5250458619897761,12.63746632738173,2.7513576601755787,0.06,0.02179449471770337,0.05833333333333333,0.023629078131263043,0.4931666666666667,0.002662509780889715,0.4980909744255228,0.008144681189338115,0.4931666666666667,0.002662509780889715,0.735,0.021360009363293814,200.0,0.0,0.0,0.0,0.0,0.0,0.0,0.0,200.0,0.0,188.33333333333334,4.725815626252609,0.47000000000000003,0.042720018726587664,0.03166666666666667,0.017559422921421233
diagnosis_controls,blocked,synthetic,diagnosis,independent | random2:1-2 | known_law_oracle,,,,,,,,,,,,,,,,,,,,,,,,,,,,,,,3,"[11, 12, 13]",blocked,,,,,,,,,,,,,,,,,,,,,,,,,,,,,,,,,,,,,,,,,,,,,,,,,,,,,,,,,,,,,,,,,,,,,,,,,,,,,,,,,0.05000000000000001,8.498374721940739e-18,200.0,0.0,13.769395103454466,0.5250458619897754,12.637466327381732,2.7513576601755827,0.06,0.02179449471770337,0.05833333333333333,0.023629078131263043,0.4931666666666667,0.002662509780889715,0.4980909744255228,0.008144681189338115,0.4931666666666667,0.002662509780889715,0.735,0.021360009363293814,200.0,0.0,0.0,0.0,0.0,0.0,0.0,0.0,200.0,0.0,188.33333333333334,4.725815626252609,0.47000000000000003,0.042720018726587664,0.03166666666666667,0.017559422921421233
diagnosis_controls,blocked,synthetic,diagnosis,marginal_max | random2:1-2 | known_law_oracle,,,,,,,,,,,,,,,,,,,,,,,,,,,,,,,3,"[11, 12, 13]",blocked,,,,,,,,,,,,,,,,,,,,,,,,,,,,,,,,,,,,,,,,,,,,,,,,,,,,,,,,,,,,,,,,,,,,,,,,,,,,,,,,,0.05000000000000001,8.498374721940739e-18,200.0,0.0,8.595289520117367,0.23160424573356572,9.740492913301235,2.249900700533881,0.05666666666666667,0.011547005383792516,0.06,0.008660254037844387,0.49716249999999995,0.013925993007681717,0.4985831780148846,0.005454555969268877,0.49716249999999995,0.013925993007681717,0.735,0.021360009363293814,200.0,0.0,0.0,0.0,0.0,0.0,0.0,0.0,200.0,0.0,188.0,1.7320508075688772,0.47000000000000003,0.042720018726587664,0.03166666666666667,0.014433756729740645
diagnosis_controls,blocked,synthetic,diagnosis,conditional_max | random2:1-2 | known_law_oracle,,,,,,,,,,,,,,,,,,,,,,,,,,,,,,,3,"[11, 12, 13]",blocked,,,,,,,,,,,,,,,,,,,,,,,,,,,,,,,,,,,,,,,,,,,,,,,,,,,,,,,,,,,,,,,,,,,,,,,,,,,,,,,,,0.05000000000000001,8.498374721940739e-18,200.0,0.0,8.59528952011737,0.23160424573356708,9.740492913301232,2.249900700533878,0.05666666666666667,0.011547005383792516,0.06,0.008660254037844387,0.4971625,0.013918754209698497,0.4995009555915573,0.005672695382671846,0.4971625,0.013918754209698497,0.735,0.021360009363293814,200.0,0.0,0.0,0.0,0.0,0.0,0.0,0.0,200.0,0.0,188.0,1.7320508075688772,0.47000000000000003,0.042720018726587664,0.03166666666666667,0.014433756729740645
diagnosis_controls,blocked,synthetic,diagnosis,relational_max | random2:1-2 | known_law_oracle,,,,,,,,,,,,,,,,,,,,,,,,,,,,,,,3,"[11, 12, 13]",blocked,,,,,,,,,,,,,,,,,,,,,,,,,,,,,,,,,,,,,,,,,,,,,,,,,,,,,,,,,,,,,,,,,,,,,,,,,,,,,,,,,0.05000000000000001,8.498374721940739e-18,200.0,0.0,1.4802973661668755e-15,5.127900497022837e-16,1.0066022089934753e-14,2.713429892601387e-15,0.036666666666666674,0.043684474740270526,0.03,0.027838821814150108,0.5153708333333333,0.025369473946720563,0.5101421953922276,0.016325723779503403,0.5153708333333333,0.025369473946720563,0.5183333333333334,0.005773502691896263,200.0,0.0,0.0,0.0,0.0,0.0,200.0,0.0,0.0,0.0,0.0,0.0,,,0.0,0.0
diagnosis_controls,blocked,synthetic,diagnosis,query random3:1-2-3 | circuit,,,,,,,,,,,,,,,,,,,,,,,,,,,,,,,3,"[11, 12, 13]",blocked,,,,,,,,,,,1.2715657552083333e-06,2.753020616481904e-07,0.0066253473329804064,0.0002552654186559733,0.004175902999122627,0.00017458172093790374,400.0,0.0,1.0,0.0,1.0,0.0,1.0,0.0,3.0,0.0,450.0,0.0,16.0,0.0,1.0,0.0,0.006551666666666667,0.0002514763076978295,180000.0,0.0,12800.0,0.0,1600.0,0.0,25600.0,0.0,1.7841656566967382e-07,1.421859109262651e-07,2.706050850065367e-07,1.1046655738980096e-07,3.2263128938817925e-07,5.594291464613281e-08,-3.973642985026042e-07,1.3765103082409519e-07,6.357828776041666e-07,2.7530206164819037e-07,,,,,,,,,,,,,,,,,,,,,,,,,,,,,,,,,,,,,,,,,,,,,,,,,,,,,,,,,,,,,,,,
diagnosis_controls,blocked,synthetic,diagnosis,known-law error random3:1-2-3 | circuit,,,,,,,,,,,,,,,,,,,,,,,,,,,,,,,3,"[11, 12, 13]",blocked,,,,,,,,,,,,,,,,,,,,,,,,,,,,,,,,,,,,,,,,,,,,,,,,,,,,,0.1398703955977164,0.05371770730383256,0.35662843730846977,0.025074213374359357,4.723998156749112,1.5242416806686465,0.9486578250639347,0.008399830775560464,0.1398703955977164,0.05371770730383256,0.35662843730846977,0.025074213374359357,4.723998156749112,1.5242416806686465,0.9486578250639347,0.008399830775560464,0.0,0.0,0.0,0.0,0.0,0.0,,,-0.13987022115478934,0.05371779777735622,0.35662840432723303,0.025074223151212723,,,,,,,,,,,,,,,,,,,,,,,,,,,,,,,,,,,,
diagnosis_controls,blocked,synthetic,diagnosis,joint | random3:1-2-3 | circuit,,,,,,,,,,,,,,,,,,,,,,,,,,,,,,,3,"[11, 12, 13]",blocked,,,,,,,,,,,,,,,,,,,,,,,,,,,,,,,,,,,,,,,,,,,,,,,,,,,,,,,,,,,,,,,,,,,,,,,,,,,,,,,,,0.05000000000000001,8.498374721940739e-18,200.0,0.0,8.078392346700033,0.6895788449803205,12.998104731241861,2.7966354247843466,0.061666666666666675,0.022546248764114474,0.06,0.02598076211353316,0.487675,0.012910194615109408,0.5012549145344314,0.006512917239585228,0.487675,0.012910194615109408,,,0.0,0.0,0.0,0.0,200.0,0.0,200.0,0.0,0.0,0.0,0.0,0.0,,,0.0,0.0
diagnosis_controls,blocked,synthetic,diagnosis,independent | random3:1-2-3 | circuit,,,,,,,,,,,,,,,,,,,,,,,,,,,,,,,3,"[11, 12, 13]",blocked,,,,,,,,,,,,,,,,,,,,,,,,,,,,,,,,,,,,,,,,,,,,,,,,,,,,,,,,,,,,,,,,,,,,,,,,,,,,,,,,,0.05000000000000001,8.498374721940739e-18,200.0,0.0,8.078392505645752,0.6895785696883859,12.998104731241861,2.7966344719634755,0.061666666666666675,0.022546248764114474,0.06,0.02598076211353316,0.487675,0.012910194615109408,0.5012549145344314,0.006512917239585228,0.487675,0.012910194615109408,,,0.0,0.0,0.0,0.0,200.0,0.0,200.0,0.0,0.0,0.0,0.0,0.0,,,0.0,0.0
diagnosis_controls,blocked,synthetic,diagnosis,marginal_max | random3:1-2-3 | circuit,,,,,,,,,,,,,,,,,,,,,,,,,,,,,,,3,"[11, 12, 13]",blocked,,,,,,,,,,,,,,,,,,,,,,,,,,,,,,,,,,,,,,,,,,,,,,,,,,,,,,,,,,,,,,,,,,,,,,,,,,,,,,,,,0.05000000000000001,8.498374721940739e-18,200.0,0.0,8.078392505645752,0.6895785696883859,12.998104731241861,2.7966344719634755,0.061666666666666675,0.022546248764114474,0.06,0.02598076211353316,0.487675,0.012910194615109408,0.5012549145344314,0.006512917239585228,0.487675,0.012910194615109408,,,0.0,0.0,0.0,0.0,200.0,0.0,200.0,0.0,0.0,0.0,0.0,0.0,,,0.0,0.0
diagnosis_controls,blocked,synthetic,diagnosis,conditional_max | random3:1-2-3 | circuit,,,,,,,,,,,,,,,,,,,,,,,,,,,,,,,3,"[11, 12, 13]",blocked,,,,,,,,,,,,,,,,,,,,,,,,,,,,,,,,,,,,,,,,,,,,,,,,,,,,,,,,,,,,,,,,,,,,,,,,,,,,,,,,,0.05000000000000001,8.498374721940739e-18,200.0,0.0,8.078392505645752,0.6895785696883859,12.998104731241861,2.7966344719634755,0.061666666666666675,0.022546248764114474,0.06,0.02598076211353316,0.487675,0.012910194615109408,0.5012549145344314,0.006512917239585228,0.487675,0.012910194615109408,,,0.0,0.0,0.0,0.0,200.0,0.0,200.0,0.0,0.0,0.0,0.0,0.0,,,0.0,0.0
diagnosis_controls,blocked,synthetic,diagnosis,relational_max | random3:1-2-3 | circuit,,,,,,,,,,,,,,,,,,,,,,,,,,,,,,,3,"[11, 12, 13]",blocked,,,,,,,,,,,,,,,,,,,,,,,,,,,,,,,,,,,,,,,,,,,,,,,,,,,,,,,,,,,,,,,,,,,,,,,,,,,,,,,,,0.05000000000000001,8.498374721940739e-18,200.0,0.0,0.0,0.0,0.0,0.0,0.0,0.0,0.0,0.0,0.5,0.0,0.5,0.0,0.5,0.0,,,0.0,0.0,0.0,0.0,200.0,0.0,200.0,0.0,0.0,0.0,0.0,0.0,,,0.0,0.0
diagnosis_controls,blocked,synthetic,diagnosis,query random3:1-2-3 | known_law_oracle,,,,,,,,,,,,,,,,,,,,,,,,,,,,,,,3,"[11, 12, 13]",blocked,,,,,,,,,,,0.0,0.0,0.0004225000011501834,4.9708997203570545e-05,0.0004096670005916773,3.28668206238337e-05,400.0,0.0,1.0,0.0,1.0,0.0,1.0,0.0,2.0,0.0,0.0,0.0,0.0,0.0,1.0,0.0,0.0,0.0,0.0,0.0,0.0,0.0,1600.0,0.0,0.0,0.0,0.0,0.0,0.0,0.0,0.0,0.0,0.0,0.0,0.0,0.0,,,,,,,,,,,,,,,,,,,,,,,,,,,,,,,,,,,,,,,,,,,,,,,,,,,,,,,,,,,,,,,,
diagnosis_controls,blocked,synthetic,diagnosis,known-law error random3:1-2-3 | known_law_oracle,,,,,,,,,,,,,,,,,,,,,,,,,,,,,,,3,"[11, 12, 13]",blocked,,,,,,,,,,,,,,,,,,,,,,,,,,,,,,,,,,,,,,,,,,,,,,,,,,,,,0.0,0.0,0.0,0.0,0.0,0.0,1.0,0.0,0.0,0.0,0.0,0.0,0.0,0.0,1.0,0.0,0.0,0.0,0.0,0.0,0.0,0.0,,,0.0,0.0,0.0,0.0,,,,,,,,,,,,,,,,,,,,,,,,,,,,,,,,,,,,
diagnosis_controls,blocked,synthetic,diagnosis,joint | random3:1-2-3 | known_law_oracle,,,,,,,,,,,,,,,,,,,,,,,,,,,,,,,3,"[11, 12, 13]",blocked,,,,,,,,,,,,,,,,,,,,,,,,,,,,,,,,,,,,,,,,,,,,,,,,,,,,,,,,,,,,,,,,,,,,,,,,,,,,,,,,,0.05000000000000001,8.498374721940739e-18,200.0,0.0,7.689895496961474,0.5021001950174577,10.071033718670991,2.3032659569915754,0.06333333333333334,0.020207259421636908,0.06,0.0304138126514911,0.48662500000000003,0.006084868527749771,0.4983624026561697,0.008169094318119742,0.48662500000000003,0.006084868527749771,,,0.0,0.0,0.0,0.0,200.0,0.0,200.0,0.0,0.0,0.0,0.0,0.0,,,0.0,0.0
diagnosis_controls,blocked,synthetic,diagnosis,independent | random3:1-2-3 | known_law_oracle,,,,,,,,,,,,,,,,,,,,,,,,,,,,,,,3,"[11, 12, 13]",blocked,,,,,,,,,,,,,,,,,,,,,,,,,,,,,,,,,,,,,,,,,,,,,,,,,,,,,,,,,,,,,,,,,,,,,,,,,,,,,,,,,0.05000000000000001,8.498374721940739e-18,200.0,0.0,7.689895496961474,0.5021001950174577,10.071033718670991,2.3032659569915754,0.06333333333333334,0.020207259421636908,0.06,0.0304138126514911,0.48662500000000003,0.006084868527749771,0.4983624026561697,0.008169094318119742,0.48662500000000003,0.006084868527749771,,,0.0,0.0,0.0,0.0,200.0,0.0,200.0,0.0,0.0,0.0,0.0,0.0,,,0.0,0.0
diagnosis_controls,blocked,synthetic,diagnosis,marginal_max | random3:1-2-3 | known_law_oracle,,,,,,,,,,,,,,,,,,,,,,,,,,,,,,,3,"[11, 12, 13]",blocked,,,,,,,,,,,,,,,,,,,,,,,,,,,,,,,,,,,,,,,,,,,,,,,,,,,,,,,,,,,,,,,,,,,,,,,,,,,,,,,,,0.05000000000000001,8.498374721940739e-18,200.0,0.0,7.689895496961474,0.5021001950174577,10.071033718670991,2.3032659569915754,0.06333333333333334,0.020207259421636908,0.06,0.0304138126514911,0.48662500000000003,0.006084868527749771,0.4983624026561697,0.008169094318119742,0.48662500000000003,0.006084868527749771,,,0.0,0.0,0.0,0.0,200.0,0.0,200.0,0.0,0.0,0.0,0.0,0.0,,,0.0,0.0
diagnosis_controls,blocked,synthetic,diagnosis,conditional_max | random3:1-2-3 | known_law_oracle,,,,,,,,,,,,,,,,,,,,,,,,,,,,,,,3,"[11, 12, 13]",blocked,,,,,,,,,,,,,,,,,,,,,,,,,,,,,,,,,,,,,,,,,,,,,,,,,,,,,,,,,,,,,,,,,,,,,,,,,,,,,,,,,0.05000000000000001,8.498374721940739e-18,200.0,0.0,7.689895496961474,0.5021001950174577,10.071033718670991,2.3032659569915754,0.06333333333333334,0.020207259421636908,0.06,0.0304138126514911,0.48662500000000003,0.006084868527749771,0.4983624026561697,0.008169094318119742,0.48662500000000003,0.006084868527749771,,,0.0,0.0,0.0,0.0,200.0,0.0,200.0,0.0,0.0,0.0,0.0,0.0,,,0.0,0.0
diagnosis_controls,blocked,synthetic,diagnosis,relational_max | random3:1-2-3 | known_law_oracle,,,,,,,,,,,,,,,,,,,,,,,,,,,,,,,3,"[11, 12, 13]",blocked,,,,,,,,,,,,,,,,,,,,,,,,,,,,,,,,,,,,,,,,,,,,,,,,,,,,,,,,,,,,,,,,,,,,,,,,,,,,,,,,,0.05000000000000001,8.498374721940739e-18,200.0,0.0,0.0,0.0,0.0,0.0,0.0,0.0,0.0,0.0,0.5,0.0,0.5,0.0,0.5,0.0,,,0.0,0.0,0.0,0.0,200.0,0.0,200.0,0.0,0.0,0.0,0.0,0.0,,,0.0,0.0
diagnosis_controls,blocked,synthetic,diagnosis,query bank0:0-1 | circuit,,,,,,,,,,,,,,,,,,,,,,,,,,,,,,,3,"[11, 12, 13]",blocked,,,,,,,,,,,2.384185791015625e-06,4.76837158203125e-07,0.006675972000569648,0.00011573836095326292,0.00417444433211737,0.00012915121936393355,400.0,0.0,2.0,0.0,2.0,0.0,2.0,0.0,3.0,0.0,450.0,0.0,16.0,0.0,1.0,0.0,0.006598,0.00011161093136427113,180000.0,0.0,12800.0,0.0,1600.0,0.0,25600.0,0.0,-0.004370730717710103,0.00759413546739529,0.019915384693983167,0.03306229825699084,0.024054093214848155,0.04000679681411991,-0.04140998575167032,0.06958094553523353,0.03360206335734498,0.05550751849369444,,,,,,,,,,,,,,,,,,,,,,,,,,,,,,,,,,,,,,,,,,,,,,,,,,,,,,,,,,,,,,,,
diagnosis_controls,blocked,synthetic,diagnosis,known-law error bank0:0-1 | circuit,,,,,,,,,,,,,,,,,,,,,,,,,,,,,,,3,"[11, 12, 13]",blocked,,,,,,,,,,,,,,,,,,,,,,,,,,,,,,,,,,,,,,,,,,,,,,,,,,,,,0.12499290085519066,0.014349179988352273,0.36432109291133624,0.021042936071010196,3.006482006106092,0.716465470616434,0.9397027933412082,0.0050269063978481444,0.120622131791559,0.006875856280011655,0.3615080978704704,0.024322722304653956,3.0069537570012757,0.7175307799839475,0.939977017137675,0.005127184741964516,0.004370777606964075,0.007594123622651355,0.019915405114491812,0.03306229373878578,0.04713789621988903,0.07832751116664163,-0.01847802969908254,0.010033322973434323,-0.24561499787737354,0.0211821492616242,0.5462654915889055,0.025110564566966177,,,,,,,,,,,,,,,,,,,,,,,,,,,,,,,,,,,,
diagnosis_controls,blocked,synthetic,diagnosis,joint | bank0:0-1 | circuit,,,,,,,,,,,,,,,,,,,,,,,,,,,,,,,3,"[11, 12, 13]",blocked,,,,,,,,,,,,,,,,,,,,,,,,,,,,,,,,,,,,,,,,,,,,,,,,,,,,,,,,,,,,,,,,,,,,,,,,,,,,,,,,,0.05000000000000001,8.498374721940739e-18,200.0,0.0,14.493390083312988,0.33192557394817246,11.979195276896158,1.4698785430531183,0.043333333333333335,0.0202072594216369,0.043333333333333335,0.0202072594216369,0.5,0.0,0.5,0.0,0.5,0.0,,,0.0,0.0,200.0,0.0,0.0,0.0,0.0,0.0,0.0,0.0,0.0,0.0,,,0.0,0.0
diagnosis_controls,blocked,synthetic,diagnosis,independent | bank0:0-1 | circuit,,,,,,,,,,,,,,,,,,,,,,,,,,,,,,,3,"[11, 12, 13]",blocked,,,,,,,,,,,,,,,,,,,,,,,,,,,,,,,,,,,,,,,,,,,,,,,,,,,,,,,,,,,,,,,,,,,,,,,,,,,,,,,,,0.05000000000000001,8.498374721940739e-18,200.0,0.0,14.525469462076822,0.3195034307166517,11.97562058766683,1.4745393445388533,0.041666666666666664,0.018929694486000914,0.041666666666666664,0.018929694486000914,0.5,0.0,0.5,0.0,0.5,0.0,,,0.0,0.0,200.0,0.0,0.0,0.0,0.0,0.0,0.0,0.0,0.0,0.0,,,0.0,0.0
diagnosis_controls,blocked,synthetic,diagnosis,marginal_max | bank0:0-1 | circuit,,,,,,,,,,,,,,,,,,,,,,,,,,,,,,,3,"[11, 12, 13]",blocked,,,,,,,,,,,,,,,,,,,,,,,,,,,,,,,,,,,,,,,,,,,,,,,,,,,,,,,,,,,,,,,,,,,,,,,,,,,,,,,,,0.05000000000000001,8.498374721940739e-18,200.0,0.0,9.320029894510904,0.39985725864407845,9.462918917338053,0.6414109864640188,0.028333333333333335,0.007637626158259734,0.028333333333333335,0.007637626158259734,0.5,0.0,0.5,0.0,0.5,0.0,,,0.0,0.0,200.0,0.0,0.0,0.0,0.0,0.0,0.0,0.0,0.0,0.0,,,0.0,0.0
diagnosis_controls,blocked,synthetic,diagnosis,conditional_max | bank0:0-1 | circuit,,,,,,,,,,,,,,,,,,,,,,,,,,,,,,,3,"[11, 12, 13]",blocked,,,,,,,,,,,,,,,,,,,,,,,,,,,,,,,,,,,,,,,,,,,,,,,,,,,,,,,,,,,,,,,,,,,,,,,,,,,,,,,,,0.05000000000000001,8.498374721940739e-18,200.0,0.0,9.350452423095703,0.3509940932218896,9.455155372619629,0.6447329373340963,0.028333333333333335,0.007637626158259734,0.028333333333333335,0.007637626158259734,0.5,0.0,0.5,0.0,0.5,0.0,,,0.0,0.0,200.0,0.0,0.0,0.0,0.0,0.0,0.0,0.0,0.0,0.0,,,0.0,0.0
diagnosis_controls,blocked,synthetic,diagnosis,relational_max | bank0:0-1 | circuit,,,,,,,,,,,,,,,,,,,,,,,,,,,,,,,3,"[11, 12, 13]",blocked,,,,,,,,,,,,,,,,,,,,,,,,,,,,,,,,,,,,,,,,,,,,,,,,,,,,,,,,,,,,,,,,,,,,,,,,,,,,,,,,,0.05000000000000001,8.498374721940739e-18,200.0,0.0,0.041652679443359375,0.06964618455205927,0.09269650777180989,0.15423739090511196,0.045000000000000005,0.005000000000000001,0.045000000000000005,0.005000000000000001,0.5,0.0,0.5,0.0,0.5,0.0,,,0.0,0.0,200.0,0.0,0.0,0.0,0.0,0.0,0.0,0.0,0.0,0.0,,,0.0,0.0
diagnosis_controls,blocked,synthetic,diagnosis,query bank0:0-1 | known_law_oracle,,,,,,,,,,,,,,,,,,,,,,,,,,,,,,,3,"[11, 12, 13]",blocked,,,,,,,,,,,0.0,0.0,0.0008790416662426045,7.429294001866728e-05,0.000840180998541958,2.813284753076864e-05,400.0,0.0,2.0,0.0,2.0,0.0,2.0,0.0,3.0,0.0,0.0,0.0,0.0,0.0,1.0,0.0,0.0,0.0,0.0,0.0,0.0,0.0,1600.0,0.0,0.0,0.0,-2.516505522483688e-17,5.185268477743734e-17,7.593925488436071e-16,1.9357399876532522e-17,1.1686291224800061e-15,2.882440024992711e-17,-1.7763568394002505e-15,0.0,1.7763568394002505e-15,0.0,,,,,,,,,,,,,,,,,,,,,,,,,,,,,,,,,,,,,,,,,,,,,,,,,,,,,,,,,,,,,,,,
diagnosis_controls,blocked,synthetic,diagnosis,known-law error bank0:0-1 | known_law_oracle,,,,,,,,,,,,,,,,,,,,,,,,,,,,,,,3,"[11, 12, 13]",blocked,,,,,,,,,,,,,,,,,,,,,,,,,,,,,,,,,,,,,,,,,,,,,,,,,,,,,0.0,0.0,0.0,0.0,0.0,0.0,1.0,7.850462293418876e-17,0.0,0.0,0.0,0.0,0.0,0.0,1.0,7.850462293418876e-17,0.0,0.0,0.0,0.0,0.0,0.0,1.0,0.0,0.0,0.0,0.0,0.0,,,,,,,,,,,,,,,,,,,,,,,,,,,,,,,,,,,,
diagnosis_controls,blocked,synthetic,diagnosis,joint | bank0:0-1 | known_law_oracle,,,,,,,,,,,,,,,,,,,,,,,,,,,,,,,3,"[11, 12, 13]",blocked,,,,,,,,,,,,,,,,,,,,,,,,,,,,,,,,,,,,,,,,,,,,,,,,,,,,,,,,,,,,,,,,,,,,,,,,,,,,,,,,,0.05000000000000001,8.498374721940739e-18,200.0,0.0,13.511334918852015,0.4350604957554901,9.840153456901513,0.9350856217930461,0.06666666666666667,0.03547299442298794,0.06666666666666667,0.03547299442298794,0.5,0.0,0.5,0.0,0.5,0.0,,,0.0,0.0,200.0,0.0,0.0,0.0,0.0,0.0,0.0,0.0,0.0,0.0,,,0.0,0.0
diagnosis_controls,blocked,synthetic,diagnosis,independent | bank0:0-1 | known_law_oracle,,,,,,,,,,,,,,,,,,,,,,,,,,,,,,,3,"[11, 12, 13]",blocked,,,,,,,,,,,,,,,,,,,,,,,,,,,,,,,,,,,,,,,,,,,,,,,,,,,,,,,,,,,,,,,,,,,,,,,,,,,,,,,,,0.05000000000000001,8.498374721940739e-18,200.0,0.0,13.511334918852015,0.43506049575549066,9.840153456901513,0.935085621793047,0.06666666666666667,0.03547299442298794,0.06666666666666667,0.03547299442298794,0.5,0.0,0.5,0.0,0.5,0.0,,,0.0,0.0,200.0,0.0,0.0,0.0,0.0,0.0,0.0,0.0,0.0,0.0,,,0.0,0.0
diagnosis_controls,blocked,synthetic,diagnosis,marginal_max | bank0:0-1 | known_law_oracle,,,,,,,,,,,,,,,,,,,,,,,,,,,,,,,3,"[11, 12, 13]",blocked,,,,,,,,,,,,,,,,,,,,,,,,,,,,,,,,,,,,,,,,,,,,,,,,,,,,,,,,,,,,,,,,,,,,,,,,,,,,,,,,,0.05000000000000001,8.498374721940739e-18,200.0,0.0,8.529904649174943,0.3433197510267786,7.840172232970702,0.9427948684257139,0.05333333333333334,0.01527525231651947,0.05333333333333334,0.01527525231651947,0.5,0.0,0.5,0.0,0.5,0.0,,,0.0,0.0,200.0,0.0,0.0,0.0,0.0,0.0,0.0,0.0,0.0,0.0,,,0.0,0.0
diagnosis_controls,blocked,synthetic,diagnosis,conditional_max | bank0:0-1 | known_law_oracle,,,,,,,,,,,,,,,,,,,,,,,,,,,,,,,3,"[11, 12, 13]",blocked,,,,,,,,,,,,,,,,,,,,,,,,,,,,,,,,,,,,,,,,,,,,,,,,,,,,,,,,,,,,,,,,,,,,,,,,,,,,,,,,,0.05000000000000001,8.498374721940739e-18,200.0,0.0,8.529904649174945,0.34331975102677903,7.8401722329707,0.9427948684257161,0.05333333333333334,0.01527525231651947,0.05333333333333334,0.01527525231651947,0.5,0.0,0.5,0.0,0.5,0.0,,,0.0,0.0,200.0,0.0,0.0,0.0,0.0,0.0,0.0,0.0,0.0,0.0,,,0.0,0.0
diagnosis_controls,blocked,synthetic,diagnosis,relational_max | bank0:0-1 | known_law_oracle,,,,,,,,,,,,,,,,,,,,,,,,,,,,,,,3,"[11, 12, 13]",blocked,,,,,,,,,,,,,,,,,,,,,,,,,,,,,,,,,,,,,,,,,,,,,,,,,,,,,,,,,,,,,,,,,,,,,,,,,,,,,,,,,0.05000000000000001,8.498374721940739e-18,200.0,0.0,1.1842378929335002e-15,5.127900497022837e-16,5.625129991434126e-15,1.3567149463006936e-15,0.055,0.04092676385936225,0.055,0.04092676385936225,0.5,0.0,0.5,3.925231146709438e-17,0.5,0.0,,,0.0,0.0,200.0,0.0,0.0,0.0,0.0,0.0,0.0,0.0,0.0,0.0,,,0.0,0.0
diagnosis_controls,blocked,synthetic,diagnosis,query single_sensor_0 | circuit,,,,,,,,,,,,,,,,,,,,,,,,,,,,,,,3,"[11, 12, 13]",blocked,,,,,,,,,,,1.2715657552083333e-06,2.753020616481904e-07,0.006562722332697983,0.0001677047205770638,0.0042281249989173375,0.00018511020188972477,400.0,0.0,1.0,0.0,1.0,0.0,1.0,0.0,3.0,0.0,450.0,0.0,16.0,0.0,1.0,0.0,0.0064856666666666665,0.00016447593542318967,180000.0,0.0,12800.0,0.0,1600.0,0.0,25600.0,0.0,1.7841656566967382e-07,1.421859109262651e-07,2.706050850065367e-07,1.1046655738980096e-07,3.2263128938817925e-07,5.594291464613281e-08,-3.973642985026042e-07,1.3765103082409519e-07,6.357828776041666e-07,2.7530206164819037e-07,,,,,,,,,,,,,,,,,,,,,,,,,,,,,,,,,,,,,,,,,,,,,,,,,,,,,,,,,,,,,,,,
diagnosis_controls,blocked,synthetic,diagnosis,known-law error single_sensor_0 | circuit,,,,,,,,,,,,,,,,,,,,,,,,,,,,,,,3,"[11, 12, 13]",blocked,,,,,,,,,,,,,,,,,,,,,,,,,,,,,,,,,,,,,,,,,,,,,,,,,,,,,0.1398703955977164,0.05371770730383256,0.35662843730846977,0.025074213374359357,4.723998156749112,1.5242416806686465,0.9486578250639347,0.008399830775560464,0.1398703955977164,0.05371770730383256,0.35662843730846977,0.025074213374359357,4.723998156749112,1.5242416806686465,0.9486578250639347,0.008399830775560464,0.0,0.0,0.0,0.0,0.0,0.0,,,-0.13987022115478934,0.05371779777735622,0.35662840432723303,0.025074223151212723,,,,,,,,,,,,,,,,,,,,,,,,,,,,,,,,,,,,
diagnosis_controls,blocked,synthetic,diagnosis,joint | single_sensor_0 | circuit,,,,,,,,,,,,,,,,,,,,,,,,,,,,,,,3,"[11, 12, 13]",blocked,,,,,,,,,,,,,,,,,,,,,,,,,,,,,,,,,,,,,,,,,,,,,,,,,,,,,,,,,,,,,,,,,,,,,,,,,,,,,,,,,0.05000000000000001,8.498374721940739e-18,200.0,0.0,8.078392346700033,0.6895788449803205,12.998104731241861,2.7966354247843466,0.061666666666666675,0.022546248764114474,0.06,0.02598076211353316,0.487675,0.012910194615109408,0.5012549145344314,0.006512917239585228,0.487675,0.012910194615109408,,,0.0,0.0,0.0,0.0,200.0,0.0,200.0,0.0,0.0,0.0,0.0,0.0,,,0.0,0.0
diagnosis_controls,blocked,synthetic,diagnosis,independent | single_sensor_0 | circuit,,,,,,,,,,,,,,,,,,,,,,,,,,,,,,,3,"[11, 12, 13]",blocked,,,,,,,,,,,,,,,,,,,,,,,,,,,,,,,,,,,,,,,,,,,,,,,,,,,,,,,,,,,,,,,,,,,,,,,,,,,,,,,,,0.05000000000000001,8.498374721940739e-18,200.0,0.0,8.078392505645752,0.6895785696883859,12.998104731241861,2.7966344719634755,0.061666666666666675,0.022546248764114474,0.06,0.02598076211353316,0.487675,0.012910194615109408,0.5012549145344314,0.006512917239585228,0.487675,0.012910194615109408,,,0.0,0.0,0.0,0.0,200.0,0.0,200.0,0.0,0.0,0.0,0.0,0.0,,,0.0,0.0
diagnosis_controls,blocked,synthetic,diagnosis,marginal_max | single_sensor_0 | circuit,,,,,,,,,,,,,,,,,,,,,,,,,,,,,,,3,"[11, 12, 13]",blocked,,,,,,,,,,,,,,,,,,,,,,,,,,,,,,,,,,,,,,,,,,,,,,,,,,,,,,,,,,,,,,,,,,,,,,,,,,,,,,,,,0.05000000000000001,8.498374721940739e-18,200.0,0.0,8.078392505645752,0.6895785696883859,12.998104731241861,2.7966344719634755,0.061666666666666675,0.022546248764114474,0.06,0.02598076211353316,0.487675,0.012910194615109408,0.5012549145344314,0.006512917239585228,0.487675,0.012910194615109408,,,0.0,0.0,0.0,0.0,200.0,0.0,200.0,0.0,0.0,0.0,0.0,0.0,,,0.0,0.0
diagnosis_controls,blocked,synthetic,diagnosis,conditional_max | single_sensor_0 | circuit,,,,,,,,,,,,,,,,,,,,,,,,,,,,,,,3,"[11, 12, 13]",blocked,,,,,,,,,,,,,,,,,,,,,,,,,,,,,,,,,,,,,,,,,,,,,,,,,,,,,,,,,,,,,,,,,,,,,,,,,,,,,,,,,0.05000000000000001,8.498374721940739e-18,200.0,0.0,8.078392505645752,0.6895785696883859,12.998104731241861,2.7966344719634755,0.061666666666666675,0.022546248764114474,0.06,0.02598076211353316,0.487675,0.012910194615109408,0.5012549145344314,0.006512917239585228,0.487675,0.012910194615109408,,,0.0,0.0,0.0,0.0,200.0,0.0,200.0,0.0,0.0,0.0,0.0,0.0,,,0.0,0.0
diagnosis_controls,blocked,synthetic,diagnosis,relational_max | single_sensor_0 | circuit,,,,,,,,,,,,,,,,,,,,,,,,,,,,,,,3,"[11, 12, 13]",blocked,,,,,,,,,,,,,,,,,,,,,,,,,,,,,,,,,,,,,,,,,,,,,,,,,,,,,,,,,,,,,,,,,,,,,,,,,,,,,,,,,0.05000000000000001,8.498374721940739e-18,200.0,0.0,0.0,0.0,0.0,0.0,0.0,0.0,0.0,0.0,0.5,0.0,0.5,0.0,0.5,0.0,,,0.0,0.0,0.0,0.0,200.0,0.0,200.0,0.0,0.0,0.0,0.0,0.0,,,0.0,0.0
diagnosis_controls,blocked,synthetic,diagnosis,query single_sensor_0 | known_law_oracle,,,,,,,,,,,,,,,,,,,,,,,,,,,,,,,3,"[11, 12, 13]",blocked,,,,,,,,,,,0.0,0.0,0.000411625333072152,2.903012511939183e-05,0.0004028610007177728,5.197831961783996e-05,400.0,0.0,1.0,0.0,1.0,0.0,1.0,0.0,2.0,0.0,0.0,0.0,0.0,0.0,1.0,0.0,0.0,0.0,0.0,0.0,0.0,0.0,1600.0,0.0,0.0,0.0,0.0,0.0,0.0,0.0,0.0,0.0,0.0,0.0,0.0,0.0,,,,,,,,,,,,,,,,,,,,,,,,,,,,,,,,,,,,,,,,,,,,,,,,,,,,,,,,,,,,,,,,
diagnosis_controls,blocked,synthetic,diagnosis,known-law error single_sensor_0 | known_law_oracle,,,,,,,,,,,,,,,,,,,,,,,,,,,,,,,3,"[11, 12, 13]",blocked,,,,,,,,,,,,,,,,,,,,,,,,,,,,,,,,,,,,,,,,,,,,,,,,,,,,,0.0,0.0,0.0,0.0,0.0,0.0,1.0,0.0,0.0,0.0,0.0,0.0,0.0,0.0,1.0,0.0,0.0,0.0,0.0,0.0,0.0,0.0,,,0.0,0.0,0.0,0.0,,,,,,,,,,,,,,,,,,,,,,,,,,,,,,,,,,,,
diagnosis_controls,blocked,synthetic,diagnosis,joint | single_sensor_0 | known_law_oracle,,,,,,,,,,,,,,,,,,,,,,,,,,,,,,,3,"[11, 12, 13]",blocked,,,,,,,,,,,,,,,,,,,,,,,,,,,,,,,,,,,,,,,,,,,,,,,,,,,,,,,,,,,,,,,,,,,,,,,,,,,,,,,,,0.05000000000000001,8.498374721940739e-18,200.0,0.0,7.689895496961474,0.5021001950174577,10.071033718670991,2.3032659569915754,0.06333333333333334,0.020207259421636908,0.06,0.0304138126514911,0.48662500000000003,0.006084868527749771,0.4983624026561697,0.008169094318119742,0.48662500000000003,0.006084868527749771,,,0.0,0.0,0.0,0.0,200.0,0.0,200.0,0.0,0.0,0.0,0.0,0.0,,,0.0,0.0
diagnosis_controls,blocked,synthetic,diagnosis,independent | single_sensor_0 | known_law_oracle,,,,,,,,,,,,,,,,,,,,,,,,,,,,,,,3,"[11, 12, 13]",blocked,,,,,,,,,,,,,,,,,,,,,,,,,,,,,,,,,,,,,,,,,,,,,,,,,,,,,,,,,,,,,,,,,,,,,,,,,,,,,,,,,0.05000000000000001,8.498374721940739e-18,200.0,0.0,7.689895496961474,0.5021001950174577,10.071033718670991,2.3032659569915754,0.06333333333333334,0.020207259421636908,0.06,0.0304138126514911,0.48662500000000003,0.006084868527749771,0.4983624026561697,0.008169094318119742,0.48662500000000003,0.006084868527749771,,,0.0,0.0,0.0,0.0,200.0,0.0,200.0,0.0,0.0,0.0,0.0,0.0,,,0.0,0.0
diagnosis_controls,blocked,synthetic,diagnosis,marginal_max | single_sensor_0 | known_law_oracle,,,,,,,,,,,,,,,,,,,,,,,,,,,,,,,3,"[11, 12, 13]",blocked,,,,,,,,,,,,,,,,,,,,,,,,,,,,,,,,,,,,,,,,,,,,,,,,,,,,,,,,,,,,,,,,,,,,,,,,,,,,,,,,,0.05000000000000001,8.498374721940739e-18,200.0,0.0,7.689895496961474,0.5021001950174577,10.071033718670991,2.3032659569915754,0.06333333333333334,0.020207259421636908,0.06,0.0304138126514911,0.48662500000000003,0.006084868527749771,0.4983624026561697,0.008169094318119742,0.48662500000000003,0.006084868527749771,,,0.0,0.0,0.0,0.0,200.0,0.0,200.0,0.0,0.0,0.0,0.0,0.0,,,0.0,0.0
diagnosis_controls,blocked,synthetic,diagnosis,conditional_max | single_sensor_0 | known_law_oracle,,,,,,,,,,,,,,,,,,,,,,,,,,,,,,,3,"[11, 12, 13]",blocked,,,,,,,,,,,,,,,,,,,,,,,,,,,,,,,,,,,,,,,,,,,,,,,,,,,,,,,,,,,,,,,,,,,,,,,,,,,,,,,,,0.05000000000000001,8.498374721940739e-18,200.0,0.0,7.689895496961474,0.5021001950174577,10.071033718670991,2.3032659569915754,0.06333333333333334,0.020207259421636908,0.06,0.0304138126514911,0.48662500000000003,0.006084868527749771,0.4983624026561697,0.008169094318119742,0.48662500000000003,0.006084868527749771,,,0.0,0.0,0.0,0.0,200.0,0.0,200.0,0.0,0.0,0.0,0.0,0.0,,,0.0,0.0
diagnosis_controls,blocked,synthetic,diagnosis,relational_max | single_sensor_0 | known_law_oracle,,,,,,,,,,,,,,,,,,,,,,,,,,,,,,,3,"[11, 12, 13]",blocked,,,,,,,,,,,,,,,,,,,,,,,,,,,,,,,,,,,,,,,,,,,,,,,,,,,,,,,,,,,,,,,,,,,,,,,,,,,,,,,,,0.05000000000000001,8.498374721940739e-18,200.0,0.0,0.0,0.0,0.0,0.0,0.0,0.0,0.0,0.0,0.5,0.0,0.5,0.0,0.5,0.0,,,0.0,0.0,0.0,0.0,200.0,0.0,200.0,0.0,0.0,0.0,0.0,0.0,,,0.0,0.0
