variant,method_name,mask,score,auroc_mean,auroc_std,ap_mean,ap_std,fpr_mean,fpr_std,power_mean,power_std,score_range_mean,score_range_std,n_seeds,seeds,numerically_flat_frac,threshold_infinite_frac,depends_on_values_frac,depends_on_fault_frac
matched,circuit,bank0:0-1-2-4-5-7-8,conditional_max,0.7435476011882073,0.02818379002279853,0.8109875934282774,0.022691227413635037,0.034404351296483705,0.028240433232629876,0.4740799641036668,0.07171291012807553,537.0770365397135,115.86894849134484,3,"[11, 12, 13]",0.0,0.0,0.0,0.0
matched,circuit,bank0:0-1-2-4-5-7-8,independent,0.730357092394101,0.01935617713920012,0.7960179260390098,0.019609951078749018,0.06644539233874087,0.010302185313911548,0.46286017317226963,0.048706506589116925,851.5607503255209,125.00367359163944,3,"[11, 12, 13]",0.0,0.0,0.0,0.0
matched,circuit,bank0:0-1-2-4-5-7-8,joint,0.7387221887000881,0.023274147181203263,0.802030128030944,0.02141708363685383,0.06724860519014648,0.00902814094329172,0.4781865386320921,0.04768725487379967,851.1748860677084,124.31785142047072,3,"[11, 12, 13]",0.0,0.0,0.0,0.0
matched,circuit,bank0:0-1-2-4-5-7-8,marginal_max,0.7318419123730006,0.023815307557855835,0.8020873522263593,0.020074811751520417,0.03917033466122228,0.0327584746608407,0.46062867989048056,0.07330746070281977,537.0457967122396,115.31648180333505,3,"[11, 12, 13]",0.0,0.0,0.0,0.0
matched,circuit,bank0:0-1-2-4-5-7-8,relational_max,0.6416969235390065,0.010085973037554902,0.6875203000387499,0.01590298506559742,0.03245208321437409,0.04616931016093962,0.1977716249691718,0.09360706920855939,11.822771708170572,1.7336290926007114,3,"[11, 12, 13]",0.0,0.0,0.0,0.0
matched,circuit,bank1:3,conditional_max,0.8060745778256931,0.02607921800829531,0.8613999714160788,0.017320954162341456,0.0303861002141064,0.021719241607148526,0.5818968928046561,0.027592360115837985,540.1939188639323,106.98673268713348,3,"[11, 12, 13]",0.0,0.0,0.0,0.0
matched,circuit,bank1:3,independent,0.7845959310567201,0.023961020009158743,0.8364819638026136,0.02139691390779649,0.08082895259570094,0.0716074969217591,0.5405848866880246,0.10071339727929066,986.4786783854166,36.361452946053625,3,"[11, 12, 13]",0.0,0.0,0.0,0.0
matched,circuit,bank1:3,joint,0.7994419690549409,0.03007881997835405,0.8468831913029006,0.02464981936561584,0.07608961610280994,0.06339951683629276,0.5575983474079843,0.10143204354478937,1000.1490478515625,39.16563104515749,3,"[11, 12, 13]",0.0,0.0,0.0,0.0
matched,circuit,bank1:3,marginal_max,0.7905324625131046,0.023909210886347315,0.8508362947734719,0.016286522361954017,0.028766351075371368,0.016824045960309904,0.5656192988147003,0.02232361195835267,539.8334147135416,107.08559983574723,3,"[11, 12, 13]",0.0,0.0,0.0,0.0
matched,circuit,bank1:3,relational_max,0.7003448311832411,0.010728939623746384,0.7638284371273695,0.01341560648327936,0.01337409737771293,0.017201121102367472,0.3152624615635072,0.06812510847663601,12.665440877278646,0.8809883545459303,3,"[11, 12, 13]",0.0,0.0,0.0,0.0
matched,circuit,bank2:6-10,conditional_max,0.7953409984313077,0.02233705322701153,0.8530239045764864,0.015101529948819931,0.0303861002141064,0.021719241607148526,0.5609339850072873,0.019927181867696705,380.19286092122394,57.44838482016758,3,"[11, 12, 13]",0.0,0.0,0.0,0.0
matched,circuit,bank2:6-10,independent,0.7758303180637242,0.0207548474054421,0.8278360393000073,0.019750790872489935,0.10566974968544136,0.04598595323983431,0.5480676765750104,0.08355070504397893,1000.9688517252604,179.41185007888916,3,"[11, 12, 13]",0.0,0.0,0.0,0.0
matched,circuit,bank2:6-10,joint,0.791324392776672,0.025977266816654413,0.8389490474485388,0.0227140802766643,0.0936482037862046,0.05447347266161877,0.5649205271221014,0.08978772595373209,1011.0850219726562,170.63778616065056,3,"[11, 12, 13]",0.0,0.0,0.0,0.0
matched,circuit,bank2:6-10,marginal_max,0.7786501617266565,0.018471538074329545,0.8413817768766316,0.012755278741744794,0.028766351075371368,0.016824045960309904,0.5446563910173313,0.0147812305145955,379.37999471028644,57.74610512406608,3,"[11, 12, 13]",0.0,0.0,0.0,0.0
matched,circuit,bank2:6-10,relational_max,0.7040907517268163,0.009147452786117538,0.7660117838577393,0.01049950011260718,0.027831928703014135,0.023492824046001257,0.34427211720735923,0.06854636673891071,12.668250719706217,0.8775824862421581,3,"[11, 12, 13]",0.0,0.0,0.0,0.0
matched,circuit,full,conditional_max,0.8061400937263111,0.026073658427777372,0.8615094699612164,0.017302798204760654,0.0303861002141064,0.021719241607148526,0.5818968928046561,0.027592360115837985,540.1938273111979,106.98671278966894,3,"[11, 12, 13]",0.0,0.0,0.0,0.0
matched,circuit,full,independent,0.7881419610153367,0.026617327827766917,0.8399584452970773,0.02310004987797647,0.07999488120881225,0.042270185359665466,0.5524549341866812,0.07092567134044554,1067.546875,157.45314751896086,3,"[11, 12, 13]",0.0,0.0,0.0,0.0
matched,circuit,full,joint,0.8014734059536867,0.031217898845026494,0.8490340950553775,0.02529698593682828,0.08082474093206546,0.03695764254916276,0.5678619692038295,0.07267791881635759,1078.6645914713542,149.00103127531165,3,"[11, 12, 13]",0.0,0.0,0.0,0.0
matched,circuit,full,marginal_max,0.7909085016373573,0.023965923361405985,0.8514125928539912,0.016382338329267263,0.028766351075371368,0.016824045960309904,0.5703046126221128,0.02473921065072129,539.8334147135416,107.08559983574723,3,"[11, 12, 13]",0.0,0.0,0.0,0.0
matched,circuit,full,relational_max,0.7054080109359905,0.02067311072354588,0.7682877253516139,0.016903200023001518,0.01337409737771293,0.017201121102367472,0.3145532417053512,0.06886883718216073,12.664408047993978,0.8817101513092723,3,"[11, 12, 13]",0.0,0.0,0.0,0.0
matched,circuit,random1:1,conditional_max,0.8023285885341211,0.025172562936375615,0.8593439884812305,0.01814589464111611,0.06751090274175252,0.055404758043418344,0.6020075056705596,0.07287635036569334,541.4386189778646,106.93636112893424,3,"[11, 12, 13]",0.0,0.0,0.0,0.0
matched,circuit,random1:1,independent,0.7836007458222035,0.023737226819203743,0.8370560541815428,0.021994453657422978,0.07715727283440509,0.02974691749636056,0.5389096569802453,0.0742202348335704,1049.9818522135417,136.22469659725542,3,"[11, 12, 13]",0.0,0.0,0.0,0.0
matched,circuit,random1:1,joint,0.796029532258018,0.028181982496545212,0.8452668607056495,0.023890398371517976,0.07947291839537235,0.027908119601869393,0.54981936417648,0.07556304882078146,1056.5423177083333,130.22347733700127,3,"[11, 12, 13]",0.0,0.0,0.0,0.0
matched,circuit,random1:1,marginal_max,0.7873078699644708,0.024478769918990766,0.8492446823547537,0.0174835342127874,0.06984060068042665,0.06430892544815717,0.591285784460824,0.07370569776244199,541.0442199707031,106.56478804979933,3,"[11, 12, 13]",0.0,0.0,0.0,0.0
matched,circuit,random1:1,relational_max,0.7019969867247678,0.015027805757840233,0.7641447164715407,0.017278065952658392,0.005461879786970813,0.005532634578577146,0.29128801178293895,0.06189302148467933,12.50372346242269,1.0686287992432202,3,"[11, 12, 13]",0.0,0.0,0.0,0.0
matched,circuit,random3:5-8-14,conditional_max,0.7800066943188003,0.026466435335011886,0.840685515907318,0.016196778900634083,0.068393448757215,0.04595715193445291,0.562147632579324,0.0069505461578216006,534.2493184407552,114.96898174189761,3,"[11, 12, 13]",0.0,0.0,0.0,0.0
matched,circuit,random3:5-8-14,independent,0.7706512121753137,0.023466694665764783,0.8252803087023758,0.018794054269711275,0.10438831052757973,0.06552884196419492,0.5433693228090338,0.06037287253309795,895.8189493815104,108.2502098173921,3,"[11, 12, 13]",0.0,0.0,0.0,0.0
matched,circuit,random3:5-8-14,joint,0.7794567020537143,0.02555076658773069,0.8315147191397857,0.019929103450755974,0.10517819994306155,0.06613791832960506,0.5550289491129791,0.0646972867703178,899.5719197591146,120.74951429894942,3,"[11, 12, 13]",0.0,0.0,0.0,0.0
matched,circuit,random3:5-8-14,marginal_max,0.771338867056132,0.023596730684525398,0.8345091829032225,0.014669322021292019,0.07031979890926011,0.04832707520457145,0.5528576745218244,0.009596513695615538,534.803700764974,114.39024534880362,3,"[11, 12, 13]",0.0,0.0,0.0,0.0
matched,circuit,random3:5-8-14,relational_max,0.6593775642801623,0.010072077972471486,0.7214752483773766,0.003487771040561091,0.02134033765393327,0.03489654553678406,0.23055780650078384,0.07149917945579068,11.004048665364584,1.324222114434699,3,"[11, 12, 13]",0.0,0.0,0.0,0.0
matched,circuit,random7:3-4-8-10-11-12-14,conditional_max,0.7489941961710757,0.023328048867272598,0.8152784819742128,0.014181103462677938,0.05447017473949443,0.05014186164989833,0.49750519674746174,0.02984407374668426,541.1962381998698,107.2449459709241,3,"[11, 12, 13]",0.0,0.0,0.0,0.0
matched,circuit,random7:3-4-8-10-11-12-14,independent,0.7367352820949703,0.013518476533654475,0.7968114784122241,0.010593320152757203,0.054359254098171446,0.017684550522371348,0.44288773527102254,0.027176687158189352,713.8179117838541,100.25435737075716,3,"[11, 12, 13]",0.0,0.0,0.0,0.0
matched,circuit,random7:3-4-8-10-11-12-14,joint,0.7474948071279915,0.01626300219115484,0.8056374150137996,0.01266762743169832,0.04876341101017967,0.021200987901404553,0.4548806094601255,0.03323094373130941,719.0520426432291,94.7706150077976,3,"[11, 12, 13]",0.0,0.0,0.0,0.0
matched,circuit,random7:3-4-8-10-11-12-14,marginal_max,0.7395441079226638,0.021033112423981506,0.8068790005974776,0.011685337374919858,0.05919545885467858,0.04983276917155656,0.4813748894944505,0.03583182870034254,540.9945983886719,107.15426258447702,3,"[11, 12, 13]",0.0,0.0,0.0,0.0
matched,circuit,random7:3-4-8-10-11-12-14,relational_max,0.6192965411007142,0.006308673635415096,0.6790061240475191,0.016053198501656662,0.04266735187194274,0.07182531877425666,0.22272062941693163,0.11915865601258156,11.451873779296875,0.966607606428216,3,"[11, 12, 13]",0.0,0.0,0.0,0.0
matched,circuit,single_sensor_0,conditional_max,0.5555902849258476,0.008561536558696646,0.6038550201962088,0.011054879819114856,0.07113564675157219,0.05999420243404543,0.16749790327995454,0.07172140096342951,73.29076258341472,14.956628913559614,3,"[11, 12, 13]",0.0,0.0,0.0,0.0
matched,circuit,single_sensor_0,independent,0.5555902849258476,0.008561536558696646,0.6038550201962088,0.011054879819114856,0.07113564675157219,0.05999420243404543,0.16749790327995454,0.07172140096342951,73.29076258341472,14.956628913559614,3,"[11, 12, 13]",0.0,0.0,0.0,0.0
matched,circuit,single_sensor_0,joint,0.5556086717260605,0.008531746772666784,0.6038746722084478,0.01102440112204733,0.07113564675157219,0.05999420243404543,0.16749790327995454,0.07172140096342951,73.29075749715169,14.956635978381113,3,"[11, 12, 13]",0.0,0.0,0.0,0.0
matched,circuit,single_sensor_0,marginal_max,0.5555902849258476,0.008561536558696646,0.6038550201962088,0.011054879819114856,0.07113564675157219,0.05999420243404543,0.16749790327995454,0.07172140096342951,73.29076258341472,14.956628913559614,3,"[11, 12, 13]",0.0,0.0,0.0,0.0
matched,circuit,single_sensor_0,relational_max,0.5,0.0,0.5,0.0,0.0,0.0,0.0,0.0,0.0,0.0,3,"[11, 12, 13]",1.0,0.0,0.0,0.0
matched,gaussian_fitted,bank0:0-1-2-4-5-7-8,conditional_max,0.7613210479707492,0.01705325301078341,0.822904422706186,0.013451025094999888,0.02148138788895625,0.01673983148360811,0.4246270146634739,0.010832446359452118,465.4872675506055,57.61612532826949,3,"[11, 12, 13]",0.0,0.0,0.0,0.0
matched,gaussian_fitted,bank0:0-1-2-4-5-7-8,independent,0.719334834109359,0.01771178523787245,0.7810133278694095,0.01726014885909801,0.03137600315550799,0.010573545446127548,0.35851053705595803,0.04786188031839152,356.139559677941,20.244641560641472,3,"[11, 12, 13]",0.0,0.0,0.0,0.0
matched,gaussian_fitted,bank0:0-1-2-4-5-7-8,joint,0.7654992946545978,0.01856162485916513,0.824873335134157,0.015239369204388236,0.029756254016772954,0.015282956228411967,0.461818434370739,0.06386793187988868,770.4800563850962,15.300307932880157,3,"[11, 12, 13]",0.0,0.0,0.0,0.0
matched,gaussian_fitted,bank0:0-1-2-4-5-7-8,marginal_max,0.7174066906705061,0.015286541769376088,0.7716589693705073,0.023271264274158595,0.02423759776425456,0.022527446782545688,0.275539305553362,0.010712318117101646,240.4449543766577,12.890485275857344,3,"[11, 12, 13]",0.0,0.0,0.0,0.0
matched,gaussian_fitted,bank0:0-1-2-4-5-7-8,relational_max,0.7626740723351321,0.015197025869622963,0.8278054008012816,0.010454300811072584,0.08970523619131159,0.10131586165000218,0.5512696343506526,0.05878988628504776,430.1176745538685,80.4300219390596,3,"[11, 12, 13]",0.0,0.0,0.0,0.0
matched,gaussian_fitted,bank1:3,conditional_max,0.8485426393185932,0.01422335445274503,0.8957353228774414,0.010763323716336858,0.06442662856730948,0.06399023470087281,0.698517170426184,0.020114333574802988,499.51709701995327,62.40376206306262,3,"[11, 12, 13]",0.0,0.0,0.0,0.0
matched,gaussian_fitted,bank1:3,independent,0.7835076905285506,0.021423318142172992,0.8415222263544081,0.01674207398772494,0.08569962009984074,0.053398866215329556,0.5684774795460962,0.07396169229699869,387.4195905575978,13.110790761744058,3,"[11, 12, 13]",0.0,0.0,0.0,0.0
matched,gaussian_fitted,bank1:3,joint,0.8487526718801742,0.017003172091186795,0.8929277617867641,0.010177285917469858,0.06619163960470296,0.07535078203615571,0.6626523842673305,0.04979081546979491,1025.9911101229961,152.69141143046025,3,"[11, 12, 13]",0.0,0.0,0.0,0.0
matched,gaussian_fitted,bank1:3,marginal_max,0.7831449542512717,0.016335133855429798,0.8458753862849956,0.012040868487937182,0.03639237802272922,0.032019579532493486,0.5633001705318804,0.0067433391140229405,238.40447825366923,12.342992907568162,3,"[11, 12, 13]",0.0,0.0,0.0,0.0
matched,gaussian_fitted,bank1:3,relational_max,0.8310185482199238,0.004024468370914707,0.8827352997611883,0.003264948466849769,0.15792519680415723,0.06944457568040716,0.7096274581030585,0.015570187680831245,485.86511041583503,21.70273974889117,3,"[11, 12, 13]",0.0,0.0,0.0,0.0
matched,gaussian_fitted,bank2:6-10,conditional_max,0.8247354950589871,0.014772834564064601,0.8705279172576811,0.01631925192233183,0.025188826294388,0.019945270275846323,0.5352239248412425,0.04262258058406095,229.82184181028856,21.375395240075445,3,"[11, 12, 13]",0.0,0.0,0.0,0.0
matched,gaussian_fitted,bank2:6-10,independent,0.7639014411803075,0.021746698828656555,0.809971686462517,0.02384219654624374,0.0724830956375669,0.027381832730101804,0.4651937588004534,0.07719428657852298,226.5536128321919,19.67372912280483,3,"[11, 12, 13]",0.0,0.0,0.0,0.0
matched,gaussian_fitted,bank2:6-10,joint,0.8262333021765302,0.01812000982415999,0.8710474949100658,0.014840220384474377,0.05667344177557259,0.016016407862643623,0.5906508356710091,0.03828371402623207,545.988253550398,28.27158342238401,3,"[11, 12, 13]",0.0,0.0,0.0,0.0
matched,gaussian_fitted,bank2:6-10,marginal_max,0.7598580352689397,0.021596036536426288,0.7882014525406825,0.04445430448071387,0.02423759776425456,0.022527446782545688,0.2111590052860428,0.05297329909780205,116.43616747519474,6.980619649037695,3,"[11, 12, 13]",0.0,0.0,0.0,0.0
matched,gaussian_fitted,bank2:6-10,relational_max,0.811978274511128,0.007200216009828661,0.8664406765386574,0.004382035710235017,0.1035694254278382,0.0630689390111251,0.6396865064371634,0.03483376937222764,230.2124651733462,25.811659783115083,3,"[11, 12, 13]",0.0,0.0,0.0,0.0
matched,gaussian_fitted,full,conditional_max,0.8428584017909474,0.019112906126726958,0.8862500719756056,0.015725896653718693,0.02304784328399612,0.018540918501750433,0.5776955963411982,0.03821117968024866,511.90071020100277,53.867328682673815,3,"[11, 12, 13]",0.0,0.0,0.0,0.0
matched,gaussian_fitted,full,independent,0.7819120364987295,0.024781526768533197,0.834452604041906,0.021565902153442826,0.050409078078979215,0.00466474001126776,0.5004744601072435,0.035475012796158396,400.04213066377383,39.71228868206283,3,"[11, 12, 13]",0.0,0.0,0.0,0.0
matched,gaussian_fitted,full,joint,0.8433523958579423,0.01825395250523261,0.8861046328471289,0.013705341863481548,0.048735306254765964,0.007689328608403548,0.6341277583865765,0.03263021529149662,1065.9152827209043,111.31358825674666,3,"[11, 12, 13]",0.0,0.0,0.0,0.0
matched,gaussian_fitted,full,marginal_max,0.7765883578799668,0.024634326898548893,0.82233732374874,0.03209058856313854,0.02423759776425456,0.022527446782545688,0.36003135259602487,0.0389537095886893,238.32340863861387,12.372262348671308,3,"[11, 12, 13]",0.0,0.0,0.0,0.0
matched,gaussian_fitted,full,relational_max,0.833916472517099,0.007103345736151946,0.8844812669623301,0.0047473338876437895,0.08655393986959231,0.06159716748659835,0.6756405069709107,0.02229727713399903,497.67200767606454,13.574076024462551,3,"[11, 12, 13]",0.0,0.0,0.0,0.0
matched,gaussian_fitted,random1:1,conditional_max,0.8356803313392507,0.013598471480160485,0.8822818042470204,0.012924659641337282,0.023689717020750137,0.018866958154796845,0.5760218245169849,0.034719083857023526,508.7701958909847,46.009084092493985,3,"[11, 12, 13]",0.0,0.0,0.0,0.0
matched,gaussian_fitted,random1:1,independent,0.7766300420668987,0.02233657662789943,0.8312334057037979,0.020325130117323863,0.05488178386633152,0.01733182831692214,0.5071042261209809,0.06426487639683201,397.47420334818474,33.80418441139506,3,"[11, 12, 13]",0.0,0.0,0.0,0.0
matched,gaussian_fitted,random1:1,joint,0.8384109652111608,0.01693617151636716,0.8835159128061986,0.013420920596693012,0.05952639842418985,0.023590607471778022,0.642923129444267,0.03911532383062024,1046.2119544770408,117.05226958236464,3,"[11, 12, 13]",0.0,0.0,0.0,0.0
matched,gaussian_fitted,random1:1,marginal_max,0.7701183739563532,0.020790611593524883,0.8186090644530527,0.030091349689511465,0.02423759776425456,0.022527446782545688,0.36003135259602487,0.0389537095886893,239.50589276158234,12.354470437004546,3,"[11, 12, 13]",0.0,0.0,0.0,0.0
matched,gaussian_fitted,random1:1,relational_max,0.8290279713924944,0.005444467416735192,0.8806517689438063,0.0024421451418008265,0.0987423324436194,0.048826461186526185,0.6842639692580952,0.02265692768389455,492.5346711728905,6.7404256294742195,3,"[11, 12, 13]",0.0,0.0,0.0,0.0
matched,gaussian_fitted,random3:5-8-14,conditional_max,0.8156612714256076,0.011262581285024817,0.8644434766407049,0.01121245565796139,0.02596539227394604,0.021547278088290628,0.5271357488034218,0.02316827779117923,465.987611407003,40.11786497888866,3,"[11, 12, 13]",0.0,0.0,0.0,0.0
matched,gaussian_fitted,random3:5-8-14,independent,0.7622638764419692,0.02297087625108766,0.8146980878470855,0.020021805088961665,0.04846867554922726,0.022170591593521104,0.4534941621887368,0.0720050499459607,386.4726015265912,39.692332611541616,3,"[11, 12, 13]",0.0,0.0,0.0,0.0
matched,gaussian_fitted,random3:5-8-14,joint,0.8152548819965623,0.013947723007334503,0.863728967972901,0.010438093915147897,0.029927433845495927,0.014785507225543903,0.5508008437906107,0.01962523906834996,795.4958108183906,55.89769822427052,3,"[11, 12, 13]",0.0,0.0,0.0,0.0
matched,gaussian_fitted,random3:5-8-14,marginal_max,0.7601722959386605,0.02235731226226438,0.8048728612915609,0.03134413459288383,0.02423759776425456,0.022527446782545688,0.305377525023964,0.03186306751331695,238.57289870604222,12.42232973260838,3,"[11, 12, 13]",0.0,0.0,0.0,0.0
matched,gaussian_fitted,random3:5-8-14,relational_max,0.8035625426835468,0.005262350770167079,0.8613210883638548,0.0034987190533532007,0.09213589256694014,0.06030975281363698,0.6310918778471758,0.03994998507133083,432.3461365644893,66.7920289203488,3,"[11, 12, 13]",0.0,0.0,0.0,0.0
matched,gaussian_fitted,random7:3-4-8-10-11-12-14,conditional_max,0.7747710768921223,0.017621873691149727,0.8392386616274461,0.01105986645776799,0.11588931100017696,0.09585911993973549,0.5893126200475999,0.049396560255679005,308.41199488183946,27.31040842175049,3,"[11, 12, 13]",0.0,0.0,0.0,0.0
matched,gaussian_fitted,random7:3-4-8-10-11-12-14,independent,0.7359046375333756,0.014967731444434397,0.7998511682217604,0.009945277954085544,0.13951038600302187,0.11364826835624309,0.5179785796407369,0.06734874472395343,295.6793137891031,27.01789633852677,3,"[11, 12, 13]",0.0,0.0,0.0,0.0
matched,gaussian_fitted,random7:3-4-8-10-11-12-14,joint,0.7786813993970556,0.008356943726656246,0.8405154241905916,0.004282464864579908,0.09536336330498964,0.04983643990164068,0.577387091979899,0.04532332383852123,530.2900461915051,66.63461682111459,3,"[11, 12, 13]",0.0,0.0,0.0,0.0
matched,gaussian_fitted,random7:3-4-8-10-11-12-14,marginal_max,0.735639334019671,0.022416851095641514,0.8047122968949602,0.013428774195633902,0.07288729385627617,0.06704068264728354,0.4849069364075238,0.04927044912771917,198.68899659264548,17.1760037879,3,"[11, 12, 13]",0.0,0.0,0.0,0.0
matched,gaussian_fitted,random7:3-4-8-10-11-12-14,relational_max,0.7608082072719623,0.011798200308433518,0.8268492278834674,0.00650583536938478,0.15879203007451811,0.08072727630712517,0.5915628228351543,0.03705746424500367,311.47652650049713,43.78644431981782,3,"[11, 12, 13]",0.0,0.0,0.0,0.0
matched,gaussian_fitted,single_sensor_0,conditional_max,0.5559393515543521,0.010165104602338128,0.6018397224170647,0.01291181947223314,0.06738183954938438,0.014909949187952475,0.16010400379373702,0.00436096114266617,36.27577244576482,2.437451285841679,3,"[11, 12, 13]",0.0,0.0,0.0,0.0
matched,gaussian_fitted,single_sensor_0,independent,0.5559393515543521,0.010165104602338128,0.6018397224170647,0.01291181947223314,0.06738183954938438,0.014909949187952475,0.16010400379373702,0.00436096114266617,36.27577244576482,2.437451285841679,3,"[11, 12, 13]",0.0,0.0,0.0,0.0
matched,gaussian_fitted,single_sensor_0,joint,0.5559393515543521,0.010165104602338128,0.6018397224170647,0.01291181947223314,0.06738183954938438,0.014909949187952475,0.16010400379373702,0.00436096114266617,36.27577244576482,2.437451285841679,3,"[11, 12, 13]",0.0,0.0,0.0,0.0
matched,gaussian_fitted,single_sensor_0,marginal_max,0.5559393515543521,0.010165104602338128,0.6018397224170647,0.01291181947223314,0.06738183954938438,0.014909949187952475,0.16010400379373702,0.00436096114266617,36.27577244576482,2.437451285841679,3,"[11, 12, 13]",0.0,0.0,0.0,0.0
matched,gaussian_fitted,single_sensor_0,relational_max,0.5,0.0,0.5,0.0,0.0,0.0,0.0,0.0,0.0,0.0,3,"[11, 12, 13]",1.0,0.0,0.0,0.0
matched,gmm_fitted,bank0:0-1-2-4-5-7-8,conditional_max,0.7679786836202817,0.0178708229010788,0.8324957188831985,0.01317591071888396,0.026501974419812963,0.007542604425325012,0.5092215995169546,0.00939268181728064,599.6250947291023,51.96484426904291,3,"[11, 12, 13]",0.0,0.0,0.0,0.0
matched,gmm_fitted,bank0:0-1-2-4-5-7-8,independent,0.7084011137493219,0.015811356255870143,0.7609776656352668,0.01918398402245232,0.03711986192222758,0.015329856910389307,0.30936277124227474,0.07689524417811226,428.48809547366074,37.62828241553832,3,"[11, 12, 13]",0.0,0.0,0.0,0.0
matched,gmm_fitted,bank0:0-1-2-4-5-7-8,joint,0.754189035636589,0.010777038061988323,0.807841905043443,0.008591386563068034,0.044602084854493095,0.021199674856613088,0.4159725723505092,0.04730315659311419,944.4762365833873,56.47433581356102,3,"[11, 12, 13]",0.0,0.0,0.0,0.0
matched,gmm_fitted,bank0:0-1-2-4-5-7-8,marginal_max,0.7259686865316067,0.018123498422304218,0.7934511037385811,0.017010808025983867,0.029846764288170125,0.01656365274770624,0.41559514249394475,0.022491973611432854,268.60929738401273,7.117400691900382,3,"[11, 12, 13]",0.0,0.0,0.0,0.0
matched,gmm_fitted,bank0:0-1-2-4-5-7-8,relational_max,0.7665856516160153,0.015128375009214459,0.8277691497115939,0.01259534719752316,0.03252781216628134,0.010095390478947776,0.49185751779934095,0.05271393230215607,558.126349492567,81.12748704014714,3,"[11, 12, 13]",0.0,0.0,0.0,0.0
matched,gmm_fitted,bank1:3,conditional_max,0.8490030185140455,0.016686676994909316,0.8960585611511925,0.01180719727370536,0.09245290124904175,0.08467050156938102,0.7035890258624495,0.024250176079343034,611.0677912149029,65.5234084797507,3,"[11, 12, 13]",0.0,0.0,0.0,0.0
matched,gmm_fitted,bank1:3,independent,0.7843310524771613,0.020763069714849827,0.8424205139037119,0.015857556643797083,0.08240261641504001,0.07213398512139516,0.5661043285777981,0.07001313385915194,413.73590115109647,15.29202734642579,3,"[11, 12, 13]",0.0,0.0,0.0,0.0
matched,gmm_fitted,bank1:3,joint,0.8468037708439349,0.018242957718544506,0.8914297481932536,0.011341162082275803,0.08044686561107796,0.0815121396181332,0.6702559760064762,0.057249451995883674,1179.3900505245285,155.4385016331517,3,"[11, 12, 13]",0.0,0.0,0.0,0.0
matched,gmm_fitted,bank1:3,marginal_max,0.7844238961932856,0.01679322858812905,0.8473384340645701,0.01224544990459758,0.034879945313167564,0.030705594759919064,0.5702878064643367,0.00736785698369645,266.6279955678233,7.313584292723855,3,"[11, 12, 13]",0.0,0.0,0.0,0.0
matched,gmm_fitted,bank1:3,relational_max,0.841264215173856,0.007571156198544212,0.888866836649511,0.005838060404856144,0.11312747207444279,0.036797550417768575,0.6978639980917923,0.0018398737062512575,590.4356248811238,26.161406080374366,3,"[11, 12, 13]",0.0,0.0,0.0,0.0
matched,gmm_fitted,bank2:6-10,conditional_max,0.8259714156066472,0.010736016397944248,0.8738576418810641,0.008701334469457542,0.0445887614185693,0.023453949654561275,0.580627197708855,0.04420208349139889,329.02011918724617,62.66381282118251,3,"[11, 12, 13]",0.0,0.0,0.0,0.0
matched,gmm_fitted,bank2:6-10,independent,0.7391232864575484,0.016143700231458363,0.7670882623790051,0.02129399358305266,0.06162263250845471,0.024418700134822627,0.29309080630275464,0.01797097012718435,313.3892101822983,26.891766355682954,3,"[11, 12, 13]",0.0,0.0,0.0,0.0
matched,gmm_fitted,bank2:6-10,joint,0.8055442005740314,0.011870784773051599,0.8429637330651616,0.010273297684338316,0.06269725468375469,0.0011099419773845322,0.4681059622173274,0.029743139687402442,723.8377924425228,45.9085584474981,3,"[11, 12, 13]",0.0,0.0,0.0,0.0
matched,gmm_fitted,bank2:6-10,marginal_max,0.7726955333294886,0.02131619333536942,0.8287903440079954,0.023477021353981165,0.029846764288170125,0.01656365274770624,0.4853466502897746,0.022516378009073044,123.48750248335757,8.099385714116446,3,"[11, 12, 13]",0.0,0.0,0.0,0.0
matched,gmm_fitted,bank2:6-10,relational_max,0.8145207209425079,0.011280366991822959,0.8596713974697602,0.005843023135858622,0.03037423466174874,0.01939705889879966,0.495492547987655,0.03919681473030569,324.4696582845367,75.05080344975677,3,"[11, 12, 13]",0.0,0.0,0.0,0.0
matched,gmm_fitted,full,conditional_max,0.8405648414077693,0.014484247365572876,0.8845756107411958,0.0101124230103339,0.030038232996521735,0.0130061735390915,0.5750187601267225,0.05824812992276449,698.3405041141659,77.12005631882943,3,"[11, 12, 13]",0.0,0.0,0.0,0.0
matched,gmm_fitted,full,independent,0.7643383671877008,0.021053415690695517,0.8081964825179981,0.02113481572137438,0.0682903439916771,0.012834193030111,0.409776121730038,0.04349090371099014,462.1522109486494,66.95185283194174,3,"[11, 12, 13]",0.0,0.0,0.0,0.0
matched,gmm_fitted,full,joint,0.8258842586754115,0.013818272498967308,0.8645863033362703,0.010559245047356157,0.06317851824764015,0.010916761672249838,0.5354759362143543,0.04748126407285093,1398.0181332444483,151.93247831038462,3,"[11, 12, 13]",0.0,0.0,0.0,0.0
matched,gmm_fitted,full,marginal_max,0.7860077971801882,0.02463365874473054,0.8445935761109986,0.021067270563603118,0.029846764288170125,0.01656365274770624,0.5391572947026586,0.02841442104730901,266.59031227109136,7.252903793184833,3,"[11, 12, 13]",0.0,0.0,0.0,0.0
matched,gmm_fitted,full,relational_max,0.8337530224918147,0.006533952494695214,0.875440592626293,0.003887916270755126,0.02744336223587503,0.022373534859996297,0.5275111538217,0.06062644056442655,675.8281855521113,80.15380241625455,3,"[11, 12, 13]",0.0,0.0,0.0,0.0
matched,gmm_fitted,random1:1,conditional_max,0.8351140990000462,0.012528746778313754,0.8825402879708529,0.008813528888441792,0.03540611979024295,0.018828380114099555,0.5931953284550929,0.05269401674478219,672.9265997824402,64.45025359175733,3,"[11, 12, 13]",0.0,0.0,0.0,0.0
matched,gmm_fitted,random1:1,independent,0.7596442795363516,0.020571239547050507,0.8053520019888879,0.02110799696283115,0.06441172575752238,0.009926319788811134,0.4120012570196081,0.06153067973141634,458.6469628544689,61.9677233334017,3,"[11, 12, 13]",0.0,0.0,0.0,0.0
matched,gmm_fitted,random1:1,joint,0.8215195667427269,0.014245748551875537,0.8619581430161739,0.010744976628706824,0.0698469586726456,0.019796922602079683,0.5274058622308129,0.052219244338937106,1328.120673699155,92.34764493003969,3,"[11, 12, 13]",0.0,0.0,0.0,0.0
matched,gmm_fitted,random1:1,marginal_max,0.7796168870411178,0.02205291778164248,0.8404874107433877,0.01966144020666081,0.029846764288170125,0.01656365274770624,0.5332148802935853,0.03255036985411285,267.6973612637814,7.344821218224371,3,"[11, 12, 13]",0.0,0.0,0.0,0.0
matched,gmm_fitted,random1:1,relational_max,0.8295085299051405,0.003540796958987029,0.874547398572715,0.0032506165253692897,0.0359574832555998,0.03468321087672429,0.5519268968583825,0.08044641253812718,639.9522770392265,58.991783066394554,3,"[11, 12, 13]",0.0,0.0,0.0,0.0
matched,gmm_fitted,random3:5-8-14,conditional_max,0.8167240172160092,0.005122821131692452,0.86784678707573,0.004416710966200526,0.03128201016225839,0.011701303487166767,0.5648140611250083,0.024755681558717674,646.7507345343889,117.63225267689864,3,"[11, 12, 13]",0.0,0.0,0.0,0.0
matched,gmm_fitted,random3:5-8-14,independent,0.7462459068238187,0.018468583436917426,0.7884223265651253,0.019410287279170907,0.04142499209300649,0.019198031839739893,0.33919402526917186,0.039580659931885843,443.0984181466353,71.60565748736151,3,"[11, 12, 13]",0.0,0.0,0.0,0.0
matched,gmm_fitted,random3:5-8-14,joint,0.8002545539973278,0.005535855006253604,0.8430671495897314,0.00504554892503402,0.05808985665359836,0.017979637573122653,0.4698976201265686,0.022939133738129443,1111.005982243278,157.0411396745406,3,"[11, 12, 13]",0.0,0.0,0.0,0.0
matched,gmm_fitted,random3:5-8-14,marginal_max,0.7697953374576919,0.022450510292791933,0.8287777783431732,0.019987307197474775,0.029846764288170125,0.01656365274770624,0.49083517694859297,0.025411496352488305,266.74764892510365,7.506769574363992,3,"[11, 12, 13]",0.0,0.0,0.0,0.0
matched,gmm_fitted,random3:5-8-14,relational_max,0.8050793080027404,0.0059449974039781535,0.8558418578565518,0.004681248637160689,0.039785561526128714,0.031573057446722404,0.5272663913696533,0.05826672061135046,606.8554317893619,138.31526688169984,3,"[11, 12, 13]",0.0,0.0,0.0,0.0
matched,gmm_fitted,random7:3-4-8-10-11-12-14,conditional_max,0.7736783477881769,0.018485607577931145,0.8382812421369796,0.011365084820394002,0.14381826995387015,0.127338061937046,0.6011954240274601,0.07092181148966901,332.24785916675114,18.138755929345596,3,"[11, 12, 13]",0.0,0.0,0.0,0.0
matched,gmm_fitted,random7:3-4-8-10-11-12-14,independent,0.7367453864186815,0.014290824905269919,0.8006472769296158,0.009231594356370545,0.13659008323300262,0.12708783547596525,0.50979770650617,0.08042728950810228,315.039283563208,32.42914440137175,3,"[11, 12, 13]",0.0,0.0,0.0,0.0
matched,gmm_fitted,random7:3-4-8-10-11-12-14,joint,0.7776044128927065,0.010516518565457662,0.8395429259949978,0.005574623571313979,0.09602985907530497,0.06264789088684872,0.5760199211689958,0.05473633929169823,550.7674990287593,63.801665779684214,3,"[11, 12, 13]",0.0,0.0,0.0,0.0
matched,gmm_fitted,random7:3-4-8-10-11-12-14,marginal_max,0.7368558196939962,0.02291245493784474,0.8058272577576836,0.013542892874146931,0.07491241561992651,0.0653814057424953,0.49274050927922647,0.042968939783899304,216.68245993723053,19.553699917267636,3,"[11, 12, 13]",0.0,0.0,0.0,0.0
matched,gmm_fitted,random7:3-4-8-10-11-12-14,relational_max,0.7656284587845804,0.008123900005525079,0.831126054848224,0.005001150649804008,0.17115334383819436,0.057346763126663765,0.6048907134031741,0.018185872270510963,318.05533756060214,29.332828734607748,3,"[11, 12, 13]",0.0,0.0,0.0,0.0
matched,gmm_fitted,single_sensor_0,conditional_max,0.5562478504501419,0.010534311615099889,0.6028447369671577,0.012928100677600656,0.06035423330915677,0.009351080588078466,0.15608793953670888,0.004712376523337382,35.999790815602836,2.585363008405299,3,"[11, 12, 13]",0.0,0.0,0.0,0.0
matched,gmm_fitted,single_sensor_0,independent,0.5562478504501419,0.010534311615099889,0.6028447369671577,0.012928100677600656,0.06035423330915677,0.009351080588078466,0.15608793953670888,0.004712376523337382,35.999790815602836,2.585363008405299,3,"[11, 12, 13]",0.0,0.0,0.0,0.0
matched,gmm_fitted,single_sensor_0,joint,0.5562478504501419,0.010534311615099889,0.6028447369671577,0.012928100677600656,0.06035423330915677,0.009351080588078466,0.15608793953670888,0.004712376523337382,35.999790815602836,2.585363008405299,3,"[11, 12, 13]",0.0,0.0,0.0,0.0
matched,gmm_fitted,single_sensor_0,marginal_max,0.5562478504501419,0.010534311615099889,0.6028447369671577,0.012928100677600656,0.06035423330915677,0.009351080588078466,0.15608793953670888,0.004712376523337382,35.999790815602836,2.585363008405299,3,"[11, 12, 13]",0.0,0.0,0.0,0.0
matched,gmm_fitted,single_sensor_0,relational_max,0.5,0.0,0.5,0.0,0.0,0.0,0.0,0.0,0.0,0.0,3,"[11, 12, 13]",1.0,0.0,0.0,0.0
matched_nearest,circuit,bank0:0-1-2-4-5-7-8,conditional_max,0.7400548399368679,0.029325818598209846,0.807285021882164,0.023109819206781314,0.034404351296483705,0.028240433232629876,0.46934062761077583,0.06350580225469032,537.411610921224,116.40274892657766,3,"[11, 12, 13]",0.0,0.0,0.0,0.0
matched_nearest,circuit,bank0:0-1-2-4-5-7-8,independent,0.7274963855076875,0.018629815282727766,0.7941529479079531,0.019612983863541225,0.06644539233874087,0.010302185313911548,0.4590454183376645,0.04997532920612046,852.3214721679688,127.25324651294073,3,"[11, 12, 13]",0.0,0.0,0.0,0.0
matched_nearest,circuit,bank0:0-1-2-4-5-7-8,joint,0.7355243515623249,0.022270294438669447,0.7997760997635419,0.02116975395703098,0.06724860519014648,0.00902814094329172,0.4744657767907366,0.04879448717918317,851.1748860677084,124.31785142047072,3,"[11, 12, 13]",0.0,0.0,0.0,0.0
matched_nearest,circuit,bank0:0-1-2-4-5-7-8,marginal_max,0.7290037869774917,0.023999791041393576,0.8001142951231369,0.0203149553767839,0.03917033466122228,0.0327584746608407,0.45983879047499876,0.07194350129866726,537.0457967122396,115.31648180333505,3,"[11, 12, 13]",0.0,0.0,0.0,0.0
matched_nearest,circuit,bank0:0-1-2-4-5-7-8,relational_max,0.6424817509208552,0.012635353741342326,0.689912984525391,0.018791389809629685,0.03245208321437409,0.04616931016093962,0.20119983817492418,0.10272794051347384,11.553175608317057,1.3135473664355823,3,"[11, 12, 13]",0.0,0.0,0.0,0.0
matched_nearest,circuit,bank1:3,conditional_max,0.8060707583644867,0.023017930827491092,0.8605503851473295,0.015255705034792646,0.0303861002141064,0.021719241607148526,0.5771982555613197,0.02581174362029143,540.1939188639323,106.98673268713348,3,"[11, 12, 13]",0.0,0.0,0.0,0.0
matched_nearest,circuit,bank1:3,independent,0.7843114960721009,0.02389404285490884,0.8360809357999307,0.02082864274120972,0.08082895259570094,0.0716074969217591,0.5382152184415792,0.09671382344055121,986.0892944335938,37.028722062521936,3,"[11, 12, 13]",0.0,0.0,0.0,0.0
matched_nearest,circuit,bank1:3,joint,0.7982725971016605,0.028036618427345783,0.8455790479371107,0.02315048041699403,0.07608961610280994,0.06339951683629276,0.555148009604213,0.09528120468310575,1000.1490478515625,39.16563104515749,3,"[11, 12, 13]",0.0,0.0,0.0,0.0
matched_nearest,circuit,bank1:3,marginal_max,0.7909463876471943,0.02343442015725309,0.8508067737726589,0.015898247133818707,0.028766351075371368,0.016824045960309904,0.5656192988147003,0.02232361195835267,539.8334147135416,107.08559983574723,3,"[11, 12, 13]",0.0,0.0,0.0,0.0
matched_nearest,circuit,bank1:3,relational_max,0.7133774474097939,0.004764621107870224,0.7739638837070043,0.007385100549106835,0.01337409737771293,0.017201121102367472,0.317925407387339,0.07784931023257659,12.598520914713541,0.7657872463174595,3,"[11, 12, 13]",0.0,0.0,0.0,0.0
matched_nearest,circuit,bank2:6-10,conditional_max,0.795781865668788,0.020550956585162823,0.8524924425633388,0.013990963233766357,0.0303861002141064,0.021719241607148526,0.5562353477639508,0.018033585060907263,380.19286092122394,57.44838482016758,3,"[11, 12, 13]",0.0,0.0,0.0,0.0
matched_nearest,circuit,bank2:6-10,independent,0.7752622832676908,0.020418060032880412,0.827342008837733,0.018941135790362277,0.10566974968544136,0.04598595323983431,0.5456580380207935,0.08317962044327633,1000.9688517252604,179.41185007888916,3,"[11, 12, 13]",0.0,0.0,0.0,0.0
matched_nearest,circuit,bank2:6-10,joint,0.7910208058878778,0.02480826072042731,0.8380410938853419,0.02101749464876792,0.0936482037862046,0.05447347266161877,0.5585614414904754,0.08385701255721786,1011.0850219726562,170.63778616065056,3,"[11, 12, 13]",0.0,0.0,0.0,0.0
matched_nearest,circuit,bank2:6-10,marginal_max,0.7793922207277971,0.018549000464505517,0.8415889245712096,0.01275397071062916,0.028766351075371368,0.016824045960309904,0.5446563910173313,0.0147812305145955,379.37999471028644,57.74610512406608,3,"[11, 12, 13]",0.0,0.0,0.0,0.0
matched_nearest,circuit,bank2:6-10,relational_max,0.7158583804376052,0.006910845797514951,0.7760776872655603,0.010487380642239448,0.027831928703014135,0.023492824046001257,0.35336076584243603,0.06834139482503984,12.603754679361979,0.7664724663950453,3,"[11, 12, 13]",0.0,0.0,0.0,0.0
matched_nearest,circuit,full,conditional_max,0.8061314423210391,0.022967704869812217,0.8606614348371666,0.01517456667493251,0.0303861002141064,0.021719241607148526,0.5771982555613197,0.02581174362029143,540.1938273111979,106.98671278966894,3,"[11, 12, 13]",0.0,0.0,0.0,0.0
matched_nearest,circuit,full,independent,0.7872035806703656,0.026682569973831425,0.839269904447649,0.02277230769010075,0.07999488120881225,0.042270185359665466,0.5508618319197937,0.06984421239209912,1067.157470703125,157.90874606662936,3,"[11, 12, 13]",0.0,0.0,0.0,0.0
matched_nearest,circuit,full,joint,0.7997444281712364,0.029695251651488872,0.8475368769896826,0.024002243384130935,0.08082474093206546,0.03695764254916276,0.567058756352424,0.07283736941585311,1078.6645914713542,149.00103127531165,3,"[11, 12, 13]",0.0,0.0,0.0,0.0
matched_nearest,circuit,full,marginal_max,0.7913224267714468,0.023491885763300774,0.8513830718531784,0.015998627974321663,0.028766351075371368,0.016824045960309904,0.5703046126221128,0.02473921065072129,539.8334147135416,107.08559983574723,3,"[11, 12, 13]",0.0,0.0,0.0,0.0
matched_nearest,circuit,full,relational_max,0.7157435780790947,0.01357073243038925,0.7775395988056101,0.010603679854452737,0.01337409737771293,0.017201121102367472,0.31721618752918296,0.0783928096154981,12.593312581380209,0.75930171346858,3,"[11, 12, 13]",0.0,0.0,0.0,0.0
matched_nearest,circuit,random1:1,conditional_max,0.8026076424013864,0.02434303788648079,0.8591336221496763,0.0171232689477271,0.06751090274175252,0.055404758043418344,0.5973221918631468,0.07047836357280315,541.4386189778646,106.93636112893424,3,"[11, 12, 13]",0.0,0.0,0.0,0.0
matched_nearest,circuit,random1:1,independent,0.7823011491434845,0.02394672363204826,0.8362877709415676,0.0217614688534775,0.07715727283440509,0.02974691749636056,0.5381064441288397,0.07433674117493116,1049.4418334960938,136.8390369087816,3,"[11, 12, 13]",0.0,0.0,0.0,0.0
matched_nearest,circuit,random1:1,joint,0.7942340151979962,0.02683965404573828,0.8440208170878568,0.022758436811911517,0.07947291839537235,0.027908119601869393,0.5513991430074437,0.07795110932675905,1056.5423177083333,130.22347733700127,3,"[11, 12, 13]",0.0,0.0,0.0,0.0
matched_nearest,circuit,random1:1,marginal_max,0.787880987798972,0.02559858706959891,0.8495765003701242,0.01764771496716765,0.06984060068042665,0.06430892544815717,0.5904958950453422,0.0723933682641837,541.0442199707031,106.56478804979933,3,"[11, 12, 13]",0.0,0.0,0.0,0.0
matched_nearest,circuit,random1:1,relational_max,0.7120285886641579,0.009387382762850087,0.7734959476956093,0.01183452681404391,0.005461879786970813,0.005532634578577146,0.2907647530729958,0.0713298783341487,12.432607014973959,0.9522377071755258,3,"[11, 12, 13]",0.0,0.0,0.0,0.0
matched_nearest,circuit,random3:5-8-14,conditional_max,0.7818787417638956,0.02319271717572352,0.8413144104717757,0.013738339914658311,0.068393448757215,0.04595715193445291,0.5642079460323902,0.013534119507179844,534.2493184407552,114.96898174189761,3,"[11, 12, 13]",0.0,0.0,0.0,0.0
matched_nearest,circuit,random3:5-8-14,independent,0.7689206179897784,0.02337366589299093,0.8239887252091106,0.018532006518024877,0.10438831052757973,0.06552884196419492,0.5440785426671899,0.060520773357271976,895.7429402669271,108.83072210754402,3,"[11, 12, 13]",0.0,0.0,0.0,0.0
matched_nearest,circuit,random3:5-8-14,joint,0.7783199294608697,0.02436513542534943,0.8305611261970305,0.019131860736756812,0.10517819994306155,0.06613791832960506,0.5527399504238594,0.06233375755519326,899.8917439778646,120.6475913738476,3,"[11, 12, 13]",0.0,0.0,0.0,0.0
matched_nearest,circuit,random3:5-8-14,marginal_max,0.7720248612432757,0.022136267894239572,0.8345721573546087,0.013929658892664919,0.07031979890926011,0.04832707520457145,0.5521484546636684,0.008647778219420078,534.803700764974,114.39024534880362,3,"[11, 12, 13]",0.0,0.0,0.0,0.0
matched_nearest,circuit,random3:5-8-14,relational_max,0.6723523879738488,0.004935013597142489,0.7339707617008197,0.0017736186847357625,0.02134033765393327,0.03489654553678406,0.24264467368313627,0.0781840674678571,11.004048665364584,1.324222114434699,3,"[11, 12, 13]",0.0,0.0,0.0,0.0
matched_nearest,circuit,random7:3-4-8-10-11-12-14,conditional_max,0.7520693032198656,0.021457497794689015,0.8172538749975212,0.012702171534041726,0.05447017473949443,0.05014186164989833,0.5002614066227601,0.0367335643577161,541.1962381998698,107.2449459709241,3,"[11, 12, 13]",0.0,0.0,0.0,0.0
matched_nearest,circuit,random7:3-4-8-10-11-12-14,independent,0.7360492370948014,0.013298499152747834,0.7964232031633705,0.009648701867309836,0.054359254098171446,0.017684550522371348,0.4421918388487904,0.026188635640052266,713.2778727213541,100.23063656171969,3,"[11, 12, 13]",0.0,0.0,0.0,0.0
matched_nearest,circuit,random7:3-4-8-10-11-12-14,joint,0.7471985643392212,0.014922185714727337,0.8058588119335822,0.011129660268562486,0.04876341101017967,0.021200987901404553,0.4547999399027997,0.03144088902899034,719.0520426432291,94.7706150077976,3,"[11, 12, 13]",0.0,0.0,0.0,0.0
matched_nearest,circuit,random7:3-4-8-10-11-12-14,marginal_max,0.7409364441084242,0.019829660046436923,0.8074287377714356,0.011104294801534915,0.05919545885467858,0.04983276917155656,0.48066566963629453,0.03471395417344748,540.9945983886719,107.15426258447702,3,"[11, 12, 13]",0.0,0.0,0.0,0.0
matched_nearest,circuit,random7:3-4-8-10-11-12-14,relational_max,0.6298729143142989,0.004865463463119626,0.6886103105963333,0.015075082283024734,0.04266735187194274,0.07182531877425666,0.23215584937308983,0.12140515368182316,11.137598673502604,1.4577064522362648,3,"[11, 12, 13]",0.0,0.0,0.0,0.0
matched_nearest,circuit,single_sensor_0,conditional_max,0.5601191243299354,0.010603968545172536,0.6074836588725643,0.012243154354419581,0.07113564675157219,0.05999420243404543,0.17144735035736372,0.07844889054745519,73.29076258341472,14.956628913559614,3,"[11, 12, 13]",0.0,0.0,0.0,0.0
matched_nearest,circuit,single_sensor_0,independent,0.5601191243299354,0.010603968545172536,0.6074836588725643,0.012243154354419581,0.07113564675157219,0.05999420243404543,0.17144735035736372,0.07844889054745519,73.29076258341472,14.956628913559614,3,"[11, 12, 13]",0.0,0.0,0.0,0.0
matched_nearest,circuit,single_sensor_0,joint,0.5601375111301482,0.010574223579711632,0.6075033354979337,0.012212304366251488,0.07113564675157219,0.05999420243404543,0.17144735035736372,0.07844889054745519,73.29075749715169,14.956635978381113,3,"[11, 12, 13]",0.0,0.0,0.0,0.0
matched_nearest,circuit,single_sensor_0,marginal_max,0.5601191243299354,0.010603968545172536,0.6074836588725643,0.012243154354419581,0.07113564675157219,0.05999420243404543,0.17144735035736372,0.07844889054745519,73.29076258341472,14.956628913559614,3,"[11, 12, 13]",0.0,0.0,0.0,0.0
matched_nearest,circuit,single_sensor_0,relational_max,0.5,0.0,0.5,0.0,0.0,0.0,0.0,0.0,0.0,0.0,3,"[11, 12, 13]",1.0,0.0,0.0,0.0
matched_nearest,gaussian_fitted,bank0:0-1-2-4-5-7-8,conditional_max,0.761140327621867,0.020898928702664986,0.8204861116497087,0.01501236590580818,0.02148138788895625,0.01673983148360811,0.4086047527814191,0.009904335762664541,465.4872675506055,57.61612532826949,3,"[11, 12, 13]",0.0,0.0,0.0,0.0
matched_nearest,gaussian_fitted,bank0:0-1-2-4-5-7-8,independent,0.715307909063982,0.018994093584895767,0.7781456739169016,0.017874766870625607,0.03137600315550799,0.010573545446127548,0.35772064764047623,0.04683152821612687,356.13990136334286,20.621201689269938,3,"[11, 12, 13]",0.0,0.0,0.0,0.0
matched_nearest,gaussian_fitted,bank0:0-1-2-4-5-7-8,joint,0.763113962644019,0.023290807516028602,0.8219198251114429,0.01781130534029702,0.029756254016772954,0.015282956228411967,0.45131134601935013,0.06113406762411072,770.5468248592398,15.410129548059691,3,"[11, 12, 13]",0.0,0.0,0.0,0.0
matched_nearest,gaussian_fitted,bank0:0-1-2-4-5-7-8,marginal_max,0.7133942020361146,0.01594293757821855,0.7690483004841014,0.02275748000825965,0.02423759776425456,0.022527446782545688,0.275539305553362,0.010712318117101646,240.4449543766577,12.890485275857344,3,"[11, 12, 13]",0.0,0.0,0.0,0.0
matched_nearest,gaussian_fitted,bank0:0-1-2-4-5-7-8,relational_max,0.7710067690986321,0.014828852129278512,0.8346148559686029,0.009929989094125437,0.08970523619131159,0.10131586165000218,0.5635844578272756,0.057369818727105885,430.1176745538685,80.4300219390596,3,"[11, 12, 13]",0.0,0.0,0.0,0.0
matched_nearest,gaussian_fitted,bank1:3,conditional_max,0.8620581978403351,0.013442791609111415,0.9045419105582369,0.010471898850226967,0.06442662856730948,0.06399023470087281,0.7101740429500598,0.03403298616686646,499.51709701995327,62.40376206306262,3,"[11, 12, 13]",0.0,0.0,0.0,0.0
matched_nearest,gaussian_fitted,bank1:3,independent,0.782856837050317,0.023135618374223246,0.8409464337706084,0.017262355755956492,0.08569962009984074,0.053398866215329556,0.5684774795460962,0.07396169229699869,387.4195905575978,13.110790761744058,3,"[11, 12, 13]",0.0,0.0,0.0,0.0
matched_nearest,gaussian_fitted,bank1:3,joint,0.8577174313411251,0.017086980796720715,0.8982821192523452,0.01029095286458021,0.06619163960470296,0.07535078203615571,0.6706958113790242,0.05830510621741408,1025.9911101229961,152.69141143046025,3,"[11, 12, 13]",0.0,0.0,0.0,0.0
matched_nearest,gaussian_fitted,bank1:3,marginal_max,0.7822486870583861,0.016658394657724333,0.8452953134317736,0.012284078786015094,0.03639237802272922,0.032019579532493486,0.5633001705318804,0.0067433391140229405,238.40447825366923,12.342992907568162,3,"[11, 12, 13]",0.0,0.0,0.0,0.0
matched_nearest,gaussian_fitted,bank1:3,relational_max,0.8502796889433188,0.0030918424103338984,0.8962772662231826,0.003130245804492091,0.15792519680415723,0.06944457568040716,0.7365860740531956,0.020504166031689447,485.86511041583503,21.70273974889117,3,"[11, 12, 13]",0.0,0.0,0.0,0.0
matched_nearest,gaussian_fitted,bank2:6-10,conditional_max,0.836715007918219,0.012277008999072013,0.87604453169046,0.01349828599425142,0.025188826294388,0.019945270275846323,0.5148495970369327,0.03202653216111822,229.82184181028856,21.375395240075445,3,"[11, 12, 13]",0.0,0.0,0.0,0.0
matched_nearest,gaussian_fitted,bank2:6-10,independent,0.761566543298565,0.022552790579724574,0.8083382990165399,0.024017743250358232,0.0724830956375669,0.027381832730101804,0.465287751793703,0.07945751472855392,226.5536128321919,19.67372912280483,3,"[11, 12, 13]",0.0,0.0,0.0,0.0
matched_nearest,gaussian_fitted,bank2:6-10,joint,0.8349095530928451,0.01586384749669234,0.8746209602235604,0.012911233483189758,0.05667344177557259,0.016016407862643623,0.5842510507898288,0.040898200975838656,545.988253550398,28.27158342238401,3,"[11, 12, 13]",0.0,0.0,0.0,0.0
matched_nearest,gaussian_fitted,bank2:6-10,marginal_max,0.7569751660795521,0.02051715890177218,0.7862447142094502,0.04307271927967104,0.02423759776425456,0.022527446782545688,0.2111590052860428,0.05297329909780205,116.43616747519474,6.980619649037695,3,"[11, 12, 13]",0.0,0.0,0.0,0.0
matched_nearest,gaussian_fitted,bank2:6-10,relational_max,0.830473124412671,0.0029053204755555753,0.8805636231355166,0.0021396705866714707,0.1035694254278382,0.0630689390111251,0.6716770075157946,0.04003478181063985,230.2124651733462,25.811659783115083,3,"[11, 12, 13]",0.0,0.0,0.0,0.0
matched_nearest,gaussian_fitted,full,conditional_max,0.8538156362948227,0.01915495401480916,0.8909280355134647,0.014533180744423158,0.02304784328399612,0.018540918501750433,0.5521280442937425,0.030125079849721646,511.90071020100277,53.867328682673815,3,"[11, 12, 13]",0.0,0.0,0.0,0.0
matched_nearest,gaussian_fitted,full,independent,0.7801736668333672,0.025947498201029238,0.8332381111386015,0.021733717890681722,0.050409078078979215,0.00466474001126776,0.4990560203909315,0.03792828714583844,400.04213066377383,39.71228868206283,3,"[11, 12, 13]",0.0,0.0,0.0,0.0
matched_nearest,gaussian_fitted,full,joint,0.8500198942465823,0.020056591810051243,0.8886490270936088,0.01505265465680483,0.048735306254765964,0.007689328608403548,0.6267128815757129,0.036269642741515395,1065.6095861305332,111.39392137273288,3,"[11, 12, 13]",0.0,0.0,0.0,0.0
matched_nearest,gaussian_fitted,full,marginal_max,0.7737054886905792,0.023888045057236188,0.8204067019567081,0.03102700688942377,0.02423759776425456,0.022527446782545688,0.36003135259602487,0.0389537095886893,238.32340863861387,12.372262348671308,3,"[11, 12, 13]",0.0,0.0,0.0,0.0
matched_nearest,gaussian_fitted,full,relational_max,0.8523964010891604,0.0059281164247759035,0.8973275932230611,0.0036237177731043052,0.08655393986959231,0.06159716748659835,0.7032950193432802,0.024526702086062852,497.67200767606454,13.574076024462551,3,"[11, 12, 13]",0.0,0.0,0.0,0.0
matched_nearest,gaussian_fitted,random1:1,conditional_max,0.8461793539577639,0.0159690615563621,0.8867952044105682,0.013557728114719317,0.023689717020750137,0.018866958154796845,0.551953381743167,0.026523142615990723,508.7273396520788,45.936130712499015,3,"[11, 12, 13]",0.0,0.0,0.0,0.0
matched_nearest,gaussian_fitted,random1:1,independent,0.7748884850674506,0.023554869112661202,0.8300710795505818,0.020497042862855107,0.05488178386633152,0.01733182831692214,0.504694587566764,0.06127448799926762,397.47420334818474,33.80418441139506,3,"[11, 12, 13]",0.0,0.0,0.0,0.0
matched_nearest,gaussian_fitted,random1:1,joint,0.8446299451952339,0.019037584089664782,0.8859677122802396,0.014571850346344044,0.05952639842418985,0.023590607471778022,0.6333265703734571,0.04612761541548299,1046.2119544770408,117.05226958236464,3,"[11, 12, 13]",0.0,0.0,0.0,0.0
matched_nearest,gaussian_fitted,random1:1,marginal_max,0.7678638976624446,0.02160982118221617,0.8168876267428312,0.029443741855717614,0.02423759776425456,0.022527446782545688,0.36003135259602487,0.0389537095886893,239.50589276158234,12.354470437004546,3,"[11, 12, 13]",0.0,0.0,0.0,0.0
matched_nearest,gaussian_fitted,random1:1,relational_max,0.846657885297473,0.0019056724751263735,0.8932492739529708,0.002077124836906227,0.0987423324436194,0.048826461186526185,0.7121197910528876,0.03342143534999533,492.5346711728905,6.7404256294742195,3,"[11, 12, 13]",0.0,0.0,0.0,0.0
matched_nearest,gaussian_fitted,random3:5-8-14,conditional_max,0.8252397228244664,0.013408391766873768,0.8679386648323583,0.011149650350329167,0.02596539227394604,0.021547278088290628,0.5069494069856111,0.01878720852949528,465.987611407003,40.11786497888866,3,"[11, 12, 13]",0.0,0.0,0.0,0.0
matched_nearest,gaussian_fitted,random3:5-8-14,independent,0.7589255868854137,0.024004516532069264,0.8125826608583568,0.020415107137463383,0.04846867554922726,0.022170591593521104,0.450375303776364,0.06917790221235788,386.91200531855475,40.446530096853735,3,"[11, 12, 13]",0.0,0.0,0.0,0.0
matched_nearest,gaussian_fitted,random3:5-8-14,joint,0.8205942767200808,0.01638227001347222,0.8650041956046981,0.012029325481497715,0.029927433845495927,0.014785507225543903,0.5398911365943758,0.019132962874598553,795.4958108183906,55.89769822427052,3,"[11, 12, 13]",0.0,0.0,0.0,0.0
matched_nearest,gaussian_fitted,random3:5-8-14,marginal_max,0.7575660984394758,0.02038359354505564,0.8030156332477704,0.029828020056881784,0.02423759776425456,0.022527446782545688,0.305377525023964,0.03186306751331695,238.57289870604222,12.42232973260838,3,"[11, 12, 13]",0.0,0.0,0.0,0.0
matched_nearest,gaussian_fitted,random3:5-8-14,relational_max,0.8200332107470786,0.0038949468395825157,0.8740948914817442,0.001888363639144938,0.09213589256694014,0.06030975281363698,0.6585043815475679,0.039823498073722804,432.3461365644893,66.7920289203488,3,"[11, 12, 13]",0.0,0.0,0.0,0.0
matched_nearest,gaussian_fitted,random7:3-4-8-10-11-12-14,conditional_max,0.7795070444435789,0.021228929256969543,0.8429668943443528,0.015061181551152054,0.11588931100017696,0.09585911993973549,0.5994570598619141,0.059538468361422944,308.41199488183946,27.31040842175049,3,"[11, 12, 13]",0.0,0.0,0.0,0.0
matched_nearest,gaussian_fitted,random7:3-4-8-10-11-12-14,independent,0.7342853208835143,0.015788024523712158,0.7988155577636812,0.009785162604086114,0.13951038600302187,0.11364826835624309,0.5172427129107334,0.06628542541447582,295.6793137891031,27.01789633852677,3,"[11, 12, 13]",0.0,0.0,0.0,0.0
matched_nearest,gaussian_fitted,random7:3-4-8-10-11-12-14,joint,0.7830561183473272,0.009411408138008068,0.8430233131390278,0.005348925697493405,0.09536336330498964,0.04983643990164068,0.5812958398077538,0.044946722381615636,530.2900461915051,66.63461682111459,3,"[11, 12, 13]",0.0,0.0,0.0,0.0
matched_nearest,gaussian_fitted,random7:3-4-8-10-11-12-14,marginal_max,0.7357568433134251,0.021832554251222554,0.8044170263956164,0.013294914042442036,0.07288729385627617,0.06704068264728354,0.48410372355611814,0.04918609958917593,198.68899659264548,17.1760037879,3,"[11, 12, 13]",0.0,0.0,0.0,0.0
matched_nearest,gaussian_fitted,random7:3-4-8-10-11-12-14,relational_max,0.7717351491132384,0.011307660206549552,0.8349650689703951,0.005651272389999787,0.15879203007451811,0.08072727630712517,0.6062473145582228,0.0407906482318138,311.47652650049713,43.78644431981782,3,"[11, 12, 13]",0.0,0.0,0.0,0.0
matched_nearest,gaussian_fitted,single_sensor_0,conditional_max,0.5593399243801668,0.011235756201461552,0.6038599351402881,0.013490606093228162,0.06738183954938438,0.014909949187952475,0.16010400379373702,0.00436096114266617,36.669517795762694,3.0749362028594147,3,"[11, 12, 13]",0.0,0.0,0.0,0.0
matched_nearest,gaussian_fitted,single_sensor_0,independent,0.5593399243801668,0.011235756201461552,0.6038599351402881,0.013490606093228162,0.06738183954938438,0.014909949187952475,0.16010400379373702,0.00436096114266617,36.669517795762694,3.0749362028594147,3,"[11, 12, 13]",0.0,0.0,0.0,0.0
matched_nearest,gaussian_fitted,single_sensor_0,joint,0.5593399243801668,0.011235756201461552,0.6038599351402881,0.013490606093228162,0.06738183954938438,0.014909949187952475,0.16010400379373702,0.00436096114266617,36.669517795762694,3.0749362028594147,3,"[11, 12, 13]",0.0,0.0,0.0,0.0
matched_nearest,gaussian_fitted,single_sensor_0,marginal_max,0.5593399243801668,0.011235756201461552,0.6038599351402881,0.013490606093228162,0.06738183954938438,0.014909949187952475,0.16010400379373702,0.00436096114266617,36.669517795762694,3.0749362028594147,3,"[11, 12, 13]",0.0,0.0,0.0,0.0
matched_nearest,gaussian_fitted,single_sensor_0,relational_max,0.5,0.0,0.5,0.0,0.0,0.0,0.0,0.0,0.0,0.0,3,"[11, 12, 13]",1.0,0.0,0.0,0.0
matched_nearest,gmm_fitted,bank0:0-1-2-4-5-7-8,conditional_max,0.7658477485992986,0.0216948327417257,0.8292926363697285,0.01550084276531259,0.026501974419812963,0.007542604425325012,0.49860719473639237,0.006458169500191821,599.6250947291023,51.96484426904291,3,"[11, 12, 13]",0.0,0.0,0.0,0.0
matched_nearest,gmm_fitted,bank0:0-1-2-4-5-7-8,independent,0.7047326541498294,0.016930884832050783,0.7580704580843897,0.019973537343132716,0.03711986192222758,0.015329856910389307,0.3078503385327131,0.07804665291267324,428.3813392246489,37.94694229020146,3,"[11, 12, 13]",0.0,0.0,0.0,0.0
matched_nearest,gmm_fitted,bank0:0-1-2-4-5-7-8,joint,0.7516111300973239,0.014426618488474052,0.8042889412938677,0.009665970647357663,0.044602084854493095,0.021199674856613088,0.4067766072862591,0.045223499252291056,944.4762365833873,56.47433581356102,3,"[11, 12, 13]",0.0,0.0,0.0,0.0
matched_nearest,gmm_fitted,bank0:0-1-2-4-5-7-8,marginal_max,0.7228582611627452,0.018567830673661783,0.7915639340904806,0.01734246314893259,0.029846764288170125,0.01656365274770624,0.41559514249394475,0.022491973611432854,268.60929738401273,7.117400691900382,3,"[11, 12, 13]",0.0,0.0,0.0,0.0
matched_nearest,gmm_fitted,bank0:0-1-2-4-5-7-8,relational_max,0.7721746868330502,0.01797502581452569,0.8309393702368801,0.01329621219420026,0.03252781216628134,0.010095390478947776,0.48429535425153275,0.056307869955387536,558.126349492567,81.12748704014714,3,"[11, 12, 13]",0.0,0.0,0.0,0.0
matched_nearest,gmm_fitted,bank1:3,conditional_max,0.8636489840144316,0.014058282672957058,0.9050850286892839,0.0104435541412525,0.09245290124904175,0.08467050156938102,0.7168116248395822,0.03553444119292464,611.0677912149029,65.5234084797507,3,"[11, 12, 13]",0.0,0.0,0.0,0.0
matched_nearest,gmm_fitted,bank1:3,independent,0.7849914898154834,0.02272909922112145,0.8426117878104522,0.016405289171741968,0.08240261641504001,0.07213398512139516,0.5669075414292037,0.06864802879836394,413.73590115109647,15.29202734642579,3,"[11, 12, 13]",0.0,0.0,0.0,0.0
matched_nearest,gmm_fitted,bank1:3,joint,0.8564976815602977,0.01812245404332917,0.8966546230205025,0.011372955769908944,0.08044686561107796,0.0815121396181332,0.67779222162422,0.06731931844930097,1179.3900505245285,155.4385016331517,3,"[11, 12, 13]",0.0,0.0,0.0,0.0
matched_nearest,gmm_fitted,bank1:3,marginal_max,0.7836199602837836,0.017147799475241914,0.8468257415318612,0.012472135678251877,0.034879945313167564,0.030705594759919064,0.5702878064643367,0.00736785698369645,266.6279955678233,7.313584292723855,3,"[11, 12, 13]",0.0,0.0,0.0,0.0
matched_nearest,gmm_fitted,bank1:3,relational_max,0.8565806926393474,0.008640313636576977,0.8998202332508467,0.005443191739718472,0.11312747207444279,0.036797550417768575,0.7215964392003832,0.002120801212065785,590.4356248811238,26.161406080374366,3,"[11, 12, 13]",0.0,0.0,0.0,0.0
matched_nearest,gmm_fitted,bank2:6-10,conditional_max,0.8371856503879466,0.007995628708338408,0.8783288724397175,0.006025065127035916,0.0445887614185693,0.023453949654561275,0.5664239695496719,0.04337120172230117,329.02011918724617,62.66381282118251,3,"[11, 12, 13]",0.0,0.0,0.0,0.0
matched_nearest,gmm_fitted,bank2:6-10,independent,0.7367351986669299,0.015128991795043192,0.7651645457211336,0.020446329766328448,0.06162263250845471,0.024418700134822627,0.29096314672828655,0.021656080256349172,313.3892101822983,26.891766355682954,3,"[11, 12, 13]",0.0,0.0,0.0,0.0
matched_nearest,gmm_fitted,bank2:6-10,joint,0.8126350327466106,0.006835632321051868,0.8449804784685743,0.007680558600932192,0.06269725468375469,0.0011099419773845322,0.45616711071370286,0.03114241611799024,723.8377924425228,45.9085584474981,3,"[11, 12, 13]",0.0,0.0,0.0,0.0
matched_nearest,gmm_fitted,bank2:6-10,marginal_max,0.7709648981360083,0.020748958794111885,0.8276015191731365,0.02310299520040824,0.029846764288170125,0.01656365274770624,0.4853466502897746,0.022516378009073044,123.48750248335757,8.099385714116446,3,"[11, 12, 13]",0.0,0.0,0.0,0.0
matched_nearest,gmm_fitted,bank2:6-10,relational_max,0.8294990020959251,0.008247561904508746,0.8688790242339572,0.00286241634297402,0.03037423466174874,0.01939705889879966,0.4926536437167446,0.054601687955113526,324.4696582845367,75.05080344975677,3,"[11, 12, 13]",0.0,0.0,0.0,0.0
matched_nearest,gmm_fitted,full,conditional_max,0.8505027479423443,0.012720457997462978,0.887562188553439,0.008487530291634932,0.030038232996521735,0.0130061735390915,0.5523961328828474,0.061930558553526305,698.3405041141659,77.12005631882943,3,"[11, 12, 13]",0.0,0.0,0.0,0.0
matched_nearest,gmm_fitted,full,independent,0.7625401200470375,0.021994778984531588,0.8066767774967579,0.021162860394249427,0.0682903439916771,0.012834193030111,0.4066572633176651,0.0428821130716362,462.1522109486494,66.95185283194174,3,"[11, 12, 13]",0.0,0.0,0.0,0.0
matched_nearest,gmm_fitted,full,joint,0.8301329292831076,0.012141436584168339,0.8640834131262203,0.009807222118782665,0.06317851824764015,0.010916761672249838,0.5165627722141971,0.04317929877628329,1398.0181332444483,151.93247831038462,3,"[11, 12, 13]",0.0,0.0,0.0,0.0
matched_nearest,gmm_fitted,full,marginal_max,0.7842771619867078,0.024074689998107243,0.8434182260119313,0.02075690086172414,0.029846764288170125,0.01656365274770624,0.5391572947026586,0.02841442104730901,266.59031227109136,7.252903793184833,3,"[11, 12, 13]",0.0,0.0,0.0,0.0
matched_nearest,gmm_fitted,full,relational_max,0.845509791838392,0.0075948472304862135,0.8815553180212173,0.003846870496166954,0.02744336223587503,0.022373534859996297,0.5167094919964217,0.07585492221480382,675.8281855521113,80.15380241625455,3,"[11, 12, 13]",0.0,0.0,0.0,0.0
matched_nearest,gmm_fitted,random1:1,conditional_max,0.8455110161615477,0.012247588168461145,0.8863034765103907,0.008413018235401538,0.03540611979024295,0.018828380114099555,0.5683510486435002,0.058588101316256413,672.9265997824402,64.45025359175733,3,"[11, 12, 13]",0.0,0.0,0.0,0.0
matched_nearest,gmm_fitted,random1:1,independent,0.757623985317517,0.020856492146911165,0.8037219005560111,0.02082551116793013,0.06441172575752238,0.009926319788811134,0.4065127303607898,0.058702204576435275,458.6469628544689,61.9677233334017,3,"[11, 12, 13]",0.0,0.0,0.0,0.0
matched_nearest,gmm_fitted,random1:1,joint,0.8255445044024049,0.014097183232138976,0.861511836000882,0.010774371875715753,0.0698469586726456,0.019796922602079683,0.5099918075042936,0.04935770260179487,1328.120673699155,92.34764493003969,3,"[11, 12, 13]",0.0,0.0,0.0,0.0
matched_nearest,gmm_fitted,random1:1,marginal_max,0.7783823244327355,0.02315403400386551,0.8394616704792103,0.019922990051163384,0.029846764288170125,0.01656365274770624,0.5332148802935853,0.03255036985411285,267.6973612637814,7.344821218224371,3,"[11, 12, 13]",0.0,0.0,0.0,0.0
matched_nearest,gmm_fitted,random1:1,relational_max,0.8430581329718295,0.006688246615317092,0.8818690381130171,0.003994180351860254,0.0359574832555998,0.03468321087672429,0.5471349955635793,0.09780597114281764,639.9522770392265,58.991783066394554,3,"[11, 12, 13]",0.0,0.0,0.0,0.0
matched_nearest,gmm_fitted,random3:5-8-14,conditional_max,0.8242370117860799,0.0075592148702849325,0.8696387944424965,0.005406775970119288,0.03128201016225839,0.011701303487166767,0.5514947153745565,0.03123045987959379,646.7507345343889,117.63225267689864,3,"[11, 12, 13]",0.0,0.0,0.0,0.0
matched_nearest,gmm_fitted,random3:5-8-14,independent,0.7429048037171281,0.018279876911753666,0.7859194679396221,0.019225984306471183,0.04142499209300649,0.019198031839739893,0.3352719540053933,0.038703901788530067,443.81725801659076,72.8506087770402,3,"[11, 12, 13]",0.0,0.0,0.0,0.0
matched_nearest,gmm_fitted,random3:5-8-14,joint,0.8036405119407318,0.004510683501376427,0.8420497804200804,0.0038108354979885625,0.05808985665359836,0.017979637573122653,0.4593638849033322,0.023047192238137955,1111.005982243278,157.0411396745406,3,"[11, 12, 13]",0.0,0.0,0.0,0.0
matched_nearest,gmm_fitted,random3:5-8-14,marginal_max,0.7683612009663366,0.020889940844453177,0.8276947125085727,0.019274589528774932,0.029846764288170125,0.01656365274770624,0.49083517694859297,0.025411496352488305,266.74764892510365,7.506769574363992,3,"[11, 12, 13]",0.0,0.0,0.0,0.0
matched_nearest,gmm_fitted,random3:5-8-14,relational_max,0.8175627376477381,0.0071803233481841505,0.8631086302811011,0.006920999151137488,0.039785561526128714,0.031573057446722404,0.5172945892676282,0.06776930590653367,606.8554317893619,138.31526688169984,3,"[11, 12, 13]",0.0,0.0,0.0,0.0
matched_nearest,gmm_fitted,random7:3-4-8-10-11-12-14,conditional_max,0.779560813757051,0.0211547227897691,0.8427841836674386,0.014547936484849124,0.14381826995387015,0.127338061937046,0.6099613944332337,0.07996506376135892,332.24785916675114,18.138755929345596,3,"[11, 12, 13]",0.0,0.0,0.0,0.0
matched_nearest,gmm_fitted,random7:3-4-8-10-11-12-14,independent,0.7360440532951981,0.015163462655128454,0.8002308119509937,0.009089082640268673,0.13659008323300262,0.12708783547596525,0.5090751632120901,0.07899219522016097,315.039283563208,32.42914440137175,3,"[11, 12, 13]",0.0,0.0,0.0,0.0
matched_nearest,gmm_fitted,random7:3-4-8-10-11-12-14,joint,0.7824552793485439,0.011719806997231968,0.8423632913035005,0.0064785999958083245,0.09602985907530497,0.06264789088684872,0.5828462179868005,0.056394437812336794,550.7674990287593,63.801665779684214,3,"[11, 12, 13]",0.0,0.0,0.0,0.0
matched_nearest,gmm_fitted,random7:3-4-8-10-11-12-14,marginal_max,0.7372092535031586,0.02224474096912728,0.8056658841392267,0.01337590839631793,0.07491241561992651,0.0653814057424953,0.4919372964278208,0.042275581667989344,216.68245993723053,19.553699917267636,3,"[11, 12, 13]",0.0,0.0,0.0,0.0
matched_nearest,gmm_fitted,random7:3-4-8-10-11-12-14,relational_max,0.7757795118902205,0.008159011389059211,0.838720041293184,0.005423734709604211,0.17115334383819436,0.057346763126663765,0.6232152974102724,0.018574627224003566,318.05533756060214,29.332828734607748,3,"[11, 12, 13]",0.0,0.0,0.0,0.0
matched_nearest,gmm_fitted,single_sensor_0,conditional_max,0.5598848968220187,0.011833506298124661,0.6051342110503732,0.013715145241847252,0.06035423330915677,0.009351080588078466,0.15608793953670888,0.004712376523337382,36.36003222781875,3.1824044148531403,3,"[11, 12, 13]",0.0,0.0,0.0,0.0
matched_nearest,gmm_fitted,single_sensor_0,independent,0.5598848968220187,0.011833506298124661,0.6051342110503732,0.013715145241847252,0.06035423330915677,0.009351080588078466,0.15608793953670888,0.004712376523337382,36.36003222781875,3.1824044148531403,3,"[11, 12, 13]",0.0,0.0,0.0,0.0
matched_nearest,gmm_fitted,single_sensor_0,joint,0.5598848968220187,0.011833506298124661,0.6051342110503732,0.013715145241847252,0.06035423330915677,0.009351080588078466,0.15608793953670888,0.004712376523337382,36.36003222781875,3.1824044148531403,3,"[11, 12, 13]",0.0,0.0,0.0,0.0
matched_nearest,gmm_fitted,single_sensor_0,marginal_max,0.5598848968220187,0.011833506298124661,0.6051342110503732,0.013715145241847252,0.06035423330915677,0.009351080588078466,0.15608793953670888,0.004712376523337382,36.36003222781875,3.1824044148531403,3,"[11, 12, 13]",0.0,0.0,0.0,0.0
matched_nearest,gmm_fitted,single_sensor_0,relational_max,0.5,0.0,0.5,0.0,0.0,0.0,0.0,0.0,0.0,0.0,3,"[11, 12, 13]",1.0,0.0,0.0,0.0
matched_tight,circuit,bank0:0-1-2-4-5-7-8,conditional_max,0.743243016102917,0.025538235748120662,0.8106059552370191,0.02069314974461023,0.034404351296483705,0.028240433232629876,0.4709070830058158,0.06833935110542282,537.0770365397135,115.86894849134484,3,"[11, 12, 13]",0.0,0.0,0.0,0.0
matched_tight,circuit,bank0:0-1-2-4-5-7-8,independent,0.7300561197699983,0.017494423688751346,0.7958513448984416,0.018600740935847817,0.06644539233874087,0.010302185313911548,0.46215095331411354,0.0492553852596154,851.5559285481771,125.1738807718666,3,"[11, 12, 13]",0.0,0.0,0.0,0.0
matched_tight,circuit,bank0:0-1-2-4-5-7-8,joint,0.7375254369841286,0.01999259819952956,0.8012241666368953,0.019835596574075128,0.06724860519014648,0.00902814094329172,0.4774773187739361,0.04825727107612682,851.1748860677084,124.31785142047072,3,"[11, 12, 13]",0.0,0.0,0.0,0.0
matched_tight,circuit,bank0:0-1-2-4-5-7-8,marginal_max,0.7312108376841628,0.02281266742680067,0.8017179268880682,0.019241289639085044,0.03917033466122228,0.0327584746608407,0.45983879047499876,0.07194350129866726,537.1994425455729,115.10500190798798,3,"[11, 12, 13]",0.0,0.0,0.0,0.0
matched_tight,circuit,bank0:0-1-2-4-5-7-8,relational_max,0.6372344301557494,0.007746237079315037,0.684186854691741,0.011142007836791753,0.03245208321437409,0.04616931016093962,0.1937822075839913,0.09128535218899803,11.553175608317057,1.3135473664355823,3,"[11, 12, 13]",0.0,0.0,0.0,0.0
matched_tight,circuit,bank1:3,conditional_max,0.8047598779925412,0.024351067042142686,0.8606498281572533,0.016012373962420553,0.0303861002141064,0.021719241607148526,0.5810803565173267,0.028053013042802267,540.1939188639323,106.98673268713348,3,"[11, 12, 13]",0.0,0.0,0.0,0.0
matched_tight,circuit,bank1:3,independent,0.7840869402519689,0.02382056747533645,0.8362447528809615,0.021218723855991245,0.08082895259570094,0.0716074969217591,0.5397949972725428,0.09937925634048948,986.4181722005209,36.465122276305586,3,"[11, 12, 13]",0.0,0.0,0.0,0.0
matched_tight,circuit,bank1:3,joint,0.7976958152282413,0.028826120909224262,0.8455047611623526,0.02378149200526639,0.07608961610280994,0.06339951683629276,0.5545194593033828,0.09836260282016215,1000.1490478515625,39.16563104515749,3,"[11, 12, 13]",0.0,0.0,0.0,0.0
matched_tight,circuit,bank1:3,marginal_max,0.7905775410016962,0.0232986251549839,0.8507842886866644,0.015649947920205826,0.028766351075371368,0.016824045960309904,0.5656192988147003,0.02232361195835267,539.8334147135416,107.08559983574723,3,"[11, 12, 13]",0.0,0.0,0.0,0.0
matched_tight,circuit,bank1:3,relational_max,0.6983737952551476,0.011435532202116518,0.7617434804676301,0.014285044570566842,0.01337409737771293,0.017201121102367472,0.3098412810260908,0.07049120613011867,12.598520914713541,0.7657872463174595,3,"[11, 12, 13]",0.0,0.0,0.0,0.0
matched_tight,circuit,bank2:6-10,conditional_max,0.7943650996615562,0.021297636741210713,0.8525493966127232,0.014386878986168437,0.0303861002141064,0.021719241607148526,0.5601174487199579,0.020211515742992008,380.19286092122394,57.44838482016758,3,"[11, 12, 13]",0.0,0.0,0.0,0.0
matched_tight,circuit,bank2:6-10,independent,0.7759787812886199,0.021616663607058703,0.8278887924692242,0.0199696033778932,0.10566974968544136,0.04598595323983431,0.5465552438654487,0.0845240152846836,1000.9688517252604,179.41185007888916,3,"[11, 12, 13]",0.0,0.0,0.0,0.0
matched_tight,circuit,bank2:6-10,joint,0.7902656724390752,0.02575629434732798,0.838188180756779,0.022629681706479287,0.0936482037862046,0.05447347266161877,0.5618416390175,0.08737352175261409,1011.0850219726562,170.63778616065056,3,"[11, 12, 13]",0.0,0.0,0.0,0.0
matched_tight,circuit,bank2:6-10,marginal_max,0.7790218651038776,0.018505833910521685,0.8415672273784885,0.012589637216983448,0.028766351075371368,0.016824045960309904,0.5446563910173313,0.0147812305145955,379.37999471028644,57.74610512406608,3,"[11, 12, 13]",0.0,0.0,0.0,0.0
matched_tight,circuit,bank2:6-10,relational_max,0.6997994233678076,0.0074674916953328015,0.7632108262592969,0.009839701613505964,0.027831928703014135,0.023492824046001257,0.3444734266297822,0.07186582179053634,12.603754679361979,0.7664724663950453,3,"[11, 12, 13]",0.0,0.0,0.0,0.0
matched_tight,circuit,full,conditional_max,0.8048326870227904,0.024323664771706686,0.8607597869274781,0.01595824792295303,0.0303861002141064,0.021719241607148526,0.5810803565173267,0.028053013042802267,540.1938273111979,106.98671278966894,3,"[11, 12, 13]",0.0,0.0,0.0,0.0
matched_tight,circuit,full,independent,0.7880854802719804,0.026634396762621658,0.8399437038831312,0.0230491207800705,0.07999488120881225,0.042270185359665466,0.5500719425043119,0.06857841559769275,1067.4863688151042,157.5238360271457,3,"[11, 12, 13]",0.0,0.0,0.0,0.0
matched_tight,circuit,full,joint,0.799684607394192,0.029964752737482933,0.8477898296159964,0.02464742890966827,0.08082474093206546,0.03695764254916276,0.5671660727815974,0.072323739376811,1078.6645914713542,149.00103127531165,3,"[11, 12, 13]",0.0,0.0,0.0,0.0
matched_tight,circuit,full,marginal_max,0.7909535801259487,0.02334461641124137,0.8513605867671838,0.0157342562456243,0.028766351075371368,0.016824045960309904,0.5703046126221128,0.02473921065072129,539.8334147135416,107.08559983574723,3,"[11, 12, 13]",0.0,0.0,0.0,0.0
matched_tight,circuit,full,relational_max,0.702605033838675,0.021304830777201054,0.7658287254653523,0.01786240815780725,0.01337409737771293,0.017201121102367472,0.3091320611679348,0.07119280803144878,12.593312581380209,0.75930171346858,3,"[11, 12, 13]",0.0,0.0,0.0,0.0
matched_tight,circuit,random1:1,conditional_max,0.8006989697361081,0.023718550990388197,0.858224990345963,0.016572287785142796,0.06751090274175252,0.055404758043418344,0.5964516328903392,0.06696377765413285,541.4386189778646,106.93636112893424,3,"[11, 12, 13]",0.0,0.0,0.0,0.0
matched_tight,circuit,random1:1,independent,0.7834788850736625,0.023446835731546507,0.8370489232019512,0.021751052744550647,0.07715727283440509,0.02974691749636056,0.5390036499734948,0.07516059346107412,1049.9213460286458,136.29334855448798,3,"[11, 12, 13]",0.0,0.0,0.0,0.0
matched_tight,circuit,random1:1,joint,0.7941146231707994,0.02671078047006549,0.844115357785521,0.023071998057463176,0.07947291839537235,0.027908119601869393,0.54981936417648,0.07556304882078146,1056.5423177083333,130.22347733700127,3,"[11, 12, 13]",0.0,0.0,0.0,0.0
matched_tight,circuit,random1:1,marginal_max,0.7875020511478326,0.023247683470799575,0.8493625963076171,0.016477001707995275,0.06984060068042665,0.06430892544815717,0.5904958950453422,0.0723933682641837,541.1026611328125,106.48788613544886,3,"[11, 12, 13]",0.0,0.0,0.0,0.0
matched_tight,circuit,random1:1,relational_max,0.6997752252138275,0.013688011115728345,0.7616942745447539,0.017035803311906093,0.005461879786970813,0.005532634578577146,0.28588015468144634,0.06237881651236434,12.432607014973959,0.9522377071755258,3,"[11, 12, 13]",0.0,0.0,0.0,0.0
matched_tight,circuit,random3:5-8-14,conditional_max,0.7793978945336066,0.02562134521667837,0.840385779092221,0.0155991977971074,0.068393448757215,0.04595715193445291,0.5605545303124365,0.008013460844313515,534.2493184407552,114.96898174189761,3,"[11, 12, 13]",0.0,0.0,0.0,0.0
matched_tight,circuit,random3:5-8-14,independent,0.7704202024735954,0.022522290397722626,0.8250384076719675,0.018304787848174523,0.10438831052757973,0.06552884196419492,0.5433693228090338,0.06037287253309795,895.7584431966146,108.33025160499088,3,"[11, 12, 13]",0.0,0.0,0.0,0.0
matched_tight,circuit,random3:5-8-14,joint,0.77852625927402,0.024286920831374122,0.8307534811987739,0.019328724495758138,0.10517819994306155,0.06613791832960506,0.5550289491129791,0.0646972867703178,899.5719197591146,120.74951429894942,3,"[11, 12, 13]",0.0,0.0,0.0,0.0
matched_tight,circuit,random3:5-8-14,marginal_max,0.7715765600103056,0.022946165269643274,0.8345320741062627,0.0139867355785343,0.07031979890926011,0.04832707520457145,0.5528576745218244,0.009596513695615538,534.803700764974,114.39024534880362,3,"[11, 12, 13]",0.0,0.0,0.0,0.0
matched_tight,circuit,random3:5-8-14,relational_max,0.6567071344174035,0.014245886950815202,0.7200168114108646,0.0062615072314768025,0.02134033765393327,0.03489654553678406,0.2299292561999536,0.07393524378873474,11.004048665364584,1.324222114434699,3,"[11, 12, 13]",0.0,0.0,0.0,0.0
matched_tight,circuit,random7:3-4-8-10-11-12-14,conditional_max,0.7487113604455921,0.023964179979497287,0.8152556872486744,0.014699504226600145,0.05447017473949443,0.05014186164989833,0.49591209448057433,0.031220743445279732,541.1962381998698,107.2449459709241,3,"[11, 12, 13]",0.0,0.0,0.0,0.0
matched_tight,circuit,random7:3-4-8-10-11-12-14,independent,0.7374159241383671,0.014452731024461138,0.7973734824375809,0.010814613264120905,0.054359254098171446,0.017684550522371348,0.4452167042679136,0.0237282391310045,713.7574055989584,100.25126583254044,3,"[11, 12, 13]",0.0,0.0,0.0,0.0
matched_tight,circuit,random7:3-4-8-10-11-12-14,joint,0.7476622674652796,0.01761764543803587,0.8057555674986471,0.013098732752585664,0.04876341101017967,0.021200987901404553,0.4556838223115311,0.03239554436954243,719.0520426432291,94.7706150077976,3,"[11, 12, 13]",0.0,0.0,0.0,0.0
matched_tight,circuit,random7:3-4-8-10-11-12-14,marginal_max,0.7399900597424178,0.021273674834998535,0.8071192746392386,0.011646602738664939,0.05919545885467858,0.04983276917155656,0.4813748894944505,0.03583182870034254,540.9945983886719,107.15426258447702,3,"[11, 12, 13]",0.0,0.0,0.0,0.0
matched_tight,circuit,random7:3-4-8-10-11-12-14,relational_max,0.6190906927305208,0.005077343960116516,0.6775425609871449,0.017147714114490918,0.04266735187194274,0.07182531877425666,0.21812930860276844,0.11702374384545089,11.355178833007812,1.1124414288957671,3,"[11, 12, 13]",0.0,0.0,0.0,0.0
matched_tight,circuit,single_sensor_0,conditional_max,0.5552607336730958,0.008924090927134696,0.603779623970483,0.011084686426400033,0.07113564675157219,0.05999420243404543,0.16749790327995454,0.07172140096342951,73.29076258341472,14.956628913559614,3,"[11, 12, 13]",0.0,0.0,0.0,0.0
matched_tight,circuit,single_sensor_0,independent,0.5552607336730958,0.008924090927134696,0.603779623970483,0.011084686426400033,0.07113564675157219,0.05999420243404543,0.16749790327995454,0.07172140096342951,73.29076258341472,14.956628913559614,3,"[11, 12, 13]",0.0,0.0,0.0,0.0
matched_tight,circuit,single_sensor_0,joint,0.5552791204733087,0.008895240950510966,0.603799287152308,0.01105452270576673,0.07113564675157219,0.05999420243404543,0.16749790327995454,0.07172140096342951,73.29075749715169,14.956635978381113,3,"[11, 12, 13]",0.0,0.0,0.0,0.0
matched_tight,circuit,single_sensor_0,marginal_max,0.5552607336730958,0.008924090927134696,0.603779623970483,0.011084686426400033,0.07113564675157219,0.05999420243404543,0.16749790327995454,0.07172140096342951,73.29076258341472,14.956628913559614,3,"[11, 12, 13]",0.0,0.0,0.0,0.0
matched_tight,circuit,single_sensor_0,relational_max,0.5,0.0,0.5,0.0,0.0,0.0,0.0,0.0,0.0,0.0,3,"[11, 12, 13]",1.0,0.0,0.0,0.0
matched_tight,gaussian_fitted,bank0:0-1-2-4-5-7-8,conditional_max,0.7590484852131647,0.014515122119712748,0.8207327661123699,0.010944360442140713,0.02148138788895625,0.01673983148360811,0.4199150539842136,0.01446315127576815,465.4872675506055,57.61612532826949,3,"[11, 12, 13]",0.0,0.0,0.0,0.0
matched_tight,gaussian_fitted,bank0:0-1-2-4-5-7-8,independent,0.7196827694525944,0.01754451407768607,0.7812414119010382,0.017199247663458036,0.03137600315550799,0.010573545446127548,0.35851053705595803,0.04786188031839152,356.3894834436997,20.190775347925058,3,"[11, 12, 13]",0.0,0.0,0.0,0.0
matched_tight,gaussian_fitted,bank0:0-1-2-4-5-7-8,joint,0.762098539265712,0.014822936172443449,0.8229603348251215,0.013290656950598152,0.029756254016772954,0.015282956228411967,0.46014466254652575,0.06119845169888499,770.4800563850962,15.300307932880157,3,"[11, 12, 13]",0.0,0.0,0.0,0.0
matched_tight,gaussian_fitted,bank0:0-1-2-4-5-7-8,marginal_max,0.7182557446379744,0.014100439954858353,0.7720467887523382,0.02215725391868985,0.02423759776425456,0.022527446782545688,0.275539305553362,0.010712318117101646,240.4449543766577,12.890485275857344,3,"[11, 12, 13]",0.0,0.0,0.0,0.0
matched_tight,gaussian_fitted,bank0:0-1-2-4-5-7-8,relational_max,0.7614728127604931,0.014467490086638042,0.8266300262470564,0.0100834326239354,0.08970523619131159,0.10131586165000218,0.5478280977089766,0.06731937894319093,430.1176745538685,80.4300219390596,3,"[11, 12, 13]",0.0,0.0,0.0,0.0
matched_tight,gaussian_fitted,bank1:3,conditional_max,0.84594732431857,0.011859521338179151,0.893738455595915,0.009351543244447612,0.06442662856730948,0.06399023470087281,0.6916501743588248,0.017201473421455393,499.51709701995327,62.40376206306262,3,"[11, 12, 13]",0.0,0.0,0.0,0.0
matched_tight,gaussian_fitted,bank1:3,independent,0.7837076897682821,0.022502096007739492,0.8417176399934556,0.01701048591176518,0.08569962009984074,0.053398866215329556,0.5690927064110025,0.0762204240131662,387.4195905575978,13.110790761744058,3,"[11, 12, 13]",0.0,0.0,0.0,0.0
matched_tight,gaussian_fitted,bank1:3,joint,0.8468265328124288,0.01635608690194969,0.8916735139746846,0.009635348315209725,0.06619163960470296,0.07535078203615571,0.6575664764533581,0.04279649461706386,1025.9911101229961,152.69141143046025,3,"[11, 12, 13]",0.0,0.0,0.0,0.0
matched_tight,gaussian_fitted,bank1:3,marginal_max,0.783457541134167,0.015714960070811322,0.845994909738928,0.0117962045178869,0.03639237802272922,0.032019579532493486,0.5633001705318804,0.0067433391140229405,238.40447825366923,12.342992907568162,3,"[11, 12, 13]",0.0,0.0,0.0,0.0
matched_tight,gaussian_fitted,bank1:3,relational_max,0.8300144516407247,0.005902989637275761,0.8821698075628652,0.002902342169256585,0.15792519680415723,0.06944457568040716,0.704219601001566,0.015348934766125814,485.86511041583503,21.70273974889117,3,"[11, 12, 13]",0.0,0.0,0.0,0.0
matched_tight,gaussian_fitted,bank2:6-10,conditional_max,0.8235816264818099,0.012843775241011629,0.8694057655862032,0.01574649988023546,0.025188826294388,0.019945270275846323,0.5296414051891746,0.037628204004838406,231.82916309343486,20.41537417883752,3,"[11, 12, 13]",0.0,0.0,0.0,0.0
matched_tight,gaussian_fitted,bank2:6-10,independent,0.7638902689787813,0.023132749001845206,0.8098174169594768,0.024622027035694737,0.0724830956375669,0.027381832730101804,0.466706191510015,0.07749514086707279,226.5536128321919,19.67372912280483,3,"[11, 12, 13]",0.0,0.0,0.0,0.0
matched_tight,gaussian_fitted,bank2:6-10,joint,0.8239425194035676,0.018231868459809536,0.8695388878569187,0.015121552219642467,0.05667344177557259,0.016016407862643623,0.5901429252352761,0.04524132604567834,545.988253550398,28.27158342238401,3,"[11, 12, 13]",0.0,0.0,0.0,0.0
matched_tight,gaussian_fitted,bank2:6-10,marginal_max,0.7606945252530899,0.021042038131687358,0.7885259800984158,0.043985962979293025,0.02423759776425456,0.022527446782545688,0.2111590052860428,0.05297329909780205,116.43616747519474,6.980619649037695,3,"[11, 12, 13]",0.0,0.0,0.0,0.0
matched_tight,gaussian_fitted,bank2:6-10,relational_max,0.811126262849105,0.0071675244502143656,0.8662866683486793,0.0033327958826723835,0.1035694254278382,0.0630689390111251,0.6396191603157614,0.03886746748741615,237.2948025961331,20.188277001614537,3,"[11, 12, 13]",0.0,0.0,0.0,0.0
matched_tight,gaussian_fitted,full,conditional_max,0.839657958157544,0.015512074757601255,0.8838421126437058,0.014047927138800419,0.02304784328399612,0.018540918501750433,0.5714305037028218,0.03371622722179908,511.90071020100277,53.867328682673815,3,"[11, 12, 13]",0.0,0.0,0.0,0.0
matched_tight,gaussian_fitted,full,independent,0.7820715784690014,0.02605872383468336,0.834596035999091,0.022154281490595423,0.050409078078979215,0.00466474001126776,0.49976524024908753,0.0367015908501359,400.04213066377383,39.71228868206283,3,"[11, 12, 13]",0.0,0.0,0.0,0.0
matched_tight,gaussian_fitted,full,joint,0.8401306089977149,0.01681711703921244,0.8840220207063222,0.013100550893143551,0.048735306254765964,0.007689328608403548,0.634087059137022,0.029524983887970584,1065.6095861305332,111.39392137273288,3,"[11, 12, 13]",0.0,0.0,0.0,0.0
matched_tight,gaussian_fitted,full,marginal_max,0.7774248478641171,0.0240295758479964,0.8226577640132781,0.03159461693640138,0.02423759776425456,0.022527446782545688,0.36003135259602487,0.0389537095886893,238.32340863861387,12.372262348671308,3,"[11, 12, 13]",0.0,0.0,0.0,0.0
matched_tight,gaussian_fitted,full,relational_max,0.8334841889205743,0.009001750235582041,0.8842218883534813,0.004580323568659522,0.08655393986959231,0.06159716748659835,0.6739933820185451,0.028681383099469642,497.67200767606454,13.574076024462551,3,"[11, 12, 13]",0.0,0.0,0.0,0.0
matched_tight,gaussian_fitted,random1:1,conditional_max,0.8321541799382773,0.010050340266366017,0.8796225509119212,0.010837642455552096,0.023689717020750137,0.018866958154796845,0.5705466212940903,0.031226096885640417,508.7273396520788,45.936130712499015,3,"[11, 12, 13]",0.0,0.0,0.0,0.0
matched_tight,gaussian_fitted,random1:1,independent,0.7767418344887002,0.02357235519129165,0.8313982389507494,0.02094668181186313,0.05488178386633152,0.01733182831692214,0.5071042261209809,0.06426487639683201,397.47420334818474,33.80418441139506,3,"[11, 12, 13]",0.0,0.0,0.0,0.0
matched_tight,gaussian_fitted,random1:1,joint,0.8343957824962823,0.015417765335836003,0.8809407355285614,0.012744146103838859,0.05952639842418985,0.023590607471778022,0.6381704695154521,0.034952057143579594,1046.2119544770408,117.05226958236464,3,"[11, 12, 13]",0.0,0.0,0.0,0.0
matched_tight,gaussian_fitted,random1:1,marginal_max,0.7716400640401325,0.019557155878860123,0.8192083531013258,0.029166963174468034,0.02423759776425456,0.022527446782545688,0.36003135259602487,0.0389537095886893,239.50589276158234,12.354470437004546,3,"[11, 12, 13]",0.0,0.0,0.0,0.0
matched_tight,gaussian_fitted,random1:1,relational_max,0.8273936867624898,0.007844071743157844,0.8797451431103785,0.003302392643280848,0.0987423324436194,0.048826461186526185,0.6825228513124798,0.027294507040214317,492.5346711728905,6.7404256294742195,3,"[11, 12, 13]",0.0,0.0,0.0,0.0
matched_tight,gaussian_fitted,random3:5-8-14,conditional_max,0.8140900253251395,0.010690907297104165,0.8627651152729001,0.011267281236547258,0.02596539227394604,0.021547278088290628,0.5216472221446035,0.021032747658991182,465.987611407003,40.11786497888866,3,"[11, 12, 13]",0.0,0.0,0.0,0.0
matched_tight,gaussian_fitted,random3:5-8-14,independent,0.7624394541841492,0.023427875584616963,0.8147460389584941,0.020421239917204966,0.04846867554922726,0.022170591593521104,0.4535074856246606,0.07348226985988962,386.4726015265912,39.692332611541616,3,"[11, 12, 13]",0.0,0.0,0.0,0.0
matched_tight,gaussian_fitted,random3:5-8-14,joint,0.8137515105758867,0.0136857848618229,0.8625296241538116,0.01062896298519631,0.029927433845495927,0.014785507225543903,0.5516040566420163,0.019588367149398298,795.4958108183906,55.89769822427052,3,"[11, 12, 13]",0.0,0.0,0.0,0.0
matched_tight,gaussian_fitted,random3:5-8-14,marginal_max,0.7605590184508054,0.021397549910381015,0.8050512643777092,0.030685446307576518,0.02423759776425456,0.022527446782545688,0.305377525023964,0.03186306751331695,238.57289870604222,12.42232973260838,3,"[11, 12, 13]",0.0,0.0,0.0,0.0
matched_tight,gaussian_fitted,random3:5-8-14,relational_max,0.8037338286597081,0.00800811260938697,0.8617899090545116,0.004028734711712524,0.09213589256694014,0.06030975281363698,0.6318277445771794,0.03872482949059256,432.3461365644893,66.7920289203488,3,"[11, 12, 13]",0.0,0.0,0.0,0.0
matched_tight,gaussian_fitted,random7:3-4-8-10-11-12-14,conditional_max,0.7732238292005774,0.01665178342654482,0.8380178352823725,0.010366334468462043,0.11588931100017696,0.09585911993973549,0.5894872825981753,0.04568690194389137,308.41199488183946,27.31040842175049,3,"[11, 12, 13]",0.0,0.0,0.0,0.0
matched_tight,gaussian_fitted,random7:3-4-8-10-11-12-14,independent,0.736447385751588,0.016188821278517316,0.8002792054337241,0.010384064465950221,0.13951038600302187,0.11364826835624309,0.5172560363466572,0.0661598030297262,295.6793137891031,27.01789633852677,3,"[11, 12, 13]",0.0,0.0,0.0,0.0
matched_tight,gaussian_fitted,random7:3-4-8-10-11-12-14,joint,0.7787612556385398,0.009562020358330392,0.8400497148390249,0.004783292805388519,0.09536336330498964,0.04983643990164068,0.5759553288276632,0.042155159015324045,530.2900461915051,66.63461682111459,3,"[11, 12, 13]",0.0,0.0,0.0,0.0
matched_tight,gaussian_fitted,random7:3-4-8-10-11-12-14,marginal_max,0.7352879644167708,0.022505394289356183,0.8046039555042337,0.013391146411665656,0.07288729385627617,0.06704068264728354,0.48410372355611814,0.04918609958917593,198.68899659264548,17.1760037879,3,"[11, 12, 13]",0.0,0.0,0.0,0.0
matched_tight,gaussian_fitted,random7:3-4-8-10-11-12-14,relational_max,0.7617305792904645,0.0112591527277898,0.8271633842603263,0.005511224178938742,0.15879203007451811,0.08072727630712517,0.5924467052438857,0.039654591383736865,311.47652650049713,43.78644431981782,3,"[11, 12, 13]",0.0,0.0,0.0,0.0
matched_tight,gaussian_fitted,single_sensor_0,conditional_max,0.555702635578658,0.010289314303707671,0.6017424661717978,0.012766938734899395,0.06738183954938438,0.014909949187952475,0.16090721664514263,0.005476586156522098,36.27577244576482,2.437451285841679,3,"[11, 12, 13]",0.0,0.0,0.0,0.0
matched_tight,gaussian_fitted,single_sensor_0,independent,0.555702635578658,0.010289314303707671,0.6017424661717978,0.012766938734899395,0.06738183954938438,0.014909949187952475,0.16090721664514263,0.005476586156522098,36.27577244576482,2.437451285841679,3,"[11, 12, 13]",0.0,0.0,0.0,0.0
matched_tight,gaussian_fitted,single_sensor_0,joint,0.555702635578658,0.010289314303707671,0.6017424661717978,0.012766938734899395,0.06738183954938438,0.014909949187952475,0.16090721664514263,0.005476586156522098,36.27577244576482,2.437451285841679,3,"[11, 12, 13]",0.0,0.0,0.0,0.0
matched_tight,gaussian_fitted,single_sensor_0,marginal_max,0.555702635578658,0.010289314303707671,0.6017424661717978,0.012766938734899395,0.06738183954938438,0.014909949187952475,0.16090721664514263,0.005476586156522098,36.27577244576482,2.437451285841679,3,"[11, 12, 13]",0.0,0.0,0.0,0.0
matched_tight,gaussian_fitted,single_sensor_0,relational_max,0.5,0.0,0.5,0.0,0.0,0.0,0.0,0.0,0.0,0.0,3,"[11, 12, 13]",1.0,0.0,0.0,0.0
matched_tight,gmm_fitted,bank0:0-1-2-4-5-7-8,conditional_max,0.7651797243471451,0.016463568580812046,0.8300617670279221,0.011884299583576433,0.026501974419812963,0.007542604425325012,0.5059680488617776,0.01180060523477136,599.6250947291023,51.96484426904291,3,"[11, 12, 13]",0.0,0.0,0.0,0.0
matched_tight,gmm_fitted,bank0:0-1-2-4-5-7-8,independent,0.7085327669523019,0.015172864654422679,0.7609154004696035,0.018946108601097942,0.03711986192222758,0.015329856910389307,0.30855955839086907,0.0770731996442744,428.952969359211,37.07792944256693,3,"[11, 12, 13]",0.0,0.0,0.0,0.0
matched_tight,gmm_fitted,bank0:0-1-2-4-5-7-8,joint,0.7509166933039708,0.007509642655564887,0.8062495443275125,0.006800573459978355,0.044602084854493095,0.021199674856613088,0.4174850050600709,0.04606063846659254,944.4762365833873,56.47433581356102,3,"[11, 12, 13]",0.0,0.0,0.0,0.0
matched_tight,gmm_fitted,bank0:0-1-2-4-5-7-8,marginal_max,0.7267036590310454,0.017366702925240368,0.7937114696632869,0.01640003746795106,0.029846764288170125,0.01656365274770624,0.41559514249394475,0.022491973611432854,268.60929738401273,7.117400691900382,3,"[11, 12, 13]",0.0,0.0,0.0,0.0
matched_tight,gmm_fitted,bank0:0-1-2-4-5-7-8,relational_max,0.7640875506361763,0.013035242830790484,0.825579272281684,0.012360306667603543,0.03252781216628134,0.010095390478947776,0.487894747286008,0.05210067943287103,558.1291511352147,81.13084784347036,3,"[11, 12, 13]",0.0,0.0,0.0,0.0
matched_tight,gmm_fitted,bank1:3,conditional_max,0.8475145315647779,0.015950214058681595,0.8950021684464872,0.011057505160695813,0.09245290124904175,0.08467050156938102,0.7004561150723697,0.02541949385609812,611.0677912149029,65.5234084797507,3,"[11, 12, 13]",0.0,0.0,0.0,0.0
matched_tight,gmm_fitted,bank1:3,independent,0.7848470987928272,0.022091431478239675,0.8428137704027199,0.016250804760719176,0.08240261641504001,0.07213398512139516,0.5653144391623163,0.0695798695076294,413.73590115109647,15.29202734642579,3,"[11, 12, 13]",0.0,0.0,0.0,0.0
matched_tight,gmm_fitted,bank1:3,joint,0.8454231597446787,0.017407103750864968,0.8904443160036944,0.010651883044900029,0.08044686561107796,0.0815121396181332,0.669052169148511,0.04792947069508466,1179.3900505245285,155.4385016331517,3,"[11, 12, 13]",0.0,0.0,0.0,0.0
matched_tight,gmm_fitted,bank1:3,marginal_max,0.7845859129514071,0.016425723028173665,0.8473576485417885,0.012139959982621573,0.034879945313167564,0.030705594759919064,0.5702878064643367,0.00736785698369645,266.6279955678233,7.313584292723855,3,"[11, 12, 13]",0.0,0.0,0.0,0.0
matched_tight,gmm_fitted,bank1:3,relational_max,0.8400235335315815,0.007588302012497436,0.888280240044914,0.0056888360005430075,0.11312747207444279,0.036797550417768575,0.6970874321122343,0.0036369260655782984,590.4356248811238,26.161406080374366,3,"[11, 12, 13]",0.0,0.0,0.0,0.0
matched_tight,gmm_fitted,bank2:6-10,conditional_max,0.8243804029022943,0.009253742428988538,0.8721616965220429,0.00809114974032454,0.0445887614185693,0.023453949654561275,0.5766511037595983,0.04080275631294048,329.02011918724617,62.66381282118251,3,"[11, 12, 13]",0.0,0.0,0.0,0.0
matched_tight,gmm_fitted,bank2:6-10,independent,0.7387936838043229,0.016112427835279504,0.7666745486795685,0.021223432110752467,0.06162263250845471,0.024418700134822627,0.29309080630275464,0.01797097012718435,313.3892101822983,26.891766355682954,3,"[11, 12, 13]",0.0,0.0,0.0,0.0
matched_tight,gmm_fitted,bank2:6-10,joint,0.8038718866445084,0.011309690025134815,0.8421975243678542,0.010770854838007993,0.06269725468375469,0.0011099419773845322,0.46845528731847835,0.034587899816126526,723.8377924425228,45.9085584474981,3,"[11, 12, 13]",0.0,0.0,0.0,0.0
matched_tight,gmm_fitted,bank2:6-10,marginal_max,0.7734259664546573,0.020758628197629057,0.8289593681034996,0.02305768166565508,0.029846764288170125,0.01656365274770624,0.4853466502897746,0.022516378009073044,123.48750248335757,8.099385714116446,3,"[11, 12, 13]",0.0,0.0,0.0,0.0
matched_tight,gmm_fitted,bank2:6-10,relational_max,0.8137154465908868,0.012633238750623348,0.8586476928844616,0.00647638747908054,0.03037423466174874,0.01939705889879966,0.49098189673081755,0.03876408757559111,324.4941448745775,75.08910391553773,3,"[11, 12, 13]",0.0,0.0,0.0,0.0
matched_tight,gmm_fitted,full,conditional_max,0.8370734079553728,0.011983322954098636,0.8817600736533558,0.008652903718380862,0.030038232996521735,0.0130061735390915,0.5678564616436909,0.05413123687619681,698.3405041141659,77.12005631882943,3,"[11, 12, 13]",0.0,0.0,0.0,0.0
matched_tight,gmm_fitted,full,independent,0.7642049200397154,0.02178510983625037,0.8080235726581856,0.02142256859835863,0.0682903439916771,0.012834193030111,0.4105660111455198,0.04422123127775224,462.1522109486494,66.95185283194174,3,"[11, 12, 13]",0.0,0.0,0.0,0.0
matched_tight,gmm_fitted,full,joint,0.8230109613783735,0.012607238522958104,0.8629829406427775,0.01058096335022532,0.06317851824764015,0.010916761672249838,0.5327197263390558,0.05170475337167609,1398.0181332444483,151.93247831038462,3,"[11, 12, 13]",0.0,0.0,0.0,0.0
matched_tight,gmm_fitted,full,marginal_max,0.7867382303053571,0.024077381855301776,0.8447667110969425,0.020695159721112886,0.029846764288170125,0.01656365274770624,0.5391572947026586,0.02841442104730901,266.59031227109136,7.252903793184833,3,"[11, 12, 13]",0.0,0.0,0.0,0.0
matched_tight,gmm_fitted,full,relational_max,0.8304802242784616,0.005963349549744869,0.8728071226104674,0.002962256787372829,0.02744336223587503,0.022373534859996297,0.5230944955581123,0.05931701534087719,675.8281855521113,80.15380241625455,3,"[11, 12, 13]",0.0,0.0,0.0,0.0
matched_tight,gmm_fitted,random1:1,conditional_max,0.8319917761813467,0.011070532520460778,0.8799361635503592,0.0074505610382827716,0.03540611979024295,0.018828380114099555,0.5861136995293871,0.05067796473273321,672.9265997824402,64.45025359175733,3,"[11, 12, 13]",0.0,0.0,0.0,0.0
matched_tight,gmm_fitted,random1:1,independent,0.7594695692852383,0.02100866681347845,0.8051933911690407,0.02122677279074988,0.06441172575752238,0.009926319788811134,0.41050214774597027,0.06182571690223865,458.6469628544689,61.9677233334017,3,"[11, 12, 13]",0.0,0.0,0.0,0.0
matched_tight,gmm_fitted,random1:1,joint,0.8181644723752525,0.013359304534862153,0.8600898348673848,0.01100610378000327,0.0698469586726456,0.019796922602079683,0.5260680920718267,0.05560810080435082,1328.120673699155,92.34764493003969,3,"[11, 12, 13]",0.0,0.0,0.0,0.0
matched_tight,gmm_fitted,random1:1,marginal_max,0.7810882272597914,0.02119358886401861,0.8409750687347755,0.018971025022531143,0.029846764288170125,0.01656365274770624,0.5332148802935853,0.03255036985411285,267.6973612637814,7.344821218224371,3,"[11, 12, 13]",0.0,0.0,0.0,0.0
matched_tight,gmm_fitted,random1:1,relational_max,0.8269702618934889,0.004122775968918867,0.8722455432634447,0.002548671342241583,0.0359574832555998,0.03468321087672429,0.5458364667705814,0.07703240340618832,639.9522770392265,58.991783066394554,3,"[11, 12, 13]",0.0,0.0,0.0,0.0
matched_tight,gmm_fitted,random3:5-8-14,conditional_max,0.8137278473962253,0.004873088102766321,0.865057710640628,0.00445800125917419,0.03128201016225839,0.011701303487166767,0.5587909771586093,0.025433995030261027,646.7507345343889,117.63225267689864,3,"[11, 12, 13]",0.0,0.0,0.0,0.0
matched_tight,gmm_fitted,random3:5-8-14,independent,0.7460927203174306,0.018310175829705125,0.7881002096719758,0.019327339347660406,0.04142499209300649,0.019198031839739893,0.3383908124177662,0.038996817275425255,443.0984181466353,71.60565748736151,3,"[11, 12, 13]",0.0,0.0,0.0,0.0
matched_tight,gmm_fitted,random3:5-8-14,joint,0.79860362737793,0.004525152704819966,0.8421119489171964,0.00487279166695208,0.05808985665359836,0.017979637573122653,0.47157139195078185,0.025000373737144265,1111.005982243278,157.0411396745406,3,"[11, 12, 13]",0.0,0.0,0.0,0.0
matched_tight,gmm_fitted,random3:5-8-14,marginal_max,0.7700690195323449,0.021655309459095082,0.8287947815173666,0.019462482077242865,0.029846764288170125,0.01656365274770624,0.49083517694859297,0.025411496352488305,266.74764892510365,7.506769574363992,3,"[11, 12, 13]",0.0,0.0,0.0,0.0
matched_tight,gmm_fitted,random3:5-8-14,relational_max,0.8035746079541326,0.0056312264652515105,0.8544296649119859,0.004353375027537701,0.039785561526128714,0.031573057446722404,0.52048006485962,0.05220167699122811,606.8554317893619,138.31526688169984,3,"[11, 12, 13]",0.0,0.0,0.0,0.0
matched_tight,gmm_fitted,random7:3-4-8-10-11-12-14,conditional_max,0.7729739317068344,0.018332449704271246,0.8376636584277036,0.010820314072105104,0.14381826995387015,0.127338061937046,0.5997903077470718,0.06837019266795737,332.24785916675114,18.138755929345596,3,"[11, 12, 13]",0.0,0.0,0.0,0.0
matched_tight,gmm_fitted,random7:3-4-8-10-11-12-14,independent,0.7372693248547275,0.015564841809508347,0.8010626624219003,0.009639192344882079,0.13659008323300262,0.12708783547596525,0.5082719503606844,0.07959993527660861,315.039283563208,32.42914440137175,3,"[11, 12, 13]",0.0,0.0,0.0,0.0
matched_tight,gmm_fitted,random7:3-4-8-10-11-12-14,joint,0.7781003053158212,0.011358236118638596,0.8394721731042974,0.0058511750790327804,0.09602985907530497,0.06264789088684872,0.5770917895642264,0.04891428847104562,550.7674990287593,63.801665779684214,3,"[11, 12, 13]",0.0,0.0,0.0,0.0
matched_tight,gmm_fitted,random7:3-4-8-10-11-12-14,marginal_max,0.7364698562218198,0.022903556854720952,0.8056741217479285,0.013533976017464634,0.07491241561992651,0.0653814057424953,0.4919372964278208,0.042275581667989344,216.68245993723053,19.553699917267636,3,"[11, 12, 13]",0.0,0.0,0.0,0.0
matched_tight,gmm_fitted,random7:3-4-8-10-11-12-14,relational_max,0.7676787877554689,0.0075779819512392715,0.8324524655800095,0.004822231379513407,0.17115334383819436,0.057346763126663765,0.6114511084572231,0.023924112533154223,318.05533756060214,29.332828734607748,3,"[11, 12, 13]",0.0,0.0,0.0,0.0
matched_tight,gmm_fitted,single_sensor_0,conditional_max,0.5559735287864854,0.010752587457141818,0.6026353198053945,0.012929519433038135,0.06035423330915677,0.009351080588078466,0.15608793953670888,0.004712376523337382,35.999790815602836,2.585363008405299,3,"[11, 12, 13]",0.0,0.0,0.0,0.0
matched_tight,gmm_fitted,single_sensor_0,independent,0.5559735287864854,0.010752587457141818,0.6026353198053945,0.012929519433038135,0.06035423330915677,0.009351080588078466,0.15608793953670888,0.004712376523337382,35.999790815602836,2.585363008405299,3,"[11, 12, 13]",0.0,0.0,0.0,0.0
matched_tight,gmm_fitted,single_sensor_0,joint,0.5559735287864854,0.010752587457141818,0.6026353198053945,0.012929519433038135,0.06035423330915677,0.009351080588078466,0.15608793953670888,0.004712376523337382,35.999790815602836,2.585363008405299,3,"[11, 12, 13]",0.0,0.0,0.0,0.0
matched_tight,gmm_fitted,single_sensor_0,marginal_max,0.5559735287864854,0.010752587457141818,0.6026353198053945,0.012929519433038135,0.06035423330915677,0.009351080588078466,0.15608793953670888,0.004712376523337382,35.999790815602836,2.585363008405299,3,"[11, 12, 13]",0.0,0.0,0.0,0.0
matched_tight,gmm_fitted,single_sensor_0,relational_max,0.5,0.0,0.5,0.0,0.0,0.0,0.0,0.0,0.0,0.0,3,"[11, 12, 13]",1.0,0.0,0.0,0.0
unmatched,circuit,bank0:0-1-2-4-5-7-8,conditional_max,0.7361667734994765,0.015056242339481269,0.8058989283356671,0.014668558499824362,0.034404351296483705,0.028240433232629876,0.46806323812948686,0.03431736946941712,504.4477030436198,78.6315518138294,3,"[11, 12, 13]",0.0,0.0,0.0,0.0
unmatched,circuit,bank0:0-1-2-4-5-7-8,independent,0.7289671055938031,0.009581295161397257,0.7929401491264926,0.01057820261552511,0.06644539233874087,0.010302185313911548,0.45941515380874104,0.03017467890755133,811.6268920898438,221.68596070133532,3,"[11, 12, 13]",0.0,0.0,0.0,0.0
unmatched,circuit,bank0:0-1-2-4-5-7-8,joint,0.7344481733164092,0.01051982452079446,0.7972179901079935,0.011379181994580654,0.06724860519014648,0.00902814094329172,0.47177067653491855,0.03676132971866486,816.0904744466146,217.17672404012453,3,"[11, 12, 13]",0.0,0.0,0.0,0.0
unmatched,circuit,bank0:0-1-2-4-5-7-8,marginal_max,0.7296749215607997,0.017494986638096684,0.8002231829111016,0.016243717596777656,0.03917033466122228,0.0327584746608407,0.45882730275746525,0.03918195494320695,504.48451741536456,77.98691705079928,3,"[11, 12, 13]",0.0,0.0,0.0,0.0
unmatched,circuit,bank0:0-1-2-4-5-7-8,relational_max,0.6263086507724701,0.021648045580930225,0.6759246973268592,0.018008004850506524,0.03245208321437409,0.04616931016093962,0.19464017206265818,0.10679514700120474,11.583422342936197,1.2195120132730712,3,"[11, 12, 13]",0.0,0.0,0.0,0.0
unmatched,circuit,bank1:3,conditional_max,0.8022068535074004,0.002825777322215401,0.8592399958188309,0.0020826745599361505,0.0303861002141064,0.021719241607148526,0.5861886995395112,0.01330320376199834,502.1044616699219,78.60530256031548,3,"[11, 12, 13]",0.0,0.0,0.0,0.0
unmatched,circuit,bank1:3,independent,0.7769171585974811,0.005550521024315964,0.8319103300509544,0.009376017305565865,0.08082895259570094,0.0716074969217591,0.5381338199424702,0.08243220061577812,688.5291341145834,144.29114050892278,3,"[11, 12, 13]",0.0,0.0,0.0,0.0
unmatched,circuit,bank1:3,joint,0.7912331813668634,0.00897298113149937,0.8417808238135457,0.011815320400499284,0.07608961610280994,0.06339951683629276,0.5520550691219045,0.08229916411394238,689.0575154622396,149.2200866728768,3,"[11, 12, 13]",0.0,0.0,0.0,0.0
unmatched,circuit,bank1:3,marginal_max,0.7880842206643969,0.004122894694493334,0.8497260746977643,0.0038708433622485286,0.028766351075371368,0.016824045960309904,0.5722134276745988,0.015977196479598874,501.8612772623698,78.21678110392722,3,"[11, 12, 13]",0.0,0.0,0.0,0.0
unmatched,circuit,bank1:3,relational_max,0.7071563002687055,0.015675285989853276,0.7636436544149202,0.021081378460576634,0.01337409737771293,0.017201121102367472,0.31512922720426934,0.08836311928601573,12.250689188639322,0.6374520243890186,3,"[11, 12, 13]",0.0,0.0,0.0,0.0
unmatched,circuit,bank2:6-10,conditional_max,0.7971891544710408,0.0021086099924135094,0.8547510092095331,0.0015040035410651027,0.0303861002141064,0.021719241607148526,0.5740485386134636,0.01243721240783689,333.2581787109375,12.78389926210471,3,"[11, 12, 13]",0.0,0.0,0.0,0.0
unmatched,circuit,bank2:6-10,independent,0.7737359717627187,0.0022431559664889134,0.8281943006961957,0.008408542028489738,0.10566974968544136,0.04598595323983431,0.5578087686026956,0.06606097629057435,836.3560791015625,39.87258665579287,3,"[11, 12, 13]",0.0,0.0,0.0,0.0
unmatched,circuit,bank2:6-10,joint,0.7867116935234773,0.003500435656706505,0.8369974993761783,0.00901737985664538,0.0936482037862046,0.05447347266161877,0.5620914635652624,0.06829804627842401,842.2710367838541,43.08256261497413,3,"[11, 12, 13]",0.0,0.0,0.0,0.0
unmatched,circuit,bank2:6-10,marginal_max,0.784190900781165,0.0024935812523640207,0.846143236470272,0.001986615338459763,0.028766351075371368,0.016824045960309904,0.561572376022189,0.013195923701953109,332.2225850423177,12.475745906563185,3,"[11, 12, 13]",0.0,0.0,0.0,0.0
unmatched,circuit,bank2:6-10,relational_max,0.6973155832078121,0.023436281600430323,0.7615607261339501,0.02447147473882922,0.027831928703014135,0.023492824046001257,0.34495541913545075,0.07479851882082092,12.248565673828125,0.6391961838062885,3,"[11, 12, 13]",0.0,0.0,0.0,0.0
unmatched,circuit,full,conditional_max,0.8027690109678508,0.0023700393262234168,0.8598684162461595,0.0018158632171502548,0.0303861002141064,0.021719241607148526,0.5876878088131491,0.012091695443299208,502.10448201497394,78.60523312585015,3,"[11, 12, 13]",0.0,0.0,0.0,0.0
unmatched,circuit,full,independent,0.78211862212409,0.00482483629330425,0.8372973612887812,0.009544772907285783,0.07999488120881225,0.042270185359665466,0.5502838215825893,0.05576008859941484,922.5198974609375,139.92446801781068,3,"[11, 12, 13]",0.0,0.0,0.0,0.0
unmatched,circuit,full,joint,0.7940642439295645,0.008364309027409244,0.8451831643657494,0.01137853215026492,0.08082474093206546,0.03695764254916276,0.5705508329577259,0.06283413038151431,930.7906901041666,137.96434265697883,3,"[11, 12, 13]",0.0,0.0,0.0,0.0
unmatched,circuit,full,marginal_max,0.7905422335773672,0.003153694302454708,0.8520545925134915,0.002563845683321885,0.028766351075371368,0.016824045960309904,0.5791877401711313,0.012091477643216856,501.8612772623698,78.21678110392722,3,"[11, 12, 13]",0.0,0.0,0.0,0.0
unmatched,circuit,full,relational_max,0.7055625487002096,0.022812136518141988,0.7658129858945909,0.02355531279420211,0.01337409737771293,0.017201121102367472,0.31361679449470764,0.08967792965464723,12.250666300455729,0.6374409251964372,3,"[11, 12, 13]",0.0,0.0,0.0,0.0
unmatched,circuit,random1:1,conditional_max,0.8007092141411946,0.006698036017842864,0.8575144801649013,0.004942688221309109,0.06751090274175252,0.055404758043418344,0.5967806691118613,0.029578966888270927,503.36034138997394,78.46545250559552,3,"[11, 12, 13]",0.0,0.0,0.0,0.0
unmatched,circuit,random1:1,independent,0.778035801218507,0.0023756892463662454,0.8333419323353369,0.00713766624603138,0.07715727283440509,0.02974691749636056,0.533847642258051,0.0579218979454498,924.78076171875,135.64104768502412,3,"[11, 12, 13]",0.0,0.0,0.0,0.0
unmatched,circuit,random1:1,joint,0.7886276916181011,0.00461990893615534,0.8404995943163933,0.008401329224133655,0.07947291839537235,0.027908119601869393,0.5524275583730506,0.06337829787067834,931.2006225585938,130.63452181036584,3,"[11, 12, 13]",0.0,0.0,0.0,0.0
unmatched,circuit,random1:1,marginal_max,0.7873303811955253,0.005494044400040973,0.8488963490629722,0.003727703318428216,0.06984060068042665,0.06430892544815717,0.5883479465912455,0.03247403198193601,503.39662679036456,78.21461549142086,3,"[11, 12, 13]",0.0,0.0,0.0,0.0
unmatched,circuit,random1:1,relational_max,0.7023310010751431,0.017989330195708055,0.7619087158805068,0.02166433629778232,0.005461879786970813,0.005532634578577146,0.28796784394814307,0.0667530913002803,12.181679407755533,0.740648460684673,3,"[11, 12, 13]",0.0,0.0,0.0,0.0
unmatched,circuit,random3:5-8-14,conditional_max,0.7797562479577707,0.00541586470071725,0.8425186873479559,0.0032775170626403744,0.068393448757215,0.04595715193445291,0.5728658710672072,0.030228213427721504,502.0988260904948,78.5922493916054,3,"[11, 12, 13]",0.0,0.0,0.0,0.0
unmatched,circuit,random3:5-8-14,independent,0.7642213779814973,0.005779585285198224,0.8219182466839134,0.00812907994980879,0.10438831052757973,0.06552884196419492,0.5485324174584797,0.06410691033906235,840.4746704101562,198.19527149964074,3,"[11, 12, 13]",0.0,0.0,0.0,0.0
unmatched,circuit,random3:5-8-14,joint,0.7733819440463675,0.008414503479065819,0.828217700299593,0.009285958635255992,0.10517819994306155,0.06613791832960506,0.5641141150262033,0.061530388855637386,841.4019571940104,202.0648961330021,3,"[11, 12, 13]",0.0,0.0,0.0,0.0
unmatched,circuit,random3:5-8-14,marginal_max,0.7693518342876392,0.004826815040515093,0.8350936781348679,0.003547683572155172,0.07031979890926011,0.04832707520457145,0.5615289229925652,0.027846686953322847,502.5273030598958,77.72640535689116,3,"[11, 12, 13]",0.0,0.0,0.0,0.0
unmatched,circuit,random3:5-8-14,relational_max,0.6760526433895624,0.0260215496381913,0.7322435526239449,0.020702462904651525,0.02134033765393327,0.03489654553678406,0.2327570238602894,0.10849480253325883,10.83739948272705,0.9635794289804428,3,"[11, 12, 13]",0.0,0.0,0.0,0.0
unmatched,circuit,random7:3-4-8-10-11-12-14,conditional_max,0.749628536623029,0.004145903865165323,0.8177492273680631,0.002393260948450288,0.05447017473949443,0.05014186164989833,0.5103272017180348,0.037829608059034285,439.83925374348956,35.88082875837813,3,"[11, 12, 13]",0.0,0.0,0.0,0.0
unmatched,circuit,random7:3-4-8-10-11-12-14,independent,0.7309792324229424,0.0027364286622501735,0.7966430598173133,0.007712208902587061,0.054359254098171446,0.017684550522371348,0.46909716105523236,0.029846676173633877,571.1554565429688,73.23927391826025,3,"[11, 12, 13]",0.0,0.0,0.0,0.0
unmatched,circuit,random7:3-4-8-10-11-12-14,joint,0.7428996015655667,0.009443360911559461,0.8059650956232541,0.01125859024597804,0.04876341101017967,0.021200987901404553,0.4750536278420124,0.03802184107828832,581.7124837239584,84.00041300884457,3,"[11, 12, 13]",0.0,0.0,0.0,0.0
unmatched,circuit,random7:3-4-8-10-11-12-14,marginal_max,0.7372509967442745,0.0023479627795145136,0.8067468479968855,0.0035077123932175575,0.05919545885467858,0.04983276917155656,0.4922305740052071,0.039126533063842193,439.54773966471356,35.60609358179823,3,"[11, 12, 13]",0.0,0.0,0.0,0.0
unmatched,circuit,random7:3-4-8-10-11-12-14,relational_max,0.6282573390179077,0.03515252940047284,0.6876211223207215,0.041946957905569654,0.04266735187194274,0.07182531877425666,0.22820004430346172,0.1576987380362324,11.420369466145834,0.5325601661621748,3,"[11, 12, 13]",0.0,0.0,0.0,0.0
unmatched,circuit,single_sensor_0,conditional_max,0.5609820023645674,0.004537292453782971,0.6127350678762816,0.00790590918166516,0.07113564675157219,0.05999420243404543,0.17693514807439903,0.06448630961091371,72.17676289876302,12.794816568377422,3,"[11, 12, 13]",0.0,0.0,0.0,0.0
unmatched,circuit,single_sensor_0,independent,0.5609820023645674,0.004537292453782971,0.6127350678762816,0.00790590918166516,0.07113564675157219,0.05999420243404543,0.17693514807439903,0.06448630961091371,72.17676289876302,12.794816568377422,3,"[11, 12, 13]",0.0,0.0,0.0,0.0
unmatched,circuit,single_sensor_0,joint,0.5609965182594723,0.004543025305233886,0.61275804421875,0.007905751051216752,0.07113564675157219,0.05999420243404543,0.17693514807439903,0.06448630961091371,72.17676417032878,12.794815249995306,3,"[11, 12, 13]",0.0,0.0,0.0,0.0
unmatched,circuit,single_sensor_0,marginal_max,0.5609820023645674,0.004537292453782971,0.6127350678762816,0.00790590918166516,0.07113564675157219,0.05999420243404543,0.17693514807439903,0.06448630961091371,72.17676289876302,12.794816568377422,3,"[11, 12, 13]",0.0,0.0,0.0,0.0
unmatched,circuit,single_sensor_0,relational_max,0.5,0.0,0.5,0.0,0.0,0.0,0.0,0.0,0.0,0.0,3,"[11, 12, 13]",1.0,0.0,0.0,0.0
unmatched,gaussian_fitted,bank0:0-1-2-4-5-7-8,conditional_max,0.7605814694899492,0.012900142000879624,0.8188268094241998,0.0035359571376256628,0.02148138788895625,0.01673983148360811,0.4212927944509712,0.008193912543126536,401.37220272253666,75.76494015950058,3,"[11, 12, 13]",0.0,0.0,0.0,0.0
unmatched,gaussian_fitted,bank0:0-1-2-4-5-7-8,independent,0.7204570564949302,0.003377784323646971,0.7758230181914252,0.0052694495068019345,0.03137600315550799,0.010573545446127548,0.3253534456470634,0.03933064881703567,368.4535411831473,66.41428945782049,3,"[11, 12, 13]",0.0,0.0,0.0,0.0
unmatched,gaussian_fitted,bank0:0-1-2-4-5-7-8,joint,0.7618231436573394,0.011346501243195981,0.820565186054585,0.006146754842309483,0.029756254016772954,0.015282956228411967,0.4452174332096967,0.03718374045554322,704.5469296123642,126.8271598545851,3,"[11, 12, 13]",0.0,0.0,0.0,0.0
unmatched,gaussian_fitted,bank0:0-1-2-4-5-7-8,marginal_max,0.724629744234171,0.011352811732126548,0.7719592329913344,0.012782196472010525,0.02423759776425456,0.022527446782545688,0.25120568995757153,0.005835259736643906,243.5757601669045,16.753579778439246,3,"[11, 12, 13]",0.0,0.0,0.0,0.0
unmatched,gaussian_fitted,bank0:0-1-2-4-5-7-8,relational_max,0.7526798485390375,0.010998530384215818,0.8187436477460106,0.009519475603387794,0.08970523619131159,0.10131586165000218,0.5367304045262425,0.0751812358810944,385.849936809231,62.28270833352456,3,"[11, 12, 13]",0.0,0.0,0.0,0.0
unmatched,gaussian_fitted,bank1:3,conditional_max,0.8455233389891402,0.005523294493433799,0.893842958601824,0.005678949607314911,0.06442662856730948,0.06399023470087281,0.6995729616054214,0.029957253800271606,511.07678107156636,68.35013378012215,3,"[11, 12, 13]",0.0,0.0,0.0,0.0
unmatched,gaussian_fitted,bank1:3,independent,0.7763574731819043,0.00984055251786566,0.8369809407303924,0.005788151189706421,0.08569962009984074,0.053398866215329556,0.5609784504560543,0.0651247655429528,410.6773958918745,31.587832243264568,3,"[11, 12, 13]",0.0,0.0,0.0,0.0
unmatched,gaussian_fitted,bank1:3,joint,0.8437259467839869,0.011567769438513151,0.8903561448743748,0.008093953275872624,0.06619163960470296,0.07535078203615571,0.666881056544419,0.058374968943397505,965.8195714697221,205.14776659173623,3,"[11, 12, 13]",0.0,0.0,0.0,0.0
unmatched,gaussian_fitted,bank1:3,marginal_max,0.7850458035786257,0.00802509147466227,0.84657783567163,0.006269823284202327,0.03639237802272922,0.032019579532493486,0.5607390335770833,0.029156708086118865,241.431187186966,17.461115402592835,3,"[11, 12, 13]",0.0,0.0,0.0,0.0
unmatched,gaussian_fitted,bank1:3,relational_max,0.8415642811271832,0.013584930888374914,0.8866707354404112,0.012714871577536705,0.15792519680415723,0.06944457568040716,0.7162559282202926,0.005628276042651464,459.8634924222042,44.129747736842994,3,"[11, 12, 13]",0.0,0.0,0.0,0.0
unmatched,gaussian_fitted,bank2:6-10,conditional_max,0.8280719032037179,0.003723274882250816,0.8730972694756393,0.008272750256454398,0.025188826294388,0.019945270275846323,0.5398531911248908,0.027396798649918997,244.60573829688693,19.423732108809954,3,"[11, 12, 13]",0.0,0.0,0.0,0.0
unmatched,gaussian_fitted,bank2:6-10,independent,0.7631333461056377,0.006904505889193564,0.8119879019811252,0.008838344432037754,0.0724830956375669,0.027381832730101804,0.4744669107001769,0.07217557728871794,233.63578110472542,6.606366453554847,3,"[11, 12, 13]",0.0,0.0,0.0,0.0
unmatched,gaussian_fitted,bank2:6-10,joint,0.8237568995717783,0.00781718198166788,0.8706698643533061,0.007202054066483677,0.05667344177557259,0.016016407862643623,0.6026577622378189,0.02810099332949555,587.7237896108422,86.50691170153527,3,"[11, 12, 13]",0.0,0.0,0.0,0.0
unmatched,gaussian_fitted,bank2:6-10,marginal_max,0.7689944960747224,0.01188382592777729,0.7963831132362426,0.03604503885132271,0.02423759776425456,0.022527446782545688,0.24151716273179843,0.036024883616504556,118.60910445606841,7.986629368281401,3,"[11, 12, 13]",0.0,0.0,0.0,0.0
unmatched,gaussian_fitted,bank2:6-10,relational_max,0.8169702602256308,0.014567881508614348,0.8685056536001575,0.012881032324005049,0.1035694254278382,0.0630689390111251,0.6423283129492864,0.015527297099478615,246.55314688816028,21.14522017001993,3,"[11, 12, 13]",0.0,0.0,0.0,0.0
unmatched,gaussian_fitted,full,conditional_max,0.8400514323863132,0.0011308209811510422,0.8845617171673515,0.004628102610062418,0.02304784328399612,0.018540918501750433,0.581507597395734,0.023692360917147035,517.9324890244335,68.90546116824098,3,"[11, 12, 13]",0.0,0.0,0.0,0.0
unmatched,gaussian_fitted,full,independent,0.7758565501982236,0.004721951813972135,0.8306471481033441,0.006325168350371481,0.050409078078979215,0.00466474001126776,0.5075933055606514,0.024122080366798537,408.5715613458912,33.865907166855905,3,"[11, 12, 13]",0.0,0.0,0.0,0.0
unmatched,gaussian_fitted,full,joint,0.8380430412346214,0.009419657338809256,0.883556675195559,0.0062343733128259644,0.048735306254765964,0.007689328608403548,0.6407499920018888,0.017672788765364468,981.0193924779569,206.886676577056,3,"[11, 12, 13]",0.0,0.0,0.0,0.0
unmatched,gaussian_fitted,full,marginal_max,0.7798683726968404,0.011098969104907897,0.8237476057192638,0.02038618342002074,0.02423759776425456,0.022527446782545688,0.35357900291293237,0.024252182232176806,241.3501175719107,17.323638062168296,3,"[11, 12, 13]",0.0,0.0,0.0,0.0
unmatched,gaussian_fitted,full,relational_max,0.8424912919799644,0.012373102340108839,0.8873371865138248,0.010958545899796208,0.08655393986959231,0.06159716748659835,0.6677991182234231,0.007821416824760695,462.93138557067874,45.82311299693213,3,"[11, 12, 13]",0.0,0.0,0.0,0.0
unmatched,gaussian_fitted,random1:1,conditional_max,0.834876277639749,0.0022798297674625195,0.8807085203439006,0.003148019947224656,0.023689717020750137,0.018866958154796845,0.5785093788484582,0.023288912210890772,513.3416138762768,65.82953185481527,3,"[11, 12, 13]",0.0,0.0,0.0,0.0
unmatched,gaussian_fitted,random1:1,independent,0.7718399004039357,0.007363977533952369,0.8270093635290992,0.0035953760690047507,0.05488178386633152,0.01733182831692214,0.49455796362823484,0.04314707571918233,410.61103069067485,32.11333802335658,3,"[11, 12, 13]",0.0,0.0,0.0,0.0
unmatched,gaussian_fitted,random1:1,joint,0.8319396890759913,0.007245532154417884,0.8793032729906717,0.0038673971036094737,0.05952639842418985,0.023590607471778022,0.6346216164446027,0.02446152037946236,976.1827615434137,196.46556130549592,3,"[11, 12, 13]",0.0,0.0,0.0,0.0
unmatched,gaussian_fitted,random1:1,marginal_max,0.7785117504948665,0.010824344986933646,0.8214138479659864,0.019124806498281216,0.02423759776425456,0.022527446782545688,0.3503661515073098,0.018907875159435112,242.6366985518292,17.308954901993943,3,"[11, 12, 13]",0.0,0.0,0.0,0.0
unmatched,gaussian_fitted,random1:1,relational_max,0.8354211925200973,0.013928987465912882,0.8833734863004882,0.010895747549693986,0.0987423324436194,0.048826461186526185,0.6810405481966183,0.02438483593800686,458.76024568682243,41.65428011148067,3,"[11, 12, 13]",0.0,0.0,0.0,0.0
unmatched,gaussian_fitted,random3:5-8-14,conditional_max,0.8173491484274041,0.005650593258991005,0.86486454665599,0.010123403569362541,0.02596539227394604,0.021547278088290628,0.530479809729996,0.007261888880088221,398.2179618192725,70.7344408466754,3,"[11, 12, 13]",0.0,0.0,0.0,0.0
unmatched,gaussian_fitted,random3:5-8-14,independent,0.7543830206577127,0.005298298830684479,0.8101798868563518,0.01258296023444359,0.04846867554922726,0.022170591593521104,0.44654649656405193,0.07558346823481445,374.3264035262405,62.72599601321047,3,"[11, 12, 13]",0.0,0.0,0.0,0.0
unmatched,gaussian_fitted,random3:5-8-14,joint,0.8119970589785069,0.0035825006041118874,0.8631791961626073,0.00472663483774774,0.029927433845495927,0.014785507225543903,0.5509860759970405,0.011490599992974585,748.0405134778639,58.14305264387832,3,"[11, 12, 13]",0.0,0.0,0.0,0.0
unmatched,gaussian_fitted,random3:5-8-14,marginal_max,0.7619317601817674,0.010702115192246653,0.8049024376977094,0.023212310383573874,0.02423759776425456,0.022527446782545688,0.29357061198307394,0.023481170332158803,241.59960763933904,17.550498678444754,3,"[11, 12, 13]",0.0,0.0,0.0,0.0
unmatched,gaussian_fitted,random3:5-8-14,relational_max,0.8126681676827717,0.011086990648844183,0.8654299818449912,0.007635368252309653,0.09213589256694014,0.06030975281363698,0.6267832649545445,0.04061325688100778,389.82755463244354,60.34332911576257,3,"[11, 12, 13]",0.0,0.0,0.0,0.0
unmatched,gaussian_fitted,random7:3-4-8-10-11-12-14,conditional_max,0.7760998045215292,0.014547907741113923,0.840035023610269,0.008758213106800531,0.11588931100017696,0.09585911993973549,0.5915644022090176,0.031625178300792006,398.0297775271253,46.76420979724393,3,"[11, 12, 13]",0.0,0.0,0.0,0.0
unmatched,gaussian_fitted,random7:3-4-8-10-11-12-14,independent,0.7263644464655991,0.0031918136953602368,0.7956797773488621,0.002622092701989642,0.13951038600302187,0.11364826835624309,0.5211647841745118,0.06458974113594437,344.10722852673024,45.294375835203596,3,"[11, 12, 13]",0.0,0.0,0.0,0.0
unmatched,gaussian_fitted,random7:3-4-8-10-11-12-14,joint,0.7749965209655452,0.013001369022253266,0.8380549386824382,0.00991956606557768,0.09536336330498964,0.04983643990164068,0.5809934504580793,0.011000412061180184,592.9006867739246,86.12445181497158,3,"[11, 12, 13]",0.0,0.0,0.0,0.0
unmatched,gaussian_fitted,random7:3-4-8-10-11-12-14,marginal_max,0.7307210999928887,0.0006301571803194862,0.8022565631920829,0.0016197020623059835,0.07288729385627617,0.06704068264728354,0.49039473412455914,0.05873318952355616,228.28449039658483,27.278907187805736,3,"[11, 12, 13]",0.0,0.0,0.0,0.0
unmatched,gaussian_fitted,random7:3-4-8-10-11-12-14,relational_max,0.7567495758260475,0.022355374992368206,0.8231391308307537,0.018013897277225153,0.15879203007451811,0.08072727630712517,0.5871104059274307,0.0708862596148516,394.17297117408935,64.06298351462155,3,"[11, 12, 13]",0.0,0.0,0.0,0.0
unmatched,gaussian_fitted,single_sensor_0,conditional_max,0.5617056840741892,0.005790226760417846,0.6121617674288756,0.008702300966979836,0.06738183954938438,0.014909949187952475,0.1748551126964245,0.013477561096008806,48.875292855758595,9.686204241686394,3,"[11, 12, 13]",0.0,0.0,0.0,0.0
unmatched,gaussian_fitted,single_sensor_0,independent,0.5617056840741892,0.005790226760417846,0.6121617674288756,0.008702300966979836,0.06738183954938438,0.014909949187952475,0.1748551126964245,0.013477561096008806,48.875292855758595,9.686204241686394,3,"[11, 12, 13]",0.0,0.0,0.0,0.0
unmatched,gaussian_fitted,single_sensor_0,joint,0.5617056840741892,0.005790226760417846,0.6121617674288756,0.008702300966979836,0.06738183954938438,0.014909949187952475,0.1748551126964245,0.013477561096008806,48.875292855758595,9.686204241686394,3,"[11, 12, 13]",0.0,0.0,0.0,0.0
unmatched,gaussian_fitted,single_sensor_0,marginal_max,0.5617056840741892,0.005790226760417846,0.6121617674288756,0.008702300966979836,0.06738183954938438,0.014909949187952475,0.1748551126964245,0.013477561096008806,48.875292855758595,9.686204241686394,3,"[11, 12, 13]",0.0,0.0,0.0,0.0
unmatched,gaussian_fitted,single_sensor_0,relational_max,0.5,0.0,0.5,0.0,0.0,0.0,0.0,0.0,0.0,0.0,3,"[11, 12, 13]",1.0,0.0,0.0,0.0
unmatched,gmm_fitted,bank0:0-1-2-4-5-7-8,conditional_max,0.7649563012053897,0.017231592552036594,0.8284877977817265,0.012907535472138429,0.026501974419812963,0.007542604425325012,0.5095787404938904,0.0334842313275105,495.8061211760774,72.22861808494231,3,"[11, 12, 13]",0.0,0.0,0.0,0.0
unmatched,gmm_fitted,bank0:0-1-2-4-5-7-8,independent,0.7088507315914286,0.007518815931153337,0.7551385131016978,0.00440495157563683,0.03711986192222758,0.015329856910389307,0.2868166018920899,0.044112539470192585,399.9525213137064,80.18905956361857,3,"[11, 12, 13]",0.0,0.0,0.0,0.0
unmatched,gmm_fitted,bank0:0-1-2-4-5-7-8,joint,0.7481048124533373,0.013240293926684679,0.8003915665080178,0.006898020354927002,0.044602084854493095,0.021199674856613088,0.39289257463452687,0.03362169104008886,835.5713751509484,164.6190422954943,3,"[11, 12, 13]",0.0,0.0,0.0,0.0
unmatched,gmm_fitted,bank0:0-1-2-4-5-7-8,marginal_max,0.7333041122627212,0.011596572267260047,0.7939710715607409,0.0018781342756176286,0.029846764288170125,0.01656365274770624,0.3969051561697025,0.012515556714352534,272.682597637379,26.343903832093876,3,"[11, 12, 13]",0.0,0.0,0.0,0.0
unmatched,gmm_fitted,bank0:0-1-2-4-5-7-8,relational_max,0.753512822520012,0.015532934613284845,0.8172138953287864,0.01704373616626683,0.03252781216628134,0.010095390478947776,0.4761144811169656,0.057542434226076924,451.0971768580832,73.0129929403077,3,"[11, 12, 13]",0.0,0.0,0.0,0.0
unmatched,gmm_fitted,bank1:3,conditional_max,0.8458540415158732,0.009068210394078798,0.8943024335864308,0.006812567448539336,0.09245290124904175,0.08467050156938102,0.7092894315995454,0.032711944799744014,613.7149185781255,122.22947322089793,3,"[11, 12, 13]",0.0,0.0,0.0,0.0
unmatched,gmm_fitted,bank1:3,independent,0.7769332379761037,0.00907582495231529,0.8378722588850976,0.0051214853212664824,0.08240261641504001,0.07213398512139516,0.5628774247944688,0.06737941648697071,442.8869473778647,40.74340537801871,3,"[11, 12, 13]",0.0,0.0,0.0,0.0
unmatched,gmm_fitted,bank1:3,joint,0.8427750685555387,0.01254476423402467,0.889823719088608,0.007859422221076415,0.08044686561107796,0.0815121396181332,0.6738294511108869,0.06735198693956553,1148.677970597768,203.19731183763247,3,"[11, 12, 13]",0.0,0.0,0.0,0.0
unmatched,gmm_fitted,bank1:3,marginal_max,0.7865223476149107,0.006766820650025072,0.8479670330369675,0.005577652212783852,0.034879945313167564,0.030705594759919064,0.5653436778271704,0.028966306414350565,270.54610946204104,26.80614884916268,3,"[11, 12, 13]",0.0,0.0,0.0,0.0
unmatched,gmm_fitted,bank1:3,relational_max,0.8431506034333568,0.013950679546665413,0.8883399420413194,0.010066588282067288,0.11312747207444279,0.036797550417768575,0.690315157979908,0.005874356302455268,551.0689732733393,102.40747116873109,3,"[11, 12, 13]",0.0,0.0,0.0,0.0
unmatched,gmm_fitted,bank2:6-10,conditional_max,0.8299551137886336,0.008615871806765528,0.8766647113569451,0.005162264649355593,0.0445887614185693,0.023453949654561275,0.5900364997349486,0.06178511204857116,286.1407952641272,13.99560241982888,3,"[11, 12, 13]",0.0,0.0,0.0,0.0
unmatched,gmm_fitted,bank2:6-10,independent,0.7405996299015095,0.012665583184207194,0.7702060317976192,0.009095053487476768,0.06162263250845471,0.024418700134822627,0.29551522617646137,0.03440882009383143,319.1499547151035,31.194945622760365,3,"[11, 12, 13]",0.0,0.0,0.0,0.0
unmatched,gmm_fitted,bank2:6-10,joint,0.8062970694522614,0.007621005771514295,0.8433397860297479,0.002977983741032522,0.06269725468375469,0.0011099419773845322,0.4670481461998038,0.04199269379214275,685.7833522975574,57.02566670211337,3,"[11, 12, 13]",0.0,0.0,0.0,0.0
unmatched,gmm_fitted,bank2:6-10,marginal_max,0.7826499730958666,0.0036340834914450806,0.8365297923041274,0.006766167233270077,0.029846764288170125,0.01656365274770624,0.5078059135807119,0.01294034914347826,115.50463714226764,10.764292301331755,3,"[11, 12, 13]",0.0,0.0,0.0,0.0
unmatched,gmm_fitted,bank2:6-10,relational_max,0.812960746945341,0.006902167112636136,0.8560658780432587,0.006465395178459045,0.03037423466174874,0.01939705889879966,0.4892254305109922,0.05102698853693809,285.0002614458468,14.618177665253508,3,"[11, 12, 13]",0.0,0.0,0.0,0.0
unmatched,gmm_fitted,full,conditional_max,0.8403458622376684,0.008294585297873447,0.8846084557690205,0.00459395810772164,0.030038232996521735,0.0130061735390915,0.5767403181344922,0.04538899085349049,701.5119520183974,87.36062142987682,3,"[11, 12, 13]",0.0,0.0,0.0,0.0
unmatched,gmm_fitted,full,independent,0.7595871119913986,0.009625045464938881,0.8041954134524508,0.007790762692162141,0.0682903439916771,0.012834193030111,0.40293374769624024,0.029248968599244567,440.83774934993863,42.109870644305445,3,"[11, 12, 13]",0.0,0.0,0.0,0.0
unmatched,gmm_fitted,full,joint,0.8225040067171667,0.009490580607288685,0.8619389255618993,0.0033870743436470153,0.06317851824764015,0.010916761672249838,0.5271877466506137,0.03891523620511099,1328.4097830831636,119.20261108526861,3,"[11, 12, 13]",0.0,0.0,0.0,0.0
unmatched,gmm_fitted,full,marginal_max,0.7898564777132426,0.0052751577095403275,0.8464064592023904,0.0030918957632416776,0.029846764288170125,0.01656365274770624,0.5406936205039984,0.011497717318167516,270.5084261653091,26.74625718283834,3,"[11, 12, 13]",0.0,0.0,0.0,0.0
unmatched,gmm_fitted,full,relational_max,0.831378705338819,0.01147484225999842,0.8716253895113647,0.007043197453992189,0.02744336223587503,0.022373534859996297,0.5206547274101954,0.05186477345383416,607.7444446911081,82.9253020180831,3,"[11, 12, 13]",0.0,0.0,0.0,0.0
unmatched,gmm_fitted,random1:1,conditional_max,0.8367869602211191,0.009245917306827353,0.8833033750976655,0.005715309102342096,0.03540611979024295,0.018828380114099555,0.5965640114152283,0.047581377323147045,671.1595580851246,96.18896459872306,3,"[11, 12, 13]",0.0,0.0,0.0,0.0
unmatched,gmm_fitted,random1:1,independent,0.755341745521168,0.011911361077705514,0.8001435956242337,0.007297485302877745,0.06441172575752238,0.009926319788811134,0.3876641587019653,0.04797946904556316,443.12162275079254,40.38834046534107,3,"[11, 12, 13]",0.0,0.0,0.0,0.0
unmatched,gmm_fitted,random1:1,joint,0.8178800231302574,0.010129826216034357,0.8590222925647244,0.004590752678295946,0.0698469586726456,0.019796922602079683,0.5235343309306603,0.04319034984352781,1289.8663066628167,124.97616069324503,3,"[11, 12, 13]",0.0,0.0,0.0,0.0
unmatched,gmm_fitted,random1:1,marginal_max,0.7886372713201507,0.006283377198280246,0.8437978553052559,0.002899884538789585,0.029846764288170125,0.01656365274770624,0.5265303626525868,0.003382071151810613,271.81419469860793,26.87132463857258,3,"[11, 12, 13]",0.0,0.0,0.0,0.0
unmatched,gmm_fitted,random1:1,relational_max,0.8286836397589203,0.011550511006901819,0.8717009894724272,0.008592370501882086,0.0359574832555998,0.03468321087672429,0.5498904764970945,0.08033292508346161,575.9197814413596,91.27738868969246,3,"[11, 12, 13]",0.0,0.0,0.0,0.0
unmatched,gmm_fitted,random3:5-8-14,conditional_max,0.8195286854810551,0.0027856392448124033,0.8699222794828806,0.0013440824691435687,0.03128201016225839,0.011701303487166767,0.5700985245813343,0.033066538888037365,555.7163320571091,61.45882366805241,3,"[11, 12, 13]",0.0,0.0,0.0,0.0
unmatched,gmm_fitted,random3:5-8-14,independent,0.7369427238296339,0.012690081868114357,0.7807832650150507,0.01263990097446788,0.04142499209300649,0.019198031839739893,0.32551130203986256,0.024103688089194168,426.8647377920838,44.73875465545286,3,"[11, 12, 13]",0.0,0.0,0.0,0.0
unmatched,gmm_fitted,random3:5-8-14,joint,0.7944964409220446,0.004701748648193641,0.8386263071446566,0.00280687924786925,0.05808985665359836,0.017979637573122653,0.4596704859166423,0.03080294442076266,1046.1214081393998,97.01921490806843,3,"[11, 12, 13]",0.0,0.0,0.0,0.0
unmatched,gmm_fitted,random3:5-8-14,marginal_max,0.7714165433311595,0.0020899366648983136,0.8292309208004772,0.0078099053658456765,0.029846764288170125,0.01656365274770624,0.4850646713100258,0.016559805950219275,270.6686116042754,26.992532475119702,3,"[11, 12, 13]",0.0,0.0,0.0,0.0
unmatched,gmm_fitted,random3:5-8-14,relational_max,0.80468198956554,0.017421911035361542,0.8537560004737331,0.010761473908329171,0.039785561526128714,0.031573057446722404,0.5214039175761228,0.04478403956613423,488.28430111067524,36.18948250967215,3,"[11, 12, 13]",0.0,0.0,0.0,0.0
unmatched,gmm_fitted,random7:3-4-8-10-11-12-14,conditional_max,0.7748632593259425,0.01301338443380088,0.8393030765929975,0.008454833391501099,0.14381826995387015,0.127338061937046,0.6057221525002906,0.05585051218656526,414.80986599527915,69.34232948695039,3,"[11, 12, 13]",0.0,0.0,0.0,0.0
unmatched,gmm_fitted,random7:3-4-8-10-11-12-14,independent,0.7271111925150407,0.0029072525552445616,0.7960546595792728,0.003425835793715335,0.13659008323300262,0.12708783547596525,0.5143890273203331,0.07991833541446455,360.9733034213082,49.94620460740523,3,"[11, 12, 13]",0.0,0.0,0.0,0.0
unmatched,gmm_fitted,random7:3-4-8-10-11-12-14,joint,0.7744350256394922,0.01188982742919645,0.837785978576969,0.009076570851126375,0.09602985907530497,0.06264789088684872,0.5842442473331868,0.023352804962049487,623.7158125427117,101.28032668349972,3,"[11, 12, 13]",0.0,0.0,0.0,0.0
unmatched,gmm_fitted,random7:3-4-8-10-11-12-14,marginal_max,0.7311547237611656,0.0011620491725199478,0.8030800017090923,0.0008905169630745374,0.07491241561992651,0.0653814057424953,0.4972504315942807,0.05732571661340972,243.56257805209398,29.001723764365952,3,"[11, 12, 13]",0.0,0.0,0.0,0.0
unmatched,gmm_fitted,random7:3-4-8-10-11-12-14,relational_max,0.7601663768796146,0.016157128726084723,0.8266436051246434,0.013719976157479904,0.17115334383819436,0.057346763126663765,0.5977600023974086,0.05903397360538532,407.1658561451913,83.96845887298262,3,"[11, 12, 13]",0.0,0.0,0.0,0.0
unmatched,gmm_fitted,single_sensor_0,conditional_max,0.5614856577894294,0.005252662649934422,0.6129547862440382,0.008510953714202595,0.06035423330915677,0.009351080588078466,0.1685367263143529,0.006461487655444546,47.86402145301529,9.876076936999873,3,"[11, 12, 13]",0.0,0.0,0.0,0.0
unmatched,gmm_fitted,single_sensor_0,independent,0.5614856577894294,0.005252662649934422,0.6129547862440382,0.008510953714202595,0.06035423330915677,0.009351080588078466,0.1685367263143529,0.006461487655444546,47.86402145301529,9.876076936999873,3,"[11, 12, 13]",0.0,0.0,0.0,0.0
unmatched,gmm_fitted,single_sensor_0,joint,0.5614856577894294,0.005252662649934422,0.6129547862440382,0.008510953714202595,0.06035423330915677,0.009351080588078466,0.1685367263143529,0.006461487655444546,47.86402145301529,9.876076936999873,3,"[11, 12, 13]",0.0,0.0,0.0,0.0
unmatched,gmm_fitted,single_sensor_0,marginal_max,0.5614856577894294,0.005252662649934422,0.6129547862440382,0.008510953714202595,0.06035423330915677,0.009351080588078466,0.1685367263143529,0.006461487655444546,47.86402145301529,9.876076936999873,3,"[11, 12, 13]",0.0,0.0,0.0,0.0
unmatched,gmm_fitted,single_sensor_0,relational_max,0.5,0.0,0.5,0.0,0.0,0.0,0.0,0.0,0.0,0.0,3,"[11, 12, 13]",1.0,0.0,0.0,0.0
