variant,method_name,mask,score,loc_ap_mean,loc_ap_std,loc_ap_n_mean,loc_ap_n_std,loc_unique_top1_accuracy_mean,loc_unique_top1_accuracy_std,end_to_end_unique_top1_mean,end_to_end_unique_top1_std,loc_n_ambiguous_mean,loc_n_ambiguous_std,loc_n_abstained_no_alarm_mean,loc_n_abstained_no_alarm_std,loc_n_no_observed_target_mean,loc_n_no_observed_target_std,loc_n_all_observed_are_targets_mean,loc_n_all_observed_are_targets_std,n_seeds,seeds,numerically_flat_frac,threshold_infinite_frac,depends_on_values_frac,depends_on_fault_frac
matched,circuit,bank0:0-1-2-4-5-7-8,conditional_max,0.7432072591160551,0.0357842058012443,329.6666666666667,26.350205565295564,0.6833970599260656,0.04774560270052884,0.4576003317495048,0.05533734739271171,0.0,0.0,128.0,31.192947920964443,106.0,5.5677643628300215,0.0,0.0,3,"[11, 12, 13]",0.0,0.0,0.0,0.0
matched,circuit,bank0:0-1-2-4-5-7-8,independent,0.7319235780870065,0.037074153681117765,329.6666666666667,26.350205565295564,0.665949709730744,0.04993454665201246,0.4132002852592178,0.046447761423951274,0.0,0.0,136.33333333333334,25.166114784235834,106.0,5.5677643628300215,0.0,0.0,3,"[11, 12, 13]",0.0,0.0,0.0,0.0
matched,circuit,bank0:0-1-2-4-5-7-8,joint,0.7432072591160551,0.0357842058012443,329.6666666666667,26.350205565295564,0.6833970599260656,0.04774560270052884,0.4299450904353524,0.04429636115853019,0.0,0.0,129.33333333333334,24.78574859336174,106.0,5.5677643628300215,0.0,0.0,3,"[11, 12, 13]",0.0,0.0,0.0,0.0
matched,circuit,bank0:0-1-2-4-5-7-8,marginal_max,0.7319235780870065,0.037074153681117765,329.6666666666667,26.350205565295564,0.665949709730744,0.04993454665201246,0.4402536231443876,0.05586998400301747,0.0,0.0,134.33333333333334,33.005050118630834,106.0,5.5677643628300215,0.0,0.0,3,"[11, 12, 13]",0.0,0.0,0.0,0.0
matched,circuit,bank0:0-1-2-4-5-7-8,relational_max,0.515471657899241,0.012302045030294962,329.6666666666667,26.350205565295564,0.6434026934391276,0.06953598453022657,0.16210741929095832,0.06031329965982885,137.0,39.96248240537617,111.0,30.347981810987037,106.0,5.5677643628300215,0.0,0.0,3,"[11, 12, 13]",0.0,0.0,0.0,0.0
matched,circuit,bank1:3,conditional_max,0.7016506708543874,0.025155429685971627,426.6666666666667,25.716402029314548,0.6646357598369982,0.024719653432937593,0.5718444211453052,0.02967857225605235,0.0,0.0,174.0,19.974984355438178,9.0,4.358898943540674,0.0,0.0,3,"[11, 12, 13]",0.0,0.0,0.0,0.0
matched,circuit,bank1:3,independent,0.6672934788496404,0.02090389450685347,426.6666666666667,25.716402029314548,0.6254920152946469,0.016094541523140965,0.5080015939526991,0.06985689778001457,0.0,0.0,192.33333333333334,49.74267115197306,9.0,4.358898943540674,0.0,0.0,3,"[11, 12, 13]",0.0,0.0,0.0,0.0
matched,circuit,bank1:3,joint,0.7016506708543874,0.025155429685971627,426.6666666666667,25.716402029314548,0.6646357598369982,0.024719653432937593,0.5258722902095424,0.0761728601931174,0.0,0.0,185.0,50.11985634456667,9.0,4.358898943540674,0.0,0.0,3,"[11, 12, 13]",0.0,0.0,0.0,0.0
matched,circuit,bank1:3,marginal_max,0.6672934788496404,0.02090389450685347,426.6666666666667,25.716402029314548,0.6254920152946469,0.016094541523140965,0.5563833634426786,0.02325583299285011,0.0,0.0,180.66666666666666,18.475208614068027,9.0,4.358898943540674,0.0,0.0,3,"[11, 12, 13]",0.0,0.0,0.0,0.0
matched,circuit,bank1:3,relational_max,0.4621005844873031,0.03069828310543332,426.6666666666667,25.716402029314548,0.6192009147291403,0.05525135089520696,0.3042854082458704,0.06490249766785684,129.33333333333334,43.31666346030513,161.0,30.512292604784715,9.0,4.358898943540674,0.0,0.0,3,"[11, 12, 13]",0.0,0.0,0.0,0.0
matched,circuit,bank2:6-10,conditional_max,0.6997035571480926,0.019050164439798633,419.3333333333333,27.53785273643051,0.6563267447327271,0.02068131019280168,0.5508815133479364,0.021874024156246823,0.0,0.0,175.33333333333334,19.655363983740756,16.333333333333332,2.5166114784235836,0.0,0.0,3,"[11, 12, 13]",0.0,0.0,0.0,0.0
matched,circuit,bank2:6-10,independent,0.6645032359617996,0.01441493920208203,419.3333333333333,27.53785273643051,0.6157143767816414,0.012489115540430386,0.4914166700076499,0.05923863856916435,0.0,0.0,185.33333333333334,45.489925624618614,16.333333333333332,2.5166114784235836,0.0,0.0,3,"[11, 12, 13]",0.0,0.0,0.0,0.0
matched,circuit,bank2:6-10,joint,0.6997035571480926,0.019050164439798633,419.3333333333333,27.53785273643051,0.6563267447327271,0.02068131019280168,0.5112943859738642,0.0625280682905321,0.0,0.0,177.66666666666666,47.247574893674,16.333333333333332,2.5166114784235836,0.0,0.0,3,"[11, 12, 13]",0.0,0.0,0.0,0.0
matched,circuit,bank2:6-10,marginal_max,0.6645032359617996,0.01441493920208203,419.3333333333333,27.53785273643051,0.6157143767816414,0.012489115540430386,0.5354204556453098,0.015397933193471349,0.0,0.0,182.33333333333334,17.897858344878397,16.333333333333332,2.5166114784235836,0.0,0.0,3,"[11, 12, 13]",0.0,0.0,0.0,0.0
matched,circuit,bank2:6-10,relational_max,0.47151772855567264,0.03256359592225652,419.3333333333333,27.53785273643051,0.6939936997051417,0.10965711009715581,0.32294728981469895,0.060108100902048746,162.33333333333334,60.4510821518799,108.33333333333333,25.146238950056397,16.333333333333332,2.5166114784235836,0.0,0.0,3,"[11, 12, 13]",0.0,0.0,0.0,0.0
matched,circuit,full,conditional_max,0.6827871117157095,0.027553862144655245,435.6666666666667,29.938826518975876,0.6520630469847526,0.028662916926329614,0.5726476339967109,0.029680323054048035,0.0,0.0,182.66666666666666,24.583192089989726,0.0,0.0,0.0,0.0,3,"[11, 12, 13]",0.0,0.0,0.0,0.0
matched,circuit,full,independent,0.6512204057405037,0.024473308280791195,435.6666666666667,29.938826518975876,0.6152791867277521,0.022064208457715232,0.5177580342545942,0.05474480744867308,0.0,0.0,196.0,42.320207938997655,0.0,0.0,0.0,0.0,3,"[11, 12, 13]",0.0,0.0,0.0,0.0
matched,circuit,full,joint,0.6827871117157095,0.027553862144655245,435.6666666666667,29.938826518975876,0.6520630469847526,0.028662916926329614,0.5308494237107753,0.05768701522186672,0.0,0.0,189.33333333333334,42.85246006162696,0.0,0.0,0.0,0.0,3,"[11, 12, 13]",0.0,0.0,0.0,0.0
matched,circuit,full,marginal_max,0.6512204057405037,0.024473308280791195,435.6666666666667,29.938826518975876,0.6152791867277521,0.022064208457715232,0.5618718901014971,0.025913566423995175,0.0,0.0,187.66666666666666,23.692474191889147,0.0,0.0,0.0,0.0,3,"[11, 12, 13]",0.0,0.0,0.0,0.0
matched,circuit,full,relational_max,0.44910625428969614,0.029105166307025355,435.6666666666667,29.938826518975876,0.622069185187626,0.06397706961651617,0.3035761883877144,0.0655737674023282,132.0,44.19275958796871,167.33333333333334,35.557465226494045,0.0,0.0,0.0,0.0,3,"[11, 12, 13]",0.0,0.0,0.0,0.0
matched,circuit,random1:1,conditional_max,0.6872309214695532,0.024833007342490946,427.6666666666667,24.583192089989723,0.6507865562060882,0.02506931989951136,0.5753940031579378,0.04719884943531418,0.0,0.0,166.33333333333334,37.634204300520736,8.0,5.5677643628300215,0.0,0.0,3,"[11, 12, 13]",0.0,0.0,0.0,0.0
matched,circuit,random1:1,independent,0.6590618462998091,0.023510555034234243,427.6666666666667,24.583192089989723,0.6182325452380123,0.02481138442770018,0.5050699925850423,0.06302994326198696,0.0,0.0,194.33333333333334,41.10150037812894,8.0,5.5677643628300215,0.0,0.0,3,"[11, 12, 13]",0.0,0.0,0.0,0.0
matched,circuit,random1:1,joint,0.6872309214695532,0.024833007342490946,427.6666666666667,24.583192089989723,0.6507865562060882,0.02506931989951136,0.5150691705006979,0.06468374758629855,0.0,0.0,189.66666666666666,41.78915329763614,8.0,5.5677643628300215,0.0,0.0,3,"[11, 12, 13]",0.0,0.0,0.0,0.0
matched,circuit,random1:1,marginal_max,0.6590618462998091,0.023510555034234243,427.6666666666667,24.583192089989723,0.6182325452380123,0.02481138442770018,0.5607361583067169,0.04033644657547628,0.0,0.0,171.0,38.157568056677825,8.0,5.5677643628300215,0.0,0.0,3,"[11, 12, 13]",0.0,0.0,0.0,0.0
matched,circuit,random1:1,relational_max,0.4509975696903871,0.027023960874759778,427.6666666666667,24.583192089989723,0.6283349404796655,0.0575979161416156,0.28206539984684126,0.06361565808703773,139.66666666666666,34.81857741685225,161.66666666666666,31.533051443419385,8.0,5.5677643628300215,0.0,0.0,3,"[11, 12, 13]",0.0,0.0,0.0,0.0
matched,circuit,random3:5-8-14,conditional_max,0.6982006631911423,0.024776257265893734,397.3333333333333,32.516662395352526,0.6520724062091269,0.023658593660300795,0.5342412708209059,0.013493861819031299,0.0,0.0,155.0,12.767145334803704,38.333333333333336,4.041451884327381,0.0,0.0,3,"[11, 12, 13]",0.0,0.0,0.0,0.0
matched,circuit,random3:5-8-14,independent,0.6740359624698535,0.02314949263208135,397.3333333333333,32.516662395352526,0.6243005977253011,0.020956803964578462,0.4845021712340944,0.039875178347078565,0.0,0.0,165.33333333333334,24.00694344004112,38.333333333333336,4.041451884327381,0.0,0.0,3,"[11, 12, 13]",0.0,0.0,0.0,0.0
matched,circuit,random3:5-8-14,joint,0.6982006631911423,0.024776257265893734,397.3333333333333,32.516662395352526,0.6520724062091269,0.023658593660300795,0.4968976642680432,0.040626366434201824,0.0,0.0,160.33333333333334,26.652079343520896,38.333333333333336,4.041451884327381,0.0,0.0,3,"[11, 12, 13]",0.0,0.0,0.0,0.0
matched,circuit,random3:5-8-14,marginal_max,0.6740359624698535,0.02314949263208135,397.3333333333333,32.516662395352526,0.6243005977253011,0.020956803964578462,0.5244300788917493,0.012007639066437661,0.0,0.0,159.0,13.114877048604,38.333333333333336,4.041451884327381,0.0,0.0,3,"[11, 12, 13]",0.0,0.0,0.0,0.0
matched,circuit,random3:5-8-14,relational_max,0.46473118015496184,0.018125748492776952,397.3333333333333,32.516662395352526,0.6335314825354667,0.07657308273310978,0.2119371911362299,0.05903357529029034,153.0,44.64302857109943,144.66666666666666,27.610384519838423,38.333333333333336,4.041451884327381,0.0,0.0,3,"[11, 12, 13]",0.0,0.0,0.0,0.0
matched,circuit,random7:3-4-8-10-11-12-14,conditional_max,0.7732036122355459,0.02642041202693153,325.6666666666667,34.7754702819866,0.7056908784066476,0.030790384049551558,0.47178254208727616,0.006834203280556598,0.0,0.0,114.33333333333333,11.06044001535804,110.0,5.5677643628300215,0.0,0.0,3,"[11, 12, 13]",0.0,0.0,0.0,0.0
matched,circuit,random7:3-4-8-10-11-12-14,independent,0.7544872916930917,0.021760145669014075,325.6666666666667,34.7754702819866,0.6807429104254957,0.019747849645200127,0.41843202192656886,0.018024343274476745,0.0,0.0,137.0,28.61817604250837,110.0,5.5677643628300215,0.0,0.0,3,"[11, 12, 13]",0.0,0.0,0.0,0.0
matched,circuit,random7:3-4-8-10-11-12-14,joint,0.7732036122355459,0.02642041202693153,325.6666666666667,34.7754702819866,0.7056908784066476,0.030790384049551558,0.4312147855311535,0.022658361744221527,0.0,0.0,132.0,26.457513110645905,110.0,5.5677643628300215,0.0,0.0,3,"[11, 12, 13]",0.0,0.0,0.0,0.0
matched,circuit,random7:3-4-8-10-11-12-14,marginal_max,0.7544872916930917,0.021760145669014075,325.6666666666667,34.7754702819866,0.6807429104254957,0.019747849645200127,0.45484902198285937,0.012861567844119619,0.0,0.0,121.33333333333333,13.613718571108091,110.0,5.5677643628300215,0.0,0.0,3,"[11, 12, 13]",0.0,0.0,0.0,0.0
matched,circuit,random7:3-4-8-10-11-12-14,relational_max,0.5312509348650117,0.03810850209900633,325.6666666666667,34.7754702819866,0.5326178968351493,0.11616044057078649,0.19151507714836355,0.07685021481843435,67.66666666666667,117.20210464549402,165.33333333333334,70.67059737495738,110.0,5.5677643628300215,0.0,0.0,3,"[11, 12, 13]",0.0,0.0,0.0,0.0
matched,circuit,single_sensor_0,conditional_max,,,0.0,0.0,,,0.0,0.0,62.0,9.539392014169456,0.0,0.0,373.6666666666667,24.94660965609021,62.0,9.539392014169456,3,"[11, 12, 13]",0.0,0.0,0.0,0.0
matched,circuit,single_sensor_0,independent,,,0.0,0.0,,,0.0,0.0,62.0,9.539392014169456,0.0,0.0,373.6666666666667,24.94660965609021,62.0,9.539392014169456,3,"[11, 12, 13]",0.0,0.0,0.0,0.0
matched,circuit,single_sensor_0,joint,,,0.0,0.0,,,0.0,0.0,62.0,9.539392014169456,0.0,0.0,373.6666666666667,24.94660965609021,62.0,9.539392014169456,3,"[11, 12, 13]",0.0,0.0,0.0,0.0
matched,circuit,single_sensor_0,marginal_max,,,0.0,0.0,,,0.0,0.0,62.0,9.539392014169456,0.0,0.0,373.6666666666667,24.94660965609021,62.0,9.539392014169456,3,"[11, 12, 13]",0.0,0.0,0.0,0.0
matched,circuit,single_sensor_0,relational_max,,,0.0,0.0,,,0.0,0.0,62.0,9.539392014169456,0.0,0.0,373.6666666666667,24.94660965609021,62.0,9.539392014169456,3,"[11, 12, 13]",1.0,0.0,0.0,0.0
matched,gaussian_fitted,bank0:0-1-2-4-5-7-8,conditional_max,0.7912008573049852,0.0012323282726252663,329.6666666666667,26.350205565295564,0.7621147372267633,0.007698304752306407,0.4096899446125735,0.009715741744999347,0.0,0.0,147.33333333333334,14.571661996262929,106.0,5.5677643628300215,0.0,0.0,3,"[11, 12, 13]",0.0,0.0,0.0,0.0
matched,gaussian_fitted,bank0:0-1-2-4-5-7-8,independent,0.7687554581079988,0.0051254148429139635,329.6666666666667,26.350205565295564,0.6870826380030691,0.01120988324406224,0.33309027174544703,0.039753500311854,0.0,0.0,178.0,34.64101615137755,106.0,5.5677643628300215,0.0,0.0,3,"[11, 12, 13]",0.0,0.0,0.0,0.0
matched,gaussian_fitted,bank0:0-1-2-4-5-7-8,joint,0.7912008573049852,0.0012323282726252663,329.6666666666667,26.350205565295564,0.7621147372267633,0.007698304752306407,0.4363441463747498,0.04313416817439053,0.0,0.0,132.33333333333334,31.00537587795596,106.0,5.5677643628300215,0.0,0.0,3,"[11, 12, 13]",0.0,0.0,0.0,0.0
matched,gaussian_fitted,bank0:0-1-2-4-5-7-8,marginal_max,0.7687554581079988,0.0051254148429139635,329.6666666666667,26.350205565295564,0.6870826380030691,0.01120988324406224,0.26069622849571117,0.02047390066976206,0.0,0.0,212.33333333333334,22.007574453658755,106.0,5.5677643628300215,0.0,0.0,3,"[11, 12, 13]",0.0,0.0,0.0,0.0
matched,gaussian_fitted,bank0:0-1-2-4-5-7-8,relational_max,0.7406010963070665,0.01568703331908925,329.6666666666667,26.350205565295564,0.7126583400048339,0.016571031804538377,0.47715042888099735,0.01047265414777968,0.0,0.0,101.33333333333333,5.033222956847166,106.0,5.5677643628300215,0.0,0.0,3,"[11, 12, 13]",0.0,0.0,0.0,0.0
matched,gaussian_fitted,bank1:3,conditional_max,0.7523922457300133,0.008527009265054428,426.6666666666667,25.716402029314548,0.732327141382869,0.015435199547093386,0.6774258068879329,0.01465205734916345,0.0,0.0,123.0,3.605551275463989,9.0,4.358898943540674,0.0,0.0,3,"[11, 12, 13]",0.0,0.0,0.0,0.0
matched,gaussian_fitted,bank1:3,independent,0.6836167115791946,0.010525106489921547,426.6666666666667,25.716402029314548,0.6243781588208833,0.008905260522664174,0.5311884626334318,0.05329181968338481,0.0,0.0,179.0,27.055498516937366,9.0,4.358898943540674,0.0,0.0,3,"[11, 12, 13]",0.0,0.0,0.0,0.0
matched,gaussian_fitted,bank1:3,joint,0.7523922457300133,0.008527009265054428,426.6666666666667,25.716402029314548,0.732327141382869,0.015435199547093386,0.6329430660020338,0.022297218573242076,0.0,0.0,137.66666666666666,15.275252316519468,9.0,4.358898943540674,0.0,0.0,3,"[11, 12, 13]",0.0,0.0,0.0,0.0
matched,gaussian_fitted,bank1:3,marginal_max,0.6836167115791946,0.010525106489921547,426.6666666666667,25.716402029314548,0.6243781588208833,0.008905260522664174,0.5489790562876696,0.010478187908965089,0.0,0.0,181.33333333333334,11.060440015358038,9.0,4.358898943540674,0.0,0.0,3,"[11, 12, 13]",0.0,0.0,0.0,0.0
matched,gaussian_fitted,bank1:3,relational_max,0.7111127615814641,0.006521744572025218,426.6666666666667,25.716402029314548,0.6966117924902755,0.006594102053681254,0.6371197404319305,0.004752695781700673,0.0,0.0,119.66666666666667,6.8068592855540455,9.0,4.358898943540674,0.0,0.0,3,"[11, 12, 13]",0.0,0.0,0.0,0.0
matched,gaussian_fitted,bank2:6-10,conditional_max,0.7648055608506871,0.0005563664064702228,419.3333333333333,27.53785273643051,0.7210901481564185,0.002447201957628591,0.5232983967735416,0.050222611821120686,0.0,0.0,187.0,30.643106892089126,16.333333333333332,2.5166114784235836,0.0,0.0,3,"[11, 12, 13]",0.0,0.0,0.0,0.0
matched,gaussian_fitted,bank2:6-10,independent,0.6870826151930397,0.00742647471659032,419.3333333333333,27.53785273643051,0.6221288961903783,0.01471721327418424,0.4252777166951562,0.07665120505832554,0.0,0.0,219.33333333333334,45.09249752822895,16.333333333333332,2.5166114784235836,0.0,0.0,3,"[11, 12, 13]",0.0,0.0,0.0,0.0
matched,gaussian_fitted,bank2:6-10,joint,0.7648055608506871,0.0005563664064702228,419.3333333333333,27.53785273643051,0.7210901481564185,0.002447201957628591,0.5656072712752797,0.04360799122706264,0.0,0.0,163.66666666666666,24.70492528491704,16.333333333333332,2.5166114784235836,0.0,0.0,3,"[11, 12, 13]",0.0,0.0,0.0,0.0
matched,gaussian_fitted,bank2:6-10,marginal_max,0.6870826151930397,0.00742647471659032,419.3333333333333,27.53785273643051,0.6221288961903783,0.01471721327418424,0.19719981063712347,0.06559434412735364,0.0,0.0,328.0,39.50949253027682,16.333333333333332,2.5166114784235836,0.0,0.0,3,"[11, 12, 13]",0.0,0.0,0.0,0.0
matched,gaussian_fitted,bank2:6-10,relational_max,0.7122128697866809,0.0013633373328570024,419.3333333333333,27.53785273643051,0.6885241213046595,0.0029800516341358485,0.5913686003467333,0.005306498948616718,0.0,0.0,143.0,11.532562594670797,16.333333333333332,2.5166114784235836,0.0,0.0,3,"[11, 12, 13]",0.0,0.0,0.0,0.0
matched,gaussian_fitted,full,conditional_max,0.7405893222265038,0.006732255373599305,435.6666666666667,29.938826518975876,0.7205140011492981,0.012448093482986986,0.5663986185743276,0.039508895214354064,0.0,0.0,184.66666666666666,29.143323992525858,0.0,0.0,0.0,0.0,3,"[11, 12, 13]",0.0,0.0,0.0,0.0
matched,gaussian_fitted,full,independent,0.6765223118034548,0.015597330566199403,435.6666666666667,29.938826518975876,0.6197891090428063,0.01831529543647788,0.4737837707591483,0.03798124849139086,0.0,0.0,218.33333333333334,30.98924544633724,0.0,0.0,0.0,0.0,3,"[11, 12, 13]",0.0,0.0,0.0,0.0
matched,gaussian_fitted,full,joint,0.7405893222265038,0.006732255373599305,435.6666666666667,29.938826518975876,0.7205140011492981,0.012448093482986986,0.6095514051770256,0.028605813704985453,0.0,0.0,160.0,25.238858928247925,0.0,0.0,0.0,0.0,3,"[11, 12, 13]",0.0,0.0,0.0,0.0
matched,gaussian_fitted,full,marginal_max,0.6765223118034548,0.015597330566199403,435.6666666666667,29.938826518975876,0.6197891090428063,0.01831529543647788,0.34749059766341756,0.050318742087482105,0.0,0.0,279.3333333333333,33.02019584032374,0.0,0.0,0.0,0.0,3,"[11, 12, 13]",0.0,0.0,0.0,0.0
matched,gaussian_fitted,full,relational_max,0.6879283496013375,0.006858454767397828,435.6666666666667,29.938826518975876,0.6855624980510931,0.0010347915671047245,0.6255541071212347,0.009002230752548402,0.0,0.0,141.0,7.211102550927978,0.0,0.0,0.0,0.0,3,"[11, 12, 13]",0.0,0.0,0.0,0.0
matched,gaussian_fitted,random1:1,conditional_max,0.7459554927519528,0.0057912228304196145,427.6666666666667,24.583192089989723,0.7244077314196318,0.009081736971386449,0.5655147361655962,0.03693450759249719,0.0,0.0,177.33333333333334,22.89832599412746,8.0,5.5677643628300215,0.0,0.0,3,"[11, 12, 13]",0.0,0.0,0.0,0.0
matched,gaussian_fitted,random1:1,independent,0.6838303915013739,0.014682191211536234,427.6666666666667,24.583192089989723,0.620891041597834,0.015834834687597422,0.4754329205498003,0.05908277450283079,0.0,0.0,208.0,37.986839826445156,8.0,5.5677643628300215,0.0,0.0,3,"[11, 12, 13]",0.0,0.0,0.0,0.0
matched,gaussian_fitted,random1:1,joint,0.7459554927519528,0.0057912228304196145,427.6666666666667,24.583192089989723,0.7244077314196318,0.009081736971386449,0.6143573588495355,0.03283141576885508,0.0,0.0,148.66666666666666,23.75570107012911,8.0,5.5677643628300215,0.0,0.0,3,"[11, 12, 13]",0.0,0.0,0.0,0.0
matched,gaussian_fitted,random1:1,marginal_max,0.6838303915013739,0.014682191211536234,427.6666666666667,24.583192089989723,0.620891041597834,0.015834834687597422,0.34749059766341756,0.050318742087482105,0.0,0.0,271.3333333333333,27.501515109777742,8.0,5.5677643628300215,0.0,0.0,3,"[11, 12, 13]",0.0,0.0,0.0,0.0
matched,gaussian_fitted,random1:1,relational_max,0.6955066323407578,0.005893061318977891,427.6666666666667,24.583192089989723,0.6841759817330982,0.006125041597671894,0.6174973565736173,0.0063743368210178635,0.0,0.0,131.0,11.532562594670797,8.0,5.5677643628300215,0.0,0.0,3,"[11, 12, 13]",0.0,0.0,0.0,0.0
matched,gaussian_fitted,random3:5-8-14,conditional_max,0.749195316700704,0.012711545015505291,397.3333333333333,32.516662395352526,0.724933608186157,0.024075677465233827,0.5098290105060759,0.02382341625236032,0.0,0.0,170.0,26.0,38.333333333333336,4.041451884327381,0.0,0.0,3,"[11, 12, 13]",0.0,0.0,0.0,0.0
matched,gaussian_fitted,random3:5-8-14,independent,0.7078166309497691,0.017821812513352478,397.3333333333333,32.516662395352526,0.6405271284512467,0.026405829026684348,0.4218902027389582,0.06847210304825062,0.0,0.0,203.66666666666666,50.599736494702555,38.333333333333336,4.041451884327381,0.0,0.0,3,"[11, 12, 13]",0.0,0.0,0.0,0.0
matched,gaussian_fitted,random3:5-8-14,joint,0.749195316700704,0.012711545015505291,397.3333333333333,32.516662395352526,0.724933608186157,0.024075677465233827,0.5263451304461569,0.015585489712784204,0.0,0.0,160.0,25.11971337416094,38.333333333333336,4.041451884327381,0.0,0.0,3,"[11, 12, 13]",0.0,0.0,0.0,0.0
matched,gaussian_fitted,random3:5-8-14,marginal_max,0.7078166309497691,0.017821812513352478,397.3333333333333,32.516662395352526,0.6405271284512467,0.026405829026684348,0.29053444796631317,0.04283811016218075,0.0,0.0,266.3333333333333,36.0185137579736,38.333333333333336,4.041451884327381,0.0,0.0,3,"[11, 12, 13]",0.0,0.0,0.0,0.0
matched,gaussian_fitted,random3:5-8-14,relational_max,0.6876623891100523,0.011275030755918078,397.3333333333333,32.516662395352526,0.6579302733406026,0.019293992723326762,0.5407182425375597,0.011547790633436444,0.0,0.0,125.33333333333333,2.5166114784235836,38.333333333333336,4.041451884327381,0.0,0.0,3,"[11, 12, 13]",0.0,0.0,0.0,0.0
matched,gaussian_fitted,random7:3-4-8-10-11-12-14,conditional_max,0.8037204660410272,0.018795160313796376,325.6666666666667,34.7754702819866,0.7546722354844487,0.020402539458283447,0.5296871665344448,0.012288314467451968,0.0,0.0,81.0,4.358898943540674,110.0,5.5677643628300215,0.0,0.0,3,"[11, 12, 13]",0.0,0.0,0.0,0.0
matched,gaussian_fitted,random7:3-4-8-10-11-12-14,independent,0.7561886559349867,0.019677037830395084,325.6666666666667,34.7754702819866,0.6800811180844937,0.022219488809096112,0.4449312425663125,0.01005508076988703,0.0,0.0,112.66666666666667,5.033222956847166,110.0,5.5677643628300215,0.0,0.0,3,"[11, 12, 13]",0.0,0.0,0.0,0.0
matched,gaussian_fitted,random7:3-4-8-10-11-12-14,joint,0.8037204660410272,0.018795160313796376,325.6666666666667,34.7754702819866,0.7546722354844487,0.020402539458283447,0.5163537684062862,0.01901500526162623,0.0,0.0,84.33333333333333,9.018499505645789,110.0,5.5677643628300215,0.0,0.0,3,"[11, 12, 13]",0.0,0.0,0.0,0.0
matched,gaussian_fitted,random7:3-4-8-10-11-12-14,marginal_max,0.7561886559349867,0.019677037830395084,325.6666666666667,34.7754702819866,0.6800811180844937,0.022219488809096112,0.4502577011686961,0.014722109159649619,0.0,0.0,121.66666666666667,14.433756729740644,110.0,5.5677643628300215,0.0,0.0,3,"[11, 12, 13]",0.0,0.0,0.0,0.0
matched,gaussian_fitted,random7:3-4-8-10-11-12-14,relational_max,0.745461508706342,0.010168341649471398,325.6666666666667,34.7754702819866,0.7044200759062221,0.017574278187002756,0.4815565174887308,0.013970186312828564,0.0,0.0,85.33333333333333,27.790885796126275,110.0,5.5677643628300215,0.0,0.0,3,"[11, 12, 13]",0.0,0.0,0.0,0.0
matched,gaussian_fitted,single_sensor_0,conditional_max,,,0.0,0.0,,,0.0,0.0,62.0,9.539392014169456,0.0,0.0,373.6666666666667,24.94660965609021,62.0,9.539392014169456,3,"[11, 12, 13]",0.0,0.0,0.0,0.0
matched,gaussian_fitted,single_sensor_0,independent,,,0.0,0.0,,,0.0,0.0,62.0,9.539392014169456,0.0,0.0,373.6666666666667,24.94660965609021,62.0,9.539392014169456,3,"[11, 12, 13]",0.0,0.0,0.0,0.0
matched,gaussian_fitted,single_sensor_0,joint,,,0.0,0.0,,,0.0,0.0,62.0,9.539392014169456,0.0,0.0,373.6666666666667,24.94660965609021,62.0,9.539392014169456,3,"[11, 12, 13]",0.0,0.0,0.0,0.0
matched,gaussian_fitted,single_sensor_0,marginal_max,,,0.0,0.0,,,0.0,0.0,62.0,9.539392014169456,0.0,0.0,373.6666666666667,24.94660965609021,62.0,9.539392014169456,3,"[11, 12, 13]",0.0,0.0,0.0,0.0
matched,gaussian_fitted,single_sensor_0,relational_max,,,0.0,0.0,,,0.0,0.0,62.0,9.539392014169456,0.0,0.0,373.6666666666667,24.94660965609021,62.0,9.539392014169456,3,"[11, 12, 13]",1.0,0.0,0.0,0.0
matched,gmm_fitted,bank0:0-1-2-4-5-7-8,conditional_max,0.7932505145972399,0.0014775514578109468,329.6666666666667,26.350205565295564,0.7669580631310072,0.009084297850848317,0.4932666837563018,0.009877295371522403,0.0,0.0,110.66666666666667,7.234178138070236,106.0,5.5677643628300215,0.0,0.0,3,"[11, 12, 13]",0.0,0.0,0.0,0.0
matched,gmm_fitted,bank0:0-1-2-4-5-7-8,independent,0.7655098330058104,0.009338319223922847,329.6666666666667,26.350205565295564,0.6866339828674817,0.01795396574668563,0.2846650492258436,0.06237354910144862,0.0,0.0,200.33333333333334,46.45786621588784,106.0,5.5677643628300215,0.0,0.0,3,"[11, 12, 13]",0.0,0.0,0.0,0.0
matched,gmm_fitted,bank0:0-1-2-4-5-7-8,joint,0.7932505145972399,0.0014775514578109468,329.6666666666667,26.350205565295564,0.7669580631310072,0.009084297850848317,0.38668352951991486,0.029823785952755255,0.0,0.0,155.0,29.30870177950569,106.0,5.5677643628300215,0.0,0.0,3,"[11, 12, 13]",0.0,0.0,0.0,0.0
matched,gmm_fitted,bank0:0-1-2-4-5-7-8,marginal_max,0.7655098330058104,0.009338319223922847,329.6666666666667,26.350205565295564,0.6866339828674817,0.01795396574668563,0.3982617573247513,0.026395987212779387,0.0,0.0,152.66666666666666,22.941955743426348,106.0,5.5677643628300215,0.0,0.0,3,"[11, 12, 13]",0.0,0.0,0.0,0.0
matched,gmm_fitted,bank0:0-1-2-4-5-7-8,relational_max,0.7527549366784366,0.024148134275139455,329.6666666666667,26.350205565295564,0.7424968556129995,0.025591872788546483,0.46008164957905634,0.04577756793020573,0.0,0.0,119.33333333333333,14.29452109492771,106.0,5.5677643628300215,0.0,0.0,3,"[11, 12, 13]",0.0,0.0,0.0,0.0
matched,gmm_fitted,bank1:3,conditional_max,0.7498775706551865,0.008864072529471533,426.6666666666667,25.716402029314548,0.7300795824402636,0.014165101578805652,0.6744949344620591,0.01740337534867874,0.0,0.0,121.0,5.0,9.0,4.358898943540674,0.0,0.0,3,"[11, 12, 13]",0.0,0.0,0.0,0.0
matched,gmm_fitted,bank1:3,independent,0.684578199169629,0.0110544746408318,426.6666666666667,25.716402029314548,0.6251794408721653,0.010287785942845419,0.530973100833302,0.04615397815436414,0.0,0.0,179.66666666666666,22.810816147900834,9.0,4.358898943540674,0.0,0.0,3,"[11, 12, 13]",0.0,0.0,0.0,0.0
matched,gmm_fitted,bank1:3,joint,0.7498775706551865,0.008864072529471533,426.6666666666667,25.716402029314548,0.7300795824402636,0.014165101578805652,0.6314846559779502,0.02810200031231764,0.0,0.0,134.66666666666666,18.448125469362285,9.0,4.358898943540674,0.0,0.0,3,"[11, 12, 13]",0.0,0.0,0.0,0.0
matched,gmm_fitted,bank1:3,marginal_max,0.684578199169629,0.0110544746408318,426.6666666666667,25.716402029314548,0.6251794408721653,0.010287785942845419,0.5559666922201258,0.013096065942426887,0.0,0.0,178.33333333333334,11.67618659209133,9.0,4.358898943540674,0.0,0.0,3,"[11, 12, 13]",0.0,0.0,0.0,0.0
matched,gmm_fitted,bank1:3,relational_max,0.7103997498834832,0.008025297658023739,426.6666666666667,25.716402029314548,0.7103361250033077,0.006762423325244036,0.6460364802965012,0.00786834145351695,0.0,0.0,124.0,7.0,9.0,4.358898943540674,0.0,0.0,3,"[11, 12, 13]",0.0,0.0,0.0,0.0
matched,gmm_fitted,bank2:6-10,conditional_max,0.7642916664653105,0.000774571404146971,419.3333333333333,27.53785273643051,0.7226707387847849,0.004822509129558379,0.56583466061483,0.030471513128936988,0.0,0.0,167.66666666666666,27.300793639257694,16.333333333333332,2.5166114784235836,0.0,0.0,3,"[11, 12, 13]",0.0,0.0,0.0,0.0
matched,gmm_fitted,bank2:6-10,independent,0.6857737987996871,0.007936606253452062,419.3333333333333,27.53785273643051,0.6240287718729965,0.003662995888459839,0.2651563397889228,0.026842763697597603,0.0,0.0,292.6666666666667,26.388128644019705,16.333333333333332,2.5166114784235836,0.0,0.0,3,"[11, 12, 13]",0.0,0.0,0.0,0.0
matched,gmm_fitted,bank2:6-10,joint,0.7642916664653105,0.000774571404146971,419.3333333333333,27.53785273643051,0.7226707387847849,0.004822509129558379,0.4419631536127367,0.017935290551545417,0.0,0.0,216.66666666666666,22.12088003071608,16.333333333333332,2.5166114784235836,0.0,0.0,3,"[11, 12, 13]",0.0,0.0,0.0,0.0
matched,gmm_fitted,bank2:6-10,marginal_max,0.6857737987996871,0.007936606253452062,419.3333333333333,27.53785273643051,0.6240287718729965,0.003662995888459839,0.4703022638097008,0.028211653660786144,0.0,0.0,208.33333333333334,23.18045153428495,16.333333333333332,2.5166114784235836,0.0,0.0,3,"[11, 12, 13]",0.0,0.0,0.0,0.0
matched,gmm_fitted,bank2:6-10,relational_max,0.7167297716012246,0.012364255558949662,419.3333333333333,27.53785273643051,0.6883090734165318,0.012072535444622286,0.4713434356565113,0.03339987801574485,0.0,0.0,204.0,23.643180835073778,16.333333333333332,2.5166114784235836,0.0,0.0,3,"[11, 12, 13]",0.0,0.0,0.0,0.0
matched,gmm_fitted,full,conditional_max,0.7339317679008515,0.007364804181127253,435.6666666666667,29.938826518975876,0.7174084661728491,0.011917455725809113,0.5608954725830823,0.04782640476933526,0.0,0.0,185.66666666666666,33.12602199681292,0.0,0.0,0.0,0.0,3,"[11, 12, 13]",0.0,0.0,0.0,0.0
matched,gmm_fitted,full,independent,0.6754814805514414,0.01045118600859214,435.6666666666667,29.938826518975876,0.6209795924648478,0.011239486957860192,0.3838753217974247,0.04554208812543393,0.0,0.0,258.0,37.26929030716845,0.0,0.0,0.0,0.0,3,"[11, 12, 13]",0.0,0.0,0.0,0.0
matched,gmm_fitted,full,joint,0.7339317679008515,0.007364804181127253,435.6666666666667,29.938826518975876,0.7174084661728491,0.011917455725809113,0.5031487045287127,0.032269675859468515,0.0,0.0,202.66666666666666,28.148416178061126,0.0,0.0,0.0,0.0,3,"[11, 12, 13]",0.0,0.0,0.0,0.0
matched,gmm_fitted,full,marginal_max,0.6754814805514414,0.01045118600859214,435.6666666666667,29.938826518975876,0.6209795924648478,0.011239486957860192,0.5263345607903025,0.03209267722102205,0.0,0.0,201.33333333333334,26.57693235370353,0.0,0.0,0.0,0.0,3,"[11, 12, 13]",0.0,0.0,0.0,0.0
matched,gmm_fitted,full,relational_max,0.695484693159505,0.01495997667666624,435.6666666666667,29.938826518975876,0.692643398035016,0.016801245482328052,0.4932148478961727,0.049641489081638956,0.0,0.0,206.0,31.0,0.0,0.0,0.0,0.0,3,"[11, 12, 13]",0.0,0.0,0.0,0.0
matched,gmm_fitted,random1:1,conditional_max,0.7418506228435158,0.0035477795090720823,427.6666666666667,24.583192089989723,0.7179469367847817,0.002818242520309031,0.5782821514959708,0.041068809763865746,0.0,0.0,169.66666666666666,27.465129406819358,8.0,5.5677643628300215,0.0,0.0,3,"[11, 12, 13]",0.0,0.0,0.0,0.0
matched,gmm_fitted,random1:1,independent,0.6827792297384064,0.006940614644201366,427.6666666666667,24.583192089989723,0.6221851979541398,0.006221347188066873,0.3820703404522598,0.05637996302631988,0.0,0.0,249.66666666666666,40.5010287935175,8.0,5.5677643628300215,0.0,0.0,3,"[11, 12, 13]",0.0,0.0,0.0,0.0
matched,gmm_fitted,random1:1,joint,0.7418506228435158,0.0035477795090720823,427.6666666666667,24.583192089989723,0.7179469367847817,0.002818242520309031,0.4964164007041578,0.03388735111343012,0.0,0.0,198.66666666666666,29.022979401386987,8.0,5.5677643628300215,0.0,0.0,3,"[11, 12, 13]",0.0,0.0,0.0,0.0
matched,gmm_fitted,random1:1,marginal_max,0.6827792297384064,0.006940614644201366,427.6666666666667,24.583192089989723,0.6221851979541398,0.006221347188066873,0.5203921463812292,0.036098486298723274,0.0,0.0,196.0,23.430749027719962,8.0,5.5677643628300215,0.0,0.0,3,"[11, 12, 13]",0.0,0.0,0.0,0.0
matched,gmm_fitted,random1:1,relational_max,0.7004096930171083,0.011174529227023866,427.6666666666667,24.583192089989723,0.694237074340626,0.010746956892937694,0.5154222618010612,0.0685962270374801,0.0,0.0,187.33333333333334,36.82843104631711,8.0,5.5677643628300215,0.0,0.0,3,"[11, 12, 13]",0.0,0.0,0.0,0.0
matched,gmm_fitted,random3:5-8-14,conditional_max,0.7483321565978603,0.007378407090187867,397.3333333333333,32.516662395352526,0.7292208877533964,0.012197410516075514,0.5477732245914181,0.015747638906432722,0.0,0.0,152.0,19.0,38.333333333333336,4.041451884327381,0.0,0.0,3,"[11, 12, 13]",0.0,0.0,0.0,0.0
matched,gmm_fitted,random3:5-8-14,independent,0.7057507676687168,0.008243008608933924,397.3333333333333,32.516662395352526,0.6409091632641691,0.014846521305311274,0.3179385688361999,0.043285963827328154,0.0,0.0,252.33333333333334,41.428653530296316,38.333333333333336,4.041451884327381,0.0,0.0,3,"[11, 12, 13]",0.0,0.0,0.0,0.0
matched,gmm_fitted,random3:5-8-14,joint,0.7483321565978603,0.007378407090187867,397.3333333333333,32.516662395352526,0.7292208877533964,0.012197410516075514,0.44229640149789434,0.01812353548159351,0.0,0.0,196.0,22.11334438749598,38.333333333333336,4.041451884327381,0.0,0.0,3,"[11, 12, 13]",0.0,0.0,0.0,0.0
matched,gmm_fitted,random3:5-8-14,marginal_max,0.7057507676687168,0.008243008608933924,397.3333333333333,32.516662395352526,0.6409091632641691,0.014846521305311274,0.4742110116375556,0.030253133119987417,0.0,0.0,185.66666666666666,31.182259913824932,38.333333333333336,4.041451884327381,0.0,0.0,3,"[11, 12, 13]",0.0,0.0,0.0,0.0
matched,gmm_fitted,random3:5-8-14,relational_max,0.6955198710111917,0.018407996563862595,397.3333333333333,32.516662395352526,0.6817722966394202,0.03586897053180271,0.47927954633903164,0.04053686075248129,0.0,0.0,167.66666666666666,23.115651263447745,38.333333333333336,4.041451884327381,0.0,0.0,3,"[11, 12, 13]",0.0,0.0,0.0,0.0
matched,gmm_fitted,random7:3-4-8-10-11-12-14,conditional_max,0.802806087246387,0.02039177022053659,325.6666666666667,34.7754702819866,0.750867546730747,0.023978391203393824,0.5288706302471153,0.014745625211918283,0.0,0.0,78.66666666666667,1.5275252316519468,110.0,5.5677643628300215,0.0,0.0,3,"[11, 12, 13]",0.0,0.0,0.0,0.0
matched,gmm_fitted,random7:3-4-8-10-11-12-14,independent,0.757272729990559,0.021544198136441157,325.6666666666667,34.7754702819866,0.6822110435371028,0.024741393411243942,0.43921403067144044,0.015834226075054133,0.0,0.0,116.66666666666667,8.962886439832502,110.0,5.5677643628300215,0.0,0.0,3,"[11, 12, 13]",0.0,0.0,0.0,0.0
matched,gmm_fitted,random7:3-4-8-10-11-12-14,joint,0.802806087246387,0.02039177022053659,325.6666666666667,34.7754702819866,0.750867546730747,0.023978391203393824,0.5148413356967246,0.018479910329237167,0.0,0.0,84.66666666666667,7.234178138070235,110.0,5.5677643628300215,0.0,0.0,3,"[11, 12, 13]",0.0,0.0,0.0,0.0
matched,gmm_fitted,random7:3-4-8-10-11-12-14,marginal_max,0.757272729990559,0.021544198136441157,325.6666666666667,34.7754702819866,0.6822110435371028,0.024741393411243942,0.4535112518238731,0.009034332628230436,0.0,0.0,120.0,18.734993995195193,110.0,5.5677643628300215,0.0,0.0,3,"[11, 12, 13]",0.0,0.0,0.0,0.0
matched,gmm_fitted,random7:3-4-8-10-11-12-14,relational_max,0.7440583707159877,0.014339940149582068,325.6666666666667,34.7754702819866,0.7115215090805308,0.019356190433322096,0.4958916841106485,0.014274067390649044,0.0,0.0,81.33333333333333,22.368132093076824,110.0,5.5677643628300215,0.0,0.0,3,"[11, 12, 13]",0.0,0.0,0.0,0.0
matched,gmm_fitted,single_sensor_0,conditional_max,,,0.0,0.0,,,0.0,0.0,62.0,9.539392014169456,0.0,0.0,373.6666666666667,24.94660965609021,62.0,9.539392014169456,3,"[11, 12, 13]",0.0,0.0,0.0,0.0
matched,gmm_fitted,single_sensor_0,independent,,,0.0,0.0,,,0.0,0.0,62.0,9.539392014169456,0.0,0.0,373.6666666666667,24.94660965609021,62.0,9.539392014169456,3,"[11, 12, 13]",0.0,0.0,0.0,0.0
matched,gmm_fitted,single_sensor_0,joint,,,0.0,0.0,,,0.0,0.0,62.0,9.539392014169456,0.0,0.0,373.6666666666667,24.94660965609021,62.0,9.539392014169456,3,"[11, 12, 13]",0.0,0.0,0.0,0.0
matched,gmm_fitted,single_sensor_0,marginal_max,,,0.0,0.0,,,0.0,0.0,62.0,9.539392014169456,0.0,0.0,373.6666666666667,24.94660965609021,62.0,9.539392014169456,3,"[11, 12, 13]",0.0,0.0,0.0,0.0
matched,gmm_fitted,single_sensor_0,relational_max,,,0.0,0.0,,,0.0,0.0,62.0,9.539392014169456,0.0,0.0,373.6666666666667,24.94660965609021,62.0,9.539392014169456,3,"[11, 12, 13]",1.0,0.0,0.0,0.0
matched_nearest,circuit,bank0:0-1-2-4-5-7-8,conditional_max,0.7400109102137901,0.03672395830100074,329.6666666666667,26.350205565295564,0.6780328589096906,0.051852543818196456,0.45284767182069,0.04932462270305539,0.0,0.0,130.0,28.053520278211074,106.0,5.5677643628300215,0.0,0.0,3,"[11, 12, 13]",0.0,0.0,0.0,0.0
matched_nearest,circuit,bank0:0-1-2-4-5-7-8,independent,0.7260787810884914,0.03907974561221115,329.6666666666667,26.350205565295564,0.6578530770428554,0.055651867119022994,0.4100947502827686,0.047128328837278376,0.0,0.0,138.0,25.632011235952593,106.0,5.5677643628300215,0.0,0.0,3,"[11, 12, 13]",0.0,0.0,0.0,0.0
matched_nearest,circuit,bank0:0-1-2-4-5-7-8,joint,0.7400109102137901,0.03672395830100074,329.6666666666667,26.350205565295564,0.6780328589096906,0.051852543818196456,0.42622432859399684,0.04542186951918382,0.0,0.0,131.0,25.865034312755125,106.0,5.5677643628300215,0.0,0.0,3,"[11, 12, 13]",0.0,0.0,0.0,0.0
matched_nearest,circuit,bank0:0-1-2-4-5-7-8,marginal_max,0.7260787810884914,0.03907974561221115,329.6666666666667,26.350205565295564,0.6578530770428554,0.055651867119022994,0.43946373372890574,0.05450245078060397,0.0,0.0,134.66666666666666,32.50128202599604,106.0,5.5677643628300215,0.0,0.0,3,"[11, 12, 13]",0.0,0.0,0.0,0.0
matched_nearest,circuit,bank0:0-1-2-4-5-7-8,relational_max,0.5205353101249331,0.02367727211330571,329.6666666666667,26.350205565295564,0.6499549909663173,0.053992637001146086,0.16553563249671066,0.06942911161761275,135.0,43.2087954009366,111.66666666666667,31.77000681985028,106.0,5.5677643628300215,0.0,0.0,3,"[11, 12, 13]",0.0,0.0,0.0,0.0
matched_nearest,circuit,bank1:3,conditional_max,0.7016160950587489,0.02273324667880596,426.6666666666667,25.716402029314548,0.6618564936095895,0.024944076432911477,0.5679489967533743,0.028402896441779873,0.0,0.0,176.0,19.157244060668017,9.0,4.358898943540674,0.0,0.0,3,"[11, 12, 13]",0.0,0.0,0.0,0.0
matched_nearest,circuit,bank1:3,independent,0.6662155803033157,0.01782702992169445,426.6666666666667,25.716402029314548,0.6260667222354529,0.01199094484759086,0.5064891612431373,0.07102420084806216,0.0,0.0,193.33333333333334,48.16983841921554,9.0,4.358898943540674,0.0,0.0,3,"[11, 12, 13]",0.0,0.0,0.0,0.0
matched_nearest,circuit,bank1:3,joint,0.7016160950587489,0.02273324667880596,426.6666666666667,25.716402029314548,0.6618564936095895,0.024944076432911477,0.5250017312367348,0.07267590303675568,0.0,0.0,186.0,47.57099956906519,9.0,4.358898943540674,0.0,0.0,3,"[11, 12, 13]",0.0,0.0,0.0,0.0
matched_nearest,circuit,bank1:3,marginal_max,0.6662155803033157,0.01782702992169445,426.6666666666667,25.716402029314548,0.6260667222354529,0.01199094484759086,0.5563833634426786,0.02325583299285011,0.0,0.0,180.66666666666666,18.475208614068027,9.0,4.358898943540674,0.0,0.0,3,"[11, 12, 13]",0.0,0.0,0.0,0.0
matched_nearest,circuit,bank1:3,relational_max,0.4790990665762147,0.028069513594684507,426.6666666666667,25.716402029314548,0.638397821829915,0.04333842484589334,0.3037754729718511,0.07242003340822083,121.66666666666667,39.068316233660916,167.33333333333334,39.878983604567125,9.0,4.358898943540674,0.0,0.0,3,"[11, 12, 13]",0.0,0.0,0.0,0.0
matched_nearest,circuit,bank2:6-10,conditional_max,0.6993743389176932,0.0220289332656832,419.3333333333333,27.53785273643051,0.6534541144326605,0.027117563055767246,0.5469860889560055,0.020636023311076432,0.0,0.0,177.33333333333334,18.823743871327334,16.333333333333332,2.5166114784235836,0.0,0.0,3,"[11, 12, 13]",0.0,0.0,0.0,0.0
matched_nearest,circuit,bank2:6-10,independent,0.663463210833361,0.013977336661886958,419.3333333333333,27.53785273643051,0.617100416486518,0.00968686917309039,0.4899042372980882,0.060084333410464735,0.0,0.0,186.33333333333334,45.081407845511364,16.333333333333332,2.5166114784235836,0.0,0.0,3,"[11, 12, 13]",0.0,0.0,0.0,0.0
matched_nearest,circuit,bank2:6-10,joint,0.6993743389176932,0.0220289332656832,419.3333333333333,27.53785273643051,0.6534541144326605,0.027117563055767246,0.5052039558860631,0.061490228782178954,0.0,0.0,180.33333333333334,44.73626418615365,16.333333333333332,2.5166114784235836,0.0,0.0,3,"[11, 12, 13]",0.0,0.0,0.0,0.0
matched_nearest,circuit,bank2:6-10,marginal_max,0.663463210833361,0.013977336661886958,419.3333333333333,27.53785273643051,0.617100416486518,0.00968686917309039,0.5354204556453098,0.015397933193471349,0.0,0.0,182.33333333333334,17.897858344878397,16.333333333333332,2.5166114784235836,0.0,0.0,3,"[11, 12, 13]",0.0,0.0,0.0,0.0
matched_nearest,circuit,bank2:6-10,relational_max,0.4942039477618736,0.024155311705562395,419.3333333333333,27.53785273643051,0.7122970029301158,0.09643432255699158,0.33127269590614145,0.058259749137298145,151.66666666666666,56.500737458314056,115.0,27.49545416973504,16.333333333333332,2.5166114784235836,0.0,0.0,3,"[11, 12, 13]",0.0,0.0,0.0,0.0
matched_nearest,circuit,full,conditional_max,0.6825481595183017,0.02534039285678326,435.6666666666667,29.938826518975876,0.6492907598934611,0.026677513162006714,0.5687522096047799,0.028365512521251995,0.0,0.0,184.66666666666666,23.75570107012911,0.0,0.0,0.0,0.0,3,"[11, 12, 13]",0.0,0.0,0.0,0.0
matched_nearest,circuit,full,independent,0.6504269152554846,0.02143954292898208,435.6666666666667,29.938826518975876,0.6158137440353326,0.01743843401741868,0.5162456015450326,0.05578022676394285,0.0,0.0,196.66666666666666,41.78915329763614,0.0,0.0,0.0,0.0,3,"[11, 12, 13]",0.0,0.0,0.0,0.0
matched_nearest,circuit,full,joint,0.6825481595183017,0.02534039285678326,435.6666666666667,29.938826518975876,0.6492907598934611,0.026677513162006714,0.5308494237107753,0.05768701522186672,0.0,0.0,189.66666666666666,42.782395133200914,0.0,0.0,0.0,0.0,3,"[11, 12, 13]",0.0,0.0,0.0,0.0
matched_nearest,circuit,full,marginal_max,0.6504269152554846,0.02143954292898208,435.6666666666667,29.938826518975876,0.6158137440353326,0.01743843401741868,0.5618718901014971,0.025913566423995175,0.0,0.0,187.66666666666666,23.692474191889147,0.0,0.0,0.0,0.0,3,"[11, 12, 13]",0.0,0.0,0.0,0.0
matched_nearest,circuit,full,relational_max,0.4657301527990709,0.02594253095717961,435.6666666666667,29.938826518975876,0.6409582668793194,0.052930882018081625,0.3030662531136951,0.07285963465228222,124.33333333333333,40.55038018728472,173.66666666666666,45.50091574170055,0.0,0.0,0.0,0.0,3,"[11, 12, 13]",0.0,0.0,0.0,0.0
matched_nearest,circuit,random1:1,conditional_max,0.6887386652216501,0.023445798504216016,427.6666666666667,24.583192089989723,0.6537046841770078,0.022871530245723772,0.5699187999350431,0.04348149032022439,0.0,0.0,168.33333333333334,36.637867477970566,8.0,5.5677643628300215,0.0,0.0,3,"[11, 12, 13]",0.0,0.0,0.0,0.0
matched_nearest,circuit,random1:1,independent,0.6578364100059817,0.021289371818496692,427.6666666666667,24.583192089989723,0.6171053657655661,0.02010670430698333,0.5034635668822309,0.06296272509744553,0.0,0.0,194.66666666666666,41.06498914322678,8.0,5.5677643628300215,0.0,0.0,3,"[11, 12, 13]",0.0,0.0,0.0,0.0
matched_nearest,circuit,random1:1,joint,0.6887386652216501,0.023445798504216016,427.6666666666667,24.583192089989723,0.6537046841770078,0.022871530245723772,0.5143466272066182,0.06688981511158996,0.0,0.0,189.0,42.720018726587654,8.0,5.5677643628300215,0.0,0.0,3,"[11, 12, 13]",0.0,0.0,0.0,0.0
matched_nearest,circuit,random1:1,marginal_max,0.6578364100059817,0.021289371818496692,427.6666666666667,24.583192089989723,0.6171053657655661,0.02010670430698333,0.559946268891235,0.03913267378073876,0.0,0.0,171.33333333333334,37.634204300520736,8.0,5.5677643628300215,0.0,0.0,3,"[11, 12, 13]",0.0,0.0,0.0,0.0
matched_nearest,circuit,random1:1,relational_max,0.4687014808436001,0.023029817707704098,427.6666666666667,24.583192089989723,0.6511122115324152,0.04755812821808218,0.27915914945452885,0.07166643898933883,133.33333333333334,33.12602199681292,168.0,41.58124577258358,8.0,5.5677643628300215,0.0,0.0,3,"[11, 12, 13]",0.0,0.0,0.0,0.0
matched_nearest,circuit,random3:5-8-14,conditional_max,0.6977163609234885,0.022586505406638428,397.3333333333333,32.516662395352526,0.6489047008853127,0.01921779279665309,0.5370914736894538,0.009873548245778994,0.0,0.0,154.0,11.0,38.333333333333336,4.041451884327381,0.0,0.0,3,"[11, 12, 13]",0.0,0.0,0.0,0.0
matched_nearest,circuit,random3:5-8-14,independent,0.6734429640442312,0.020477617906491753,397.3333333333333,32.516662395352526,0.6257411873323623,0.016055720068231704,0.4837929513759384,0.040160776213285454,0.0,0.0,165.0,23.643180835073778,38.333333333333336,4.041451884327381,0.0,0.0,3,"[11, 12, 13]",0.0,0.0,0.0,0.0
matched_nearest,circuit,random3:5-8-14,joint,0.6977163609234885,0.022586505406638428,397.3333333333333,32.516662395352526,0.6489047008853127,0.01921779279665309,0.49610777485256136,0.03929307855425003,0.0,0.0,161.33333333333334,25.890796305508516,38.333333333333336,4.041451884327381,0.0,0.0,3,"[11, 12, 13]",0.0,0.0,0.0,0.0
matched_nearest,circuit,random3:5-8-14,marginal_max,0.6734429640442312,0.020477617906491753,397.3333333333333,32.516662395352526,0.6257411873323623,0.016055720068231704,0.5237208590335932,0.012883428067743034,0.0,0.0,159.33333333333334,13.650396819628847,38.333333333333336,4.041451884327381,0.0,0.0,3,"[11, 12, 13]",0.0,0.0,0.0,0.0
matched_nearest,circuit,random3:5-8-14,relational_max,0.48513881689590505,0.016573615336819305,397.3333333333333,32.516662395352526,0.6575429700340223,0.06402088904159768,0.2224176326157711,0.06779116855331337,145.33333333333334,41.63331998932265,147.0,34.17601498127012,38.333333333333336,4.041451884327381,0.0,0.0,3,"[11, 12, 13]",0.0,0.0,0.0,0.0
matched_nearest,circuit,random7:3-4-8-10-11-12-14,conditional_max,0.7737796250627467,0.02291085348426815,325.6666666666667,34.7754702819866,0.7080274340487422,0.02610547303797751,0.47524797182073053,0.014216528987007532,0.0,0.0,113.0,8.54400374531753,110.0,5.5677643628300215,0.0,0.0,3,"[11, 12, 13]",0.0,0.0,0.0,0.0
matched_nearest,circuit,random7:3-4-8-10-11-12-14,independent,0.7552134907350196,0.020064750918978014,325.6666666666667,34.7754702819866,0.6857122908564603,0.01584579513872611,0.4170135822102568,0.02023232562065837,0.0,0.0,137.33333333333334,29.160475533388226,110.0,5.5677643628300215,0.0,0.0,3,"[11, 12, 13]",0.0,0.0,0.0,0.0
matched_nearest,circuit,random7:3-4-8-10-11-12-14,joint,0.7737796250627467,0.02291085348426815,325.6666666666667,34.7754702819866,0.7080274340487422,0.02610547303797751,0.43042489611567175,0.021292038207135554,0.0,0.0,132.0,25.514701644346147,110.0,5.5677643628300215,0.0,0.0,3,"[11, 12, 13]",0.0,0.0,0.0,0.0
matched_nearest,circuit,random7:3-4-8-10-11-12-14,marginal_max,0.7552134907350196,0.020064750918978014,325.6666666666667,34.7754702819866,0.6857122908564603,0.01584579513872611,0.45413980212470334,0.011970545492706017,0.0,0.0,121.66666666666667,14.0118997046558,110.0,5.5677643628300215,0.0,0.0,3,"[11, 12, 13]",0.0,0.0,0.0,0.0
matched_nearest,circuit,random7:3-4-8-10-11-12-14,relational_max,0.5492194787753722,0.03575621934595221,325.6666666666667,34.7754702819866,0.5542935094261668,0.11952426237774752,0.20095029710452175,0.07848780519883618,65.33333333333333,113.16065276116666,163.33333333333334,73.03652054508986,110.0,5.5677643628300215,0.0,0.0,3,"[11, 12, 13]",0.0,0.0,0.0,0.0
matched_nearest,circuit,single_sensor_0,conditional_max,,,0.0,0.0,,,0.0,0.0,62.0,9.539392014169456,0.0,0.0,373.6666666666667,24.94660965609021,62.0,9.539392014169456,3,"[11, 12, 13]",0.0,0.0,0.0,0.0
matched_nearest,circuit,single_sensor_0,independent,,,0.0,0.0,,,0.0,0.0,62.0,9.539392014169456,0.0,0.0,373.6666666666667,24.94660965609021,62.0,9.539392014169456,3,"[11, 12, 13]",0.0,0.0,0.0,0.0
matched_nearest,circuit,single_sensor_0,joint,,,0.0,0.0,,,0.0,0.0,62.0,9.539392014169456,0.0,0.0,373.6666666666667,24.94660965609021,62.0,9.539392014169456,3,"[11, 12, 13]",0.0,0.0,0.0,0.0
matched_nearest,circuit,single_sensor_0,marginal_max,,,0.0,0.0,,,0.0,0.0,62.0,9.539392014169456,0.0,0.0,373.6666666666667,24.94660965609021,62.0,9.539392014169456,3,"[11, 12, 13]",0.0,0.0,0.0,0.0
matched_nearest,circuit,single_sensor_0,relational_max,,,0.0,0.0,,,0.0,0.0,62.0,9.539392014169456,0.0,0.0,373.6666666666667,24.94660965609021,62.0,9.539392014169456,3,"[11, 12, 13]",1.0,0.0,0.0,0.0
matched_nearest,gaussian_fitted,bank0:0-1-2-4-5-7-8,conditional_max,0.7874686453517185,0.0030092938435668385,329.6666666666667,26.350205565295564,0.7590687843503637,0.007862601693361176,0.3944575721460006,0.011134899075018584,0.0,0.0,154.33333333333334,15.50268793897798,106.0,5.5677643628300215,0.0,0.0,3,"[11, 12, 13]",0.0,0.0,0.0,0.0
matched_nearest,gaussian_fitted,bank0:0-1-2-4-5-7-8,independent,0.7573016808091162,0.0015819786334260483,329.6666666666667,26.350205565295564,0.674029958576404,0.007359693003389034,0.3323003823299652,0.03903346686800586,0.0,0.0,178.33333333333334,34.35597958628648,106.0,5.5677643628300215,0.0,0.0,3,"[11, 12, 13]",0.0,0.0,0.0,0.0
matched_nearest,gaussian_fitted,bank0:0-1-2-4-5-7-8,joint,0.7874686453517185,0.0030092938435668385,329.6666666666667,26.350205565295564,0.7590687843503637,0.007862601693361176,0.42271819961098805,0.043234732595782324,0.0,0.0,137.0,31.606961258558215,106.0,5.5677643628300215,0.0,0.0,3,"[11, 12, 13]",0.0,0.0,0.0,0.0
matched_nearest,gaussian_fitted,bank0:0-1-2-4-5-7-8,marginal_max,0.7573016808091162,0.0015819786334260483,329.6666666666667,26.350205565295564,0.674029958576404,0.007359693003389034,0.26069622849571117,0.02047390066976206,0.0,0.0,212.33333333333334,22.007574453658755,106.0,5.5677643628300215,0.0,0.0,3,"[11, 12, 13]",0.0,0.0,0.0,0.0
matched_nearest,gaussian_fitted,bank0:0-1-2-4-5-7-8,relational_max,0.7535223486083256,0.023975407447439357,329.6666666666667,26.350205565295564,0.7304542072920418,0.027355249356196824,0.4909776850671821,0.007841243095709542,0.0,0.0,96.0,5.0,106.0,5.5677643628300215,0.0,0.0,3,"[11, 12, 13]",0.0,0.0,0.0,0.0
matched_nearest,gaussian_fitted,bank1:3,conditional_max,0.7646987383676983,0.0025140191744229454,426.6666666666667,25.716402029314548,0.7486082995951416,0.0046502975580690825,0.6882121204390012,0.018186199217119968,0.0,0.0,117.66666666666667,9.29157324317757,9.0,4.358898943540674,0.0,0.0,3,"[11, 12, 13]",0.0,0.0,0.0,0.0
matched_nearest,gaussian_fitted,bank1:3,independent,0.6795331337980103,0.010897051699830075,426.6666666666667,25.716402029314548,0.6220991770527374,0.010988774846537696,0.5304792427752757,0.05316390335515355,0.0,0.0,179.0,27.055498516937366,9.0,4.358898943540674,0.0,0.0,3,"[11, 12, 13]",0.0,0.0,0.0,0.0
matched_nearest,gaussian_fitted,bank1:3,joint,0.7646987383676983,0.0025140191744229454,426.6666666666667,25.716402029314548,0.7486082995951416,0.0046502975580690825,0.6392320517321884,0.031285632513960174,0.0,0.0,134.0,19.313207915827967,9.0,4.358898943540674,0.0,0.0,3,"[11, 12, 13]",0.0,0.0,0.0,0.0
matched_nearest,gaussian_fitted,bank1:3,marginal_max,0.6795331337980103,0.010897051699830075,426.6666666666667,25.716402029314548,0.6220991770527374,0.010988774846537696,0.5489790562876696,0.010478187908965089,0.0,0.0,181.33333333333334,11.060440015358038,9.0,4.358898943540674,0.0,0.0,3,"[11, 12, 13]",0.0,0.0,0.0,0.0
matched_nearest,gaussian_fitted,bank1:3,relational_max,0.7323821334998,0.013771037746421876,426.6666666666667,25.716402029314548,0.7194520520758911,0.011220682585380752,0.6664073253789585,0.011631112821459814,0.0,0.0,108.0,9.848857801796104,9.0,4.358898943540674,0.0,0.0,3,"[11, 12, 13]",0.0,0.0,0.0,0.0
matched_nearest,gaussian_fitted,bank2:6-10,conditional_max,0.7738578053980039,0.006666006704571046,419.3333333333333,27.53785273643051,0.7305839517583076,0.004627935749508281,0.5022281725469995,0.04163235546993442,0.0,0.0,195.66666666666666,26.501572280401277,16.333333333333332,2.5166114784235836,0.0,0.0,3,"[11, 12, 13]",0.0,0.0,0.0,0.0
matched_nearest,gaussian_fitted,bank2:6-10,independent,0.6807415873344388,0.0062820597646553195,419.3333333333333,27.53785273643051,0.6165046607464533,0.011571523290227878,0.4245684968370001,0.07759663199236637,0.0,0.0,219.33333333333334,46.090490703976386,16.333333333333332,2.5166114784235836,0.0,0.0,3,"[11, 12, 13]",0.0,0.0,0.0,0.0
matched_nearest,gaussian_fitted,bank2:6-10,joint,0.7738578053980039,0.006666006704571046,419.3333333333333,27.53785273643051,0.7305839517583076,0.004627935749508281,0.553705636299357,0.04235168736445689,0.0,0.0,166.33333333333334,24.110855093366833,16.333333333333332,2.5166114784235836,0.0,0.0,3,"[11, 12, 13]",0.0,0.0,0.0,0.0
matched_nearest,gaussian_fitted,bank2:6-10,marginal_max,0.6807415873344388,0.0062820597646553195,419.3333333333333,27.53785273643051,0.6165046607464533,0.011571523290227878,0.19719981063712347,0.06559434412735364,0.0,0.0,328.0,39.50949253027682,16.333333333333332,2.5166114784235836,0.0,0.0,3,"[11, 12, 13]",0.0,0.0,0.0,0.0
matched_nearest,gaussian_fitted,bank2:6-10,relational_max,0.734938756085484,0.007475572765392831,419.3333333333333,27.53785273643051,0.7154147043490129,0.005708563953406885,0.626115311300663,0.01589647845675421,0.0,0.0,129.0,13.114877048604,16.333333333333332,2.5166114784235836,0.0,0.0,3,"[11, 12, 13]",0.0,0.0,0.0,0.0
matched_nearest,gaussian_fitted,full,conditional_max,0.7485603031968858,0.007961908848106191,435.6666666666667,29.938826518975876,0.7328147722482145,0.016968225789392746,0.5409250595201214,0.03362419715139127,0.0,0.0,195.66666666666666,26.38812864401971,0.0,0.0,0.0,0.0,3,"[11, 12, 13]",0.0,0.0,0.0,0.0
matched_nearest,gaussian_fitted,full,independent,0.6708004991943195,0.014337216154829992,435.6666666666667,29.938826518975876,0.6143679285053899,0.016374002489541614,0.4730745509009922,0.03915567561299464,0.0,0.0,219.0,32.14031735997639,0.0,0.0,0.0,0.0,3,"[11, 12, 13]",0.0,0.0,0.0,0.0
matched_nearest,gaussian_fitted,full,joint,0.7485603031968858,0.007961908848106191,435.6666666666667,29.938826518975876,0.7328147722482145,0.016968225789392746,0.5975452075519988,0.033285415390948904,0.0,0.0,163.33333333333334,27.42869543622761,0.0,0.0,0.0,0.0,3,"[11, 12, 13]",0.0,0.0,0.0,0.0
matched_nearest,gaussian_fitted,full,marginal_max,0.6708004991943195,0.014337216154829992,435.6666666666667,29.938826518975876,0.6143679285053899,0.016374002489541614,0.34749059766341756,0.050318742087482105,0.0,0.0,279.3333333333333,33.02019584032374,0.0,0.0,0.0,0.0,3,"[11, 12, 13]",0.0,0.0,0.0,0.0
matched_nearest,gaussian_fitted,full,relational_max,0.7087745048026542,0.016459342647168085,435.6666666666667,29.938826518975876,0.7109679820421141,0.015659469284934353,0.6556182580478209,0.014247808012180457,0.0,0.0,129.0,9.16515138991168,0.0,0.0,0.0,0.0,3,"[11, 12, 13]",0.0,0.0,0.0,0.0
matched_nearest,gaussian_fitted,random1:1,conditional_max,0.7538911622815273,0.011561302227504195,427.6666666666667,24.583192089989723,0.7378436587433024,0.02113383532748446,0.5415402863850277,0.030548967899271407,0.0,0.0,187.66666666666666,19.857828011475306,8.0,5.5677643628300215,0.0,0.0,3,"[11, 12, 13]",0.0,0.0,0.0,0.0
matched_nearest,gaussian_fitted,random1:1,independent,0.6791923238432638,0.012309394153674488,427.6666666666667,24.583192089989723,0.6184638571318146,0.011886583181663525,0.4739204878402386,0.05911062864012631,0.0,0.0,209.0,36.864617182333525,8.0,5.5677643628300215,0.0,0.0,3,"[11, 12, 13]",0.0,0.0,0.0,0.0
matched_nearest,gaussian_fitted,random1:1,joint,0.7538911622815273,0.011561302227504195,427.6666666666667,24.583192089989723,0.7378436587433024,0.02113383532748446,0.6033556834983373,0.044571480478584356,0.0,0.0,153.0,26.962937525425527,8.0,5.5677643628300215,0.0,0.0,3,"[11, 12, 13]",0.0,0.0,0.0,0.0
matched_nearest,gaussian_fitted,random1:1,marginal_max,0.6791923238432638,0.012309394153674488,427.6666666666667,24.583192089989723,0.6184638571318146,0.011886583181663525,0.34749059766341756,0.050318742087482105,0.0,0.0,271.3333333333333,27.501515109777742,8.0,5.5677643628300215,0.0,0.0,3,"[11, 12, 13]",0.0,0.0,0.0,0.0
matched_nearest,gaussian_fitted,random1:1,relational_max,0.7144124156055861,0.015648898281688133,427.6666666666667,24.583192089989723,0.7061037028372389,0.008817368742236398,0.6482973742302071,0.020020385846638622,0.0,0.0,119.0,15.716233645501712,8.0,5.5677643628300215,0.0,0.0,3,"[11, 12, 13]",0.0,0.0,0.0,0.0
matched_nearest,gaussian_fitted,random3:5-8-14,conditional_max,0.7581909732622067,0.011206108398590904,397.3333333333333,32.516662395352526,0.7420522167304718,0.019461192740097874,0.49043255810374703,0.018701593036924976,0.0,0.0,178.66666666666666,23.692474191889147,38.333333333333336,4.041451884327381,0.0,0.0,3,"[11, 12, 13]",0.0,0.0,0.0,0.0
matched_nearest,gaussian_fitted,random3:5-8-14,independent,0.7011934160390352,0.014105473053682512,397.3333333333333,32.516662395352526,0.6344477341886668,0.02211080344715866,0.42037777002939664,0.0681081291449439,0.0,0.0,205.0,49.68903299521938,38.333333333333336,4.041451884327381,0.0,0.0,3,"[11, 12, 13]",0.0,0.0,0.0,0.0
matched_nearest,gaussian_fitted,random3:5-8-14,joint,0.7581909732622067,0.011206108398590904,397.3333333333333,32.516662395352526,0.7420522167304718,0.019461192740097874,0.515516092807248,0.0137243687309559,0.0,0.0,164.66666666666666,23.692474191889147,38.333333333333336,4.041451884327381,0.0,0.0,3,"[11, 12, 13]",0.0,0.0,0.0,0.0
matched_nearest,gaussian_fitted,random3:5-8-14,marginal_max,0.7011934160390352,0.014105473053682512,397.3333333333333,32.516662395352526,0.6344477341886668,0.02211080344715866,0.29053444796631317,0.04283811016218075,0.0,0.0,266.3333333333333,36.0185137579736,38.333333333333336,4.041451884327381,0.0,0.0,3,"[11, 12, 13]",0.0,0.0,0.0,0.0
matched_nearest,gaussian_fitted,random3:5-8-14,relational_max,0.7102629982672642,0.02089537268098616,397.3333333333333,32.516662395352526,0.6899303317070323,0.028880541431983972,0.5742478231976003,0.007657019069234023,0.0,0.0,113.33333333333333,3.055050463303893,38.333333333333336,4.041451884327381,0.0,0.0,3,"[11, 12, 13]",0.0,0.0,0.0,0.0
matched_nearest,gaussian_fitted,random7:3-4-8-10-11-12-14,conditional_max,0.8109326958633417,0.01326181147644778,325.6666666666667,34.7754702819866,0.7667979585620354,0.011113470458840483,0.5390283934973533,0.027578494494423605,0.0,0.0,76.33333333333333,3.7859388972001824,110.0,5.5677643628300215,0.0,0.0,3,"[11, 12, 13]",0.0,0.0,0.0,0.0
matched_nearest,gaussian_fitted,random7:3-4-8-10-11-12-14,independent,0.756191118954764,0.01890587657122729,325.6666666666667,34.7754702819866,0.6840873920308468,0.020949912247619364,0.4456404624244685,0.01096305709609508,0.0,0.0,113.0,3.0,110.0,5.5677643628300215,0.0,0.0,3,"[11, 12, 13]",0.0,0.0,0.0,0.0
matched_nearest,gaussian_fitted,random7:3-4-8-10-11-12-14,joint,0.8109326958633417,0.01326181147644778,325.6666666666667,34.7754702819866,0.7667979585620354,0.011113470458840483,0.5206897571125483,0.02446812510809009,0.0,0.0,82.66666666666667,10.066445913694334,110.0,5.5677643628300215,0.0,0.0,3,"[11, 12, 13]",0.0,0.0,0.0,0.0
matched_nearest,gaussian_fitted,random7:3-4-8-10-11-12-14,marginal_max,0.756191118954764,0.01890587657122729,325.6666666666667,34.7754702819866,0.6840873920308468,0.020949912247619364,0.44945448831729057,0.014360801231817003,0.0,0.0,122.0,13.856406460551018,110.0,5.5677643628300215,0.0,0.0,3,"[11, 12, 13]",0.0,0.0,0.0,0.0
matched_nearest,gaussian_fitted,random7:3-4-8-10-11-12-14,relational_max,0.7601057923549298,0.016645578908310386,325.6666666666667,34.7754702819866,0.7255612278429374,0.027150185749753815,0.49774011848543714,0.018485918284092667,0.0,0.0,79.0,28.792360097775937,110.0,5.5677643628300215,0.0,0.0,3,"[11, 12, 13]",0.0,0.0,0.0,0.0
matched_nearest,gaussian_fitted,single_sensor_0,conditional_max,,,0.0,0.0,,,0.0,0.0,62.0,9.539392014169456,0.0,0.0,373.6666666666667,24.94660965609021,62.0,9.539392014169456,3,"[11, 12, 13]",0.0,0.0,0.0,0.0
matched_nearest,gaussian_fitted,single_sensor_0,independent,,,0.0,0.0,,,0.0,0.0,62.0,9.539392014169456,0.0,0.0,373.6666666666667,24.94660965609021,62.0,9.539392014169456,3,"[11, 12, 13]",0.0,0.0,0.0,0.0
matched_nearest,gaussian_fitted,single_sensor_0,joint,,,0.0,0.0,,,0.0,0.0,62.0,9.539392014169456,0.0,0.0,373.6666666666667,24.94660965609021,62.0,9.539392014169456,3,"[11, 12, 13]",0.0,0.0,0.0,0.0
matched_nearest,gaussian_fitted,single_sensor_0,marginal_max,,,0.0,0.0,,,0.0,0.0,62.0,9.539392014169456,0.0,0.0,373.6666666666667,24.94660965609021,62.0,9.539392014169456,3,"[11, 12, 13]",0.0,0.0,0.0,0.0
matched_nearest,gaussian_fitted,single_sensor_0,relational_max,,,0.0,0.0,,,0.0,0.0,62.0,9.539392014169456,0.0,0.0,373.6666666666667,24.94660965609021,62.0,9.539392014169456,3,"[11, 12, 13]",1.0,0.0,0.0,0.0
matched_nearest,gmm_fitted,bank0:0-1-2-4-5-7-8,conditional_max,0.7865026715784406,0.0019173456625236705,329.6666666666667,26.350205565295564,0.757973950477281,0.007000907010813164,0.48026928729337026,0.00696270956684582,0.0,0.0,115.33333333333333,8.504900548115383,106.0,5.5677643628300215,0.0,0.0,3,"[11, 12, 13]",0.0,0.0,0.0,0.0
matched_nearest,gmm_fitted,bank0:0-1-2-4-5-7-8,independent,0.7547478075839295,0.013358949572693849,329.6666666666667,26.350205565295564,0.6746635545230677,0.01676967993050479,0.28236272710080007,0.06224997297987212,0.0,0.0,201.0,46.87216658103186,106.0,5.5677643628300215,0.0,0.0,3,"[11, 12, 13]",0.0,0.0,0.0,0.0
matched_nearest,gmm_fitted,bank0:0-1-2-4-5-7-8,joint,0.7865026715784406,0.0019173456625236705,329.6666666666667,26.350205565295564,0.757973950477281,0.007000907010813164,0.37821010774974456,0.02598118091587617,0.0,0.0,159.0,29.103264421710495,106.0,5.5677643628300215,0.0,0.0,3,"[11, 12, 13]",0.0,0.0,0.0,0.0
matched_nearest,gmm_fitted,bank0:0-1-2-4-5-7-8,marginal_max,0.7547478075839295,0.013358949572693849,329.6666666666667,26.350205565295564,0.6746635545230677,0.01676967993050479,0.3982617573247513,0.026395987212779387,0.0,0.0,152.66666666666666,22.941955743426348,106.0,5.5677643628300215,0.0,0.0,3,"[11, 12, 13]",0.0,0.0,0.0,0.0
matched_nearest,gmm_fitted,bank0:0-1-2-4-5-7-8,relational_max,0.7585617546823732,0.023686007788669708,329.6666666666667,26.350205565295564,0.7486483985515111,0.028454201550656744,0.45463382216979237,0.05363710063158673,0.0,0.0,122.66666666666667,16.563010998406458,106.0,5.5677643628300215,0.0,0.0,3,"[11, 12, 13]",0.0,0.0,0.0,0.0
matched_nearest,gmm_fitted,bank1:3,conditional_max,0.7608724916599311,0.0042551779870697685,426.6666666666667,25.716402029314548,0.7478930168558652,0.005900674699589974,0.6885340697265212,0.006233884536877407,0.0,0.0,115.0,10.44030650891055,9.0,4.358898943540674,0.0,0.0,3,"[11, 12, 13]",0.0,0.0,0.0,0.0
matched_nearest,gmm_fitted,bank1:3,independent,0.6820212406017836,0.010535398095558875,426.6666666666667,25.716402029314548,0.6244641581328888,0.009342063463493876,0.530973100833302,0.04615397815436414,0.0,0.0,179.33333333333334,22.233608194203057,9.0,4.358898943540674,0.0,0.0,3,"[11, 12, 13]",0.0,0.0,0.0,0.0
matched_nearest,gmm_fitted,bank1:3,joint,0.7608724916599311,0.0042551779870697685,426.6666666666667,25.716402029314548,0.7478930168558652,0.005900674699589974,0.6394340900963944,0.03624615760923872,0.0,0.0,131.33333333333334,23.288051299611425,9.0,4.358898943540674,0.0,0.0,3,"[11, 12, 13]",0.0,0.0,0.0,0.0
matched_nearest,gmm_fitted,bank1:3,marginal_max,0.6820212406017836,0.010535398095558875,426.6666666666667,25.716402029314548,0.6244641581328888,0.009342063463493876,0.5559666922201258,0.013096065942426887,0.0,0.0,178.33333333333334,11.67618659209133,9.0,4.358898943540674,0.0,0.0,3,"[11, 12, 13]",0.0,0.0,0.0,0.0
matched_nearest,gmm_fitted,bank1:3,relational_max,0.7279185779089671,0.013592318093490525,426.6666666666667,25.716402029314548,0.7299084107327142,0.013628750127591752,0.6696882518477661,0.005765211530440772,0.0,0.0,113.66666666666667,6.429100507328637,9.0,4.358898943540674,0.0,0.0,3,"[11, 12, 13]",0.0,0.0,0.0,0.0
matched_nearest,gmm_fitted,bank2:6-10,conditional_max,0.7716198292153957,0.008170576497086215,419.3333333333333,27.53785273643051,0.7295171744089398,0.011060379606924221,0.5471341046347332,0.026562946883882412,0.0,0.0,173.66666666666666,25.501633934580216,16.333333333333332,2.5166114784235836,0.0,0.0,3,"[11, 12, 13]",0.0,0.0,0.0,0.0
matched_nearest,gmm_fitted,bank2:6-10,independent,0.681261914209257,0.0085943100295084,419.3333333333333,27.53785273643051,0.6209085391480539,0.0022639692359712102,0.2636439070793611,0.02694642879842165,0.0,0.0,293.6666666666667,28.112867753634337,16.333333333333332,2.5166114784235836,0.0,0.0,3,"[11, 12, 13]",0.0,0.0,0.0,0.0
matched_nearest,gmm_fitted,bank2:6-10,joint,0.7716198292153957,0.008170576497086215,419.3333333333333,27.53785273643051,0.7295171744089398,0.011060379606924221,0.4254329812949489,0.019668944920443226,0.0,0.0,222.0,24.55605831561735,16.333333333333332,2.5166114784235836,0.0,0.0,3,"[11, 12, 13]",0.0,0.0,0.0,0.0
matched_nearest,gmm_fitted,bank2:6-10,marginal_max,0.681261914209257,0.0085943100295084,419.3333333333333,27.53785273643051,0.6209085391480539,0.0022639692359712102,0.4703022638097008,0.028211653660786144,0.0,0.0,208.33333333333334,23.18045153428495,16.333333333333332,2.5166114784235836,0.0,0.0,3,"[11, 12, 13]",0.0,0.0,0.0,0.0
matched_nearest,gmm_fitted,bank2:6-10,relational_max,0.7316902731842392,0.015751382157617143,419.3333333333333,27.53785273643051,0.7057980097542672,0.014636807927949278,0.4669247525546372,0.04913149961554648,0.0,0.0,205.0,26.057628441590765,16.333333333333332,2.5166114784235836,0.0,0.0,3,"[11, 12, 13]",0.0,0.0,0.0,0.0
matched_nearest,gmm_fitted,full,conditional_max,0.739044290525945,0.005690165723441259,435.6666666666667,29.938826518975876,0.7272995987175485,0.011524728860418462,0.5360778396433369,0.04963495332590189,0.0,0.0,195.33333333333334,32.86842456421258,0.0,0.0,0.0,0.0,3,"[11, 12, 13]",0.0,0.0,0.0,0.0
matched_nearest,gmm_fitted,full,independent,0.6713305857303636,0.011153685098741413,435.6666666666667,29.938826518975876,0.6179813739175721,0.011910623921965067,0.382362889087863,0.0459006776517865,0.0,0.0,259.3333333333333,36.950417228136054,0.0,0.0,0.0,0.0,3,"[11, 12, 13]",0.0,0.0,0.0,0.0
matched_nearest,gmm_fitted,full,joint,0.739044290525945,0.005690165723441259,435.6666666666667,29.938826518975876,0.7272995987175485,0.011524728860418462,0.48204053483268555,0.026899169304798746,0.0,0.0,211.0,28.513154858766505,0.0,0.0,0.0,0.0,3,"[11, 12, 13]",0.0,0.0,0.0,0.0
matched_nearest,gmm_fitted,full,marginal_max,0.6713305857303636,0.011153685098741413,435.6666666666667,29.938826518975876,0.6179813739175721,0.011910623921965067,0.5263345607903025,0.03209267722102205,0.0,0.0,201.33333333333334,26.57693235370353,0.0,0.0,0.0,0.0,3,"[11, 12, 13]",0.0,0.0,0.0,0.0
matched_nearest,gmm_fitted,full,relational_max,0.7073166913065947,0.020666437148554068,435.6666666666667,29.938826518975876,0.7066852870795474,0.027344369292805044,0.48083340723993073,0.0629207149073792,0.0,0.0,210.66666666666666,36.2537354397217,0.0,0.0,0.0,0.0,3,"[11, 12, 13]",0.0,0.0,0.0,0.0
matched_nearest,gmm_fitted,random1:1,conditional_max,0.7457009388942892,0.007259915154260445,427.6666666666667,24.583192089989723,0.7258814169982605,0.010394151884851934,0.5512428659885078,0.04504913817362886,0.0,0.0,180.33333333333334,29.022979401386987,8.0,5.5677643628300215,0.0,0.0,3,"[11, 12, 13]",0.0,0.0,0.0,0.0
matched_nearest,gmm_fitted,random1:1,independent,0.6789715907590222,0.007116651287204869,427.6666666666667,24.583192089989723,0.6212980691288403,0.002703712593988787,0.3797680183272163,0.056228019892047135,0.0,0.0,252.0,39.35733730830886,8.0,5.5677643628300215,0.0,0.0,3,"[11, 12, 13]",0.0,0.0,0.0,0.0
matched_nearest,gmm_fitted,random1:1,joint,0.7457009388942892,0.007259915154260445,427.6666666666667,24.583192089989723,0.7258814169982605,0.010394151884851934,0.4760981204236123,0.030746575775329445,0.0,0.0,206.33333333333334,29.091808698211484,8.0,5.5677643628300215,0.0,0.0,3,"[11, 12, 13]",0.0,0.0,0.0,0.0
matched_nearest,gmm_fitted,random1:1,marginal_max,0.6789715907590222,0.007116651287204869,427.6666666666667,24.583192089989723,0.6212980691288403,0.002703712593988787,0.5203921463812292,0.036098486298723274,0.0,0.0,196.0,23.430749027719962,8.0,5.5677643628300215,0.0,0.0,3,"[11, 12, 13]",0.0,0.0,0.0,0.0
matched_nearest,gmm_fitted,random1:1,relational_max,0.7129945006384308,0.020820719038522124,427.6666666666667,24.583192089989723,0.7100943374930484,0.02313438539422652,0.5074708028443308,0.08183665702458615,0.0,0.0,189.33333333333334,43.4664621672081,8.0,5.5677643628300215,0.0,0.0,3,"[11, 12, 13]",0.0,0.0,0.0,0.0
matched_nearest,gmm_fitted,random3:5-8-14,conditional_max,0.755871091432511,0.007726085544138672,397.3333333333333,32.516662395352526,0.742564249500569,0.016402257009608432,0.5320842105945209,0.020776102215049035,0.0,0.0,157.66666666666666,18.0092568789868,38.333333333333336,4.041451884327381,0.0,0.0,3,"[11, 12, 13]",0.0,0.0,0.0,0.0
matched_nearest,gmm_fitted,random3:5-8-14,independent,0.7012457693861354,0.007246799859649581,397.3333333333333,32.516662395352526,0.6375504405338936,0.015554439536393143,0.3164261361266382,0.04391926558396001,0.0,0.0,254.0,40.7308237088326,38.333333333333336,4.041451884327381,0.0,0.0,3,"[11, 12, 13]",0.0,0.0,0.0,0.0
matched_nearest,gmm_fitted,random3:5-8-14,joint,0.755871091432511,0.007726085544138672,397.3333333333333,32.516662395352526,0.742564249500569,0.016402257009608432,0.43178931314650554,0.013928243705425173,0.0,0.0,200.66666666666666,24.00694344004112,38.333333333333336,4.041451884327381,0.0,0.0,3,"[11, 12, 13]",0.0,0.0,0.0,0.0
matched_nearest,gmm_fitted,random3:5-8-14,marginal_max,0.7012457693861354,0.007246799859649581,397.3333333333333,32.516662395352526,0.6375504405338936,0.015554439536393143,0.4742110116375556,0.030253133119987417,0.0,0.0,185.66666666666666,31.182259913824932,38.333333333333336,4.041451884327381,0.0,0.0,3,"[11, 12, 13]",0.0,0.0,0.0,0.0
matched_nearest,gmm_fitted,random3:5-8-14,relational_max,0.7114167659143537,0.023059234609495226,397.3333333333333,32.516662395352526,0.7042672492697563,0.039950210678459046,0.47071286051739475,0.05270828918262306,0.0,0.0,172.0,26.851443164195103,38.333333333333336,4.041451884327381,0.0,0.0,3,"[11, 12, 13]",0.0,0.0,0.0,0.0
matched_nearest,gmm_fitted,random7:3-4-8-10-11-12-14,conditional_max,0.8098685803591499,0.012416352121250064,325.6666666666667,34.7754702819866,0.7641579614855964,0.009981997554191461,0.5390417169332772,0.02637028630575459,0.0,0.0,74.66666666666667,5.773502691896257,110.0,5.5677643628300215,0.0,0.0,3,"[11, 12, 13]",0.0,0.0,0.0,0.0
matched_nearest,gmm_fitted,random7:3-4-8-10-11-12-14,independent,0.7592570412771517,0.020396610781236807,325.6666666666667,34.7754702819866,0.6882952511698512,0.021980191936444324,0.4414356832391581,0.017551270573893014,0.0,0.0,117.0,7.810249675906654,110.0,5.5677643628300215,0.0,0.0,3,"[11, 12, 13]",0.0,0.0,0.0,0.0
matched_nearest,gmm_fitted,random7:3-4-8-10-11-12-14,joint,0.8098685803591499,0.012416352121250064,325.6666666666667,34.7754702819866,0.7641579614855964,0.009981997554191461,0.5228980862443421,0.026291657026419835,0.0,0.0,81.66666666666667,8.082903768654761,110.0,5.5677643628300215,0.0,0.0,3,"[11, 12, 13]",0.0,0.0,0.0,0.0
matched_nearest,gmm_fitted,random7:3-4-8-10-11-12-14,marginal_max,0.7592570412771517,0.020396610781236807,325.6666666666667,34.7754702819866,0.6882952511698512,0.021980191936444324,0.45270803897246753,0.008552473506738876,0.0,0.0,120.33333333333333,18.175074506954115,110.0,5.5677643628300215,0.0,0.0,3,"[11, 12, 13]",0.0,0.0,0.0,0.0
matched_nearest,gmm_fitted,random7:3-4-8-10-11-12-14,relational_max,0.7562912669029244,0.015878392178287144,325.6666666666667,34.7754702819866,0.7284049374027625,0.02685609543748109,0.5110974097053739,0.018550654423639318,0.0,0.0,73.33333333333333,21.45538005567213,110.0,5.5677643628300215,0.0,0.0,3,"[11, 12, 13]",0.0,0.0,0.0,0.0
matched_nearest,gmm_fitted,single_sensor_0,conditional_max,,,0.0,0.0,,,0.0,0.0,62.0,9.539392014169456,0.0,0.0,373.6666666666667,24.94660965609021,62.0,9.539392014169456,3,"[11, 12, 13]",0.0,0.0,0.0,0.0
matched_nearest,gmm_fitted,single_sensor_0,independent,,,0.0,0.0,,,0.0,0.0,62.0,9.539392014169456,0.0,0.0,373.6666666666667,24.94660965609021,62.0,9.539392014169456,3,"[11, 12, 13]",0.0,0.0,0.0,0.0
matched_nearest,gmm_fitted,single_sensor_0,joint,,,0.0,0.0,,,0.0,0.0,62.0,9.539392014169456,0.0,0.0,373.6666666666667,24.94660965609021,62.0,9.539392014169456,3,"[11, 12, 13]",0.0,0.0,0.0,0.0
matched_nearest,gmm_fitted,single_sensor_0,marginal_max,,,0.0,0.0,,,0.0,0.0,62.0,9.539392014169456,0.0,0.0,373.6666666666667,24.94660965609021,62.0,9.539392014169456,3,"[11, 12, 13]",0.0,0.0,0.0,0.0
matched_nearest,gmm_fitted,single_sensor_0,relational_max,,,0.0,0.0,,,0.0,0.0,62.0,9.539392014169456,0.0,0.0,373.6666666666667,24.94660965609021,62.0,9.539392014169456,3,"[11, 12, 13]",1.0,0.0,0.0,0.0
matched_tight,circuit,bank0:0-1-2-4-5-7-8,conditional_max,0.7410415183330805,0.03415984835187044,329.6666666666667,26.350205565295564,0.6819476797071564,0.04676678722216547,0.4544274506516537,0.05204612260979415,0.0,0.0,129.33333333333334,29.67041174863155,106.0,5.5677643628300215,0.0,0.0,3,"[11, 12, 13]",0.0,0.0,0.0,0.0
matched_tight,circuit,bank0:0-1-2-4-5-7-8,independent,0.7332361794374546,0.03633597565418057,329.6666666666667,26.350205565295564,0.6706989268452269,0.04891672967165951,0.41239707240781215,0.04718025072007744,0.0,0.0,136.66666666666666,25.69695182961071,106.0,5.5677643628300215,0.0,0.0,3,"[11, 12, 13]",0.0,0.0,0.0,0.0
matched_tight,circuit,bank0:0-1-2-4-5-7-8,joint,0.7410415183330805,0.03415984835187044,329.6666666666667,26.350205565295564,0.6819476797071564,0.04676678722216547,0.4291418775839468,0.045060554268689344,0.0,0.0,129.66666666666666,25.32455988429677,106.0,5.5677643628300215,0.0,0.0,3,"[11, 12, 13]",0.0,0.0,0.0,0.0
matched_tight,circuit,bank0:0-1-2-4-5-7-8,marginal_max,0.7332361794374546,0.03633597565418057,329.6666666666667,26.350205565295564,0.6706989268452269,0.04891672967165951,0.43946373372890574,0.05450245078060397,0.0,0.0,134.66666666666666,32.50128202599604,106.0,5.5677643628300215,0.0,0.0,3,"[11, 12, 13]",0.0,0.0,0.0,0.0
matched_tight,circuit,bank0:0-1-2-4-5-7-8,relational_max,0.5100589176437699,0.005102204878525894,329.6666666666667,26.350205565295564,0.6389337317383762,0.07944464370434319,0.15811800190577782,0.05803932405542478,138.33333333333334,36.90979996333404,111.33333333333333,30.74627348693388,106.0,5.5677643628300215,0.0,0.0,3,"[11, 12, 13]",0.0,0.0,0.0,0.0
matched_tight,circuit,bank1:3,conditional_max,0.6962310004391453,0.02421375242303039,426.6666666666667,25.716402029314548,0.6551138167817734,0.018223091086575986,0.5718310977093815,0.03097694946467097,0.0,0.0,174.33333333333334,19.857828011475306,9.0,4.358898943540674,0.0,0.0,3,"[11, 12, 13]",0.0,0.0,0.0,0.0
matched_tight,circuit,bank1:3,independent,0.6676258838296364,0.021277030065260542,426.6666666666667,25.716402029314548,0.6261915866211533,0.018179058834959967,0.5080015939526991,0.06985689778001457,0.0,0.0,192.66666666666666,49.21720566360237,9.0,4.358898943540674,0.0,0.0,3,"[11, 12, 13]",0.0,0.0,0.0,0.0
matched_tight,circuit,bank1:3,joint,0.6962310004391453,0.02421375242303039,426.6666666666667,25.716402029314548,0.6551138167817734,0.018223091086575986,0.5219901892535352,0.07355749998998201,0.0,0.0,186.33333333333334,49.05439158050309,9.0,4.358898943540674,0.0,0.0,3,"[11, 12, 13]",0.0,0.0,0.0,0.0
matched_tight,circuit,bank1:3,marginal_max,0.6676258838296364,0.021277030065260542,426.6666666666667,25.716402029314548,0.6261915866211533,0.018179058834959967,0.5563833634426786,0.02325583299285011,0.0,0.0,180.66666666666666,18.475208614068027,9.0,4.358898943540674,0.0,0.0,3,"[11, 12, 13]",0.0,0.0,0.0,0.0
matched_tight,circuit,bank1:3,relational_max,0.4562676563311035,0.027326658882421005,426.6666666666667,25.716402029314548,0.615270938692648,0.05111645975607239,0.2980743382929722,0.06610736897446233,130.66666666666666,42.922410618851934,162.0,31.480152477394387,9.0,4.358898943540674,0.0,0.0,3,"[11, 12, 13]",0.0,0.0,0.0,0.0
matched_tight,circuit,bank2:6-10,conditional_max,0.6937789285388015,0.019276732557135818,419.3333333333333,27.53785273643051,0.6482496922345576,0.01681412578016708,0.5508681899120127,0.023265039788701307,0.0,0.0,175.66666666666666,19.5021366350801,16.333333333333332,2.5166114784235836,0.0,0.0,3,"[11, 12, 13]",0.0,0.0,0.0,0.0
matched_tight,circuit,bank2:6-10,independent,0.6644135473791496,0.016380359413821915,419.3333333333333,27.53785273643051,0.6172540188782174,0.01602482183915798,0.4914166700076499,0.05923863856916435,0.0,0.0,186.0,45.902069670114,16.333333333333332,2.5166114784235836,0.0,0.0,3,"[11, 12, 13]",0.0,0.0,0.0,0.0
matched_tight,circuit,bank2:6-10,joint,0.6937789285388015,0.019276732557135818,419.3333333333333,27.53785273643051,0.6482496922345576,0.01681412578016708,0.507412285017857,0.060240679744887456,0.0,0.0,179.0,46.486557196677836,16.333333333333332,2.5166114784235836,0.0,0.0,3,"[11, 12, 13]",0.0,0.0,0.0,0.0
matched_tight,circuit,bank2:6-10,marginal_max,0.6644135473791496,0.016380359413821915,419.3333333333333,27.53785273643051,0.6172540188782174,0.01602482183915798,0.5354204556453098,0.015397933193471349,0.0,0.0,182.33333333333334,17.897858344878397,16.333333333333332,2.5166114784235836,0.0,0.0,3,"[11, 12, 13]",0.0,0.0,0.0,0.0
matched_tight,circuit,bank2:6-10,relational_max,0.4669252125576839,0.028686386760620696,419.3333333333333,27.53785273643051,0.6916558426468825,0.10499880540451388,0.32235870982164005,0.060943041588926716,164.0,59.90826320300064,106.66666666666667,22.501851775650227,16.333333333333332,2.5166114784235836,0.0,0.0,3,"[11, 12, 13]",0.0,0.0,0.0,0.0
matched_tight,circuit,full,conditional_max,0.6773404697861615,0.026709980689148028,435.6666666666667,29.938826518975876,0.6427057428058508,0.02235105537435779,0.5726343105607871,0.03088528889737997,0.0,0.0,183.0,24.43358344574123,0.0,0.0,0.0,0.0,3,"[11, 12, 13]",0.0,0.0,0.0,0.0
matched_tight,circuit,full,independent,0.6514111479904714,0.0247773781795702,435.6666666666667,29.938826518975876,0.6159617597140604,0.023133396268441193,0.5177580342545942,0.05474480744867308,0.0,0.0,197.0,41.32795663954365,0.0,0.0,0.0,0.0,3,"[11, 12, 13]",0.0,0.0,0.0,0.0
matched_tight,circuit,full,joint,0.6773404697861615,0.026709980689148028,435.6666666666667,29.938826518975876,0.6427057428058508,0.02235105537435779,0.5285604250216557,0.05646756027150248,0.0,0.0,189.66666666666666,43.015501081974314,0.0,0.0,0.0,0.0,3,"[11, 12, 13]",0.0,0.0,0.0,0.0
matched_tight,circuit,full,marginal_max,0.6514111479904714,0.0247773781795702,435.6666666666667,29.938826518975876,0.6159617597140604,0.023133396268441193,0.5618718901014971,0.025913566423995175,0.0,0.0,187.66666666666666,23.692474191889147,0.0,0.0,0.0,0.0,3,"[11, 12, 13]",0.0,0.0,0.0,0.0
matched_tight,circuit,full,relational_max,0.44219836851279387,0.02488984065415482,435.6666666666667,29.938826518975876,0.6180775769644613,0.057936706957909236,0.2973651184348162,0.06673535666055032,133.33333333333334,43.75309512861157,168.33333333333334,36.555893277737496,0.0,0.0,0.0,0.0,3,"[11, 12, 13]",0.0,0.0,0.0,0.0
matched_tight,circuit,random1:1,conditional_max,0.6821039667097585,0.023865578478211597,427.6666666666667,24.583192089989723,0.6403760673763014,0.021591349134561073,0.5698381303777174,0.04124134294426854,0.0,0.0,168.66666666666666,35.11884584284246,8.0,5.5677643628300215,0.0,0.0,3,"[11, 12, 13]",0.0,0.0,0.0,0.0
matched_tight,circuit,random1:1,independent,0.6591627979412213,0.02449488786465841,427.6666666666667,24.583192089989723,0.6166085736233984,0.024666495348075867,0.5042667797336365,0.06298097964464278,0.0,0.0,194.33333333333334,41.66933324800546,8.0,5.5677643628300215,0.0,0.0,3,"[11, 12, 13]",0.0,0.0,0.0,0.0
matched_tight,circuit,random1:1,joint,0.6821039667097585,0.023865578478211597,427.6666666666667,24.583192089989723,0.6403760673763014,0.021591349134561073,0.5141852880919665,0.06239589587784951,0.0,0.0,189.66666666666666,41.78915329763614,8.0,5.5677643628300215,0.0,0.0,3,"[11, 12, 13]",0.0,0.0,0.0,0.0
matched_tight,circuit,random1:1,marginal_max,0.6591627979412213,0.02449488786465841,427.6666666666667,24.583192089989723,0.6166085736233984,0.024666495348075867,0.559946268891235,0.03913267378073876,0.0,0.0,171.33333333333334,37.634204300520736,8.0,5.5677643628300215,0.0,0.0,3,"[11, 12, 13]",0.0,0.0,0.0,0.0
matched_tight,circuit,random1:1,relational_max,0.44609401332633375,0.02022390304244368,427.6666666666667,24.583192089989723,0.6235157174613666,0.05080003637803629,0.2758676533298668,0.06277811398186235,140.66666666666666,33.842773723992146,163.0,31.51190251317746,8.0,5.5677643628300215,0.0,0.0,3,"[11, 12, 13]",0.0,0.0,0.0,0.0
matched_tight,circuit,random3:5-8-14,conditional_max,0.6940959645335236,0.025133560441293258,397.3333333333333,32.516662395352526,0.6451294540881705,0.020689591207907775,0.5334380579695003,0.014337436561668472,0.0,0.0,155.66666666666666,12.220201853215574,38.333333333333336,4.041451884327381,0.0,0.0,3,"[11, 12, 13]",0.0,0.0,0.0,0.0
matched_tight,circuit,random3:5-8-14,independent,0.6741959521811912,0.023468189905258514,397.3333333333333,32.516662395352526,0.6250361473911532,0.02072651663215561,0.4845021712340944,0.039875178347078565,0.0,0.0,165.33333333333334,24.00694344004112,38.333333333333336,4.041451884327381,0.0,0.0,3,"[11, 12, 13]",0.0,0.0,0.0,0.0
matched_tight,circuit,random3:5-8-14,joint,0.6940959645335236,0.025133560441293258,397.3333333333333,32.516662395352526,0.6451294540881705,0.020689591207907775,0.4953985549944053,0.03966596970590464,0.0,0.0,160.33333333333334,26.652079343520896,38.333333333333336,4.041451884327381,0.0,0.0,3,"[11, 12, 13]",0.0,0.0,0.0,0.0
matched_tight,circuit,random3:5-8-14,marginal_max,0.6741959521811912,0.023468189905258514,397.3333333333333,32.516662395352526,0.6250361473911532,0.02072651663215561,0.5244300788917493,0.012007639066437661,0.0,0.0,159.0,13.114877048604,38.333333333333336,4.041451884327381,0.0,0.0,3,"[11, 12, 13]",0.0,0.0,0.0,0.0
matched_tight,circuit,random3:5-8-14,relational_max,0.46111025721670734,0.018671354699242172,397.3333333333333,32.516662395352526,0.6316041106783022,0.0764008845574445,0.21130864083539969,0.06140678634246256,154.33333333333334,45.08140784551136,143.66666666666666,26.950572040929544,38.333333333333336,4.041451884327381,0.0,0.0,3,"[11, 12, 13]",0.0,0.0,0.0,0.0
matched_tight,circuit,random7:3-4-8-10-11-12-14,conditional_max,0.7720737458480144,0.024229247329976594,325.6666666666667,34.7754702819866,0.7033593677613871,0.026360834554096713,0.4716885490940266,0.009100870116431002,0.0,0.0,115.0,10.535653752852738,110.0,5.5677643628300215,0.0,0.0,3,"[11, 12, 13]",0.0,0.0,0.0,0.0
matched_tight,circuit,random7:3-4-8-10-11-12-14,independent,0.7565019955424491,0.022317545157343983,325.6666666666667,34.7754702819866,0.6837860778872372,0.02156807097298339,0.4191412417847249,0.016946057387159815,0.0,0.0,136.0,28.583211855912904,110.0,5.5677643628300215,0.0,0.0,3,"[11, 12, 13]",0.0,0.0,0.0,0.0
matched_tight,circuit,random7:3-4-8-10-11-12-14,joint,0.7720737458480144,0.024229247329976594,325.6666666666667,34.7754702819866,0.7033593677613871,0.026360834554096713,0.43193732882523334,0.01999264565232351,0.0,0.0,131.66666666666666,26.652079343520896,110.0,5.5677643628300215,0.0,0.0,3,"[11, 12, 13]",0.0,0.0,0.0,0.0
matched_tight,circuit,random7:3-4-8-10-11-12-14,marginal_max,0.7565019955424491,0.022317545157343983,325.6666666666667,34.7754702819866,0.6837860778872372,0.02156807097298339,0.45484902198285937,0.012861567844119619,0.0,0.0,121.33333333333333,13.613718571108091,110.0,5.5677643628300215,0.0,0.0,3,"[11, 12, 13]",0.0,0.0,0.0,0.0
matched_tight,circuit,random7:3-4-8-10-11-12-14,relational_max,0.5287726003255748,0.038091862059932514,325.6666666666667,34.7754702819866,0.5297479757821472,0.11685505185050966,0.18613386691871855,0.07344929033807665,68.0,117.77945491468365,167.0,70.76015828133795,110.0,5.5677643628300215,0.0,0.0,3,"[11, 12, 13]",0.0,0.0,0.0,0.0
matched_tight,circuit,single_sensor_0,conditional_max,,,0.0,0.0,,,0.0,0.0,62.0,9.539392014169456,0.0,0.0,373.6666666666667,24.94660965609021,62.0,9.539392014169456,3,"[11, 12, 13]",0.0,0.0,0.0,0.0
matched_tight,circuit,single_sensor_0,independent,,,0.0,0.0,,,0.0,0.0,62.0,9.539392014169456,0.0,0.0,373.6666666666667,24.94660965609021,62.0,9.539392014169456,3,"[11, 12, 13]",0.0,0.0,0.0,0.0
matched_tight,circuit,single_sensor_0,joint,,,0.0,0.0,,,0.0,0.0,62.0,9.539392014169456,0.0,0.0,373.6666666666667,24.94660965609021,62.0,9.539392014169456,3,"[11, 12, 13]",0.0,0.0,0.0,0.0
matched_tight,circuit,single_sensor_0,marginal_max,,,0.0,0.0,,,0.0,0.0,62.0,9.539392014169456,0.0,0.0,373.6666666666667,24.94660965609021,62.0,9.539392014169456,3,"[11, 12, 13]",0.0,0.0,0.0,0.0
matched_tight,circuit,single_sensor_0,relational_max,,,0.0,0.0,,,0.0,0.0,62.0,9.539392014169456,0.0,0.0,373.6666666666667,24.94660965609021,62.0,9.539392014169456,3,"[11, 12, 13]",1.0,0.0,0.0,0.0
matched_tight,gaussian_fitted,bank0:0-1-2-4-5-7-8,conditional_max,0.7874473845857866,0.0029953415091819808,329.6666666666667,26.350205565295564,0.7566908990246765,0.012681962403043489,0.4049779839333132,0.010518663076531324,0.0,0.0,149.33333333333334,13.576941236277534,106.0,5.5677643628300215,0.0,0.0,3,"[11, 12, 13]",0.0,0.0,0.0,0.0
matched_tight,gaussian_fitted,bank0:0-1-2-4-5-7-8,independent,0.7703893778118678,0.0017983147949840238,329.6666666666667,26.350205565295564,0.6909629871964861,0.012139206909011898,0.33309027174544703,0.039753500311854,0.0,0.0,178.0,34.64101615137755,106.0,5.5677643628300215,0.0,0.0,3,"[11, 12, 13]",0.0,0.0,0.0,0.0
matched_tight,gaussian_fitted,bank0:0-1-2-4-5-7-8,joint,0.7874473845857866,0.0029953415091819808,329.6666666666667,26.350205565295564,0.7566908990246765,0.012681962403043489,0.4332519348342245,0.0417011683829387,0.0,0.0,133.0,29.512709126747414,106.0,5.5677643628300215,0.0,0.0,3,"[11, 12, 13]",0.0,0.0,0.0,0.0
matched_tight,gaussian_fitted,bank0:0-1-2-4-5-7-8,marginal_max,0.7703893778118678,0.0017983147949840238,329.6666666666667,26.350205565295564,0.6909629871964861,0.012139206909011898,0.26069622849571117,0.02047390066976206,0.0,0.0,212.33333333333334,22.007574453658755,106.0,5.5677643628300215,0.0,0.0,3,"[11, 12, 13]",0.0,0.0,0.0,0.0
matched_tight,gaussian_fitted,bank0:0-1-2-4-5-7-8,relational_max,0.739091708627611,0.014911887786299689,329.6666666666667,26.350205565295564,0.7125987028191219,0.01443322258204201,0.47531531794213255,0.013409044270066223,0.0,0.0,102.66666666666667,8.736894948054106,106.0,5.5677643628300215,0.0,0.0,3,"[11, 12, 13]",0.0,0.0,0.0,0.0
matched_tight,gaussian_fitted,bank1:3,conditional_max,0.7508257213688131,0.007581556635467627,426.6666666666667,25.716402029314548,0.7270464528591463,0.012482744719019761,0.6667573794218925,0.008975555938814665,0.0,0.0,126.0,1.0,9.0,4.358898943540674,0.0,0.0,3,"[11, 12, 13]",0.0,0.0,0.0,0.0
matched_tight,gaussian_fitted,bank1:3,independent,0.683949533368824,0.01299965717021246,426.6666666666667,25.716402029314548,0.6260667222354529,0.01199094484759086,0.5311884626334318,0.05329181968338481,0.0,0.0,178.66666666666666,27.682726262659415,9.0,4.358898943540674,0.0,0.0,3,"[11, 12, 13]",0.0,0.0,0.0,0.0
matched_tight,gaussian_fitted,bank1:3,joint,0.7508257213688131,0.007581556635467627,426.6666666666667,25.716402029314548,0.7270464528591463,0.012482744719019761,0.6247649466475359,0.011041442613176668,0.0,0.0,140.0,12.165525060596439,9.0,4.358898943540674,0.0,0.0,3,"[11, 12, 13]",0.0,0.0,0.0,0.0
matched_tight,gaussian_fitted,bank1:3,marginal_max,0.683949533368824,0.01299965717021246,426.6666666666667,25.716402029314548,0.6260667222354529,0.01199094484759086,0.5489790562876696,0.010478187908965089,0.0,0.0,181.33333333333334,11.060440015358038,9.0,4.358898943540674,0.0,0.0,3,"[11, 12, 13]",0.0,0.0,0.0,0.0
matched_tight,gaussian_fitted,bank1:3,relational_max,0.709585260115082,0.0109757535616805,426.6666666666667,25.716402029314548,0.6921166746050647,0.006096690313861005,0.6357412710233897,0.006867580668810668,0.0,0.0,122.0,6.244997998398398,9.0,4.358898943540674,0.0,0.0,3,"[11, 12, 13]",0.0,0.0,0.0,0.0
matched_tight,gaussian_fitted,bank2:6-10,conditional_max,0.763980868366462,0.00804145132877662,419.3333333333333,27.53785273643051,0.7195607431927901,0.009867988794896799,0.5177158771214737,0.045233681514309,0.0,0.0,189.33333333333334,28.571547618799602,16.333333333333332,2.5166114784235836,0.0,0.0,3,"[11, 12, 13]",0.0,0.0,0.0,0.0
matched_tight,gaussian_fitted,bank2:6-10,independent,0.686843252390012,0.0075455230776634375,419.3333333333333,27.53785273643051,0.6236890125528496,0.013468156162436639,0.4260809295465618,0.0779597244551622,0.0,0.0,218.66666666666666,45.05922029211484,16.333333333333332,2.5166114784235836,0.0,0.0,3,"[11, 12, 13]",0.0,0.0,0.0,0.0
matched_tight,gaussian_fitted,bank2:6-10,joint,0.763980868366462,0.00804145132877662,419.3333333333333,27.53785273643051,0.7195607431927901,0.009867988794896799,0.5650186912822207,0.04983944107878589,0.0,0.0,164.0,27.622454633866266,16.333333333333332,2.5166114784235836,0.0,0.0,3,"[11, 12, 13]",0.0,0.0,0.0,0.0
matched_tight,gaussian_fitted,bank2:6-10,marginal_max,0.686843252390012,0.0075455230776634375,419.3333333333333,27.53785273643051,0.6236890125528496,0.013468156162436639,0.19719981063712347,0.06559434412735364,0.0,0.0,328.0,39.50949253027682,16.333333333333332,2.5166114784235836,0.0,0.0,3,"[11, 12, 13]",0.0,0.0,0.0,0.0
matched_tight,gaussian_fitted,bank2:6-10,relational_max,0.7102502234774798,0.004906632586026931,419.3333333333333,27.53785273643051,0.6869127965787074,0.010568814415890025,0.5921311139485845,0.01482892027685557,0.0,0.0,143.0,13.0,16.333333333333332,2.5166114784235836,0.0,0.0,3,"[11, 12, 13]",0.0,0.0,0.0,0.0
matched_tight,gaussian_fitted,full,conditional_max,0.7373371291503289,0.011412270792001843,435.6666666666667,29.938826518975876,0.7128571156664573,0.012655658201076643,0.5593436365204693,0.034827894502053924,0.0,0.0,187.33333333333334,27.537852736430512,0.0,0.0,0.0,0.0,3,"[11, 12, 13]",0.0,0.0,0.0,0.0
matched_tight,gaussian_fitted,full,independent,0.6763807381187412,0.015799287894298956,435.6666666666667,29.938826518975876,0.6212882183164442,0.017412130405228925,0.4737837707591483,0.03798124849139086,0.0,0.0,218.66666666666666,31.564748269760262,0.0,0.0,0.0,0.0,3,"[11, 12, 13]",0.0,0.0,0.0,0.0
matched_tight,gaussian_fitted,full,joint,0.7373371291503289,0.011412270792001843,435.6666666666667,29.938826518975876,0.7128571156664573,0.012655658201076643,0.6050000546706337,0.029283660858530507,0.0,0.0,160.0,24.269322199023193,0.0,0.0,0.0,0.0,3,"[11, 12, 13]",0.0,0.0,0.0,0.0
matched_tight,gaussian_fitted,full,marginal_max,0.6763807381187412,0.015799287894298956,435.6666666666667,29.938826518975876,0.6212882183164442,0.017412130405228925,0.34749059766341756,0.050318742087482105,0.0,0.0,279.3333333333333,33.02019584032374,0.0,0.0,0.0,0.0,3,"[11, 12, 13]",0.0,0.0,0.0,0.0
matched_tight,gaussian_fitted,full,relational_max,0.6857186649313377,0.009921665908190939,435.6666666666667,29.938826518975876,0.6825102568183392,0.00929909584221096,0.6240142985980425,0.017103736993586464,0.0,0.0,141.66666666666666,9.504384952922168,0.0,0.0,0.0,0.0,3,"[11, 12, 13]",0.0,0.0,0.0,0.0
matched_tight,gaussian_fitted,random1:1,conditional_max,0.742777838109101,0.012187608935689816,427.6666666666667,24.583192089989723,0.7173174045184313,0.0114890244560316,0.5592496435272197,0.03296824338261758,0.0,0.0,179.66666666666666,21.548395145191982,8.0,5.5677643628300215,0.0,0.0,3,"[11, 12, 13]",0.0,0.0,0.0,0.0
matched_tight,gaussian_fitted,random1:1,independent,0.6842348564095134,0.01392619751780826,427.6666666666667,24.583192089989723,0.6231562427533331,0.013672836181673113,0.4762361334012059,0.060203712110954204,0.0,0.0,208.0,37.986839826445156,8.0,5.5677643628300215,0.0,0.0,3,"[11, 12, 13]",0.0,0.0,0.0,0.0
matched_tight,gaussian_fitted,random1:1,joint,0.742777838109101,0.012187608935689816,427.6666666666667,24.583192089989723,0.7173174045184313,0.0114890244560316,0.6067004733666946,0.0335255159821532,0.0,0.0,150.66666666666666,21.93931022920578,8.0,5.5677643628300215,0.0,0.0,3,"[11, 12, 13]",0.0,0.0,0.0,0.0
matched_tight,gaussian_fitted,random1:1,marginal_max,0.6842348564095134,0.01392619751780826,427.6666666666667,24.583192089989723,0.6231562427533331,0.013672836181673113,0.34749059766341756,0.050318742087482105,0.0,0.0,271.3333333333333,27.501515109777742,8.0,5.5677643628300215,0.0,0.0,3,"[11, 12, 13]",0.0,0.0,0.0,0.0
matched_tight,gaussian_fitted,random1:1,relational_max,0.6928636827610101,0.007634874845205231,427.6666666666667,24.583192089989723,0.6803160521493229,0.004984399937198474,0.6165727749153314,0.015248984899448715,0.0,0.0,131.66666666666666,11.846237095944574,8.0,5.5677643628300215,0.0,0.0,3,"[11, 12, 13]",0.0,0.0,0.0,0.0
matched_tight,gaussian_fitted,random3:5-8-14,conditional_max,0.7488786058540841,0.02037096803984614,397.3333333333333,32.516662395352526,0.7233670001512221,0.030079466697966482,0.5043404838472575,0.021006935051918123,0.0,0.0,172.33333333333334,24.8461935381123,38.333333333333336,4.041451884327381,0.0,0.0,3,"[11, 12, 13]",0.0,0.0,0.0,0.0
matched_tight,gaussian_fitted,random3:5-8-14,independent,0.7081459664176272,0.019551265885191883,397.3333333333333,32.516662395352526,0.6421912349540629,0.026904351018864125,0.4218902027389582,0.06847210304825062,0.0,0.0,203.66666666666666,51.05226080530943,38.333333333333336,4.041451884327381,0.0,0.0,3,"[11, 12, 13]",0.0,0.0,0.0,0.0
matched_tight,gaussian_fitted,random3:5-8-14,joint,0.7488786058540841,0.02037096803984614,397.3333333333333,32.516662395352526,0.7233670001512221,0.030079466697966482,0.5256492340239247,0.0172751862303275,0.0,0.0,159.66666666666666,25.423086620891127,38.333333333333336,4.041451884327381,0.0,0.0,3,"[11, 12, 13]",0.0,0.0,0.0,0.0
matched_tight,gaussian_fitted,random3:5-8-14,marginal_max,0.7081459664176272,0.019551265885191883,397.3333333333333,32.516662395352526,0.6421912349540629,0.026904351018864125,0.29053444796631317,0.04283811016218075,0.0,0.0,266.3333333333333,36.0185137579736,38.333333333333336,4.041451884327381,0.0,0.0,3,"[11, 12, 13]",0.0,0.0,0.0,0.0
matched_tight,gaussian_fitted,random3:5-8-14,relational_max,0.6893083207781001,0.01825538340650977,397.3333333333333,32.516662395352526,0.6623800503543108,0.02657393633590353,0.543877071257704,0.002550273454775316,0.0,0.0,125.0,1.0,38.333333333333336,4.041451884327381,0.0,0.0,3,"[11, 12, 13]",0.0,0.0,0.0,0.0
matched_tight,gaussian_fitted,random7:3-4-8-10-11-12-14,conditional_max,0.8023500164773258,0.020304473436808655,325.6666666666667,34.7754702819866,0.7496508632872702,0.020486966685302914,0.5268502871018206,0.008102360302654387,0.0,0.0,81.0,5.291502622129181,110.0,5.5677643628300215,0.0,0.0,3,"[11, 12, 13]",0.0,0.0,0.0,0.0
matched_tight,gaussian_fitted,random7:3-4-8-10-11-12-14,independent,0.757267275224231,0.021113011461949143,325.6666666666667,34.7754702819866,0.6832760062634075,0.026106690539053498,0.4456404624244685,0.01096305709609508,0.0,0.0,113.0,4.0,110.0,5.5677643628300215,0.0,0.0,3,"[11, 12, 13]",0.0,0.0,0.0,0.0
matched_tight,gaussian_fitted,random7:3-4-8-10-11-12-14,joint,0.8023500164773258,0.020304473436808655,325.6666666666667,34.7754702819866,0.7496508632872702,0.020486966685302914,0.5119104632708509,0.015582278488884691,0.0,0.0,85.0,8.18535277187245,110.0,5.5677643628300215,0.0,0.0,3,"[11, 12, 13]",0.0,0.0,0.0,0.0
matched_tight,gaussian_fitted,random7:3-4-8-10-11-12-14,marginal_max,0.757267275224231,0.021113011461949143,325.6666666666667,34.7754702819866,0.6832760062634075,0.026106690539053498,0.4501637081754466,0.015290532938802616,0.0,0.0,122.0,13.856406460551018,110.0,5.5677643628300215,0.0,0.0,3,"[11, 12, 13]",0.0,0.0,0.0,0.0
matched_tight,gaussian_fitted,random7:3-4-8-10-11-12-14,relational_max,0.7483854879436221,0.0129284480835757,325.6666666666667,34.7754702819866,0.7117209669824472,0.019640759376417755,0.4831496197556182,0.014786309929837692,0.0,0.0,85.0,28.930952282978865,110.0,5.5677643628300215,0.0,0.0,3,"[11, 12, 13]",0.0,0.0,0.0,0.0
matched_tight,gaussian_fitted,single_sensor_0,conditional_max,,,0.0,0.0,,,0.0,0.0,62.0,9.539392014169456,0.0,0.0,373.6666666666667,24.94660965609021,62.0,9.539392014169456,3,"[11, 12, 13]",0.0,0.0,0.0,0.0
matched_tight,gaussian_fitted,single_sensor_0,independent,,,0.0,0.0,,,0.0,0.0,62.0,9.539392014169456,0.0,0.0,373.6666666666667,24.94660965609021,62.0,9.539392014169456,3,"[11, 12, 13]",0.0,0.0,0.0,0.0
matched_tight,gaussian_fitted,single_sensor_0,joint,,,0.0,0.0,,,0.0,0.0,62.0,9.539392014169456,0.0,0.0,373.6666666666667,24.94660965609021,62.0,9.539392014169456,3,"[11, 12, 13]",0.0,0.0,0.0,0.0
matched_tight,gaussian_fitted,single_sensor_0,marginal_max,,,0.0,0.0,,,0.0,0.0,62.0,9.539392014169456,0.0,0.0,373.6666666666667,24.94660965609021,62.0,9.539392014169456,3,"[11, 12, 13]",0.0,0.0,0.0,0.0
matched_tight,gaussian_fitted,single_sensor_0,relational_max,,,0.0,0.0,,,0.0,0.0,62.0,9.539392014169456,0.0,0.0,373.6666666666667,24.94660965609021,62.0,9.539392014169456,3,"[11, 12, 13]",1.0,0.0,0.0,0.0
matched_tight,gmm_fitted,bank0:0-1-2-4-5-7-8,conditional_max,0.79037676838559,0.004916109268801762,329.6666666666667,26.350205565295564,0.7635449811179496,0.016629530271694976,0.4892099202497193,0.011501990796961658,0.0,0.0,112.0,5.5677643628300215,106.0,5.5677643628300215,0.0,0.0,3,"[11, 12, 13]",0.0,0.0,0.0,0.0
matched_tight,gmm_fitted,bank0:0-1-2-4-5-7-8,independent,0.7666330566446703,0.010898342940685929,329.6666666666667,26.350205565295564,0.689632881349001,0.019508739173422853,0.28386183637443796,0.062348844097891765,0.0,0.0,200.66666666666666,46.31774318048466,106.0,5.5677643628300215,0.0,0.0,3,"[11, 12, 13]",0.0,0.0,0.0,0.0
matched_tight,gmm_fitted,bank0:0-1-2-4-5-7-8,joint,0.79037676838559,0.004916109268801762,329.6666666666667,26.350205565295564,0.7635449811179496,0.016629530271694976,0.38668352951991486,0.029823785952755255,0.0,0.0,154.33333333333334,28.919428302325297,106.0,5.5677643628300215,0.0,0.0,3,"[11, 12, 13]",0.0,0.0,0.0,0.0
matched_tight,gmm_fitted,bank0:0-1-2-4-5-7-8,marginal_max,0.7666330566446703,0.010898342940685929,329.6666666666667,26.350205565295564,0.689632881349001,0.019508739173422853,0.3982617573247513,0.026395987212779387,0.0,0.0,152.66666666666666,22.941955743426348,106.0,5.5677643628300215,0.0,0.0,3,"[11, 12, 13]",0.0,0.0,0.0,0.0
matched_tight,gmm_fitted,bank0:0-1-2-4-5-7-8,relational_max,0.7498689562617032,0.018217994047462886,329.6666666666667,26.350205565295564,0.7401315530781437,0.021714180462961828,0.45603820950839763,0.04502266629978062,0.0,0.0,121.0,13.228756555322953,106.0,5.5677643628300215,0.0,0.0,3,"[11, 12, 13]",0.0,0.0,0.0,0.0
matched_tight,gmm_fitted,bank1:3,conditional_max,0.7483088502818895,0.009364407871399447,426.6666666666667,25.716402029314548,0.7271324521711519,0.014382031110832813,0.6684444746820294,0.01168730303699804,0.0,0.0,122.33333333333333,5.686240703077327,9.0,4.358898943540674,0.0,0.0,3,"[11, 12, 13]",0.0,0.0,0.0,0.0
matched_tight,gmm_fitted,bank1:3,independent,0.6842279060906916,0.013443037037806162,426.6666666666667,25.716402029314548,0.6254217273954116,0.013795321305549375,0.530973100833302,0.04615397815436414,0.0,0.0,180.0,22.516660498395403,9.0,4.358898943540674,0.0,0.0,3,"[11, 12, 13]",0.0,0.0,0.0,0.0
matched_tight,gmm_fitted,bank1:3,joint,0.7483088502818895,0.009364407871399447,426.6666666666667,25.716402029314548,0.7271324521711519,0.014382031110832813,0.6262914317348045,0.02162556393325007,0.0,0.0,135.33333333333334,14.294521094927712,9.0,4.358898943540674,0.0,0.0,3,"[11, 12, 13]",0.0,0.0,0.0,0.0
matched_tight,gmm_fitted,bank1:3,marginal_max,0.6842279060906916,0.013443037037806162,426.6666666666667,25.716402029314548,0.6254217273954116,0.013795321305549375,0.5559666922201258,0.013096065942426887,0.0,0.0,178.33333333333334,11.67618659209133,9.0,4.358898943540674,0.0,0.0,3,"[11, 12, 13]",0.0,0.0,0.0,0.0
matched_tight,gmm_fitted,bank1:3,relational_max,0.7075453293904075,0.014427311838039223,426.6666666666667,25.716402029314548,0.7049851485803499,0.01840271265846031,0.6445906647665584,0.009849515131787556,0.0,0.0,124.33333333333333,7.094598884597588,9.0,4.358898943540674,0.0,0.0,3,"[11, 12, 13]",0.0,0.0,0.0,0.0
matched_tight,gmm_fitted,bank2:6-10,conditional_max,0.7624000712372583,0.008222810696663078,419.3333333333333,27.53785273643051,0.7202179217305406,0.010662566571274734,0.5626484560810551,0.02802192186830017,0.0,0.0,169.33333333333334,25.774664562964407,16.333333333333332,2.5166114784235836,0.0,0.0,3,"[11, 12, 13]",0.0,0.0,0.0,0.0
matched_tight,gmm_fitted,bank2:6-10,independent,0.6848883929259729,0.007865498498412395,419.3333333333333,27.53785273643051,0.6242130856635386,0.00495646222253833,0.26435312693751717,0.02578056243361009,0.0,0.0,292.6666666666667,26.388128644019705,16.333333333333332,2.5166114784235836,0.0,0.0,3,"[11, 12, 13]",0.0,0.0,0.0,0.0
matched_tight,gmm_fitted,bank2:6-10,joint,0.7624000712372583,0.008222810696663078,419.3333333333333,27.53785273643051,0.7202179217305406,0.010662566571274734,0.4416032588557315,0.024907839979701907,0.0,0.0,216.66666666666666,25.32455988429677,16.333333333333332,2.5166114784235836,0.0,0.0,3,"[11, 12, 13]",0.0,0.0,0.0,0.0
matched_tight,gmm_fitted,bank2:6-10,marginal_max,0.6848883929259729,0.007865498498412395,419.3333333333333,27.53785273643051,0.6242130856635386,0.00495646222253833,0.4703022638097008,0.028211653660786144,0.0,0.0,208.33333333333334,23.18045153428495,16.333333333333332,2.5166114784235836,0.0,0.0,3,"[11, 12, 13]",0.0,0.0,0.0,0.0
matched_tight,gmm_fitted,bank2:6-10,relational_max,0.7158774130445392,0.018557166712896343,419.3333333333333,27.53785273643051,0.6869639822434456,0.02290357052625406,0.4660428949841921,0.031229416839001215,0.0,0.0,206.0,24.06241883103193,16.333333333333332,2.5166114784235836,0.0,0.0,3,"[11, 12, 13]",0.0,0.0,0.0,0.0
matched_tight,gmm_fitted,full,conditional_max,0.7312650936495032,0.010702156398171351,435.6666666666667,29.938826518975876,0.7127364758013601,0.0091875580319903,0.5544423939582065,0.04365581031225493,0.0,0.0,188.66666666666666,30.730007050655445,0.0,0.0,0.0,0.0,3,"[11, 12, 13]",0.0,0.0,0.0,0.0
matched_tight,gmm_fitted,full,independent,0.6748348164021376,0.012205809756806681,435.6666666666667,29.938826518975876,0.621167578451347,0.01466355053852963,0.3838753217974247,0.04554208812543393,0.0,0.0,257.6666666666667,37.5410886008029,0.0,0.0,0.0,0.0,3,"[11, 12, 13]",0.0,0.0,0.0,0.0
matched_tight,gmm_fitted,full,joint,0.7312650936495032,0.010702156398171351,435.6666666666667,29.938826518975876,0.7127364758013601,0.0091875580319903,0.5003118250960887,0.03465428640915097,0.0,0.0,204.0,31.04834939252005,0.0,0.0,0.0,0.0,3,"[11, 12, 13]",0.0,0.0,0.0,0.0
matched_tight,gmm_fitted,full,marginal_max,0.6748348164021376,0.012205809756806681,435.6666666666667,29.938826518975876,0.621167578451347,0.01466355053852963,0.5263345607903025,0.03209267722102205,0.0,0.0,201.33333333333334,26.57693235370353,0.0,0.0,0.0,0.0,3,"[11, 12, 13]",0.0,0.0,0.0,0.0
matched_tight,gmm_fitted,full,relational_max,0.6914524178129037,0.018436991656852433,435.6666666666667,29.938826518975876,0.6849731891162513,0.022529621603203685,0.48640187451429195,0.04850837944195265,0.0,0.0,208.0,31.480152477394387,0.0,0.0,0.0,0.0,3,"[11, 12, 13]",0.0,0.0,0.0,0.0
matched_tight,gmm_fitted,random1:1,conditional_max,0.7381765692500668,0.008881953121736976,427.6666666666667,24.583192089989723,0.710119767094267,0.0030076626757453203,0.570410633154783,0.038099529966807336,0.0,0.0,172.66666666666666,26.27419519858474,8.0,5.5677643628300215,0.0,0.0,3,"[11, 12, 13]",0.0,0.0,0.0,0.0
matched_tight,gmm_fitted,random1:1,independent,0.6836013583905501,0.007741433213273617,427.6666666666667,24.583192089989723,0.6253375279349386,0.007613303866828046,0.3828735533036654,0.05713566476507631,0.0,0.0,250.33333333333334,40.72263907623539,8.0,5.5677643628300215,0.0,0.0,3,"[11, 12, 13]",0.0,0.0,0.0,0.0
matched_tight,gmm_fitted,random1:1,joint,0.7381765692500668,0.008881953121736976,427.6666666666667,24.583192089989723,0.710119767094267,0.0030076626757453203,0.49357952127153365,0.03662216070184198,0.0,0.0,199.33333333333334,30.89228598426043,8.0,5.5677643628300215,0.0,0.0,3,"[11, 12, 13]",0.0,0.0,0.0,0.0
matched_tight,gmm_fitted,random1:1,marginal_max,0.6836013583905501,0.007741433213273617,427.6666666666667,24.583192089989723,0.6253375279349386,0.007613303866828046,0.5203921463812292,0.036098486298723274,0.0,0.0,196.0,23.430749027719962,8.0,5.5677643628300215,0.0,0.0,3,"[11, 12, 13]",0.0,0.0,0.0,0.0
matched_tight,gmm_fitted,random1:1,relational_max,0.6996326593439455,0.015944458594150057,427.6666666666667,24.583192089989723,0.6936016934370081,0.017329331508760013,0.5085552657337021,0.06147742881892261,0.0,0.0,190.0,35.59494346111537,8.0,5.5677643628300215,0.0,0.0,3,"[11, 12, 13]",0.0,0.0,0.0,0.0
matched_tight,gmm_fitted,random3:5-8-14,conditional_max,0.7479096291770372,0.01613876982126499,397.3333333333333,32.516662395352526,0.7270142387558399,0.020699878181713097,0.541750140625019,0.016046415308875298,0.0,0.0,154.66666666666666,20.108041509140897,38.333333333333336,4.041451884327381,0.0,0.0,3,"[11, 12, 13]",0.0,0.0,0.0,0.0
matched_tight,gmm_fitted,random3:5-8-14,independent,0.7055567043503399,0.010491366718415917,397.3333333333333,32.516662395352526,0.6419657282936574,0.019590456415100203,0.3171353559847943,0.042696963332507075,0.0,0.0,252.66666666666666,41.10150037812894,38.333333333333336,4.041451884327381,0.0,0.0,3,"[11, 12, 13]",0.0,0.0,0.0,0.0
matched_tight,gmm_fitted,random3:5-8-14,joint,0.7479096291770372,0.01613876982126499,397.3333333333333,32.516662395352526,0.7270142387558399,0.020699878181713097,0.44477338617351325,0.01924998153222249,0.0,0.0,195.33333333333334,23.629078131263043,38.333333333333336,4.041451884327381,0.0,0.0,3,"[11, 12, 13]",0.0,0.0,0.0,0.0
matched_tight,gmm_fitted,random3:5-8-14,marginal_max,0.7055567043503399,0.010491366718415917,397.3333333333333,32.516662395352526,0.6419657282936574,0.019590456415100203,0.4742110116375556,0.030253133119987417,0.0,0.0,185.66666666666666,31.182259913824932,38.333333333333336,4.041451884327381,0.0,0.0,3,"[11, 12, 13]",0.0,0.0,0.0,0.0
matched_tight,gmm_fitted,random3:5-8-14,relational_max,0.6968264822584436,0.02452180630053086,397.3333333333333,32.516662395352526,0.6845884768749553,0.04280460822553803,0.4724798963930746,0.0368597817177385,0.0,0.0,170.66666666666666,21.571586249817916,38.333333333333336,4.041451884327381,0.0,0.0,3,"[11, 12, 13]",0.0,0.0,0.0,0.0
matched_tight,gmm_fitted,random7:3-4-8-10-11-12-14,conditional_max,0.8010063987039623,0.022748655147206687,325.6666666666667,34.7754702819866,0.7459978952507406,0.026807380127838336,0.526047074250415,0.00941995209147026,0.0,0.0,79.33333333333333,1.5275252316519468,110.0,5.5677643628300215,0.0,0.0,3,"[11, 12, 13]",0.0,0.0,0.0,0.0
matched_tight,gmm_fitted,random7:3-4-8-10-11-12-14,independent,0.7578496424786577,0.02350142659725515,325.6666666666667,34.7754702819866,0.6845425541823634,0.029385029467278605,0.43921403067144044,0.015834226075054133,0.0,0.0,117.33333333333333,7.571877794400365,110.0,5.5677643628300215,0.0,0.0,3,"[11, 12, 13]",0.0,0.0,0.0,0.0
matched_tight,gmm_fitted,random7:3-4-8-10-11-12-14,joint,0.8010063987039623,0.022748655147206687,325.6666666666667,34.7754702819866,0.7459978952507406,0.026807380127838336,0.5135975585309879,0.012190138460879536,0.0,0.0,84.33333333333333,7.505553499465135,110.0,5.5677643628300215,0.0,0.0,3,"[11, 12, 13]",0.0,0.0,0.0,0.0
matched_tight,gmm_fitted,random7:3-4-8-10-11-12-14,marginal_max,0.7578496424786577,0.02350142659725515,325.6666666666667,34.7754702819866,0.6845425541823634,0.029385029467278605,0.45270803897246753,0.008552473506738876,0.0,0.0,120.33333333333333,18.175074506954115,110.0,5.5677643628300215,0.0,0.0,3,"[11, 12, 13]",0.0,0.0,0.0,0.0
matched_tight,gmm_fitted,random7:3-4-8-10-11-12-14,relational_max,0.7483416971550265,0.02085037241415406,325.6666666666667,34.7754702819866,0.7184640492500982,0.029173639264973822,0.49759210280670935,0.012395373127294008,0.0,0.0,78.66666666666667,26.501572280401277,110.0,5.5677643628300215,0.0,0.0,3,"[11, 12, 13]",0.0,0.0,0.0,0.0
matched_tight,gmm_fitted,single_sensor_0,conditional_max,,,0.0,0.0,,,0.0,0.0,62.0,9.539392014169456,0.0,0.0,373.6666666666667,24.94660965609021,62.0,9.539392014169456,3,"[11, 12, 13]",0.0,0.0,0.0,0.0
matched_tight,gmm_fitted,single_sensor_0,independent,,,0.0,0.0,,,0.0,0.0,62.0,9.539392014169456,0.0,0.0,373.6666666666667,24.94660965609021,62.0,9.539392014169456,3,"[11, 12, 13]",0.0,0.0,0.0,0.0
matched_tight,gmm_fitted,single_sensor_0,joint,,,0.0,0.0,,,0.0,0.0,62.0,9.539392014169456,0.0,0.0,373.6666666666667,24.94660965609021,62.0,9.539392014169456,3,"[11, 12, 13]",0.0,0.0,0.0,0.0
matched_tight,gmm_fitted,single_sensor_0,marginal_max,,,0.0,0.0,,,0.0,0.0,62.0,9.539392014169456,0.0,0.0,373.6666666666667,24.94660965609021,62.0,9.539392014169456,3,"[11, 12, 13]",0.0,0.0,0.0,0.0
matched_tight,gmm_fitted,single_sensor_0,relational_max,,,0.0,0.0,,,0.0,0.0,62.0,9.539392014169456,0.0,0.0,373.6666666666667,24.94660965609021,62.0,9.539392014169456,3,"[11, 12, 13]",1.0,0.0,0.0,0.0
unmatched,circuit,bank0:0-1-2-4-5-7-8,conditional_max,0.7441359528171835,0.0022854940305127077,329.3333333333333,35.64173583501978,0.6849465215655292,0.0071278684509847425,0.45079371635984294,0.023122679774073337,0.0,0.0,128.66666666666666,18.903262505010435,106.33333333333333,7.571877794400366,0.0,0.0,3,"[11, 12, 13]",0.0,0.0,0.0,0.0
unmatched,circuit,bank0:0-1-2-4-5-7-8,independent,0.7361868311925642,0.0007286323514435343,329.3333333333333,35.64173583501978,0.6710438843155412,0.0029523898789787337,0.41525638704864837,0.009135548119213499,0.0,0.0,134.33333333333334,18.823743871327334,106.33333333333333,7.571877794400366,0.0,0.0,3,"[11, 12, 13]",0.0,0.0,0.0,0.0
unmatched,circuit,bank0:0-1-2-4-5-7-8,joint,0.7441359528171835,0.0022854940305127077,329.3333333333333,35.64173583501978,0.6849465215655292,0.0071278684509847425,0.42443902867697475,0.013481852755018158,0.0,0.0,129.66666666666666,20.108041509140897,106.33333333333333,7.571877794400366,0.0,0.0,3,"[11, 12, 13]",0.0,0.0,0.0,0.0
unmatched,circuit,bank0:0-1-2-4-5-7-8,marginal_max,0.7361868311925642,0.0007286323514435343,329.3333333333333,35.64173583501978,0.6710438843155412,0.0029523898789787337,0.4399646787209339,0.02836810955540045,0.0,0.0,133.0,19.0,106.33333333333333,7.571877794400366,0.0,0.0,3,"[11, 12, 13]",0.0,0.0,0.0,0.0
unmatched,circuit,bank0:0-1-2-4-5-7-8,relational_max,0.5223573322468683,0.007856085901652704,329.3333333333333,35.64173583501978,0.6320196503777362,0.09932279915290303,0.1574494812971762,0.06543811832459911,140.33333333333334,45.70922591045853,108.0,26.664583251946766,106.33333333333333,7.571877794400366,0.0,0.0,3,"[11, 12, 13]",0.0,0.0,0.0,0.0
unmatched,circuit,bank1:3,conditional_max,0.7087009735147668,0.003941406340941354,425.0,28.160255680657446,0.656411026889008,0.003671210644913698,0.5791477698633599,0.005056356667247954,0.0,0.0,169.66666666666666,13.650396819628847,10.666666666666666,2.5166114784235836,0.0,0.0,3,"[11, 12, 13]",0.0,0.0,0.0,0.0
unmatched,circuit,bank1:3,independent,0.6803000260589304,0.005567382608328382,425.0,28.160255680657446,0.6337952849926163,0.012651283556391493,0.5069423200516091,0.05421577463585848,0.0,0.0,192.33333333333334,43.66157731156002,10.666666666666666,2.5166114784235836,0.0,0.0,3,"[11, 12, 13]",0.0,0.0,0.0,0.0
unmatched,circuit,bank1:3,joint,0.7087009735147668,0.003941406340941354,425.0,28.160255680657446,0.656411026889008,0.003671210644913698,0.5184939009845979,0.05159834771073384,0.0,0.0,186.33333333333334,43.84442191811102,10.666666666666666,2.5166114784235836,0.0,0.0,3,"[11, 12, 13]",0.0,0.0,0.0,0.0
unmatched,circuit,bank1:3,marginal_max,0.6803000260589304,0.005567382608328382,425.0,28.160255680657446,0.6337952849926163,0.012651283556391493,0.5651858214343711,0.011321766466743842,0.0,0.0,175.66666666666666,13.051181300301263,10.666666666666666,2.5166114784235836,0.0,0.0,3,"[11, 12, 13]",0.0,0.0,0.0,0.0
unmatched,circuit,bank1:3,relational_max,0.47096303499888653,0.032447863905501445,425.0,28.160255680657446,0.6155206143601832,0.06784842889932911,0.2987842870929113,0.08015421367105656,126.0,42.930175867331364,162.66666666666666,35.47299442298794,10.666666666666666,2.5166114784235836,0.0,0.0,3,"[11, 12, 13]",0.0,0.0,0.0,0.0
unmatched,circuit,bank2:6-10,conditional_max,0.7061219123357096,0.00290821761135195,422.6666666666667,26.6520793435209,0.6474087217554405,0.00200326296093613,0.5654951762277506,0.0027545856980890947,0.0,0.0,172.66666666666666,13.051181300301263,13.0,3.605551275463989,0.0,0.0,3,"[11, 12, 13]",0.0,0.0,0.0,0.0
unmatched,circuit,bank2:6-10,independent,0.6772242375901346,0.009270630614358675,422.6666666666667,26.6520793435209,0.6254701476922891,0.006941289670388328,0.5105143372724538,0.039307901267741044,0.0,0.0,180.66666666666666,37.09896674212549,13.0,3.605551275463989,0.0,0.0,3,"[11, 12, 13]",0.0,0.0,0.0,0.0
unmatched,circuit,bank2:6-10,joint,0.7061219123357096,0.00290821761135195,422.6666666666667,26.6520793435209,0.6474087217554405,0.00200326296093613,0.5188937660493744,0.04073913739559244,0.0,0.0,178.66666666666666,36.528527664461556,13.0,3.605551275463989,0.0,0.0,3,"[11, 12, 13]",0.0,0.0,0.0,0.0
unmatched,circuit,bank2:6-10,marginal_max,0.6772242375901346,0.009270630614358675,422.6666666666667,26.6520793435209,0.6254701476922891,0.006941289670388328,0.5530323370723996,0.006947802869528883,0.0,0.0,178.0,11.789826122551595,13.0,3.605551275463989,0.0,0.0,3,"[11, 12, 13]",0.0,0.0,0.0,0.0
unmatched,circuit,bank2:6-10,relational_max,0.47436258399753356,0.04187093449419718,422.6666666666667,26.6520793435209,0.6951239333102865,0.1331777924976938,0.3189719248072253,0.06596607724149682,160.0,59.3548650070068,113.66666666666667,27.42869543622761,13.0,3.605551275463989,0.0,0.0,3,"[11, 12, 13]",0.0,0.0,0.0,0.0
unmatched,circuit,full,conditional_max,0.686671358949842,0.004721581220986969,435.6666666666667,29.938826518975876,0.6411898273744367,0.000898843818679768,0.5806468791369976,0.0041727819850405365,0.0,0.0,179.66666666666666,14.011899704655802,0.0,0.0,0.0,0.0,3,"[11, 12, 13]",0.0,0.0,0.0,0.0
unmatched,circuit,full,independent,0.6611907459643664,0.005551918604558169,435.6666666666667,29.938826518975876,0.6214061044014719,0.009005330518288467,0.5171260012319117,0.03586904688429446,0.0,0.0,196.66666666666666,35.23256069793016,0.0,0.0,0.0,0.0,3,"[11, 12, 13]",0.0,0.0,0.0,0.0
unmatched,circuit,full,joint,0.686671358949842,0.004721581220986969,435.6666666666667,29.938826518975876,0.6411898273744367,0.000898843818679768,0.5350100209246789,0.041695860328429674,0.0,0.0,188.0,38.353617821530214,0.0,0.0,0.0,0.0,3,"[11, 12, 13]",0.0,0.0,0.0,0.0
unmatched,circuit,full,marginal_max,0.6611907459643664,0.005551918604558169,435.6666666666667,29.938826518975876,0.6214061044014719,0.009005330518288467,0.5721601339309036,0.007091749547748822,0.0,0.0,183.33333333333334,13.503086067019396,0.0,0.0,0.0,0.0,3,"[11, 12, 13]",0.0,0.0,0.0,0.0
unmatched,circuit,full,relational_max,0.4540284514735129,0.03491517691478015,435.6666666666667,29.938826518975876,0.614141590898596,0.07562423443966791,0.296468641531944,0.08227626163703496,129.0,41.0731055558257,170.66666666666666,36.528527664461556,0.0,0.0,0.0,0.0,3,"[11, 12, 13]",0.0,0.0,0.0,0.0
unmatched,circuit,random1:1,conditional_max,0.6980530239332424,0.0022143403389044566,426.6666666666667,31.182259913824932,0.6541274806723699,0.012270511256542849,0.5723488488591859,0.007387205896649173,0.0,0.0,167.33333333333334,22.18858565419016,9.0,2.6457513110645907,0.0,0.0,3,"[11, 12, 13]",0.0,0.0,0.0,0.0
unmatched,circuit,random1:1,independent,0.6706926746853622,0.010440650761671194,426.6666666666667,31.182259913824932,0.6314262151028571,0.021489912895564508,0.5021756077450874,0.041778858158747996,0.0,0.0,195.0,38.19685850956856,9.0,2.6457513110645907,0.0,0.0,3,"[11, 12, 13]",0.0,0.0,0.0,0.0
unmatched,circuit,random1:1,joint,0.6980530239332424,0.0022143403389044566,426.6666666666667,31.182259913824932,0.6541274806723699,0.012270511256542849,0.5190950754717975,0.04319733156760617,0.0,0.0,187.0,40.11234224026316,9.0,2.6457513110645907,0.0,0.0,3,"[11, 12, 13]",0.0,0.0,0.0,0.0
unmatched,circuit,random1:1,marginal_max,0.6706926746853622,0.010440650761671194,426.6666666666667,31.182259913824932,0.6314262151028571,0.021489912895564508,0.5631395603590119,0.00733813101608267,0.0,0.0,171.0,22.9128784747792,9.0,2.6457513110645907,0.0,0.0,3,"[11, 12, 13]",0.0,0.0,0.0,0.0
unmatched,circuit,random1:1,relational_max,0.46407812819205735,0.03662720712357923,426.6666666666667,31.182259913824932,0.6349511117183578,0.07534925695555653,0.2754783579209446,0.06576465689500838,139.33333333333334,36.66515148384544,162.33333333333334,26.501572280401277,9.0,2.6457513110645907,0.0,0.0,3,"[11, 12, 13]",0.0,0.0,0.0,0.0
unmatched,circuit,random3:5-8-14,conditional_max,0.6998606270469709,0.0153570262841217,403.3333333333333,29.19474838619667,0.6471967937855313,0.021487023597924235,0.5459240612748463,0.008190751761308995,0.0,0.0,155.0,5.0,32.333333333333336,2.0816659994661326,0.0,0.0,3,"[11, 12, 13]",0.0,0.0,0.0,0.0
unmatched,circuit,random3:5-8-14,independent,0.6808257309921957,0.010791031219990086,403.3333333333333,29.19474838619667,0.6289439829556369,0.01753589595672352,0.49485776118490293,0.03210196476611749,0.0,0.0,167.33333333333334,21.501937897160186,32.333333333333336,2.0816659994661326,0.0,0.0,3,"[11, 12, 13]",0.0,0.0,0.0,0.0
unmatched,circuit,random3:5-8-14,joint,0.6998606270469709,0.0153570262841217,403.3333333333333,29.19474838619667,0.6471967937855313,0.021487023597924235,0.5095555763438954,0.03022176119778941,0.0,0.0,160.66666666666666,21.594752448994022,32.333333333333336,2.0816659994661326,0.0,0.0,3,"[11, 12, 13]",0.0,0.0,0.0,0.0
unmatched,circuit,random3:5-8-14,marginal_max,0.6808257309921957,0.010791031219990086,403.3333333333333,29.19474838619667,0.6289439829556369,0.01753589595672352,0.533891216777972,0.005013842706719075,0.0,0.0,159.66666666666666,5.859465277082315,32.333333333333336,2.0816659994661326,0.0,0.0,3,"[11, 12, 13]",0.0,0.0,0.0,0.0
unmatched,circuit,random3:5-8-14,relational_max,0.46539398541369187,0.02904098800053536,403.3333333333333,29.19474838619667,0.6209602572311752,0.09593907616206193,0.20920908601634527,0.08842272210496181,153.33333333333334,44.60194315647395,151.0,30.512292604784715,32.333333333333336,2.0816659994661326,0.0,0.0,3,"[11, 12, 13]",0.0,0.0,0.0,0.0
unmatched,circuit,random7:3-4-8-10-11-12-14,conditional_max,0.7809467357508976,0.006932032215604975,331.0,20.29778313018444,0.7063202743721732,0.009385963291652834,0.4840566663143448,0.009081802269758254,0.0,0.0,113.0,11.357816691600547,104.66666666666667,11.239810200058244,0.0,0.0,3,"[11, 12, 13]",0.0,0.0,0.0,0.0
unmatched,circuit,random7:3-4-8-10-11-12-14,independent,0.762552991396294,0.019245191036415723,331.0,20.29778313018444,0.6853023288400931,0.018111911394151286,0.43825571520730494,0.018127124488940598,0.0,0.0,134.33333333333334,12.701705922171765,104.66666666666667,11.239810200058244,0.0,0.0,3,"[11, 12, 13]",0.0,0.0,0.0,0.0
unmatched,circuit,random7:3-4-8-10-11-12-14,joint,0.7809467357508976,0.006932032215604975,331.0,20.29778313018444,0.7063202743721732,0.009385963291652834,0.44505536515326205,0.019355648814888327,0.0,0.0,131.33333333333334,12.34233905438241,104.66666666666667,11.239810200058244,0.0,0.0,3,"[11, 12, 13]",0.0,0.0,0.0,0.0
unmatched,circuit,random7:3-4-8-10-11-12-14,marginal_max,0.762552991396294,0.019245191036415723,331.0,20.29778313018444,0.6853023288400931,0.018111911394151286,0.46496883976361225,0.014857237631450642,0.0,0.0,121.33333333333333,13.796134724383252,104.66666666666667,11.239810200058244,0.0,0.0,3,"[11, 12, 13]",0.0,0.0,0.0,0.0
unmatched,circuit,random7:3-4-8-10-11-12-14,relational_max,0.5257173061911754,0.040612682811596856,331.0,20.29778313018444,0.5034906201509888,0.1260414697867459,0.19353963195729373,0.11163709204749771,62.0,107.38715006927039,175.0,72.91776189653656,104.66666666666667,11.239810200058244,0.0,0.0,3,"[11, 12, 13]",0.0,0.0,0.0,0.0
unmatched,circuit,single_sensor_0,conditional_max,,,0.0,0.0,,,0.0,0.0,74.66666666666667,6.110100926607787,0.0,0.0,361.0,25.11971337416094,74.66666666666667,6.110100926607787,3,"[11, 12, 13]",0.0,0.0,0.0,0.0
unmatched,circuit,single_sensor_0,independent,,,0.0,0.0,,,0.0,0.0,74.66666666666667,6.110100926607787,0.0,0.0,361.0,25.11971337416094,74.66666666666667,6.110100926607787,3,"[11, 12, 13]",0.0,0.0,0.0,0.0
unmatched,circuit,single_sensor_0,joint,,,0.0,0.0,,,0.0,0.0,74.66666666666667,6.110100926607787,0.0,0.0,361.0,25.11971337416094,74.66666666666667,6.110100926607787,3,"[11, 12, 13]",0.0,0.0,0.0,0.0
unmatched,circuit,single_sensor_0,marginal_max,,,0.0,0.0,,,0.0,0.0,74.66666666666667,6.110100926607787,0.0,0.0,361.0,25.11971337416094,74.66666666666667,6.110100926607787,3,"[11, 12, 13]",0.0,0.0,0.0,0.0
unmatched,circuit,single_sensor_0,relational_max,,,0.0,0.0,,,0.0,0.0,74.66666666666667,6.110100926607787,0.0,0.0,361.0,25.11971337416094,74.66666666666667,6.110100926607787,3,"[11, 12, 13]",1.0,0.0,0.0,0.0
unmatched,gaussian_fitted,bank0:0-1-2-4-5-7-8,conditional_max,0.7911667896968897,0.006314152541524776,329.3333333333333,35.64173583501978,0.7537949724324831,0.00630088104169843,0.408029496224284,0.0052843491588178675,0.0,0.0,147.0,20.952326839756964,106.33333333333333,7.571877794400366,0.0,0.0,3,"[11, 12, 13]",0.0,0.0,0.0,0.0
unmatched,gaussian_fitted,bank0:0-1-2-4-5-7-8,independent,0.7618329897198227,0.008830221237686993,329.3333333333333,35.64173583501978,0.6814085627794627,0.003379148256196636,0.2997079778223512,0.045820288353686775,0.0,0.0,191.33333333333334,41.52509281546922,106.33333333333333,7.571877794400366,0.0,0.0,3,"[11, 12, 13]",0.0,0.0,0.0,0.0
unmatched,gaussian_fitted,bank0:0-1-2-4-5-7-8,joint,0.7911667896968897,0.006314152541524776,329.3333333333333,35.64173583501978,0.7537949724324831,0.00630088104169843,0.4241766096350716,0.0364052874864052,0.0,0.0,138.33333333333334,29.501412395567325,106.33333333333333,7.571877794400366,0.0,0.0,3,"[11, 12, 13]",0.0,0.0,0.0,0.0
unmatched,gaussian_fitted,bank0:0-1-2-4-5-7-8,marginal_max,0.7618329897198227,0.008830221237686993,329.3333333333333,35.64173583501978,0.6814085627794627,0.003379148256196636,0.23431562288277843,0.02098207804498466,0.0,0.0,221.66666666666666,31.895663237081827,106.33333333333333,7.571877794400366,0.0,0.0,3,"[11, 12, 13]",0.0,0.0,0.0,0.0
unmatched,gaussian_fitted,bank0:0-1-2-4-5-7-8,relational_max,0.7418946892170983,0.01724894395981152,329.3333333333333,35.64173583501978,0.7011206825756867,0.0335438016703376,0.4697468506677714,0.02511829879725571,0.0,0.0,104.66666666666667,5.033222956847166,106.33333333333333,7.571877794400366,0.0,0.0,3,"[11, 12, 13]",0.0,0.0,0.0,0.0
unmatched,gaussian_fitted,bank1:3,conditional_max,0.7592712576633653,0.008599440006431232,425.0,28.160255680657446,0.7294001234392301,0.015720302293417136,0.6759912899556276,0.01811640330956546,0.0,0.0,120.33333333333333,5.131601439446884,10.666666666666666,2.5166114784235836,0.0,0.0,3,"[11, 12, 13]",0.0,0.0,0.0,0.0
unmatched,gaussian_fitted,bank1:3,independent,0.6882419855317735,0.008751737874359185,425.0,28.160255680657446,0.6275213383768213,0.0162651852734867,0.5240226814285477,0.049513591972781455,0.0,0.0,180.33333333333334,18.929694486000912,10.666666666666666,2.5166114784235836,0.0,0.0,3,"[11, 12, 13]",0.0,0.0,0.0,0.0
unmatched,gaussian_fitted,bank1:3,joint,0.7592712576633653,0.008599440006431232,425.0,28.160255680657446,0.7294001234392301,0.015720302293417136,0.6383614927593807,0.0318053074113649,0.0,0.0,134.0,17.349351572897472,10.666666666666666,2.5166114784235836,0.0,0.0,3,"[11, 12, 13]",0.0,0.0,0.0,0.0
unmatched,gaussian_fitted,bank1:3,marginal_max,0.6882419855317735,0.008751737874359185,425.0,28.160255680657446,0.6275213383768213,0.0162651852734867,0.5454267204949677,0.02042313682672434,0.0,0.0,180.66666666666666,11.676186592091328,10.666666666666666,2.5166114784235836,0.0,0.0,3,"[11, 12, 13]",0.0,0.0,0.0,0.0
unmatched,gaussian_fitted,bank1:3,relational_max,0.7129590120151045,0.02435318402777034,425.0,28.160255680657446,0.6979357490818375,0.02331042346489211,0.6324786085959245,0.024844892634170595,0.0,0.0,115.66666666666667,10.692676621563628,10.666666666666666,2.5166114784235836,0.0,0.0,3,"[11, 12, 13]",0.0,0.0,0.0,0.0
unmatched,gaussian_fitted,bank2:6-10,conditional_max,0.7673030768622967,0.013587167567859632,422.6666666666667,26.6520793435209,0.7153005734762288,0.02828899208395392,0.5288115454659214,0.036074743383244415,0.3333333333333333,0.5773502691896258,187.66666666666666,21.96208854670551,13.0,3.605551275463989,0.0,0.0,3,"[11, 12, 13]",0.0,0.0,0.0,0.0
unmatched,gaussian_fitted,bank2:6-10,independent,0.6884342898189013,0.006312342802368814,422.6666666666667,26.6520793435209,0.6175459594735618,0.0033121917298498376,0.4302156088304008,0.06699967191462557,0.0,0.0,217.33333333333334,41.40450861118066,13.0,3.605551275463989,0.0,0.0,3,"[11, 12, 13]",0.0,0.0,0.0,0.0
unmatched,gaussian_fitted,bank2:6-10,joint,0.7673030768622967,0.013587167567859632,422.6666666666667,26.6520793435209,0.7153005734762288,0.02828899208395392,0.5760484713888325,0.033428118014597864,0.3333333333333333,0.5773502691896258,160.33333333333334,20.647840887931437,13.0,3.605551275463989,0.0,0.0,3,"[11, 12, 13]",0.0,0.0,0.0,0.0
unmatched,gaussian_fitted,bank2:6-10,marginal_max,0.6884342898189013,0.006312342802368814,422.6666666666667,26.6520793435209,0.6175459594735618,0.0033121917298498376,0.22249943608253728,0.05391709227332584,0.0,0.0,318.0,33.60059523282288,13.0,3.605551275463989,0.0,0.0,3,"[11, 12, 13]",0.0,0.0,0.0,0.0
unmatched,gaussian_fitted,bank2:6-10,relational_max,0.7085352306230069,0.028021460349369604,422.6666666666667,26.6520793435209,0.6934527138107819,0.026097536078973645,0.5982390791359449,0.022748014021054506,0.0,0.0,143.66666666666666,13.051181300301263,13.0,3.605551275463989,0.0,0.0,3,"[11, 12, 13]",0.0,0.0,0.0,0.0
unmatched,gaussian_fitted,full,conditional_max,0.7458259598166349,0.008275741675517766,435.6666666666667,29.938826518975876,0.717863082864887,0.01892522353480843,0.5710945020375947,0.025703777156472908,0.0,0.0,182.66666666666666,21.548395145191982,0.0,0.0,0.0,0.0,3,"[11, 12, 13]",0.0,0.0,0.0,0.0
unmatched,gaussian_fitted,full,independent,0.6765122000659926,0.005271660753908632,435.6666666666667,29.938826518975876,0.6166275265425928,0.00680065181062652,0.4774645622927325,0.034173119828444266,0.0,0.0,215.0,25.514701644346147,0.0,0.0,0.0,0.0,3,"[11, 12, 13]",0.0,0.0,0.0,0.0
unmatched,gaussian_fitted,full,joint,0.7458259598166349,0.008275741675517766,435.6666666666667,29.938826518975876,0.717863082864887,0.01892522353480843,0.6180894192885286,0.02015214228514767,0.0,0.0,156.66666666666666,15.821925715074425,0.0,0.0,0.0,0.0,3,"[11, 12, 13]",0.0,0.0,0.0,0.0
unmatched,gaussian_fitted,full,marginal_max,0.6765122000659926,0.005271660753908632,435.6666666666667,29.938826518975876,0.6166275265425928,0.00680065181062652,0.3374788252536211,0.03926431522973455,0.0,0.0,282.0,28.478061731796284,0.0,0.0,0.0,0.0,3,"[11, 12, 13]",0.0,0.0,0.0,0.0
unmatched,gaussian_fitted,full,relational_max,0.690187876590552,0.02283757871200406,435.6666666666667,29.938826518975876,0.6866056947361899,0.020939012857070914,0.6191718573396136,0.011722441401750737,0.0,0.0,144.66666666666666,9.018499505645789,0.0,0.0,0.0,0.0,3,"[11, 12, 13]",0.0,0.0,0.0,0.0
unmatched,gaussian_fitted,random1:1,conditional_max,0.7540573688446214,0.005915839581645523,426.6666666666667,31.182259913824932,0.7275408747231523,0.01060134204781316,0.568805503348475,0.02501980052650749,0.0,0.0,175.0,22.538855339169288,9.0,2.6457513110645907,0.0,0.0,3,"[11, 12, 13]",0.0,0.0,0.0,0.0
unmatched,gaussian_fitted,random1:1,independent,0.6873106860954573,0.0077380506820473195,426.6666666666667,31.182259913824932,0.6223955428774706,0.006334152309597308,0.4625408156777559,0.043095424248588865,0.0,0.0,212.66666666666666,34.486712417006835,9.0,2.6457513110645907,0.0,0.0,3,"[11, 12, 13]",0.0,0.0,0.0,0.0
unmatched,gaussian_fitted,random1:1,joint,0.7540573688446214,0.005915839581645523,426.6666666666667,31.182259913824932,0.7275408747231523,0.01060134204781316,0.6054679947985955,0.023572458233002826,0.0,0.0,152.0,22.60530911091463,9.0,2.6457513110645907,0.0,0.0,3,"[11, 12, 13]",0.0,0.0,0.0,0.0
unmatched,gaussian_fitted,random1:1,marginal_max,0.6873106860954573,0.0077380506820473195,426.6666666666667,31.182259913824932,0.6223955428774706,0.006334152309597308,0.33426597384799867,0.03433757194472897,0.0,0.0,274.6666666666667,28.919428302325294,9.0,2.6457513110645907,0.0,0.0,3,"[11, 12, 13]",0.0,0.0,0.0,0.0
unmatched,gaussian_fitted,random1:1,relational_max,0.7034628165449156,0.024458969087554395,426.6666666666667,31.182259913824932,0.6955099527583011,0.02185072443525276,0.6205797274000712,0.02217461146015928,0.0,0.0,132.66666666666666,19.55334583474995,9.0,2.6457513110645907,0.0,0.0,3,"[11, 12, 13]",0.0,0.0,0.0,0.0
unmatched,gaussian_fitted,random3:5-8-14,conditional_max,0.7549380430005433,0.010205858275317658,403.3333333333333,29.19474838619667,0.7239925329807139,0.02577620376552882,0.5142316163919568,0.01870494720445792,0.0,0.0,173.33333333333334,15.30795000427338,32.333333333333336,2.0816659994661326,0.0,0.0,3,"[11, 12, 13]",0.0,0.0,0.0,0.0
unmatched,gaussian_fitted,random3:5-8-14,independent,0.6973784773619158,0.003268825078180469,403.3333333333333,29.19474838619667,0.6269033081460834,0.011834703546224899,0.409723394941063,0.06662173521194627,0.0,0.0,212.0,44.50842616853577,32.333333333333336,2.0816659994661326,0.0,0.0,3,"[11, 12, 13]",0.0,0.0,0.0,0.0
unmatched,gaussian_fitted,random3:5-8-14,joint,0.7549380430005433,0.010205858275317658,403.3333333333333,29.19474838619667,0.7239925329807139,0.02577620376552882,0.5323955902261867,0.017435097347702624,0.0,0.0,164.33333333333334,14.29452109492771,32.333333333333336,2.0816659994661326,0.0,0.0,3,"[11, 12, 13]",0.0,0.0,0.0,0.0
unmatched,gaussian_fitted,random3:5-8-14,marginal_max,0.6973784773619158,0.003268825078180469,403.3333333333333,29.19474838619667,0.6269033081460834,0.011834703546224899,0.2766805449082809,0.036532708049617064,0.0,0.0,276.3333333333333,26.159765544311238,32.333333333333336,2.0816659994661326,0.0,0.0,3,"[11, 12, 13]",0.0,0.0,0.0,0.0
unmatched,gaussian_fitted,random3:5-8-14,relational_max,0.6953035683227992,0.015610959653676858,403.3333333333333,29.19474838619667,0.6666381378653431,0.02012973912724356,0.5484831733913571,0.03128185337204576,0.0,0.0,133.0,12.529964086141668,32.333333333333336,2.0816659994661326,0.0,0.0,3,"[11, 12, 13]",0.0,0.0,0.0,0.0
unmatched,gaussian_fitted,random7:3-4-8-10-11-12-14,conditional_max,0.8028678793597096,0.004244018450094017,331.0,20.29778313018444,0.7460921866669095,0.01182773865483925,0.5370515033816824,0.0170273345713967,0.0,0.0,83.33333333333333,5.507570547286102,104.66666666666667,11.239810200058244,0.0,0.0,3,"[11, 12, 13]",0.0,0.0,0.0,0.0
unmatched,gaussian_fitted,random7:3-4-8-10-11-12-14,independent,0.7566317848583982,0.017641762654595324,331.0,20.29778313018444,0.6718520574679281,0.01636247423006528,0.4480739940704636,0.022886463582075304,0.0,0.0,118.66666666666667,19.295940851208403,104.66666666666667,11.239810200058244,0.0,0.0,3,"[11, 12, 13]",0.0,0.0,0.0,0.0
unmatched,gaussian_fitted,random7:3-4-8-10-11-12-14,joint,0.8028678793597096,0.004244018450094017,331.0,20.29778313018444,0.7460921866669095,0.01182773865483925,0.5223536882226901,0.017369581417235144,0.0,0.0,88.0,5.0,104.66666666666667,11.239810200058244,0.0,0.0,3,"[11, 12, 13]",0.0,0.0,0.0,0.0
unmatched,gaussian_fitted,random7:3-4-8-10-11-12-14,marginal_max,0.7566317848583982,0.017641762654595324,331.0,20.29778313018444,0.6718520574679281,0.01636247423006528,0.4530538813517658,0.025478528727983653,0.0,0.0,122.66666666666667,22.03028218914441,104.66666666666667,11.239810200058244,0.0,0.0,3,"[11, 12, 13]",0.0,0.0,0.0,0.0
unmatched,gaussian_fitted,random7:3-4-8-10-11-12-14,relational_max,0.7471307544618596,0.029839876928218545,331.0,20.29778313018444,0.6997909829244029,0.035950903998493336,0.4813594197299433,0.05104691263515776,0.0,0.0,91.33333333333333,23.860706890897706,104.66666666666667,11.239810200058244,0.0,0.0,3,"[11, 12, 13]",0.0,0.0,0.0,0.0
unmatched,gaussian_fitted,single_sensor_0,conditional_max,,,0.0,0.0,,,0.0,0.0,74.66666666666667,6.110100926607787,0.0,0.0,361.0,25.11971337416094,74.66666666666667,6.110100926607787,3,"[11, 12, 13]",0.0,0.0,0.0,0.0
unmatched,gaussian_fitted,single_sensor_0,independent,,,0.0,0.0,,,0.0,0.0,74.66666666666667,6.110100926607787,0.0,0.0,361.0,25.11971337416094,74.66666666666667,6.110100926607787,3,"[11, 12, 13]",0.0,0.0,0.0,0.0
unmatched,gaussian_fitted,single_sensor_0,joint,,,0.0,0.0,,,0.0,0.0,74.66666666666667,6.110100926607787,0.0,0.0,361.0,25.11971337416094,74.66666666666667,6.110100926607787,3,"[11, 12, 13]",0.0,0.0,0.0,0.0
unmatched,gaussian_fitted,single_sensor_0,marginal_max,,,0.0,0.0,,,0.0,0.0,74.66666666666667,6.110100926607787,0.0,0.0,361.0,25.11971337416094,74.66666666666667,6.110100926607787,3,"[11, 12, 13]",0.0,0.0,0.0,0.0
unmatched,gaussian_fitted,single_sensor_0,relational_max,,,0.0,0.0,,,0.0,0.0,74.66666666666667,6.110100926607787,0.0,0.0,361.0,25.11971337416094,74.66666666666667,6.110100926607787,3,"[11, 12, 13]",1.0,0.0,0.0,0.0
unmatched,gmm_fitted,bank0:0-1-2-4-5-7-8,conditional_max,0.7902532487871943,0.012164648994874499,329.3333333333333,35.64173583501978,0.7521267341200057,0.014084204185077921,0.4944270375846433,0.030581614231680484,0.0,0.0,109.33333333333333,5.033222956847166,106.33333333333333,7.571877794400366,0.0,0.0,3,"[11, 12, 13]",0.0,0.0,0.0,0.0
unmatched,gmm_fitted,bank0:0-1-2-4-5-7-8,independent,0.7641521658686176,0.005945909370293304,329.3333333333333,35.64173583501978,0.6894816966978446,0.014079693204430532,0.2614503592670571,0.0365381565666348,0.0,0.0,209.0,40.0374824383352,106.33333333333333,7.571877794400366,0.0,0.0,3,"[11, 12, 13]",0.0,0.0,0.0,0.0
unmatched,gmm_fitted,bank0:0-1-2-4-5-7-8,joint,0.7902532487871943,0.012164648994874499,329.3333333333333,35.64173583501978,0.7521267341200057,0.014084204185077921,0.371421756401425,0.025302128827809228,0.0,0.0,162.66666666666666,27.5922694487665,106.33333333333333,7.571877794400366,0.0,0.0,3,"[11, 12, 13]",0.0,0.0,0.0,0.0
unmatched,gmm_fitted,bank0:0-1-2-4-5-7-8,marginal_max,0.7641521658686176,0.005945909370293304,329.3333333333333,35.64173583501978,0.6894816966978446,0.014079693204430532,0.3794644545713357,0.011178718048488273,0.0,0.0,158.66666666666666,22.143471573656495,106.33333333333333,7.571877794400366,0.0,0.0,3,"[11, 12, 13]",0.0,0.0,0.0,0.0
unmatched,gmm_fitted,bank0:0-1-2-4-5-7-8,relational_max,0.7510839955967398,0.0061216511932025985,329.3333333333333,35.64173583501978,0.7173686684620243,0.015834325695756025,0.4458510456062426,0.04941471682642783,0.0,0.0,124.0,11.0,106.33333333333333,7.571877794400366,0.0,0.0,3,"[11, 12, 13]",0.0,0.0,0.0,0.0
unmatched,gmm_fitted,bank1:3,conditional_max,0.755383557837821,0.013443219789912478,425.0,28.160255680657446,0.7276542705169575,0.01924793118739171,0.6782129425233453,0.017689713355715578,0.0,0.0,116.0,7.0,10.666666666666666,2.5166114784235836,0.0,0.0,3,"[11, 12, 13]",0.0,0.0,0.0,0.0
unmatched,gmm_fitted,bank1:3,independent,0.6899080840544117,0.006556712680869217,425.0,28.160255680657446,0.628517867167429,0.01144468613682705,0.526338326989515,0.047545001079626996,0.0,0.0,179.33333333333334,18.929694486000912,10.666666666666666,2.5166114784235836,0.0,0.0,3,"[11, 12, 13]",0.0,0.0,0.0,0.0
unmatched,gmm_fitted,bank1:3,joint,0.755383557837821,0.013443219789912478,425.0,28.160255680657446,0.7276542705169575,0.01924793118739171,0.642953542515327,0.043513325902573396,0.0,0.0,131.33333333333334,21.221058723196006,10.666666666666666,2.5166114784235836,0.0,0.0,3,"[11, 12, 13]",0.0,0.0,0.0,0.0
unmatched,gmm_fitted,bank1:3,marginal_max,0.6899080840544117,0.006556712680869217,425.0,28.160255680657446,0.628517867167429,0.01144468613682705,0.5507405846032107,0.021324928411579718,0.0,0.0,178.33333333333334,11.590225767142472,10.666666666666666,2.5166114784235836,0.0,0.0,3,"[11, 12, 13]",0.0,0.0,0.0,0.0
unmatched,gmm_fitted,bank1:3,relational_max,0.7142816881632833,0.025774061699117154,425.0,28.160255680657446,0.7116113396770812,0.02616939095195458,0.6353821052081675,0.012387259561995916,0.0,0.0,126.33333333333333,10.115993936995679,10.666666666666666,2.5166114784235836,0.0,0.0,3,"[11, 12, 13]",0.0,0.0,0.0,0.0
unmatched,gmm_fitted,bank2:6-10,conditional_max,0.7627414375734385,0.014157175955886137,422.6666666666667,26.6520793435209,0.7117527735990515,0.026980627326898668,0.5709619966201399,0.05346894912372413,0.0,0.0,166.33333333333334,28.988503468329185,13.0,3.605551275463989,0.0,0.0,3,"[11, 12, 13]",0.0,0.0,0.0,0.0
unmatched,gmm_fitted,bank2:6-10,independent,0.6917334760889187,0.005209847963215597,422.6666666666667,26.6520793435209,0.6273134272980792,0.012947850866354492,0.2654937993377159,0.043580756610234285,0.0,0.0,295.0,30.265491900843113,13.0,3.605551275463989,0.0,0.0,3,"[11, 12, 13]",0.0,0.0,0.0,0.0
unmatched,gmm_fitted,bank2:6-10,joint,0.7627414375734385,0.014157175955886137,422.6666666666667,26.6520793435209,0.7117527735990515,0.026980627326898668,0.4410133829661694,0.04208165561105003,0.0,0.0,219.33333333333334,22.72296928953902,13.0,3.605551275463989,0.0,0.0,3,"[11, 12, 13]",0.0,0.0,0.0,0.0
unmatched,gmm_fitted,bank2:6-10,marginal_max,0.6917334760889187,0.005209847963215597,422.6666666666667,26.6520793435209,0.6273134272980792,0.012947850866354492,0.4897366616815148,0.019210384041892604,0.0,0.0,201.66666666666666,16.77299416721217,13.0,3.605551275463989,0.0,0.0,3,"[11, 12, 13]",0.0,0.0,0.0,0.0
unmatched,gmm_fitted,bank2:6-10,relational_max,0.7107610594226886,0.02435484288362294,422.6666666666667,26.6520793435209,0.6870734222536489,0.03668992091718772,0.4714487272473984,0.04816374801354828,0.0,0.0,209.66666666666666,20.502032419575706,13.0,3.605551275463989,0.0,0.0,3,"[11, 12, 13]",0.0,0.0,0.0,0.0
unmatched,gmm_fitted,full,conditional_max,0.7361050224063065,0.011479515540407173,435.6666666666667,29.938826518975876,0.7114773503614135,0.020343592913545906,0.5647207970735417,0.041132196177941456,0.0,0.0,184.33333333333334,22.143471573656498,0.0,0.0,0.0,0.0,3,"[11, 12, 13]",0.0,0.0,0.0,0.0
unmatched,gmm_fitted,full,independent,0.6789921010847405,0.006863548805618677,435.6666666666667,29.938826518975876,0.6222072924145913,0.014497345732290797,0.3724556793271705,0.032939372011546196,0.0,0.0,260.6666666666667,30.61590000854676,0.0,0.0,0.0,0.0,3,"[11, 12, 13]",0.0,0.0,0.0,0.0
unmatched,gmm_fitted,full,joint,0.7361050224063065,0.011479515540407173,435.6666666666667,29.938826518975876,0.7114773503614135,0.020343592913545906,0.5005510799879967,0.03606655656018847,0.0,0.0,206.0,21.93171219946131,0.0,0.0,0.0,0.0,3,"[11, 12, 13]",0.0,0.0,0.0,0.0
unmatched,gmm_fitted,full,marginal_max,0.6789921010847405,0.006863548805618677,435.6666666666667,29.938826518975876,0.6222072924145913,0.014497345732290797,0.5247520281792695,0.014216528987007523,0.0,0.0,200.33333333333334,18.929694486000912,0.0,0.0,0.0,0.0,3,"[11, 12, 13]",0.0,0.0,0.0,0.0
unmatched,gmm_fitted,full,relational_max,0.6960907958895666,0.020041166983601713,435.6666666666667,29.938826518975876,0.6958584362659876,0.027548942757783343,0.501486231302137,0.043821843418764675,0.0,0.0,208.66666666666666,24.006943440041116,0.0,0.0,0.0,0.0,3,"[11, 12, 13]",0.0,0.0,0.0,0.0
unmatched,gmm_fitted,random1:1,conditional_max,0.7487423821545626,0.009615317797143759,426.6666666666667,31.182259913824932,0.7293067773440879,0.012721420959265966,0.5828840419659884,0.03936161278833917,0.0,0.0,167.0,20.223748416156685,9.0,2.6457513110645907,0.0,0.0,3,"[11, 12, 13]",0.0,0.0,0.0,0.0
unmatched,gmm_fitted,random1:1,independent,0.6897205495100067,0.010009005515650884,426.6666666666667,31.182259913824932,0.6296105500924778,0.017641637505100165,0.35915241079271204,0.04378496535885442,0.0,0.0,260.0,39.84971769034255,9.0,2.6457513110645907,0.0,0.0,3,"[11, 12, 13]",0.0,0.0,0.0,0.0
unmatched,gmm_fitted,random1:1,joint,0.7487423821545626,0.009615317797143759,426.6666666666667,31.182259913824932,0.7293067773440879,0.012721420959265966,0.49897130115703314,0.03346601590766309,0.0,0.0,200.0,23.643180835073778,9.0,2.6457513110645907,0.0,0.0,3,"[11, 12, 13]",0.0,0.0,0.0,0.0
unmatched,gmm_fitted,random1:1,marginal_max,0.6897205495100067,0.010009005515650884,426.6666666666667,31.182259913824932,0.6296105500924778,0.017641637505100165,0.5105887703278578,0.0058070381322755625,0.0,0.0,197.66666666666666,17.47378989610821,9.0,2.6457513110645907,0.0,0.0,3,"[11, 12, 13]",0.0,0.0,0.0,0.0
unmatched,gmm_fitted,random1:1,relational_max,0.709735402145832,0.0208414447128577,426.6666666666667,31.182259913824932,0.7020074065934928,0.026440228532116965,0.5253674170312389,0.06372108041580393,0.0,0.0,187.33333333333334,33.20140559273558,9.0,2.6457513110645907,0.0,0.0,3,"[11, 12, 13]",0.0,0.0,0.0,0.0
unmatched,gmm_fitted,random3:5-8-14,conditional_max,0.7530596802601855,0.009165945842538499,403.3333333333333,29.19474838619667,0.7227414120240089,0.016961037650854403,0.5542908955576263,0.0237578323792733,0.0,0.0,155.33333333333334,15.044378795195678,32.333333333333336,2.0816659994661326,0.0,0.0,3,"[11, 12, 13]",0.0,0.0,0.0,0.0
unmatched,gmm_fitted,random3:5-8-14,independent,0.6999306774132061,0.003968898432886747,403.3333333333333,29.19474838619667,0.63213302499556,0.010593684126017163,0.303519978876887,0.02892132898021274,0.0,0.0,263.0,30.347981810987037,32.333333333333336,2.0816659994661326,0.0,0.0,3,"[11, 12, 13]",0.0,0.0,0.0,0.0
unmatched,gmm_fitted,random3:5-8-14,joint,0.7530596802601855,0.009165945842538499,403.3333333333333,29.19474838619667,0.7227414120240089,0.016961037650854403,0.4340923642133321,0.028910061763440003,0.0,0.0,205.0,20.29778313018444,32.333333333333336,2.0816659994661326,0.0,0.0,3,"[11, 12, 13]",0.0,0.0,0.0,0.0
unmatched,gmm_fitted,random3:5-8-14,marginal_max,0.6999306774132061,0.003968898432886747,403.3333333333333,29.19474838619667,0.63213302499556,0.010593684126017163,0.4676239697116589,0.019873816009197243,0.0,0.0,193.0,21.656407827707714,32.333333333333336,2.0816659994661326,0.0,0.0,3,"[11, 12, 13]",0.0,0.0,0.0,0.0
unmatched,gmm_fitted,random3:5-8-14,relational_max,0.701438947904205,0.017499941793678433,403.3333333333333,29.19474838619667,0.6892278166995665,0.03700755517125061,0.47833107158896754,0.0349126907921085,0.0,0.0,176.66666666666666,22.233608194203057,32.333333333333336,2.0816659994661326,0.0,0.0,3,"[11, 12, 13]",0.0,0.0,0.0,0.0
unmatched,gmm_fitted,random7:3-4-8-10-11-12-14,conditional_max,0.8060899422315962,0.003581958129426162,331.0,20.29778313018444,0.7552236347456196,0.008585634900117056,0.5391791629561505,0.017259364679832512,0.0,0.0,79.33333333333333,11.718930554164631,104.66666666666667,11.239810200058244,0.0,0.0,3,"[11, 12, 13]",0.0,0.0,0.0,0.0
unmatched,gmm_fitted,random7:3-4-8-10-11-12-14,independent,0.7577605241505454,0.01749385660400348,331.0,20.29778313018444,0.6729921011228105,0.01636082305494499,0.44491443640853623,0.02584578070196066,0.0,0.0,121.0,22.9128784747792,104.66666666666667,11.239810200058244,0.0,0.0,3,"[11, 12, 13]",0.0,0.0,0.0,0.0
unmatched,gmm_fitted,random7:3-4-8-10-11-12-14,joint,0.8060899422315962,0.003581958129426162,331.0,20.29778313018444,0.7552236347456196,0.008585634900117056,0.5247366799050593,0.01832790985139623,0.0,0.0,86.33333333333333,5.131601439446884,104.66666666666667,11.239810200058244,0.0,0.0,3,"[11, 12, 13]",0.0,0.0,0.0,0.0
unmatched,gmm_fitted,random7:3-4-8-10-11-12-14,marginal_max,0.7577605241505454,0.01749385660400348,331.0,20.29778313018444,0.6729921011228105,0.01636082305494499,0.4571239682942722,0.022382481643776923,0.0,0.0,120.66666666666667,22.052966542697455,104.66666666666667,11.239810200058244,0.0,0.0,3,"[11, 12, 13]",0.0,0.0,0.0,0.0
unmatched,gmm_fitted,random7:3-4-8-10-11-12-14,relational_max,0.7560216719844437,0.027233814945403244,331.0,20.29778313018444,0.7146310172306118,0.04898800000229301,0.49174513927445185,0.04450152233310424,0.0,0.0,87.0,15.524174696260024,104.66666666666667,11.239810200058244,0.0,0.0,3,"[11, 12, 13]",0.0,0.0,0.0,0.0
unmatched,gmm_fitted,single_sensor_0,conditional_max,,,0.0,0.0,,,0.0,0.0,74.66666666666667,6.110100926607787,0.0,0.0,361.0,25.11971337416094,74.66666666666667,6.110100926607787,3,"[11, 12, 13]",0.0,0.0,0.0,0.0
unmatched,gmm_fitted,single_sensor_0,independent,,,0.0,0.0,,,0.0,0.0,74.66666666666667,6.110100926607787,0.0,0.0,361.0,25.11971337416094,74.66666666666667,6.110100926607787,3,"[11, 12, 13]",0.0,0.0,0.0,0.0
unmatched,gmm_fitted,single_sensor_0,joint,,,0.0,0.0,,,0.0,0.0,74.66666666666667,6.110100926607787,0.0,0.0,361.0,25.11971337416094,74.66666666666667,6.110100926607787,3,"[11, 12, 13]",0.0,0.0,0.0,0.0
unmatched,gmm_fitted,single_sensor_0,marginal_max,,,0.0,0.0,,,0.0,0.0,74.66666666666667,6.110100926607787,0.0,0.0,361.0,25.11971337416094,74.66666666666667,6.110100926607787,3,"[11, 12, 13]",0.0,0.0,0.0,0.0
unmatched,gmm_fitted,single_sensor_0,relational_max,,,0.0,0.0,,,0.0,0.0,74.66666666666667,6.110100926607787,0.0,0.0,361.0,25.11971337416094,74.66666666666667,6.110100926607787,3,"[11, 12, 13]",1.0,0.0,0.0,0.0
