variant,method_name,mask,score,alpha_mean,alpha_std,fpr_mean,fpr_std,power_mean,power_std,threshold_mean,threshold_std,n_seeds,seeds,numerically_flat_frac,threshold_infinite_frac,depends_on_values_frac,depends_on_fault_frac
matched,circuit,bank0:0-1-2-4-5-7-8,conditional_max,0.10000000000000002,1.6996749443881478e-17,0.034404351296483705,0.028240433232629876,0.4740799641036668,0.07171291012807553,27.828702290852863,2.5114418857463647,3,"[11, 12, 13]",0.0,0.0,0.0,0.0
matched,circuit,bank0:0-1-2-4-5-7-8,independent,0.10000000000000002,1.6996749443881478e-17,0.06644539233874087,0.010302185313911548,0.46286017317226963,0.048706506589116925,-40.45332590738932,6.219400276994599,3,"[11, 12, 13]",0.0,0.0,0.0,0.0
matched,circuit,bank0:0-1-2-4-5-7-8,joint,0.10000000000000002,1.6996749443881478e-17,0.06724860519014648,0.00902814094329172,0.4781865386320921,0.04768725487379967,-43.46777089436849,7.2189931511284975,3,"[11, 12, 13]",0.0,0.0,0.0,0.0
matched,circuit,bank0:0-1-2-4-5-7-8,marginal_max,0.10000000000000002,1.6996749443881478e-17,0.03917033466122228,0.0327584746608407,0.46062867989048056,0.07330746070281977,28.323476791381836,2.47367057817747,3,"[11, 12, 13]",0.0,0.0,0.0,0.0
matched,circuit,bank0:0-1-2-4-5-7-8,relational_max,0.10000000000000002,1.6996749443881478e-17,0.03245208321437409,0.04616931016093962,0.1977716249691718,0.09360706920855939,2.196943918863932,1.435873808499992,3,"[11, 12, 13]",0.0,0.0,0.0,0.0
matched,circuit,bank1:3,conditional_max,0.10000000000000002,1.6996749443881478e-17,0.0303861002141064,0.021719241607148526,0.5818968928046561,0.027592360115837985,29.235809326171875,1.091293447371263,3,"[11, 12, 13]",0.0,0.0,0.0,0.0
matched,circuit,bank1:3,independent,0.10000000000000002,1.6996749443881478e-17,0.08082895259570094,0.0716074969217591,0.5405848866880246,0.10071339727929066,145.33380126953125,22.706434160167323,3,"[11, 12, 13]",0.0,0.0,0.0,0.0
matched,circuit,bank1:3,joint,0.10000000000000002,1.6996749443881478e-17,0.07608961610280994,0.06339951683629276,0.5575983474079843,0.10143204354478937,137.73416900634766,23.93204666307793,3,"[11, 12, 13]",0.0,0.0,0.0,0.0
matched,circuit,bank1:3,marginal_max,0.10000000000000002,1.6996749443881478e-17,0.028766351075371368,0.016824045960309904,0.5656192988147003,0.02232361195835267,30.06584358215332,1.1284432933422985,3,"[11, 12, 13]",0.0,0.0,0.0,0.0
matched,circuit,bank1:3,relational_max,0.10000000000000002,1.6996749443881478e-17,0.01337409737771293,0.017201121102367472,0.3152624615635072,0.06812510847663601,3.247217814127604,1.035440317696365,3,"[11, 12, 13]",0.0,0.0,0.0,0.0
matched,circuit,bank2:6-10,conditional_max,0.10000000000000002,1.6996749443881478e-17,0.0303861002141064,0.021719241607148526,0.5609339850072873,0.019927181867696705,29.225870768229168,1.1094808137222225,3,"[11, 12, 13]",0.0,0.0,0.0,0.0
matched,circuit,bank2:6-10,independent,0.10000000000000002,1.6996749443881478e-17,0.10566974968544136,0.04598595323983431,0.5480676765750104,0.08355070504397893,59.97793833414713,17.22140696988111,3,"[11, 12, 13]",0.0,0.0,0.0,0.0
matched,circuit,bank2:6-10,joint,0.10000000000000002,1.6996749443881478e-17,0.0936482037862046,0.05447347266161877,0.5649205271221014,0.08978772595373209,54.091705322265625,17.41918626412751,3,"[11, 12, 13]",0.0,0.0,0.0,0.0
matched,circuit,bank2:6-10,marginal_max,0.10000000000000002,1.6996749443881478e-17,0.028766351075371368,0.016824045960309904,0.5446563910173313,0.0147812305145955,30.06584358215332,1.1284432933422985,3,"[11, 12, 13]",0.0,0.0,0.0,0.0
matched,circuit,bank2:6-10,relational_max,0.10000000000000002,1.6996749443881478e-17,0.027831928703014135,0.023492824046001257,0.34427211720735923,0.06854636673891071,2.6259562174479165,0.5073645572763497,3,"[11, 12, 13]",0.0,0.0,0.0,0.0
matched,circuit,full,conditional_max,0.10000000000000002,1.6996749443881478e-17,0.0303861002141064,0.021719241607148526,0.5818968928046561,0.027592360115837985,29.235803604125977,1.0912901300266746,3,"[11, 12, 13]",0.0,0.0,0.0,0.0
matched,circuit,full,independent,0.10000000000000002,1.6996749443881478e-17,0.07999488120881225,0.042270185359665466,0.5524549341866812,0.07092567134044554,70.1052754720052,19.42345358821868,3,"[11, 12, 13]",0.0,0.0,0.0,0.0
matched,circuit,full,joint,0.10000000000000002,1.6996749443881478e-17,0.08082474093206546,0.03695764254916276,0.5678619692038295,0.07267791881635759,61.68791707356771,21.516536069912114,3,"[11, 12, 13]",0.0,0.0,0.0,0.0
matched,circuit,full,marginal_max,0.10000000000000002,1.6996749443881478e-17,0.028766351075371368,0.016824045960309904,0.5703046126221128,0.02473921065072129,30.06584358215332,1.1284432933422985,3,"[11, 12, 13]",0.0,0.0,0.0,0.0
matched,circuit,full,relational_max,0.10000000000000002,1.6996749443881478e-17,0.01337409737771293,0.017201121102367472,0.3145532417053512,0.06886883718216073,3.2472216288248696,1.0354398241252958,3,"[11, 12, 13]",0.0,0.0,0.0,0.0
matched,circuit,random1:1,conditional_max,0.10000000000000002,1.6996749443881478e-17,0.06751090274175252,0.055404758043418344,0.6020075056705596,0.07287635036569334,27.66791280110677,2.371228185466592,3,"[11, 12, 13]",0.0,0.0,0.0,0.0
matched,circuit,random1:1,independent,0.10000000000000002,1.6996749443881478e-17,0.07715727283440509,0.02974691749636056,0.5389096569802453,0.0742202348335704,50.589342753092446,21.862377767454586,3,"[11, 12, 13]",0.0,0.0,0.0,0.0
matched,circuit,random1:1,joint,0.10000000000000002,1.6996749443881478e-17,0.07947291839537235,0.027908119601869393,0.54981936417648,0.07556304882078146,42.928086598714195,23.77366265203791,3,"[11, 12, 13]",0.0,0.0,0.0,0.0
matched,circuit,random1:1,marginal_max,0.10000000000000002,1.6996749443881478e-17,0.06984060068042665,0.06430892544815717,0.591285784460824,0.07370569776244199,28.323476791381836,2.47367057817747,3,"[11, 12, 13]",0.0,0.0,0.0,0.0
matched,circuit,random1:1,relational_max,0.10000000000000002,1.6996749443881478e-17,0.005461879786970813,0.005532634578577146,0.29128801178293895,0.06189302148467933,3.3600136439005532,0.8443834480864945,3,"[11, 12, 13]",0.0,0.0,0.0,0.0
matched,circuit,random3:5-8-14,conditional_max,0.10000000000000002,1.6996749443881478e-17,0.068393448757215,0.04595715193445291,0.562147632579324,0.0069505461578216006,27.699357350667317,1.886869085433845,3,"[11, 12, 13]",0.0,0.0,0.0,0.0
matched,circuit,random3:5-8-14,independent,0.10000000000000002,1.6996749443881478e-17,0.10438831052757973,0.06552884196419492,0.5433693228090338,0.06037287253309795,23.82385317484538,5.787684375680659,3,"[11, 12, 13]",0.0,0.0,0.0,0.0
matched,circuit,random3:5-8-14,joint,0.10000000000000002,1.6996749443881478e-17,0.10517819994306155,0.06613791832960506,0.5550289491129791,0.0646972867703178,18.00665028889974,7.173205239975588,3,"[11, 12, 13]",0.0,0.0,0.0,0.0
matched,circuit,random3:5-8-14,marginal_max,0.10000000000000002,1.6996749443881478e-17,0.07031979890926011,0.04832707520457145,0.5528576745218244,0.009596513695615538,28.29757817586263,2.245004494547275,3,"[11, 12, 13]",0.0,0.0,0.0,0.0
matched,circuit,random3:5-8-14,relational_max,0.10000000000000002,1.6996749443881478e-17,0.02134033765393327,0.03489654553678406,0.23055780650078384,0.07149917945579068,3.0348889032999673,1.1654873005710529,3,"[11, 12, 13]",0.0,0.0,0.0,0.0
matched,circuit,random7:3-4-8-10-11-12-14,conditional_max,0.10000000000000002,1.6996749443881478e-17,0.05447017473949443,0.05014186164989833,0.49750519674746174,0.02984407374668426,27.69428253173828,1.9193951935852285,3,"[11, 12, 13]",0.0,0.0,0.0,0.0
matched,circuit,random7:3-4-8-10-11-12-14,independent,0.10000000000000002,1.6996749443881478e-17,0.054359254098171446,0.017684550522371348,0.44288773527102254,0.027176687158189352,116.11832936604817,8.616538061740536,3,"[11, 12, 13]",0.0,0.0,0.0,0.0
matched,circuit,random7:3-4-8-10-11-12-14,joint,0.10000000000000002,1.6996749443881478e-17,0.04876341101017967,0.021200987901404553,0.4548806094601255,0.03323094373130941,113.51695251464844,8.887894526132838,3,"[11, 12, 13]",0.0,0.0,0.0,0.0
matched,circuit,random7:3-4-8-10-11-12-14,marginal_max,0.10000000000000002,1.6996749443881478e-17,0.05919545885467858,0.04983276917155656,0.4813748894944505,0.03583182870034254,28.29757817586263,2.245004494547275,3,"[11, 12, 13]",0.0,0.0,0.0,0.0
matched,circuit,random7:3-4-8-10-11-12-14,relational_max,0.10000000000000002,1.6996749443881478e-17,0.04266735187194274,0.07182531877425666,0.22272062941693163,0.11915865601258156,2.0506566365559897,1.064354859591705,3,"[11, 12, 13]",0.0,0.0,0.0,0.0
matched,circuit,single_sensor_0,conditional_max,0.10000000000000002,1.6996749443881478e-17,0.07113564675157219,0.05999420243404543,0.16749790327995454,0.07172140096342951,25.48981221516927,1.6797459367864789,3,"[11, 12, 13]",0.0,0.0,0.0,0.0
matched,circuit,single_sensor_0,independent,0.10000000000000002,1.6996749443881478e-17,0.07113564675157219,0.05999420243404543,0.16749790327995454,0.07172140096342951,25.48981221516927,1.6797459367864789,3,"[11, 12, 13]",0.0,0.0,0.0,0.0
matched,circuit,single_sensor_0,joint,0.10000000000000002,1.6996749443881478e-17,0.07113564675157219,0.05999420243404543,0.16749790327995454,0.07172140096342951,25.48981221516927,1.6797459367864789,3,"[11, 12, 13]",0.0,0.0,0.0,0.0
matched,circuit,single_sensor_0,marginal_max,0.10000000000000002,1.6996749443881478e-17,0.07113564675157219,0.05999420243404543,0.16749790327995454,0.07172140096342951,25.48981221516927,1.6797459367864789,3,"[11, 12, 13]",0.0,0.0,0.0,0.0
matched,circuit,single_sensor_0,relational_max,0.10000000000000002,1.6996749443881478e-17,0.0,0.0,0.0,0.0,0.0,0.0,3,"[11, 12, 13]",1.0,0.0,0.0,0.0
matched,gaussian_fitted,bank0:0-1-2-4-5-7-8,conditional_max,0.10000000000000002,1.6996749443881478e-17,0.02148138788895625,0.01673983148360811,0.4246270146634739,0.010832446359452118,52.23299699910293,4.844208151842202,3,"[11, 12, 13]",0.0,0.0,0.0,0.0
matched,gaussian_fitted,bank0:0-1-2-4-5-7-8,independent,0.10000000000000002,1.6996749443881478e-17,0.03137600315550799,0.010573545446127548,0.35851053705595803,0.04786188031839152,119.43171941467382,12.975299272464078,3,"[11, 12, 13]",0.0,0.0,0.0,0.0
matched,gaussian_fitted,bank0:0-1-2-4-5-7-8,joint,0.10000000000000002,1.6996749443881478e-17,0.029756254016772954,0.015282956228411967,0.461818434370739,0.06386793187988868,112.94152170348205,9.999773628534605,3,"[11, 12, 13]",0.0,0.0,0.0,0.0
matched,gaussian_fitted,bank0:0-1-2-4-5-7-8,marginal_max,0.10000000000000002,1.6996749443881478e-17,0.02423759776425456,0.022527446782545688,0.275539305553362,0.010712318117101646,52.42989189452059,5.537974066128937,3,"[11, 12, 13]",0.0,0.0,0.0,0.0
matched,gaussian_fitted,bank0:0-1-2-4-5-7-8,relational_max,0.10000000000000002,1.6996749443881478e-17,0.08970523619131159,0.10131586165000218,0.5512696343506526,0.05878988628504776,2.337114157754176,1.0758349845248039,3,"[11, 12, 13]",0.0,0.0,0.0,0.0
matched,gaussian_fitted,bank1:3,conditional_max,0.10000000000000002,1.6996749443881478e-17,0.06442662856730948,0.06399023470087281,0.698517170426184,0.020114333574802988,29.571718104773044,2.075568094829435,3,"[11, 12, 13]",0.0,0.0,0.0,0.0
matched,gaussian_fitted,bank1:3,independent,0.10000000000000002,1.6996749443881478e-17,0.08569962009984074,0.053398866215329556,0.5684774795460962,0.07396169229699869,185.42198735062252,3.166822203683699,3,"[11, 12, 13]",0.0,0.0,0.0,0.0
matched,gaussian_fitted,bank1:3,joint,0.10000000000000002,1.6996749443881478e-17,0.06619163960470296,0.07535078203615571,0.6626523842673305,0.04979081546979491,174.78025799243315,6.803440619961134,3,"[11, 12, 13]",0.0,0.0,0.0,0.0
matched,gaussian_fitted,bank1:3,marginal_max,0.10000000000000002,1.6996749443881478e-17,0.03639237802272922,0.032019579532493486,0.5633001705318804,0.0067433391140229405,29.620944261572077,2.022211220067357,3,"[11, 12, 13]",0.0,0.0,0.0,0.0
matched,gaussian_fitted,bank1:3,relational_max,0.10000000000000002,1.6996749443881478e-17,0.15792519680415723,0.06944457568040716,0.7096274581030585,0.015570187680831245,3.1302281532975784,0.4099471140274391,3,"[11, 12, 13]",0.0,0.0,0.0,0.0
matched,gaussian_fitted,bank2:6-10,conditional_max,0.10000000000000002,1.6996749443881478e-17,0.025188826294388,0.019945270275846323,0.5352239248412425,0.04262258058406095,53.64921843658855,6.037729662417554,3,"[11, 12, 13]",0.0,0.0,0.0,0.0
matched,gaussian_fitted,bank2:6-10,independent,0.10000000000000002,1.6996749443881478e-17,0.0724830956375669,0.027381832730101804,0.4651937588004534,0.07719428657852298,219.11936188837828,17.4248582692211,3,"[11, 12, 13]",0.0,0.0,0.0,0.0
matched,gaussian_fitted,bank2:6-10,joint,0.10000000000000002,1.6996749443881478e-17,0.05667344177557259,0.016016407862643623,0.5906508356710091,0.03828371402623207,209.3001235997699,12.60197214496982,3,"[11, 12, 13]",0.0,0.0,0.0,0.0
matched,gaussian_fitted,bank2:6-10,marginal_max,0.10000000000000002,1.6996749443881478e-17,0.02423759776425456,0.022527446782545688,0.2111590052860428,0.05297329909780205,52.42989189452059,5.537974066128937,3,"[11, 12, 13]",0.0,0.0,0.0,0.0
matched,gaussian_fitted,bank2:6-10,relational_max,0.10000000000000002,1.6996749443881478e-17,0.1035694254278382,0.0630689390111251,0.6396865064371634,0.03483376937222764,3.7180931356951348,0.7212646490105673,3,"[11, 12, 13]",0.0,0.0,0.0,0.0
matched,gaussian_fitted,full,conditional_max,0.10000000000000002,1.6996749443881478e-17,0.02304784328399612,0.018540918501750433,0.5776955963411982,0.03821117968024866,54.4981017605445,5.033699356063638,3,"[11, 12, 13]",0.0,0.0,0.0,0.0
matched,gaussian_fitted,full,independent,0.10000000000000002,1.6996749443881478e-17,0.050409078078979215,0.00466474001126776,0.5004744601072435,0.035475012796158396,214.93106680702763,12.446465647293557,3,"[11, 12, 13]",0.0,0.0,0.0,0.0
matched,gaussian_fitted,full,joint,0.10000000000000002,1.6996749443881478e-17,0.048735306254765964,0.007689328608403548,0.6341277583865765,0.03263021529149662,200.46113196378997,9.674914662338564,3,"[11, 12, 13]",0.0,0.0,0.0,0.0
matched,gaussian_fitted,full,marginal_max,0.10000000000000002,1.6996749443881478e-17,0.02423759776425456,0.022527446782545688,0.36003135259602487,0.0389537095886893,52.42989189452059,5.537974066128937,3,"[11, 12, 13]",0.0,0.0,0.0,0.0
matched,gaussian_fitted,full,relational_max,0.10000000000000002,1.6996749443881478e-17,0.08655393986959231,0.06159716748659835,0.6756405069709107,0.02229727713399903,4.182285147994786,0.8537955860208039,3,"[11, 12, 13]",0.0,0.0,0.0,0.0
matched,gaussian_fitted,random1:1,conditional_max,0.10000000000000002,1.6996749443881478e-17,0.023689717020750137,0.018866958154796845,0.5760218245169849,0.034719083857023526,54.044674947300415,5.159703757749196,3,"[11, 12, 13]",0.0,0.0,0.0,0.0
matched,gaussian_fitted,random1:1,independent,0.10000000000000002,1.6996749443881478e-17,0.05488178386633152,0.01733182831692214,0.5071042261209809,0.06426487639683201,194.04228352512578,16.664521103864274,3,"[11, 12, 13]",0.0,0.0,0.0,0.0
matched,gaussian_fitted,random1:1,joint,0.10000000000000002,1.6996749443881478e-17,0.05952639842418985,0.023590607471778022,0.642923129444267,0.03911532383062024,179.0459928826108,12.519363620321528,3,"[11, 12, 13]",0.0,0.0,0.0,0.0
matched,gaussian_fitted,random1:1,marginal_max,0.10000000000000002,1.6996749443881478e-17,0.02423759776425456,0.022527446782545688,0.36003135259602487,0.0389537095886893,52.42989189452059,5.537974066128937,3,"[11, 12, 13]",0.0,0.0,0.0,0.0
matched,gaussian_fitted,random1:1,relational_max,0.10000000000000002,1.6996749443881478e-17,0.0987423324436194,0.048826461186526185,0.6842639692580952,0.02265692768389455,3.6968609540898214,0.40818523663034156,3,"[11, 12, 13]",0.0,0.0,0.0,0.0
matched,gaussian_fitted,random3:5-8-14,conditional_max,0.10000000000000002,1.6996749443881478e-17,0.02596539227394604,0.021547278088290628,0.5271357488034218,0.02316827779117923,53.09253602246241,3.7550270644907844,3,"[11, 12, 13]",0.0,0.0,0.0,0.0
matched,gaussian_fitted,random3:5-8-14,independent,0.10000000000000002,1.6996749443881478e-17,0.04846867554922726,0.022170591593521104,0.4534941621887368,0.0720050499459607,179.28352437581302,16.179833489175135,3,"[11, 12, 13]",0.0,0.0,0.0,0.0
matched,gaussian_fitted,random3:5-8-14,joint,0.10000000000000002,1.6996749443881478e-17,0.029927433845495927,0.014785507225543903,0.5508008437906107,0.01962523906834996,172.77451227533413,7.284568508352612,3,"[11, 12, 13]",0.0,0.0,0.0,0.0
matched,gaussian_fitted,random3:5-8-14,marginal_max,0.10000000000000002,1.6996749443881478e-17,0.02423759776425456,0.022527446782545688,0.305377525023964,0.03186306751331695,52.42989189452059,5.537974066128937,3,"[11, 12, 13]",0.0,0.0,0.0,0.0
matched,gaussian_fitted,random3:5-8-14,relational_max,0.10000000000000002,1.6996749443881478e-17,0.09213589256694014,0.06030975281363698,0.6310918778471758,0.03994998507133083,3.2843662519365133,0.7939498978493058,3,"[11, 12, 13]",0.0,0.0,0.0,0.0
matched,gaussian_fitted,random7:3-4-8-10-11-12-14,conditional_max,0.10000000000000002,1.6996749443881478e-17,0.11588931100017696,0.09585911993973549,0.5893126200475999,0.049396560255679005,26.504062470103833,2.6332129247419527,3,"[11, 12, 13]",0.0,0.0,0.0,0.0
matched,gaussian_fitted,random7:3-4-8-10-11-12-14,independent,0.10000000000000002,1.6996749443881478e-17,0.13951038600302187,0.11364826835624309,0.5179785796407369,0.06734874472395343,99.50706163109226,2.957820027519951,3,"[11, 12, 13]",0.0,0.0,0.0,0.0
matched,gaussian_fitted,random7:3-4-8-10-11-12-14,joint,0.10000000000000002,1.6996749443881478e-17,0.09536336330498964,0.04983643990164068,0.577387091979899,0.04532332383852123,93.99800282496392,4.306032260974371,3,"[11, 12, 13]",0.0,0.0,0.0,0.0
matched,gaussian_fitted,random7:3-4-8-10-11-12-14,marginal_max,0.10000000000000002,1.6996749443881478e-17,0.07288729385627617,0.06704068264728354,0.4849069364075238,0.04927044912771917,28.13769165873229,3.3069279689969124,3,"[11, 12, 13]",0.0,0.0,0.0,0.0
matched,gaussian_fitted,random7:3-4-8-10-11-12-14,relational_max,0.10000000000000002,1.6996749443881478e-17,0.15879203007451811,0.08072727630712517,0.5915628228351543,0.03705746424500367,1.570579355357901,0.6045735176569964,3,"[11, 12, 13]",0.0,0.0,0.0,0.0
matched,gaussian_fitted,single_sensor_0,conditional_max,0.10000000000000002,1.6996749443881478e-17,0.06738183954938438,0.014909949187952475,0.16010400379373702,0.00436096114266617,24.732293590734272,0.447757908756498,3,"[11, 12, 13]",0.0,0.0,0.0,0.0
matched,gaussian_fitted,single_sensor_0,independent,0.10000000000000002,1.6996749443881478e-17,0.06738183954938438,0.014909949187952475,0.16010400379373702,0.00436096114266617,24.732293590734272,0.447757908756498,3,"[11, 12, 13]",0.0,0.0,0.0,0.0
matched,gaussian_fitted,single_sensor_0,joint,0.10000000000000002,1.6996749443881478e-17,0.06738183954938438,0.014909949187952475,0.16010400379373702,0.00436096114266617,24.732293590734272,0.447757908756498,3,"[11, 12, 13]",0.0,0.0,0.0,0.0
matched,gaussian_fitted,single_sensor_0,marginal_max,0.10000000000000002,1.6996749443881478e-17,0.06738183954938438,0.014909949187952475,0.16010400379373702,0.00436096114266617,24.732293590734272,0.447757908756498,3,"[11, 12, 13]",0.0,0.0,0.0,0.0
matched,gaussian_fitted,single_sensor_0,relational_max,0.10000000000000002,1.6996749443881478e-17,0.0,0.0,0.0,0.0,0.0,0.0,3,"[11, 12, 13]",1.0,0.0,0.0,0.0
matched,gmm_fitted,bank0:0-1-2-4-5-7-8,conditional_max,0.10000000000000002,1.6996749443881478e-17,0.026501974419812963,0.007542604425325012,0.5092215995169546,0.00939268181728064,41.216271918679375,2.914489427219788,3,"[11, 12, 13]",0.0,0.0,0.0,0.0
matched,gmm_fitted,bank0:0-1-2-4-5-7-8,independent,0.10000000000000002,1.6996749443881478e-17,0.03711986192222758,0.015329856910389307,0.30936277124227474,0.07689524417811226,102.20980176278476,12.053032161913595,3,"[11, 12, 13]",0.0,0.0,0.0,0.0
matched,gmm_fitted,bank0:0-1-2-4-5-7-8,joint,0.10000000000000002,1.6996749443881478e-17,0.044602084854493095,0.021199674856613088,0.4159725723505092,0.04730315659311419,103.41265950069958,7.325926830559342,3,"[11, 12, 13]",0.0,0.0,0.0,0.0
matched,gmm_fitted,bank0:0-1-2-4-5-7-8,marginal_max,0.10000000000000002,1.6996749443881478e-17,0.029846764288170125,0.01656365274770624,0.41559514249394475,0.022491973611432854,36.34149232018932,2.341241413528671,3,"[11, 12, 13]",0.0,0.0,0.0,0.0
matched,gmm_fitted,bank0:0-1-2-4-5-7-8,relational_max,0.10000000000000002,1.6996749443881478e-17,0.03252781216628134,0.010095390478947776,0.49185751779934095,0.05271393230215607,10.60502712820897,7.199168891564339,3,"[11, 12, 13]",0.0,0.0,0.0,0.0
matched,gmm_fitted,bank1:3,conditional_max,0.10000000000000002,1.6996749443881478e-17,0.09245290124904175,0.08467050156938102,0.7035890258624495,0.024250176079343034,30.880103300642862,2.8407986400817857,3,"[11, 12, 13]",0.0,0.0,0.0,0.0
matched,gmm_fitted,bank1:3,independent,0.10000000000000002,1.6996749443881478e-17,0.08240261641504001,0.07213398512139516,0.5661043285777981,0.07001313385915194,186.18622056438463,4.137039564710464,3,"[11, 12, 13]",0.0,0.0,0.0,0.0
matched,gmm_fitted,bank1:3,joint,0.10000000000000002,1.6996749443881478e-17,0.08044686561107796,0.0815121396181332,0.6702559760064762,0.057249451995883674,180.8921962170749,9.784167914638068,3,"[11, 12, 13]",0.0,0.0,0.0,0.0
matched,gmm_fitted,bank1:3,marginal_max,0.10000000000000002,1.6996749443881478e-17,0.034879945313167564,0.030705594759919064,0.5702878064643367,0.00736785698369645,29.66372750008686,1.947388244106369,3,"[11, 12, 13]",0.0,0.0,0.0,0.0
matched,gmm_fitted,bank1:3,relational_max,0.10000000000000002,1.6996749443881478e-17,0.11312747207444279,0.036797550417768575,0.6978639980917923,0.0018398737062512575,6.0203769568480086,1.3245523018733796,3,"[11, 12, 13]",0.0,0.0,0.0,0.0
matched,gmm_fitted,bank2:6-10,conditional_max,0.10000000000000002,1.6996749443881478e-17,0.0445887614185693,0.023453949654561275,0.580627197708855,0.04420208349139889,51.70630784701276,5.3151355575913115,3,"[11, 12, 13]",0.0,0.0,0.0,0.0
matched,gmm_fitted,bank2:6-10,independent,0.10000000000000002,1.6996749443881478e-17,0.06162263250845471,0.024418700134822627,0.29309080630275464,0.01797097012718435,203.2513518781553,17.327105309585356,3,"[11, 12, 13]",0.0,0.0,0.0,0.0
matched,gmm_fitted,bank2:6-10,joint,0.10000000000000002,1.6996749443881478e-17,0.06269725468375469,0.0011099419773845322,0.4681059622173274,0.029743139687402442,212.17918008102865,5.690242286928152,3,"[11, 12, 13]",0.0,0.0,0.0,0.0
matched,gmm_fitted,bank2:6-10,marginal_max,0.10000000000000002,1.6996749443881478e-17,0.029846764288170125,0.01656365274770624,0.4853466502897746,0.022516378009073044,36.34149232018932,2.341241413528671,3,"[11, 12, 13]",0.0,0.0,0.0,0.0
matched,gmm_fitted,bank2:6-10,relational_max,0.10000000000000002,1.6996749443881478e-17,0.03037423466174874,0.01939705889879966,0.495492547987655,0.03919681473030569,23.452753856582635,8.911924476034878,3,"[11, 12, 13]",0.0,0.0,0.0,0.0
matched,gmm_fitted,full,conditional_max,0.10000000000000002,1.6996749443881478e-17,0.030038232996521735,0.0130061735390915,0.5750187601267225,0.05824812992276449,62.55781634021029,6.837105771391981,3,"[11, 12, 13]",0.0,0.0,0.0,0.0
matched,gmm_fitted,full,independent,0.10000000000000002,1.6996749443881478e-17,0.0682903439916771,0.012834193030111,0.409776121730038,0.04349090371099014,192.9553165874017,19.49032798006242,3,"[11, 12, 13]",0.0,0.0,0.0,0.0
matched,gmm_fitted,full,joint,0.10000000000000002,1.6996749443881478e-17,0.06317851824764015,0.010916761672249838,0.5354759362143543,0.04748126407285093,209.9546529558003,3.541185400694484,3,"[11, 12, 13]",0.0,0.0,0.0,0.0
matched,gmm_fitted,full,marginal_max,0.10000000000000002,1.6996749443881478e-17,0.029846764288170125,0.01656365274770624,0.5391572947026586,0.02841442104730901,36.34149232018932,2.341241413528671,3,"[11, 12, 13]",0.0,0.0,0.0,0.0
matched,gmm_fitted,full,relational_max,0.10000000000000002,1.6996749443881478e-17,0.02744336223587503,0.022373534859996297,0.5275111538217,0.06062644056442655,32.74630181432422,13.579944117795115,3,"[11, 12, 13]",0.0,0.0,0.0,0.0
matched,gmm_fitted,random1:1,conditional_max,0.10000000000000002,1.6996749443881478e-17,0.03540611979024295,0.018828380114099555,0.5931953284550929,0.05269401674478219,57.36877802219929,7.380852149726104,3,"[11, 12, 13]",0.0,0.0,0.0,0.0
matched,gmm_fitted,random1:1,independent,0.10000000000000002,1.6996749443881478e-17,0.06441172575752238,0.009926319788811134,0.4120012570196081,0.06153067973141634,172.99721540383885,18.550856729168398,3,"[11, 12, 13]",0.0,0.0,0.0,0.0
matched,gmm_fitted,random1:1,joint,0.10000000000000002,1.6996749443881478e-17,0.0698469586726456,0.019796922602079683,0.5274058622308129,0.052219244338937106,185.65623730378545,4.711531208247713,3,"[11, 12, 13]",0.0,0.0,0.0,0.0
matched,gmm_fitted,random1:1,marginal_max,0.10000000000000002,1.6996749443881478e-17,0.029846764288170125,0.01656365274770624,0.5332148802935853,0.03255036985411285,36.34149232018932,2.341241413528671,3,"[11, 12, 13]",0.0,0.0,0.0,0.0
matched,gmm_fitted,random1:1,relational_max,0.10000000000000002,1.6996749443881478e-17,0.0359574832555998,0.03468321087672429,0.5519268968583825,0.08044641253812718,26.642004204415517,15.526544406689682,3,"[11, 12, 13]",0.0,0.0,0.0,0.0
matched,gmm_fitted,random3:5-8-14,conditional_max,0.10000000000000002,1.6996749443881478e-17,0.03128201016225839,0.011701303487166767,0.5648140611250083,0.024755681558717674,50.853265164678305,1.775661158221604,3,"[11, 12, 13]",0.0,0.0,0.0,0.0
matched,gmm_fitted,random3:5-8-14,independent,0.10000000000000002,1.6996749443881478e-17,0.04142499209300649,0.019198031839739893,0.33919402526917186,0.039580659931885843,162.84407165459388,17.096947626688472,3,"[11, 12, 13]",0.0,0.0,0.0,0.0
matched,gmm_fitted,random3:5-8-14,joint,0.10000000000000002,1.6996749443881478e-17,0.05808985665359836,0.017979637573122653,0.4698976201265686,0.022939133738129443,171.35693998624285,2.1289144867943386,3,"[11, 12, 13]",0.0,0.0,0.0,0.0
matched,gmm_fitted,random3:5-8-14,marginal_max,0.10000000000000002,1.6996749443881478e-17,0.029846764288170125,0.01656365274770624,0.49083517694859297,0.025411496352488305,36.34149232018932,2.341241413528671,3,"[11, 12, 13]",0.0,0.0,0.0,0.0
matched,gmm_fitted,random3:5-8-14,relational_max,0.10000000000000002,1.6996749443881478e-17,0.039785561526128714,0.031573057446722404,0.5272663913696533,0.05826672061135046,20.12649134689455,10.132424171604335,3,"[11, 12, 13]",0.0,0.0,0.0,0.0
matched,gmm_fitted,random7:3-4-8-10-11-12-14,conditional_max,0.10000000000000002,1.6996749443881478e-17,0.14381826995387015,0.127338061937046,0.6011954240274601,0.07092181148966901,26.907403500138546,2.8687782780398203,3,"[11, 12, 13]",0.0,0.0,0.0,0.0
matched,gmm_fitted,random7:3-4-8-10-11-12-14,independent,0.10000000000000002,1.6996749443881478e-17,0.13659008323300262,0.12708783547596525,0.50979770650617,0.08042728950810228,100.41720589934054,4.019340776977872,3,"[11, 12, 13]",0.0,0.0,0.0,0.0
matched,gmm_fitted,random7:3-4-8-10-11-12-14,joint,0.10000000000000002,1.6996749443881478e-17,0.09602985907530497,0.06264789088684872,0.5760199211689958,0.05473633929169823,96.8167746004586,3.7487410810286104,3,"[11, 12, 13]",0.0,0.0,0.0,0.0
matched,gmm_fitted,random7:3-4-8-10-11-12-14,marginal_max,0.10000000000000002,1.6996749443881478e-17,0.07491241561992651,0.0653814057424953,0.49274050927922647,0.042968939783899304,28.080227126460585,3.3529957949541838,3,"[11, 12, 13]",0.0,0.0,0.0,0.0
matched,gmm_fitted,random7:3-4-8-10-11-12-14,relational_max,0.10000000000000002,1.6996749443881478e-17,0.17115334383819436,0.057346763126663765,0.6048907134031741,0.018185872270510963,2.695569793408675,0.7070851138037652,3,"[11, 12, 13]",0.0,0.0,0.0,0.0
matched,gmm_fitted,single_sensor_0,conditional_max,0.10000000000000002,1.6996749443881478e-17,0.06035423330915677,0.009351080588078466,0.15608793953670888,0.004712376523337382,24.94528769228847,0.4475285568037662,3,"[11, 12, 13]",0.0,0.0,0.0,0.0
matched,gmm_fitted,single_sensor_0,independent,0.10000000000000002,1.6996749443881478e-17,0.06035423330915677,0.009351080588078466,0.15608793953670888,0.004712376523337382,24.94528769228847,0.4475285568037662,3,"[11, 12, 13]",0.0,0.0,0.0,0.0
matched,gmm_fitted,single_sensor_0,joint,0.10000000000000002,1.6996749443881478e-17,0.06035423330915677,0.009351080588078466,0.15608793953670888,0.004712376523337382,24.94528769228847,0.4475285568037662,3,"[11, 12, 13]",0.0,0.0,0.0,0.0
matched,gmm_fitted,single_sensor_0,marginal_max,0.10000000000000002,1.6996749443881478e-17,0.06035423330915677,0.009351080588078466,0.15608793953670888,0.004712376523337382,24.94528769228847,0.4475285568037662,3,"[11, 12, 13]",0.0,0.0,0.0,0.0
matched,gmm_fitted,single_sensor_0,relational_max,0.10000000000000002,1.6996749443881478e-17,0.0,0.0,0.0,0.0,0.0,0.0,3,"[11, 12, 13]",1.0,0.0,0.0,0.0
matched_nearest,circuit,bank0:0-1-2-4-5-7-8,conditional_max,0.10000000000000002,1.6996749443881478e-17,0.034404351296483705,0.028240433232629876,0.46934062761077583,0.06350580225469032,27.828702290852863,2.5114418857463647,3,"[11, 12, 13]",0.0,0.0,0.0,0.0
matched_nearest,circuit,bank0:0-1-2-4-5-7-8,independent,0.10000000000000002,1.6996749443881478e-17,0.06644539233874087,0.010302185313911548,0.4590454183376645,0.04997532920612046,-40.45332590738932,6.219400276994599,3,"[11, 12, 13]",0.0,0.0,0.0,0.0
matched_nearest,circuit,bank0:0-1-2-4-5-7-8,joint,0.10000000000000002,1.6996749443881478e-17,0.06724860519014648,0.00902814094329172,0.4744657767907366,0.04879448717918317,-43.46777089436849,7.2189931511284975,3,"[11, 12, 13]",0.0,0.0,0.0,0.0
matched_nearest,circuit,bank0:0-1-2-4-5-7-8,marginal_max,0.10000000000000002,1.6996749443881478e-17,0.03917033466122228,0.0327584746608407,0.45983879047499876,0.07194350129866726,28.323476791381836,2.47367057817747,3,"[11, 12, 13]",0.0,0.0,0.0,0.0
matched_nearest,circuit,bank0:0-1-2-4-5-7-8,relational_max,0.10000000000000002,1.6996749443881478e-17,0.03245208321437409,0.04616931016093962,0.20119983817492418,0.10272794051347384,2.196943918863932,1.435873808499992,3,"[11, 12, 13]",0.0,0.0,0.0,0.0
matched_nearest,circuit,bank1:3,conditional_max,0.10000000000000002,1.6996749443881478e-17,0.0303861002141064,0.021719241607148526,0.5771982555613197,0.02581174362029143,29.235809326171875,1.091293447371263,3,"[11, 12, 13]",0.0,0.0,0.0,0.0
matched_nearest,circuit,bank1:3,independent,0.10000000000000002,1.6996749443881478e-17,0.08082895259570094,0.0716074969217591,0.5382152184415792,0.09671382344055121,145.33380126953125,22.706434160167323,3,"[11, 12, 13]",0.0,0.0,0.0,0.0
matched_nearest,circuit,bank1:3,joint,0.10000000000000002,1.6996749443881478e-17,0.07608961610280994,0.06339951683629276,0.555148009604213,0.09528120468310575,137.73416900634766,23.93204666307793,3,"[11, 12, 13]",0.0,0.0,0.0,0.0
matched_nearest,circuit,bank1:3,marginal_max,0.10000000000000002,1.6996749443881478e-17,0.028766351075371368,0.016824045960309904,0.5656192988147003,0.02232361195835267,30.06584358215332,1.1284432933422985,3,"[11, 12, 13]",0.0,0.0,0.0,0.0
matched_nearest,circuit,bank1:3,relational_max,0.10000000000000002,1.6996749443881478e-17,0.01337409737771293,0.017201121102367472,0.317925407387339,0.07784931023257659,3.247217814127604,1.035440317696365,3,"[11, 12, 13]",0.0,0.0,0.0,0.0
matched_nearest,circuit,bank2:6-10,conditional_max,0.10000000000000002,1.6996749443881478e-17,0.0303861002141064,0.021719241607148526,0.5562353477639508,0.018033585060907263,29.225870768229168,1.1094808137222225,3,"[11, 12, 13]",0.0,0.0,0.0,0.0
matched_nearest,circuit,bank2:6-10,independent,0.10000000000000002,1.6996749443881478e-17,0.10566974968544136,0.04598595323983431,0.5456580380207935,0.08317962044327633,59.97793833414713,17.22140696988111,3,"[11, 12, 13]",0.0,0.0,0.0,0.0
matched_nearest,circuit,bank2:6-10,joint,0.10000000000000002,1.6996749443881478e-17,0.0936482037862046,0.05447347266161877,0.5585614414904754,0.08385701255721786,54.091705322265625,17.41918626412751,3,"[11, 12, 13]",0.0,0.0,0.0,0.0
matched_nearest,circuit,bank2:6-10,marginal_max,0.10000000000000002,1.6996749443881478e-17,0.028766351075371368,0.016824045960309904,0.5446563910173313,0.0147812305145955,30.06584358215332,1.1284432933422985,3,"[11, 12, 13]",0.0,0.0,0.0,0.0
matched_nearest,circuit,bank2:6-10,relational_max,0.10000000000000002,1.6996749443881478e-17,0.027831928703014135,0.023492824046001257,0.35336076584243603,0.06834139482503984,2.6259562174479165,0.5073645572763497,3,"[11, 12, 13]",0.0,0.0,0.0,0.0
matched_nearest,circuit,full,conditional_max,0.10000000000000002,1.6996749443881478e-17,0.0303861002141064,0.021719241607148526,0.5771982555613197,0.02581174362029143,29.235803604125977,1.0912901300266746,3,"[11, 12, 13]",0.0,0.0,0.0,0.0
matched_nearest,circuit,full,independent,0.10000000000000002,1.6996749443881478e-17,0.07999488120881225,0.042270185359665466,0.5508618319197937,0.06984421239209912,70.1052754720052,19.42345358821868,3,"[11, 12, 13]",0.0,0.0,0.0,0.0
matched_nearest,circuit,full,joint,0.10000000000000002,1.6996749443881478e-17,0.08082474093206546,0.03695764254916276,0.567058756352424,0.07283736941585311,61.68791707356771,21.516536069912114,3,"[11, 12, 13]",0.0,0.0,0.0,0.0
matched_nearest,circuit,full,marginal_max,0.10000000000000002,1.6996749443881478e-17,0.028766351075371368,0.016824045960309904,0.5703046126221128,0.02473921065072129,30.06584358215332,1.1284432933422985,3,"[11, 12, 13]",0.0,0.0,0.0,0.0
matched_nearest,circuit,full,relational_max,0.10000000000000002,1.6996749443881478e-17,0.01337409737771293,0.017201121102367472,0.31721618752918296,0.0783928096154981,3.2472216288248696,1.0354398241252958,3,"[11, 12, 13]",0.0,0.0,0.0,0.0
matched_nearest,circuit,random1:1,conditional_max,0.10000000000000002,1.6996749443881478e-17,0.06751090274175252,0.055404758043418344,0.5973221918631468,0.07047836357280315,27.66791280110677,2.371228185466592,3,"[11, 12, 13]",0.0,0.0,0.0,0.0
matched_nearest,circuit,random1:1,independent,0.10000000000000002,1.6996749443881478e-17,0.07715727283440509,0.02974691749636056,0.5381064441288397,0.07433674117493116,50.589342753092446,21.862377767454586,3,"[11, 12, 13]",0.0,0.0,0.0,0.0
matched_nearest,circuit,random1:1,joint,0.10000000000000002,1.6996749443881478e-17,0.07947291839537235,0.027908119601869393,0.5513991430074437,0.07795110932675905,42.928086598714195,23.77366265203791,3,"[11, 12, 13]",0.0,0.0,0.0,0.0
matched_nearest,circuit,random1:1,marginal_max,0.10000000000000002,1.6996749443881478e-17,0.06984060068042665,0.06430892544815717,0.5904958950453422,0.0723933682641837,28.323476791381836,2.47367057817747,3,"[11, 12, 13]",0.0,0.0,0.0,0.0
matched_nearest,circuit,random1:1,relational_max,0.10000000000000002,1.6996749443881478e-17,0.005461879786970813,0.005532634578577146,0.2907647530729958,0.0713298783341487,3.3600136439005532,0.8443834480864945,3,"[11, 12, 13]",0.0,0.0,0.0,0.0
matched_nearest,circuit,random3:5-8-14,conditional_max,0.10000000000000002,1.6996749443881478e-17,0.068393448757215,0.04595715193445291,0.5642079460323902,0.013534119507179844,27.699357350667317,1.886869085433845,3,"[11, 12, 13]",0.0,0.0,0.0,0.0
matched_nearest,circuit,random3:5-8-14,independent,0.10000000000000002,1.6996749443881478e-17,0.10438831052757973,0.06552884196419492,0.5440785426671899,0.060520773357271976,23.82385317484538,5.787684375680659,3,"[11, 12, 13]",0.0,0.0,0.0,0.0
matched_nearest,circuit,random3:5-8-14,joint,0.10000000000000002,1.6996749443881478e-17,0.10517819994306155,0.06613791832960506,0.5527399504238594,0.06233375755519326,18.00665028889974,7.173205239975588,3,"[11, 12, 13]",0.0,0.0,0.0,0.0
matched_nearest,circuit,random3:5-8-14,marginal_max,0.10000000000000002,1.6996749443881478e-17,0.07031979890926011,0.04832707520457145,0.5521484546636684,0.008647778219420078,28.29757817586263,2.245004494547275,3,"[11, 12, 13]",0.0,0.0,0.0,0.0
matched_nearest,circuit,random3:5-8-14,relational_max,0.10000000000000002,1.6996749443881478e-17,0.02134033765393327,0.03489654553678406,0.24264467368313627,0.0781840674678571,3.0348889032999673,1.1654873005710529,3,"[11, 12, 13]",0.0,0.0,0.0,0.0
matched_nearest,circuit,random7:3-4-8-10-11-12-14,conditional_max,0.10000000000000002,1.6996749443881478e-17,0.05447017473949443,0.05014186164989833,0.5002614066227601,0.0367335643577161,27.69428253173828,1.9193951935852285,3,"[11, 12, 13]",0.0,0.0,0.0,0.0
matched_nearest,circuit,random7:3-4-8-10-11-12-14,independent,0.10000000000000002,1.6996749443881478e-17,0.054359254098171446,0.017684550522371348,0.4421918388487904,0.026188635640052266,116.11832936604817,8.616538061740536,3,"[11, 12, 13]",0.0,0.0,0.0,0.0
matched_nearest,circuit,random7:3-4-8-10-11-12-14,joint,0.10000000000000002,1.6996749443881478e-17,0.04876341101017967,0.021200987901404553,0.4547999399027997,0.03144088902899034,113.51695251464844,8.887894526132838,3,"[11, 12, 13]",0.0,0.0,0.0,0.0
matched_nearest,circuit,random7:3-4-8-10-11-12-14,marginal_max,0.10000000000000002,1.6996749443881478e-17,0.05919545885467858,0.04983276917155656,0.48066566963629453,0.03471395417344748,28.29757817586263,2.245004494547275,3,"[11, 12, 13]",0.0,0.0,0.0,0.0
matched_nearest,circuit,random7:3-4-8-10-11-12-14,relational_max,0.10000000000000002,1.6996749443881478e-17,0.04266735187194274,0.07182531877425666,0.23215584937308983,0.12140515368182316,2.0506566365559897,1.064354859591705,3,"[11, 12, 13]",0.0,0.0,0.0,0.0
matched_nearest,circuit,single_sensor_0,conditional_max,0.10000000000000002,1.6996749443881478e-17,0.07113564675157219,0.05999420243404543,0.17144735035736372,0.07844889054745519,25.48981221516927,1.6797459367864789,3,"[11, 12, 13]",0.0,0.0,0.0,0.0
matched_nearest,circuit,single_sensor_0,independent,0.10000000000000002,1.6996749443881478e-17,0.07113564675157219,0.05999420243404543,0.17144735035736372,0.07844889054745519,25.48981221516927,1.6797459367864789,3,"[11, 12, 13]",0.0,0.0,0.0,0.0
matched_nearest,circuit,single_sensor_0,joint,0.10000000000000002,1.6996749443881478e-17,0.07113564675157219,0.05999420243404543,0.17144735035736372,0.07844889054745519,25.48981221516927,1.6797459367864789,3,"[11, 12, 13]",0.0,0.0,0.0,0.0
matched_nearest,circuit,single_sensor_0,marginal_max,0.10000000000000002,1.6996749443881478e-17,0.07113564675157219,0.05999420243404543,0.17144735035736372,0.07844889054745519,25.48981221516927,1.6797459367864789,3,"[11, 12, 13]",0.0,0.0,0.0,0.0
matched_nearest,circuit,single_sensor_0,relational_max,0.10000000000000002,1.6996749443881478e-17,0.0,0.0,0.0,0.0,0.0,0.0,3,"[11, 12, 13]",1.0,0.0,0.0,0.0
matched_nearest,gaussian_fitted,bank0:0-1-2-4-5-7-8,conditional_max,0.10000000000000002,1.6996749443881478e-17,0.02148138788895625,0.01673983148360811,0.4086047527814191,0.009904335762664541,52.23299699910293,4.844208151842202,3,"[11, 12, 13]",0.0,0.0,0.0,0.0
matched_nearest,gaussian_fitted,bank0:0-1-2-4-5-7-8,independent,0.10000000000000002,1.6996749443881478e-17,0.03137600315550799,0.010573545446127548,0.35772064764047623,0.04683152821612687,119.43171941467382,12.975299272464078,3,"[11, 12, 13]",0.0,0.0,0.0,0.0
matched_nearest,gaussian_fitted,bank0:0-1-2-4-5-7-8,joint,0.10000000000000002,1.6996749443881478e-17,0.029756254016772954,0.015282956228411967,0.45131134601935013,0.06113406762411072,112.94152170348205,9.999773628534605,3,"[11, 12, 13]",0.0,0.0,0.0,0.0
matched_nearest,gaussian_fitted,bank0:0-1-2-4-5-7-8,marginal_max,0.10000000000000002,1.6996749443881478e-17,0.02423759776425456,0.022527446782545688,0.275539305553362,0.010712318117101646,52.42989189452059,5.537974066128937,3,"[11, 12, 13]",0.0,0.0,0.0,0.0
matched_nearest,gaussian_fitted,bank0:0-1-2-4-5-7-8,relational_max,0.10000000000000002,1.6996749443881478e-17,0.08970523619131159,0.10131586165000218,0.5635844578272756,0.057369818727105885,2.337114157754176,1.0758349845248039,3,"[11, 12, 13]",0.0,0.0,0.0,0.0
matched_nearest,gaussian_fitted,bank1:3,conditional_max,0.10000000000000002,1.6996749443881478e-17,0.06442662856730948,0.06399023470087281,0.7101740429500598,0.03403298616686646,29.571718104773044,2.075568094829435,3,"[11, 12, 13]",0.0,0.0,0.0,0.0
matched_nearest,gaussian_fitted,bank1:3,independent,0.10000000000000002,1.6996749443881478e-17,0.08569962009984074,0.053398866215329556,0.5684774795460962,0.07396169229699869,185.42198735062252,3.166822203683699,3,"[11, 12, 13]",0.0,0.0,0.0,0.0
matched_nearest,gaussian_fitted,bank1:3,joint,0.10000000000000002,1.6996749443881478e-17,0.06619163960470296,0.07535078203615571,0.6706958113790242,0.05830510621741408,174.78025799243315,6.803440619961134,3,"[11, 12, 13]",0.0,0.0,0.0,0.0
matched_nearest,gaussian_fitted,bank1:3,marginal_max,0.10000000000000002,1.6996749443881478e-17,0.03639237802272922,0.032019579532493486,0.5633001705318804,0.0067433391140229405,29.620944261572077,2.022211220067357,3,"[11, 12, 13]",0.0,0.0,0.0,0.0
matched_nearest,gaussian_fitted,bank1:3,relational_max,0.10000000000000002,1.6996749443881478e-17,0.15792519680415723,0.06944457568040716,0.7365860740531956,0.020504166031689447,3.1302281532975784,0.4099471140274391,3,"[11, 12, 13]",0.0,0.0,0.0,0.0
matched_nearest,gaussian_fitted,bank2:6-10,conditional_max,0.10000000000000002,1.6996749443881478e-17,0.025188826294388,0.019945270275846323,0.5148495970369327,0.03202653216111822,53.64921843658855,6.037729662417554,3,"[11, 12, 13]",0.0,0.0,0.0,0.0
matched_nearest,gaussian_fitted,bank2:6-10,independent,0.10000000000000002,1.6996749443881478e-17,0.0724830956375669,0.027381832730101804,0.465287751793703,0.07945751472855392,219.11936188837828,17.4248582692211,3,"[11, 12, 13]",0.0,0.0,0.0,0.0
matched_nearest,gaussian_fitted,bank2:6-10,joint,0.10000000000000002,1.6996749443881478e-17,0.05667344177557259,0.016016407862643623,0.5842510507898288,0.040898200975838656,209.3001235997699,12.60197214496982,3,"[11, 12, 13]",0.0,0.0,0.0,0.0
matched_nearest,gaussian_fitted,bank2:6-10,marginal_max,0.10000000000000002,1.6996749443881478e-17,0.02423759776425456,0.022527446782545688,0.2111590052860428,0.05297329909780205,52.42989189452059,5.537974066128937,3,"[11, 12, 13]",0.0,0.0,0.0,0.0
matched_nearest,gaussian_fitted,bank2:6-10,relational_max,0.10000000000000002,1.6996749443881478e-17,0.1035694254278382,0.0630689390111251,0.6716770075157946,0.04003478181063985,3.7180931356951348,0.7212646490105673,3,"[11, 12, 13]",0.0,0.0,0.0,0.0
matched_nearest,gaussian_fitted,full,conditional_max,0.10000000000000002,1.6996749443881478e-17,0.02304784328399612,0.018540918501750433,0.5521280442937425,0.030125079849721646,54.4981017605445,5.033699356063638,3,"[11, 12, 13]",0.0,0.0,0.0,0.0
matched_nearest,gaussian_fitted,full,independent,0.10000000000000002,1.6996749443881478e-17,0.050409078078979215,0.00466474001126776,0.4990560203909315,0.03792828714583844,214.93106680702763,12.446465647293557,3,"[11, 12, 13]",0.0,0.0,0.0,0.0
matched_nearest,gaussian_fitted,full,joint,0.10000000000000002,1.6996749443881478e-17,0.048735306254765964,0.007689328608403548,0.6267128815757129,0.036269642741515395,200.46113196378997,9.674914662338564,3,"[11, 12, 13]",0.0,0.0,0.0,0.0
matched_nearest,gaussian_fitted,full,marginal_max,0.10000000000000002,1.6996749443881478e-17,0.02423759776425456,0.022527446782545688,0.36003135259602487,0.0389537095886893,52.42989189452059,5.537974066128937,3,"[11, 12, 13]",0.0,0.0,0.0,0.0
matched_nearest,gaussian_fitted,full,relational_max,0.10000000000000002,1.6996749443881478e-17,0.08655393986959231,0.06159716748659835,0.7032950193432802,0.024526702086062852,4.182285147994786,0.8537955860208039,3,"[11, 12, 13]",0.0,0.0,0.0,0.0
matched_nearest,gaussian_fitted,random1:1,conditional_max,0.10000000000000002,1.6996749443881478e-17,0.023689717020750137,0.018866958154796845,0.551953381743167,0.026523142615990723,54.044674947300415,5.159703757749196,3,"[11, 12, 13]",0.0,0.0,0.0,0.0
matched_nearest,gaussian_fitted,random1:1,independent,0.10000000000000002,1.6996749443881478e-17,0.05488178386633152,0.01733182831692214,0.504694587566764,0.06127448799926762,194.04228352512578,16.664521103864274,3,"[11, 12, 13]",0.0,0.0,0.0,0.0
matched_nearest,gaussian_fitted,random1:1,joint,0.10000000000000002,1.6996749443881478e-17,0.05952639842418985,0.023590607471778022,0.6333265703734571,0.04612761541548299,179.0459928826108,12.519363620321528,3,"[11, 12, 13]",0.0,0.0,0.0,0.0
matched_nearest,gaussian_fitted,random1:1,marginal_max,0.10000000000000002,1.6996749443881478e-17,0.02423759776425456,0.022527446782545688,0.36003135259602487,0.0389537095886893,52.42989189452059,5.537974066128937,3,"[11, 12, 13]",0.0,0.0,0.0,0.0
matched_nearest,gaussian_fitted,random1:1,relational_max,0.10000000000000002,1.6996749443881478e-17,0.0987423324436194,0.048826461186526185,0.7121197910528876,0.03342143534999533,3.6968609540898214,0.40818523663034156,3,"[11, 12, 13]",0.0,0.0,0.0,0.0
matched_nearest,gaussian_fitted,random3:5-8-14,conditional_max,0.10000000000000002,1.6996749443881478e-17,0.02596539227394604,0.021547278088290628,0.5069494069856111,0.01878720852949528,53.09253602246241,3.7550270644907844,3,"[11, 12, 13]",0.0,0.0,0.0,0.0
matched_nearest,gaussian_fitted,random3:5-8-14,independent,0.10000000000000002,1.6996749443881478e-17,0.04846867554922726,0.022170591593521104,0.450375303776364,0.06917790221235788,179.28352437581302,16.179833489175135,3,"[11, 12, 13]",0.0,0.0,0.0,0.0
matched_nearest,gaussian_fitted,random3:5-8-14,joint,0.10000000000000002,1.6996749443881478e-17,0.029927433845495927,0.014785507225543903,0.5398911365943758,0.019132962874598553,172.77451227533413,7.284568508352612,3,"[11, 12, 13]",0.0,0.0,0.0,0.0
matched_nearest,gaussian_fitted,random3:5-8-14,marginal_max,0.10000000000000002,1.6996749443881478e-17,0.02423759776425456,0.022527446782545688,0.305377525023964,0.03186306751331695,52.42989189452059,5.537974066128937,3,"[11, 12, 13]",0.0,0.0,0.0,0.0
matched_nearest,gaussian_fitted,random3:5-8-14,relational_max,0.10000000000000002,1.6996749443881478e-17,0.09213589256694014,0.06030975281363698,0.6585043815475679,0.039823498073722804,3.2843662519365133,0.7939498978493058,3,"[11, 12, 13]",0.0,0.0,0.0,0.0
matched_nearest,gaussian_fitted,random7:3-4-8-10-11-12-14,conditional_max,0.10000000000000002,1.6996749443881478e-17,0.11588931100017696,0.09585911993973549,0.5994570598619141,0.059538468361422944,26.504062470103833,2.6332129247419527,3,"[11, 12, 13]",0.0,0.0,0.0,0.0
matched_nearest,gaussian_fitted,random7:3-4-8-10-11-12-14,independent,0.10000000000000002,1.6996749443881478e-17,0.13951038600302187,0.11364826835624309,0.5172427129107334,0.06628542541447582,99.50706163109226,2.957820027519951,3,"[11, 12, 13]",0.0,0.0,0.0,0.0
matched_nearest,gaussian_fitted,random7:3-4-8-10-11-12-14,joint,0.10000000000000002,1.6996749443881478e-17,0.09536336330498964,0.04983643990164068,0.5812958398077538,0.044946722381615636,93.99800282496392,4.306032260974371,3,"[11, 12, 13]",0.0,0.0,0.0,0.0
matched_nearest,gaussian_fitted,random7:3-4-8-10-11-12-14,marginal_max,0.10000000000000002,1.6996749443881478e-17,0.07288729385627617,0.06704068264728354,0.48410372355611814,0.04918609958917593,28.13769165873229,3.3069279689969124,3,"[11, 12, 13]",0.0,0.0,0.0,0.0
matched_nearest,gaussian_fitted,random7:3-4-8-10-11-12-14,relational_max,0.10000000000000002,1.6996749443881478e-17,0.15879203007451811,0.08072727630712517,0.6062473145582228,0.0407906482318138,1.570579355357901,0.6045735176569964,3,"[11, 12, 13]",0.0,0.0,0.0,0.0
matched_nearest,gaussian_fitted,single_sensor_0,conditional_max,0.10000000000000002,1.6996749443881478e-17,0.06738183954938438,0.014909949187952475,0.16010400379373702,0.00436096114266617,24.732293590734272,0.447757908756498,3,"[11, 12, 13]",0.0,0.0,0.0,0.0
matched_nearest,gaussian_fitted,single_sensor_0,independent,0.10000000000000002,1.6996749443881478e-17,0.06738183954938438,0.014909949187952475,0.16010400379373702,0.00436096114266617,24.732293590734272,0.447757908756498,3,"[11, 12, 13]",0.0,0.0,0.0,0.0
matched_nearest,gaussian_fitted,single_sensor_0,joint,0.10000000000000002,1.6996749443881478e-17,0.06738183954938438,0.014909949187952475,0.16010400379373702,0.00436096114266617,24.732293590734272,0.447757908756498,3,"[11, 12, 13]",0.0,0.0,0.0,0.0
matched_nearest,gaussian_fitted,single_sensor_0,marginal_max,0.10000000000000002,1.6996749443881478e-17,0.06738183954938438,0.014909949187952475,0.16010400379373702,0.00436096114266617,24.732293590734272,0.447757908756498,3,"[11, 12, 13]",0.0,0.0,0.0,0.0
matched_nearest,gaussian_fitted,single_sensor_0,relational_max,0.10000000000000002,1.6996749443881478e-17,0.0,0.0,0.0,0.0,0.0,0.0,3,"[11, 12, 13]",1.0,0.0,0.0,0.0
matched_nearest,gmm_fitted,bank0:0-1-2-4-5-7-8,conditional_max,0.10000000000000002,1.6996749443881478e-17,0.026501974419812963,0.007542604425325012,0.49860719473639237,0.006458169500191821,41.216271918679375,2.914489427219788,3,"[11, 12, 13]",0.0,0.0,0.0,0.0
matched_nearest,gmm_fitted,bank0:0-1-2-4-5-7-8,independent,0.10000000000000002,1.6996749443881478e-17,0.03711986192222758,0.015329856910389307,0.3078503385327131,0.07804665291267324,102.20980176278476,12.053032161913595,3,"[11, 12, 13]",0.0,0.0,0.0,0.0
matched_nearest,gmm_fitted,bank0:0-1-2-4-5-7-8,joint,0.10000000000000002,1.6996749443881478e-17,0.044602084854493095,0.021199674856613088,0.4067766072862591,0.045223499252291056,103.41265950069958,7.325926830559342,3,"[11, 12, 13]",0.0,0.0,0.0,0.0
matched_nearest,gmm_fitted,bank0:0-1-2-4-5-7-8,marginal_max,0.10000000000000002,1.6996749443881478e-17,0.029846764288170125,0.01656365274770624,0.41559514249394475,0.022491973611432854,36.34149232018932,2.341241413528671,3,"[11, 12, 13]",0.0,0.0,0.0,0.0
matched_nearest,gmm_fitted,bank0:0-1-2-4-5-7-8,relational_max,0.10000000000000002,1.6996749443881478e-17,0.03252781216628134,0.010095390478947776,0.48429535425153275,0.056307869955387536,10.60502712820897,7.199168891564339,3,"[11, 12, 13]",0.0,0.0,0.0,0.0
matched_nearest,gmm_fitted,bank1:3,conditional_max,0.10000000000000002,1.6996749443881478e-17,0.09245290124904175,0.08467050156938102,0.7168116248395822,0.03553444119292464,30.880103300642862,2.8407986400817857,3,"[11, 12, 13]",0.0,0.0,0.0,0.0
matched_nearest,gmm_fitted,bank1:3,independent,0.10000000000000002,1.6996749443881478e-17,0.08240261641504001,0.07213398512139516,0.5669075414292037,0.06864802879836394,186.18622056438463,4.137039564710464,3,"[11, 12, 13]",0.0,0.0,0.0,0.0
matched_nearest,gmm_fitted,bank1:3,joint,0.10000000000000002,1.6996749443881478e-17,0.08044686561107796,0.0815121396181332,0.67779222162422,0.06731931844930097,180.8921962170749,9.784167914638068,3,"[11, 12, 13]",0.0,0.0,0.0,0.0
matched_nearest,gmm_fitted,bank1:3,marginal_max,0.10000000000000002,1.6996749443881478e-17,0.034879945313167564,0.030705594759919064,0.5702878064643367,0.00736785698369645,29.66372750008686,1.947388244106369,3,"[11, 12, 13]",0.0,0.0,0.0,0.0
matched_nearest,gmm_fitted,bank1:3,relational_max,0.10000000000000002,1.6996749443881478e-17,0.11312747207444279,0.036797550417768575,0.7215964392003832,0.002120801212065785,6.0203769568480086,1.3245523018733796,3,"[11, 12, 13]",0.0,0.0,0.0,0.0
matched_nearest,gmm_fitted,bank2:6-10,conditional_max,0.10000000000000002,1.6996749443881478e-17,0.0445887614185693,0.023453949654561275,0.5664239695496719,0.04337120172230117,51.70630784701276,5.3151355575913115,3,"[11, 12, 13]",0.0,0.0,0.0,0.0
matched_nearest,gmm_fitted,bank2:6-10,independent,0.10000000000000002,1.6996749443881478e-17,0.06162263250845471,0.024418700134822627,0.29096314672828655,0.021656080256349172,203.2513518781553,17.327105309585356,3,"[11, 12, 13]",0.0,0.0,0.0,0.0
matched_nearest,gmm_fitted,bank2:6-10,joint,0.10000000000000002,1.6996749443881478e-17,0.06269725468375469,0.0011099419773845322,0.45616711071370286,0.03114241611799024,212.17918008102865,5.690242286928152,3,"[11, 12, 13]",0.0,0.0,0.0,0.0
matched_nearest,gmm_fitted,bank2:6-10,marginal_max,0.10000000000000002,1.6996749443881478e-17,0.029846764288170125,0.01656365274770624,0.4853466502897746,0.022516378009073044,36.34149232018932,2.341241413528671,3,"[11, 12, 13]",0.0,0.0,0.0,0.0
matched_nearest,gmm_fitted,bank2:6-10,relational_max,0.10000000000000002,1.6996749443881478e-17,0.03037423466174874,0.01939705889879966,0.4926536437167446,0.054601687955113526,23.452753856582635,8.911924476034878,3,"[11, 12, 13]",0.0,0.0,0.0,0.0
matched_nearest,gmm_fitted,full,conditional_max,0.10000000000000002,1.6996749443881478e-17,0.030038232996521735,0.0130061735390915,0.5523961328828474,0.061930558553526305,62.55781634021029,6.837105771391981,3,"[11, 12, 13]",0.0,0.0,0.0,0.0
matched_nearest,gmm_fitted,full,independent,0.10000000000000002,1.6996749443881478e-17,0.0682903439916771,0.012834193030111,0.4066572633176651,0.0428821130716362,192.9553165874017,19.49032798006242,3,"[11, 12, 13]",0.0,0.0,0.0,0.0
matched_nearest,gmm_fitted,full,joint,0.10000000000000002,1.6996749443881478e-17,0.06317851824764015,0.010916761672249838,0.5165627722141971,0.04317929877628329,209.9546529558003,3.541185400694484,3,"[11, 12, 13]",0.0,0.0,0.0,0.0
matched_nearest,gmm_fitted,full,marginal_max,0.10000000000000002,1.6996749443881478e-17,0.029846764288170125,0.01656365274770624,0.5391572947026586,0.02841442104730901,36.34149232018932,2.341241413528671,3,"[11, 12, 13]",0.0,0.0,0.0,0.0
matched_nearest,gmm_fitted,full,relational_max,0.10000000000000002,1.6996749443881478e-17,0.02744336223587503,0.022373534859996297,0.5167094919964217,0.07585492221480382,32.74630181432422,13.579944117795115,3,"[11, 12, 13]",0.0,0.0,0.0,0.0
matched_nearest,gmm_fitted,random1:1,conditional_max,0.10000000000000002,1.6996749443881478e-17,0.03540611979024295,0.018828380114099555,0.5683510486435002,0.058588101316256413,57.36877802219929,7.380852149726104,3,"[11, 12, 13]",0.0,0.0,0.0,0.0
matched_nearest,gmm_fitted,random1:1,independent,0.10000000000000002,1.6996749443881478e-17,0.06441172575752238,0.009926319788811134,0.4065127303607898,0.058702204576435275,172.99721540383885,18.550856729168398,3,"[11, 12, 13]",0.0,0.0,0.0,0.0
matched_nearest,gmm_fitted,random1:1,joint,0.10000000000000002,1.6996749443881478e-17,0.0698469586726456,0.019796922602079683,0.5099918075042936,0.04935770260179487,185.65623730378545,4.711531208247713,3,"[11, 12, 13]",0.0,0.0,0.0,0.0
matched_nearest,gmm_fitted,random1:1,marginal_max,0.10000000000000002,1.6996749443881478e-17,0.029846764288170125,0.01656365274770624,0.5332148802935853,0.03255036985411285,36.34149232018932,2.341241413528671,3,"[11, 12, 13]",0.0,0.0,0.0,0.0
matched_nearest,gmm_fitted,random1:1,relational_max,0.10000000000000002,1.6996749443881478e-17,0.0359574832555998,0.03468321087672429,0.5471349955635793,0.09780597114281764,26.642004204415517,15.526544406689682,3,"[11, 12, 13]",0.0,0.0,0.0,0.0
matched_nearest,gmm_fitted,random3:5-8-14,conditional_max,0.10000000000000002,1.6996749443881478e-17,0.03128201016225839,0.011701303487166767,0.5514947153745565,0.03123045987959379,50.853265164678305,1.775661158221604,3,"[11, 12, 13]",0.0,0.0,0.0,0.0
matched_nearest,gmm_fitted,random3:5-8-14,independent,0.10000000000000002,1.6996749443881478e-17,0.04142499209300649,0.019198031839739893,0.3352719540053933,0.038703901788530067,162.84407165459388,17.096947626688472,3,"[11, 12, 13]",0.0,0.0,0.0,0.0
matched_nearest,gmm_fitted,random3:5-8-14,joint,0.10000000000000002,1.6996749443881478e-17,0.05808985665359836,0.017979637573122653,0.4593638849033322,0.023047192238137955,171.35693998624285,2.1289144867943386,3,"[11, 12, 13]",0.0,0.0,0.0,0.0
matched_nearest,gmm_fitted,random3:5-8-14,marginal_max,0.10000000000000002,1.6996749443881478e-17,0.029846764288170125,0.01656365274770624,0.49083517694859297,0.025411496352488305,36.34149232018932,2.341241413528671,3,"[11, 12, 13]",0.0,0.0,0.0,0.0
matched_nearest,gmm_fitted,random3:5-8-14,relational_max,0.10000000000000002,1.6996749443881478e-17,0.039785561526128714,0.031573057446722404,0.5172945892676282,0.06776930590653367,20.12649134689455,10.132424171604335,3,"[11, 12, 13]",0.0,0.0,0.0,0.0
matched_nearest,gmm_fitted,random7:3-4-8-10-11-12-14,conditional_max,0.10000000000000002,1.6996749443881478e-17,0.14381826995387015,0.127338061937046,0.6099613944332337,0.07996506376135892,26.907403500138546,2.8687782780398203,3,"[11, 12, 13]",0.0,0.0,0.0,0.0
matched_nearest,gmm_fitted,random7:3-4-8-10-11-12-14,independent,0.10000000000000002,1.6996749443881478e-17,0.13659008323300262,0.12708783547596525,0.5090751632120901,0.07899219522016097,100.41720589934054,4.019340776977872,3,"[11, 12, 13]",0.0,0.0,0.0,0.0
matched_nearest,gmm_fitted,random7:3-4-8-10-11-12-14,joint,0.10000000000000002,1.6996749443881478e-17,0.09602985907530497,0.06264789088684872,0.5828462179868005,0.056394437812336794,96.8167746004586,3.7487410810286104,3,"[11, 12, 13]",0.0,0.0,0.0,0.0
matched_nearest,gmm_fitted,random7:3-4-8-10-11-12-14,marginal_max,0.10000000000000002,1.6996749443881478e-17,0.07491241561992651,0.0653814057424953,0.4919372964278208,0.042275581667989344,28.080227126460585,3.3529957949541838,3,"[11, 12, 13]",0.0,0.0,0.0,0.0
matched_nearest,gmm_fitted,random7:3-4-8-10-11-12-14,relational_max,0.10000000000000002,1.6996749443881478e-17,0.17115334383819436,0.057346763126663765,0.6232152974102724,0.018574627224003566,2.695569793408675,0.7070851138037652,3,"[11, 12, 13]",0.0,0.0,0.0,0.0
matched_nearest,gmm_fitted,single_sensor_0,conditional_max,0.10000000000000002,1.6996749443881478e-17,0.06035423330915677,0.009351080588078466,0.15608793953670888,0.004712376523337382,24.94528769228847,0.4475285568037662,3,"[11, 12, 13]",0.0,0.0,0.0,0.0
matched_nearest,gmm_fitted,single_sensor_0,independent,0.10000000000000002,1.6996749443881478e-17,0.06035423330915677,0.009351080588078466,0.15608793953670888,0.004712376523337382,24.94528769228847,0.4475285568037662,3,"[11, 12, 13]",0.0,0.0,0.0,0.0
matched_nearest,gmm_fitted,single_sensor_0,joint,0.10000000000000002,1.6996749443881478e-17,0.06035423330915677,0.009351080588078466,0.15608793953670888,0.004712376523337382,24.94528769228847,0.4475285568037662,3,"[11, 12, 13]",0.0,0.0,0.0,0.0
matched_nearest,gmm_fitted,single_sensor_0,marginal_max,0.10000000000000002,1.6996749443881478e-17,0.06035423330915677,0.009351080588078466,0.15608793953670888,0.004712376523337382,24.94528769228847,0.4475285568037662,3,"[11, 12, 13]",0.0,0.0,0.0,0.0
matched_nearest,gmm_fitted,single_sensor_0,relational_max,0.10000000000000002,1.6996749443881478e-17,0.0,0.0,0.0,0.0,0.0,0.0,3,"[11, 12, 13]",1.0,0.0,0.0,0.0
matched_tight,circuit,bank0:0-1-2-4-5-7-8,conditional_max,0.10000000000000002,1.6996749443881478e-17,0.034404351296483705,0.028240433232629876,0.4709070830058158,0.06833935110542282,27.828702290852863,2.5114418857463647,3,"[11, 12, 13]",0.0,0.0,0.0,0.0
matched_tight,circuit,bank0:0-1-2-4-5-7-8,independent,0.10000000000000002,1.6996749443881478e-17,0.06644539233874087,0.010302185313911548,0.46215095331411354,0.0492553852596154,-40.45332590738932,6.219400276994599,3,"[11, 12, 13]",0.0,0.0,0.0,0.0
matched_tight,circuit,bank0:0-1-2-4-5-7-8,joint,0.10000000000000002,1.6996749443881478e-17,0.06724860519014648,0.00902814094329172,0.4774773187739361,0.04825727107612682,-43.46777089436849,7.2189931511284975,3,"[11, 12, 13]",0.0,0.0,0.0,0.0
matched_tight,circuit,bank0:0-1-2-4-5-7-8,marginal_max,0.10000000000000002,1.6996749443881478e-17,0.03917033466122228,0.0327584746608407,0.45983879047499876,0.07194350129866726,28.323476791381836,2.47367057817747,3,"[11, 12, 13]",0.0,0.0,0.0,0.0
matched_tight,circuit,bank0:0-1-2-4-5-7-8,relational_max,0.10000000000000002,1.6996749443881478e-17,0.03245208321437409,0.04616931016093962,0.1937822075839913,0.09128535218899803,2.196943918863932,1.435873808499992,3,"[11, 12, 13]",0.0,0.0,0.0,0.0
matched_tight,circuit,bank1:3,conditional_max,0.10000000000000002,1.6996749443881478e-17,0.0303861002141064,0.021719241607148526,0.5810803565173267,0.028053013042802267,29.235809326171875,1.091293447371263,3,"[11, 12, 13]",0.0,0.0,0.0,0.0
matched_tight,circuit,bank1:3,independent,0.10000000000000002,1.6996749443881478e-17,0.08082895259570094,0.0716074969217591,0.5397949972725428,0.09937925634048948,145.33380126953125,22.706434160167323,3,"[11, 12, 13]",0.0,0.0,0.0,0.0
matched_tight,circuit,bank1:3,joint,0.10000000000000002,1.6996749443881478e-17,0.07608961610280994,0.06339951683629276,0.5545194593033828,0.09836260282016215,137.73416900634766,23.93204666307793,3,"[11, 12, 13]",0.0,0.0,0.0,0.0
matched_tight,circuit,bank1:3,marginal_max,0.10000000000000002,1.6996749443881478e-17,0.028766351075371368,0.016824045960309904,0.5656192988147003,0.02232361195835267,30.06584358215332,1.1284432933422985,3,"[11, 12, 13]",0.0,0.0,0.0,0.0
matched_tight,circuit,bank1:3,relational_max,0.10000000000000002,1.6996749443881478e-17,0.01337409737771293,0.017201121102367472,0.3098412810260908,0.07049120613011867,3.247217814127604,1.035440317696365,3,"[11, 12, 13]",0.0,0.0,0.0,0.0
matched_tight,circuit,bank2:6-10,conditional_max,0.10000000000000002,1.6996749443881478e-17,0.0303861002141064,0.021719241607148526,0.5601174487199579,0.020211515742992008,29.225870768229168,1.1094808137222225,3,"[11, 12, 13]",0.0,0.0,0.0,0.0
matched_tight,circuit,bank2:6-10,independent,0.10000000000000002,1.6996749443881478e-17,0.10566974968544136,0.04598595323983431,0.5465552438654487,0.0845240152846836,59.97793833414713,17.22140696988111,3,"[11, 12, 13]",0.0,0.0,0.0,0.0
matched_tight,circuit,bank2:6-10,joint,0.10000000000000002,1.6996749443881478e-17,0.0936482037862046,0.05447347266161877,0.5618416390175,0.08737352175261409,54.091705322265625,17.41918626412751,3,"[11, 12, 13]",0.0,0.0,0.0,0.0
matched_tight,circuit,bank2:6-10,marginal_max,0.10000000000000002,1.6996749443881478e-17,0.028766351075371368,0.016824045960309904,0.5446563910173313,0.0147812305145955,30.06584358215332,1.1284432933422985,3,"[11, 12, 13]",0.0,0.0,0.0,0.0
matched_tight,circuit,bank2:6-10,relational_max,0.10000000000000002,1.6996749443881478e-17,0.027831928703014135,0.023492824046001257,0.3444734266297822,0.07186582179053634,2.6259562174479165,0.5073645572763497,3,"[11, 12, 13]",0.0,0.0,0.0,0.0
matched_tight,circuit,full,conditional_max,0.10000000000000002,1.6996749443881478e-17,0.0303861002141064,0.021719241607148526,0.5810803565173267,0.028053013042802267,29.235803604125977,1.0912901300266746,3,"[11, 12, 13]",0.0,0.0,0.0,0.0
matched_tight,circuit,full,independent,0.10000000000000002,1.6996749443881478e-17,0.07999488120881225,0.042270185359665466,0.5500719425043119,0.06857841559769275,70.1052754720052,19.42345358821868,3,"[11, 12, 13]",0.0,0.0,0.0,0.0
matched_tight,circuit,full,joint,0.10000000000000002,1.6996749443881478e-17,0.08082474093206546,0.03695764254916276,0.5671660727815974,0.072323739376811,61.68791707356771,21.516536069912114,3,"[11, 12, 13]",0.0,0.0,0.0,0.0
matched_tight,circuit,full,marginal_max,0.10000000000000002,1.6996749443881478e-17,0.028766351075371368,0.016824045960309904,0.5703046126221128,0.02473921065072129,30.06584358215332,1.1284432933422985,3,"[11, 12, 13]",0.0,0.0,0.0,0.0
matched_tight,circuit,full,relational_max,0.10000000000000002,1.6996749443881478e-17,0.01337409737771293,0.017201121102367472,0.3091320611679348,0.07119280803144878,3.2472216288248696,1.0354398241252958,3,"[11, 12, 13]",0.0,0.0,0.0,0.0
matched_tight,circuit,random1:1,conditional_max,0.10000000000000002,1.6996749443881478e-17,0.06751090274175252,0.055404758043418344,0.5964516328903392,0.06696377765413285,27.66791280110677,2.371228185466592,3,"[11, 12, 13]",0.0,0.0,0.0,0.0
matched_tight,circuit,random1:1,independent,0.10000000000000002,1.6996749443881478e-17,0.07715727283440509,0.02974691749636056,0.5390036499734948,0.07516059346107412,50.589342753092446,21.862377767454586,3,"[11, 12, 13]",0.0,0.0,0.0,0.0
matched_tight,circuit,random1:1,joint,0.10000000000000002,1.6996749443881478e-17,0.07947291839537235,0.027908119601869393,0.54981936417648,0.07556304882078146,42.928086598714195,23.77366265203791,3,"[11, 12, 13]",0.0,0.0,0.0,0.0
matched_tight,circuit,random1:1,marginal_max,0.10000000000000002,1.6996749443881478e-17,0.06984060068042665,0.06430892544815717,0.5904958950453422,0.0723933682641837,28.323476791381836,2.47367057817747,3,"[11, 12, 13]",0.0,0.0,0.0,0.0
matched_tight,circuit,random1:1,relational_max,0.10000000000000002,1.6996749443881478e-17,0.005461879786970813,0.005532634578577146,0.28588015468144634,0.06237881651236434,3.3600136439005532,0.8443834480864945,3,"[11, 12, 13]",0.0,0.0,0.0,0.0
matched_tight,circuit,random3:5-8-14,conditional_max,0.10000000000000002,1.6996749443881478e-17,0.068393448757215,0.04595715193445291,0.5605545303124365,0.008013460844313515,27.699357350667317,1.886869085433845,3,"[11, 12, 13]",0.0,0.0,0.0,0.0
matched_tight,circuit,random3:5-8-14,independent,0.10000000000000002,1.6996749443881478e-17,0.10438831052757973,0.06552884196419492,0.5433693228090338,0.06037287253309795,23.82385317484538,5.787684375680659,3,"[11, 12, 13]",0.0,0.0,0.0,0.0
matched_tight,circuit,random3:5-8-14,joint,0.10000000000000002,1.6996749443881478e-17,0.10517819994306155,0.06613791832960506,0.5550289491129791,0.0646972867703178,18.00665028889974,7.173205239975588,3,"[11, 12, 13]",0.0,0.0,0.0,0.0
matched_tight,circuit,random3:5-8-14,marginal_max,0.10000000000000002,1.6996749443881478e-17,0.07031979890926011,0.04832707520457145,0.5528576745218244,0.009596513695615538,28.29757817586263,2.245004494547275,3,"[11, 12, 13]",0.0,0.0,0.0,0.0
matched_tight,circuit,random3:5-8-14,relational_max,0.10000000000000002,1.6996749443881478e-17,0.02134033765393327,0.03489654553678406,0.2299292561999536,0.07393524378873474,3.0348889032999673,1.1654873005710529,3,"[11, 12, 13]",0.0,0.0,0.0,0.0
matched_tight,circuit,random7:3-4-8-10-11-12-14,conditional_max,0.10000000000000002,1.6996749443881478e-17,0.05447017473949443,0.05014186164989833,0.49591209448057433,0.031220743445279732,27.69428253173828,1.9193951935852285,3,"[11, 12, 13]",0.0,0.0,0.0,0.0
matched_tight,circuit,random7:3-4-8-10-11-12-14,independent,0.10000000000000002,1.6996749443881478e-17,0.054359254098171446,0.017684550522371348,0.4452167042679136,0.0237282391310045,116.11832936604817,8.616538061740536,3,"[11, 12, 13]",0.0,0.0,0.0,0.0
matched_tight,circuit,random7:3-4-8-10-11-12-14,joint,0.10000000000000002,1.6996749443881478e-17,0.04876341101017967,0.021200987901404553,0.4556838223115311,0.03239554436954243,113.51695251464844,8.887894526132838,3,"[11, 12, 13]",0.0,0.0,0.0,0.0
matched_tight,circuit,random7:3-4-8-10-11-12-14,marginal_max,0.10000000000000002,1.6996749443881478e-17,0.05919545885467858,0.04983276917155656,0.4813748894944505,0.03583182870034254,28.29757817586263,2.245004494547275,3,"[11, 12, 13]",0.0,0.0,0.0,0.0
matched_tight,circuit,random7:3-4-8-10-11-12-14,relational_max,0.10000000000000002,1.6996749443881478e-17,0.04266735187194274,0.07182531877425666,0.21812930860276844,0.11702374384545089,2.0506566365559897,1.064354859591705,3,"[11, 12, 13]",0.0,0.0,0.0,0.0
matched_tight,circuit,single_sensor_0,conditional_max,0.10000000000000002,1.6996749443881478e-17,0.07113564675157219,0.05999420243404543,0.16749790327995454,0.07172140096342951,25.48981221516927,1.6797459367864789,3,"[11, 12, 13]",0.0,0.0,0.0,0.0
matched_tight,circuit,single_sensor_0,independent,0.10000000000000002,1.6996749443881478e-17,0.07113564675157219,0.05999420243404543,0.16749790327995454,0.07172140096342951,25.48981221516927,1.6797459367864789,3,"[11, 12, 13]",0.0,0.0,0.0,0.0
matched_tight,circuit,single_sensor_0,joint,0.10000000000000002,1.6996749443881478e-17,0.07113564675157219,0.05999420243404543,0.16749790327995454,0.07172140096342951,25.48981221516927,1.6797459367864789,3,"[11, 12, 13]",0.0,0.0,0.0,0.0
matched_tight,circuit,single_sensor_0,marginal_max,0.10000000000000002,1.6996749443881478e-17,0.07113564675157219,0.05999420243404543,0.16749790327995454,0.07172140096342951,25.48981221516927,1.6797459367864789,3,"[11, 12, 13]",0.0,0.0,0.0,0.0
matched_tight,circuit,single_sensor_0,relational_max,0.10000000000000002,1.6996749443881478e-17,0.0,0.0,0.0,0.0,0.0,0.0,3,"[11, 12, 13]",1.0,0.0,0.0,0.0
matched_tight,gaussian_fitted,bank0:0-1-2-4-5-7-8,conditional_max,0.10000000000000002,1.6996749443881478e-17,0.02148138788895625,0.01673983148360811,0.4199150539842136,0.01446315127576815,52.23299699910293,4.844208151842202,3,"[11, 12, 13]",0.0,0.0,0.0,0.0
matched_tight,gaussian_fitted,bank0:0-1-2-4-5-7-8,independent,0.10000000000000002,1.6996749443881478e-17,0.03137600315550799,0.010573545446127548,0.35851053705595803,0.04786188031839152,119.43171941467382,12.975299272464078,3,"[11, 12, 13]",0.0,0.0,0.0,0.0
matched_tight,gaussian_fitted,bank0:0-1-2-4-5-7-8,joint,0.10000000000000002,1.6996749443881478e-17,0.029756254016772954,0.015282956228411967,0.46014466254652575,0.06119845169888499,112.94152170348205,9.999773628534605,3,"[11, 12, 13]",0.0,0.0,0.0,0.0
matched_tight,gaussian_fitted,bank0:0-1-2-4-5-7-8,marginal_max,0.10000000000000002,1.6996749443881478e-17,0.02423759776425456,0.022527446782545688,0.275539305553362,0.010712318117101646,52.42989189452059,5.537974066128937,3,"[11, 12, 13]",0.0,0.0,0.0,0.0
matched_tight,gaussian_fitted,bank0:0-1-2-4-5-7-8,relational_max,0.10000000000000002,1.6996749443881478e-17,0.08970523619131159,0.10131586165000218,0.5478280977089766,0.06731937894319093,2.337114157754176,1.0758349845248039,3,"[11, 12, 13]",0.0,0.0,0.0,0.0
matched_tight,gaussian_fitted,bank1:3,conditional_max,0.10000000000000002,1.6996749443881478e-17,0.06442662856730948,0.06399023470087281,0.6916501743588248,0.017201473421455393,29.571718104773044,2.075568094829435,3,"[11, 12, 13]",0.0,0.0,0.0,0.0
matched_tight,gaussian_fitted,bank1:3,independent,0.10000000000000002,1.6996749443881478e-17,0.08569962009984074,0.053398866215329556,0.5690927064110025,0.0762204240131662,185.42198735062252,3.166822203683699,3,"[11, 12, 13]",0.0,0.0,0.0,0.0
matched_tight,gaussian_fitted,bank1:3,joint,0.10000000000000002,1.6996749443881478e-17,0.06619163960470296,0.07535078203615571,0.6575664764533581,0.04279649461706386,174.78025799243315,6.803440619961134,3,"[11, 12, 13]",0.0,0.0,0.0,0.0
matched_tight,gaussian_fitted,bank1:3,marginal_max,0.10000000000000002,1.6996749443881478e-17,0.03639237802272922,0.032019579532493486,0.5633001705318804,0.0067433391140229405,29.620944261572077,2.022211220067357,3,"[11, 12, 13]",0.0,0.0,0.0,0.0
matched_tight,gaussian_fitted,bank1:3,relational_max,0.10000000000000002,1.6996749443881478e-17,0.15792519680415723,0.06944457568040716,0.704219601001566,0.015348934766125814,3.1302281532975784,0.4099471140274391,3,"[11, 12, 13]",0.0,0.0,0.0,0.0
matched_tight,gaussian_fitted,bank2:6-10,conditional_max,0.10000000000000002,1.6996749443881478e-17,0.025188826294388,0.019945270275846323,0.5296414051891746,0.037628204004838406,53.64921843658855,6.037729662417554,3,"[11, 12, 13]",0.0,0.0,0.0,0.0
matched_tight,gaussian_fitted,bank2:6-10,independent,0.10000000000000002,1.6996749443881478e-17,0.0724830956375669,0.027381832730101804,0.466706191510015,0.07749514086707279,219.11936188837828,17.4248582692211,3,"[11, 12, 13]",0.0,0.0,0.0,0.0
matched_tight,gaussian_fitted,bank2:6-10,joint,0.10000000000000002,1.6996749443881478e-17,0.05667344177557259,0.016016407862643623,0.5901429252352761,0.04524132604567834,209.3001235997699,12.60197214496982,3,"[11, 12, 13]",0.0,0.0,0.0,0.0
matched_tight,gaussian_fitted,bank2:6-10,marginal_max,0.10000000000000002,1.6996749443881478e-17,0.02423759776425456,0.022527446782545688,0.2111590052860428,0.05297329909780205,52.42989189452059,5.537974066128937,3,"[11, 12, 13]",0.0,0.0,0.0,0.0
matched_tight,gaussian_fitted,bank2:6-10,relational_max,0.10000000000000002,1.6996749443881478e-17,0.1035694254278382,0.0630689390111251,0.6396191603157614,0.03886746748741615,3.7180931356951348,0.7212646490105673,3,"[11, 12, 13]",0.0,0.0,0.0,0.0
matched_tight,gaussian_fitted,full,conditional_max,0.10000000000000002,1.6996749443881478e-17,0.02304784328399612,0.018540918501750433,0.5714305037028218,0.03371622722179908,54.4981017605445,5.033699356063638,3,"[11, 12, 13]",0.0,0.0,0.0,0.0
matched_tight,gaussian_fitted,full,independent,0.10000000000000002,1.6996749443881478e-17,0.050409078078979215,0.00466474001126776,0.49976524024908753,0.0367015908501359,214.93106680702763,12.446465647293557,3,"[11, 12, 13]",0.0,0.0,0.0,0.0
matched_tight,gaussian_fitted,full,joint,0.10000000000000002,1.6996749443881478e-17,0.048735306254765964,0.007689328608403548,0.634087059137022,0.029524983887970584,200.46113196378997,9.674914662338564,3,"[11, 12, 13]",0.0,0.0,0.0,0.0
matched_tight,gaussian_fitted,full,marginal_max,0.10000000000000002,1.6996749443881478e-17,0.02423759776425456,0.022527446782545688,0.36003135259602487,0.0389537095886893,52.42989189452059,5.537974066128937,3,"[11, 12, 13]",0.0,0.0,0.0,0.0
matched_tight,gaussian_fitted,full,relational_max,0.10000000000000002,1.6996749443881478e-17,0.08655393986959231,0.06159716748659835,0.6739933820185451,0.028681383099469642,4.182285147994786,0.8537955860208039,3,"[11, 12, 13]",0.0,0.0,0.0,0.0
matched_tight,gaussian_fitted,random1:1,conditional_max,0.10000000000000002,1.6996749443881478e-17,0.023689717020750137,0.018866958154796845,0.5705466212940903,0.031226096885640417,54.044674947300415,5.159703757749196,3,"[11, 12, 13]",0.0,0.0,0.0,0.0
matched_tight,gaussian_fitted,random1:1,independent,0.10000000000000002,1.6996749443881478e-17,0.05488178386633152,0.01733182831692214,0.5071042261209809,0.06426487639683201,194.04228352512578,16.664521103864274,3,"[11, 12, 13]",0.0,0.0,0.0,0.0
matched_tight,gaussian_fitted,random1:1,joint,0.10000000000000002,1.6996749443881478e-17,0.05952639842418985,0.023590607471778022,0.6381704695154521,0.034952057143579594,179.0459928826108,12.519363620321528,3,"[11, 12, 13]",0.0,0.0,0.0,0.0
matched_tight,gaussian_fitted,random1:1,marginal_max,0.10000000000000002,1.6996749443881478e-17,0.02423759776425456,0.022527446782545688,0.36003135259602487,0.0389537095886893,52.42989189452059,5.537974066128937,3,"[11, 12, 13]",0.0,0.0,0.0,0.0
matched_tight,gaussian_fitted,random1:1,relational_max,0.10000000000000002,1.6996749443881478e-17,0.0987423324436194,0.048826461186526185,0.6825228513124798,0.027294507040214317,3.6968609540898214,0.40818523663034156,3,"[11, 12, 13]",0.0,0.0,0.0,0.0
matched_tight,gaussian_fitted,random3:5-8-14,conditional_max,0.10000000000000002,1.6996749443881478e-17,0.02596539227394604,0.021547278088290628,0.5216472221446035,0.021032747658991182,53.09253602246241,3.7550270644907844,3,"[11, 12, 13]",0.0,0.0,0.0,0.0
matched_tight,gaussian_fitted,random3:5-8-14,independent,0.10000000000000002,1.6996749443881478e-17,0.04846867554922726,0.022170591593521104,0.4535074856246606,0.07348226985988962,179.28352437581302,16.179833489175135,3,"[11, 12, 13]",0.0,0.0,0.0,0.0
matched_tight,gaussian_fitted,random3:5-8-14,joint,0.10000000000000002,1.6996749443881478e-17,0.029927433845495927,0.014785507225543903,0.5516040566420163,0.019588367149398298,172.77451227533413,7.284568508352612,3,"[11, 12, 13]",0.0,0.0,0.0,0.0
matched_tight,gaussian_fitted,random3:5-8-14,marginal_max,0.10000000000000002,1.6996749443881478e-17,0.02423759776425456,0.022527446782545688,0.305377525023964,0.03186306751331695,52.42989189452059,5.537974066128937,3,"[11, 12, 13]",0.0,0.0,0.0,0.0
matched_tight,gaussian_fitted,random3:5-8-14,relational_max,0.10000000000000002,1.6996749443881478e-17,0.09213589256694014,0.06030975281363698,0.6318277445771794,0.03872482949059256,3.2843662519365133,0.7939498978493058,3,"[11, 12, 13]",0.0,0.0,0.0,0.0
matched_tight,gaussian_fitted,random7:3-4-8-10-11-12-14,conditional_max,0.10000000000000002,1.6996749443881478e-17,0.11588931100017696,0.09585911993973549,0.5894872825981753,0.04568690194389137,26.504062470103833,2.6332129247419527,3,"[11, 12, 13]",0.0,0.0,0.0,0.0
matched_tight,gaussian_fitted,random7:3-4-8-10-11-12-14,independent,0.10000000000000002,1.6996749443881478e-17,0.13951038600302187,0.11364826835624309,0.5172560363466572,0.0661598030297262,99.50706163109226,2.957820027519951,3,"[11, 12, 13]",0.0,0.0,0.0,0.0
matched_tight,gaussian_fitted,random7:3-4-8-10-11-12-14,joint,0.10000000000000002,1.6996749443881478e-17,0.09536336330498964,0.04983643990164068,0.5759553288276632,0.042155159015324045,93.99800282496392,4.306032260974371,3,"[11, 12, 13]",0.0,0.0,0.0,0.0
matched_tight,gaussian_fitted,random7:3-4-8-10-11-12-14,marginal_max,0.10000000000000002,1.6996749443881478e-17,0.07288729385627617,0.06704068264728354,0.48410372355611814,0.04918609958917593,28.13769165873229,3.3069279689969124,3,"[11, 12, 13]",0.0,0.0,0.0,0.0
matched_tight,gaussian_fitted,random7:3-4-8-10-11-12-14,relational_max,0.10000000000000002,1.6996749443881478e-17,0.15879203007451811,0.08072727630712517,0.5924467052438857,0.039654591383736865,1.570579355357901,0.6045735176569964,3,"[11, 12, 13]",0.0,0.0,0.0,0.0
matched_tight,gaussian_fitted,single_sensor_0,conditional_max,0.10000000000000002,1.6996749443881478e-17,0.06738183954938438,0.014909949187952475,0.16090721664514263,0.005476586156522098,24.732293590734272,0.447757908756498,3,"[11, 12, 13]",0.0,0.0,0.0,0.0
matched_tight,gaussian_fitted,single_sensor_0,independent,0.10000000000000002,1.6996749443881478e-17,0.06738183954938438,0.014909949187952475,0.16090721664514263,0.005476586156522098,24.732293590734272,0.447757908756498,3,"[11, 12, 13]",0.0,0.0,0.0,0.0
matched_tight,gaussian_fitted,single_sensor_0,joint,0.10000000000000002,1.6996749443881478e-17,0.06738183954938438,0.014909949187952475,0.16090721664514263,0.005476586156522098,24.732293590734272,0.447757908756498,3,"[11, 12, 13]",0.0,0.0,0.0,0.0
matched_tight,gaussian_fitted,single_sensor_0,marginal_max,0.10000000000000002,1.6996749443881478e-17,0.06738183954938438,0.014909949187952475,0.16090721664514263,0.005476586156522098,24.732293590734272,0.447757908756498,3,"[11, 12, 13]",0.0,0.0,0.0,0.0
matched_tight,gaussian_fitted,single_sensor_0,relational_max,0.10000000000000002,1.6996749443881478e-17,0.0,0.0,0.0,0.0,0.0,0.0,3,"[11, 12, 13]",1.0,0.0,0.0,0.0
matched_tight,gmm_fitted,bank0:0-1-2-4-5-7-8,conditional_max,0.10000000000000002,1.6996749443881478e-17,0.026501974419812963,0.007542604425325012,0.5059680488617776,0.01180060523477136,41.216271918679375,2.914489427219788,3,"[11, 12, 13]",0.0,0.0,0.0,0.0
matched_tight,gmm_fitted,bank0:0-1-2-4-5-7-8,independent,0.10000000000000002,1.6996749443881478e-17,0.03711986192222758,0.015329856910389307,0.30855955839086907,0.0770731996442744,102.20980176278476,12.053032161913595,3,"[11, 12, 13]",0.0,0.0,0.0,0.0
matched_tight,gmm_fitted,bank0:0-1-2-4-5-7-8,joint,0.10000000000000002,1.6996749443881478e-17,0.044602084854493095,0.021199674856613088,0.4174850050600709,0.04606063846659254,103.41265950069958,7.325926830559342,3,"[11, 12, 13]",0.0,0.0,0.0,0.0
matched_tight,gmm_fitted,bank0:0-1-2-4-5-7-8,marginal_max,0.10000000000000002,1.6996749443881478e-17,0.029846764288170125,0.01656365274770624,0.41559514249394475,0.022491973611432854,36.34149232018932,2.341241413528671,3,"[11, 12, 13]",0.0,0.0,0.0,0.0
matched_tight,gmm_fitted,bank0:0-1-2-4-5-7-8,relational_max,0.10000000000000002,1.6996749443881478e-17,0.03252781216628134,0.010095390478947776,0.487894747286008,0.05210067943287103,10.60502712820897,7.199168891564339,3,"[11, 12, 13]",0.0,0.0,0.0,0.0
matched_tight,gmm_fitted,bank1:3,conditional_max,0.10000000000000002,1.6996749443881478e-17,0.09245290124904175,0.08467050156938102,0.7004561150723697,0.02541949385609812,30.880103300642862,2.8407986400817857,3,"[11, 12, 13]",0.0,0.0,0.0,0.0
matched_tight,gmm_fitted,bank1:3,independent,0.10000000000000002,1.6996749443881478e-17,0.08240261641504001,0.07213398512139516,0.5653144391623163,0.0695798695076294,186.18622056438463,4.137039564710464,3,"[11, 12, 13]",0.0,0.0,0.0,0.0
matched_tight,gmm_fitted,bank1:3,joint,0.10000000000000002,1.6996749443881478e-17,0.08044686561107796,0.0815121396181332,0.669052169148511,0.04792947069508466,180.8921962170749,9.784167914638068,3,"[11, 12, 13]",0.0,0.0,0.0,0.0
matched_tight,gmm_fitted,bank1:3,marginal_max,0.10000000000000002,1.6996749443881478e-17,0.034879945313167564,0.030705594759919064,0.5702878064643367,0.00736785698369645,29.66372750008686,1.947388244106369,3,"[11, 12, 13]",0.0,0.0,0.0,0.0
matched_tight,gmm_fitted,bank1:3,relational_max,0.10000000000000002,1.6996749443881478e-17,0.11312747207444279,0.036797550417768575,0.6970874321122343,0.0036369260655782984,6.0203769568480086,1.3245523018733796,3,"[11, 12, 13]",0.0,0.0,0.0,0.0
matched_tight,gmm_fitted,bank2:6-10,conditional_max,0.10000000000000002,1.6996749443881478e-17,0.0445887614185693,0.023453949654561275,0.5766511037595983,0.04080275631294048,51.70630784701276,5.3151355575913115,3,"[11, 12, 13]",0.0,0.0,0.0,0.0
matched_tight,gmm_fitted,bank2:6-10,independent,0.10000000000000002,1.6996749443881478e-17,0.06162263250845471,0.024418700134822627,0.29309080630275464,0.01797097012718435,203.2513518781553,17.327105309585356,3,"[11, 12, 13]",0.0,0.0,0.0,0.0
matched_tight,gmm_fitted,bank2:6-10,joint,0.10000000000000002,1.6996749443881478e-17,0.06269725468375469,0.0011099419773845322,0.46845528731847835,0.034587899816126526,212.17918008102865,5.690242286928152,3,"[11, 12, 13]",0.0,0.0,0.0,0.0
matched_tight,gmm_fitted,bank2:6-10,marginal_max,0.10000000000000002,1.6996749443881478e-17,0.029846764288170125,0.01656365274770624,0.4853466502897746,0.022516378009073044,36.34149232018932,2.341241413528671,3,"[11, 12, 13]",0.0,0.0,0.0,0.0
matched_tight,gmm_fitted,bank2:6-10,relational_max,0.10000000000000002,1.6996749443881478e-17,0.03037423466174874,0.01939705889879966,0.49098189673081755,0.03876408757559111,23.452753856582635,8.911924476034878,3,"[11, 12, 13]",0.0,0.0,0.0,0.0
matched_tight,gmm_fitted,full,conditional_max,0.10000000000000002,1.6996749443881478e-17,0.030038232996521735,0.0130061735390915,0.5678564616436909,0.05413123687619681,62.55781634021029,6.837105771391981,3,"[11, 12, 13]",0.0,0.0,0.0,0.0
matched_tight,gmm_fitted,full,independent,0.10000000000000002,1.6996749443881478e-17,0.0682903439916771,0.012834193030111,0.4105660111455198,0.04422123127775224,192.9553165874017,19.49032798006242,3,"[11, 12, 13]",0.0,0.0,0.0,0.0
matched_tight,gmm_fitted,full,joint,0.10000000000000002,1.6996749443881478e-17,0.06317851824764015,0.010916761672249838,0.5327197263390558,0.05170475337167609,209.9546529558003,3.541185400694484,3,"[11, 12, 13]",0.0,0.0,0.0,0.0
matched_tight,gmm_fitted,full,marginal_max,0.10000000000000002,1.6996749443881478e-17,0.029846764288170125,0.01656365274770624,0.5391572947026586,0.02841442104730901,36.34149232018932,2.341241413528671,3,"[11, 12, 13]",0.0,0.0,0.0,0.0
matched_tight,gmm_fitted,full,relational_max,0.10000000000000002,1.6996749443881478e-17,0.02744336223587503,0.022373534859996297,0.5230944955581123,0.05931701534087719,32.74630181432422,13.579944117795115,3,"[11, 12, 13]",0.0,0.0,0.0,0.0
matched_tight,gmm_fitted,random1:1,conditional_max,0.10000000000000002,1.6996749443881478e-17,0.03540611979024295,0.018828380114099555,0.5861136995293871,0.05067796473273321,57.36877802219929,7.380852149726104,3,"[11, 12, 13]",0.0,0.0,0.0,0.0
matched_tight,gmm_fitted,random1:1,independent,0.10000000000000002,1.6996749443881478e-17,0.06441172575752238,0.009926319788811134,0.41050214774597027,0.06182571690223865,172.99721540383885,18.550856729168398,3,"[11, 12, 13]",0.0,0.0,0.0,0.0
matched_tight,gmm_fitted,random1:1,joint,0.10000000000000002,1.6996749443881478e-17,0.0698469586726456,0.019796922602079683,0.5260680920718267,0.05560810080435082,185.65623730378545,4.711531208247713,3,"[11, 12, 13]",0.0,0.0,0.0,0.0
matched_tight,gmm_fitted,random1:1,marginal_max,0.10000000000000002,1.6996749443881478e-17,0.029846764288170125,0.01656365274770624,0.5332148802935853,0.03255036985411285,36.34149232018932,2.341241413528671,3,"[11, 12, 13]",0.0,0.0,0.0,0.0
matched_tight,gmm_fitted,random1:1,relational_max,0.10000000000000002,1.6996749443881478e-17,0.0359574832555998,0.03468321087672429,0.5458364667705814,0.07703240340618832,26.642004204415517,15.526544406689682,3,"[11, 12, 13]",0.0,0.0,0.0,0.0
matched_tight,gmm_fitted,random3:5-8-14,conditional_max,0.10000000000000002,1.6996749443881478e-17,0.03128201016225839,0.011701303487166767,0.5587909771586093,0.025433995030261027,50.853265164678305,1.775661158221604,3,"[11, 12, 13]",0.0,0.0,0.0,0.0
matched_tight,gmm_fitted,random3:5-8-14,independent,0.10000000000000002,1.6996749443881478e-17,0.04142499209300649,0.019198031839739893,0.3383908124177662,0.038996817275425255,162.84407165459388,17.096947626688472,3,"[11, 12, 13]",0.0,0.0,0.0,0.0
matched_tight,gmm_fitted,random3:5-8-14,joint,0.10000000000000002,1.6996749443881478e-17,0.05808985665359836,0.017979637573122653,0.47157139195078185,0.025000373737144265,171.35693998624285,2.1289144867943386,3,"[11, 12, 13]",0.0,0.0,0.0,0.0
matched_tight,gmm_fitted,random3:5-8-14,marginal_max,0.10000000000000002,1.6996749443881478e-17,0.029846764288170125,0.01656365274770624,0.49083517694859297,0.025411496352488305,36.34149232018932,2.341241413528671,3,"[11, 12, 13]",0.0,0.0,0.0,0.0
matched_tight,gmm_fitted,random3:5-8-14,relational_max,0.10000000000000002,1.6996749443881478e-17,0.039785561526128714,0.031573057446722404,0.52048006485962,0.05220167699122811,20.12649134689455,10.132424171604335,3,"[11, 12, 13]",0.0,0.0,0.0,0.0
matched_tight,gmm_fitted,random7:3-4-8-10-11-12-14,conditional_max,0.10000000000000002,1.6996749443881478e-17,0.14381826995387015,0.127338061937046,0.5997903077470718,0.06837019266795737,26.907403500138546,2.8687782780398203,3,"[11, 12, 13]",0.0,0.0,0.0,0.0
matched_tight,gmm_fitted,random7:3-4-8-10-11-12-14,independent,0.10000000000000002,1.6996749443881478e-17,0.13659008323300262,0.12708783547596525,0.5082719503606844,0.07959993527660861,100.41720589934054,4.019340776977872,3,"[11, 12, 13]",0.0,0.0,0.0,0.0
matched_tight,gmm_fitted,random7:3-4-8-10-11-12-14,joint,0.10000000000000002,1.6996749443881478e-17,0.09602985907530497,0.06264789088684872,0.5770917895642264,0.04891428847104562,96.8167746004586,3.7487410810286104,3,"[11, 12, 13]",0.0,0.0,0.0,0.0
matched_tight,gmm_fitted,random7:3-4-8-10-11-12-14,marginal_max,0.10000000000000002,1.6996749443881478e-17,0.07491241561992651,0.0653814057424953,0.4919372964278208,0.042275581667989344,28.080227126460585,3.3529957949541838,3,"[11, 12, 13]",0.0,0.0,0.0,0.0
matched_tight,gmm_fitted,random7:3-4-8-10-11-12-14,relational_max,0.10000000000000002,1.6996749443881478e-17,0.17115334383819436,0.057346763126663765,0.6114511084572231,0.023924112533154223,2.695569793408675,0.7070851138037652,3,"[11, 12, 13]",0.0,0.0,0.0,0.0
matched_tight,gmm_fitted,single_sensor_0,conditional_max,0.10000000000000002,1.6996749443881478e-17,0.06035423330915677,0.009351080588078466,0.15608793953670888,0.004712376523337382,24.94528769228847,0.4475285568037662,3,"[11, 12, 13]",0.0,0.0,0.0,0.0
matched_tight,gmm_fitted,single_sensor_0,independent,0.10000000000000002,1.6996749443881478e-17,0.06035423330915677,0.009351080588078466,0.15608793953670888,0.004712376523337382,24.94528769228847,0.4475285568037662,3,"[11, 12, 13]",0.0,0.0,0.0,0.0
matched_tight,gmm_fitted,single_sensor_0,joint,0.10000000000000002,1.6996749443881478e-17,0.06035423330915677,0.009351080588078466,0.15608793953670888,0.004712376523337382,24.94528769228847,0.4475285568037662,3,"[11, 12, 13]",0.0,0.0,0.0,0.0
matched_tight,gmm_fitted,single_sensor_0,marginal_max,0.10000000000000002,1.6996749443881478e-17,0.06035423330915677,0.009351080588078466,0.15608793953670888,0.004712376523337382,24.94528769228847,0.4475285568037662,3,"[11, 12, 13]",0.0,0.0,0.0,0.0
matched_tight,gmm_fitted,single_sensor_0,relational_max,0.10000000000000002,1.6996749443881478e-17,0.0,0.0,0.0,0.0,0.0,0.0,3,"[11, 12, 13]",1.0,0.0,0.0,0.0
unmatched,circuit,bank0:0-1-2-4-5-7-8,conditional_max,0.10000000000000002,1.6996749443881478e-17,0.034404351296483705,0.028240433232629876,0.46806323812948686,0.03431736946941712,27.828702290852863,2.5114418857463647,3,"[11, 12, 13]",0.0,0.0,0.0,0.0
unmatched,circuit,bank0:0-1-2-4-5-7-8,independent,0.10000000000000002,1.6996749443881478e-17,0.06644539233874087,0.010302185313911548,0.45941515380874104,0.03017467890755133,-40.45332590738932,6.219400276994599,3,"[11, 12, 13]",0.0,0.0,0.0,0.0
unmatched,circuit,bank0:0-1-2-4-5-7-8,joint,0.10000000000000002,1.6996749443881478e-17,0.06724860519014648,0.00902814094329172,0.47177067653491855,0.03676132971866486,-43.46777089436849,7.2189931511284975,3,"[11, 12, 13]",0.0,0.0,0.0,0.0
unmatched,circuit,bank0:0-1-2-4-5-7-8,marginal_max,0.10000000000000002,1.6996749443881478e-17,0.03917033466122228,0.0327584746608407,0.45882730275746525,0.03918195494320695,28.323476791381836,2.47367057817747,3,"[11, 12, 13]",0.0,0.0,0.0,0.0
unmatched,circuit,bank0:0-1-2-4-5-7-8,relational_max,0.10000000000000002,1.6996749443881478e-17,0.03245208321437409,0.04616931016093962,0.19464017206265818,0.10679514700120474,2.196943918863932,1.435873808499992,3,"[11, 12, 13]",0.0,0.0,0.0,0.0
unmatched,circuit,bank1:3,conditional_max,0.10000000000000002,1.6996749443881478e-17,0.0303861002141064,0.021719241607148526,0.5861886995395112,0.01330320376199834,29.235809326171875,1.091293447371263,3,"[11, 12, 13]",0.0,0.0,0.0,0.0
unmatched,circuit,bank1:3,independent,0.10000000000000002,1.6996749443881478e-17,0.08082895259570094,0.0716074969217591,0.5381338199424702,0.08243220061577812,145.33380126953125,22.706434160167323,3,"[11, 12, 13]",0.0,0.0,0.0,0.0
unmatched,circuit,bank1:3,joint,0.10000000000000002,1.6996749443881478e-17,0.07608961610280994,0.06339951683629276,0.5520550691219045,0.08229916411394238,137.73416900634766,23.93204666307793,3,"[11, 12, 13]",0.0,0.0,0.0,0.0
unmatched,circuit,bank1:3,marginal_max,0.10000000000000002,1.6996749443881478e-17,0.028766351075371368,0.016824045960309904,0.5722134276745988,0.015977196479598874,30.06584358215332,1.1284432933422985,3,"[11, 12, 13]",0.0,0.0,0.0,0.0
unmatched,circuit,bank1:3,relational_max,0.10000000000000002,1.6996749443881478e-17,0.01337409737771293,0.017201121102367472,0.31512922720426934,0.08836311928601573,3.247217814127604,1.035440317696365,3,"[11, 12, 13]",0.0,0.0,0.0,0.0
unmatched,circuit,bank2:6-10,conditional_max,0.10000000000000002,1.6996749443881478e-17,0.0303861002141064,0.021719241607148526,0.5740485386134636,0.01243721240783689,29.225870768229168,1.1094808137222225,3,"[11, 12, 13]",0.0,0.0,0.0,0.0
unmatched,circuit,bank2:6-10,independent,0.10000000000000002,1.6996749443881478e-17,0.10566974968544136,0.04598595323983431,0.5578087686026956,0.06606097629057435,59.97793833414713,17.22140696988111,3,"[11, 12, 13]",0.0,0.0,0.0,0.0
unmatched,circuit,bank2:6-10,joint,0.10000000000000002,1.6996749443881478e-17,0.0936482037862046,0.05447347266161877,0.5620914635652624,0.06829804627842401,54.091705322265625,17.41918626412751,3,"[11, 12, 13]",0.0,0.0,0.0,0.0
unmatched,circuit,bank2:6-10,marginal_max,0.10000000000000002,1.6996749443881478e-17,0.028766351075371368,0.016824045960309904,0.561572376022189,0.013195923701953109,30.06584358215332,1.1284432933422985,3,"[11, 12, 13]",0.0,0.0,0.0,0.0
unmatched,circuit,bank2:6-10,relational_max,0.10000000000000002,1.6996749443881478e-17,0.027831928703014135,0.023492824046001257,0.34495541913545075,0.07479851882082092,2.6259562174479165,0.5073645572763497,3,"[11, 12, 13]",0.0,0.0,0.0,0.0
unmatched,circuit,full,conditional_max,0.10000000000000002,1.6996749443881478e-17,0.0303861002141064,0.021719241607148526,0.5876878088131491,0.012091695443299208,29.235803604125977,1.0912901300266746,3,"[11, 12, 13]",0.0,0.0,0.0,0.0
unmatched,circuit,full,independent,0.10000000000000002,1.6996749443881478e-17,0.07999488120881225,0.042270185359665466,0.5502838215825893,0.05576008859941484,70.1052754720052,19.42345358821868,3,"[11, 12, 13]",0.0,0.0,0.0,0.0
unmatched,circuit,full,joint,0.10000000000000002,1.6996749443881478e-17,0.08082474093206546,0.03695764254916276,0.5705508329577259,0.06283413038151431,61.68791707356771,21.516536069912114,3,"[11, 12, 13]",0.0,0.0,0.0,0.0
unmatched,circuit,full,marginal_max,0.10000000000000002,1.6996749443881478e-17,0.028766351075371368,0.016824045960309904,0.5791877401711313,0.012091477643216856,30.06584358215332,1.1284432933422985,3,"[11, 12, 13]",0.0,0.0,0.0,0.0
unmatched,circuit,full,relational_max,0.10000000000000002,1.6996749443881478e-17,0.01337409737771293,0.017201121102367472,0.31361679449470764,0.08967792965464723,3.2472216288248696,1.0354398241252958,3,"[11, 12, 13]",0.0,0.0,0.0,0.0
unmatched,circuit,random1:1,conditional_max,0.10000000000000002,1.6996749443881478e-17,0.06751090274175252,0.055404758043418344,0.5967806691118613,0.029578966888270927,27.66791280110677,2.371228185466592,3,"[11, 12, 13]",0.0,0.0,0.0,0.0
unmatched,circuit,random1:1,independent,0.10000000000000002,1.6996749443881478e-17,0.07715727283440509,0.02974691749636056,0.533847642258051,0.0579218979454498,50.589342753092446,21.862377767454586,3,"[11, 12, 13]",0.0,0.0,0.0,0.0
unmatched,circuit,random1:1,joint,0.10000000000000002,1.6996749443881478e-17,0.07947291839537235,0.027908119601869393,0.5524275583730506,0.06337829787067834,42.928086598714195,23.77366265203791,3,"[11, 12, 13]",0.0,0.0,0.0,0.0
unmatched,circuit,random1:1,marginal_max,0.10000000000000002,1.6996749443881478e-17,0.06984060068042665,0.06430892544815717,0.5883479465912455,0.03247403198193601,28.323476791381836,2.47367057817747,3,"[11, 12, 13]",0.0,0.0,0.0,0.0
unmatched,circuit,random1:1,relational_max,0.10000000000000002,1.6996749443881478e-17,0.005461879786970813,0.005532634578577146,0.28796784394814307,0.0667530913002803,3.3600136439005532,0.8443834480864945,3,"[11, 12, 13]",0.0,0.0,0.0,0.0
unmatched,circuit,random3:5-8-14,conditional_max,0.10000000000000002,1.6996749443881478e-17,0.068393448757215,0.04595715193445291,0.5728658710672072,0.030228213427721504,27.699357350667317,1.886869085433845,3,"[11, 12, 13]",0.0,0.0,0.0,0.0
unmatched,circuit,random3:5-8-14,independent,0.10000000000000002,1.6996749443881478e-17,0.10438831052757973,0.06552884196419492,0.5485324174584797,0.06410691033906235,23.82385317484538,5.787684375680659,3,"[11, 12, 13]",0.0,0.0,0.0,0.0
unmatched,circuit,random3:5-8-14,joint,0.10000000000000002,1.6996749443881478e-17,0.10517819994306155,0.06613791832960506,0.5641141150262033,0.061530388855637386,18.00665028889974,7.173205239975588,3,"[11, 12, 13]",0.0,0.0,0.0,0.0
unmatched,circuit,random3:5-8-14,marginal_max,0.10000000000000002,1.6996749443881478e-17,0.07031979890926011,0.04832707520457145,0.5615289229925652,0.027846686953322847,28.29757817586263,2.245004494547275,3,"[11, 12, 13]",0.0,0.0,0.0,0.0
unmatched,circuit,random3:5-8-14,relational_max,0.10000000000000002,1.6996749443881478e-17,0.02134033765393327,0.03489654553678406,0.2327570238602894,0.10849480253325883,3.0348889032999673,1.1654873005710529,3,"[11, 12, 13]",0.0,0.0,0.0,0.0
unmatched,circuit,random7:3-4-8-10-11-12-14,conditional_max,0.10000000000000002,1.6996749443881478e-17,0.05447017473949443,0.05014186164989833,0.5103272017180348,0.037829608059034285,27.69428253173828,1.9193951935852285,3,"[11, 12, 13]",0.0,0.0,0.0,0.0
unmatched,circuit,random7:3-4-8-10-11-12-14,independent,0.10000000000000002,1.6996749443881478e-17,0.054359254098171446,0.017684550522371348,0.46909716105523236,0.029846676173633877,116.11832936604817,8.616538061740536,3,"[11, 12, 13]",0.0,0.0,0.0,0.0
unmatched,circuit,random7:3-4-8-10-11-12-14,joint,0.10000000000000002,1.6996749443881478e-17,0.04876341101017967,0.021200987901404553,0.4750536278420124,0.03802184107828832,113.51695251464844,8.887894526132838,3,"[11, 12, 13]",0.0,0.0,0.0,0.0
unmatched,circuit,random7:3-4-8-10-11-12-14,marginal_max,0.10000000000000002,1.6996749443881478e-17,0.05919545885467858,0.04983276917155656,0.4922305740052071,0.039126533063842193,28.29757817586263,2.245004494547275,3,"[11, 12, 13]",0.0,0.0,0.0,0.0
unmatched,circuit,random7:3-4-8-10-11-12-14,relational_max,0.10000000000000002,1.6996749443881478e-17,0.04266735187194274,0.07182531877425666,0.22820004430346172,0.1576987380362324,2.0506566365559897,1.064354859591705,3,"[11, 12, 13]",0.0,0.0,0.0,0.0
unmatched,circuit,single_sensor_0,conditional_max,0.10000000000000002,1.6996749443881478e-17,0.07113564675157219,0.05999420243404543,0.17693514807439903,0.06448630961091371,25.48981221516927,1.6797459367864789,3,"[11, 12, 13]",0.0,0.0,0.0,0.0
unmatched,circuit,single_sensor_0,independent,0.10000000000000002,1.6996749443881478e-17,0.07113564675157219,0.05999420243404543,0.17693514807439903,0.06448630961091371,25.48981221516927,1.6797459367864789,3,"[11, 12, 13]",0.0,0.0,0.0,0.0
unmatched,circuit,single_sensor_0,joint,0.10000000000000002,1.6996749443881478e-17,0.07113564675157219,0.05999420243404543,0.17693514807439903,0.06448630961091371,25.48981221516927,1.6797459367864789,3,"[11, 12, 13]",0.0,0.0,0.0,0.0
unmatched,circuit,single_sensor_0,marginal_max,0.10000000000000002,1.6996749443881478e-17,0.07113564675157219,0.05999420243404543,0.17693514807439903,0.06448630961091371,25.48981221516927,1.6797459367864789,3,"[11, 12, 13]",0.0,0.0,0.0,0.0
unmatched,circuit,single_sensor_0,relational_max,0.10000000000000002,1.6996749443881478e-17,0.0,0.0,0.0,0.0,0.0,0.0,3,"[11, 12, 13]",1.0,0.0,0.0,0.0
unmatched,gaussian_fitted,bank0:0-1-2-4-5-7-8,conditional_max,0.10000000000000002,1.6996749443881478e-17,0.02148138788895625,0.01673983148360811,0.4212927944509712,0.008193912543126536,52.23299699910293,4.844208151842202,3,"[11, 12, 13]",0.0,0.0,0.0,0.0
unmatched,gaussian_fitted,bank0:0-1-2-4-5-7-8,independent,0.10000000000000002,1.6996749443881478e-17,0.03137600315550799,0.010573545446127548,0.3253534456470634,0.03933064881703567,119.43171941467382,12.975299272464078,3,"[11, 12, 13]",0.0,0.0,0.0,0.0
unmatched,gaussian_fitted,bank0:0-1-2-4-5-7-8,joint,0.10000000000000002,1.6996749443881478e-17,0.029756254016772954,0.015282956228411967,0.4452174332096967,0.03718374045554322,112.94152170348205,9.999773628534605,3,"[11, 12, 13]",0.0,0.0,0.0,0.0
unmatched,gaussian_fitted,bank0:0-1-2-4-5-7-8,marginal_max,0.10000000000000002,1.6996749443881478e-17,0.02423759776425456,0.022527446782545688,0.25120568995757153,0.005835259736643906,52.42989189452059,5.537974066128937,3,"[11, 12, 13]",0.0,0.0,0.0,0.0
unmatched,gaussian_fitted,bank0:0-1-2-4-5-7-8,relational_max,0.10000000000000002,1.6996749443881478e-17,0.08970523619131159,0.10131586165000218,0.5367304045262425,0.0751812358810944,2.337114157754176,1.0758349845248039,3,"[11, 12, 13]",0.0,0.0,0.0,0.0
unmatched,gaussian_fitted,bank1:3,conditional_max,0.10000000000000002,1.6996749443881478e-17,0.06442662856730948,0.06399023470087281,0.6995729616054214,0.029957253800271606,29.571718104773044,2.075568094829435,3,"[11, 12, 13]",0.0,0.0,0.0,0.0
unmatched,gaussian_fitted,bank1:3,independent,0.10000000000000002,1.6996749443881478e-17,0.08569962009984074,0.053398866215329556,0.5609784504560543,0.0651247655429528,185.42198735062252,3.166822203683699,3,"[11, 12, 13]",0.0,0.0,0.0,0.0
unmatched,gaussian_fitted,bank1:3,joint,0.10000000000000002,1.6996749443881478e-17,0.06619163960470296,0.07535078203615571,0.666881056544419,0.058374968943397505,174.78025799243315,6.803440619961134,3,"[11, 12, 13]",0.0,0.0,0.0,0.0
unmatched,gaussian_fitted,bank1:3,marginal_max,0.10000000000000002,1.6996749443881478e-17,0.03639237802272922,0.032019579532493486,0.5607390335770833,0.029156708086118865,29.620944261572077,2.022211220067357,3,"[11, 12, 13]",0.0,0.0,0.0,0.0
unmatched,gaussian_fitted,bank1:3,relational_max,0.10000000000000002,1.6996749443881478e-17,0.15792519680415723,0.06944457568040716,0.7162559282202926,0.005628276042651464,3.1302281532975784,0.4099471140274391,3,"[11, 12, 13]",0.0,0.0,0.0,0.0
unmatched,gaussian_fitted,bank2:6-10,conditional_max,0.10000000000000002,1.6996749443881478e-17,0.025188826294388,0.019945270275846323,0.5398531911248908,0.027396798649918997,53.64921843658855,6.037729662417554,3,"[11, 12, 13]",0.0,0.0,0.0,0.0
unmatched,gaussian_fitted,bank2:6-10,independent,0.10000000000000002,1.6996749443881478e-17,0.0724830956375669,0.027381832730101804,0.4744669107001769,0.07217557728871794,219.11936188837828,17.4248582692211,3,"[11, 12, 13]",0.0,0.0,0.0,0.0
unmatched,gaussian_fitted,bank2:6-10,joint,0.10000000000000002,1.6996749443881478e-17,0.05667344177557259,0.016016407862643623,0.6026577622378189,0.02810099332949555,209.3001235997699,12.60197214496982,3,"[11, 12, 13]",0.0,0.0,0.0,0.0
unmatched,gaussian_fitted,bank2:6-10,marginal_max,0.10000000000000002,1.6996749443881478e-17,0.02423759776425456,0.022527446782545688,0.24151716273179843,0.036024883616504556,52.42989189452059,5.537974066128937,3,"[11, 12, 13]",0.0,0.0,0.0,0.0
unmatched,gaussian_fitted,bank2:6-10,relational_max,0.10000000000000002,1.6996749443881478e-17,0.1035694254278382,0.0630689390111251,0.6423283129492864,0.015527297099478615,3.7180931356951348,0.7212646490105673,3,"[11, 12, 13]",0.0,0.0,0.0,0.0
unmatched,gaussian_fitted,full,conditional_max,0.10000000000000002,1.6996749443881478e-17,0.02304784328399612,0.018540918501750433,0.581507597395734,0.023692360917147035,54.4981017605445,5.033699356063638,3,"[11, 12, 13]",0.0,0.0,0.0,0.0
unmatched,gaussian_fitted,full,independent,0.10000000000000002,1.6996749443881478e-17,0.050409078078979215,0.00466474001126776,0.5075933055606514,0.024122080366798537,214.93106680702763,12.446465647293557,3,"[11, 12, 13]",0.0,0.0,0.0,0.0
unmatched,gaussian_fitted,full,joint,0.10000000000000002,1.6996749443881478e-17,0.048735306254765964,0.007689328608403548,0.6407499920018888,0.017672788765364468,200.46113196378997,9.674914662338564,3,"[11, 12, 13]",0.0,0.0,0.0,0.0
unmatched,gaussian_fitted,full,marginal_max,0.10000000000000002,1.6996749443881478e-17,0.02423759776425456,0.022527446782545688,0.35357900291293237,0.024252182232176806,52.42989189452059,5.537974066128937,3,"[11, 12, 13]",0.0,0.0,0.0,0.0
unmatched,gaussian_fitted,full,relational_max,0.10000000000000002,1.6996749443881478e-17,0.08655393986959231,0.06159716748659835,0.6677991182234231,0.007821416824760695,4.182285147994786,0.8537955860208039,3,"[11, 12, 13]",0.0,0.0,0.0,0.0
unmatched,gaussian_fitted,random1:1,conditional_max,0.10000000000000002,1.6996749443881478e-17,0.023689717020750137,0.018866958154796845,0.5785093788484582,0.023288912210890772,54.044674947300415,5.159703757749196,3,"[11, 12, 13]",0.0,0.0,0.0,0.0
unmatched,gaussian_fitted,random1:1,independent,0.10000000000000002,1.6996749443881478e-17,0.05488178386633152,0.01733182831692214,0.49455796362823484,0.04314707571918233,194.04228352512578,16.664521103864274,3,"[11, 12, 13]",0.0,0.0,0.0,0.0
unmatched,gaussian_fitted,random1:1,joint,0.10000000000000002,1.6996749443881478e-17,0.05952639842418985,0.023590607471778022,0.6346216164446027,0.02446152037946236,179.0459928826108,12.519363620321528,3,"[11, 12, 13]",0.0,0.0,0.0,0.0
unmatched,gaussian_fitted,random1:1,marginal_max,0.10000000000000002,1.6996749443881478e-17,0.02423759776425456,0.022527446782545688,0.3503661515073098,0.018907875159435112,52.42989189452059,5.537974066128937,3,"[11, 12, 13]",0.0,0.0,0.0,0.0
unmatched,gaussian_fitted,random1:1,relational_max,0.10000000000000002,1.6996749443881478e-17,0.0987423324436194,0.048826461186526185,0.6810405481966183,0.02438483593800686,3.6968609540898214,0.40818523663034156,3,"[11, 12, 13]",0.0,0.0,0.0,0.0
unmatched,gaussian_fitted,random3:5-8-14,conditional_max,0.10000000000000002,1.6996749443881478e-17,0.02596539227394604,0.021547278088290628,0.530479809729996,0.007261888880088221,53.09253602246241,3.7550270644907844,3,"[11, 12, 13]",0.0,0.0,0.0,0.0
unmatched,gaussian_fitted,random3:5-8-14,independent,0.10000000000000002,1.6996749443881478e-17,0.04846867554922726,0.022170591593521104,0.44654649656405193,0.07558346823481445,179.28352437581302,16.179833489175135,3,"[11, 12, 13]",0.0,0.0,0.0,0.0
unmatched,gaussian_fitted,random3:5-8-14,joint,0.10000000000000002,1.6996749443881478e-17,0.029927433845495927,0.014785507225543903,0.5509860759970405,0.011490599992974585,172.77451227533413,7.284568508352612,3,"[11, 12, 13]",0.0,0.0,0.0,0.0
unmatched,gaussian_fitted,random3:5-8-14,marginal_max,0.10000000000000002,1.6996749443881478e-17,0.02423759776425456,0.022527446782545688,0.29357061198307394,0.023481170332158803,52.42989189452059,5.537974066128937,3,"[11, 12, 13]",0.0,0.0,0.0,0.0
unmatched,gaussian_fitted,random3:5-8-14,relational_max,0.10000000000000002,1.6996749443881478e-17,0.09213589256694014,0.06030975281363698,0.6267832649545445,0.04061325688100778,3.2843662519365133,0.7939498978493058,3,"[11, 12, 13]",0.0,0.0,0.0,0.0
unmatched,gaussian_fitted,random7:3-4-8-10-11-12-14,conditional_max,0.10000000000000002,1.6996749443881478e-17,0.11588931100017696,0.09585911993973549,0.5915644022090176,0.031625178300792006,26.504062470103833,2.6332129247419527,3,"[11, 12, 13]",0.0,0.0,0.0,0.0
unmatched,gaussian_fitted,random7:3-4-8-10-11-12-14,independent,0.10000000000000002,1.6996749443881478e-17,0.13951038600302187,0.11364826835624309,0.5211647841745118,0.06458974113594437,99.50706163109226,2.957820027519951,3,"[11, 12, 13]",0.0,0.0,0.0,0.0
unmatched,gaussian_fitted,random7:3-4-8-10-11-12-14,joint,0.10000000000000002,1.6996749443881478e-17,0.09536336330498964,0.04983643990164068,0.5809934504580793,0.011000412061180184,93.99800282496392,4.306032260974371,3,"[11, 12, 13]",0.0,0.0,0.0,0.0
unmatched,gaussian_fitted,random7:3-4-8-10-11-12-14,marginal_max,0.10000000000000002,1.6996749443881478e-17,0.07288729385627617,0.06704068264728354,0.49039473412455914,0.05873318952355616,28.13769165873229,3.3069279689969124,3,"[11, 12, 13]",0.0,0.0,0.0,0.0
unmatched,gaussian_fitted,random7:3-4-8-10-11-12-14,relational_max,0.10000000000000002,1.6996749443881478e-17,0.15879203007451811,0.08072727630712517,0.5871104059274307,0.0708862596148516,1.570579355357901,0.6045735176569964,3,"[11, 12, 13]",0.0,0.0,0.0,0.0
unmatched,gaussian_fitted,single_sensor_0,conditional_max,0.10000000000000002,1.6996749443881478e-17,0.06738183954938438,0.014909949187952475,0.1748551126964245,0.013477561096008806,24.732293590734272,0.447757908756498,3,"[11, 12, 13]",0.0,0.0,0.0,0.0
unmatched,gaussian_fitted,single_sensor_0,independent,0.10000000000000002,1.6996749443881478e-17,0.06738183954938438,0.014909949187952475,0.1748551126964245,0.013477561096008806,24.732293590734272,0.447757908756498,3,"[11, 12, 13]",0.0,0.0,0.0,0.0
unmatched,gaussian_fitted,single_sensor_0,joint,0.10000000000000002,1.6996749443881478e-17,0.06738183954938438,0.014909949187952475,0.1748551126964245,0.013477561096008806,24.732293590734272,0.447757908756498,3,"[11, 12, 13]",0.0,0.0,0.0,0.0
unmatched,gaussian_fitted,single_sensor_0,marginal_max,0.10000000000000002,1.6996749443881478e-17,0.06738183954938438,0.014909949187952475,0.1748551126964245,0.013477561096008806,24.732293590734272,0.447757908756498,3,"[11, 12, 13]",0.0,0.0,0.0,0.0
unmatched,gaussian_fitted,single_sensor_0,relational_max,0.10000000000000002,1.6996749443881478e-17,0.0,0.0,0.0,0.0,0.0,0.0,3,"[11, 12, 13]",1.0,0.0,0.0,0.0
unmatched,gmm_fitted,bank0:0-1-2-4-5-7-8,conditional_max,0.10000000000000002,1.6996749443881478e-17,0.026501974419812963,0.007542604425325012,0.5095787404938904,0.0334842313275105,41.216271918679375,2.914489427219788,3,"[11, 12, 13]",0.0,0.0,0.0,0.0
unmatched,gmm_fitted,bank0:0-1-2-4-5-7-8,independent,0.10000000000000002,1.6996749443881478e-17,0.03711986192222758,0.015329856910389307,0.2868166018920899,0.044112539470192585,102.20980176278476,12.053032161913595,3,"[11, 12, 13]",0.0,0.0,0.0,0.0
unmatched,gmm_fitted,bank0:0-1-2-4-5-7-8,joint,0.10000000000000002,1.6996749443881478e-17,0.044602084854493095,0.021199674856613088,0.39289257463452687,0.03362169104008886,103.41265950069958,7.325926830559342,3,"[11, 12, 13]",0.0,0.0,0.0,0.0
unmatched,gmm_fitted,bank0:0-1-2-4-5-7-8,marginal_max,0.10000000000000002,1.6996749443881478e-17,0.029846764288170125,0.01656365274770624,0.3969051561697025,0.012515556714352534,36.34149232018932,2.341241413528671,3,"[11, 12, 13]",0.0,0.0,0.0,0.0
unmatched,gmm_fitted,bank0:0-1-2-4-5-7-8,relational_max,0.10000000000000002,1.6996749443881478e-17,0.03252781216628134,0.010095390478947776,0.4761144811169656,0.057542434226076924,10.60502712820897,7.199168891564339,3,"[11, 12, 13]",0.0,0.0,0.0,0.0
unmatched,gmm_fitted,bank1:3,conditional_max,0.10000000000000002,1.6996749443881478e-17,0.09245290124904175,0.08467050156938102,0.7092894315995454,0.032711944799744014,30.880103300642862,2.8407986400817857,3,"[11, 12, 13]",0.0,0.0,0.0,0.0
unmatched,gmm_fitted,bank1:3,independent,0.10000000000000002,1.6996749443881478e-17,0.08240261641504001,0.07213398512139516,0.5628774247944688,0.06737941648697071,186.18622056438463,4.137039564710464,3,"[11, 12, 13]",0.0,0.0,0.0,0.0
unmatched,gmm_fitted,bank1:3,joint,0.10000000000000002,1.6996749443881478e-17,0.08044686561107796,0.0815121396181332,0.6738294511108869,0.06735198693956553,180.8921962170749,9.784167914638068,3,"[11, 12, 13]",0.0,0.0,0.0,0.0
unmatched,gmm_fitted,bank1:3,marginal_max,0.10000000000000002,1.6996749443881478e-17,0.034879945313167564,0.030705594759919064,0.5653436778271704,0.028966306414350565,29.66372750008686,1.947388244106369,3,"[11, 12, 13]",0.0,0.0,0.0,0.0
unmatched,gmm_fitted,bank1:3,relational_max,0.10000000000000002,1.6996749443881478e-17,0.11312747207444279,0.036797550417768575,0.690315157979908,0.005874356302455268,6.0203769568480086,1.3245523018733796,3,"[11, 12, 13]",0.0,0.0,0.0,0.0
unmatched,gmm_fitted,bank2:6-10,conditional_max,0.10000000000000002,1.6996749443881478e-17,0.0445887614185693,0.023453949654561275,0.5900364997349486,0.06178511204857116,51.70630784701276,5.3151355575913115,3,"[11, 12, 13]",0.0,0.0,0.0,0.0
unmatched,gmm_fitted,bank2:6-10,independent,0.10000000000000002,1.6996749443881478e-17,0.06162263250845471,0.024418700134822627,0.29551522617646137,0.03440882009383143,203.2513518781553,17.327105309585356,3,"[11, 12, 13]",0.0,0.0,0.0,0.0
unmatched,gmm_fitted,bank2:6-10,joint,0.10000000000000002,1.6996749443881478e-17,0.06269725468375469,0.0011099419773845322,0.4670481461998038,0.04199269379214275,212.17918008102865,5.690242286928152,3,"[11, 12, 13]",0.0,0.0,0.0,0.0
unmatched,gmm_fitted,bank2:6-10,marginal_max,0.10000000000000002,1.6996749443881478e-17,0.029846764288170125,0.01656365274770624,0.5078059135807119,0.01294034914347826,36.34149232018932,2.341241413528671,3,"[11, 12, 13]",0.0,0.0,0.0,0.0
unmatched,gmm_fitted,bank2:6-10,relational_max,0.10000000000000002,1.6996749443881478e-17,0.03037423466174874,0.01939705889879966,0.4892254305109922,0.05102698853693809,23.452753856582635,8.911924476034878,3,"[11, 12, 13]",0.0,0.0,0.0,0.0
unmatched,gmm_fitted,full,conditional_max,0.10000000000000002,1.6996749443881478e-17,0.030038232996521735,0.0130061735390915,0.5767403181344922,0.04538899085349049,62.55781634021029,6.837105771391981,3,"[11, 12, 13]",0.0,0.0,0.0,0.0
unmatched,gmm_fitted,full,independent,0.10000000000000002,1.6996749443881478e-17,0.0682903439916771,0.012834193030111,0.40293374769624024,0.029248968599244567,192.9553165874017,19.49032798006242,3,"[11, 12, 13]",0.0,0.0,0.0,0.0
unmatched,gmm_fitted,full,joint,0.10000000000000002,1.6996749443881478e-17,0.06317851824764015,0.010916761672249838,0.5271877466506137,0.03891523620511099,209.9546529558003,3.541185400694484,3,"[11, 12, 13]",0.0,0.0,0.0,0.0
unmatched,gmm_fitted,full,marginal_max,0.10000000000000002,1.6996749443881478e-17,0.029846764288170125,0.01656365274770624,0.5406936205039984,0.011497717318167516,36.34149232018932,2.341241413528671,3,"[11, 12, 13]",0.0,0.0,0.0,0.0
unmatched,gmm_fitted,full,relational_max,0.10000000000000002,1.6996749443881478e-17,0.02744336223587503,0.022373534859996297,0.5206547274101954,0.05186477345383416,32.74630181432422,13.579944117795115,3,"[11, 12, 13]",0.0,0.0,0.0,0.0
unmatched,gmm_fitted,random1:1,conditional_max,0.10000000000000002,1.6996749443881478e-17,0.03540611979024295,0.018828380114099555,0.5965640114152283,0.047581377323147045,57.36877802219929,7.380852149726104,3,"[11, 12, 13]",0.0,0.0,0.0,0.0
unmatched,gmm_fitted,random1:1,independent,0.10000000000000002,1.6996749443881478e-17,0.06441172575752238,0.009926319788811134,0.3876641587019653,0.04797946904556316,172.99721540383885,18.550856729168398,3,"[11, 12, 13]",0.0,0.0,0.0,0.0
unmatched,gmm_fitted,random1:1,joint,0.10000000000000002,1.6996749443881478e-17,0.0698469586726456,0.019796922602079683,0.5235343309306603,0.04319034984352781,185.65623730378545,4.711531208247713,3,"[11, 12, 13]",0.0,0.0,0.0,0.0
unmatched,gmm_fitted,random1:1,marginal_max,0.10000000000000002,1.6996749443881478e-17,0.029846764288170125,0.01656365274770624,0.5265303626525868,0.003382071151810613,36.34149232018932,2.341241413528671,3,"[11, 12, 13]",0.0,0.0,0.0,0.0
unmatched,gmm_fitted,random1:1,relational_max,0.10000000000000002,1.6996749443881478e-17,0.0359574832555998,0.03468321087672429,0.5498904764970945,0.08033292508346161,26.642004204415517,15.526544406689682,3,"[11, 12, 13]",0.0,0.0,0.0,0.0
unmatched,gmm_fitted,random3:5-8-14,conditional_max,0.10000000000000002,1.6996749443881478e-17,0.03128201016225839,0.011701303487166767,0.5700985245813343,0.033066538888037365,50.853265164678305,1.775661158221604,3,"[11, 12, 13]",0.0,0.0,0.0,0.0
unmatched,gmm_fitted,random3:5-8-14,independent,0.10000000000000002,1.6996749443881478e-17,0.04142499209300649,0.019198031839739893,0.32551130203986256,0.024103688089194168,162.84407165459388,17.096947626688472,3,"[11, 12, 13]",0.0,0.0,0.0,0.0
unmatched,gmm_fitted,random3:5-8-14,joint,0.10000000000000002,1.6996749443881478e-17,0.05808985665359836,0.017979637573122653,0.4596704859166423,0.03080294442076266,171.35693998624285,2.1289144867943386,3,"[11, 12, 13]",0.0,0.0,0.0,0.0
unmatched,gmm_fitted,random3:5-8-14,marginal_max,0.10000000000000002,1.6996749443881478e-17,0.029846764288170125,0.01656365274770624,0.4850646713100258,0.016559805950219275,36.34149232018932,2.341241413528671,3,"[11, 12, 13]",0.0,0.0,0.0,0.0
unmatched,gmm_fitted,random3:5-8-14,relational_max,0.10000000000000002,1.6996749443881478e-17,0.039785561526128714,0.031573057446722404,0.5214039175761228,0.04478403956613423,20.12649134689455,10.132424171604335,3,"[11, 12, 13]",0.0,0.0,0.0,0.0
unmatched,gmm_fitted,random7:3-4-8-10-11-12-14,conditional_max,0.10000000000000002,1.6996749443881478e-17,0.14381826995387015,0.127338061937046,0.6057221525002906,0.05585051218656526,26.907403500138546,2.8687782780398203,3,"[11, 12, 13]",0.0,0.0,0.0,0.0
unmatched,gmm_fitted,random7:3-4-8-10-11-12-14,independent,0.10000000000000002,1.6996749443881478e-17,0.13659008323300262,0.12708783547596525,0.5143890273203331,0.07991833541446455,100.41720589934054,4.019340776977872,3,"[11, 12, 13]",0.0,0.0,0.0,0.0
unmatched,gmm_fitted,random7:3-4-8-10-11-12-14,joint,0.10000000000000002,1.6996749443881478e-17,0.09602985907530497,0.06264789088684872,0.5842442473331868,0.023352804962049487,96.8167746004586,3.7487410810286104,3,"[11, 12, 13]",0.0,0.0,0.0,0.0
unmatched,gmm_fitted,random7:3-4-8-10-11-12-14,marginal_max,0.10000000000000002,1.6996749443881478e-17,0.07491241561992651,0.0653814057424953,0.4972504315942807,0.05732571661340972,28.080227126460585,3.3529957949541838,3,"[11, 12, 13]",0.0,0.0,0.0,0.0
unmatched,gmm_fitted,random7:3-4-8-10-11-12-14,relational_max,0.10000000000000002,1.6996749443881478e-17,0.17115334383819436,0.057346763126663765,0.5977600023974086,0.05903397360538532,2.695569793408675,0.7070851138037652,3,"[11, 12, 13]",0.0,0.0,0.0,0.0
unmatched,gmm_fitted,single_sensor_0,conditional_max,0.10000000000000002,1.6996749443881478e-17,0.06035423330915677,0.009351080588078466,0.1685367263143529,0.006461487655444546,24.94528769228847,0.4475285568037662,3,"[11, 12, 13]",0.0,0.0,0.0,0.0
unmatched,gmm_fitted,single_sensor_0,independent,0.10000000000000002,1.6996749443881478e-17,0.06035423330915677,0.009351080588078466,0.1685367263143529,0.006461487655444546,24.94528769228847,0.4475285568037662,3,"[11, 12, 13]",0.0,0.0,0.0,0.0
unmatched,gmm_fitted,single_sensor_0,joint,0.10000000000000002,1.6996749443881478e-17,0.06035423330915677,0.009351080588078466,0.1685367263143529,0.006461487655444546,24.94528769228847,0.4475285568037662,3,"[11, 12, 13]",0.0,0.0,0.0,0.0
unmatched,gmm_fitted,single_sensor_0,marginal_max,0.10000000000000002,1.6996749443881478e-17,0.06035423330915677,0.009351080588078466,0.1685367263143529,0.006461487655444546,24.94528769228847,0.4475285568037662,3,"[11, 12, 13]",0.0,0.0,0.0,0.0
unmatched,gmm_fitted,single_sensor_0,relational_max,0.10000000000000002,1.6996749443881478e-17,0.0,0.0,0.0,0.0,0.0,0.0,3,"[11, 12, 13]",1.0,0.0,0.0,0.0
