run_dir,seed,mask_index,a,b,score,metric,interpretation,auroc_delta,ci_low,ci_high,bootstrap_reps_used,n_units,loc_ap_delta,end_to_end_unique_top1_delta,refused,reason
matched/seed11,11,0,logs/ts/ws/diagnosis_donors/matched/seed11/artifacts/diagnosis_mask0.npz,logs/ts/ws/diagnosis_donors/matched/seed11/artifacts/diagnosis_gaussian_fitted_mask0.npz,relational_max,auroc,exploratory paired engine-bootstrap difference; training-seed variability is a separate axis,-0.15421231326392038,-0.1741713605692725,-0.1339648108262449,1000,10,,,,
matched/seed11,11,0,logs/ts/ws/diagnosis_donors/matched/seed11/artifacts/diagnosis_mask0.npz,logs/ts/ws/diagnosis_donors/matched/seed11/artifacts/diagnosis_gaussian_fitted_mask0.npz,relational_max,loc_ap,exploratory paired engine-bootstrap difference; training-seed variability is a separate axis,,-0.2860324360777719,-0.2393331890066324,1000,10,-0.262028277770299,,,
matched/seed11,11,0,logs/ts/ws/diagnosis_donors/matched/seed11/artifacts/diagnosis_mask0.npz,logs/ts/ws/diagnosis_donors/matched/seed11/artifacts/diagnosis_gaussian_fitted_mask0.npz,relational_max,end_to_end_unique_top1,exploratory paired engine-bootstrap difference; training-seed variability is a separate axis,,-0.40477501573316554,-0.3341089896579157,1000,10,,-0.37234042553191493,,
matched/seed11,11,0,logs/ts/ws/diagnosis_donors/matched/seed11/artifacts/diagnosis_mask0.npz,logs/ts/ws/diagnosis_donors/matched/seed11/artifacts/diagnosis_gmm_fitted_mask0.npz,relational_max,auroc,exploratory paired engine-bootstrap difference; training-seed variability is a separate axis,-0.1462358533272975,-0.1781398839209467,-0.11297124324718676,1000,10,,,,
matched/seed11,11,0,logs/ts/ws/diagnosis_donors/matched/seed11/artifacts/diagnosis_mask0.npz,logs/ts/ws/diagnosis_donors/matched/seed11/artifacts/diagnosis_gmm_fitted_mask0.npz,relational_max,loc_ap,exploratory paired engine-bootstrap difference; training-seed variability is a separate axis,,-0.2911051421907321,-0.24140333971470126,1000,10,-0.2664022021123085,,,
matched/seed11,11,0,logs/ts/ws/diagnosis_donors/matched/seed11/artifacts/diagnosis_mask0.npz,logs/ts/ws/diagnosis_donors/matched/seed11/artifacts/diagnosis_gmm_fitted_mask0.npz,relational_max,end_to_end_unique_top1,exploratory paired engine-bootstrap difference; training-seed variability is a separate axis,,-0.27443197434722855,-0.1842105263157895,1000,10,,-0.23191489361702128,,
matched/seed11,11,1,logs/ts/ws/diagnosis_donors/matched/seed11/artifacts/diagnosis_mask1.npz,logs/ts/ws/diagnosis_donors/matched/seed11/artifacts/diagnosis_gaussian_fitted_mask1.npz,relational_max,auroc,exploratory paired engine-bootstrap difference; training-seed variability is a separate axis,-0.15014486192847443,-0.16582966352555717,-0.13317188269503555,1000,10,,,,
matched/seed11,11,1,logs/ts/ws/diagnosis_donors/matched/seed11/artifacts/diagnosis_mask1.npz,logs/ts/ws/diagnosis_donors/matched/seed11/artifacts/diagnosis_gaussian_fitted_mask1.npz,relational_max,loc_ap,exploratory paired engine-bootstrap difference; training-seed variability is a separate axis,,-0.2904280333303832,-0.24819220062353237,1000,10,-0.27011202755172065,,,
matched/seed11,11,1,logs/ts/ws/diagnosis_donors/matched/seed11/artifacts/diagnosis_mask1.npz,logs/ts/ws/diagnosis_donors/matched/seed11/artifacts/diagnosis_gaussian_fitted_mask1.npz,relational_max,end_to_end_unique_top1,exploratory paired engine-bootstrap difference; training-seed variability is a separate axis,,-0.4050816363969913,-0.3409076668945089,1000,10,,-0.37446808510638296,,
matched/seed11,11,1,logs/ts/ws/diagnosis_donors/matched/seed11/artifacts/diagnosis_mask1.npz,logs/ts/ws/diagnosis_donors/matched/seed11/artifacts/diagnosis_gmm_fitted_mask1.npz,relational_max,auroc,exploratory paired engine-bootstrap difference; training-seed variability is a separate axis,-0.14292440018107744,-0.16156541870345417,-0.11902636089713797,1000,10,,,,
matched/seed11,11,1,logs/ts/ws/diagnosis_donors/matched/seed11/artifacts/diagnosis_mask1.npz,logs/ts/ws/diagnosis_donors/matched/seed11/artifacts/diagnosis_gmm_fitted_mask1.npz,relational_max,loc_ap,exploratory paired engine-bootstrap difference; training-seed variability is a separate axis,,-0.29778498630346306,-0.25078254029193287,1000,10,-0.27430242454913506,,,
matched/seed11,11,1,logs/ts/ws/diagnosis_donors/matched/seed11/artifacts/diagnosis_mask1.npz,logs/ts/ws/diagnosis_donors/matched/seed11/artifacts/diagnosis_gmm_fitted_mask1.npz,relational_max,end_to_end_unique_top1,exploratory paired engine-bootstrap difference; training-seed variability is a separate axis,,-0.31261147211220575,-0.2216437576142804,1000,10,,-0.2702127659574468,,
matched/seed11,11,2,logs/ts/ws/diagnosis_donors/matched/seed11/artifacts/diagnosis_mask2.npz,logs/ts/ws/diagnosis_donors/matched/seed11/artifacts/diagnosis_gaussian_fitted_mask2.npz,relational_max,auroc,exploratory paired engine-bootstrap difference; training-seed variability is a separate axis,-0.15436396559529197,-0.17018110228164465,-0.13470517694686196,1000,10,,,,
matched/seed11,11,2,logs/ts/ws/diagnosis_donors/matched/seed11/artifacts/diagnosis_mask2.npz,logs/ts/ws/diagnosis_donors/matched/seed11/artifacts/diagnosis_gaussian_fitted_mask2.npz,relational_max,loc_ap,exploratory paired engine-bootstrap difference; training-seed variability is a separate axis,,-0.2483092248657098,-0.21100649702699448,1000,10,-0.22983042239378637,,,
matched/seed11,11,2,logs/ts/ws/diagnosis_donors/matched/seed11/artifacts/diagnosis_mask2.npz,logs/ts/ws/diagnosis_donors/matched/seed11/artifacts/diagnosis_gaussian_fitted_mask2.npz,relational_max,end_to_end_unique_top1,exploratory paired engine-bootstrap difference; training-seed variability is a separate axis,,-0.39286292810860846,-0.3187583756133425,1000,10,,-0.3595744680851064,,
matched/seed11,11,2,logs/ts/ws/diagnosis_donors/matched/seed11/artifacts/diagnosis_mask2.npz,logs/ts/ws/diagnosis_donors/matched/seed11/artifacts/diagnosis_gmm_fitted_mask2.npz,relational_max,auroc,exploratory paired engine-bootstrap difference; training-seed variability is a separate axis,-0.15737890448166592,-0.1787769033233128,-0.12662617784906444,1000,10,,,,
matched/seed11,11,2,logs/ts/ws/diagnosis_donors/matched/seed11/artifacts/diagnosis_mask2.npz,logs/ts/ws/diagnosis_donors/matched/seed11/artifacts/diagnosis_gmm_fitted_mask2.npz,relational_max,loc_ap,exploratory paired engine-bootstrap difference; training-seed variability is a separate axis,,-0.2641630652133796,-0.20720833112363113,1000,10,-0.23427194093668724,,,
matched/seed11,11,2,logs/ts/ws/diagnosis_donors/matched/seed11/artifacts/diagnosis_mask2.npz,logs/ts/ws/diagnosis_donors/matched/seed11/artifacts/diagnosis_gmm_fitted_mask2.npz,relational_max,end_to_end_unique_top1,exploratory paired engine-bootstrap difference; training-seed variability is a separate axis,,-0.32849495123930056,-0.2576103541267476,1000,10,,-0.3,,
matched/seed11,11,3,logs/ts/ws/diagnosis_donors/matched/seed11/artifacts/diagnosis_mask3.npz,logs/ts/ws/diagnosis_donors/matched/seed11/artifacts/diagnosis_gaussian_fitted_mask3.npz,relational_max,auroc,exploratory paired engine-bootstrap difference; training-seed variability is a separate axis,-0.16007695789950205,-0.1820792089513208,-0.13787210486375281,1000,10,,,,
matched/seed11,11,3,logs/ts/ws/diagnosis_donors/matched/seed11/artifacts/diagnosis_mask3.npz,logs/ts/ws/diagnosis_donors/matched/seed11/artifacts/diagnosis_gaussian_fitted_mask3.npz,relational_max,loc_ap,exploratory paired engine-bootstrap difference; training-seed variability is a separate axis,,-0.2787611606243981,-0.21102889781534503,1000,10,-0.24488258317025435,,,
matched/seed11,11,3,logs/ts/ws/diagnosis_donors/matched/seed11/artifacts/diagnosis_mask3.npz,logs/ts/ws/diagnosis_donors/matched/seed11/artifacts/diagnosis_gaussian_fitted_mask3.npz,relational_max,end_to_end_unique_top1,exploratory paired engine-bootstrap difference; training-seed variability is a separate axis,,-0.37404616024794807,-0.29708091498805045,1000,10,,-0.33404255319148934,,
matched/seed11,11,3,logs/ts/ws/diagnosis_donors/matched/seed11/artifacts/diagnosis_mask3.npz,logs/ts/ws/diagnosis_donors/matched/seed11/artifacts/diagnosis_gmm_fitted_mask3.npz,relational_max,auroc,exploratory paired engine-bootstrap difference; training-seed variability is a separate axis,-0.15987777274784964,-0.18645254242414352,-0.13594955067512396,1000,10,,,,
matched/seed11,11,3,logs/ts/ws/diagnosis_donors/matched/seed11/artifacts/diagnosis_mask3.npz,logs/ts/ws/diagnosis_donors/matched/seed11/artifacts/diagnosis_gmm_fitted_mask3.npz,relational_max,loc_ap,exploratory paired engine-bootstrap difference; training-seed variability is a separate axis,,-0.2685081927134195,-0.2127387991149638,1000,10,-0.24028267014568383,,,
matched/seed11,11,3,logs/ts/ws/diagnosis_donors/matched/seed11/artifacts/diagnosis_mask3.npz,logs/ts/ws/diagnosis_donors/matched/seed11/artifacts/diagnosis_gmm_fitted_mask3.npz,relational_max,end_to_end_unique_top1,exploratory paired engine-bootstrap difference; training-seed variability is a separate axis,,-0.3858154710759156,-0.3237277423180761,1000,10,,-0.3531914893617021,,
matched/seed11,11,4,logs/ts/ws/diagnosis_donors/matched/seed11/artifacts/diagnosis_mask4.npz,logs/ts/ws/diagnosis_donors/matched/seed11/artifacts/diagnosis_gaussian_fitted_mask4.npz,relational_max,auroc,exploratory paired engine-bootstrap difference; training-seed variability is a separate axis,-0.12732684472612044,-0.1656692679069145,-0.09167401751431266,1000,10,,,,
matched/seed11,11,4,logs/ts/ws/diagnosis_donors/matched/seed11/artifacts/diagnosis_mask4.npz,logs/ts/ws/diagnosis_donors/matched/seed11/artifacts/diagnosis_gaussian_fitted_mask4.npz,relational_max,loc_ap,exploratory paired engine-bootstrap difference; training-seed variability is a separate axis,,-0.25194134149823466,-0.19653867359472532,1000,10,-0.2238902153247555,,,
matched/seed11,11,4,logs/ts/ws/diagnosis_donors/matched/seed11/artifacts/diagnosis_mask4.npz,logs/ts/ws/diagnosis_donors/matched/seed11/artifacts/diagnosis_gaussian_fitted_mask4.npz,relational_max,end_to_end_unique_top1,exploratory paired engine-bootstrap difference; training-seed variability is a separate axis,,-0.4056446553116154,-0.3490171392297926,1000,10,,-0.38085106382978723,,
matched/seed11,11,4,logs/ts/ws/diagnosis_donors/matched/seed11/artifacts/diagnosis_mask4.npz,logs/ts/ws/diagnosis_donors/matched/seed11/artifacts/diagnosis_gmm_fitted_mask4.npz,relational_max,auroc,exploratory paired engine-bootstrap difference; training-seed variability is a separate axis,-0.12672928927116345,-0.1579416759194085,-0.09580300970485751,1000,10,,,,
matched/seed11,11,4,logs/ts/ws/diagnosis_donors/matched/seed11/artifacts/diagnosis_mask4.npz,logs/ts/ws/diagnosis_donors/matched/seed11/artifacts/diagnosis_gmm_fitted_mask4.npz,relational_max,loc_ap,exploratory paired engine-bootstrap difference; training-seed variability is a separate axis,,-0.2600711297123017,-0.19643595305746697,1000,10,-0.2281056285095283,,,
matched/seed11,11,4,logs/ts/ws/diagnosis_donors/matched/seed11/artifacts/diagnosis_mask4.npz,logs/ts/ws/diagnosis_donors/matched/seed11/artifacts/diagnosis_gmm_fitted_mask4.npz,relational_max,end_to_end_unique_top1,exploratory paired engine-bootstrap difference; training-seed variability is a separate axis,,-0.4289074639732646,-0.33741693037974696,1000,10,,-0.3851063829787234,,
matched/seed11,11,5,logs/ts/ws/diagnosis_donors/matched/seed11/artifacts/diagnosis_mask5.npz,logs/ts/ws/diagnosis_donors/matched/seed11/artifacts/diagnosis_gaussian_fitted_mask5.npz,relational_max,auroc,exploratory paired engine-bootstrap difference; training-seed variability is a separate axis,-0.14501810774105928,-0.16596210377766055,-0.12199731346641257,1000,10,,,,
matched/seed11,11,5,logs/ts/ws/diagnosis_donors/matched/seed11/artifacts/diagnosis_mask5.npz,logs/ts/ws/diagnosis_donors/matched/seed11/artifacts/diagnosis_gaussian_fitted_mask5.npz,relational_max,loc_ap,exploratory paired engine-bootstrap difference; training-seed variability is a separate axis,,-0.2907028643996674,-0.24834548609702642,1000,10,-0.2683981270110657,,,
matched/seed11,11,5,logs/ts/ws/diagnosis_donors/matched/seed11/artifacts/diagnosis_mask5.npz,logs/ts/ws/diagnosis_donors/matched/seed11/artifacts/diagnosis_gaussian_fitted_mask5.npz,relational_max,end_to_end_unique_top1,exploratory paired engine-bootstrap difference; training-seed variability is a separate axis,,-0.4087430691454664,-0.34077838491756035,1000,10,,-0.3787234042553192,,
matched/seed11,11,5,logs/ts/ws/diagnosis_donors/matched/seed11/artifacts/diagnosis_mask5.npz,logs/ts/ws/diagnosis_donors/matched/seed11/artifacts/diagnosis_gmm_fitted_mask5.npz,relational_max,auroc,exploratory paired engine-bootstrap difference; training-seed variability is a separate axis,-0.14743549117247623,-0.17090876875040736,-0.12020491980064578,1000,10,,,,
matched/seed11,11,5,logs/ts/ws/diagnosis_donors/matched/seed11/artifacts/diagnosis_mask5.npz,logs/ts/ws/diagnosis_donors/matched/seed11/artifacts/diagnosis_gmm_fitted_mask5.npz,relational_max,loc_ap,exploratory paired engine-bootstrap difference; training-seed variability is a separate axis,,-0.2877729118654714,-0.251095805296105,1000,10,-0.26866825831738117,,,
matched/seed11,11,5,logs/ts/ws/diagnosis_donors/matched/seed11/artifacts/diagnosis_mask5.npz,logs/ts/ws/diagnosis_donors/matched/seed11/artifacts/diagnosis_gmm_fitted_mask5.npz,relational_max,end_to_end_unique_top1,exploratory paired engine-bootstrap difference; training-seed variability is a separate axis,,-0.40507956600361655,-0.3387397427623087,1000,10,,-0.374468085106383,,
matched/seed11,11,6,logs/ts/ws/diagnosis_donors/matched/seed11/artifacts/diagnosis_mask6.npz,logs/ts/ws/diagnosis_donors/matched/seed11/artifacts/diagnosis_gaussian_fitted_mask6.npz,relational_max,auroc,exploratory paired engine-bootstrap difference; training-seed variability is a separate axis,-0.10797419646899054,-0.12645128288997992,-0.08811758180739629,1000,10,,,,
matched/seed11,11,6,logs/ts/ws/diagnosis_donors/matched/seed11/artifacts/diagnosis_mask6.npz,logs/ts/ws/diagnosis_donors/matched/seed11/artifacts/diagnosis_gaussian_fitted_mask6.npz,relational_max,loc_ap,exploratory paired engine-bootstrap difference; training-seed variability is a separate axis,,-0.28351050083701484,-0.24048658249578111,1000,10,-0.2613942637390531,,,
matched/seed11,11,6,logs/ts/ws/diagnosis_donors/matched/seed11/artifacts/diagnosis_mask6.npz,logs/ts/ws/diagnosis_donors/matched/seed11/artifacts/diagnosis_gaussian_fitted_mask6.npz,relational_max,end_to_end_unique_top1,exploratory paired engine-bootstrap difference; training-seed variability is a separate axis,,-0.3781021397594305,-0.29101494602667455,1000,10,,-0.3340425531914894,,
matched/seed11,11,6,logs/ts/ws/diagnosis_donors/matched/seed11/artifacts/diagnosis_mask6.npz,logs/ts/ws/diagnosis_donors/matched/seed11/artifacts/diagnosis_gmm_fitted_mask6.npz,relational_max,auroc,exploratory paired engine-bootstrap difference; training-seed variability is a separate axis,-0.09550701674966044,-0.121342209533648,-0.06683968697445922,1000,10,,,,
matched/seed11,11,6,logs/ts/ws/diagnosis_donors/matched/seed11/artifacts/diagnosis_mask6.npz,logs/ts/ws/diagnosis_donors/matched/seed11/artifacts/diagnosis_gmm_fitted_mask6.npz,relational_max,loc_ap,exploratory paired engine-bootstrap difference; training-seed variability is a separate axis,,-0.28677323032179863,-0.24156761430306678,1000,10,-0.26592292305706927,,,
matched/seed11,11,6,logs/ts/ws/diagnosis_donors/matched/seed11/artifacts/diagnosis_mask6.npz,logs/ts/ws/diagnosis_donors/matched/seed11/artifacts/diagnosis_gmm_fitted_mask6.npz,relational_max,end_to_end_unique_top1,exploratory paired engine-bootstrap difference; training-seed variability is a separate axis,,-0.24717287650704992,-0.16066470132164945,1000,10,,-0.20638297872340428,,
matched/seed11,11,7,logs/ts/ws/diagnosis_donors/matched/seed11/artifacts/diagnosis_mask7.npz,logs/ts/ws/diagnosis_donors/matched/seed11/artifacts/diagnosis_gaussian_fitted_mask7.npz,relational_max,auroc,exploratory paired engine-bootstrap difference; training-seed variability is a separate axis,0.0,0.0,0.0,1000,10,,,,
matched/seed11,11,7,diagnosis_mask7.npz,diagnosis_gaussian_fitted_mask7.npz,relational_max,loc_ap,,,,,,,,,True,no bootstrap replicate produced a defined statistic
matched/seed11,11,7,logs/ts/ws/diagnosis_donors/matched/seed11/artifacts/diagnosis_mask7.npz,logs/ts/ws/diagnosis_donors/matched/seed11/artifacts/diagnosis_gaussian_fitted_mask7.npz,relational_max,end_to_end_unique_top1,exploratory paired engine-bootstrap difference; training-seed variability is a separate axis,,0.0,0.0,1000,10,,0.0,,
matched/seed11,11,7,logs/ts/ws/diagnosis_donors/matched/seed11/artifacts/diagnosis_mask7.npz,logs/ts/ws/diagnosis_donors/matched/seed11/artifacts/diagnosis_gmm_fitted_mask7.npz,relational_max,auroc,exploratory paired engine-bootstrap difference; training-seed variability is a separate axis,0.0,0.0,0.0,1000,10,,,,
matched/seed11,11,7,diagnosis_mask7.npz,diagnosis_gmm_fitted_mask7.npz,relational_max,loc_ap,,,,,,,,,True,no bootstrap replicate produced a defined statistic
matched/seed11,11,7,logs/ts/ws/diagnosis_donors/matched/seed11/artifacts/diagnosis_mask7.npz,logs/ts/ws/diagnosis_donors/matched/seed11/artifacts/diagnosis_gmm_fitted_mask7.npz,relational_max,end_to_end_unique_top1,exploratory paired engine-bootstrap difference; training-seed variability is a separate axis,,0.0,0.0,1000,10,,0.0,,
matched/seed12,12,0,logs/ts/ws/diagnosis_donors/matched/seed12/artifacts/diagnosis_mask0.npz,logs/ts/ws/diagnosis_donors/matched/seed12/artifacts/diagnosis_gaussian_fitted_mask0.npz,relational_max,auroc,exploratory paired engine-bootstrap difference; training-seed variability is a separate axis,-0.10866308607925679,-0.1345908720031919,-0.07561557571770161,1000,10,,,,
matched/seed12,12,0,logs/ts/ws/diagnosis_donors/matched/seed12/artifacts/diagnosis_mask0.npz,logs/ts/ws/diagnosis_donors/matched/seed12/artifacts/diagnosis_gaussian_fitted_mask0.npz,relational_max,loc_ap,exploratory paired engine-bootstrap difference; training-seed variability is a separate axis,,-0.2754347672788698,-0.21413254052091235,1000,10,-0.24955715814751966,,,
matched/seed12,12,0,logs/ts/ws/diagnosis_donors/matched/seed12/artifacts/diagnosis_mask0.npz,logs/ts/ws/diagnosis_donors/matched/seed12/artifacts/diagnosis_gaussian_fitted_mask0.npz,relational_max,end_to_end_unique_top1,exploratory paired engine-bootstrap difference; training-seed variability is a separate axis,,-0.39312431606549253,-0.3124953078078079,1000,10,,-0.3566265060240964,,
matched/seed12,12,0,logs/ts/ws/diagnosis_donors/matched/seed12/artifacts/diagnosis_mask0.npz,logs/ts/ws/diagnosis_donors/matched/seed12/artifacts/diagnosis_gmm_fitted_mask0.npz,relational_max,auroc,exploratory paired engine-bootstrap difference; training-seed variability is a separate axis,-0.1153462040934824,-0.14609850596416266,-0.06985739503034223,1000,10,,,,
matched/seed12,12,0,logs/ts/ws/diagnosis_donors/matched/seed12/artifacts/diagnosis_mask0.npz,logs/ts/ws/diagnosis_donors/matched/seed12/artifacts/diagnosis_gmm_fitted_mask0.npz,relational_max,loc_ap,exploratory paired engine-bootstrap difference; training-seed variability is a separate axis,,-0.3079138908785429,-0.2136490348694761,1000,10,-0.26644090135656395,,,
matched/seed12,12,0,logs/ts/ws/diagnosis_donors/matched/seed12/artifacts/diagnosis_mask0.npz,logs/ts/ws/diagnosis_donors/matched/seed12/artifacts/diagnosis_gmm_fitted_mask0.npz,relational_max,end_to_end_unique_top1,exploratory paired engine-bootstrap difference; training-seed variability is a separate axis,,-0.2232382170704539,-0.123493793576242,1000,10,,-0.17349397590361443,,
matched/seed12,12,1,logs/ts/ws/diagnosis_donors/matched/seed12/artifacts/diagnosis_mask1.npz,logs/ts/ws/diagnosis_donors/matched/seed12/artifacts/diagnosis_gaussian_fitted_mask1.npz,relational_max,auroc,exploratory paired engine-bootstrap difference; training-seed variability is a separate axis,-0.11165045725068956,-0.1296288766619744,-0.08439986358570387,1000,10,,,,
matched/seed12,12,1,logs/ts/ws/diagnosis_donors/matched/seed12/artifacts/diagnosis_mask1.npz,logs/ts/ws/diagnosis_donors/matched/seed12/artifacts/diagnosis_gaussian_fitted_mask1.npz,relational_max,loc_ap,exploratory paired engine-bootstrap difference; training-seed variability is a separate axis,,-0.28318079117046635,-0.22114001627943516,1000,10,-0.25481178263035054,,,
matched/seed12,12,1,logs/ts/ws/diagnosis_donors/matched/seed12/artifacts/diagnosis_mask1.npz,logs/ts/ws/diagnosis_donors/matched/seed12/artifacts/diagnosis_gaussian_fitted_mask1.npz,relational_max,end_to_end_unique_top1,exploratory paired engine-bootstrap difference; training-seed variability is a separate axis,,-0.41667553191489365,-0.32707932692307695,1000,10,,-0.3759036144578314,,
matched/seed12,12,1,logs/ts/ws/diagnosis_donors/matched/seed12/artifacts/diagnosis_mask1.npz,logs/ts/ws/diagnosis_donors/matched/seed12/artifacts/diagnosis_gmm_fitted_mask1.npz,relational_max,auroc,exploratory paired engine-bootstrap difference; training-seed variability is a separate axis,-0.1146523443170272,-0.1448586301519157,-0.0713138699375816,1000,10,,,,
matched/seed12,12,1,logs/ts/ws/diagnosis_donors/matched/seed12/artifacts/diagnosis_mask1.npz,logs/ts/ws/diagnosis_donors/matched/seed12/artifacts/diagnosis_gmm_fitted_mask1.npz,relational_max,loc_ap,exploratory paired engine-bootstrap difference; training-seed variability is a separate axis,,-0.2997549250305923,-0.2213985917855724,1000,10,-0.26551189135837194,,,
matched/seed12,12,1,logs/ts/ws/diagnosis_donors/matched/seed12/artifacts/diagnosis_mask1.npz,logs/ts/ws/diagnosis_donors/matched/seed12/artifacts/diagnosis_gmm_fitted_mask1.npz,relational_max,end_to_end_unique_top1,exploratory paired engine-bootstrap difference; training-seed variability is a separate axis,,-0.24258956556032962,-0.15168358100761145,1000,10,,-0.2,,
matched/seed12,12,2,logs/ts/ws/diagnosis_donors/matched/seed12/artifacts/diagnosis_mask2.npz,logs/ts/ws/diagnosis_donors/matched/seed12/artifacts/diagnosis_gaussian_fitted_mask2.npz,relational_max,auroc,exploratory paired engine-bootstrap difference; training-seed variability is a separate axis,-0.14197996806503121,-0.1671769541545013,-0.10826624806914757,1000,10,,,,
matched/seed12,12,2,logs/ts/ws/diagnosis_donors/matched/seed12/artifacts/diagnosis_mask2.npz,logs/ts/ws/diagnosis_donors/matched/seed12/artifacts/diagnosis_gaussian_fitted_mask2.npz,relational_max,loc_ap,exploratory paired engine-bootstrap difference; training-seed variability is a separate axis,,-0.2579245055810658,-0.20966633932237022,1000,10,-0.23722820240293369,,,
matched/seed12,12,2,logs/ts/ws/diagnosis_donors/matched/seed12/artifacts/diagnosis_mask2.npz,logs/ts/ws/diagnosis_donors/matched/seed12/artifacts/diagnosis_gaussian_fitted_mask2.npz,relational_max,end_to_end_unique_top1,exploratory paired engine-bootstrap difference; training-seed variability is a separate axis,,-0.3919573102678571,-0.31169141787216575,1000,10,,-0.35662650602409635,,
matched/seed12,12,2,logs/ts/ws/diagnosis_donors/matched/seed12/artifacts/diagnosis_mask2.npz,logs/ts/ws/diagnosis_donors/matched/seed12/artifacts/diagnosis_gmm_fitted_mask2.npz,relational_max,auroc,exploratory paired engine-bootstrap difference; training-seed variability is a separate axis,-0.1427347946000871,-0.1713874975004478,-0.09800035978206953,1000,10,,,,
matched/seed12,12,2,logs/ts/ws/diagnosis_donors/matched/seed12/artifacts/diagnosis_mask2.npz,logs/ts/ws/diagnosis_donors/matched/seed12/artifacts/diagnosis_gmm_fitted_mask2.npz,relational_max,loc_ap,exploratory paired engine-bootstrap difference; training-seed variability is a separate axis,,-0.2730824706598175,-0.23118915001072612,1000,10,-0.2538772356178271,,,
matched/seed12,12,2,logs/ts/ws/diagnosis_donors/matched/seed12/artifacts/diagnosis_mask2.npz,logs/ts/ws/diagnosis_donors/matched/seed12/artifacts/diagnosis_gmm_fitted_mask2.npz,relational_max,end_to_end_unique_top1,exploratory paired engine-bootstrap difference; training-seed variability is a separate axis,,-0.3134669769106856,-0.21275545048594693,1000,10,,-0.26506024096385544,,
matched/seed12,12,3,logs/ts/ws/diagnosis_donors/matched/seed12/artifacts/diagnosis_mask3.npz,logs/ts/ws/diagnosis_donors/matched/seed12/artifacts/diagnosis_gaussian_fitted_mask3.npz,relational_max,auroc,exploratory paired engine-bootstrap difference; training-seed variability is a separate axis,-0.1393148497604877,-0.18229929895593125,-0.10710534154669993,1000,10,,,,
matched/seed12,12,3,logs/ts/ws/diagnosis_donors/matched/seed12/artifacts/diagnosis_mask3.npz,logs/ts/ws/diagnosis_donors/matched/seed12/artifacts/diagnosis_gaussian_fitted_mask3.npz,relational_max,loc_ap,exploratory paired engine-bootstrap difference; training-seed variability is a separate axis,,-0.28012361400004915,-0.14836916325040647,1000,10,-0.22541129160694384,,,
matched/seed12,12,3,logs/ts/ws/diagnosis_donors/matched/seed12/artifacts/diagnosis_mask3.npz,logs/ts/ws/diagnosis_donors/matched/seed12/artifacts/diagnosis_gaussian_fitted_mask3.npz,relational_max,end_to_end_unique_top1,exploratory paired engine-bootstrap difference; training-seed variability is a separate axis,,-0.3585453491741524,-0.2675582725582726,1000,10,,-0.3180722891566265,,
matched/seed12,12,3,logs/ts/ws/diagnosis_donors/matched/seed12/artifacts/diagnosis_mask3.npz,logs/ts/ws/diagnosis_donors/matched/seed12/artifacts/diagnosis_gmm_fitted_mask3.npz,relational_max,auroc,exploratory paired engine-bootstrap difference; training-seed variability is a separate axis,-0.14609086950210481,-0.17618056149867692,-0.11503819665919186,1000,10,,,,
matched/seed12,12,3,logs/ts/ws/diagnosis_donors/matched/seed12/artifacts/diagnosis_mask3.npz,logs/ts/ws/diagnosis_donors/matched/seed12/artifacts/diagnosis_gmm_fitted_mask3.npz,relational_max,loc_ap,exploratory paired engine-bootstrap difference; training-seed variability is a separate axis,,-0.2824930619747899,-0.15692133054610735,1000,10,-0.22872790253225028,,,
matched/seed12,12,3,logs/ts/ws/diagnosis_donors/matched/seed12/artifacts/diagnosis_mask3.npz,logs/ts/ws/diagnosis_donors/matched/seed12/artifacts/diagnosis_gmm_fitted_mask3.npz,relational_max,end_to_end_unique_top1,exploratory paired engine-bootstrap difference; training-seed variability is a separate axis,,-0.36636225420181273,-0.27575552825552824,1000,10,,-0.327710843373494,,
matched/seed12,12,4,logs/ts/ws/diagnosis_donors/matched/seed12/artifacts/diagnosis_mask4.npz,logs/ts/ws/diagnosis_donors/matched/seed12/artifacts/diagnosis_gaussian_fitted_mask4.npz,relational_max,auroc,exploratory paired engine-bootstrap difference; training-seed variability is a separate axis,-0.10981564813470746,-0.1329349945770415,-0.08588222125967818,1000,10,,,,
matched/seed12,12,4,logs/ts/ws/diagnosis_donors/matched/seed12/artifacts/diagnosis_mask4.npz,logs/ts/ws/diagnosis_donors/matched/seed12/artifacts/diagnosis_gaussian_fitted_mask4.npz,relational_max,loc_ap,exploratory paired engine-bootstrap difference; training-seed variability is a separate axis,,-0.2679651331810799,-0.2064249205566177,1000,10,-0.23667285095856516,,,
matched/seed12,12,4,logs/ts/ws/diagnosis_donors/matched/seed12/artifacts/diagnosis_mask4.npz,logs/ts/ws/diagnosis_donors/matched/seed12/artifacts/diagnosis_gaussian_fitted_mask4.npz,relational_max,end_to_end_unique_top1,exploratory paired engine-bootstrap difference; training-seed variability is a separate axis,,-0.35208070617906684,-0.2687828918988871,1000,10,,-0.3036144578313253,,
matched/seed12,12,4,logs/ts/ws/diagnosis_donors/matched/seed12/artifacts/diagnosis_mask4.npz,logs/ts/ws/diagnosis_donors/matched/seed12/artifacts/diagnosis_gmm_fitted_mask4.npz,relational_max,auroc,exploratory paired engine-bootstrap difference; training-seed variability is a separate axis,-0.11701553200754822,-0.14647209651290502,-0.08590076687113744,1000,10,,,,
matched/seed12,12,4,logs/ts/ws/diagnosis_donors/matched/seed12/artifacts/diagnosis_mask4.npz,logs/ts/ws/diagnosis_donors/matched/seed12/artifacts/diagnosis_gmm_fitted_mask4.npz,relational_max,loc_ap,exploratory paired engine-bootstrap difference; training-seed variability is a separate axis,,-0.2884876444951033,-0.22418444084621428,1000,10,-0.2577380952380952,,,
matched/seed12,12,4,logs/ts/ws/diagnosis_donors/matched/seed12/artifacts/diagnosis_mask4.npz,logs/ts/ws/diagnosis_donors/matched/seed12/artifacts/diagnosis_gmm_fitted_mask4.npz,relational_max,end_to_end_unique_top1,exploratory paired engine-bootstrap difference; training-seed variability is a separate axis,,-0.2956762881679389,-0.198804070176512,1000,10,,-0.24578313253012052,,
matched/seed12,12,5,logs/ts/ws/diagnosis_donors/matched/seed12/artifacts/diagnosis_mask5.npz,logs/ts/ws/diagnosis_donors/matched/seed12/artifacts/diagnosis_gaussian_fitted_mask5.npz,relational_max,auroc,exploratory paired engine-bootstrap difference; training-seed variability is a separate axis,-0.11909711133691392,-0.1438942845756099,-0.08808728817292856,1000,10,,,,
matched/seed12,12,5,logs/ts/ws/diagnosis_donors/matched/seed12/artifacts/diagnosis_mask5.npz,logs/ts/ws/diagnosis_donors/matched/seed12/artifacts/diagnosis_gaussian_fitted_mask5.npz,relational_max,loc_ap,exploratory paired engine-bootstrap difference; training-seed variability is a separate axis,,-0.2953500085076099,-0.2251228385306477,1000,10,-0.26643883701175375,,,
matched/seed12,12,5,logs/ts/ws/diagnosis_donors/matched/seed12/artifacts/diagnosis_mask5.npz,logs/ts/ws/diagnosis_donors/matched/seed12/artifacts/diagnosis_gaussian_fitted_mask5.npz,relational_max,end_to_end_unique_top1,exploratory paired engine-bootstrap difference; training-seed variability is a separate axis,,-0.40076785971482065,-0.3183293407860882,1000,10,,-0.363855421686747,,
matched/seed12,12,5,logs/ts/ws/diagnosis_donors/matched/seed12/artifacts/diagnosis_mask5.npz,logs/ts/ws/diagnosis_donors/matched/seed12/artifacts/diagnosis_gmm_fitted_mask5.npz,relational_max,auroc,exploratory paired engine-bootstrap difference; training-seed variability is a separate axis,-0.13126143126723766,-0.1556233303258014,-0.09683720215830671,1000,10,,,,
matched/seed12,12,5,logs/ts/ws/diagnosis_donors/matched/seed12/artifacts/diagnosis_mask5.npz,logs/ts/ws/diagnosis_donors/matched/seed12/artifacts/diagnosis_gmm_fitted_mask5.npz,relational_max,loc_ap,exploratory paired engine-bootstrap difference; training-seed variability is a separate axis,,-0.3114293653071241,-0.21385538408320875,1000,10,-0.26759776829017035,,,
matched/seed12,12,5,logs/ts/ws/diagnosis_donors/matched/seed12/artifacts/diagnosis_mask5.npz,logs/ts/ws/diagnosis_donors/matched/seed12/artifacts/diagnosis_gmm_fitted_mask5.npz,relational_max,end_to_end_unique_top1,exploratory paired engine-bootstrap difference; training-seed variability is a separate axis,,-0.4103838819751104,-0.33333333333333337,1000,10,,-0.37590361445783127,,
matched/seed12,12,6,logs/ts/ws/diagnosis_donors/matched/seed12/artifacts/diagnosis_mask6.npz,logs/ts/ws/diagnosis_donors/matched/seed12/artifacts/diagnosis_gaussian_fitted_mask6.npz,relational_max,auroc,exploratory paired engine-bootstrap difference; training-seed variability is a separate axis,-0.10985629264044139,-0.13096546805168735,-0.07761488352867514,1000,10,,,,
matched/seed12,12,6,logs/ts/ws/diagnosis_donors/matched/seed12/artifacts/diagnosis_mask6.npz,logs/ts/ws/diagnosis_donors/matched/seed12/artifacts/diagnosis_gaussian_fitted_mask6.npz,relational_max,loc_ap,exploratory paired engine-bootstrap difference; training-seed variability is a separate axis,,-0.2846143790123402,-0.22273452376453126,1000,10,-0.25854301743329167,,,
matched/seed12,12,6,logs/ts/ws/diagnosis_donors/matched/seed12/artifacts/diagnosis_mask6.npz,logs/ts/ws/diagnosis_donors/matched/seed12/artifacts/diagnosis_gaussian_fitted_mask6.npz,relational_max,end_to_end_unique_top1,exploratory paired engine-bootstrap difference; training-seed variability is a separate axis,,-0.28723709953533866,-0.23559866979179353,1000,10,,-0.2650602409638555,,
matched/seed12,12,6,logs/ts/ws/diagnosis_donors/matched/seed12/artifacts/diagnosis_mask6.npz,logs/ts/ws/diagnosis_donors/matched/seed12/artifacts/diagnosis_gmm_fitted_mask6.npz,relational_max,auroc,exploratory paired engine-bootstrap difference; training-seed variability is a separate axis,-0.12547539555813625,-0.15729874493080875,-0.08041510742859247,1000,10,,,,
matched/seed12,12,6,logs/ts/ws/diagnosis_donors/matched/seed12/artifacts/diagnosis_mask6.npz,logs/ts/ws/diagnosis_donors/matched/seed12/artifacts/diagnosis_gmm_fitted_mask6.npz,relational_max,loc_ap,exploratory paired engine-bootstrap difference; training-seed variability is a separate axis,,-0.31524922313292864,-0.219266299533146,1000,10,-0.2741154490655736,,,
matched/seed12,12,6,logs/ts/ws/diagnosis_donors/matched/seed12/artifacts/diagnosis_mask6.npz,logs/ts/ws/diagnosis_donors/matched/seed12/artifacts/diagnosis_gmm_fitted_mask6.npz,relational_max,end_to_end_unique_top1,exploratory paired engine-bootstrap difference; training-seed variability is a separate axis,,-0.142284959783114,-0.0639419527500923,1000,10,,-0.11084337349397594,,
matched/seed12,12,7,logs/ts/ws/diagnosis_donors/matched/seed12/artifacts/diagnosis_mask7.npz,logs/ts/ws/diagnosis_donors/matched/seed12/artifacts/diagnosis_gaussian_fitted_mask7.npz,relational_max,auroc,exploratory paired engine-bootstrap difference; training-seed variability is a separate axis,0.0,0.0,0.0,1000,10,,,,
matched/seed12,12,7,diagnosis_mask7.npz,diagnosis_gaussian_fitted_mask7.npz,relational_max,loc_ap,,,,,,,,,True,no bootstrap replicate produced a defined statistic
matched/seed12,12,7,logs/ts/ws/diagnosis_donors/matched/seed12/artifacts/diagnosis_mask7.npz,logs/ts/ws/diagnosis_donors/matched/seed12/artifacts/diagnosis_gaussian_fitted_mask7.npz,relational_max,end_to_end_unique_top1,exploratory paired engine-bootstrap difference; training-seed variability is a separate axis,,0.0,0.0,1000,10,,0.0,,
matched/seed12,12,7,logs/ts/ws/diagnosis_donors/matched/seed12/artifacts/diagnosis_mask7.npz,logs/ts/ws/diagnosis_donors/matched/seed12/artifacts/diagnosis_gmm_fitted_mask7.npz,relational_max,auroc,exploratory paired engine-bootstrap difference; training-seed variability is a separate axis,0.0,0.0,0.0,1000,10,,,,
matched/seed12,12,7,diagnosis_mask7.npz,diagnosis_gmm_fitted_mask7.npz,relational_max,loc_ap,,,,,,,,,True,no bootstrap replicate produced a defined statistic
matched/seed12,12,7,logs/ts/ws/diagnosis_donors/matched/seed12/artifacts/diagnosis_mask7.npz,logs/ts/ws/diagnosis_donors/matched/seed12/artifacts/diagnosis_gmm_fitted_mask7.npz,relational_max,end_to_end_unique_top1,exploratory paired engine-bootstrap difference; training-seed variability is a separate axis,,0.0,0.0,1000,10,,0.0,,
matched/seed13,13,0,logs/ts/ws/diagnosis_donors/matched/seed13/artifacts/diagnosis_mask0.npz,logs/ts/ws/diagnosis_donors/matched/seed13/artifacts/diagnosis_gaussian_fitted_mask0.npz,relational_max,auroc,exploratory paired engine-bootstrap difference; training-seed variability is a separate axis,-0.12264998540014826,-0.1325965149447684,-0.10646039580853704,1000,10,,,,
matched/seed13,13,0,logs/ts/ws/diagnosis_donors/matched/seed13/artifacts/diagnosis_mask0.npz,logs/ts/ws/diagnosis_donors/matched/seed13/artifacts/diagnosis_gaussian_fitted_mask0.npz,relational_max,loc_ap,exploratory paired engine-bootstrap difference; training-seed variability is a separate axis,,-0.242903986384852,-0.1617802849199133,1000,10,-0.20488085001710576,,,
matched/seed13,13,0,logs/ts/ws/diagnosis_donors/matched/seed13/artifacts/diagnosis_mask0.npz,logs/ts/ws/diagnosis_donors/matched/seed13/artifacts/diagnosis_gaussian_fitted_mask0.npz,relational_max,end_to_end_unique_top1,exploratory paired engine-bootstrap difference; training-seed variability is a separate axis,,-0.26876513317191286,-0.20319163338522986,1000,10,,-0.23696682464454982,,
matched/seed13,13,0,logs/ts/ws/diagnosis_donors/matched/seed13/artifacts/diagnosis_mask0.npz,logs/ts/ws/diagnosis_donors/matched/seed13/artifacts/diagnosis_gmm_fitted_mask0.npz,relational_max,auroc,exploratory paired engine-bootstrap difference; training-seed variability is a separate axis,-0.12345297724669257,-0.13610469994216917,-0.10251869567582912,1000,10,,,,
matched/seed13,13,0,logs/ts/ws/diagnosis_donors/matched/seed13/artifacts/diagnosis_mask0.npz,logs/ts/ws/diagnosis_donors/matched/seed13/artifacts/diagnosis_gmm_fitted_mask0.npz,relational_max,loc_ap,exploratory paired engine-bootstrap difference; training-seed variability is a separate axis,,-0.24800414890635314,-0.16374036419229068,1000,10,-0.20629221314055424,,,
matched/seed13,13,0,logs/ts/ws/diagnosis_donors/matched/seed13/artifacts/diagnosis_mask0.npz,logs/ts/ws/diagnosis_donors/matched/seed13/artifacts/diagnosis_gmm_fitted_mask0.npz,relational_max,end_to_end_unique_top1,exploratory paired engine-bootstrap difference; training-seed variability is a separate axis,,-0.20473095295221058,-0.12499316192560175,1000,10,,-0.16350710900473936,,
matched/seed13,13,1,logs/ts/ws/diagnosis_donors/matched/seed13/artifacts/diagnosis_mask1.npz,logs/ts/ws/diagnosis_donors/matched/seed13/artifacts/diagnosis_gaussian_fitted_mask1.npz,relational_max,auroc,exploratory paired engine-bootstrap difference; training-seed variability is a separate axis,-0.11929763482401567,-0.14257380518764978,-0.09335663460587702,1000,10,,,,
matched/seed13,13,1,logs/ts/ws/diagnosis_donors/matched/seed13/artifacts/diagnosis_mask1.npz,logs/ts/ws/diagnosis_donors/matched/seed13/artifacts/diagnosis_gaussian_fitted_mask1.npz,relational_max,loc_ap,exploratory paired engine-bootstrap difference; training-seed variability is a separate axis,,-0.24027267032562152,-0.17260456136681396,1000,10,-0.20860337776904048,,,
matched/seed13,13,1,logs/ts/ws/diagnosis_donors/matched/seed13/artifacts/diagnosis_mask1.npz,logs/ts/ws/diagnosis_donors/matched/seed13/artifacts/diagnosis_gaussian_fitted_mask1.npz,relational_max,end_to_end_unique_top1,exploratory paired engine-bootstrap difference; training-seed variability is a separate axis,,-0.2877590266875982,-0.219027229676401,1000,10,,-0.2559241706161137,,
matched/seed13,13,1,logs/ts/ws/diagnosis_donors/matched/seed13/artifacts/diagnosis_mask1.npz,logs/ts/ws/diagnosis_donors/matched/seed13/artifacts/diagnosis_gmm_fitted_mask1.npz,relational_max,auroc,exploratory paired engine-bootstrap difference; training-seed variability is a separate axis,-0.12495788504301342,-0.1537706669282641,-0.09190885115970435,1000,10,,,,
matched/seed13,13,1,logs/ts/ws/diagnosis_donors/matched/seed13/artifacts/diagnosis_mask1.npz,logs/ts/ws/diagnosis_donors/matched/seed13/artifacts/diagnosis_gmm_fitted_mask1.npz,relational_max,loc_ap,exploratory paired engine-bootstrap difference; training-seed variability is a separate axis,,-0.244812122113933,-0.17197299221201273,1000,10,-0.20842205407265646,,,
matched/seed13,13,1,logs/ts/ws/diagnosis_donors/matched/seed13/artifacts/diagnosis_mask1.npz,logs/ts/ws/diagnosis_donors/matched/seed13/artifacts/diagnosis_gmm_fitted_mask1.npz,relational_max,end_to_end_unique_top1,exploratory paired engine-bootstrap difference; training-seed variability is a separate axis,,-0.26654860382832324,-0.1868322717622081,1000,10,,-0.22985781990521326,,
matched/seed13,13,2,logs/ts/ws/diagnosis_donors/matched/seed13/artifacts/diagnosis_mask2.npz,logs/ts/ws/diagnosis_donors/matched/seed13/artifacts/diagnosis_gaussian_fitted_mask2.npz,relational_max,auroc,exploratory paired engine-bootstrap difference; training-seed variability is a separate axis,-0.13621100154983046,-0.15750667809927807,-0.10360327110891127,1000,10,,,,
matched/seed13,13,2,logs/ts/ws/diagnosis_donors/matched/seed13/artifacts/diagnosis_mask2.npz,logs/ts/ws/diagnosis_donors/matched/seed13/artifacts/diagnosis_gaussian_fitted_mask2.npz,relational_max,loc_ap,exploratory paired engine-bootstrap difference; training-seed variability is a separate axis,,-0.24368868114861664,-0.15167782313984743,1000,10,-0.20173500206855122,,,
matched/seed13,13,2,logs/ts/ws/diagnosis_donors/matched/seed13/artifacts/diagnosis_mask2.npz,logs/ts/ws/diagnosis_donors/matched/seed13/artifacts/diagnosis_gaussian_fitted_mask2.npz,relational_max,end_to_end_unique_top1,exploratory paired engine-bootstrap difference; training-seed variability is a separate axis,,-0.3146082918293175,-0.22321287593984962,1000,10,,-0.27014218009478674,,
matched/seed13,13,2,logs/ts/ws/diagnosis_donors/matched/seed13/artifacts/diagnosis_mask2.npz,logs/ts/ws/diagnosis_donors/matched/seed13/artifacts/diagnosis_gmm_fitted_mask2.npz,relational_max,auroc,exploratory paired engine-bootstrap difference; training-seed variability is a separate axis,-0.13699153208598192,-0.16146529944262306,-0.10181020756073898,1000,10,,,,
matched/seed13,13,2,logs/ts/ws/diagnosis_donors/matched/seed13/artifacts/diagnosis_mask2.npz,logs/ts/ws/diagnosis_donors/matched/seed13/artifacts/diagnosis_gmm_fitted_mask2.npz,relational_max,loc_ap,exploratory paired engine-bootstrap difference; training-seed variability is a separate axis,,-0.2503160333852626,-0.1563775045794986,1000,10,-0.2042168960141757,,,
matched/seed13,13,2,logs/ts/ws/diagnosis_donors/matched/seed13/artifacts/diagnosis_mask2.npz,logs/ts/ws/diagnosis_donors/matched/seed13/artifacts/diagnosis_gmm_fitted_mask2.npz,relational_max,end_to_end_unique_top1,exploratory paired engine-bootstrap difference; training-seed variability is a separate axis,,-0.2802118455835767,-0.1960031114718615,1000,10,,-0.23696682464454977,,
matched/seed13,13,3,logs/ts/ws/diagnosis_donors/matched/seed13/artifacts/diagnosis_mask3.npz,logs/ts/ws/diagnosis_donors/matched/seed13/artifacts/diagnosis_gaussian_fitted_mask3.npz,relational_max,auroc,exploratory paired engine-bootstrap difference; training-seed variability is a separate axis,-0.12514319085375447,-0.16007399410953732,-0.0889455070147188,1000,10,,,,
matched/seed13,13,3,logs/ts/ws/diagnosis_donors/matched/seed13/artifacts/diagnosis_mask3.npz,logs/ts/ws/diagnosis_donors/matched/seed13/artifacts/diagnosis_gaussian_fitted_mask3.npz,relational_max,loc_ap,exploratory paired engine-bootstrap difference; training-seed variability is a separate axis,,-0.2233173585404548,-0.11510832767202939,1000,10,-0.17233784674679253,,,
matched/seed13,13,3,logs/ts/ws/diagnosis_donors/matched/seed13/artifacts/diagnosis_mask3.npz,logs/ts/ws/diagnosis_donors/matched/seed13/artifacts/diagnosis_gaussian_fitted_mask3.npz,relational_max,end_to_end_unique_top1,exploratory paired engine-bootstrap difference; training-seed variability is a separate axis,,-0.2711916207368115,-0.15639810426540285,1000,10,,-0.21800947867298576,,
matched/seed13,13,3,logs/ts/ws/diagnosis_donors/matched/seed13/artifacts/diagnosis_mask3.npz,logs/ts/ws/diagnosis_donors/matched/seed13/artifacts/diagnosis_gmm_fitted_mask3.npz,relational_max,auroc,exploratory paired engine-bootstrap difference; training-seed variability is a separate axis,-0.1330271108016442,-0.16726874771352918,-0.09556877943285101,1000,10,,,,
matched/seed13,13,3,logs/ts/ws/diagnosis_donors/matched/seed13/artifacts/diagnosis_mask3.npz,logs/ts/ws/diagnosis_donors/matched/seed13/artifacts/diagnosis_gmm_fitted_mask3.npz,relational_max,loc_ap,exploratory paired engine-bootstrap difference; training-seed variability is a separate axis,,-0.21099284762678971,-0.11538855456259198,1000,10,-0.1694117348749936,,,
matched/seed13,13,3,logs/ts/ws/diagnosis_donors/matched/seed13/artifacts/diagnosis_mask3.npz,logs/ts/ws/diagnosis_donors/matched/seed13/artifacts/diagnosis_gmm_fitted_mask3.npz,relational_max,end_to_end_unique_top1,exploratory paired engine-bootstrap difference; training-seed variability is a separate axis,,-0.2819846173886941,-0.17214917653464,1000,10,,-0.23222748815165872,,
matched/seed13,13,4,logs/ts/ws/diagnosis_donors/matched/seed13/artifacts/diagnosis_mask4.npz,logs/ts/ws/diagnosis_donors/matched/seed13/artifacts/diagnosis_gaussian_fitted_mask4.npz,relational_max,auroc,exploratory paired engine-bootstrap difference; training-seed variability is a separate axis,-0.12578895352754882,-0.15486693637858953,-0.09078133449482471,1000,10,,,,
matched/seed13,13,4,logs/ts/ws/diagnosis_donors/matched/seed13/artifacts/diagnosis_mask4.npz,logs/ts/ws/diagnosis_donors/matched/seed13/artifacts/diagnosis_gaussian_fitted_mask4.npz,relational_max,loc_ap,exploratory paired engine-bootstrap difference; training-seed variability is a separate axis,,-0.245953965319537,-0.17912261264886065,1000,10,-0.21482524894015564,,,
matched/seed13,13,4,logs/ts/ws/diagnosis_donors/matched/seed13/artifacts/diagnosis_mask4.npz,logs/ts/ws/diagnosis_donors/matched/seed13/artifacts/diagnosis_gaussian_fitted_mask4.npz,relational_max,end_to_end_unique_top1,exploratory paired engine-bootstrap difference; training-seed variability is a separate axis,,-0.3043515871821874,-0.21897456376246033,1000,10,,-0.26066350710900477,,
matched/seed13,13,4,logs/ts/ws/diagnosis_donors/matched/seed13/artifacts/diagnosis_mask4.npz,logs/ts/ws/diagnosis_donors/matched/seed13/artifacts/diagnosis_gmm_fitted_mask4.npz,relational_max,auroc,exploratory paired engine-bootstrap difference; training-seed variability is a separate axis,-0.1309213629523146,-0.1609787641606857,-0.09327949148089869,1000,10,,,,
matched/seed13,13,4,logs/ts/ws/diagnosis_donors/matched/seed13/artifacts/diagnosis_mask4.npz,logs/ts/ws/diagnosis_donors/matched/seed13/artifacts/diagnosis_gmm_fitted_mask4.npz,relational_max,loc_ap,exploratory paired engine-bootstrap difference; training-seed variability is a separate axis,,-0.2544446475973782,-0.19458597194664898,1000,10,-0.2260061125899635,,,
matched/seed13,13,4,logs/ts/ws/diagnosis_donors/matched/seed13/artifacts/diagnosis_mask4.npz,logs/ts/ws/diagnosis_donors/matched/seed13/artifacts/diagnosis_gmm_fitted_mask4.npz,relational_max,end_to_end_unique_top1,exploratory paired engine-bootstrap difference; training-seed variability is a separate axis,,-0.3044592253380114,-0.2235927066841055,1000,10,,-0.26303317535545023,,
matched/seed13,13,5,logs/ts/ws/diagnosis_donors/matched/seed13/artifacts/diagnosis_mask5.npz,logs/ts/ws/diagnosis_donors/matched/seed13/artifacts/diagnosis_gaussian_fitted_mask5.npz,relational_max,auroc,exploratory paired engine-bootstrap difference; training-seed variability is a separate axis,-0.1279059320320748,-0.14024845426818755,-0.10783933380786527,1000,10,,,,
matched/seed13,13,5,logs/ts/ws/diagnosis_donors/matched/seed13/artifacts/diagnosis_mask5.npz,logs/ts/ws/diagnosis_donors/matched/seed13/artifacts/diagnosis_gaussian_fitted_mask5.npz,relational_max,loc_ap,exploratory paired engine-bootstrap difference; training-seed variability is a separate axis,,-0.25697559140708653,-0.16585732593284686,1000,10,-0.21219956725966338,,,
matched/seed13,13,5,logs/ts/ws/diagnosis_donors/matched/seed13/artifacts/diagnosis_mask5.npz,logs/ts/ws/diagnosis_donors/matched/seed13/artifacts/diagnosis_gaussian_fitted_mask5.npz,relational_max,end_to_end_unique_top1,exploratory paired engine-bootstrap difference; training-seed variability is a separate axis,,-0.28571428571428575,-0.2230567425758641,1000,10,,-0.2559241706161138,,
matched/seed13,13,5,logs/ts/ws/diagnosis_donors/matched/seed13/artifacts/diagnosis_mask5.npz,logs/ts/ws/diagnosis_donors/matched/seed13/artifacts/diagnosis_gmm_fitted_mask5.npz,relational_max,auroc,exploratory paired engine-bootstrap difference; training-seed variability is a separate axis,-0.14406122953213085,-0.16305912667389086,-0.11823818906163575,1000,10,,,,
matched/seed13,13,5,logs/ts/ws/diagnosis_donors/matched/seed13/artifacts/diagnosis_mask5.npz,logs/ts/ws/diagnosis_donors/matched/seed13/artifacts/diagnosis_gmm_fitted_mask5.npz,relational_max,loc_ap,exploratory paired engine-bootstrap difference; training-seed variability is a separate axis,,-0.25946176961420475,-0.15969585586324841,1000,10,-0.20863146958098888,,,
matched/seed13,13,5,logs/ts/ws/diagnosis_donors/matched/seed13/artifacts/diagnosis_mask5.npz,logs/ts/ws/diagnosis_donors/matched/seed13/artifacts/diagnosis_gmm_fitted_mask5.npz,relational_max,end_to_end_unique_top1,exploratory paired engine-bootstrap difference; training-seed variability is a separate axis,,-0.30878543507432205,-0.2343324250681199,1000,10,,-0.27488151658767773,,
matched/seed13,13,6,logs/ts/ws/diagnosis_donors/matched/seed13/artifacts/diagnosis_mask6.npz,logs/ts/ws/diagnosis_donors/matched/seed13/artifacts/diagnosis_gaussian_fitted_mask6.npz,relational_max,auroc,exploratory paired engine-bootstrap difference; training-seed variability is a separate axis,-0.10583207924350302,-0.12138266163740999,-0.08535894572003107,1000,10,,,,
matched/seed13,13,6,logs/ts/ws/diagnosis_donors/matched/seed13/artifacts/diagnosis_mask6.npz,logs/ts/ws/diagnosis_donors/matched/seed13/artifacts/diagnosis_gaussian_fitted_mask6.npz,relational_max,loc_ap,exploratory paired engine-bootstrap difference; training-seed variability is a separate axis,,-0.23156863779025794,-0.168979751024551,1000,10,-0.20214814252067959,,,
matched/seed13,13,6,logs/ts/ws/diagnosis_donors/matched/seed13/artifacts/diagnosis_mask6.npz,logs/ts/ws/diagnosis_donors/matched/seed13/artifacts/diagnosis_gaussian_fitted_mask6.npz,relational_max,end_to_end_unique_top1,exploratory paired engine-bootstrap difference; training-seed variability is a separate axis,,-0.23164090850873076,-0.178081175561969,1000,10,,-0.2061611374407583,,
matched/seed13,13,6,logs/ts/ws/diagnosis_donors/matched/seed13/artifacts/diagnosis_mask6.npz,logs/ts/ws/diagnosis_donors/matched/seed13/artifacts/diagnosis_gmm_fitted_mask6.npz,relational_max,auroc,exploratory paired engine-bootstrap difference; training-seed variability is a separate axis,-0.11030749533927808,-0.128442358722077,-0.08329308530483914,1000,10,,,,
matched/seed13,13,6,logs/ts/ws/diagnosis_donors/matched/seed13/artifacts/diagnosis_mask6.npz,logs/ts/ws/diagnosis_donors/matched/seed13/artifacts/diagnosis_gmm_fitted_mask6.npz,relational_max,loc_ap,exploratory paired engine-bootstrap difference; training-seed variability is a separate axis,,-0.22700164890338895,-0.16342141130645488,1000,10,-0.19559775701401316,,,
matched/seed13,13,6,logs/ts/ws/diagnosis_donors/matched/seed13/artifacts/diagnosis_mask6.npz,logs/ts/ws/diagnosis_donors/matched/seed13/artifacts/diagnosis_gmm_fitted_mask6.npz,relational_max,end_to_end_unique_top1,exploratory paired engine-bootstrap difference; training-seed variability is a separate axis,,-0.16603508434386502,-0.08983154088489534,1000,10,,-0.12796208530805692,,
matched/seed13,13,7,logs/ts/ws/diagnosis_donors/matched/seed13/artifacts/diagnosis_mask7.npz,logs/ts/ws/diagnosis_donors/matched/seed13/artifacts/diagnosis_gaussian_fitted_mask7.npz,relational_max,auroc,exploratory paired engine-bootstrap difference; training-seed variability is a separate axis,0.0,0.0,0.0,1000,10,,,,
matched/seed13,13,7,diagnosis_mask7.npz,diagnosis_gaussian_fitted_mask7.npz,relational_max,loc_ap,,,,,,,,,True,no bootstrap replicate produced a defined statistic
matched/seed13,13,7,logs/ts/ws/diagnosis_donors/matched/seed13/artifacts/diagnosis_mask7.npz,logs/ts/ws/diagnosis_donors/matched/seed13/artifacts/diagnosis_gaussian_fitted_mask7.npz,relational_max,end_to_end_unique_top1,exploratory paired engine-bootstrap difference; training-seed variability is a separate axis,,0.0,0.0,1000,10,,0.0,,
matched/seed13,13,7,logs/ts/ws/diagnosis_donors/matched/seed13/artifacts/diagnosis_mask7.npz,logs/ts/ws/diagnosis_donors/matched/seed13/artifacts/diagnosis_gmm_fitted_mask7.npz,relational_max,auroc,exploratory paired engine-bootstrap difference; training-seed variability is a separate axis,0.0,0.0,0.0,1000,10,,,,
matched/seed13,13,7,diagnosis_mask7.npz,diagnosis_gmm_fitted_mask7.npz,relational_max,loc_ap,,,,,,,,,True,no bootstrap replicate produced a defined statistic
matched/seed13,13,7,logs/ts/ws/diagnosis_donors/matched/seed13/artifacts/diagnosis_mask7.npz,logs/ts/ws/diagnosis_donors/matched/seed13/artifacts/diagnosis_gmm_fitted_mask7.npz,relational_max,end_to_end_unique_top1,exploratory paired engine-bootstrap difference; training-seed variability is a separate axis,,0.0,0.0,1000,10,,0.0,,
matched_nearest/seed11,11,0,logs/ts/ws/diagnosis_donors/matched_nearest/seed11/artifacts/diagnosis_mask0.npz,logs/ts/ws/diagnosis_donors/matched_nearest/seed11/artifacts/diagnosis_gaussian_fitted_mask0.npz,relational_max,auroc,exploratory paired engine-bootstrap difference; training-seed variability is a separate axis,-0.14849479402444543,-0.16567330359185267,-0.13040387463995412,1000,10,,,,
matched_nearest/seed11,11,0,logs/ts/ws/diagnosis_donors/matched_nearest/seed11/artifacts/diagnosis_mask0.npz,logs/ts/ws/diagnosis_donors/matched_nearest/seed11/artifacts/diagnosis_gaussian_fitted_mask0.npz,relational_max,loc_ap,exploratory paired engine-bootstrap difference; training-seed variability is a separate axis,,-0.28725170817878737,-0.24356159408422481,1000,10,-0.2645390087650725,,,
matched_nearest/seed11,11,0,logs/ts/ws/diagnosis_donors/matched_nearest/seed11/artifacts/diagnosis_mask0.npz,logs/ts/ws/diagnosis_donors/matched_nearest/seed11/artifacts/diagnosis_gaussian_fitted_mask0.npz,relational_max,end_to_end_unique_top1,exploratory paired engine-bootstrap difference; training-seed variability is a separate axis,,-0.4378442004580358,-0.3312854884501226,1000,10,,-0.38723404255319144,,
matched_nearest/seed11,11,0,logs/ts/ws/diagnosis_donors/matched_nearest/seed11/artifacts/diagnosis_mask0.npz,logs/ts/ws/diagnosis_donors/matched_nearest/seed11/artifacts/diagnosis_gmm_fitted_mask0.npz,relational_max,auroc,exploratory paired engine-bootstrap difference; training-seed variability is a separate axis,-0.13822770484382074,-0.17014774839487684,-0.1047338933565279,1000,10,,,,
matched_nearest/seed11,11,0,logs/ts/ws/diagnosis_donors/matched_nearest/seed11/artifacts/diagnosis_mask0.npz,logs/ts/ws/diagnosis_donors/matched_nearest/seed11/artifacts/diagnosis_gmm_fitted_mask0.npz,relational_max,loc_ap,exploratory paired engine-bootstrap difference; training-seed variability is a separate axis,,-0.2832464963355076,-0.23828485134100577,1000,10,-0.2629702056218014,,,
matched_nearest/seed11,11,0,logs/ts/ws/diagnosis_donors/matched_nearest/seed11/artifacts/diagnosis_mask0.npz,logs/ts/ws/diagnosis_donors/matched_nearest/seed11/artifacts/diagnosis_gmm_fitted_mask0.npz,relational_max,end_to_end_unique_top1,exploratory paired engine-bootstrap difference; training-seed variability is a separate axis,,-0.26938835138173856,-0.14806486945636624,1000,10,,-0.2106382978723404,,
matched_nearest/seed11,11,1,logs/ts/ws/diagnosis_donors/matched_nearest/seed11/artifacts/diagnosis_mask1.npz,logs/ts/ws/diagnosis_donors/matched_nearest/seed11/artifacts/diagnosis_gaussian_fitted_mask1.npz,relational_max,auroc,exploratory paired engine-bootstrap difference; training-seed variability is a separate axis,-0.14217292892711642,-0.16226937019469617,-0.1241939447990935,1000,10,,,,
matched_nearest/seed11,11,1,logs/ts/ws/diagnosis_donors/matched_nearest/seed11/artifacts/diagnosis_mask1.npz,logs/ts/ws/diagnosis_donors/matched_nearest/seed11/artifacts/diagnosis_gaussian_fitted_mask1.npz,relational_max,loc_ap,exploratory paired engine-bootstrap difference; training-seed variability is a separate axis,,-0.29566323308254355,-0.24265094208439442,1000,10,-0.268956527958721,,,
matched_nearest/seed11,11,1,logs/ts/ws/diagnosis_donors/matched_nearest/seed11/artifacts/diagnosis_mask1.npz,logs/ts/ws/diagnosis_donors/matched_nearest/seed11/artifacts/diagnosis_gaussian_fitted_mask1.npz,relational_max,end_to_end_unique_top1,exploratory paired engine-bootstrap difference; training-seed variability is a separate axis,,-0.4389259203151038,-0.34190895070543215,1000,10,,-0.39148936170212767,,
matched_nearest/seed11,11,1,logs/ts/ws/diagnosis_donors/matched_nearest/seed11/artifacts/diagnosis_mask1.npz,logs/ts/ws/diagnosis_donors/matched_nearest/seed11/artifacts/diagnosis_gmm_fitted_mask1.npz,relational_max,auroc,exploratory paired engine-bootstrap difference; training-seed variability is a separate axis,-0.1343458578542327,-0.15655351471627854,-0.1127651450513707,1000,10,,,,
matched_nearest/seed11,11,1,logs/ts/ws/diagnosis_donors/matched_nearest/seed11/artifacts/diagnosis_mask1.npz,logs/ts/ws/diagnosis_donors/matched_nearest/seed11/artifacts/diagnosis_gmm_fitted_mask1.npz,relational_max,loc_ap,exploratory paired engine-bootstrap difference; training-seed variability is a separate axis,,-0.2930274489382804,-0.2457671675628229,1000,10,-0.26981789531131645,,,
matched_nearest/seed11,11,1,logs/ts/ws/diagnosis_donors/matched_nearest/seed11/artifacts/diagnosis_mask1.npz,logs/ts/ws/diagnosis_donors/matched_nearest/seed11/artifacts/diagnosis_gmm_fitted_mask1.npz,relational_max,end_to_end_unique_top1,exploratory paired engine-bootstrap difference; training-seed variability is a separate axis,,-0.3202429781246682,-0.18987728004291848,1000,10,,-0.2574468085106383,,
matched_nearest/seed11,11,2,logs/ts/ws/diagnosis_donors/matched_nearest/seed11/artifacts/diagnosis_mask2.npz,logs/ts/ws/diagnosis_donors/matched_nearest/seed11/artifacts/diagnosis_gaussian_fitted_mask2.npz,relational_max,auroc,exploratory paired engine-bootstrap difference; training-seed variability is a separate axis,-0.15075373472159348,-0.1726470543703213,-0.1241083505226946,1000,10,,,,
matched_nearest/seed11,11,2,logs/ts/ws/diagnosis_donors/matched_nearest/seed11/artifacts/diagnosis_mask2.npz,logs/ts/ws/diagnosis_donors/matched_nearest/seed11/artifacts/diagnosis_gaussian_fitted_mask2.npz,relational_max,loc_ap,exploratory paired engine-bootstrap difference; training-seed variability is a separate axis,,-0.2557595695531225,-0.21666119834772593,1000,10,-0.2367330148090518,,,
matched_nearest/seed11,11,2,logs/ts/ws/diagnosis_donors/matched_nearest/seed11/artifacts/diagnosis_mask2.npz,logs/ts/ws/diagnosis_donors/matched_nearest/seed11/artifacts/diagnosis_gaussian_fitted_mask2.npz,relational_max,end_to_end_unique_top1,exploratory paired engine-bootstrap difference; training-seed variability is a separate axis,,-0.42976710022164566,-0.3290827972608425,1000,10,,-0.38297872340425526,,
matched_nearest/seed11,11,2,logs/ts/ws/diagnosis_donors/matched_nearest/seed11/artifacts/diagnosis_mask2.npz,logs/ts/ws/diagnosis_donors/matched_nearest/seed11/artifacts/diagnosis_gmm_fitted_mask2.npz,relational_max,auroc,exploratory paired engine-bootstrap difference; training-seed variability is a separate axis,-0.15327071072883658,-0.17954744493741412,-0.12103442912669966,1000,10,,,,
matched_nearest/seed11,11,2,logs/ts/ws/diagnosis_donors/matched_nearest/seed11/artifacts/diagnosis_mask2.npz,logs/ts/ws/diagnosis_donors/matched_nearest/seed11/artifacts/diagnosis_gmm_fitted_mask2.npz,relational_max,loc_ap,exploratory paired engine-bootstrap difference; training-seed variability is a separate axis,,-0.2633080500688426,-0.21686397022108084,1000,10,-0.239578005200125,,,
matched_nearest/seed11,11,2,logs/ts/ws/diagnosis_donors/matched_nearest/seed11/artifacts/diagnosis_mask2.npz,logs/ts/ws/diagnosis_donors/matched_nearest/seed11/artifacts/diagnosis_gmm_fitted_mask2.npz,relational_max,end_to_end_unique_top1,exploratory paired engine-bootstrap difference; training-seed variability is a separate axis,,-0.3321904104995198,-0.21361890468022546,1000,10,,-0.27872340425531916,,
matched_nearest/seed11,11,3,logs/ts/ws/diagnosis_donors/matched_nearest/seed11/artifacts/diagnosis_mask3.npz,logs/ts/ws/diagnosis_donors/matched_nearest/seed11/artifacts/diagnosis_gaussian_fitted_mask3.npz,relational_max,auroc,exploratory paired engine-bootstrap difference; training-seed variability is a separate axis,-0.15780669986419193,-0.17847903377145097,-0.13654223066562376,1000,10,,,,
matched_nearest/seed11,11,3,logs/ts/ws/diagnosis_donors/matched_nearest/seed11/artifacts/diagnosis_mask3.npz,logs/ts/ws/diagnosis_donors/matched_nearest/seed11/artifacts/diagnosis_gaussian_fitted_mask3.npz,relational_max,loc_ap,exploratory paired engine-bootstrap difference; training-seed variability is a separate axis,,-0.2583779168901773,-0.21016792641575277,1000,10,-0.23534246575342466,,,
matched_nearest/seed11,11,3,logs/ts/ws/diagnosis_donors/matched_nearest/seed11/artifacts/diagnosis_mask3.npz,logs/ts/ws/diagnosis_donors/matched_nearest/seed11/artifacts/diagnosis_gaussian_fitted_mask3.npz,relational_max,end_to_end_unique_top1,exploratory paired engine-bootstrap difference; training-seed variability is a separate axis,,-0.3640394736842105,-0.29273752412346166,1000,10,,-0.325531914893617,,
matched_nearest/seed11,11,3,logs/ts/ws/diagnosis_donors/matched_nearest/seed11/artifacts/diagnosis_mask3.npz,logs/ts/ws/diagnosis_donors/matched_nearest/seed11/artifacts/diagnosis_gmm_fitted_mask3.npz,relational_max,auroc,exploratory paired engine-bootstrap difference; training-seed variability is a separate axis,-0.15946355817111824,-0.18212149160214974,-0.13682405358618824,1000,10,,,,
matched_nearest/seed11,11,3,logs/ts/ws/diagnosis_donors/matched_nearest/seed11/artifacts/diagnosis_mask3.npz,logs/ts/ws/diagnosis_donors/matched_nearest/seed11/artifacts/diagnosis_gmm_fitted_mask3.npz,relational_max,loc_ap,exploratory paired engine-bootstrap difference; training-seed variability is a separate axis,,-0.2531652189437739,-0.2101458730432592,1000,10,-0.2314731463361599,,,
matched_nearest/seed11,11,3,logs/ts/ws/diagnosis_donors/matched_nearest/seed11/artifacts/diagnosis_mask3.npz,logs/ts/ws/diagnosis_donors/matched_nearest/seed11/artifacts/diagnosis_gmm_fitted_mask3.npz,relational_max,end_to_end_unique_top1,exploratory paired engine-bootstrap difference; training-seed variability is a separate axis,,-0.37979704290412936,-0.3227160430847265,1000,10,,-0.34893617021276596,,
matched_nearest/seed11,11,4,logs/ts/ws/diagnosis_donors/matched_nearest/seed11/artifacts/diagnosis_mask4.npz,logs/ts/ws/diagnosis_donors/matched_nearest/seed11/artifacts/diagnosis_gaussian_fitted_mask4.npz,relational_max,auroc,exploratory paired engine-bootstrap difference; training-seed variability is a separate axis,-0.13273200543232233,-0.16971941494460047,-0.0963842507048635,1000,10,,,,
matched_nearest/seed11,11,4,logs/ts/ws/diagnosis_donors/matched_nearest/seed11/artifacts/diagnosis_mask4.npz,logs/ts/ws/diagnosis_donors/matched_nearest/seed11/artifacts/diagnosis_gaussian_fitted_mask4.npz,relational_max,loc_ap,exploratory paired engine-bootstrap difference; training-seed variability is a separate axis,,-0.27438331274006195,-0.20091491207430529,1000,10,-0.23834505018349034,,,
matched_nearest/seed11,11,4,logs/ts/ws/diagnosis_donors/matched_nearest/seed11/artifacts/diagnosis_mask4.npz,logs/ts/ws/diagnosis_donors/matched_nearest/seed11/artifacts/diagnosis_gaussian_fitted_mask4.npz,relational_max,end_to_end_unique_top1,exploratory paired engine-bootstrap difference; training-seed variability is a separate axis,,-0.43550390162335395,-0.36165328068679803,1000,10,,-0.4,,
matched_nearest/seed11,11,4,logs/ts/ws/diagnosis_donors/matched_nearest/seed11/artifacts/diagnosis_mask4.npz,logs/ts/ws/diagnosis_donors/matched_nearest/seed11/artifacts/diagnosis_gmm_fitted_mask4.npz,relational_max,auroc,exploratory paired engine-bootstrap difference; training-seed variability is a separate axis,-0.13025577184246262,-0.16226786481049668,-0.09941456000362432,1000,10,,,,
matched_nearest/seed11,11,4,logs/ts/ws/diagnosis_donors/matched_nearest/seed11/artifacts/diagnosis_mask4.npz,logs/ts/ws/diagnosis_donors/matched_nearest/seed11/artifacts/diagnosis_gmm_fitted_mask4.npz,relational_max,loc_ap,exploratory paired engine-bootstrap difference; training-seed variability is a separate axis,,-0.277345584841527,-0.20606416533198044,1000,10,-0.24138988371578912,,,
matched_nearest/seed11,11,4,logs/ts/ws/diagnosis_donors/matched_nearest/seed11/artifacts/diagnosis_mask4.npz,logs/ts/ws/diagnosis_donors/matched_nearest/seed11/artifacts/diagnosis_gmm_fitted_mask4.npz,relational_max,end_to_end_unique_top1,exploratory paired engine-bootstrap difference; training-seed variability is a separate axis,,-0.4340887251761691,-0.34127786650396874,1000,10,,-0.3872340425531915,,
matched_nearest/seed11,11,5,logs/ts/ws/diagnosis_donors/matched_nearest/seed11/artifacts/diagnosis_mask5.npz,logs/ts/ws/diagnosis_donors/matched_nearest/seed11/artifacts/diagnosis_gaussian_fitted_mask5.npz,relational_max,auroc,exploratory paired engine-bootstrap difference; training-seed variability is a separate axis,-0.13875056586690815,-0.16436832428944603,-0.11584061127789984,1000,10,,,,
matched_nearest/seed11,11,5,logs/ts/ws/diagnosis_donors/matched_nearest/seed11/artifacts/diagnosis_mask5.npz,logs/ts/ws/diagnosis_donors/matched_nearest/seed11/artifacts/diagnosis_gaussian_fitted_mask5.npz,relational_max,loc_ap,exploratory paired engine-bootstrap difference; training-seed variability is a separate axis,,-0.2967435565130755,-0.2543199290086015,1000,10,-0.2749926563852003,,,
matched_nearest/seed11,11,5,logs/ts/ws/diagnosis_donors/matched_nearest/seed11/artifacts/diagnosis_mask5.npz,logs/ts/ws/diagnosis_donors/matched_nearest/seed11/artifacts/diagnosis_gaussian_fitted_mask5.npz,relational_max,end_to_end_unique_top1,exploratory paired engine-bootstrap difference; training-seed variability is a separate axis,,-0.43903934652554066,-0.3409623011642288,1000,10,,-0.3936170212765957,,
matched_nearest/seed11,11,5,logs/ts/ws/diagnosis_donors/matched_nearest/seed11/artifacts/diagnosis_mask5.npz,logs/ts/ws/diagnosis_donors/matched_nearest/seed11/artifacts/diagnosis_gmm_fitted_mask5.npz,relational_max,auroc,exploratory paired engine-bootstrap difference; training-seed variability is a separate axis,-0.14046174739701223,-0.1682163504170417,-0.11691559057744674,1000,10,,,,
matched_nearest/seed11,11,5,logs/ts/ws/diagnosis_donors/matched_nearest/seed11/artifacts/diagnosis_mask5.npz,logs/ts/ws/diagnosis_donors/matched_nearest/seed11/artifacts/diagnosis_gmm_fitted_mask5.npz,relational_max,loc_ap,exploratory paired engine-bootstrap difference; training-seed variability is a separate axis,,-0.2980580298760292,-0.2510024475265384,1000,10,-0.274511656512753,,,
matched_nearest/seed11,11,5,logs/ts/ws/diagnosis_donors/matched_nearest/seed11/artifacts/diagnosis_mask5.npz,logs/ts/ws/diagnosis_donors/matched_nearest/seed11/artifacts/diagnosis_gmm_fitted_mask5.npz,relational_max,end_to_end_unique_top1,exploratory paired engine-bootstrap difference; training-seed variability is a separate axis,,-0.436255248306594,-0.3375189636634116,1000,10,,-0.3893617021276595,,
matched_nearest/seed11,11,6,logs/ts/ws/diagnosis_donors/matched_nearest/seed11/artifacts/diagnosis_mask6.npz,logs/ts/ws/diagnosis_donors/matched_nearest/seed11/artifacts/diagnosis_gaussian_fitted_mask6.npz,relational_max,auroc,exploratory paired engine-bootstrap difference; training-seed variability is a separate axis,-0.11281801720235407,-0.1357322474451907,-0.09478969244656582,1000,10,,,,
matched_nearest/seed11,11,6,logs/ts/ws/diagnosis_donors/matched_nearest/seed11/artifacts/diagnosis_mask6.npz,logs/ts/ws/diagnosis_donors/matched_nearest/seed11/artifacts/diagnosis_gaussian_fitted_mask6.npz,relational_max,loc_ap,exploratory paired engine-bootstrap difference; training-seed variability is a separate axis,,-0.29206635538582315,-0.23002948638780624,1000,10,-0.25920333444169363,,,
matched_nearest/seed11,11,6,logs/ts/ws/diagnosis_donors/matched_nearest/seed11/artifacts/diagnosis_mask6.npz,logs/ts/ws/diagnosis_donors/matched_nearest/seed11/artifacts/diagnosis_gaussian_fitted_mask6.npz,relational_max,end_to_end_unique_top1,exploratory paired engine-bootstrap difference; training-seed variability is a separate axis,,-0.42231289696375734,-0.3191688988095238,1000,10,,-0.3702127659574468,,
matched_nearest/seed11,11,6,logs/ts/ws/diagnosis_donors/matched_nearest/seed11/artifacts/diagnosis_mask6.npz,logs/ts/ws/diagnosis_donors/matched_nearest/seed11/artifacts/diagnosis_gmm_fitted_mask6.npz,relational_max,auroc,exploratory paired engine-bootstrap difference; training-seed variability is a separate axis,-0.10073110004526942,-0.12130350626673568,-0.07599345833380829,1000,10,,,,
matched_nearest/seed11,11,6,logs/ts/ws/diagnosis_donors/matched_nearest/seed11/artifacts/diagnosis_mask6.npz,logs/ts/ws/diagnosis_donors/matched_nearest/seed11/artifacts/diagnosis_gmm_fitted_mask6.npz,relational_max,loc_ap,exploratory paired engine-bootstrap difference; training-seed variability is a separate axis,,-0.27544788061096276,-0.23540719711258667,1000,10,-0.25653767908202507,,,
matched_nearest/seed11,11,6,logs/ts/ws/diagnosis_donors/matched_nearest/seed11/artifacts/diagnosis_mask6.npz,logs/ts/ws/diagnosis_donors/matched_nearest/seed11/artifacts/diagnosis_gmm_fitted_mask6.npz,relational_max,end_to_end_unique_top1,exploratory paired engine-bootstrap difference; training-seed variability is a separate axis,,-0.2612628307750259,-0.14550144300144296,1000,10,,-0.2042553191489362,,
matched_nearest/seed11,11,7,logs/ts/ws/diagnosis_donors/matched_nearest/seed11/artifacts/diagnosis_mask7.npz,logs/ts/ws/diagnosis_donors/matched_nearest/seed11/artifacts/diagnosis_gaussian_fitted_mask7.npz,relational_max,auroc,exploratory paired engine-bootstrap difference; training-seed variability is a separate axis,0.0,0.0,0.0,1000,10,,,,
matched_nearest/seed11,11,7,diagnosis_mask7.npz,diagnosis_gaussian_fitted_mask7.npz,relational_max,loc_ap,,,,,,,,,True,no bootstrap replicate produced a defined statistic
matched_nearest/seed11,11,7,logs/ts/ws/diagnosis_donors/matched_nearest/seed11/artifacts/diagnosis_mask7.npz,logs/ts/ws/diagnosis_donors/matched_nearest/seed11/artifacts/diagnosis_gaussian_fitted_mask7.npz,relational_max,end_to_end_unique_top1,exploratory paired engine-bootstrap difference; training-seed variability is a separate axis,,0.0,0.0,1000,10,,0.0,,
matched_nearest/seed11,11,7,logs/ts/ws/diagnosis_donors/matched_nearest/seed11/artifacts/diagnosis_mask7.npz,logs/ts/ws/diagnosis_donors/matched_nearest/seed11/artifacts/diagnosis_gmm_fitted_mask7.npz,relational_max,auroc,exploratory paired engine-bootstrap difference; training-seed variability is a separate axis,0.0,0.0,0.0,1000,10,,,,
matched_nearest/seed11,11,7,diagnosis_mask7.npz,diagnosis_gmm_fitted_mask7.npz,relational_max,loc_ap,,,,,,,,,True,no bootstrap replicate produced a defined statistic
matched_nearest/seed11,11,7,logs/ts/ws/diagnosis_donors/matched_nearest/seed11/artifacts/diagnosis_mask7.npz,logs/ts/ws/diagnosis_donors/matched_nearest/seed11/artifacts/diagnosis_gmm_fitted_mask7.npz,relational_max,end_to_end_unique_top1,exploratory paired engine-bootstrap difference; training-seed variability is a separate axis,,0.0,0.0,1000,10,,0.0,,
matched_nearest/seed12,12,0,logs/ts/ws/diagnosis_donors/matched_nearest/seed12/artifacts/diagnosis_mask0.npz,logs/ts/ws/diagnosis_donors/matched_nearest/seed12/artifacts/diagnosis_gaussian_fitted_mask0.npz,relational_max,auroc,exploratory paired engine-bootstrap difference; training-seed variability is a separate axis,-0.12211932065611841,-0.15030101700368567,-0.08961333807828942,1000,10,,,,
matched_nearest/seed12,12,0,logs/ts/ws/diagnosis_donors/matched_nearest/seed12/artifacts/diagnosis_mask0.npz,logs/ts/ws/diagnosis_donors/matched_nearest/seed12/artifacts/diagnosis_gaussian_fitted_mask0.npz,relational_max,loc_ap,exploratory paired engine-bootstrap difference; training-seed variability is a separate axis,,-0.2775191507128794,-0.23767442803042974,1000,10,-0.26066980052522204,,,
matched_nearest/seed12,12,0,logs/ts/ws/diagnosis_donors/matched_nearest/seed12/artifacts/diagnosis_mask0.npz,logs/ts/ws/diagnosis_donors/matched_nearest/seed12/artifacts/diagnosis_gaussian_fitted_mask0.npz,relational_max,end_to_end_unique_top1,exploratory paired engine-bootstrap difference; training-seed variability is a separate axis,,-0.45619719232078787,-0.37104405034324944,1000,10,,-0.416867469879518,,
matched_nearest/seed12,12,0,logs/ts/ws/diagnosis_donors/matched_nearest/seed12/artifacts/diagnosis_mask0.npz,logs/ts/ws/diagnosis_donors/matched_nearest/seed12/artifacts/diagnosis_gmm_fitted_mask0.npz,relational_max,auroc,exploratory paired engine-bootstrap difference; training-seed variability is a separate axis,-0.11720714182029313,-0.14977195610563654,-0.07274387807537411,1000,10,,,,
matched_nearest/seed12,12,0,logs/ts/ws/diagnosis_donors/matched_nearest/seed12/artifacts/diagnosis_mask0.npz,logs/ts/ws/diagnosis_donors/matched_nearest/seed12/artifacts/diagnosis_gmm_fitted_mask0.npz,relational_max,loc_ap,exploratory paired engine-bootstrap difference; training-seed variability is a separate axis,,-0.29350538713605184,-0.22325739182143764,1000,10,-0.26356533649304725,,,
matched_nearest/seed12,12,0,logs/ts/ws/diagnosis_donors/matched_nearest/seed12/artifacts/diagnosis_mask0.npz,logs/ts/ws/diagnosis_donors/matched_nearest/seed12/artifacts/diagnosis_gmm_fitted_mask0.npz,relational_max,end_to_end_unique_top1,exploratory paired engine-bootstrap difference; training-seed variability is a separate axis,,-0.21389124293785308,-0.12812906627181764,1000,10,,-0.16626506024096382,,
matched_nearest/seed12,12,1,logs/ts/ws/diagnosis_donors/matched_nearest/seed12/artifacts/diagnosis_mask1.npz,logs/ts/ws/diagnosis_donors/matched_nearest/seed12/artifacts/diagnosis_gaussian_fitted_mask1.npz,relational_max,auroc,exploratory paired engine-bootstrap difference; training-seed variability is a separate axis,-0.12719698069385976,-0.14659846044301908,-0.09963742726536098,1000,10,,,,
matched_nearest/seed12,12,1,logs/ts/ws/diagnosis_donors/matched_nearest/seed12/artifacts/diagnosis_mask1.npz,logs/ts/ws/diagnosis_donors/matched_nearest/seed12/artifacts/diagnosis_gaussian_fitted_mask1.npz,relational_max,loc_ap,exploratory paired engine-bootstrap difference; training-seed variability is a separate axis,,-0.2856294916748175,-0.23395080667619778,1000,10,-0.2597342031170915,,,
matched_nearest/seed12,12,1,logs/ts/ws/diagnosis_donors/matched_nearest/seed12/artifacts/diagnosis_mask1.npz,logs/ts/ws/diagnosis_donors/matched_nearest/seed12/artifacts/diagnosis_gaussian_fitted_mask1.npz,relational_max,end_to_end_unique_top1,exploratory paired engine-bootstrap difference; training-seed variability is a separate axis,,-0.48703758169934636,-0.39569430636048397,1000,10,,-0.4457831325301205,,
matched_nearest/seed12,12,1,logs/ts/ws/diagnosis_donors/matched_nearest/seed12/artifacts/diagnosis_mask1.npz,logs/ts/ws/diagnosis_donors/matched_nearest/seed12/artifacts/diagnosis_gmm_fitted_mask1.npz,relational_max,auroc,exploratory paired engine-bootstrap difference; training-seed variability is a separate axis,-0.12100159674843947,-0.1517270179228365,-0.07730438472864873,1000,10,,,,
matched_nearest/seed12,12,1,logs/ts/ws/diagnosis_donors/matched_nearest/seed12/artifacts/diagnosis_mask1.npz,logs/ts/ws/diagnosis_donors/matched_nearest/seed12/artifacts/diagnosis_gmm_fitted_mask1.npz,relational_max,loc_ap,exploratory paired engine-bootstrap difference; training-seed variability is a separate axis,,-0.2876832578099319,-0.2300885640954978,1000,10,-0.2623156168938937,,,
matched_nearest/seed12,12,1,logs/ts/ws/diagnosis_donors/matched_nearest/seed12/artifacts/diagnosis_mask1.npz,logs/ts/ws/diagnosis_donors/matched_nearest/seed12/artifacts/diagnosis_gmm_fitted_mask1.npz,relational_max,end_to_end_unique_top1,exploratory paired engine-bootstrap difference; training-seed variability is a separate axis,,-0.25550120380632096,-0.15730271139948304,1000,10,,-0.19999999999999998,,
matched_nearest/seed12,12,2,logs/ts/ws/diagnosis_donors/matched_nearest/seed12/artifacts/diagnosis_mask2.npz,logs/ts/ws/diagnosis_donors/matched_nearest/seed12/artifacts/diagnosis_gaussian_fitted_mask2.npz,relational_max,auroc,exploratory paired engine-bootstrap difference; training-seed variability is a separate axis,-0.14651763681230945,-0.17194822892329462,-0.1151055924752922,1000,10,,,,
matched_nearest/seed12,12,2,logs/ts/ws/diagnosis_donors/matched_nearest/seed12/artifacts/diagnosis_mask2.npz,logs/ts/ws/diagnosis_donors/matched_nearest/seed12/artifacts/diagnosis_gaussian_fitted_mask2.npz,relational_max,loc_ap,exploratory paired engine-bootstrap difference; training-seed variability is a separate axis,,-0.2610084891225969,-0.22250769807402118,1000,10,-0.24409715110655972,,,
matched_nearest/seed12,12,2,logs/ts/ws/diagnosis_donors/matched_nearest/seed12/artifacts/diagnosis_mask2.npz,logs/ts/ws/diagnosis_donors/matched_nearest/seed12/artifacts/diagnosis_gaussian_fitted_mask2.npz,relational_max,end_to_end_unique_top1,exploratory paired engine-bootstrap difference; training-seed variability is a separate axis,,-0.4352948492829968,-0.3648648648648648,1000,10,,-0.4,,
matched_nearest/seed12,12,2,logs/ts/ws/diagnosis_donors/matched_nearest/seed12/artifacts/diagnosis_mask2.npz,logs/ts/ws/diagnosis_donors/matched_nearest/seed12/artifacts/diagnosis_gmm_fitted_mask2.npz,relational_max,auroc,exploratory paired engine-bootstrap difference; training-seed variability is a separate axis,-0.13984613151400782,-0.17127111161206565,-0.09352774132523833,1000,10,,,,
matched_nearest/seed12,12,2,logs/ts/ws/diagnosis_donors/matched_nearest/seed12/artifacts/diagnosis_mask2.npz,logs/ts/ws/diagnosis_donors/matched_nearest/seed12/artifacts/diagnosis_gmm_fitted_mask2.npz,relational_max,loc_ap,exploratory paired engine-bootstrap difference; training-seed variability is a separate axis,,-0.2674702794049909,-0.21999277903192702,1000,10,-0.24698253981184082,,,
matched_nearest/seed12,12,2,logs/ts/ws/diagnosis_donors/matched_nearest/seed12/artifacts/diagnosis_mask2.npz,logs/ts/ws/diagnosis_donors/matched_nearest/seed12/artifacts/diagnosis_gmm_fitted_mask2.npz,relational_max,end_to_end_unique_top1,exploratory paired engine-bootstrap difference; training-seed variability is a separate axis,,-0.2896743202221792,-0.2041287731150665,1000,10,,-0.24578313253012052,,
matched_nearest/seed12,12,3,logs/ts/ws/diagnosis_donors/matched_nearest/seed12/artifacts/diagnosis_mask3.npz,logs/ts/ws/diagnosis_donors/matched_nearest/seed12/artifacts/diagnosis_gaussian_fitted_mask3.npz,relational_max,auroc,exploratory paired engine-bootstrap difference; training-seed variability is a separate axis,-0.13950065321527072,-0.18300420614099194,-0.10558777925153655,1000,10,,,,
matched_nearest/seed12,12,3,logs/ts/ws/diagnosis_donors/matched_nearest/seed12/artifacts/diagnosis_mask3.npz,logs/ts/ws/diagnosis_donors/matched_nearest/seed12/artifacts/diagnosis_gaussian_fitted_mask3.npz,relational_max,loc_ap,exploratory paired engine-bootstrap difference; training-seed variability is a separate axis,,-0.26458871933476585,-0.16128533684048096,1000,10,-0.2222857939162286,,,
matched_nearest/seed12,12,3,logs/ts/ws/diagnosis_donors/matched_nearest/seed12/artifacts/diagnosis_mask3.npz,logs/ts/ws/diagnosis_donors/matched_nearest/seed12/artifacts/diagnosis_gaussian_fitted_mask3.npz,relational_max,end_to_end_unique_top1,exploratory paired engine-bootstrap difference; training-seed variability is a separate axis,,-0.37958293817312566,-0.2839869829547574,1000,10,,-0.3373493975903614,,
matched_nearest/seed12,12,3,logs/ts/ws/diagnosis_donors/matched_nearest/seed12/artifacts/diagnosis_mask3.npz,logs/ts/ws/diagnosis_donors/matched_nearest/seed12/artifacts/diagnosis_gmm_fitted_mask3.npz,relational_max,auroc,exploratory paired engine-bootstrap difference; training-seed variability is a separate axis,-0.14217157787777612,-0.17674416764583362,-0.10738484367994797,1000,10,,,,
matched_nearest/seed12,12,3,logs/ts/ws/diagnosis_donors/matched_nearest/seed12/artifacts/diagnosis_mask3.npz,logs/ts/ws/diagnosis_donors/matched_nearest/seed12/artifacts/diagnosis_gmm_fitted_mask3.npz,relational_max,loc_ap,exploratory paired engine-bootstrap difference; training-seed variability is a separate axis,,-0.253077913591636,-0.16265414807280826,1000,10,-0.2172611084567606,,,
matched_nearest/seed12,12,3,logs/ts/ws/diagnosis_donors/matched_nearest/seed12/artifacts/diagnosis_mask3.npz,logs/ts/ws/diagnosis_donors/matched_nearest/seed12/artifacts/diagnosis_gmm_fitted_mask3.npz,relational_max,end_to_end_unique_top1,exploratory paired engine-bootstrap difference; training-seed variability is a separate axis,,-0.38318844741467833,-0.29493133583021225,1000,10,,-0.3421686746987952,,
matched_nearest/seed12,12,4,logs/ts/ws/diagnosis_donors/matched_nearest/seed12/artifacts/diagnosis_mask4.npz,logs/ts/ws/diagnosis_donors/matched_nearest/seed12/artifacts/diagnosis_gaussian_fitted_mask4.npz,relational_max,auroc,exploratory paired engine-bootstrap difference; training-seed variability is a separate axis,-0.12046450863695746,-0.14115214551481078,-0.09874566308433515,1000,10,,,,
matched_nearest/seed12,12,4,logs/ts/ws/diagnosis_donors/matched_nearest/seed12/artifacts/diagnosis_mask4.npz,logs/ts/ws/diagnosis_donors/matched_nearest/seed12/artifacts/diagnosis_gaussian_fitted_mask4.npz,relational_max,loc_ap,exploratory paired engine-bootstrap difference; training-seed variability is a separate axis,,-0.27724029195011335,-0.22258533443805475,1000,10,-0.24757653061224494,,,
matched_nearest/seed12,12,4,logs/ts/ws/diagnosis_donors/matched_nearest/seed12/artifacts/diagnosis_mask4.npz,logs/ts/ws/diagnosis_donors/matched_nearest/seed12/artifacts/diagnosis_gaussian_fitted_mask4.npz,relational_max,end_to_end_unique_top1,exploratory paired engine-bootstrap difference; training-seed variability is a separate axis,,-0.3689756135445791,-0.2765919087561375,1000,10,,-0.3156626506024096,,
matched_nearest/seed12,12,4,logs/ts/ws/diagnosis_donors/matched_nearest/seed12/artifacts/diagnosis_mask4.npz,logs/ts/ws/diagnosis_donors/matched_nearest/seed12/artifacts/diagnosis_gmm_fitted_mask4.npz,relational_max,auroc,exploratory paired engine-bootstrap difference; training-seed variability is a separate axis,-0.12164900566119896,-0.14458761313427354,-0.09381868875812391,1000,10,,,,
matched_nearest/seed12,12,4,logs/ts/ws/diagnosis_donors/matched_nearest/seed12/artifacts/diagnosis_mask4.npz,logs/ts/ws/diagnosis_donors/matched_nearest/seed12/artifacts/diagnosis_gmm_fitted_mask4.npz,relational_max,loc_ap,exploratory paired engine-bootstrap difference; training-seed variability is a separate axis,,-0.2802856405212324,-0.21956649350431617,1000,10,-0.2505024737167595,,,
matched_nearest/seed12,12,4,logs/ts/ws/diagnosis_donors/matched_nearest/seed12/artifacts/diagnosis_mask4.npz,logs/ts/ws/diagnosis_donors/matched_nearest/seed12/artifacts/diagnosis_gmm_fitted_mask4.npz,relational_max,end_to_end_unique_top1,exploratory paired engine-bootstrap difference; training-seed variability is a separate axis,,-0.2812523891437309,-0.17675544794188863,1000,10,,-0.22650602409638557,,
matched_nearest/seed12,12,5,logs/ts/ws/diagnosis_donors/matched_nearest/seed12/artifacts/diagnosis_mask5.npz,logs/ts/ws/diagnosis_donors/matched_nearest/seed12/artifacts/diagnosis_gaussian_fitted_mask5.npz,relational_max,auroc,exploratory paired engine-bootstrap difference; training-seed variability is a separate axis,-0.13151400783858325,-0.1586463384524339,-0.10328482390361807,1000,10,,,,
matched_nearest/seed12,12,5,logs/ts/ws/diagnosis_donors/matched_nearest/seed12/artifacts/diagnosis_mask5.npz,logs/ts/ws/diagnosis_donors/matched_nearest/seed12/artifacts/diagnosis_gaussian_fitted_mask5.npz,relational_max,loc_ap,exploratory paired engine-bootstrap difference; training-seed variability is a separate axis,,-0.2942017407980344,-0.23967874014827864,1000,10,-0.27097974476957326,,,
matched_nearest/seed12,12,5,logs/ts/ws/diagnosis_donors/matched_nearest/seed12/artifacts/diagnosis_mask5.npz,logs/ts/ws/diagnosis_donors/matched_nearest/seed12/artifacts/diagnosis_gaussian_fitted_mask5.npz,relational_max,end_to_end_unique_top1,exploratory paired engine-bootstrap difference; training-seed variability is a separate axis,,-0.4627939639404233,-0.384826058772688,1000,10,,-0.42650602409638555,,
matched_nearest/seed12,12,5,logs/ts/ws/diagnosis_donors/matched_nearest/seed12/artifacts/diagnosis_mask5.npz,logs/ts/ws/diagnosis_donors/matched_nearest/seed12/artifacts/diagnosis_gmm_fitted_mask5.npz,relational_max,auroc,exploratory paired engine-bootstrap difference; training-seed variability is a separate axis,-0.13622296414573964,-0.16315467083708282,-0.10236836839375363,1000,10,,,,
matched_nearest/seed12,12,5,logs/ts/ws/diagnosis_donors/matched_nearest/seed12/artifacts/diagnosis_mask5.npz,logs/ts/ws/diagnosis_donors/matched_nearest/seed12/artifacts/diagnosis_gmm_fitted_mask5.npz,relational_max,loc_ap,exploratory paired engine-bootstrap difference; training-seed variability is a separate axis,,-0.3005438332833662,-0.22671937258155753,1000,10,-0.26507819839927677,,,
matched_nearest/seed12,12,5,logs/ts/ws/diagnosis_donors/matched_nearest/seed12/artifacts/diagnosis_mask5.npz,logs/ts/ws/diagnosis_donors/matched_nearest/seed12/artifacts/diagnosis_gmm_fitted_mask5.npz,relational_max,end_to_end_unique_top1,exploratory paired engine-bootstrap difference; training-seed variability is a separate axis,,-0.45343345671601976,-0.3775098029952284,1000,10,,-0.41927710843373495,,
matched_nearest/seed12,12,6,logs/ts/ws/diagnosis_donors/matched_nearest/seed12/artifacts/diagnosis_mask6.npz,logs/ts/ws/diagnosis_donors/matched_nearest/seed12/artifacts/diagnosis_gaussian_fitted_mask6.npz,relational_max,auroc,exploratory paired engine-bootstrap difference; training-seed variability is a separate axis,-0.11923065757003914,-0.13446130556803734,-0.09045040487871765,1000,10,,,,
matched_nearest/seed12,12,6,logs/ts/ws/diagnosis_donors/matched_nearest/seed12/artifacts/diagnosis_mask6.npz,logs/ts/ws/diagnosis_donors/matched_nearest/seed12/artifacts/diagnosis_gaussian_fitted_mask6.npz,relational_max,loc_ap,exploratory paired engine-bootstrap difference; training-seed variability is a separate axis,,-0.28233763764038244,-0.22714246162677024,1000,10,-0.2586518376792691,,,
matched_nearest/seed12,12,6,logs/ts/ws/diagnosis_donors/matched_nearest/seed12/artifacts/diagnosis_mask6.npz,logs/ts/ws/diagnosis_donors/matched_nearest/seed12/artifacts/diagnosis_gaussian_fitted_mask6.npz,relational_max,end_to_end_unique_top1,exploratory paired engine-bootstrap difference; training-seed variability is a separate axis,,-0.3333333333333333,-0.23639268031580363,1000,10,,-0.29156626506024097,,
matched_nearest/seed12,12,6,logs/ts/ws/diagnosis_donors/matched_nearest/seed12/artifacts/diagnosis_mask6.npz,logs/ts/ws/diagnosis_donors/matched_nearest/seed12/artifacts/diagnosis_gmm_fitted_mask6.npz,relational_max,auroc,exploratory paired engine-bootstrap difference; training-seed variability is a separate axis,-0.12453186238931624,-0.15492491962408564,-0.07875231254639775,1000,10,,,,
matched_nearest/seed12,12,6,logs/ts/ws/diagnosis_donors/matched_nearest/seed12/artifacts/diagnosis_mask6.npz,logs/ts/ws/diagnosis_donors/matched_nearest/seed12/artifacts/diagnosis_gmm_fitted_mask6.npz,relational_max,loc_ap,exploratory paired engine-bootstrap difference; training-seed variability is a separate axis,,-0.3024947719363144,-0.2082934572254704,1000,10,-0.26357142118987503,,,
matched_nearest/seed12,12,6,logs/ts/ws/diagnosis_donors/matched_nearest/seed12/artifacts/diagnosis_mask6.npz,logs/ts/ws/diagnosis_donors/matched_nearest/seed12/artifacts/diagnosis_gmm_fitted_mask6.npz,relational_max,end_to_end_unique_top1,exploratory paired engine-bootstrap difference; training-seed variability is a separate axis,,-0.10352131845289649,-0.043587893070181884,1000,10,,-0.07710843373493981,,
matched_nearest/seed12,12,7,logs/ts/ws/diagnosis_donors/matched_nearest/seed12/artifacts/diagnosis_mask7.npz,logs/ts/ws/diagnosis_donors/matched_nearest/seed12/artifacts/diagnosis_gaussian_fitted_mask7.npz,relational_max,auroc,exploratory paired engine-bootstrap difference; training-seed variability is a separate axis,0.0,0.0,0.0,1000,10,,,,
matched_nearest/seed12,12,7,diagnosis_mask7.npz,diagnosis_gaussian_fitted_mask7.npz,relational_max,loc_ap,,,,,,,,,True,no bootstrap replicate produced a defined statistic
matched_nearest/seed12,12,7,logs/ts/ws/diagnosis_donors/matched_nearest/seed12/artifacts/diagnosis_mask7.npz,logs/ts/ws/diagnosis_donors/matched_nearest/seed12/artifacts/diagnosis_gaussian_fitted_mask7.npz,relational_max,end_to_end_unique_top1,exploratory paired engine-bootstrap difference; training-seed variability is a separate axis,,0.0,0.0,1000,10,,0.0,,
matched_nearest/seed12,12,7,logs/ts/ws/diagnosis_donors/matched_nearest/seed12/artifacts/diagnosis_mask7.npz,logs/ts/ws/diagnosis_donors/matched_nearest/seed12/artifacts/diagnosis_gmm_fitted_mask7.npz,relational_max,auroc,exploratory paired engine-bootstrap difference; training-seed variability is a separate axis,0.0,0.0,0.0,1000,10,,,,
matched_nearest/seed12,12,7,diagnosis_mask7.npz,diagnosis_gmm_fitted_mask7.npz,relational_max,loc_ap,,,,,,,,,True,no bootstrap replicate produced a defined statistic
matched_nearest/seed12,12,7,logs/ts/ws/diagnosis_donors/matched_nearest/seed12/artifacts/diagnosis_mask7.npz,logs/ts/ws/diagnosis_donors/matched_nearest/seed12/artifacts/diagnosis_gmm_fitted_mask7.npz,relational_max,end_to_end_unique_top1,exploratory paired engine-bootstrap difference; training-seed variability is a separate axis,,0.0,0.0,1000,10,,0.0,,
matched_nearest/seed13,13,0,logs/ts/ws/diagnosis_donors/matched_nearest/seed13/artifacts/diagnosis_mask0.npz,logs/ts/ws/diagnosis_donors/matched_nearest/seed13/artifacts/diagnosis_gaussian_fitted_mask0.npz,relational_max,auroc,exploratory paired engine-bootstrap difference; training-seed variability is a separate axis,-0.13934435434963277,-0.1560875597353703,-0.11567714218055462,1000,10,,,,
matched_nearest/seed13,13,0,logs/ts/ws/diagnosis_donors/matched_nearest/seed13/artifacts/diagnosis_mask0.npz,logs/ts/ws/diagnosis_donors/matched_nearest/seed13/artifacts/diagnosis_gaussian_fitted_mask0.npz,relational_max,loc_ap,exploratory paired engine-bootstrap difference; training-seed variability is a separate axis,,-0.23353020287009948,-0.1660755453013371,1000,10,-0.20392424672045512,,,
matched_nearest/seed13,13,0,logs/ts/ws/diagnosis_donors/matched_nearest/seed13/artifacts/diagnosis_mask0.npz,logs/ts/ws/diagnosis_donors/matched_nearest/seed13/artifacts/diagnosis_gaussian_fitted_mask0.npz,relational_max,end_to_end_unique_top1,exploratory paired engine-bootstrap difference; training-seed variability is a separate axis,,-0.2873247531163995,-0.21684197099892588,1000,10,,-0.2535545023696682,,
matched_nearest/seed13,13,0,logs/ts/ws/diagnosis_donors/matched_nearest/seed13/artifacts/diagnosis_mask0.npz,logs/ts/ws/diagnosis_donors/matched_nearest/seed13/artifacts/diagnosis_gmm_fitted_mask0.npz,relational_max,auroc,exploratory paired engine-bootstrap difference; training-seed variability is a separate axis,-0.13386379461377773,-0.14290830299891827,-0.1146439635039913,1000,10,,,,
matched_nearest/seed13,13,0,logs/ts/ws/diagnosis_donors/matched_nearest/seed13/artifacts/diagnosis_mask0.npz,logs/ts/ws/diagnosis_donors/matched_nearest/seed13/artifacts/diagnosis_gmm_fitted_mask0.npz,relational_max,loc_ap,exploratory paired engine-bootstrap difference; training-seed variability is a separate axis,,-0.23801390404784772,-0.15354400811104685,1000,10,-0.19822407340772247,,,
matched_nearest/seed13,13,0,logs/ts/ws/diagnosis_donors/matched_nearest/seed13/artifacts/diagnosis_mask0.npz,logs/ts/ws/diagnosis_donors/matched_nearest/seed13/artifacts/diagnosis_gmm_fitted_mask0.npz,relational_max,end_to_end_unique_top1,exploratory paired engine-bootstrap difference; training-seed variability is a separate axis,,-0.20507211329449612,-0.10485933503836314,1000,10,,-0.15639810426540285,,
matched_nearest/seed13,13,1,logs/ts/ws/diagnosis_donors/matched_nearest/seed13/artifacts/diagnosis_mask1.npz,logs/ts/ws/diagnosis_donors/matched_nearest/seed13/artifacts/diagnosis_gaussian_fitted_mask1.npz,relational_max,auroc,exploratory paired engine-bootstrap difference; training-seed variability is a separate axis,-0.13451798027896944,-0.14611052059569293,-0.1156393009252771,1000,10,,,,
matched_nearest/seed13,13,1,logs/ts/ws/diagnosis_donors/matched_nearest/seed13/artifacts/diagnosis_mask1.npz,logs/ts/ws/diagnosis_donors/matched_nearest/seed13/artifacts/diagnosis_gaussian_fitted_mask1.npz,relational_max,loc_ap,exploratory paired engine-bootstrap difference; training-seed variability is a separate axis,,-0.24380835079781282,-0.165453717421608,1000,10,-0.20844207321014546,,,
matched_nearest/seed13,13,1,logs/ts/ws/diagnosis_donors/matched_nearest/seed13/artifacts/diagnosis_mask1.npz,logs/ts/ws/diagnosis_donors/matched_nearest/seed13/artifacts/diagnosis_gaussian_fitted_mask1.npz,relational_max,end_to_end_unique_top1,exploratory paired engine-bootstrap difference; training-seed variability is a separate axis,,-0.2980788258575197,-0.23642767977735027,1000,10,,-0.2701421800947867,,
matched_nearest/seed13,13,1,logs/ts/ws/diagnosis_donors/matched_nearest/seed13/artifacts/diagnosis_mask1.npz,logs/ts/ws/diagnosis_donors/matched_nearest/seed13/artifacts/diagnosis_gmm_fitted_mask1.npz,relational_max,auroc,exploratory paired engine-bootstrap difference; training-seed variability is a separate axis,-0.13774117832034327,-0.15753248013804674,-0.1125124449703516,1000,10,,,,
matched_nearest/seed13,13,1,logs/ts/ws/diagnosis_donors/matched_nearest/seed13/artifacts/diagnosis_mask1.npz,logs/ts/ws/diagnosis_donors/matched_nearest/seed13/artifacts/diagnosis_gmm_fitted_mask1.npz,relational_max,loc_ap,exploratory paired engine-bootstrap difference; training-seed variability is a separate axis,,-0.23720333630631382,-0.15923911216932712,1000,10,-0.200745547179282,,,
matched_nearest/seed13,13,1,logs/ts/ws/diagnosis_donors/matched_nearest/seed13/artifacts/diagnosis_mask1.npz,logs/ts/ws/diagnosis_donors/matched_nearest/seed13/artifacts/diagnosis_gmm_fitted_mask1.npz,relational_max,end_to_end_unique_top1,exploratory paired engine-bootstrap difference; training-seed variability is a separate axis,,-0.2635353793691389,-0.1887258361700134,1000,10,,-0.22748815165876773,,
matched_nearest/seed13,13,2,logs/ts/ws/diagnosis_donors/matched_nearest/seed13/artifacts/diagnosis_mask2.npz,logs/ts/ws/diagnosis_donors/matched_nearest/seed13/artifacts/diagnosis_gaussian_fitted_mask2.npz,relational_max,auroc,exploratory paired engine-bootstrap difference; training-seed variability is a separate axis,-0.14577109678578648,-0.16886754328496026,-0.11508163236277155,1000,10,,,,
matched_nearest/seed13,13,2,logs/ts/ws/diagnosis_donors/matched_nearest/seed13/artifacts/diagnosis_mask2.npz,logs/ts/ws/diagnosis_donors/matched_nearest/seed13/artifacts/diagnosis_gaussian_fitted_mask2.npz,relational_max,loc_ap,exploratory paired engine-bootstrap difference; training-seed variability is a separate axis,,-0.23165298112633842,-0.14679869095666656,1000,10,-0.19454237819846631,,,
matched_nearest/seed13,13,2,logs/ts/ws/diagnosis_donors/matched_nearest/seed13/artifacts/diagnosis_mask2.npz,logs/ts/ws/diagnosis_donors/matched_nearest/seed13/artifacts/diagnosis_gaussian_fitted_mask2.npz,relational_max,end_to_end_unique_top1,exploratory paired engine-bootstrap difference; training-seed variability is a separate axis,,-0.32253715023050417,-0.22499094202898554,1000,10,,-0.2725118483412322,,
matched_nearest/seed13,13,2,logs/ts/ws/diagnosis_donors/matched_nearest/seed13/artifacts/diagnosis_mask2.npz,logs/ts/ws/diagnosis_donors/matched_nearest/seed13/artifacts/diagnosis_gmm_fitted_mask2.npz,relational_max,auroc,exploratory paired engine-bootstrap difference; training-seed variability is a separate axis,-0.14251420677882343,-0.16341304815430474,-0.10678403074067395,1000,10,,,,
matched_nearest/seed13,13,2,logs/ts/ws/diagnosis_donors/matched_nearest/seed13/artifacts/diagnosis_mask2.npz,logs/ts/ws/diagnosis_donors/matched_nearest/seed13/artifacts/diagnosis_gmm_fitted_mask2.npz,relational_max,loc_ap,exploratory paired engine-bootstrap difference; training-seed variability is a separate axis,,-0.23406810332277717,-0.14156647492391697,1000,10,-0.19227330204337978,,,
matched_nearest/seed13,13,2,logs/ts/ws/diagnosis_donors/matched_nearest/seed13/artifacts/diagnosis_mask2.npz,logs/ts/ws/diagnosis_donors/matched_nearest/seed13/artifacts/diagnosis_gmm_fitted_mask2.npz,relational_max,end_to_end_unique_top1,exploratory paired engine-bootstrap difference; training-seed variability is a separate axis,,-0.27872860635696817,-0.17187389964788732,1000,10,,-0.22037914691943128,,
matched_nearest/seed13,13,3,logs/ts/ws/diagnosis_donors/matched_nearest/seed13/artifacts/diagnosis_mask3.npz,logs/ts/ws/diagnosis_donors/matched_nearest/seed13/artifacts/diagnosis_gaussian_fitted_mask3.npz,relational_max,auroc,exploratory paired engine-bootstrap difference; training-seed variability is a separate axis,-0.1282793513173559,-0.16107379631324512,-0.09317928212244912,1000,10,,,,
matched_nearest/seed13,13,3,logs/ts/ws/diagnosis_donors/matched_nearest/seed13/artifacts/diagnosis_mask3.npz,logs/ts/ws/diagnosis_donors/matched_nearest/seed13/artifacts/diagnosis_gaussian_fitted_mask3.npz,relational_max,loc_ap,exploratory paired engine-bootstrap difference; training-seed variability is a separate axis,,-0.22256382509176426,-0.12397071690670435,1000,10,-0.17503068106901964,,,
matched_nearest/seed13,13,3,logs/ts/ws/diagnosis_donors/matched_nearest/seed13/artifacts/diagnosis_mask3.npz,logs/ts/ws/diagnosis_donors/matched_nearest/seed13/artifacts/diagnosis_gaussian_fitted_mask3.npz,relational_max,end_to_end_unique_top1,exploratory paired engine-bootstrap difference; training-seed variability is a separate axis,,-0.28409480074719795,-0.16583242192246936,1000,10,,-0.22748815165876773,,
matched_nearest/seed13,13,3,logs/ts/ws/diagnosis_donors/matched_nearest/seed13/artifacts/diagnosis_mask3.npz,logs/ts/ws/diagnosis_donors/matched_nearest/seed13/artifacts/diagnosis_gmm_fitted_mask3.npz,relational_max,auroc,exploratory paired engine-bootstrap difference; training-seed variability is a separate axis,-0.1360846566788707,-0.17100198740034223,-0.09967798976274919,1000,10,,,,
matched_nearest/seed13,13,3,logs/ts/ws/diagnosis_donors/matched_nearest/seed13/artifacts/diagnosis_mask3.npz,logs/ts/ws/diagnosis_donors/matched_nearest/seed13/artifacts/diagnosis_gmm_fitted_mask3.npz,relational_max,loc_ap,exploratory paired engine-bootstrap difference; training-seed variability is a separate axis,,-0.21182887763691347,-0.12757541210105353,1000,10,-0.17248110958973584,,,
matched_nearest/seed13,13,3,logs/ts/ws/diagnosis_donors/matched_nearest/seed13/artifacts/diagnosis_mask3.npz,logs/ts/ws/diagnosis_donors/matched_nearest/seed13/artifacts/diagnosis_gmm_fitted_mask3.npz,relational_max,end_to_end_unique_top1,exploratory paired engine-bootstrap difference; training-seed variability is a separate axis,,-0.2864560186155717,-0.18460674157303367,1000,10,,-0.2393364928909953,,
matched_nearest/seed13,13,4,logs/ts/ws/diagnosis_donors/matched_nearest/seed13/artifacts/diagnosis_mask4.npz,logs/ts/ws/diagnosis_donors/matched_nearest/seed13/artifacts/diagnosis_gaussian_fitted_mask4.npz,relational_max,auroc,exploratory paired engine-bootstrap difference; training-seed variability is a separate axis,-0.13237854046405073,-0.15666188120352956,-0.10278933267031266,1000,10,,,,
matched_nearest/seed13,13,4,logs/ts/ws/diagnosis_donors/matched_nearest/seed13/artifacts/diagnosis_mask4.npz,logs/ts/ws/diagnosis_donors/matched_nearest/seed13/artifacts/diagnosis_gaussian_fitted_mask4.npz,relational_max,loc_ap,exploratory paired engine-bootstrap difference; training-seed variability is a separate axis,,-0.24922586541304004,-0.16847439987708798,1000,10,-0.21303953465444148,,,
matched_nearest/seed13,13,4,logs/ts/ws/diagnosis_donors/matched_nearest/seed13/artifacts/diagnosis_mask4.npz,logs/ts/ws/diagnosis_donors/matched_nearest/seed13/artifacts/diagnosis_gaussian_fitted_mask4.npz,relational_max,end_to_end_unique_top1,exploratory paired engine-bootstrap difference; training-seed variability is a separate axis,,-0.30202379365008813,-0.21406496317353665,1000,10,,-0.26066350710900477,,
matched_nearest/seed13,13,4,logs/ts/ws/diagnosis_donors/matched_nearest/seed13/artifacts/diagnosis_mask4.npz,logs/ts/ws/diagnosis_donors/matched_nearest/seed13/artifacts/diagnosis_gmm_fitted_mask4.npz,relational_max,auroc,exploratory paired engine-bootstrap difference; training-seed variability is a separate axis,-0.13717403023292385,-0.16262997030792975,-0.10459405706282801,1000,10,,,,
matched_nearest/seed13,13,4,logs/ts/ws/diagnosis_donors/matched_nearest/seed13/artifacts/diagnosis_mask4.npz,logs/ts/ws/diagnosis_donors/matched_nearest/seed13/artifacts/diagnosis_gmm_fitted_mask4.npz,relational_max,loc_ap,exploratory paired engine-bootstrap difference; training-seed variability is a separate axis,,-0.25354532074398145,-0.1803016558616887,1000,10,-0.22218697623977113,,,
matched_nearest/seed13,13,4,logs/ts/ws/diagnosis_donors/matched_nearest/seed13/artifacts/diagnosis_mask4.npz,logs/ts/ws/diagnosis_donors/matched_nearest/seed13/artifacts/diagnosis_gmm_fitted_mask4.npz,relational_max,end_to_end_unique_top1,exploratory paired engine-bootstrap difference; training-seed variability is a separate axis,,-0.30023854047795556,-0.20709326272433073,1000,10,,-0.25355450236966826,,
matched_nearest/seed13,13,5,logs/ts/ws/diagnosis_donors/matched_nearest/seed13/artifacts/diagnosis_mask5.npz,logs/ts/ws/diagnosis_donors/matched_nearest/seed13/artifacts/diagnosis_gaussian_fitted_mask5.npz,relational_max,auroc,exploratory paired engine-bootstrap difference; training-seed variability is a separate axis,-0.14044215089508327,-0.1628769982997825,-0.11429900853388744,1000,10,,,,
matched_nearest/seed13,13,5,logs/ts/ws/diagnosis_donors/matched_nearest/seed13/artifacts/diagnosis_mask5.npz,logs/ts/ws/diagnosis_donors/matched_nearest/seed13/artifacts/diagnosis_gaussian_fitted_mask5.npz,relational_max,loc_ap,exploratory paired engine-bootstrap difference; training-seed variability is a separate axis,,-0.24983331833759076,-0.17019517365860395,1000,10,-0.21387679961598238,,,
matched_nearest/seed13,13,5,logs/ts/ws/diagnosis_donors/matched_nearest/seed13/artifacts/diagnosis_mask5.npz,logs/ts/ws/diagnosis_donors/matched_nearest/seed13/artifacts/diagnosis_gaussian_fitted_mask5.npz,relational_max,end_to_end_unique_top1,exploratory paired engine-bootstrap difference; training-seed variability is a separate axis,,-0.30172607952780367,-0.22790697674418606,1000,10,,-0.2677725118483412,,
matched_nearest/seed13,13,5,logs/ts/ws/diagnosis_donors/matched_nearest/seed13/artifacts/diagnosis_mask5.npz,logs/ts/ws/diagnosis_donors/matched_nearest/seed13/artifacts/diagnosis_gmm_fitted_mask5.npz,relational_max,auroc,exploratory paired engine-bootstrap difference; training-seed variability is a separate axis,-0.1529250241459087,-0.17028057183328799,-0.12734340029532326,1000,10,,,,
matched_nearest/seed13,13,5,logs/ts/ws/diagnosis_donors/matched_nearest/seed13/artifacts/diagnosis_mask5.npz,logs/ts/ws/diagnosis_donors/matched_nearest/seed13/artifacts/diagnosis_gmm_fitted_mask5.npz,relational_max,loc_ap,exploratory paired engine-bootstrap difference; training-seed variability is a separate axis,,-0.24815126721939415,-0.15798056869535015,1000,10,-0.20686867908622708,,,
matched_nearest/seed13,13,5,logs/ts/ws/diagnosis_donors/matched_nearest/seed13/artifacts/diagnosis_mask5.npz,logs/ts/ws/diagnosis_donors/matched_nearest/seed13/artifacts/diagnosis_gmm_fitted_mask5.npz,relational_max,end_to_end_unique_top1,exploratory paired engine-bootstrap difference; training-seed variability is a separate axis,,-0.31455437925566637,-0.2606632101580967,1000,10,,-0.28909952606635075,,
matched_nearest/seed13,13,6,logs/ts/ws/diagnosis_donors/matched_nearest/seed13/artifacts/diagnosis_mask6.npz,logs/ts/ws/diagnosis_donors/matched_nearest/seed13/artifacts/diagnosis_gaussian_fitted_mask6.npz,relational_max,auroc,exploratory paired engine-bootstrap difference; training-seed variability is a separate axis,-0.11179555715280431,-0.1345327753610687,-0.08792289922911678,1000,10,,,,
matched_nearest/seed13,13,6,logs/ts/ws/diagnosis_donors/matched_nearest/seed13/artifacts/diagnosis_mask6.npz,logs/ts/ws/diagnosis_donors/matched_nearest/seed13/artifacts/diagnosis_gaussian_fitted_mask6.npz,relational_max,loc_ap,exploratory paired engine-bootstrap difference; training-seed variability is a separate axis,,-0.23437032295238647,-0.1712269040299502,1000,10,-0.2043492528498685,,,
matched_nearest/seed13,13,6,logs/ts/ws/diagnosis_donors/matched_nearest/seed13/artifacts/diagnosis_mask6.npz,logs/ts/ws/diagnosis_donors/matched_nearest/seed13/artifacts/diagnosis_gaussian_fitted_mask6.npz,relational_max,end_to_end_unique_top1,exploratory paired engine-bootstrap difference; training-seed variability is a separate axis,,-0.2487936619247979,-0.1964712735698618,1000,10,,-0.2227488151658768,,
matched_nearest/seed13,13,6,logs/ts/ws/diagnosis_donors/matched_nearest/seed13/artifacts/diagnosis_mask6.npz,logs/ts/ws/diagnosis_donors/matched_nearest/seed13/artifacts/diagnosis_gmm_fitted_mask6.npz,relational_max,auroc,exploratory paired engine-bootstrap difference; training-seed variability is a separate axis,-0.11565890254037425,-0.13245543166205587,-0.0921443595368762,1000,10,,,,
matched_nearest/seed13,13,6,logs/ts/ws/diagnosis_donors/matched_nearest/seed13/artifacts/diagnosis_mask6.npz,logs/ts/ws/diagnosis_donors/matched_nearest/seed13/artifacts/diagnosis_gmm_fitted_mask6.npz,relational_max,loc_ap,exploratory paired engine-bootstrap difference; training-seed variability is a separate axis,,-0.2198011843669754,-0.15758828906790603,1000,10,-0.19234987599519626,,,
matched_nearest/seed13,13,6,logs/ts/ws/diagnosis_donors/matched_nearest/seed13/artifacts/diagnosis_mask6.npz,logs/ts/ws/diagnosis_donors/matched_nearest/seed13/artifacts/diagnosis_gmm_fitted_mask6.npz,relational_max,end_to_end_unique_top1,exploratory paired engine-bootstrap difference; training-seed variability is a separate axis,,-0.16346486175115205,-0.08737727334883087,1000,10,,-0.12559241706161134,,
matched_nearest/seed13,13,7,logs/ts/ws/diagnosis_donors/matched_nearest/seed13/artifacts/diagnosis_mask7.npz,logs/ts/ws/diagnosis_donors/matched_nearest/seed13/artifacts/diagnosis_gaussian_fitted_mask7.npz,relational_max,auroc,exploratory paired engine-bootstrap difference; training-seed variability is a separate axis,0.0,0.0,0.0,1000,10,,,,
matched_nearest/seed13,13,7,diagnosis_mask7.npz,diagnosis_gaussian_fitted_mask7.npz,relational_max,loc_ap,,,,,,,,,True,no bootstrap replicate produced a defined statistic
matched_nearest/seed13,13,7,logs/ts/ws/diagnosis_donors/matched_nearest/seed13/artifacts/diagnosis_mask7.npz,logs/ts/ws/diagnosis_donors/matched_nearest/seed13/artifacts/diagnosis_gaussian_fitted_mask7.npz,relational_max,end_to_end_unique_top1,exploratory paired engine-bootstrap difference; training-seed variability is a separate axis,,0.0,0.0,1000,10,,0.0,,
matched_nearest/seed13,13,7,logs/ts/ws/diagnosis_donors/matched_nearest/seed13/artifacts/diagnosis_mask7.npz,logs/ts/ws/diagnosis_donors/matched_nearest/seed13/artifacts/diagnosis_gmm_fitted_mask7.npz,relational_max,auroc,exploratory paired engine-bootstrap difference; training-seed variability is a separate axis,0.0,0.0,0.0,1000,10,,,,
matched_nearest/seed13,13,7,diagnosis_mask7.npz,diagnosis_gmm_fitted_mask7.npz,relational_max,loc_ap,,,,,,,,,True,no bootstrap replicate produced a defined statistic
matched_nearest/seed13,13,7,logs/ts/ws/diagnosis_donors/matched_nearest/seed13/artifacts/diagnosis_mask7.npz,logs/ts/ws/diagnosis_donors/matched_nearest/seed13/artifacts/diagnosis_gmm_fitted_mask7.npz,relational_max,end_to_end_unique_top1,exploratory paired engine-bootstrap difference; training-seed variability is a separate axis,,0.0,0.0,1000,10,,0.0,,
matched_tight/seed11,11,0,logs/ts/ws/diagnosis_donors/matched_tight/seed11/artifacts/diagnosis_mask0.npz,logs/ts/ws/diagnosis_donors/matched_tight/seed11/artifacts/diagnosis_gaussian_fitted_mask0.npz,relational_max,auroc,exploratory paired engine-bootstrap difference; training-seed variability is a separate axis,-0.16011090991398824,-0.1868465104787632,-0.1375802253660635,1000,10,,,,
matched_tight/seed11,11,0,logs/ts/ws/diagnosis_donors/matched_tight/seed11/artifacts/diagnosis_mask0.npz,logs/ts/ws/diagnosis_donors/matched_tight/seed11/artifacts/diagnosis_gaussian_fitted_mask0.npz,relational_max,loc_ap,exploratory paired engine-bootstrap difference; training-seed variability is a separate axis,,-0.2876767024325768,-0.24193735794606153,1000,10,-0.2635853583965286,,,
matched_tight/seed11,11,0,logs/ts/ws/diagnosis_donors/matched_tight/seed11/artifacts/diagnosis_mask0.npz,logs/ts/ws/diagnosis_donors/matched_tight/seed11/artifacts/diagnosis_gaussian_fitted_mask0.npz,relational_max,end_to_end_unique_top1,exploratory paired engine-bootstrap difference; training-seed variability is a separate axis,,-0.4091059271125351,-0.3387993688313453,1000,10,,-0.3765957446808511,,
matched_tight/seed11,11,0,logs/ts/ws/diagnosis_donors/matched_tight/seed11/artifacts/diagnosis_mask0.npz,logs/ts/ws/diagnosis_donors/matched_tight/seed11/artifacts/diagnosis_gmm_fitted_mask0.npz,relational_max,auroc,exploratory paired engine-bootstrap difference; training-seed variability is a separate axis,-0.14651652331371656,-0.18333660342533942,-0.10532435308159953,1000,10,,,,
matched_tight/seed11,11,0,logs/ts/ws/diagnosis_donors/matched_tight/seed11/artifacts/diagnosis_mask0.npz,logs/ts/ws/diagnosis_donors/matched_tight/seed11/artifacts/diagnosis_gmm_fitted_mask0.npz,relational_max,loc_ap,exploratory paired engine-bootstrap difference; training-seed variability is a separate axis,,-0.2923776992409701,-0.2368730088346116,1000,10,-0.2648564694761503,,,
matched_tight/seed11,11,0,logs/ts/ws/diagnosis_donors/matched_tight/seed11/artifacts/diagnosis_mask0.npz,logs/ts/ws/diagnosis_donors/matched_tight/seed11/artifacts/diagnosis_gmm_fitted_mask0.npz,relational_max,end_to_end_unique_top1,exploratory paired engine-bootstrap difference; training-seed variability is a separate axis,,-0.2697223822555091,-0.1772376535131344,1000,10,,-0.2276595744680851,,
matched_tight/seed11,11,1,logs/ts/ws/diagnosis_donors/matched_tight/seed11/artifacts/diagnosis_mask1.npz,logs/ts/ws/diagnosis_donors/matched_tight/seed11/artifacts/diagnosis_gaussian_fitted_mask1.npz,relational_max,auroc,exploratory paired engine-bootstrap difference; training-seed variability is a separate axis,-0.15183340878225438,-0.16760996514941598,-0.1373888279366211,1000,10,,,,
matched_tight/seed11,11,1,logs/ts/ws/diagnosis_donors/matched_tight/seed11/artifacts/diagnosis_mask1.npz,logs/ts/ws/diagnosis_donors/matched_tight/seed11/artifacts/diagnosis_gaussian_fitted_mask1.npz,relational_max,loc_ap,exploratory paired engine-bootstrap difference; training-seed variability is a separate axis,,-0.2848747506825922,-0.2444359400334394,1000,10,-0.26395667583715837,,,
matched_tight/seed11,11,1,logs/ts/ws/diagnosis_donors/matched_tight/seed11/artifacts/diagnosis_mask1.npz,logs/ts/ws/diagnosis_donors/matched_tight/seed11/artifacts/diagnosis_gaussian_fitted_mask1.npz,relational_max,end_to_end_unique_top1,exploratory paired engine-bootstrap difference; training-seed variability is a separate axis,,-0.4144148787963221,-0.35010667396061274,1000,10,,-0.3829787234042553,,
matched_tight/seed11,11,1,logs/ts/ws/diagnosis_donors/matched_tight/seed11/artifacts/diagnosis_mask1.npz,logs/ts/ws/diagnosis_donors/matched_tight/seed11/artifacts/diagnosis_gmm_fitted_mask1.npz,relational_max,auroc,exploratory paired engine-bootstrap difference; training-seed variability is a separate axis,-0.1407559981892259,-0.16373114446726558,-0.11560019299020817,1000,10,,,,
matched_tight/seed11,11,1,logs/ts/ws/diagnosis_donors/matched_tight/seed11/artifacts/diagnosis_mask1.npz,logs/ts/ws/diagnosis_donors/matched_tight/seed11/artifacts/diagnosis_gmm_fitted_mask1.npz,relational_max,loc_ap,exploratory paired engine-bootstrap difference; training-seed variability is a separate axis,,-0.2959456503361687,-0.24143304576286145,1000,10,-0.26866081043712625,,,
matched_tight/seed11,11,1,logs/ts/ws/diagnosis_donors/matched_tight/seed11/artifacts/diagnosis_mask1.npz,logs/ts/ws/diagnosis_donors/matched_tight/seed11/artifacts/diagnosis_gmm_fitted_mask1.npz,relational_max,end_to_end_unique_top1,exploratory paired engine-bootstrap difference; training-seed variability is a separate axis,,-0.31305900621118016,-0.21534776389301233,1000,10,,-0.26808510638297867,,
matched_tight/seed11,11,2,logs/ts/ws/diagnosis_donors/matched_tight/seed11/artifacts/diagnosis_mask2.npz,logs/ts/ws/diagnosis_donors/matched_tight/seed11/artifacts/diagnosis_gaussian_fitted_mask2.npz,relational_max,auroc,exploratory paired engine-bootstrap difference; training-seed variability is a separate axis,-0.1638139429606157,-0.18119095005098373,-0.1424123918702858,1000,10,,,,
matched_tight/seed11,11,2,logs/ts/ws/diagnosis_donors/matched_tight/seed11/artifacts/diagnosis_mask2.npz,logs/ts/ws/diagnosis_donors/matched_tight/seed11/artifacts/diagnosis_gaussian_fitted_mask2.npz,relational_max,loc_ap,exploratory paired engine-bootstrap difference; training-seed variability is a separate axis,,-0.2561504326412504,-0.21174301676653376,1000,10,-0.23407389397596778,,,
matched_tight/seed11,11,2,logs/ts/ws/diagnosis_donors/matched_tight/seed11/artifacts/diagnosis_mask2.npz,logs/ts/ws/diagnosis_donors/matched_tight/seed11/artifacts/diagnosis_gaussian_fitted_mask2.npz,relational_max,end_to_end_unique_top1,exploratory paired engine-bootstrap difference; training-seed variability is a separate axis,,-0.40258938693250323,-0.3214836581608733,1000,10,,-0.3659574468085106,,
matched_tight/seed11,11,2,logs/ts/ws/diagnosis_donors/matched_tight/seed11/artifacts/diagnosis_mask2.npz,logs/ts/ws/diagnosis_donors/matched_tight/seed11/artifacts/diagnosis_gmm_fitted_mask2.npz,relational_max,auroc,exploratory paired engine-bootstrap difference; training-seed variability is a separate axis,-0.1627546401086465,-0.18720123552509996,-0.13095206188563369,1000,10,,,,
matched_tight/seed11,11,2,logs/ts/ws/diagnosis_donors/matched_tight/seed11/artifacts/diagnosis_mask2.npz,logs/ts/ws/diagnosis_donors/matched_tight/seed11/artifacts/diagnosis_gmm_fitted_mask2.npz,relational_max,loc_ap,exploratory paired engine-bootstrap difference; training-seed variability is a separate axis,,-0.26955685893076564,-0.20909312496737195,1000,10,-0.23836163644343356,,,
matched_tight/seed11,11,2,logs/ts/ws/diagnosis_donors/matched_tight/seed11/artifacts/diagnosis_mask2.npz,logs/ts/ws/diagnosis_donors/matched_tight/seed11/artifacts/diagnosis_gmm_fitted_mask2.npz,relational_max,end_to_end_unique_top1,exploratory paired engine-bootstrap difference; training-seed variability is a separate axis,,-0.3294752019503675,-0.2482095925467982,1000,10,,-0.29574468085106387,,
matched_tight/seed11,11,3,logs/ts/ws/diagnosis_donors/matched_tight/seed11/artifacts/diagnosis_mask3.npz,logs/ts/ws/diagnosis_donors/matched_tight/seed11/artifacts/diagnosis_gaussian_fitted_mask3.npz,relational_max,auroc,exploratory paired engine-bootstrap difference; training-seed variability is a separate axis,-0.1573630602082391,-0.18087032763381908,-0.13358018552452353,1000,10,,,,
matched_tight/seed11,11,3,logs/ts/ws/diagnosis_donors/matched_tight/seed11/artifacts/diagnosis_mask3.npz,logs/ts/ws/diagnosis_donors/matched_tight/seed11/artifacts/diagnosis_gaussian_fitted_mask3.npz,relational_max,loc_ap,exploratory paired engine-bootstrap difference; training-seed variability is a separate axis,,-0.2809279183746748,-0.2135581271087025,1000,10,-0.2479484670580563,,,
matched_tight/seed11,11,3,logs/ts/ws/diagnosis_donors/matched_tight/seed11/artifacts/diagnosis_mask3.npz,logs/ts/ws/diagnosis_donors/matched_tight/seed11/artifacts/diagnosis_gaussian_fitted_mask3.npz,relational_max,end_to_end_unique_top1,exploratory paired engine-bootstrap difference; training-seed variability is a separate axis,,-0.37778711484593835,-0.3022673965050967,1000,10,,-0.3382978723404255,,
matched_tight/seed11,11,3,logs/ts/ws/diagnosis_donors/matched_tight/seed11/artifacts/diagnosis_mask3.npz,logs/ts/ws/diagnosis_donors/matched_tight/seed11/artifacts/diagnosis_gmm_fitted_mask3.npz,relational_max,auroc,exploratory paired engine-bootstrap difference; training-seed variability is a separate axis,-0.15619963784517887,-0.18544432866550897,-0.1303144980409007,1000,10,,,,
matched_tight/seed11,11,3,logs/ts/ws/diagnosis_donors/matched_tight/seed11/artifacts/diagnosis_mask3.npz,logs/ts/ws/diagnosis_donors/matched_tight/seed11/artifacts/diagnosis_gmm_fitted_mask3.npz,relational_max,loc_ap,exploratory paired engine-bootstrap difference; training-seed variability is a separate axis,,-0.26633818009185656,-0.2122963355410192,1000,10,-0.23907588606218744,,,
matched_tight/seed11,11,3,logs/ts/ws/diagnosis_donors/matched_tight/seed11/artifacts/diagnosis_mask3.npz,logs/ts/ws/diagnosis_donors/matched_tight/seed11/artifacts/diagnosis_gmm_fitted_mask3.npz,relational_max,end_to_end_unique_top1,exploratory paired engine-bootstrap difference; training-seed variability is a separate axis,,-0.38724069148936163,-0.32696360905246413,1000,10,,-0.3553191489361702,,
matched_tight/seed11,11,4,logs/ts/ws/diagnosis_donors/matched_tight/seed11/artifacts/diagnosis_mask4.npz,logs/ts/ws/diagnosis_donors/matched_tight/seed11/artifacts/diagnosis_gaussian_fitted_mask4.npz,relational_max,auroc,exploratory paired engine-bootstrap difference; training-seed variability is a separate axis,-0.12900633770937076,-0.1673047246489748,-0.09522262126802866,1000,10,,,,
matched_tight/seed11,11,4,logs/ts/ws/diagnosis_donors/matched_tight/seed11/artifacts/diagnosis_mask4.npz,logs/ts/ws/diagnosis_donors/matched_tight/seed11/artifacts/diagnosis_gaussian_fitted_mask4.npz,relational_max,loc_ap,exploratory paired engine-bootstrap difference; training-seed variability is a separate axis,,-0.2483494939273506,-0.19085054101555615,1000,10,-0.21852809833311226,,,
matched_tight/seed11,11,4,logs/ts/ws/diagnosis_donors/matched_tight/seed11/artifacts/diagnosis_mask4.npz,logs/ts/ws/diagnosis_donors/matched_tight/seed11/artifacts/diagnosis_gaussian_fitted_mask4.npz,relational_max,end_to_end_unique_top1,exploratory paired engine-bootstrap difference; training-seed variability is a separate axis,,-0.41785141230964845,-0.35164620535714286,1000,10,,-0.3872340425531915,,
matched_tight/seed11,11,4,logs/ts/ws/diagnosis_donors/matched_tight/seed11/artifacts/diagnosis_mask4.npz,logs/ts/ws/diagnosis_donors/matched_tight/seed11/artifacts/diagnosis_gmm_fitted_mask4.npz,relational_max,auroc,exploratory paired engine-bootstrap difference; training-seed variability is a separate axis,-0.12671118153010408,-0.1587935038936191,-0.09606999399182467,1000,10,,,,
matched_tight/seed11,11,4,logs/ts/ws/diagnosis_donors/matched_tight/seed11/artifacts/diagnosis_mask4.npz,logs/ts/ws/diagnosis_donors/matched_tight/seed11/artifacts/diagnosis_gmm_fitted_mask4.npz,relational_max,loc_ap,exploratory paired engine-bootstrap difference; training-seed variability is a separate axis,,-0.25874207262700466,-0.19253651099151944,1000,10,-0.2234564707963037,,,
matched_tight/seed11,11,4,logs/ts/ws/diagnosis_donors/matched_tight/seed11/artifacts/diagnosis_mask4.npz,logs/ts/ws/diagnosis_donors/matched_tight/seed11/artifacts/diagnosis_gmm_fitted_mask4.npz,relational_max,end_to_end_unique_top1,exploratory paired engine-bootstrap difference; training-seed variability is a separate axis,,-0.4283044096728307,-0.34152358760526536,1000,10,,-0.3872340425531915,,
matched_tight/seed11,11,5,logs/ts/ws/diagnosis_donors/matched_tight/seed11/artifacts/diagnosis_mask5.npz,logs/ts/ws/diagnosis_donors/matched_tight/seed11/artifacts/diagnosis_gaussian_fitted_mask5.npz,relational_max,auroc,exploratory paired engine-bootstrap difference; training-seed variability is a separate axis,-0.14912630149388872,-0.16764367508317382,-0.1300908284966073,1000,10,,,,
matched_tight/seed11,11,5,logs/ts/ws/diagnosis_donors/matched_tight/seed11/artifacts/diagnosis_mask5.npz,logs/ts/ws/diagnosis_donors/matched_tight/seed11/artifacts/diagnosis_gaussian_fitted_mask5.npz,relational_max,loc_ap,exploratory paired engine-bootstrap difference; training-seed variability is a separate axis,,-0.2913131196152469,-0.24711915323449377,1000,10,-0.2675990327086818,,,
matched_tight/seed11,11,5,logs/ts/ws/diagnosis_donors/matched_tight/seed11/artifacts/diagnosis_mask5.npz,logs/ts/ws/diagnosis_donors/matched_tight/seed11/artifacts/diagnosis_gaussian_fitted_mask5.npz,relational_max,end_to_end_unique_top1,exploratory paired engine-bootstrap difference; training-seed variability is a separate axis,,-0.40962252475247524,-0.34077972669514733,1000,10,,-0.3787234042553192,,
matched_tight/seed11,11,5,logs/ts/ws/diagnosis_donors/matched_tight/seed11/artifacts/diagnosis_mask5.npz,logs/ts/ws/diagnosis_donors/matched_tight/seed11/artifacts/diagnosis_gmm_fitted_mask5.npz,relational_max,auroc,exploratory paired engine-bootstrap difference; training-seed variability is a separate axis,-0.147872340425532,-0.16843151486110727,-0.12466801930623103,1000,10,,,,
matched_tight/seed11,11,5,logs/ts/ws/diagnosis_donors/matched_tight/seed11/artifacts/diagnosis_mask5.npz,logs/ts/ws/diagnosis_donors/matched_tight/seed11/artifacts/diagnosis_gmm_fitted_mask5.npz,relational_max,loc_ap,exploratory paired engine-bootstrap difference; training-seed variability is a separate axis,,-0.2835884776896555,-0.24906983697311988,1000,10,-0.26684183181990195,,,
matched_tight/seed11,11,5,logs/ts/ws/diagnosis_donors/matched_tight/seed11/artifacts/diagnosis_mask5.npz,logs/ts/ws/diagnosis_donors/matched_tight/seed11/artifacts/diagnosis_gmm_fitted_mask5.npz,relational_max,end_to_end_unique_top1,exploratory paired engine-bootstrap difference; training-seed variability is a separate axis,,-0.4096645596564617,-0.3371429058043419,1000,10,,-0.37659574468085105,,
matched_tight/seed11,11,6,logs/ts/ws/diagnosis_donors/matched_tight/seed11/artifacts/diagnosis_mask6.npz,logs/ts/ws/diagnosis_donors/matched_tight/seed11/artifacts/diagnosis_gaussian_fitted_mask6.npz,relational_max,auroc,exploratory paired engine-bootstrap difference; training-seed variability is a separate axis,-0.11418741511996378,-0.12899362439848844,-0.09811424945346019,1000,10,,,,
matched_tight/seed11,11,6,logs/ts/ws/diagnosis_donors/matched_tight/seed11/artifacts/diagnosis_mask6.npz,logs/ts/ws/diagnosis_donors/matched_tight/seed11/artifacts/diagnosis_gaussian_fitted_mask6.npz,relational_max,loc_ap,exploratory paired engine-bootstrap difference; training-seed variability is a separate axis,,-0.2832767432725611,-0.24535240383302845,1000,10,-0.26340754671131617,,,
matched_tight/seed11,11,6,logs/ts/ws/diagnosis_donors/matched_tight/seed11/artifacts/diagnosis_mask6.npz,logs/ts/ws/diagnosis_donors/matched_tight/seed11/artifacts/diagnosis_gaussian_fitted_mask6.npz,relational_max,end_to_end_unique_top1,exploratory paired engine-bootstrap difference; training-seed variability is a separate axis,,-0.3829337110300237,-0.29882693407012195,1000,10,,-0.3404255319148936,,
matched_tight/seed11,11,6,logs/ts/ws/diagnosis_donors/matched_tight/seed11/artifacts/diagnosis_mask6.npz,logs/ts/ws/diagnosis_donors/matched_tight/seed11/artifacts/diagnosis_gmm_fitted_mask6.npz,relational_max,auroc,exploratory paired engine-bootstrap difference; training-seed variability is a separate axis,-0.09997283838841109,-0.12730623404481087,-0.06921725212319364,1000,10,,,,
matched_tight/seed11,11,6,logs/ts/ws/diagnosis_donors/matched_tight/seed11/artifacts/diagnosis_mask6.npz,logs/ts/ws/diagnosis_donors/matched_tight/seed11/artifacts/diagnosis_gmm_fitted_mask6.npz,relational_max,loc_ap,exploratory paired engine-bootstrap difference; training-seed variability is a separate axis,,-0.2876084188904846,-0.23889164473205657,1000,10,-0.2638603422528033,,,
matched_tight/seed11,11,6,logs/ts/ws/diagnosis_donors/matched_tight/seed11/artifacts/diagnosis_mask6.npz,logs/ts/ws/diagnosis_donors/matched_tight/seed11/artifacts/diagnosis_gmm_fitted_mask6.npz,relational_max,end_to_end_unique_top1,exploratory paired engine-bootstrap difference; training-seed variability is a separate axis,,-0.24806696163600062,-0.15456621247604854,1000,10,,-0.2042553191489362,,
matched_tight/seed11,11,7,logs/ts/ws/diagnosis_donors/matched_tight/seed11/artifacts/diagnosis_mask7.npz,logs/ts/ws/diagnosis_donors/matched_tight/seed11/artifacts/diagnosis_gaussian_fitted_mask7.npz,relational_max,auroc,exploratory paired engine-bootstrap difference; training-seed variability is a separate axis,0.0,0.0,0.0,1000,10,,,,
matched_tight/seed11,11,7,diagnosis_mask7.npz,diagnosis_gaussian_fitted_mask7.npz,relational_max,loc_ap,,,,,,,,,True,no bootstrap replicate produced a defined statistic
matched_tight/seed11,11,7,logs/ts/ws/diagnosis_donors/matched_tight/seed11/artifacts/diagnosis_mask7.npz,logs/ts/ws/diagnosis_donors/matched_tight/seed11/artifacts/diagnosis_gaussian_fitted_mask7.npz,relational_max,end_to_end_unique_top1,exploratory paired engine-bootstrap difference; training-seed variability is a separate axis,,0.0,0.0,1000,10,,0.0,,
matched_tight/seed11,11,7,logs/ts/ws/diagnosis_donors/matched_tight/seed11/artifacts/diagnosis_mask7.npz,logs/ts/ws/diagnosis_donors/matched_tight/seed11/artifacts/diagnosis_gmm_fitted_mask7.npz,relational_max,auroc,exploratory paired engine-bootstrap difference; training-seed variability is a separate axis,0.0,0.0,0.0,1000,10,,,,
matched_tight/seed11,11,7,diagnosis_mask7.npz,diagnosis_gmm_fitted_mask7.npz,relational_max,loc_ap,,,,,,,,,True,no bootstrap replicate produced a defined statistic
matched_tight/seed11,11,7,logs/ts/ws/diagnosis_donors/matched_tight/seed11/artifacts/diagnosis_mask7.npz,logs/ts/ws/diagnosis_donors/matched_tight/seed11/artifacts/diagnosis_gmm_fitted_mask7.npz,relational_max,end_to_end_unique_top1,exploratory paired engine-bootstrap difference; training-seed variability is a separate axis,,0.0,0.0,1000,10,,0.0,,
matched_tight/seed12,12,0,logs/ts/ws/diagnosis_donors/matched_tight/seed12/artifacts/diagnosis_mask0.npz,logs/ts/ws/diagnosis_donors/matched_tight/seed12/artifacts/diagnosis_gaussian_fitted_mask0.npz,relational_max,auroc,exploratory paired engine-bootstrap difference; training-seed variability is a separate axis,-0.10868050515314276,-0.13472068641245272,-0.07916546362861493,1000,10,,,,
matched_tight/seed12,12,0,logs/ts/ws/diagnosis_donors/matched_tight/seed12/artifacts/diagnosis_mask0.npz,logs/ts/ws/diagnosis_donors/matched_tight/seed12/artifacts/diagnosis_gaussian_fitted_mask0.npz,relational_max,loc_ap,exploratory paired engine-bootstrap difference; training-seed variability is a separate axis,,-0.2809890560009578,-0.21810388427135577,1000,10,-0.25403428744392603,,,
matched_tight/seed12,12,0,logs/ts/ws/diagnosis_donors/matched_tight/seed12/artifacts/diagnosis_mask0.npz,logs/ts/ws/diagnosis_donors/matched_tight/seed12/artifacts/diagnosis_gaussian_fitted_mask0.npz,relational_max,end_to_end_unique_top1,exploratory paired engine-bootstrap difference; training-seed variability is a separate axis,,-0.41098915482423337,-0.33333333333333337,1000,10,,-0.3734939759036145,,
matched_tight/seed12,12,0,logs/ts/ws/diagnosis_donors/matched_tight/seed12/artifacts/diagnosis_mask0.npz,logs/ts/ws/diagnosis_donors/matched_tight/seed12/artifacts/diagnosis_gmm_fitted_mask0.npz,relational_max,auroc,exploratory paired engine-bootstrap difference; training-seed variability is a separate axis,-0.11603135433299472,-0.14875191747402908,-0.07058595888992039,1000,10,,,,
matched_tight/seed12,12,0,logs/ts/ws/diagnosis_donors/matched_tight/seed12/artifacts/diagnosis_mask0.npz,logs/ts/ws/diagnosis_donors/matched_tight/seed12/artifacts/diagnosis_gmm_fitted_mask0.npz,relational_max,loc_ap,exploratory paired engine-bootstrap difference; training-seed variability is a separate axis,,-0.3106998226206679,-0.21922639021803828,1000,10,-0.26958728977403684,,,
matched_tight/seed12,12,0,logs/ts/ws/diagnosis_donors/matched_tight/seed12/artifacts/diagnosis_mask0.npz,logs/ts/ws/diagnosis_donors/matched_tight/seed12/artifacts/diagnosis_gmm_fitted_mask0.npz,relational_max,end_to_end_unique_top1,exploratory paired engine-bootstrap difference; training-seed variability is a separate axis,,-0.22500804721030043,-0.1307901907356948,1000,10,,-0.1783132530120482,,
matched_tight/seed12,12,1,logs/ts/ws/diagnosis_donors/matched_tight/seed12/artifacts/diagnosis_mask1.npz,logs/ts/ws/diagnosis_donors/matched_tight/seed12/artifacts/diagnosis_gaussian_fitted_mask1.npz,relational_max,auroc,exploratory paired engine-bootstrap difference; training-seed variability is a separate axis,-0.11270140804180573,-0.13036932429886586,-0.08639988899202668,1000,10,,,,
matched_tight/seed12,12,1,logs/ts/ws/diagnosis_donors/matched_tight/seed12/artifacts/diagnosis_mask1.npz,logs/ts/ws/diagnosis_donors/matched_tight/seed12/artifacts/diagnosis_gaussian_fitted_mask1.npz,relational_max,loc_ap,exploratory paired engine-bootstrap difference; training-seed variability is a separate axis,,-0.2934097218592548,-0.22404138555772568,1000,10,-0.2591535708313622,,,
matched_tight/seed12,12,1,logs/ts/ws/diagnosis_donors/matched_tight/seed12/artifacts/diagnosis_mask1.npz,logs/ts/ws/diagnosis_donors/matched_tight/seed12/artifacts/diagnosis_gaussian_fitted_mask1.npz,relational_max,end_to_end_unique_top1,exploratory paired engine-bootstrap difference; training-seed variability is a separate axis,,-0.43467351603623827,-0.33715689152168504,1000,10,,-0.38795180722891565,,
matched_tight/seed12,12,1,logs/ts/ws/diagnosis_donors/matched_tight/seed12/artifacts/diagnosis_mask1.npz,logs/ts/ws/diagnosis_donors/matched_tight/seed12/artifacts/diagnosis_gmm_fitted_mask1.npz,relational_max,auroc,exploratory paired engine-bootstrap difference; training-seed variability is a separate axis,-0.11688198577442299,-0.1471169195349755,-0.07187636086514726,1000,10,,,,
matched_tight/seed12,12,1,logs/ts/ws/diagnosis_donors/matched_tight/seed12/artifacts/diagnosis_mask1.npz,logs/ts/ws/diagnosis_donors/matched_tight/seed12/artifacts/diagnosis_gmm_fitted_mask1.npz,relational_max,loc_ap,exploratory paired engine-bootstrap difference; training-seed variability is a separate axis,,-0.31287221798801257,-0.23275438776366275,1000,10,-0.27513234776280887,,,
matched_tight/seed12,12,1,logs/ts/ws/diagnosis_donors/matched_tight/seed12/artifacts/diagnosis_mask1.npz,logs/ts/ws/diagnosis_donors/matched_tight/seed12/artifacts/diagnosis_gmm_fitted_mask1.npz,relational_max,end_to_end_unique_top1,exploratory paired engine-bootstrap difference; training-seed variability is a separate axis,,-0.24937117454543276,-0.1630156799134901,1000,10,,-0.20722891566265061,,
matched_tight/seed12,12,2,logs/ts/ws/diagnosis_donors/matched_tight/seed12/artifacts/diagnosis_mask2.npz,logs/ts/ws/diagnosis_donors/matched_tight/seed12/artifacts/diagnosis_gaussian_fitted_mask2.npz,relational_max,auroc,exploratory paired engine-bootstrap difference; training-seed variability is a separate axis,-0.14186093772681085,-0.16685337162975175,-0.112814655224613,1000,10,,,,
matched_tight/seed12,12,2,logs/ts/ws/diagnosis_donors/matched_tight/seed12/artifacts/diagnosis_mask2.npz,logs/ts/ws/diagnosis_donors/matched_tight/seed12/artifacts/diagnosis_gaussian_fitted_mask2.npz,relational_max,loc_ap,exploratory paired engine-bootstrap difference; training-seed variability is a separate axis,,-0.2691972847238899,-0.22179102561982228,1000,10,-0.24830314150206612,,,
matched_tight/seed12,12,2,logs/ts/ws/diagnosis_donors/matched_tight/seed12/artifacts/diagnosis_mask2.npz,logs/ts/ws/diagnosis_donors/matched_tight/seed12/artifacts/diagnosis_gaussian_fitted_mask2.npz,relational_max,end_to_end_unique_top1,exploratory paired engine-bootstrap difference; training-seed variability is a separate axis,,-0.3984611789239039,-0.34084017943225975,1000,10,,-0.37108433734939755,,
matched_tight/seed12,12,2,logs/ts/ws/diagnosis_donors/matched_tight/seed12/artifacts/diagnosis_mask2.npz,logs/ts/ws/diagnosis_donors/matched_tight/seed12/artifacts/diagnosis_gmm_fitted_mask2.npz,relational_max,auroc,exploratory paired engine-bootstrap difference; training-seed variability is a separate axis,-0.1445202496733924,-0.1728356366107067,-0.10351050835059775,1000,10,,,,
matched_tight/seed12,12,2,logs/ts/ws/diagnosis_donors/matched_tight/seed12/artifacts/diagnosis_mask2.npz,logs/ts/ws/diagnosis_donors/matched_tight/seed12/artifacts/diagnosis_gmm_fitted_mask2.npz,relational_max,loc_ap,exploratory paired engine-bootstrap difference; training-seed variability is a separate axis,,-0.284310795121777,-0.24235209646860073,1000,10,-0.26317106678665825,,,
matched_tight/seed12,12,2,logs/ts/ws/diagnosis_donors/matched_tight/seed12/artifacts/diagnosis_mask2.npz,logs/ts/ws/diagnosis_donors/matched_tight/seed12/artifacts/diagnosis_gmm_fitted_mask2.npz,relational_max,end_to_end_unique_top1,exploratory paired engine-bootstrap difference; training-seed variability is a separate axis,,-0.30934896080478314,-0.21017302349078054,1000,10,,-0.26265060240963856,,
matched_tight/seed12,12,3,logs/ts/ws/diagnosis_donors/matched_tight/seed12/artifacts/diagnosis_mask3.npz,logs/ts/ws/diagnosis_donors/matched_tight/seed12/artifacts/diagnosis_gaussian_fitted_mask3.npz,relational_max,auroc,exploratory paired engine-bootstrap difference; training-seed variability is a separate axis,-0.1440179997096821,-0.18495511511925408,-0.11592507109098123,1000,10,,,,
matched_tight/seed12,12,3,logs/ts/ws/diagnosis_donors/matched_tight/seed12/artifacts/diagnosis_mask3.npz,logs/ts/ws/diagnosis_donors/matched_tight/seed12/artifacts/diagnosis_gaussian_fitted_mask3.npz,relational_max,loc_ap,exploratory paired engine-bootstrap difference; training-seed variability is a separate axis,,-0.2833032466877151,-0.15879837870882815,1000,10,-0.23255813027552152,,,
matched_tight/seed12,12,3,logs/ts/ws/diagnosis_donors/matched_tight/seed12/artifacts/diagnosis_mask3.npz,logs/ts/ws/diagnosis_donors/matched_tight/seed12/artifacts/diagnosis_gaussian_fitted_mask3.npz,relational_max,end_to_end_unique_top1,exploratory paired engine-bootstrap difference; training-seed variability is a separate axis,,-0.363200525085872,-0.27327283679027864,1000,10,,-0.3228915662650602,,
matched_tight/seed12,12,3,logs/ts/ws/diagnosis_donors/matched_tight/seed12/artifacts/diagnosis_mask3.npz,logs/ts/ws/diagnosis_donors/matched_tight/seed12/artifacts/diagnosis_gmm_fitted_mask3.npz,relational_max,auroc,exploratory paired engine-bootstrap difference; training-seed variability is a separate axis,-0.1527275366526346,-0.1815204927857422,-0.12247248602941978,1000,10,,,,
matched_tight/seed12,12,3,logs/ts/ws/diagnosis_donors/matched_tight/seed12/artifacts/diagnosis_mask3.npz,logs/ts/ws/diagnosis_donors/matched_tight/seed12/artifacts/diagnosis_gmm_fitted_mask3.npz,relational_max,loc_ap,exploratory paired engine-bootstrap difference; training-seed variability is a separate axis,,-0.2893511123762893,-0.17230965361648362,1000,10,-0.2401747889791367,,,
matched_tight/seed12,12,3,logs/ts/ws/diagnosis_donors/matched_tight/seed12/artifacts/diagnosis_mask3.npz,logs/ts/ws/diagnosis_donors/matched_tight/seed12/artifacts/diagnosis_gmm_fitted_mask3.npz,relational_max,end_to_end_unique_top1,exploratory paired engine-bootstrap difference; training-seed variability is a separate axis,,-0.38251498432104153,-0.2819543526084224,1000,10,,-0.3373493975903614,,
matched_tight/seed12,12,4,logs/ts/ws/diagnosis_donors/matched_tight/seed12/artifacts/diagnosis_mask4.npz,logs/ts/ws/diagnosis_donors/matched_tight/seed12/artifacts/diagnosis_gaussian_fitted_mask4.npz,relational_max,auroc,exploratory paired engine-bootstrap difference; training-seed variability is a separate axis,-0.1151458847437945,-0.13484383849956272,-0.0951041754411606,1000,10,,,,
matched_tight/seed12,12,4,logs/ts/ws/diagnosis_donors/matched_tight/seed12/artifacts/diagnosis_mask4.npz,logs/ts/ws/diagnosis_donors/matched_tight/seed12/artifacts/diagnosis_gaussian_fitted_mask4.npz,relational_max,loc_ap,exploratory paired engine-bootstrap difference; training-seed variability is a separate axis,,-0.28373700204813107,-0.22017743215340463,1000,10,-0.2474451144094001,,,
matched_tight/seed12,12,4,logs/ts/ws/diagnosis_donors/matched_tight/seed12/artifacts/diagnosis_mask4.npz,logs/ts/ws/diagnosis_donors/matched_tight/seed12/artifacts/diagnosis_gaussian_fitted_mask4.npz,relational_max,end_to_end_unique_top1,exploratory paired engine-bootstrap difference; training-seed variability is a separate axis,,-0.3527514832793959,-0.2756406605922551,1000,10,,-0.308433734939759,,
matched_tight/seed12,12,4,logs/ts/ws/diagnosis_donors/matched_tight/seed12/artifacts/diagnosis_mask4.npz,logs/ts/ws/diagnosis_donors/matched_tight/seed12/artifacts/diagnosis_gmm_fitted_mask4.npz,relational_max,auroc,exploratory paired engine-bootstrap difference; training-seed variability is a separate axis,-0.12157352300769342,-0.14459317141504086,-0.09679729491949787,1000,10,,,,
matched_tight/seed12,12,4,logs/ts/ws/diagnosis_donors/matched_tight/seed12/artifacts/diagnosis_mask4.npz,logs/ts/ws/diagnosis_donors/matched_tight/seed12/artifacts/diagnosis_gmm_fitted_mask4.npz,relational_max,loc_ap,exploratory paired engine-bootstrap difference; training-seed variability is a separate axis,,-0.28489858781918564,-0.23441960682154567,1000,10,-0.2587430426716141,,,
matched_tight/seed12,12,4,logs/ts/ws/diagnosis_donors/matched_tight/seed12/artifacts/diagnosis_mask4.npz,logs/ts/ws/diagnosis_donors/matched_tight/seed12/artifacts/diagnosis_gmm_fitted_mask4.npz,relational_max,end_to_end_unique_top1,exploratory paired engine-bootstrap difference; training-seed variability is a separate axis,,-0.2942789273648649,-0.20580898555112617,1000,10,,-0.2506024096385542,,
matched_tight/seed12,12,5,logs/ts/ws/diagnosis_donors/matched_tight/seed12/artifacts/diagnosis_mask5.npz,logs/ts/ws/diagnosis_donors/matched_tight/seed12/artifacts/diagnosis_gaussian_fitted_mask5.npz,relational_max,auroc,exploratory paired engine-bootstrap difference; training-seed variability is a separate axis,-0.11841196109740171,-0.14155666306239487,-0.09298792038882081,1000,10,,,,
matched_tight/seed12,12,5,logs/ts/ws/diagnosis_donors/matched_tight/seed12/artifacts/diagnosis_mask5.npz,logs/ts/ws/diagnosis_donors/matched_tight/seed12/artifacts/diagnosis_gaussian_fitted_mask5.npz,relational_max,loc_ap,exploratory paired engine-bootstrap difference; training-seed variability is a separate axis,,-0.3058066173526898,-0.22810742042072107,1000,10,-0.27264876610771216,,,
matched_tight/seed12,12,5,logs/ts/ws/diagnosis_donors/matched_tight/seed12/artifacts/diagnosis_mask5.npz,logs/ts/ws/diagnosis_donors/matched_tight/seed12/artifacts/diagnosis_gaussian_fitted_mask5.npz,relational_max,end_to_end_unique_top1,exploratory paired engine-bootstrap difference; training-seed variability is a separate axis,,-0.41899673149586214,-0.33933603206730956,1000,10,,-0.3807228915662651,,
matched_tight/seed12,12,5,logs/ts/ws/diagnosis_donors/matched_tight/seed12/artifacts/diagnosis_mask5.npz,logs/ts/ws/diagnosis_donors/matched_tight/seed12/artifacts/diagnosis_gmm_fitted_mask5.npz,relational_max,auroc,exploratory paired engine-bootstrap difference; training-seed variability is a separate axis,-0.1340600958049064,-0.16045508913428538,-0.10029815576169207,1000,10,,,,
matched_tight/seed12,12,5,logs/ts/ws/diagnosis_donors/matched_tight/seed12/artifacts/diagnosis_mask5.npz,logs/ts/ws/diagnosis_donors/matched_tight/seed12/artifacts/diagnosis_gmm_fitted_mask5.npz,relational_max,loc_ap,exploratory paired engine-bootstrap difference; training-seed variability is a separate axis,,-0.32015108890598387,-0.22306769617527814,1000,10,-0.2749573409070959,,,
matched_tight/seed12,12,5,logs/ts/ws/diagnosis_donors/matched_tight/seed12/artifacts/diagnosis_mask5.npz,logs/ts/ws/diagnosis_donors/matched_tight/seed12/artifacts/diagnosis_gmm_fitted_mask5.npz,relational_max,end_to_end_unique_top1,exploratory paired engine-bootstrap difference; training-seed variability is a separate axis,,-0.42785702693930544,-0.35818230277185503,1000,10,,-0.3951807228915663,,
matched_tight/seed12,12,6,logs/ts/ws/diagnosis_donors/matched_tight/seed12/artifacts/diagnosis_mask6.npz,logs/ts/ws/diagnosis_donors/matched_tight/seed12/artifacts/diagnosis_gaussian_fitted_mask6.npz,relational_max,auroc,exploratory paired engine-bootstrap difference; training-seed variability is a separate axis,-0.11045144433154297,-0.13194800990354164,-0.08142224875239813,1000,10,,,,
matched_tight/seed12,12,6,logs/ts/ws/diagnosis_donors/matched_tight/seed12/artifacts/diagnosis_mask6.npz,logs/ts/ws/diagnosis_donors/matched_tight/seed12/artifacts/diagnosis_gaussian_fitted_mask6.npz,relational_max,loc_ap,exploratory paired engine-bootstrap difference; training-seed variability is a separate axis,,-0.287579641433595,-0.22567930428601446,1000,10,-0.2615276471012132,,,
matched_tight/seed12,12,6,logs/ts/ws/diagnosis_donors/matched_tight/seed12/artifacts/diagnosis_mask6.npz,logs/ts/ws/diagnosis_donors/matched_tight/seed12/artifacts/diagnosis_gaussian_fitted_mask6.npz,relational_max,end_to_end_unique_top1,exploratory paired engine-bootstrap difference; training-seed variability is a separate axis,,-0.2959441527446301,-0.2416086053918781,1000,10,,-0.26746987951807233,,
matched_tight/seed12,12,6,logs/ts/ws/diagnosis_donors/matched_tight/seed12/artifacts/diagnosis_mask6.npz,logs/ts/ws/diagnosis_donors/matched_tight/seed12/artifacts/diagnosis_gmm_fitted_mask6.npz,relational_max,auroc,exploratory paired engine-bootstrap difference; training-seed variability is a separate axis,-0.12933952678182603,-0.16233696831340966,-0.08197137698739598,1000,10,,,,
matched_tight/seed12,12,6,logs/ts/ws/diagnosis_donors/matched_tight/seed12/artifacts/diagnosis_mask6.npz,logs/ts/ws/diagnosis_donors/matched_tight/seed12/artifacts/diagnosis_gmm_fitted_mask6.npz,relational_max,loc_ap,exploratory paired engine-bootstrap difference; training-seed variability is a separate axis,,-0.32707426044759447,-0.22896247404423947,1000,10,-0.28309063846470345,,,
matched_tight/seed12,12,6,logs/ts/ws/diagnosis_donors/matched_tight/seed12/artifacts/diagnosis_mask6.npz,logs/ts/ws/diagnosis_donors/matched_tight/seed12/artifacts/diagnosis_gmm_fitted_mask6.npz,relational_max,end_to_end_unique_top1,exploratory paired engine-bootstrap difference; training-seed variability is a separate axis,,-0.13250949990080427,-0.05665028875009458,1000,10,,-0.10120481927710845,,
matched_tight/seed12,12,7,logs/ts/ws/diagnosis_donors/matched_tight/seed12/artifacts/diagnosis_mask7.npz,logs/ts/ws/diagnosis_donors/matched_tight/seed12/artifacts/diagnosis_gaussian_fitted_mask7.npz,relational_max,auroc,exploratory paired engine-bootstrap difference; training-seed variability is a separate axis,0.0,0.0,0.0,1000,10,,,,
matched_tight/seed12,12,7,diagnosis_mask7.npz,diagnosis_gaussian_fitted_mask7.npz,relational_max,loc_ap,,,,,,,,,True,no bootstrap replicate produced a defined statistic
matched_tight/seed12,12,7,logs/ts/ws/diagnosis_donors/matched_tight/seed12/artifacts/diagnosis_mask7.npz,logs/ts/ws/diagnosis_donors/matched_tight/seed12/artifacts/diagnosis_gaussian_fitted_mask7.npz,relational_max,end_to_end_unique_top1,exploratory paired engine-bootstrap difference; training-seed variability is a separate axis,,0.0,0.0,1000,10,,0.0,,
matched_tight/seed12,12,7,logs/ts/ws/diagnosis_donors/matched_tight/seed12/artifacts/diagnosis_mask7.npz,logs/ts/ws/diagnosis_donors/matched_tight/seed12/artifacts/diagnosis_gmm_fitted_mask7.npz,relational_max,auroc,exploratory paired engine-bootstrap difference; training-seed variability is a separate axis,0.0,0.0,0.0,1000,10,,,,
matched_tight/seed12,12,7,diagnosis_mask7.npz,diagnosis_gmm_fitted_mask7.npz,relational_max,loc_ap,,,,,,,,,True,no bootstrap replicate produced a defined statistic
matched_tight/seed12,12,7,logs/ts/ws/diagnosis_donors/matched_tight/seed12/artifacts/diagnosis_mask7.npz,logs/ts/ws/diagnosis_donors/matched_tight/seed12/artifacts/diagnosis_gmm_fitted_mask7.npz,relational_max,end_to_end_unique_top1,exploratory paired engine-bootstrap difference; training-seed variability is a separate axis,,0.0,0.0,1000,10,,0.0,,
matched_tight/seed13,13,0,logs/ts/ws/diagnosis_donors/matched_tight/seed13/artifacts/diagnosis_mask0.npz,logs/ts/ws/diagnosis_donors/matched_tight/seed13/artifacts/diagnosis_gaussian_fitted_mask0.npz,relational_max,auroc,exploratory paired engine-bootstrap difference; training-seed variability is a separate axis,-0.12384605017856731,-0.13326547099249908,-0.10885145277774115,1000,10,,,,
matched_tight/seed13,13,0,logs/ts/ws/diagnosis_donors/matched_tight/seed13/artifacts/diagnosis_mask0.npz,logs/ts/ws/diagnosis_donors/matched_tight/seed13/artifacts/diagnosis_gaussian_fitted_mask0.npz,relational_max,loc_ap,exploratory paired engine-bootstrap difference; training-seed variability is a separate axis,,-0.25190864639207766,-0.1656797206934817,1000,10,-0.212941243415177,,,
matched_tight/seed13,13,0,logs/ts/ws/diagnosis_donors/matched_tight/seed13/artifacts/diagnosis_mask0.npz,logs/ts/ws/diagnosis_donors/matched_tight/seed13/artifacts/diagnosis_gaussian_fitted_mask0.npz,relational_max,end_to_end_unique_top1,exploratory paired engine-bootstrap difference; training-seed variability is a separate axis,,-0.2606328059579169,-0.19528641651646733,1000,10,,-0.22985781990521326,,
matched_tight/seed13,13,0,logs/ts/ws/diagnosis_donors/matched_tight/seed13/artifacts/diagnosis_mask0.npz,logs/ts/ws/diagnosis_donors/matched_tight/seed13/artifacts/diagnosis_gmm_fitted_mask0.npz,relational_max,auroc,exploratory paired engine-bootstrap difference; training-seed variability is a separate axis,-0.12107769367264887,-0.13240109474305153,-0.10138934653003431,1000,10,,,,
matched_tight/seed13,13,0,logs/ts/ws/diagnosis_donors/matched_tight/seed13/artifacts/diagnosis_mask0.npz,logs/ts/ws/diagnosis_donors/matched_tight/seed13/artifacts/diagnosis_gmm_fitted_mask0.npz,relational_max,loc_ap,exploratory paired engine-bootstrap difference; training-seed variability is a separate axis,,-0.2586944580393156,-0.16605548108723955,1000,10,-0.21331838865014213,,,
matched_tight/seed13,13,0,logs/ts/ws/diagnosis_donors/matched_tight/seed13/artifacts/diagnosis_mask0.npz,logs/ts/ws/diagnosis_donors/matched_tight/seed13/artifacts/diagnosis_gmm_fitted_mask0.npz,relational_max,end_to_end_unique_top1,exploratory paired engine-bootstrap difference; training-seed variability is a separate axis,,-0.20847710921000825,-0.1150895140664962,1000,10,,-0.16113744075829384,,
matched_tight/seed13,13,1,logs/ts/ws/diagnosis_donors/matched_tight/seed13/artifacts/diagnosis_mask1.npz,logs/ts/ws/diagnosis_donors/matched_tight/seed13/artifacts/diagnosis_gaussian_fitted_mask1.npz,relational_max,auroc,exploratory paired engine-bootstrap difference; training-seed variability is a separate axis,-0.11832056782192668,-0.13980167928441437,-0.09424733589452645,1000,10,,,,
matched_tight/seed13,13,1,logs/ts/ws/diagnosis_donors/matched_tight/seed13/artifacts/diagnosis_mask1.npz,logs/ts/ws/diagnosis_donors/matched_tight/seed13/artifacts/diagnosis_gaussian_fitted_mask1.npz,relational_max,loc_ap,exploratory paired engine-bootstrap difference; training-seed variability is a separate axis,,-0.2514850137973537,-0.1744547729886396,1000,10,-0.2171987616355086,,,
matched_tight/seed13,13,1,logs/ts/ws/diagnosis_donors/matched_tight/seed13/artifacts/diagnosis_mask1.npz,logs/ts/ws/diagnosis_donors/matched_tight/seed13/artifacts/diagnosis_gaussian_fitted_mask1.npz,relational_max,end_to_end_unique_top1,exploratory paired engine-bootstrap difference; training-seed variability is a separate axis,,-0.2821822755575157,-0.2157315284827975,1000,10,,-0.2511848341232228,,
matched_tight/seed13,13,1,logs/ts/ws/diagnosis_donors/matched_tight/seed13/artifacts/diagnosis_mask1.npz,logs/ts/ws/diagnosis_donors/matched_tight/seed13/artifacts/diagnosis_gmm_fitted_mask1.npz,relational_max,auroc,exploratory paired engine-bootstrap difference; training-seed variability is a separate axis,-0.1239471260753352,-0.15283789226767128,-0.09340771078768283,1000,10,,,,
matched_tight/seed13,13,1,logs/ts/ws/diagnosis_donors/matched_tight/seed13/artifacts/diagnosis_mask1.npz,logs/ts/ws/diagnosis_donors/matched_tight/seed13/artifacts/diagnosis_gmm_fitted_mask1.npz,relational_max,loc_ap,exploratory paired engine-bootstrap difference; training-seed variability is a separate axis,,-0.2551169613008544,-0.17779465484090934,1000,10,-0.21682277985290027,,,
matched_tight/seed13,13,1,logs/ts/ws/diagnosis_donors/matched_tight/seed13/artifacts/diagnosis_mask1.npz,logs/ts/ws/diagnosis_donors/matched_tight/seed13/artifacts/diagnosis_gmm_fitted_mask1.npz,relational_max,end_to_end_unique_top1,exploratory paired engine-bootstrap difference; training-seed variability is a separate axis,,-0.2659240994854203,-0.1782559022890694,1000,10,,-0.22274881516587675,,
matched_tight/seed13,13,2,logs/ts/ws/diagnosis_donors/matched_tight/seed13/artifacts/diagnosis_mask2.npz,logs/ts/ws/diagnosis_donors/matched_tight/seed13/artifacts/diagnosis_gaussian_fitted_mask2.npz,relational_max,auroc,exploratory paired engine-bootstrap difference; training-seed variability is a separate axis,-0.13540520203948692,-0.1572392840489398,-0.10313658855619863,1000,10,,,,
matched_tight/seed13,13,2,logs/ts/ws/diagnosis_donors/matched_tight/seed13/artifacts/diagnosis_mask2.npz,logs/ts/ws/diagnosis_donors/matched_tight/seed13/artifacts/diagnosis_gaussian_fitted_mask2.npz,relational_max,loc_ap,exploratory paired engine-bootstrap difference; training-seed variability is a separate axis,,-0.24307680445725915,-0.14976861334301608,1000,10,-0.2022171552061448,,,
matched_tight/seed13,13,2,logs/ts/ws/diagnosis_donors/matched_tight/seed13/artifacts/diagnosis_mask2.npz,logs/ts/ws/diagnosis_donors/matched_tight/seed13/artifacts/diagnosis_gaussian_fitted_mask2.npz,relational_max,end_to_end_unique_top1,exploratory paired engine-bootstrap difference; training-seed variability is a separate axis,,-0.30369405257409743,-0.2175505578800558,1000,10,,-0.2606635071090047,,
matched_tight/seed13,13,2,logs/ts/ws/diagnosis_donors/matched_tight/seed13/artifacts/diagnosis_mask2.npz,logs/ts/ws/diagnosis_donors/matched_tight/seed13/artifacts/diagnosis_gmm_fitted_mask2.npz,relational_max,auroc,exploratory paired engine-bootstrap difference; training-seed variability is a separate axis,-0.13332753082814852,-0.15843933874389451,-0.09949545698798391,1000,10,,,,
matched_tight/seed13,13,2,logs/ts/ws/diagnosis_donors/matched_tight/seed13/artifacts/diagnosis_mask2.npz,logs/ts/ws/diagnosis_donors/matched_tight/seed13/artifacts/diagnosis_gmm_fitted_mask2.npz,relational_max,loc_ap,exploratory paired engine-bootstrap difference; training-seed variability is a separate axis,,-0.25291023764400106,-0.1510157770037945,1000,10,-0.20561597189511682,,,
matched_tight/seed13,13,2,logs/ts/ws/diagnosis_donors/matched_tight/seed13/artifacts/diagnosis_mask2.npz,logs/ts/ws/diagnosis_donors/matched_tight/seed13/artifacts/diagnosis_gmm_fitted_mask2.npz,relational_max,end_to_end_unique_top1,exploratory paired engine-bootstrap difference; training-seed variability is a separate axis,,-0.2725370659383535,-0.18356297203510927,1000,10,,-0.22511848341232227,,
matched_tight/seed13,13,3,logs/ts/ws/diagnosis_donors/matched_tight/seed13/artifacts/diagnosis_mask3.npz,logs/ts/ws/diagnosis_donors/matched_tight/seed13/artifacts/diagnosis_gaussian_fitted_mask3.npz,relational_max,auroc,exploratory paired engine-bootstrap difference; training-seed variability is a separate axis,-0.12653859976191018,-0.16268598610987361,-0.0888345775665683,1000,10,,,,
matched_tight/seed13,13,3,logs/ts/ws/diagnosis_donors/matched_tight/seed13/artifacts/diagnosis_mask3.npz,logs/ts/ws/diagnosis_donors/matched_tight/seed13/artifacts/diagnosis_gaussian_fitted_mask3.npz,relational_max,loc_ap,exploratory paired engine-bootstrap difference; training-seed variability is a separate axis,,-0.23183856694216973,-0.1194870168898025,1000,10,-0.1783320655205639,,,
matched_tight/seed13,13,3,logs/ts/ws/diagnosis_donors/matched_tight/seed13/artifacts/diagnosis_mask3.npz,logs/ts/ws/diagnosis_donors/matched_tight/seed13/artifacts/diagnosis_gaussian_fitted_mask3.npz,relational_max,end_to_end_unique_top1,exploratory paired engine-bootstrap difference; training-seed variability is a separate axis,,-0.28343296826471753,-0.16744417862838915,1000,10,,-0.22985781990521326,,
matched_tight/seed13,13,3,logs/ts/ws/diagnosis_donors/matched_tight/seed13/artifacts/diagnosis_mask3.npz,logs/ts/ws/diagnosis_donors/matched_tight/seed13/artifacts/diagnosis_gmm_fitted_mask3.npz,relational_max,auroc,exploratory paired engine-bootstrap difference; training-seed variability is a separate axis,-0.13683711057703107,-0.17074157105497909,-0.10118005569868777,1000,10,,,,
matched_tight/seed13,13,3,logs/ts/ws/diagnosis_donors/matched_tight/seed13/artifacts/diagnosis_mask3.npz,logs/ts/ws/diagnosis_donors/matched_tight/seed13/artifacts/diagnosis_gmm_fitted_mask3.npz,relational_max,loc_ap,exploratory paired engine-bootstrap difference; training-seed variability is a separate axis,,-0.22564696793939165,-0.12300063367544424,1000,10,-0.17945661544703084,,,
matched_tight/seed13,13,3,logs/ts/ws/diagnosis_donors/matched_tight/seed13/artifacts/diagnosis_mask3.npz,logs/ts/ws/diagnosis_donors/matched_tight/seed13/artifacts/diagnosis_gmm_fitted_mask3.npz,relational_max,end_to_end_unique_top1,exploratory paired engine-bootstrap difference; training-seed variability is a separate axis,,-0.29201478180640345,-0.18227280103862387,1000,10,,-0.2417061611374407,,
matched_tight/seed13,13,4,logs/ts/ws/diagnosis_donors/matched_tight/seed13/artifacts/diagnosis_mask4.npz,logs/ts/ws/diagnosis_donors/matched_tight/seed13/artifacts/diagnosis_gaussian_fitted_mask4.npz,relational_max,auroc,exploratory paired engine-bootstrap difference; training-seed variability is a separate axis,-0.1285629253610655,-0.15397502360510545,-0.09838150547731367,1000,10,,,,
matched_tight/seed13,13,4,logs/ts/ws/diagnosis_donors/matched_tight/seed13/artifacts/diagnosis_mask4.npz,logs/ts/ws/diagnosis_donors/matched_tight/seed13/artifacts/diagnosis_gaussian_fitted_mask4.npz,relational_max,loc_ap,exploratory paired engine-bootstrap difference; training-seed variability is a separate axis,,-0.25763518933766316,-0.18044294608269767,1000,10,-0.22112516020901118,,,
matched_tight/seed13,13,4,logs/ts/ws/diagnosis_donors/matched_tight/seed13/artifacts/diagnosis_mask4.npz,logs/ts/ws/diagnosis_donors/matched_tight/seed13/artifacts/diagnosis_gaussian_fitted_mask4.npz,relational_max,end_to_end_unique_top1,exploratory paired engine-bootstrap difference; training-seed variability is a separate axis,,-0.29597035200662264,-0.21857297512261942,1000,10,,-0.2559241706161137,,
matched_tight/seed13,13,4,logs/ts/ws/diagnosis_donors/matched_tight/seed13/artifacts/diagnosis_mask4.npz,logs/ts/ws/diagnosis_donors/matched_tight/seed13/artifacts/diagnosis_gmm_fitted_mask4.npz,relational_max,auroc,exploratory paired engine-bootstrap difference; training-seed variability is a separate axis,-0.13227465690348372,-0.16004320676881265,-0.09941897147844,1000,10,,,,
matched_tight/seed13,13,4,logs/ts/ws/diagnosis_donors/matched_tight/seed13/artifacts/diagnosis_mask4.npz,logs/ts/ws/diagnosis_donors/matched_tight/seed13/artifacts/diagnosis_gmm_fitted_mask4.npz,relational_max,loc_ap,exploratory paired engine-bootstrap difference; training-seed variability is a separate axis,,-0.2646341993592117,-0.20376648534214314,1000,10,-0.2372306023858819,,,
matched_tight/seed13,13,4,logs/ts/ws/diagnosis_donors/matched_tight/seed13/artifacts/diagnosis_mask4.npz,logs/ts/ws/diagnosis_donors/matched_tight/seed13/artifacts/diagnosis_gmm_fitted_mask4.npz,relational_max,end_to_end_unique_top1,exploratory paired engine-bootstrap difference; training-seed variability is a separate axis,,-0.299025530286464,-0.21607282351432336,1000,10,,-0.2559241706161137,,
matched_tight/seed13,13,5,logs/ts/ws/diagnosis_donors/matched_tight/seed13/artifacts/diagnosis_mask5.npz,logs/ts/ws/diagnosis_donors/matched_tight/seed13/artifacts/diagnosis_gaussian_fitted_mask5.npz,relational_max,auroc,exploratory paired engine-bootstrap difference; training-seed variability is a separate axis,-0.12738370656544096,-0.14020100813175482,-0.10762204373441744,1000,10,,,,
matched_tight/seed13,13,5,logs/ts/ws/diagnosis_donors/matched_tight/seed13/artifacts/diagnosis_mask5.npz,logs/ts/ws/diagnosis_donors/matched_tight/seed13/artifacts/diagnosis_gaussian_fitted_mask5.npz,relational_max,loc_ap,exploratory paired engine-bootstrap difference; training-seed variability is a separate axis,,-0.26544210872327667,-0.16661338567912182,1000,10,-0.2197050125355413,,,
matched_tight/seed13,13,5,logs/ts/ws/diagnosis_donors/matched_tight/seed13/artifacts/diagnosis_mask5.npz,logs/ts/ws/diagnosis_donors/matched_tight/seed13/artifacts/diagnosis_gaussian_fitted_mask5.npz,relational_max,end_to_end_unique_top1,exploratory paired engine-bootstrap difference; training-seed variability is a separate axis,,-0.28699472072972637,-0.2156704617330803,1000,10,,-0.25355450236966826,,
matched_tight/seed13,13,5,logs/ts/ws/diagnosis_donors/matched_tight/seed13/artifacts/diagnosis_mask5.npz,logs/ts/ws/diagnosis_donors/matched_tight/seed13/artifacts/diagnosis_gmm_fitted_mask5.npz,relational_max,auroc,exploratory paired engine-bootstrap difference; training-seed variability is a separate axis,-0.14301677859886341,-0.1572840743397577,-0.12218724036234406,1000,10,,,,
matched_tight/seed13,13,5,logs/ts/ws/diagnosis_donors/matched_tight/seed13/artifacts/diagnosis_mask5.npz,logs/ts/ws/diagnosis_donors/matched_tight/seed13/artifacts/diagnosis_gmm_fitted_mask5.npz,relational_max,loc_ap,exploratory paired engine-bootstrap difference; training-seed variability is a separate axis,,-0.2643583432496714,-0.1558845680728565,1000,10,-0.21203384645091383,,,
matched_tight/seed13,13,5,logs/ts/ws/diagnosis_donors/matched_tight/seed13/artifacts/diagnosis_mask5.npz,logs/ts/ws/diagnosis_donors/matched_tight/seed13/artifacts/diagnosis_gmm_fitted_mask5.npz,relational_max,end_to_end_unique_top1,exploratory paired engine-bootstrap difference; training-seed variability is a separate axis,,-0.30201457466250975,-0.2301776905049813,1000,10,,-0.2677725118483413,,
matched_tight/seed13,13,6,logs/ts/ws/diagnosis_donors/matched_tight/seed13/artifacts/diagnosis_mask6.npz,logs/ts/ws/diagnosis_donors/matched_tight/seed13/artifacts/diagnosis_gaussian_fitted_mask6.npz,relational_max,auroc,exploratory paired engine-bootstrap difference; training-seed variability is a separate axis,-0.10934165899238557,-0.12442646062572543,-0.09056893176512926,1000,10,,,,
matched_tight/seed13,13,6,logs/ts/ws/diagnosis_donors/matched_tight/seed13/artifacts/diagnosis_mask6.npz,logs/ts/ws/diagnosis_donors/matched_tight/seed13/artifacts/diagnosis_gaussian_fitted_mask6.npz,relational_max,loc_ap,exploratory paired engine-bootstrap difference; training-seed variability is a separate axis,,-0.2381032449998458,-0.16702320792802502,1000,10,-0.20503983894685862,,,
matched_tight/seed13,13,6,logs/ts/ws/diagnosis_donors/matched_tight/seed13/artifacts/diagnosis_mask6.npz,logs/ts/ws/diagnosis_donors/matched_tight/seed13/artifacts/diagnosis_gaussian_fitted_mask6.npz,relational_max,end_to_end_unique_top1,exploratory paired engine-bootstrap difference; training-seed variability is a separate axis,,-0.225876978341044,-0.17485501082585836,1000,10,,-0.20142180094786732,,
matched_tight/seed13,13,6,logs/ts/ws/diagnosis_donors/matched_tight/seed13/artifacts/diagnosis_mask6.npz,logs/ts/ws/diagnosis_donors/matched_tight/seed13/artifacts/diagnosis_gmm_fitted_mask6.npz,relational_max,auroc,exploratory paired engine-bootstrap difference; training-seed variability is a separate axis,-0.11243570449900042,-0.12911707875927633,-0.08544469978876523,1000,10,,,,
matched_tight/seed13,13,6,logs/ts/ws/diagnosis_donors/matched_tight/seed13/artifacts/diagnosis_mask6.npz,logs/ts/ws/diagnosis_donors/matched_tight/seed13/artifacts/diagnosis_gmm_fitted_mask6.npz,relational_max,loc_ap,exploratory paired engine-bootstrap difference; training-seed variability is a separate axis,,-0.23389045271195805,-0.16268864160839677,1000,10,-0.19990562074305906,,,
matched_tight/seed13,13,6,logs/ts/ws/diagnosis_donors/matched_tight/seed13/artifacts/diagnosis_mask6.npz,logs/ts/ws/diagnosis_donors/matched_tight/seed13/artifacts/diagnosis_gmm_fitted_mask6.npz,relational_max,end_to_end_unique_top1,exploratory paired engine-bootstrap difference; training-seed variability is a separate axis,,-0.16273911406797373,-0.08899032082206153,1000,10,,-0.1255924170616114,,
matched_tight/seed13,13,7,logs/ts/ws/diagnosis_donors/matched_tight/seed13/artifacts/diagnosis_mask7.npz,logs/ts/ws/diagnosis_donors/matched_tight/seed13/artifacts/diagnosis_gaussian_fitted_mask7.npz,relational_max,auroc,exploratory paired engine-bootstrap difference; training-seed variability is a separate axis,0.0,0.0,0.0,1000,10,,,,
matched_tight/seed13,13,7,diagnosis_mask7.npz,diagnosis_gaussian_fitted_mask7.npz,relational_max,loc_ap,,,,,,,,,True,no bootstrap replicate produced a defined statistic
matched_tight/seed13,13,7,logs/ts/ws/diagnosis_donors/matched_tight/seed13/artifacts/diagnosis_mask7.npz,logs/ts/ws/diagnosis_donors/matched_tight/seed13/artifacts/diagnosis_gaussian_fitted_mask7.npz,relational_max,end_to_end_unique_top1,exploratory paired engine-bootstrap difference; training-seed variability is a separate axis,,0.0,0.0,1000,10,,0.0,,
matched_tight/seed13,13,7,logs/ts/ws/diagnosis_donors/matched_tight/seed13/artifacts/diagnosis_mask7.npz,logs/ts/ws/diagnosis_donors/matched_tight/seed13/artifacts/diagnosis_gmm_fitted_mask7.npz,relational_max,auroc,exploratory paired engine-bootstrap difference; training-seed variability is a separate axis,0.0,0.0,0.0,1000,10,,,,
matched_tight/seed13,13,7,diagnosis_mask7.npz,diagnosis_gmm_fitted_mask7.npz,relational_max,loc_ap,,,,,,,,,True,no bootstrap replicate produced a defined statistic
matched_tight/seed13,13,7,logs/ts/ws/diagnosis_donors/matched_tight/seed13/artifacts/diagnosis_mask7.npz,logs/ts/ws/diagnosis_donors/matched_tight/seed13/artifacts/diagnosis_gmm_fitted_mask7.npz,relational_max,end_to_end_unique_top1,exploratory paired engine-bootstrap difference; training-seed variability is a separate axis,,0.0,0.0,1000,10,,0.0,,
unmatched/seed11,11,0,logs/ts/ws/diagnosis_donors/unmatched/seed11/artifacts/diagnosis_mask0.npz,logs/ts/ws/diagnosis_donors/unmatched/seed11/artifacts/diagnosis_gaussian_fitted_mask0.npz,relational_max,auroc,exploratory paired engine-bootstrap difference; training-seed variability is a separate axis,-0.1432593933906745,-0.1862463634587933,-0.11210281635797395,1000,10,,,,
unmatched/seed11,11,0,logs/ts/ws/diagnosis_donors/unmatched/seed11/artifacts/diagnosis_mask0.npz,logs/ts/ws/diagnosis_donors/unmatched/seed11/artifacts/diagnosis_gaussian_fitted_mask0.npz,relational_max,loc_ap,exploratory paired engine-bootstrap difference; training-seed variability is a separate axis,,-0.29722410173873676,-0.22302602454572132,1000,10,-0.25397480779661624,,,
unmatched/seed11,11,0,logs/ts/ws/diagnosis_donors/unmatched/seed11/artifacts/diagnosis_mask0.npz,logs/ts/ws/diagnosis_donors/unmatched/seed11/artifacts/diagnosis_gaussian_fitted_mask0.npz,relational_max,end_to_end_unique_top1,exploratory paired engine-bootstrap difference; training-seed variability is a separate axis,,-0.41594956896551727,-0.2999941451990632,1000,10,,-0.3553191489361702,,
unmatched/seed11,11,0,logs/ts/ws/diagnosis_donors/unmatched/seed11/artifacts/diagnosis_mask0.npz,logs/ts/ws/diagnosis_donors/unmatched/seed11/artifacts/diagnosis_gmm_fitted_mask0.npz,relational_max,auroc,exploratory paired engine-bootstrap difference; training-seed variability is a separate axis,-0.14196468990493438,-0.19181277310157793,-0.10157180638887717,1000,10,,,,
unmatched/seed11,11,0,logs/ts/ws/diagnosis_donors/unmatched/seed11/artifacts/diagnosis_mask0.npz,logs/ts/ws/diagnosis_donors/unmatched/seed11/artifacts/diagnosis_gmm_fitted_mask0.npz,relational_max,loc_ap,exploratory paired engine-bootstrap difference; training-seed variability is a separate axis,,-0.28545324077928247,-0.21983088210067497,1000,10,-0.2488486402289592,,,
unmatched/seed11,11,0,logs/ts/ws/diagnosis_donors/unmatched/seed11/artifacts/diagnosis_mask0.npz,logs/ts/ws/diagnosis_donors/unmatched/seed11/artifacts/diagnosis_gmm_fitted_mask0.npz,relational_max,end_to_end_unique_top1,exploratory paired engine-bootstrap difference; training-seed variability is a separate axis,,-0.28435724891874115,-0.2114531151667716,1000,10,,-0.24893617021276593,,
unmatched/seed11,11,1,logs/ts/ws/diagnosis_donors/unmatched/seed11/artifacts/diagnosis_mask1.npz,logs/ts/ws/diagnosis_donors/unmatched/seed11/artifacts/diagnosis_gaussian_fitted_mask1.npz,relational_max,auroc,exploratory paired engine-bootstrap difference; training-seed variability is a separate axis,-0.1339542779538252,-0.17737615120632674,-0.10126539194605756,1000,10,,,,
unmatched/seed11,11,1,logs/ts/ws/diagnosis_donors/unmatched/seed11/artifacts/diagnosis_mask1.npz,logs/ts/ws/diagnosis_donors/unmatched/seed11/artifacts/diagnosis_gaussian_fitted_mask1.npz,relational_max,loc_ap,exploratory paired engine-bootstrap difference; training-seed variability is a separate axis,,-0.28962847930582664,-0.21689031068960593,1000,10,-0.2473351820537968,,,
unmatched/seed11,11,1,logs/ts/ws/diagnosis_donors/unmatched/seed11/artifacts/diagnosis_mask1.npz,logs/ts/ws/diagnosis_donors/unmatched/seed11/artifacts/diagnosis_gaussian_fitted_mask1.npz,relational_max,end_to_end_unique_top1,exploratory paired engine-bootstrap difference; training-seed variability is a separate axis,,-0.40237098344693284,-0.29491476882188516,1000,10,,-0.35106382978723405,,
unmatched/seed11,11,1,logs/ts/ws/diagnosis_donors/unmatched/seed11/artifacts/diagnosis_mask1.npz,logs/ts/ws/diagnosis_donors/unmatched/seed11/artifacts/diagnosis_gmm_fitted_mask1.npz,relational_max,auroc,exploratory paired engine-bootstrap difference; training-seed variability is a separate axis,-0.14240153915799003,-0.18469444501336355,-0.1109464495762476,1000,10,,,,
unmatched/seed11,11,1,logs/ts/ws/diagnosis_donors/unmatched/seed11/artifacts/diagnosis_mask1.npz,logs/ts/ws/diagnosis_donors/unmatched/seed11/artifacts/diagnosis_gmm_fitted_mask1.npz,relational_max,loc_ap,exploratory paired engine-bootstrap difference; training-seed variability is a separate axis,,-0.2789082679160343,-0.22887125781819878,1000,10,-0.248108611666512,,,
unmatched/seed11,11,1,logs/ts/ws/diagnosis_donors/unmatched/seed11/artifacts/diagnosis_mask1.npz,logs/ts/ws/diagnosis_donors/unmatched/seed11/artifacts/diagnosis_gmm_fitted_mask1.npz,relational_max,end_to_end_unique_top1,exploratory paired engine-bootstrap difference; training-seed variability is a separate axis,,-0.31604371238517576,-0.23353293413173654,1000,10,,-0.276595744680851,,
unmatched/seed11,11,2,logs/ts/ws/diagnosis_donors/unmatched/seed11/artifacts/diagnosis_mask2.npz,logs/ts/ws/diagnosis_donors/unmatched/seed11/artifacts/diagnosis_gaussian_fitted_mask2.npz,relational_max,auroc,exploratory paired engine-bootstrap difference; training-seed variability is a separate axis,-0.13102761430511545,-0.16689903822618418,-0.09606242390539883,1000,10,,,,
unmatched/seed11,11,2,logs/ts/ws/diagnosis_donors/unmatched/seed11/artifacts/diagnosis_mask2.npz,logs/ts/ws/diagnosis_donors/unmatched/seed11/artifacts/diagnosis_gaussian_fitted_mask2.npz,relational_max,loc_ap,exploratory paired engine-bootstrap difference; training-seed variability is a separate axis,,-0.28364824034720637,-0.2079858303709754,1000,10,-0.24139947200015843,,,
unmatched/seed11,11,2,logs/ts/ws/diagnosis_donors/unmatched/seed11/artifacts/diagnosis_mask2.npz,logs/ts/ws/diagnosis_donors/unmatched/seed11/artifacts/diagnosis_gaussian_fitted_mask2.npz,relational_max,end_to_end_unique_top1,exploratory paired engine-bootstrap difference; training-seed variability is a separate axis,,-0.427333680640227,-0.3177603997984815,1000,10,,-0.376595744680851,,
unmatched/seed11,11,2,logs/ts/ws/diagnosis_donors/unmatched/seed11/artifacts/diagnosis_mask2.npz,logs/ts/ws/diagnosis_donors/unmatched/seed11/artifacts/diagnosis_gmm_fitted_mask2.npz,relational_max,auroc,exploratory paired engine-bootstrap difference; training-seed variability is a separate axis,-0.1330466274332277,-0.1713003552748281,-0.09715263999604662,1000,10,,,,
unmatched/seed11,11,2,logs/ts/ws/diagnosis_donors/unmatched/seed11/artifacts/diagnosis_mask2.npz,logs/ts/ws/diagnosis_donors/unmatched/seed11/artifacts/diagnosis_gmm_fitted_mask2.npz,relational_max,loc_ap,exploratory paired engine-bootstrap difference; training-seed variability is a separate axis,,-0.28456992988510726,-0.20268632287874289,1000,10,-0.2412945283168395,,,
unmatched/seed11,11,2,logs/ts/ws/diagnosis_donors/unmatched/seed11/artifacts/diagnosis_mask2.npz,logs/ts/ws/diagnosis_donors/unmatched/seed11/artifacts/diagnosis_gmm_fitted_mask2.npz,relational_max,end_to_end_unique_top1,exploratory paired engine-bootstrap difference; training-seed variability is a separate axis,,-0.3352606789935661,-0.2523353768327189,1000,10,,-0.30000000000000004,,
unmatched/seed11,11,3,logs/ts/ws/diagnosis_donors/unmatched/seed11/artifacts/diagnosis_mask3.npz,logs/ts/ws/diagnosis_donors/unmatched/seed11/artifacts/diagnosis_gaussian_fitted_mask3.npz,relational_max,auroc,exploratory paired engine-bootstrap difference; training-seed variability is a separate axis,-0.14078542326844734,-0.17618448025613803,-0.10180331197568968,1000,10,,,,
unmatched/seed11,11,3,logs/ts/ws/diagnosis_donors/unmatched/seed11/artifacts/diagnosis_mask3.npz,logs/ts/ws/diagnosis_donors/unmatched/seed11/artifacts/diagnosis_gaussian_fitted_mask3.npz,relational_max,loc_ap,exploratory paired engine-bootstrap difference; training-seed variability is a separate axis,,-0.3008288327864306,-0.17575869882404158,1000,10,-0.22791143936328062,,,
unmatched/seed11,11,3,logs/ts/ws/diagnosis_donors/unmatched/seed11/artifacts/diagnosis_mask3.npz,logs/ts/ws/diagnosis_donors/unmatched/seed11/artifacts/diagnosis_gaussian_fitted_mask3.npz,relational_max,end_to_end_unique_top1,exploratory paired engine-bootstrap difference; training-seed variability is a separate axis,,-0.38277563409991255,-0.27392450065132434,1000,10,,-0.32978723404255317,,
unmatched/seed11,11,3,logs/ts/ws/diagnosis_donors/unmatched/seed11/artifacts/diagnosis_mask3.npz,logs/ts/ws/diagnosis_donors/unmatched/seed11/artifacts/diagnosis_gmm_fitted_mask3.npz,relational_max,auroc,exploratory paired engine-bootstrap difference; training-seed variability is a separate axis,-0.14753055681303762,-0.1791935818348239,-0.11491900830093968,1000,10,,,,
unmatched/seed11,11,3,logs/ts/ws/diagnosis_donors/unmatched/seed11/artifacts/diagnosis_mask3.npz,logs/ts/ws/diagnosis_donors/unmatched/seed11/artifacts/diagnosis_gmm_fitted_mask3.npz,relational_max,loc_ap,exploratory paired engine-bootstrap difference; training-seed variability is a separate axis,,-0.2948185994153935,-0.18089715608465615,1000,10,-0.23390552632762263,,,
unmatched/seed11,11,3,logs/ts/ws/diagnosis_donors/unmatched/seed11/artifacts/diagnosis_mask3.npz,logs/ts/ws/diagnosis_donors/unmatched/seed11/artifacts/diagnosis_gmm_fitted_mask3.npz,relational_max,end_to_end_unique_top1,exploratory paired engine-bootstrap difference; training-seed variability is a separate axis,,-0.3983517893810502,-0.2892941553499179,1000,10,,-0.34893617021276596,,
unmatched/seed11,11,4,logs/ts/ws/diagnosis_donors/unmatched/seed11/artifacts/diagnosis_mask4.npz,logs/ts/ws/diagnosis_donors/unmatched/seed11/artifacts/diagnosis_gaussian_fitted_mask4.npz,relational_max,auroc,exploratory paired engine-bootstrap difference; training-seed variability is a separate axis,-0.13432095971027613,-0.17922266538559717,-0.09651828234293018,1000,10,,,,
unmatched/seed11,11,4,logs/ts/ws/diagnosis_donors/unmatched/seed11/artifacts/diagnosis_mask4.npz,logs/ts/ws/diagnosis_donors/unmatched/seed11/artifacts/diagnosis_gaussian_fitted_mask4.npz,relational_max,loc_ap,exploratory paired engine-bootstrap difference; training-seed variability is a separate axis,,-0.2520685123980825,-0.18838299377339013,1000,10,-0.21776691616122523,,,
unmatched/seed11,11,4,logs/ts/ws/diagnosis_donors/unmatched/seed11/artifacts/diagnosis_mask4.npz,logs/ts/ws/diagnosis_donors/unmatched/seed11/artifacts/diagnosis_gaussian_fitted_mask4.npz,relational_max,end_to_end_unique_top1,exploratory paired engine-bootstrap difference; training-seed variability is a separate axis,,-0.4303673375007973,-0.352013785085534,1000,10,,-0.3893617021276595,,
unmatched/seed11,11,4,logs/ts/ws/diagnosis_donors/unmatched/seed11/artifacts/diagnosis_mask4.npz,logs/ts/ws/diagnosis_donors/unmatched/seed11/artifacts/diagnosis_gmm_fitted_mask4.npz,relational_max,auroc,exploratory paired engine-bootstrap difference; training-seed variability is a separate axis,-0.1400203712086917,-0.18194535842919324,-0.10091917158274037,1000,10,,,,
unmatched/seed11,11,4,logs/ts/ws/diagnosis_donors/unmatched/seed11/artifacts/diagnosis_mask4.npz,logs/ts/ws/diagnosis_donors/unmatched/seed11/artifacts/diagnosis_gmm_fitted_mask4.npz,relational_max,loc_ap,exploratory paired engine-bootstrap difference; training-seed variability is a separate axis,,-0.27084988891457334,-0.19779031792950105,1000,10,-0.23343829311308995,,,
unmatched/seed11,11,4,logs/ts/ws/diagnosis_donors/unmatched/seed11/artifacts/diagnosis_mask4.npz,logs/ts/ws/diagnosis_donors/unmatched/seed11/artifacts/diagnosis_gmm_fitted_mask4.npz,relational_max,end_to_end_unique_top1,exploratory paired engine-bootstrap difference; training-seed variability is a separate axis,,-0.4329150780412248,-0.3454449423815621,1000,10,,-0.3872340425531915,,
unmatched/seed11,11,5,logs/ts/ws/diagnosis_donors/unmatched/seed11/artifacts/diagnosis_mask5.npz,logs/ts/ws/diagnosis_donors/unmatched/seed11/artifacts/diagnosis_gaussian_fitted_mask5.npz,relational_max,auroc,exploratory paired engine-bootstrap difference; training-seed variability is a separate axis,-0.13600045269352656,-0.17314626371754735,-0.10704958898692775,1000,10,,,,
unmatched/seed11,11,5,logs/ts/ws/diagnosis_donors/unmatched/seed11/artifacts/diagnosis_mask5.npz,logs/ts/ws/diagnosis_donors/unmatched/seed11/artifacts/diagnosis_gaussian_fitted_mask5.npz,relational_max,loc_ap,exploratory paired engine-bootstrap difference; training-seed variability is a separate axis,,-0.30949694805170563,-0.2083926477726094,1000,10,-0.2534085361109432,,,
unmatched/seed11,11,5,logs/ts/ws/diagnosis_donors/unmatched/seed11/artifacts/diagnosis_mask5.npz,logs/ts/ws/diagnosis_donors/unmatched/seed11/artifacts/diagnosis_gaussian_fitted_mask5.npz,relational_max,end_to_end_unique_top1,exploratory paired engine-bootstrap difference; training-seed variability is a separate axis,,-0.42648478919464783,-0.3001859397871583,1000,10,,-0.3574468085106383,,
unmatched/seed11,11,5,logs/ts/ws/diagnosis_donors/unmatched/seed11/artifacts/diagnosis_mask5.npz,logs/ts/ws/diagnosis_donors/unmatched/seed11/artifacts/diagnosis_gmm_fitted_mask5.npz,relational_max,auroc,exploratory paired engine-bootstrap difference; training-seed variability is a separate axis,-0.14454730647351743,-0.17942857853498193,-0.11779346378564542,1000,10,,,,
unmatched/seed11,11,5,logs/ts/ws/diagnosis_donors/unmatched/seed11/artifacts/diagnosis_mask5.npz,logs/ts/ws/diagnosis_donors/unmatched/seed11/artifacts/diagnosis_gmm_fitted_mask5.npz,relational_max,loc_ap,exploratory paired engine-bootstrap difference; training-seed variability is a separate axis,,-0.3026255455181092,-0.2064658420806733,1000,10,-0.2493257899001881,,,
unmatched/seed11,11,5,logs/ts/ws/diagnosis_donors/unmatched/seed11/artifacts/diagnosis_mask5.npz,logs/ts/ws/diagnosis_donors/unmatched/seed11/artifacts/diagnosis_gmm_fitted_mask5.npz,relational_max,end_to_end_unique_top1,exploratory paired engine-bootstrap difference; training-seed variability is a separate axis,,-0.4273437561354873,-0.3204720870235911,1000,10,,-0.36595744680851067,,
unmatched/seed11,11,6,logs/ts/ws/diagnosis_donors/unmatched/seed11/artifacts/diagnosis_mask6.npz,logs/ts/ws/diagnosis_donors/unmatched/seed11/artifacts/diagnosis_gaussian_fitted_mask6.npz,relational_max,auroc,exploratory paired engine-bootstrap difference; training-seed variability is a separate axis,-0.11127206880941609,-0.1392766838970827,-0.08532501286630623,1000,10,,,,
unmatched/seed11,11,6,logs/ts/ws/diagnosis_donors/unmatched/seed11/artifacts/diagnosis_mask6.npz,logs/ts/ws/diagnosis_donors/unmatched/seed11/artifacts/diagnosis_gaussian_fitted_mask6.npz,relational_max,loc_ap,exploratory paired engine-bootstrap difference; training-seed variability is a separate axis,,-0.28684436505180366,-0.2054391951693762,1000,10,-0.24097159126132628,,,
unmatched/seed11,11,6,logs/ts/ws/diagnosis_donors/unmatched/seed11/artifacts/diagnosis_mask6.npz,logs/ts/ws/diagnosis_donors/unmatched/seed11/artifacts/diagnosis_gaussian_fitted_mask6.npz,relational_max,end_to_end_unique_top1,exploratory paired engine-bootstrap difference; training-seed variability is a separate axis,,-0.37234042553191493,-0.27037773359840955,1000,10,,-0.3212765957446808,,
unmatched/seed11,11,6,logs/ts/ws/diagnosis_donors/unmatched/seed11/artifacts/diagnosis_mask6.npz,logs/ts/ws/diagnosis_donors/unmatched/seed11/artifacts/diagnosis_gmm_fitted_mask6.npz,relational_max,auroc,exploratory paired engine-bootstrap difference; training-seed variability is a separate axis,-0.12004526935264825,-0.1613684393004331,-0.0826172822847491,1000,10,,,,
unmatched/seed11,11,6,logs/ts/ws/diagnosis_donors/unmatched/seed11/artifacts/diagnosis_mask6.npz,logs/ts/ws/diagnosis_donors/unmatched/seed11/artifacts/diagnosis_gmm_fitted_mask6.npz,relational_max,loc_ap,exploratory paired engine-bootstrap difference; training-seed variability is a separate axis,,-0.2862165569374304,-0.20951792384422743,1000,10,-0.24580807315078834,,,
unmatched/seed11,11,6,logs/ts/ws/diagnosis_donors/unmatched/seed11/artifacts/diagnosis_mask6.npz,logs/ts/ws/diagnosis_donors/unmatched/seed11/artifacts/diagnosis_gmm_fitted_mask6.npz,relational_max,end_to_end_unique_top1,exploratory paired engine-bootstrap difference; training-seed variability is a separate axis,,-0.24533536443960022,-0.19428508356985177,1000,10,,-0.22340425531914893,,
unmatched/seed11,11,7,logs/ts/ws/diagnosis_donors/unmatched/seed11/artifacts/diagnosis_mask7.npz,logs/ts/ws/diagnosis_donors/unmatched/seed11/artifacts/diagnosis_gaussian_fitted_mask7.npz,relational_max,auroc,exploratory paired engine-bootstrap difference; training-seed variability is a separate axis,0.0,0.0,0.0,1000,10,,,,
unmatched/seed11,11,7,diagnosis_mask7.npz,diagnosis_gaussian_fitted_mask7.npz,relational_max,loc_ap,,,,,,,,,True,no bootstrap replicate produced a defined statistic
unmatched/seed11,11,7,logs/ts/ws/diagnosis_donors/unmatched/seed11/artifacts/diagnosis_mask7.npz,logs/ts/ws/diagnosis_donors/unmatched/seed11/artifacts/diagnosis_gaussian_fitted_mask7.npz,relational_max,end_to_end_unique_top1,exploratory paired engine-bootstrap difference; training-seed variability is a separate axis,,0.0,0.0,1000,10,,0.0,,
unmatched/seed11,11,7,logs/ts/ws/diagnosis_donors/unmatched/seed11/artifacts/diagnosis_mask7.npz,logs/ts/ws/diagnosis_donors/unmatched/seed11/artifacts/diagnosis_gmm_fitted_mask7.npz,relational_max,auroc,exploratory paired engine-bootstrap difference; training-seed variability is a separate axis,0.0,0.0,0.0,1000,10,,,,
unmatched/seed11,11,7,diagnosis_mask7.npz,diagnosis_gmm_fitted_mask7.npz,relational_max,loc_ap,,,,,,,,,True,no bootstrap replicate produced a defined statistic
unmatched/seed11,11,7,logs/ts/ws/diagnosis_donors/unmatched/seed11/artifacts/diagnosis_mask7.npz,logs/ts/ws/diagnosis_donors/unmatched/seed11/artifacts/diagnosis_gmm_fitted_mask7.npz,relational_max,end_to_end_unique_top1,exploratory paired engine-bootstrap difference; training-seed variability is a separate axis,,0.0,0.0,1000,10,,0.0,,
unmatched/seed12,12,0,logs/ts/ws/diagnosis_donors/unmatched/seed12/artifacts/diagnosis_mask0.npz,logs/ts/ws/diagnosis_donors/unmatched/seed12/artifacts/diagnosis_gaussian_fitted_mask0.npz,relational_max,auroc,exploratory paired engine-bootstrap difference; training-seed variability is a separate axis,-0.1427289882421252,-0.17504765569835629,-0.11169885227767958,1000,10,,,,
unmatched/seed12,12,0,logs/ts/ws/diagnosis_donors/unmatched/seed12/artifacts/diagnosis_mask0.npz,logs/ts/ws/diagnosis_donors/unmatched/seed12/artifacts/diagnosis_gaussian_fitted_mask0.npz,relational_max,loc_ap,exploratory paired engine-bootstrap difference; training-seed variability is a separate axis,,-0.25580101338353406,-0.21807109053169152,1000,10,-0.2353480742818092,,,
unmatched/seed12,12,0,logs/ts/ws/diagnosis_donors/unmatched/seed12/artifacts/diagnosis_mask0.npz,logs/ts/ws/diagnosis_donors/unmatched/seed12/artifacts/diagnosis_gaussian_fitted_mask0.npz,relational_max,end_to_end_unique_top1,exploratory paired engine-bootstrap difference; training-seed variability is a separate axis,,-0.406620141118427,-0.33333333333333337,1000,10,,-0.3710843373493976,,
unmatched/seed12,12,0,logs/ts/ws/diagnosis_donors/unmatched/seed12/artifacts/diagnosis_mask0.npz,logs/ts/ws/diagnosis_donors/unmatched/seed12/artifacts/diagnosis_gmm_fitted_mask0.npz,relational_max,auroc,exploratory paired engine-bootstrap difference; training-seed variability is a separate axis,-0.12730730149513725,-0.16965596021090312,-0.08247349283904498,1000,10,,,,
unmatched/seed12,12,0,logs/ts/ws/diagnosis_donors/unmatched/seed12/artifacts/diagnosis_mask0.npz,logs/ts/ws/diagnosis_donors/unmatched/seed12/artifacts/diagnosis_gmm_fitted_mask0.npz,relational_max,loc_ap,exploratory paired engine-bootstrap difference; training-seed variability is a separate axis,,-0.28210747225471433,-0.22630665567769737,1000,10,-0.2524219032863611,,,
unmatched/seed12,12,0,logs/ts/ws/diagnosis_donors/unmatched/seed12/artifacts/diagnosis_mask0.npz,logs/ts/ws/diagnosis_donors/unmatched/seed12/artifacts/diagnosis_gmm_fitted_mask0.npz,relational_max,end_to_end_unique_top1,exploratory paired engine-bootstrap difference; training-seed variability is a separate axis,,-0.2514149974319466,-0.17201653244219356,1000,10,,-0.21445783132530122,,
unmatched/seed12,12,1,logs/ts/ws/diagnosis_donors/unmatched/seed12/artifacts/diagnosis_mask1.npz,logs/ts/ws/diagnosis_donors/unmatched/seed12/artifacts/diagnosis_gaussian_fitted_mask1.npz,relational_max,auroc,exploratory paired engine-bootstrap difference; training-seed variability is a separate axis,-0.13741036434896214,-0.16078569364854303,-0.10444559691510083,1000,10,,,,
unmatched/seed12,12,1,logs/ts/ws/diagnosis_donors/unmatched/seed12/artifacts/diagnosis_mask1.npz,logs/ts/ws/diagnosis_donors/unmatched/seed12/artifacts/diagnosis_gaussian_fitted_mask1.npz,relational_max,loc_ap,exploratory paired engine-bootstrap difference; training-seed variability is a separate axis,,-0.2671435118090718,-0.22205122402525065,1000,10,-0.2457423738379072,,,
unmatched/seed12,12,1,logs/ts/ws/diagnosis_donors/unmatched/seed12/artifacts/diagnosis_mask1.npz,logs/ts/ws/diagnosis_donors/unmatched/seed12/artifacts/diagnosis_gaussian_fitted_mask1.npz,relational_max,end_to_end_unique_top1,exploratory paired engine-bootstrap difference; training-seed variability is a separate axis,,-0.42269622414774527,-0.3512648476715869,1000,10,,-0.3927710843373494,,
unmatched/seed12,12,1,logs/ts/ws/diagnosis_donors/unmatched/seed12/artifacts/diagnosis_mask1.npz,logs/ts/ws/diagnosis_donors/unmatched/seed12/artifacts/diagnosis_gmm_fitted_mask1.npz,relational_max,auroc,exploratory paired engine-bootstrap difference; training-seed variability is a separate axis,-0.12155900711278844,-0.15113435899521893,-0.08032347765138077,1000,10,,,,
unmatched/seed12,12,1,logs/ts/ws/diagnosis_donors/unmatched/seed12/artifacts/diagnosis_mask1.npz,logs/ts/ws/diagnosis_donors/unmatched/seed12/artifacts/diagnosis_gmm_fitted_mask1.npz,relational_max,loc_ap,exploratory paired engine-bootstrap difference; training-seed variability is a separate axis,,-0.28395563923302247,-0.24431122243659584,1000,10,-0.2614881145185115,,,
unmatched/seed12,12,1,logs/ts/ws/diagnosis_donors/unmatched/seed12/artifacts/diagnosis_mask1.npz,logs/ts/ws/diagnosis_donors/unmatched/seed12/artifacts/diagnosis_gmm_fitted_mask1.npz,relational_max,end_to_end_unique_top1,exploratory paired engine-bootstrap difference; training-seed variability is a separate axis,,-0.2653122253686164,-0.19274287840136056,1000,10,,-0.23373493975903617,,
unmatched/seed12,12,2,logs/ts/ws/diagnosis_donors/unmatched/seed12/artifacts/diagnosis_mask2.npz,logs/ts/ws/diagnosis_donors/unmatched/seed12/artifacts/diagnosis_gaussian_fitted_mask2.npz,relational_max,auroc,exploratory paired engine-bootstrap difference; training-seed variability is a separate axis,-0.15355784584119603,-0.17376033618103487,-0.1300508962874705,1000,10,,,,
unmatched/seed12,12,2,logs/ts/ws/diagnosis_donors/unmatched/seed12/artifacts/diagnosis_mask2.npz,logs/ts/ws/diagnosis_donors/unmatched/seed12/artifacts/diagnosis_gaussian_fitted_mask2.npz,relational_max,loc_ap,exploratory paired engine-bootstrap difference; training-seed variability is a separate axis,,-0.2741290315925085,-0.20306566345013252,1000,10,-0.2366536765303,,,
unmatched/seed12,12,2,logs/ts/ws/diagnosis_donors/unmatched/seed12/artifacts/diagnosis_mask2.npz,logs/ts/ws/diagnosis_donors/unmatched/seed12/artifacts/diagnosis_gaussian_fitted_mask2.npz,relational_max,end_to_end_unique_top1,exploratory paired engine-bootstrap difference; training-seed variability is a separate axis,,-0.409480896867155,-0.33674468009140246,1000,10,,-0.3710843373493976,,
unmatched/seed12,12,2,logs/ts/ws/diagnosis_donors/unmatched/seed12/artifacts/diagnosis_mask2.npz,logs/ts/ws/diagnosis_donors/unmatched/seed12/artifacts/diagnosis_gmm_fitted_mask2.npz,relational_max,auroc,exploratory paired engine-bootstrap difference; training-seed variability is a separate axis,-0.1381651908840179,-0.16845320338952638,-0.10729266075457154,1000,10,,,,
unmatched/seed12,12,2,logs/ts/ws/diagnosis_donors/unmatched/seed12/artifacts/diagnosis_mask2.npz,logs/ts/ws/diagnosis_donors/unmatched/seed12/artifacts/diagnosis_gmm_fitted_mask2.npz,relational_max,loc_ap,exploratory paired engine-bootstrap difference; training-seed variability is a separate axis,,-0.28082206932476794,-0.21304607719102406,1000,10,-0.24419442726585583,,,
unmatched/seed12,12,2,logs/ts/ws/diagnosis_donors/unmatched/seed12/artifacts/diagnosis_mask2.npz,logs/ts/ws/diagnosis_donors/unmatched/seed12/artifacts/diagnosis_gmm_fitted_mask2.npz,relational_max,end_to_end_unique_top1,exploratory paired engine-bootstrap difference; training-seed variability is a separate axis,,-0.326892860602538,-0.27611515208766296,1000,10,,-0.3012048192771084,,
unmatched/seed12,12,3,logs/ts/ws/diagnosis_donors/unmatched/seed12/artifacts/diagnosis_mask3.npz,logs/ts/ws/diagnosis_donors/unmatched/seed12/artifacts/diagnosis_gaussian_fitted_mask3.npz,relational_max,auroc,exploratory paired engine-bootstrap difference; training-seed variability is a separate axis,-0.13289011467556977,-0.16622897552652677,-0.10338334139241252,1000,10,,,,
unmatched/seed12,12,3,logs/ts/ws/diagnosis_donors/unmatched/seed12/artifacts/diagnosis_mask3.npz,logs/ts/ws/diagnosis_donors/unmatched/seed12/artifacts/diagnosis_gaussian_fitted_mask3.npz,relational_max,loc_ap,exploratory paired engine-bootstrap difference; training-seed variability is a separate axis,,-0.2618822281258876,-0.1933841530671566,1000,10,-0.22794703078249395,,,
unmatched/seed12,12,3,logs/ts/ws/diagnosis_donors/unmatched/seed12/artifacts/diagnosis_mask3.npz,logs/ts/ws/diagnosis_donors/unmatched/seed12/artifacts/diagnosis_gaussian_fitted_mask3.npz,relational_max,end_to_end_unique_top1,exploratory paired engine-bootstrap difference; training-seed variability is a separate axis,,-0.3553265445443168,-0.26860094214990965,1000,10,,-0.3156626506024096,,
unmatched/seed12,12,3,logs/ts/ws/diagnosis_donors/unmatched/seed12/artifacts/diagnosis_mask3.npz,logs/ts/ws/diagnosis_donors/unmatched/seed12/artifacts/diagnosis_gmm_fitted_mask3.npz,relational_max,auroc,exploratory paired engine-bootstrap difference; training-seed variability is a separate axis,-0.14078095514588473,-0.17437322510863912,-0.11224123582687284,1000,10,,,,
unmatched/seed12,12,3,logs/ts/ws/diagnosis_donors/unmatched/seed12/artifacts/diagnosis_mask3.npz,logs/ts/ws/diagnosis_donors/unmatched/seed12/artifacts/diagnosis_gmm_fitted_mask3.npz,relational_max,loc_ap,exploratory paired engine-bootstrap difference; training-seed variability is a separate axis,,-0.2769130074354539,-0.2056984781243538,1000,10,-0.2415226431360617,,,
unmatched/seed12,12,3,logs/ts/ws/diagnosis_donors/unmatched/seed12/artifacts/diagnosis_mask3.npz,logs/ts/ws/diagnosis_donors/unmatched/seed12/artifacts/diagnosis_gmm_fitted_mask3.npz,relational_max,end_to_end_unique_top1,exploratory paired engine-bootstrap difference; training-seed variability is a separate axis,,-0.36736539296569687,-0.27555908626455283,1000,10,,-0.3253012048192771,,
unmatched/seed12,12,4,logs/ts/ws/diagnosis_donors/unmatched/seed12/artifacts/diagnosis_mask4.npz,logs/ts/ws/diagnosis_donors/unmatched/seed12/artifacts/diagnosis_gaussian_fitted_mask4.npz,relational_max,auroc,exploratory paired engine-bootstrap difference; training-seed variability is a separate axis,-0.13682392219480333,-0.16640156721650642,-0.10745605615738939,1000,10,,,,
unmatched/seed12,12,4,logs/ts/ws/diagnosis_donors/unmatched/seed12/artifacts/diagnosis_mask4.npz,logs/ts/ws/diagnosis_donors/unmatched/seed12/artifacts/diagnosis_gaussian_fitted_mask4.npz,relational_max,loc_ap,exploratory paired engine-bootstrap difference; training-seed variability is a separate axis,,-0.2555677944728441,-0.16489679378919553,1000,10,-0.20505436507936514,,,
unmatched/seed12,12,4,logs/ts/ws/diagnosis_donors/unmatched/seed12/artifacts/diagnosis_mask4.npz,logs/ts/ws/diagnosis_donors/unmatched/seed12/artifacts/diagnosis_gaussian_fitted_mask4.npz,relational_max,end_to_end_unique_top1,exploratory paired engine-bootstrap difference; training-seed variability is a separate axis,,-0.3333333333333333,-0.2472478991596639,1000,10,,-0.2939759036144578,,
unmatched/seed12,12,4,logs/ts/ws/diagnosis_donors/unmatched/seed12/artifacts/diagnosis_mask4.npz,logs/ts/ws/diagnosis_donors/unmatched/seed12/artifacts/diagnosis_gmm_fitted_mask4.npz,relational_max,auroc,exploratory paired engine-bootstrap difference; training-seed variability is a separate axis,-0.13324720569023085,-0.15947815465323992,-0.10610406093311786,1000,10,,,,
unmatched/seed12,12,4,logs/ts/ws/diagnosis_donors/unmatched/seed12/artifacts/diagnosis_mask4.npz,logs/ts/ws/diagnosis_donors/unmatched/seed12/artifacts/diagnosis_gmm_fitted_mask4.npz,relational_max,loc_ap,exploratory paired engine-bootstrap difference; training-seed variability is a separate axis,,-0.27071691013296945,-0.17646123092228796,1000,10,-0.22064735449735462,,,
unmatched/seed12,12,4,logs/ts/ws/diagnosis_donors/unmatched/seed12/artifacts/diagnosis_mask4.npz,logs/ts/ws/diagnosis_donors/unmatched/seed12/artifacts/diagnosis_gmm_fitted_mask4.npz,relational_max,end_to_end_unique_top1,exploratory paired engine-bootstrap difference; training-seed variability is a separate axis,,-0.27255850676168114,-0.20723610123281178,1000,10,,-0.2433734939759036,,
unmatched/seed12,12,5,logs/ts/ws/diagnosis_donors/unmatched/seed12/artifacts/diagnosis_mask5.npz,logs/ts/ws/diagnosis_donors/unmatched/seed12/artifacts/diagnosis_gaussian_fitted_mask5.npz,relational_max,auroc,exploratory paired engine-bootstrap difference; training-seed variability is a separate axis,-0.13521556103933807,-0.16815653089148325,-0.10335080930721856,1000,10,,,,
unmatched/seed12,12,5,logs/ts/ws/diagnosis_donors/unmatched/seed12/artifacts/diagnosis_mask5.npz,logs/ts/ws/diagnosis_donors/unmatched/seed12/artifacts/diagnosis_gaussian_fitted_mask5.npz,relational_max,loc_ap,exploratory paired engine-bootstrap difference; training-seed variability is a separate axis,,-0.263418451058218,-0.2228335708389743,1000,10,-0.24075903389331604,,,
unmatched/seed12,12,5,logs/ts/ws/diagnosis_donors/unmatched/seed12/artifacts/diagnosis_mask5.npz,logs/ts/ws/diagnosis_donors/unmatched/seed12/artifacts/diagnosis_gaussian_fitted_mask5.npz,relational_max,end_to_end_unique_top1,exploratory paired engine-bootstrap difference; training-seed variability is a separate axis,,-0.4062519008515815,-0.33746249062265565,1000,10,,-0.37349397590361444,,
unmatched/seed12,12,5,logs/ts/ws/diagnosis_donors/unmatched/seed12/artifacts/diagnosis_mask5.npz,logs/ts/ws/diagnosis_donors/unmatched/seed12/artifacts/diagnosis_gmm_fitted_mask5.npz,relational_max,auroc,exploratory paired engine-bootstrap difference; training-seed variability is a separate axis,-0.13102337059079683,-0.16425994567647217,-0.0986415622740011,1000,10,,,,
unmatched/seed12,12,5,logs/ts/ws/diagnosis_donors/unmatched/seed12/artifacts/diagnosis_mask5.npz,logs/ts/ws/diagnosis_donors/unmatched/seed12/artifacts/diagnosis_gmm_fitted_mask5.npz,relational_max,loc_ap,exploratory paired engine-bootstrap difference; training-seed variability is a separate axis,,-0.2754899486733932,-0.21628573141098603,1000,10,-0.24507755113881352,,,
unmatched/seed12,12,5,logs/ts/ws/diagnosis_donors/unmatched/seed12/artifacts/diagnosis_mask5.npz,logs/ts/ws/diagnosis_donors/unmatched/seed12/artifacts/diagnosis_gmm_fitted_mask5.npz,relational_max,end_to_end_unique_top1,exploratory paired engine-bootstrap difference; training-seed variability is a separate axis,,-0.4254835848146617,-0.3444717500339573,1000,10,,-0.3855421686746987,,
unmatched/seed12,12,6,logs/ts/ws/diagnosis_donors/unmatched/seed12/artifacts/diagnosis_mask6.npz,logs/ts/ws/diagnosis_donors/unmatched/seed12/artifacts/diagnosis_gaussian_fitted_mask6.npz,relational_max,auroc,exploratory paired engine-bootstrap difference; training-seed variability is a separate axis,-0.13773261721585128,-0.1736177003605662,-0.10207734001555217,1000,10,,,,
unmatched/seed12,12,6,logs/ts/ws/diagnosis_donors/unmatched/seed12/artifacts/diagnosis_mask6.npz,logs/ts/ws/diagnosis_donors/unmatched/seed12/artifacts/diagnosis_gaussian_fitted_mask6.npz,relational_max,loc_ap,exploratory paired engine-bootstrap difference; training-seed variability is a separate axis,,-0.26247704764137303,-0.21337683066832325,1000,10,-0.24335580500282722,,,
unmatched/seed12,12,6,logs/ts/ws/diagnosis_donors/unmatched/seed12/artifacts/diagnosis_mask6.npz,logs/ts/ws/diagnosis_donors/unmatched/seed12/artifacts/diagnosis_gaussian_fitted_mask6.npz,relational_max,end_to_end_unique_top1,exploratory paired engine-bootstrap difference; training-seed variability is a separate axis,,-0.3268982690131255,-0.22539377289377288,1000,10,,-0.2819277108433735,,
unmatched/seed12,12,6,logs/ts/ws/diagnosis_donors/unmatched/seed12/artifacts/diagnosis_mask6.npz,logs/ts/ws/diagnosis_donors/unmatched/seed12/artifacts/diagnosis_gmm_fitted_mask6.npz,relational_max,auroc,exploratory paired engine-bootstrap difference; training-seed variability is a separate axis,-0.12963274785890544,-0.1785257524027633,-0.07680995588956623,1000,10,,,,
unmatched/seed12,12,6,logs/ts/ws/diagnosis_donors/unmatched/seed12/artifacts/diagnosis_mask6.npz,logs/ts/ws/diagnosis_donors/unmatched/seed12/artifacts/diagnosis_gmm_fitted_mask6.npz,relational_max,loc_ap,exploratory paired engine-bootstrap difference; training-seed variability is a separate axis,,-0.27299441837113575,-0.21330361509411885,1000,10,-0.24720431656846048,,,
unmatched/seed12,12,6,logs/ts/ws/diagnosis_donors/unmatched/seed12/artifacts/diagnosis_mask6.npz,logs/ts/ws/diagnosis_donors/unmatched/seed12/artifacts/diagnosis_gmm_fitted_mask6.npz,relational_max,end_to_end_unique_top1,exploratory paired engine-bootstrap difference; training-seed variability is a separate axis,,-0.14922538583029687,-0.06824890905917265,1000,10,,-0.10843373493975905,,
unmatched/seed12,12,7,logs/ts/ws/diagnosis_donors/unmatched/seed12/artifacts/diagnosis_mask7.npz,logs/ts/ws/diagnosis_donors/unmatched/seed12/artifacts/diagnosis_gaussian_fitted_mask7.npz,relational_max,auroc,exploratory paired engine-bootstrap difference; training-seed variability is a separate axis,0.0,0.0,0.0,1000,10,,,,
unmatched/seed12,12,7,diagnosis_mask7.npz,diagnosis_gaussian_fitted_mask7.npz,relational_max,loc_ap,,,,,,,,,True,no bootstrap replicate produced a defined statistic
unmatched/seed12,12,7,logs/ts/ws/diagnosis_donors/unmatched/seed12/artifacts/diagnosis_mask7.npz,logs/ts/ws/diagnosis_donors/unmatched/seed12/artifacts/diagnosis_gaussian_fitted_mask7.npz,relational_max,end_to_end_unique_top1,exploratory paired engine-bootstrap difference; training-seed variability is a separate axis,,0.0,0.0,1000,10,,0.0,,
unmatched/seed12,12,7,logs/ts/ws/diagnosis_donors/unmatched/seed12/artifacts/diagnosis_mask7.npz,logs/ts/ws/diagnosis_donors/unmatched/seed12/artifacts/diagnosis_gmm_fitted_mask7.npz,relational_max,auroc,exploratory paired engine-bootstrap difference; training-seed variability is a separate axis,0.0,0.0,0.0,1000,10,,,,
unmatched/seed12,12,7,diagnosis_mask7.npz,diagnosis_gmm_fitted_mask7.npz,relational_max,loc_ap,,,,,,,,,True,no bootstrap replicate produced a defined statistic
unmatched/seed12,12,7,logs/ts/ws/diagnosis_donors/unmatched/seed12/artifacts/diagnosis_mask7.npz,logs/ts/ws/diagnosis_donors/unmatched/seed12/artifacts/diagnosis_gmm_fitted_mask7.npz,relational_max,end_to_end_unique_top1,exploratory paired engine-bootstrap difference; training-seed variability is a separate axis,,0.0,0.0,1000,10,,0.0,,
unmatched/seed13,13,0,logs/ts/ws/diagnosis_donors/unmatched/seed13/artifacts/diagnosis_mask0.npz,logs/ts/ws/diagnosis_donors/unmatched/seed13/artifacts/diagnosis_gaussian_fitted_mask0.npz,relational_max,auroc,exploratory paired engine-bootstrap difference; training-seed variability is a separate axis,-0.12479784820646445,-0.17107251499885123,-0.07432818482857084,1000,10,,,,
unmatched/seed13,13,0,logs/ts/ws/diagnosis_donors/unmatched/seed13/artifacts/diagnosis_mask0.npz,logs/ts/ws/diagnosis_donors/unmatched/seed13/artifacts/diagnosis_gaussian_fitted_mask0.npz,relational_max,loc_ap,exploratory paired engine-bootstrap difference; training-seed variability is a separate axis,,-0.2633829509424496,-0.17016891081171737,1000,10,-0.2191553932726918,,,
unmatched/seed13,13,0,logs/ts/ws/diagnosis_donors/unmatched/seed13/artifacts/diagnosis_mask0.npz,logs/ts/ws/diagnosis_donors/unmatched/seed13/artifacts/diagnosis_gaussian_fitted_mask0.npz,relational_max,end_to_end_unique_top1,exploratory paired engine-bootstrap difference; training-seed variability is a separate axis,,-0.310977937069447,-0.16319439652197915,1000,10,,-0.2417061611374408,,
unmatched/seed13,13,0,logs/ts/ws/diagnosis_donors/unmatched/seed13/artifacts/diagnosis_mask0.npz,logs/ts/ws/diagnosis_donors/unmatched/seed13/artifacts/diagnosis_gmm_fitted_mask0.npz,relational_max,auroc,exploratory paired engine-bootstrap difference; training-seed variability is a separate axis,-0.10817647851575662,-0.1519992136394543,-0.06413638362556563,1000,10,,,,
unmatched/seed13,13,0,logs/ts/ws/diagnosis_donors/unmatched/seed13/artifacts/diagnosis_mask0.npz,logs/ts/ws/diagnosis_donors/unmatched/seed13/artifacts/diagnosis_gmm_fitted_mask0.npz,relational_max,loc_ap,exploratory paired engine-bootstrap difference; training-seed variability is a separate axis,,-0.27685969540360766,-0.16755590064305004,1000,10,-0.22491648973284056,,,
unmatched/seed13,13,0,logs/ts/ws/diagnosis_donors/unmatched/seed13/artifacts/diagnosis_mask0.npz,logs/ts/ws/diagnosis_donors/unmatched/seed13/artifacts/diagnosis_gmm_fitted_mask0.npz,relational_max,end_to_end_unique_top1,exploratory paired engine-bootstrap difference; training-seed variability is a separate axis,,-0.20697194921193748,-0.09170921261629224,1000,10,,-0.15165876777251186,,
unmatched/seed13,13,1,logs/ts/ws/diagnosis_donors/unmatched/seed13/artifacts/diagnosis_mask1.npz,logs/ts/ws/diagnosis_donors/unmatched/seed13/artifacts/diagnosis_gaussian_fitted_mask1.npz,relational_max,auroc,exploratory paired engine-bootstrap difference; training-seed variability is a separate axis,-0.1279059320320748,-0.16995838774533809,-0.07024050690186756,1000,10,,,,
unmatched/seed13,13,1,logs/ts/ws/diagnosis_donors/unmatched/seed13/artifacts/diagnosis_mask1.npz,logs/ts/ws/diagnosis_donors/unmatched/seed13/artifacts/diagnosis_gaussian_fitted_mask1.npz,relational_max,loc_ap,exploratory paired engine-bootstrap difference; training-seed variability is a separate axis,,-0.26122360194283273,-0.18398041638952967,1000,10,-0.22507650916687072,,,
unmatched/seed13,13,1,logs/ts/ws/diagnosis_donors/unmatched/seed13/artifacts/diagnosis_mask1.npz,logs/ts/ws/diagnosis_donors/unmatched/seed13/artifacts/diagnosis_gaussian_fitted_mask1.npz,relational_max,end_to_end_unique_top1,exploratory paired engine-bootstrap difference; training-seed variability is a separate axis,,-0.35321445218975783,-0.22442617449664432,1000,10,,-0.2914691943127962,,
unmatched/seed13,13,1,logs/ts/ws/diagnosis_donors/unmatched/seed13/artifacts/diagnosis_mask1.npz,logs/ts/ws/diagnosis_donors/unmatched/seed13/artifacts/diagnosis_gmm_fitted_mask1.npz,relational_max,auroc,exploratory paired engine-bootstrap difference; training-seed variability is a separate axis,-0.11509736978055296,-0.1518830113617713,-0.07253712661104743,1000,10,,,,
unmatched/seed13,13,1,logs/ts/ws/diagnosis_donors/unmatched/seed13/artifacts/diagnosis_mask1.npz,logs/ts/ws/diagnosis_donors/unmatched/seed13/artifacts/diagnosis_gmm_fitted_mask1.npz,relational_max,loc_ap,exploratory paired engine-bootstrap difference; training-seed variability is a separate axis,,-0.27846777368987474,-0.170592164240586,1000,10,-0.22737509567630054,,,
unmatched/seed13,13,1,logs/ts/ws/diagnosis_donors/unmatched/seed13/artifacts/diagnosis_mask1.npz,logs/ts/ws/diagnosis_donors/unmatched/seed13/artifacts/diagnosis_gmm_fitted_mask1.npz,relational_max,end_to_end_unique_top1,exploratory paired engine-bootstrap difference; training-seed variability is a separate axis,,-0.2945372580607229,-0.1825593189999801,1000,10,,-0.2393364928909953,,
unmatched/seed13,13,2,logs/ts/ws/diagnosis_donors/unmatched/seed13/artifacts/diagnosis_mask2.npz,logs/ts/ws/diagnosis_donors/unmatched/seed13/artifacts/diagnosis_gaussian_fitted_mask2.npz,relational_max,auroc,exploratory paired engine-bootstrap difference; training-seed variability is a separate axis,-0.12526111273331686,-0.17631557100534226,-0.06704175756519046,1000,10,,,,
unmatched/seed13,13,2,logs/ts/ws/diagnosis_donors/unmatched/seed13/artifacts/diagnosis_mask2.npz,logs/ts/ws/diagnosis_donors/unmatched/seed13/artifacts/diagnosis_gaussian_fitted_mask2.npz,relational_max,loc_ap,exploratory paired engine-bootstrap difference; training-seed variability is a separate axis,,-0.2601276479087756,-0.15634414048661482,1000,10,-0.2116756001968632,,,
unmatched/seed13,13,2,logs/ts/ws/diagnosis_donors/unmatched/seed13/artifacts/diagnosis_mask2.npz,logs/ts/ws/diagnosis_donors/unmatched/seed13/artifacts/diagnosis_gaussian_fitted_mask2.npz,relational_max,end_to_end_unique_top1,exploratory paired engine-bootstrap difference; training-seed variability is a separate axis,,-0.346084334725628,-0.18135630758327426,1000,10,,-0.2701421800947868,,
unmatched/seed13,13,2,logs/ts/ws/diagnosis_donors/unmatched/seed13/artifacts/diagnosis_mask2.npz,logs/ts/ws/diagnosis_donors/unmatched/seed13/artifacts/diagnosis_gmm_fitted_mask2.npz,relational_max,auroc,exploratory paired engine-bootstrap difference; training-seed variability is a separate axis,-0.11467622021068713,-0.16018565733532755,-0.0669564224067157,1000,10,,,,
unmatched/seed13,13,2,logs/ts/ws/diagnosis_donors/unmatched/seed13/artifacts/diagnosis_mask2.npz,logs/ts/ws/diagnosis_donors/unmatched/seed13/artifacts/diagnosis_gmm_fitted_mask2.npz,relational_max,loc_ap,exploratory paired engine-bootstrap difference; training-seed variability is a separate axis,,-0.27979294591515286,-0.15986426893851804,1000,10,-0.22264593188884424,,,
unmatched/seed13,13,2,logs/ts/ws/diagnosis_donors/unmatched/seed13/artifacts/diagnosis_mask2.npz,logs/ts/ws/diagnosis_donors/unmatched/seed13/artifacts/diagnosis_gmm_fitted_mask2.npz,relational_max,end_to_end_unique_top1,exploratory paired engine-bootstrap difference; training-seed variability is a separate axis,,-0.2733960776584213,-0.12747805921235347,1000,10,,-0.2061611374407583,,
unmatched/seed13,13,3,logs/ts/ws/diagnosis_donors/unmatched/seed13/artifacts/diagnosis_mask3.npz,logs/ts/ws/diagnosis_donors/unmatched/seed13/artifacts/diagnosis_gaussian_fitted_mask3.npz,relational_max,auroc,exploratory paired engine-bootstrap difference; training-seed variability is a separate axis,-0.11180117248040256,-0.1504665586081183,-0.06531902127801024,1000,10,,,,
unmatched/seed13,13,3,logs/ts/ws/diagnosis_donors/unmatched/seed13/artifacts/diagnosis_mask3.npz,logs/ts/ws/diagnosis_donors/unmatched/seed13/artifacts/diagnosis_gaussian_fitted_mask3.npz,relational_max,loc_ap,exploratory paired engine-bootstrap difference; training-seed variability is a separate axis,,-0.25671077693730815,-0.14924487472678408,1000,10,-0.20838187466627822,,,
unmatched/seed13,13,3,logs/ts/ws/diagnosis_donors/unmatched/seed13/artifacts/diagnosis_mask3.npz,logs/ts/ws/diagnosis_donors/unmatched/seed13/artifacts/diagnosis_gaussian_fitted_mask3.npz,relational_max,end_to_end_unique_top1,exploratory paired engine-bootstrap difference; training-seed variability is a separate axis,,-0.26522412466333206,-0.15908853176112592,1000,10,,-0.2180094786729858,,
unmatched/seed13,13,3,logs/ts/ws/diagnosis_donors/unmatched/seed13/artifacts/diagnosis_mask3.npz,logs/ts/ws/diagnosis_donors/unmatched/seed13/artifacts/diagnosis_gmm_fitted_mask3.npz,relational_max,auroc,exploratory paired engine-bootstrap difference; training-seed variability is a separate axis,-0.1074156016261989,-0.14750013919351218,-0.06037290321366355,1000,10,,,,
unmatched/seed13,13,3,logs/ts/ws/diagnosis_donors/unmatched/seed13/artifacts/diagnosis_mask3.npz,logs/ts/ws/diagnosis_donors/unmatched/seed13/artifacts/diagnosis_gmm_fitted_mask3.npz,relational_max,loc_ap,exploratory paired engine-bootstrap difference; training-seed variability is a separate axis,,-0.2724968745229246,-0.1492948517724932,1000,10,-0.2154849279161205,,,
unmatched/seed13,13,3,logs/ts/ws/diagnosis_donors/unmatched/seed13/artifacts/diagnosis_mask3.npz,logs/ts/ws/diagnosis_donors/unmatched/seed13/artifacts/diagnosis_gmm_fitted_mask3.npz,relational_max,end_to_end_unique_top1,exploratory paired engine-bootstrap difference; training-seed variability is a separate axis,,-0.2697710434245729,-0.16267126372079935,1000,10,,-0.22037914691943128,,
unmatched/seed13,13,4,logs/ts/ws/diagnosis_donors/unmatched/seed13/artifacts/diagnosis_mask4.npz,logs/ts/ws/diagnosis_donors/unmatched/seed13/artifacts/diagnosis_gaussian_fitted_mask4.npz,relational_max,auroc,exploratory paired engine-bootstrap difference; training-seed variability is a separate axis,-0.10796871139462272,-0.13393895733586583,-0.08027079165894604,1000,10,,,,
unmatched/seed13,13,4,logs/ts/ws/diagnosis_donors/unmatched/seed13/artifacts/diagnosis_mask4.npz,logs/ts/ws/diagnosis_donors/unmatched/seed13/artifacts/diagnosis_gaussian_fitted_mask4.npz,relational_max,loc_ap,exploratory paired engine-bootstrap difference; training-seed variability is a separate axis,,-0.27069556432062375,-0.20286794371188524,1000,10,-0.23579078967009992,,,
unmatched/seed13,13,4,logs/ts/ws/diagnosis_donors/unmatched/seed13/artifacts/diagnosis_mask4.npz,logs/ts/ws/diagnosis_donors/unmatched/seed13/artifacts/diagnosis_gaussian_fitted_mask4.npz,relational_max,end_to_end_unique_top1,exploratory paired engine-bootstrap difference; training-seed variability is a separate axis,,-0.2807589320313106,-0.22916542362768497,1000,10,,-0.25355450236966826,,
unmatched/seed13,13,4,logs/ts/ws/diagnosis_donors/unmatched/seed13/artifacts/diagnosis_mask4.npz,logs/ts/ws/diagnosis_donors/unmatched/seed13/artifacts/diagnosis_gmm_fitted_mask4.npz,relational_max,auroc,exploratory paired engine-bootstrap difference; training-seed variability is a separate axis,-0.10834493834370296,-0.1328975641540594,-0.0830662647490119,1000,10,,,,
unmatched/seed13,13,4,logs/ts/ws/diagnosis_donors/unmatched/seed13/artifacts/diagnosis_mask4.npz,logs/ts/ws/diagnosis_donors/unmatched/seed13/artifacts/diagnosis_gmm_fitted_mask4.npz,relational_max,loc_ap,exploratory paired engine-bootstrap difference; training-seed variability is a separate axis,,-0.2680408164776731,-0.19096687530035067,1000,10,-0.23209434243917004,,,
unmatched/seed13,13,4,logs/ts/ws/diagnosis_donors/unmatched/seed13/artifacts/diagnosis_mask4.npz,logs/ts/ws/diagnosis_donors/unmatched/seed13/artifacts/diagnosis_gmm_fitted_mask4.npz,relational_max,end_to_end_unique_top1,exploratory paired engine-bootstrap difference; training-seed variability is a separate axis,,-0.2582430602572782,-0.20725156699309596,1000,10,,-0.23459715639810427,,
unmatched/seed13,13,5,logs/ts/ws/diagnosis_donors/unmatched/seed13/artifacts/diagnosis_mask5.npz,logs/ts/ws/diagnosis_donors/unmatched/seed13/artifacts/diagnosis_gaussian_fitted_mask5.npz,relational_max,auroc,exploratory paired engine-bootstrap difference; training-seed variability is a separate axis,-0.13200792884256873,-0.17658115407762034,-0.08742193688078954,1000,10,,,,
unmatched/seed13,13,5,logs/ts/ws/diagnosis_donors/unmatched/seed13/artifacts/diagnosis_mask5.npz,logs/ts/ws/diagnosis_donors/unmatched/seed13/artifacts/diagnosis_gaussian_fitted_mask5.npz,relational_max,loc_ap,exploratory paired engine-bootstrap difference; training-seed variability is a separate axis,,-0.26988717882872043,-0.18892699936276353,1000,10,-0.23182036104439485,,,
unmatched/seed13,13,5,logs/ts/ws/diagnosis_donors/unmatched/seed13/artifacts/diagnosis_mask5.npz,logs/ts/ws/diagnosis_donors/unmatched/seed13/artifacts/diagnosis_gaussian_fitted_mask5.npz,relational_max,end_to_end_unique_top1,exploratory paired engine-bootstrap difference; training-seed variability is a separate axis,,-0.3494984070534193,-0.1846908061582601,1000,10,,-0.27014218009478674,,
unmatched/seed13,13,5,logs/ts/ws/diagnosis_donors/unmatched/seed13/artifacts/diagnosis_mask5.npz,logs/ts/ws/diagnosis_donors/unmatched/seed13/artifacts/diagnosis_gmm_fitted_mask5.npz,relational_max,auroc,exploratory paired engine-bootstrap difference; training-seed variability is a separate axis,-0.13241223242963995,-0.17893362311341468,-0.08744334638125228,1000,10,,,,
unmatched/seed13,13,5,logs/ts/ws/diagnosis_donors/unmatched/seed13/artifacts/diagnosis_mask5.npz,logs/ts/ws/diagnosis_donors/unmatched/seed13/artifacts/diagnosis_gmm_fitted_mask5.npz,relational_max,loc_ap,exploratory paired engine-bootstrap difference; training-seed variability is a separate axis,,-0.2754940870422462,-0.19517482894978772,1000,10,-0.2355526184541885,,,
unmatched/seed13,13,5,logs/ts/ws/diagnosis_donors/unmatched/seed13/artifacts/diagnosis_mask5.npz,logs/ts/ws/diagnosis_donors/unmatched/seed13/artifacts/diagnosis_gmm_fitted_mask5.npz,relational_max,end_to_end_unique_top1,exploratory paired engine-bootstrap difference; training-seed variability is a separate axis,,-0.32061218169648653,-0.1902976091216076,1000,10,,-0.2582938388625593,,
unmatched/seed13,13,6,logs/ts/ws/diagnosis_donors/unmatched/seed13/artifacts/diagnosis_mask6.npz,logs/ts/ws/diagnosis_donors/unmatched/seed13/artifacts/diagnosis_gaussian_fitted_mask6.npz,relational_max,auroc,exploratory paired engine-bootstrap difference; training-seed variability is a separate axis,-0.10995934502818894,-0.15034858942649057,-0.0618210860935316,1000,10,,,,
unmatched/seed13,13,6,logs/ts/ws/diagnosis_donors/unmatched/seed13/artifacts/diagnosis_mask6.npz,logs/ts/ws/diagnosis_donors/unmatched/seed13/artifacts/diagnosis_gaussian_fitted_mask6.npz,relational_max,loc_ap,exploratory paired engine-bootstrap difference; training-seed variability is a separate axis,,-0.27077094669812657,-0.16555273501595869,1000,10,-0.21819054361226686,,,
unmatched/seed13,13,6,logs/ts/ws/diagnosis_donors/unmatched/seed13/artifacts/diagnosis_mask6.npz,logs/ts/ws/diagnosis_donors/unmatched/seed13/artifacts/diagnosis_gaussian_fitted_mask6.npz,relational_max,end_to_end_unique_top1,exploratory paired engine-bootstrap difference; training-seed variability is a separate axis,,-0.2921108742004264,-0.17149132885988294,1000,10,,-0.2345971563981043,,
unmatched/seed13,13,6,logs/ts/ws/diagnosis_donors/unmatched/seed13/artifacts/diagnosis_mask6.npz,logs/ts/ws/diagnosis_donors/unmatched/seed13/artifacts/diagnosis_gmm_fitted_mask6.npz,relational_max,auroc,exploratory paired engine-bootstrap difference; training-seed variability is a separate axis,-0.09725747400103324,-0.13908347861919027,-0.055287461232296296,1000,10,,,,
unmatched/seed13,13,6,logs/ts/ws/diagnosis_donors/unmatched/seed13/artifacts/diagnosis_mask6.npz,logs/ts/ws/diagnosis_donors/unmatched/seed13/artifacts/diagnosis_gmm_fitted_mask6.npz,relational_max,loc_ap,exploratory paired engine-bootstrap difference; training-seed variability is a separate axis,,-0.278592939051999,-0.15395595836110848,1000,10,-0.2161830365562163,,,
unmatched/seed13,13,6,logs/ts/ws/diagnosis_donors/unmatched/seed13/artifacts/diagnosis_mask6.npz,logs/ts/ws/diagnosis_donors/unmatched/seed13/artifacts/diagnosis_gmm_fitted_mask6.npz,relational_max,end_to_end_unique_top1,exploratory paired engine-bootstrap difference; training-seed variability is a separate axis,,-0.17997968797905708,-0.07366656285684628,1000,10,,-0.1255924170616114,,
unmatched/seed13,13,7,logs/ts/ws/diagnosis_donors/unmatched/seed13/artifacts/diagnosis_mask7.npz,logs/ts/ws/diagnosis_donors/unmatched/seed13/artifacts/diagnosis_gaussian_fitted_mask7.npz,relational_max,auroc,exploratory paired engine-bootstrap difference; training-seed variability is a separate axis,0.0,0.0,0.0,1000,10,,,,
unmatched/seed13,13,7,diagnosis_mask7.npz,diagnosis_gaussian_fitted_mask7.npz,relational_max,loc_ap,,,,,,,,,True,no bootstrap replicate produced a defined statistic
unmatched/seed13,13,7,logs/ts/ws/diagnosis_donors/unmatched/seed13/artifacts/diagnosis_mask7.npz,logs/ts/ws/diagnosis_donors/unmatched/seed13/artifacts/diagnosis_gaussian_fitted_mask7.npz,relational_max,end_to_end_unique_top1,exploratory paired engine-bootstrap difference; training-seed variability is a separate axis,,0.0,0.0,1000,10,,0.0,,
unmatched/seed13,13,7,logs/ts/ws/diagnosis_donors/unmatched/seed13/artifacts/diagnosis_mask7.npz,logs/ts/ws/diagnosis_donors/unmatched/seed13/artifacts/diagnosis_gmm_fitted_mask7.npz,relational_max,auroc,exploratory paired engine-bootstrap difference; training-seed variability is a separate axis,0.0,0.0,0.0,1000,10,,,,
unmatched/seed13,13,7,diagnosis_mask7.npz,diagnosis_gmm_fitted_mask7.npz,relational_max,loc_ap,,,,,,,,,True,no bootstrap replicate produced a defined statistic
unmatched/seed13,13,7,logs/ts/ws/diagnosis_donors/unmatched/seed13/artifacts/diagnosis_mask7.npz,logs/ts/ws/diagnosis_donors/unmatched/seed13/artifacts/diagnosis_gmm_fitted_mask7.npz,relational_max,end_to_end_unique_top1,exploratory paired engine-bootstrap difference; training-seed variability is a separate axis,,0.0,0.0,1000,10,,0.0,,
