variant,method_name,mask,score,seed,auroc,query_s,cost_node_evaluations,parameters
matched,circuit,full,joint,11,0.7674196468990493,1.35607841700039,23652280,
matched,circuit,full,independent,11,0.7592032593933907,1.35607841700039,23652280,
matched,circuit,full,marginal_max,11,0.7710027161611589,1.35607841700039,23652280,
matched,circuit,full,conditional_max,11,0.7815550022634676,1.35607841700039,23652280,
matched,circuit,full,relational_max,11,0.6815368945224083,1.35607841700039,23652280,
matched,gaussian_fitted,full,joint,11,0.8252286102308737,1.0235823100010748,4512000,
matched,gaussian_fitted,full,independent,11,0.7559393390674514,1.0235823100010748,4512000,
matched,gaussian_fitted,full,marginal_max,11,0.7496038931643277,1.0235823100010748,4512000,
matched,gaussian_fitted,full,conditional_max,11,0.8238931643277501,1.0235823100010748,4512000,
matched,gaussian_fitted,full,relational_max,11,0.8357492077863287,1.0235823100010748,4512000,
matched,gmm_fitted,full,joint,11,0.8100045269352648,2.035536913001124,4512000,
matched,gmm_fitted,full,independent,11,0.7400860117700316,2.035536913001124,4512000,
matched,gmm_fitted,full,marginal_max,11,0.7628089633318244,2.035536913001124,4512000,
matched,gmm_fitted,full,conditional_max,11,0.8272793119058397,2.035536913001124,4512000,
matched,gmm_fitted,full,relational_max,11,0.8277727478497058,2.035536913001124,4512000,
matched,circuit,random1:1,joint,11,0.7650158442734268,1.3576473809989693,23652280,
matched,circuit,random1:1,independent,11,0.7574875509280218,1.3576473809989693,23652280,
matched,circuit,random1:1,marginal_max,11,0.7710208239022182,1.3576473809989693,23652280,
matched,circuit,random1:1,conditional_max,11,0.7860027161611589,1.3576473809989693,23652280,
matched,circuit,random1:1,relational_max,11,0.6847940244454505,1.3576473809989693,23652280,
matched,gaussian_fitted,random1:1,joint,11,0.8208193752829335,0.8552207789980457,3948000,
matched,gaussian_fitted,random1:1,independent,11,0.7526708918062471,0.8552207789980457,3948000,
matched,gaussian_fitted,random1:1,marginal_max,11,0.7478949751018561,0.8552207789980457,3948000,
matched,gaussian_fitted,random1:1,conditional_max,11,0.823141693073789,0.8552207789980457,3948000,
matched,gaussian_fitted,random1:1,relational_max,11,0.8349388863739249,0.8552207789980457,3948000,
matched,gmm_fitted,random1:1,joint,11,0.8050701674966048,1.6937188840020099,3948000,
matched,gmm_fitted,random1:1,independent,11,0.7360796740606609,1.6937188840020099,3948000,
matched,gmm_fitted,random1:1,marginal_max,11,0.7601991851516523,1.6937188840020099,3948000,
matched,gmm_fitted,random1:1,conditional_max,11,0.8267406066093255,1.6937188840020099,3948000,
matched,gmm_fitted,random1:1,relational_max,11,0.8277184246265279,1.6937188840020099,3948000,
matched,circuit,random3:5-8-14,joint,11,0.7536555002263468,1.3610962570019183,23652280,
matched,circuit,random3:5-8-14,independent,11,0.7463399728383884,1.3610962570019183,23652280,
matched,circuit,random3:5-8-14,marginal_max,11,0.7507129923042101,1.3610962570019183,23652280,
matched,circuit,random3:5-8-14,conditional_max,11,0.7594160253508375,1.3610962570019183,23652280,
matched,circuit,random3:5-8-14,relational_max,11,0.6517994567677682,1.3610962570019183,23652280,
matched,gaussian_fitted,random3:5-8-14,joint,11,0.8037143503847894,0.5281478810029512,2932800,
matched,gaussian_fitted,random3:5-8-14,independent,11,0.7383454051607062,0.5281478810029512,2932800,
matched,gaussian_fitted,random3:5-8-14,marginal_max,11,0.7347962879130828,0.5281478810029512,2932800,
matched,gaussian_fitted,random3:5-8-14,conditional_max,11,0.8036690810321412,0.5281478810029512,2932800,
matched,gaussian_fitted,random3:5-8-14,relational_max,11,0.8061634223630602,0.5281478810029512,2932800,
matched,gmm_fitted,random3:5-8-14,joint,11,0.7938954277953826,1.0559798780013807,2932800,
matched,gmm_fitted,random3:5-8-14,independent,11,0.7249275690357628,1.0559798780013807,2932800,
matched,gmm_fitted,random3:5-8-14,marginal_max,11,0.7475418741511997,1.0559798780013807,2932800,
matched,gmm_fitted,random3:5-8-14,conditional_max,11,0.8115323675871435,1.0559798780013807,2932800,
matched,gmm_fitted,random3:5-8-14,relational_max,11,0.8091783612494341,1.0559798780013807,2932800,
matched,circuit,random7:3-4-8-10-11-12-14,joint,11,0.7319760072430964,1.3603788129985332,23652280,
matched,circuit,random7:3-4-8-10-11-12-14,independent,11,0.723207333635129,1.3603788129985332,23652280,
matched,circuit,random7:3-4-8-10-11-12-14,marginal_max,11,0.7280602082390222,1.3603788129985332,23652280,
matched,circuit,random7:3-4-8-10-11-12-14,conditional_max,11,0.7375305568130376,1.3603788129985332,23652280,
matched,circuit,random7:3-4-8-10-11-12-14,relational_max,11,0.6120348574015392,1.3603788129985332,23652280,
matched,gaussian_fitted,random7:3-4-8-10-11-12-14,joint,11,0.774610683567225,0.15807435199894826,1353600,
matched,gaussian_fitted,random7:3-4-8-10-11-12-14,independent,11,0.7245291987324581,0.15807435199894826,1353600,
matched,gaussian_fitted,random7:3-4-8-10-11-12-14,marginal_max,11,0.722933454051607,0.15807435199894826,1353600,
matched,gaussian_fitted,random7:3-4-8-10-11-12-14,conditional_max,11,0.7708895427795383,0.15807435199894826,1353600,
matched,gaussian_fitted,random7:3-4-8-10-11-12-14,relational_max,11,0.7721118153010412,0.15807435199894826,1353600,
matched,gmm_fitted,random7:3-4-8-10-11-12-14,joint,11,0.7739452240832956,0.3129264229974069,1353600,
matched,gmm_fitted,random7:3-4-8-10-11-12-14,independent,11,0.7254119511090992,0.3129264229974069,1353600,
matched,gmm_fitted,random7:3-4-8-10-11-12-14,marginal_max,11,0.7238886373924853,0.3129264229974069,1353600,
matched,gmm_fitted,random7:3-4-8-10-11-12-14,conditional_max,11,0.7701833408782255,0.3129264229974069,1353600,
matched,gmm_fitted,random7:3-4-8-10-11-12-14,relational_max,11,0.7719126301493888,0.3129264229974069,1353600,
matched,circuit,bank0:0-1-2-4-5-7-8,joint,11,0.7206903576278859,1.294478921998234,23652280,
matched,circuit,bank0:0-1-2-4-5-7-8,independent,11,0.7165980081484835,1.294478921998234,23652280,
matched,circuit,bank0:0-1-2-4-5-7-8,marginal_max,11,0.7186985061113627,1.294478921998234,23652280,
matched,circuit,bank0:0-1-2-4-5-7-8,conditional_max,11,0.7266455409687641,1.294478921998234,23652280,
matched,circuit,bank0:0-1-2-4-5-7-8,relational_max,11,0.6334495246717972,1.294478921998234,23652280,
matched,gaussian_fitted,bank0:0-1-2-4-5-7-8,joint,11,0.7516591217745586,0.196188408001035,1353600,
matched,gaussian_fitted,bank0:0-1-2-4-5-7-8,independent,11,0.7018220914440924,0.196188408001035,1353600,
matched,gaussian_fitted,bank0:0-1-2-4-5-7-8,marginal_max,11,0.7016817564508827,0.196188408001035,1353600,
matched,gaussian_fitted,bank0:0-1-2-4-5-7-8,conditional_max,11,0.75019692168402,0.196188408001035,1353600,
matched,gaussian_fitted,bank0:0-1-2-4-5-7-8,relational_max,11,0.7607763693979176,0.196188408001035,1353600,
matched,gmm_fitted,bank0:0-1-2-4-5-7-8,joint,11,0.7437052965142599,0.3451960060010606,1353600,
matched,gmm_fitted,bank0:0-1-2-4-5-7-8,independent,11,0.6906994114984156,0.3451960060010606,1353600,
matched,gmm_fitted,bank0:0-1-2-4-5-7-8,marginal_max,11,0.7111905839746492,0.3451960060010606,1353600,
matched,gmm_fitted,bank0:0-1-2-4-5-7-8,conditional_max,11,0.7601063829787233,0.3451960060010606,1353600,
matched,gmm_fitted,bank0:0-1-2-4-5-7-8,relational_max,11,0.7601788139429606,0.3451960060010606,1353600,
matched,circuit,bank1:3,joint,11,0.7682933454051607,1.233070932001283,23652280,
matched,circuit,bank1:3,independent,11,0.7597600724309642,1.233070932001283,23652280,
matched,circuit,bank1:3,marginal_max,11,0.7709167043911272,1.233070932001283,23652280,
matched,circuit,bank1:3,conditional_max,11,0.7815436849253056,1.233070932001283,23652280,
matched,circuit,bank1:3,relational_max,11,0.687987777274785,1.233070932001283,23652280,
matched,gaussian_fitted,bank1:3,joint,11,0.8358397464916252,0.9336332679995394,3948000,
matched,gaussian_fitted,bank1:3,independent,11,0.76584427342689,0.9336332679995394,3948000,
matched,gaussian_fitted,bank1:3,marginal_max,11,0.7743028519692169,0.9336332679995394,3948000,
matched,gaussian_fitted,bank1:3,conditional_max,11,0.8398551380715256,0.9336332679995394,3948000,
matched,gaussian_fitted,bank1:3,relational_max,11,0.8330058850158443,0.9336332679995394,3948000,
matched,gmm_fitted,bank1:3,joint,11,0.8331054775916704,1.7730822680023266,3948000,
matched,gmm_fitted,bank1:3,independent,11,0.7664010864644636,1.7730822680023266,3948000,
matched,gmm_fitted,bank1:3,marginal_max,11,0.7746016296966953,1.7730822680023266,3948000,
matched,gmm_fitted,bank1:3,conditional_max,11,0.8406156631960163,1.7730822680023266,3948000,
matched,gmm_fitted,bank1:3,relational_max,11,0.8354232684472612,1.7730822680023266,3948000,
matched,circuit,bank2:6-10,joint,11,0.7627863286555002,1.1264259449999372,23652280,
matched,circuit,bank2:6-10,independent,11,0.7527863286555002,1.1264259449999372,23652280,
matched,circuit,bank2:6-10,marginal_max,11,0.764895880488909,1.1264259449999372,23652280,
matched,circuit,bank2:6-10,conditional_max,11,0.7752897238569488,1.1264259449999372,23652280,
matched,circuit,bank2:6-10,relational_max,11,0.7060887279311906,1.1264259449999372,23652280,
matched,gaussian_fitted,bank2:6-10,joint,11,0.8084902670891806,0.6721055439993506,3421600,
matched,gaussian_fitted,bank2:6-10,independent,11,0.740921231326392,0.6721055439993506,3421600,
matched,gaussian_fitted,bank2:6-10,marginal_max,11,0.7352693526482571,0.6721055439993506,3421600,
matched,gaussian_fitted,bank2:6-10,conditional_max,11,0.8094318696242644,0.6721055439993506,3421600,
matched,gaussian_fitted,bank2:6-10,relational_max,11,0.8140629244001811,0.6721055439993506,3421600,
matched,gmm_fitted,bank2:6-10,joint,11,0.7918809416025351,1.527470914999867,3421600,
matched,gmm_fitted,bank2:6-10,independent,11,0.7222702580353101,1.527470914999867,3421600,
matched,gmm_fitted,bank2:6-10,marginal_max,11,0.7524400181077411,1.527470914999867,3421600,
matched,gmm_fitted,bank2:6-10,conditional_max,11,0.8153802625622454,1.527470914999867,3421600,
matched,gmm_fitted,bank2:6-10,relational_max,11,0.801595744680851,1.527470914999867,3421600,
matched,circuit,single_sensor_0,joint,11,0.557193300135808,1.1947841250002966,23652280,
matched,circuit,single_sensor_0,independent,11,0.557193300135808,1.1947841250002966,23652280,
matched,circuit,single_sensor_0,marginal_max,11,0.557193300135808,1.1947841250002966,23652280,
matched,circuit,single_sensor_0,conditional_max,11,0.557193300135808,1.1947841250002966,23652280,
matched,circuit,single_sensor_0,relational_max,11,0.5,1.1947841250002966,23652280,
matched,gaussian_fitted,single_sensor_0,joint,11,0.5575780896333182,0.002354666001338046,37600,
matched,gaussian_fitted,single_sensor_0,independent,11,0.5575780896333182,0.002354666001338046,37600,
matched,gaussian_fitted,single_sensor_0,marginal_max,11,0.5575780896333182,0.002354666001338046,37600,
matched,gaussian_fitted,single_sensor_0,conditional_max,11,0.5575780896333182,0.002354666001338046,37600,
matched,gaussian_fitted,single_sensor_0,relational_max,11,0.5,0.002354666001338046,37600,
matched,gmm_fitted,single_sensor_0,joint,11,0.5581665912177456,0.0030381609976757318,37600,
matched,gmm_fitted,single_sensor_0,independent,11,0.5581665912177456,0.0030381609976757318,37600,
matched,gmm_fitted,single_sensor_0,marginal_max,11,0.5581665912177456,0.0030381609976757318,37600,
matched,gmm_fitted,single_sensor_0,conditional_max,11,0.5581665912177456,0.0030381609976757318,37600,
matched,gmm_fitted,single_sensor_0,relational_max,11,0.5,0.0030381609976757318,37600,
matched,circuit,full,joint,12,0.808262447379881,1.387107950002246,20884460,
matched,circuit,full,independent,12,0.7936449412106257,1.387107950002246,20884460,
matched,circuit,full,marginal_max,12,0.784212512701408,1.387107950002246,20884460,
matched,circuit,full,conditional_max,12,0.8033822035128466,1.387107950002246,20884460,
matched,circuit,full,relational_max,12,0.7174132675279431,1.387107950002246,20884460,
matched,gaussian_fitted,full,joint,12,0.8430947887937291,0.8607295479996537,3984000,
matched,gaussian_fitted,full,independent,12,0.7844970242415444,0.8607295479996537,3984000,
matched,gaussian_fitted,full,marginal_max,12,0.7822877050370155,0.8607295479996537,3984000,
matched,gaussian_fitted,full,conditional_max,12,0.84256641021919,0.8607295479996537,3984000,
matched,gaussian_fitted,full,relational_max,12,0.8260763536071999,0.8607295479996537,3984000,
matched,gmm_fitted,full,joint,12,0.832474960081289,3.3790888220028137,3984000,
matched,gmm_fitted,full,independent,12,0.7779184206706343,3.3790888220028137,3984000,
matched,gmm_fitted,full,marginal_max,12,0.7833531717230368,3.3790888220028137,3984000,
matched,gmm_fitted,full,conditional_max,12,0.8384090579184207,3.3790888220028137,3984000,
matched,gmm_fitted,full,relational_max,12,0.8327594716214255,3.3790888220028137,3984000,
matched,circuit,random1:1,joint,12,0.8030018870663377,1.3905172079976182,20884460,
matched,circuit,random1:1,independent,12,0.7894440412251416,1.3905172079976182,20884460,
matched,circuit,random1:1,marginal_max,12,0.7754449121788358,1.3905172079976182,20884460,
matched,circuit,random1:1,conditional_max,12,0.7896646828276963,1.3905172079976182,20884460,
matched,circuit,random1:1,relational_max,12,0.7125678618086805,1.3905172079976182,20884460,
matched,gaussian_fitted,random1:1,joint,12,0.8398083901872551,0.6817329530022107,3486000,
matched,gaussian_fitted,random1:1,independent,12,0.7803396719407751,0.6817329530022107,3486000,
matched,gaussian_fitted,random1:1,marginal_max,12,0.7733662360284511,0.6817329530022107,3486000,
matched,gaussian_fitted,random1:1,conditional_max,12,0.833763971548846,0.6817329530022107,3486000,
matched,gaussian_fitted,random1:1,relational_max,12,0.82421831905937,0.6817329530022107,3486000,
matched,gmm_fitted,random1:1,joint,12,0.8298098417767455,2.7050601490009285,3486000,
matched,gmm_fitted,random1:1,independent,12,0.7740165481201916,2.7050601490009285,3486000,
matched,gmm_fitted,random1:1,marginal_max,12,0.7750587893743649,2.7050601490009285,3486000,
matched,gmm_fitted,random1:1,conditional_max,12,0.8290840470314995,2.7050601490009285,3486000,
matched,gmm_fitted,random1:1,relational_max,12,0.8272202061257077,2.7050601490009285,3486000,
matched,circuit,random3:5-8-14,joint,12,0.7799651618522282,1.3706433729967102,20884460,
matched,circuit,random3:5-8-14,independent,12,0.7724430251124982,1.3706433729967102,20884460,
matched,circuit,random3:5-8-14,marginal_max,12,0.766233125272173,1.3706433729967102,20884460,
matched,circuit,random3:5-8-14,conditional_max,12,0.7707446654086224,1.3706433729967102,20884460,
matched,circuit,random3:5-8-14,relational_max,12,0.6555262011903034,1.3706433729967102,20884460,
matched,gaussian_fitted,random3:5-8-14,joint,12,0.8112962694150094,0.40192414799821563,2589600,
matched,gaussian_fitted,random3:5-8-14,independent,12,0.7642938017128756,0.40192414799821563,2589600,
matched,gaussian_fitted,random3:5-8-14,marginal_max,12,0.7687501814486863,0.40192414799821563,2589600,
matched,gaussian_fitted,random3:5-8-14,conditional_max,12,0.8173000435476847,0.40192414799821563,2589600,
matched,gaussian_fitted,random3:5-8-14,relational_max,12,0.7975061692553346,0.40192414799821563,2589600,
matched,gmm_fitted,random3:5-8-14,joint,12,0.8028712440121933,1.8724853310013714,2589600,
matched,gmm_fitted,random3:5-8-14,independent,12,0.7564203803164465,1.8724853310013714,2589600,
matched,gmm_fitted,random3:5-8-14,marginal_max,12,0.7694062998983887,1.8724853310013714,2589600,
matched,gmm_fitted,random3:5-8-14,conditional_max,12,0.8168645667005371,1.8724853310013714,2589600,
matched,gmm_fitted,random3:5-8-14,relational_max,12,0.7982609957903904,1.8724853310013714,2589600,
matched,circuit,random7:3-4-8-10-11-12-14,joint,12,0.7460966758600668,1.3876585619982507,20884460,
matched,circuit,random7:3-4-8-10-11-12-14,independent,12,0.7367542458992596,1.3876585619982507,20884460,
matched,circuit,random7:3-4-8-10-11-12-14,marginal_max,12,0.7267527943097692,1.3876585619982507,20884460,
matched,circuit,random7:3-4-8-10-11-12-14,conditional_max,12,0.7336159094208158,1.3876585619982507,20884460,
matched,circuit,random7:3-4-8-10-11-12-14,relational_max,12,0.6224270576281028,1.3876585619982507,20884460,
matched,gaussian_fitted,random7:3-4-8-10-11-12-14,joint,12,0.7731397880679344,0.13918454500162625,1195200,
matched,gaussian_fitted,random7:3-4-8-10-11-12-14,independent,12,0.7303237044563797,0.13918454500162625,1195200,
matched,gaussian_fitted,random7:3-4-8-10-11-12-14,marginal_max,12,0.7224618957758746,0.13918454500162625,1195200,
matched,gaussian_fitted,random7:3-4-8-10-11-12-14,conditional_max,12,0.7594135578458412,0.13918454500162625,1195200,
matched,gaussian_fitted,random7:3-4-8-10-11-12-14,relational_max,12,0.7617419073885905,0.13918454500162625,1195200,
matched,gmm_fitted,random7:3-4-8-10-11-12-14,joint,12,0.7694062998983887,0.4478220830023929,1195200,
matched,gmm_fitted,random7:3-4-8-10-11-12-14,independent,12,0.7320249673392365,0.4478220830023929,1195200,
matched,gmm_fitted,random7:3-4-8-10-11-12-14,marginal_max,12,0.7233676876179417,0.4478220830023929,1195200,
matched,gmm_fitted,random7:3-4-8-10-11-12-14,conditional_max,12,0.7571897227464073,0.4478220830023929,1195200,
matched,gmm_fitted,random7:3-4-8-10-11-12-14,relational_max,12,0.7685179271302076,0.4478220830023929,1195200,
matched,circuit,bank0:0-1-2-4-5-7-8,joint,12,0.7304804761213529,1.3228421329986304,20884460,
matched,circuit,bank0:0-1-2-4-5-7-8,independent,12,0.7219828712440122,1.3228421329986304,20884460,
matched,circuit,bank0:0-1-2-4-5-7-8,marginal_max,12,0.7174945565394106,1.3228421329986304,20884460,
matched,circuit,bank0:0-1-2-4-5-7-8,conditional_max,12,0.7279140659021629,1.3228421329986304,20884460,
matched,circuit,bank0:0-1-2-4-5-7-8,relational_max,12,0.6386993758165191,1.3228421329986304,20884460,
matched,gaussian_fitted,bank0:0-1-2-4-5-7-8,joint,12,0.7582464798954855,0.1251128659969254,1195200,
matched,gaussian_fitted,bank0:0-1-2-4-5-7-8,independent,12,0.7189432428509217,0.1251128659969254,1195200,
matched,gaussian_fitted,bank0:0-1-2-4-5-7-8,marginal_max,12,0.7183248657279722,0.1251128659969254,1195200,
matched,gaussian_fitted,bank0:0-1-2-4-5-7-8,conditional_max,12,0.7528117288430832,0.1251128659969254,1195200,
matched,gaussian_fitted,bank0:0-1-2-4-5-7-8,relational_max,12,0.7485150239512266,0.1251128659969254,1195200,
matched,gmm_fitted,bank0:0-1-2-4-5-7-8,joint,12,0.7536246189577588,0.45519090900052106,1195200,
matched,gmm_fitted,bank0:0-1-2-4-5-7-8,independent,12,0.713380751923356,0.45519090900052106,1195200,
matched,gmm_fitted,bank0:0-1-2-4-5-7-8,marginal_max,12,0.7205254753955581,0.45519090900052106,1195200,
matched,gmm_fitted,bank0:0-1-2-4-5-7-8,conditional_max,12,0.7553955581361591,0.45519090900052106,1195200,
matched,gmm_fitted,bank0:0-1-2-4-5-7-8,relational_max,12,0.7557149078240674,0.45519090900052106,1195200,
matched,circuit,bank1:3,joint,12,0.8017099724197997,1.2698251439978776,20884460,
matched,circuit,bank1:3,independent,12,0.7864537668747278,1.2698251439978776,20884460,
matched,circuit,bank1:3,marginal_max,12,0.7835157497459718,1.2698251439978776,20884460,
matched,circuit,bank1:3,conditional_max,12,0.8032138191319494,1.2698251439978776,20884460,
matched,circuit,bank1:3,relational_max,12,0.7072898824212512,1.2698251439978776,20884460,
matched,gaussian_fitted,bank1:3,joint,12,0.8424009290172739,0.6606638010016468,3486000,
matched,gaussian_fitted,bank1:3,independent,12,0.7773406880534185,0.6606638010016468,3486000,
matched,gaussian_fitted,bank1:3,marginal_max,12,0.7731368848889534,0.6606638010016468,3486000,
matched,gaussian_fitted,bank1:3,conditional_max,12,0.8408157932936565,0.6606638010016468,3486000,
matched,gaussian_fitted,bank1:3,relational_max,12,0.8263869937581652,0.6606638010016468,3486000,
matched,gmm_fitted,bank1:3,joint,12,0.8397938742923501,2.939454660998308,3486000,
matched,gmm_fitted,bank1:3,independent,12,0.7795122659311946,2.939454660998308,3486000,
matched,gmm_fitted,bank1:3,marginal_max,12,0.774855566845696,2.939454660998308,3486000,
matched,gmm_fitted,bank1:3,conditional_max,12,0.838173900420961,2.939454660998308,3486000,
matched,gmm_fitted,bank1:3,relational_max,12,0.8385513136884889,2.939454660998308,3486000,
matched,circuit,bank2:6-10,joint,12,0.7975932646247641,1.1799286620007479,20884460,
matched,circuit,bank2:6-10,independent,12,0.78165190884018,1.1799286620007479,20884460,
matched,circuit,bank2:6-10,marginal_max,12,0.7714094933952678,1.1799286620007479,20884460,
matched,circuit,bank2:6-10,conditional_max,12,0.7913165916678764,1.1799286620007479,20884460,
matched,circuit,bank2:6-10,relational_max,12,0.694109449847583,1.1799286620007479,20884460,
matched,gaussian_fitted,bank2:6-10,joint,12,0.825501524168965,0.5861707900003239,3021200,
matched,gaussian_fitted,bank2:6-10,independent,12,0.7666250544346059,0.5861707900003239,3021200,
matched,gaussian_fitted,bank2:6-10,marginal_max,12,0.7685556684569603,0.5861707900003239,3021200,
matched,gaussian_fitted,bank2:6-10,conditional_max,12,0.825861518362607,0.5861707900003239,3021200,
matched,gaussian_fitted,bank2:6-10,relational_max,12,0.8039657424880244,0.5861707900003239,3021200,
matched,gmm_fitted,bank2:6-10,joint,12,0.8133255915227173,2.2861023590012337,3021200,
matched,gmm_fitted,bank2:6-10,independent,12,0.7544491217883582,2.2861023590012337,3021200,
matched,gmm_fitted,bank2:6-10,marginal_max,12,0.7707127304398316,2.2861023590012337,3021200,
matched,gmm_fitted,bank2:6-10,conditional_max,12,0.825687327623748,2.2861023590012337,3021200,
matched,gmm_fitted,bank2:6-10,relational_max,12,0.8195848454057193,2.2861023590012337,3021200,
matched,circuit,single_sensor_0,joint,12,0.5463957032951081,0.9916198220016668,20884460,
matched,circuit,single_sensor_0,independent,12,0.5463405428944694,0.9916198220016668,20884460,
matched,circuit,single_sensor_0,marginal_max,12,0.5463405428944694,0.9916198220016668,20884460,
matched,circuit,single_sensor_0,conditional_max,12,0.5463405428944694,0.9916198220016668,20884460,
matched,circuit,single_sensor_0,relational_max,12,0.5,0.9916198220016668,20884460,
matched,gaussian_fitted,single_sensor_0,joint,12,0.5450544346058934,0.0020344069998827763,33200,
matched,gaussian_fitted,single_sensor_0,independent,12,0.5450544346058934,0.0020344069998827763,33200,
matched,gaussian_fitted,single_sensor_0,marginal_max,12,0.5450544346058934,0.0020344069998827763,33200,
matched,gaussian_fitted,single_sensor_0,conditional_max,12,0.5450544346058934,0.0020344069998827763,33200,
matched,gaussian_fitted,single_sensor_0,relational_max,12,0.5,0.0020344069998827763,33200,
matched,gmm_fitted,single_sensor_0,joint,12,0.5448860502249964,0.0033640719993854873,33200,
matched,gmm_fitted,single_sensor_0,independent,12,0.5448860502249964,0.0033640719993854873,33200,
matched,gmm_fitted,single_sensor_0,marginal_max,12,0.5448860502249964,0.0033640719993854873,33200,
matched,gmm_fitted,single_sensor_0,conditional_max,12,0.5448860502249964,0.0033640719993854873,33200,
matched,gmm_fitted,single_sensor_0,relational_max,12,0.5,0.0033640719993854873,33200,
matched,circuit,full,joint,13,0.8287381235821297,1.3833760220004478,21236728,
matched,circuit,full,independent,13,0.8115776824419937,1.3833760220004478,21236728,
matched,circuit,full,marginal_max,13,0.8175102760495048,1.3833760220004478,21236728,
matched,circuit,full,conditional_max,13,0.833483075402619,1.3833760220004478,21236728,
matched,circuit,full,relational_max,13,0.71727387075762,1.3833760220004478,21236728,
matched,gaussian_fitted,full,joint,13,0.861733788549224,0.884301650999987,4051200,
matched,gaussian_fitted,full,independent,13,0.8052997461871926,0.884301650999987,4051200,
matched,gaussian_fitted,full,marginal_max,13,0.7978734754385571,0.884301650999987,4051200,
matched,gaussian_fitted,full,conditional_max,13,0.8621156308259024,0.884301650999987,4051200,
matched,gaussian_fitted,full,relational_max,13,0.8399238561577682,0.884301650999987,4051200,
matched,gmm_fitted,full,joint,13,0.8351732890096808,1.7820036960001744,4051200,
matched,gmm_fitted,full,independent,13,0.7750106691224367,1.7820036960001744,4051200,
matched,gmm_fitted,full,marginal_max,13,0.8118612564857034,1.7820036960001744,4051200,
matched,gmm_fitted,full,conditional_max,13,0.8560061543990476,1.7820036960001744,4051200,
matched,gmm_fitted,full,relational_max,13,0.8407268480043125,1.7820036960001744,4051200,
matched,circuit,random1:1,joint,13,0.8200708654342894,1.37323446800292,21236728,
matched,circuit,random1:1,independent,13,0.8038706453134475,1.37323446800292,21236728,
matched,circuit,random1:1,marginal_max,13,0.8154578738123582,1.37323446800292,21236728,
matched,circuit,random1:1,conditional_max,13,0.8313183666135082,1.37323446800292,21236728,
matched,circuit,random1:1,relational_max,13,0.7086290739201725,1.37323446800292,21236728,
matched,gaussian_fitted,random1:1,joint,13,0.8546051301632938,0.7093012430013914,3544800,
matched,gaussian_fitted,random1:1,independent,13,0.7968795624536735,0.7093012430013914,3544800,
matched,gaussian_fitted,random1:1,marginal_max,13,0.7890939107387525,0.7093012430013914,3544800,
matched,gaussian_fitted,random1:1,conditional_max,13,0.8501353293951169,0.7093012430013914,3544800,
matched,gaussian_fitted,random1:1,relational_max,13,0.8279267087441882,0.7093012430013914,3544800,
matched,gmm_fitted,random1:1,joint,13,0.8296786909548303,1.3851753089984413,3544800,
matched,gmm_fitted,random1:1,independent,13,0.7688366164282024,1.3851753089984413,3544800,
matched,gmm_fitted,random1:1,marginal_max,13,0.8035926865973361,1.3851753089984413,3544800,
matched,gmm_fitted,random1:1,conditional_max,13,0.8495176433593136,1.3851753089984413,3544800,
matched,gmm_fitted,random1:1,relational_max,13,0.8335869589631859,1.3851753089984413,3544800,
matched,circuit,random3:5-8-14,joint,13,0.8047494440825678,1.3747053779989074,21236728,
matched,circuit,random3:5-8-14,independent,13,0.7931706385750544,1.3747053779989074,21236728,
matched,circuit,random3:5-8-14,marginal_max,13,0.7970704835920127,1.3747053779989074,21236728,
matched,circuit,random3:5-8-14,conditional_max,13,0.8098593921969408,1.3747053779989074,21236728,
matched,circuit,random3:5-8-14,relational_max,13,0.670807034882415,1.3747053779989074,21236728,
matched,gaussian_fitted,random3:5-8-14,joint,13,0.8307540261898879,0.4061983310020878,2633280,
matched,gaussian_fitted,random3:5-8-14,independent,13,0.7841524224523259,0.4061983310020878,2633280,
matched,gaussian_fitted,random3:5-8-14,marginal_max,13,0.7769704184542127,0.4061983310020878,2633280,
matched,gaussian_fitted,random3:5-8-14,conditional_max,13,0.8260146896969969,0.4061983310020878,2633280,
matched,gaussian_fitted,random3:5-8-14,relational_max,13,0.8070180364322455,0.4061983310020878,2633280,
matched,gmm_fitted,random3:5-8-14,joint,13,0.8039969901844074,0.8098401869974623,2633280,
matched,gmm_fitted,random3:5-8-14,independent,13,0.7573897711192471,0.8098401869974623,2633280,
matched,gmm_fitted,random3:5-8-14,marginal_max,13,0.7924378383234878,0.8098401869974623,2633280,
matched,gmm_fitted,random3:5-8-14,conditional_max,13,0.8217751173603468,0.8098401869974623,2633280,
matched,gmm_fitted,random3:5-8-14,relational_max,13,0.8077985669683969,0.8098401869974623,2633280,
matched,circuit,random7:3-4-8-10-11-12-14,joint,13,0.7644117382808113,1.600876918000722,21236728,
matched,circuit,random7:3-4-8-10-11-12-14,independent,13,0.7502442667505222,1.600876918000722,21236728,
matched,circuit,random7:3-4-8-10-11-12-14,marginal_max,13,0.7638193212191999,1.600876918000722,21236728,
matched,circuit,random7:3-4-8-10-11-12-14,conditional_max,13,0.7758361222793738,1.600876918000722,21236728,
matched,circuit,random7:3-4-8-10-11-12-14,relational_max,13,0.6234277082725006,1.600876918000722,21236728,
matched,gaussian_fitted,random7:3-4-8-10-11-12-14,joint,13,0.7882937265560073,0.0676961860008305,1215360,
matched,gaussian_fitted,random7:3-4-8-10-11-12-14,independent,13,0.7528610094112891,0.0676961860008305,1215360,
matched,gaussian_fitted,random7:3-4-8-10-11-12-14,marginal_max,13,0.7615226522315311,0.0676961860008305,1215360,
matched,gaussian_fitted,random7:3-4-8-10-11-12-14,conditional_max,13,0.7940101300509872,0.0676961860008305,1215360,
matched,gaussian_fitted,random7:3-4-8-10-11-12-14,relational_max,13,0.7485708991262551,0.0676961860008305,1215360,
matched,gmm_fitted,random7:3-4-8-10-11-12-14,joint,13,0.7894617146964353,0.1300622310009203,1215360,
matched,gmm_fitted,random7:3-4-8-10-11-12-14,independent,13,0.7527992408077088,0.1300622310009203,1215360,
matched,gmm_fitted,random7:3-4-8-10-11-12-14,marginal_max,13,0.7633111340715617,0.1300622310009203,1215360,
matched,gmm_fitted,random7:3-4-8-10-11-12-14,conditional_max,13,0.793661979739898,0.1300622310009203,1215360,
matched,gmm_fitted,random7:3-4-8-10-11-12-14,relational_max,13,0.7564548190741448,0.1300622310009203,1215360,
matched,circuit,bank0:0-1-2-4-5-7-8,joint,13,0.7649957323510254,1.3728247250001004,21236728,
matched,circuit,bank0:0-1-2-4-5-7-8,independent,13,0.7524903977898071,1.3728247250001004,21236728,
matched,circuit,bank0:0-1-2-4-5-7-8,marginal_max,13,0.7593326744682285,1.3728247250001004,21236728,
matched,circuit,bank0:0-1-2-4-5-7-8,conditional_max,13,0.7760831966936951,1.3728247250001004,21236728,
matched,circuit,bank0:0-1-2-4-5-7-8,relational_max,13,0.6529418701287033,1.3728247250001004,21236728,
matched,gaussian_fitted,bank0:0-1-2-4-5-7-8,joint,13,0.786592282293749,0.06672376399728819,1215360,
matched,gaussian_fitted,bank0:0-1-2-4-5-7-8,independent,13,0.737239168033063,0.06672376399728819,1215360,
matched,gaussian_fitted,bank0:0-1-2-4-5-7-8,marginal_max,13,0.7322134498326632,0.06672376399728819,1215360,
matched,gaussian_fitted,bank0:0-1-2-4-5-7-8,conditional_max,13,0.7809544933851441,0.06672376399728819,1215360,
matched,gaussian_fitted,bank0:0-1-2-4-5-7-8,relational_max,13,0.7787308236562521,0.06672376399728819,1215360,
matched,gmm_fitted,bank0:0-1-2-4-5-7-8,joint,13,0.7652371914377485,0.12732011799744214,1215360,
matched,gmm_fitted,bank0:0-1-2-4-5-7-8,independent,13,0.7211231778261944,0.12732011799744214,1215360,
matched,gmm_fitted,bank0:0-1-2-4-5-7-8,marginal_max,13,0.7461900002246131,0.12732011799744214,1215360,
matched,gmm_fitted,bank0:0-1-2-4-5-7-8,conditional_max,13,0.7884341097459626,0.12732011799744214,1215360,
matched,gmm_fitted,bank0:0-1-2-4-5-7-8,relational_max,13,0.7838632330810179,0.12732011799744214,1215360,
matched,circuit,bank1:3,joint,13,0.8283225893398621,1.3737396440010343,21236728,
matched,circuit,bank1:3,independent,13,0.8075739538644685,1.3737396440010343,21236728,
matched,circuit,bank1:3,marginal_max,13,0.8171649334022146,1.3737396440010343,21236728,
matched,circuit,bank1:3,conditional_max,13,0.8334662294198244,1.3737396440010343,21236728,
matched,circuit,bank1:3,relational_max,13,0.705756833853687,1.3737396440010343,21236728,
matched,gaussian_fitted,bank1:3,joint,13,0.8680173401316232,0.7440677040031005,3544800,
matched,gaussian_fitted,bank1:3,independent,13,0.8073381101053435,0.7440677040031005,3544800,
matched,gaussian_fitted,bank1:3,marginal_max,13,0.8019951258956447,0.7440677040031005,3544800,
matched,gaussian_fitted,bank1:3,conditional_max,13,0.8649569865905977,0.7440677040031005,3544800,
matched,gaussian_fitted,bank1:3,relational_max,13,0.8336627658857618,0.7440677040031005,3544800,
matched,gmm_fitted,bank1:3,joint,13,0.8675119606477842,1.4948380920031923,3544800,
matched,gmm_fitted,bank1:3,independent,13,0.8070798050358258,1.4948380920031923,3544800,
matched,gmm_fitted,bank1:3,marginal_max,13,0.8038144920374655,1.4948380920031923,3544800,
matched,gmm_fitted,bank1:3,conditional_max,13,0.8682194919251589,1.4948380920031923,3544800,
matched,gmm_fitted,bank1:3,relational_max,13,0.8498180633858179,1.4948380920031923,3544800,
matched,circuit,bank2:6-10,joint,13,0.8135935850497518,1.5615193449993967,21236728,
matched,circuit,bank2:6-10,independent,13,0.793052716695492,1.5615193449993967,21236728,
matched,circuit,bank2:6-10,marginal_max,13,0.799645111295793,1.5615193449993967,21236728,
matched,circuit,bank2:6-10,conditional_max,13,0.8194166797690977,1.5615193449993967,21236728,
matched,circuit,bank2:6-10,relational_max,13,0.7120740774016756,1.5615193449993967,21236728,
matched,gaussian_fitted,bank2:6-10,joint,13,0.844708115271445,0.607679762000771,3072160,
matched,gaussian_fitted,bank2:6-10,independent,13,0.7841580377799241,0.607679762000771,3072160,
matched,gaussian_fitted,bank2:6-10,marginal_max,13,0.7757490847016015,0.607679762000771,3072160,
matched,gaussian_fitted,bank2:6-10,conditional_max,13,0.8389130971900901,0.607679762000771,3072160,
matched,gaussian_fitted,bank2:6-10,relational_max,13,0.8179061566451786,0.607679762000771,3072160,
matched,gmm_fitted,bank2:6-10,joint,13,0.811426068596842,1.2104949269996723,3072160,
matched,gmm_fitted,bank2:6-10,independent,13,0.7406504795489769,1.2104949269996723,3072160,
matched,gmm_fitted,bank2:6-10,marginal_max,13,0.794933851440893,1.2104949269996723,3072160,
matched,gmm_fitted,bank2:6-10,conditional_max,13,0.836846656633948,1.2104949269996723,3072160,
matched,gmm_fitted,bank2:6-10,relational_max,13,0.8223815727409537,1.2104949269996723,3072160,
matched,circuit,single_sensor_0,joint,13,0.5632370117472654,1.3727143239993893,21236728,
matched,circuit,single_sensor_0,independent,13,0.5632370117472654,1.3727143239993893,21236728,
matched,circuit,single_sensor_0,marginal_max,13,0.5632370117472654,1.3727143239993893,21236728,
matched,circuit,single_sensor_0,conditional_max,13,0.5632370117472654,1.3727143239993893,21236728,
matched,circuit,single_sensor_0,relational_max,13,0.5,1.3727143239993893,21236728,
matched,gaussian_fitted,single_sensor_0,joint,13,0.5651855304238449,0.0021216799977992196,33760,
matched,gaussian_fitted,single_sensor_0,independent,13,0.5651855304238449,0.0021216799977992196,33760,
matched,gaussian_fitted,single_sensor_0,marginal_max,13,0.5651855304238449,0.0021216799977992196,33760,
matched,gaussian_fitted,single_sensor_0,conditional_max,13,0.5651855304238449,0.0021216799977992196,33760,
matched,gaussian_fitted,single_sensor_0,relational_max,13,0.5,0.0021216799977992196,33760,
matched,gmm_fitted,single_sensor_0,joint,13,0.565690909907684,0.0025935770026990213,33760,
matched,gmm_fitted,single_sensor_0,independent,13,0.565690909907684,0.0025935770026990213,33760,
matched,gmm_fitted,single_sensor_0,marginal_max,13,0.565690909907684,0.0025935770026990213,33760,
matched,gmm_fitted,single_sensor_0,conditional_max,13,0.565690909907684,0.0025935770026990213,33760,
matched,gmm_fitted,single_sensor_0,relational_max,13,0.5,0.0025935770026990213,33760,
matched_nearest,circuit,full,joint,11,0.7674105930285197,1.2629621529995347,23652280,
matched_nearest,circuit,full,independent,11,0.7582797645993662,1.2629621529995347,23652280,
matched_nearest,circuit,full,marginal_max,11,0.7717609778180172,1.2629621529995347,23652280,
matched_nearest,circuit,full,conditional_max,11,0.7893888637392485,1.2629621529995347,23652280,
matched_nearest,circuit,full,relational_max,11,0.7005817111815301,1.2629621529995347,23652280,
matched_nearest,gaussian_fitted,full,joint,11,0.8315119963784517,1.00792157700198,4512000,
matched_nearest,gaussian_fitted,full,independent,11,0.753947487550928,1.00792157700198,4512000,
matched_nearest,gaussian_fitted,full,marginal_max,11,0.7484676324128565,1.00792157700198,4512000,
matched_nearest,gaussian_fitted,full,conditional_max,11,0.8377229515617927,1.00792157700198,4512000,
matched_nearest,gaussian_fitted,full,relational_max,11,0.8490765052059756,1.00792157700198,4512000,
matched_nearest,gmm_fitted,full,joint,11,0.8162471706654595,2.0583115089975763,4512000,
matched_nearest,gmm_fitted,full,independent,11,0.737143503847895,2.0583115089975763,4512000,
matched_nearest,gmm_fitted,full,marginal_max,11,0.762143503847895,2.0583115089975763,4512000,
matched_nearest,gmm_fitted,full,conditional_max,11,0.8403847894975102,2.0583115089975763,4512000,
matched_nearest,gmm_fitted,full,relational_max,11,0.8388094160253509,2.0583115089975763,4512000,
matched_nearest,circuit,random1:1,joint,11,0.7649751018560434,1.1113594579983328,23652280,
matched_nearest,circuit,random1:1,independent,11,0.7562788592123133,1.1113594579983328,23652280,
matched_nearest,circuit,random1:1,marginal_max,11,0.7719035762788592,1.1113594579983328,23652280,
matched_nearest,circuit,random1:1,conditional_max,11,0.7910185604345857,1.1113594579983328,23652280,
matched_nearest,circuit,random1:1,relational_max,11,0.7024717066545948,1.1113594579983328,23652280,
matched_nearest,gaussian_fitted,random1:1,joint,11,0.8256269805341784,0.8497722289976082,3948000,
matched_nearest,gaussian_fitted,random1:1,independent,11,0.7508465368945224,0.8497722289976082,3948000,
matched_nearest,gaussian_fitted,random1:1,marginal_max,11,0.7460434585785424,0.8497722289976082,3948000,
matched_nearest,gaussian_fitted,random1:1,conditional_max,11,0.8315119963784517,0.8497722289976082,3948000,
matched_nearest,gaussian_fitted,random1:1,relational_max,11,0.8446446355817112,0.8497722289976082,3948000,
matched_nearest,gmm_fitted,random1:1,joint,11,0.809271163422363,1.7128436470011366,3948000,
matched_nearest,gmm_fitted,random1:1,independent,11,0.7335445903123585,1.7128436470011366,3948000,
matched_nearest,gmm_fitted,random1:1,marginal_max,11,0.7586917157084654,1.7128436470011366,3948000,
matched_nearest,gmm_fitted,random1:1,conditional_max,11,0.8355545495699411,1.7128436470011366,3948000,
matched_nearest,gmm_fitted,random1:1,relational_max,11,0.8368175645088275,1.7128436470011366,3948000,
matched_nearest,circuit,random3:5-8-14,joint,11,0.753415572657311,1.3482679939988884,23652280,
matched_nearest,circuit,random3:5-8-14,independent,11,0.7448822996831145,1.3482679939988884,23652280,
matched_nearest,circuit,random3:5-8-14,marginal_max,11,0.7525758261656859,1.3482679939988884,23652280,
matched_nearest,circuit,random3:5-8-14,conditional_max,11,0.7652399275690358,1.3482679939988884,23652280,
matched_nearest,circuit,random3:5-8-14,relational_max,11,0.6694839293798098,1.3482679939988884,23652280,
matched_nearest,gaussian_fitted,random3:5-8-14,joint,11,0.8101788139429607,0.5211194090006757,2932800,
matched_nearest,gaussian_fitted,random3:5-8-14,independent,11,0.7355522861023087,0.5211194090006757,2932800,
matched_nearest,gaussian_fitted,random3:5-8-14,marginal_max,11,0.7349253055681304,0.5211194090006757,2932800,
matched_nearest,gaussian_fitted,random3:5-8-14,conditional_max,11,0.8142802172928927,0.5211194090006757,2932800,
matched_nearest,gaussian_fitted,random3:5-8-14,relational_max,11,0.8202376641014033,0.5211194090006757,2932800,
matched_nearest,gmm_fitted,random3:5-8-14,joint,11,0.8003870529651426,0.9191082200013625,2932800,
matched_nearest,gmm_fitted,random3:5-8-14,independent,11,0.7221435038478949,0.9191082200013625,2932800,
matched_nearest,gmm_fitted,random3:5-8-14,marginal_max,11,0.7482141240380262,0.9191082200013625,2932800,
matched_nearest,gmm_fitted,random3:5-8-14,conditional_max,11,0.8197125396106836,0.9191082200013625,2932800,
matched_nearest,gmm_fitted,random3:5-8-14,relational_max,11,0.8227546401086464,0.9191082200013625,2932800,
matched_nearest,circuit,random7:3-4-8-10-11-12-14,joint,11,0.7349456767768221,1.3449481619973085,23652280,
matched_nearest,circuit,random7:3-4-8-10-11-12-14,independent,11,0.7240086011770032,1.3449481619973085,23652280,
matched_nearest,circuit,random7:3-4-8-10-11-12-14,marginal_max,11,0.7301991851516524,1.3449481619973085,23652280,
matched_nearest,circuit,random7:3-4-8-10-11-12-14,conditional_max,11,0.7432752376641014,1.3449481619973085,23652280,
matched_nearest,circuit,random7:3-4-8-10-11-12-14,relational_max,11,0.6244092349479402,1.3449481619973085,23652280,
matched_nearest,gaussian_fitted,random7:3-4-8-10-11-12-14,joint,11,0.7817134449977365,0.1545479369997338,1353600,
matched_nearest,gaussian_fitted,random7:3-4-8-10-11-12-14,independent,11,0.7232661837935718,0.1545479369997338,1353600,
matched_nearest,gaussian_fitted,random7:3-4-8-10-11-12-14,marginal_max,11,0.7232322317790856,0.1545479369997338,1353600,
matched_nearest,gaussian_fitted,random7:3-4-8-10-11-12-14,conditional_max,11,0.7822385694884563,0.1545479369997338,1353600,
matched_nearest,gaussian_fitted,random7:3-4-8-10-11-12-14,relational_max,11,0.7822159348121321,0.1545479369997338,1353600,
matched_nearest,gmm_fitted,random7:3-4-8-10-11-12-14,joint,11,0.7817541874151199,0.3156714249998913,1353600,
matched_nearest,gmm_fitted,random7:3-4-8-10-11-12-14,independent,11,0.7242077863286555,0.3156714249998913,1353600,
matched_nearest,gmm_fitted,random7:3-4-8-10-11-12-14,marginal_max,11,0.724676324128565,0.3156714249998913,1353600,
matched_nearest,gmm_fitted,random7:3-4-8-10-11-12-14,conditional_max,11,0.7833069262109552,0.3156714249998913,1353600,
matched_nearest,gmm_fitted,random7:3-4-8-10-11-12-14,relational_max,11,0.7838727931190584,0.3156714249998913,1353600,
matched_nearest,circuit,bank0:0-1-2-4-5-7-8,joint,11,0.718766410140335,1.0901771539975016,23652280,
matched_nearest,circuit,bank0:0-1-2-4-5-7-8,independent,11,0.7143300135808058,1.0901771539975016,23652280,
matched_nearest,circuit,bank0:0-1-2-4-5-7-8,marginal_max,11,0.7187166138524219,1.0901771539975016,23652280,
matched_nearest,circuit,bank0:0-1-2-4-5-7-8,conditional_max,11,0.7284178361249434,1.0901771539975016,23652280,
matched_nearest,circuit,bank0:0-1-2-4-5-7-8,relational_max,11,0.6305568130375736,1.0901771539975016,23652280,
matched_nearest,gaussian_fitted,bank0:0-1-2-4-5-7-8,joint,11,0.7464124038026256,0.1551198739980464,1353600,
matched_nearest,gaussian_fitted,bank0:0-1-2-4-5-7-8,independent,11,0.6978202806699865,0.1551198739980464,1353600,
matched_nearest,gaussian_fitted,bank0:0-1-2-4-5-7-8,marginal_max,11,0.6979402444545043,0.1551198739980464,1353600,
matched_nearest,gaussian_fitted,bank0:0-1-2-4-5-7-8,conditional_max,11,0.7507311000452693,0.1551198739980464,1353600,
matched_nearest,gaussian_fitted,bank0:0-1-2-4-5-7-8,relational_max,11,0.7632888184698959,0.1551198739980464,1353600,
matched_nearest,gmm_fitted,bank0:0-1-2-4-5-7-8,joint,11,0.7385400633770937,0.3063261950010201,1353600,
matched_nearest,gmm_fitted,bank0:0-1-2-4-5-7-8,independent,11,0.6863671344499773,0.3063261950010201,1353600,
matched_nearest,gmm_fitted,bank0:0-1-2-4-5-7-8,marginal_max,11,0.7075396106835672,0.3063261950010201,1353600,
matched_nearest,gmm_fitted,bank0:0-1-2-4-5-7-8,conditional_max,11,0.7576346763241286,0.3063261950010201,1353600,
matched_nearest,gmm_fitted,bank0:0-1-2-4-5-7-8,relational_max,11,0.7608125848800362,0.3063261950010201,1353600,
matched_nearest,circuit,bank1:3,joint,11,0.768804889090086,1.3394664570005261,23652280,
matched_nearest,circuit,bank1:3,independent,11,0.7593933906745134,1.3394664570005261,23652280,
matched_nearest,circuit,bank1:3,marginal_max,11,0.7716749660479855,1.3394664570005261,23652280,
matched_nearest,circuit,bank1:3,conditional_max,11,0.789363965595292,1.3394664570005261,23652280,
matched_nearest,circuit,bank1:3,relational_max,11,0.708727931190584,1.3394664570005261,23652280,
matched_nearest,gaussian_fitted,bank1:3,joint,11,0.8452965142598461,0.8415320399981283,3948000,
matched_nearest,gaussian_fitted,bank1:3,independent,11,0.7643594386600272,0.8415320399981283,3948000,
matched_nearest,gaussian_fitted,bank1:3,marginal_max,11,0.7726505205975555,0.8415320399981283,3948000,
matched_nearest,gaussian_fitted,bank1:3,conditional_max,11,0.8571480307831598,0.8415320399981283,3948000,
matched_nearest,gaussian_fitted,bank1:3,relational_max,11,0.8474784970574921,0.8415320399981283,3948000,
matched_nearest,gmm_fitted,bank1:3,joint,11,0.8443005885015844,1.6788031969990698,3948000,
matched_nearest,gmm_fitted,bank1:3,independent,11,0.7651652331371661,1.6788031969990698,3948000,
matched_nearest,gmm_fitted,bank1:3,marginal_max,11,0.7732503395201449,1.6788031969990698,3948000,
matched_nearest,gmm_fitted,bank1:3,conditional_max,11,0.8591308284291534,1.6788031969990698,3948000,
matched_nearest,gmm_fitted,bank1:3,relational_max,11,0.8491896785875962,1.6788031969990698,3948000,
matched_nearest,circuit,bank2:6-10,joint,11,0.7643300135808058,1.0873254090001865,23652280,
matched_nearest,circuit,bank2:6-10,independent,11,0.7532299683114532,1.0873254090001865,23652280,
matched_nearest,circuit,bank2:6-10,marginal_max,11,0.7656586690810322,1.0873254090001865,23652280,
matched_nearest,circuit,bank2:6-10,conditional_max,11,0.783091896785876,1.0873254090001865,23652280,
matched_nearest,circuit,bank2:6-10,relational_max,11,0.7194567677682209,1.0873254090001865,23652280,
matched_nearest,gaussian_fitted,bank2:6-10,joint,11,0.8217496604798551,0.6478971360011201,3421600,
matched_nearest,gaussian_fitted,bank2:6-10,independent,11,0.7387845178813943,0.6478971360011201,3421600,
matched_nearest,gaussian_fitted,bank2:6-10,marginal_max,11,0.7341330918967859,0.6478971360011201,3421600,
matched_nearest,gaussian_fitted,bank2:6-10,conditional_max,11,0.8258148483476686,0.6478971360011201,3421600,
matched_nearest,gaussian_fitted,bank2:6-10,relational_max,11,0.8322747849705749,0.6478971360011201,3421600,
matched_nearest,gmm_fitted,bank2:6-10,joint,11,0.8047419646899049,1.3193539610001608,3421600,
matched_nearest,gmm_fitted,bank2:6-10,independent,11,0.7202557718424627,1.3193539610001608,3421600,
matched_nearest,gmm_fitted,bank2:6-10,marginal_max,11,0.7517745586238117,1.3193539610001608,3421600,
matched_nearest,gmm_fitted,bank2:6-10,conditional_max,11,0.8317360796740607,1.3193539610001608,3421600,
matched_nearest,gmm_fitted,bank2:6-10,relational_max,11,0.8201878678134903,1.3193539610001608,3421600,
matched_nearest,circuit,single_sensor_0,joint,11,0.5620552286102308,1.0897930319988518,23652280,
matched_nearest,circuit,single_sensor_0,independent,11,0.5620552286102308,1.0897930319988518,23652280,
matched_nearest,circuit,single_sensor_0,marginal_max,11,0.5620552286102308,1.0897930319988518,23652280,
matched_nearest,circuit,single_sensor_0,conditional_max,11,0.5620552286102308,1.0897930319988518,23652280,
matched_nearest,circuit,single_sensor_0,relational_max,11,0.5,1.0897930319988518,23652280,
matched_nearest,gaussian_fitted,single_sensor_0,joint,11,0.5612947034857402,0.0022000300014042296,37600,
matched_nearest,gaussian_fitted,single_sensor_0,independent,11,0.5612947034857402,0.0022000300014042296,37600,
matched_nearest,gaussian_fitted,single_sensor_0,marginal_max,11,0.5612947034857402,0.0022000300014042296,37600,
matched_nearest,gaussian_fitted,single_sensor_0,conditional_max,11,0.5612947034857402,0.0022000300014042296,37600,
matched_nearest,gaussian_fitted,single_sensor_0,relational_max,11,0.5,0.0022000300014042296,37600,
matched_nearest,gmm_fitted,single_sensor_0,joint,11,0.5621548211860571,0.0026767700001073536,37600,
matched_nearest,gmm_fitted,single_sensor_0,independent,11,0.5621548211860571,0.0026767700001073536,37600,
matched_nearest,gmm_fitted,single_sensor_0,marginal_max,11,0.5621548211860571,0.0026767700001073536,37600,
matched_nearest,gmm_fitted,single_sensor_0,conditional_max,11,0.5621548211860571,0.0026767700001073536,37600,
matched_nearest,gmm_fitted,single_sensor_0,relational_max,11,0.5,0.0026767700001073536,37600,
matched_nearest,circuit,full,joint,12,0.8060269995645232,0.980937536998681,20884460,
matched_nearest,circuit,full,independent,12,0.792472056902308,0.980937536998681,20884460,
matched_nearest,circuit,full,marginal_max,12,0.7848279866453767,0.980937536998681,20884460,
matched_nearest,circuit,full,conditional_max,12,0.796690375961678,0.980937536998681,20884460,
matched_nearest,circuit,full,relational_max,12,0.7267527943097692,0.980937536998681,20884460,
matched_nearest,gaussian_fitted,full,joint,12,0.8472173029467267,0.792066566998983,3984000,
matched_nearest,gaussian_fitted,full,independent,12,0.7807403106401509,0.792066566998983,3984000,
matched_nearest,gaussian_fitted,full,marginal_max,12,0.7766845696037161,0.792066566998983,3984000,
matched_nearest,gaussian_fitted,full,conditional_max,12,0.8487211496588765,0.792066566998983,3984000,
matched_nearest,gaussian_fitted,full,relational_max,12,0.8488721149658877,0.792066566998983,3984000,
matched_nearest,gmm_fitted,full,joint,12,0.8354013644941211,3.0815684070003044,3984000,
matched_nearest,gmm_fitted,full,independent,12,0.7750674989113079,3.0815684070003044,3984000,
matched_nearest,gmm_fitted,full,marginal_max,12,0.7807780519669038,3.0815684070003044,3984000,
matched_nearest,gmm_fitted,full,conditional_max,12,0.8463405428944695,3.0815684070003044,3984000,
matched_nearest,gmm_fitted,full,relational_max,12,0.8439599361300624,3.0815684070003044,3984000,
matched_nearest,circuit,random1:1,joint,12,0.8000145158949049,0.981232522000937,20884460,
matched_nearest,circuit,random1:1,independent,12,0.7872143997677457,0.981232522000937,20884460,
matched_nearest,circuit,random1:1,marginal_max,12,0.7743329946291189,0.981232522000937,20884460,
matched_nearest,circuit,random1:1,conditional_max,12,0.78622441573523,0.981232522000937,20884460,
matched_nearest,circuit,random1:1,relational_max,12,0.7212367542458993,0.981232522000937,20884460,
matched_nearest,gaussian_fitted,random1:1,joint,12,0.8445608941791262,0.6577063370023097,3486000,
matched_nearest,gaussian_fitted,random1:1,independent,12,0.7758949049208884,0.6577063370023097,3486000,
matched_nearest,gaussian_fitted,random1:1,marginal_max,12,0.7682914791696908,0.6577063370023097,3486000,
matched_nearest,gaussian_fitted,random1:1,conditional_max,12,0.8438350994338801,0.6577063370023097,3486000,
matched_nearest,gaussian_fitted,random1:1,relational_max,12,0.848433734939759,0.6577063370023097,3486000,
matched_nearest,gmm_fitted,random1:1,joint,12,0.8333430105966033,2.517739504997735,3486000,
matched_nearest,gmm_fitted,random1:1,independent,12,0.7700246770213384,2.517739504997735,3486000,
matched_nearest,gmm_fitted,random1:1,marginal_max,12,0.7725649586296995,2.517739504997735,3486000,
matched_nearest,gmm_fitted,random1:1,conditional_max,12,0.8417912614312673,2.517739504997735,3486000,
matched_nearest,gmm_fitted,random1:1,relational_max,12,0.8422383509943387,2.517739504997735,3486000,
matched_nearest,circuit,random3:5-8-14,joint,12,0.7794367832776891,0.9852993749991583,20884460,
matched_nearest,circuit,random3:5-8-14,independent,12,0.7703120917404558,0.9852993749991583,20884460,
matched_nearest,circuit,random3:5-8-14,marginal_max,12,0.7673856873276238,0.9852993749991583,20884460,
matched_nearest,circuit,random3:5-8-14,conditional_max,12,0.7720249673392364,0.9852993749991583,20884460,
matched_nearest,circuit,random3:5-8-14,relational_max,12,0.6695224270576281,0.9852993749991583,20884460,
matched_nearest,gaussian_fitted,random3:5-8-14,joint,12,0.812126578603571,0.39851192599962815,2589600,
matched_nearest,gaussian_fitted,random3:5-8-14,independent,12,0.7577093917840035,0.39851192599962815,2589600,
matched_nearest,gaussian_fitted,random3:5-8-14,marginal_max,12,0.7633154303962839,0.39851192599962815,2589600,
matched_nearest,gaussian_fitted,random3:5-8-14,conditional_max,12,0.8212483669618232,0.39851192599962815,2589600,
matched_nearest,gaussian_fitted,random3:5-8-14,relational_max,12,0.8160400638699375,0.39851192599962815,2589600,
matched_nearest,gmm_fitted,random3:5-8-14,joint,12,0.8017448105675715,1.5667339079991507,2589600,
matched_nearest,gmm_fitted,random3:5-8-14,independent,12,0.7499869356945855,1.5667339079991507,2589600,
matched_nearest,gmm_fitted,random3:5-8-14,marginal_max,12,0.7669473073014952,1.5667339079991507,2589600,
matched_nearest,gmm_fitted,random3:5-8-14,conditional_max,12,0.8200348381477718,1.5667339079991507,2589600,
matched_nearest,gmm_fitted,random3:5-8-14,relational_max,12,0.8093685585716359,1.5667339079991507,2589600,
matched_nearest,circuit,random7:3-4-8-10-11-12-14,joint,12,0.7428335026854406,0.9839691979977943,20884460,
matched_nearest,circuit,random7:3-4-8-10-11-12-14,independent,12,0.7338162287705037,0.9839691979977943,20884460,
matched_nearest,circuit,random7:3-4-8-10-11-12-14,marginal_max,12,0.7287908259544201,0.9839691979977943,20884460,
matched_nearest,circuit,random7:3-4-8-10-11-12-14,conditional_max,12,0.7364058644215415,0.9839691979977943,20884460,
matched_nearest,circuit,random7:3-4-8-10-11-12-14,relational_max,12,0.6337378429380172,0.9839691979977943,20884460,
matched_nearest,gaussian_fitted,random7:3-4-8-10-11-12-14,joint,12,0.7743881550297576,0.11865952100197319,1195200,
matched_nearest,gaussian_fitted,random7:3-4-8-10-11-12-14,independent,12,0.7272173029467267,0.11865952100197319,1195200,
matched_nearest,gaussian_fitted,random7:3-4-8-10-11-12-14,marginal_max,12,0.7230715633618813,0.11865952100197319,1195200,
matched_nearest,gaussian_fitted,random7:3-4-8-10-11-12-14,conditional_max,12,0.7570445637973581,0.11865952100197319,1195200,
matched_nearest,gaussian_fitted,random7:3-4-8-10-11-12-14,relational_max,12,0.7732384961532879,0.11865952100197319,1195200,
matched_nearest,gmm_fitted,random7:3-4-8-10-11-12-14,joint,12,0.7711017564232835,0.4562390319988481,1195200,
matched_nearest,gmm_fitted,random7:3-4-8-10-11-12-14,independent,12,0.7307882130933372,0.4562390319988481,1195200,
matched_nearest,gmm_fitted,random7:3-4-8-10-11-12-14,marginal_max,12,0.7240586442154159,0.4562390319988481,1195200,
matched_nearest,gmm_fitted,random7:3-4-8-10-11-12-14,conditional_max,12,0.7567832776890695,0.4562390319988481,1195200,
matched_nearest,gmm_fitted,random7:3-4-8-10-11-12-14,relational_max,12,0.7759094208157933,0.4562390319988481,1195200,
matched_nearest,circuit,bank0:0-1-2-4-5-7-8,joint,12,0.7270111772390768,0.9882315830000152,20884460,
matched_nearest,circuit,bank0:0-1-2-4-5-7-8,independent,12,0.7193467847292786,0.9882315830000152,20884460,
matched_nearest,circuit,bank0:0-1-2-4-5-7-8,marginal_max,12,0.7118623893163013,0.9882315830000152,20884460,
matched_nearest,circuit,bank0:0-1-2-4-5-7-8,conditional_max,12,0.718333575264915,0.9882315830000152,20884460,
matched_nearest,circuit,bank0:0-1-2-4-5-7-8,relational_max,12,0.6411641747713747,0.9882315830000152,20884460,
matched_nearest,gaussian_fitted,bank0:0-1-2-4-5-7-8,joint,12,0.753209464363478,0.1180546379982843,1195200,
matched_nearest,gaussian_fitted,bank0:0-1-2-4-5-7-8,independent,12,0.7125881840615474,0.1180546379982843,1195200,
matched_nearest,gaussian_fitted,bank0:0-1-2-4-5-7-8,marginal_max,12,0.7124575410074031,0.1180546379982843,1195200,
matched_nearest,gaussian_fitted,bank0:0-1-2-4-5-7-8,conditional_max,12,0.7474902017709392,0.1180546379982843,1195200,
matched_nearest,gaussian_fitted,bank0:0-1-2-4-5-7-8,relational_max,12,0.7616286834083321,0.1180546379982843,1195200,
matched_nearest,gmm_fitted,bank0:0-1-2-4-5-7-8,joint,12,0.7492030773697198,0.45529029099998297,1195200,
matched_nearest,gmm_fitted,bank0:0-1-2-4-5-7-8,independent,12,0.7081114820728698,0.45529029099998297,1195200,
matched_nearest,gmm_fitted,bank0:0-1-2-4-5-7-8,marginal_max,12,0.7175264915082015,0.45529029099998297,1195200,
matched_nearest,gmm_fitted,bank0:0-1-2-4-5-7-8,conditional_max,12,0.7494585571200465,0.45529029099998297,1195200,
matched_nearest,gmm_fitted,bank0:0-1-2-4-5-7-8,relational_max,12,0.7628131804325736,0.45529029099998297,1195200,
matched_nearest,circuit,bank1:3,joint,12,0.8013964290898534,0.9842352749983547,20884460,
matched_nearest,circuit,bank1:3,independent,12,0.7865118304543475,0.9842352749983547,20884460,
matched_nearest,circuit,bank1:3,marginal_max,12,0.7841312236899405,0.9842352749983547,20884460,
matched_nearest,circuit,bank1:3,conditional_max,12,0.796521991580781,0.9842352749983547,20884460,
matched_nearest,circuit,bank1:3,relational_max,12,0.7182493830744665,0.9842352749983547,20884460,
matched_nearest,gaussian_fitted,bank1:3,joint,12,0.850651763681231,0.6208880880003562,3486000,
matched_nearest,gaussian_fitted,bank1:3,independent,12,0.775412977210045,0.6208880880003562,3486000,
matched_nearest,gaussian_fitted,bank1:3,marginal_max,12,0.7726114094933952,0.6208880880003562,3486000,
matched_nearest,gaussian_fitted,bank1:3,conditional_max,12,0.8517607780519669,0.6208880880003562,3486000,
matched_nearest,gaussian_fitted,bank1:3,relational_max,12,0.8497633909130498,0.6208880880003562,3486000,
matched_nearest,gmm_fitted,bank1:3,joint,12,0.8478705182174481,2.443229811000492,3486000,
matched_nearest,gmm_fitted,bank1:3,independent,12,0.7800116127159239,2.443229811000492,3486000,
matched_nearest,gmm_fitted,bank1:3,marginal_max,12,0.7741965452170126,2.443229811000492,3486000,
matched_nearest,gmm_fitted,bank1:3,conditional_max,12,0.8524052837857454,2.443229811000492,3486000,
matched_nearest,gmm_fitted,bank1:3,relational_max,12,0.8544723472202062,2.443229811000492,3486000,
matched_nearest,circuit,bank2:6-10,joint,12,0.7953578168094063,0.9811245210003108,20884460,
matched_nearest,circuit,bank2:6-10,independent,12,0.7790100159674844,0.9811245210003108,20884460,
matched_nearest,circuit,bank2:6-10,marginal_max,12,0.7720249673392364,0.9811245210003108,20884460,
matched_nearest,circuit,bank2:6-10,conditional_max,12,0.784761213528814,0.9811245210003108,20884460,
matched_nearest,circuit,bank2:6-10,relational_max,12,0.707890840470315,0.9811245210003108,20884460,
matched_nearest,gaussian_fitted,bank2:6-10,joint,12,0.830454347510524,0.4944003700002213,3021200,
matched_nearest,gaussian_fitted,bank2:6-10,independent,12,0.7620322252866889,0.4944003700002213,3021200,
matched_nearest,gaussian_fitted,bank2:6-10,marginal_max,12,0.762952533023661,0.4944003700002213,3021200,
matched_nearest,gaussian_fitted,bank2:6-10,conditional_max,12,0.834315575555233,0.4944003700002213,3021200,
matched_nearest,gaussian_fitted,bank2:6-10,relational_max,12,0.8271214980403542,0.4944003700002213,3021200,
matched_nearest,gmm_fitted,bank2:6-10,joint,12,0.8165597329075337,1.9615010590023303,3021200,
matched_nearest,gmm_fitted,bank2:6-10,independent,12,0.7499956452315285,1.9615010590023303,3021200,
matched_nearest,gmm_fitted,bank2:6-10,marginal_max,12,0.7681376106836987,1.9615010590023303,3021200,
matched_nearest,gmm_fitted,bank2:6-10,conditional_max,12,0.8334562345768617,1.9615010590023303,3021200,
matched_nearest,gmm_fitted,bank2:6-10,relational_max,12,0.8324227028596313,1.9615010590023303,3021200,
matched_nearest,circuit,single_sensor_0,joint,12,0.5487356655537814,0.9766888750018552,20884460,
matched_nearest,circuit,single_sensor_0,independent,12,0.5486805051531427,0.9766888750018552,20884460,
matched_nearest,circuit,single_sensor_0,marginal_max,12,0.5486805051531427,0.9766888750018552,20884460,
matched_nearest,circuit,single_sensor_0,conditional_max,12,0.5486805051531427,0.9766888750018552,20884460,
matched_nearest,circuit,single_sensor_0,relational_max,12,0.5,0.9766888750018552,20884460,
matched_nearest,gaussian_fitted,single_sensor_0,joint,12,0.5472550442734795,0.002052564999758033,33200,
matched_nearest,gaussian_fitted,single_sensor_0,independent,12,0.5472550442734795,0.002052564999758033,33200,
matched_nearest,gaussian_fitted,single_sensor_0,marginal_max,12,0.5472550442734795,0.002052564999758033,33200,
matched_nearest,gaussian_fitted,single_sensor_0,conditional_max,12,0.5472550442734795,0.002052564999758033,33200,
matched_nearest,gaussian_fitted,single_sensor_0,relational_max,12,0.5,0.002052564999758033,33200,
matched_nearest,gmm_fitted,single_sensor_0,joint,12,0.5470808535346204,0.0033533160021761432,33200,
matched_nearest,gmm_fitted,single_sensor_0,independent,12,0.5470808535346204,0.0033533160021761432,33200,
matched_nearest,gmm_fitted,single_sensor_0,marginal_max,12,0.5470808535346204,0.0033533160021761432,33200,
matched_nearest,gmm_fitted,single_sensor_0,conditional_max,12,0.5470808535346204,0.0033533160021761432,33200,
matched_nearest,gmm_fitted,single_sensor_0,relational_max,12,0.5,0.0033533160021761432,33200,
matched_nearest,circuit,full,joint,13,0.8257956919206666,1.2208818299986888,21236728,
matched_nearest,circuit,full,independent,13,0.8108589205094225,1.2208818299986888,21236728,
matched_nearest,circuit,full,marginal_max,13,0.8173783158509468,1.2208818299986888,21236728,
matched_nearest,circuit,full,conditional_max,13,0.8323150872621908,1.2208818299986888,21236728,
matched_nearest,circuit,full,relational_max,13,0.719896228745985,1.2208818299986888,21236728,
matched_nearest,gaussian_fitted,full,joint,13,0.8713303834145684,0.7776022660000308,4051200,
matched_nearest,gaussian_fitted,full,independent,13,0.8058332023090227,0.7776022660000308,4051200,
matched_nearest,gaussian_fitted,full,marginal_max,13,0.795964264055165,0.7776022660000308,4051200,
matched_nearest,gaussian_fitted,full,conditional_max,13,0.8750028076637991,0.7776022660000308,4051200,
matched_nearest,gaussian_fitted,full,relational_max,13,0.8592405830956178,0.7776022660000308,4051200,
matched_nearest,gmm_fitted,full,joint,13,0.8387502526897419,1.5418432720034616,4051200,
matched_nearest,gmm_fitted,full,independent,13,0.7754093573819096,1.5418432720034616,4051200,
matched_nearest,gmm_fitted,full,marginal_max,13,0.8099099301453246,1.5418432720034616,4051200,
matched_nearest,gmm_fitted,full,conditional_max,13,0.8647829114350531,1.5418432720034616,4051200,
matched_nearest,gmm_fitted,full,relational_max,13,0.8537600233597628,1.5418432720034616,4051200,
matched_nearest,circuit,random1:1,joint,13,0.8177124278430403,0.9793190410018724,21236728,
matched_nearest,circuit,random1:1,independent,13,0.8034101884503942,0.9793190410018724,21236728,
matched_nearest,circuit,random1:1,marginal_max,13,0.8174063924889378,0.9793190410018724,21236728,
matched_nearest,circuit,random1:1,conditional_max,13,0.8305799510343433,0.9793190410018724,21236728,
matched_nearest,circuit,random1:1,relational_max,13,0.712377305091979,0.9793190410018724,21236728,
matched_nearest,gaussian_fitted,random1:1,joint,13,0.8637019608723973,0.6347360389991081,3544800,
matched_nearest,gaussian_fitted,random1:1,independent,13,0.797924013386941,0.6347360389991081,3544800,
matched_nearest,gaussian_fitted,random1:1,marginal_max,13,0.7892567552391007,0.6347360389991081,3544800,
matched_nearest,gaussian_fitted,random1:1,conditional_max,13,0.86319096606096,0.6347360389991081,3544800,
matched_nearest,gaussian_fitted,random1:1,relational_max,13,0.8468952853709485,0.6347360389991081,3544800,
matched_nearest,gmm_fitted,random1:1,joint,13,0.8340193391882482,1.259608426997147,3544800,
matched_nearest,gmm_fitted,random1:1,independent,13,0.769302688618854,1.259608426997147,3544800,
matched_nearest,gmm_fitted,random1:1,marginal_max,13,0.8038902989600414,1.259608426997147,3544800,
matched_nearest,gmm_fitted,random1:1,conditional_max,13,0.8591872374834347,1.259608426997147,3544800,
matched_nearest,gmm_fitted,random1:1,relational_max,13,0.8501184834123223,1.259608426997147,3544800,
matched_nearest,circuit,random3:5-8-14,joint,13,0.802107432447609,0.9834339019980689,21236728,
matched_nearest,circuit,random3:5-8-14,independent,13,0.7915674625457649,0.9834339019980689,21236728,
matched_nearest,circuit,random3:5-8-14,marginal_max,13,0.7961130702365176,0.9834339019980689,21236728,
matched_nearest,circuit,random3:5-8-14,conditional_max,13,0.8083713303834146,0.9834339019980689,21236728,
matched_nearest,circuit,random3:5-8-14,relational_max,13,0.6780508074841086,0.9834339019980689,21236728,
matched_nearest,gaussian_fitted,random3:5-8-14,joint,13,0.8394774376137104,0.3969096200016793,2633280,
matched_nearest,gaussian_fitted,random3:5-8-14,independent,13,0.7835150827699288,0.3969096200016793,2633280,
matched_nearest,gaussian_fitted,random3:5-8-14,marginal_max,13,0.7744575593540127,0.3969096200016793,2633280,
matched_nearest,gaussian_fitted,random3:5-8-14,conditional_max,13,0.8401905842186833,0.3969096200016793,2633280,
matched_nearest,gaussian_fitted,random3:5-8-14,relational_max,13,0.8238219042698951,0.3969096200016793,2633280,
matched_nearest,gmm_fitted,random3:5-8-14,joint,13,0.8087896722894814,0.8035712610035262,2633280,
matched_nearest,gmm_fitted,random3:5-8-14,independent,13,0.7565839716089037,0.8035712610035262,2633280,
matched_nearest,gmm_fitted,random3:5-8-14,marginal_max,13,0.7899221715594887,0.8035712610035262,2633280,
matched_nearest,gmm_fitted,random3:5-8-14,conditional_max,13,0.8329636575997844,0.8035712610035262,2633280,
matched_nearest,gmm_fitted,random3:5-8-14,relational_max,13,0.820565014262932,0.8035712610035262,2633280,
matched_nearest,circuit,random7:3-4-8-10-11-12-14,joint,13,0.7638165135554008,1.17342469399955,21236728,
matched_nearest,circuit,random7:3-4-8-10-11-12-14,independent,13,0.7503228813368972,1.17342469399955,21236728,
matched_nearest,circuit,random7:3-4-8-10-11-12-14,marginal_max,13,0.7638193212191999,1.17342469399955,21236728,
matched_nearest,circuit,random7:3-4-8-10-11-12-14,conditional_max,13,0.7765268075739539,1.17342469399955,21236728,
matched_nearest,circuit,random7:3-4-8-10-11-12-14,relational_max,13,0.6314716650569394,1.17342469399955,21236728,
matched_nearest,gaussian_fitted,random7:3-4-8-10-11-12-14,joint,13,0.7930667550144875,0.06735132499670726,1215360,
matched_nearest,gaussian_fitted,random7:3-4-8-10-11-12-14,independent,13,0.7523724759102446,0.06735132499670726,1215360,
matched_nearest,gaussian_fitted,random7:3-4-8-10-11-12-14,marginal_max,13,0.7609667347993082,0.06735132499670726,1215360,
matched_nearest,gaussian_fitted,random7:3-4-8-10-11-12-14,conditional_max,13,0.7992380000449226,0.06735132499670726,1215360,
matched_nearest,gaussian_fitted,random7:3-4-8-10-11-12-14,relational_max,13,0.7597510163742953,0.06735132499670726,1215360,
matched_nearest,gmm_fitted,random7:3-4-8-10-11-12-14,joint,13,0.7945098942072281,0.12502700199911487,1215360,
matched_nearest,gmm_fitted,random7:3-4-8-10-11-12-14,independent,13,0.7531361604636014,0.12502700199911487,1215360,
matched_nearest,gmm_fitted,random7:3-4-8-10-11-12-14,marginal_max,13,0.7628927921654949,0.12502700199911487,1215360,
matched_nearest,gmm_fitted,random7:3-4-8-10-11-12-14,conditional_max,13,0.7985922373711283,0.12502700199911487,1215360,
matched_nearest,gmm_fitted,random7:3-4-8-10-11-12-14,relational_max,13,0.7675563217358101,0.12502700199911487,1215360,
matched_nearest,circuit,bank0:0-1-2-4-5-7-8,joint,13,0.7607954673075628,0.9834669720003149,21236728,
matched_nearest,circuit,bank0:0-1-2-4-5-7-8,independent,13,0.7488123582129781,0.9834669720003149,21236728,
matched_nearest,circuit,bank0:0-1-2-4-5-7-8,marginal_max,13,0.756432357763752,0.9834669720003149,21236728,
matched_nearest,circuit,bank0:0-1-2-4-5-7-8,conditional_max,13,0.7734131084207453,0.9834669720003149,21236728,
matched_nearest,circuit,bank0:0-1-2-4-5-7-8,relational_max,13,0.6557242649536174,0.9834669720003149,21236728,
matched_nearest,gaussian_fitted,bank0:0-1-2-4-5-7-8,joint,13,0.7897200197659532,0.06452516500212369,1215360,
matched_nearest,gaussian_fitted,bank0:0-1-2-4-5-7-8,independent,13,0.735515262460412,0.06452516500212369,1215360,
matched_nearest,gaussian_fitted,bank0:0-1-2-4-5-7-8,marginal_max,13,0.7297848206464365,0.06452516500212369,1215360,
matched_nearest,gaussian_fitted,bank0:0-1-2-4-5-7-8,conditional_max,13,0.7851996810493924,0.06452516500212369,1215360,
matched_nearest,gaussian_fitted,bank0:0-1-2-4-5-7-8,relational_max,13,0.7881028054176681,0.06452516500212369,1215360,
matched_nearest,gmm_fitted,bank0:0-1-2-4-5-7-8,joint,13,0.7670902495451585,0.12549767900054576,1215360,
matched_nearest,gmm_fitted,bank0:0-1-2-4-5-7-8,independent,13,0.7197193459266413,0.12549767900054576,1215360,
matched_nearest,gmm_fitted,bank0:0-1-2-4-5-7-8,marginal_max,13,0.7435086812964669,0.12549767900054576,1215360,
matched_nearest,gmm_fitted,bank0:0-1-2-4-5-7-8,conditional_max,13,0.7904500123537207,0.12549767900054576,1215360,
matched_nearest,gmm_fitted,bank0:0-1-2-4-5-7-8,relational_max,13,0.7928982951865412,0.12549767900054576,1215360,
matched_nearest,circuit,bank1:3,joint,13,0.8246164731250422,0.9820308739981556,21236728,
matched_nearest,circuit,bank1:3,independent,13,0.8070292670874418,0.9820308739981556,21236728,
matched_nearest,circuit,bank1:3,marginal_max,13,0.8170329732036568,0.9820308739981556,21236728,
matched_nearest,circuit,bank1:3,conditional_max,13,0.8323263179173873,0.9820308739981556,21236728,
matched_nearest,circuit,bank1:3,relational_max,13,0.7131550279643314,0.9820308739981556,21236728,
matched_nearest,gaussian_fitted,bank1:3,joint,13,0.8772040160822983,0.6287694900020142,3544800,
matched_nearest,gaussian_fitted,bank1:3,independent,13,0.8087980952808786,0.6287694900020142,3544800,
matched_nearest,gaussian_fitted,bank1:3,marginal_max,13,0.8014841310842075,0.6287694900020142,3544800,
matched_nearest,gaussian_fitted,bank1:3,conditional_max,13,0.8772657846858786,0.6287694900020142,3544800,
matched_nearest,gaussian_fitted,bank1:3,relational_max,13,0.8535971788594147,0.6287694900020142,3544800,
matched_nearest,gmm_fitted,bank1:3,joint,13,0.8773219379618606,1.2527359949999664,3544800,
matched_nearest,gmm_fitted,bank1:3,independent,13,0.8097976235933604,1.2527359949999664,3544800,
matched_nearest,gmm_fitted,bank1:3,marginal_max,13,0.8034129961141933,1.2527359949999664,3544800,
matched_nearest,gmm_fitted,bank1:3,conditional_max,13,0.8794108398283956,1.2527359949999664,3544800,
matched_nearest,gmm_fitted,bank1:3,relational_max,13,0.8660800521102401,1.2527359949999664,3544800,
matched_nearest,circuit,bank2:6-10,joint,13,0.8133745872734215,1.1714505769996322,21236728,
matched_nearest,circuit,bank2:6-10,independent,13,0.7935468655241347,1.1714505769996322,21236728,
matched_nearest,circuit,bank2:6-10,marginal_max,13,0.800493025763123,1.1714505769996322,21236728,
matched_nearest,circuit,bank2:6-10,conditional_max,13,0.8194924866916736,1.1714505769996322,21236728,
matched_nearest,circuit,bank2:6-10,relational_max,13,0.7202275330742796,1.1714505769996322,21236728,
matched_nearest,gaussian_fitted,bank2:6-10,joint,13,0.8525246512881561,0.5013145189986972,3072160,
matched_nearest,gaussian_fitted,bank2:6-10,independent,13,0.7838828867276116,0.5013145189986972,3072160,
matched_nearest,gaussian_fitted,bank2:6-10,marginal_max,13,0.7738398733182094,0.5013145189986972,3072160,
matched_nearest,gaussian_fitted,bank2:6-10,conditional_max,13,0.8500145998517553,0.5013145189986972,3072160,
matched_nearest,gaussian_fitted,bank2:6-10,relational_max,13,0.8320230902270839,0.5013145189986972,3072160,
matched_nearest,gmm_fitted,bank2:6-10,joint,13,0.8166034006423935,1.0257099059999746,3072160,
matched_nearest,gmm_fitted,bank2:6-10,independent,13,0.7399541789267986,1.0257099059999746,3072160,
matched_nearest,gmm_fitted,bank2:6-10,marginal_max,13,0.7929825251005144,1.0257099059999746,3072160,
matched_nearest,gmm_fitted,bank2:6-10,conditional_max,13,0.8463646369129175,1.0257099059999746,3072160,
matched_nearest,gmm_fitted,bank2:6-10,relational_max,13,0.8358864356146538,1.0257099059999746,3072160,
matched_nearest,circuit,single_sensor_0,joint,13,0.5696216392264325,0.9812522130014258,21236728,
matched_nearest,circuit,single_sensor_0,independent,13,0.5696216392264325,0.9812522130014258,21236728,
matched_nearest,circuit,single_sensor_0,marginal_max,13,0.5696216392264325,0.9812522130014258,21236728,
matched_nearest,circuit,single_sensor_0,conditional_max,13,0.5696216392264325,0.9812522130014258,21236728,
matched_nearest,circuit,single_sensor_0,relational_max,13,0.5,0.9812522130014258,21236728,
matched_nearest,gaussian_fitted,single_sensor_0,joint,13,0.5694700253812808,0.0020503000014286954,33760,
matched_nearest,gaussian_fitted,single_sensor_0,independent,13,0.5694700253812808,0.0020503000014286954,33760,
matched_nearest,gaussian_fitted,single_sensor_0,marginal_max,13,0.5694700253812808,0.0020503000014286954,33760,
matched_nearest,gaussian_fitted,single_sensor_0,conditional_max,13,0.5694700253812808,0.0020503000014286954,33760,
matched_nearest,gaussian_fitted,single_sensor_0,relational_max,13,0.5,0.0020503000014286954,33760,
matched_nearest,gmm_fitted,single_sensor_0,joint,13,0.5704190157453786,0.002520844001992373,33760,
matched_nearest,gmm_fitted,single_sensor_0,independent,13,0.5704190157453786,0.002520844001992373,33760,
matched_nearest,gmm_fitted,single_sensor_0,marginal_max,13,0.5704190157453786,0.002520844001992373,33760,
matched_nearest,gmm_fitted,single_sensor_0,conditional_max,13,0.5704190157453786,0.002520844001992373,33760,
matched_nearest,gmm_fitted,single_sensor_0,relational_max,13,0.5,0.002520844001992373,33760,
matched_tight,circuit,full,joint,11,0.7667134449977365,0.9783873279993713,23652280,
matched_tight,circuit,full,independent,11,0.7590629244001811,0.9783873279993713,23652280,
matched_tight,circuit,full,marginal_max,11,0.7722363060208239,0.9783873279993713,23652280,
matched_tight,circuit,full,conditional_max,11,0.7831620642824808,0.9783873279993713,23652280,
matched_tight,circuit,full,relational_max,11,0.6780104119511091,0.9783873279993713,23652280,
matched_tight,gaussian_fitted,full,joint,11,0.8236803983703033,0.8994066559971543,4512000,
matched_tight,gaussian_fitted,full,independent,11,0.754830239927569,0.8994066559971543,4512000,
matched_tight,gaussian_fitted,full,marginal_max,11,0.7510049796287913,0.8994066559971543,4512000,
matched_tight,gaussian_fitted,full,conditional_max,11,0.8252105024898144,0.8994066559971543,4512000,
matched_tight,gaussian_fitted,full,relational_max,11,0.8381213218650974,0.8994066559971543,4512000,
matched_tight,gmm_fitted,full,joint,11,0.8084880036215482,1.7581690139995771,4512000,
matched_tight,gmm_fitted,full,independent,11,0.7390674513354459,1.7581690139995771,4512000,
matched_tight,gmm_fitted,full,marginal_max,11,0.7641330918967859,1.7581690139995771,4512000,
matched_tight,gmm_fitted,full,conditional_max,11,0.8268401991851516,1.7581690139995771,4512000,
matched_tight,gmm_fitted,full,relational_max,11,0.8245269352648257,1.7581690139995771,4512000,
matched_tight,circuit,random1:1,joint,11,0.7646129470348574,0.9852553319979052,23652280,
matched_tight,circuit,random1:1,independent,11,0.7575645088275238,0.9852553319979052,23652280,
matched_tight,circuit,random1:1,marginal_max,11,0.7744250792213672,0.9852553319979052,23652280,
matched_tight,circuit,random1:1,conditional_max,11,0.7865255771842463,0.9852553319979052,23652280,
matched_tight,circuit,random1:1,relational_max,11,0.6839701222272522,0.9852553319979052,23652280,
matched_tight,gaussian_fitted,random1:1,joint,11,0.8185287460389317,0.716323509997892,3948000,
matched_tight,gaussian_fitted,random1:1,independent,11,0.7515617926663649,0.716323509997892,3948000,
matched_tight,gaussian_fitted,random1:1,marginal_max,11,0.7510955183340878,0.716323509997892,3948000,
matched_tight,gaussian_fitted,random1:1,conditional_max,11,0.8248483476686284,0.716323509997892,3948000,
matched_tight,gaussian_fitted,random1:1,relational_max,11,0.8358035310095066,0.716323509997892,3948000,
matched_tight,gmm_fitted,random1:1,joint,11,0.8027433227704844,1.4619017590011936,3948000,
matched_tight,gmm_fitted,random1:1,independent,11,0.7353146220009054,1.4619017590011936,3948000,
matched_tight,gmm_fitted,random1:1,marginal_max,11,0.7634336803983703,1.4619017590011936,3948000,
matched_tight,gmm_fitted,random1:1,conditional_max,11,0.8266862833861476,1.4619017590011936,3948000,
matched_tight,gmm_fitted,random1:1,relational_max,11,0.8247261204164781,1.4619017590011936,3948000,
matched_tight,circuit,random3:5-8-14,joint,11,0.753777727478497,0.9870013670006301,23652280,
matched_tight,circuit,random3:5-8-14,independent,11,0.7466568583069262,0.9870013670006301,23652280,
matched_tight,circuit,random3:5-8-14,marginal_max,11,0.7518922589406971,0.9870013670006301,23652280,
matched_tight,circuit,random3:5-8-14,conditional_max,11,0.7608488003621549,0.9870013670006301,23652280,
matched_tight,circuit,random3:5-8-14,relational_max,11,0.6449388863739248,0.9870013670006301,23652280,
matched_tight,gaussian_fitted,random3:5-8-14,joint,11,0.8024649162516976,0.44574890399962896,2932800,
matched_tight,gaussian_fitted,random3:5-8-14,independent,11,0.7380330466274332,0.44574890399962896,2932800,
matched_tight,gaussian_fitted,random3:5-8-14,marginal_max,11,0.736283386147578,0.44574890399962896,2932800,
matched_tight,gaussian_fitted,random3:5-8-14,conditional_max,11,0.8030760525124491,0.44574890399962896,2932800,
matched_tight,gaussian_fitted,random3:5-8-14,relational_max,11,0.8087528293345405,0.44574890399962896,2932800,
matched_tight,gmm_fitted,random3:5-8-14,joint,11,0.7934744228157538,0.9058251879978343,2932800,
matched_tight,gmm_fitted,random3:5-8-14,independent,11,0.7249683114531462,0.9058251879978343,2932800,
matched_tight,gmm_fitted,random3:5-8-14,marginal_max,11,0.7489837030330466,0.9058251879978343,2932800,
matched_tight,gmm_fitted,random3:5-8-14,conditional_max,11,0.8089837030330467,0.9058251879978343,2932800,
matched_tight,gmm_fitted,random3:5-8-14,relational_max,11,0.8076935264825713,0.9058251879978343,2932800,
matched_tight,circuit,random7:3-4-8-10-11-12-14,joint,11,0.7311339972838389,0.9849691559975327,23652280,
matched_tight,circuit,random7:3-4-8-10-11-12-14,independent,11,0.7230126754187415,0.9849691559975327,23652280,
matched_tight,circuit,random7:3-4-8-10-11-12-14,marginal_max,11,0.7293481213218651,0.9849691559975327,23652280,
matched_tight,circuit,random7:3-4-8-10-11-12-14,conditional_max,11,0.7387505658669081,0.9849691559975327,23652280,
matched_tight,circuit,random7:3-4-8-10-11-12-14,relational_max,11,0.6132593933906745,0.9849691559975327,23652280,
matched_tight,gaussian_fitted,random7:3-4-8-10-11-12-14,joint,11,0.7721525577184246,0.13586341599875595,1353600,
matched_tight,gaussian_fitted,random7:3-4-8-10-11-12-14,independent,11,0.7234110457220462,0.13586341599875595,1353600,
matched_tight,gaussian_fitted,random7:3-4-8-10-11-12-14,marginal_max,11,0.721507469443187,0.13586341599875595,1353600,
matched_tight,gaussian_fitted,random7:3-4-8-10-11-12-14,conditional_max,11,0.7671684019918515,0.13586341599875595,1353600,
matched_tight,gaussian_fitted,random7:3-4-8-10-11-12-14,relational_max,11,0.7706224535989136,0.13586341599875595,1353600,
matched_tight,gmm_fitted,random7:3-4-8-10-11-12-14,joint,11,0.7713467632412857,0.2687580029996752,1353600,
matched_tight,gmm_fitted,random7:3-4-8-10-11-12-14,independent,11,0.7241489361702128,0.2687580029996752,1353600,
matched_tight,gmm_fitted,random7:3-4-8-10-11-12-14,marginal_max,11,0.7224060660932549,0.2687580029996752,1353600,
matched_tight,gmm_fitted,random7:3-4-8-10-11-12-14,conditional_max,11,0.7659778180172023,0.2687580029996752,1353600,
matched_tight,gmm_fitted,random7:3-4-8-10-11-12-14,relational_max,11,0.7694590312358534,0.2687580029996752,1353600,
matched_tight,circuit,bank0:0-1-2-4-5-7-8,joint,11,0.7222159348121322,0.9761004440006218,23652280,
matched_tight,circuit,bank0:0-1-2-4-5-7-8,independent,11,0.7178112267994567,0.9761004440006218,23652280,
matched_tight,circuit,bank0:0-1-2-4-5-7-8,marginal_max,11,0.7209619737437755,0.9761004440006218,23652280,
matched_tight,circuit,bank0:0-1-2-4-5-7-8,conditional_max,11,0.7308510638297873,0.9761004440006218,23652280,
matched_tight,circuit,bank0:0-1-2-4-5-7-8,relational_max,11,0.6352602987777275,0.9761004440006218,23652280,
matched_tight,gaussian_fitted,bank0:0-1-2-4-5-7-8,joint,11,0.751935264825713,0.13503863399819238,1353600,
matched_tight,gaussian_fitted,bank0:0-1-2-4-5-7-8,independent,11,0.7031711181530104,0.13503863399819238,1353600,
matched_tight,gaussian_fitted,bank0:0-1-2-4-5-7-8,marginal_max,11,0.704545043005885,0.13503863399819238,1353600,
matched_tight,gaussian_fitted,bank0:0-1-2-4-5-7-8,conditional_max,11,0.7527184246265278,0.13503863399819238,1353600,
matched_tight,gaussian_fitted,bank0:0-1-2-4-5-7-8,relational_max,11,0.7642666364870982,0.13503863399819238,1353600,
matched_tight,gmm_fitted,bank0:0-1-2-4-5-7-8,joint,11,0.7436600271616116,0.2669272910025029,1353600,
matched_tight,gmm_fitted,bank0:0-1-2-4-5-7-8,independent,11,0.691935264825713,0.2669272910025029,1353600,
matched_tight,gmm_fitted,bank0:0-1-2-4-5-7-8,marginal_max,11,0.713974649162517,0.2669272910025029,1353600,
matched_tight,gmm_fitted,bank0:0-1-2-4-5-7-8,conditional_max,11,0.7620710728836577,0.2669272910025029,1353600,
matched_tight,gmm_fitted,bank0:0-1-2-4-5-7-8,relational_max,11,0.7619714803078316,0.2669272910025029,1353600,
matched_tight,circuit,bank1:3,joint,11,0.7673019465821639,1.181116359999578,23652280,
matched_tight,circuit,bank1:3,independent,11,0.7590855590765052,1.181116359999578,23652280,
matched_tight,circuit,bank1:3,marginal_max,11,0.7721502942507922,1.181116359999578,23652280,
matched_tight,circuit,bank1:3,conditional_max,11,0.7831439565414214,1.181116359999578,23652280,
matched_tight,circuit,bank1:3,relational_max,11,0.6851697600724309,1.181116359999578,23652280,
matched_tight,gaussian_fitted,bank1:3,joint,11,0.8339203259393391,0.7095110730006127,3948000,
matched_tight,gaussian_fitted,bank1:3,independent,11,0.7642372114078768,0.7095110730006127,3948000,
matched_tight,gaussian_fitted,bank1:3,marginal_max,11,0.7738682661837936,0.7095110730006127,3948000,
matched_tight,gaussian_fitted,bank1:3,conditional_max,11,0.8380353100950656,0.7095110730006127,3948000,
matched_tight,gaussian_fitted,bank1:3,relational_max,11,0.8342960615663196,0.7095110730006127,3948000,
matched_tight,gmm_fitted,bank1:3,joint,11,0.8310774105930285,1.4116668069982552,3948000,
matched_tight,gmm_fitted,bank1:3,independent,11,0.7645857854232685,1.4116668069982552,3948000,
matched_tight,gmm_fitted,bank1:3,marginal_max,11,0.7740380262562245,1.4116668069982552,3948000,
matched_tight,gmm_fitted,bank1:3,conditional_max,11,0.8376686283386148,1.4116668069982552,3948000,
matched_tight,gmm_fitted,bank1:3,relational_max,11,0.8330421004979629,1.4116668069982552,3948000,
matched_tight,circuit,bank2:6-10,joint,11,0.7618899954730647,0.9748338229983347,23652280,
matched_tight,circuit,bank2:6-10,independent,11,0.7522928927116342,0.9748338229983347,23652280,
matched_tight,circuit,bank2:6-10,marginal_max,11,0.766129470348574,0.9748338229983347,23652280,
matched_tight,circuit,bank2:6-10,conditional_max,11,0.7768922589406971,0.9748338229983347,23652280,
matched_tight,circuit,bank2:6-10,relational_max,11,0.6992009959257582,0.9748338229983347,23652280,
matched_tight,gaussian_fitted,bank2:6-10,joint,11,0.806919420552286,0.5696106089999375,3421600,
matched_tight,gaussian_fitted,bank2:6-10,independent,11,0.7394997736532367,0.5696106089999375,3421600,
matched_tight,gaussian_fitted,bank2:6-10,marginal_max,11,0.7366704391127207,0.5696106089999375,3421600,
matched_tight,gaussian_fitted,bank2:6-10,conditional_max,11,0.8103779990946129,0.5696106089999375,3421600,
matched_tight,gaussian_fitted,bank2:6-10,relational_max,11,0.813388411045722,0.5696106089999375,3421600,
matched_tight,gmm_fitted,bank2:6-10,joint,11,0.7908125848800363,1.1295591550006066,3421600,
matched_tight,gmm_fitted,bank2:6-10,independent,11,0.7215550022634676,1.1295591550006066,3421600,
matched_tight,gmm_fitted,bank2:6-10,marginal_max,11,0.7537641466727025,1.1295591550006066,3421600,
matched_tight,gmm_fitted,bank2:6-10,conditional_max,11,0.815389316432775,1.1295591550006066,3421600,
matched_tight,gmm_fitted,bank2:6-10,relational_max,11,0.7991738343141693,1.1295591550006066,3421600,
matched_tight,circuit,single_sensor_0,joint,11,0.556156631960163,0.9824327120004455,23652280,
matched_tight,circuit,single_sensor_0,independent,11,0.556156631960163,0.9824327120004455,23652280,
matched_tight,circuit,single_sensor_0,marginal_max,11,0.556156631960163,0.9824327120004455,23652280,
matched_tight,circuit,single_sensor_0,conditional_max,11,0.556156631960163,0.9824327120004455,23652280,
matched_tight,circuit,single_sensor_0,relational_max,11,0.5,0.9824327120004455,23652280,
matched_tight,gaussian_fitted,single_sensor_0,joint,11,0.5576188320507017,0.0021627909991366323,37600,
matched_tight,gaussian_fitted,single_sensor_0,independent,11,0.5576188320507017,0.0021627909991366323,37600,
matched_tight,gaussian_fitted,single_sensor_0,marginal_max,11,0.5576188320507017,0.0021627909991366323,37600,
matched_tight,gaussian_fitted,single_sensor_0,conditional_max,11,0.5576188320507017,0.0021627909991366323,37600,
matched_tight,gaussian_fitted,single_sensor_0,relational_max,11,0.5,0.0021627909991366323,37600,
matched_tight,gmm_fitted,single_sensor_0,joint,11,0.5583023992756904,0.0026685000011639204,37600,
matched_tight,gmm_fitted,single_sensor_0,independent,11,0.5583023992756904,0.0026685000011639204,37600,
matched_tight,gmm_fitted,single_sensor_0,marginal_max,11,0.5583023992756904,0.0026685000011639204,37600,
matched_tight,gmm_fitted,single_sensor_0,conditional_max,11,0.5583023992756904,0.0026685000011639204,37600,
matched_tight,gmm_fitted,single_sensor_0,relational_max,11,0.5,0.0026685000011639204,37600,
matched_tight,circuit,full,joint,12,0.8070837567136014,0.9990684959993814,20884460,
matched_tight,circuit,full,independent,12,0.7937842938017129,0.9990684959993814,20884460,
matched_tight,circuit,full,marginal_max,12,0.7835128465669908,0.9990684959993814,20884460,
matched_tight,circuit,full,conditional_max,12,0.800194512991726,0.9990684959993814,20884460,
matched_tight,circuit,full,relational_max,12,0.7144287995354913,0.9990684959993814,20884460,
matched_tight,gaussian_fitted,full,joint,12,0.8394193642038031,0.7800651680008741,3984000,
matched_tight,gaussian_fitted,full,independent,12,0.7846247641167078,0.7800651680008741,3984000,
matched_tight,gaussian_fitted,full,marginal_max,12,0.7832922049644361,0.7800651680008741,3984000,
matched_tight,gaussian_fitted,full,conditional_max,12,0.8377122949629845,0.7800651680008741,3984000,
matched_tight,gaussian_fitted,full,relational_max,12,0.8231093046886341,0.7800651680008741,3984000,
matched_tight,gmm_fitted,full,joint,12,0.8294033967194078,3.0299919360004424,3984000,
matched_tight,gmm_fitted,full,independent,12,0.7775932646247641,3.0299919360004424,3984000,
matched_tight,gmm_fitted,full,marginal_max,12,0.7840238060676441,3.0299919360004424,3984000,
matched_tight,gmm_fitted,full,conditional_max,12,0.834123965742488,3.0299919360004424,3984000,
matched_tight,gmm_fitted,full,relational_max,12,0.830460153868486,3.0299919360004424,3984000,
matched_tight,circuit,random1:1,joint,12,0.8010741762229642,0.9840587540020351,20884460,
matched_tight,circuit,random1:1,independent,12,0.7896472637538104,0.9840587540020351,20884460,
matched_tight,circuit,random1:1,marginal_max,12,0.7737378429380172,0.9840587540020351,20884460,
matched_tight,circuit,random1:1,conditional_max,12,0.7874902017709392,0.9840587540020351,20884460,
matched_tight,circuit,random1:1,relational_max,12,0.7075743939613878,0.9840587540020351,20884460,
matched_tight,gaussian_fitted,random1:1,joint,12,0.8353374945565394,0.6342007710009057,3486000,
matched_tight,gaussian_fitted,random1:1,independent,12,0.780380316446509,0.6342007710009057,3486000,
matched_tight,gaussian_fitted,random1:1,marginal_max,12,0.7737930033386559,0.6342007710009057,3486000,
matched_tight,gaussian_fitted,random1:1,conditional_max,12,0.8279982580926114,0.6342007710009057,3486000,
matched_tight,gaussian_fitted,random1:1,relational_max,12,0.8202758020031935,0.6342007710009057,3486000,
matched_tight,gmm_fitted,random1:1,joint,12,0.8262098998403251,2.4993547569974908,3486000,
matched_tight,gmm_fitted,random1:1,independent,12,0.7734881695456525,2.4993547569974908,3486000,
matched_tight,gmm_fitted,random1:1,marginal_max,12,0.7752387864711859,2.4993547569974908,3486000,
matched_tight,gmm_fitted,random1:1,conditional_max,12,0.8245725068950501,2.4993547569974908,3486000,
matched_tight,gmm_fitted,random1:1,relational_max,12,0.8244563797358108,2.4993547569974908,3486000,
matched_tight,circuit,random3:5-8-14,joint,12,0.7794774277834229,0.9827858440003183,20884460,
matched_tight,circuit,random3:5-8-14,independent,12,0.7731514007838584,0.9827858440003183,20884460,
matched_tight,circuit,random3:5-8-14,marginal_max,12,0.766058934533314,0.9827858440003183,20884460,
matched_tight,circuit,random3:5-8-14,conditional_max,12,0.7687124401219335,0.9827858440003183,20884460,
matched_tight,circuit,random3:5-8-14,relational_max,12,0.6526375381042241,0.9827858440003183,20884460,
matched_tight,gaussian_fitted,random3:5-8-14,joint,12,0.8098156481347075,0.39506427900050767,2589600,
matched_tight,gaussian_fitted,random3:5-8-14,independent,12,0.7645376687472782,0.39506427900050767,2589600,
matched_tight,gaussian_fitted,random3:5-8-14,marginal_max,12,0.7687124401219335,0.39506427900050767,2589600,
matched_tight,gaussian_fitted,random3:5-8-14,conditional_max,12,0.8147684714762665,0.39506427900050767,2589600,
matched_tight,gaussian_fitted,random3:5-8-14,relational_max,12,0.794498475831035,0.39506427900050767,2589600,
matched_tight,gmm_fitted,random3:5-8-14,joint,12,0.8003048337930033,1.5510128540008736,2589600,
matched_tight,gmm_fitted,random3:5-8-14,independent,12,0.7558920017419074,1.5510128540008736,2589600,
matched_tight,gmm_fitted,random3:5-8-14,marginal_max,12,0.7689708230512411,1.5510128540008736,2589600,
matched_tight,gmm_fitted,random3:5-8-14,conditional_max,12,0.8134794600087095,1.5510128540008736,2589600,
matched_tight,gmm_fitted,random3:5-8-14,relational_max,12,0.7971577877776165,1.5510128540008736,2589600,
matched_tight,circuit,random7:3-4-8-10-11-12-14,joint,12,0.7456553926549572,0.9801445890007017,20884460,
matched_tight,circuit,random7:3-4-8-10-11-12-14,independent,12,0.7373174626215706,0.9801445890007017,20884460,
matched_tight,circuit,random7:3-4-8-10-11-12-14,marginal_max,12,0.7261373203658006,0.9801445890007017,20884460,
matched_tight,circuit,random7:3-4-8-10-11-12-14,conditional_max,12,0.7313340107417622,0.9801445890007017,20884460,
matched_tight,circuit,random7:3-4-8-10-11-12-14,relational_max,12,0.6214806212803019,0.9801445890007017,20884460,
matched_tight,gaussian_fitted,random7:3-4-8-10-11-12-14,joint,12,0.7744055741036435,0.12905381000018679,1195200,
matched_tight,gaussian_fitted,random7:3-4-8-10-11-12-14,independent,12,0.731363042531572,0.12905381000018679,1195200,
matched_tight,gaussian_fitted,random7:3-4-8-10-11-12-14,marginal_max,12,0.7230976919727101,0.12905381000018679,1195200,
matched_tight,gaussian_fitted,random7:3-4-8-10-11-12-14,conditional_max,12,0.7604470895630716,0.12905381000018679,1195200,
matched_tight,gaussian_fitted,random7:3-4-8-10-11-12-14,relational_max,12,0.765498620989984,0.12905381000018679,1195200,
matched_tight,gmm_fitted,random7:3-4-8-10-11-12-14,joint,12,0.7717404557991,0.47679945599884377,1195200,
matched_tight,gmm_fitted,random7:3-4-8-10-11-12-14,independent,12,0.7331920452895921,0.47679945599884377,1195200,
matched_tight,gmm_fitted,random7:3-4-8-10-11-12-14,marginal_max,12,0.7241050950791116,0.47679945599884377,1195200,
matched_tight,gmm_fitted,random7:3-4-8-10-11-12-14,conditional_max,12,0.7591696908114385,0.47679945599884377,1195200,
matched_tight,gmm_fitted,random7:3-4-8-10-11-12-14,relational_max,12,0.7742081579329365,0.47679945599884377,1195200,
matched_tight,circuit,bank0:0-1-2-4-5-7-8,joint,12,0.7302162868340834,0.9861350649989618,20884460,
matched_tight,circuit,bank0:0-1-2-4-5-7-8,independent,12,0.7222644796051677,0.9861350649989618,20884460,
matched_tight,circuit,bank0:0-1-2-4-5-7-8,marginal_max,12,0.7153200754826535,0.9861350649989618,20884460,
matched_tight,circuit,bank0:0-1-2-4-5-7-8,conditional_max,12,0.7262650602409638,0.9861350649989618,20884460,
matched_tight,circuit,bank0:0-1-2-4-5-7-8,relational_max,12,0.6306662795761359,0.9861350649989618,20884460,
matched_tight,gaussian_fitted,bank0:0-1-2-4-5-7-8,joint,12,0.7552533023660909,0.11452833200019086,1195200,
matched_tight,gaussian_fitted,bank0:0-1-2-4-5-7-8,independent,12,0.7177732617215852,0.11452833200019086,1195200,
matched_tight,gaussian_fitted,bank0:0-1-2-4-5-7-8,marginal_max,12,0.7175061692553346,0.11452833200019086,1195200,
matched_tight,gaussian_fitted,bank0:0-1-2-4-5-7-8,conditional_max,12,0.7487734068805342,0.11452833200019086,1195200,
matched_tight,gaussian_fitted,bank0:0-1-2-4-5-7-8,relational_max,12,0.7458121643199304,0.11452833200019086,1195200,
matched_tight,gmm_fitted,bank0:0-1-2-4-5-7-8,joint,12,0.7504340252576571,0.44549090299915406,1195200,
matched_tight,gmm_fitted,bank0:0-1-2-4-5-7-8,independent,12,0.7119727101175788,0.44549090299915406,1195200,
matched_tight,gmm_fitted,bank0:0-1-2-4-5-7-8,marginal_max,12,0.7196487153433009,0.44549090299915406,1195200,
matched_tight,gmm_fitted,bank0:0-1-2-4-5-7-8,conditional_max,12,0.7504920888372768,0.44549090299915406,1195200,
matched_tight,gmm_fitted,bank0:0-1-2-4-5-7-8,relational_max,12,0.7522398025838293,0.44549090299915406,1195200,
matched_tight,circuit,bank1:3,joint,12,0.8011409493395267,0.9839888509995944,20884460,
matched_tight,circuit,bank1:3,independent,12,0.7866569894033967,0.9839888509995944,20884460,
matched_tight,circuit,bank1:3,marginal_max,12,0.7828160836115546,0.9839888509995944,20884460,
matched_tight,circuit,bank1:3,conditional_max,12,0.799994193642038,0.9839888509995944,20884460,
matched_tight,circuit,bank1:3,relational_max,12,0.7048686311511104,0.9839888509995944,20884460,
matched_tight,gaussian_fitted,bank1:3,joint,12,0.8413383655102337,0.6316987290010729,3486000,
matched_tight,gaussian_fitted,bank1:3,independent,12,0.778542604151546,0.6316987290010729,3486000,
matched_tight,gaussian_fitted,bank1:3,marginal_max,12,0.7749107272463347,0.6316987290010729,3486000,
matched_tight,gaussian_fitted,bank1:3,conditional_max,12,0.8402235447815358,0.6316987290010729,3486000,
matched_tight,gaussian_fitted,bank1:3,relational_max,12,0.8232805922485121,0.6316987290010729,3486000,
matched_tight,gmm_fitted,bank1:3,joint,12,0.8404035418783568,2.463703424000414,3486000,
matched_tight,gmm_fitted,bank1:3,independent,12,0.7815561039338075,2.463703424000414,3486000,
matched_tight,gmm_fitted,bank1:3,marginal_max,12,0.7762084482508347,2.463703424000414,3486000,
matched_tight,gmm_fitted,bank1:3,conditional_max,12,0.8389577587458267,2.463703424000414,3486000,
matched_tight,gmm_fitted,bank1:3,relational_max,12,0.8389287269560168,2.463703424000414,3486000,
matched_tight,circuit,bank2:6-10,joint,12,0.7967397300043547,0.98109176700018,20884460,
matched_tight,circuit,bank2:6-10,independent,12,0.7810015967484395,0.98109176700018,20884460,
matched_tight,circuit,bank2:6-10,marginal_max,12,0.7707098272608506,0.98109176700018,20884460,
matched_tight,circuit,bank2:6-10,conditional_max,12,0.7881143852518507,0.98109176700018,20884460,
matched_tight,circuit,bank2:6-10,relational_max,12,0.6926491508201481,0.98109176700018,20884460,
matched_tight,gaussian_fitted,bank2:6-10,joint,12,0.8217273914936856,0.5035075820014754,3021200,
matched_tight,gaussian_fitted,bank2:6-10,independent,12,0.7666540862244158,0.5035075820014754,3021200,
matched_tight,gaussian_fitted,bank2:6-10,marginal_max,12,0.7695601683843809,0.5035075820014754,3021200,
matched_tight,gaussian_fitted,bank2:6-10,conditional_max,12,0.8243344462186094,0.5035075820014754,3021200,
matched_tight,gaussian_fitted,bank2:6-10,relational_max,12,0.8031005951516911,0.5035075820014754,3021200,
matched_tight,gmm_fitted,bank2:6-10,joint,12,0.8103933807519234,1.936413792998792,3021200,
matched_tight,gmm_fitted,bank2:6-10,independent,12,0.7534736536507476,1.936413792998792,3021200,
matched_tight,gmm_fitted,bank2:6-10,marginal_max,12,0.7713833647844389,1.936413792998792,3021200,
matched_tight,gmm_fitted,bank2:6-10,conditional_max,12,0.8238757439396138,1.936413792998792,3021200,
matched_tight,gmm_fitted,bank2:6-10,relational_max,12,0.8219886776019741,1.936413792998792,3021200,
matched_tight,circuit,single_sensor_0,joint,12,0.5459776455218465,0.9812043929996435,20884460,
matched_tight,circuit,single_sensor_0,independent,12,0.5459224851212077,0.9812043929996435,20884460,
matched_tight,circuit,single_sensor_0,marginal_max,12,0.5459224851212077,0.9812043929996435,20884460,
matched_tight,circuit,single_sensor_0,conditional_max,12,0.5459224851212077,0.9812043929996435,20884460,
matched_tight,circuit,single_sensor_0,relational_max,12,0.5,0.9812043929996435,20884460,
matched_tight,gaussian_fitted,single_sensor_0,joint,12,0.544589925968936,0.00204383700111066,33200,
matched_tight,gaussian_fitted,single_sensor_0,independent,12,0.544589925968936,0.00204383700111066,33200,
matched_tight,gaussian_fitted,single_sensor_0,marginal_max,12,0.544589925968936,0.00204383700111066,33200,
matched_tight,gaussian_fitted,single_sensor_0,conditional_max,12,0.544589925968936,0.00204383700111066,33200,
matched_tight,gaussian_fitted,single_sensor_0,relational_max,12,0.5,0.00204383700111066,33200,
matched_tight,gmm_fitted,single_sensor_0,joint,12,0.5442473508491799,0.0032301829996868037,33200,
matched_tight,gmm_fitted,single_sensor_0,independent,12,0.5442473508491799,0.0032301829996868037,33200,
matched_tight,gmm_fitted,single_sensor_0,marginal_max,12,0.5442473508491799,0.0032301829996868037,33200,
matched_tight,gmm_fitted,single_sensor_0,conditional_max,12,0.5442473508491799,0.0032301829996868037,33200,
matched_tight,gmm_fitted,single_sensor_0,relational_max,12,0.5,0.0032301829996868037,33200,
matched_tight,circuit,full,joint,13,0.8252566204712383,0.9734243550010433,21236728,
matched_tight,circuit,full,independent,13,0.8114092226140474,0.9734243550010433,21236728,
matched_tight,circuit,full,marginal_max,13,0.8171115877900317,0.9734243550010433,21236728,
matched_tight,circuit,full,conditional_max,13,0.8311414837941645,0.9734243550010433,21236728,
matched_tight,circuit,full,relational_max,13,0.7153758900294244,0.9734243550010433,21236728,
matched_tight,gaussian_fitted,full,joint,13,0.8572920644190382,0.7899483099972713,4051200,
matched_tight,gaussian_fitted,full,independent,13,0.8067597313627277,0.7899483099972713,4051200,
matched_tight,gaussian_fitted,full,marginal_max,13,0.797977358999124,0.7899483099972713,4051200,
matched_tight,gaussian_fitted,full,conditional_max,13,0.8560510770198333,0.7899483099972713,4051200,
matched_tight,gaussian_fitted,full,relational_max,13,0.8392219402079917,0.7899483099972713,4051200,
matched_tight,gmm_fitted,full,joint,13,0.8311414837941645,1.6089850700009265,4051200,
matched_tight,gmm_fitted,full,independent,13,0.7759540441589362,1.6089850700009265,4051200,
matched_tight,gmm_fitted,full,marginal_max,13,0.8120577929516408,1.6089850700009265,4051200,
matched_tight,gmm_fitted,full,conditional_max,13,0.8502560589384784,1.6089850700009265,4051200,
matched_tight,gmm_fitted,full,relational_max,13,0.8364535837020732,1.6089850700009265,4051200,
matched_tight,circuit,random1:1,joint,13,0.8166567462545765,0.9836384549998911,21236728,
matched_tight,circuit,random1:1,independent,13,0.8032248826396532,0.9836384549998911,21236728,
matched_tight,circuit,random1:1,marginal_max,13,0.8143432312841131,0.9836384549998911,21236728,
matched_tight,circuit,random1:1,conditional_max,13,0.828081130253139,0.9836384549998911,21236728,
matched_tight,circuit,random1:1,relational_max,13,0.7077811594528425,0.9836384549998911,21236728,
matched_tight,gaussian_fitted,random1:1,joint,13,0.8493211068933761,0.6633585130002757,3544800,
matched_tight,gaussian_fitted,random1:1,independent,13,0.7982833943532266,0.6633585130002757,3544800,
matched_tight,gaussian_fitted,random1:1,marginal_max,13,0.7900316704476539,0.6633585130002757,3544800,
matched_tight,gaussian_fitted,random1:1,conditional_max,13,0.8436159340535927,0.6633585130002757,3544800,
matched_tight,gaussian_fitted,random1:1,relational_max,13,0.8261017272747692,0.6633585130002757,3544800,
matched_tight,gmm_fitted,random1:1,joint,13,0.825540194514948,1.303911558999971,3544800,
matched_tight,gmm_fitted,random1:1,independent,13,0.7696059163091574,1.303911558999971,3544800,
matched_tight,gmm_fitted,random1:1,marginal_max,13,0.8045922149098178,1.303911558999971,3544800,
matched_tight,gmm_fitted,random1:1,conditional_max,13,0.8447165382628422,1.303911558999971,3544800,
matched_tight,gmm_fitted,random1:1,relational_max,13,0.8317282855281777,1.303911558999971,3544800,
matched_tight,circuit,random3:5-8-14,joint,13,0.8023236225601401,0.9839692010027647,21236728,
matched_tight,circuit,random3:5-8-14,independent,13,0.7914523483300016,0.9839692010027647,21236728,
matched_tight,circuit,random3:5-8-14,marginal_max,13,0.7967784865569058,0.9839692010027647,21236728,
matched_tight,circuit,random3:5-8-14,conditional_max,13,0.8086324431167314,0.9839692010027647,21236728,
matched_tight,circuit,random3:5-8-14,relational_max,13,0.6725449787740617,0.9839692010027647,21236728,
matched_tight,gaussian_fitted,random3:5-8-14,joint,13,0.8289739673412547,0.4079228709997551,2633280,
matched_tight,gaussian_fitted,random3:5-8-14,independent,13,0.7847476471777364,0.4079228709997551,2633280,
matched_tight,gaussian_fitted,random3:5-8-14,marginal_max,13,0.7766812290829047,0.4079228709997551,2633280,
matched_tight,gaussian_fitted,random3:5-8-14,conditional_max,13,0.8244255519867029,0.4079228709997551,2633280,
matched_tight,gaussian_fitted,random3:5-8-14,relational_max,13,0.8079501808135486,0.4079228709997551,2633280,
matched_tight,gmm_fitted,random3:5-8-14,joint,13,0.8020316255250332,0.7931571040026029,2633280,
matched_tight,gmm_fitted,random3:5-8-14,independent,13,0.7574178477572382,0.7931571040026029,2633280,
matched_tight,gmm_fitted,random3:5-8-14,marginal_max,13,0.7922525325127467,0.7931571040026029,2633280,
matched_tight,gmm_fitted,random3:5-8-14,conditional_max,13,0.8187203791469194,0.7931571040026029,2633280,
matched_tight,gmm_fitted,random3:5-8-14,relational_max,13,0.8058725096022102,0.7931571040026029,2633280,
matched_tight,circuit,random7:3-4-8-10-11-12-14,joint,13,0.7661974124570428,0.9817403710003418,21236728,
matched_tight,circuit,random7:3-4-8-10-11-12-14,independent,13,0.7519176343747894,0.9817403710003418,21236728,
matched_tight,circuit,random7:3-4-8-10-11-12-14,marginal_max,13,0.764484737539588,0.9817403710003418,21236728,
matched_tight,circuit,random7:3-4-8-10-11-12-14,conditional_max,13,0.7760495047281059,0.9817403710003418,21236728,
matched_tight,circuit,random7:3-4-8-10-11-12-14,relational_max,13,0.6225320635205858,0.9817403710003418,21236728,
matched_tight,gaussian_fitted,random7:3-4-8-10-11-12-14,joint,13,0.7897256350935513,0.12128094999934547,1215360,
matched_tight,gaussian_fitted,random7:3-4-8-10-11-12-14,independent,13,0.7545680690011455,0.12128094999934547,1215360,
matched_tight,gaussian_fitted,random7:3-4-8-10-11-12-14,marginal_max,13,0.7612587318344152,0.12128094999934547,1215360,
matched_tight,gaussian_fitted,random7:3-4-8-10-11-12-14,conditional_max,13,0.7920559960468093,0.12128094999934547,1215360,
matched_tight,gaussian_fitted,random7:3-4-8-10-11-12-14,relational_max,13,0.7490706632824959,0.12128094999934547,1215360,
matched_tight,gmm_fitted,random7:3-4-8-10-11-12-14,joint,13,0.7912136969070775,0.23937358699913602,1215360,
matched_tight,gmm_fitted,random7:3-4-8-10-11-12-14,independent,13,0.7544669931043777,0.23937358699913602,1215360,
matched_tight,gmm_fitted,random7:3-4-8-10-11-12-14,marginal_max,13,0.7628984074930931,0.23937358699913602,1215360,
matched_tight,gmm_fitted,random7:3-4-8-10-11-12-14,conditional_max,13,0.7937742862918623,0.23937358699913602,1215360,
matched_tight,gmm_fitted,random7:3-4-8-10-11-12-14,relational_max,13,0.7593691740976168,0.23937358699913602,1215360,
matched_tight,circuit,bank0:0-1-2-4-5-7-8,joint,13,0.7601440893061702,0.9858299369989254,21236728,
matched_tight,circuit,bank0:0-1-2-4-5-7-8,independent,13,0.7500926529053705,0.9858299369989254,21236728,
matched_tight,circuit,bank0:0-1-2-4-5-7-8,marginal_max,13,0.7573504638260596,0.9858299369989254,21236728,
matched_tight,circuit,bank0:0-1-2-4-5-7-8,conditional_max,13,0.7726129242380001,0.9858299369989254,21236728,
matched_tight,circuit,bank0:0-1-2-4-5-7-8,relational_max,13,0.6457767121133847,0.9858299369989254,21236728,
matched_tight,gaussian_fitted,bank0:0-1-2-4-5-7-8,joint,13,0.7791070506053324,0.12220375999822863,1215360,
matched_tight,gaussian_fitted,bank0:0-1-2-4-5-7-8,independent,13,0.7381039284831877,0.12220375999822863,1215360,
matched_tight,gaussian_fitted,bank0:0-1-2-4-5-7-8,marginal_max,13,0.7327160216527032,0.12220375999822863,1215360,
matched_tight,gaussian_fitted,bank0:0-1-2-4-5-7-8,conditional_max,13,0.7756536241324319,0.12220375999822863,1215360,
matched_tight,gaussian_fitted,bank0:0-1-2-4-5-7-8,relational_max,13,0.7743396374744502,0.12220375999822863,1215360,
matched_tight,gmm_fitted,bank0:0-1-2-4-5-7-8,joint,13,0.7586560274926439,0.24438573700172128,1215360,
matched_tight,gmm_fitted,bank0:0-1-2-4-5-7-8,independent,13,0.7216903259136138,0.24438573700172128,1215360,
matched_tight,gmm_fitted,bank0:0-1-2-4-5-7-8,marginal_max,13,0.7464876125873183,0.24438573700172128,1215360,
matched_tight,gmm_fitted,bank0:0-1-2-4-5-7-8,conditional_max,13,0.7829760113205004,0.24438573700172128,1215360,
matched_tight,gmm_fitted,bank0:0-1-2-4-5-7-8,relational_max,13,0.7780513690168684,0.24438573700172128,1215360,
matched_tight,circuit,bank1:3,joint,13,0.8246445497630331,1.0022786099980294,21236728,
matched_tight,circuit,bank1:3,independent,13,0.8065182722760046,1.0022786099980294,21236728,
matched_tight,circuit,bank1:3,marginal_max,13,0.8167662451427417,1.0022786099980294,21236728,
matched_tight,circuit,bank1:3,conditional_max,13,0.8311414837941645,1.0022786099980294,21236728,
matched_tight,circuit,bank1:3,relational_max,13,0.7050829945419016,1.0022786099980294,21236728,
matched_tight,gaussian_fitted,bank1:3,joint,13,0.8652209069877137,0.6725264289998449,3544800,
matched_tight,gaussian_fitted,bank1:3,independent,13,0.8083432537454235,0.6725264289998449,3544800,
matched_tight,gaussian_fitted,bank1:3,marginal_max,13,0.8015936299723726,0.6725264289998449,3544800,
matched_tight,gaussian_fitted,bank1:3,conditional_max,13,0.8595831180791087,0.6725264289998449,3544800,
matched_tight,gaussian_fitted,bank1:3,relational_max,13,0.8324667011073426,0.6725264289998449,3544800,
matched_tight,gmm_fitted,bank1:3,joint,13,0.8647885267626514,1.304711649998353,3544800,
matched_tight,gmm_fitted,bank1:3,independent,13,0.8083994070214057,1.304711649998353,3544800,
matched_tight,gmm_fitted,bank1:3,marginal_max,13,0.803511264347162,1.304711649998353,3544800,
matched_tight,gmm_fitted,bank1:3,conditional_max,13,0.865917207609892,1.304711649998353,3544800,
matched_tight,gmm_fitted,bank1:3,relational_max,13,0.848099773140765,1.304711649998353,3544800,
matched_tight,circuit,bank2:6-10,joint,13,0.812167291839806,0.9848101099996711,21236728,
matched_tight,circuit,bank2:6-10,independent,13,0.794641854405786,0.9848101099996711,21236728,
matched_tight,circuit,bank2:6-10,marginal_max,13,0.800226297702208,0.9848101099996711,21236728,
matched_tight,circuit,bank2:6-10,conditional_max,13,0.8180886547921206,0.9848101099996711,21236728,
matched_tight,circuit,bank2:6-10,relational_max,13,0.7075481233575167,0.9848101099996711,21236728,
matched_tight,gaussian_fitted,bank2:6-10,joint,13,0.8431807461647313,0.549462537997897,3072160,
matched_tight,gaussian_fitted,bank2:6-10,independent,13,0.7855169470586914,0.549462537997897,3072160,
matched_tight,gaussian_fitted,bank2:6-10,marginal_max,13,0.7758529682621684,0.549462537997897,3072160,
matched_tight,gaussian_fitted,bank2:6-10,conditional_max,13,0.8360324341322073,0.549462537997897,3072160,
matched_tight,gaussian_fitted,bank2:6-10,relational_max,13,0.8168897823499023,0.549462537997897,3072160,
matched_tight,gmm_fitted,bank2:6-10,joint,13,0.8104096943015655,1.0386776499981352,3072160,
matched_tight,gmm_fitted,bank2:6-10,independent,13,0.7413523954987534,1.0386776499981352,3072160,
matched_tight,gmm_fitted,bank2:6-10,marginal_max,13,0.7951303879068304,1.0386776499981352,3072160,
matched_tight,gmm_fitted,bank2:6-10,conditional_max,13,0.8338761483344939,1.0386776499981352,3072160,
matched_tight,gmm_fitted,bank2:6-10,relational_max,13,0.8199838278565171,1.0386776499981352,3072160,
matched_tight,circuit,single_sensor_0,joint,13,0.5637030839379169,0.9873388599989994,21236728,
matched_tight,circuit,single_sensor_0,independent,13,0.5637030839379169,0.9873388599989994,21236728,
matched_tight,circuit,single_sensor_0,marginal_max,13,0.5637030839379169,0.9873388599989994,21236728,
matched_tight,circuit,single_sensor_0,conditional_max,13,0.5637030839379169,0.9873388599989994,21236728,
matched_tight,circuit,single_sensor_0,relational_max,13,0.5,0.9873388599989994,21236728,
matched_tight,gaussian_fitted,single_sensor_0,joint,13,0.5648991487163361,0.002026567999564577,33760,
matched_tight,gaussian_fitted,single_sensor_0,independent,13,0.5648991487163361,0.002026567999564577,33760,
matched_tight,gaussian_fitted,single_sensor_0,marginal_max,13,0.5648991487163361,0.002026567999564577,33760,
matched_tight,gaussian_fitted,single_sensor_0,conditional_max,13,0.5648991487163361,0.002026567999564577,33760,
matched_tight,gaussian_fitted,single_sensor_0,relational_max,13,0.5,0.002026567999564577,33760,
matched_tight,gmm_fitted,single_sensor_0,joint,13,0.565370836234586,0.0025586850024410523,33760,
matched_tight,gmm_fitted,single_sensor_0,independent,13,0.565370836234586,0.0025586850024410523,33760,
matched_tight,gmm_fitted,single_sensor_0,marginal_max,13,0.565370836234586,0.0025586850024410523,33760,
matched_tight,gmm_fitted,single_sensor_0,conditional_max,13,0.565370836234586,0.0025586850024410523,33760,
matched_tight,gmm_fitted,single_sensor_0,relational_max,13,0.5,0.0025586850024410523,33760,
unmatched,circuit,full,joint,11,0.7847034857401539,1.3368103159991733,23652280,
unmatched,circuit,full,independent,11,0.7768175645088276,1.3368103159991733,23652280,
unmatched,circuit,full,marginal_max,11,0.7932820280669987,1.3368103159991733,23652280,
unmatched,circuit,full,conditional_max,11,0.8050769578995021,1.3368103159991733,23652280,
unmatched,circuit,full,relational_max,11,0.6937754640108647,1.3368103159991733,23652280,
unmatched,gaussian_fitted,full,joint,11,0.8428700769578995,1.00199142099882,4512000,
unmatched,gaussian_fitted,full,independent,11,0.7795925758261657,1.00199142099882,4512000,
unmatched,gaussian_fitted,full,marginal_max,11,0.7799818922589407,1.00199142099882,4512000,
unmatched,gaussian_fitted,full,conditional_max,11,0.840439112720688,1.00199142099882,4512000,
unmatched,gaussian_fitted,full,relational_max,11,0.8370348574015392,1.00199142099882,4512000,
unmatched,gmm_fitted,full,joint,11,0.8329379809868719,1.987004751998029,4512000,
unmatched,gmm_fitted,full,independent,11,0.7653417836124944,1.987004751998029,4512000,
unmatched,gmm_fitted,full,marginal_max,11,0.7950950656405613,1.987004751998029,4512000,
unmatched,gmm_fitted,full,conditional_max,11,0.8492394748755093,1.987004751998029,4512000,
unmatched,gmm_fitted,full,relational_max,11,0.835740153915799,1.987004751998029,4512000,
unmatched,circuit,random1:1,joint,11,0.7834291534631055,1.3312042619982094,23652280,
unmatched,circuit,random1:1,independent,11,0.7754300588501585,1.3312042619982094,23652280,
unmatched,circuit,random1:1,marginal_max,11,0.79350837483024,1.3312042619982094,23652280,
unmatched,circuit,random1:1,conditional_max,11,0.8084359438660027,1.3312042619982094,23652280,
unmatched,circuit,random1:1,relational_max,11,0.6898279764599367,1.3312042619982094,23652280,
unmatched,gaussian_fitted,random1:1,joint,11,0.8391014033499321,0.8134462809975957,3948000,
unmatched,gaussian_fitted,random1:1,independent,11,0.7784857401539158,0.8134462809975957,3948000,
unmatched,gaussian_fitted,random1:1,marginal_max,11,0.7791874151199638,0.8134462809975957,3948000,
unmatched,gaussian_fitted,random1:1,conditional_max,11,0.83746717971933,0.8134462809975957,3948000,
unmatched,gaussian_fitted,random1:1,relational_max,11,0.8237822544137618,0.8134462809975957,3948000,
unmatched,gmm_fitted,random1:1,joint,11,0.8295088275237664,1.620083784997405,3948000,
unmatched,gmm_fitted,random1:1,independent,11,0.7631349026708918,1.620083784997405,3948000,
unmatched,gmm_fitted,random1:1,marginal_max,11,0.7942666364870983,1.620083784997405,3948000,
unmatched,gmm_fitted,random1:1,conditional_max,11,0.8467971933001358,1.620083784997405,3948000,
unmatched,gmm_fitted,random1:1,relational_max,11,0.8322295156179267,1.620083784997405,3948000,
unmatched,circuit,random3:5-8-14,joint,11,0.7639112720688094,1.3428157599992119,23652280,
unmatched,circuit,random3:5-8-14,independent,11,0.7575780896333183,1.3428157599992119,23652280,
unmatched,circuit,random3:5-8-14,marginal_max,11,0.7637799909461295,1.3428157599992119,23652280,
unmatched,circuit,random3:5-8-14,conditional_max,11,0.77486871887732,1.3428157599992119,23652280,
unmatched,circuit,random3:5-8-14,relational_max,11,0.6848483476686283,1.3428157599992119,23652280,
unmatched,gaussian_fitted,random3:5-8-14,joint,11,0.8103304662743323,0.514059052002267,2932800,
unmatched,gaussian_fitted,random3:5-8-14,independent,11,0.7509823449524672,0.514059052002267,2932800,
unmatched,gaussian_fitted,random3:5-8-14,marginal_max,11,0.7557220461747397,0.514059052002267,2932800,
unmatched,gaussian_fitted,random3:5-8-14,conditional_max,11,0.8108465368945225,0.514059052002267,2932800,
unmatched,gaussian_fitted,random3:5-8-14,relational_max,11,0.8158759619737438,0.514059052002267,2932800,
unmatched,gmm_fitted,random3:5-8-14,joint,11,0.7990719782707107,1.020677770000475,2932800,
unmatched,gmm_fitted,random3:5-8-14,independent,11,0.7390900860117701,1.020677770000475,2932800,
unmatched,gmm_fitted,random3:5-8-14,marginal_max,11,0.7690176550475328,1.020677770000475,2932800,
unmatched,gmm_fitted,random3:5-8-14,conditional_max,11,0.8210004526935265,1.020677770000475,2932800,
unmatched,gmm_fitted,random3:5-8-14,relational_max,11,0.817894975101856,1.020677770000475,2932800,
unmatched,circuit,random7:3-4-8-10-11-12-14,joint,11,0.7356971480307831,1.3339041260005615,23652280,
unmatched,circuit,random7:3-4-8-10-11-12-14,independent,11,0.7278791308284291,1.3339041260005615,23652280,
unmatched,circuit,random7:3-4-8-10-11-12-14,marginal_max,11,0.7352602987777275,1.3339041260005615,23652280,
unmatched,circuit,random7:3-4-8-10-11-12-14,conditional_max,11,0.7470484382073337,1.3339041260005615,23652280,
unmatched,circuit,random7:3-4-8-10-11-12-14,relational_max,11,0.6136985061113626,1.3339041260005615,23652280,
unmatched,gaussian_fitted,random7:3-4-8-10-11-12-14,joint,11,0.771518786781349,0.13346559300043737,1353600,
unmatched,gaussian_fitted,random7:3-4-8-10-11-12-14,independent,11,0.7291104572204617,0.13346559300043737,1353600,
unmatched,gaussian_fitted,random7:3-4-8-10-11-12-14,marginal_max,11,0.7299954730647352,0.13346559300043737,1353600,
unmatched,gaussian_fitted,random7:3-4-8-10-11-12-14,conditional_max,11,0.7646740606609326,0.13346559300043737,1353600,
unmatched,gaussian_fitted,random7:3-4-8-10-11-12-14,relational_max,11,0.7544839293798099,0.13346559300043737,1353600,
unmatched,gmm_fitted,random7:3-4-8-10-11-12-14,joint,11,0.771776822091444,0.2548445639986312,1353600,
unmatched,gmm_fitted,random7:3-4-8-10-11-12-14,independent,11,0.7285808057944771,0.2548445639986312,1353600,
unmatched,gmm_fitted,random7:3-4-8-10-11-12-14,marginal_max,11,0.730273879583522,0.2548445639986312,1353600,
unmatched,gmm_fitted,random7:3-4-8-10-11-12-14,conditional_max,11,0.7666296966953372,0.2548445639986312,1353600,
unmatched,gmm_fitted,random7:3-4-8-10-11-12-14,relational_max,11,0.7612290629244002,0.2548445639986312,1353600,
unmatched,circuit,bank0:0-1-2-4-5-7-8,joint,11,0.7331326392032594,1.3428804100003617,23652280,
unmatched,circuit,bank0:0-1-2-4-5-7-8,independent,11,0.7289406971480308,1.3428804100003617,23652280,
unmatched,circuit,bank0:0-1-2-4-5-7-8,marginal_max,11,0.7494522408329561,1.3428804100003617,23652280,
unmatched,circuit,bank0:0-1-2-4-5-7-8,conditional_max,11,0.7526120416478045,1.3428804100003617,23652280,
unmatched,circuit,bank0:0-1-2-4-5-7-8,relational_max,11,0.6279877772747849,1.3428804100003617,23652280,
unmatched,gaussian_fitted,bank0:0-1-2-4-5-7-8,joint,11,0.7727297419646899,0.1542649570001231,1353600,
unmatched,gaussian_fitted,bank0:0-1-2-4-5-7-8,independent,11,0.7235219556360344,0.1542649570001231,1353600,
unmatched,gaussian_fitted,bank0:0-1-2-4-5-7-8,marginal_max,11,0.7348709823449525,0.1542649570001231,1353600,
unmatched,gaussian_fitted,bank0:0-1-2-4-5-7-8,conditional_max,11,0.7754730647351743,0.1542649570001231,1353600,
unmatched,gaussian_fitted,bank0:0-1-2-4-5-7-8,relational_max,11,0.7623087369850611,0.1542649570001231,1353600,
unmatched,gmm_fitted,bank0:0-1-2-4-5-7-8,joint,11,0.7633906745133544,0.29355978400053573,1353600,
unmatched,gmm_fitted,bank0:0-1-2-4-5-7-8,independent,11,0.7150565866908103,0.29355978400053573,1353600,
unmatched,gmm_fitted,bank0:0-1-2-4-5-7-8,marginal_max,11,0.7465934812132187,0.29355978400053573,1353600,
unmatched,gmm_fitted,bank0:0-1-2-4-5-7-8,conditional_max,11,0.7839882299683114,0.29355978400053573,1353600,
unmatched,gmm_fitted,bank0:0-1-2-4-5-7-8,relational_max,11,0.7680081484834766,0.29355978400053573,1353600,
unmatched,circuit,bank1:3,joint,11,0.7811747397012223,1.3427007449972734,23652280,
unmatched,circuit,bank1:3,independent,11,0.772143503847895,1.3427007449972734,23652280,
unmatched,circuit,bank1:3,marginal_max,11,0.7914463558171119,1.3427007449972734,23652280,
unmatched,circuit,bank1:3,conditional_max,11,0.804764599366229,1.3427007449972734,23652280,
unmatched,circuit,bank1:3,relational_max,11,0.697428700769579,1.3427007449972734,23652280,
unmatched,gaussian_fitted,bank1:3,joint,11,0.851414667270258,0.8166828430003079,3948000,
unmatched,gaussian_fitted,bank1:3,independent,11,0.7875305568130375,0.8166828430003079,3948000,
unmatched,gaussian_fitted,bank1:3,marginal_max,11,0.7933635129017655,0.8166828430003079,3948000,
unmatched,gaussian_fitted,bank1:3,conditional_max,11,0.8469646899049343,0.8166828430003079,3948000,
unmatched,gaussian_fitted,bank1:3,relational_max,11,0.8334291534631055,0.8166828430003079,3948000,
unmatched,gmm_fitted,bank1:3,joint,11,0.851727025803531,1.6900588640019123,3948000,
unmatched,gmm_fitted,bank1:3,independent,11,0.7874038026256225,1.6900588640019123,3948000,
unmatched,gmm_fitted,bank1:3,marginal_max,11,0.7938569488456315,1.6900588640019123,3948000,
unmatched,gmm_fitted,bank1:3,conditional_max,11,0.8506948845631508,1.6900588640019123,3948000,
unmatched,gmm_fitted,bank1:3,relational_max,11,0.8419760072430964,1.6900588640019123,3948000,
unmatched,circuit,bank2:6-10,joint,11,0.7838229968311453,1.3406608949990186,23652280,
unmatched,circuit,bank2:6-10,independent,11,0.7741625169760072,1.3406608949990186,23652280,
unmatched,circuit,bank2:6-10,marginal_max,11,0.7867179719330013,1.3406608949990186,23652280,
unmatched,circuit,bank2:6-10,conditional_max,11,0.7996038931643278,1.3406608949990186,23652280,
unmatched,circuit,bank2:6-10,relational_max,11,0.6926550475328203,1.3406608949990186,23652280,
unmatched,gaussian_fitted,bank2:6-10,joint,11,0.8265572657311,0.6473396350011171,3421600,
unmatched,gaussian_fitted,bank2:6-10,independent,11,0.7701788139429606,0.6473396350011171,3421600,
unmatched,gaussian_fitted,bank2:6-10,marginal_max,11,0.7670122227252151,0.6473396350011171,3421600,
unmatched,gaussian_fitted,bank2:6-10,conditional_max,11,0.8268469895880489,0.6473396350011171,3421600,
unmatched,gaussian_fitted,bank2:6-10,relational_max,11,0.8039271163422363,0.6473396350011171,3421600,
unmatched,gmm_fitted,bank2:6-10,joint,11,0.8150679040289723,1.2642524900002172,3421600,
unmatched,gmm_fitted,bank2:6-10,independent,11,0.7512788592123133,1.2642524900002172,3421600,
unmatched,gmm_fitted,bank2:6-10,marginal_max,11,0.7863784517881395,1.2642524900002172,3421600,
unmatched,gmm_fitted,bank2:6-10,conditional_max,11,0.8364214576731552,1.2642524900002172,3421600,
unmatched,gmm_fitted,bank2:6-10,relational_max,11,0.8127003168854685,1.2642524900002172,3421600,
unmatched,circuit,single_sensor_0,joint,11,0.5559710276143052,1.3363272119968315,23652280,
unmatched,circuit,single_sensor_0,independent,11,0.5559710276143052,1.3363272119968315,23652280,
unmatched,circuit,single_sensor_0,marginal_max,11,0.5559710276143052,1.3363272119968315,23652280,
unmatched,circuit,single_sensor_0,conditional_max,11,0.5559710276143052,1.3363272119968315,23652280,
unmatched,circuit,single_sensor_0,relational_max,11,0.5,1.3363272119968315,23652280,
unmatched,gaussian_fitted,single_sensor_0,joint,11,0.555169760072431,0.0022226519977266435,37600,
unmatched,gaussian_fitted,single_sensor_0,independent,11,0.555169760072431,0.0022226519977266435,37600,
unmatched,gaussian_fitted,single_sensor_0,marginal_max,11,0.555169760072431,0.0022226519977266435,37600,
unmatched,gaussian_fitted,single_sensor_0,conditional_max,11,0.555169760072431,0.0022226519977266435,37600,
unmatched,gaussian_fitted,single_sensor_0,relational_max,11,0.5,0.0022226519977266435,37600,
unmatched,gmm_fitted,single_sensor_0,joint,11,0.5556722498868266,0.0026576429991109762,37600,
unmatched,gmm_fitted,single_sensor_0,independent,11,0.5556722498868266,0.0026576429991109762,37600,
unmatched,gmm_fitted,single_sensor_0,marginal_max,11,0.5556722498868266,0.0026576429991109762,37600,
unmatched,gmm_fitted,single_sensor_0,conditional_max,11,0.5556722498868266,0.0026576429991109762,37600,
unmatched,gmm_fitted,single_sensor_0,relational_max,11,0.5,0.0026576429991109762,37600,
unmatched,circuit,full,joint,12,0.796684569603716,1.1776745130009658,20884460,
unmatched,circuit,full,independent,12,0.7862534475250399,1.1776745130009658,20884460,
unmatched,circuit,full,marginal_max,12,0.7912498185513137,1.1776745130009658,20884460,
unmatched,circuit,full,conditional_max,12,0.8028886630860792,1.1776745130009658,20884460,
unmatched,circuit,full,relational_max,12,0.6910553055595877,1.1776745130009658,20884460,
unmatched,gaussian_fitted,full,joint,12,0.8271882711569168,0.9182044929984841,3984000,
unmatched,gaussian_fitted,full,independent,12,0.777427783422848,0.9182044929984841,3984000,
unmatched,gaussian_fitted,full,marginal_max,12,0.7909101466105385,0.9182044929984841,3984000,
unmatched,gaussian_fitted,full,conditional_max,12,0.8387777616490056,0.9182044929984841,3984000,
unmatched,gaussian_fitted,full,relational_max,12,0.8337842938017129,0.9182044929984841,3984000,
unmatched,gmm_fitted,full,joint,12,0.8143852518507766,3.593668689001788,3984000,
unmatched,gmm_fitted,full,independent,12,0.764944113804616,3.593668689001788,3984000,
unmatched,gmm_fitted,full,marginal_max,12,0.7899288721149659,3.593668689001788,3984000,
unmatched,gmm_fitted,full,conditional_max,12,0.8328204383800262,3.593668689001788,3984000,
unmatched,gmm_fitted,full,relational_max,12,0.818362607054725,3.593668689001788,3984000,
unmatched,circuit,random1:1,joint,12,0.7901901582232544,1.3256979170000704,20884460,
unmatched,circuit,random1:1,independent,12,0.7800812890114676,1.3256979170000704,20884460,
unmatched,circuit,random1:1,marginal_max,12,0.785489911453041,1.3256979170000704,20884460,
unmatched,circuit,random1:1,conditional_max,12,0.7965510233705908,1.3256979170000704,20884460,
unmatched,circuit,random1:1,relational_max,12,0.6942168674698795,1.3256979170000704,20884460,
unmatched,gaussian_fitted,random1:1,joint,12,0.8246131514007838,0.7418399289999797,3486000,
unmatched,gaussian_fitted,random1:1,independent,12,0.7731107562781245,0.7418399289999797,3486000,
unmatched,gaussian_fitted,random1:1,marginal_max,12,0.7889824357671651,0.7418399289999797,3486000,
unmatched,gaussian_fitted,random1:1,conditional_max,12,0.8339846131514008,0.7418399289999797,3486000,
unmatched,gaussian_fitted,random1:1,relational_max,12,0.8316272318188417,0.7418399289999797,3486000,
unmatched,gmm_fitted,random1:1,joint,12,0.8131572071418203,2.9648899719977635,3486000,
unmatched,gmm_fitted,random1:1,independent,12,0.7612599796777472,2.9648899719977635,3486000,
unmatched,gmm_fitted,random1:1,marginal_max,12,0.7897866163448977,2.9648899719977635,3486000,
unmatched,gmm_fitted,random1:1,conditional_max,12,0.8285672811728844,2.9648899719977635,3486000,
unmatched,gmm_fitted,random1:1,relational_max,12,0.815775874582668,2.9648899719977635,3486000,
unmatched,circuit,random3:5-8-14,joint,12,0.7762374800406445,1.413327008998749,20884460,
unmatched,circuit,random3:5-8-14,independent,12,0.7680940629989839,1.413327008998749,20884460,
unmatched,circuit,random3:5-8-14,marginal_max,12,0.7720191609812745,1.413327008998749,20884460,
unmatched,circuit,random3:5-8-14,conditional_max,12,0.7788213093337204,1.413327008998749,20884460,
unmatched,circuit,random3:5-8-14,relational_max,12,0.6467731165626361,1.413327008998749,20884460,
unmatched,gaussian_fitted,random3:5-8-14,joint,12,0.809551458847438,0.45199094799681916,2589600,
unmatched,gaussian_fitted,random3:5-8-14,independent,12,0.7604877340688053,0.45199094799681916,2589600,
unmatched,gaussian_fitted,random3:5-8-14,marginal_max,12,0.7742894469444042,0.45199094799681916,2589600,
unmatched,gaussian_fitted,random3:5-8-14,conditional_max,12,0.8210654666860212,0.45199094799681916,2589600,
unmatched,gaussian_fitted,random3:5-8-14,relational_max,12,0.8003309624038322,0.45199094799681916,2589600,
unmatched,gmm_fitted,random3:5-8-14,joint,12,0.7947394396864567,1.8563913629986928,2589600,
unmatched,gmm_fitted,random3:5-8-14,independent,12,0.7484221222238351,1.8563913629986928,2589600,
unmatched,gmm_fitted,random3:5-8-14,marginal_max,12,0.772843663811874,1.8563913629986928,2589600,
unmatched,gmm_fitted,random3:5-8-14,conditional_max,12,0.8163158658731311,1.8563913629986928,2589600,
unmatched,gmm_fitted,random3:5-8-14,relational_max,12,0.784938307446654,1.8563913629986928,2589600,
unmatched,circuit,random7:3-4-8-10-11-12-14,joint,12,0.7394106546668602,1.4186526240009698,20884460,
unmatched,circuit,random7:3-4-8-10-11-12-14,independent,12,0.7330584990564668,1.4186526240009698,20884460,
unmatched,circuit,random7:3-4-8-10-11-12-14,marginal_max,12,0.7398403251560459,1.4186526240009698,20884460,
unmatched,circuit,random7:3-4-8-10-11-12-14,conditional_max,12,0.7474263318333575,1.4186526240009698,20884460,
unmatched,circuit,random7:3-4-8-10-11-12-14,relational_max,12,0.6027231818841632,1.4186526240009698,20884460,
unmatched,gaussian_fitted,random7:3-4-8-10-11-12-14,joint,12,0.7640876760052258,0.13813554499938618,1195200,
unmatched,gaussian_fitted,random7:3-4-8-10-11-12-14,independent,12,0.7228625344752504,0.13813554499938618,1195200,
unmatched,gaussian_fitted,random7:3-4-8-10-11-12-14,marginal_max,12,0.7311307882130933,0.13813554499938618,1195200,
unmatched,gaussian_fitted,random7:3-4-8-10-11-12-14,conditional_max,12,0.7711482072869792,0.13813554499938618,1195200,
unmatched,gaussian_fitted,random7:3-4-8-10-11-12-14,relational_max,12,0.735613296559733,0.13813554499938618,1195200,
unmatched,gmm_fitted,random7:3-4-8-10-11-12-14,joint,12,0.7640992887211496,0.5349672529991949,1195200,
unmatched,gmm_fitted,random7:3-4-8-10-11-12-14,independent,12,0.7237625199593555,0.5349672529991949,1195200,
unmatched,gmm_fitted,random7:3-4-8-10-11-12-14,marginal_max,12,0.7307185367977936,0.5349672529991949,1195200,
unmatched,gmm_fitted,random7:3-4-8-10-11-12-14,conditional_max,12,0.7680940629989839,0.5349672529991949,1195200,
unmatched,gmm_fitted,random7:3-4-8-10-11-12-14,relational_max,12,0.7435041370300479,0.5349672529991949,1195200,
unmatched,circuit,bank0:0-1-2-4-5-7-8,joint,12,0.7246479895485557,1.1419568790006451,20884460,
unmatched,circuit,bank0:0-1-2-4-5-7-8,independent,12,0.7193990419509363,1.1419568790006451,20884460,
unmatched,circuit,bank0:0-1-2-4-5-7-8,marginal_max,12,0.7162200609667586,1.1419568790006451,20884460,
unmatched,circuit,bank0:0-1-2-4-5-7-8,conditional_max,12,0.7230599506459573,1.1419568790006451,20884460,
unmatched,circuit,bank0:0-1-2-4-5-7-8,relational_max,12,0.6038699375816519,1.1419568790006451,20884460,
unmatched,gaussian_fitted,bank0:0-1-2-4-5-7-8,joint,12,0.750082740600958,0.13811766900107614,1195200,
unmatched,gaussian_fitted,bank0:0-1-2-4-5-7-8,independent,12,0.7168355349107273,0.13811766900107614,1195200,
unmatched,gaussian_fitted,bank0:0-1-2-4-5-7-8,marginal_max,12,0.7265960226447961,0.13811766900107614,1195200,
unmatched,gaussian_fitted,bank0:0-1-2-4-5-7-8,conditional_max,12,0.7528291479169691,0.13811766900107614,1195200,
unmatched,gaussian_fitted,bank0:0-1-2-4-5-7-8,relational_max,12,0.7406938597764552,0.13811766900107614,1195200,
unmatched,gmm_fitted,bank0:0-1-2-4-5-7-8,joint,12,0.7407112788503412,0.5283413020006265,1195200,
unmatched,gmm_fitted,bank0:0-1-2-4-5-7-8,independent,12,0.711005951516911,0.5283413020006265,1195200,
unmatched,gmm_fitted,bank0:0-1-2-4-5-7-8,marginal_max,12,0.72808245028306,0.5283413020006265,1195200,
unmatched,gmm_fitted,bank0:0-1-2-4-5-7-8,conditional_max,12,0.7504137030047903,0.5283413020006265,1195200,
unmatched,gmm_fitted,bank0:0-1-2-4-5-7-8,relational_max,12,0.7371171432718827,0.5283413020006265,1195200,
unmatched,circuit,bank1:3,joint,12,0.7941094498475831,0.9813149140027235,20884460,
unmatched,circuit,bank1:3,independent,12,0.7830076934242997,0.9813149140027235,20884460,
unmatched,circuit,bank1:3,marginal_max,12,0.7893221077079402,0.9813149140027235,20884460,
unmatched,circuit,bank1:3,conditional_max,12,0.8026825373784294,0.9813149140027235,20884460,
unmatched,circuit,bank1:3,relational_max,12,0.6988009870808536,0.9813149140027235,20884460,
unmatched,gaussian_fitted,bank1:3,joint,12,0.8304224125417332,0.7680237640015548,3486000,
unmatched,gaussian_fitted,bank1:3,independent,12,0.7725620554507185,0.7680237640015548,3486000,
unmatched,gaussian_fitted,bank1:3,marginal_max,12,0.7844244447670199,0.7680237640015548,3486000,
unmatched,gaussian_fitted,bank1:3,conditional_max,12,0.8394222673827841,0.7680237640015548,3486000,
unmatched,gaussian_fitted,bank1:3,relational_max,12,0.8340165481201917,0.7680237640015548,3486000,
unmatched,gmm_fitted,bank1:3,joint,12,0.82843663811874,2.7363398620000225,3486000,
unmatched,gmm_fitted,bank1:3,independent,12,0.7720801277398751,2.7363398620000225,3486000,
unmatched,gmm_fitted,bank1:3,marginal_max,12,0.7851879808390188,2.7363398620000225,3486000,
unmatched,gmm_fitted,bank1:3,conditional_max,12,0.8353926549571781,2.7363398620000225,3486000,
unmatched,gmm_fitted,bank1:3,relational_max,12,0.8298243576716504,2.7363398620000225,3486000,
unmatched,circuit,bank2:6-10,joint,12,0.7857076498766149,1.002334195000003,20884460,
unmatched,circuit,bank2:6-10,independent,12,0.7757352300769342,1.002334195000003,20884460,
unmatched,circuit,bank2:6-10,marginal_max,12,0.7841225141529975,1.002334195000003,20884460,
unmatched,circuit,bank2:6-10,conditional_max,12,0.7962519959355494,1.002334195000003,20884460,
unmatched,circuit,bank2:6-10,relational_max,12,0.6765597329075338,1.002334195000003,20884460,
unmatched,gaussian_fitted,bank2:6-10,joint,12,0.8149252431412397,0.5505124269984663,3021200,
unmatched,gaussian_fitted,bank2:6-10,independent,12,0.7628422122223835,0.5505124269984663,3021200,
unmatched,gaussian_fitted,bank2:6-10,marginal_max,12,0.7817448105675715,0.5505124269984663,3021200,
unmatched,gaussian_fitted,bank2:6-10,conditional_max,12,0.8251154013644941,0.5505124269984663,3021200,
unmatched,gaussian_fitted,bank2:6-10,relational_max,12,0.8142923501233851,0.5505124269984663,3021200,
unmatched,gmm_fitted,bank2:6-10,joint,12,0.8012919146465379,2.4690225230006035,3021200,
unmatched,gmm_fitted,bank2:6-10,independent,12,0.7439134852663667,2.4690225230006035,3021200,
unmatched,gmm_fitted,bank2:6-10,marginal_max,12,0.7824531862389317,2.4690225230006035,3021200,
unmatched,gmm_fitted,bank2:6-10,conditional_max,12,0.820174190738859,2.4690225230006035,3021200,
unmatched,gmm_fitted,bank2:6-10,relational_max,12,0.8061924807664392,2.4690225230006035,3021200,
unmatched,circuit,single_sensor_0,joint,12,0.562206416025548,1.0334676450002007,20884460,
unmatched,circuit,single_sensor_0,independent,12,0.5621628683408332,1.0334676450002007,20884460,
unmatched,circuit,single_sensor_0,marginal_max,12,0.5621628683408332,1.0334676450002007,20884460,
unmatched,circuit,single_sensor_0,conditional_max,12,0.5621628683408332,1.0334676450002007,20884460,
unmatched,circuit,single_sensor_0,relational_max,12,0.5,1.0334676450002007,20884460,
unmatched,gaussian_fitted,single_sensor_0,joint,12,0.5637538104224126,0.0030298169986053836,33200,
unmatched,gaussian_fitted,single_sensor_0,independent,12,0.5637538104224126,0.0030298169986053836,33200,
unmatched,gaussian_fitted,single_sensor_0,marginal_max,12,0.5637538104224126,0.0030298169986053836,33200,
unmatched,gaussian_fitted,single_sensor_0,conditional_max,12,0.5637538104224126,0.0030298169986053836,33200,
unmatched,gaussian_fitted,single_sensor_0,relational_max,12,0.5,0.0030298169986053836,33200,
unmatched,gmm_fitted,single_sensor_0,joint,12,0.5628944694440412,0.004671099999541184,33200,
unmatched,gmm_fitted,single_sensor_0,independent,12,0.5628944694440412,0.004671099999541184,33200,
unmatched,gmm_fitted,single_sensor_0,marginal_max,12,0.5628944694440412,0.004671099999541184,33200,
unmatched,gmm_fitted,single_sensor_0,conditional_max,12,0.5628944694440412,0.004671099999541184,33200,
unmatched,gmm_fitted,single_sensor_0,relational_max,12,0.5,0.004671099999541184,33200,
unmatched,circuit,full,joint,13,0.8008046764448238,1.3496089420004864,21236728,
unmatched,circuit,full,independent,13,0.7832848543384021,1.3496089420004864,21236728,
unmatched,circuit,full,marginal_max,13,0.787094854113789,1.3496089420004864,21236728,
unmatched,circuit,full,conditional_max,13,0.8003414119179713,1.3496089420004864,21236728,
unmatched,circuit,full,relational_max,13,0.7318568765301767,1.3496089420004864,21236728,
unmatched,gaussian_fitted,full,joint,13,0.8440707755890479,0.9090402190013265,4051200,
unmatched,gaussian_fitted,full,independent,13,0.7705492913456571,0.9090402190013265,4051200,
unmatched,gaussian_fitted,full,marginal_max,13,0.7687130792210417,0.9090402190013265,4051200,
unmatched,gaussian_fitted,full,conditional_max,13,0.8409374227892455,0.9090402190013265,4051200,
unmatched,gaussian_fitted,full,relational_max,13,0.8566547247366412,0.9090402190013265,4051200,
unmatched,gmm_fitted,full,joint,13,0.8201887873138519,1.8376074780026102,4051200,
unmatched,gmm_fitted,full,independent,13,0.7484754385570854,1.8376074780026102,4051200,
unmatched,gmm_fitted,full,marginal_max,13,0.7845454953842007,1.8376074780026102,4051200,
unmatched,gmm_fitted,full,conditional_max,13,0.8389776734574695,1.8376074780026102,4051200,
unmatched,gmm_fitted,full,relational_max,13,0.8400333550459333,1.8376074780026102,4051200,
unmatched,circuit,random1:1,joint,13,0.7922637631679432,1.563614239999879,21236728,
unmatched,circuit,random1:1,independent,13,0.778596055793895,1.563614239999879,21236728,
unmatched,circuit,random1:1,marginal_max,13,0.782992857303295,1.563614239999879,21236728,
unmatched,circuit,random1:1,conditional_max,13,0.7971406751869904,1.563614239999879,21236728,
unmatched,circuit,random1:1,relational_max,13,0.7229481592956133,1.563614239999879,21236728,
unmatched,gaussian_fitted,random1:1,joint,13,0.8321045124772579,0.7566462759968999,3544800,
unmatched,gaussian_fitted,random1:1,independent,13,0.7639232047797668,0.7566462759968999,3544800,
unmatched,gaussian_fitted,random1:1,marginal_max,13,0.7673654005974708,0.7566462759968999,3544800,
unmatched,gaussian_fitted,random1:1,conditional_max,13,0.8331770400485164,0.7566462759968999,3544800,
unmatched,gaussian_fitted,random1:1,relational_max,13,0.8508540913276881,0.7566462759968999,3544800,
unmatched,gmm_fitted,random1:1,joint,13,0.8109740347251859,1.5250505820004037,3544800,
unmatched,gmm_fitted,random1:1,independent,13,0.7416303542148649,1.5250505820004037,3544800,
unmatched,gmm_fitted,random1:1,marginal_max,13,0.7818585611284562,1.5250505820004037,3544800,
unmatched,gmm_fitted,random1:1,conditional_max,13,0.8349964061903371,1.5250505820004037,3544800,
unmatched,gmm_fitted,random1:1,relational_max,13,0.8380455290761663,1.5250505820004037,3544800,
unmatched,circuit,random3:5-8-14,joint,13,0.779997080029649,1.3525383499982127,21236728,
unmatched,circuit,random3:5-8-14,independent,13,0.7669919813121897,1.3525383499982127,21236728,
unmatched,circuit,random3:5-8-14,marginal_max,13,0.7722563509355136,1.3525383499982127,21236728,
unmatched,circuit,random3:5-8-14,conditional_max,13,0.7855787156622718,1.3525383499982127,21236728,
unmatched,circuit,random3:5-8-14,relational_max,13,0.6965364659374228,1.3525383499982127,21236728,
unmatched,gaussian_fitted,random3:5-8-14,joint,13,0.8161092518137508,0.472097305002535,2633280,
unmatched,gaussian_fitted,random3:5-8-14,independent,13,0.7516789829518654,0.472097305002535,2633280,
unmatched,gaussian_fitted,random3:5-8-14,marginal_max,13,0.7557837874261585,0.472097305002535,2633280,
unmatched,gaussian_fitted,random3:5-8-14,conditional_max,13,0.8201354417016689,0.472097305002535,2633280,
unmatched,gaussian_fitted,random3:5-8-14,relational_max,13,0.8217975786707397,0.472097305002535,2633280,
unmatched,gmm_fitted,random3:5-8-14,joint,13,0.7896779048089666,0.9426509139993868,2633280,
unmatched,gmm_fitted,random3:5-8-14,independent,13,0.7233159632532962,0.9426509139993868,2633280,
unmatched,gmm_fitted,random3:5-8-14,marginal_max,13,0.7723883111340716,0.9426509139993868,2633280,
unmatched,gmm_fitted,random3:5-8-14,conditional_max,13,0.8212697378765077,0.9426509139993868,2633280,
unmatched,gmm_fitted,random3:5-8-14,relational_max,13,0.8112126861481099,0.9426509139993868,2633280,
unmatched,circuit,random7:3-4-8-10-11-12-14,joint,13,0.7535910019990566,1.3573912329993618,21236728,
unmatched,circuit,random7:3-4-8-10-11-12-14,independent,13,0.7320000673839312,1.3573912329993618,21236728,
unmatched,circuit,random7:3-4-8-10-11-12-14,marginal_max,13,0.7366523662990498,1.3573912329993618,21236728,
unmatched,circuit,random7:3-4-8-10-11-12-14,conditional_max,13,0.7544108398283956,1.3573912329993618,21236728,
unmatched,circuit,random7:3-4-8-10-11-12-14,relational_max,13,0.6683503290581972,1.3573912329993618,21236728,
unmatched,gaussian_fitted,random7:3-4-8-10-11-12-14,joint,13,0.7893831001100604,0.14687974600019515,1215360,
unmatched,gaussian_fitted,random7:3-4-8-10-11-12-14,independent,13,0.7271203477010849,0.14687974600019515,1215360,
unmatched,gaussian_fitted,random7:3-4-8-10-11-12-14,marginal_max,13,0.7310370387008378,0.14687974600019515,1215360,
unmatched,gaussian_fitted,random7:3-4-8-10-11-12-14,conditional_max,13,0.7924771456166753,0.14687974600019515,1215360,
unmatched,gaussian_fitted,random7:3-4-8-10-11-12-14,relational_max,13,0.7801515015385998,0.14687974600019515,1215360,
unmatched,gmm_fitted,random7:3-4-8-10-11-12-14,joint,13,0.7874289661058826,0.29096286999993026,1215360,
unmatched,gmm_fitted,random7:3-4-8-10-11-12-14,independent,13,0.7289902517912895,0.29096286999993026,1215360,
unmatched,gmm_fitted,random7:3-4-8-10-11-12-14,marginal_max,13,0.732471754902181,0.29096286999993026,1215360,
unmatched,gmm_fitted,random7:3-4-8-10-11-12-14,conditional_max,13,0.7898660182835067,0.29096286999993026,1215360,
unmatched,gmm_fitted,random7:3-4-8-10-11-12-14,relational_max,13,0.7757659306843961,0.29096286999993026,1215360,
unmatched,circuit,bank0:0-1-2-4-5-7-8,joint,13,0.7455638911974125,1.5466371869988507,21236728,
unmatched,circuit,bank0:0-1-2-4-5-7-8,independent,13,0.738561577682442,1.5466371869988507,21236728,
unmatched,circuit,bank0:0-1-2-4-5-7-8,marginal_max,13,0.7233524628826846,1.5466371869988507,21236728,
unmatched,circuit,bank0:0-1-2-4-5-7-8,conditional_max,13,0.7328283282046675,1.5466371869988507,21236728,
unmatched,circuit,bank0:0-1-2-4-5-7-8,relational_max,13,0.6470682374609735,1.5466371869988507,21236728,
unmatched,gaussian_fitted,bank0:0-1-2-4-5-7-8,joint,13,0.76265694840637,0.1290308030002052,1215360,
unmatched,gaussian_fitted,bank0:0-1-2-4-5-7-8,independent,13,0.7210136789380293,0.1290308030002052,1215360,
unmatched,gaussian_fitted,bank0:0-1-2-4-5-7-8,marginal_max,13,0.7124222277127648,0.1290308030002052,1215360,
unmatched,gaussian_fitted,bank0:0-1-2-4-5-7-8,conditional_max,13,0.753442195817704,0.1290308030002052,1215360,
unmatched,gaussian_fitted,bank0:0-1-2-4-5-7-8,relational_max,13,0.7550369488555962,0.1290308030002052,1215360,
unmatched,gmm_fitted,bank0:0-1-2-4-5-7-8,joint,13,0.7402124839963163,0.24308719300097437,1215360,
unmatched,gmm_fitted,bank0:0-1-2-4-5-7-8,independent,13,0.7004896565665641,0.24308719300097437,1215360,
unmatched,gmm_fitted,bank0:0-1-2-4-5-7-8,marginal_max,13,0.7252364052918847,0.24308719300097437,1215360,
unmatched,gmm_fitted,bank0:0-1-2-4-5-7-8,conditional_max,13,0.7604669706430673,0.24308719300097437,1215360,
unmatched,gmm_fitted,bank0:0-1-2-4-5-7-8,relational_max,13,0.7554131758046765,0.24308719300097437,1215360,
unmatched,circuit,bank1:3,joint,13,0.7984153545517846,1.3582547400001204,21236728,
unmatched,circuit,bank1:3,independent,13,0.7756002785202488,1.3582547400001204,21236728,
unmatched,circuit,bank1:3,marginal_max,13,0.7834841984681387,1.3582547400001204,21236728,
unmatched,circuit,bank1:3,conditional_max,13,0.7991734237775432,1.3582547400001204,21236728,
unmatched,circuit,bank1:3,relational_max,13,0.7252392129556838,1.3582547400001204,21236728,
unmatched,gaussian_fitted,bank1:3,joint,13,0.8493407605399699,0.7224324870003329,3544800,
unmatched,gaussian_fitted,bank1:3,independent,13,0.7689798072819568,0.7224324870003329,3544800,
unmatched,gaussian_fitted,bank1:3,marginal_max,13,0.7773494530670919,0.7224324870003329,3544800,
unmatched,gaussian_fitted,bank1:3,conditional_max,13,0.8501830596797018,0.7224324870003329,3544800,
unmatched,gaussian_fitted,bank1:3,relational_max,13,0.8572471417982526,0.7224324870003329,3544800,
unmatched,gmm_fitted,bank1:3,joint,13,0.8481615417443453,1.4400394610020157,3544800,
unmatched,gmm_fitted,bank1:3,independent,13,0.771315783562813,1.4400394610020157,3544800,
unmatched,gmm_fitted,bank1:3,marginal_max,13,0.7805221131600818,1.4400394610020157,3544800,
unmatched,gmm_fitted,bank1:3,conditional_max,13,0.8514745850272905,1.4400394610020157,3544800,
unmatched,gmm_fitted,bank1:3,relational_max,13,0.8576514453853238,1.4400394610020157,3544800,
unmatched,circuit,bank2:6-10,joint,13,0.7906044338626715,1.3562494159996277,21236728,
unmatched,circuit,bank2:6-10,independent,13,0.7713101682352148,1.3562494159996277,21236728,
unmatched,circuit,bank2:6-10,marginal_max,13,0.7817322162574964,1.3562494159996277,21236728,
unmatched,circuit,bank2:6-10,conditional_max,13,0.7957115743132455,1.3562494159996277,21236728,
unmatched,circuit,bank2:6-10,relational_max,13,0.7227319691830821,1.3562494159996277,21236728,
unmatched,gaussian_fitted,bank2:6-10,joint,13,0.8297881898429954,0.5554457859980175,3072160,
unmatched,gaussian_fitted,bank2:6-10,independent,13,0.7563790121515689,0.5554457859980175,3072160,
unmatched,gaussian_fitted,bank2:6-10,marginal_max,13,0.7582264549313807,0.5554457859980175,3072160,
unmatched,gaussian_fitted,bank2:6-10,conditional_max,13,0.8322533186586105,0.5554457859980175,3072160,
unmatched,gaussian_fitted,bank2:6-10,relational_max,13,0.8326913142112711,0.5554457859980175,3072160,
unmatched,gmm_fitted,bank2:6-10,joint,13,0.802531389681274,1.1390826730021217,3072160,
unmatched,gmm_fitted,bank2:6-10,independent,13,0.7266065452258484,1.1390826730021217,3072160,
unmatched,gmm_fitted,bank2:6-10,marginal_max,13,0.7791182812605287,1.1390826730021217,3072160,
unmatched,gmm_fitted,bank2:6-10,conditional_max,13,0.833269692953887,1.1390826730021217,3072160,
unmatched,gmm_fitted,bank2:6-10,relational_max,13,0.8199894431841154,1.1390826730021217,3072160,
unmatched,circuit,single_sensor_0,joint,13,0.5648121111385638,1.5529796549999446,21236728,
unmatched,circuit,single_sensor_0,independent,13,0.5648121111385638,1.5529796549999446,21236728,
unmatched,circuit,single_sensor_0,marginal_max,13,0.5648121111385638,1.5529796549999446,21236728,
unmatched,circuit,single_sensor_0,conditional_max,13,0.5648121111385638,1.5529796549999446,21236728,
unmatched,circuit,single_sensor_0,relational_max,13,0.5,1.5529796549999446,21236728,
unmatched,gaussian_fitted,single_sensor_0,joint,13,0.566193481727724,0.0021504260002984665,33760,
unmatched,gaussian_fitted,single_sensor_0,independent,13,0.566193481727724,0.0021504260002984665,33760,
unmatched,gaussian_fitted,single_sensor_0,marginal_max,13,0.566193481727724,0.0021504260002984665,33760,
unmatched,gaussian_fitted,single_sensor_0,conditional_max,13,0.566193481727724,0.0021504260002984665,33760,
unmatched,gaussian_fitted,single_sensor_0,relational_max,13,0.5,0.0021504260002984665,33760,
unmatched,gmm_fitted,single_sensor_0,joint,13,0.5658902540374205,0.002645632001076592,33760,
unmatched,gmm_fitted,single_sensor_0,independent,13,0.5658902540374205,0.002645632001076592,33760,
unmatched,gmm_fitted,single_sensor_0,marginal_max,13,0.5658902540374205,0.002645632001076592,33760,
unmatched,gmm_fitted,single_sensor_0,conditional_max,13,0.5658902540374205,0.002645632001076592,33760,
unmatched,gmm_fitted,single_sensor_0,relational_max,13,0.5,0.002645632001076592,33760,
