
=== ad (mean ± sd over seeds) ===

method                                      dataset          variant                               auroc                 ap          train_nll              fit_s             params    auroc[decouple]      auroc[desync]       auroc[drift]  seeds
----------------------------------------------------------------------------------------------------------------------------------------------------------------------------------------------------------------------------------------------------
conv autoencoder                            synthetic        default                       0.9553±0.0108      0.9413±0.0154                  —      1.0077±0.8626                  —      0.6647±0.0404      0.8540±0.0540      0.9978±0.0029      5
RegionGraphPC [chain, K=6]                  synthetic        default                       0.9487±0.0113      0.9306±0.0154     30.2447±13.9386     58.2010±67.6538   2964.0000±0.0000      0.6221±0.0335      0.8629±0.0478      0.9986±0.0020      5
1-NN distance                               synthetic        default                       0.9446±0.0123      0.9229±0.0215                  —      0.0590±0.0444                  —      0.5941±0.0473      0.8354±0.0667      0.9918±0.0060      5
Mahalanobis                                 synthetic        default                       0.9443±0.0108      0.9224±0.0147                  —      0.0401±0.0147                  —      0.6615±0.0338      0.7915±0.0609      0.9897±0.0103      5
PC · structural-only score                  synthetic        default                       0.9443±0.0106      0.9193±0.0152                  —                  —                  —      0.6801±0.0255      0.8964±0.0406      0.9836±0.0144      5
PC · 3 dead (exact marginal)                synthetic        default                       0.9364±0.0151      0.9122±0.0205                  —                  —                  —      0.6132±0.0558      0.8176±0.0495      0.9904±0.0103      5
Deep SVDD                                   synthetic        default                       0.9194±0.0202      0.8819±0.0318                  —      0.0876±0.0498                  —      0.5457±0.0511      0.7479±0.0763      0.9551±0.0284      5
1-NN distance                               synthetic        default                       0.9134±0.0000      0.8321±0.0000                  —      0.0382±0.0167                  —      0.5723±0.0000      0.7743±0.0000      0.9544±0.0000      1
PC · 3 dead (mean-imputed)                  synthetic        default                       0.8975±0.0162      0.8572±0.0216                  —                  —                  —      0.5407±0.0869      0.7565±0.0664      0.9384±0.0531      5
Mahalanobis                                 synthetic        default                       0.8952±0.0000      0.7815±0.0000                  —      0.0096±0.0027                  —      0.4913±0.0000      0.8123±0.0000      0.9902±0.0000      1
PCA reconstruction                          synthetic        default                       0.8850±0.0000      0.7797±0.0000                  —      0.6743±0.3356                  —      0.5232±0.0000      0.6698±0.0000      0.8822±0.0000      1
RegionGraphPC [chain, K=4]                  synthetic        default                       0.8771±0.0008      0.7890±0.0007     48.8460±0.0324      1.3525±0.7638    752.0000±0.0000      0.5130±0.0043      0.5603±0.0020      0.8039±0.0004      1
z-score (per channel)                       synthetic        default                       0.8669±0.0189      0.7879±0.0490                  —      0.0212±0.0093                  —      0.4662±0.0547      0.4965±0.1088      0.9359±0.0443      5
z-score (per channel)                       synthetic        default                       0.8659±0.0000      0.7595±0.0000                  —      0.0043±0.0006                  —      0.5575±0.0000      0.4751±0.0000      0.9213±0.0000      1
z-score (per channel) · 3 dead (imputed)    synthetic        default                       0.8565±0.0000      0.7318±0.0000                  —                  —                  —      0.6675±0.0000      0.5232±0.0000      0.7016±0.0000      1
diagonal Gaussian                           synthetic        default                       0.8533±0.0000      0.7253±0.0000                  —      0.0037±0.0017                  —      0.6405±0.0000      0.4011±0.0000      0.7025±0.0000      1
Mahalanobis                                 cmapss:FD003     subset-FD003                  0.8529±0.0034      0.6554±0.0117                  —      0.6172±0.0675                  —      0.5423±0.0242      0.7739±0.0108      0.9924±0.0020      3
RegionGraphPC [orc_rg, K=8]                 cmapss:FD001     vtree-orc_rg                  0.8465±0.0021      0.7144±0.0058    102.9122±0.9715    592.1888±12.4234   1.489e+05±3e+02       0.5236±0.0394      0.7016±0.0307      0.9990±0.0007      3
conv autoencoder                            cmapss:FD003     subset-FD003                  0.8459±0.0034      0.6918±0.0099                  —      2.7317±1.6411                  —      0.5291±0.0162      0.7597±0.0131      0.9933±0.0025      3
RegionGraphPC [forman_rg, K=8]              cmapss:FD001     vtree-forman_rg               0.8444±0.0034      0.7240±0.0103     75.9559±2.1722     31.7202±0.1131  23880.0000±0.0000      0.5126±0.0549      0.6891±0.0365      0.9993±0.0006      3
Isolation Forest                            synthetic        default                       0.8440±0.0147      0.7471±0.0250                  —      0.1724±0.0692                  —      0.5123±0.0533      0.6742±0.0773      0.8446±0.0391      5
PCA reconstruction                          synthetic        default                       0.8431±0.0151      0.7500±0.0335                  —      0.0263±0.0116                  —      0.4721±0.0542      0.6511±0.0797      0.8191±0.0277      5
RegionGraphPC [chain, K=16]                 cmapss:FD001     K-16_leaf_components-1        0.8427±0.0079      0.7058±0.0246    138.2367±15.7481     15.4138±2.3366  88704.0000±0.0000      0.5137±0.0286      0.7090±0.0062      0.9976±0.0029      3
RegionGraphPC [chow_liu, K=8]               cmapss:FD001     vtree-chow_liu                0.8425±0.0024      0.7111±0.0051    109.1420±3.6488     20.6841±0.0778   1.574e+05±0e+00       0.5071±0.0470      0.7037±0.0294      0.9991±0.0006      3
RegionGraphPC [spectral, K=8]               cmapss:FD001     vtree-spectral                0.8425±0.0062      0.7139±0.0091     97.8239±1.2762     18.1814±0.0267   1.574e+05±0e+00       0.5170±0.0390      0.6894±0.0400      0.9993±0.0004      3
RegionGraphPC [chain_grouped, K=8]          cmapss:FD001     vtree-chain_grouped           0.8420±0.0064      0.7075±0.0101    132.3330±1.5015     19.1850±0.1163   1.382e+05±0e+00       0.5062±0.0429      0.7118±0.0355      0.9990±0.0007      3
PC · 3 dead (mean-imputed)                  synthetic        default                       0.8418±0.0013      0.7384±0.0004                  —                  —                  —      0.5443±0.0083      0.4289±0.0014      0.6356±0.0021      1
RegionGraphPC [chain, K=12]                 cmapss:FD001     K-12_leaf_components-1        0.8396±0.0073      0.7020±0.0217    139.0887±14.3188      9.4457±0.0625  41328.0000±0.0000      0.5058±0.0359      0.7027±0.0056      0.9974±0.0030      3
GMM (8 comp.)                               cmapss:FD003     subset-FD003                  0.8381±0.0064      0.5955±0.0269                  —      8.1170±4.0365                  —      0.5341±0.0151      0.7654±0.0120      0.9822±0.0027      3
RegionGraphPC [chain, K=8]                  cmapss:FD001     K-8_leaf_components-1         0.8379±0.0052      0.6954±0.0168    145.4378±9.3450      8.2276±0.0765  15360.0000±0.0000      0.5113±0.0380      0.6935±0.0124      0.9972±0.0029      3
RegionGraphPC [chain, K=8]                  cmapss:FD001     vtree-chain                   0.8379±0.0052      0.6954±0.0168    145.4378±9.3450      7.7472±0.3494  15360.0000±0.0000      0.5113±0.0380      0.6935±0.0124      0.9972±0.0029      3
RegionGraphPC [chain, K=8]                  cmapss:FD001     subset-FD001                  0.8378±0.0044      0.6954±0.0140    145.4097±7.8281     77.4306±166.1392  15360.0000±0.0000      0.5113±0.0320      0.6934±0.0101      0.9972±0.0024      3
RegionGraphPC [random, K=8]                 cmapss:FD001     vtree-random                  0.8375±0.0047      0.6879±0.0079    121.1753±2.2087     17.4614±0.1081   1.574e+05±0e+00       0.5154±0.0399      0.6954±0.0136      0.9979±0.0013      3
z-score (per channel) · 3 dead (imputed)    synthetic        default                       0.8374±0.0268      0.7448±0.0355                  —                  —                  —      0.4705±0.0431      0.4792±0.1103      0.9219±0.0486      5
RegionGraphPC [chain, K=8]                  cmapss:FD001     K-8_leaf_components-3         0.8366±0.0046      0.6834±0.0063    129.0866±1.5622      8.6249±0.1204  32160.0000±0.0000      0.5188±0.0426      0.6982±0.0325      0.9977±0.0014      3
RegionGraphPC [chain, K=6]                  cmapss:FD001     K-6_leaf_components-3         0.8351±0.0029      0.6809±0.0037    137.0268±1.0148      8.0848±0.0549  20844.0000±0.0000      0.5186±0.0434      0.6927±0.0248      0.9976±0.0014      3
RegionGraphPC [chain, K=12]                 cmapss:FD001     K-12_leaf_components-3        0.8345±0.0037      0.6814±0.0062    122.4494±0.1818     13.2169±2.1957  66528.0000±0.0000      0.5108±0.0348      0.7010±0.0268      0.9982±0.0011      3
PC · 3 dead (exact marginal)                synthetic        default                       0.8339±0.0015      0.7369±0.0001                  —                  —                  —      0.5080±0.0094      0.4205±0.0008      0.6182±0.0019      1
RegionGraphPC [chain, K=6]                  cmapss:FD001     K-6_leaf_components-1         0.8334±0.0067      0.6825±0.0068    151.1008±4.3211      7.8720±0.0554   8244.0000±0.0000      0.5032±0.0479      0.6839±0.0092      0.9971±0.0023      3
diagonal Gaussian                           synthetic        default                       0.8323±0.0433      0.7620±0.0573                  —      0.0240±0.0113                  —      0.4937±0.0619      0.4914±0.0794      0.8845±0.0321      5
RegionGraphPC [time, K=8]                   cmapss:FD001     vtree-time                    0.8318±0.0085      0.6787±0.0072    126.6855±4.7599     17.4429±0.2118   1.574e+05±0e+00       0.5092±0.0363      0.6839±0.0272      0.9973±0.0015      3
RegionGraphPC [chain, K=16]                 cmapss:FD001     K-16_leaf_components-3        0.8314±0.0046      0.6801±0.0050    116.7241±1.6928     16.6623±0.1223   1.223e+05±0e+00       0.5080±0.0338      0.6904±0.0258      0.9981±0.0012      3
PC · 3 dead (exact marginal)                cmapss:FD001     subset-FD001                  0.8302±0.0046      0.6879±0.0163                  —                  —                  —      0.5155±0.0433      0.6842±0.0166      0.9929±0.0040      3
1-NN distance                               cmapss:FD003     subset-FD003                  0.8301±0.0071      0.4709±0.0175                  —      0.3224±0.0370                  —      0.5342±0.0133      0.7341±0.0190      0.9639±0.0026      3
RegionGraphPC [chain, K=4]                  cmapss:FD001     K-4_leaf_components-3         0.8289±0.0076      0.6676±0.0075    147.4821±1.2918      7.7797±0.0356  12288.0000±0.0000      0.5034±0.0459      0.6813±0.0251      0.9968±0.0020      3
RegionGraphPC [chain, K=4]                  cmapss:FD001     K-4_leaf_components-1         0.8273±0.0058      0.6649±0.0103    158.8639±0.7939      7.5169±0.1005   3888.0000±0.0000      0.5075±0.0386      0.6680±0.0340      0.9960±0.0027      3
Mahalanobis                                 cmapss:FD001     subset-FD001                  0.8246±0.0011      0.6537±0.0030                  —      0.3604±0.0069                  —      0.5171±0.0319      0.7134±0.0353      0.9974±0.0014      3
diagonal Gaussian · 3 dead (imputed)        synthetic        default                       0.8226±0.0000      0.7061±0.0000                  —                  —                  —      0.6232±0.0000      0.3665±0.0000      0.5368±0.0000      1
RegionGraphPC [channel, K=8]                cmapss:FD001     vtree-channel                 0.8225±0.0072      0.6739±0.0130     92.2483±5.5669     17.3313±0.1037   1.574e+05±0e+00       0.5212±0.0434      0.5923±0.0292      0.9960±0.0021      3
GMM (8 comp.)                               cmapss:FD001     subset-FD001                  0.8200±0.0205      0.6294±0.0444                  —      1.2946±0.4865                  —      0.5058±0.0312      0.7061±0.0444      0.9955±0.0015      3
PC · structural-only score                  cmapss:FD001     K-16_leaf_components-1        0.8138±0.0194      0.6369±0.0432                  —                  —                  —      0.5113±0.0094      0.7656±0.0091      0.9790±0.0194      3
conv autoencoder                            cmapss:FD001     subset-FD001                  0.8115±0.0131      0.6638±0.0119                  —      1.5010±0.3701                  —      0.5002±0.0304      0.6792±0.0280      0.9918±0.0058      3
RegionGraphPC [chain, K=8]                  cmapss:FD003     subset-FD003                  0.8088±0.0334      0.5848±0.1031    110.9217±63.6534    137.6511±316.0926  15680.0000±0.0000      0.5251±0.0288      0.6872±0.0660      0.9816±0.0177      3
PC · structural-only score                  cmapss:FD001     K-12_leaf_components-1        0.8073±0.0233      0.6305±0.0432                  —                  —                  —      0.4984±0.0075      0.7750±0.0209      0.9754±0.0206      3
RegionGraphPC [chain, K=2]                  cmapss:FD001     K-2_leaf_components-3         0.8070±0.0057      0.6240±0.0092    168.5716±0.7918      7.4698±0.2709   5628.0000±0.0000      0.4977±0.0441      0.6345±0.0463      0.9922±0.0047      3
GMM (8 comp.)                               synthetic        default                       0.8041±0.0050      0.4540±0.0192                  —      0.2280±0.1999                  —      0.6316±0.0311      0.6982±0.0484      0.8234±0.0120      5
z-score (per channel) · 3 dead (imputed)    cmapss:FD001     subset-FD001                  0.7971±0.0051      0.6663±0.0090                  —                  —                  —      0.4836±0.0195      0.5160±0.0179      0.9811±0.0070      3
diagonal Gaussian · 3 dead (imputed)        synthetic        default                       0.7963±0.0748      0.7246±0.0757                  —                  —                  —      0.4844±0.0495      0.4848±0.0878      0.8536±0.0166      5
PC · structural-only score                  cmapss:FD001     K-8_leaf_components-1         0.7936±0.0166      0.6101±0.0344                  —                  —                  —      0.4948±0.0194      0.7521±0.0035      0.9737±0.0209      3
PC · structural-only score                  cmapss:FD001     vtree-chain                   0.7936±0.0166      0.6101±0.0344                  —                  —                  —      0.4948±0.0194      0.7521±0.0035      0.9737±0.0209      3
PC · structural-only score                  synthetic        default                       0.7927±0.0000      0.6076±0.0037                  —                  —                  —      0.3649±0.0017      0.6216±0.0026      0.6478±0.0026      1
PC · structural-only score                  cmapss:FD003     subset-FD003                  0.7927±0.0322      0.5277±0.0795                  —                  —                  —      0.5147±0.0203      0.7503±0.0696      0.9680±0.0104      3
PC · structural-only score                  cmapss:FD001     subset-FD001                  0.7926±0.0169      0.6096±0.0312                  —                  —                  —      0.4939±0.0151      0.7526±0.0033      0.9723±0.0203      3
PC · 3 dead (exact marginal)                cmapss:FD003     subset-FD003                  0.7916±0.0357      0.5561±0.1033                  —                  —                  —      0.5245±0.0296      0.6639±0.0719      0.9715±0.0235      3
1-NN distance                               cmapss:FD001     subset-FD001                  0.7837±0.0012      0.4460±0.0090                  —      0.1672±0.0131                  —      0.5001±0.0203      0.6202±0.0264      0.9648±0.0050      3
PC · structural-only score                  cmapss:FD001     K-6_leaf_components-1         0.7813±0.0084      0.5847±0.0182                  —                  —                  —      0.4961±0.0107      0.7612±0.0190      0.9599±0.0096      3
PC · structural-only score                  cmapss:FD001     K-16_leaf_components-3        0.7758±0.0084      0.5860±0.0077                  —                  —                  —      0.5041±0.0541      0.7308±0.0009      0.9721±0.0083      3
Deep SVDD                                   cmapss:FD003     subset-FD003                  0.7683±0.0049      0.5062±0.0207                  —      0.2459±0.1381                  —      0.5176±0.0056      0.6535±0.0108      0.9592±0.0111      3
z-score (per channel)                       cmapss:FD003     subset-FD003                  0.7670±0.0083      0.3269±0.0150                  —      0.0615±0.0138                  —      0.5159±0.0103      0.5533±0.0110      0.8894±0.0024      3
PC · structural-only score                  cmapss:FD001     K-12_leaf_components-3        0.7660±0.0102      0.5745±0.0159                  —                  —                  —      0.4710±0.0126      0.7410±0.0146      0.9683±0.0095      3
PCA reconstruction                          cmapss:FD003     subset-FD003                  0.7587±0.0086      0.2982±0.0128                  —      0.2148±0.0439                  —      0.5185±0.0110      0.6328±0.0132      0.9147±0.0032      3
PC · structural-only score                  cmapss:FD001     vtree-forman_rg               0.7584±0.0115      0.6151±0.0047                  —                  —                  —      0.5153±0.0046      0.8227±0.0124      0.9798±0.0117      3
PC · structural-only score                  cmapss:FD001     K-6_leaf_components-3         0.7562±0.0049      0.5762±0.0068                  —                  —                  —      0.4957±0.0360      0.7539±0.0168      0.9595±0.0094      3
PC · structural-only score                  cmapss:FD001     K-4_leaf_components-3         0.7544±0.0108      0.5632±0.0046                  —                  —                  —      0.4743±0.0201      0.7539±0.0094      0.9545±0.0153      3
PC · structural-only score                  cmapss:FD001     K-4_leaf_components-1         0.7536±0.0026      0.5524±0.0090                  —                  —                  —      0.4905±0.0161      0.7604±0.0038      0.9389±0.0108      3
moving-average residual                     synthetic        default                       0.7529±0.0181      0.5284±0.0329                  —      0.1078±0.0493                  —      0.5598±0.0839      0.5516±0.0746      0.8711±0.0549      5
z-score (per channel) · 3 dead (imputed)    cmapss:FD003     subset-FD003                  0.7519±0.0086      0.3128±0.0139                  —                  —                  —      0.5122±0.0088      0.5546±0.0186      0.8799±0.0098      3
PC · structural-only score                  cmapss:FD001     vtree-random                  0.7518±0.0125      0.5715±0.0141                  —                  —                  —      0.5072±0.0165      0.7865±0.0186      0.9610±0.0063      3
PC · structural-only score                  cmapss:FD001     K-8_leaf_components-3         0.7502±0.0049      0.5631±0.0102                  —                  —                  —      0.4864±0.0181      0.7377±0.0161      0.9545±0.0141      3
moving-average residual                     synthetic        default                       0.7497±0.0000      0.4818±0.0000                  —      0.0126±0.0036                  —      0.5145±0.0000      0.5665±0.0000      0.9744±0.0000      1
moving-average residual · 3 dead (imputed)  synthetic        default                       0.7495±0.0000      0.4708±0.0000                  —                  —                  —      0.5388±0.0000      0.5659±0.0000      0.7477±0.0000      1
moving-average residual                     cmapss:FD003     subset-FD003                  0.7449±0.0068      0.4424±0.0177                  —      0.3435±0.0316                  —      0.5527±0.0091      0.5380±0.0154      0.8158±0.0122      3
PC · 3 dead (mean-imputed)                  cmapss:FD003     subset-FD003                  0.7445±0.0190      0.3691±0.0160                  —                  —                  —      0.5240±0.0223      0.5996±0.0469      0.9200±0.0065      3
PC · structural-only score                  cmapss:FD001     K-2_leaf_components-3         0.7433±0.0036      0.5336±0.0079                  —                  —                  —      0.4905±0.0161      0.7309±0.0039      0.9323±0.0140      3
PCA reconstruction                          cmapss:FD001     subset-FD001                  0.7424±0.0010      0.4517±0.0040                  —      0.1159±0.0139                  —      0.5026±0.0219      0.6086±0.0274      0.9540±0.0126      3
RegionGraphPC [chain, K=2]                  cmapss:FD001     K-2_leaf_components-1         0.7424±0.0059      0.4786±0.0088    242.8973±1.2931      7.4663±0.3889   1428.0000±0.0000      0.5045±0.0162      0.5386±0.0175      0.9386±0.0075      3
PC · structural-only score                  cmapss:FD001     vtree-time                    0.7342±0.0054      0.5330±0.0054                  —                  —                  —      0.4861±0.0232      0.7636±0.0079      0.9505±0.0130      3
moving-average residual · 3 dead (imputed)  synthetic        default                       0.7308±0.0306      0.5044±0.0278                  —                  —                  —      0.5463±0.0834      0.5341±0.0726      0.8497±0.0615      5
Deep SVDD                                   cmapss:FD001     subset-FD001                  0.7270±0.0096      0.4850±0.0195                  —      0.1308±0.0203                  —      0.5044±0.0189      0.5884±0.0079      0.9324±0.0190      3
PC · structural-only score                  cmapss:FD001     vtree-chow_liu                0.7239±0.0119      0.5733±0.0011                  —                  —                  —      0.4745±0.0294      0.8127±0.0208      0.9716±0.0116      3
PC · structural-only score                  cmapss:FD001     vtree-channel                 0.7232±0.0066      0.5141±0.0325                  —                  —                  —      0.5013±0.0204      0.7813±0.0155      0.9272±0.0186      3
PC · structural-only score                  cmapss:FD001     vtree-orc_rg                  0.7200±0.0088      0.5714±0.0053                  —                  —                  —      0.4899±0.0190      0.7936±0.0209      0.9670±0.0142      3
PC · structural-only score                  cmapss:FD001     vtree-chain_grouped           0.7194±0.0094      0.5751±0.0098                  —                  —                  —      0.4873±0.0319      0.7939±0.0346      0.9586±0.0097      3
moving-average residual · 3 dead (imputed)  cmapss:FD003     subset-FD003                  0.7183±0.0113      0.4045±0.0166                  —                  —                  —      0.5447±0.0074      0.5396±0.0317      0.7782±0.0213      3
PC · structural-only score                  cmapss:FD001     vtree-spectral                0.7164±0.0084      0.5656±0.0025                  —                  —                  —      0.5000±0.0069      0.8127±0.0052      0.9685±0.0162      3
diagonal Gaussian                           cmapss:FD001     subset-FD001                  0.7147±0.0056      0.3861±0.0038                  —      0.0847±0.0075                  —      0.5054±0.0116      0.5303±0.0203      0.8903±0.0119      3
diagonal Gaussian                           cmapss:FD003     subset-FD003                  0.7125±0.0148      0.2924±0.0157                  —      0.1548±0.0418                  —      0.5106±0.0114      0.5558±0.0200      0.8617±0.0112      3
diagonal Gaussian · 3 dead (imputed)        cmapss:FD001     subset-FD001                  0.7107±0.0063      0.3769±0.0071                  —                  —                  —      0.5079±0.0077      0.5322±0.0214      0.8801±0.0093      3
diagonal Gaussian · 3 dead (imputed)        cmapss:FD003     subset-FD003                  0.7090±0.0145      0.2875±0.0154                  —                  —                  —      0.5102±0.0084      0.5582±0.0242      0.8584±0.0145      3
Isolation Forest                            cmapss:FD001     subset-FD001                  0.7081±0.0044      0.3799±0.0068                  —      0.2093±0.0075                  —      0.5090±0.0145      0.5673±0.0191      0.9042±0.0117      3
moving-average residual                     cmapss:FD001     subset-FD001                  0.7015±0.0150      0.4883±0.0183                  —      0.2111±0.0032                  —      0.5210±0.0253      0.4880±0.0297      0.7885±0.0282      3
PC · 3 dead (mean-imputed)                  cmapss:FD001     subset-FD001                  0.6905±0.0341      0.3395±0.0741                  —                  —                  —      0.4961±0.0206      0.5468±0.0193      0.8362±0.0628      3
Isolation Forest                            cmapss:FD003     subset-FD003                  0.6898±0.0137      0.2827±0.0151                  —      0.3187±0.0743                  —      0.5118±0.0101      0.5814±0.0133      0.8596±0.0181      3
moving-average residual · 3 dead (imputed)  cmapss:FD001     subset-FD001                  0.6885±0.0222      0.4494±0.0258                  —                  —                  —      0.5247±0.0400      0.4975±0.0410      0.7465±0.0357      3
z-score (per channel)                       cmapss:FD001     subset-FD001                  0.6641±0.0028      0.3186±0.0165                  —      0.0328±0.0019                  —      0.4926±0.0176      0.5103±0.0171      0.7037±0.0104      3
conv autoencoder                            cmapss:FD002     subset-FD002                  0.6603±0.2421      0.4013±0.4036                  —      4.5928±0.4398                  —      0.6541±0.2269      0.6209±0.2757      0.6707±0.2548      3
GMM (8 comp.)                               cmapss:FD002     subset-FD002                  0.6585±0.2340      0.3963±0.3880                  —     10.6693±2.4879                  —      0.6595±0.2158      0.6207±0.2734      0.6687±0.2558      3
Mahalanobis                                 cmapss:FD002     subset-FD002                  0.6578±0.2302      0.3906±0.3791                  —      1.9543±0.5383                  —      0.6519±0.2109      0.6218±0.2699      0.6687±0.2554      3
GMM (8 comp.)                               cmapss:FD004     subset-FD004                  0.6542±0.2477      0.3925±0.4100                  —     22.5507±7.8851                  —      0.6747±0.2278      0.6163±0.2807      0.6815±0.2466      3
conv autoencoder                            cmapss:FD004     subset-FD004                  0.6526±0.2452      0.3881±0.4029                  —      4.9104±1.2471                  —      0.6698±0.2222      0.6110±0.2756      0.6828±0.2452      3
Mahalanobis                                 cmapss:FD004     subset-FD004                  0.6512±0.2404      0.3800±0.3897                  —      1.9200±0.2521                  —      0.6689±0.2163      0.6118±0.2755      0.6828±0.2452      3
PC · structural-only score                  cmapss:FD002     subset-FD002                  0.6347±0.1965      0.3518±0.3103                  —                  —                  —      0.6422±0.1907      0.6015±0.2567      0.6872±0.2379      3
RegionGraphPC [chain, K=8]                  cmapss:FD002     subset-FD002                  0.6301±0.1822      0.3587±0.3125    257.1866±46.0268     25.0098±5.2013  17280.0000±0.0000      0.6169±0.1387      0.5922±0.2089      0.6652±0.2319      3
PC · 3 dead (exact marginal)                cmapss:FD002     subset-FD002                  0.6291±0.1907      0.3540±0.3239                  —                  —                  —      0.6126±0.1378      0.5874±0.2114      0.6645±0.2468      3
Deep SVDD                                   cmapss:FD002     subset-FD002                  0.6160±0.1699      0.3129±0.2604                  —      0.3958±0.0608                  —      0.5672±0.0887      0.5618±0.1805      0.6521±0.2400      3
Deep SVDD                                   cmapss:FD004     subset-FD004                  0.6157±0.1763      0.2971±0.2545                  —      0.4550±0.0665                  —      0.6071±0.1064      0.5691±0.2103      0.6725±0.2317      3
RegionGraphPC [chain, K=8]                  cmapss:FD004     subset-FD004                  0.6026±0.1654      0.3261±0.2894    239.9533±37.2373     31.5653±6.5012  17280.0000±0.0000      0.5930±0.1334      0.5725±0.1898      0.6636±0.2238      3
PC · 3 dead (exact marginal)                cmapss:FD004     subset-FD004                  0.6017±0.1751      0.3230±0.3026                  —                  —                  —      0.5855±0.1319      0.5737±0.1984      0.6622±0.2412      3
PC · structural-only score                  cmapss:FD004     subset-FD004                  0.6012±0.2112      0.3429±0.3361                  —                  —                  —      0.6123±0.2126      0.6514±0.2046      0.5807±0.3188      3
1-NN distance                               cmapss:FD002     subset-FD002                  0.5931±0.1357      0.2694±0.1966                  —      0.7389±0.1958                  —      0.5574±0.0677      0.5191±0.1275      0.6413±0.1986      3
diagonal Gaussian                           cmapss:FD002     subset-FD002                  0.5845±0.1216      0.2765±0.2065                  —      0.3662±0.0118                  —      0.5136±0.0189      0.4530±0.0205      0.6551±0.2296      3
diagonal Gaussian · 3 dead (imputed)        cmapss:FD002     subset-FD002                  0.5835±0.1200      0.2735±0.2017                  —                  —                  —      0.5135±0.0189      0.4531±0.0205      0.6522±0.2252      3
z-score (per channel)                       cmapss:FD002     subset-FD002                  0.5823±0.1195      0.2043±0.0600                  —      0.0656±0.0112                  —      0.5087±0.0131      0.4591±0.0265      0.6655±0.1674      3
z-score (per channel) · 3 dead (imputed)    cmapss:FD002     subset-FD002                  0.5803±0.1166      0.2030±0.0585                  —                  —                  —      0.5080±0.0120      0.4593±0.0270      0.6639±0.1652      3
1-NN distance                               cmapss:FD004     subset-FD004                  0.5754±0.1330      0.2259±0.1527                  —      0.7808±0.2269                  —      0.5586±0.0549      0.5111±0.1414      0.6377±0.1822      3
diagonal Gaussian                           cmapss:FD004     subset-FD004                  0.5736±0.1213      0.2115±0.1289                  —      0.4044±0.0495                  —      0.5179±0.0108      0.4681±0.0504      0.6539±0.1982      3
diagonal Gaussian · 3 dead (imputed)        cmapss:FD004     subset-FD004                  0.5734±0.1209      0.2100±0.1265                  —                  —                  —      0.5180±0.0107      0.4688±0.0515      0.6542±0.1987      3
z-score (per channel)                       cmapss:FD004     subset-FD004                  0.5729±0.1413      0.1939±0.0814                  —      0.0808±0.0166                  —      0.4985±0.0039      0.4653±0.0488      0.6056±0.2261      3
z-score (per channel) · 3 dead (imputed)    cmapss:FD004     subset-FD004                  0.5711±0.1385      0.1929±0.0798                  —                  —                  —      0.4990±0.0030      0.4658±0.0495      0.6057±0.2263      3
PCA reconstruction                          cmapss:FD002     subset-FD002                  0.5629±0.0851      0.1806±0.0536                  —      0.4365±0.0106                  —      0.5278±0.0261      0.4695±0.0295      0.6094±0.1662      3
Isolation Forest                            cmapss:FD004     subset-FD004                  0.5579±0.0710      0.1702±0.0527                  —      0.6226±0.0978                  —      0.5059±0.0254      0.4209±0.0874      0.6588±0.0687      3
PCA reconstruction                          cmapss:FD004     subset-FD004                  0.5441±0.0768      0.1766±0.0754                  —      0.5020±0.1017                  —      0.4915±0.0480      0.4250±0.0207      0.6283±0.1574      3
moving-average residual                     cmapss:FD004     subset-FD004                  0.5377±0.0727      0.1656±0.0342                  —      0.8612±0.1465                  —      0.5028±0.0125      0.4717±0.0347      0.5311±0.0326      3
moving-average residual · 3 dead (imputed)  cmapss:FD004     subset-FD004                  0.5374±0.0722      0.1649±0.0331                  —                  —                  —      0.5053±0.0153      0.4703±0.0325      0.5334±0.0361      3
Isolation Forest                            cmapss:FD002     subset-FD002                  0.5357±0.1068      0.2067±0.1157                  —      0.6400±0.2143                  —      0.5244±0.0095      0.3423±0.1470      0.5887±0.1770      3
PC · structural-only score                  cmapss:FD001     K-2_leaf_components-1         0.5352±0.0097      0.1823±0.0093                  —                  —                  —      0.4856±0.0416      0.5252±0.0146      0.6466±0.0130      3
moving-average residual                     cmapss:FD002     subset-FD002                  0.5328±0.0645      0.1747±0.0379                  —      0.6797±0.0552                  —      0.4979±0.0282      0.4646±0.0347      0.5240±0.0361      3
moving-average residual · 3 dead (imputed)  cmapss:FD002     subset-FD002                  0.5310±0.0618      0.1734±0.0363                  —                  —                  —      0.4999±0.0298      0.4628±0.0321      0.5251±0.0373      3
PC · 3 dead (mean-imputed)                  cmapss:FD002     subset-FD002                  0.5208±0.0287      0.1815±0.0577                  —                  —                  —      0.5180±0.0099      0.4818±0.0482      0.5688±0.0998      3
PC · 3 dead (mean-imputed)                  cmapss:FD004     subset-FD004                  0.5092±0.0321      0.1706±0.0666                  —                  —                  —      0.5066±0.0191      0.4570±0.0176      0.5526±0.0714      3

=== calibration (mean ± sd over seeds) ===

method                                       dataset          variant                                picp               mpiw     interval_score               crps               rmse                mae              alpha          calib_err  seeds
-----------------------------------------------------------------------------------------------------------------------------------------------------------------------------------------------------------------------------------------------------
SurvivalPC + split conformal (cqr)           synthetic        default                       0.9586±0.1337    120.0031±3.6750    124.5327±11.8528     22.3695±0.0106     42.8666±0.0052     37.7562±0.0149      0.1000±0.0000                  —      1
SurvivalPC + split conformal (cqr)           cmapss:FD001     subset-FD001_alpha-0.1        0.9569±0.0098     56.0699±3.2961     64.8083±1.2343      7.9745±0.3218     19.1738±0.5583     14.6550±0.8320                  —                  —      3
SurvivalPC + split conformal (cqr) · a=0.10  cmapss:FD001     subset-FD001                  0.9568±0.0089     54.7977±3.3988     64.0002±1.0512      7.9016±0.3350     19.0453±0.6141     14.4877±0.9403      0.1000±0.0000                  —      5
SurvivalPC + split conformal (cqr) · a=0.20  cmapss:FD001     subset-FD001                  0.9568±0.0089     54.7977±3.3988     59.3989±2.1052      7.9016±0.3350     19.0453±0.6141     14.4877±0.9403      0.2000±0.0000                  —      5
SurvivalPC + split conformal (cqr) · a=0.10  cmapss:FD002     subset-FD002                  0.9544±0.0569    108.6566±2.4414    149.4881±54.2027     31.5539±23.6531     55.3838±32.5420     43.7835±21.0860      0.1000±0.0000                  —      2
SurvivalPC + split conformal (cqr) · a=0.20  cmapss:FD002     subset-FD002                  0.9544±0.0569    108.6566±2.4414    129.0724±25.8807     31.5539±23.6531     55.3838±32.5420     43.7835±21.0860      0.2000±0.0000                  —      2
quantile reg. + conformal (CQR)              synthetic        default                       0.9068±0.0030    145.9846±0.6928    185.7145±0.3484                  —     39.9020±0.2508                  —      0.1000±0.0000                  —      1
quantile reg. + conformal (CQR)              cmapss:FD001     subset-FD001_alpha-0.1        0.8276±0.0292     56.0554±2.4068     88.7859±3.8973                  —     19.5162±0.7129                  —                  —                  —      3
quantile reg. + conformal (CQR) · a=0.10     cmapss:FD001     subset-FD001                  0.8263±0.0280     54.5968±2.6254     87.0489±5.2468                  —     19.1720±0.8129                  —      0.1000±0.0000                  —      5
quantile reg. + conformal (CQR) · a=0.20     cmapss:FD001     subset-FD001                  0.7039±0.0538     42.1028±2.4589     71.7570±4.6328                  —     19.2822±0.8144                  —      0.2000±0.0000                  —      5
SurvivalPC + split conformal (pit)           synthetic        default                       0.5847±0.0000    112.4902±2.1025    154.0863±2.1025     22.3695±0.0106     42.8666±0.0052     37.7562±0.0149      0.1000±0.0000                  —      1
SurvivalPC (raw exact predictive)            synthetic        default                       0.5753±0.0130    110.0726±0.5477    153.1290±2.8473     22.3695±0.0106     42.8666±0.0052     37.7562±0.0149      0.1000±0.0000      0.1014±0.0012      1
quantile reg. + conformal (CQR) · a=0.10     cmapss:FD002     subset-FD002                  0.4476±0.6277   2207.1327±3023.3926  97314.7242±137491.6260                  —   7297.3037±10289.4476                  —      0.1000±0.0000                  —      2
SurvivalPC + split conformal (pit) · a=0.10  cmapss:FD002     subset-FD002                  0.4182±0.0245    106.0768±5.0610    173.0139±49.9116     31.5539±23.6531     55.3838±32.5420     43.7835±21.0860      0.1000±0.0000                  —      2
SurvivalPC (raw exact predictive) · a=0.10   cmapss:FD002     subset-FD002                  0.4145±0.0211    103.6566±2.4414    173.2956±55.3003     31.5539±23.6531     55.3838±32.5420     43.7835±21.0860      0.1000±0.0000      0.1618±0.0729      2
SurvivalPC (raw exact predictive) · a=0.20   cmapss:FD002     subset-FD002                  0.4145±0.0211    103.6566±2.4414    138.4761±26.4294     31.5539±23.6531     55.3838±32.5420     43.7835±21.0860      0.2000±0.0000      0.1618±0.0729      2
SurvivalPC + split conformal (pit) · a=0.20  cmapss:FD002     subset-FD002                  0.4020±0.0238     95.9514±3.9683    130.9437±23.5960     31.5539±23.6531     55.3838±32.5420     43.7835±21.0860      0.2000±0.0000                  —      2
SurvivalPC + split conformal (pit) · a=0.10  cmapss:FD001     subset-FD001                  0.3978±0.0129     57.5307±2.9243     91.2857±1.0988      7.9016±0.3350     19.0453±0.6141     14.4877±0.9403      0.1000±0.0000                  —      5
SurvivalPC + split conformal (pit)           cmapss:FD001     subset-FD001_alpha-0.1        0.3938±0.0055     56.9363±1.4370     91.5159±0.1400      7.9745±0.3218     19.1738±0.5583     14.6550±0.8320                  —                  —      3
quantile reg. + conformal (CQR) · a=0.20     cmapss:FD002     subset-FD002                  0.3935±0.5475   2065.8800±2849.1958  60448.0874±85376.1758                  —   8413.3193±11866.9715                  —      0.2000±0.0000                  —      2
SurvivalPC (raw exact predictive)            cmapss:FD001     subset-FD001_alpha-0.1        0.3807±0.0125     51.0699±3.2961     90.0619±0.6869      7.9745±0.3218     19.1738±0.5583     14.6550±0.8320                  —      0.2126±0.0122      3
SurvivalPC (raw exact predictive) · a=0.10   cmapss:FD001     subset-FD001                  0.3800±0.0103     49.7977±3.3988     89.2903±0.7875      7.9016±0.3350     19.0453±0.6141     14.4877±0.9403      0.1000±0.0000      0.2101±0.0091      5
SurvivalPC (raw exact predictive) · a=0.20   cmapss:FD001     subset-FD001                  0.3800±0.0103     49.7977±3.3988     69.5440±1.8889      7.9016±0.3350     19.0453±0.6141     14.4877±0.9403      0.2000±0.0000      0.2101±0.0091      5
SurvivalPC + split conformal (pit) · a=0.20  cmapss:FD001     subset-FD001                  0.3581±0.0220     47.0117±4.3409     69.8023±1.4492      7.9016±0.3350     19.0453±0.6141     14.4877±0.9403      0.2000±0.0000                  —      5

=== explain (mean ± sd over seeds) ===

method                           dataset          variant                           loc_auroc          prec_at_k       deletion_auc  max_residual_nats mean_residual_nats loc_auroc[decouple]  loc_auroc[desync]   loc_auroc[drift]  seeds
------------------------------------------------------------------------------------------------------------------------------------------------------------------------------------------------------------------------------------------
PC conditional (exact)           synthetic        shap_samples-32               0.9058±0.0134      0.7620±0.0451      0.4308±0.1215                  —                  —      0.6101±0.0634      0.8354±0.0837      0.9734±0.0079      5
PC conditional (exact)           synthetic        shap_samples-128              0.9058±0.0134      0.7620±0.0451      0.4308±0.1215                  —                  —      0.6101±0.0634      0.8354±0.0837      0.9734±0.0079      5
PC Shapley (exact conditionals)  synthetic        shap_samples-32               0.9040±0.0126      0.7608±0.0475      0.4506±0.1085                  —                  —      0.5994±0.0541      0.8176±0.0820      0.9770±0.0132      5
PC Shapley (exact conditionals)  synthetic        shap_samples-128              0.9040±0.0126      0.7608±0.0475      0.4506±0.1085                  —                  —      0.5994±0.0541      0.8176±0.0820      0.9770±0.0132      5
AE reconstruction (per channel)  synthetic        shap_samples-32               0.8821±0.0245      0.7124±0.0591      0.5450±0.0813                  —                  —      0.6581±0.0409      0.7929±0.0508      0.9311±0.0409      5
AE reconstruction (per channel)  synthetic        shap_samples-128              0.8821±0.0245      0.7124±0.0591      0.5450±0.0813                  —                  —      0.6581±0.0409      0.7929±0.0508      0.9311±0.0409      5
PC Shapley (exact conditionals)  cmapss:FD001     subset-FD001                  0.8804±0.0063      0.6897±0.0255      0.2542±0.0154                  —                  —      0.4846±0.0339      0.6754±0.0384      0.9899±0.0052      3
PC conditional (exact)           cmapss:FD001     subset-FD001                  0.8774±0.0073      0.6844±0.0168      0.2490±0.0147                  —                  —      0.4884±0.0313      0.6851±0.0362      0.9770±0.0097      3
Gaussian conditional (exact)     cmapss:FD001     subset-FD001                  0.8593±0.0080      0.6258±0.0075      0.4576±0.0943                  —                  —      0.4715±0.0378      0.7187±0.0228      0.9442±0.0025      3
PC marginal (exact)              cmapss:FD001     subset-FD001                  0.8576±0.0034      0.6067±0.0150      0.2590±0.0169                  —                  —      0.4797±0.0416      0.5099±0.0318      0.9800±0.0064      3
PC conditional (exact)           synthetic        default                       0.8469±0.0020      0.6722±0.0192      0.2256±0.0125                  —                  —      0.6885±0.0033      0.8690±0.0412      0.9412±0.0000      1
PC marginal (exact)              synthetic        shap_samples-32               0.8432±0.0122      0.5922±0.0270      0.4224±0.1353                  —                  —      0.5700±0.0457      0.5129±0.0507      0.9693±0.0191      5
PC marginal (exact)              synthetic        shap_samples-128              0.8432±0.0122      0.5922±0.0270      0.4224±0.1353                  —                  —      0.5700±0.0457      0.5129±0.0507      0.9693±0.0191      5
PC Shapley (exact conditionals)  synthetic        default                       0.8300±0.0049      0.6306±0.0096      0.2133±0.0071                  —                  —      0.7111±0.0058      0.8571±0.0000      0.8838±0.0049      1
z-score (per channel)            cmapss:FD001     subset-FD001                  0.8219±0.0085      0.5336±0.0073      0.5096±0.0433                  —                  —      0.4838±0.0409      0.4990±0.0231      0.9249±0.0005      3
z-score (per channel)            synthetic        default                       0.8194±0.0000      0.6111±0.0000      0.2099±0.0025                  —                  —      0.8120±0.0000      0.0000±0.0000      0.8151±0.0000      1
PC marginal (exact)              synthetic        default                       0.7966±0.0035      0.6056±0.0192      0.2561±0.0178                  —                  —      0.7236±0.0000      0.2857±0.0000      0.8004±0.0073      1
Gaussian conditional (exact)     synthetic        shap_samples-32               0.7793±0.0286      0.6850±0.0567      0.5909±0.0663                  —                  —      0.7682±0.0198      0.7458±0.0636      0.7954±0.0892      5
Gaussian conditional (exact)     synthetic        shap_samples-128              0.7793±0.0286      0.6850±0.0567      0.5909±0.0663                  —                  —      0.7682±0.0198      0.7458±0.0636      0.7954±0.0892      5
z-score (per channel)            synthetic        shap_samples-32               0.7760±0.0132      0.5225±0.0251      0.6411±0.0711                  —                  —      0.5338±0.0267      0.5051±0.0377      0.8643±0.0193      5
z-score (per channel)            synthetic        shap_samples-128              0.7760±0.0132      0.5225±0.0251      0.6411±0.0711                  —                  —      0.5338±0.0267      0.5051±0.0377      0.8643±0.0193      5
PC structural (exact)            synthetic        shap_samples-32               0.7699±0.0913      0.6221±0.0572      0.4998±0.1048                  —                  —      0.6410±0.1034      0.8661±0.0551      0.7607±0.1207      5
PC structural (exact)            synthetic        shap_samples-128              0.7699±0.0913      0.6221±0.0572      0.4998±0.1048                  —                  —      0.6410±0.1034      0.8661±0.0551      0.7607±0.1207      5
Gaussian conditional (exact)     synthetic        default                       0.7474±0.0000      0.5778±0.0000      0.3952±0.0125                  —                  —      0.7179±0.0000      1.0000±0.0000      0.7647±0.0000      1
PC structural (exact)            cmapss:FD001     subset-FD001                  0.7468±0.0139      0.4938±0.0116      0.7005±0.0153                  —                  —      0.5434±0.0359      0.7561±0.0451      0.8086±0.0283      3
AE reconstruction (per channel)  synthetic        default                       0.7387±0.0000      0.5000±0.0348      0.3339±0.0181                  —                  —      0.5584±0.0060      0.8571±0.0000      0.8277±0.0044      1
AE reconstruction (per channel)  cmapss:FD001     subset-FD001                  0.7326±0.0119      0.3703±0.0285      0.3081±0.0774                  —                  —      0.4860±0.0037      0.5526±0.0315      0.8244±0.0042      3
AE sampling-SHAP (32/ch)         cmapss:FD001     subset-FD001                  0.6658±0.0137      0.3033±0.0267      0.2857±0.0888                  —                  —      0.4925±0.0109      0.4748±0.0037      0.7468±0.0070      3
Gaussian conditional (exact)     cmapss:FD004     subset-FD004                  0.6266±0.1954      0.3304±0.2843      0.1536±0.1701                  —                  —      0.6292±0.2315      0.6135±0.2080      0.5997±0.1413      3
AE reconstruction (per channel)  cmapss:FD002     subset-FD002                  0.6198±0.1957      0.3121±0.2803      0.4168±0.3541                  —                  —      0.6340±0.2041      0.6135±0.1886      0.6080±0.1779      3
PC conditional (exact)           cmapss:FD004     subset-FD004                  0.6182±0.1922      0.2938±0.2525      0.0733±0.0441                  —                  —      0.5967±0.1507      0.5493±0.1347      0.6375±0.2029      3
AE reconstruction (per channel)  cmapss:FD004     subset-FD004                  0.6124±0.1968      0.3187±0.2843      0.1580±0.1762                  —                  —      0.6070±0.2207      0.5862±0.2047      0.5945±0.1711      3
PC conditional (exact)           cmapss:FD002     subset-FD002                  0.6123±0.2058      0.2920±0.2407      0.0621±0.0236                  —                  —      0.6150±0.1440      0.4465±0.2434      0.6372±0.2099      3
PC structural (exact)            cmapss:FD002     subset-FD002                  0.6049±0.1118      0.2716±0.1272      0.2180±0.2264                  —                  —      0.6492±0.1901      0.7139±0.2582      0.5497±0.1180      3
Gaussian conditional (exact)     cmapss:FD002     subset-FD002                  0.5949±0.1747      0.3087±0.2828      0.1359±0.0722                  —                  —      0.6585±0.1995      0.5967±0.1996      0.5553±0.1208      3
PC Shapley (exact conditionals)  cmapss:FD002     subset-FD002                  0.5853±0.2306      0.2809±0.2375      0.0630±0.0247                  —                  —      0.6174±0.1350      0.3106±0.3390      0.6395±0.2098      3
PC Shapley (exact conditionals)  cmapss:FD004     subset-FD004                  0.5841±0.2228      0.2869±0.2569      0.0734±0.0440                  —                  —      0.6059±0.1408      0.2916±0.3342      0.6384±0.2165      3
PC structural (exact)            cmapss:FD004     subset-FD004                  0.5809±0.1029      0.2441±0.1308      0.1413±0.1430                  —                  —      0.5836±0.1769      0.7870±0.0620      0.5190±0.1452      3
z-score (per channel)            cmapss:FD004     subset-FD004                  0.5735±0.2089      0.2735±0.2342      0.0566±0.0174                  —                  —      0.5297±0.0018      0.1695±0.2518      0.6652±0.2463      3
PC marginal (exact)              cmapss:FD002     subset-FD002                  0.5724±0.2291      0.2767±0.2417      0.1057±0.0878                  —                  —      0.5193±0.0391      0.1907±0.2393      0.6659±0.2520      3
z-score (per channel)            cmapss:FD002     subset-FD002                  0.5702±0.2288      0.2713±0.2459      0.0768±0.0200                  —                  —      0.4776±0.0489      0.1738±0.2547      0.6667±0.2456      3
PC marginal (exact)              cmapss:FD004     subset-FD004                  0.5658±0.1977      0.2664±0.2263      0.1234±0.1245                  —                  —      0.5204±0.0166      0.2064±0.2502      0.6536±0.2443      3
PC structural (exact)            synthetic        default                       0.5648±0.0020      0.3444±0.0000      0.3880±0.0130                  —                  —      0.3718±0.0049      1.0000±0.0000      0.7115±0.0097      1
AE sampling-SHAP (4/ch)          synthetic        default                       0.5156±0.0041      0.2278±0.0174      0.5789±0.0397                  —                  —      0.4387±0.0030      0.5714±0.0000      0.5924±0.0044      1
AE sampling-SHAP (32/ch)         synthetic        shap_samples-32               0.5127±0.0290      0.1317±0.0256      0.7692±0.0343                  —                  —      0.4701±0.0382      0.4926±0.0397      0.5004±0.0434      5
AE sampling-SHAP (128/ch)        synthetic        shap_samples-128              0.5103±0.0276      0.1293±0.0282      0.7684±0.0321                  —                  —      0.4661±0.0199      0.4878±0.0429      0.4954±0.0374      5
AE sampling-SHAP (32/ch)         cmapss:FD004     subset-FD004                  0.4490±0.0382      0.0960±0.0422      0.1777±0.2049                  —                  —      0.4561±0.0934      0.2906±0.0199      0.4876±0.0361      3
AE sampling-SHAP (32/ch)         cmapss:FD002     subset-FD002                  0.4444±0.0077      0.1056±0.0089      0.1935±0.1940                  —                  —      0.3623±0.1186      0.2381±0.1106      0.4936±0.0237      3
PC chain-rule completeness       cmapss:FD004     subset-FD004                              —                  —                  —   2.566e+12±2e+12    2.400e+11±2e+11                   —                  —                  —      3
PC chain-rule completeness       cmapss:FD002     subset-FD002                              —                  —                  —   1.466e+12±2e+12    1.208e+11±2e+11                   —                  —                  —      3
PC chain-rule completeness       cmapss:FD001     subset-FD001                              —                  —                  —   1.068e-04±1e-04    5.682e-06±3e-06                   —                  —                  —      3
PC chain-rule completeness       synthetic        default                                   —                  —                  —   3.815e-06±0e+00    1.013e-06±2e-07                   —                  —                  —      1
PC chain-rule completeness       synthetic        shap_samples-32                           —                  —                  —   3.052e-05±0e+00    1.987e-06±7e-07                   —                  —                  —      5
PC chain-rule completeness       synthetic        shap_samples-128                          —                  —                  —   3.052e-05±0e+00    1.987e-06±7e-07                   —                  —                  —      5

=== rul (mean ± sd over seeds) ===

method                                   dataset          variant                                rmse                mae               nasa               crps     interval_score               picp               mpiw          calib_err  seeds
-------------------------------------------------------------------------------------------------------------------------------------------------------------------------------------------------------------------------------------------------
SurvivalPC (exact censored lik.) [all]   cmapss:FD001     censor_frac-0.35             19.3441±0.6539     14.7369±0.7119   1.215e+05±1e+04       8.0793±0.3837     90.3090±0.3878      0.3791±0.0127     50.3618±3.1132      0.2058±0.0039      3
SurvivalPC (exact censored lik.) [all]   cmapss:FD001     censor_frac-0.2              19.4711±1.2883     15.1379±1.2477   1.004e+05±1e+04       8.0860±0.7468     90.0234±2.4910      0.3807±0.0118     50.5881±1.1603      0.2216±0.0013      3
SurvivalPC (drop censored) [all]         cmapss:FD001     censor_frac-0.2              19.8146±1.0552     15.8571±1.0363  77039.6382±15760.1527      8.2719±0.6261     90.9914±1.4155      0.3852±0.0108     52.4444±1.7765      0.2355±0.0060      3
SurvivalPC (exact censored lik.) [all]   cmapss:FD001     censor_frac-0.5              19.8169±1.6107     14.7762±1.7181   1.468e+05±2e+04       8.4035±0.8494     91.5010±2.4291      0.3705±0.0158     48.7840±7.2689      0.1981±0.0040      3
SurvivalPC (drop censored) [all]         cmapss:FD001     censor_frac-0.35             20.1498±1.2812     16.2484±1.3388  79769.0397±14153.9138      8.4345±0.6664     91.3938±1.2151      0.3936±0.0066     54.9701±2.8737      0.2318±0.0095      3
SurvivalPC (drop censored) [all]         cmapss:FD001     censor_frac-0.7              20.0581±1.6733     15.9332±1.9465   1.010e+05±4e+04       8.4433±0.8557     91.1748±1.5426      0.3881±0.0093     53.0237±5.7430      0.2262±0.0195      3
SurvivalPC (drop censored) [all]         cmapss:FD001     censor_frac-0.5              21.0346±2.4901     17.0821±2.4923  76022.7260±11641.7718      8.9307±1.3423     93.1449±2.8449      0.3906±0.0109     55.7606±5.8184      0.2388±0.0132      3
SurvivalPC (exact censored lik.) [all]   cmapss:FD001     censor_frac-0.7              20.5872±0.7083     14.0411±0.7460   2.310e+05±4e+04       9.0659±0.4652     98.5034±6.3937      0.3186±0.0313     37.9695±7.0795      0.2078±0.0052      3
SurvivalPC (drop censored) [last]        cmapss:FD001     censor_frac-0.2              18.8147±1.4127     14.1722±1.1936    983.3046±226.8655     10.2441±0.6754     70.9500±6.1010      0.7967±0.0208     56.2500±2.6754      0.0473±0.0133      3
SurvivalPC (drop censored) [last]        cmapss:FD001     censor_frac-0.35             19.4981±1.5232     14.6280±1.3160   1909.0286±933.6211     10.4442±0.6783     71.3167±5.9936      0.8233±0.0115     57.4833±3.7072      0.0597±0.0067      3
SurvivalPC (drop censored) [last]        cmapss:FD001     censor_frac-0.5              20.0167±2.3322     15.1139±2.0016   1970.4729±626.1225     10.8543±1.2403     75.9167±9.0239      0.8200±0.0173     57.9167±5.6583      0.0463±0.0147      3
SurvivalPC (drop censored) [last]        cmapss:FD001     censor_frac-0.7              20.0215±0.9706     15.3291±0.6731   1809.6162±904.5888     10.9434±0.1196     73.0333±6.2977      0.7900±0.0265     54.8000±6.8361      0.0743±0.0329      3
SurvivalPC (exact censored lik.) [last]  cmapss:FD001     censor_frac-0.2              20.1947±1.4088     14.8772±1.6698   2226.1344±553.9813     10.9930±0.7900     72.5833±8.0670      0.7933±0.0462     56.2500±1.5207      0.0647±0.0095      3
SurvivalPC (exact censored lik.) [last]  cmapss:FD001     censor_frac-0.35             19.8047±1.0538     14.3640±1.0583   2443.5453±1205.8624     11.0300±0.6830     72.8667±1.5185      0.7900±0.0100     55.5667±2.9582      0.0940±0.0096      3
SurvivalPC (exact censored lik.)         synthetic        censor_frac-0.2              24.2079±2.8304     18.6596±1.3044  69095.0601±63372.9912     11.5637±2.1806    113.4879±12.0665      0.5078±0.0232     60.5794±7.5033      0.1729±0.0458      3
SurvivalPC (drop censored)               synthetic        censor_frac-0.7              24.3856±2.8192     19.4163±3.0479  35188.2641±19212.7403     11.5978±1.6119    105.2078±6.5340      0.5205±0.0219     63.2851±10.7844      0.1174±0.0042      3
SurvivalPC (drop censored)               synthetic        censor_frac-0.2              24.4297±2.1692     19.1154±1.2409  58314.7869±50873.7194     11.6007±1.7108    110.1518±8.2112      0.5127±0.0262     61.1316±8.1690      0.1804±0.0558      3
SurvivalPC (drop censored)               synthetic        censor_frac-0.5              24.3817±1.3970     18.9474±1.8901  39108.3301±25387.3908     11.6614±0.8337    107.9421±2.6742      0.5192±0.0267     60.1072±5.6107      0.1591±0.0770      3
SurvivalPC (exact censored lik.)         synthetic        censor_frac-0.5              23.8848±2.0650     17.3198±1.0053  61966.7934±33807.2842     11.7367±1.2392    120.6310±19.0200      0.4670±0.0596     49.8361±11.9586      0.1466±0.0334      3
SurvivalPC (exact censored lik.) [last]  cmapss:FD001     censor_frac-0.5              21.0923±2.4422     15.6177±1.6902   2649.9649±2162.9285     12.0841±1.4403     77.3167±8.8778      0.7967±0.0321     55.3500±6.8886      0.1117±0.0059      3
SurvivalPC (drop censored)               synthetic        censor_frac-0.35             25.4363±2.4431     20.2394±2.0105  38727.7439±22397.2520     12.5511±1.3982    112.4345±16.3874      0.4964±0.0422     58.9774±3.4407      0.1612±0.0515      3
SurvivalPC (exact censored lik.)         synthetic        censor_frac-0.35             25.4978±1.9715     19.4383±1.8607  56467.5863±21878.8181     12.6530±1.0091    109.6550±9.1080      0.4872±0.0216     56.1654±5.1996      0.1488±0.0292      3
SurvivalPC (exact censored lik.)         synthetic        censor_frac-0.7              27.3042±3.6108     19.2232±2.5330   1.002e+05±7e+04      13.9321±2.4345    152.4701±19.1929      0.4057±0.0113     41.7977±2.6675      0.1474±0.0063      3
SurvivalPC (exact censored lik.) [last]  cmapss:FD001     censor_frac-0.7              24.3149±0.5951     17.8190±0.3276   4429.3848±1548.4200     14.3318±0.3238     91.5500±10.2734      0.7067±0.0379     47.8167±4.3538      0.1693±0.0085      3
SurvivalPC (exact censored lik.)         synthetic        default                      40.5423±0.1748     36.0422±0.1000  79092.0934±5346.9895     20.6341±0.1205    154.6269±0.0530      0.5847±0.0000    113.0308±0.0530      0.1048±0.0001      1
SurvivalPC (drop censored)               synthetic        default                      40.7541±0.1314     36.4291±0.1077  67014.6108±2301.0845     20.6396±0.1022    155.8459±0.0707      0.5847±0.0000    114.2498±0.0707      0.1018±0.0018      1
MLP regressor                            synthetic        censor_frac-0.2              27.7193±1.7036     21.6046±1.2951   1.570e+05±2e+05                   —                  —                  —                  —                  —      3
MLP regressor                            synthetic        censor_frac-0.35             29.1574±2.0288     23.1947±1.9320  55497.0594±12302.7979                  —                  —                  —                  —                  —      3
MLP regressor                            synthetic        censor_frac-0.5              31.1610±1.3452     24.5434±1.3362  62283.2640±25334.4207                  —                  —                  —                  —                  —      3
MLP regressor                            synthetic        censor_frac-0.7              32.6593±4.0857     25.7257±3.4900   8.199e+05±1e+06                   —                  —                  —                  —                  —      3
MLP regressor                            synthetic        default                      33.8904±0.0817     27.4534±0.0641   1.676e+05±2e+04                   —                  —                  —                  —                  —      1
MLP regressor [all]                      cmapss:FD001     censor_frac-0.2              17.8999±0.8406     14.0470±0.6434  33142.2033±3691.5423                  —                  —                  —                  —                  —      3
MLP regressor [all]                      cmapss:FD001     censor_frac-0.35             18.2891±0.3084     14.3392±0.2638  37931.6195±1681.1539                  —                  —                  —                  —                  —      3
MLP regressor [all]                      cmapss:FD001     censor_frac-0.5              18.9786±0.3506     14.9165±0.3378  43313.9459±4093.2745                  —                  —                  —                  —                  —      3
MLP regressor [all]                      cmapss:FD001     censor_frac-0.7              20.0430±0.4860     15.8311±0.4108  49528.5436±7382.3949                  —                  —                  —                  —                  —      3
MLP regressor [last]                     cmapss:FD001     censor_frac-0.2              17.4625±0.4178     13.0562±0.5921    675.7518±100.1038                  —                  —                  —                  —                  —      3
MLP regressor [last]                     cmapss:FD001     censor_frac-0.35             18.1233±0.4378     13.2383±0.5356    827.7861±95.2429                  —                  —                  —                  —                  —      3
MLP regressor [last]                     cmapss:FD001     censor_frac-0.5              18.9633±0.8245     13.6972±0.7003    898.2415±156.9609                  —                  —                  —                  —                  —      3
MLP regressor [last]                     cmapss:FD001     censor_frac-0.7              19.6741±1.2734     14.7211±0.8933   1147.9622±316.7267                  —                  —                  —                  —                  —      3
PC · 3 dead sensors                      synthetic        default                                   —                  —                  —                  —                  —                  —                  —                  —      1
quantile reg. + conformal (CQR)          synthetic        censor_frac-0.2              27.9271±1.3948     21.4548±0.8079   2.110e+05±2e+05                   —    127.1654±7.3165      0.8252±0.0339     79.4700±8.7451                  —      3
quantile reg. + conformal (CQR)          synthetic        censor_frac-0.35             30.7247±2.0168     24.1553±1.9883  73821.3600±15446.5641                  —    145.5133±17.5256      0.8295±0.0523     89.0170±12.7513                  —      3
quantile reg. + conformal (CQR)          synthetic        censor_frac-0.5              34.6334±1.9680     27.4220±1.8876  97662.2736±26761.9259                  —    165.6866±27.8216      0.8044±0.0315     90.9701±4.8243                  —      3
quantile reg. + conformal (CQR)          synthetic        censor_frac-0.7              35.1411±4.5303     27.2457±3.9253   3.506e+05±4e+05                   —    171.4526±33.0495      0.9090±0.0355    130.1725±9.3585                  —      3
quantile reg. + conformal (CQR)          synthetic        default                      37.3554±0.0262     29.6940±0.0345   2.850e+05±3e+03                   —    174.3147±0.2550      0.9237±0.0000    142.1070±0.5750                  —      1
quantile reg. + conformal (CQR) [all]    cmapss:FD001     censor_frac-0.2              18.1105±0.1182     14.2564±0.1098  30117.1700±1278.7796                  —     80.5062±3.1691      0.7948±0.0293     48.8550±1.4253                  —      3
quantile reg. + conformal (CQR) [all]    cmapss:FD001     censor_frac-0.35             18.5743±0.6170     14.6569±0.5730  32832.6502±461.3298                  —     83.5719±2.4312      0.8070±0.0191     50.3703±2.3155                  —      3
quantile reg. + conformal (CQR) [all]    cmapss:FD001     censor_frac-0.5              19.5212±0.2685     15.4189±0.2920  39974.6302±1228.9159                  —     86.3314±3.0086      0.8337±0.0073     55.2660±0.1600                  —      3
quantile reg. + conformal (CQR) [all]    cmapss:FD001     censor_frac-0.7              20.8636±0.5789     16.5897±0.4364  54439.9182±11259.7994                  —     96.5649±6.7176      0.8155±0.0430     58.6079±5.9862                  —      3
quantile reg. + conformal (CQR) [last]   cmapss:FD001     censor_frac-0.2              17.0166±0.3115     12.1936±0.3419    691.3404±19.8756                  —     77.6447±4.2528      0.8700±0.0200     47.4467±0.2383                  —      3
quantile reg. + conformal (CQR) [last]   cmapss:FD001     censor_frac-0.35             17.0392±0.1483     12.2858±0.1044    670.5570±104.4010                  —     78.2312±1.3660      0.8900±0.0200     48.3795±0.7115                  —      3
quantile reg. + conformal (CQR) [last]   cmapss:FD001     censor_frac-0.5              18.5872±0.8049     13.8037±0.6953    940.4795±129.7461                  —     79.4773±2.8716      0.8833±0.0404     52.3512±0.9391                  —      3
quantile reg. + conformal (CQR) [last]   cmapss:FD001     censor_frac-0.7              19.8371±1.1044     15.3150±1.4319   1021.0458±209.2724                  —     82.3010±2.7711      0.8867±0.0321     55.9820±4.6462                  —      3
ridge regression                         synthetic        censor_frac-0.2              24.8893±1.7934     20.1340±1.2263  35781.3299±27811.3815                  —                  —                  —                  —                  —      3
ridge regression                         synthetic        censor_frac-0.35             25.2972±2.3481     20.8518±2.0542  21379.8625±7448.7117                  —                  —                  —                  —                  —      3
ridge regression                         synthetic        censor_frac-0.5              25.9101±2.5233     21.0210±2.8970  22193.9559±11298.8593                  —                  —                  —                  —                  —      3
ridge regression                         synthetic        censor_frac-0.7              25.9454±3.3036     20.8113±2.2890  43081.8125±41472.3212                  —                  —                  —                  —                  —      3
ridge regression                         synthetic        default                      25.0151±0.0000     20.5571±0.0000   6980.4418±0.0000                  —                  —                  —                  —                  —      1
ridge regression [all]                   cmapss:FD001     censor_frac-0.2              18.2775±0.1812     14.7857±0.1676  28847.8878±109.1182                  —                  —                  —                  —                  —      3
ridge regression [all]                   cmapss:FD001     censor_frac-0.35             18.2509±0.3492     14.7818±0.3605  29362.5361±463.5760                  —                  —                  —                  —                  —      3
ridge regression [all]                   cmapss:FD001     censor_frac-0.5              18.3192±0.1276     14.8294±0.0447  29691.5598±1087.8205                  —                  —                  —                  —                  —      3
ridge regression [all]                   cmapss:FD001     censor_frac-0.7              19.0356±0.6509     15.3340±0.6640  35156.8697±1694.4448                  —                  —                  —                  —                  —      3
ridge regression [last]                  cmapss:FD001     censor_frac-0.2              17.8203±0.0851     14.4796±0.1234    586.6905±5.7305                  —                  —                  —                  —                  —      3
ridge regression [last]                  cmapss:FD001     censor_frac-0.35             17.7795±0.3436     14.3929±0.3268    604.3683±42.3619                  —                  —                  —                  —                  —      3
ridge regression [last]                  cmapss:FD001     censor_frac-0.5              17.8951±0.8769     14.3924±0.6041    608.2153±82.7251                  —                  —                  —                  —                  —      3
ridge regression [last]                  cmapss:FD001     censor_frac-0.7              18.8759±1.0601     15.0003±0.6014    741.5402±186.0560                  —                  —                  —                  —                  —      3

=== rul_partial (mean ± sd over seeds) ===

method                       dataset          variant                           crps_full crps_exact_marginal       crps_imputed          rmse_full rmse_exact_marginal       rmse_imputed picp_exact_marginal       picp_imputed  seeds
----------------------------------------------------------------------------------------------------------------------------------------------------------------------------------------------------------------------------------------
PC · 3 dead sensors          cmapss:FD001     censor_frac-0.2               8.0860±0.7468      8.1762±0.7089     28.8691±14.3303     19.4711±1.2883     19.6140±1.2224     49.4006±14.6104      0.3813±0.0120      0.3480±0.1495      3
PC · 3 dead sensors          cmapss:FD001     censor_frac-0.35              8.0793±0.3837      8.2429±0.4198     22.3941±11.1517     19.3441±0.6539     19.6402±0.7063     41.6258±14.4997      0.3773±0.0108      0.3075±0.1517      3
PC · 3 dead sensors          cmapss:FD001     censor_frac-0.5               8.4035±0.8494      8.5170±0.8033     15.7543±4.5552     19.8169±1.6107     20.0185±1.5355     33.4131±8.2638      0.3673±0.0153      0.4067±0.0438      3
PC · 3 dead sensors          cmapss:FD001     censor_frac-0.7               9.0659±0.4652      9.1444±0.4719     14.9713±0.9335     20.5872±0.7083     20.7209±0.7111     32.6850±1.4340      0.3180±0.0331      0.4289±0.0025      3
PC · 3 dead sensors          synthetic        censor_frac-0.2              11.5637±2.1806     11.8325±1.8598     12.1537±1.6578     24.2079±2.8304     24.8367±2.2636     25.3573±2.0162      0.5039±0.0223      0.4971±0.0296      3
PC · 3 dead sensors          synthetic        censor_frac-0.5              11.7367±1.2392     12.0502±1.1599     12.8711±1.9495     23.8848±2.0650     24.5127±1.9301     25.6749±3.0031      0.4718±0.0548      0.4382±0.0929      3
PC · 3 dead sensors          synthetic        censor_frac-0.35             12.6530±1.0091     13.2130±0.7439     13.5590±0.4606     25.4978±1.9715     26.4196±1.4629     26.9094±0.8067      0.4828±0.0207      0.4592±0.0200      3
PC · 3 dead sensors          synthetic        censor_frac-0.7              13.9321±2.4345     14.1977±2.1479     16.2761±4.9623     27.3042±3.6108     27.6567±3.1598     30.7706±7.4110      0.3977±0.0107      0.3734±0.0190      3
PC · 3 dead sensors          synthetic        default                      20.5993±0.0000     20.7284±0.0000     20.9105±0.0000     40.4918±0.0000     40.7058±0.0000     40.9235±0.0000      0.5847±0.0000      0.5847±0.0000      1

=== scaling (mean ± sd over seeds) ===

method                       variant                                   d         dag_leaves         dag_params        dag_build_s          dag_fwd_s        tree_leaves        tree_params       tree_build_s  seeds
--------------------------------------------------------------------------------------------------------------------------------------------------------------------------------------------------------------------
d=8                          K-4                           8.0000±0.0000     32.0000±0.0000    464.0000±0.0000      0.0043±0.0000      0.0968±0.0000    512.0000±0.0000   1316.0000±0.0000      0.0437±0.0000      1
d=8                          K-6                           8.0000±0.0000     48.0000±0.0000   1428.0000±0.0000      0.0144±0.0000      0.0067±0.0000   1728.0000±0.0000   4398.0000±0.0000      0.0602±0.0000      1
d=16                         K-4                          16.0000±0.0000     64.0000±0.0000   1040.0000±0.0000      0.0071±0.0000      0.0067±0.0000   4096.0000±0.0000  10532.0000±0.0000      0.2244±0.0000      1
d=16                         K-6                          16.0000±0.0000     96.0000±0.0000   3252.0000±0.0000      0.0148±0.0000      0.0124±0.0000  20736.0000±0.0000  52782.0000±0.0000      1.1960±0.0000      1
d=32                         K-4                          32.0000±0.0000    128.0000±0.0000   2192.0000±0.0000      0.0154±0.0000      0.0139±0.0000  32768.0000±0.0000  84260.0000±0.0000      1.9560±0.0000      1
d=32                         K-6                          32.0000±0.0000    192.0000±0.0000   6900.0000±0.0000      0.0307±0.0000      0.0251±0.0000   2.488e+05±0e+00    6.334e+05±0e+00      16.2064±0.0000      1
d=64                         K-4                          64.0000±0.0000    256.0000±0.0000   4496.0000±0.0000      0.0308±0.0000      0.0282±0.0000   2.621e+05±0e+00    6.741e+05±0e+00      20.2020±0.0000      1
d=64                         K-6                          64.0000±0.0000    384.0000±0.0000  14196.0000±0.0000      0.0620±0.0000      0.0512±0.0000                  —                  —                  —      1
d=112                        K-4                         112.0000±0.0000    448.0000±0.0000   7952.0000±0.0000      0.0545±0.0000      0.0499±0.0000                  —                  —                  —      1
d=112                        K-6                         112.0000±0.0000    672.0000±0.0000  25140.0000±0.0000      0.1152±0.0000      0.0904±0.0000                  —                  —                  —      1
d=256                        K-4                         256.0000±0.0000   1024.0000±0.0000  18320.0000±0.0000      0.1315±0.0000      0.1159±0.0000                  —                  —                  —      1
d=256                        K-6                         256.0000±0.0000   1536.0000±0.0000  57972.0000±0.0000      0.2529±0.0000      0.2083±0.0000                  —                  —                  —      1
d=1024                       K-4                        1024.0000±0.0000   4096.0000±0.0000  73616.0000±0.0000      0.5191±0.0000      0.4684±0.0000                  —                  —                  —      1
d=1024                       K-6                        1024.0000±0.0000   6144.0000±0.0000   2.331e+05±0e+00       1.3709±0.0000      0.8461±0.0000                  —                  —                  —      1

wrote logs/ts/summary.csv, summary.json, summary.md


######################################################################
# logs/ts/_console
######################################################################
no results.jsonl found under logs/ts/_console

######################################################################
# logs/ts/capacity_sweep
######################################################################

=== ad (mean ± sd over seeds) ===

method                       variant                               auroc                 ap          train_nll              fit_s             params    auroc[decouple]      auroc[desync]       auroc[drift]  seeds
--------------------------------------------------------------------------------------------------------------------------------------------------------------------------------------------------------------------
RegionGraphPC [chain, K=16]  K-16_leaf_components-1        0.8427±0.0079      0.7058±0.0246    138.2367±15.7481     15.4138±2.3366  88704.0000±0.0000      0.5137±0.0286      0.7090±0.0062      0.9976±0.0029      3
RegionGraphPC [chain, K=12]  K-12_leaf_components-1        0.8396±0.0073      0.7020±0.0217    139.0887±14.3188      9.4457±0.0625  41328.0000±0.0000      0.5058±0.0359      0.7027±0.0056      0.9974±0.0030      3
RegionGraphPC [chain, K=8]   K-8_leaf_components-1         0.8379±0.0052      0.6954±0.0168    145.4378±9.3450      8.2276±0.0765  15360.0000±0.0000      0.5113±0.0380      0.6935±0.0124      0.9972±0.0029      3
RegionGraphPC [chain, K=8]   K-8_leaf_components-3         0.8366±0.0046      0.6834±0.0063    129.0866±1.5622      8.6249±0.1204  32160.0000±0.0000      0.5188±0.0426      0.6982±0.0325      0.9977±0.0014      3
RegionGraphPC [chain, K=6]   K-6_leaf_components-3         0.8351±0.0029      0.6809±0.0037    137.0268±1.0148      8.0848±0.0549  20844.0000±0.0000      0.5186±0.0434      0.6927±0.0248      0.9976±0.0014      3
RegionGraphPC [chain, K=12]  K-12_leaf_components-3        0.8345±0.0037      0.6814±0.0062    122.4494±0.1818     13.2169±2.1957  66528.0000±0.0000      0.5108±0.0348      0.7010±0.0268      0.9982±0.0011      3
RegionGraphPC [chain, K=6]   K-6_leaf_components-1         0.8334±0.0067      0.6825±0.0068    151.1008±4.3211      7.8720±0.0554   8244.0000±0.0000      0.5032±0.0479      0.6839±0.0092      0.9971±0.0023      3
RegionGraphPC [chain, K=16]  K-16_leaf_components-3        0.8314±0.0046      0.6801±0.0050    116.7241±1.6928     16.6623±0.1223   1.223e+05±0e+00       0.5080±0.0338      0.6904±0.0258      0.9981±0.0012      3
RegionGraphPC [chain, K=4]   K-4_leaf_components-3         0.8289±0.0076      0.6676±0.0075    147.4821±1.2918      7.7797±0.0356  12288.0000±0.0000      0.5034±0.0459      0.6813±0.0251      0.9968±0.0020      3
RegionGraphPC [chain, K=4]   K-4_leaf_components-1         0.8273±0.0058      0.6649±0.0103    158.8639±0.7939      7.5169±0.1005   3888.0000±0.0000      0.5075±0.0386      0.6680±0.0340      0.9960±0.0027      3
PC · structural-only score   K-16_leaf_components-1        0.8138±0.0194      0.6369±0.0432                  —                  —                  —      0.5113±0.0094      0.7656±0.0091      0.9790±0.0194      3
PC · structural-only score   K-12_leaf_components-1        0.8073±0.0233      0.6305±0.0432                  —                  —                  —      0.4984±0.0075      0.7750±0.0209      0.9754±0.0206      3
RegionGraphPC [chain, K=2]   K-2_leaf_components-3         0.8070±0.0057      0.6240±0.0092    168.5716±0.7918      7.4698±0.2709   5628.0000±0.0000      0.4977±0.0441      0.6345±0.0463      0.9922±0.0047      3
PC · structural-only score   K-8_leaf_components-1         0.7936±0.0166      0.6101±0.0344                  —                  —                  —      0.4948±0.0194      0.7521±0.0035      0.9737±0.0209      3
PC · structural-only score   K-6_leaf_components-1         0.7813±0.0084      0.5847±0.0182                  —                  —                  —      0.4961±0.0107      0.7612±0.0190      0.9599±0.0096      3
PC · structural-only score   K-16_leaf_components-3        0.7758±0.0084      0.5860±0.0077                  —                  —                  —      0.5041±0.0541      0.7308±0.0009      0.9721±0.0083      3
PC · structural-only score   K-12_leaf_components-3        0.7660±0.0102      0.5745±0.0159                  —                  —                  —      0.4710±0.0126      0.7410±0.0146      0.9683±0.0095      3
PC · structural-only score   K-6_leaf_components-3         0.7562±0.0049      0.5762±0.0068                  —                  —                  —      0.4957±0.0360      0.7539±0.0168      0.9595±0.0094      3
PC · structural-only score   K-4_leaf_components-3         0.7544±0.0108      0.5632±0.0046                  —                  —                  —      0.4743±0.0201      0.7539±0.0094      0.9545±0.0153      3
PC · structural-only score   K-4_leaf_components-1         0.7536±0.0026      0.5524±0.0090                  —                  —                  —      0.4905±0.0161      0.7604±0.0038      0.9389±0.0108      3
PC · structural-only score   K-8_leaf_components-3         0.7502±0.0049      0.5631±0.0102                  —                  —                  —      0.4864±0.0181      0.7377±0.0161      0.9545±0.0141      3
PC · structural-only score   K-2_leaf_components-3         0.7433±0.0036      0.5336±0.0079                  —                  —                  —      0.4905±0.0161      0.7309±0.0039      0.9323±0.0140      3
RegionGraphPC [chain, K=2]   K-2_leaf_components-1         0.7424±0.0059      0.4786±0.0088    242.8973±1.2931      7.4663±0.3889   1428.0000±0.0000      0.5045±0.0162      0.5386±0.0175      0.9386±0.0075      3
PC · structural-only score   K-2_leaf_components-1         0.5352±0.0097      0.1823±0.0093                  —                  —                  —      0.4856±0.0416      0.5252±0.0146      0.6466±0.0130      3

wrote logs/ts/capacity_sweep/summary.csv, summary.json, summary.md


######################################################################
# logs/ts/cmapss_ad
######################################################################

=== ad (mean ± sd over seeds) ===

method                                      dataset          variant                               auroc                 ap          train_nll              fit_s             params    auroc[decouple]      auroc[desync]       auroc[drift]  seeds
----------------------------------------------------------------------------------------------------------------------------------------------------------------------------------------------------------------------------------------------------
Mahalanobis                                 cmapss:FD003     subset-FD003                  0.8529±0.0034      0.6554±0.0117                  —      0.6172±0.0675                  —      0.5423±0.0242      0.7739±0.0108      0.9924±0.0020      3
conv autoencoder                            cmapss:FD003     subset-FD003                  0.8459±0.0034      0.6918±0.0099                  —      2.7317±1.6411                  —      0.5291±0.0162      0.7597±0.0131      0.9933±0.0025      3
GMM (8 comp.)                               cmapss:FD003     subset-FD003                  0.8381±0.0064      0.5955±0.0269                  —      8.1170±4.0365                  —      0.5341±0.0151      0.7654±0.0120      0.9822±0.0027      3
RegionGraphPC [chain, K=8]                  cmapss:FD001     subset-FD001                  0.8378±0.0044      0.6954±0.0140    145.4097±7.8281     77.4306±166.1392  15360.0000±0.0000      0.5113±0.0320      0.6934±0.0101      0.9972±0.0024      3
PC · 3 dead (exact marginal)                cmapss:FD001     subset-FD001                  0.8302±0.0046      0.6879±0.0163                  —                  —                  —      0.5155±0.0433      0.6842±0.0166      0.9929±0.0040      3
1-NN distance                               cmapss:FD003     subset-FD003                  0.8301±0.0071      0.4709±0.0175                  —      0.3224±0.0370                  —      0.5342±0.0133      0.7341±0.0190      0.9639±0.0026      3
Mahalanobis                                 cmapss:FD001     subset-FD001                  0.8246±0.0011      0.6537±0.0030                  —      0.3604±0.0069                  —      0.5171±0.0319      0.7134±0.0353      0.9974±0.0014      3
GMM (8 comp.)                               cmapss:FD001     subset-FD001                  0.8200±0.0205      0.6294±0.0444                  —      1.2946±0.4865                  —      0.5058±0.0312      0.7061±0.0444      0.9955±0.0015      3
conv autoencoder                            cmapss:FD001     subset-FD001                  0.8115±0.0131      0.6638±0.0119                  —      1.5010±0.3701                  —      0.5002±0.0304      0.6792±0.0280      0.9918±0.0058      3
RegionGraphPC [chain, K=8]                  cmapss:FD003     subset-FD003                  0.8088±0.0334      0.5848±0.1031    110.9217±63.6534    137.6511±316.0926  15680.0000±0.0000      0.5251±0.0288      0.6872±0.0660      0.9816±0.0177      3
z-score (per channel) · 3 dead (imputed)    cmapss:FD001     subset-FD001                  0.7971±0.0051      0.6663±0.0090                  —                  —                  —      0.4836±0.0195      0.5160±0.0179      0.9811±0.0070      3
PC · structural-only score                  cmapss:FD003     subset-FD003                  0.7927±0.0322      0.5277±0.0795                  —                  —                  —      0.5147±0.0203      0.7503±0.0696      0.9680±0.0104      3
PC · structural-only score                  cmapss:FD001     subset-FD001                  0.7926±0.0169      0.6096±0.0312                  —                  —                  —      0.4939±0.0151      0.7526±0.0033      0.9723±0.0203      3
PC · 3 dead (exact marginal)                cmapss:FD003     subset-FD003                  0.7916±0.0357      0.5561±0.1033                  —                  —                  —      0.5245±0.0296      0.6639±0.0719      0.9715±0.0235      3
1-NN distance                               cmapss:FD001     subset-FD001                  0.7837±0.0012      0.4460±0.0090                  —      0.1672±0.0131                  —      0.5001±0.0203      0.6202±0.0264      0.9648±0.0050      3
Deep SVDD                                   cmapss:FD003     subset-FD003                  0.7683±0.0049      0.5062±0.0207                  —      0.2459±0.1381                  —      0.5176±0.0056      0.6535±0.0108      0.9592±0.0111      3
z-score (per channel)                       cmapss:FD003     subset-FD003                  0.7670±0.0083      0.3269±0.0150                  —      0.0615±0.0138                  —      0.5159±0.0103      0.5533±0.0110      0.8894±0.0024      3
PCA reconstruction                          cmapss:FD003     subset-FD003                  0.7587±0.0086      0.2982±0.0128                  —      0.2148±0.0439                  —      0.5185±0.0110      0.6328±0.0132      0.9147±0.0032      3
z-score (per channel) · 3 dead (imputed)    cmapss:FD003     subset-FD003                  0.7519±0.0086      0.3128±0.0139                  —                  —                  —      0.5122±0.0088      0.5546±0.0186      0.8799±0.0098      3
moving-average residual                     cmapss:FD003     subset-FD003                  0.7449±0.0068      0.4424±0.0177                  —      0.3435±0.0316                  —      0.5527±0.0091      0.5380±0.0154      0.8158±0.0122      3
PC · 3 dead (mean-imputed)                  cmapss:FD003     subset-FD003                  0.7445±0.0190      0.3691±0.0160                  —                  —                  —      0.5240±0.0223      0.5996±0.0469      0.9200±0.0065      3
PCA reconstruction                          cmapss:FD001     subset-FD001                  0.7424±0.0010      0.4517±0.0040                  —      0.1159±0.0139                  —      0.5026±0.0219      0.6086±0.0274      0.9540±0.0126      3
Deep SVDD                                   cmapss:FD001     subset-FD001                  0.7270±0.0096      0.4850±0.0195                  —      0.1308±0.0203                  —      0.5044±0.0189      0.5884±0.0079      0.9324±0.0190      3
moving-average residual · 3 dead (imputed)  cmapss:FD003     subset-FD003                  0.7183±0.0113      0.4045±0.0166                  —                  —                  —      0.5447±0.0074      0.5396±0.0317      0.7782±0.0213      3
diagonal Gaussian                           cmapss:FD001     subset-FD001                  0.7147±0.0056      0.3861±0.0038                  —      0.0847±0.0075                  —      0.5054±0.0116      0.5303±0.0203      0.8903±0.0119      3
diagonal Gaussian                           cmapss:FD003     subset-FD003                  0.7125±0.0148      0.2924±0.0157                  —      0.1548±0.0418                  —      0.5106±0.0114      0.5558±0.0200      0.8617±0.0112      3
diagonal Gaussian · 3 dead (imputed)        cmapss:FD001     subset-FD001                  0.7107±0.0063      0.3769±0.0071                  —                  —                  —      0.5079±0.0077      0.5322±0.0214      0.8801±0.0093      3
diagonal Gaussian · 3 dead (imputed)        cmapss:FD003     subset-FD003                  0.7090±0.0145      0.2875±0.0154                  —                  —                  —      0.5102±0.0084      0.5582±0.0242      0.8584±0.0145      3
Isolation Forest                            cmapss:FD001     subset-FD001                  0.7081±0.0044      0.3799±0.0068                  —      0.2093±0.0075                  —      0.5090±0.0145      0.5673±0.0191      0.9042±0.0117      3
moving-average residual                     cmapss:FD001     subset-FD001                  0.7015±0.0150      0.4883±0.0183                  —      0.2111±0.0032                  —      0.5210±0.0253      0.4880±0.0297      0.7885±0.0282      3
PC · 3 dead (mean-imputed)                  cmapss:FD001     subset-FD001                  0.6905±0.0341      0.3395±0.0741                  —                  —                  —      0.4961±0.0206      0.5468±0.0193      0.8362±0.0628      3
Isolation Forest                            cmapss:FD003     subset-FD003                  0.6898±0.0137      0.2827±0.0151                  —      0.3187±0.0743                  —      0.5118±0.0101      0.5814±0.0133      0.8596±0.0181      3
moving-average residual · 3 dead (imputed)  cmapss:FD001     subset-FD001                  0.6885±0.0222      0.4494±0.0258                  —                  —                  —      0.5247±0.0400      0.4975±0.0410      0.7465±0.0357      3
z-score (per channel)                       cmapss:FD001     subset-FD001                  0.6641±0.0028      0.3186±0.0165                  —      0.0328±0.0019                  —      0.4926±0.0176      0.5103±0.0171      0.7037±0.0104      3
conv autoencoder                            cmapss:FD002     subset-FD002                  0.6603±0.2421      0.4013±0.4036                  —      4.5928±0.4398                  —      0.6541±0.2269      0.6209±0.2757      0.6707±0.2548      3
GMM (8 comp.)                               cmapss:FD002     subset-FD002                  0.6585±0.2340      0.3963±0.3880                  —     10.6693±2.4879                  —      0.6595±0.2158      0.6207±0.2734      0.6687±0.2558      3
Mahalanobis                                 cmapss:FD002     subset-FD002                  0.6578±0.2302      0.3906±0.3791                  —      1.9543±0.5383                  —      0.6519±0.2109      0.6218±0.2699      0.6687±0.2554      3
GMM (8 comp.)                               cmapss:FD004     subset-FD004                  0.6542±0.2477      0.3925±0.4100                  —     22.5507±7.8851                  —      0.6747±0.2278      0.6163±0.2807      0.6815±0.2466      3
conv autoencoder                            cmapss:FD004     subset-FD004                  0.6526±0.2452      0.3881±0.4029                  —      4.9104±1.2471                  —      0.6698±0.2222      0.6110±0.2756      0.6828±0.2452      3
Mahalanobis                                 cmapss:FD004     subset-FD004                  0.6512±0.2404      0.3800±0.3897                  —      1.9200±0.2521                  —      0.6689±0.2163      0.6118±0.2755      0.6828±0.2452      3
PC · structural-only score                  cmapss:FD002     subset-FD002                  0.6347±0.1965      0.3518±0.3103                  —                  —                  —      0.6422±0.1907      0.6015±0.2567      0.6872±0.2379      3
RegionGraphPC [chain, K=8]                  cmapss:FD002     subset-FD002                  0.6301±0.1822      0.3587±0.3125    257.1866±46.0268     25.0098±5.2013  17280.0000±0.0000      0.6169±0.1387      0.5922±0.2089      0.6652±0.2319      3
PC · 3 dead (exact marginal)                cmapss:FD002     subset-FD002                  0.6291±0.1907      0.3540±0.3239                  —                  —                  —      0.6126±0.1378      0.5874±0.2114      0.6645±0.2468      3
Deep SVDD                                   cmapss:FD002     subset-FD002                  0.6160±0.1699      0.3129±0.2604                  —      0.3958±0.0608                  —      0.5672±0.0887      0.5618±0.1805      0.6521±0.2400      3
Deep SVDD                                   cmapss:FD004     subset-FD004                  0.6157±0.1763      0.2971±0.2545                  —      0.4550±0.0665                  —      0.6071±0.1064      0.5691±0.2103      0.6725±0.2317      3
RegionGraphPC [chain, K=8]                  cmapss:FD004     subset-FD004                  0.6026±0.1654      0.3261±0.2894    239.9533±37.2373     31.5653±6.5012  17280.0000±0.0000      0.5930±0.1334      0.5725±0.1898      0.6636±0.2238      3
PC · 3 dead (exact marginal)                cmapss:FD004     subset-FD004                  0.6017±0.1751      0.3230±0.3026                  —                  —                  —      0.5855±0.1319      0.5737±0.1984      0.6622±0.2412      3
PC · structural-only score                  cmapss:FD004     subset-FD004                  0.6012±0.2112      0.3429±0.3361                  —                  —                  —      0.6123±0.2126      0.6514±0.2046      0.5807±0.3188      3
1-NN distance                               cmapss:FD002     subset-FD002                  0.5931±0.1357      0.2694±0.1966                  —      0.7389±0.1958                  —      0.5574±0.0677      0.5191±0.1275      0.6413±0.1986      3
diagonal Gaussian                           cmapss:FD002     subset-FD002                  0.5845±0.1216      0.2765±0.2065                  —      0.3662±0.0118                  —      0.5136±0.0189      0.4530±0.0205      0.6551±0.2296      3
diagonal Gaussian · 3 dead (imputed)        cmapss:FD002     subset-FD002                  0.5835±0.1200      0.2735±0.2017                  —                  —                  —      0.5135±0.0189      0.4531±0.0205      0.6522±0.2252      3
z-score (per channel)                       cmapss:FD002     subset-FD002                  0.5823±0.1195      0.2043±0.0600                  —      0.0656±0.0112                  —      0.5087±0.0131      0.4591±0.0265      0.6655±0.1674      3
z-score (per channel) · 3 dead (imputed)    cmapss:FD002     subset-FD002                  0.5803±0.1166      0.2030±0.0585                  —                  —                  —      0.5080±0.0120      0.4593±0.0270      0.6639±0.1652      3
1-NN distance                               cmapss:FD004     subset-FD004                  0.5754±0.1330      0.2259±0.1527                  —      0.7808±0.2269                  —      0.5586±0.0549      0.5111±0.1414      0.6377±0.1822      3
diagonal Gaussian                           cmapss:FD004     subset-FD004                  0.5736±0.1213      0.2115±0.1289                  —      0.4044±0.0495                  —      0.5179±0.0108      0.4681±0.0504      0.6539±0.1982      3
diagonal Gaussian · 3 dead (imputed)        cmapss:FD004     subset-FD004                  0.5734±0.1209      0.2100±0.1265                  —                  —                  —      0.5180±0.0107      0.4688±0.0515      0.6542±0.1987      3
z-score (per channel)                       cmapss:FD004     subset-FD004                  0.5729±0.1413      0.1939±0.0814                  —      0.0808±0.0166                  —      0.4985±0.0039      0.4653±0.0488      0.6056±0.2261      3
z-score (per channel) · 3 dead (imputed)    cmapss:FD004     subset-FD004                  0.5711±0.1385      0.1929±0.0798                  —                  —                  —      0.4990±0.0030      0.4658±0.0495      0.6057±0.2263      3
PCA reconstruction                          cmapss:FD002     subset-FD002                  0.5629±0.0851      0.1806±0.0536                  —      0.4365±0.0106                  —      0.5278±0.0261      0.4695±0.0295      0.6094±0.1662      3
Isolation Forest                            cmapss:FD004     subset-FD004                  0.5579±0.0710      0.1702±0.0527                  —      0.6226±0.0978                  —      0.5059±0.0254      0.4209±0.0874      0.6588±0.0687      3
PCA reconstruction                          cmapss:FD004     subset-FD004                  0.5441±0.0768      0.1766±0.0754                  —      0.5020±0.1017                  —      0.4915±0.0480      0.4250±0.0207      0.6283±0.1574      3
moving-average residual                     cmapss:FD004     subset-FD004                  0.5377±0.0727      0.1656±0.0342                  —      0.8612±0.1465                  —      0.5028±0.0125      0.4717±0.0347      0.5311±0.0326      3
moving-average residual · 3 dead (imputed)  cmapss:FD004     subset-FD004                  0.5374±0.0722      0.1649±0.0331                  —                  —                  —      0.5053±0.0153      0.4703±0.0325      0.5334±0.0361      3
Isolation Forest                            cmapss:FD002     subset-FD002                  0.5357±0.1068      0.2067±0.1157                  —      0.6400±0.2143                  —      0.5244±0.0095      0.3423±0.1470      0.5887±0.1770      3
moving-average residual                     cmapss:FD002     subset-FD002                  0.5328±0.0645      0.1747±0.0379                  —      0.6797±0.0552                  —      0.4979±0.0282      0.4646±0.0347      0.5240±0.0361      3
moving-average residual · 3 dead (imputed)  cmapss:FD002     subset-FD002                  0.5310±0.0618      0.1734±0.0363                  —                  —                  —      0.4999±0.0298      0.4628±0.0321      0.5251±0.0373      3
PC · 3 dead (mean-imputed)                  cmapss:FD002     subset-FD002                  0.5208±0.0287      0.1815±0.0577                  —                  —                  —      0.5180±0.0099      0.4818±0.0482      0.5688±0.0998      3
PC · 3 dead (mean-imputed)                  cmapss:FD004     subset-FD004                  0.5092±0.0321      0.1706±0.0666                  —                  —                  —      0.5066±0.0191      0.4570±0.0176      0.5526±0.0714      3

wrote logs/ts/cmapss_ad/summary.csv, summary.json, summary.md


######################################################################
# logs/ts/cmapss_calibration
######################################################################

=== calibration (mean ± sd over seeds) ===

method                                       dataset          variant                                picp               mpiw     interval_score               crps               rmse                mae              alpha          calib_err  seeds
-----------------------------------------------------------------------------------------------------------------------------------------------------------------------------------------------------------------------------------------------------
SurvivalPC + split conformal (cqr)           cmapss:FD001     subset-FD001_alpha-0.1        0.9569±0.0098     56.0699±3.2961     64.8083±1.2343      7.9745±0.3218     19.1738±0.5583     14.6550±0.8320                  —                  —      3
SurvivalPC + split conformal (cqr) · a=0.10  cmapss:FD001     subset-FD001                  0.9568±0.0089     54.7977±3.3988     64.0002±1.0512      7.9016±0.3350     19.0453±0.6141     14.4877±0.9403      0.1000±0.0000                  —      5
SurvivalPC + split conformal (cqr) · a=0.20  cmapss:FD001     subset-FD001                  0.9568±0.0089     54.7977±3.3988     59.3989±2.1052      7.9016±0.3350     19.0453±0.6141     14.4877±0.9403      0.2000±0.0000                  —      5
SurvivalPC + split conformal (cqr) · a=0.10  cmapss:FD002     subset-FD002                  0.9544±0.0569    108.6566±2.4414    149.4881±54.2027     31.5539±23.6531     55.3838±32.5420     43.7835±21.0860      0.1000±0.0000                  —      2
SurvivalPC + split conformal (cqr) · a=0.20  cmapss:FD002     subset-FD002                  0.9544±0.0569    108.6566±2.4414    129.0724±25.8807     31.5539±23.6531     55.3838±32.5420     43.7835±21.0860      0.2000±0.0000                  —      2
quantile reg. + conformal (CQR)              cmapss:FD001     subset-FD001_alpha-0.1        0.8276±0.0292     56.0554±2.4068     88.7859±3.8973                  —     19.5162±0.7129                  —                  —                  —      3
quantile reg. + conformal (CQR) · a=0.10     cmapss:FD001     subset-FD001                  0.8263±0.0280     54.5968±2.6254     87.0489±5.2468                  —     19.1720±0.8129                  —      0.1000±0.0000                  —      5
quantile reg. + conformal (CQR) · a=0.20     cmapss:FD001     subset-FD001                  0.7039±0.0538     42.1028±2.4589     71.7570±4.6328                  —     19.2822±0.8144                  —      0.2000±0.0000                  —      5
quantile reg. + conformal (CQR) · a=0.10     cmapss:FD002     subset-FD002                  0.4476±0.6277   2207.1327±3023.3926  97314.7242±137491.6260                  —   7297.3037±10289.4476                  —      0.1000±0.0000                  —      2
SurvivalPC + split conformal (pit) · a=0.10  cmapss:FD002     subset-FD002                  0.4182±0.0245    106.0768±5.0610    173.0139±49.9116     31.5539±23.6531     55.3838±32.5420     43.7835±21.0860      0.1000±0.0000                  —      2
SurvivalPC (raw exact predictive) · a=0.10   cmapss:FD002     subset-FD002                  0.4145±0.0211    103.6566±2.4414    173.2956±55.3003     31.5539±23.6531     55.3838±32.5420     43.7835±21.0860      0.1000±0.0000      0.1618±0.0729      2
SurvivalPC (raw exact predictive) · a=0.20   cmapss:FD002     subset-FD002                  0.4145±0.0211    103.6566±2.4414    138.4761±26.4294     31.5539±23.6531     55.3838±32.5420     43.7835±21.0860      0.2000±0.0000      0.1618±0.0729      2
SurvivalPC + split conformal (pit) · a=0.20  cmapss:FD002     subset-FD002                  0.4020±0.0238     95.9514±3.9683    130.9437±23.5960     31.5539±23.6531     55.3838±32.5420     43.7835±21.0860      0.2000±0.0000                  —      2
SurvivalPC + split conformal (pit) · a=0.10  cmapss:FD001     subset-FD001                  0.3978±0.0129     57.5307±2.9243     91.2857±1.0988      7.9016±0.3350     19.0453±0.6141     14.4877±0.9403      0.1000±0.0000                  —      5
SurvivalPC + split conformal (pit)           cmapss:FD001     subset-FD001_alpha-0.1        0.3938±0.0055     56.9363±1.4370     91.5159±0.1400      7.9745±0.3218     19.1738±0.5583     14.6550±0.8320                  —                  —      3
quantile reg. + conformal (CQR) · a=0.20     cmapss:FD002     subset-FD002                  0.3935±0.5475   2065.8800±2849.1958  60448.0874±85376.1758                  —   8413.3193±11866.9715                  —      0.2000±0.0000                  —      2
SurvivalPC (raw exact predictive)            cmapss:FD001     subset-FD001_alpha-0.1        0.3807±0.0125     51.0699±3.2961     90.0619±0.6869      7.9745±0.3218     19.1738±0.5583     14.6550±0.8320                  —      0.2126±0.0122      3
SurvivalPC (raw exact predictive) · a=0.10   cmapss:FD001     subset-FD001                  0.3800±0.0103     49.7977±3.3988     89.2903±0.7875      7.9016±0.3350     19.0453±0.6141     14.4877±0.9403      0.1000±0.0000      0.2101±0.0091      5
SurvivalPC (raw exact predictive) · a=0.20   cmapss:FD001     subset-FD001                  0.3800±0.0103     49.7977±3.3988     69.5440±1.8889      7.9016±0.3350     19.0453±0.6141     14.4877±0.9403      0.2000±0.0000      0.2101±0.0091      5
SurvivalPC + split conformal (pit) · a=0.20  cmapss:FD001     subset-FD001                  0.3581±0.0220     47.0117±4.3409     69.8023±1.4492      7.9016±0.3350     19.0453±0.6141     14.4877±0.9403      0.2000±0.0000                  —      5

wrote logs/ts/cmapss_calibration/summary.csv, summary.json, summary.md


######################################################################
# logs/ts/cmapss_explain
######################################################################

=== explain (mean ± sd over seeds) ===

method                           dataset          variant                           loc_auroc          prec_at_k       deletion_auc  max_residual_nats mean_residual_nats loc_auroc[decouple]  loc_auroc[desync]   loc_auroc[drift]  seeds
------------------------------------------------------------------------------------------------------------------------------------------------------------------------------------------------------------------------------------------
PC Shapley (exact conditionals)  cmapss:FD001     subset-FD001                  0.8804±0.0063      0.6897±0.0255      0.2542±0.0154                  —                  —      0.4846±0.0339      0.6754±0.0384      0.9899±0.0052      3
PC conditional (exact)           cmapss:FD001     subset-FD001                  0.8774±0.0073      0.6844±0.0168      0.2490±0.0147                  —                  —      0.4884±0.0313      0.6851±0.0362      0.9770±0.0097      3
Gaussian conditional (exact)     cmapss:FD001     subset-FD001                  0.8593±0.0080      0.6258±0.0075      0.4576±0.0943                  —                  —      0.4715±0.0378      0.7187±0.0228      0.9442±0.0025      3
PC marginal (exact)              cmapss:FD001     subset-FD001                  0.8576±0.0034      0.6067±0.0150      0.2590±0.0169                  —                  —      0.4797±0.0416      0.5099±0.0318      0.9800±0.0064      3
z-score (per channel)            cmapss:FD001     subset-FD001                  0.8219±0.0085      0.5336±0.0073      0.5096±0.0433                  —                  —      0.4838±0.0409      0.4990±0.0231      0.9249±0.0005      3
PC structural (exact)            cmapss:FD001     subset-FD001                  0.7468±0.0139      0.4938±0.0116      0.7005±0.0153                  —                  —      0.5434±0.0359      0.7561±0.0451      0.8086±0.0283      3
AE reconstruction (per channel)  cmapss:FD001     subset-FD001                  0.7326±0.0119      0.3703±0.0285      0.3081±0.0774                  —                  —      0.4860±0.0037      0.5526±0.0315      0.8244±0.0042      3
AE sampling-SHAP (32/ch)         cmapss:FD001     subset-FD001                  0.6658±0.0137      0.3033±0.0267      0.2857±0.0888                  —                  —      0.4925±0.0109      0.4748±0.0037      0.7468±0.0070      3
Gaussian conditional (exact)     cmapss:FD004     subset-FD004                  0.6266±0.1954      0.3304±0.2843      0.1536±0.1701                  —                  —      0.6292±0.2315      0.6135±0.2080      0.5997±0.1413      3
AE reconstruction (per channel)  cmapss:FD002     subset-FD002                  0.6198±0.1957      0.3121±0.2803      0.4168±0.3541                  —                  —      0.6340±0.2041      0.6135±0.1886      0.6080±0.1779      3
PC conditional (exact)           cmapss:FD004     subset-FD004                  0.6182±0.1922      0.2938±0.2525      0.0733±0.0441                  —                  —      0.5967±0.1507      0.5493±0.1347      0.6375±0.2029      3
AE reconstruction (per channel)  cmapss:FD004     subset-FD004                  0.6124±0.1968      0.3187±0.2843      0.1580±0.1762                  —                  —      0.6070±0.2207      0.5862±0.2047      0.5945±0.1711      3
PC conditional (exact)           cmapss:FD002     subset-FD002                  0.6123±0.2058      0.2920±0.2407      0.0621±0.0236                  —                  —      0.6150±0.1440      0.4465±0.2434      0.6372±0.2099      3
PC structural (exact)            cmapss:FD002     subset-FD002                  0.6049±0.1118      0.2716±0.1272      0.2180±0.2264                  —                  —      0.6492±0.1901      0.7139±0.2582      0.5497±0.1180      3
Gaussian conditional (exact)     cmapss:FD002     subset-FD002                  0.5949±0.1747      0.3087±0.2828      0.1359±0.0722                  —                  —      0.6585±0.1995      0.5967±0.1996      0.5553±0.1208      3
PC Shapley (exact conditionals)  cmapss:FD002     subset-FD002                  0.5853±0.2306      0.2809±0.2375      0.0630±0.0247                  —                  —      0.6174±0.1350      0.3106±0.3390      0.6395±0.2098      3
PC Shapley (exact conditionals)  cmapss:FD004     subset-FD004                  0.5841±0.2228      0.2869±0.2569      0.0734±0.0440                  —                  —      0.6059±0.1408      0.2916±0.3342      0.6384±0.2165      3
PC structural (exact)            cmapss:FD004     subset-FD004                  0.5809±0.1029      0.2441±0.1308      0.1413±0.1430                  —                  —      0.5836±0.1769      0.7870±0.0620      0.5190±0.1452      3
z-score (per channel)            cmapss:FD004     subset-FD004                  0.5735±0.2089      0.2735±0.2342      0.0566±0.0174                  —                  —      0.5297±0.0018      0.1695±0.2518      0.6652±0.2463      3
PC marginal (exact)              cmapss:FD002     subset-FD002                  0.5724±0.2291      0.2767±0.2417      0.1057±0.0878                  —                  —      0.5193±0.0391      0.1907±0.2393      0.6659±0.2520      3
z-score (per channel)            cmapss:FD002     subset-FD002                  0.5702±0.2288      0.2713±0.2459      0.0768±0.0200                  —                  —      0.4776±0.0489      0.1738±0.2547      0.6667±0.2456      3
PC marginal (exact)              cmapss:FD004     subset-FD004                  0.5658±0.1977      0.2664±0.2263      0.1234±0.1245                  —                  —      0.5204±0.0166      0.2064±0.2502      0.6536±0.2443      3
AE sampling-SHAP (32/ch)         cmapss:FD004     subset-FD004                  0.4490±0.0382      0.0960±0.0422      0.1777±0.2049                  —                  —      0.4561±0.0934      0.2906±0.0199      0.4876±0.0361      3
AE sampling-SHAP (32/ch)         cmapss:FD002     subset-FD002                  0.4444±0.0077      0.1056±0.0089      0.1935±0.1940                  —                  —      0.3623±0.1186      0.2381±0.1106      0.4936±0.0237      3
PC chain-rule completeness       cmapss:FD004     subset-FD004                              —                  —                  —   2.566e+12±2e+12    2.400e+11±2e+11                   —                  —                  —      3
PC chain-rule completeness       cmapss:FD002     subset-FD002                              —                  —                  —   1.466e+12±2e+12    1.208e+11±2e+11                   —                  —                  —      3
PC chain-rule completeness       cmapss:FD001     subset-FD001                              —                  —                  —   1.068e-04±1e-04    5.682e-06±3e-06                   —                  —                  —      3

wrote logs/ts/cmapss_explain/summary.csv, summary.json, summary.md


######################################################################
# logs/ts/cmapss_rul
######################################################################

=== rul (mean ± sd over seeds) ===

method                                   variant                                rmse                mae               nasa               crps     interval_score               picp               mpiw          calib_err  seeds
--------------------------------------------------------------------------------------------------------------------------------------------------------------------------------------------------------------------------------
SurvivalPC (exact censored lik.) [all]   censor_frac-0.35             19.3441±0.6539     14.7369±0.7119   1.215e+05±1e+04       8.0793±0.3837     90.3090±0.3878      0.3791±0.0127     50.3618±3.1132      0.2058±0.0039      3
SurvivalPC (exact censored lik.) [all]   censor_frac-0.2              19.4711±1.2883     15.1379±1.2477   1.004e+05±1e+04       8.0860±0.7468     90.0234±2.4910      0.3807±0.0118     50.5881±1.1603      0.2216±0.0013      3
SurvivalPC (drop censored) [all]         censor_frac-0.2              19.8146±1.0552     15.8571±1.0363  77039.6382±15760.1527      8.2719±0.6261     90.9914±1.4155      0.3852±0.0108     52.4444±1.7765      0.2355±0.0060      3
SurvivalPC (exact censored lik.) [all]   censor_frac-0.5              19.8169±1.6107     14.7762±1.7181   1.468e+05±2e+04       8.4035±0.8494     91.5010±2.4291      0.3705±0.0158     48.7840±7.2689      0.1981±0.0040      3
SurvivalPC (drop censored) [all]         censor_frac-0.35             20.1498±1.2812     16.2484±1.3388  79769.0397±14153.9138      8.4345±0.6664     91.3938±1.2151      0.3936±0.0066     54.9701±2.8737      0.2318±0.0095      3
SurvivalPC (drop censored) [all]         censor_frac-0.7              20.0581±1.6733     15.9332±1.9465   1.010e+05±4e+04       8.4433±0.8557     91.1748±1.5426      0.3881±0.0093     53.0237±5.7430      0.2262±0.0195      3
SurvivalPC (drop censored) [all]         censor_frac-0.5              21.0346±2.4901     17.0821±2.4923  76022.7260±11641.7718      8.9307±1.3423     93.1449±2.8449      0.3906±0.0109     55.7606±5.8184      0.2388±0.0132      3
SurvivalPC (exact censored lik.) [all]   censor_frac-0.7              20.5872±0.7083     14.0411±0.7460   2.310e+05±4e+04       9.0659±0.4652     98.5034±6.3937      0.3186±0.0313     37.9695±7.0795      0.2078±0.0052      3
SurvivalPC (drop censored) [last]        censor_frac-0.2              18.8147±1.4127     14.1722±1.1936    983.3046±226.8655     10.2441±0.6754     70.9500±6.1010      0.7967±0.0208     56.2500±2.6754      0.0473±0.0133      3
SurvivalPC (drop censored) [last]        censor_frac-0.35             19.4981±1.5232     14.6280±1.3160   1909.0286±933.6211     10.4442±0.6783     71.3167±5.9936      0.8233±0.0115     57.4833±3.7072      0.0597±0.0067      3
SurvivalPC (drop censored) [last]        censor_frac-0.5              20.0167±2.3322     15.1139±2.0016   1970.4729±626.1225     10.8543±1.2403     75.9167±9.0239      0.8200±0.0173     57.9167±5.6583      0.0463±0.0147      3
SurvivalPC (drop censored) [last]        censor_frac-0.7              20.0215±0.9706     15.3291±0.6731   1809.6162±904.5888     10.9434±0.1196     73.0333±6.2977      0.7900±0.0265     54.8000±6.8361      0.0743±0.0329      3
SurvivalPC (exact censored lik.) [last]  censor_frac-0.2              20.1947±1.4088     14.8772±1.6698   2226.1344±553.9813     10.9930±0.7900     72.5833±8.0670      0.7933±0.0462     56.2500±1.5207      0.0647±0.0095      3
SurvivalPC (exact censored lik.) [last]  censor_frac-0.35             19.8047±1.0538     14.3640±1.0583   2443.5453±1205.8624     11.0300±0.6830     72.8667±1.5185      0.7900±0.0100     55.5667±2.9582      0.0940±0.0096      3
SurvivalPC (exact censored lik.) [last]  censor_frac-0.5              21.0923±2.4422     15.6177±1.6902   2649.9649±2162.9285     12.0841±1.4403     77.3167±8.8778      0.7967±0.0321     55.3500±6.8886      0.1117±0.0059      3
SurvivalPC (exact censored lik.) [last]  censor_frac-0.7              24.3149±0.5951     17.8190±0.3276   4429.3848±1548.4200     14.3318±0.3238     91.5500±10.2734      0.7067±0.0379     47.8167±4.3538      0.1693±0.0085      3
MLP regressor [all]                      censor_frac-0.2              17.8999±0.8406     14.0470±0.6434  33142.2033±3691.5423                  —                  —                  —                  —                  —      3
MLP regressor [all]                      censor_frac-0.35             18.2891±0.3084     14.3392±0.2638  37931.6195±1681.1539                  —                  —                  —                  —                  —      3
MLP regressor [all]                      censor_frac-0.5              18.9786±0.3506     14.9165±0.3378  43313.9459±4093.2745                  —                  —                  —                  —                  —      3
MLP regressor [all]                      censor_frac-0.7              20.0430±0.4860     15.8311±0.4108  49528.5436±7382.3949                  —                  —                  —                  —                  —      3
MLP regressor [last]                     censor_frac-0.2              17.4625±0.4178     13.0562±0.5921    675.7518±100.1038                  —                  —                  —                  —                  —      3
MLP regressor [last]                     censor_frac-0.35             18.1233±0.4378     13.2383±0.5356    827.7861±95.2429                  —                  —                  —                  —                  —      3
MLP regressor [last]                     censor_frac-0.5              18.9633±0.8245     13.6972±0.7003    898.2415±156.9609                  —                  —                  —                  —                  —      3
MLP regressor [last]                     censor_frac-0.7              19.6741±1.2734     14.7211±0.8933   1147.9622±316.7267                  —                  —                  —                  —                  —      3
quantile reg. + conformal (CQR) [all]    censor_frac-0.2              18.1105±0.1182     14.2564±0.1098  30117.1700±1278.7796                  —     80.5062±3.1691      0.7948±0.0293     48.8550±1.4253                  —      3
quantile reg. + conformal (CQR) [all]    censor_frac-0.35             18.5743±0.6170     14.6569±0.5730  32832.6502±461.3298                  —     83.5719±2.4312      0.8070±0.0191     50.3703±2.3155                  —      3
quantile reg. + conformal (CQR) [all]    censor_frac-0.5              19.5212±0.2685     15.4189±0.2920  39974.6302±1228.9159                  —     86.3314±3.0086      0.8337±0.0073     55.2660±0.1600                  —      3
quantile reg. + conformal (CQR) [all]    censor_frac-0.7              20.8636±0.5789     16.5897±0.4364  54439.9182±11259.7994                  —     96.5649±6.7176      0.8155±0.0430     58.6079±5.9862                  —      3
quantile reg. + conformal (CQR) [last]   censor_frac-0.2              17.0166±0.3115     12.1936±0.3419    691.3404±19.8756                  —     77.6447±4.2528      0.8700±0.0200     47.4467±0.2383                  —      3
quantile reg. + conformal (CQR) [last]   censor_frac-0.35             17.0392±0.1483     12.2858±0.1044    670.5570±104.4010                  —     78.2312±1.3660      0.8900±0.0200     48.3795±0.7115                  —      3
quantile reg. + conformal (CQR) [last]   censor_frac-0.5              18.5872±0.8049     13.8037±0.6953    940.4795±129.7461                  —     79.4773±2.8716      0.8833±0.0404     52.3512±0.9391                  —      3
quantile reg. + conformal (CQR) [last]   censor_frac-0.7              19.8371±1.1044     15.3150±1.4319   1021.0458±209.2724                  —     82.3010±2.7711      0.8867±0.0321     55.9820±4.6462                  —      3
ridge regression [all]                   censor_frac-0.2              18.2775±0.1812     14.7857±0.1676  28847.8878±109.1182                  —                  —                  —                  —                  —      3
ridge regression [all]                   censor_frac-0.35             18.2509±0.3492     14.7818±0.3605  29362.5361±463.5760                  —                  —                  —                  —                  —      3
ridge regression [all]                   censor_frac-0.5              18.3192±0.1276     14.8294±0.0447  29691.5598±1087.8205                  —                  —                  —                  —                  —      3
ridge regression [all]                   censor_frac-0.7              19.0356±0.6509     15.3340±0.6640  35156.8697±1694.4448                  —                  —                  —                  —                  —      3
ridge regression [last]                  censor_frac-0.2              17.8203±0.0851     14.4796±0.1234    586.6905±5.7305                  —                  —                  —                  —                  —      3
ridge regression [last]                  censor_frac-0.35             17.7795±0.3436     14.3929±0.3268    604.3683±42.3619                  —                  —                  —                  —                  —      3
ridge regression [last]                  censor_frac-0.5              17.8951±0.8769     14.3924±0.6041    608.2153±82.7251                  —                  —                  —                  —                  —      3
ridge regression [last]                  censor_frac-0.7              18.8759±1.0601     15.0003±0.6014    741.5402±186.0560                  —                  —                  —                  —                  —      3

=== rul_partial (mean ± sd over seeds) ===

method                       variant                           crps_full crps_exact_marginal       crps_imputed          rmse_full rmse_exact_marginal       rmse_imputed picp_exact_marginal       picp_imputed  seeds
-----------------------------------------------------------------------------------------------------------------------------------------------------------------------------------------------------------------------
PC · 3 dead sensors          censor_frac-0.2               8.0860±0.7468      8.1762±0.7089     28.8691±14.3303     19.4711±1.2883     19.6140±1.2224     49.4006±14.6104      0.3813±0.0120      0.3480±0.1495      3
PC · 3 dead sensors          censor_frac-0.35              8.0793±0.3837      8.2429±0.4198     22.3941±11.1517     19.3441±0.6539     19.6402±0.7063     41.6258±14.4997      0.3773±0.0108      0.3075±0.1517      3
PC · 3 dead sensors          censor_frac-0.5               8.4035±0.8494      8.5170±0.8033     15.7543±4.5552     19.8169±1.6107     20.0185±1.5355     33.4131±8.2638      0.3673±0.0153      0.4067±0.0438      3
PC · 3 dead sensors          censor_frac-0.7               9.0659±0.4652      9.1444±0.4719     14.9713±0.9335     20.5872±0.7083     20.7209±0.7111     32.6850±1.4340      0.3180±0.0331      0.4289±0.0025      3

wrote logs/ts/cmapss_rul/summary.csv, summary.json, summary.md


######################################################################
# logs/ts/cmapss_structure
######################################################################

=== ad (mean ± sd over seeds) ===

method                              variant                               auroc                 ap          train_nll              fit_s             params    auroc[decouple]      auroc[desync]       auroc[drift]  seeds
---------------------------------------------------------------------------------------------------------------------------------------------------------------------------------------------------------------------------
RegionGraphPC [orc_rg, K=8]         vtree-orc_rg                  0.8465±0.0021      0.7144±0.0058    102.9122±0.9715    592.1888±12.4234   1.489e+05±3e+02       0.5236±0.0394      0.7016±0.0307      0.9990±0.0007      3
RegionGraphPC [forman_rg, K=8]      vtree-forman_rg               0.8444±0.0034      0.7240±0.0103     75.9559±2.1722     31.7202±0.1131  23880.0000±0.0000      0.5126±0.0549      0.6891±0.0365      0.9993±0.0006      3
RegionGraphPC [chow_liu, K=8]       vtree-chow_liu                0.8425±0.0024      0.7111±0.0051    109.1420±3.6488     20.6841±0.0778   1.574e+05±0e+00       0.5071±0.0470      0.7037±0.0294      0.9991±0.0006      3
RegionGraphPC [spectral, K=8]       vtree-spectral                0.8425±0.0062      0.7139±0.0091     97.8239±1.2762     18.1814±0.0267   1.574e+05±0e+00       0.5170±0.0390      0.6894±0.0400      0.9993±0.0004      3
RegionGraphPC [chain_grouped, K=8]  vtree-chain_grouped           0.8420±0.0064      0.7075±0.0101    132.3330±1.5015     19.1850±0.1163   1.382e+05±0e+00       0.5062±0.0429      0.7118±0.0355      0.9990±0.0007      3
RegionGraphPC [chain, K=8]          vtree-chain                   0.8379±0.0052      0.6954±0.0168    145.4378±9.3450      7.7472±0.3494  15360.0000±0.0000      0.5113±0.0380      0.6935±0.0124      0.9972±0.0029      3
RegionGraphPC [random, K=8]         vtree-random                  0.8375±0.0047      0.6879±0.0079    121.1753±2.2087     17.4614±0.1081   1.574e+05±0e+00       0.5154±0.0399      0.6954±0.0136      0.9979±0.0013      3
RegionGraphPC [time, K=8]           vtree-time                    0.8318±0.0085      0.6787±0.0072    126.6855±4.7599     17.4429±0.2118   1.574e+05±0e+00       0.5092±0.0363      0.6839±0.0272      0.9973±0.0015      3
RegionGraphPC [channel, K=8]        vtree-channel                 0.8225±0.0072      0.6739±0.0130     92.2483±5.5669     17.3313±0.1037   1.574e+05±0e+00       0.5212±0.0434      0.5923±0.0292      0.9960±0.0021      3
PC · structural-only score          vtree-chain                   0.7936±0.0166      0.6101±0.0344                  —                  —                  —      0.4948±0.0194      0.7521±0.0035      0.9737±0.0209      3
PC · structural-only score          vtree-forman_rg               0.7584±0.0115      0.6151±0.0047                  —                  —                  —      0.5153±0.0046      0.8227±0.0124      0.9798±0.0117      3
PC · structural-only score          vtree-random                  0.7518±0.0125      0.5715±0.0141                  —                  —                  —      0.5072±0.0165      0.7865±0.0186      0.9610±0.0063      3
PC · structural-only score          vtree-time                    0.7342±0.0054      0.5330±0.0054                  —                  —                  —      0.4861±0.0232      0.7636±0.0079      0.9505±0.0130      3
PC · structural-only score          vtree-chow_liu                0.7239±0.0119      0.5733±0.0011                  —                  —                  —      0.4745±0.0294      0.8127±0.0208      0.9716±0.0116      3
PC · structural-only score          vtree-channel                 0.7232±0.0066      0.5141±0.0325                  —                  —                  —      0.5013±0.0204      0.7813±0.0155      0.9272±0.0186      3
PC · structural-only score          vtree-orc_rg                  0.7200±0.0088      0.5714±0.0053                  —                  —                  —      0.4899±0.0190      0.7936±0.0209      0.9670±0.0142      3
PC · structural-only score          vtree-chain_grouped           0.7194±0.0094      0.5751±0.0098                  —                  —                  —      0.4873±0.0319      0.7939±0.0346      0.9586±0.0097      3
PC · structural-only score          vtree-spectral                0.7164±0.0084      0.5656±0.0025                  —                  —                  —      0.5000±0.0069      0.8127±0.0052      0.9685±0.0162      3

wrote logs/ts/cmapss_structure/summary.csv, summary.json, summary.md


######################################################################
# logs/ts/scaling
######################################################################

=== scaling (mean ± sd over seeds) ===

method                       variant                                   d         dag_leaves         dag_params        dag_build_s          dag_fwd_s        tree_leaves        tree_params       tree_build_s  seeds
--------------------------------------------------------------------------------------------------------------------------------------------------------------------------------------------------------------------
d=8                          K-4                           8.0000±0.0000     32.0000±0.0000    464.0000±0.0000      0.0043±0.0000      0.0968±0.0000    512.0000±0.0000   1316.0000±0.0000      0.0437±0.0000      1
d=8                          K-6                           8.0000±0.0000     48.0000±0.0000   1428.0000±0.0000      0.0144±0.0000      0.0067±0.0000   1728.0000±0.0000   4398.0000±0.0000      0.0602±0.0000      1
d=16                         K-4                          16.0000±0.0000     64.0000±0.0000   1040.0000±0.0000      0.0071±0.0000      0.0067±0.0000   4096.0000±0.0000  10532.0000±0.0000      0.2244±0.0000      1
d=16                         K-6                          16.0000±0.0000     96.0000±0.0000   3252.0000±0.0000      0.0148±0.0000      0.0124±0.0000  20736.0000±0.0000  52782.0000±0.0000      1.1960±0.0000      1
d=32                         K-4                          32.0000±0.0000    128.0000±0.0000   2192.0000±0.0000      0.0154±0.0000      0.0139±0.0000  32768.0000±0.0000  84260.0000±0.0000      1.9560±0.0000      1
d=32                         K-6                          32.0000±0.0000    192.0000±0.0000   6900.0000±0.0000      0.0307±0.0000      0.0251±0.0000   2.488e+05±0e+00    6.334e+05±0e+00      16.2064±0.0000      1
d=64                         K-4                          64.0000±0.0000    256.0000±0.0000   4496.0000±0.0000      0.0308±0.0000      0.0282±0.0000   2.621e+05±0e+00    6.741e+05±0e+00      20.2020±0.0000      1
d=64                         K-6                          64.0000±0.0000    384.0000±0.0000  14196.0000±0.0000      0.0620±0.0000      0.0512±0.0000                  —                  —                  —      1
d=112                        K-4                         112.0000±0.0000    448.0000±0.0000   7952.0000±0.0000      0.0545±0.0000      0.0499±0.0000                  —                  —                  —      1
d=112                        K-6                         112.0000±0.0000    672.0000±0.0000  25140.0000±0.0000      0.1152±0.0000      0.0904±0.0000                  —                  —                  —      1
d=256                        K-4                         256.0000±0.0000   1024.0000±0.0000  18320.0000±0.0000      0.1315±0.0000      0.1159±0.0000                  —                  —                  —      1
d=256                        K-6                         256.0000±0.0000   1536.0000±0.0000  57972.0000±0.0000      0.2529±0.0000      0.2083±0.0000                  —                  —                  —      1
d=1024                       K-4                        1024.0000±0.0000   4096.0000±0.0000  73616.0000±0.0000      0.5191±0.0000      0.4684±0.0000                  —                  —                  —      1
d=1024                       K-6                        1024.0000±0.0000   6144.0000±0.0000   2.331e+05±0e+00       1.3709±0.0000      0.8461±0.0000                  —                  —                  —      1

wrote logs/ts/scaling/summary.csv, summary.json, summary.md


######################################################################
# logs/ts/smoke
######################################################################

=== ad (mean ± sd over seeds) ===

method                                                   auroc                 ap          train_nll              fit_s             params    auroc[decouple]      auroc[desync]       auroc[drift]  seeds
----------------------------------------------------------------------------------------------------------------------------------------------------------------------------------------------------------
1-NN distance                                    0.9134±0.0000      0.8321±0.0000                  —      0.0382±0.0167                  —      0.5723±0.0000      0.7743±0.0000      0.9544±0.0000      1
Mahalanobis                                      0.8952±0.0000      0.7815±0.0000                  —      0.0096±0.0027                  —      0.4913±0.0000      0.8123±0.0000      0.9902±0.0000      1
PCA reconstruction                               0.8850±0.0000      0.7797±0.0000                  —      0.6743±0.3356                  —      0.5232±0.0000      0.6698±0.0000      0.8822±0.0000      1
RegionGraphPC [chain, K=4]                       0.8771±0.0008      0.7890±0.0007     48.8460±0.0324      1.3525±0.7638    752.0000±0.0000      0.5130±0.0043      0.5603±0.0020      0.8039±0.0004      1
z-score (per channel)                            0.8659±0.0000      0.7595±0.0000                  —      0.0043±0.0006                  —      0.5575±0.0000      0.4751±0.0000      0.9213±0.0000      1
z-score (per channel) · 3 dead (imputed)         0.8565±0.0000      0.7318±0.0000                  —                  —                  —      0.6675±0.0000      0.5232±0.0000      0.7016±0.0000      1
diagonal Gaussian                                0.8533±0.0000      0.7253±0.0000                  —      0.0037±0.0017                  —      0.6405±0.0000      0.4011±0.0000      0.7025±0.0000      1
PC · 3 dead (mean-imputed)                       0.8418±0.0013      0.7384±0.0004                  —                  —                  —      0.5443±0.0083      0.4289±0.0014      0.6356±0.0021      1
PC · 3 dead (exact marginal)                     0.8339±0.0015      0.7369±0.0001                  —                  —                  —      0.5080±0.0094      0.4205±0.0008      0.6182±0.0019      1
diagonal Gaussian · 3 dead (imputed)             0.8226±0.0000      0.7061±0.0000                  —                  —                  —      0.6232±0.0000      0.3665±0.0000      0.5368±0.0000      1
PC · structural-only score                       0.7927±0.0000      0.6076±0.0037                  —                  —                  —      0.3649±0.0017      0.6216±0.0026      0.6478±0.0026      1
moving-average residual                          0.7497±0.0000      0.4818±0.0000                  —      0.0126±0.0036                  —      0.5145±0.0000      0.5665±0.0000      0.9744±0.0000      1
moving-average residual · 3 dead (imputed)       0.7495±0.0000      0.4708±0.0000                  —                  —                  —      0.5388±0.0000      0.5659±0.0000      0.7477±0.0000      1

=== calibration (mean ± sd over seeds) ===

method                                            picp               mpiw     interval_score               crps               rmse                mae              alpha          calib_err  seeds
--------------------------------------------------------------------------------------------------------------------------------------------------------------------------------------------------
SurvivalPC + split conformal (cqr)       0.9586±0.1337    120.0031±3.6750    124.5327±11.8528     22.3695±0.0106     42.8666±0.0052     37.7562±0.0149      0.1000±0.0000                  —      1
quantile reg. + conformal (CQR)          0.9068±0.0030    145.9846±0.6928    185.7145±0.3484                  —     39.9020±0.2508                  —      0.1000±0.0000                  —      1
SurvivalPC + split conformal (pit)       0.5847±0.0000    112.4902±2.1025    154.0863±2.1025     22.3695±0.0106     42.8666±0.0052     37.7562±0.0149      0.1000±0.0000                  —      1
SurvivalPC (raw exact predictive)        0.5753±0.0130    110.0726±0.5477    153.1290±2.8473     22.3695±0.0106     42.8666±0.0052     37.7562±0.0149      0.1000±0.0000      0.1014±0.0012      1

=== explain (mean ± sd over seeds) ===

method                                    loc_auroc          prec_at_k       deletion_auc  max_residual_nats mean_residual_nats loc_auroc[decouple]  loc_auroc[desync]   loc_auroc[drift]  seeds
------------------------------------------------------------------------------------------------------------------------------------------------------------------------------------------------
PC conditional (exact)                0.8469±0.0020      0.6722±0.0192      0.2256±0.0125                  —                  —      0.6885±0.0033      0.8690±0.0412      0.9412±0.0000      1
PC Shapley (exact conditionals)       0.8300±0.0049      0.6306±0.0096      0.2133±0.0071                  —                  —      0.7111±0.0058      0.8571±0.0000      0.8838±0.0049      1
z-score (per channel)                 0.8194±0.0000      0.6111±0.0000      0.2099±0.0025                  —                  —      0.8120±0.0000      0.0000±0.0000      0.8151±0.0000      1
PC marginal (exact)                   0.7966±0.0035      0.6056±0.0192      0.2561±0.0178                  —                  —      0.7236±0.0000      0.2857±0.0000      0.8004±0.0073      1
Gaussian conditional (exact)          0.7474±0.0000      0.5778±0.0000      0.3952±0.0125                  —                  —      0.7179±0.0000      1.0000±0.0000      0.7647±0.0000      1
AE reconstruction (per channel)       0.7387±0.0000      0.5000±0.0348      0.3339±0.0181                  —                  —      0.5584±0.0060      0.8571±0.0000      0.8277±0.0044      1
PC structural (exact)                 0.5648±0.0020      0.3444±0.0000      0.3880±0.0130                  —                  —      0.3718±0.0049      1.0000±0.0000      0.7115±0.0097      1
AE sampling-SHAP (4/ch)               0.5156±0.0041      0.2278±0.0174      0.5789±0.0397                  —                  —      0.4387±0.0030      0.5714±0.0000      0.5924±0.0044      1
PC chain-rule completeness                        —                  —                  —   3.815e-06±0e+00    1.013e-06±2e-07                   —                  —                  —      1

=== rul (mean ± sd over seeds) ===

method                                          rmse                mae               nasa               crps     interval_score               picp               mpiw          calib_err  seeds
------------------------------------------------------------------------------------------------------------------------------------------------------------------------------------------------
SurvivalPC (exact censored lik.)      40.5423±0.1748     36.0422±0.1000  79092.0934±5346.9895     20.6341±0.1205    154.6269±0.0530      0.5847±0.0000    113.0308±0.0530      0.1048±0.0001      1
SurvivalPC (drop censored)            40.7541±0.1314     36.4291±0.1077  67014.6108±2301.0845     20.6396±0.1022    155.8459±0.0707      0.5847±0.0000    114.2498±0.0707      0.1018±0.0018      1
MLP regressor                         33.8904±0.0817     27.4534±0.0641   1.676e+05±2e+04                   —                  —                  —                  —                  —      1
PC · 3 dead sensors                                —                  —                  —                  —                  —                  —                  —                  —      1
quantile reg. + conformal (CQR)       37.3554±0.0262     29.6940±0.0345   2.850e+05±3e+03                   —    174.3147±0.2550      0.9237±0.0000    142.1070±0.5750                  —      1
ridge regression                      25.0151±0.0000     20.5571±0.0000   6980.4418±0.0000                  —                  —                  —                  —                  —      1

=== rul_partial (mean ± sd over seeds) ===

method                                crps_full crps_exact_marginal       crps_imputed          rmse_full rmse_exact_marginal       rmse_imputed picp_exact_marginal       picp_imputed  seeds
----------------------------------------------------------------------------------------------------------------------------------------------------------------------------------------------
PC · 3 dead sensors              20.5993±0.0000     20.7284±0.0000     20.9105±0.0000     40.4918±0.0000     40.7058±0.0000     40.9235±0.0000      0.5847±0.0000      0.5847±0.0000      1

wrote logs/ts/smoke/summary.csv, summary.json, summary.md


######################################################################
# logs/ts/synthetic_ad
######################################################################

=== ad (mean ± sd over seeds) ===

method                                                   auroc                 ap          train_nll              fit_s             params    auroc[decouple]      auroc[desync]       auroc[drift]  seeds
----------------------------------------------------------------------------------------------------------------------------------------------------------------------------------------------------------
conv autoencoder                                 0.9553±0.0108      0.9413±0.0154                  —      1.0077±0.8626                  —      0.6647±0.0404      0.8540±0.0540      0.9978±0.0029      5
RegionGraphPC [chain, K=6]                       0.9487±0.0113      0.9306±0.0154     30.2447±13.9386     58.2010±67.6538   2964.0000±0.0000      0.6221±0.0335      0.8629±0.0478      0.9986±0.0020      5
1-NN distance                                    0.9446±0.0123      0.9229±0.0215                  —      0.0590±0.0444                  —      0.5941±0.0473      0.8354±0.0667      0.9918±0.0060      5
Mahalanobis                                      0.9443±0.0108      0.9224±0.0147                  —      0.0401±0.0147                  —      0.6615±0.0338      0.7915±0.0609      0.9897±0.0103      5
PC · structural-only score                       0.9443±0.0106      0.9193±0.0152                  —                  —                  —      0.6801±0.0255      0.8964±0.0406      0.9836±0.0144      5
PC · 3 dead (exact marginal)                     0.9364±0.0151      0.9122±0.0205                  —                  —                  —      0.6132±0.0558      0.8176±0.0495      0.9904±0.0103      5
Deep SVDD                                        0.9194±0.0202      0.8819±0.0318                  —      0.0876±0.0498                  —      0.5457±0.0511      0.7479±0.0763      0.9551±0.0284      5
PC · 3 dead (mean-imputed)                       0.8975±0.0162      0.8572±0.0216                  —                  —                  —      0.5407±0.0869      0.7565±0.0664      0.9384±0.0531      5
z-score (per channel)                            0.8669±0.0189      0.7879±0.0490                  —      0.0212±0.0093                  —      0.4662±0.0547      0.4965±0.1088      0.9359±0.0443      5
Isolation Forest                                 0.8440±0.0147      0.7471±0.0250                  —      0.1724±0.0692                  —      0.5123±0.0533      0.6742±0.0773      0.8446±0.0391      5
PCA reconstruction                               0.8431±0.0151      0.7500±0.0335                  —      0.0263±0.0116                  —      0.4721±0.0542      0.6511±0.0797      0.8191±0.0277      5
z-score (per channel) · 3 dead (imputed)         0.8374±0.0268      0.7448±0.0355                  —                  —                  —      0.4705±0.0431      0.4792±0.1103      0.9219±0.0486      5
diagonal Gaussian                                0.8323±0.0433      0.7620±0.0573                  —      0.0240±0.0113                  —      0.4937±0.0619      0.4914±0.0794      0.8845±0.0321      5
GMM (8 comp.)                                    0.8041±0.0050      0.4540±0.0192                  —      0.2280±0.1999                  —      0.6316±0.0311      0.6982±0.0484      0.8234±0.0120      5
diagonal Gaussian · 3 dead (imputed)             0.7963±0.0748      0.7246±0.0757                  —                  —                  —      0.4844±0.0495      0.4848±0.0878      0.8536±0.0166      5
moving-average residual                          0.7529±0.0181      0.5284±0.0329                  —      0.1078±0.0493                  —      0.5598±0.0839      0.5516±0.0746      0.8711±0.0549      5
moving-average residual · 3 dead (imputed)       0.7308±0.0306      0.5044±0.0278                  —                  —                  —      0.5463±0.0834      0.5341±0.0726      0.8497±0.0615      5

wrote logs/ts/synthetic_ad/summary.csv, summary.json, summary.md


######################################################################
# logs/ts/synthetic_explain
######################################################################

=== explain (mean ± sd over seeds) ===

method                           variant                           loc_auroc          prec_at_k       deletion_auc  max_residual_nats mean_residual_nats loc_auroc[decouple]  loc_auroc[desync]   loc_auroc[drift]  seeds
-------------------------------------------------------------------------------------------------------------------------------------------------------------------------------------------------------------------------
PC conditional (exact)           shap_samples-32               0.9058±0.0134      0.7620±0.0451      0.4308±0.1215                  —                  —      0.6101±0.0634      0.8354±0.0837      0.9734±0.0079      5
PC conditional (exact)           shap_samples-128              0.9058±0.0134      0.7620±0.0451      0.4308±0.1215                  —                  —      0.6101±0.0634      0.8354±0.0837      0.9734±0.0079      5
PC Shapley (exact conditionals)  shap_samples-32               0.9040±0.0126      0.7608±0.0475      0.4506±0.1085                  —                  —      0.5994±0.0541      0.8176±0.0820      0.9770±0.0132      5
PC Shapley (exact conditionals)  shap_samples-128              0.9040±0.0126      0.7608±0.0475      0.4506±0.1085                  —                  —      0.5994±0.0541      0.8176±0.0820      0.9770±0.0132      5
AE reconstruction (per channel)  shap_samples-32               0.8821±0.0245      0.7124±0.0591      0.5450±0.0813                  —                  —      0.6581±0.0409      0.7929±0.0508      0.9311±0.0409      5
AE reconstruction (per channel)  shap_samples-128              0.8821±0.0245      0.7124±0.0591      0.5450±0.0813                  —                  —      0.6581±0.0409      0.7929±0.0508      0.9311±0.0409      5
PC marginal (exact)              shap_samples-32               0.8432±0.0122      0.5922±0.0270      0.4224±0.1353                  —                  —      0.5700±0.0457      0.5129±0.0507      0.9693±0.0191      5
PC marginal (exact)              shap_samples-128              0.8432±0.0122      0.5922±0.0270      0.4224±0.1353                  —                  —      0.5700±0.0457      0.5129±0.0507      0.9693±0.0191      5
Gaussian conditional (exact)     shap_samples-32               0.7793±0.0286      0.6850±0.0567      0.5909±0.0663                  —                  —      0.7682±0.0198      0.7458±0.0636      0.7954±0.0892      5
Gaussian conditional (exact)     shap_samples-128              0.7793±0.0286      0.6850±0.0567      0.5909±0.0663                  —                  —      0.7682±0.0198      0.7458±0.0636      0.7954±0.0892      5
z-score (per channel)            shap_samples-32               0.7760±0.0132      0.5225±0.0251      0.6411±0.0711                  —                  —      0.5338±0.0267      0.5051±0.0377      0.8643±0.0193      5
z-score (per channel)            shap_samples-128              0.7760±0.0132      0.5225±0.0251      0.6411±0.0711                  —                  —      0.5338±0.0267      0.5051±0.0377      0.8643±0.0193      5
PC structural (exact)            shap_samples-32               0.7699±0.0913      0.6221±0.0572      0.4998±0.1048                  —                  —      0.6410±0.1034      0.8661±0.0551      0.7607±0.1207      5
PC structural (exact)            shap_samples-128              0.7699±0.0913      0.6221±0.0572      0.4998±0.1048                  —                  —      0.6410±0.1034      0.8661±0.0551      0.7607±0.1207      5
AE sampling-SHAP (32/ch)         shap_samples-32               0.5127±0.0290      0.1317±0.0256      0.7692±0.0343                  —                  —      0.4701±0.0382      0.4926±0.0397      0.5004±0.0434      5
AE sampling-SHAP (128/ch)        shap_samples-128              0.5103±0.0276      0.1293±0.0282      0.7684±0.0321                  —                  —      0.4661±0.0199      0.4878±0.0429      0.4954±0.0374      5
PC chain-rule completeness       shap_samples-32                           —                  —                  —   3.052e-05±0e+00    1.987e-06±7e-07                   —                  —                  —      5
PC chain-rule completeness       shap_samples-128                          —                  —                  —   3.052e-05±0e+00    1.987e-06±7e-07                   —                  —                  —      5

wrote logs/ts/synthetic_explain/summary.csv, summary.json, summary.md


######################################################################
# logs/ts/synthetic_rul
######################################################################

=== rul (mean ± sd over seeds) ===

method                            variant                                rmse                mae               nasa               crps     interval_score               picp               mpiw          calib_err  seeds
-------------------------------------------------------------------------------------------------------------------------------------------------------------------------------------------------------------------------
SurvivalPC (exact censored lik.)  censor_frac-0.2              24.2079±2.8304     18.6596±1.3044  69095.0601±63372.9912     11.5637±2.1806    113.4879±12.0665      0.5078±0.0232     60.5794±7.5033      0.1729±0.0458      3
SurvivalPC (drop censored)        censor_frac-0.7              24.3856±2.8192     19.4163±3.0479  35188.2641±19212.7403     11.5978±1.6119    105.2078±6.5340      0.5205±0.0219     63.2851±10.7844      0.1174±0.0042      3
SurvivalPC (drop censored)        censor_frac-0.2              24.4297±2.1692     19.1154±1.2409  58314.7869±50873.7194     11.6007±1.7108    110.1518±8.2112      0.5127±0.0262     61.1316±8.1690      0.1804±0.0558      3
SurvivalPC (drop censored)        censor_frac-0.5              24.3817±1.3970     18.9474±1.8901  39108.3301±25387.3908     11.6614±0.8337    107.9421±2.6742      0.5192±0.0267     60.1072±5.6107      0.1591±0.0770      3
SurvivalPC (exact censored lik.)  censor_frac-0.5              23.8848±2.0650     17.3198±1.0053  61966.7934±33807.2842     11.7367±1.2392    120.6310±19.0200      0.4670±0.0596     49.8361±11.9586      0.1466±0.0334      3
SurvivalPC (drop censored)        censor_frac-0.35             25.4363±2.4431     20.2394±2.0105  38727.7439±22397.2520     12.5511±1.3982    112.4345±16.3874      0.4964±0.0422     58.9774±3.4407      0.1612±0.0515      3
SurvivalPC (exact censored lik.)  censor_frac-0.35             25.4978±1.9715     19.4383±1.8607  56467.5863±21878.8181     12.6530±1.0091    109.6550±9.1080      0.4872±0.0216     56.1654±5.1996      0.1488±0.0292      3
SurvivalPC (exact censored lik.)  censor_frac-0.7              27.3042±3.6108     19.2232±2.5330   1.002e+05±7e+04      13.9321±2.4345    152.4701±19.1929      0.4057±0.0113     41.7977±2.6675      0.1474±0.0063      3
MLP regressor                     censor_frac-0.2              27.7193±1.7036     21.6046±1.2951   1.570e+05±2e+05                   —                  —                  —                  —                  —      3
MLP regressor                     censor_frac-0.35             29.1574±2.0288     23.1947±1.9320  55497.0594±12302.7979                  —                  —                  —                  —                  —      3
MLP regressor                     censor_frac-0.5              31.1610±1.3452     24.5434±1.3362  62283.2640±25334.4207                  —                  —                  —                  —                  —      3
MLP regressor                     censor_frac-0.7              32.6593±4.0857     25.7257±3.4900   8.199e+05±1e+06                   —                  —                  —                  —                  —      3
quantile reg. + conformal (CQR)   censor_frac-0.2              27.9271±1.3948     21.4548±0.8079   2.110e+05±2e+05                   —    127.1654±7.3165      0.8252±0.0339     79.4700±8.7451                  —      3
quantile reg. + conformal (CQR)   censor_frac-0.35             30.7247±2.0168     24.1553±1.9883  73821.3600±15446.5641                  —    145.5133±17.5256      0.8295±0.0523     89.0170±12.7513                  —      3
quantile reg. + conformal (CQR)   censor_frac-0.5              34.6334±1.9680     27.4220±1.8876  97662.2736±26761.9259                  —    165.6866±27.8216      0.8044±0.0315     90.9701±4.8243                  —      3
quantile reg. + conformal (CQR)   censor_frac-0.7              35.1411±4.5303     27.2457±3.9253   3.506e+05±4e+05                   —    171.4526±33.0495      0.9090±0.0355    130.1725±9.3585                  —      3
ridge regression                  censor_frac-0.2              24.8893±1.7934     20.1340±1.2263  35781.3299±27811.3815                  —                  —                  —                  —                  —      3
ridge regression                  censor_frac-0.35             25.2972±2.3481     20.8518±2.0542  21379.8625±7448.7117                  —                  —                  —                  —                  —      3
ridge regression                  censor_frac-0.5              25.9101±2.5233     21.0210±2.8970  22193.9559±11298.8593                  —                  —                  —                  —                  —      3
ridge regression                  censor_frac-0.7              25.9454±3.3036     20.8113±2.2890  43081.8125±41472.3212                  —                  —                  —                  —                  —      3

=== rul_partial (mean ± sd over seeds) ===

method                       variant                           crps_full crps_exact_marginal       crps_imputed          rmse_full rmse_exact_marginal       rmse_imputed picp_exact_marginal       picp_imputed  seeds
-----------------------------------------------------------------------------------------------------------------------------------------------------------------------------------------------------------------------
PC · 3 dead sensors          censor_frac-0.2              11.5637±2.1806     11.8325±1.8598     12.1537±1.6578     24.2079±2.8304     24.8367±2.2636     25.3573±2.0162      0.5039±0.0223      0.4971±0.0296      3
PC · 3 dead sensors          censor_frac-0.5              11.7367±1.2392     12.0502±1.1599     12.8711±1.9495     23.8848±2.0650     24.5127±1.9301     25.6749±3.0031      0.4718±0.0548      0.4382±0.0929      3
PC · 3 dead sensors          censor_frac-0.35             12.6530±1.0091     13.2130±0.7439     13.5590±0.4606     25.4978±1.9715     26.4196±1.4629     26.9094±0.8067      0.4828±0.0207      0.4592±0.0200      3
PC · 3 dead sensors          censor_frac-0.7              13.9321±2.4345     14.1977±2.1479     16.2761±4.9623     27.3042±3.6108     27.6567±3.1598     30.7706±7.4110      0.3977±0.0107      0.3734±0.0190      3

wrote logs/ts/synthetic_rul/summary.csv, summary.json, summary.md

