
=== ad (mean ± sd over seeds) ===

method                                      dataset          variant                               auroc                 ap          train_nll              fit_s             params    auroc[decouple]      auroc[desync]       auroc[drift]  seeds
----------------------------------------------------------------------------------------------------------------------------------------------------------------------------------------------------------------------------------------------------
conv autoencoder                            synthetic        default                       0.9544±0.0115      0.9401±0.0163                  —      0.2883±0.0187                  —      0.6669±0.0413      0.8468±0.0603      0.9984±0.0016      5
RegionGraphPC [chain, K=6]                  synthetic        default                       0.9474±0.0122      0.9289±0.0165     30.3805±13.9461      1.1814±0.3015   2964.0000±0.0000      0.6208±0.0339      0.8559±0.0533      0.9982±0.0025      5
PC · structural-only score                  synthetic        default                       0.9428±0.0117      0.9171±0.0169                  —                  —                  —      0.6810±0.0256      0.8891±0.0474      0.9845±0.0147      5
Mahalanobis                                 synthetic        default                       0.9428±0.0119      0.9210±0.0156                  —      0.0283±0.0028                  —      0.6573±0.0366      0.7819±0.0688      0.9878±0.0121      5
1-NN distance                               synthetic        default                       0.9425±0.0142      0.9197±0.0241                  —      0.0250±0.0116                  —      0.5921±0.0478      0.8221±0.0801      0.9912±0.0063      5
PC · 3 dead (exact marginal)                synthetic        default                       0.9356±0.0153      0.9111±0.0209                  —                  —                  —      0.6166±0.0569      0.8108±0.0544      0.9907±0.0103      5
Deep SVDD                                   synthetic        default                       0.9158±0.0236      0.8772±0.0355                  —      0.0468±0.0117                  —      0.5435±0.0515      0.7324±0.0922      0.9507±0.0319      5
PC · 3 dead (mean-imputed)                  synthetic        default                       0.9000±0.0182      0.8613±0.0255                  —                  —                  —      0.5492±0.0915      0.7489±0.0712      0.9437±0.0560      5
GMM (8 comp.)                               cmapss:FD002     subset-FD002                  0.8864±0.0057      0.7827±0.0090                  —      5.3173±0.9645                  —      0.6225±0.0207      0.7868±0.0301      0.9980±0.0005      3
GMM (8 comp.)                               cmapss:FD004     subset-FD004                  0.8817±0.0035      0.7395±0.0057                  —     43.9633±8.9015                  —      0.6308±0.0086      0.8044±0.0169      0.9980±0.0003      3
Mahalanobis                                 synthetic        default                       0.8690±0.0000      0.7236±0.0000                  —      0.0081±0.0000                  —      0.5299±0.0000      0.7840±0.0000      0.9842±0.0000      1
z-score (per channel)                       synthetic        default                       0.8680±0.0192      0.7900±0.0495                  —      0.0144±0.0016                  —      0.4732±0.0595      0.4945±0.1090      0.9356±0.0443      5
1-NN distance                               synthetic        default                       0.8677±0.0000      0.7448±0.0000                  —      0.0220±0.0000                  —      0.5367±0.0000      0.8355±0.0000      0.9532±0.0000      1
Mahalanobis                                 cmapss:FD002     subset-FD002                  0.8610±0.0052      0.7490±0.0062                  —      1.7487±0.0252                  —      0.5481±0.0253      0.7117±0.0292      0.9981±0.0001      3
RegionGraphPC [chain, K=4]                  synthetic        default                       0.8567±0.0000      0.7227±0.0000     48.9978±0.0000      1.1231±0.0000    752.0000±0.0000      0.5911±0.0000      0.6621±0.0000      0.8047±0.0000      1
RegionGraphPC [chow_liu, K=8]               cmapss:FD001     vtree-chow_liu                0.8539±0.0048      0.7319±0.0046     66.3168±3.9883     44.3693±0.3868   1.574e+05±0e+00       0.5266±0.0571      0.7255±0.0326      0.9992±0.0006      3
Mahalanobis                                 cmapss:FD003     subset-FD003                  0.8531±0.0039      0.6568±0.0133                  —      0.6405±0.1010                  —      0.5426±0.0287      0.7730±0.0126      0.9926±0.0023      3
Mahalanobis                                 cmapss:FD004     subset-FD004                  0.8501±0.0043      0.6966±0.0070                  —      1.7586±0.0060                  —      0.5483±0.0107      0.7174±0.0154      0.9974±0.0002      3
conv autoencoder                            cmapss:FD003     subset-FD003                  0.8490±0.0007      0.6962±0.0092                  —      1.0165±0.0800                  —      0.5354±0.0081      0.7723±0.0040      0.9952±0.0019      3
RegionGraphPC [orc_rg, K=8]                 cmapss:FD001     vtree-orc_rg                  0.8489±0.0050      0.7290±0.0057     64.9274±5.2352    621.2196±4.7315   1.471e+05±0e+00       0.5172±0.0456      0.7083±0.0468      0.9992±0.0005      3
RegionGraphPC [chain, K=8]                  cmapss:FD002     subset-FD002                  0.8483±0.0018      0.7509±0.0020    -95.0992±2.9387     18.0603±0.0876  17280.0000±0.0000      0.6243±0.0109      0.6849±0.0089      0.9893±0.0037      3
RegionGraphPC [chain_grouped, K=8]          cmapss:FD001     vtree-chain_grouped           0.8453±0.0041      0.7176±0.0090     89.2062±8.7815     40.1336±0.0904   1.382e+05±0e+00       0.5188±0.0434      0.7085±0.0356      0.9990±0.0008      3
1-NN distance                               cmapss:FD001     subset-FD001                  0.8438±0.0030      0.7318±0.0016                  —      0.1521±0.0191                  —      0.5051±0.0329      0.6895±0.0512      0.9999±0.0001      3
Isolation Forest                            synthetic        default                       0.8436±0.0148      0.7472±0.0250                  —      0.1143±0.0017                  —      0.5108±0.0536      0.6633±0.0855      0.8486±0.0413      5
PCA reconstruction                          synthetic        default                       0.8427±0.0152      0.7495±0.0335                  —      0.0170±0.0021                  —      0.4753±0.0552      0.6423±0.0850      0.8194±0.0277      5
RegionGraphPC [spectral, K=8]               cmapss:FD001     vtree-spectral                0.8422±0.0070      0.7186±0.0052     57.5294±6.1058     39.9256±0.2562   1.574e+05±0e+00       0.5237±0.0412      0.6777±0.0654      0.9993±0.0004      3
conv autoencoder                            cmapss:FD004     subset-FD004                  0.8389±0.0099      0.7063±0.0159                  —      3.0270±0.0144                  —      0.5381±0.0169      0.6905±0.0352      0.9969±0.0011      3
RegionGraphPC [random, K=8]                 cmapss:FD001     vtree-random                  0.8388±0.0035      0.6972±0.0042     67.3298±14.1899     38.9736±0.2487   1.574e+05±0e+00       0.5135±0.0388      0.6952±0.0178      0.9981±0.0011      3
z-score (per channel) · 3 dead (imputed)    synthetic        default                       0.8379±0.0269      0.7417±0.0370                  —                  —                  —      0.4765±0.0476      0.4777±0.1105      0.9197±0.0492      5
RegionGraphPC [chain, K=16]                 cmapss:FD001     K-16_leaf_components-3        0.8370±0.0042      0.6873±0.0052     80.9679±3.7485     29.0217±4.9052   1.223e+05±0e+00       0.5239±0.0509      0.6914±0.0348      0.9975±0.0016      3
z-score (per channel)                       synthetic        default                       0.8366±0.0000      0.7073±0.0000                  —      0.0038±0.0000                  —      0.5182±0.0000      0.3982±0.0000      0.9221±0.0000      1
diagonal Gaussian                           synthetic        default                       0.8359±0.0449      0.7668±0.0595                  —      0.0149±0.0020                  —      0.4993±0.0647      0.4871±0.0807      0.8898±0.0367      5
RegionGraphPC [forman_rg, K=8]              cmapss:FD001     vtree-forman_rg               0.8354±0.0027      0.6878±0.0054     87.6034±3.4982     38.5879±1.1084  13576.0000±0.0000      0.5264±0.0375      0.6550±0.0438      0.9968±0.0020      3
RegionGraphPC [chain, K=12]                 cmapss:FD001     K-12_leaf_components-3        0.8327±0.0089      0.6814±0.0131     88.5496±3.5807     23.3276±2.0348  66528.0000±0.0000      0.5109±0.0474      0.6820±0.0397      0.9972±0.0017      3
RegionGraphPC [time, K=8]                   cmapss:FD001     vtree-time                    0.8325±0.0060      0.6859±0.0072     82.8968±5.4789     39.2676±0.5757   1.574e+05±0e+00       0.5062±0.0379      0.6779±0.0319      0.9967±0.0022      3
PCA reconstruction                          synthetic        default                       0.8324±0.0000      0.6887±0.0000                  —      0.5408±0.0000                  —      0.5071±0.0000      0.6444±0.0000      0.8787±0.0000      1
GMM (8 comp.)                               cmapss:FD001     subset-FD001                  0.8324±0.0175      0.7023±0.0443                  —      1.7838±1.1147                  —      0.5075±0.0321      0.7159±0.0528      0.9992±0.0007      3
conv autoencoder                            cmapss:FD002     subset-FD002                  0.8319±0.0071      0.7129±0.0078                  —      2.3767±0.0131                  —      0.5086±0.0277      0.6191±0.0276      0.9950±0.0018      3
Mahalanobis                                 cmapss:FD001     subset-FD001                  0.8315±0.0024      0.6748±0.0007                  —      0.3950±0.0640                  —      0.5164±0.0378      0.7175±0.0427      0.9993±0.0007      3
1-NN distance                               cmapss:FD003     subset-FD003                  0.8310±0.0087      0.4810±0.0217                  —      0.2339±0.0142                  —      0.5342±0.0155      0.7343±0.0229      0.9660±0.0032      3
GMM (8 comp.)                               cmapss:FD003     subset-FD003                  0.8291±0.0093      0.5244±0.0146                  —      7.1964±3.0484                  —      0.5341±0.0101      0.7749±0.0202      0.9618±0.0060      3
RegionGraphPC [chain, K=4]                  cmapss:FD001     K-4_leaf_components-3         0.8277±0.0122      0.6664±0.0183    117.3848±4.5653     11.4203±2.1314  12288.0000±0.0000      0.5091±0.0447      0.6631±0.0289      0.9962±0.0023      3
RegionGraphPC [chain, K=8]                  cmapss:FD001     K-8_leaf_components-3         0.8265±0.0068      0.6665±0.0108     97.2798±4.8810     18.1230±0.0565  32160.0000±0.0000      0.5021±0.0446      0.6708±0.0320      0.9959±0.0028      3
RegionGraphPC [channel, K=8]                cmapss:FD001     vtree-channel                 0.8264±0.0075      0.6874±0.0106     64.6084±21.0168     37.8562±0.5533   1.574e+05±0e+00       0.5311±0.0461      0.5938±0.0508      0.9963±0.0021      3
RegionGraphPC [chain, K=6]                  cmapss:FD001     K-6_leaf_components-3         0.8258±0.0031      0.6653±0.0061    111.9362±8.1581     15.3499±0.1059  20844.0000±0.0000      0.5042±0.0330      0.6601±0.0421      0.9957±0.0030      3
1-NN distance                               cmapss:FD002     subset-FD002                  0.8248±0.0024      0.6765±0.0047                  —      0.7797±0.0047                  —      0.5121±0.0266      0.5980±0.0032      0.9978±0.0002      3
PC · 3 dead (exact marginal)                cmapss:FD002     subset-FD002                  0.8245±0.0010      0.7058±0.0035                  —                  —                  —      0.5945±0.0028      0.6391±0.0040      0.9820±0.0012      3
RegionGraphPC [chain, K=2]                  cmapss:FD001     K-2_leaf_components-3         0.8128±0.0086      0.6372±0.0145    139.8168±3.0207      9.9145±0.0142   5628.0000±0.0000      0.4974±0.0405      0.6386±0.0515      0.9921±0.0051      3
PCA reconstruction                          cmapss:FD001     subset-FD001                  0.8116±0.0052      0.6619±0.0060                  —      0.1226±0.0026                  —      0.5068±0.0282      0.6739±0.0329      0.9850±0.0060      3
diagonal Gaussian                           synthetic        default                       0.8102±0.0000      0.6476±0.0000                  —      0.0029±0.0000                  —      0.5926±0.0000      0.3254±0.0000      0.7081±0.0000      1
PC · 3 dead (mean-imputed)                  synthetic        default                       0.8098±0.0000      0.6600±0.0000                  —                  —                  —      0.5536±0.0000      0.5941±0.0000      0.7041±0.0000      1
1-NN distance                               cmapss:FD004     subset-FD004                  0.8057±0.0038      0.5732±0.0088                  —      0.9291±0.0285                  —      0.4925±0.0209      0.6188±0.0057      0.9923±0.0008      3
GMM (8 comp.)                               synthetic        default                       0.8048±0.0055      0.4555±0.0198                  —      0.0668±0.0132                  —      0.6265±0.0355      0.6906±0.0548      0.8244±0.0125      5
PC · 3 dead (exact marginal)                synthetic        default                       0.8034±0.0000      0.6620±0.0000                  —                  —                  —      0.5349±0.0000      0.5959±0.0000      0.6721±0.0000      1
conv autoencoder                            cmapss:FD001     subset-FD001                  0.8001±0.0114      0.6424±0.0195                  —      0.7679±0.0486                  —      0.5009±0.0328      0.6488±0.0362      0.9884±0.0083      3
z-score (per channel)                       cmapss:FD002     subset-FD002                  0.8000±0.0034      0.6277±0.0036                  —      0.1122±0.0029                  —      0.5019±0.0175      0.5048±0.0075      0.9795±0.0014      3
diagonal Gaussian · 3 dead (imputed)        synthetic        default                       0.7988±0.0753      0.7235±0.0758                  —                  —                  —      0.4897±0.0526      0.4818±0.0884      0.8556±0.0179      5
diagonal Gaussian                           cmapss:FD002     subset-FD002                  0.7978±0.0029      0.6721±0.0051                  —      0.3664±0.0161                  —      0.4905±0.0053      0.5184±0.0128      0.9878±0.0012      3
moving-average residual                     cmapss:FD002     subset-FD002                  0.7952±0.0036      0.6519±0.0054                  —      0.7657±0.0077                  —      0.4972±0.0273      0.5030±0.0089      0.9540±0.0087      3
z-score (per channel)                       cmapss:FD004     subset-FD004                  0.7950±0.0041      0.5874±0.0069                  —      0.1302±0.0037                  —      0.5072±0.0076      0.5182±0.0066      0.9779±0.0031      3
z-score (per channel) · 3 dead (imputed)    synthetic        default                       0.7926±0.0000      0.6446±0.0000                  —                  —                  —      0.4959±0.0000      0.4334±0.0000      0.6908±0.0000      1
RegionGraphPC [chain_perm_features, K=8]    cmapss:FD001     vtree-chain_perm_features      0.7923±0.0029      0.5949±0.0081    162.3010±15.8561     10.4531±0.9300  15360.0000±0.0000      0.5043±0.0250      0.5894±0.0318      0.9856±0.0087      3
PC · structural-only score                  cmapss:FD002     subset-FD002                  0.7905±0.0046      0.6607±0.0002                  —                  —                  —      0.6468±0.0136      0.6929±0.0299      0.9668±0.0046      3
RegionGraphPC [chain, K=8]                  cmapss:FD004     subset-FD004                  0.7892±0.0050      0.6126±0.0104     66.8202±20.8707     23.5459±0.1369  17280.0000±0.0000      0.5605±0.0176      0.5793±0.0181      0.9789±0.0028      3
diagonal Gaussian · 3 dead (imputed)        cmapss:FD002     subset-FD002                  0.7855±0.0018      0.6469±0.0039                  —                  —                  —      0.4905±0.0047      0.5166±0.0113      0.9789±0.0044      3
z-score (per channel) · 3 dead (imputed)    cmapss:FD002     subset-FD002                  0.7845±0.0019      0.5858±0.0020                  —                  —                  —      0.5014±0.0187      0.5042±0.0064      0.9643±0.0041      3
z-score (per channel) · 3 dead (imputed)    cmapss:FD004     subset-FD004                  0.7839±0.0053      0.5612±0.0085                  —                  —                  —      0.5112±0.0105      0.5153±0.0077      0.9668±0.0080      3
moving-average residual                     cmapss:FD004     subset-FD004                  0.7825±0.0039      0.5926±0.0099                  —      0.9083±0.0033                  —      0.4989±0.0055      0.5052±0.0080      0.9505±0.0080      3
diagonal Gaussian · 3 dead (imputed)        synthetic        default                       0.7811±0.0000      0.6170±0.0000                  —                  —                  —      0.5320±0.0000      0.3929±0.0000      0.5404±0.0000      1
PC · structural-only score                  cmapss:FD001     K-8_leaf_components-3         0.7791±0.0027      0.5906±0.0061                  —                  —                  —      0.4732±0.0266      0.7457±0.0073      0.9611±0.0015      3
PC · structural-only score                  cmapss:FD001     K-12_leaf_components-3        0.7790±0.0089      0.5882±0.0087                  —                  —                  —      0.4860±0.0326      0.7579±0.0212      0.9650±0.0023      3
z-score (per channel) · 3 dead (imputed)    cmapss:FD001     subset-FD001                  0.7775±0.0088      0.6547±0.0176                  —                  —                  —      0.4917±0.0152      0.4946±0.0031      0.9524±0.0187      3
PC · structural-only score                  cmapss:FD001     K-16_leaf_components-3        0.7765±0.0131      0.6037±0.0148                  —                  —                  —      0.5022±0.0129      0.7471±0.0268      0.9662±0.0033      3
Deep SVDD                                   cmapss:FD004     subset-FD004                  0.7748±0.0086      0.5874±0.0151                  —      0.4001±0.0142                  —      0.4961±0.0160      0.6039±0.0163      0.9873±0.0042      3
moving-average residual · 3 dead (imputed)  cmapss:FD002     subset-FD002                  0.7723±0.0039      0.6041±0.0048                  —                  —                  —      0.4956±0.0249      0.5056±0.0100      0.9196±0.0071      3
PC · 3 dead (exact marginal)                cmapss:FD004     subset-FD004                  0.7717±0.0089      0.5774±0.0136                  —                  —                  —      0.5463±0.0165      0.5592±0.0232      0.9662±0.0077      3
Deep SVDD                                   cmapss:FD003     subset-FD003                  0.7706±0.0076      0.5028±0.0343                  —      0.1519±0.0049                  —      0.5101±0.0039      0.6513±0.0136      0.9589±0.0145      3
Deep SVDD                                   cmapss:FD002     subset-FD002                  0.7703±0.0119      0.6173±0.0114                  —      0.3698±0.0056                  —      0.4961±0.0318      0.5498±0.0276      0.9624±0.0063      3
PC · structural-only score                  synthetic        default                       0.7698±0.0000      0.5553±0.0000                  —                  —                  —      0.4781±0.0000      0.6899±0.0000      0.7046±0.0000      1
diagonal Gaussian                           cmapss:FD004     subset-FD004                  0.7696±0.0074      0.5861±0.0090                  —      0.3863±0.0227                  —      0.5137±0.0119      0.5156±0.0181      0.9780±0.0031      3
z-score (per channel)                       cmapss:FD003     subset-FD003                  0.7671±0.0097      0.3249±0.0169                  —      0.0524±0.0022                  —      0.5154±0.0123      0.5539±0.0115      0.8900±0.0028      3
PC · structural-only score                  cmapss:FD001     K-6_leaf_components-3         0.7653±0.0096      0.5857±0.0051                  —                  —                  —      0.4998±0.0201      0.7041±0.0360      0.9581±0.0061      3
moving-average residual · 3 dead (imputed)  cmapss:FD004     subset-FD004                  0.7630±0.0062      0.5518±0.0145                  —                  —                  —      0.5048±0.0088      0.5031±0.0039      0.9200±0.0149      3
PC · structural-only score                  cmapss:FD001     K-4_leaf_components-3         0.7629±0.0137      0.5697±0.0187                  —                  —                  —      0.4995±0.0252      0.6921±0.0114      0.9610±0.0178      3
PC · 3 dead (exact marginal)                cmapss:FD001     subset-FD001                  0.7628±0.0074      0.4520±0.0136                  —                  —                  —      0.5059±0.0106      0.5816±0.0360      0.9448±0.0118      3
PCA reconstruction                          cmapss:FD003     subset-FD003                  0.7605±0.0102      0.3006±0.0159                  —      0.2875±0.1641                  —      0.5203±0.0136      0.6343±0.0155      0.9155±0.0039      3
diagonal Gaussian · 3 dead (imputed)        cmapss:FD004     subset-FD004                  0.7588±0.0095      0.5607±0.0130                  —                  —                  —      0.5141±0.0130      0.5153±0.0210      0.9656±0.0079      3
PC · structural-only score                  cmapss:FD004     subset-FD004                  0.7585±0.0071      0.6048±0.0110                  —                  —                  —      0.5743±0.0069      0.5977±0.0053      0.9568±0.0064      3
moving-average residual                     synthetic        default                       0.7560±0.0208      0.5343±0.0385                  —      0.0680±0.0035                  —      0.5572±0.0844      0.5485±0.0753      0.8727±0.0552      5
RegionGraphPC [chain, K=8]                  cmapss:FD001     subset-FD001                  0.7528±0.0081      0.5037±0.0118    189.4360±1.9045      7.3714±0.4175  15360.0000±0.0000      0.5059±0.0142      0.5430±0.0232      0.9496±0.0056      3
RegionGraphPC [chain, K=8]                  cmapss:FD001     K-8_leaf_components-1         0.7528±0.0081      0.5037±0.0118    189.4360±1.9045     15.6238±0.1750  15360.0000±0.0000      0.5059±0.0142      0.5430±0.0232      0.9496±0.0056      3
RegionGraphPC [chain, K=8]                  cmapss:FD001     vtree-chain                   0.7528±0.0081      0.5037±0.0118    189.4360±1.9045     11.1065±0.4199  15360.0000±0.0000      0.5059±0.0142      0.5430±0.0232      0.9496±0.0056      3
Deep SVDD                                   cmapss:FD001     subset-FD001                  0.7527±0.0102      0.5272±0.0067                  —      0.1100±0.0115                  —      0.5010±0.0157      0.6141±0.0149      0.9598±0.0121      3
z-score (per channel) · 3 dead (imputed)    cmapss:FD003     subset-FD003                  0.7522±0.0099      0.3108±0.0161                  —                  —                  —      0.5126±0.0106      0.5552±0.0219      0.8807±0.0111      3
RegionGraphPC [chain, K=12]                 cmapss:FD001     K-12_leaf_components-1        0.7522±0.0075      0.5039±0.0111    189.7643±9.0904     20.4273±0.0644  41328.0000±0.0000      0.5039±0.0165      0.5432±0.0221      0.9489±0.0060      3
RegionGraphPC [chain_perm_blocks, K=8]      cmapss:FD001     vtree-chain_perm_blocks       0.7512±0.0056      0.5019±0.0078    190.8153±7.7817     10.6851±0.0735  15360.0000±0.0000      0.5045±0.0167      0.5419±0.0198      0.9480±0.0081      3
RegionGraphPC [chain, K=2]                  cmapss:FD001     K-2_leaf_components-1         0.7509±0.0061      0.5015±0.0083    189.0310±2.6982      9.5011±0.4533   1428.0000±0.0000      0.5039±0.0150      0.5416±0.0195      0.9479±0.0078      3
RegionGraphPC [chain, K=6]                  cmapss:FD001     K-6_leaf_components-1         0.7506±0.0068      0.5008±0.0084    198.8117±15.7291     13.4108±0.0380   8244.0000±0.0000      0.5037±0.0167      0.5413±0.0191      0.9477±0.0072      3
RegionGraphPC [chain, K=16]                 cmapss:FD001     K-16_leaf_components-1        0.7505±0.0067      0.5010±0.0080    189.5520±2.9541     27.6223±0.2401  88704.0000±0.0000      0.5059±0.0139      0.5398±0.0192      0.9475±0.0073      3
RegionGraphPC [chain, K=4]                  cmapss:FD001     K-4_leaf_components-1         0.7502±0.0065      0.5006±0.0082    190.1728±0.6480     11.2506±0.0341   3888.0000±0.0000      0.5039±0.0153      0.5411±0.0185      0.9474±0.0079      3
PC · structural-only score                  cmapss:FD001     vtree-random                  0.7488±0.0066      0.5644±0.0199                  —                  —                  —      0.5016±0.0079      0.7959±0.0090      0.9578±0.0035      3
moving-average residual                     cmapss:FD003     subset-FD003                  0.7443±0.0095      0.4436±0.0220                  —      0.3162±0.0007                  —      0.5525±0.0078      0.5390±0.0218      0.8132±0.0132      3
PCA reconstruction                          cmapss:FD002     subset-FD002                  0.7377±0.0044      0.4076±0.0024                  —      1.3422±0.0458                  —      0.5185±0.0258      0.5717±0.0098      0.9283±0.0083      3
diagonal Gaussian                           cmapss:FD001     subset-FD001                  0.7349±0.0049      0.4490±0.0070                  —      0.0791±0.0020                  —      0.5055±0.0133      0.5316±0.0242      0.9276±0.0098      3
PC · structural-only score                  cmapss:FD001     vtree-forman_rg               0.7348±0.0102      0.5918±0.0119                  —                  —                  —      0.4827±0.0114      0.7969±0.0073      0.9725±0.0102      3
moving-average residual · 3 dead (imputed)  synthetic        default                       0.7316±0.0307      0.5053±0.0280                  —                  —                  —      0.5454±0.0835      0.5305±0.0736      0.8485±0.0616      5
PC · structural-only score                  cmapss:FD001     K-2_leaf_components-3         0.7302±0.0022      0.5071±0.0318                  —                  —                  —      0.4959±0.0178      0.7162±0.0308      0.9276±0.0173      3
PC · 3 dead (mean-imputed)                  cmapss:FD004     subset-FD004                  0.7284±0.0106      0.5253±0.0256                  —                  —                  —      0.5159±0.0073      0.5050±0.0237      0.9412±0.0012      3
PC · structural-only score                  cmapss:FD001     vtree-time                    0.7275±0.0059      0.5256±0.0048                  —                  —                  —      0.4808±0.0131      0.7595±0.0127      0.9508±0.0055      3
PC · structural-only score                  cmapss:FD001     vtree-orc_rg                  0.7274±0.0137      0.5796±0.0026                  —                  —                  —      0.5022±0.0400      0.8115±0.0183      0.9733±0.0074      3
PCA reconstruction                          cmapss:FD004     subset-FD004                  0.7273±0.0045      0.3406±0.0081                  —      0.9738±0.5490                  —      0.5015±0.0261      0.5822±0.0086      0.9308±0.0026      3
RegionGraphPC [chain, K=8]                  cmapss:FD003     subset-FD003                  0.7272±0.0193      0.3855±0.0297    230.4450±2.6165      9.7558±0.0916  15680.0000±0.0000      0.5111±0.0132      0.5589±0.0260      0.8939±0.0102      3
PC · structural-only score                  cmapss:FD001     vtree-chow_liu                0.7266±0.0091      0.5785±0.0045                  —                  —                  —      0.4899±0.0510      0.8169±0.0125      0.9720±0.0085      3
PC · structural-only score                  cmapss:FD001     vtree-channel                 0.7244±0.0035      0.5259±0.0281                  —                  —                  —      0.5096±0.0229      0.7813±0.0303      0.9334±0.0106      3
PC · 3 dead (exact marginal)                cmapss:FD003     subset-FD003                  0.7229±0.0182      0.3776±0.0281                  —                  —                  —      0.5111±0.0093      0.5612±0.0308      0.8895±0.0138      3
moving-average residual                     synthetic        default                       0.7228±0.0000      0.5120±0.0000                  —      0.0109±0.0000                  —      0.4047±0.0000      0.4734±0.0000      0.9832±0.0000      1
PC · 3 dead (mean-imputed)                  cmapss:FD003     subset-FD003                  0.7213±0.0178      0.3769±0.0274                  —                  —                  —      0.5108±0.0101      0.5598±0.0302      0.8859±0.0140      3
moving-average residual · 3 dead (imputed)  cmapss:FD003     subset-FD003                  0.7171±0.0137      0.4048±0.0203                  —                  —                  —      0.5444±0.0066      0.5406±0.0395      0.7738±0.0227      3
diagonal Gaussian · 3 dead (imputed)        cmapss:FD001     subset-FD001                  0.7163±0.0083      0.3916±0.0071                  —                  —                  —      0.5078±0.0079      0.5340±0.0256      0.8923±0.0119      3
moving-average residual                     cmapss:FD001     subset-FD001                  0.7159±0.0193      0.5095±0.0205                  —      0.2092±0.0013                  —      0.5129±0.0270      0.4907±0.0299      0.8117±0.0292      3
Isolation Forest                            cmapss:FD002     subset-FD002                  0.7139±0.0069      0.4705±0.0143                  —      0.5301±0.0119                  —      0.4859±0.0069      0.5344±0.0226      0.9131±0.0175      3
PC · structural-only score                  cmapss:FD001     vtree-spectral                0.7130±0.0100      0.5701±0.0053                  —                  —                  —      0.5024±0.0258      0.8144±0.0178      0.9696±0.0142      3
diagonal Gaussian                           cmapss:FD003     subset-FD003                  0.7130±0.0171      0.2933±0.0182                  —      0.1288±0.0027                  —      0.5106±0.0131      0.5560±0.0231      0.8627±0.0131      3
PC · structural-only score                  cmapss:FD001     vtree-chain_grouped           0.7118±0.0030      0.5713±0.0086                  —                  —                  —      0.4786±0.0373      0.7970±0.0288      0.9574±0.0099      3
Isolation Forest                            cmapss:FD001     subset-FD001                  0.7111±0.0085      0.3973±0.0074                  —      0.2010±0.0041                  —      0.4985±0.0248      0.5761±0.0257      0.9109±0.0131      3
diagonal Gaussian · 3 dead (imputed)        cmapss:FD003     subset-FD003                  0.7094±0.0167      0.2882±0.0179                  —                  —                  —      0.5101±0.0095      0.5583±0.0279      0.8594±0.0169      3
PC · 3 dead (mean-imputed)                  cmapss:FD001     subset-FD001                  0.7054±0.0054      0.3539±0.0244                  —                  —                  —      0.5138±0.0104      0.5363±0.0252      0.8654±0.0374      3
moving-average residual · 3 dead (imputed)  cmapss:FD001     subset-FD001                  0.7004±0.0269      0.4705±0.0299                  —                  —                  —      0.5237±0.0396      0.5013±0.0464      0.7837±0.0465      3
moving-average residual · 3 dead (imputed)  synthetic        default                       0.6957±0.0000      0.4545±0.0000                  —                  —                  —      0.4064±0.0000      0.3515±0.0000      0.8402±0.0000      1
Isolation Forest                            cmapss:FD003     subset-FD003                  0.6940±0.0172      0.2855±0.0169                  —      0.2554±0.0042                  —      0.5152±0.0150      0.5893±0.0222      0.8627±0.0179      3
z-score (per channel)                       cmapss:FD001     subset-FD001                  0.6901±0.0038      0.4056±0.0163                  —      0.0314±0.0010                  —      0.4914±0.0208      0.5091±0.0210      0.8105±0.0173      3
PC · structural-only score                  cmapss:FD003     subset-FD003                  0.6864±0.0094      0.2762±0.0121                  —                  —                  —      0.5015±0.0267      0.5650±0.0134      0.8809±0.0115      3
PC · structural-only score                  cmapss:FD001     vtree-chain_perm_features      0.6788±0.0035      0.2662±0.0213                  —                  —                  —      0.4858±0.0294      0.6012±0.0091      0.8407±0.0241      3
Isolation Forest                            cmapss:FD004     subset-FD004                  0.6752±0.0081      0.2691±0.0142                  —      0.5618±0.0163                  —      0.5161±0.0168      0.5234±0.0088      0.8482±0.0136      3
PC · 3 dead (mean-imputed)                  cmapss:FD002     subset-FD002                  0.6413±0.0178      0.3993±0.0146                  —                  —                  —      0.5197±0.0257      0.5118±0.0356      0.8482±0.0042      3
PC · structural-only score                  cmapss:FD001     subset-FD001                  0.5820±0.0030      0.1896±0.0087                  —                  —                  —      0.4933±0.0355      0.5105±0.0013      0.6484±0.0062      3
PC · structural-only score                  cmapss:FD001     K-8_leaf_components-1         0.5820±0.0030      0.1896±0.0087                  —                  —                  —      0.4933±0.0355      0.5105±0.0013      0.6484±0.0062      3
PC · structural-only score                  cmapss:FD001     vtree-chain                   0.5820±0.0030      0.1896±0.0087                  —                  —                  —      0.4933±0.0355      0.5105±0.0013      0.6484±0.0062      3
PC · structural-only score                  cmapss:FD001     K-12_leaf_components-1        0.5772±0.0137      0.1854±0.0073                  —                  —                  —      0.4962±0.0397      0.5070±0.0050      0.6399±0.0033      3
PC · structural-only score                  cmapss:FD001     K-16_leaf_components-1        0.5753±0.0091      0.1823±0.0058                  —                  —                  —      0.4946±0.0381      0.5090±0.0047      0.6527±0.0133      3
PC · structural-only score                  cmapss:FD001     K-4_leaf_components-1         0.5742±0.0026      0.2042±0.0069                  —                  —                  —      0.4964±0.0383      0.5113±0.0069      0.6574±0.0053      3
PC · structural-only score                  cmapss:FD001     K-6_leaf_components-1         0.5721±0.0127      0.1804±0.0083                  —                  —                  —      0.4905±0.0379      0.5090±0.0044      0.6552±0.0123      3
PC · structural-only score                  cmapss:FD001     vtree-chain_perm_blocks       0.5706±0.0068      0.1858±0.0085                  —                  —                  —      0.4909±0.0383      0.5097±0.0063      0.6527±0.0079      3
PC · structural-only score                  cmapss:FD001     K-2_leaf_components-1         0.5350±0.0079      0.1767±0.0051                  —                  —                  —      0.4853±0.0422      0.5265±0.0131      0.6442±0.0025      3

=== calibration (mean ± sd over seeds) ===

method                                       dataset          variant                                picp               mpiw          picp_edge          mpiw_edge           pit_mean            pit_var     interval_score               crps  seeds
-----------------------------------------------------------------------------------------------------------------------------------------------------------------------------------------------------------------------------------------------------
SurvivalPC + split conformal (cqr) · a=0.10  cmapss:FD002     subset-FD002                  0.9853±0.0019     96.6718±1.7620                  —                  —                  —                  —    100.0701±1.2315     13.8481±0.3839      5
SurvivalPC + split conformal (cqr) · a=0.20  cmapss:FD002     subset-FD002                  0.9853±0.0019     96.6718±1.7620                  —                  —                  —                  —     98.3709±1.4945     13.8481±0.3839      5
SurvivalPC + split conformal (cqr) · a=0.10  cmapss:FD001     subset-FD001                  0.9703±0.0048     73.5372±1.7295                  —                  —                  —                  —     80.4642±0.6495     11.0861±0.1152      5
SurvivalPC + split conformal (cqr) · a=0.20  cmapss:FD001     subset-FD001                  0.9703±0.0048     73.5372±1.7295                  —                  —                  —                  —     77.0007±1.1863     11.0861±0.1152      5
SurvivalPC + split conformal (cqr)           synthetic        default                       0.9679±0.0000     96.5428±0.0000                  —                  —                  —                  —    106.6901±0.0000     16.3548±0.0000      1
SurvivalPC + split conformal (cqr)           cmapss:FD001     subset-FD001_alpha-0.1        0.9569±0.0098     56.0699±3.2961                  —                  —                  —                  —     64.8083±1.2343      7.9745±0.3218      3
quantile reg. + conformal (CQR)              synthetic        default                       0.9398±0.0000    210.9744±0.0000                  —                  —                  —                  —    229.6814±0.0000                  —      1
quantile reg. + conformal (CQR) · a=0.10     cmapss:FD001     subset-FD001                  0.8480±0.0277     50.6696±3.1551                  —                  —                  —                  —     72.5529±1.8672                  —      5
quantile reg. + conformal (CQR) · a=0.10     cmapss:FD002     subset-FD002                  0.8454±0.0176     53.6446±2.4141                  —                  —                  —                  —     77.0003±3.3265                  —      5
quantile reg. + conformal (CQR)              cmapss:FD001     subset-FD001_alpha-0.1        0.8276±0.0292     56.0554±2.4068                  —                  —                  —                  —     88.7859±3.8973                  —      3
quantile reg. + conformal (CQR) · a=0.20     cmapss:FD002     subset-FD002                  0.7359±0.0226     42.0895±1.7715                  —                  —                  —                  —     66.5915±1.3494                  —      5
quantile reg. + conformal (CQR) · a=0.20     cmapss:FD001     subset-FD001                  0.7123±0.0247     38.4745±1.6407                  —                  —                  —                  —     60.7540±1.4328                  —      5
SurvivalPC + split conformal (pit)           synthetic        default                       0.5582±0.0000     88.1024±0.0000                  —                  —                  —                  —    137.8883±0.0000     16.3548±0.0000      1
SurvivalPC (raw exact predictive)            synthetic        default                       0.5502±0.0000     85.7095±0.0000      0.9679±0.0000     96.5428±0.0000      0.3702±0.0000      0.0790±0.0000    140.5824±0.0000     16.3548±0.0000      1
SurvivalPC + split conformal (pit) · a=0.10  cmapss:FD002     subset-FD002                  0.4286±0.0013     97.6072±0.8442                  —                  —                  —                  —    127.1728±0.5714     13.8481±0.3839      5
SurvivalPC (raw exact predictive) · a=0.10   cmapss:FD002     subset-FD002                  0.4210±0.0021     91.6718±1.7620      0.9853±0.0019     96.6718±1.7620      0.5590±0.0186      0.0713±0.0024    123.5572±1.1270     13.8481±0.3839      5
SurvivalPC (raw exact predictive) · a=0.20   cmapss:FD002     subset-FD002                  0.4210±0.0021     91.6718±1.7620      0.9853±0.0019     96.6718±1.7620      0.5590±0.0186      0.0713±0.0024    107.6145±1.4413     13.8481±0.3839      5
SurvivalPC + split conformal (pit) · a=0.10  cmapss:FD001     subset-FD001                  0.4111±0.0043     74.3337±2.1716                  —                  —                  —                  —    106.6672±1.0085     11.0861±0.1152      5
SurvivalPC + split conformal (pit) · a=0.20  cmapss:FD002     subset-FD002                  0.4096±0.0023     85.1297±1.0969                  —                  —                  —                  —    102.6889±0.6487     13.8481±0.3839      5
SurvivalPC (raw exact predictive) · a=0.10   cmapss:FD001     subset-FD001                  0.3993±0.0049     68.5372±1.7295      0.9703±0.0048     73.5372±1.7295      0.5253±0.0128      0.0794±0.0024    104.9067±0.4155     11.0861±0.1152      5
SurvivalPC (raw exact predictive) · a=0.20   cmapss:FD001     subset-FD001                  0.3993±0.0049     68.5372±1.7295      0.9703±0.0048     73.5372±1.7295      0.5253±0.0128      0.0794±0.0024     86.7220±1.0666     11.0861±0.1152      5
SurvivalPC + split conformal (pit)           cmapss:FD001     subset-FD001_alpha-0.1        0.3938±0.0055     56.9363±1.4370                  —                  —                  —                  —     91.5159±0.1400      7.9745±0.3218      3
SurvivalPC + split conformal (pit) · a=0.20  cmapss:FD001     subset-FD001                  0.3868±0.0071     64.9118±2.2845                  —                  —                  —                  —     84.6206±1.1255     11.0861±0.1152      5
SurvivalPC (raw exact predictive)            cmapss:FD001     subset-FD001_alpha-0.1        0.3807±0.0125     51.0699±3.2961                  —                  —                  —                  —     90.0619±0.6869      7.9745±0.3218      3

=== explain (mean ± sd over seeds) ===

method                           dataset          variant                           loc_auroc          prec_at_k       deletion_auc  max_residual_nats mean_residual_nats loc_auroc[decouple]  loc_auroc[desync]   loc_auroc[drift]  seeds
------------------------------------------------------------------------------------------------------------------------------------------------------------------------------------------------------------------------------------------
PC conditional (exact)           synthetic        shap_samples-32               0.9058±0.0134      0.7620±0.0451      0.4308±0.1215                  —                  —      0.6101±0.0634      0.8354±0.0837      0.9734±0.0079      5
PC conditional (exact)           synthetic        shap_samples-128              0.9058±0.0134      0.7620±0.0451      0.4308±0.1215                  —                  —      0.6101±0.0634      0.8354±0.0837      0.9734±0.0079      5
PC Shapley (exact conditionals)  synthetic        shap_samples-32               0.9040±0.0126      0.7608±0.0475      0.4506±0.1085                  —                  —      0.5994±0.0541      0.8176±0.0820      0.9770±0.0132      5
PC Shapley (exact conditionals)  synthetic        shap_samples-128              0.9040±0.0126      0.7608±0.0475      0.4506±0.1085                  —                  —      0.5994±0.0541      0.8176±0.0820      0.9770±0.0132      5
AE reconstruction (per channel)  synthetic        shap_samples-32               0.8821±0.0245      0.7124±0.0591      0.5450±0.0813                  —                  —      0.6581±0.0409      0.7929±0.0508      0.9311±0.0409      5
AE reconstruction (per channel)  synthetic        shap_samples-128              0.8821±0.0245      0.7124±0.0591      0.5450±0.0813                  —                  —      0.6581±0.0409      0.7929±0.0508      0.9311±0.0409      5
Gaussian conditional (exact)     cmapss:FD001     subset-FD001                  0.8807±0.0088      0.6510±0.0064      0.1158±0.0123                  —                  —      0.4732±0.0361      0.7217±0.0205      0.9741±0.0017      3
PC Shapley (exact conditionals)  cmapss:FD001     subset-FD001                  0.8668±0.0096      0.6320±0.0065      0.0671±0.0011                  —                  —      0.4823±0.0666      0.5520±0.0445      0.9765±0.0064      3
PC conditional (exact)           synthetic        default                       0.8654±0.0000      0.6765±0.0000      0.2541±0.0000                  —                  —      0.7086±0.0000      0.2857±0.0000      0.9688±0.0000      1
PC marginal (exact)              cmapss:FD001     subset-FD001                  0.8628±0.0085      0.6208±0.0113      0.0671±0.0011                  —                  —      0.4809±0.0653      0.5294±0.0358      0.9716±0.0050      3
PC marginal (exact)              cmapss:FD002     subset-FD002                  0.8625±0.0104      0.6113±0.0063      0.0752±0.0056                  —                  —      0.4825±0.0437      0.4946±0.0127      0.9897±0.0002      3
PC conditional (exact)           cmapss:FD001     subset-FD001                  0.8624±0.0082      0.6258±0.0105      0.0670±0.0011                  —                  —      0.4779±0.0660      0.5498±0.0479      0.9717±0.0047      3
PC conditional (exact)           cmapss:FD002     subset-FD002                  0.8566±0.0019      0.5380±0.0135      0.0641±0.0028                  —                  —      0.6282±0.0419      0.6132±0.0203      0.8998±0.0098      3
z-score (per channel)            cmapss:FD002     subset-FD002                  0.8556±0.0022      0.5851±0.0228      0.0919±0.0032                  —                  —      0.4744±0.0645      0.5210±0.0213      0.9739±0.0014      3
PC marginal (exact)              cmapss:FD004     subset-FD004                  0.8509±0.0171      0.5843±0.0130      0.0620±0.0054                  —                  —      0.4926±0.0320      0.4957±0.0195      0.9700±0.0027      3
PC Shapley (exact conditionals)  synthetic        default                       0.8485±0.0000      0.6569±0.0000      0.2325±0.0000                  —                  —      0.6286±0.0000      0.2857±0.0000      0.9219±0.0000      1
PC Shapley (exact conditionals)  cmapss:FD002     subset-FD002                  0.8458±0.0010      0.4997±0.0204      0.0652±0.0035                  —                  —      0.6023±0.0430      0.5950±0.0234      0.8912±0.0094      3
z-score (per channel)            cmapss:FD004     subset-FD004                  0.8443±0.0201      0.5754±0.0175      0.0604±0.0022                  —                  —      0.5061±0.0417      0.4594±0.0063      0.9685±0.0014      3
PC conditional (exact)           cmapss:FD004     subset-FD004                  0.8434±0.0122      0.5365±0.0089      0.0606±0.0053                  —                  —      0.5642±0.0471      0.5379±0.0298      0.9204±0.0211      3
PC marginal (exact)              synthetic        shap_samples-32               0.8432±0.0122      0.5922±0.0270      0.4224±0.1353                  —                  —      0.5700±0.0457      0.5129±0.0507      0.9693±0.0191      5
PC marginal (exact)              synthetic        shap_samples-128              0.8432±0.0122      0.5922±0.0270      0.4224±0.1353                  —                  —      0.5700±0.0457      0.5129±0.0507      0.9693±0.0191      5
z-score (per channel)            cmapss:FD001     subset-FD001                  0.8425±0.0049      0.5570±0.0149      0.0693±0.0036                  —                  —      0.4866±0.0417      0.5047±0.0263      0.9490±0.0013      3
PC Shapley (exact conditionals)  cmapss:FD004     subset-FD004                  0.8340±0.0100      0.5086±0.0110      0.0612±0.0059                  —                  —      0.5589±0.0504      0.5313±0.0270      0.9067±0.0217      3
Gaussian conditional (exact)     cmapss:FD004     subset-FD004                  0.8279±0.0149      0.5012±0.0114      0.0639±0.0048                  —                  —      0.5919±0.0282      0.7338±0.0184      0.8408±0.0273      3
Gaussian conditional (exact)     cmapss:FD002     subset-FD002                  0.8143±0.0062      0.4861±0.0164      0.1239±0.0207                  —                  —      0.5981±0.0243      0.6812±0.0529      0.8340±0.0096      3
Gaussian conditional (exact)     synthetic        default                       0.7991±0.0000      0.6373±0.0000      0.1881±0.0000                  —                  —      0.6457±0.0000      0.0000±0.0000      0.8281±0.0000      1
z-score (per channel)            synthetic        default                       0.7917±0.0000      0.6078±0.0000      0.1815±0.0000                  —                  —      0.6629±0.0000      0.0000±0.0000      0.7891±0.0000      1
Gaussian conditional (exact)     synthetic        shap_samples-32               0.7793±0.0286      0.6850±0.0567      0.5909±0.0663                  —                  —      0.7682±0.0198      0.7458±0.0636      0.7954±0.0892      5
Gaussian conditional (exact)     synthetic        shap_samples-128              0.7793±0.0286      0.6850±0.0567      0.5909±0.0663                  —                  —      0.7682±0.0198      0.7458±0.0636      0.7954±0.0892      5
z-score (per channel)            synthetic        shap_samples-32               0.7760±0.0132      0.5225±0.0251      0.6411±0.0711                  —                  —      0.5338±0.0267      0.5051±0.0377      0.8643±0.0193      5
z-score (per channel)            synthetic        shap_samples-128              0.7760±0.0132      0.5225±0.0251      0.6411±0.0711                  —                  —      0.5338±0.0267      0.5051±0.0377      0.8643±0.0193      5
PC structural (exact)            synthetic        shap_samples-32               0.7699±0.0913      0.6221±0.0572      0.4998±0.1048                  —                  —      0.6410±0.1034      0.8661±0.0551      0.7607±0.1207      5
PC structural (exact)            synthetic        shap_samples-128              0.7699±0.0913      0.6221±0.0572      0.4998±0.1048                  —                  —      0.6410±0.1034      0.8661±0.0551      0.7607±0.1207      5
PC marginal (exact)              synthetic        default                       0.7634±0.0000      0.6373±0.0000      0.1938±0.0000                  —                  —      0.6857±0.0000      0.0000±0.0000      0.8047±0.0000      1
AE sampling-SHAP (32/ch)         cmapss:FD002     subset-FD002                  0.7576±0.0130      0.4516±0.0321      0.1051±0.0295                  —                  —      0.4690±0.0297      0.5126±0.0391      0.8661±0.0192      3
AE reconstruction (per channel)  cmapss:FD004     subset-FD004                  0.7558±0.0041      0.4205±0.0233      0.1158±0.0211                  —                  —      0.4999±0.0572      0.5978±0.0090      0.7862±0.0399      3
AE reconstruction (per channel)  cmapss:FD002     subset-FD002                  0.7553±0.0103      0.4096±0.0058      0.1769±0.0581                  —                  —      0.4864±0.0214      0.5663±0.0489      0.8085±0.0230      3
AE sampling-SHAP (32/ch)         cmapss:FD004     subset-FD004                  0.7537±0.0125      0.4142±0.0144      0.0725±0.0147                  —                  —      0.4930±0.0374      0.4984±0.0373      0.8326±0.0176      3
AE reconstruction (per channel)  cmapss:FD001     subset-FD001                  0.7418±0.0233      0.3861±0.0467      0.1085±0.0245                  —                  —      0.4947±0.0266      0.5753±0.0399      0.8513±0.0028      3
AE reconstruction (per channel)  synthetic        default                       0.7392±0.0000      0.5686±0.0000      0.2046±0.0000                  —                  —      0.5943±0.0000      0.0000±0.0000      0.7969±0.0000      1
PC structural (exact)            cmapss:FD002     subset-FD002                  0.6893±0.0143      0.3623±0.0183      0.0525±0.0013                  —                  —      0.6980±0.0545      0.6316±0.0111      0.6645±0.0229      3
AE sampling-SHAP (32/ch)         cmapss:FD001     subset-FD001                  0.6864±0.0054      0.3231±0.0209      0.0924±0.0049                  —                  —      0.4732±0.0139      0.4931±0.0021      0.7929±0.0221      3
PC structural (exact)            cmapss:FD004     subset-FD004                  0.6857±0.0164      0.3507±0.0195      0.0937±0.0247                  —                  —      0.5905±0.0539      0.6092±0.0355      0.7012±0.0167      3
PC structural (exact)            synthetic        default                       0.6212±0.0000      0.3922±0.0000      0.3553±0.0000                  —                  —      0.3543±0.0000      0.7143±0.0000      0.7734±0.0000      1
PC structural (exact)            cmapss:FD001     subset-FD001                  0.6087±0.0202      0.3212±0.0186      0.0716±0.0076                  —                  —      0.4994±0.0118      0.6077±0.0338      0.6248±0.0324      3
AE sampling-SHAP (32/ch)         synthetic        shap_samples-32               0.5127±0.0290      0.1317±0.0256      0.7692±0.0343                  —                  —      0.4701±0.0382      0.4926±0.0397      0.5004±0.0434      5
AE sampling-SHAP (128/ch)        synthetic        shap_samples-128              0.5103±0.0276      0.1293±0.0282      0.7684±0.0321                  —                  —      0.4661±0.0199      0.4878±0.0429      0.4954±0.0374      5
AE sampling-SHAP (4/ch)          synthetic        default                       0.4802±0.0000      0.2843±0.0000      0.5877±0.0000                  —                  —      0.2971±0.0000      0.4286±0.0000      0.6953±0.0000      1
PC chain-rule completeness       cmapss:FD004     subset-FD004                              —                  —                  —      0.0014±0.0022   4.231e-05±7e-05                   —                  —                  —      3
PC chain-rule completeness       cmapss:FD002     subset-FD002                              —                  —                  —      0.0030±0.0042   6.383e-05±9e-05                   —                  —                  —      3
PC chain-rule completeness       cmapss:FD001     subset-FD001                              —                  —                  —      0.0208±0.0361   3.314e-04±6e-04                   —                  —                  —      3
PC chain-rule completeness       synthetic        default                                   —                  —                  —   3.815e-06±0e+00    9.537e-07±0e+00                   —                  —                  —      1
PC chain-rule completeness       synthetic        shap_samples-32                           —                  —                  —   3.052e-05±0e+00    1.987e-06±7e-07                   —                  —                  —      5
PC chain-rule completeness       synthetic        shap_samples-128                          —                  —                  —   3.052e-05±0e+00    1.987e-06±7e-07                   —                  —                  —      5

=== rul (mean ± sd over seeds) ===

method                                   dataset          variant                                rmse                mae               nasa               crps     interval_score               picp               mpiw          picp_edge  seeds
-------------------------------------------------------------------------------------------------------------------------------------------------------------------------------------------------------------------------------------------------
SurvivalPC (exact censored lik.) [all]   cmapss:FD001     censor_frac-0.5              24.9121±0.1529     19.3512±0.3095   2.497e+05±5e+04      10.8583±0.1090    103.5207±1.9793      0.3938±0.0099     65.9996±2.6190      0.9672±0.0088      3
SurvivalPC (exact censored lik.) [all]   cmapss:FD001     censor_frac-0.35             25.4006±0.1723     20.1367±0.2778   2.234e+05±9e+03      11.0369±0.0713    104.8501±0.6134      0.3990±0.0060     68.4471±2.0559      0.9704±0.0054      3
SurvivalPC (exact censored lik.) [all]   cmapss:FD001     censor_frac-0.7              25.0700±0.2183     17.8827±0.4902   4.486e+05±7e+04      11.2962±0.1755    109.0785±3.9847      0.3484±0.0303     54.9419±7.1591      0.9260±0.0274      3
SurvivalPC (drop censored) [all]         cmapss:FD001     censor_frac-0.7              26.0190±2.4618     21.3490±2.3033   1.727e+05±2e+04      11.4438±1.2485    105.4704±4.9603      0.4038±0.0109     70.0754±6.5301      0.9735±0.0080      3
SurvivalPC (exact censored lik.) [all]   cmapss:FD001     censor_frac-0.2              26.2712±0.2459     21.2853±0.3488   1.862e+05±8e+03      11.4836±0.1285    105.7301±0.5348      0.4045±0.0045     70.7224±1.7817      0.9755±0.0045      3
SurvivalPC (exact censored lik.)         synthetic        censor_frac-0.2              24.2079±2.8304     18.6596±1.3044  69095.0601±63372.9912     11.5637±2.1806    113.4879±12.0665      0.5078±0.0232     60.5794±7.5033                  —      3
SurvivalPC (drop censored)               synthetic        censor_frac-0.7              24.3856±2.8192     19.4163±3.0479  35188.2641±19212.7403     11.5978±1.6119    105.2078±6.5340      0.5205±0.0219     63.2851±10.7844                  —      3
SurvivalPC (drop censored)               synthetic        censor_frac-0.2              24.4297±2.1692     19.1154±1.2409  58314.7869±50873.7194     11.6007±1.7108    110.1518±8.2112      0.5127±0.0262     61.1316±8.1690                  —      3
SurvivalPC (drop censored) [all]         cmapss:FD001     censor_frac-0.5              26.4172±1.8967     21.7988±1.6258   1.574e+05±3e+04      11.6384±0.9581    105.9378±3.8561      0.4073±0.0047     71.1496±4.3347      0.9763±0.0044      3
SurvivalPC (drop censored)               synthetic        censor_frac-0.5              24.3817±1.3970     18.9474±1.8901  39108.3301±25387.3908     11.6614±0.8337    107.9421±2.6742      0.5192±0.0267     60.1072±5.6107                  —      3
SurvivalPC (exact censored lik.)         synthetic        censor_frac-0.5              23.8848±2.0650     17.3198±1.0053  61966.7934±33807.2842     11.7367±1.2392    120.6310±19.0200      0.4670±0.0596     49.8361±11.9586                  —      3
SurvivalPC (drop censored) [all]         cmapss:FD001     censor_frac-0.35             27.2594±0.5880     22.4820±0.6046   1.689e+05±8e+03      12.0519±0.3289    107.5647±1.2460      0.4099±0.0031     73.2711±1.7050      0.9789±0.0027      3
SurvivalPC (drop censored) [all]         cmapss:FD001     censor_frac-0.2              27.4495±0.2892     22.5715±0.3365   1.706e+05±8e+03      12.1775±0.1688    107.6658±0.5296      0.4089±0.0035     72.8844±1.4454      0.9776±0.0033      3
SurvivalPC (drop censored)               synthetic        censor_frac-0.35             25.4363±2.4431     20.2394±2.0105  38727.7439±22397.2520     12.5511±1.3982    112.4345±16.3874      0.4964±0.0422     58.9774±3.4407                  —      3
SurvivalPC (exact censored lik.)         synthetic        censor_frac-0.35             25.4978±1.9715     19.4383±1.8607  56467.5863±21878.8181     12.6530±1.0091    109.6550±9.1080      0.4872±0.0216     56.1654±5.1996                  —      3
SurvivalPC (drop censored)               synthetic        default                      27.2133±0.0000     23.4020±0.0000  10860.3353±0.0000     12.9474±0.0000    128.4873±0.0000      0.5743±0.0000     84.4043±0.0000      0.9880±0.0000      1
SurvivalPC (exact censored lik.)         synthetic        default                      27.3981±0.0000     22.0836±0.0000  11257.0246±0.0000     13.5327±0.0000    126.0576±0.0000      0.5141±0.0000     68.7416±0.0000      0.9398±0.0000      1
SurvivalPC (exact censored lik.)         synthetic        censor_frac-0.7              27.3042±3.6108     19.2232±2.5330   1.002e+05±7e+04      13.9321±2.4345    152.4701±19.1929      0.4057±0.0113     41.7977±2.6675                  —      3
SurvivalPC (drop censored) [last]        cmapss:FD001     censor_frac-0.5              26.4762±1.4971     21.1393±1.3498   6808.7071±2633.1123     14.2596±0.7497    103.3167±5.6392      0.8317±0.0075     80.2667±4.4913      0.9533±0.0082      3
SurvivalPC (drop censored) [last]        cmapss:FD001     censor_frac-0.7              26.6146±1.8761     20.9202±1.8283   7894.5369±3001.2091     14.4279±0.8882    101.7500±8.4836      0.8267±0.0151     78.0833±7.9547      0.9517±0.0117      3
SurvivalPC (drop censored) [last]        cmapss:FD001     censor_frac-0.2              26.8869±0.1369     21.5226±0.2520   7396.5703±485.9772     14.4460±0.0829    105.4833±0.7587      0.8317±0.0041     82.1000±1.0854      0.9600±0.0000      3
SurvivalPC (drop censored) [last]        cmapss:FD001     censor_frac-0.35             27.0311±0.2661     21.6543±0.2425   7665.6208±1049.7021     14.5430±0.1496    105.9417±0.7123      0.8333±0.0052     82.6083±1.2448      0.9600±0.0000      3
SurvivalPC (exact censored lik.) [last]  cmapss:FD001     censor_frac-0.2              27.5436±0.2254     21.7250±0.1898  10036.8028±773.1503     14.9596±0.1267    107.1417±0.8120      0.8317±0.0041     81.5250±1.5814      0.9583±0.0075      3
SurvivalPC (exact censored lik.) [last]  cmapss:FD001     censor_frac-0.35             28.7475±0.4364     22.2155±0.3396  13952.9940±934.5142     15.8680±0.2593    108.8583±1.1142      0.8217±0.0098     80.6750±1.2332      0.9483±0.0041      3
SurvivalPC (exact censored lik.) [last]  cmapss:FD001     censor_frac-0.5              29.7219±1.6266     22.7972±1.0460  16133.9440±4962.2024     16.6621±1.0056    108.3500±6.6090      0.8117±0.0183     80.2000±1.9627      0.9417±0.0133      3
SurvivalPC (exact censored lik.) [last]  cmapss:FD001     censor_frac-0.7              34.3266±0.9739     25.9745±0.7302  32341.1952±5612.9285     20.2527±0.8055    127.6833±8.5111      0.7433±0.0413     73.9500±4.5250      0.8767±0.0418      3
MLP regressor                            synthetic        censor_frac-0.2              27.7193±1.7036     21.6046±1.2951   1.570e+05±2e+05                   —                  —                  —                  —                  —      3
MLP regressor                            synthetic        censor_frac-0.35             29.1574±2.0288     23.1947±1.9320  55497.0594±12302.7979                  —                  —                  —                  —                  —      3
MLP regressor                            synthetic        censor_frac-0.5              31.1610±1.3452     24.5434±1.3362  62283.2640±25334.4207                  —                  —                  —                  —                  —      3
MLP regressor                            synthetic        censor_frac-0.7              32.6593±4.0857     25.7257±3.4900   8.199e+05±1e+06                   —                  —                  —                  —                  —      3
MLP regressor                            synthetic        default                      35.2942±0.0000     28.5171±0.0000   2.686e+05±0e+00                   —                  —                  —                  —                  —      1
MLP regressor [all]                      cmapss:FD001     censor_frac-0.2              17.2058±0.4609     13.2076±0.5351  43032.7219±4808.0935                  —                  —                  —                  —                  —      3
MLP regressor [all]                      cmapss:FD001     censor_frac-0.35             17.6024±0.3182     13.5789±0.2674  47607.5259±5460.6823                  —                  —                  —                  —                  —      3
MLP regressor [all]                      cmapss:FD001     censor_frac-0.5              17.5778±0.3331     13.7442±0.3733  39485.7752±4142.3899                  —                  —                  —                  —                  —      3
MLP regressor [all]                      cmapss:FD001     censor_frac-0.7              18.7447±0.3106     14.7341±0.3741  56660.5647±15030.4772                  —                  —                  —                  —                  —      3
MLP regressor [last]                     cmapss:FD001     censor_frac-0.2              17.0590±0.6204     12.5474±0.7499    658.7871±68.0572                  —                  —                  —                  —                  —      3
MLP regressor [last]                     cmapss:FD001     censor_frac-0.35             17.1842±0.6388     12.5332±0.6065    735.3747±101.0071                  —                  —                  —                  —                  —      3
MLP regressor [last]                     cmapss:FD001     censor_frac-0.5              18.0216±0.3759     13.2082±0.6701    795.0571±79.0099                  —                  —                  —                  —                  —      3
MLP regressor [last]                     cmapss:FD001     censor_frac-0.7              18.6038±1.2773     13.9981±1.2665    876.3675±145.5914                  —                  —                  —                  —                  —      3
quantile reg. + conformal (CQR)          synthetic        censor_frac-0.2              27.9271±1.3948     21.4548±0.8079   2.110e+05±2e+05                   —    127.1654±7.3165      0.8252±0.0339     79.4700±8.7451                  —      3
quantile reg. + conformal (CQR)          synthetic        censor_frac-0.35             30.7247±2.0168     24.1553±1.9883  73821.3600±15446.5641                  —    145.5133±17.5256      0.8295±0.0523     89.0170±12.7513                  —      3
quantile reg. + conformal (CQR)          synthetic        censor_frac-0.5              34.6334±1.9680     27.4220±1.8876  97662.2736±26761.9259                  —    165.6866±27.8216      0.8044±0.0315     90.9701±4.8243                  —      3
quantile reg. + conformal (CQR)          synthetic        censor_frac-0.7              35.1411±4.5303     27.2457±3.9253   3.506e+05±4e+05                   —    171.4526±33.0495      0.9090±0.0355    130.1725±9.3585                  —      3
quantile reg. + conformal (CQR)          synthetic        default                      38.1192±0.0000     30.5967±0.0000   1.809e+05±0e+00                   —    167.0626±0.0000      0.9438±0.0000    148.8736±0.0000                  —      1
quantile reg. + conformal (CQR) [all]    cmapss:FD001     censor_frac-0.2              16.9998±0.2760     13.1806±0.3710  37083.7919±4545.0599                  —     68.6431±1.5546      0.8446±0.0193     47.3329±0.9645                  —      3
quantile reg. + conformal (CQR) [all]    cmapss:FD001     censor_frac-0.35             17.4693±0.7304     13.5693±0.7731  44946.4437±7387.0225                  —     71.9858±2.4455      0.8252±0.0175     47.0331±0.9577                  —      3
quantile reg. + conformal (CQR) [all]    cmapss:FD001     censor_frac-0.5              17.7697±0.3486     13.9609±0.4253  41521.6854±4738.5795                  —     71.6157±1.7292      0.8527±0.0102     51.4822±0.8128                  —      3
quantile reg. + conformal (CQR) [all]    cmapss:FD001     censor_frac-0.7              19.0012±0.2476     14.8286±0.2550  63138.4861±9940.8236                  —     79.6105±1.1110      0.8470±0.0158     53.9169±2.1858                  —      3
quantile reg. + conformal (CQR) [last]   cmapss:FD001     censor_frac-0.2              16.5655±0.2331     12.0425±0.2520    675.9049±59.5120                  —     72.6046±3.4206      0.8833±0.0103     45.3201±0.7589                  —      3
quantile reg. + conformal (CQR) [last]   cmapss:FD001     censor_frac-0.35             16.4528±0.2768     11.9505±0.2965    656.7041±87.9785                  —     72.0073±1.8542      0.8800±0.0219     45.5759±0.8262                  —      3
quantile reg. + conformal (CQR) [last]   cmapss:FD001     censor_frac-0.5              17.3917±0.3530     12.9906±0.2053    725.2116±68.1043                  —     71.4423±3.1468      0.8883±0.0426     48.2633±1.1192                  —      3
quantile reg. + conformal (CQR) [last]   cmapss:FD001     censor_frac-0.7              18.3700±0.9503     14.1886±1.2149    831.9747±117.7510                  —     73.3529±3.2187      0.8817±0.0147     50.0729±1.1813                  —      3
ridge regression                         synthetic        censor_frac-0.2              24.8893±1.7934     20.1340±1.2263  35781.3299±27811.3815                  —                  —                  —                  —                  —      3
ridge regression                         synthetic        censor_frac-0.35             25.2972±2.3481     20.8518±2.0542  21379.8625±7448.7117                  —                  —                  —                  —                  —      3
ridge regression                         synthetic        censor_frac-0.5              25.9101±2.5233     21.0210±2.8970  22193.9559±11298.8593                  —                  —                  —                  —                  —      3
ridge regression                         synthetic        censor_frac-0.7              25.9454±3.3036     20.8113±2.2890  43081.8125±41472.3212                  —                  —                  —                  —                  —      3
ridge regression                         synthetic        default                      27.6246±0.0000     23.2565±0.0000   6936.9627±0.0000                  —                  —                  —                  —                  —      1
ridge regression [all]                   cmapss:FD001     censor_frac-0.2              18.1023±0.1523     14.5854±0.1488  29391.1571±129.1158                  —                  —                  —                  —                  —      3
ridge regression [all]                   cmapss:FD001     censor_frac-0.35             18.0882±0.2932     14.5962±0.3011  29824.8333±224.4604                  —                  —                  —                  —                  —      3
ridge regression [all]                   cmapss:FD001     censor_frac-0.5              18.0995±0.1484     14.5856±0.0687  30189.9971±1031.0437                  —                  —                  —                  —                  —      3
ridge regression [all]                   cmapss:FD001     censor_frac-0.7              18.8279±0.5336     15.1318±0.5283  35678.6122±1310.5248                  —                  —                  —                  —                  —      3
ridge regression [last]                  cmapss:FD001     censor_frac-0.2              17.9651±0.0393     14.5286±0.0681    617.0831±6.5228                  —                  —                  —                  —                  —      3
ridge regression [last]                  cmapss:FD001     censor_frac-0.35             17.9145±0.2395     14.4752±0.1807    634.1789±30.8090                  —                  —                  —                  —                  —      3
ridge regression [last]                  cmapss:FD001     censor_frac-0.5              17.9794±0.7212     14.4176±0.4966    632.9737±74.0471                  —                  —                  —                  —                  —      3
ridge regression [last]                  cmapss:FD001     censor_frac-0.7              18.9679±1.0102     14.9860±0.6430    773.6213±172.4762                  —                  —                  —                  —                  —      3

=== rul_partial (mean ± sd over seeds) ===

method                       dataset          variant                           crps_full crps_exact_marginal       crps_imputed          rmse_full rmse_exact_marginal       rmse_imputed picp_exact_marginal picp_exact_marginal_edge  seeds
----------------------------------------------------------------------------------------------------------------------------------------------------------------------------------------------------------------------------------------------
PC · 3 dead sensors          cmapss:FD001     censor_frac-0.5              10.9024±0.0162     10.8564±0.1343     18.7356±4.2287     24.9691±0.0694     24.7682±0.3045     38.5430±5.6928      0.3744±0.0146      0.9504±0.0131      3
PC · 3 dead sensors          cmapss:FD001     censor_frac-0.35             11.0691±0.0567     10.9094±0.0278     22.8536±4.5064     25.4761±0.1379     25.0468±0.0427     44.0464±6.1643      0.3857±0.0083      0.9590±0.0090      3
PC · 3 dead sensors          cmapss:FD001     censor_frac-0.2              11.4488±0.1135     11.1247±0.0653     21.4514±6.2832     26.1996±0.1879     25.5652±0.1120     42.0038±7.8239      0.3922±0.0123      0.9656±0.0120      3
PC · 3 dead sensors          cmapss:FD001     censor_frac-0.7              11.2971±0.2245     11.3030±0.3439     15.7099±2.2242     25.1140±0.2570     25.0058±0.5507     34.0544±3.9811      0.3255±0.0328      0.9059±0.0289      3
PC · 3 dead sensors          synthetic        censor_frac-0.2              11.5637±2.1806     11.8325±1.8598     12.1537±1.6578     24.2079±2.8304     24.8367±2.2636     25.3573±2.0162      0.5039±0.0223                  —      3
PC · 3 dead sensors          synthetic        censor_frac-0.5              11.7367±1.2392     12.0502±1.1599     12.8711±1.9495     23.8848±2.0650     24.5127±1.9301     25.6749±3.0031      0.4718±0.0548                  —      3
PC · 3 dead sensors          synthetic        censor_frac-0.35             12.6530±1.0091     13.2130±0.7439     13.5590±0.4606     25.4978±1.9715     26.4196±1.4629     26.9094±0.8067      0.4828±0.0207                  —      3
PC · 3 dead sensors          synthetic        default                      13.5327±0.0000     13.5283±0.0000     15.2244±0.0000     27.3981±0.0000     27.6901±0.0000     30.1398±0.0000      0.5261±0.0000      0.9558±0.0000      1
PC · 3 dead sensors          synthetic        censor_frac-0.7              13.9321±2.4345     14.1977±2.1479     16.2761±4.9623     27.3042±3.6108     27.6567±3.1598     30.7706±7.4110      0.3977±0.0107                  —      3

=== scaling (mean ± sd over seeds) ===

method                       variant                                   d         dag_leaves         dag_params        dag_build_s          dag_fwd_s        tree_leaves        tree_params       tree_build_s  seeds
--------------------------------------------------------------------------------------------------------------------------------------------------------------------------------------------------------------------
d=8                          K-4                           8.0000±0.0000     32.0000±0.0000    464.0000±0.0000      0.0043±0.0000      0.0968±0.0000    512.0000±0.0000   1316.0000±0.0000      0.0437±0.0000      1
d=8                          K-6                           8.0000±0.0000     48.0000±0.0000   1428.0000±0.0000      0.0144±0.0000      0.0067±0.0000   1728.0000±0.0000   4398.0000±0.0000      0.0602±0.0000      1
d=16                         K-4                          16.0000±0.0000     64.0000±0.0000   1040.0000±0.0000      0.0071±0.0000      0.0067±0.0000   4096.0000±0.0000  10532.0000±0.0000      0.2244±0.0000      1
d=16                         K-6                          16.0000±0.0000     96.0000±0.0000   3252.0000±0.0000      0.0148±0.0000      0.0124±0.0000  20736.0000±0.0000  52782.0000±0.0000      1.1960±0.0000      1
d=32                         K-4                          32.0000±0.0000    128.0000±0.0000   2192.0000±0.0000      0.0154±0.0000      0.0139±0.0000  32768.0000±0.0000  84260.0000±0.0000      1.9560±0.0000      1
d=32                         K-6                          32.0000±0.0000    192.0000±0.0000   6900.0000±0.0000      0.0307±0.0000      0.0251±0.0000   2.488e+05±0e+00    6.334e+05±0e+00      16.2064±0.0000      1
d=64                         K-4                          64.0000±0.0000    256.0000±0.0000   4496.0000±0.0000      0.0308±0.0000      0.0282±0.0000   2.621e+05±0e+00    6.741e+05±0e+00      20.2020±0.0000      1
d=64                         K-6                          64.0000±0.0000    384.0000±0.0000  14196.0000±0.0000      0.0620±0.0000      0.0512±0.0000                  —                  —                  —      1
d=112                        K-4                         112.0000±0.0000    448.0000±0.0000   7952.0000±0.0000      0.0545±0.0000      0.0499±0.0000                  —                  —                  —      1
d=112                        K-6                         112.0000±0.0000    672.0000±0.0000  25140.0000±0.0000      0.1152±0.0000      0.0904±0.0000                  —                  —                  —      1
d=256                        K-4                         256.0000±0.0000   1024.0000±0.0000  18320.0000±0.0000      0.1315±0.0000      0.1159±0.0000                  —                  —                  —      1
d=256                        K-6                         256.0000±0.0000   1536.0000±0.0000  57972.0000±0.0000      0.2529±0.0000      0.2083±0.0000                  —                  —                  —      1
d=1024                       K-4                        1024.0000±0.0000   4096.0000±0.0000  73616.0000±0.0000      0.5191±0.0000      0.4684±0.0000                  —                  —                  —      1
d=1024                       K-6                        1024.0000±0.0000   6144.0000±0.0000   2.331e+05±0e+00       1.3709±0.0000      0.8461±0.0000                  —                  —                  —      1

wrote logs/ts/summary.csv, summary.json, summary.md


######################################################################
# logs/ts/_console
######################################################################
no results.jsonl found under logs/ts/_console

######################################################################
# logs/ts/capacity_sweep
######################################################################

=== ad (mean ± sd over seeds) ===

method                       variant                               auroc                 ap          train_nll              fit_s             params    auroc[decouple]      auroc[desync]       auroc[drift]  seeds
--------------------------------------------------------------------------------------------------------------------------------------------------------------------------------------------------------------------
RegionGraphPC [chain, K=16]  K-16_leaf_components-3        0.8370±0.0042      0.6873±0.0052     80.9679±3.7485     29.0217±4.9052   1.223e+05±0e+00       0.5239±0.0509      0.6914±0.0348      0.9975±0.0016      3
RegionGraphPC [chain, K=12]  K-12_leaf_components-3        0.8327±0.0089      0.6814±0.0131     88.5496±3.5807     23.3276±2.0348  66528.0000±0.0000      0.5109±0.0474      0.6820±0.0397      0.9972±0.0017      3
RegionGraphPC [chain, K=4]   K-4_leaf_components-3         0.8277±0.0122      0.6664±0.0183    117.3848±4.5653     11.4203±2.1314  12288.0000±0.0000      0.5091±0.0447      0.6631±0.0289      0.9962±0.0023      3
RegionGraphPC [chain, K=8]   K-8_leaf_components-3         0.8265±0.0068      0.6665±0.0108     97.2798±4.8810     18.1230±0.0565  32160.0000±0.0000      0.5021±0.0446      0.6708±0.0320      0.9959±0.0028      3
RegionGraphPC [chain, K=6]   K-6_leaf_components-3         0.8258±0.0031      0.6653±0.0061    111.9362±8.1581     15.3499±0.1059  20844.0000±0.0000      0.5042±0.0330      0.6601±0.0421      0.9957±0.0030      3
RegionGraphPC [chain, K=2]   K-2_leaf_components-3         0.8128±0.0086      0.6372±0.0145    139.8168±3.0207      9.9145±0.0142   5628.0000±0.0000      0.4974±0.0405      0.6386±0.0515      0.9921±0.0051      3
PC · structural-only score   K-8_leaf_components-3         0.7791±0.0027      0.5906±0.0061                  —                  —                  —      0.4732±0.0266      0.7457±0.0073      0.9611±0.0015      3
PC · structural-only score   K-12_leaf_components-3        0.7790±0.0089      0.5882±0.0087                  —                  —                  —      0.4860±0.0326      0.7579±0.0212      0.9650±0.0023      3
PC · structural-only score   K-16_leaf_components-3        0.7765±0.0131      0.6037±0.0148                  —                  —                  —      0.5022±0.0129      0.7471±0.0268      0.9662±0.0033      3
PC · structural-only score   K-6_leaf_components-3         0.7653±0.0096      0.5857±0.0051                  —                  —                  —      0.4998±0.0201      0.7041±0.0360      0.9581±0.0061      3
PC · structural-only score   K-4_leaf_components-3         0.7629±0.0137      0.5697±0.0187                  —                  —                  —      0.4995±0.0252      0.6921±0.0114      0.9610±0.0178      3
RegionGraphPC [chain, K=8]   K-8_leaf_components-1         0.7528±0.0081      0.5037±0.0118    189.4360±1.9045     15.6238±0.1750  15360.0000±0.0000      0.5059±0.0142      0.5430±0.0232      0.9496±0.0056      3
RegionGraphPC [chain, K=12]  K-12_leaf_components-1        0.7522±0.0075      0.5039±0.0111    189.7643±9.0904     20.4273±0.0644  41328.0000±0.0000      0.5039±0.0165      0.5432±0.0221      0.9489±0.0060      3
RegionGraphPC [chain, K=2]   K-2_leaf_components-1         0.7509±0.0061      0.5015±0.0083    189.0310±2.6982      9.5011±0.4533   1428.0000±0.0000      0.5039±0.0150      0.5416±0.0195      0.9479±0.0078      3
RegionGraphPC [chain, K=6]   K-6_leaf_components-1         0.7506±0.0068      0.5008±0.0084    198.8117±15.7291     13.4108±0.0380   8244.0000±0.0000      0.5037±0.0167      0.5413±0.0191      0.9477±0.0072      3
RegionGraphPC [chain, K=16]  K-16_leaf_components-1        0.7505±0.0067      0.5010±0.0080    189.5520±2.9541     27.6223±0.2401  88704.0000±0.0000      0.5059±0.0139      0.5398±0.0192      0.9475±0.0073      3
RegionGraphPC [chain, K=4]   K-4_leaf_components-1         0.7502±0.0065      0.5006±0.0082    190.1728±0.6480     11.2506±0.0341   3888.0000±0.0000      0.5039±0.0153      0.5411±0.0185      0.9474±0.0079      3
PC · structural-only score   K-2_leaf_components-3         0.7302±0.0022      0.5071±0.0318                  —                  —                  —      0.4959±0.0178      0.7162±0.0308      0.9276±0.0173      3
PC · structural-only score   K-8_leaf_components-1         0.5820±0.0030      0.1896±0.0087                  —                  —                  —      0.4933±0.0355      0.5105±0.0013      0.6484±0.0062      3
PC · structural-only score   K-12_leaf_components-1        0.5772±0.0137      0.1854±0.0073                  —                  —                  —      0.4962±0.0397      0.5070±0.0050      0.6399±0.0033      3
PC · structural-only score   K-16_leaf_components-1        0.5753±0.0091      0.1823±0.0058                  —                  —                  —      0.4946±0.0381      0.5090±0.0047      0.6527±0.0133      3
PC · structural-only score   K-4_leaf_components-1         0.5742±0.0026      0.2042±0.0069                  —                  —                  —      0.4964±0.0383      0.5113±0.0069      0.6574±0.0053      3
PC · structural-only score   K-6_leaf_components-1         0.5721±0.0127      0.1804±0.0083                  —                  —                  —      0.4905±0.0379      0.5090±0.0044      0.6552±0.0123      3
PC · structural-only score   K-2_leaf_components-1         0.5350±0.0079      0.1767±0.0051                  —                  —                  —      0.4853±0.0422      0.5265±0.0131      0.6442±0.0025      3

wrote logs/ts/capacity_sweep/summary.csv, summary.json, summary.md


######################################################################
# logs/ts/cmapss_ad
######################################################################

=== ad (mean ± sd over seeds) ===

method                                      dataset          variant                               auroc                 ap          train_nll              fit_s             params    auroc[decouple]      auroc[desync]       auroc[drift]  seeds
----------------------------------------------------------------------------------------------------------------------------------------------------------------------------------------------------------------------------------------------------
GMM (8 comp.)                               cmapss:FD002     subset-FD002                  0.8864±0.0057      0.7827±0.0090                  —      5.3173±0.9645                  —      0.6225±0.0207      0.7868±0.0301      0.9980±0.0005      3
GMM (8 comp.)                               cmapss:FD004     subset-FD004                  0.8817±0.0035      0.7395±0.0057                  —     43.9633±8.9015                  —      0.6308±0.0086      0.8044±0.0169      0.9980±0.0003      3
Mahalanobis                                 cmapss:FD002     subset-FD002                  0.8610±0.0052      0.7490±0.0062                  —      1.7487±0.0252                  —      0.5481±0.0253      0.7117±0.0292      0.9981±0.0001      3
Mahalanobis                                 cmapss:FD003     subset-FD003                  0.8531±0.0039      0.6568±0.0133                  —      0.6405±0.1010                  —      0.5426±0.0287      0.7730±0.0126      0.9926±0.0023      3
Mahalanobis                                 cmapss:FD004     subset-FD004                  0.8501±0.0043      0.6966±0.0070                  —      1.7586±0.0060                  —      0.5483±0.0107      0.7174±0.0154      0.9974±0.0002      3
conv autoencoder                            cmapss:FD003     subset-FD003                  0.8490±0.0007      0.6962±0.0092                  —      1.0165±0.0800                  —      0.5354±0.0081      0.7723±0.0040      0.9952±0.0019      3
RegionGraphPC [chain, K=8]                  cmapss:FD002     subset-FD002                  0.8483±0.0018      0.7509±0.0020    -95.0992±2.9387     18.0603±0.0876  17280.0000±0.0000      0.6243±0.0109      0.6849±0.0089      0.9893±0.0037      3
1-NN distance                               cmapss:FD001     subset-FD001                  0.8438±0.0030      0.7318±0.0016                  —      0.1521±0.0191                  —      0.5051±0.0329      0.6895±0.0512      0.9999±0.0001      3
conv autoencoder                            cmapss:FD004     subset-FD004                  0.8389±0.0099      0.7063±0.0159                  —      3.0270±0.0144                  —      0.5381±0.0169      0.6905±0.0352      0.9969±0.0011      3
GMM (8 comp.)                               cmapss:FD001     subset-FD001                  0.8324±0.0175      0.7023±0.0443                  —      1.7838±1.1147                  —      0.5075±0.0321      0.7159±0.0528      0.9992±0.0007      3
conv autoencoder                            cmapss:FD002     subset-FD002                  0.8319±0.0071      0.7129±0.0078                  —      2.3767±0.0131                  —      0.5086±0.0277      0.6191±0.0276      0.9950±0.0018      3
Mahalanobis                                 cmapss:FD001     subset-FD001                  0.8315±0.0024      0.6748±0.0007                  —      0.3950±0.0640                  —      0.5164±0.0378      0.7175±0.0427      0.9993±0.0007      3
1-NN distance                               cmapss:FD003     subset-FD003                  0.8310±0.0087      0.4810±0.0217                  —      0.2339±0.0142                  —      0.5342±0.0155      0.7343±0.0229      0.9660±0.0032      3
GMM (8 comp.)                               cmapss:FD003     subset-FD003                  0.8291±0.0093      0.5244±0.0146                  —      7.1964±3.0484                  —      0.5341±0.0101      0.7749±0.0202      0.9618±0.0060      3
1-NN distance                               cmapss:FD002     subset-FD002                  0.8248±0.0024      0.6765±0.0047                  —      0.7797±0.0047                  —      0.5121±0.0266      0.5980±0.0032      0.9978±0.0002      3
PC · 3 dead (exact marginal)                cmapss:FD002     subset-FD002                  0.8245±0.0010      0.7058±0.0035                  —                  —                  —      0.5945±0.0028      0.6391±0.0040      0.9820±0.0012      3
PCA reconstruction                          cmapss:FD001     subset-FD001                  0.8116±0.0052      0.6619±0.0060                  —      0.1226±0.0026                  —      0.5068±0.0282      0.6739±0.0329      0.9850±0.0060      3
1-NN distance                               cmapss:FD004     subset-FD004                  0.8057±0.0038      0.5732±0.0088                  —      0.9291±0.0285                  —      0.4925±0.0209      0.6188±0.0057      0.9923±0.0008      3
conv autoencoder                            cmapss:FD001     subset-FD001                  0.8001±0.0114      0.6424±0.0195                  —      0.7679±0.0486                  —      0.5009±0.0328      0.6488±0.0362      0.9884±0.0083      3
z-score (per channel)                       cmapss:FD002     subset-FD002                  0.8000±0.0034      0.6277±0.0036                  —      0.1122±0.0029                  —      0.5019±0.0175      0.5048±0.0075      0.9795±0.0014      3
diagonal Gaussian                           cmapss:FD002     subset-FD002                  0.7978±0.0029      0.6721±0.0051                  —      0.3664±0.0161                  —      0.4905±0.0053      0.5184±0.0128      0.9878±0.0012      3
moving-average residual                     cmapss:FD002     subset-FD002                  0.7952±0.0036      0.6519±0.0054                  —      0.7657±0.0077                  —      0.4972±0.0273      0.5030±0.0089      0.9540±0.0087      3
z-score (per channel)                       cmapss:FD004     subset-FD004                  0.7950±0.0041      0.5874±0.0069                  —      0.1302±0.0037                  —      0.5072±0.0076      0.5182±0.0066      0.9779±0.0031      3
PC · structural-only score                  cmapss:FD002     subset-FD002                  0.7905±0.0046      0.6607±0.0002                  —                  —                  —      0.6468±0.0136      0.6929±0.0299      0.9668±0.0046      3
RegionGraphPC [chain, K=8]                  cmapss:FD004     subset-FD004                  0.7892±0.0050      0.6126±0.0104     66.8202±20.8707     23.5459±0.1369  17280.0000±0.0000      0.5605±0.0176      0.5793±0.0181      0.9789±0.0028      3
diagonal Gaussian · 3 dead (imputed)        cmapss:FD002     subset-FD002                  0.7855±0.0018      0.6469±0.0039                  —                  —                  —      0.4905±0.0047      0.5166±0.0113      0.9789±0.0044      3
z-score (per channel) · 3 dead (imputed)    cmapss:FD002     subset-FD002                  0.7845±0.0019      0.5858±0.0020                  —                  —                  —      0.5014±0.0187      0.5042±0.0064      0.9643±0.0041      3
z-score (per channel) · 3 dead (imputed)    cmapss:FD004     subset-FD004                  0.7839±0.0053      0.5612±0.0085                  —                  —                  —      0.5112±0.0105      0.5153±0.0077      0.9668±0.0080      3
moving-average residual                     cmapss:FD004     subset-FD004                  0.7825±0.0039      0.5926±0.0099                  —      0.9083±0.0033                  —      0.4989±0.0055      0.5052±0.0080      0.9505±0.0080      3
z-score (per channel) · 3 dead (imputed)    cmapss:FD001     subset-FD001                  0.7775±0.0088      0.6547±0.0176                  —                  —                  —      0.4917±0.0152      0.4946±0.0031      0.9524±0.0187      3
Deep SVDD                                   cmapss:FD004     subset-FD004                  0.7748±0.0086      0.5874±0.0151                  —      0.4001±0.0142                  —      0.4961±0.0160      0.6039±0.0163      0.9873±0.0042      3
moving-average residual · 3 dead (imputed)  cmapss:FD002     subset-FD002                  0.7723±0.0039      0.6041±0.0048                  —                  —                  —      0.4956±0.0249      0.5056±0.0100      0.9196±0.0071      3
PC · 3 dead (exact marginal)                cmapss:FD004     subset-FD004                  0.7717±0.0089      0.5774±0.0136                  —                  —                  —      0.5463±0.0165      0.5592±0.0232      0.9662±0.0077      3
Deep SVDD                                   cmapss:FD003     subset-FD003                  0.7706±0.0076      0.5028±0.0343                  —      0.1519±0.0049                  —      0.5101±0.0039      0.6513±0.0136      0.9589±0.0145      3
Deep SVDD                                   cmapss:FD002     subset-FD002                  0.7703±0.0119      0.6173±0.0114                  —      0.3698±0.0056                  —      0.4961±0.0318      0.5498±0.0276      0.9624±0.0063      3
diagonal Gaussian                           cmapss:FD004     subset-FD004                  0.7696±0.0074      0.5861±0.0090                  —      0.3863±0.0227                  —      0.5137±0.0119      0.5156±0.0181      0.9780±0.0031      3
z-score (per channel)                       cmapss:FD003     subset-FD003                  0.7671±0.0097      0.3249±0.0169                  —      0.0524±0.0022                  —      0.5154±0.0123      0.5539±0.0115      0.8900±0.0028      3
moving-average residual · 3 dead (imputed)  cmapss:FD004     subset-FD004                  0.7630±0.0062      0.5518±0.0145                  —                  —                  —      0.5048±0.0088      0.5031±0.0039      0.9200±0.0149      3
PC · 3 dead (exact marginal)                cmapss:FD001     subset-FD001                  0.7628±0.0074      0.4520±0.0136                  —                  —                  —      0.5059±0.0106      0.5816±0.0360      0.9448±0.0118      3
PCA reconstruction                          cmapss:FD003     subset-FD003                  0.7605±0.0102      0.3006±0.0159                  —      0.2875±0.1641                  —      0.5203±0.0136      0.6343±0.0155      0.9155±0.0039      3
diagonal Gaussian · 3 dead (imputed)        cmapss:FD004     subset-FD004                  0.7588±0.0095      0.5607±0.0130                  —                  —                  —      0.5141±0.0130      0.5153±0.0210      0.9656±0.0079      3
PC · structural-only score                  cmapss:FD004     subset-FD004                  0.7585±0.0071      0.6048±0.0110                  —                  —                  —      0.5743±0.0069      0.5977±0.0053      0.9568±0.0064      3
RegionGraphPC [chain, K=8]                  cmapss:FD001     subset-FD001                  0.7528±0.0081      0.5037±0.0118    189.4360±1.9045      7.3714±0.4175  15360.0000±0.0000      0.5059±0.0142      0.5430±0.0232      0.9496±0.0056      3
Deep SVDD                                   cmapss:FD001     subset-FD001                  0.7527±0.0102      0.5272±0.0067                  —      0.1100±0.0115                  —      0.5010±0.0157      0.6141±0.0149      0.9598±0.0121      3
z-score (per channel) · 3 dead (imputed)    cmapss:FD003     subset-FD003                  0.7522±0.0099      0.3108±0.0161                  —                  —                  —      0.5126±0.0106      0.5552±0.0219      0.8807±0.0111      3
moving-average residual                     cmapss:FD003     subset-FD003                  0.7443±0.0095      0.4436±0.0220                  —      0.3162±0.0007                  —      0.5525±0.0078      0.5390±0.0218      0.8132±0.0132      3
PCA reconstruction                          cmapss:FD002     subset-FD002                  0.7377±0.0044      0.4076±0.0024                  —      1.3422±0.0458                  —      0.5185±0.0258      0.5717±0.0098      0.9283±0.0083      3
diagonal Gaussian                           cmapss:FD001     subset-FD001                  0.7349±0.0049      0.4490±0.0070                  —      0.0791±0.0020                  —      0.5055±0.0133      0.5316±0.0242      0.9276±0.0098      3
PC · 3 dead (mean-imputed)                  cmapss:FD004     subset-FD004                  0.7284±0.0106      0.5253±0.0256                  —                  —                  —      0.5159±0.0073      0.5050±0.0237      0.9412±0.0012      3
PCA reconstruction                          cmapss:FD004     subset-FD004                  0.7273±0.0045      0.3406±0.0081                  —      0.9738±0.5490                  —      0.5015±0.0261      0.5822±0.0086      0.9308±0.0026      3
RegionGraphPC [chain, K=8]                  cmapss:FD003     subset-FD003                  0.7272±0.0193      0.3855±0.0297    230.4450±2.6165      9.7558±0.0916  15680.0000±0.0000      0.5111±0.0132      0.5589±0.0260      0.8939±0.0102      3
PC · 3 dead (exact marginal)                cmapss:FD003     subset-FD003                  0.7229±0.0182      0.3776±0.0281                  —                  —                  —      0.5111±0.0093      0.5612±0.0308      0.8895±0.0138      3
PC · 3 dead (mean-imputed)                  cmapss:FD003     subset-FD003                  0.7213±0.0178      0.3769±0.0274                  —                  —                  —      0.5108±0.0101      0.5598±0.0302      0.8859±0.0140      3
moving-average residual · 3 dead (imputed)  cmapss:FD003     subset-FD003                  0.7171±0.0137      0.4048±0.0203                  —                  —                  —      0.5444±0.0066      0.5406±0.0395      0.7738±0.0227      3
diagonal Gaussian · 3 dead (imputed)        cmapss:FD001     subset-FD001                  0.7163±0.0083      0.3916±0.0071                  —                  —                  —      0.5078±0.0079      0.5340±0.0256      0.8923±0.0119      3
moving-average residual                     cmapss:FD001     subset-FD001                  0.7159±0.0193      0.5095±0.0205                  —      0.2092±0.0013                  —      0.5129±0.0270      0.4907±0.0299      0.8117±0.0292      3
Isolation Forest                            cmapss:FD002     subset-FD002                  0.7139±0.0069      0.4705±0.0143                  —      0.5301±0.0119                  —      0.4859±0.0069      0.5344±0.0226      0.9131±0.0175      3
diagonal Gaussian                           cmapss:FD003     subset-FD003                  0.7130±0.0171      0.2933±0.0182                  —      0.1288±0.0027                  —      0.5106±0.0131      0.5560±0.0231      0.8627±0.0131      3
Isolation Forest                            cmapss:FD001     subset-FD001                  0.7111±0.0085      0.3973±0.0074                  —      0.2010±0.0041                  —      0.4985±0.0248      0.5761±0.0257      0.9109±0.0131      3
diagonal Gaussian · 3 dead (imputed)        cmapss:FD003     subset-FD003                  0.7094±0.0167      0.2882±0.0179                  —                  —                  —      0.5101±0.0095      0.5583±0.0279      0.8594±0.0169      3
PC · 3 dead (mean-imputed)                  cmapss:FD001     subset-FD001                  0.7054±0.0054      0.3539±0.0244                  —                  —                  —      0.5138±0.0104      0.5363±0.0252      0.8654±0.0374      3
moving-average residual · 3 dead (imputed)  cmapss:FD001     subset-FD001                  0.7004±0.0269      0.4705±0.0299                  —                  —                  —      0.5237±0.0396      0.5013±0.0464      0.7837±0.0465      3
Isolation Forest                            cmapss:FD003     subset-FD003                  0.6940±0.0172      0.2855±0.0169                  —      0.2554±0.0042                  —      0.5152±0.0150      0.5893±0.0222      0.8627±0.0179      3
z-score (per channel)                       cmapss:FD001     subset-FD001                  0.6901±0.0038      0.4056±0.0163                  —      0.0314±0.0010                  —      0.4914±0.0208      0.5091±0.0210      0.8105±0.0173      3
PC · structural-only score                  cmapss:FD003     subset-FD003                  0.6864±0.0094      0.2762±0.0121                  —                  —                  —      0.5015±0.0267      0.5650±0.0134      0.8809±0.0115      3
Isolation Forest                            cmapss:FD004     subset-FD004                  0.6752±0.0081      0.2691±0.0142                  —      0.5618±0.0163                  —      0.5161±0.0168      0.5234±0.0088      0.8482±0.0136      3
PC · 3 dead (mean-imputed)                  cmapss:FD002     subset-FD002                  0.6413±0.0178      0.3993±0.0146                  —                  —                  —      0.5197±0.0257      0.5118±0.0356      0.8482±0.0042      3
PC · structural-only score                  cmapss:FD001     subset-FD001                  0.5820±0.0030      0.1896±0.0087                  —                  —                  —      0.4933±0.0355      0.5105±0.0013      0.6484±0.0062      3

wrote logs/ts/cmapss_ad/summary.csv, summary.json, summary.md


######################################################################
# logs/ts/cmapss_calibration
######################################################################

=== calibration (mean ± sd over seeds) ===

method                                       dataset          variant                                picp               mpiw          picp_edge          mpiw_edge           pit_mean            pit_var     interval_score               crps  seeds
-----------------------------------------------------------------------------------------------------------------------------------------------------------------------------------------------------------------------------------------------------
SurvivalPC + split conformal (cqr) · a=0.10  cmapss:FD002     subset-FD002                  0.9853±0.0019     96.6718±1.7620                  —                  —                  —                  —    100.0701±1.2315     13.8481±0.3839      5
SurvivalPC + split conformal (cqr) · a=0.20  cmapss:FD002     subset-FD002                  0.9853±0.0019     96.6718±1.7620                  —                  —                  —                  —     98.3709±1.4945     13.8481±0.3839      5
SurvivalPC + split conformal (cqr) · a=0.10  cmapss:FD001     subset-FD001                  0.9703±0.0048     73.5372±1.7295                  —                  —                  —                  —     80.4642±0.6495     11.0861±0.1152      5
SurvivalPC + split conformal (cqr) · a=0.20  cmapss:FD001     subset-FD001                  0.9703±0.0048     73.5372±1.7295                  —                  —                  —                  —     77.0007±1.1863     11.0861±0.1152      5
SurvivalPC + split conformal (cqr)           cmapss:FD001     subset-FD001_alpha-0.1        0.9569±0.0098     56.0699±3.2961                  —                  —                  —                  —     64.8083±1.2343      7.9745±0.3218      3
quantile reg. + conformal (CQR) · a=0.10     cmapss:FD001     subset-FD001                  0.8480±0.0277     50.6696±3.1551                  —                  —                  —                  —     72.5529±1.8672                  —      5
quantile reg. + conformal (CQR) · a=0.10     cmapss:FD002     subset-FD002                  0.8454±0.0176     53.6446±2.4141                  —                  —                  —                  —     77.0003±3.3265                  —      5
quantile reg. + conformal (CQR)              cmapss:FD001     subset-FD001_alpha-0.1        0.8276±0.0292     56.0554±2.4068                  —                  —                  —                  —     88.7859±3.8973                  —      3
quantile reg. + conformal (CQR) · a=0.20     cmapss:FD002     subset-FD002                  0.7359±0.0226     42.0895±1.7715                  —                  —                  —                  —     66.5915±1.3494                  —      5
quantile reg. + conformal (CQR) · a=0.20     cmapss:FD001     subset-FD001                  0.7123±0.0247     38.4745±1.6407                  —                  —                  —                  —     60.7540±1.4328                  —      5
SurvivalPC + split conformal (pit) · a=0.10  cmapss:FD002     subset-FD002                  0.4286±0.0013     97.6072±0.8442                  —                  —                  —                  —    127.1728±0.5714     13.8481±0.3839      5
SurvivalPC (raw exact predictive) · a=0.10   cmapss:FD002     subset-FD002                  0.4210±0.0021     91.6718±1.7620      0.9853±0.0019     96.6718±1.7620      0.5590±0.0186      0.0713±0.0024    123.5572±1.1270     13.8481±0.3839      5
SurvivalPC (raw exact predictive) · a=0.20   cmapss:FD002     subset-FD002                  0.4210±0.0021     91.6718±1.7620      0.9853±0.0019     96.6718±1.7620      0.5590±0.0186      0.0713±0.0024    107.6145±1.4413     13.8481±0.3839      5
SurvivalPC + split conformal (pit) · a=0.10  cmapss:FD001     subset-FD001                  0.4111±0.0043     74.3337±2.1716                  —                  —                  —                  —    106.6672±1.0085     11.0861±0.1152      5
SurvivalPC + split conformal (pit) · a=0.20  cmapss:FD002     subset-FD002                  0.4096±0.0023     85.1297±1.0969                  —                  —                  —                  —    102.6889±0.6487     13.8481±0.3839      5
SurvivalPC (raw exact predictive) · a=0.10   cmapss:FD001     subset-FD001                  0.3993±0.0049     68.5372±1.7295      0.9703±0.0048     73.5372±1.7295      0.5253±0.0128      0.0794±0.0024    104.9067±0.4155     11.0861±0.1152      5
SurvivalPC (raw exact predictive) · a=0.20   cmapss:FD001     subset-FD001                  0.3993±0.0049     68.5372±1.7295      0.9703±0.0048     73.5372±1.7295      0.5253±0.0128      0.0794±0.0024     86.7220±1.0666     11.0861±0.1152      5
SurvivalPC + split conformal (pit)           cmapss:FD001     subset-FD001_alpha-0.1        0.3938±0.0055     56.9363±1.4370                  —                  —                  —                  —     91.5159±0.1400      7.9745±0.3218      3
SurvivalPC + split conformal (pit) · a=0.20  cmapss:FD001     subset-FD001                  0.3868±0.0071     64.9118±2.2845                  —                  —                  —                  —     84.6206±1.1255     11.0861±0.1152      5
SurvivalPC (raw exact predictive)            cmapss:FD001     subset-FD001_alpha-0.1        0.3807±0.0125     51.0699±3.2961                  —                  —                  —                  —     90.0619±0.6869      7.9745±0.3218      3

wrote logs/ts/cmapss_calibration/summary.csv, summary.json, summary.md


######################################################################
# logs/ts/cmapss_explain
######################################################################

=== explain (mean ± sd over seeds) ===

method                           dataset          variant                           loc_auroc          prec_at_k       deletion_auc  max_residual_nats mean_residual_nats loc_auroc[decouple]  loc_auroc[desync]   loc_auroc[drift]  seeds
------------------------------------------------------------------------------------------------------------------------------------------------------------------------------------------------------------------------------------------
Gaussian conditional (exact)     cmapss:FD001     subset-FD001                  0.8807±0.0088      0.6510±0.0064      0.1158±0.0123                  —                  —      0.4732±0.0361      0.7217±0.0205      0.9741±0.0017      3
PC Shapley (exact conditionals)  cmapss:FD001     subset-FD001                  0.8668±0.0096      0.6320±0.0065      0.0671±0.0011                  —                  —      0.4823±0.0666      0.5520±0.0445      0.9765±0.0064      3
PC marginal (exact)              cmapss:FD001     subset-FD001                  0.8628±0.0085      0.6208±0.0113      0.0671±0.0011                  —                  —      0.4809±0.0653      0.5294±0.0358      0.9716±0.0050      3
PC marginal (exact)              cmapss:FD002     subset-FD002                  0.8625±0.0104      0.6113±0.0063      0.0752±0.0056                  —                  —      0.4825±0.0437      0.4946±0.0127      0.9897±0.0002      3
PC conditional (exact)           cmapss:FD001     subset-FD001                  0.8624±0.0082      0.6258±0.0105      0.0670±0.0011                  —                  —      0.4779±0.0660      0.5498±0.0479      0.9717±0.0047      3
PC conditional (exact)           cmapss:FD002     subset-FD002                  0.8566±0.0019      0.5380±0.0135      0.0641±0.0028                  —                  —      0.6282±0.0419      0.6132±0.0203      0.8998±0.0098      3
z-score (per channel)            cmapss:FD002     subset-FD002                  0.8556±0.0022      0.5851±0.0228      0.0919±0.0032                  —                  —      0.4744±0.0645      0.5210±0.0213      0.9739±0.0014      3
PC marginal (exact)              cmapss:FD004     subset-FD004                  0.8509±0.0171      0.5843±0.0130      0.0620±0.0054                  —                  —      0.4926±0.0320      0.4957±0.0195      0.9700±0.0027      3
PC Shapley (exact conditionals)  cmapss:FD002     subset-FD002                  0.8458±0.0010      0.4997±0.0204      0.0652±0.0035                  —                  —      0.6023±0.0430      0.5950±0.0234      0.8912±0.0094      3
z-score (per channel)            cmapss:FD004     subset-FD004                  0.8443±0.0201      0.5754±0.0175      0.0604±0.0022                  —                  —      0.5061±0.0417      0.4594±0.0063      0.9685±0.0014      3
PC conditional (exact)           cmapss:FD004     subset-FD004                  0.8434±0.0122      0.5365±0.0089      0.0606±0.0053                  —                  —      0.5642±0.0471      0.5379±0.0298      0.9204±0.0211      3
z-score (per channel)            cmapss:FD001     subset-FD001                  0.8425±0.0049      0.5570±0.0149      0.0693±0.0036                  —                  —      0.4866±0.0417      0.5047±0.0263      0.9490±0.0013      3
PC Shapley (exact conditionals)  cmapss:FD004     subset-FD004                  0.8340±0.0100      0.5086±0.0110      0.0612±0.0059                  —                  —      0.5589±0.0504      0.5313±0.0270      0.9067±0.0217      3
Gaussian conditional (exact)     cmapss:FD004     subset-FD004                  0.8279±0.0149      0.5012±0.0114      0.0639±0.0048                  —                  —      0.5919±0.0282      0.7338±0.0184      0.8408±0.0273      3
Gaussian conditional (exact)     cmapss:FD002     subset-FD002                  0.8143±0.0062      0.4861±0.0164      0.1239±0.0207                  —                  —      0.5981±0.0243      0.6812±0.0529      0.8340±0.0096      3
AE sampling-SHAP (32/ch)         cmapss:FD002     subset-FD002                  0.7576±0.0130      0.4516±0.0321      0.1051±0.0295                  —                  —      0.4690±0.0297      0.5126±0.0391      0.8661±0.0192      3
AE reconstruction (per channel)  cmapss:FD004     subset-FD004                  0.7558±0.0041      0.4205±0.0233      0.1158±0.0211                  —                  —      0.4999±0.0572      0.5978±0.0090      0.7862±0.0399      3
AE reconstruction (per channel)  cmapss:FD002     subset-FD002                  0.7553±0.0103      0.4096±0.0058      0.1769±0.0581                  —                  —      0.4864±0.0214      0.5663±0.0489      0.8085±0.0230      3
AE sampling-SHAP (32/ch)         cmapss:FD004     subset-FD004                  0.7537±0.0125      0.4142±0.0144      0.0725±0.0147                  —                  —      0.4930±0.0374      0.4984±0.0373      0.8326±0.0176      3
AE reconstruction (per channel)  cmapss:FD001     subset-FD001                  0.7418±0.0233      0.3861±0.0467      0.1085±0.0245                  —                  —      0.4947±0.0266      0.5753±0.0399      0.8513±0.0028      3
PC structural (exact)            cmapss:FD002     subset-FD002                  0.6893±0.0143      0.3623±0.0183      0.0525±0.0013                  —                  —      0.6980±0.0545      0.6316±0.0111      0.6645±0.0229      3
AE sampling-SHAP (32/ch)         cmapss:FD001     subset-FD001                  0.6864±0.0054      0.3231±0.0209      0.0924±0.0049                  —                  —      0.4732±0.0139      0.4931±0.0021      0.7929±0.0221      3
PC structural (exact)            cmapss:FD004     subset-FD004                  0.6857±0.0164      0.3507±0.0195      0.0937±0.0247                  —                  —      0.5905±0.0539      0.6092±0.0355      0.7012±0.0167      3
PC structural (exact)            cmapss:FD001     subset-FD001                  0.6087±0.0202      0.3212±0.0186      0.0716±0.0076                  —                  —      0.4994±0.0118      0.6077±0.0338      0.6248±0.0324      3
PC chain-rule completeness       cmapss:FD004     subset-FD004                              —                  —                  —      0.0014±0.0022   4.231e-05±7e-05                   —                  —                  —      3
PC chain-rule completeness       cmapss:FD002     subset-FD002                              —                  —                  —      0.0030±0.0042   6.383e-05±9e-05                   —                  —                  —      3
PC chain-rule completeness       cmapss:FD001     subset-FD001                              —                  —                  —      0.0208±0.0361   3.314e-04±6e-04                   —                  —                  —      3

wrote logs/ts/cmapss_explain/summary.csv, summary.json, summary.md


######################################################################
# logs/ts/cmapss_rul
######################################################################

=== rul (mean ± sd over seeds) ===

method                                   variant                                rmse                mae               nasa               crps     interval_score               picp               mpiw          picp_edge  seeds
--------------------------------------------------------------------------------------------------------------------------------------------------------------------------------------------------------------------------------
SurvivalPC (exact censored lik.) [all]   censor_frac-0.5              24.8371±0.1902     19.2969±0.2831   2.309e+05±7e+04      10.8071±0.1469    102.7493±2.8110      0.3946±0.0120     65.5156±2.5679      0.9682±0.0110      3
SurvivalPC (exact censored lik.) [all]   censor_frac-0.35             25.3194±0.1616     20.0446±0.2540   2.265e+05±1e+04      11.0011±0.0641    104.6030±0.5390      0.3972±0.0072     67.7674±2.3395      0.9688±0.0065      3
SurvivalPC (drop censored) [all]         censor_frac-0.7              25.2410±3.3997     20.6738±3.1575   1.633e+05±3e+04      11.0645±1.6828    103.9953±7.2241      0.4011±0.0160     68.2193±9.4853      0.9717±0.0115      3
SurvivalPC (drop censored) [all]         censor_frac-0.5              25.6358±2.5352     21.1120±2.1322   1.458e+05±4e+04      11.2386±1.2575    104.3961±5.3157      0.4060±0.0059     69.4984±5.9228      0.9753±0.0055      3
SurvivalPC (exact censored lik.) [all]   censor_frac-0.7              24.9797±0.0919     17.7986±0.6815   4.211e+05±3e+04      11.2526±0.0813    109.3982±5.1773      0.3439±0.0408     53.9967±9.6214      0.9218±0.0373      3
SurvivalPC (exact censored lik.) [all]   censor_frac-0.2              26.3369±0.2923     21.3175±0.3734   1.871e+05±2e+03      11.5103±0.1423    105.8142±0.6902      0.4050±0.0047     70.9277±1.8248      0.9758±0.0043      3
SurvivalPC (drop censored) [all]         censor_frac-0.35             27.1606±0.6240     22.5010±0.6271   1.635e+05±6e+03      12.0135±0.3493    107.1126±1.1146      0.4099±0.0032     73.1452±1.7983      0.9792±0.0035      3
SurvivalPC (drop censored) [all]         censor_frac-0.2              27.3286±0.2786     22.4057±0.4031   1.743e+05±1e+04      12.1017±0.1604    107.5034±0.6554      0.4081±0.0047     72.4249±1.8710      0.9767±0.0044      3
SurvivalPC (drop censored) [last]        censor_frac-0.5              25.8564±2.0665     20.5796±1.8940   5896.9879±3563.2773     13.9533±1.0338    101.5500±8.3176      0.8300±0.0100     78.7833±6.4188      0.9500±0.0100      3
SurvivalPC (drop censored) [last]        censor_frac-0.7              25.8140±2.5457     20.1712±2.5630   6665.9601±3157.6090     14.0528±1.1592     98.0833±11.7826      0.8233±0.0208     75.2500±11.4977      0.9500±0.0173      3
SurvivalPC (drop censored) [last]        censor_frac-0.2              26.8946±0.1695     21.4481±0.3401   7764.2061±360.6097     14.4678±0.0991    105.8500±0.8718      0.8300±0.0000     81.7500±1.4000      0.9600±0.0000      3
SurvivalPC (drop censored) [last]        censor_frac-0.35             27.1388±0.3009     21.8274±0.2306   7542.6684±943.4546     14.5894±0.1594    106.0000±0.8261      0.8333±0.0058     82.6667±1.5267      0.9600±0.0000      3
SurvivalPC (exact censored lik.) [last]  censor_frac-0.2              27.4615±0.2868     21.6502±0.2433  10021.8892±347.0422     14.9477±0.1328    107.2167±0.2754      0.8333±0.0058     81.7500±1.7543      0.9600±0.0100      3
SurvivalPC (exact censored lik.) [last]  censor_frac-0.35             28.9468±0.4399     22.3606±0.2947  14278.8417±881.1394     15.9730±0.2756    109.3333±1.0913      0.8167±0.0115     80.2333±1.6065      0.9467±0.0058      3
SurvivalPC (exact censored lik.) [last]  censor_frac-0.5              29.1709±2.3637     22.4668±1.5401  14299.1069±6904.7379     16.3240±1.4589    106.4000±9.8180      0.8067±0.0231     79.8667±1.9534      0.9400±0.0173      3
SurvivalPC (exact censored lik.) [last]  censor_frac-0.7              34.0878±0.8315     25.8289±0.6423  29792.7695±2368.6727     20.0453±0.6626    127.1000±10.8125      0.7433±0.0603     73.7333±5.2814      0.8733±0.0603      3
MLP regressor [all]                      censor_frac-0.2              17.2783±0.6017     13.3549±0.7583  40189.1527±5175.9143                  —                  —                  —                  —                  —      3
MLP regressor [all]                      censor_frac-0.35             17.6164±0.4405     13.5941±0.3864  46745.5217±1843.4380                  —                  —                  —                  —                  —      3
MLP regressor [all]                      censor_frac-0.5              17.6865±0.3221     13.9222±0.3325  37679.4294±5245.8298                  —                  —                  —                  —                  —      3
MLP regressor [all]                      censor_frac-0.7              18.6398±0.2896     14.6186±0.4231  55513.9868±19957.3346                  —                  —                  —                  —                  —      3
MLP regressor [last]                     censor_frac-0.2              16.9805±0.3667     12.5922±0.6963    608.8297±24.8250                  —                  —                  —                  —                  —      3
MLP regressor [last]                     censor_frac-0.35             17.2451±0.8708     12.5928±0.9005    748.2935±85.2428                  —                  —                  —                  —                  —      3
MLP regressor [last]                     censor_frac-0.5              17.9509±0.2936     13.3013±0.6642    795.2563±86.2891                  —                  —                  —                  —                  —      3
MLP regressor [last]                     censor_frac-0.7              18.6667±1.5225     14.1024±1.3907    888.4059±189.2158                  —                  —                  —                  —                  —      3
quantile reg. + conformal (CQR) [all]    censor_frac-0.2              17.1078±0.2325     13.2744±0.4617  37745.4722±6375.6509                  —     69.4995±0.4656      0.8429±0.0241     47.3883±0.7049                  —      3
quantile reg. + conformal (CQR) [all]    censor_frac-0.35             17.4733±0.7097     13.6246±0.6133  46451.2606±9473.3916                  —     72.2379±2.3970      0.8209±0.0201     47.5708±0.6227                  —      3
quantile reg. + conformal (CQR) [all]    censor_frac-0.5              17.9190±0.4348     14.1803±0.4615  39379.8962±5103.7418                  —     71.9450±2.3669      0.8516±0.0138     51.9319±0.7435                  —      3
quantile reg. + conformal (CQR) [all]    censor_frac-0.7              19.0061±0.3850     14.8594±0.3859  60871.2374±10905.0000                  —     79.9176±0.9815      0.8462±0.0141     54.0984±2.0497                  —      3
quantile reg. + conformal (CQR) [last]   censor_frac-0.2              16.6295±0.1907     12.1150±0.2938    673.1307±74.4398                  —     72.7397±3.0556      0.8833±0.0058     45.3833±1.0302                  —      3
quantile reg. + conformal (CQR) [last]   censor_frac-0.35             16.2782±0.1480     11.8694±0.0457    647.8898±103.9927                  —     71.0575±1.4558      0.8867±0.0208     46.1066±0.8091                  —      3
quantile reg. + conformal (CQR) [last]   censor_frac-0.5              17.2732±0.3451     13.0427±0.2093    671.9681±45.5753                  —     70.9171±3.3740      0.8833±0.0379     48.7702±1.0406                  —      3
quantile reg. + conformal (CQR) [last]   censor_frac-0.7              18.3656±0.9178     14.2231±1.3648    818.7940±122.2366                  —     73.1879±4.1356      0.8800±0.0100     50.3553±1.3829                  —      3
ridge regression [all]                   censor_frac-0.2              18.1023±0.1703     14.5854±0.1663  29391.1571±144.3559                  —                  —                  —                  —                  —      3
ridge regression [all]                   censor_frac-0.35             18.0882±0.3278     14.5962±0.3367  29824.8333±250.9544                  —                  —                  —                  —                  —      3
ridge regression [all]                   censor_frac-0.5              18.0995±0.1660     14.5856±0.0768  30189.9971±1152.7419                  —                  —                  —                  —                  —      3
ridge regression [all]                   censor_frac-0.7              18.8279±0.5965     15.1318±0.5906  35678.6122±1465.2113                  —                  —                  —                  —                  —      3
ridge regression [last]                  censor_frac-0.2              17.9651±0.0439     14.5286±0.0762    617.0831±7.2927                  —                  —                  —                  —                  —      3
ridge regression [last]                  censor_frac-0.35             17.9145±0.2678     14.4752±0.2020    634.1789±34.4455                  —                  —                  —                  —                  —      3
ridge regression [last]                  censor_frac-0.5              17.9794±0.8063     14.4176±0.5552    632.9737±82.7872                  —                  —                  —                  —                  —      3
ridge regression [last]                  censor_frac-0.7              18.9679±1.1295     14.9860±0.7189    773.6213±192.8343                  —                  —                  —                  —                  —      3

=== rul_partial (mean ± sd over seeds) ===

method                       variant                           crps_full crps_exact_marginal       crps_imputed          rmse_full rmse_exact_marginal       rmse_imputed picp_exact_marginal picp_exact_marginal_edge  seeds
-----------------------------------------------------------------------------------------------------------------------------------------------------------------------------------------------------------------------------
PC · 3 dead sensors          censor_frac-0.7              11.1690±0.0000     10.8859±0.0000     18.9175±0.0000     24.9753±0.0000     24.2341±0.0000     39.6994±0.0000      0.3200±0.0000      0.9006±0.0000      1
PC · 3 dead sensors          censor_frac-0.35             11.0584±0.0000     10.8942±0.0000     22.6513±0.0000     25.4592±0.0000     25.0300±0.0000     44.0465±0.0000      0.3863±0.0000      0.9582±0.0000      1
PC · 3 dead sensors          censor_frac-0.5              10.8918±0.0109     10.9200±0.0132     16.4304±1.5666     24.9422±0.0777     24.8931±0.1553     35.3575±2.3961      0.3712±0.0254      0.9476±0.0234      2
PC · 3 dead sensors          censor_frac-0.2              11.4244±0.0000     11.0281±0.0000     30.4558±0.0000     26.1823±0.0000     25.4256±0.0000     53.0672±0.0000      0.3950±0.0000      0.9676±0.0000      1

wrote logs/ts/cmapss_rul/summary.csv, summary.json, summary.md


######################################################################
# logs/ts/cmapss_rul_endpoints
######################################################################

=== rul (mean ± sd over seeds) ===

method                                   variant                                rmse                mae               nasa               crps     interval_score               picp               mpiw          picp_edge  seeds
--------------------------------------------------------------------------------------------------------------------------------------------------------------------------------------------------------------------------------
SurvivalPC (exact censored lik.) [all]   censor_frac-0.5              24.9871±0.0735     19.4055±0.3879   2.685e+05±3e+04      10.9095±0.0167    104.2921±0.3277      0.3931±0.0098     66.4836±3.1386      0.9662±0.0083      3
SurvivalPC (exact censored lik.) [all]   censor_frac-0.35             25.4817±0.1684     20.2288±0.3209   2.203e+05±8e+03      11.0727±0.0689    105.0972±0.6833      0.4008±0.0055     69.1268±1.9255      0.9720±0.0048      3
SurvivalPC (exact censored lik.) [all]   censor_frac-0.7              25.1602±0.2936     17.9668±0.3392   4.761e+05±9e+04      11.3398±0.2543    108.7588±3.5473      0.3528±0.0238     55.8871±5.7343      0.9301±0.0210      3
SurvivalPC (exact censored lik.) [all]   censor_frac-0.2              26.2054±0.2297     21.2530±0.4021   1.853e+05±1e+04      11.4570±0.1375    105.6459±0.4661      0.4041±0.0052     70.5170±2.1166      0.9752±0.0057      3
SurvivalPC (drop censored) [all]         censor_frac-0.7              26.7971±1.3328     22.0242±1.3877   1.821e+05±2e+04      11.8231±0.7956    106.9455±1.6723      0.4065±0.0045     71.9316±2.5101      0.9753±0.0042      3
SurvivalPC (drop censored) [all]         censor_frac-0.5              27.1987±0.8569     22.4857±0.8037   1.690e+05±6e+03      12.0383±0.4834    107.4794±1.3371      0.4086±0.0040     72.8009±1.9273      0.9772±0.0039      3
SurvivalPC (drop censored) [all]         censor_frac-0.35             27.3583±0.6677     22.4630±0.7209   1.743e+05±5e+03      12.0902±0.3795    108.0169±1.4233      0.4098±0.0038     73.3970±1.9964      0.9786±0.0025      3
SurvivalPC (drop censored) [all]         censor_frac-0.2              27.5703±0.2960     22.7373±0.1953   1.670e+05±5e+03      12.2534±0.1681    107.8281±0.4388      0.4098±0.0025     73.3440±1.0434      0.9785±0.0025      3
SurvivalPC (drop censored) [last]        censor_frac-0.2              26.8792±0.1339     21.5971±0.1627   7028.9345±234.3649     14.4242±0.0771    105.1167±0.5252      0.8333±0.0058     82.4500±0.7858      0.9600±0.0000      3
SurvivalPC (drop censored) [last]        censor_frac-0.35             26.9234±0.2273     21.4812±0.0626   7788.5732±1348.7875     14.4965±0.1551    105.8833±0.7588      0.8333±0.0058     82.5500±1.2379      0.9600±0.0000      3
SurvivalPC (drop censored) [last]        censor_frac-0.5              27.0960±0.4244     21.6990±0.1664   7720.4263±1463.7485     14.5660±0.2344    105.0833±0.9777      0.8333±0.0058     81.7500±1.6210      0.9567±0.0058      3
SurvivalPC (drop censored) [last]        censor_frac-0.7              27.4152±0.6296     21.6692±0.3236   9123.1136±2831.8620     14.8030±0.4543    105.4167±0.8751      0.8300±0.0100     80.9167±1.3823      0.9533±0.0058      3
SurvivalPC (exact censored lik.) [last]  censor_frac-0.2              27.6257±0.1569     21.7999±0.1185  10051.7165±1171.8780     14.9716±0.1486    107.0667±1.2473      0.8300±0.0000     81.3000±1.7385      0.9567±0.0058      3
SurvivalPC (exact censored lik.) [last]  censor_frac-0.35             28.5481±0.4043     22.0705±0.3719  13627.1463±1043.2426     15.7629±0.2429    108.3833±1.1117      0.8267±0.0058     81.1167±0.7974      0.9500±0.0000      3
SurvivalPC (exact censored lik.) [last]  censor_frac-0.5              30.2730±0.3411     23.1276±0.1889  17968.7811±1945.0820     17.0002±0.2383    110.3000±1.1822      0.8167±0.0153     80.5333±2.3411      0.9433±0.0115      3
SurvivalPC (exact censored lik.) [last]  censor_frac-0.7              34.5654±1.2282     26.1201±0.9256  34889.6209±7325.8709     20.4600±1.0266    128.2667±7.9477      0.7433±0.0252     74.1667±4.8121      0.8800±0.0265      3
MLP regressor [all]                      censor_frac-0.2              17.1332±0.3914     13.0602±0.2752  45876.2911±2597.4339                  —                  —                  —                  —                  —      3
MLP regressor [all]                      censor_frac-0.35             17.5884±0.2418     13.5637±0.1697  48469.5301±8301.8198                  —                  —                  —                  —                  —      3
MLP regressor [all]                      censor_frac-0.5              17.4692±0.3718     13.5662±0.3778  41292.1209±2364.5507                  —                  —                  —                  —                  —      3
MLP regressor [all]                      censor_frac-0.7              18.8495±0.3526     14.8497±0.3616  57807.1427±12749.4698                  —                  —                  —                  —                  —      3
MLP regressor [last]                     censor_frac-0.2              17.1375±0.8996     12.5025±0.9565    708.7446±58.9572                  —                  —                  —                  —                  —      3
MLP regressor [last]                     censor_frac-0.35             17.1234±0.5007     12.4736±0.3129    722.4560±133.1881                  —                  —                  —                  —                  —      3
MLP regressor [last]                     censor_frac-0.5              18.0923±0.5021     13.1152±0.8096    794.8580±90.3354                  —                  —                  —                  —                  —      3
MLP regressor [last]                     censor_frac-0.7              18.5410±1.3225     13.8938±1.4294    864.3290±129.4402                  —                  —                  —                  —                  —      3
quantile reg. + conformal (CQR) [all]    censor_frac-0.2              16.8918±0.3185     13.0868±0.3234  36422.1117±3111.5168                  —     67.7866±1.9040      0.8463±0.0184     47.2776±1.3489                  —      3
quantile reg. + conformal (CQR) [all]    censor_frac-0.35             17.4653±0.9111     13.5140±1.0531  43441.6269±6315.1947                  —     71.7337±3.0026      0.8295±0.0176     46.4954±1.0189                  —      3
quantile reg. + conformal (CQR) [all]    censor_frac-0.5              17.6203±0.2187     13.7415±0.3079  43663.4745±4040.4673                  —     71.2864±1.2440      0.8537±0.0081     51.0326±0.7016                  —      3
quantile reg. + conformal (CQR) [all]    censor_frac-0.7              18.9964±0.0707     14.7978±0.1042  65405.7349±10616.4807                  —     79.3034±1.3563      0.8479±0.0205     53.7353±2.7648                  —      3
quantile reg. + conformal (CQR) [last]   censor_frac-0.2              16.5015±0.2952     11.9700±0.2380    678.6792±57.3570                  —     72.4694±4.4564      0.8833±0.0153     45.2569±0.6055                  —      3
quantile reg. + conformal (CQR) [last]   censor_frac-0.35             16.6274±0.2796     12.0316±0.4448    665.5185±91.1207                  —     72.9571±1.9414      0.8733±0.0252     45.0451±0.4548                  —      3
quantile reg. + conformal (CQR) [last]   censor_frac-0.5              17.5102±0.3876     12.9385±0.2312    778.4551±31.8396                  —     71.9676±3.5419      0.8933±0.0551     47.7564±1.1304                  —      3
quantile reg. + conformal (CQR) [last]   censor_frac-0.7              18.3744±1.1897     14.1540±1.3504    845.1554±138.5651                  —     73.5178±2.9522      0.8833±0.0208     49.7905±1.1563                  —      3
ridge regression [all]                   censor_frac-0.2              18.1023±0.1703     14.5854±0.1663  29391.1571±144.3559                  —                  —                  —                  —                  —      3
ridge regression [all]                   censor_frac-0.35             18.0882±0.3278     14.5962±0.3367  29824.8333±250.9544                  —                  —                  —                  —                  —      3
ridge regression [all]                   censor_frac-0.5              18.0995±0.1660     14.5856±0.0768  30189.9971±1152.7419                  —                  —                  —                  —                  —      3
ridge regression [all]                   censor_frac-0.7              18.8279±0.5965     15.1318±0.5906  35678.6122±1465.2113                  —                  —                  —                  —                  —      3
ridge regression [last]                  censor_frac-0.2              17.9651±0.0439     14.5286±0.0762    617.0831±7.2927                  —                  —                  —                  —                  —      3
ridge regression [last]                  censor_frac-0.35             17.9145±0.2678     14.4752±0.2020    634.1789±34.4455                  —                  —                  —                  —                  —      3
ridge regression [last]                  censor_frac-0.5              17.9794±0.8063     14.4176±0.5552    632.9737±82.7872                  —                  —                  —                  —                  —      3
ridge regression [last]                  censor_frac-0.7              18.9679±1.1295     14.9860±0.7189    773.6213±192.8343                  —                  —                  —                  —                  —      3

=== rul_partial (mean ± sd over seeds) ===

method                       variant                           crps_full crps_exact_marginal       crps_imputed          rmse_full rmse_exact_marginal       rmse_imputed picp_exact_marginal picp_exact_marginal_edge  seeds
-----------------------------------------------------------------------------------------------------------------------------------------------------------------------------------------------------------------------------
PC · 3 dead sensors          censor_frac-0.5              10.9095±0.0167     10.8139±0.1710     20.2725±5.0675     24.9871±0.0735     24.6850±0.3839     40.6667±6.7106      0.3765±0.0094      0.9522±0.0077      3
PC · 3 dead sensors          censor_frac-0.35             11.0727±0.0689     10.9145±0.0318     22.9210±5.5167     25.4817±0.1684     25.0524±0.0505     44.0464±7.5496      0.3855±0.0102      0.9592±0.0110      3
PC · 3 dead sensors          censor_frac-0.2              11.4570±0.1375     11.1569±0.0131     18.4499±2.2726     26.2054±0.2297     25.6117±0.0764     38.3161±3.1971      0.3913±0.0149      0.9650±0.0146      3
PC · 3 dead sensors          censor_frac-0.7              11.3398±0.2543     11.4420±0.2477     14.6407±0.7494     25.1602±0.2936     25.2630±0.2405     32.1727±1.5903      0.3273±0.0399      0.9077±0.0351      3

wrote logs/ts/cmapss_rul_endpoints/summary.csv, summary.json, summary.md


######################################################################
# logs/ts/cmapss_structure
######################################################################

=== ad (mean ± sd over seeds) ===

method                                    variant                               auroc                 ap          train_nll              fit_s             params    auroc[decouple]      auroc[desync]       auroc[drift]  seeds
---------------------------------------------------------------------------------------------------------------------------------------------------------------------------------------------------------------------------------
RegionGraphPC [chow_liu, K=8]             vtree-chow_liu                0.8539±0.0048      0.7319±0.0046     66.3168±3.9883     44.3693±0.3868   1.574e+05±0e+00       0.5266±0.0571      0.7255±0.0326      0.9992±0.0006      3
RegionGraphPC [orc_rg, K=8]               vtree-orc_rg                  0.8489±0.0050      0.7290±0.0057     64.9274±5.2352    621.2196±4.7315   1.471e+05±0e+00       0.5172±0.0456      0.7083±0.0468      0.9992±0.0005      3
RegionGraphPC [chain_grouped, K=8]        vtree-chain_grouped           0.8453±0.0041      0.7176±0.0090     89.2062±8.7815     40.1336±0.0904   1.382e+05±0e+00       0.5188±0.0434      0.7085±0.0356      0.9990±0.0008      3
RegionGraphPC [spectral, K=8]             vtree-spectral                0.8422±0.0070      0.7186±0.0052     57.5294±6.1058     39.9256±0.2562   1.574e+05±0e+00       0.5237±0.0412      0.6777±0.0654      0.9993±0.0004      3
RegionGraphPC [random, K=8]               vtree-random                  0.8388±0.0035      0.6972±0.0042     67.3298±14.1899     38.9736±0.2487   1.574e+05±0e+00       0.5135±0.0388      0.6952±0.0178      0.9981±0.0011      3
RegionGraphPC [forman_rg, K=8]            vtree-forman_rg               0.8354±0.0027      0.6878±0.0054     87.6034±3.4982     38.5879±1.1084  13576.0000±0.0000      0.5264±0.0375      0.6550±0.0438      0.9968±0.0020      3
RegionGraphPC [time, K=8]                 vtree-time                    0.8325±0.0060      0.6859±0.0072     82.8968±5.4789     39.2676±0.5757   1.574e+05±0e+00       0.5062±0.0379      0.6779±0.0319      0.9967±0.0022      3
RegionGraphPC [channel, K=8]              vtree-channel                 0.8264±0.0075      0.6874±0.0106     64.6084±21.0168     37.8562±0.5533   1.574e+05±0e+00       0.5311±0.0461      0.5938±0.0508      0.9963±0.0021      3
RegionGraphPC [chain_perm_features, K=8]  vtree-chain_perm_features      0.7923±0.0029      0.5949±0.0081    162.3010±15.8561     10.4531±0.9300  15360.0000±0.0000      0.5043±0.0250      0.5894±0.0318      0.9856±0.0087      3
RegionGraphPC [chain, K=8]                vtree-chain                   0.7528±0.0081      0.5037±0.0118    189.4360±1.9045     11.1065±0.4199  15360.0000±0.0000      0.5059±0.0142      0.5430±0.0232      0.9496±0.0056      3
RegionGraphPC [chain_perm_blocks, K=8]    vtree-chain_perm_blocks       0.7512±0.0056      0.5019±0.0078    190.8153±7.7817     10.6851±0.0735  15360.0000±0.0000      0.5045±0.0167      0.5419±0.0198      0.9480±0.0081      3
PC · structural-only score                vtree-random                  0.7488±0.0066      0.5644±0.0199                  —                  —                  —      0.5016±0.0079      0.7959±0.0090      0.9578±0.0035      3
PC · structural-only score                vtree-forman_rg               0.7348±0.0102      0.5918±0.0119                  —                  —                  —      0.4827±0.0114      0.7969±0.0073      0.9725±0.0102      3
PC · structural-only score                vtree-time                    0.7275±0.0059      0.5256±0.0048                  —                  —                  —      0.4808±0.0131      0.7595±0.0127      0.9508±0.0055      3
PC · structural-only score                vtree-orc_rg                  0.7274±0.0137      0.5796±0.0026                  —                  —                  —      0.5022±0.0400      0.8115±0.0183      0.9733±0.0074      3
PC · structural-only score                vtree-chow_liu                0.7266±0.0091      0.5785±0.0045                  —                  —                  —      0.4899±0.0510      0.8169±0.0125      0.9720±0.0085      3
PC · structural-only score                vtree-channel                 0.7244±0.0035      0.5259±0.0281                  —                  —                  —      0.5096±0.0229      0.7813±0.0303      0.9334±0.0106      3
PC · structural-only score                vtree-spectral                0.7130±0.0100      0.5701±0.0053                  —                  —                  —      0.5024±0.0258      0.8144±0.0178      0.9696±0.0142      3
PC · structural-only score                vtree-chain_grouped           0.7118±0.0030      0.5713±0.0086                  —                  —                  —      0.4786±0.0373      0.7970±0.0288      0.9574±0.0099      3
PC · structural-only score                vtree-chain_perm_features      0.6788±0.0035      0.2662±0.0213                  —                  —                  —      0.4858±0.0294      0.6012±0.0091      0.8407±0.0241      3
PC · structural-only score                vtree-chain                   0.5820±0.0030      0.1896±0.0087                  —                  —                  —      0.4933±0.0355      0.5105±0.0013      0.6484±0.0062      3
PC · structural-only score                vtree-chain_perm_blocks       0.5706±0.0068      0.1858±0.0085                  —                  —                  —      0.4909±0.0383      0.5097±0.0063      0.6527±0.0079      3

wrote logs/ts/cmapss_structure/summary.csv, summary.json, summary.md


######################################################################
# logs/ts/scaling
######################################################################

=== scaling (mean ± sd over seeds) ===

method                       variant                                   d         dag_leaves         dag_params        dag_build_s          dag_fwd_s        tree_leaves        tree_params       tree_build_s  seeds
--------------------------------------------------------------------------------------------------------------------------------------------------------------------------------------------------------------------
d=8                          K-4                           8.0000±0.0000     32.0000±0.0000    464.0000±0.0000      0.0043±0.0000      0.0968±0.0000    512.0000±0.0000   1316.0000±0.0000      0.0437±0.0000      1
d=8                          K-6                           8.0000±0.0000     48.0000±0.0000   1428.0000±0.0000      0.0144±0.0000      0.0067±0.0000   1728.0000±0.0000   4398.0000±0.0000      0.0602±0.0000      1
d=16                         K-4                          16.0000±0.0000     64.0000±0.0000   1040.0000±0.0000      0.0071±0.0000      0.0067±0.0000   4096.0000±0.0000  10532.0000±0.0000      0.2244±0.0000      1
d=16                         K-6                          16.0000±0.0000     96.0000±0.0000   3252.0000±0.0000      0.0148±0.0000      0.0124±0.0000  20736.0000±0.0000  52782.0000±0.0000      1.1960±0.0000      1
d=32                         K-4                          32.0000±0.0000    128.0000±0.0000   2192.0000±0.0000      0.0154±0.0000      0.0139±0.0000  32768.0000±0.0000  84260.0000±0.0000      1.9560±0.0000      1
d=32                         K-6                          32.0000±0.0000    192.0000±0.0000   6900.0000±0.0000      0.0307±0.0000      0.0251±0.0000   2.488e+05±0e+00    6.334e+05±0e+00      16.2064±0.0000      1
d=64                         K-4                          64.0000±0.0000    256.0000±0.0000   4496.0000±0.0000      0.0308±0.0000      0.0282±0.0000   2.621e+05±0e+00    6.741e+05±0e+00      20.2020±0.0000      1
d=64                         K-6                          64.0000±0.0000    384.0000±0.0000  14196.0000±0.0000      0.0620±0.0000      0.0512±0.0000                  —                  —                  —      1
d=112                        K-4                         112.0000±0.0000    448.0000±0.0000   7952.0000±0.0000      0.0545±0.0000      0.0499±0.0000                  —                  —                  —      1
d=112                        K-6                         112.0000±0.0000    672.0000±0.0000  25140.0000±0.0000      0.1152±0.0000      0.0904±0.0000                  —                  —                  —      1
d=256                        K-4                         256.0000±0.0000   1024.0000±0.0000  18320.0000±0.0000      0.1315±0.0000      0.1159±0.0000                  —                  —                  —      1
d=256                        K-6                         256.0000±0.0000   1536.0000±0.0000  57972.0000±0.0000      0.2529±0.0000      0.2083±0.0000                  —                  —                  —      1
d=1024                       K-4                        1024.0000±0.0000   4096.0000±0.0000  73616.0000±0.0000      0.5191±0.0000      0.4684±0.0000                  —                  —                  —      1
d=1024                       K-6                        1024.0000±0.0000   6144.0000±0.0000   2.331e+05±0e+00       1.3709±0.0000      0.8461±0.0000                  —                  —                  —      1

wrote logs/ts/scaling/summary.csv, summary.json, summary.md


######################################################################
# logs/ts/smoke
######################################################################

=== ad (mean ± sd over seeds) ===

method                                                   auroc                 ap          train_nll              fit_s             params    auroc[decouple]      auroc[desync]       auroc[drift]  seeds
----------------------------------------------------------------------------------------------------------------------------------------------------------------------------------------------------------
Mahalanobis                                      0.8690±0.0000      0.7236±0.0000                  —      0.0081±0.0000                  —      0.5299±0.0000      0.7840±0.0000      0.9842±0.0000      1
1-NN distance                                    0.8677±0.0000      0.7448±0.0000                  —      0.0220±0.0000                  —      0.5367±0.0000      0.8355±0.0000      0.9532±0.0000      1
RegionGraphPC [chain, K=4]                       0.8567±0.0000      0.7227±0.0000     48.9978±0.0000      1.1231±0.0000    752.0000±0.0000      0.5911±0.0000      0.6621±0.0000      0.8047±0.0000      1
z-score (per channel)                            0.8366±0.0000      0.7073±0.0000                  —      0.0038±0.0000                  —      0.5182±0.0000      0.3982±0.0000      0.9221±0.0000      1
PCA reconstruction                               0.8324±0.0000      0.6887±0.0000                  —      0.5408±0.0000                  —      0.5071±0.0000      0.6444±0.0000      0.8787±0.0000      1
diagonal Gaussian                                0.8102±0.0000      0.6476±0.0000                  —      0.0029±0.0000                  —      0.5926±0.0000      0.3254±0.0000      0.7081±0.0000      1
PC · 3 dead (mean-imputed)                       0.8098±0.0000      0.6600±0.0000                  —                  —                  —      0.5536±0.0000      0.5941±0.0000      0.7041±0.0000      1
PC · 3 dead (exact marginal)                     0.8034±0.0000      0.6620±0.0000                  —                  —                  —      0.5349±0.0000      0.5959±0.0000      0.6721±0.0000      1
z-score (per channel) · 3 dead (imputed)         0.7926±0.0000      0.6446±0.0000                  —                  —                  —      0.4959±0.0000      0.4334±0.0000      0.6908±0.0000      1
diagonal Gaussian · 3 dead (imputed)             0.7811±0.0000      0.6170±0.0000                  —                  —                  —      0.5320±0.0000      0.3929±0.0000      0.5404±0.0000      1
PC · structural-only score                       0.7698±0.0000      0.5553±0.0000                  —                  —                  —      0.4781±0.0000      0.6899±0.0000      0.7046±0.0000      1
moving-average residual                          0.7228±0.0000      0.5120±0.0000                  —      0.0109±0.0000                  —      0.4047±0.0000      0.4734±0.0000      0.9832±0.0000      1
moving-average residual · 3 dead (imputed)       0.6957±0.0000      0.4545±0.0000                  —                  —                  —      0.4064±0.0000      0.3515±0.0000      0.8402±0.0000      1

=== calibration (mean ± sd over seeds) ===

method                                            picp               mpiw          picp_edge          mpiw_edge           pit_mean            pit_var     interval_score               crps  seeds
--------------------------------------------------------------------------------------------------------------------------------------------------------------------------------------------------
SurvivalPC + split conformal (cqr)       0.9679±0.0000     96.5428±0.0000                  —                  —                  —                  —    106.6901±0.0000     16.3548±0.0000      1
quantile reg. + conformal (CQR)          0.9398±0.0000    210.9744±0.0000                  —                  —                  —                  —    229.6814±0.0000                  —      1
SurvivalPC + split conformal (pit)       0.5582±0.0000     88.1024±0.0000                  —                  —                  —                  —    137.8883±0.0000     16.3548±0.0000      1
SurvivalPC (raw exact predictive)        0.5502±0.0000     85.7095±0.0000      0.9679±0.0000     96.5428±0.0000      0.3702±0.0000      0.0790±0.0000    140.5824±0.0000     16.3548±0.0000      1

=== explain (mean ± sd over seeds) ===

method                                    loc_auroc          prec_at_k       deletion_auc  max_residual_nats mean_residual_nats loc_auroc[decouple]  loc_auroc[desync]   loc_auroc[drift]  seeds
------------------------------------------------------------------------------------------------------------------------------------------------------------------------------------------------
PC conditional (exact)                0.8654±0.0000      0.6765±0.0000      0.2541±0.0000                  —                  —      0.7086±0.0000      0.2857±0.0000      0.9688±0.0000      1
PC Shapley (exact conditionals)       0.8485±0.0000      0.6569±0.0000      0.2325±0.0000                  —                  —      0.6286±0.0000      0.2857±0.0000      0.9219±0.0000      1
Gaussian conditional (exact)          0.7991±0.0000      0.6373±0.0000      0.1881±0.0000                  —                  —      0.6457±0.0000      0.0000±0.0000      0.8281±0.0000      1
z-score (per channel)                 0.7917±0.0000      0.6078±0.0000      0.1815±0.0000                  —                  —      0.6629±0.0000      0.0000±0.0000      0.7891±0.0000      1
PC marginal (exact)                   0.7634±0.0000      0.6373±0.0000      0.1938±0.0000                  —                  —      0.6857±0.0000      0.0000±0.0000      0.8047±0.0000      1
AE reconstruction (per channel)       0.7392±0.0000      0.5686±0.0000      0.2046±0.0000                  —                  —      0.5943±0.0000      0.0000±0.0000      0.7969±0.0000      1
PC structural (exact)                 0.6212±0.0000      0.3922±0.0000      0.3553±0.0000                  —                  —      0.3543±0.0000      0.7143±0.0000      0.7734±0.0000      1
AE sampling-SHAP (4/ch)               0.4802±0.0000      0.2843±0.0000      0.5877±0.0000                  —                  —      0.2971±0.0000      0.4286±0.0000      0.6953±0.0000      1
PC chain-rule completeness                        —                  —                  —   3.815e-06±0e+00    9.537e-07±0e+00                   —                  —                  —      1

=== rul (mean ± sd over seeds) ===

method                                          rmse                mae               nasa               crps     interval_score               picp               mpiw          picp_edge  seeds
------------------------------------------------------------------------------------------------------------------------------------------------------------------------------------------------
SurvivalPC (drop censored)            27.2133±0.0000     23.4020±0.0000  10860.3353±0.0000     12.9474±0.0000    128.4873±0.0000      0.5743±0.0000     84.4043±0.0000      0.9880±0.0000      1
SurvivalPC (exact censored lik.)      27.3981±0.0000     22.0836±0.0000  11257.0246±0.0000     13.5327±0.0000    126.0576±0.0000      0.5141±0.0000     68.7416±0.0000      0.9398±0.0000      1
MLP regressor                         35.2942±0.0000     28.5171±0.0000   2.686e+05±0e+00                   —                  —                  —                  —                  —      1
quantile reg. + conformal (CQR)       38.1192±0.0000     30.5967±0.0000   1.809e+05±0e+00                   —    167.0626±0.0000      0.9438±0.0000    148.8736±0.0000                  —      1
ridge regression                      27.6246±0.0000     23.2565±0.0000   6936.9627±0.0000                  —                  —                  —                  —                  —      1

=== rul_partial (mean ± sd over seeds) ===

method                                crps_full crps_exact_marginal       crps_imputed          rmse_full rmse_exact_marginal       rmse_imputed picp_exact_marginal picp_exact_marginal_edge  seeds
----------------------------------------------------------------------------------------------------------------------------------------------------------------------------------------------------
PC · 3 dead sensors              13.5327±0.0000     13.5283±0.0000     15.2244±0.0000     27.3981±0.0000     27.6901±0.0000     30.1398±0.0000      0.5261±0.0000      0.9558±0.0000      1

wrote logs/ts/smoke/summary.csv, summary.json, summary.md


######################################################################
# logs/ts/synthetic_ad
######################################################################

=== ad (mean ± sd over seeds) ===

method                                                   auroc                 ap          train_nll              fit_s             params    auroc[decouple]      auroc[desync]       auroc[drift]  seeds
----------------------------------------------------------------------------------------------------------------------------------------------------------------------------------------------------------
conv autoencoder                                 0.9544±0.0115      0.9401±0.0163                  —      0.2883±0.0187                  —      0.6669±0.0413      0.8468±0.0603      0.9984±0.0016      5
RegionGraphPC [chain, K=6]                       0.9474±0.0122      0.9289±0.0165     30.3805±13.9461      1.1814±0.3015   2964.0000±0.0000      0.6208±0.0339      0.8559±0.0533      0.9982±0.0025      5
PC · structural-only score                       0.9428±0.0117      0.9171±0.0169                  —                  —                  —      0.6810±0.0256      0.8891±0.0474      0.9845±0.0147      5
Mahalanobis                                      0.9428±0.0119      0.9210±0.0156                  —      0.0283±0.0028                  —      0.6573±0.0366      0.7819±0.0688      0.9878±0.0121      5
1-NN distance                                    0.9425±0.0142      0.9197±0.0241                  —      0.0250±0.0116                  —      0.5921±0.0478      0.8221±0.0801      0.9912±0.0063      5
PC · 3 dead (exact marginal)                     0.9356±0.0153      0.9111±0.0209                  —                  —                  —      0.6166±0.0569      0.8108±0.0544      0.9907±0.0103      5
Deep SVDD                                        0.9158±0.0236      0.8772±0.0355                  —      0.0468±0.0117                  —      0.5435±0.0515      0.7324±0.0922      0.9507±0.0319      5
PC · 3 dead (mean-imputed)                       0.9000±0.0182      0.8613±0.0255                  —                  —                  —      0.5492±0.0915      0.7489±0.0712      0.9437±0.0560      5
z-score (per channel)                            0.8680±0.0192      0.7900±0.0495                  —      0.0144±0.0016                  —      0.4732±0.0595      0.4945±0.1090      0.9356±0.0443      5
Isolation Forest                                 0.8436±0.0148      0.7472±0.0250                  —      0.1143±0.0017                  —      0.5108±0.0536      0.6633±0.0855      0.8486±0.0413      5
PCA reconstruction                               0.8427±0.0152      0.7495±0.0335                  —      0.0170±0.0021                  —      0.4753±0.0552      0.6423±0.0850      0.8194±0.0277      5
z-score (per channel) · 3 dead (imputed)         0.8379±0.0269      0.7417±0.0370                  —                  —                  —      0.4765±0.0476      0.4777±0.1105      0.9197±0.0492      5
diagonal Gaussian                                0.8359±0.0449      0.7668±0.0595                  —      0.0149±0.0020                  —      0.4993±0.0647      0.4871±0.0807      0.8898±0.0367      5
GMM (8 comp.)                                    0.8048±0.0055      0.4555±0.0198                  —      0.0668±0.0132                  —      0.6265±0.0355      0.6906±0.0548      0.8244±0.0125      5
diagonal Gaussian · 3 dead (imputed)             0.7988±0.0753      0.7235±0.0758                  —                  —                  —      0.4897±0.0526      0.4818±0.0884      0.8556±0.0179      5
moving-average residual                          0.7560±0.0208      0.5343±0.0385                  —      0.0680±0.0035                  —      0.5572±0.0844      0.5485±0.0753      0.8727±0.0552      5
moving-average residual · 3 dead (imputed)       0.7316±0.0307      0.5053±0.0280                  —                  —                  —      0.5454±0.0835      0.5305±0.0736      0.8485±0.0616      5

wrote logs/ts/synthetic_ad/summary.csv, summary.json, summary.md


######################################################################
# logs/ts/synthetic_explain
######################################################################

=== explain (mean ± sd over seeds) ===

method                           variant                           loc_auroc          prec_at_k       deletion_auc  max_residual_nats mean_residual_nats loc_auroc[decouple]  loc_auroc[desync]   loc_auroc[drift]  seeds
-------------------------------------------------------------------------------------------------------------------------------------------------------------------------------------------------------------------------
PC conditional (exact)           shap_samples-32               0.9058±0.0134      0.7620±0.0451      0.4308±0.1215                  —                  —      0.6101±0.0634      0.8354±0.0837      0.9734±0.0079      5
PC conditional (exact)           shap_samples-128              0.9058±0.0134      0.7620±0.0451      0.4308±0.1215                  —                  —      0.6101±0.0634      0.8354±0.0837      0.9734±0.0079      5
PC Shapley (exact conditionals)  shap_samples-32               0.9040±0.0126      0.7608±0.0475      0.4506±0.1085                  —                  —      0.5994±0.0541      0.8176±0.0820      0.9770±0.0132      5
PC Shapley (exact conditionals)  shap_samples-128              0.9040±0.0126      0.7608±0.0475      0.4506±0.1085                  —                  —      0.5994±0.0541      0.8176±0.0820      0.9770±0.0132      5
AE reconstruction (per channel)  shap_samples-32               0.8821±0.0245      0.7124±0.0591      0.5450±0.0813                  —                  —      0.6581±0.0409      0.7929±0.0508      0.9311±0.0409      5
AE reconstruction (per channel)  shap_samples-128              0.8821±0.0245      0.7124±0.0591      0.5450±0.0813                  —                  —      0.6581±0.0409      0.7929±0.0508      0.9311±0.0409      5
PC marginal (exact)              shap_samples-32               0.8432±0.0122      0.5922±0.0270      0.4224±0.1353                  —                  —      0.5700±0.0457      0.5129±0.0507      0.9693±0.0191      5
PC marginal (exact)              shap_samples-128              0.8432±0.0122      0.5922±0.0270      0.4224±0.1353                  —                  —      0.5700±0.0457      0.5129±0.0507      0.9693±0.0191      5
Gaussian conditional (exact)     shap_samples-32               0.7793±0.0286      0.6850±0.0567      0.5909±0.0663                  —                  —      0.7682±0.0198      0.7458±0.0636      0.7954±0.0892      5
Gaussian conditional (exact)     shap_samples-128              0.7793±0.0286      0.6850±0.0567      0.5909±0.0663                  —                  —      0.7682±0.0198      0.7458±0.0636      0.7954±0.0892      5
z-score (per channel)            shap_samples-32               0.7760±0.0132      0.5225±0.0251      0.6411±0.0711                  —                  —      0.5338±0.0267      0.5051±0.0377      0.8643±0.0193      5
z-score (per channel)            shap_samples-128              0.7760±0.0132      0.5225±0.0251      0.6411±0.0711                  —                  —      0.5338±0.0267      0.5051±0.0377      0.8643±0.0193      5
PC structural (exact)            shap_samples-32               0.7699±0.0913      0.6221±0.0572      0.4998±0.1048                  —                  —      0.6410±0.1034      0.8661±0.0551      0.7607±0.1207      5
PC structural (exact)            shap_samples-128              0.7699±0.0913      0.6221±0.0572      0.4998±0.1048                  —                  —      0.6410±0.1034      0.8661±0.0551      0.7607±0.1207      5
AE sampling-SHAP (32/ch)         shap_samples-32               0.5127±0.0290      0.1317±0.0256      0.7692±0.0343                  —                  —      0.4701±0.0382      0.4926±0.0397      0.5004±0.0434      5
AE sampling-SHAP (128/ch)        shap_samples-128              0.5103±0.0276      0.1293±0.0282      0.7684±0.0321                  —                  —      0.4661±0.0199      0.4878±0.0429      0.4954±0.0374      5
PC chain-rule completeness       shap_samples-32                           —                  —                  —   3.052e-05±0e+00    1.987e-06±7e-07                   —                  —                  —      5
PC chain-rule completeness       shap_samples-128                          —                  —                  —   3.052e-05±0e+00    1.987e-06±7e-07                   —                  —                  —      5

wrote logs/ts/synthetic_explain/summary.csv, summary.json, summary.md


######################################################################
# logs/ts/synthetic_rul
######################################################################

=== rul (mean ± sd over seeds) ===

method                            variant                                rmse                mae               nasa               crps     interval_score               picp               mpiw          calib_err  seeds
-------------------------------------------------------------------------------------------------------------------------------------------------------------------------------------------------------------------------
SurvivalPC (exact censored lik.)  censor_frac-0.2              24.2079±2.8304     18.6596±1.3044  69095.0601±63372.9912     11.5637±2.1806    113.4879±12.0665      0.5078±0.0232     60.5794±7.5033      0.1729±0.0458      3
SurvivalPC (drop censored)        censor_frac-0.7              24.3856±2.8192     19.4163±3.0479  35188.2641±19212.7403     11.5978±1.6119    105.2078±6.5340      0.5205±0.0219     63.2851±10.7844      0.1174±0.0042      3
SurvivalPC (drop censored)        censor_frac-0.2              24.4297±2.1692     19.1154±1.2409  58314.7869±50873.7194     11.6007±1.7108    110.1518±8.2112      0.5127±0.0262     61.1316±8.1690      0.1804±0.0558      3
SurvivalPC (drop censored)        censor_frac-0.5              24.3817±1.3970     18.9474±1.8901  39108.3301±25387.3908     11.6614±0.8337    107.9421±2.6742      0.5192±0.0267     60.1072±5.6107      0.1591±0.0770      3
SurvivalPC (exact censored lik.)  censor_frac-0.5              23.8848±2.0650     17.3198±1.0053  61966.7934±33807.2842     11.7367±1.2392    120.6310±19.0200      0.4670±0.0596     49.8361±11.9586      0.1466±0.0334      3
SurvivalPC (drop censored)        censor_frac-0.35             25.4363±2.4431     20.2394±2.0105  38727.7439±22397.2520     12.5511±1.3982    112.4345±16.3874      0.4964±0.0422     58.9774±3.4407      0.1612±0.0515      3
SurvivalPC (exact censored lik.)  censor_frac-0.35             25.4978±1.9715     19.4383±1.8607  56467.5863±21878.8181     12.6530±1.0091    109.6550±9.1080      0.4872±0.0216     56.1654±5.1996      0.1488±0.0292      3
SurvivalPC (exact censored lik.)  censor_frac-0.7              27.3042±3.6108     19.2232±2.5330   1.002e+05±7e+04      13.9321±2.4345    152.4701±19.1929      0.4057±0.0113     41.7977±2.6675      0.1474±0.0063      3
MLP regressor                     censor_frac-0.2              27.7193±1.7036     21.6046±1.2951   1.570e+05±2e+05                   —                  —                  —                  —                  —      3
MLP regressor                     censor_frac-0.35             29.1574±2.0288     23.1947±1.9320  55497.0594±12302.7979                  —                  —                  —                  —                  —      3
MLP regressor                     censor_frac-0.5              31.1610±1.3452     24.5434±1.3362  62283.2640±25334.4207                  —                  —                  —                  —                  —      3
MLP regressor                     censor_frac-0.7              32.6593±4.0857     25.7257±3.4900   8.199e+05±1e+06                   —                  —                  —                  —                  —      3
quantile reg. + conformal (CQR)   censor_frac-0.2              27.9271±1.3948     21.4548±0.8079   2.110e+05±2e+05                   —    127.1654±7.3165      0.8252±0.0339     79.4700±8.7451                  —      3
quantile reg. + conformal (CQR)   censor_frac-0.35             30.7247±2.0168     24.1553±1.9883  73821.3600±15446.5641                  —    145.5133±17.5256      0.8295±0.0523     89.0170±12.7513                  —      3
quantile reg. + conformal (CQR)   censor_frac-0.5              34.6334±1.9680     27.4220±1.8876  97662.2736±26761.9259                  —    165.6866±27.8216      0.8044±0.0315     90.9701±4.8243                  —      3
quantile reg. + conformal (CQR)   censor_frac-0.7              35.1411±4.5303     27.2457±3.9253   3.506e+05±4e+05                   —    171.4526±33.0495      0.9090±0.0355    130.1725±9.3585                  —      3
ridge regression                  censor_frac-0.2              24.8893±1.7934     20.1340±1.2263  35781.3299±27811.3815                  —                  —                  —                  —                  —      3
ridge regression                  censor_frac-0.35             25.2972±2.3481     20.8518±2.0542  21379.8625±7448.7117                  —                  —                  —                  —                  —      3
ridge regression                  censor_frac-0.5              25.9101±2.5233     21.0210±2.8970  22193.9559±11298.8593                  —                  —                  —                  —                  —      3
ridge regression                  censor_frac-0.7              25.9454±3.3036     20.8113±2.2890  43081.8125±41472.3212                  —                  —                  —                  —                  —      3

=== rul_partial (mean ± sd over seeds) ===

method                       variant                           crps_full crps_exact_marginal       crps_imputed          rmse_full rmse_exact_marginal       rmse_imputed picp_exact_marginal       picp_imputed  seeds
-----------------------------------------------------------------------------------------------------------------------------------------------------------------------------------------------------------------------
PC · 3 dead sensors          censor_frac-0.2              11.5637±2.1806     11.8325±1.8598     12.1537±1.6578     24.2079±2.8304     24.8367±2.2636     25.3573±2.0162      0.5039±0.0223      0.4971±0.0296      3
PC · 3 dead sensors          censor_frac-0.5              11.7367±1.2392     12.0502±1.1599     12.8711±1.9495     23.8848±2.0650     24.5127±1.9301     25.6749±3.0031      0.4718±0.0548      0.4382±0.0929      3
PC · 3 dead sensors          censor_frac-0.35             12.6530±1.0091     13.2130±0.7439     13.5590±0.4606     25.4978±1.9715     26.4196±1.4629     26.9094±0.8067      0.4828±0.0207      0.4592±0.0200      3
PC · 3 dead sensors          censor_frac-0.7              13.9321±2.4345     14.1977±2.1479     16.2761±4.9623     27.3042±3.6108     27.6567±3.1598     30.7706±7.4110      0.3977±0.0107      0.3734±0.0190      3

wrote logs/ts/synthetic_rul/summary.csv, summary.json, summary.md

