[14:40:18] === run start · seed0 · seed 0 · hash bcfe838da921 ===
[14:40:18] stages ['ad', 'explain', 'rul', 'calibration'] · device cpu · dataset synthetic
[14:40:18] --- stage: ad ---
[14:40:18]   data: FleetPair(synthetic: train=24 units, C=8, regimes=2, cap=130)  (0.0s)
[14:40:18]   task: {'kind': 'ad', 'n_train': 557, 'n_test': 429, 'd': 48, 'window': 6, 'n_channels': 8, 'anomaly_rate': 0.1655011624097824, 'kind_counts': {'drift': 6, 'normal': 358, 'decouple': 10, 'offset': 7, 'organic': 36, 'spike': 7, 'desync': 5}, 'train_units': 14, 'test_units': 10, 'n_regimes': 2, 'seed': 0, 'dataset': 'synthetic', 'cap': 130.0, 'source': 'synthetic simulator', 'units': 24}
    [pc] epoch   0  nll   64.270
    [pc] epoch   1  nll   62.663
    [pc] epoch   2  nll   59.993
    [pc] epoch   3  nll   56.584
    [pc] epoch   4  nll   53.328
    [pc] epoch   5  nll   50.590
[14:40:19]   pc_train_nll: first=64.2704 last=50.5902 (6 epochs)
[14:40:19]   pc: fit 1.0s · 752 params · score sd 7.159 · device cpu
[14:40:20]   typed decomposition (mean worst-channel surprise):
[14:40:20]        normal  n=  358  marginal    11.54  conditional    10.53  structural     2.35
[14:40:20]      decouple  n=   10  marginal    11.16  conditional     8.63  structural     0.67
[14:40:20]        desync  n=    5  marginal     9.21  conditional    10.82  structural     3.71
[14:40:20]         drift  n=    6  marginal    16.07  conditional    14.90  structural     4.86
[14:40:20]        offset  n=    7  marginal    18.61  conditional    23.61  structural    10.01
[14:40:20]       organic  n=   36  marginal    43.61  conditional    49.56  structural    17.53
[14:40:20]         spike  n=    7  marginal    25.63  conditional    24.06  structural     2.94
[14:40:20] --- stage ad done in 2.4s ---
[14:40:20] --- stage: explain ---
[14:40:20]   data: FleetPair(synthetic: train=24 units, C=8, regimes=2, cap=130)  (0.0s)
[14:40:20]   task: {'kind': 'ad', 'n_train': 557, 'n_test': 429, 'd': 48, 'window': 6, 'n_channels': 8, 'anomaly_rate': 0.1655011624097824, 'kind_counts': {'drift': 6, 'normal': 358, 'decouple': 10, 'offset': 7, 'organic': 36, 'spike': 7, 'desync': 5}, 'train_units': 14, 'test_units': 10, 'n_regimes': 2, 'seed': 0, 'dataset': 'synthetic', 'cap': 130.0, 'source': 'synthetic simulator', 'units': 24}
[14:40:20]   explain: capped test set to 200 windows
    [pc] epoch   0  nll   64.270
    [pc] epoch   1  nll   62.663
    [pc] epoch   2  nll   59.993
    [pc] epoch   3  nll   56.584
    [pc] epoch   4  nll   53.328
    [pc] epoch   5  nll   50.590
[14:40:21]   pc_train_nll: first=64.2704 last=50.5902 (6 epochs)
[14:40:21]   pc: fit 0.5s · 752 params · score sd 7.159 · device cpu
[14:40:26]   attribution cost: PC exact (all views) 0.2s · AE sampling-SHAP (one view) 0.1s
[14:40:26]   completeness: max residual 3.81e-06 nats, mean 7.15e-07
[14:40:27]   deletion curves scored with the circuit's own scorer — PC attributions have home-field advantage here, the localisation columns do not
[14:40:27]   worked examples (median-scoring window of each kind):
[14:40:27]    [normal]
[14:40:27]   anomaly score 47.9 nats
[14:40:27]       ch7  broken relationship  marginal    7.04  structural    4.52  worst at t=2
[14:40:27]       ch1  out of range         marginal   10.20  structural   -3.90  worst at t=2
[14:40:27]       ch0  out of range         marginal    9.34  structural   -3.55  worst at t=3
[14:40:28]    [spike]
[14:40:28]   anomaly score 62.3 nats   [injected: spike, channels [0]]
[14:40:28]       ch0  out of range         marginal   12.30  structural    0.39  worst at t=1  <- CORRECT
[14:40:28]       ch7  out of range         marginal   12.49  structural   -2.72  worst at t=2  <- miss
[14:40:28]       ch6  out of range         marginal    6.79  structural    1.79  worst at t=4  <- miss
[14:40:28]    [offset]
[14:40:28]   anomaly score 89.2 nats   [injected: offset, channels [3, 6]]
[14:40:28]       ch6  out of range         marginal   29.04  structural   12.55  worst at t=5  <- CORRECT
[14:40:28]       ch3  out of range         marginal   16.85  structural   -4.04  worst at t=2  <- CORRECT
[14:40:28]       ch7  out of range         marginal    6.97  structural   -0.68  worst at t=0  <- miss
[14:40:29]    [drift]
[14:40:29]   anomaly score 62.2 nats   [injected: drift, channels [1, 2, 4]]
[14:40:29]       ch4  out of range         marginal   15.24  structural   -3.04  worst at t=5  <- CORRECT
[14:40:29]       ch1  out of range         marginal    8.85  structural    1.91  worst at t=5  <- CORRECT
[14:40:29]       ch2  out of range         marginal    6.95  structural    1.75  worst at t=5  <- CORRECT
[14:40:29]    [decouple]
[14:40:29]   anomaly score 50.2 nats   [injected: decouple, channels [2, 6]]
[14:40:29]       ch6  out of range         marginal   10.24  structural   -2.90  worst at t=3  <- CORRECT
[14:40:29]       ch1  out of range         marginal    7.14  structural    0.16  worst at t=4  <- miss
[14:40:29]       ch0  out of range         marginal    7.56  structural   -0.90  worst at t=4  <- miss
[14:40:30]    [desync]
[14:40:30]   anomaly score 46.0 nats   [injected: desync, channels [1]]
[14:40:30]       ch1  out of range         marginal    7.13  structural    0.46  worst at t=0  <- CORRECT
[14:40:30]       ch0  out of range         marginal    8.02  structural   -0.45  worst at t=0  <- miss
[14:40:30]       ch2  out of range         marginal    9.26  structural   -3.70  worst at t=5  <- miss
[14:40:30] --- stage explain done in 9.4s ---
[14:40:30] --- stage: rul ---
[14:40:30]   data: FleetPair(synthetic: train=24 units, C=8, regimes=2, cap=130)  (0.0s)
[14:40:30]   task: {'kind': 'rul', 'n_train': 719, 'n_test': 354, 'd': 48, 'window': 6, 'n_channels': 8, 'n_bins': 12, 'cap': 130.0, 'censored_frac': 0.0445062518119812, 'train_units': 14, 'test_units': 10, 'censored_units': 1, 'n_regimes': 2, 'seed': 0, 'dataset': 'synthetic', 'source': 'synthetic simulator', 'units': 24}
    [surv] epoch   0  censored-NLL   69.990
    [surv] epoch   1  censored-NLL   68.972
    [surv] epoch   2  censored-NLL   67.772
    [surv] epoch   3  censored-NLL   66.545
    [surv] epoch   4  censored-NLL   65.620
    [surv] epoch   5  censored-NLL   64.963
[14:40:30]   surv_dropped_nll: first=69.9896 last=64.9627 (6 epochs)
[14:40:30]   surv_dropped: fit 0.4s · 864 params
    [surv] epoch   0  censored-NLL   69.666
    [surv] epoch   1  censored-NLL   68.740
    [surv] epoch   2  censored-NLL   67.594
    [surv] epoch   3  censored-NLL   66.333
    [surv] epoch   4  censored-NLL   65.447
    [surv] epoch   5  censored-NLL   64.885
[14:40:31]   surv_censored_nll: first=69.6658 last=64.8852 (6 epochs)
[14:40:31]   surv_censored: fit 0.6s · 864 params
[14:40:31]   partial evidence (3 dead): CRPS exact-marginal 21.114 vs imputed 21.169 (full 21.017)
[14:40:31]   exact survival S(t|x), grouped by TRUE remaining life:
[14:40:31]     RUL   0-20  n=   35  S(20)=0.888  S(40)=0.769  S(60)=0.666
[14:40:31]     RUL  20-50  n=   53  S(20)=0.893  S(40)=0.779  S(60)=0.678
[14:40:31]     RUL  50-90  n=   70  S(20)=0.907  S(40)=0.804  S(60)=0.711
[14:40:31]     RUL  90-131 n=  196  S(20)=0.914  S(40)=0.819  S(60)=0.730
[14:40:31] --- stage rul done in 1.7s ---
[14:40:31] --- stage: calibration ---
[14:40:31]   data: FleetPair(synthetic: train=24 units, C=8, regimes=2, cap=130)  (0.0s)
[14:40:31]   task: {'kind': 'rul', 'n_train': 719, 'n_test': 354, 'd': 48, 'window': 6, 'n_channels': 8, 'n_bins': 12, 'cap': 130.0, 'censored_frac': 0.0445062518119812, 'train_units': 14, 'test_units': 10, 'censored_units': 1, 'n_regimes': 2, 'seed': 0, 'dataset': 'synthetic', 'source': 'synthetic simulator', 'units': 24}
[14:40:31]   conformal split: 463 fit windows / 256 calibration windows (14 units total)
    [surv] epoch   0  censored-NLL   68.553
    [surv] epoch   1  censored-NLL   67.820
    [surv] epoch   2  censored-NLL   67.112
    [surv] epoch   3  censored-NLL   66.248
    [surv] epoch   4  censored-NLL   65.364
    [surv] epoch   5  censored-NLL   64.650
[14:40:32]   surv_conformal_nll: first=68.5527 last=64.6503 (6 epochs)
[14:40:32]   surv_conformal: fit 0.7s · 864 params
[14:40:32]   conformal[cqr]: PICP 0.534 (nominal 0.90), MPIW 108.3 (raw PICP 0.534, MPIW 108.3)
[14:40:32]   conformal[pit]: PICP 0.585 (nominal 0.90), MPIW 119.2 (raw PICP 0.534, MPIW 108.3)
[14:40:32] --- stage calibration done in 1.1s ---
[14:40:33] === run ok · 14.7s · peak RSS 409.906 GB ===
[15:14:29] === run start · seed0 · seed 0 · hash 44c6bb8278c5 ===
[15:14:29] stages ['ad', 'explain', 'rul', 'calibration'] · device cuda · dataset synthetic
[15:14:29] --- stage: ad ---
[15:14:29]   data: FleetPair(synthetic: train=24 units, C=8, regimes=2, cap=130)  (0.0s)
[15:14:29]   task: {'kind': 'ad', 'n_train': 557, 'n_test': 429, 'd': 48, 'window': 6, 'n_channels': 8, 'anomaly_rate': 0.1655011624097824, 'kind_counts': {'drift': 6, 'normal': 358, 'decouple': 10, 'offset': 7, 'organic': 36, 'spike': 7, 'desync': 5}, 'train_units': 14, 'test_units': 10, 'n_regimes': 2, 'seed': 0, 'dataset': 'synthetic', 'cap': 130.0, 'source': 'synthetic simulator', 'units': 24}
    [pc] epoch   0  nll   64.262
    [pc] epoch   1  nll   62.650
    [pc] epoch   2  nll   59.989
    [pc] epoch   3  nll   56.632
    [pc] epoch   4  nll   53.395
    [pc] epoch   5  nll   50.682
[15:14:30]   pc_train_nll: first=64.2618 last=50.6824 (6 epochs)
[15:14:30]   pc: fit 1.1s · 752 params · score sd 7.345 · device cuda
[15:14:31]   typed decomposition (mean worst-channel surprise):
[15:14:31]        normal  n=  358  marginal    11.68  conditional    10.65  structural     2.48
[15:14:31]      decouple  n=   10  marginal    11.48  conditional     8.64  structural     0.72
[15:14:31]        desync  n=    5  marginal     9.37  conditional    10.79  structural     3.73
[15:14:31]         drift  n=    6  marginal    16.14  conditional    14.57  structural     5.01
[15:14:31]        offset  n=    7  marginal    18.63  conditional    23.96  structural     9.95
[15:14:31]       organic  n=   36  marginal    43.05  conditional    50.34  structural    17.69
[15:14:31]         spike  n=    7  marginal    26.05  conditional    24.98  structural     3.22
[15:14:31] --- stage ad done in 2.0s ---
[15:14:31] --- stage: explain ---
[15:14:31]   data: FleetPair(synthetic: train=24 units, C=8, regimes=2, cap=130)  (0.0s)
[15:14:31]   task: {'kind': 'ad', 'n_train': 557, 'n_test': 429, 'd': 48, 'window': 6, 'n_channels': 8, 'anomaly_rate': 0.1655011624097824, 'kind_counts': {'drift': 6, 'normal': 358, 'decouple': 10, 'offset': 7, 'organic': 36, 'spike': 7, 'desync': 5}, 'train_units': 14, 'test_units': 10, 'n_regimes': 2, 'seed': 0, 'dataset': 'synthetic', 'cap': 130.0, 'source': 'synthetic simulator', 'units': 24}
[15:14:31]   explain: capped test set to 200 windows
    [pc] epoch   0  nll   64.262
    [pc] epoch   1  nll   62.650
    [pc] epoch   2  nll   59.989
    [pc] epoch   3  nll   56.632
    [pc] epoch   4  nll   53.395
    [pc] epoch   5  nll   50.682
[15:14:31]   pc_train_nll: first=64.2618 last=50.6824 (6 epochs)
[15:14:31]   pc: fit 0.5s · 752 params · score sd 7.345 · device cuda
[15:14:32]   attribution cost: PC exact (all views) 0.3s · AE sampling-SHAP (one view) 0.0s
[15:14:32]   completeness: max residual 3.81e-06 nats, mean 1.19e-06
[15:14:33]   deletion curves scored with the circuit's own scorer — PC attributions have home-field advantage here, the localisation columns do not
[15:14:33]   worked examples (median-scoring window of each kind):
[15:14:34]    [normal]
[15:14:34]   anomaly score 48.0 nats
[15:14:34]       ch0  out of range         marginal   15.37  structural   -3.78  worst at t=1
[15:14:34]       ch6  out of range         marginal    9.91  structural   -2.32  worst at t=4
[15:14:34]       ch2  out of range         marginal    9.00  structural   -3.65  worst at t=0
[15:14:35]    [spike]
[15:14:35]   anomaly score 63.9 nats   [injected: spike, channels [0]]
[15:14:35]       ch0  out of range         marginal   13.36  structural    1.01  worst at t=1  <- CORRECT
[15:14:35]       ch7  out of range         marginal   12.74  structural   -2.11  worst at t=1  <- miss
[15:14:35]       ch6  out of range         marginal    6.67  structural    2.06  worst at t=4  <- miss
[15:14:35]    [offset]
[15:14:35]   anomaly score 89.0 nats   [injected: offset, channels [3, 6]]
[15:14:35]       ch6  broken relationship  marginal   28.55  structural   14.32  worst at t=5  <- CORRECT
[15:14:35]       ch3  out of range         marginal   15.99  structural   -4.04  worst at t=4  <- CORRECT
[15:14:35]       ch7  out of range         marginal    6.64  structural    0.10  worst at t=0  <- miss
[15:14:36]    [drift]
[15:14:36]   anomaly score 61.7 nats   [injected: drift, channels [1, 2, 4]]
[15:14:36]       ch4  out of range         marginal   15.67  structural   -3.24  worst at t=5  <- CORRECT
[15:14:36]       ch1  out of range         marginal    9.21  structural    1.97  worst at t=5  <- CORRECT
[15:14:36]       ch2  out of range         marginal    6.72  structural    1.74  worst at t=5  <- CORRECT
[15:14:37]    [decouple]
[15:14:37]   anomaly score 50.0 nats   [injected: decouple, channels [2, 6]]
[15:14:37]       ch6  out of range         marginal   10.38  structural   -3.14  worst at t=3  <- CORRECT
[15:14:37]       ch1  out of range         marginal    6.96  structural   -0.06  worst at t=4  <- miss
[15:14:37]       ch2  out of range         marginal   11.00  structural   -4.15  worst at t=2  <- CORRECT
[15:14:38]    [desync]
[15:14:38]   anomaly score 47.1 nats   [injected: desync, channels [1]]
[15:14:38]       ch0  out of range         marginal    8.44  structural   -0.45  worst at t=0  <- miss
[15:14:38]       ch1  out of range         marginal    7.12  structural    0.58  worst at t=0  <- CORRECT
[15:14:38]       ch2  out of range         marginal    9.53  structural   -3.93  worst at t=5  <- miss
[15:14:38] --- stage explain done in 7.5s ---
[15:14:38] --- stage: rul ---
[15:14:38]   data: FleetPair(synthetic: train=24 units, C=8, regimes=2, cap=130)  (0.0s)
[15:14:38]   task: {'kind': 'rul', 'n_train': 719, 'n_test': 354, 'd': 48, 'window': 6, 'n_channels': 8, 'n_bins': 12, 'cap': 130.0, 'censored_frac': 0.0445062518119812, 'train_units': 14, 'test_units': 10, 'censored_units': 1, 'n_regimes': 2, 'seed': 0, 'dataset': 'synthetic', 'source': 'synthetic simulator', 'units': 24}
    [surv] epoch   0  censored-NLL   69.964
    [surv] epoch   1  censored-NLL   68.872
    [surv] epoch   2  censored-NLL   67.720
    [surv] epoch   3  censored-NLL   66.482
    [surv] epoch   4  censored-NLL   65.647
    [surv] epoch   5  censored-NLL   65.023
[15:14:39]   surv_dropped_nll: first=69.9638 last=65.0232 (6 epochs)
[15:14:39]   surv_dropped: fit 0.6s · 864 params
    [surv] epoch   0  censored-NLL   69.724
    [surv] epoch   1  censored-NLL   68.677
    [surv] epoch   2  censored-NLL   67.488
    [surv] epoch   3  censored-NLL   66.267
    [surv] epoch   4  censored-NLL   65.360
    [surv] epoch   5  censored-NLL   64.843
[15:14:40]   surv_censored_nll: first=69.7239 last=64.8435 (6 epochs)
[15:14:40]   surv_censored: fit 1.1s · 864 params
[15:14:41]   partial evidence (3 dead): CRPS exact-marginal 20.728 vs imputed 20.911 (full 20.599)
[15:14:41]   exact survival S(t|x), grouped by TRUE remaining life:
[15:14:41]     RUL   0-20  n=   35  S(20)=0.876  S(40)=0.750  S(60)=0.645
[15:14:41]     RUL  20-50  n=   53  S(20)=0.886  S(40)=0.769  S(60)=0.667
[15:14:41]     RUL  50-90  n=   70  S(20)=0.905  S(40)=0.803  S(60)=0.709
[15:14:41]     RUL  90-131 n=  196  S(20)=0.913  S(40)=0.818  S(60)=0.728
[15:14:41] --- stage rul done in 2.5s ---
[15:14:41] --- stage: calibration ---
[15:14:41]   data: FleetPair(synthetic: train=24 units, C=8, regimes=2, cap=130)  (0.0s)
[15:14:41]   task: {'kind': 'rul', 'n_train': 719, 'n_test': 354, 'd': 48, 'window': 6, 'n_channels': 8, 'n_bins': 12, 'cap': 130.0, 'censored_frac': 0.0445062518119812, 'train_units': 14, 'test_units': 10, 'censored_units': 1, 'n_regimes': 2, 'seed': 0, 'dataset': 'synthetic', 'source': 'synthetic simulator', 'units': 24}
[15:14:41]   conformal split: 463 fit windows / 256 calibration windows (14 units total)
    [surv] epoch   0  censored-NLL   68.468
    [surv] epoch   1  censored-NLL   67.791
    [surv] epoch   2  censored-NLL   67.049
    [surv] epoch   3  censored-NLL   66.216
    [surv] epoch   4  censored-NLL   65.339
    [surv] epoch   5  censored-NLL   64.639
[15:14:42]   surv_conformal_nll: first=68.4679 last=64.6392 (6 epochs)
[15:14:42]   surv_conformal: fit 0.8s · 864 params
[15:14:42]   conformal[cqr]: PICP 0.997 (nominal 0.90), MPIW 121.1 (raw PICP 0.579, MPIW 110.2)
[15:14:42]   conformal[pit]: PICP 0.585 (nominal 0.90), MPIW 111.9 (raw PICP 0.579, MPIW 110.2)
[15:14:42] --- stage calibration done in 1.4s ---
[15:14:42] === run ok · 13.5s · peak RSS 1.516 GB ===
[17:01:13] === run start · seed0 · seed 0 · hash 44c6bb8278c5 ===
[17:01:13] stages ['ad', 'explain', 'rul', 'calibration'] · device cuda · dataset synthetic
[17:01:13] --- stage: ad ---
[17:01:13]   data: FleetPair(synthetic: train=24 units, C=8, regimes=2, cap=130)  (0.0s)
[17:01:13]   task: {'kind': 'ad', 'n_train': 557, 'n_test': 429, 'd': 48, 'window': 6, 'n_channels': 8, 'anomaly_rate': 0.1655011624097824, 'kind_counts': {'drift': 6, 'normal': 358, 'decouple': 10, 'offset': 7, 'organic': 36, 'spike': 7, 'desync': 5}, 'train_units': 14, 'test_units': 10, 'n_regimes': 2, 'seed': 0, 'dataset': 'synthetic', 'cap': 130.0, 'source': 'synthetic simulator', 'units': 24}
    [pc] epoch   0  nll   64.262
    [pc] epoch   1  nll   62.650
    [pc] epoch   2  nll   59.989
    [pc] epoch   3  nll   56.632
    [pc] epoch   4  nll   53.395
    [pc] epoch   5  nll   50.682
[17:01:14]   pc_train_nll: first=64.2618 last=50.6824 (6 epochs)
[17:01:14]   pc: fit 1.1s · 752 params · score sd 7.345 · device cuda
[17:01:15]   typed decomposition (mean worst-channel surprise):
[17:01:15]        normal  n=  358  marginal    11.68  conditional    10.65  structural     2.48
[17:01:15]      decouple  n=   10  marginal    11.48  conditional     8.64  structural     0.72
[17:01:15]        desync  n=    5  marginal     9.37  conditional    10.79  structural     3.73
[17:01:15]         drift  n=    6  marginal    16.14  conditional    14.57  structural     5.01
[17:01:15]        offset  n=    7  marginal    18.63  conditional    23.96  structural     9.95
[17:01:15]       organic  n=   36  marginal    43.05  conditional    50.34  structural    17.69
[17:01:15]         spike  n=    7  marginal    26.05  conditional    24.98  structural     3.22
[17:01:15] --- stage ad done in 2.0s ---
[17:01:15] --- stage: explain ---
[17:01:15]   data: FleetPair(synthetic: train=24 units, C=8, regimes=2, cap=130)  (0.0s)
[17:01:15]   task: {'kind': 'ad', 'n_train': 557, 'n_test': 429, 'd': 48, 'window': 6, 'n_channels': 8, 'anomaly_rate': 0.1655011624097824, 'kind_counts': {'drift': 6, 'normal': 358, 'decouple': 10, 'offset': 7, 'organic': 36, 'spike': 7, 'desync': 5}, 'train_units': 14, 'test_units': 10, 'n_regimes': 2, 'seed': 0, 'dataset': 'synthetic', 'cap': 130.0, 'source': 'synthetic simulator', 'units': 24}
[17:01:15]   explain: capped test set to 200 windows
    [pc] epoch   0  nll   64.262
    [pc] epoch   1  nll   62.650
    [pc] epoch   2  nll   59.989
    [pc] epoch   3  nll   56.632
    [pc] epoch   4  nll   53.395
    [pc] epoch   5  nll   50.682
[17:01:16]   pc_train_nll: first=64.2618 last=50.6824 (6 epochs)
[17:01:16]   pc: fit 0.5s · 752 params · score sd 7.345 · device cuda
[17:01:16]   attribution cost: PC exact (all views) 0.3s · AE sampling-SHAP (one view) 0.0s
[17:01:16]   completeness: max residual 3.81e-06 nats, mean 1.19e-06
[17:01:17]   deletion curves scored with the circuit's own scorer — PC attributions have home-field advantage here, the localisation columns do not
[17:01:17]   worked examples (median-scoring window of each kind):
[17:01:18]    [normal]
[17:01:18]   anomaly score 48.0 nats
[17:01:18]       ch0  out of range         marginal   15.37  structural   -3.78  worst at t=1
[17:01:18]       ch6  out of range         marginal    9.91  structural   -2.32  worst at t=4
[17:01:18]       ch2  out of range         marginal    9.00  structural   -3.65  worst at t=0
[17:01:20]    [spike]
[17:01:20]   anomaly score 63.9 nats   [injected: spike, channels [0]]
[17:01:20]       ch0  out of range         marginal   13.36  structural    1.01  worst at t=1  <- CORRECT
[17:01:20]       ch7  out of range         marginal   12.74  structural   -2.11  worst at t=1  <- miss
[17:01:20]       ch6  out of range         marginal    6.67  structural    2.06  worst at t=4  <- miss
[17:01:22]    [offset]
[17:01:22]   anomaly score 89.0 nats   [injected: offset, channels [3, 6]]
[17:01:22]       ch6  broken relationship  marginal   28.55  structural   14.32  worst at t=5  <- CORRECT
[17:01:22]       ch3  out of range         marginal   15.99  structural   -4.04  worst at t=4  <- CORRECT
[17:01:22]       ch7  out of range         marginal    6.64  structural    0.10  worst at t=0  <- miss
[17:01:25]    [drift]
[17:01:25]   anomaly score 61.7 nats   [injected: drift, channels [1, 2, 4]]
[17:01:25]       ch4  out of range         marginal   15.67  structural   -3.24  worst at t=5  <- CORRECT
[17:01:25]       ch1  out of range         marginal    9.21  structural    1.97  worst at t=5  <- CORRECT
[17:01:25]       ch2  out of range         marginal    6.72  structural    1.74  worst at t=5  <- CORRECT
[17:01:28]    [decouple]
[17:01:28]   anomaly score 50.0 nats   [injected: decouple, channels [2, 6]]
[17:01:28]       ch6  out of range         marginal   10.38  structural   -3.14  worst at t=3  <- CORRECT
[17:01:28]       ch1  out of range         marginal    6.96  structural   -0.06  worst at t=4  <- miss
[17:01:28]       ch2  out of range         marginal   11.00  structural   -4.15  worst at t=2  <- CORRECT
[17:01:31]    [desync]
[17:01:31]   anomaly score 47.1 nats   [injected: desync, channels [1]]
[17:01:31]       ch0  out of range         marginal    8.44  structural   -0.45  worst at t=0  <- miss
[17:01:31]       ch1  out of range         marginal    7.12  structural    0.58  worst at t=0  <- CORRECT
[17:01:31]       ch2  out of range         marginal    9.53  structural   -3.93  worst at t=5  <- miss
[17:01:31] --- stage explain done in 16.3s ---
[17:01:31] --- stage: rul ---
[17:01:32]   data: FleetPair(synthetic: train=24 units, C=8, regimes=2, cap=130)  (0.1s)
[17:01:32]   task: {'kind': 'rul', 'n_train': 719, 'n_test': 354, 'd': 48, 'window': 6, 'n_channels': 8, 'n_bins': 12, 'cap': 130.0, 'censored_frac': 0.0445062518119812, 'train_units': 14, 'test_units': 10, 'censored_units': 1, 'n_regimes': 2, 'seed': 0, 'dataset': 'synthetic', 'source': 'synthetic simulator', 'units': 24}
    [surv] epoch   0  censored-NLL   69.964
    [surv] epoch   1  censored-NLL   68.872
    [surv] epoch   2  censored-NLL   67.720
    [surv] epoch   3  censored-NLL   66.482
    [surv] epoch   4  censored-NLL   65.647
    [surv] epoch   5  censored-NLL   65.023
[17:01:34]   surv_dropped_nll: first=69.9638 last=65.0232 (6 epochs)
[17:01:34]   surv_dropped: fit 2.7s · 864 params
    [surv] epoch   0  censored-NLL   69.724
    [surv] epoch   1  censored-NLL   68.677
    [surv] epoch   2  censored-NLL   67.488
    [surv] epoch   3  censored-NLL   66.267
    [surv] epoch   4  censored-NLL   65.360
    [surv] epoch   5  censored-NLL   64.843
[17:01:38]   surv_censored_nll: first=69.7239 last=64.8435 (6 epochs)
[17:01:38]   surv_censored: fit 3.7s · 864 params
[17:01:41]   partial evidence (3 dead): CRPS exact-marginal 20.728 vs imputed 20.911 (full 20.599)
[17:01:41]   exact survival S(t|x), grouped by TRUE remaining life:
[17:01:41]     RUL   0-20  n=   35  S(20)=0.876  S(40)=0.750  S(60)=0.645
[17:01:41]     RUL  20-50  n=   53  S(20)=0.886  S(40)=0.769  S(60)=0.667
[17:01:41]     RUL  50-90  n=   70  S(20)=0.905  S(40)=0.803  S(60)=0.709
[17:01:41]     RUL  90-131 n=  196  S(20)=0.913  S(40)=0.818  S(60)=0.728
[17:01:41] --- stage rul done in 9.6s ---
[17:01:41] --- stage: calibration ---
[17:01:41]   data: FleetPair(synthetic: train=24 units, C=8, regimes=2, cap=130)  (0.0s)
[17:01:41]   task: {'kind': 'rul', 'n_train': 719, 'n_test': 354, 'd': 48, 'window': 6, 'n_channels': 8, 'n_bins': 12, 'cap': 130.0, 'censored_frac': 0.0445062518119812, 'train_units': 14, 'test_units': 10, 'censored_units': 1, 'n_regimes': 2, 'seed': 0, 'dataset': 'synthetic', 'source': 'synthetic simulator', 'units': 24}
[17:01:41]   conformal split: 463 fit windows / 256 calibration windows (14 units total)
    [surv] epoch   0  censored-NLL   68.468
    [surv] epoch   1  censored-NLL   67.791
    [surv] epoch   2  censored-NLL   67.049
    [surv] epoch   3  censored-NLL   66.216
    [surv] epoch   4  censored-NLL   65.339
    [surv] epoch   5  censored-NLL   64.639
[17:01:44]   surv_conformal_nll: first=68.4679 last=64.6392 (6 epochs)
[17:01:44]   surv_conformal: fit 2.9s · 864 params
[17:01:45]   conformal[cqr]: PICP 0.997 (nominal 0.90), MPIW 121.1 (raw PICP 0.579, MPIW 110.2)
[17:01:46]   conformal[pit]: PICP 0.585 (nominal 0.90), MPIW 111.9 (raw PICP 0.579, MPIW 110.2)
[17:01:46] --- stage calibration done in 4.6s ---
[17:01:46] === run ok · 32.6s · peak RSS 1.515 GB ===
[17:03:24] === run start · seed0 · seed 0 · hash 44c6bb8278c5 ===
[17:03:24] stages ['ad', 'explain', 'rul', 'calibration'] · device cuda · dataset synthetic
[17:03:24] --- stage: ad ---
[17:03:24]   data: FleetPair(synthetic: train=24 units, C=8, regimes=2, cap=130)  (0.1s)
[17:03:24]   task: {'kind': 'ad', 'n_train': 557, 'n_test': 429, 'd': 48, 'window': 6, 'n_channels': 8, 'anomaly_rate': 0.1655011624097824, 'kind_counts': {'drift': 6, 'normal': 358, 'decouple': 10, 'offset': 7, 'organic': 36, 'spike': 7, 'desync': 5}, 'train_units': 14, 'test_units': 10, 'n_regimes': 2, 'seed': 0, 'dataset': 'synthetic', 'cap': 130.0, 'source': 'synthetic simulator', 'units': 24}
    [pc] epoch   0  nll   64.262
    [pc] epoch   1  nll   62.650
    [pc] epoch   2  nll   59.989
    [pc] epoch   3  nll   56.632
    [pc] epoch   4  nll   53.395
    [pc] epoch   5  nll   50.682
[17:03:27]   pc_train_nll: first=64.2618 last=50.6824 (6 epochs)
[17:03:27]   pc: fit 3.7s · 752 params · score sd 7.345 · device cuda
[17:03:30]   typed decomposition (mean worst-channel surprise):
[17:03:30]        normal  n=  358  marginal    11.68  conditional    10.65  structural     2.48
[17:03:30]      decouple  n=   10  marginal    11.48  conditional     8.64  structural     0.72
[17:03:30]        desync  n=    5  marginal     9.37  conditional    10.79  structural     3.73
[17:03:30]         drift  n=    6  marginal    16.14  conditional    14.57  structural     5.01
[17:03:30]        offset  n=    7  marginal    18.63  conditional    23.96  structural     9.95
[17:03:30]       organic  n=   36  marginal    43.05  conditional    50.34  structural    17.69
[17:03:30]         spike  n=    7  marginal    26.05  conditional    24.98  structural     3.22
[17:03:30] --- stage ad done in 6.4s ---
[17:03:30] --- stage: explain ---
[17:03:30]   data: FleetPair(synthetic: train=24 units, C=8, regimes=2, cap=130)  (0.0s)
[17:03:30]   task: {'kind': 'ad', 'n_train': 557, 'n_test': 429, 'd': 48, 'window': 6, 'n_channels': 8, 'anomaly_rate': 0.1655011624097824, 'kind_counts': {'drift': 6, 'normal': 358, 'decouple': 10, 'offset': 7, 'organic': 36, 'spike': 7, 'desync': 5}, 'train_units': 14, 'test_units': 10, 'n_regimes': 2, 'seed': 0, 'dataset': 'synthetic', 'cap': 130.0, 'source': 'synthetic simulator', 'units': 24}
[17:03:30]   explain: capped test set to 200 windows
    [pc] epoch   0  nll   64.262
    [pc] epoch   1  nll   62.650
    [pc] epoch   2  nll   59.989
    [pc] epoch   3  nll   56.632
    [pc] epoch   4  nll   53.395
    [pc] epoch   5  nll   50.682
[17:03:32]   pc_train_nll: first=64.2618 last=50.6824 (6 epochs)
[17:03:32]   pc: fit 2.1s · 752 params · score sd 7.345 · device cuda
[17:03:36]   attribution cost: PC exact (all views) 0.9s · AE sampling-SHAP (one view) 0.0s
[17:03:37]   completeness: max residual 3.81e-06 nats, mean 1.19e-06
[17:03:40]   deletion curves scored with the circuit's own scorer — PC attributions have home-field advantage here, the localisation columns do not
[17:03:40]   worked examples (median-scoring window of each kind):
[17:03:42]    [normal]
[17:03:42]   anomaly score 48.0 nats
[17:03:42]       ch0  out of range         marginal   15.37  structural   -3.78  worst at t=1
[17:03:42]       ch6  out of range         marginal    9.91  structural   -2.32  worst at t=4
[17:03:42]       ch2  out of range         marginal    9.00  structural   -3.65  worst at t=0
[17:03:45]    [spike]
[17:03:45]   anomaly score 63.9 nats   [injected: spike, channels [0]]
[17:03:45]       ch0  out of range         marginal   13.36  structural    1.01  worst at t=1  <- CORRECT
[17:03:45]       ch7  out of range         marginal   12.74  structural   -2.11  worst at t=1  <- miss
[17:03:45]       ch6  out of range         marginal    6.67  structural    2.06  worst at t=4  <- miss
[17:03:48]    [offset]
[17:03:48]   anomaly score 89.0 nats   [injected: offset, channels [3, 6]]
[17:03:48]       ch6  broken relationship  marginal   28.55  structural   14.32  worst at t=5  <- CORRECT
[17:03:48]       ch3  out of range         marginal   15.99  structural   -4.04  worst at t=4  <- CORRECT
[17:03:48]       ch7  out of range         marginal    6.64  structural    0.10  worst at t=0  <- miss
[17:03:51]    [drift]
[17:03:51]   anomaly score 61.7 nats   [injected: drift, channels [1, 2, 4]]
[17:03:51]       ch4  out of range         marginal   15.67  structural   -3.24  worst at t=5  <- CORRECT
[17:03:51]       ch1  out of range         marginal    9.21  structural    1.97  worst at t=5  <- CORRECT
[17:03:51]       ch2  out of range         marginal    6.72  structural    1.74  worst at t=5  <- CORRECT
[17:03:54]    [decouple]
[17:03:54]   anomaly score 50.0 nats   [injected: decouple, channels [2, 6]]
[17:03:54]       ch6  out of range         marginal   10.38  structural   -3.14  worst at t=3  <- CORRECT
[17:03:54]       ch1  out of range         marginal    6.96  structural   -0.06  worst at t=4  <- miss
[17:03:54]       ch2  out of range         marginal   11.00  structural   -4.15  worst at t=2  <- CORRECT
[17:03:57]    [desync]
[17:03:57]   anomaly score 47.1 nats   [injected: desync, channels [1]]
[17:03:57]       ch0  out of range         marginal    8.44  structural   -0.45  worst at t=0  <- miss
[17:03:57]       ch1  out of range         marginal    7.12  structural    0.58  worst at t=0  <- CORRECT
[17:03:57]       ch2  out of range         marginal    9.53  structural   -3.93  worst at t=5  <- miss
[17:03:57] --- stage explain done in 27.2s ---
[17:03:57] --- stage: rul ---
[17:03:57]   data: FleetPair(synthetic: train=24 units, C=8, regimes=2, cap=130)  (0.1s)
[17:03:57]   task: {'kind': 'rul', 'n_train': 719, 'n_test': 354, 'd': 48, 'window': 6, 'n_channels': 8, 'n_bins': 12, 'cap': 130.0, 'censored_frac': 0.0445062518119812, 'train_units': 14, 'test_units': 10, 'censored_units': 1, 'n_regimes': 2, 'seed': 0, 'dataset': 'synthetic', 'source': 'synthetic simulator', 'units': 24}
    [surv] epoch   0  censored-NLL   69.964
    [surv] epoch   1  censored-NLL   68.872
    [surv] epoch   2  censored-NLL   67.720
    [surv] epoch   3  censored-NLL   66.482
    [surv] epoch   4  censored-NLL   65.647
    [surv] epoch   5  censored-NLL   65.023
[17:03:59]   surv_dropped_nll: first=69.9638 last=65.0232 (6 epochs)
[17:03:59]   surv_dropped: fit 2.2s · 864 params
    [surv] epoch   0  censored-NLL   69.724
    [surv] epoch   1  censored-NLL   68.677
    [surv] epoch   2  censored-NLL   67.488
    [surv] epoch   3  censored-NLL   66.267
    [surv] epoch   4  censored-NLL   65.360
    [surv] epoch   5  censored-NLL   64.843
[17:04:04]   surv_censored_nll: first=69.7239 last=64.8435 (6 epochs)
[17:04:04]   surv_censored: fit 4.0s · 864 params
[17:04:07]   partial evidence (3 dead): CRPS exact-marginal 20.728 vs imputed 20.911 (full 20.599)
[17:04:07]   exact survival S(t|x), grouped by TRUE remaining life:
[17:04:07]     RUL   0-20  n=   35  S(20)=0.876  S(40)=0.750  S(60)=0.645
[17:04:07]     RUL  20-50  n=   53  S(20)=0.886  S(40)=0.769  S(60)=0.667
[17:04:07]     RUL  50-90  n=   70  S(20)=0.905  S(40)=0.803  S(60)=0.709
[17:04:07]     RUL  90-131 n=  196  S(20)=0.913  S(40)=0.818  S(60)=0.728
[17:04:07] --- stage rul done in 9.6s ---
[17:04:07] --- stage: calibration ---
[17:04:07]   data: FleetPair(synthetic: train=24 units, C=8, regimes=2, cap=130)  (0.0s)
[17:04:07]   task: {'kind': 'rul', 'n_train': 719, 'n_test': 354, 'd': 48, 'window': 6, 'n_channels': 8, 'n_bins': 12, 'cap': 130.0, 'censored_frac': 0.0445062518119812, 'train_units': 14, 'test_units': 10, 'censored_units': 1, 'n_regimes': 2, 'seed': 0, 'dataset': 'synthetic', 'source': 'synthetic simulator', 'units': 24}
[17:04:07]   conformal split: 463 fit windows / 256 calibration windows (14 units total)
    [surv] epoch   0  censored-NLL   68.468
    [surv] epoch   1  censored-NLL   67.791
    [surv] epoch   2  censored-NLL   67.049
    [surv] epoch   3  censored-NLL   66.216
    [surv] epoch   4  censored-NLL   65.339
    [surv] epoch   5  censored-NLL   64.639
[17:04:10]   surv_conformal_nll: first=68.4679 last=64.6392 (6 epochs)
[17:04:10]   surv_conformal: fit 3.4s · 864 params
[17:04:11]   conformal[cqr]: PICP 0.997 (nominal 0.90), MPIW 121.1 (raw PICP 0.579, MPIW 110.2)
[17:04:12]   conformal[pit]: PICP 0.585 (nominal 0.90), MPIW 111.9 (raw PICP 0.579, MPIW 110.2)
[17:04:12] --- stage calibration done in 5.1s ---
[17:04:12] === run ok · 48.3s · peak RSS 1.516 GB ===
[01:26:26] === run start · seed0 · seed 0 · hash 44c6bb8278c5 ===
[01:26:26] stages ['ad', 'explain', 'rul', 'calibration'] · device cuda · dataset synthetic
[01:26:26] --- stage: ad ---
[01:26:26]   data: FleetPair(synthetic: train=24 units, C=8, regimes=2, cap=130)  (0.0s)
[01:26:26]   task: {'kind': 'ad', 'n_train': 557, 'n_test': 429, 'd': 48, 'window': 6, 'n_channels': 8, 'anomaly_rate': 0.1655011624097824, 'kind_counts': {'drift': 6, 'normal': 358, 'decouple': 10, 'offset': 7, 'organic': 36, 'spike': 7, 'desync': 5}, 'train_units': 14, 'test_units': 10, 'n_regimes': 2, 'seed': 0, 'dataset': 'synthetic', 'cap': 130.0, 'source': 'synthetic simulator', 'units': 24}
    [pc] epoch   0  nll   64.262
    [pc] epoch   1  nll   62.650
    [pc] epoch   2  nll   59.989
    [pc] epoch   3  nll   56.632
    [pc] epoch   4  nll   53.395
    [pc] epoch   5  nll   50.682
[01:26:28]   pc_train_nll: first=64.2618 last=50.6824 (6 epochs)
[01:26:28]   pc: fit 1.3s · 752 params · score sd 7.345 · device cuda
[01:26:29]   typed decomposition (mean worst-channel surprise):
[01:26:29]        normal  n=  358  marginal    11.68  conditional    10.65  structural     2.48
[01:26:29]      decouple  n=   10  marginal    11.48  conditional     8.64  structural     0.72
[01:26:29]        desync  n=    5  marginal     9.37  conditional    10.79  structural     3.73
[01:26:29]         drift  n=    6  marginal    16.14  conditional    14.57  structural     5.01
[01:26:29]        offset  n=    7  marginal    18.63  conditional    23.96  structural     9.95
[01:26:29]       organic  n=   36  marginal    43.05  conditional    50.34  structural    17.69
[01:26:29]         spike  n=    7  marginal    26.05  conditional    24.98  structural     3.22
[01:26:29] --- stage ad done in 2.2s ---
[01:26:29] --- stage: explain ---
[01:26:29]   data: FleetPair(synthetic: train=24 units, C=8, regimes=2, cap=130)  (0.0s)
[01:26:29]   task: {'kind': 'ad', 'n_train': 557, 'n_test': 429, 'd': 48, 'window': 6, 'n_channels': 8, 'anomaly_rate': 0.1655011624097824, 'kind_counts': {'drift': 6, 'normal': 358, 'decouple': 10, 'offset': 7, 'organic': 36, 'spike': 7, 'desync': 5}, 'train_units': 14, 'test_units': 10, 'n_regimes': 2, 'seed': 0, 'dataset': 'synthetic', 'cap': 130.0, 'source': 'synthetic simulator', 'units': 24}
[01:26:29]   explain: capped test set to 200 windows
    [pc] epoch   0  nll   64.262
    [pc] epoch   1  nll   62.650
    [pc] epoch   2  nll   59.989
    [pc] epoch   3  nll   56.632
    [pc] epoch   4  nll   53.395
    [pc] epoch   5  nll   50.682
[01:26:30]   pc_train_nll: first=64.2618 last=50.6824 (6 epochs)
[01:26:30]   pc: fit 0.9s · 752 params · score sd 7.345 · device cuda
[01:26:30]   attribution cost: PC exact (all views) 0.3s · AE sampling-SHAP (one view) 0.0s
[01:26:30]   completeness: max residual 3.81e-06 nats, mean 1.19e-06
[01:26:31]   deletion curves scored with the circuit's own scorer — PC attributions have home-field advantage here, the localisation columns do not
[01:26:31]   worked examples (median-scoring window of each kind):
[01:26:32]    [normal]
[01:26:32]   anomaly score 48.0 nats
[01:26:32]       ch0  out of range         marginal   15.37  structural   -3.78  worst at t=1
[01:26:32]       ch6  out of range         marginal    9.91  structural   -2.32  worst at t=4
[01:26:32]       ch2  out of range         marginal    9.00  structural   -3.65  worst at t=0
[01:26:34]    [spike]
[01:26:34]   anomaly score 63.9 nats   [injected: spike, channels [0]]
[01:26:34]       ch0  out of range         marginal   13.36  structural    1.01  worst at t=1  <- CORRECT
[01:26:34]       ch7  out of range         marginal   12.74  structural   -2.11  worst at t=1  <- miss
[01:26:34]       ch6  out of range         marginal    6.67  structural    2.06  worst at t=4  <- miss
[01:26:35]    [offset]
[01:26:35]   anomaly score 89.0 nats   [injected: offset, channels [3, 6]]
[01:26:35]       ch6  broken relationship  marginal   28.55  structural   14.32  worst at t=5  <- CORRECT
[01:26:35]       ch3  out of range         marginal   15.99  structural   -4.04  worst at t=4  <- CORRECT
[01:26:35]       ch7  out of range         marginal    6.64  structural    0.10  worst at t=0  <- miss
[01:26:36]    [drift]
[01:26:36]   anomaly score 61.7 nats   [injected: drift, channels [1, 2, 4]]
[01:26:36]       ch4  out of range         marginal   15.67  structural   -3.24  worst at t=5  <- CORRECT
[01:26:36]       ch1  out of range         marginal    9.21  structural    1.97  worst at t=5  <- CORRECT
[01:26:36]       ch2  out of range         marginal    6.72  structural    1.74  worst at t=5  <- CORRECT
[01:26:37]    [decouple]
[01:26:37]   anomaly score 50.0 nats   [injected: decouple, channels [2, 6]]
[01:26:37]       ch6  out of range         marginal   10.38  structural   -3.14  worst at t=3  <- CORRECT
[01:26:37]       ch1  out of range         marginal    6.96  structural   -0.06  worst at t=4  <- miss
[01:26:37]       ch2  out of range         marginal   11.00  structural   -4.15  worst at t=2  <- CORRECT
[01:26:38]    [desync]
[01:26:38]   anomaly score 47.1 nats   [injected: desync, channels [1]]
[01:26:38]       ch0  out of range         marginal    8.44  structural   -0.45  worst at t=0  <- miss
[01:26:38]       ch1  out of range         marginal    7.12  structural    0.58  worst at t=0  <- CORRECT
[01:26:38]       ch2  out of range         marginal    9.53  structural   -3.93  worst at t=5  <- miss
[01:26:38] --- stage explain done in 9.2s ---
[01:26:38] --- stage: rul ---
[01:26:38]   data: FleetPair(synthetic: train=24 units, C=8, regimes=2, cap=130)  (0.0s)
[01:26:38]   task: {'kind': 'rul', 'n_train': 719, 'n_test': 354, 'd': 48, 'window': 6, 'n_channels': 8, 'n_bins': 12, 'cap': 130.0, 'censored_frac': 0.0445062518119812, 'train_units': 14, 'test_units': 10, 'censored_units': 1, 'n_regimes': 2, 'seed': 0, 'dataset': 'synthetic', 'source': 'synthetic simulator', 'units': 24}
    [surv] epoch   0  censored-NLL   69.964
    [surv] epoch   1  censored-NLL   68.872
    [surv] epoch   2  censored-NLL   67.720
    [surv] epoch   3  censored-NLL   66.482
    [surv] epoch   4  censored-NLL   65.647
    [surv] epoch   5  censored-NLL   65.023
[01:26:39]   surv_dropped_nll: first=69.9638 last=65.0232 (6 epochs)
[01:26:39]   surv_dropped: fit 0.8s · 864 params
    [surv] epoch   0  censored-NLL   69.724
    [surv] epoch   1  censored-NLL   68.677
    [surv] epoch   2  censored-NLL   67.488
    [surv] epoch   3  censored-NLL   66.267
    [surv] epoch   4  censored-NLL   65.360
    [surv] epoch   5  censored-NLL   64.843
[01:26:41]   surv_censored_nll: first=69.7239 last=64.8435 (6 epochs)
[01:26:41]   surv_censored: fit 1.9s · 864 params
[01:26:41]   partial evidence (3 dead): CRPS exact-marginal 20.728 vs imputed 20.911 (full 20.599)
[01:26:41]   exact survival S(t|x), grouped by TRUE remaining life:
[01:26:41]     RUL   0-20  n=   35  S(20)=0.876  S(40)=0.750  S(60)=0.645
[01:26:41]     RUL  20-50  n=   53  S(20)=0.886  S(40)=0.769  S(60)=0.667
[01:26:41]     RUL  50-90  n=   70  S(20)=0.905  S(40)=0.803  S(60)=0.709
[01:26:41]     RUL  90-131 n=  196  S(20)=0.913  S(40)=0.818  S(60)=0.728
[01:26:41] --- stage rul done in 3.7s ---
[01:26:41] --- stage: calibration ---
[01:26:41]   data: FleetPair(synthetic: train=24 units, C=8, regimes=2, cap=130)  (0.0s)
[01:26:41]   task: {'kind': 'rul', 'n_train': 719, 'n_test': 354, 'd': 48, 'window': 6, 'n_channels': 8, 'n_bins': 12, 'cap': 130.0, 'censored_frac': 0.0445062518119812, 'train_units': 14, 'test_units': 10, 'censored_units': 1, 'n_regimes': 2, 'seed': 0, 'dataset': 'synthetic', 'source': 'synthetic simulator', 'units': 24}
[01:26:41]   conformal split: 463 fit windows / 256 calibration windows (14 units total)
    [surv] epoch   0  censored-NLL   68.468
    [surv] epoch   1  censored-NLL   67.791
    [surv] epoch   2  censored-NLL   67.049
    [surv] epoch   3  censored-NLL   66.216
    [surv] epoch   4  censored-NLL   65.339
    [surv] epoch   5  censored-NLL   64.639
[01:26:43]   surv_conformal_nll: first=68.4679 last=64.6392 (6 epochs)
[01:26:43]   surv_conformal: fit 1.3s · 864 params
[01:26:43]   conformal[cqr]: PICP 0.997 (nominal 0.90), MPIW 121.1 (raw PICP 0.579, MPIW 110.2)
[01:26:43]   conformal[pit]: PICP 0.585 (nominal 0.90), MPIW 111.9 (raw PICP 0.579, MPIW 110.2)
[01:26:44] --- stage calibration done in 2.1s ---
[01:26:44] === run ok · 17.3s · peak RSS 1.517 GB ===
[08:30:06] === run start · seed0 · seed 0 · hash 44c6bb8278c5 ===
[08:30:06] stages ['ad', 'explain', 'rul', 'calibration'] · device cuda · dataset synthetic
[08:30:06] --- stage: ad ---
[08:30:06]   data: FleetPair(synthetic: train=24 units, C=8, regimes=2, cap=130)  (0.0s)
[08:30:06]   task: {'kind': 'ad', 'n_train': 557, 'n_test': 429, 'd': 48, 'window': 6, 'n_channels': 8, 'anomaly_rate': 0.1655011624097824, 'kind_counts': {'drift': 6, 'normal': 358, 'decouple': 10, 'offset': 7, 'organic': 36, 'spike': 7, 'desync': 5}, 'train_units': 14, 'test_units': 10, 'n_regimes': 2, 'seed': 0, 'dataset': 'synthetic', 'cap': 130.0, 'source': 'synthetic simulator', 'units': 24}
    [pc] epoch   0  nll   64.262
    [pc] epoch   1  nll   62.650
    [pc] epoch   2  nll   59.989
    [pc] epoch   3  nll   56.632
[08:30:06] !!! FAILED after 0.6s: KeyboardInterrupt: 
[08:31:08] === run start · seed0 · seed 0 · hash 44c6bb8278c5 ===
[08:31:08] stages ['ad', 'explain', 'rul', 'calibration'] · device cuda · dataset synthetic
[08:31:08] --- stage: ad ---
[08:31:08]   data: FleetPair(synthetic: train=24 units, C=8, regimes=2, cap=130)  (0.0s)
[08:31:08]   task: {'kind': 'ad', 'n_train': 557, 'n_test': 429, 'd': 48, 'window': 6, 'n_channels': 8, 'anomaly_rate': 0.1655011624097824, 'kind_counts': {'drift': 6, 'normal': 358, 'decouple': 10, 'offset': 7, 'organic': 36, 'spike': 7, 'desync': 5}, 'train_units': 14, 'test_units': 10, 'n_regimes': 2, 'seed': 0, 'dataset': 'synthetic', 'cap': 130.0, 'source': 'synthetic simulator', 'units': 24}
    [pc] epoch   0  nll   64.262
    [pc] epoch   1  nll   62.650
    [pc] epoch   2  nll   59.989
    [pc] epoch   3  nll   56.632
    [pc] epoch   4  nll   53.395
    [pc] epoch   5  nll   50.682
[08:31:09]   pc_train_nll: first=64.2618 last=50.6824 (6 epochs)
[08:31:09]   pc: fit 1.1s · 752 params · score sd 7.345 · device cuda
[08:31:10]   typed decomposition (mean worst-channel surprise):
[08:31:10]        normal  n=  358  marginal    11.68  conditional    10.65  structural     2.48
[08:31:10]      decouple  n=   10  marginal    11.48  conditional     8.64  structural     0.72
[08:31:10]        desync  n=    5  marginal     9.37  conditional    10.79  structural     3.73
[08:31:10]         drift  n=    6  marginal    16.14  conditional    14.57  structural     5.01
[08:31:10]        offset  n=    7  marginal    18.63  conditional    23.96  structural     9.95
[08:31:10]       organic  n=   36  marginal    43.05  conditional    50.34  structural    17.69
[08:31:10]         spike  n=    7  marginal    26.05  conditional    24.98  structural     3.22
[08:31:10] --- stage ad done in 2.2s ---
[08:31:10] --- stage: explain ---
[08:31:10]   data: FleetPair(synthetic: train=24 units, C=8, regimes=2, cap=130)  (0.0s)
[08:31:10]   task: {'kind': 'ad', 'n_train': 557, 'n_test': 429, 'd': 48, 'window': 6, 'n_channels': 8, 'anomaly_rate': 0.1655011624097824, 'kind_counts': {'drift': 6, 'normal': 358, 'decouple': 10, 'offset': 7, 'organic': 36, 'spike': 7, 'desync': 5}, 'train_units': 14, 'test_units': 10, 'n_regimes': 2, 'seed': 0, 'dataset': 'synthetic', 'cap': 130.0, 'source': 'synthetic simulator', 'units': 24}
[08:31:10]   explain: capped test set to 200 windows
    [pc] epoch   0  nll   64.262
    [pc] epoch   1  nll   62.650
    [pc] epoch   2  nll   59.989
    [pc] epoch   3  nll   56.632
    [pc] epoch   4  nll   53.395
    [pc] epoch   5  nll   50.682
[08:31:11]   pc_train_nll: first=64.2618 last=50.6824 (6 epochs)
[08:31:11]   pc: fit 0.5s · 752 params · score sd 7.345 · device cuda
[08:31:11]   attribution cost: PC exact (all views) 0.3s · AE sampling-SHAP (one view) 0.0s
[08:31:12]   completeness: max residual 3.81e-06 nats, mean 1.19e-06
[08:31:12]   deletion curves scored with the circuit's own scorer — PC attributions have home-field advantage here, the localisation columns do not
[08:31:12]   worked examples (median-scoring window of each kind):
[08:31:13]    [normal]
[08:31:13]   anomaly score 48.0 nats
[08:31:13]       ch0  out of range         marginal   15.37  structural   -3.78  worst at t=1
[08:31:13]       ch6  out of range         marginal    9.91  structural   -2.32  worst at t=4
[08:31:13]       ch2  out of range         marginal    9.00  structural   -3.65  worst at t=0
[08:31:14]    [spike]
[08:31:14]   anomaly score 63.9 nats   [injected: spike, channels [0]]
[08:31:14]       ch0  out of range         marginal   13.36  structural    1.01  worst at t=1  <- CORRECT
[08:31:14]       ch7  out of range         marginal   12.74  structural   -2.11  worst at t=1  <- miss
[08:31:14]       ch6  out of range         marginal    6.67  structural    2.06  worst at t=4  <- miss
[08:31:15]    [offset]
[08:31:15]   anomaly score 89.0 nats   [injected: offset, channels [3, 6]]
[08:31:15]       ch6  broken relationship  marginal   28.55  structural   14.32  worst at t=5  <- CORRECT
[08:31:15]       ch3  out of range         marginal   15.99  structural   -4.04  worst at t=4  <- CORRECT
[08:31:15]       ch7  out of range         marginal    6.64  structural    0.10  worst at t=0  <- miss
[08:31:16]    [drift]
[08:31:16]   anomaly score 61.7 nats   [injected: drift, channels [1, 2, 4]]
[08:31:16]       ch4  out of range         marginal   15.67  structural   -3.24  worst at t=5  <- CORRECT
[08:31:16]       ch1  out of range         marginal    9.21  structural    1.97  worst at t=5  <- CORRECT
[08:31:16]       ch2  out of range         marginal    6.72  structural    1.74  worst at t=5  <- CORRECT
[08:31:17]    [decouple]
[08:31:17]   anomaly score 50.0 nats   [injected: decouple, channels [2, 6]]
[08:31:17]       ch6  out of range         marginal   10.38  structural   -3.14  worst at t=3  <- CORRECT
[08:31:17]       ch1  out of range         marginal    6.96  structural   -0.06  worst at t=4  <- miss
[08:31:17]       ch2  out of range         marginal   11.00  structural   -4.15  worst at t=2  <- CORRECT
[08:31:18]    [desync]
[08:31:18]   anomaly score 47.1 nats   [injected: desync, channels [1]]
[08:31:18]       ch0  out of range         marginal    8.44  structural   -0.45  worst at t=0  <- miss
[08:31:18]       ch1  out of range         marginal    7.12  structural    0.58  worst at t=0  <- CORRECT
[08:31:18]       ch2  out of range         marginal    9.53  structural   -3.93  worst at t=5  <- miss
[08:31:18] --- stage explain done in 7.6s ---
[08:31:18] --- stage: rul ---
[08:31:18]   data: FleetPair(synthetic: train=24 units, C=8, regimes=2, cap=130)  (0.0s)
[08:31:18]   task: {'kind': 'rul', 'n_train': 719, 'n_test': 354, 'd': 48, 'window': 6, 'n_channels': 8, 'n_bins': 12, 'cap': 130.0, 'censored_frac': 0.0445062518119812, 'train_units': 14, 'test_units': 10, 'censored_units': 1, 'n_regimes': 2, 'seed': 0, 'dataset': 'synthetic', 'source': 'synthetic simulator', 'units': 24}
    [surv] epoch   0  censored-NLL   69.964
    [surv] epoch   1  censored-NLL   68.872
    [surv] epoch   2  censored-NLL   67.720
    [surv] epoch   3  censored-NLL   66.482
    [surv] epoch   4  censored-NLL   65.647
    [surv] epoch   5  censored-NLL   65.023
[08:31:18]   surv_dropped_nll: first=69.9638 last=65.0232 (6 epochs)
[08:31:18]   surv_dropped: fit 0.6s · 864 params
    [surv] epoch   0  censored-NLL   69.724
    [surv] epoch   1  censored-NLL   68.677
    [surv] epoch   2  censored-NLL   67.488
    [surv] epoch   3  censored-NLL   66.267
    [surv] epoch   4  censored-NLL   65.360
    [surv] epoch   5  censored-NLL   64.843
[08:31:20]   surv_censored_nll: first=69.7239 last=64.8435 (6 epochs)
[08:31:20]   surv_censored: fit 1.1s · 864 params
[08:31:20]   partial evidence (3 dead): CRPS exact-marginal 20.728 vs imputed 20.911 (full 20.599)
[08:31:20]   exact survival S(t|x), grouped by TRUE remaining life:
[08:31:20]     RUL   0-20  n=   35  S(20)=0.876  S(40)=0.750  S(60)=0.645
[08:31:20]     RUL  20-50  n=   53  S(20)=0.886  S(40)=0.769  S(60)=0.667
[08:31:20]     RUL  50-90  n=   70  S(20)=0.905  S(40)=0.803  S(60)=0.709
[08:31:20]     RUL  90-131 n=  196  S(20)=0.913  S(40)=0.818  S(60)=0.728
[08:31:20] --- stage rul done in 2.5s ---
[08:31:20] --- stage: calibration ---
[08:31:20]   data: FleetPair(synthetic: train=24 units, C=8, regimes=2, cap=130)  (0.0s)
[08:31:20]   task: {'kind': 'rul', 'n_train': 719, 'n_test': 354, 'd': 48, 'window': 6, 'n_channels': 8, 'n_bins': 12, 'cap': 130.0, 'censored_frac': 0.0445062518119812, 'train_units': 14, 'test_units': 10, 'censored_units': 1, 'n_regimes': 2, 'seed': 0, 'dataset': 'synthetic', 'source': 'synthetic simulator', 'units': 24}
[08:31:20]   conformal split: 463 fit windows / 256 calibration windows (14 units total)
    [surv] epoch   0  censored-NLL   68.468
    [surv] epoch   1  censored-NLL   67.791
    [surv] epoch   2  censored-NLL   67.049
    [surv] epoch   3  censored-NLL   66.216
    [surv] epoch   4  censored-NLL   65.339
    [surv] epoch   5  censored-NLL   64.639
[08:31:21]   surv_conformal_nll: first=68.4679 last=64.6392 (6 epochs)
[08:31:21]   surv_conformal: fit 0.8s · 864 params
[08:31:21]   conformal[cqr]: PICP 0.997 (nominal 0.90), MPIW 121.1 (raw PICP 0.579, MPIW 110.2)
[08:31:22]   conformal[pit]: PICP 0.585 (nominal 0.90), MPIW 111.9 (raw PICP 0.579, MPIW 110.2)
[08:31:22] --- stage calibration done in 1.4s ---
[08:31:22] === run ok · 13.9s · peak RSS 1.513 GB ===
[11:24:22] === run start · seed0 · seed 0 · hash 04a3130bb048 ===
[11:24:22] stages ['ad', 'explain', 'rul', 'calibration'] · device cuda · dataset synthetic
[11:24:22] --- stage: ad ---
[11:24:22]   data: FleetPair(synthetic: train=24 units, C=8, regimes=2, cap=130)  (0.0s)
[11:24:22]   task: {'kind': 'ad', 'n_train': 557, 'n_test': 429, 'd': 48, 'window': 6, 'n_channels': 8, 'anomaly_rate': 0.1655011624097824, 'kind_counts': {'drift': 6, 'normal': 358, 'decouple': 10, 'offset': 7, 'organic': 36, 'spike': 7, 'desync': 5}, 'train_units': 14, 'test_units': 10, 'n_regimes': 2, 'seed': 0, 'dataset': 'synthetic', 'cap': 130.0, 'source': 'synthetic simulator', 'units': 24}
    [pc] epoch   0  nll   64.262
    [pc] epoch   1  nll   62.650
    [pc] epoch   2  nll   59.990
    [pc] epoch   3  nll   56.632
    [pc] epoch   4  nll   53.395
    [pc] epoch   5  nll   50.682
[11:24:23]   pc_train_nll: first=64.2618 last=50.6824 (6 epochs)
[11:24:23]   pc: fit 1.2s · 752 params · score sd 7.345 · device cuda · layered · 2,833 win/s
[11:24:24]   typed decomposition (mean worst-channel surprise):
[11:24:24]        normal  n=  358  marginal    11.68  conditional    10.65  structural     2.48
[11:24:24]      decouple  n=   10  marginal    11.48  conditional     8.64  structural     0.72
[11:24:24]        desync  n=    5  marginal     9.37  conditional    10.79  structural     3.73
[11:24:24]         drift  n=    6  marginal    16.14  conditional    14.57  structural     5.01
[11:24:24]        offset  n=    7  marginal    18.63  conditional    23.96  structural     9.95
[11:24:24]       organic  n=   36  marginal    43.05  conditional    50.34  structural    17.69
[11:24:24]         spike  n=    7  marginal    26.05  conditional    24.98  structural     3.22
[11:24:24] --- stage ad done in 2.0s ---
[11:24:24] --- stage: explain ---
[11:24:24]   data: FleetPair(synthetic: train=24 units, C=8, regimes=2, cap=130)  (0.0s)
[11:24:24]   task: {'kind': 'ad', 'n_train': 557, 'n_test': 429, 'd': 48, 'window': 6, 'n_channels': 8, 'anomaly_rate': 0.1655011624097824, 'kind_counts': {'drift': 6, 'normal': 358, 'decouple': 10, 'offset': 7, 'organic': 36, 'spike': 7, 'desync': 5}, 'train_units': 14, 'test_units': 10, 'n_regimes': 2, 'seed': 0, 'dataset': 'synthetic', 'cap': 130.0, 'source': 'synthetic simulator', 'units': 24}
[11:24:24]   explain: capped test set to 200 windows
    [pc] epoch   0  nll   64.262
    [pc] epoch   1  nll   62.650
    [pc] epoch   2  nll   59.990
    [pc] epoch   3  nll   56.632
    [pc] epoch   4  nll   53.395
    [pc] epoch   5  nll   50.682
[11:24:24]   pc_train_nll: first=64.2618 last=50.6824 (6 epochs)
[11:24:24]   pc: fit 0.2s · 752 params · score sd 7.345 · device cuda · layered · 14,646 win/s
[11:24:24] !!! FAILED after 2.8s: TypeError: can't convert cuda:0 device type tensor to numpy. Use Tensor.cpu() to copy the tensor to host memory first.
[11:27:59] === run start · seed0 · seed 0 · hash 04a3130bb048 ===
[11:27:59] stages ['ad', 'explain', 'rul', 'calibration'] · device cuda · dataset synthetic
[11:27:59] --- stage: ad ---
[11:27:59]   data: FleetPair(synthetic: train=24 units, C=8, regimes=2, cap=130)  (0.0s)
[11:27:59]   task: {'kind': 'ad', 'n_train': 557, 'n_test': 429, 'd': 48, 'window': 6, 'n_channels': 8, 'anomaly_rate': 0.1655011624097824, 'kind_counts': {'drift': 6, 'normal': 358, 'decouple': 10, 'offset': 7, 'organic': 36, 'spike': 7, 'desync': 5}, 'train_units': 14, 'test_units': 10, 'n_regimes': 2, 'seed': 0, 'dataset': 'synthetic', 'cap': 130.0, 'source': 'synthetic simulator', 'units': 24}
    [pc] epoch   0  nll   64.262
    [pc] epoch   1  nll   62.650
    [pc] epoch   2  nll   59.990
    [pc] epoch   3  nll   56.632
    [pc] epoch   4  nll   53.395
    [pc] epoch   5  nll   50.682
[11:28:00]   pc_train_nll: first=64.2618 last=50.6824 (6 epochs)
[11:28:00]   pc: fit 1.2s · 752 params · score sd 7.345 · device cuda · layered · 2,705 win/s
[11:28:01]   typed decomposition (mean worst-channel surprise):
[11:28:01]        normal  n=  358  marginal    11.68  conditional    10.65  structural     2.48
[11:28:01]      decouple  n=   10  marginal    11.48  conditional     8.64  structural     0.72
[11:28:01]        desync  n=    5  marginal     9.37  conditional    10.79  structural     3.73
[11:28:01]         drift  n=    6  marginal    16.14  conditional    14.57  structural     5.01
[11:28:01]        offset  n=    7  marginal    18.63  conditional    23.96  structural     9.95
[11:28:01]       organic  n=   36  marginal    43.05  conditional    50.34  structural    17.69
[11:28:01]         spike  n=    7  marginal    26.05  conditional    24.98  structural     3.22
[11:28:01] --- stage ad done in 2.0s ---
[11:28:01] --- stage: explain ---
[11:28:01]   data: FleetPair(synthetic: train=24 units, C=8, regimes=2, cap=130)  (0.0s)
[11:28:01]   task: {'kind': 'ad', 'n_train': 557, 'n_test': 429, 'd': 48, 'window': 6, 'n_channels': 8, 'anomaly_rate': 0.1655011624097824, 'kind_counts': {'drift': 6, 'normal': 358, 'decouple': 10, 'offset': 7, 'organic': 36, 'spike': 7, 'desync': 5}, 'train_units': 14, 'test_units': 10, 'n_regimes': 2, 'seed': 0, 'dataset': 'synthetic', 'cap': 130.0, 'source': 'synthetic simulator', 'units': 24}
[11:28:01]   explain: capped test set to 200 windows
    [pc] epoch   0  nll   64.262
    [pc] epoch   1  nll   62.650
    [pc] epoch   2  nll   59.990
    [pc] epoch   3  nll   56.632
    [pc] epoch   4  nll   53.395
    [pc] epoch   5  nll   50.682
[11:28:01]   pc_train_nll: first=64.2618 last=50.6824 (6 epochs)
[11:28:01]   pc: fit 0.3s · 752 params · score sd 7.345 · device cuda · layered · 11,498 win/s
[11:28:02]   attribution cost: PC exact (all views) 0.2s · AE sampling-SHAP (one view) 0.0s
[11:28:02]   completeness: max residual 3.81e-06 nats, mean 7.15e-07
[11:28:02]   deletion curves scored with the circuit's own scorer — PC attributions have home-field advantage here, the localisation columns do not
[11:28:02]   worked examples (median-scoring window of each kind):
[11:28:03]    [normal]
[11:28:03]   anomaly score 48.0 nats
[11:28:03]       ch0  out of range         marginal   15.37  structural   -3.78  worst at t=1
[11:28:03]       ch6  out of range         marginal    9.91  structural   -2.32  worst at t=4
[11:28:03]       ch2  out of range         marginal    9.00  structural   -3.65  worst at t=0
[11:28:03]    [spike]
[11:28:03]   anomaly score 63.9 nats   [injected: spike, channels [0]]
[11:28:03]       ch0  out of range         marginal   13.36  structural    1.01  worst at t=1  <- CORRECT
[11:28:03]       ch7  out of range         marginal   12.74  structural   -2.11  worst at t=1  <- miss
[11:28:03]       ch6  out of range         marginal    6.67  structural    2.06  worst at t=4  <- miss
[11:28:03]    [offset]
[11:28:03]   anomaly score 89.0 nats   [injected: offset, channels [3, 6]]
[11:28:03]       ch6  broken relationship  marginal   28.55  structural   14.32  worst at t=5  <- CORRECT
[11:28:03]       ch3  out of range         marginal   15.99  structural   -4.04  worst at t=4  <- CORRECT
[11:28:03]       ch7  out of range         marginal    6.64  structural    0.10  worst at t=0  <- miss
[11:28:04]    [drift]
[11:28:04]   anomaly score 61.7 nats   [injected: drift, channels [1, 2, 4]]
[11:28:04]       ch4  out of range         marginal   15.67  structural   -3.24  worst at t=5  <- CORRECT
[11:28:04]       ch1  out of range         marginal    9.21  structural    1.97  worst at t=5  <- CORRECT
[11:28:04]       ch2  out of range         marginal    6.72  structural    1.74  worst at t=5  <- CORRECT
[11:28:04]    [decouple]
[11:28:04]   anomaly score 50.0 nats   [injected: decouple, channels [2, 6]]
[11:28:04]       ch6  out of range         marginal   10.38  structural   -3.14  worst at t=3  <- CORRECT
[11:28:04]       ch1  out of range         marginal    6.96  structural   -0.06  worst at t=4  <- miss
[11:28:04]       ch2  out of range         marginal   11.00  structural   -4.15  worst at t=2  <- CORRECT
[11:28:04]    [desync]
[11:28:04]   anomaly score 47.1 nats   [injected: desync, channels [1]]
[11:28:04]       ch0  out of range         marginal    8.44  structural   -0.45  worst at t=0  <- miss
[11:28:04]       ch1  out of range         marginal    7.12  structural    0.58  worst at t=0  <- CORRECT
[11:28:04]       ch2  out of range         marginal    9.53  structural   -3.93  worst at t=5  <- miss
[11:28:04] --- stage explain done in 3.2s ---
[11:28:04] --- stage: rul ---
[11:28:04]   data: FleetPair(synthetic: train=24 units, C=8, regimes=2, cap=130)  (0.0s)
[11:28:04]   task: {'kind': 'rul', 'n_train': 719, 'n_test': 354, 'd': 48, 'window': 6, 'n_channels': 8, 'n_bins': 12, 'cap': 130.0, 'censored_frac': 0.0445062518119812, 'train_units': 14, 'test_units': 10, 'censored_units': 1, 'n_regimes': 2, 'seed': 0, 'dataset': 'synthetic', 'source': 'synthetic simulator', 'units': 24}
    [surv] epoch   0  censored-NLL   69.964
    [surv] epoch   1  censored-NLL   68.872
    [surv] epoch   2  censored-NLL   67.720
    [surv] epoch   3  censored-NLL   66.482
    [surv] epoch   4  censored-NLL   65.647
    [surv] epoch   5  censored-NLL   65.023
[11:28:06]   surv_dropped_nll: first=69.9638 last=65.0232 (6 epochs)
[11:28:06]   surv_dropped: fit 1.2s · 864 params
    [surv] epoch   0  censored-NLL   69.724
    [surv] epoch   1  censored-NLL   68.677
    [surv] epoch   2  censored-NLL   67.488
    [surv] epoch   3  censored-NLL   66.267
    [surv] epoch   4  censored-NLL   65.360
    [surv] epoch   5  censored-NLL   64.843
[11:28:08]   surv_censored_nll: first=69.7239 last=64.8435 (6 epochs)
[11:28:08]   surv_censored: fit 1.8s · 864 params
[11:28:08]   partial evidence (3 dead): CRPS exact-marginal 20.728 vs imputed 20.911 (full 20.599)
[11:28:09]   exact survival S(t|x), grouped by TRUE remaining life:
[11:28:09]     RUL   0-20  n=   35  S(20)=0.876  S(40)=0.750  S(60)=0.645
[11:28:09]     RUL  20-50  n=   53  S(20)=0.886  S(40)=0.769  S(60)=0.667
[11:28:09]     RUL  50-90  n=   70  S(20)=0.905  S(40)=0.803  S(60)=0.709
[11:28:09]     RUL  90-131 n=  196  S(20)=0.913  S(40)=0.818  S(60)=0.728
[11:28:09] --- stage rul done in 4.1s ---
[11:28:09] --- stage: calibration ---
[11:28:09]   data: FleetPair(synthetic: train=24 units, C=8, regimes=2, cap=130)  (0.0s)
[11:28:09]   task: {'kind': 'rul', 'n_train': 719, 'n_test': 354, 'd': 48, 'window': 6, 'n_channels': 8, 'n_bins': 12, 'cap': 130.0, 'censored_frac': 0.0445062518119812, 'train_units': 14, 'test_units': 10, 'censored_units': 1, 'n_regimes': 2, 'seed': 0, 'dataset': 'synthetic', 'source': 'synthetic simulator', 'units': 24}
[11:28:09]   conformal split: 463 fit windows / 256 calibration windows (14 units total)
    [surv] epoch   0  censored-NLL   68.468
    [surv] epoch   1  censored-NLL   67.791
    [surv] epoch   2  censored-NLL   67.049
    [surv] epoch   3  censored-NLL   66.216
    [surv] epoch   4  censored-NLL   65.339
    [surv] epoch   5  censored-NLL   64.639
[11:28:10]   surv_conformal_nll: first=68.4679 last=64.6392 (6 epochs)
[11:28:10]   surv_conformal: fit 1.4s · 864 params
[11:28:10]   conformal[cqr]: PICP 0.997 (nominal 0.90), MPIW 121.1 (raw PICP 0.579, MPIW 110.2)
[11:28:11]   conformal[pit]: PICP 0.585 (nominal 0.90), MPIW 111.9 (raw PICP 0.579, MPIW 110.2)
[11:28:11] --- stage calibration done in 2.2s ---
[11:28:11] === run ok · 11.6s · peak RSS 1.854 GB ===
[12:33:22] === run start · seed0 · seed 0 · hash 04a3130bb048 ===
[12:33:22] stages ['ad', 'explain', 'rul', 'calibration'] · device cuda · dataset synthetic
[12:33:22] --- stage: ad ---
[12:33:22]   data: FleetPair(synthetic: train=24 units, C=8, regimes=2, cap=130)  (0.0s)
[12:33:22]   task: {'kind': 'ad', 'n_train': 557, 'n_test': 429, 'd': 48, 'window': 6, 'n_channels': 8, 'anomaly_rate': 0.1655011624097824, 'kind_counts': {'drift': 6, 'normal': 358, 'decouple': 10, 'offset': 7, 'organic': 36, 'spike': 7, 'desync': 5}, 'train_units': 14, 'test_units': 10, 'n_regimes': 2, 'seed': 0, 'dataset': 'synthetic', 'cap': 130.0, 'source': 'synthetic simulator', 'units': 24}
    [pc] epoch   0  nll   64.262
    [pc] epoch   1  nll   62.650
    [pc] epoch   2  nll   59.989
    [pc] epoch   3  nll   56.632
    [pc] epoch   4  nll   53.395
    [pc] epoch   5  nll   50.682
[12:33:23]   pc_train_nll: first=64.2618 last=50.6824 (6 epochs)
[12:33:23]   pc: fit 1.1s · 752 params · score sd 7.345 · device cuda · layered · 3,116 win/s
[12:33:24]   typed decomposition (mean worst-channel surprise):
[12:33:24]        normal  n=  358  marginal    11.68  conditional    10.65  structural     2.48
[12:33:24]      decouple  n=   10  marginal    11.48  conditional     8.64  structural     0.72
[12:33:24]        desync  n=    5  marginal     9.37  conditional    10.79  structural     3.73
[12:33:24]         drift  n=    6  marginal    16.14  conditional    14.57  structural     5.01
[12:33:24]        offset  n=    7  marginal    18.63  conditional    23.96  structural     9.95
[12:33:24]       organic  n=   36  marginal    43.05  conditional    50.34  structural    17.69
[12:33:24]         spike  n=    7  marginal    26.05  conditional    24.98  structural     3.22
[12:33:24] --- stage ad done in 1.9s ---
[12:33:24] --- stage: explain ---
[12:33:24]   data: FleetPair(synthetic: train=24 units, C=8, regimes=2, cap=130)  (0.0s)
[12:33:24]   task: {'kind': 'ad', 'n_train': 557, 'n_test': 429, 'd': 48, 'window': 6, 'n_channels': 8, 'anomaly_rate': 0.1655011624097824, 'kind_counts': {'drift': 6, 'normal': 358, 'decouple': 10, 'offset': 7, 'organic': 36, 'spike': 7, 'desync': 5}, 'train_units': 14, 'test_units': 10, 'n_regimes': 2, 'seed': 0, 'dataset': 'synthetic', 'cap': 130.0, 'source': 'synthetic simulator', 'units': 24}
[12:33:24]   explain: capped test set to 200 windows
    [pc] epoch   0  nll   64.262
    [pc] epoch   1  nll   62.650
    [pc] epoch   2  nll   59.989
    [pc] epoch   3  nll   56.632
    [pc] epoch   4  nll   53.395
    [pc] epoch   5  nll   50.682
[12:33:24]   pc_train_nll: first=64.2618 last=50.6824 (6 epochs)
[12:33:24]   pc: fit 0.3s · 752 params · score sd 7.345 · device cuda · layered · 12,924 win/s
[12:33:25]   attribution cost: PC exact (all views) 0.2s · AE sampling-SHAP (one view) 0.1s
[12:33:25]   completeness: max residual 3.81e-06 nats, mean 9.54e-07
[12:33:25]   deletion curves scored with the circuit's own scorer — PC attributions have home-field advantage here, the localisation columns do not
[12:33:25]   worked examples (median-scoring window of each kind):
[12:33:26]    [normal]
[12:33:26]   anomaly score 48.0 nats
[12:33:26]       ch0  out of range         marginal   15.37  structural   -3.78  worst at t=1
[12:33:26]       ch6  out of range         marginal    9.91  structural   -2.32  worst at t=4
[12:33:26]       ch2  out of range         marginal    9.00  structural   -3.65  worst at t=0
[12:33:26]    [spike]
[12:33:26]   anomaly score 63.9 nats   [injected: spike, channels [0]]
[12:33:26]       ch0  out of range         marginal   13.36  structural    1.01  worst at t=1  <- CORRECT
[12:33:26]       ch7  out of range         marginal   12.74  structural   -2.11  worst at t=1  <- miss
[12:33:26]       ch6  out of range         marginal    6.67  structural    2.06  worst at t=4  <- miss
[12:33:26]    [offset]
[12:33:26]   anomaly score 89.0 nats   [injected: offset, channels [3, 6]]
[12:33:26]       ch6  broken relationship  marginal   28.55  structural   14.32  worst at t=5  <- CORRECT
[12:33:26]       ch3  out of range         marginal   15.99  structural   -4.04  worst at t=4  <- CORRECT
[12:33:26]       ch7  out of range         marginal    6.64  structural    0.10  worst at t=0  <- miss
[12:33:27]    [drift]
[12:33:27]   anomaly score 61.7 nats   [injected: drift, channels [1, 2, 4]]
[12:33:27]       ch4  out of range         marginal   15.67  structural   -3.24  worst at t=5  <- CORRECT
[12:33:27]       ch1  out of range         marginal    9.21  structural    1.97  worst at t=5  <- CORRECT
[12:33:27]       ch2  out of range         marginal    6.72  structural    1.74  worst at t=5  <- CORRECT
[12:33:27]    [decouple]
[12:33:27]   anomaly score 50.0 nats   [injected: decouple, channels [2, 6]]
[12:33:27]       ch6  out of range         marginal   10.38  structural   -3.14  worst at t=3  <- CORRECT
[12:33:27]       ch1  out of range         marginal    6.96  structural   -0.06  worst at t=4  <- miss
[12:33:27]       ch2  out of range         marginal   11.00  structural   -4.15  worst at t=2  <- CORRECT
[12:33:28]    [desync]
[12:33:28]   anomaly score 47.1 nats   [injected: desync, channels [1]]
[12:33:28]       ch0  out of range         marginal    8.44  structural   -0.45  worst at t=0  <- miss
[12:33:28]       ch1  out of range         marginal    7.12  structural    0.58  worst at t=0  <- CORRECT
[12:33:28]       ch2  out of range         marginal    9.53  structural   -3.93  worst at t=5  <- miss
[12:33:28] --- stage explain done in 4.0s ---
[12:33:28] --- stage: rul ---
[12:33:28]   data: FleetPair(synthetic: train=24 units, C=8, regimes=2, cap=130)  (0.0s)
[12:33:28]   task: {'kind': 'rul', 'n_train': 719, 'n_test': 354, 'd': 48, 'window': 6, 'n_channels': 8, 'n_bins': 12, 'cap': 130.0, 'censored_frac': 0.0445062518119812, 'train_units': 14, 'test_units': 10, 'censored_units': 1, 'n_regimes': 2, 'seed': 0, 'dataset': 'synthetic', 'source': 'synthetic simulator', 'units': 24}
    [surv] epoch   0  censored-NLL   69.964
    [surv] epoch   1  censored-NLL   68.872
    [surv] epoch   2  censored-NLL   67.720
    [surv] epoch   3  censored-NLL   66.482
    [surv] epoch   4  censored-NLL   65.647
    [surv] epoch   5  censored-NLL   65.023
[12:33:29]   surv_dropped_nll: first=69.9639 last=65.0232 (6 epochs)
[12:33:29]   surv_dropped: fit 0.9s · 864 params
    [surv] epoch   0  censored-NLL   69.724
    [surv] epoch   1  censored-NLL   68.677
    [surv] epoch   2  censored-NLL   67.488
    [surv] epoch   3  censored-NLL   66.267
    [surv] epoch   4  censored-NLL   65.360
    [surv] epoch   5  censored-NLL   64.843
[12:33:30]   surv_censored_nll: first=69.7239 last=64.8434 (6 epochs)
[12:33:30]   surv_censored: fit 1.6s · 864 params
[12:33:31]   partial evidence (3 dead): CRPS exact-marginal 20.728 vs imputed 20.911 (full 20.599)
[12:33:31]   exact survival S(t|x), grouped by TRUE remaining life:
[12:33:31]     RUL   0-20  n=   35  S(20)=0.876  S(40)=0.750  S(60)=0.645
[12:33:31]     RUL  20-50  n=   53  S(20)=0.886  S(40)=0.769  S(60)=0.667
[12:33:31]     RUL  50-90  n=   70  S(20)=0.905  S(40)=0.803  S(60)=0.709
[12:33:31]     RUL  90-131 n=  196  S(20)=0.913  S(40)=0.818  S(60)=0.728
[12:33:31] --- stage rul done in 3.6s ---
[12:33:31] --- stage: calibration ---
[12:33:31]   data: FleetPair(synthetic: train=24 units, C=8, regimes=2, cap=130)  (0.0s)
[12:33:31]   task: {'kind': 'rul', 'n_train': 719, 'n_test': 354, 'd': 48, 'window': 6, 'n_channels': 8, 'n_bins': 12, 'cap': 130.0, 'censored_frac': 0.0445062518119812, 'train_units': 14, 'test_units': 10, 'censored_units': 1, 'n_regimes': 2, 'seed': 0, 'dataset': 'synthetic', 'source': 'synthetic simulator', 'units': 24}
[12:33:31]   conformal split: 463 fit windows / 256 calibration windows (14 units total)
    [surv] epoch   0  censored-NLL   68.468
    [surv] epoch   1  censored-NLL   67.791
    [surv] epoch   2  censored-NLL   67.049
    [surv] epoch   3  censored-NLL   66.216
    [surv] epoch   4  censored-NLL   65.339
    [surv] epoch   5  censored-NLL   64.639
[12:33:32]   surv_conformal_nll: first=68.4679 last=64.6392 (6 epochs)
[12:33:32]   surv_conformal: fit 1.1s · 864 params
[12:33:33]   conformal[cqr]: PICP 0.997 (nominal 0.90), MPIW 121.1 (raw PICP 0.579, MPIW 110.2)
[12:33:33]   conformal[pit]: PICP 0.585 (nominal 0.90), MPIW 111.9 (raw PICP 0.579, MPIW 110.2)
[12:33:33] --- stage calibration done in 2.0s ---
[12:33:33] === run ok · 11.4s · peak RSS 1.857 GB ===
[14:23:25] === run start · seed0 · seed 0 · hash 04a3130bb048 ===
[14:23:25] stages ['ad', 'explain', 'rul', 'calibration'] · device cuda · dataset synthetic
[14:23:25] --- stage: ad ---
[14:23:25]   data: FleetPair(synthetic: train=24 units, C=8, regimes=2, cap=130)  (0.0s)
[14:23:25]   task: {'kind': 'ad', 'n_train': 557, 'n_test': 429, 'd': 48, 'window': 6, 'n_channels': 8, 'anomaly_rate': 0.1655011624097824, 'kind_counts': {'drift': 6, 'normal': 358, 'decouple': 10, 'offset': 7, 'organic': 36, 'spike': 7, 'desync': 5}, 'train_units': 14, 'test_units': 10, 'n_regimes': 2, 'seed': 0, 'dataset': 'synthetic', 'cap': 130.0, 'source': 'synthetic simulator', 'units': 24}
    [pc] epoch   0  nll   64.262
    [pc] epoch   1  nll   62.650
    [pc] epoch   2  nll   59.989
    [pc] epoch   3  nll   56.632
    [pc] epoch   4  nll   53.395
    [pc] epoch   5  nll   50.682
[14:23:26]   pc_train_nll: first=64.2618 last=50.6824 (6 epochs)
[14:23:26]   pc: fit 0.7s · 752 params · score sd 7.345 · device cuda · layered · 4,461 win/s
[14:23:27]   typed decomposition (mean worst-channel surprise):
[14:23:27]        normal  n=  358  marginal    11.68  conditional    10.65  structural     2.48
[14:23:27]      decouple  n=   10  marginal    11.48  conditional     8.64  structural     0.72
[14:23:27]        desync  n=    5  marginal     9.37  conditional    10.79  structural     3.73
[14:23:27]         drift  n=    6  marginal    16.14  conditional    14.57  structural     5.01
[14:23:27]        offset  n=    7  marginal    18.63  conditional    23.96  structural     9.95
[14:23:27]       organic  n=   36  marginal    43.05  conditional    50.34  structural    17.69
[14:23:27]         spike  n=    7  marginal    26.05  conditional    24.98  structural     3.22
[14:23:27] --- stage ad done in 1.4s ---
[14:23:27] --- stage: explain ---
[14:23:27]   data: FleetPair(synthetic: train=24 units, C=8, regimes=2, cap=130)  (0.0s)
[14:23:27]   task: {'kind': 'ad', 'n_train': 557, 'n_test': 429, 'd': 48, 'window': 6, 'n_channels': 8, 'anomaly_rate': 0.1655011624097824, 'kind_counts': {'drift': 6, 'normal': 358, 'decouple': 10, 'offset': 7, 'organic': 36, 'spike': 7, 'desync': 5}, 'train_units': 14, 'test_units': 10, 'n_regimes': 2, 'seed': 0, 'dataset': 'synthetic', 'cap': 130.0, 'source': 'synthetic simulator', 'units': 24}
[14:23:27]   explain: capped test set to 200 windows
    [pc] epoch   0  nll   64.262
    [pc] epoch   1  nll   62.650
    [pc] epoch   2  nll   59.989
    [pc] epoch   3  nll   56.632
    [pc] epoch   4  nll   53.395
    [pc] epoch   5  nll   50.682
[14:23:27]   pc_train_nll: first=64.2618 last=50.6824 (6 epochs)
[14:23:27]   pc: fit 0.1s · 752 params · score sd 7.345 · device cuda · layered · 42,426 win/s
[14:23:27]   attribution cost: PC exact (all views) 0.0s · AE sampling-SHAP (one view) 0.0s
[14:23:27]   completeness: max residual 3.81e-06 nats, mean 9.54e-07
[14:23:27]   deletion curves scored with the circuit's own scorer — PC attributions have home-field advantage here, the localisation columns do not
[14:23:27]   worked examples (median-scoring window of each kind):
[14:23:27]    [normal]
[14:23:27]   anomaly score 48.0 nats
[14:23:27]       ch0  out of range         marginal   15.37  structural   -3.78  worst at t=1
[14:23:27]       ch6  out of range         marginal    9.91  structural   -2.32  worst at t=4
[14:23:27]       ch2  out of range         marginal    9.00  structural   -3.65  worst at t=0
[14:23:27]    [spike]
[14:23:27]   anomaly score 63.9 nats   [injected: spike, channels [0]]
[14:23:27]       ch0  out of range         marginal   13.36  structural    1.01  worst at t=1  <- CORRECT
[14:23:27]       ch7  out of range         marginal   12.74  structural   -2.11  worst at t=1  <- miss
[14:23:27]       ch6  out of range         marginal    6.67  structural    2.06  worst at t=4  <- miss
[14:23:27]    [offset]
[14:23:27]   anomaly score 89.0 nats   [injected: offset, channels [3, 6]]
[14:23:27]       ch6  broken relationship  marginal   28.55  structural   14.32  worst at t=5  <- CORRECT
[14:23:27]       ch3  out of range         marginal   15.99  structural   -4.04  worst at t=4  <- CORRECT
[14:23:27]       ch7  out of range         marginal    6.64  structural    0.10  worst at t=0  <- miss
[14:23:27]    [drift]
[14:23:27]   anomaly score 61.7 nats   [injected: drift, channels [1, 2, 4]]
[14:23:27]       ch4  out of range         marginal   15.67  structural   -3.24  worst at t=5  <- CORRECT
[14:23:27]       ch1  out of range         marginal    9.21  structural    1.97  worst at t=5  <- CORRECT
[14:23:27]       ch2  out of range         marginal    6.72  structural    1.74  worst at t=5  <- CORRECT
[14:23:27]    [decouple]
[14:23:27]   anomaly score 50.0 nats   [injected: decouple, channels [2, 6]]
[14:23:27]       ch6  out of range         marginal   10.38  structural   -3.14  worst at t=3  <- CORRECT
[14:23:27]       ch1  out of range         marginal    6.96  structural   -0.06  worst at t=4  <- miss
[14:23:27]       ch2  out of range         marginal   11.00  structural   -4.15  worst at t=2  <- CORRECT
[14:23:28]    [desync]
[14:23:28]   anomaly score 47.1 nats   [injected: desync, channels [1]]
[14:23:28]       ch0  out of range         marginal    8.44  structural   -0.45  worst at t=0  <- miss
[14:23:28]       ch1  out of range         marginal    7.12  structural    0.58  worst at t=0  <- CORRECT
[14:23:28]       ch2  out of range         marginal    9.53  structural   -3.93  worst at t=5  <- miss
[14:23:28] --- stage explain done in 0.9s ---
[14:23:28] --- stage: rul ---
[14:23:28]   data: FleetPair(synthetic: train=24 units, C=8, regimes=2, cap=130)  (0.0s)
[14:23:28]   task: {'kind': 'rul', 'n_train': 719, 'n_test': 354, 'd': 48, 'window': 6, 'n_channels': 8, 'n_bins': 12, 'cap': 130.0, 'censored_frac': 0.0445062518119812, 'train_units': 14, 'test_units': 10, 'censored_units': 1, 'n_regimes': 2, 'seed': 0, 'dataset': 'synthetic', 'source': 'synthetic simulator', 'units': 24}
    [surv] epoch   0  censored-NLL   69.964
    [surv] epoch   1  censored-NLL   68.872
    [surv] epoch   2  censored-NLL   67.720
    [surv] epoch   3  censored-NLL   66.482
    [surv] epoch   4  censored-NLL   65.647
    [surv] epoch   5  censored-NLL   65.023
[14:23:28]   surv_dropped_nll: first=69.9639 last=65.0232 (6 epochs)
[14:23:28]   surv_dropped: fit 0.6s · 864 params
    [surv] epoch   0  censored-NLL   69.724
    [surv] epoch   1  censored-NLL   68.677
    [surv] epoch   2  censored-NLL   67.488
    [surv] epoch   3  censored-NLL   66.267
    [surv] epoch   4  censored-NLL   65.360
    [surv] epoch   5  censored-NLL   64.843
[14:23:29]   surv_censored_nll: first=69.7239 last=64.8434 (6 epochs)
[14:23:29]   surv_censored: fit 1.1s · 864 params
[14:23:30]   partial evidence (3 dead): CRPS exact-marginal 20.728 vs imputed 20.911 (full 20.599)
[14:23:30]   exact survival S(t|x), grouped by TRUE remaining life:
[14:23:30]     RUL   0-20  n=   35  S(20)=0.876  S(40)=0.750  S(60)=0.645
[14:23:30]     RUL  20-50  n=   53  S(20)=0.886  S(40)=0.769  S(60)=0.667
[14:23:30]     RUL  50-90  n=   70  S(20)=0.905  S(40)=0.803  S(60)=0.709
[14:23:30]     RUL  90-131 n=  196  S(20)=0.913  S(40)=0.818  S(60)=0.728
[14:23:30] --- stage rul done in 2.5s ---
[14:23:30] --- stage: calibration ---
[14:23:30]   data: FleetPair(synthetic: train=24 units, C=8, regimes=2, cap=130)  (0.0s)
[14:23:30]   task: {'kind': 'rul', 'n_train': 719, 'n_test': 354, 'd': 48, 'window': 6, 'n_channels': 8, 'n_bins': 12, 'cap': 130.0, 'censored_frac': 0.0445062518119812, 'train_units': 14, 'test_units': 10, 'censored_units': 1, 'n_regimes': 2, 'seed': 0, 'dataset': 'synthetic', 'source': 'synthetic simulator', 'units': 24}
[14:23:30]   conformal split: 463 fit windows / 256 calibration windows (14 units total)
    [surv] epoch   0  censored-NLL   68.468
    [surv] epoch   1  censored-NLL   67.791
    [surv] epoch   2  censored-NLL   67.049
    [surv] epoch   3  censored-NLL   66.216
    [surv] epoch   4  censored-NLL   65.339
    [surv] epoch   5  censored-NLL   64.639
[14:23:31]   surv_conformal_nll: first=68.4679 last=64.6392 (6 epochs)
[14:23:31]   surv_conformal: fit 0.7s · 864 params
[14:23:31]   conformal[cqr]: PICP 0.997 (nominal 0.90), MPIW 121.1 (raw PICP 0.579, MPIW 110.2)
[14:23:31]   conformal[pit]: PICP 0.585 (nominal 0.90), MPIW 111.9 (raw PICP 0.579, MPIW 110.2)
[14:23:31] --- stage calibration done in 1.4s ---
[14:23:31] === run ok · 6.3s · peak RSS 1.858 GB ===
[14:35:41] === run start · seed0 · seed 0 · hash 04a3130bb048 ===
[14:35:41] stages ['ad', 'explain', 'rul', 'calibration'] · device cuda · dataset synthetic
[14:35:41] --- stage: ad ---
[14:35:41]   data: FleetPair(synthetic: train=24 units, C=8, regimes=2, cap=130)  (0.0s)
[14:35:41]   task: {'kind': 'ad', 'n_train': 557, 'n_test': 429, 'd': 48, 'window': 6, 'n_channels': 8, 'anomaly_rate': 0.1655011624097824, 'kind_counts': {'drift': 6, 'normal': 358, 'decouple': 10, 'offset': 7, 'organic': 36, 'spike': 7, 'desync': 5}, 'train_units': 14, 'test_units': 10, 'n_regimes': 2, 'seed': 0, 'dataset': 'synthetic', 'cap': 130.0, 'source': 'synthetic simulator', 'units': 24}
    [pc] epoch   0  nll   64.262
    [pc] epoch   1  nll   62.650
    [pc] epoch   2  nll   59.989
    [pc] epoch   3  nll   56.632
    [pc] epoch   4  nll   53.395
    [pc] epoch   5  nll   50.682
[14:35:43]   pc_train_nll: first=64.2618 last=50.6824 (6 epochs)
[14:35:43]   pc: fit 1.9s · 752 params · score sd 7.345 · device cuda · layered · 1,783 win/s
[14:35:44]   typed decomposition (mean worst-channel surprise):
[14:35:44]        normal  n=  358  marginal    11.68  conditional    10.65  structural     2.48
[14:35:44]      decouple  n=   10  marginal    11.48  conditional     8.64  structural     0.72
[14:35:44]        desync  n=    5  marginal     9.37  conditional    10.79  structural     3.73
[14:35:44]         drift  n=    6  marginal    16.14  conditional    14.57  structural     5.01
[14:35:44]        offset  n=    7  marginal    18.63  conditional    23.96  structural     9.95
[14:35:44]       organic  n=   36  marginal    43.05  conditional    50.34  structural    17.69
[14:35:44]         spike  n=    7  marginal    26.05  conditional    24.98  structural     3.22
[14:35:44] --- stage ad done in 2.7s ---
[14:35:44] --- stage: explain ---
[14:35:44]   data: FleetPair(synthetic: train=24 units, C=8, regimes=2, cap=130)  (0.0s)
[14:35:44]   task: {'kind': 'ad', 'n_train': 557, 'n_test': 429, 'd': 48, 'window': 6, 'n_channels': 8, 'anomaly_rate': 0.1655011624097824, 'kind_counts': {'drift': 6, 'normal': 358, 'decouple': 10, 'offset': 7, 'organic': 36, 'spike': 7, 'desync': 5}, 'train_units': 14, 'test_units': 10, 'n_regimes': 2, 'seed': 0, 'dataset': 'synthetic', 'cap': 130.0, 'source': 'synthetic simulator', 'units': 24}
[14:35:44]   explain: capped test set to 200 windows
    [pc] epoch   0  nll   64.262
    [pc] epoch   1  nll   62.650
    [pc] epoch   2  nll   59.989
    [pc] epoch   3  nll   56.632
    [pc] epoch   4  nll   53.395
    [pc] epoch   5  nll   50.682
[14:35:45]   pc_train_nll: first=64.2618 last=50.6824 (6 epochs)
[14:35:45]   pc: fit 1.0s · 752 params · score sd 7.345 · device cuda · layered · 3,315 win/s
[14:35:46]   attribution cost: PC exact (all views) 0.2s · AE sampling-SHAP (one view) 0.2s
[14:35:46]   completeness: max residual 3.81e-06 nats, mean 9.54e-07
[14:35:46]   deletion curves scored with the circuit's own scorer — PC attributions have home-field advantage here, the localisation columns do not
[14:35:46]   worked examples (median-scoring window of each kind):
[14:35:47]    [normal]
[14:35:47]   anomaly score 48.0 nats
[14:35:47]       ch0  out of range         marginal   15.37  structural   -3.78  worst at t=1
[14:35:47]       ch6  out of range         marginal    9.91  structural   -2.32  worst at t=4
[14:35:47]       ch2  out of range         marginal    9.00  structural   -3.65  worst at t=0
[14:35:47]    [spike]
[14:35:47]   anomaly score 63.9 nats   [injected: spike, channels [0]]
[14:35:47]       ch0  out of range         marginal   13.36  structural    1.01  worst at t=1  <- CORRECT
[14:35:47]       ch7  out of range         marginal   12.74  structural   -2.11  worst at t=1  <- miss
[14:35:47]       ch6  out of range         marginal    6.67  structural    2.06  worst at t=4  <- miss
[14:35:48]    [offset]
[14:35:48]   anomaly score 89.0 nats   [injected: offset, channels [3, 6]]
[14:35:48]       ch6  broken relationship  marginal   28.55  structural   14.32  worst at t=5  <- CORRECT
[14:35:48]       ch3  out of range         marginal   15.99  structural   -4.04  worst at t=4  <- CORRECT
[14:35:48]       ch7  out of range         marginal    6.64  structural    0.10  worst at t=0  <- miss
[14:35:48]    [drift]
[14:35:48]   anomaly score 61.7 nats   [injected: drift, channels [1, 2, 4]]
[14:35:48]       ch4  out of range         marginal   15.67  structural   -3.24  worst at t=5  <- CORRECT
[14:35:48]       ch1  out of range         marginal    9.21  structural    1.97  worst at t=5  <- CORRECT
[14:35:48]       ch2  out of range         marginal    6.72  structural    1.74  worst at t=5  <- CORRECT
[14:35:49]    [decouple]
[14:35:49]   anomaly score 50.0 nats   [injected: decouple, channels [2, 6]]
[14:35:49]       ch6  out of range         marginal   10.38  structural   -3.14  worst at t=3  <- CORRECT
[14:35:49]       ch1  out of range         marginal    6.96  structural   -0.06  worst at t=4  <- miss
[14:35:49]       ch2  out of range         marginal   11.00  structural   -4.15  worst at t=2  <- CORRECT
[14:35:49]    [desync]
[14:35:49]   anomaly score 47.1 nats   [injected: desync, channels [1]]
[14:35:49]       ch0  out of range         marginal    8.44  structural   -0.45  worst at t=0  <- miss
[14:35:49]       ch1  out of range         marginal    7.12  structural    0.58  worst at t=0  <- CORRECT
[14:35:49]       ch2  out of range         marginal    9.53  structural   -3.93  worst at t=5  <- miss
[14:35:49] --- stage explain done in 5.2s ---
[14:35:49] --- stage: rul ---
[14:35:49]   data: FleetPair(synthetic: train=24 units, C=8, regimes=2, cap=130)  (0.0s)
[14:35:49]   task: {'kind': 'rul', 'n_train': 719, 'n_test': 354, 'd': 48, 'window': 6, 'n_channels': 8, 'n_bins': 12, 'cap': 130.0, 'censored_frac': 0.0445062518119812, 'train_units': 14, 'test_units': 10, 'censored_units': 1, 'n_regimes': 2, 'seed': 0, 'dataset': 'synthetic', 'source': 'synthetic simulator', 'units': 24}
    [surv] epoch   0  censored-NLL   69.964
    [surv] epoch   1  censored-NLL   68.872
    [surv] epoch   2  censored-NLL   67.720
    [surv] epoch   3  censored-NLL   66.482
    [surv] epoch   4  censored-NLL   65.647
    [surv] epoch   5  censored-NLL   65.023
[14:35:51]   surv_dropped_nll: first=69.9639 last=65.0232 (6 epochs)
[14:35:51]   surv_dropped: fit 1.6s · 864 params
    [surv] epoch   0  censored-NLL   69.724
    [surv] epoch   1  censored-NLL   68.677
    [surv] epoch   2  censored-NLL   67.488
    [surv] epoch   3  censored-NLL   66.267
    [surv] epoch   4  censored-NLL   65.360
    [surv] epoch   5  censored-NLL   64.843
[14:35:52]   surv_censored_nll: first=69.7239 last=64.8434 (6 epochs)
[14:35:52]   surv_censored: fit 1.2s · 864 params
[14:35:53]   partial evidence (3 dead): CRPS exact-marginal 20.728 vs imputed 20.911 (full 20.599)
[14:35:53]   exact survival S(t|x), grouped by TRUE remaining life:
[14:35:53]     RUL   0-20  n=   35  S(20)=0.876  S(40)=0.750  S(60)=0.645
[14:35:53]     RUL  20-50  n=   53  S(20)=0.886  S(40)=0.769  S(60)=0.667
[14:35:53]     RUL  50-90  n=   70  S(20)=0.905  S(40)=0.803  S(60)=0.709
[14:35:53]     RUL  90-131 n=  196  S(20)=0.913  S(40)=0.818  S(60)=0.728
[14:35:53] --- stage rul done in 3.7s ---
[14:35:53] --- stage: calibration ---
[14:35:53]   data: FleetPair(synthetic: train=24 units, C=8, regimes=2, cap=130)  (0.0s)
[14:35:53]   task: {'kind': 'rul', 'n_train': 719, 'n_test': 354, 'd': 48, 'window': 6, 'n_channels': 8, 'n_bins': 12, 'cap': 130.0, 'censored_frac': 0.0445062518119812, 'train_units': 14, 'test_units': 10, 'censored_units': 1, 'n_regimes': 2, 'seed': 0, 'dataset': 'synthetic', 'source': 'synthetic simulator', 'units': 24}
[14:35:53]   conformal split: 463 fit windows / 256 calibration windows (14 units total)
    [surv] epoch   0  censored-NLL   68.468
    [surv] epoch   1  censored-NLL   67.791
    [surv] epoch   2  censored-NLL   67.049
    [surv] epoch   3  censored-NLL   66.216
    [surv] epoch   4  censored-NLL   65.339
    [surv] epoch   5  censored-NLL   64.639
[14:35:54]   surv_conformal_nll: first=68.4679 last=64.6392 (6 epochs)
[14:35:54]   surv_conformal: fit 0.8s · 864 params
[14:35:54]   conformal[cqr]: PICP 0.997 (nominal 0.90), MPIW 121.1 (raw PICP 0.579, MPIW 110.2)
[14:35:54]   conformal[pit]: PICP 0.585 (nominal 0.90), MPIW 111.9 (raw PICP 0.579, MPIW 110.2)
[14:35:54] --- stage calibration done in 1.5s ---
[14:35:54] === run ok · 13.1s · peak RSS 1.86 GB ===
[14:44:03] === run start · seed0 · seed 0 · hash 04a3130bb048 ===
[14:44:03] stages ['ad', 'explain', 'rul', 'calibration'] · device cuda · dataset synthetic
[14:44:03] --- stage: ad ---
[14:44:03]   data: FleetPair(synthetic: train=24 units, C=8, regimes=2, cap=130)  (0.0s)
[14:44:03]   task: {'kind': 'ad', 'n_train': 557, 'n_test': 429, 'd': 48, 'window': 6, 'n_channels': 8, 'anomaly_rate': 0.1655011624097824, 'kind_counts': {'drift': 6, 'normal': 358, 'decouple': 10, 'offset': 7, 'organic': 36, 'spike': 7, 'desync': 5}, 'train_units': 14, 'test_units': 10, 'n_regimes': 2, 'seed': 0, 'dataset': 'synthetic', 'cap': 130.0, 'source': 'synthetic simulator', 'units': 24}
    [pc] epoch   0  nll   64.262
    [pc] epoch   1  nll   62.650
    [pc] epoch   2  nll   59.989
    [pc] epoch   3  nll   56.632
    [pc] epoch   4  nll   53.395
    [pc] epoch   5  nll   50.682
[14:44:04]   pc_train_nll: first=64.2618 last=50.6824 (6 epochs)
[14:44:04]   pc: fit 1.0s · 752 params · score sd 7.345 · device cuda · layered · 3,454 win/s
[14:44:05]   typed decomposition (mean worst-channel surprise):
[14:44:05]        normal  n=  358  marginal    11.68  conditional    10.65  structural     2.48
[14:44:05]      decouple  n=   10  marginal    11.48  conditional     8.64  structural     0.72
[14:44:05]        desync  n=    5  marginal     9.37  conditional    10.79  structural     3.73
[14:44:05]         drift  n=    6  marginal    16.14  conditional    14.57  structural     5.01
[14:44:05]        offset  n=    7  marginal    18.63  conditional    23.96  structural     9.95
[14:44:05]       organic  n=   36  marginal    43.05  conditional    50.34  structural    17.69
[14:44:05]         spike  n=    7  marginal    26.05  conditional    24.98  structural     3.22
[14:44:05] --- stage ad done in 1.7s ---
[14:44:05] --- stage: explain ---
[14:44:05]   data: FleetPair(synthetic: train=24 units, C=8, regimes=2, cap=130)  (0.0s)
[14:44:05]   task: {'kind': 'ad', 'n_train': 557, 'n_test': 429, 'd': 48, 'window': 6, 'n_channels': 8, 'anomaly_rate': 0.1655011624097824, 'kind_counts': {'drift': 6, 'normal': 358, 'decouple': 10, 'offset': 7, 'organic': 36, 'spike': 7, 'desync': 5}, 'train_units': 14, 'test_units': 10, 'n_regimes': 2, 'seed': 0, 'dataset': 'synthetic', 'cap': 130.0, 'source': 'synthetic simulator', 'units': 24}
[14:44:05]   explain: capped test set to 200 windows
    [pc] epoch   0  nll   64.262
    [pc] epoch   1  nll   62.650
    [pc] epoch   2  nll   59.989
    [pc] epoch   3  nll   56.632
    [pc] epoch   4  nll   53.395
    [pc] epoch   5  nll   50.682
[14:44:05]   pc_train_nll: first=64.2618 last=50.6824 (6 epochs)
[14:44:05]   pc: fit 0.1s · 752 params · score sd 7.345 · device cuda · layered · 26,190 win/s
[14:44:05]   attribution cost: PC exact (all views) 0.1s · AE sampling-SHAP (one view) 0.0s
[14:44:06]   completeness: max residual 3.81e-06 nats, mean 9.54e-07
[14:44:06]   deletion curves scored with the circuit's own scorer — PC attributions have home-field advantage here, the localisation columns do not
[14:44:06]   worked examples (median-scoring window of each kind):
[14:44:06]    [normal]
[14:44:06]   anomaly score 48.0 nats
[14:44:06]       ch0  out of range         marginal   15.37  structural   -3.78  worst at t=1
[14:44:06]       ch6  out of range         marginal    9.91  structural   -2.32  worst at t=4
[14:44:06]       ch2  out of range         marginal    9.00  structural   -3.65  worst at t=0
[14:44:06]    [spike]
[14:44:06]   anomaly score 63.9 nats   [injected: spike, channels [0]]
[14:44:06]       ch0  out of range         marginal   13.36  structural    1.01  worst at t=1  <- CORRECT
[14:44:06]       ch7  out of range         marginal   12.74  structural   -2.11  worst at t=1  <- miss
[14:44:06]       ch6  out of range         marginal    6.67  structural    2.06  worst at t=4  <- miss
[14:44:06]    [offset]
[14:44:06]   anomaly score 89.0 nats   [injected: offset, channels [3, 6]]
[14:44:06]       ch6  broken relationship  marginal   28.55  structural   14.32  worst at t=5  <- CORRECT
[14:44:06]       ch3  out of range         marginal   15.99  structural   -4.04  worst at t=4  <- CORRECT
[14:44:06]       ch7  out of range         marginal    6.64  structural    0.10  worst at t=0  <- miss
[14:44:06]    [drift]
[14:44:06]   anomaly score 61.7 nats   [injected: drift, channels [1, 2, 4]]
[14:44:06]       ch4  out of range         marginal   15.67  structural   -3.24  worst at t=5  <- CORRECT
[14:44:06]       ch1  out of range         marginal    9.21  structural    1.97  worst at t=5  <- CORRECT
[14:44:06]       ch2  out of range         marginal    6.72  structural    1.74  worst at t=5  <- CORRECT
[14:44:07]    [decouple]
[14:44:07]   anomaly score 50.0 nats   [injected: decouple, channels [2, 6]]
[14:44:07]       ch6  out of range         marginal   10.38  structural   -3.14  worst at t=3  <- CORRECT
[14:44:07]       ch1  out of range         marginal    6.96  structural   -0.06  worst at t=4  <- miss
[14:44:07]       ch2  out of range         marginal   11.00  structural   -4.15  worst at t=2  <- CORRECT
[14:44:07]    [desync]
[14:44:07]   anomaly score 47.1 nats   [injected: desync, channels [1]]
[14:44:07]       ch0  out of range         marginal    8.44  structural   -0.45  worst at t=0  <- miss
[14:44:07]       ch1  out of range         marginal    7.12  structural    0.58  worst at t=0  <- CORRECT
[14:44:07]       ch2  out of range         marginal    9.53  structural   -3.93  worst at t=5  <- miss
[14:44:07] --- stage explain done in 1.8s ---
[14:44:07] --- stage: rul ---
[14:44:07]   data: FleetPair(synthetic: train=24 units, C=8, regimes=2, cap=130)  (0.0s)
[14:44:07]   task: {'kind': 'rul', 'n_train': 719, 'n_test': 354, 'd': 48, 'window': 6, 'n_channels': 8, 'n_bins': 12, 'cap': 130.0, 'censored_frac': 0.0445062518119812, 'train_units': 14, 'test_units': 10, 'censored_units': 1, 'n_regimes': 2, 'seed': 0, 'dataset': 'synthetic', 'source': 'synthetic simulator', 'units': 24}
    [surv] epoch   0  censored-NLL   69.964
    [surv] epoch   1  censored-NLL   68.872
    [surv] epoch   2  censored-NLL   67.720
    [surv] epoch   3  censored-NLL   66.482
    [surv] epoch   4  censored-NLL   65.647
    [surv] epoch   5  censored-NLL   65.023
[14:44:07]   surv_dropped_nll: first=69.9639 last=65.0232 (6 epochs)
[14:44:07]   surv_dropped: fit 0.6s · 864 params
    [surv] epoch   0  censored-NLL   69.724
    [surv] epoch   1  censored-NLL   68.677
    [surv] epoch   2  censored-NLL   67.488
    [surv] epoch   3  censored-NLL   66.267
    [surv] epoch   4  censored-NLL   65.360
    [surv] epoch   5  censored-NLL   64.843
[14:44:09]   surv_censored_nll: first=69.7239 last=64.8434 (6 epochs)
[14:44:09]   surv_censored: fit 1.2s · 864 params
[14:44:09]   partial evidence (3 dead): CRPS exact-marginal 20.728 vs imputed 20.911 (full 20.599)
[14:44:09]   exact survival S(t|x), grouped by TRUE remaining life:
[14:44:09]     RUL   0-20  n=   35  S(20)=0.876  S(40)=0.750  S(60)=0.645
[14:44:09]     RUL  20-50  n=   53  S(20)=0.886  S(40)=0.769  S(60)=0.667
[14:44:09]     RUL  50-90  n=   70  S(20)=0.905  S(40)=0.803  S(60)=0.709
[14:44:09]     RUL  90-131 n=  196  S(20)=0.913  S(40)=0.818  S(60)=0.728
[14:44:09] --- stage rul done in 2.6s ---
[14:44:09] --- stage: calibration ---
[14:44:09]   data: FleetPair(synthetic: train=24 units, C=8, regimes=2, cap=130)  (0.0s)
[14:44:09]   task: {'kind': 'rul', 'n_train': 719, 'n_test': 354, 'd': 48, 'window': 6, 'n_channels': 8, 'n_bins': 12, 'cap': 130.0, 'censored_frac': 0.0445062518119812, 'train_units': 14, 'test_units': 10, 'censored_units': 1, 'n_regimes': 2, 'seed': 0, 'dataset': 'synthetic', 'source': 'synthetic simulator', 'units': 24}
[14:44:09]   conformal split: 463 fit windows / 256 calibration windows (14 units total)
    [surv] epoch   0  censored-NLL   68.468
    [surv] epoch   1  censored-NLL   67.791
    [surv] epoch   2  censored-NLL   67.049
    [surv] epoch   3  censored-NLL   66.216
    [surv] epoch   4  censored-NLL   65.339
    [surv] epoch   5  censored-NLL   64.639
[14:44:10]   surv_conformal_nll: first=68.4679 last=64.6392 (6 epochs)
[14:44:10]   surv_conformal: fit 0.8s · 864 params
[14:44:10]   conformal[cqr]: PICP 0.997 (nominal 0.90), MPIW 121.1 (raw PICP 0.579, MPIW 110.2)
[14:44:11]   conformal[pit]: PICP 0.585 (nominal 0.90), MPIW 111.9 (raw PICP 0.579, MPIW 110.2)
[14:44:11] --- stage calibration done in 1.5s ---
[14:44:11] === run ok · 7.6s · peak RSS 1.859 GB ===
[15:08:06] === run start · seed0 · seed 0 · hash 5558b5b0aeb3 ===
[15:08:06] stages ['ad', 'explain', 'rul', 'calibration'] · device cuda · dataset synthetic
[15:08:06] --- stage: ad ---
[15:08:06]   data: FleetPair(synthetic: train=24 units, C=8, regimes=2, cap=130)  (0.0s)
[15:08:06]   task: {'kind': 'ad', 'n_train': 557, 'n_test': 429, 'd': 48, 'window': 6, 'n_channels': 8, 'anomaly_rate': 0.1655011624097824, 'kind_counts': {'drift': 6, 'normal': 358, 'decouple': 10, 'offset': 7, 'organic': 36, 'spike': 7, 'desync': 5}, 'train_units': 14, 'test_units': 10, 'n_regimes': 2, 'seed': 0, 'dataset': 'synthetic', 'cap': 130.0, 'source': 'synthetic simulator', 'units': 24}
    [pc] epoch   0  nll   64.262
    [pc] epoch   1  nll   62.650
    [pc] epoch   2  nll   59.989
    [pc] epoch   3  nll   56.632
    [pc] epoch   4  nll   53.395
    [pc] epoch   5  nll   50.682
[15:08:08]   pc_train_nll: first=64.2618 last=50.6824 (6 epochs)
[15:08:08]   pc: fit 1.1s · 752 params · score sd 7.345 · device cuda · layered · 2,958 win/s
[15:08:08]   typed decomposition (mean worst-channel surprise):
[15:08:08]        normal  n=  358  marginal    11.68  conditional    10.65  structural     2.48
[15:08:08]      decouple  n=   10  marginal    11.48  conditional     8.64  structural     0.72
[15:08:08]        desync  n=    5  marginal     9.37  conditional    10.79  structural     3.73
[15:08:08]         drift  n=    6  marginal    16.14  conditional    14.57  structural     5.01
[15:08:08]        offset  n=    7  marginal    18.63  conditional    23.96  structural     9.95
[15:08:08]       organic  n=   36  marginal    43.05  conditional    50.34  structural    17.69
[15:08:08]         spike  n=    7  marginal    26.05  conditional    24.98  structural     3.22
[15:08:08] --- stage ad done in 1.9s ---
[15:08:08] --- stage: explain ---
[15:08:08]   data: FleetPair(synthetic: train=24 units, C=8, regimes=2, cap=130)  (0.0s)
[15:08:08]   task: {'kind': 'ad', 'n_train': 557, 'n_test': 429, 'd': 48, 'window': 6, 'n_channels': 8, 'anomaly_rate': 0.1655011624097824, 'kind_counts': {'drift': 6, 'normal': 358, 'decouple': 10, 'offset': 7, 'organic': 36, 'spike': 7, 'desync': 5}, 'train_units': 14, 'test_units': 10, 'n_regimes': 2, 'seed': 0, 'dataset': 'synthetic', 'cap': 130.0, 'source': 'synthetic simulator', 'units': 24}
[15:08:08]   explain: capped test set to 200 windows
    [pc] epoch   0  nll   64.262
    [pc] epoch   1  nll   62.650
    [pc] epoch   2  nll   59.989
    [pc] epoch   3  nll   56.632
    [pc] epoch   4  nll   53.395
    [pc] epoch   5  nll   50.682
[15:08:09]   pc_train_nll: first=64.2618 last=50.6824 (6 epochs)
[15:08:09]   pc: fit 0.2s · 752 params · score sd 7.345 · device cuda · layered · 14,735 win/s
[15:08:09]   attribution cost: PC exact (all views) 0.2s · AE sampling-SHAP (one view) 0.1s
[15:08:09]   completeness: max residual 3.81e-06 nats, mean 9.54e-07
[15:08:10]   deletion curves scored with the circuit's own scorer — PC attributions have home-field advantage here, the localisation columns do not
[15:08:10]   worked examples (median-scoring window of each kind):
[15:08:10]    [normal]
[15:08:10]   anomaly score 48.0 nats
[15:08:10]       ch0  out of range         marginal   15.37  structural   -3.78  worst at t=1
[15:08:10]       ch6  out of range         marginal    9.91  structural   -2.32  worst at t=4
[15:08:10]       ch2  out of range         marginal    9.00  structural   -3.65  worst at t=0
[15:08:10]    [spike]
[15:08:10]   anomaly score 63.9 nats   [injected: spike, channels [0]]
[15:08:10]       ch0  out of range         marginal   13.36  structural    1.01  worst at t=1  <- CORRECT
[15:08:10]       ch7  out of range         marginal   12.74  structural   -2.11  worst at t=1  <- miss
[15:08:10]       ch6  out of range         marginal    6.67  structural    2.06  worst at t=4  <- miss
[15:08:11]    [offset]
[15:08:11]   anomaly score 89.0 nats   [injected: offset, channels [3, 6]]
[15:08:11]       ch6  broken relationship  marginal   28.55  structural   14.32  worst at t=5  <- CORRECT
[15:08:11]       ch3  out of range         marginal   15.99  structural   -4.04  worst at t=4  <- CORRECT
[15:08:11]       ch7  out of range         marginal    6.64  structural    0.10  worst at t=0  <- miss
[15:08:11]    [drift]
[15:08:11]   anomaly score 61.7 nats   [injected: drift, channels [1, 2, 4]]
[15:08:11]       ch4  out of range         marginal   15.67  structural   -3.24  worst at t=5  <- CORRECT
[15:08:11]       ch1  out of range         marginal    9.21  structural    1.97  worst at t=5  <- CORRECT
[15:08:11]       ch2  out of range         marginal    6.72  structural    1.74  worst at t=5  <- CORRECT
[15:08:11]    [decouple]
[15:08:11]   anomaly score 50.0 nats   [injected: decouple, channels [2, 6]]
[15:08:11]       ch6  out of range         marginal   10.38  structural   -3.14  worst at t=3  <- CORRECT
[15:08:11]       ch1  out of range         marginal    6.96  structural   -0.06  worst at t=4  <- miss
[15:08:11]       ch2  out of range         marginal   11.00  structural   -4.15  worst at t=2  <- CORRECT
[15:08:12]    [desync]
[15:08:12]   anomaly score 47.1 nats   [injected: desync, channels [1]]
[15:08:12]       ch0  out of range         marginal    8.44  structural   -0.45  worst at t=0  <- miss
[15:08:12]       ch1  out of range         marginal    7.12  structural    0.58  worst at t=0  <- CORRECT
[15:08:12]       ch2  out of range         marginal    9.53  structural   -3.93  worst at t=5  <- miss
[15:08:12] --- stage explain done in 3.2s ---
[15:08:12] --- stage: rul ---
[15:08:12]   data: FleetPair(synthetic: train=24 units, C=8, regimes=2, cap=130)  (0.0s)
[15:08:12]   task: {'kind': 'rul', 'n_train': 719, 'n_test': 354, 'd': 48, 'window': 6, 'n_channels': 8, 'n_bins': 12, 'cap': 130.0, 'censored_frac': 0.0445062518119812, 'train_units': 14, 'test_units': 10, 'censored_units': 1, 'n_regimes': 2, 'seed': 0, 'dataset': 'synthetic', 'source': 'synthetic simulator', 'units': 24}
    [surv] epoch   0  censored-NLL   69.964
    [surv] epoch   1  censored-NLL   68.872
    [surv] epoch   2  censored-NLL   67.720
    [surv] epoch   3  censored-NLL   66.482
    [surv] epoch   4  censored-NLL   65.647
    [surv] epoch   5  censored-NLL   65.023
[15:08:12]   surv_dropped_nll: first=69.9639 last=65.0232 (6 epochs)
[15:08:12]   surv_dropped: fit 0.4s · 864 params
    [surv] epoch   0  censored-NLL   69.724
    [surv] epoch   1  censored-NLL   68.677
    [surv] epoch   2  censored-NLL   67.488
    [surv] epoch   3  censored-NLL   66.267
    [surv] epoch   4  censored-NLL   65.360
    [surv] epoch   5  censored-NLL   64.843
[15:08:13]   surv_censored_nll: first=69.7239 last=64.8434 (6 epochs)
[15:08:13]   surv_censored: fit 0.6s · 864 params
[15:08:13]   partial evidence (3 dead): CRPS exact-marginal 20.728 vs imputed 20.911 (full 20.599)
[15:08:13]   exact survival S(t|x), grouped by TRUE remaining life:
[15:08:13]     RUL   0-20  n=   35  S(20)=0.876  S(40)=0.750  S(60)=0.645
[15:08:13]     RUL  20-50  n=   53  S(20)=0.886  S(40)=0.769  S(60)=0.667
[15:08:13]     RUL  50-90  n=   70  S(20)=0.905  S(40)=0.803  S(60)=0.709
[15:08:13]     RUL  90-131 n=  196  S(20)=0.913  S(40)=0.818  S(60)=0.728
[15:08:13] --- stage rul done in 1.6s ---
[15:08:13] --- stage: calibration ---
[15:08:13]   data: FleetPair(synthetic: train=24 units, C=8, regimes=2, cap=130)  (0.0s)
[15:08:13]   task: {'kind': 'rul', 'n_train': 719, 'n_test': 354, 'd': 48, 'window': 6, 'n_channels': 8, 'n_bins': 12, 'cap': 130.0, 'censored_frac': 0.0445062518119812, 'train_units': 14, 'test_units': 10, 'censored_units': 1, 'n_regimes': 2, 'seed': 0, 'dataset': 'synthetic', 'source': 'synthetic simulator', 'units': 24}
[15:08:13]   conformal split: 463 fit windows / 256 calibration windows (14 units total)
    [surv] epoch   0  censored-NLL   68.468
    [surv] epoch   1  censored-NLL   67.791
    [surv] epoch   2  censored-NLL   67.049
    [surv] epoch   3  censored-NLL   66.216
    [surv] epoch   4  censored-NLL   65.339
    [surv] epoch   5  censored-NLL   64.639
[15:08:14]   surv_conformal_nll: first=68.4679 last=64.6392 (6 epochs)
[15:08:14]   surv_conformal: fit 0.4s · 864 params
[15:08:14]   conformal[cqr] a=0.10: PICP 0.997 (nominal 0.90), MPIW 121.1 (raw PICP 0.579, MPIW 110.2)
[15:08:14]   conformal[pit] a=0.10: PICP 0.585 (nominal 0.90), MPIW 111.9 (raw PICP 0.579, MPIW 110.2)
[15:08:14] --- stage calibration done in 0.8s ---
[15:08:14] === run ok · 7.6s · peak RSS 1.83 GB ===
