experiment,variant,dataset,stage,method,log_partition_mean,log_partition_std,leaf_mean,leaf_std,sum_mean,sum_std,product_mean,product_std,nodes_mean,nodes_std,parameters_mean,parameters_std,optimizer_steps_mean,optimizer_steps_std,epochs_run_mean,epochs_run_std,best_epoch_mean,best_epoch_std,checkpoint_nll_mean,checkpoint_nll_std,fit_s_mean,fit_s_std,final_train_nll_mean,final_train_nll_std,lr_mean,lr_std,epochs_budget_mean,epochs_budget_std,batch_size_mean,batch_size_std,n_seeds,seeds,axis:variant,shortcut_auroc_mean,shortcut_auroc_std,shortcut_channel_mean,shortcut_channel_std,shortcut_n_dev_mean,shortcut_n_dev_std,shortcut_n_eval_mean,shortcut_n_eval_std,shortcut_features_mean,shortcut_features_std,oracle_max_error_mean,oracle_max_error_std,query_s_mean,query_s_std,warmup_s_mean,warmup_s_std,n_mean,n_std,n_observed_mean,n_observed_std,n_observed_min_mean,n_observed_min_std,n_observed_max_mean,n_observed_max_std,cost_passes_mean,cost_passes_std,cost_node_visits_mean,cost_node_visits_std,cost_boundary_visits_mean,cost_boundary_visits_std,cost_n_masks_mean,cost_n_masks_std,cost_seconds_mean,cost_seconds_std,cost_node_evaluations_mean,cost_node_evaluations_std,cost_boundary_elements_mean,cost_boundary_elements_std,cost_output_elements_mean,cost_output_elements_std,cost_peak_boundary_bytes_mean,cost_peak_boundary_bytes_std,empirical_log_dependence_mean_mean,empirical_log_dependence_mean_std,empirical_log_dependence_abs_mean_mean,empirical_log_dependence_abs_mean_std,empirical_log_dependence_sd_mean,empirical_log_dependence_sd_std,empirical_log_dependence_q05_mean,empirical_log_dependence_q05_std,empirical_log_dependence_q95_mean,empirical_log_dependence_q95_std,oracle_conditional_bias_mean,oracle_conditional_bias_std,oracle_conditional_mae_mean,oracle_conditional_mae_std,oracle_conditional_max_abs_mean,oracle_conditional_max_abs_std,oracle_conditional_corr_mean,oracle_conditional_corr_std,oracle_marginal_bias_mean,oracle_marginal_bias_std,oracle_marginal_mae_mean,oracle_marginal_mae_std,oracle_marginal_max_abs_mean,oracle_marginal_max_abs_std,oracle_marginal_corr_mean,oracle_marginal_corr_std,oracle_R_bias_mean,oracle_R_bias_std,oracle_R_mae_mean,oracle_R_mae_std,oracle_R_max_abs_mean,oracle_R_max_abs_std,oracle_R_corr_mean,oracle_R_corr_std,oracle_log_px_bias_mean,oracle_log_px_bias_std,oracle_log_px_mae_mean,oracle_log_px_mae_std,alpha_mean,alpha_std,calibration_n_mean,calibration_n_std,threshold_mean,threshold_std,score_range_mean,score_range_std,fpr_mean,fpr_std,power_mean,power_std,auroc_mean,auroc_std,ap_mean,ap_std,auroc[independent_block]_mean,auroc[independent_block]_std,loc_ap_mean,loc_ap_std,loc_ap_n_mean,loc_ap_n_std,loc_n_no_observed_target_mean,loc_n_no_observed_target_std,loc_n_all_observed_are_targets_mean,loc_n_all_observed_are_targets_std,loc_n_ambiguous_mean,loc_n_ambiguous_std,loc_n_unique_mean,loc_n_unique_std,loc_n_abstained_no_alarm_mean,loc_n_abstained_no_alarm_std,loc_unique_top1_accuracy_mean,loc_unique_top1_accuracy_std,end_to_end_unique_top1_mean,end_to_end_unique_top1_std
diagnosis_controls,conditional_nll_selection,synthetic,diagnosis,model,1.9868214925130207e-08,1.2407696243918735e-07,64.0,0.0,57.0,0.0,240.0,0.0,361.0,0.0,1488.0,0.0,1077.3333333333333,143.18286675902718,134.66666666666666,17.897858344878397,113.33333333333333,24.5017006212494,19.278789520263672,0.3816466172598965,30.20269576708476,39.62818714791478,19.11451729138692,0.24662556425486018,0.02,0.0,150.0,0.0,128.0,0.0,3,"[11, 12, 13]",conditional_nll_selection,,,,,,,,,,,,,,,,,,,,,,,,,,,,,,,,,,,,,,,,,,,,,,,,,,,,,,,,,,,,,,,,,,,,,,,,,,,,,,,,,,,,,,,,,,,,,,,,,,,,,,,,,,,,,,,,,,,,
diagnosis_controls,conditional_nll_selection,synthetic,diagnosis,shortcut audit,,,,,,,,,,,,,,,,,,,,,,,,,,,,,,,3,"[11, 12, 13]",conditional_nll_selection,0.48155,0.02226208941227215,0.0,0.0,400.0,0.0,400.0,0.0,10.0,0.0,,,,,,,,,,,,,,,,,,,,,,,,,,,,,,,,,,,,,,,,,,,,,,,,,,,,,,,,,,,,,,,,,,,,,,,,,,,,,,,,,,,,,,,,,,,,,,,,,,,,,,,,,,
diagnosis_controls,conditional_nll_selection,synthetic,diagnosis,query full | circuit,,,,,,,,,,,,,,,,,,,,,,,,,,,,,,,3,"[11, 12, 13]",conditional_nll_selection,,,,,,,,,,,4.450480143229167e-06,1.1012082465927617e-06,0.008580680666151844,0.0027239119173953254,0.004224555331650966,0.0002187030005596598,400.0,0.0,4.0,0.0,4.0,0.0,4.0,0.0,3.0,0.0,450.0,0.0,16.0,0.0,1.0,0.0,0.008486666666666667,0.0026916926520933497,180000.0,0.0,12800.0,0.0,1600.0,0.0,25600.0,0.0,1.0056249698003132,0.1268862278723616,1.4576455354690552,0.05643872106396546,1.3728402455647786,0.16891625200636917,-1.5041224559148152,0.4228521750959398,2.954557259877523,0.513102029588783,,,,,,,,,,,,,,,,,,,,,,,,,,,,,,,,,,,,,,,,,,,,,,,,,,,,,,,,,,,,,,,,
diagnosis_controls,conditional_nll_selection,synthetic,diagnosis,known-law error full | circuit,,,,,,,,,,,,,,,,,,,,,,,,,,,,,,,3,"[11, 12, 13]",conditional_nll_selection,,,,,,,,,,,,,,,,,,,,,,,,,,,,,,,,,,,,,,,,,,,,,,,,,,,,,0.7745906184410102,0.10427181787046197,3.0632997042811927,0.12828365570426484,44.67535772196936,12.916370561007732,0.4695651777246191,0.05160365106038996,0.1210658986302355,0.007872924819072643,0.3762470803468912,0.016215917075975965,5.625836744818393,2.031041339661562,0.942468798101861,0.0035092312205907694,0.6535247286521303,0.09711116562253162,2.981182281751901,0.1274205513405475,45.15684616541813,12.635848176419618,0.5026493506044462,0.027506691026552305,-1.8692389528762854,0.32968734883710904,6.461115494418327,0.3714653810692186,,,,,,,,,,,,,,,,,,,,,,,,,,,,,,,,,,,,
diagnosis_controls,conditional_nll_selection,synthetic,diagnosis,joint | full | circuit,,,,,,,,,,,,,,,,,,,,,,,,,,,,,,,3,"[11, 12, 13]",conditional_nll_selection,,,,,,,,,,,,,,,,,,,,,,,,,,,,,,,,,,,,,,,,,,,,,,,,,,,,,,,,,,,,,,,,,,,,,,,,,,,,,,,,,0.05000000000000001,8.498374721940739e-18,200.0,0.0,29.716994603474934,2.464912221084845,43.44668197631836,13.894463411277975,0.051666666666666666,0.04193248541803042,0.06666666666666667,0.05686240703077327,0.5991083333333335,0.008465456770507605,0.5589069168901446,0.00610045613906481,0.5991083333333335,0.008465456770507605,0.63625,0.01964529205687712,200.0,0.0,0.0,0.0,0.0,0.0,0.0,0.0,200.0,0.0,186.66666666666666,11.372481406154654,0.4366666666666667,0.022546248764114492,0.03,0.01802775637731995
diagnosis_controls,conditional_nll_selection,synthetic,diagnosis,independent | full | circuit,,,,,,,,,,,,,,,,,,,,,,,,,,,,,,,3,"[11, 12, 13]",conditional_nll_selection,,,,,,,,,,,,,,,,,,,,,,,,,,,,,,,,,,,,,,,,,,,,,,,,,,,,,,,,,,,,,,,,,,,,,,,,,,,,,,,,,0.05000000000000001,8.498374721940739e-18,200.0,0.0,31.917680104573567,2.8132310589346097,45.35337702433268,13.060794912634373,0.049999999999999996,0.03905124837953327,0.03,0.026457513110645904,0.5243666666666666,0.002588717507441365,0.4970881330351837,0.0016789176891959408,0.5243666666666666,0.002588717507441365,0.5466666666666665,0.0130968613712514,200.0,0.0,0.0,0.0,0.0,0.0,0.0,0.0,200.0,0.0,194.0,5.291502622129181,0.33666666666666667,0.015275252316519456,0.005,0.005
diagnosis_controls,conditional_nll_selection,synthetic,diagnosis,marginal_max | full | circuit,,,,,,,,,,,,,,,,,,,,,,,,,,,,,,,3,"[11, 12, 13]",conditional_nll_selection,,,,,,,,,,,,,,,,,,,,,,,,,,,,,,,,,,,,,,,,,,,,,,,,,,,,,,,,,,,,,,,,,,,,,,,,,,,,,,,,,0.05000000000000001,8.498374721940739e-18,200.0,0.0,10.003398895263672,1.0571480042819346,16.28182379404704,2.4319396819682653,0.04,0.02645751311064591,0.04833333333333334,0.041633319989322654,0.565975,0.007386675080846571,0.5432842008747863,0.0010205714253250487,0.565975,0.007386675080846571,0.5466666666666665,0.0130968613712514,200.0,0.0,0.0,0.0,0.0,0.0,0.0,0.0,200.0,0.0,190.33333333333334,8.32666399786453,0.33666666666666667,0.015275252316519456,0.018333333333333333,0.015275252316519468
diagnosis_controls,conditional_nll_selection,synthetic,diagnosis,conditional_max | full | circuit,,,,,,,,,,,,,,,,,,,,,,,,,,,,,,,3,"[11, 12, 13]",conditional_nll_selection,,,,,,,,,,,,,,,,,,,,,,,,,,,,,,,,,,,,,,,,,,,,,,,,,,,,,,,,,,,,,,,,,,,,,,,,,,,,,,,,,0.05000000000000001,8.498374721940739e-18,200.0,0.0,9.55523681640625,0.7698354516938648,15.596669514973959,3.007891551388009,0.041666666666666664,0.02254624876411447,0.12666666666666668,0.05131601439446884,0.65125,0.009378299419404336,0.6522351797908921,0.01344533593124462,0.65125,0.009378299419404336,0.63625,0.01964529205687712,200.0,0.0,0.0,0.0,0.0,0.0,0.0,0.0,200.0,0.0,174.66666666666666,10.263202878893768,0.4366666666666667,0.022546248764114492,0.09333333333333332,0.024664414311581236
diagnosis_controls,conditional_nll_selection,synthetic,diagnosis,relational_max | full | circuit,,,,,,,,,,,,,,,,,,,,,,,,,,,,,,,3,"[11, 12, 13]",conditional_nll_selection,,,,,,,,,,,,,,,,,,,,,,,,,,,,,,,,,,,,,,,,,,,,,,,,,,,,,,,,,,,,,,,,,,,,,,,,,,,,,,,,,0.05000000000000001,8.498374721940739e-18,200.0,0.0,1.8044824600219727,0.16599523444783537,7.36329968770345,0.747288339457979,0.07500000000000001,0.056789083458002744,0.32833333333333337,0.06251666444503687,0.7179500000000001,0.022479056224628268,0.7466774830686832,0.011218015384643017,0.7179500000000001,0.022479056224628268,0.7040277777777778,0.0188990985479711,200.0,0.0,0.0,0.0,0.0,0.0,0.0,0.0,200.0,0.0,134.33333333333334,12.503332889007368,0.5233333333333333,0.038188130791298645,0.26499999999999996,0.04330127018922194
diagnosis_controls,conditional_nll_selection,synthetic,diagnosis,query full | known_law_oracle,,,,,,,,,,,,,,,,,,,,,,,,,,,,,,,3,"[11, 12, 13]",conditional_nll_selection,,,,,,,,,,,0.0,0.0,0.0016527083316759672,3.4563423517495875e-05,0.0015371113319512613,0.00011690445513650027,400.0,0.0,4.0,0.0,4.0,0.0,4.0,0.0,5.0,0.0,0.0,0.0,0.0,0.0,1.0,0.0,0.0,0.0,0.0,0.0,0.0,0.0,1600.0,0.0,0.0,0.0,7.458060888417314,0.25529820977805073,7.487742644178159,0.25596136975985045,4.29311638370771,0.41949207003236205,1.7165980586251164,0.2537650127276923,15.199188680483672,0.48829298369248797,,,,,,,,,,,,,,,,,,,,,,,,,,,,,,,,,,,,,,,,,,,,,,,,,,,,,,,,,,,,,,,,
diagnosis_controls,conditional_nll_selection,synthetic,diagnosis,known-law error full | known_law_oracle,,,,,,,,,,,,,,,,,,,,,,,,,,,,,,,3,"[11, 12, 13]",conditional_nll_selection,,,,,,,,,,,,,,,,,,,,,,,,,,,,,,,,,,,,,,,,,,,,,,,,,,,,,0.0,0.0,0.0,0.0,0.0,0.0,1.0,1.5700924586837752e-16,0.0,0.0,0.0,0.0,0.0,0.0,1.0,7.850462293418876e-17,0.0,0.0,0.0,0.0,0.0,0.0,0.9999999999999999,1.1102230246251565e-16,0.0,0.0,0.0,0.0,,,,,,,,,,,,,,,,,,,,,,,,,,,,,,,,,,,,
diagnosis_controls,conditional_nll_selection,synthetic,diagnosis,joint | full | known_law_oracle,,,,,,,,,,,,,,,,,,,,,,,,,,,,,,,3,"[11, 12, 13]",conditional_nll_selection,,,,,,,,,,,,,,,,,,,,,,,,,,,,,,,,,,,,,,,,,,,,,,,,,,,,,,,,,,,,,,,,,,,,,,,,,,,,,,,,,0.05000000000000001,8.498374721940739e-18,200.0,0.0,17.91450230193044,0.8029985958891804,63.27637329993559,16.883520915475263,0.06166666666666667,0.03752776749732568,0.6849999999999999,0.03499999999999997,0.888475,0.0024337471109381866,0.9132739110151573,0.001032124340263655,0.888475,0.0024337471109381866,0.938888888888889,0.004455281925651481,200.0,0.0,0.0,0.0,0.0,0.0,0.0,0.0,200.0,0.0,63.0,7.0,0.8916666666666667,0.012583057392117928,0.6633333333333334,0.028867513459481315
diagnosis_controls,conditional_nll_selection,synthetic,diagnosis,independent | full | known_law_oracle,,,,,,,,,,,,,,,,,,,,,,,,,,,,,,,3,"[11, 12, 13]",conditional_nll_selection,,,,,,,,,,,,,,,,,,,,,,,,,,,,,,,,,,,,,,,,,,,,,,,,,,,,,,,,,,,,,,,,,,,,,,,,,,,,,,,,,0.05000000000000001,8.498374721940739e-18,200.0,0.0,30.394810637944857,1.7456559266015603,37.673969515783064,12.89465205486235,0.05000000000000001,0.03,0.03333333333333333,0.020816659994661327,0.5234166666666666,0.004127070187594757,0.4953227809589944,0.004301656105251656,0.5234166666666666,0.004127070187594757,0.5505555555555555,0.020165690977315714,200.0,0.0,0.0,0.0,0.0,0.0,0.0,0.0,200.0,0.0,193.33333333333334,4.163331998932265,0.34,0.027838821814150105,0.0033333333333333335,0.002886751345948129
diagnosis_controls,conditional_nll_selection,synthetic,diagnosis,marginal_max | full | known_law_oracle,,,,,,,,,,,,,,,,,,,,,,,,,,,,,,,3,"[11, 12, 13]",conditional_nll_selection,,,,,,,,,,,,,,,,,,,,,,,,,,,,,,,,,,,,,,,,,,,,,,,,,,,,,,,,,,,,,,,,,,,,,,,,,,,,,,,,,0.05000000000000001,8.498374721940739e-18,200.0,0.0,9.192884101667678,0.7963954592303953,11.261155906764195,2.2620011769434365,0.055,0.030000000000000002,0.06666666666666667,0.05131601439446884,0.5722833333333334,0.003110122920936335,0.5452595549502569,0.009046311259488038,0.5722833333333334,0.003110122920936335,0.5505555555555555,0.020165690977315714,200.0,0.0,0.0,0.0,0.0,0.0,0.0,0.0,200.0,0.0,186.66666666666666,10.263202878893768,0.34,0.027838821814150105,0.021666666666666667,0.018929694486000914
diagnosis_controls,conditional_nll_selection,synthetic,diagnosis,conditional_max | full | known_law_oracle,,,,,,,,,,,,,,,,,,,,,,,,,,,,,,,3,"[11, 12, 13]",conditional_nll_selection,,,,,,,,,,,,,,,,,,,,,,,,,,,,,,,,,,,,,,,,,,,,,,,,,,,,,,,,,,,,,,,,,,,,,,,,,,,,,,,,,0.05000000000000001,8.498374721940739e-18,200.0,0.0,6.570335063123905,0.3806081608724651,56.5530306920135,14.130245034599612,0.055,0.013228756555322957,0.7683333333333332,0.02466441431158126,0.9254000000000001,0.00731368580129059,0.9409425870159445,0.006300026681139945,0.9254000000000001,0.00731368580129059,0.938888888888889,0.004455281925651481,200.0,0.0,0.0,0.0,0.0,0.0,0.0,0.0,200.0,0.0,46.333333333333336,4.932882862316248,0.8916666666666667,0.012583057392117928,0.745,0.02291287847477922
diagnosis_controls,conditional_nll_selection,synthetic,diagnosis,relational_max | full | known_law_oracle,,,,,,,,,,,,,,,,,,,,,,,,,,,,,,,3,"[11, 12, 13]",conditional_nll_selection,,,,,,,,,,,,,,,,,,,,,,,,,,,,,,,,,,,,,,,,,,,,,,,,,,,,,,,,,,,,,,,,,,,,,,,,,,,,,,,,,0.05000000000000001,8.498374721940739e-18,200.0,0.0,1.607312492223131,0.46954375487359784,58.44267898830007,15.161917675638659,0.05000000000000001,0.020000000000000004,0.7966666666666667,0.057951128835712365,0.9431249999999999,0.012824561396008816,0.9551837990249066,0.009499754655342517,0.9431249999999999,0.012824561396008816,0.9362499999999999,0.010316182002616494,200.0,0.0,0.0,0.0,0.0,0.0,0.0,0.0,200.0,0.0,40.666666666666664,11.590225767142474,0.8883333333333333,0.023094010767585053,0.7733333333333333,0.060069404303133664
diagnosis_controls,conditional_nll_selection,synthetic,diagnosis,query random1:0 | circuit,,,,,,,,,,,,,,,,,,,,,,,,,,,,,,,3,"[11, 12, 13]",conditional_nll_selection,,,,,,,,,,,3.337860107421875e-06,4.76837158203125e-07,0.0067560416682681534,0.00022044879938582846,0.004182721998707469,2.95528118996672e-05,400.0,0.0,3.0,0.0,3.0,0.0,3.0,0.0,3.0,0.0,450.0,0.0,16.0,0.0,1.0,0.0,0.0066816666666666665,0.00021773914056350417,180000.0,0.0,12800.0,0.0,1600.0,0.0,25600.0,0.0,0.6239635547002157,0.05850985607587745,0.9833569725354513,0.023366372505241803,0.9582450787226359,0.07177567981645083,-1.1309476892153423,0.25435628671787264,1.897192080815633,0.08697347457005604,,,,,,,,,,,,,,,,,,,,,,,,,,,,,,,,,,,,,,,,,,,,,,,,,,,,,,,,,,,,,,,,
diagnosis_controls,conditional_nll_selection,synthetic,diagnosis,known-law error random1:0 | circuit,,,,,,,,,,,,,,,,,,,,,,,,,,,,,,,3,"[11, 12, 13]",conditional_nll_selection,,,,,,,,,,,,,,,,,,,,,,,,,,,,,,,,,,,,,,,,,,,,,,,,,,,,,2.3109743607582054,0.08340147426068545,2.4640787612698243,0.06227099901248928,13.736654187730272,5.005938667547135,0.3149087756809465,0.07099060064510815,0.11596730591057253,0.013316612544432005,0.3822139481937929,0.02217271290352378,4.362627096748309,2.80071214847252,0.9410400129402486,0.0053890821092463905,2.1950070540529043,0.07009006406909496,2.3612708323360496,0.04362339076444595,10.616053384062244,2.506283108433592,0.3163971633921289,0.0576989932797382,-4.351255310359872,0.1718569795719567,4.417728459674383,0.13558910629719587,,,,,,,,,,,,,,,,,,,,,,,,,,,,,,,,,,,,
diagnosis_controls,conditional_nll_selection,synthetic,diagnosis,joint | random1:0 | circuit,,,,,,,,,,,,,,,,,,,,,,,,,,,,,,,3,"[11, 12, 13]",conditional_nll_selection,,,,,,,,,,,,,,,,,,,,,,,,,,,,,,,,,,,,,,,,,,,,,,,,,,,,,,,,,,,,,,,,,,,,,,,,,,,,,,,,,0.05000000000000001,8.498374721940739e-18,200.0,0.0,22.40933354695638,2.17217237778459,34.097391764322914,13.836633273612383,0.05666666666666667,0.05575242894559243,0.05666666666666667,0.05575242894559243,0.5,0.0,0.5,0.0,0.5,0.0,,,0.0,0.0,200.0,0.0,0.0,0.0,0.0,0.0,0.0,0.0,0.0,0.0,,,0.0,0.0
diagnosis_controls,conditional_nll_selection,synthetic,diagnosis,independent | random1:0 | circuit,,,,,,,,,,,,,,,,,,,,,,,,,,,,,,,3,"[11, 12, 13]",conditional_nll_selection,,,,,,,,,,,,,,,,,,,,,,,,,,,,,,,,,,,,,,,,,,,,,,,,,,,,,,,,,,,,,,,,,,,,,,,,,,,,,,,,,0.05000000000000001,8.498374721940739e-18,200.0,0.0,23.974899291992188,2.085304406115566,35.34588750203451,13.397745056030491,0.045000000000000005,0.035,0.045000000000000005,0.035,0.5,0.0,0.5,0.0,0.5,0.0,,,0.0,0.0,200.0,0.0,0.0,0.0,0.0,0.0,0.0,0.0,0.0,0.0,,,0.0,0.0
diagnosis_controls,conditional_nll_selection,synthetic,diagnosis,marginal_max | random1:0 | circuit,,,,,,,,,,,,,,,,,,,,,,,,,,,,,,,3,"[11, 12, 13]",conditional_nll_selection,,,,,,,,,,,,,,,,,,,,,,,,,,,,,,,,,,,,,,,,,,,,,,,,,,,,,,,,,,,,,,,,,,,,,,,,,,,,,,,,,0.05000000000000001,8.498374721940739e-18,200.0,0.0,9.416388829549154,0.8784465228127496,14.44231128692627,5.304904594837995,0.04666666666666667,0.02753785273643051,0.04666666666666667,0.02753785273643051,0.5,0.0,0.5,0.0,0.5,0.0,,,0.0,0.0,200.0,0.0,0.0,0.0,0.0,0.0,0.0,0.0,0.0,0.0,,,0.0,0.0
diagnosis_controls,conditional_nll_selection,synthetic,diagnosis,conditional_max | random1:0 | circuit,,,,,,,,,,,,,,,,,,,,,,,,,,,,,,,3,"[11, 12, 13]",conditional_nll_selection,,,,,,,,,,,,,,,,,,,,,,,,,,,,,,,,,,,,,,,,,,,,,,,,,,,,,,,,,,,,,,,,,,,,,,,,,,,,,,,,,0.05000000000000001,8.498374721940739e-18,200.0,0.0,9.070843060811361,0.9971623433722014,13.894229729970297,5.714646130085058,0.04833333333333333,0.038188130791298666,0.04833333333333333,0.038188130791298666,0.5,0.0,0.5,0.0,0.5,0.0,,,0.0,0.0,200.0,0.0,0.0,0.0,0.0,0.0,0.0,0.0,0.0,0.0,,,0.0,0.0
diagnosis_controls,conditional_nll_selection,synthetic,diagnosis,relational_max | random1:0 | circuit,,,,,,,,,,,,,,,,,,,,,,,,,,,,,,,3,"[11, 12, 13]",conditional_nll_selection,,,,,,,,,,,,,,,,,,,,,,,,,,,,,,,,,,,,,,,,,,,,,,,,,,,,,,,,,,,,,,,,,,,,,,,,,,,,,,,,,0.05000000000000001,8.498374721940739e-18,200.0,0.0,1.3479715983072917,0.04339116413195609,3.838251749674479,0.4588552925190345,0.06666666666666667,0.024664414311581236,0.06666666666666667,0.024664414311581236,0.5,0.0,0.5,0.0,0.5,0.0,,,0.0,0.0,200.0,0.0,0.0,0.0,0.0,0.0,0.0,0.0,0.0,0.0,,,0.0,0.0
diagnosis_controls,conditional_nll_selection,synthetic,diagnosis,query random1:0 | known_law_oracle,,,,,,,,,,,,,,,,,,,,,,,,,,,,,,,3,"[11, 12, 13]",conditional_nll_selection,,,,,,,,,,,0.0,0.0,0.0012326666656008456,9.138434808339618e-06,0.0011433056667253065,3.8192823602762124e-05,400.0,0.0,3.0,0.0,3.0,0.0,3.0,0.0,4.0,0.0,0.0,0.0,0.0,0.0,1.0,0.0,0.0,0.0,0.0,0.0,0.0,0.0,1600.0,0.0,0.0,0.0,4.627316966401856,0.16307299118556964,4.712017089467656,0.11676318793947561,3.026830896452991,0.2586339937212524,0.4658740226593728,0.3384785170764952,9.77032003486938,0.6432838298811988,,,,,,,,,,,,,,,,,,,,,,,,,,,,,,,,,,,,,,,,,,,,,,,,,,,,,,,,,,,,,,,,
diagnosis_controls,conditional_nll_selection,synthetic,diagnosis,known-law error random1:0 | known_law_oracle,,,,,,,,,,,,,,,,,,,,,,,,,,,,,,,3,"[11, 12, 13]",conditional_nll_selection,,,,,,,,,,,,,,,,,,,,,,,,,,,,,,,,,,,,,,,,,,,,,,,,,,,,,0.0,0.0,0.0,0.0,0.0,0.0,1.0,1.1102230246251565e-16,0.0,0.0,0.0,0.0,0.0,0.0,1.0,0.0,0.0,0.0,0.0,0.0,0.0,0.0,1.0,0.0,0.0,0.0,0.0,0.0,,,,,,,,,,,,,,,,,,,,,,,,,,,,,,,,,,,,
diagnosis_controls,conditional_nll_selection,synthetic,diagnosis,joint | random1:0 | known_law_oracle,,,,,,,,,,,,,,,,,,,,,,,,,,,,,,,3,"[11, 12, 13]",conditional_nll_selection,,,,,,,,,,,,,,,,,,,,,,,,,,,,,,,,,,,,,,,,,,,,,,,,,,,,,,,,,,,,,,,,,,,,,,,,,,,,,,,,,0.05000000000000001,8.498374721940739e-18,200.0,0.0,14.935343620961225,0.6200248163381805,13.974248921396907,2.140536873776643,0.056666666666666664,0.02254624876411447,0.056666666666666664,0.02254624876411447,0.5,0.0,0.5,0.0,0.5,0.0,,,0.0,0.0,200.0,0.0,0.0,0.0,0.0,0.0,0.0,0.0,0.0,0.0,,,0.0,0.0
diagnosis_controls,conditional_nll_selection,synthetic,diagnosis,independent | random1:0 | known_law_oracle,,,,,,,,,,,,,,,,,,,,,,,,,,,,,,,3,"[11, 12, 13]",conditional_nll_selection,,,,,,,,,,,,,,,,,,,,,,,,,,,,,,,,,,,,,,,,,,,,,,,,,,,,,,,,,,,,,,,,,,,,,,,,,,,,,,,,,0.05000000000000001,8.498374721940739e-18,200.0,0.0,23.064225268769338,1.4580430040976473,29.455796539991923,8.71210378294894,0.049999999999999996,0.04272001872658766,0.049999999999999996,0.04272001872658766,0.5,0.0,0.5,0.0,0.5,0.0,,,0.0,0.0,200.0,0.0,0.0,0.0,0.0,0.0,0.0,0.0,0.0,0.0,,,0.0,0.0
diagnosis_controls,conditional_nll_selection,synthetic,diagnosis,marginal_max | random1:0 | known_law_oracle,,,,,,,,,,,,,,,,,,,,,,,,,,,,,,,3,"[11, 12, 13]",conditional_nll_selection,,,,,,,,,,,,,,,,,,,,,,,,,,,,,,,,,,,,,,,,,,,,,,,,,,,,,,,,,,,,,,,,,,,,,,,,,,,,,,,,,0.05000000000000001,8.498374721940739e-18,200.0,0.0,8.867459059957293,0.8315980696454699,10.961353536093142,2.848882890820819,0.06333333333333334,0.04856267428111155,0.06333333333333334,0.04856267428111155,0.5,0.0,0.5,0.0,0.5,0.0,,,0.0,0.0,200.0,0.0,0.0,0.0,0.0,0.0,0.0,0.0,0.0,0.0,,,0.0,0.0
diagnosis_controls,conditional_nll_selection,synthetic,diagnosis,conditional_max | random1:0 | known_law_oracle,,,,,,,,,,,,,,,,,,,,,,,,,,,,,,,3,"[11, 12, 13]",conditional_nll_selection,,,,,,,,,,,,,,,,,,,,,,,,,,,,,,,,,,,,,,,,,,,,,,,,,,,,,,,,,,,,,,,,,,,,,,,,,,,,,,,,,0.05000000000000001,8.498374721940739e-18,200.0,0.0,6.471471241677171,0.48829282531222534,8.361070651078274,1.3635006876038969,0.045000000000000005,0.013228756555322954,0.045000000000000005,0.013228756555322954,0.5,0.0,0.5,0.0,0.5,0.0,,,0.0,0.0,200.0,0.0,0.0,0.0,0.0,0.0,0.0,0.0,0.0,0.0,,,0.0,0.0
diagnosis_controls,conditional_nll_selection,synthetic,diagnosis,relational_max | random1:0 | known_law_oracle,,,,,,,,,,,,,,,,,,,,,,,,,,,,,,,3,"[11, 12, 13]",conditional_nll_selection,,,,,,,,,,,,,,,,,,,,,,,,,,,,,,,,,,,,,,,,,,,,,,,,,,,,,,,,,,,,,,,,,,,,,,,,,,,,,,,,,0.05000000000000001,8.498374721940739e-18,200.0,0.0,1.4754989400425194,0.4936331413940235,13.103990108532907,2.5043772474858463,0.05000000000000001,0.020000000000000004,0.05000000000000001,0.020000000000000004,0.5,0.0,0.5,0.0,0.5,0.0,,,0.0,0.0,200.0,0.0,0.0,0.0,0.0,0.0,0.0,0.0,0.0,0.0,,,0.0,0.0
diagnosis_controls,conditional_nll_selection,synthetic,diagnosis,query random2:1-2 | circuit,,,,,,,,,,,,,,,,,,,,,,,,,,,,,,,3,"[11, 12, 13]",conditional_nll_selection,,,,,,,,,,,1.9073486328125e-06,0.0,0.006581680332601536,0.0001993811779726874,0.004229235998839916,0.0001785535345013653,400.0,0.0,2.0,0.0,2.0,0.0,2.0,0.0,3.0,0.0,450.0,0.0,16.0,0.0,1.0,0.0,0.006504666666666666,0.00019657144587486116,180000.0,0.0,12800.0,0.0,1600.0,0.0,25600.0,0.0,0.3046410183111827,0.044866490985196676,0.5363969206809998,0.0979347486997375,0.5525323748588562,0.16382112679279023,-0.7505096892515818,0.35981359602714713,1.016057550907135,0.38528800131153984,,,,,,,,,,,,,,,,,,,,,,,,,,,,,,,,,,,,,,,,,,,,,,,,,,,,,,,,,,,,,,,,
diagnosis_controls,conditional_nll_selection,synthetic,diagnosis,known-law error random2:1-2 | circuit,,,,,,,,,,,,,,,,,,,,,,,,,,,,,,,3,"[11, 12, 13]",conditional_nll_selection,,,,,,,,,,,,,,,,,,,,,,,,,,,,,,,,,,,,,,,,,,,,,,,,,,,,,-1.2499632096607607,0.2361569818955217,3.526954965975951,0.3022105005420622,26.191560929598552,7.516320000578152,0.5688625076252029,0.05328754640263457,0.13001211312480818,0.019458057927966416,0.38562869195695787,0.038768113260467606,4.139601794444425,1.454444413140796,0.9449799603806616,0.002943280821802743,-1.379975316825104,0.24970132655047314,3.50488411459292,0.30058625757021223,26.28509326742238,7.320772201182923,0.5162933897194565,0.08500875015279755,1.1199511315040107,0.22348765468314197,3.55358983654352,0.3117992358619359,,,,,,,,,,,,,,,,,,,,,,,,,,,,,,,,,,,,
diagnosis_controls,conditional_nll_selection,synthetic,diagnosis,joint | random2:1-2 | circuit,,,,,,,,,,,,,,,,,,,,,,,,,,,,,,,3,"[11, 12, 13]",conditional_nll_selection,,,,,,,,,,,,,,,,,,,,,,,,,,,,,,,,,,,,,,,,,,,,,,,,,,,,,,,,,,,,,,,,,,,,,,,,,,,,,,,,,0.05000000000000001,8.498374721940739e-18,200.0,0.0,14.957667350769043,0.7849490736396388,22.428335189819336,4.093926447496108,0.07,0.019999999999999997,0.08833333333333333,0.02254624876411447,0.5949666666666666,0.014374768114071743,0.5669013536309908,0.015089798485827125,0.5949666666666666,0.014374768114071743,0.7416666666666667,0.01233220715579061,200.0,0.0,0.0,0.0,0.0,0.0,0.0,0.0,200.0,0.0,182.33333333333334,4.509249752822894,0.4833333333333334,0.02466441431158123,0.04666666666666667,0.01892969448600091
diagnosis_controls,conditional_nll_selection,synthetic,diagnosis,independent | random2:1-2 | circuit,,,,,,,,,,,,,,,,,,,,,,,,,,,,,,,3,"[11, 12, 13]",conditional_nll_selection,,,,,,,,,,,,,,,,,,,,,,,,,,,,,,,,,,,,,,,,,,,,,,,,,,,,,,,,,,,,,,,,,,,,,,,,,,,,,,,,,0.05000000000000001,8.498374721940739e-18,200.0,0.0,15.488810221354166,1.120697103056019,23.191926956176758,3.8351677513621967,0.07166666666666667,0.030550504633038933,0.043333333333333335,0.029297326385411576,0.524625,0.007148295251316937,0.49627237048348166,0.0019927466552659267,0.524625,0.007148295251316937,0.7416666666666667,0.01233220715579061,200.0,0.0,0.0,0.0,0.0,0.0,0.0,0.0,200.0,0.0,191.33333333333334,5.859465277082315,0.4833333333333334,0.02466441431158123,0.028333333333333332,0.020816659994661327
diagnosis_controls,conditional_nll_selection,synthetic,diagnosis,marginal_max | random2:1-2 | circuit,,,,,,,,,,,,,,,,,,,,,,,,,,,,,,,3,"[11, 12, 13]",conditional_nll_selection,,,,,,,,,,,,,,,,,,,,,,,,,,,,,,,,,,,,,,,,,,,,,,,,,,,,,,,,,,,,,,,,,,,,,,,,,,,,,,,,,0.05000000000000001,8.498374721940739e-18,200.0,0.0,8.70305347442627,0.5568907052126719,13.88108762105306,2.250375340196488,0.065,0.013228756555322956,0.07500000000000001,0.02783882181415011,0.5608458333333334,0.016019306385837463,0.5404315663275113,0.008248145564463445,0.5608458333333334,0.016019306385837463,0.7416666666666667,0.01233220715579061,200.0,0.0,0.0,0.0,0.0,0.0,0.0,0.0,200.0,0.0,185.0,5.5677643628300215,0.4833333333333334,0.02466441431158123,0.04,0.010000000000000002
diagnosis_controls,conditional_nll_selection,synthetic,diagnosis,conditional_max | random2:1-2 | circuit,,,,,,,,,,,,,,,,,,,,,,,,,,,,,,,3,"[11, 12, 13]",conditional_nll_selection,,,,,,,,,,,,,,,,,,,,,,,,,,,,,,,,,,,,,,,,,,,,,,,,,,,,,,,,,,,,,,,,,,,,,,,,,,,,,,,,,0.05000000000000001,8.498374721940739e-18,200.0,0.0,8.299259503682455,0.23067184506495542,13.974860509236654,2.185267603902032,0.06166666666666667,0.002886751345948131,0.19499999999999998,0.022912878474779203,0.6471916666666666,0.021440445618814273,0.6478517238691547,0.02735935218568662,0.6471916666666666,0.021440445618814273,0.7416666666666667,0.01233220715579061,200.0,0.0,0.0,0.0,0.0,0.0,0.0,0.0,200.0,0.0,161.0,4.58257569495584,0.4833333333333334,0.02466441431158123,0.09666666666666668,0.017559422921421233
diagnosis_controls,conditional_nll_selection,synthetic,diagnosis,relational_max | random2:1-2 | circuit,,,,,,,,,,,,,,,,,,,,,,,,,,,,,,,3,"[11, 12, 13]",conditional_nll_selection,,,,,,,,,,,,,,,,,,,,,,,,,,,,,,,,,,,,,,,,,,,,,,,,,,,,,,,,,,,,,,,,,,,,,,,,,,,,,,,,,0.05000000000000001,8.498374721940739e-18,200.0,0.0,0.7682731946309408,0.17777675849115443,5.515056610107422,1.268084133164554,0.04833333333333333,0.030550504633038933,0.29666666666666663,0.07285830998131464,0.707125,0.03320516714308183,0.7413274905496389,0.021078725702129333,0.707125,0.03320516714308183,0.6,0.04548351349665063,200.0,0.0,0.0,0.0,0.0,0.0,200.0,0.0,0.0,0.0,0.0,0.0,,,0.0,0.0
diagnosis_controls,conditional_nll_selection,synthetic,diagnosis,query random2:1-2 | known_law_oracle,,,,,,,,,,,,,,,,,,,,,,,,,,,,,,,3,"[11, 12, 13]",conditional_nll_selection,,,,,,,,,,,0.0,0.0,0.0009239583329569238,7.001216959080031e-05,0.0009367776668417113,0.00020620394900049358,400.0,0.0,2.0,0.0,2.0,0.0,2.0,0.0,3.0,0.0,0.0,0.0,0.0,0.0,1.0,0.0,0.0,0.0,0.0,0.0,0.0,0.0,1600.0,0.0,0.0,0.0,2.096357563588452,0.09964891895981108,2.26804549120613,0.10914603308982343,1.6751941333155622,0.08785377155676298,-0.6576425075661821,0.10805273258978587,4.734415882802904,0.050446721985513074,,,,,,,,,,,,,,,,,,,,,,,,,,,,,,,,,,,,,,,,,,,,,,,,,,,,,,,,,,,,,,,,
diagnosis_controls,conditional_nll_selection,synthetic,diagnosis,known-law error random2:1-2 | known_law_oracle,,,,,,,,,,,,,,,,,,,,,,,,,,,,,,,3,"[11, 12, 13]",conditional_nll_selection,,,,,,,,,,,,,,,,,,,,,,,,,,,,,,,,,,,,,,,,,,,,,,,,,,,,,0.0,0.0,0.0,0.0,0.0,0.0,1.0,1.1102230246251565e-16,0.0,0.0,0.0,0.0,0.0,0.0,1.0,0.0,0.0,0.0,0.0,0.0,0.0,0.0,0.9999999999999999,1.1102230246251565e-16,0.0,0.0,0.0,0.0,,,,,,,,,,,,,,,,,,,,,,,,,,,,,,,,,,,,
diagnosis_controls,conditional_nll_selection,synthetic,diagnosis,joint | random2:1-2 | known_law_oracle,,,,,,,,,,,,,,,,,,,,,,,,,,,,,,,3,"[11, 12, 13]",conditional_nll_selection,,,,,,,,,,,,,,,,,,,,,,,,,,,,,,,,,,,,,,,,,,,,,,,,,,,,,,,,,,,,,,,,,,,,,,,,,,,,,,,,,0.05000000000000001,8.498374721940739e-18,200.0,0.0,11.544140844757928,0.29233015485814934,39.95401375908924,9.089835744996352,0.06833333333333334,0.01527525231651947,0.6133333333333333,0.033291640592397,0.8479749999999999,0.01524223162794738,0.879711434295874,0.008830852631302356,0.8479749999999999,0.01524223162794738,0.7391666666666667,0.015275252316519432,200.0,0.0,0.0,0.0,0.0,0.0,0.0,0.0,200.0,0.0,77.33333333333333,6.6583281184793925,0.47833333333333333,0.03055050463303893,0.3,0.03905124837953324
diagnosis_controls,conditional_nll_selection,synthetic,diagnosis,independent | random2:1-2 | known_law_oracle,,,,,,,,,,,,,,,,,,,,,,,,,,,,,,,3,"[11, 12, 13]",conditional_nll_selection,,,,,,,,,,,,,,,,,,,,,,,,,,,,,,,,,,,,,,,,,,,,,,,,,,,,,,,,,,,,,,,,,,,,,,,,,,,,,,,,,0.05000000000000001,8.498374721940739e-18,200.0,0.0,15.234903123055595,1.053006601916033,19.411344127833306,5.751342606435359,0.06166666666666667,0.03883726732577014,0.03833333333333333,0.02753785273643051,0.5248166666666666,0.0021939310229205926,0.49429167426924797,0.008234105479264342,0.5248166666666666,0.0021939310229205926,0.7391666666666667,0.015275252316519432,200.0,0.0,0.0,0.0,0.0,0.0,0.0,0.0,200.0,0.0,192.33333333333334,5.507570547286101,0.47833333333333333,0.03055050463303893,0.02,0.013228756555322952
diagnosis_controls,conditional_nll_selection,synthetic,diagnosis,marginal_max | random2:1-2 | known_law_oracle,,,,,,,,,,,,,,,,,,,,,,,,,,,,,,,3,"[11, 12, 13]",conditional_nll_selection,,,,,,,,,,,,,,,,,,,,,,,,,,,,,,,,,,,,,,,,,,,,,,,,,,,,,,,,,,,,,,,,,,,,,,,,,,,,,,,,,0.05000000000000001,8.498374721940739e-18,200.0,0.0,8.43466565713213,0.25999754209780307,10.425368004129288,2.5450730587845736,0.06333333333333334,0.011547005383792516,0.07333333333333333,0.03329164059239696,0.56655,0.011713393775930205,0.5462341318002347,0.004067795251284844,0.56655,0.011713393775930205,0.7391666666666667,0.015275252316519432,200.0,0.0,0.0,0.0,0.0,0.0,0.0,0.0,200.0,0.0,185.33333333333334,6.6583281184793925,0.47833333333333333,0.03055050463303893,0.034999999999999996,0.013228756555322952
diagnosis_controls,conditional_nll_selection,synthetic,diagnosis,conditional_max | random2:1-2 | known_law_oracle,,,,,,,,,,,,,,,,,,,,,,,,,,,,,,,3,"[11, 12, 13]",conditional_nll_selection,,,,,,,,,,,,,,,,,,,,,,,,,,,,,,,,,,,,,,,,,,,,,,,,,,,,,,,,,,,,,,,,,,,,,,,,,,,,,,,,,0.05000000000000001,8.498374721940739e-18,200.0,0.0,5.837524496781721,0.10842471013958771,37.24736777595433,9.693600535686526,0.09500000000000001,0.0050000000000000044,0.7383333333333333,0.0028867513459481316,0.8997083333333333,0.017445349189206105,0.9215935540339588,0.01225211038186652,0.8997083333333333,0.017445349189206105,0.7391666666666667,0.015275252316519432,200.0,0.0,0.0,0.0,0.0,0.0,0.0,0.0,200.0,0.0,52.333333333333336,0.5773502691896258,0.47833333333333333,0.03055050463303893,0.36166666666666664,0.02753785273643051
diagnosis_controls,conditional_nll_selection,synthetic,diagnosis,relational_max | random2:1-2 | known_law_oracle,,,,,,,,,,,,,,,,,,,,,,,,,,,,,,,3,"[11, 12, 13]",conditional_nll_selection,,,,,,,,,,,,,,,,,,,,,,,,,,,,,,,,,,,,,,,,,,,,,,,,,,,,,,,,,,,,,,,,,,,,,,,,,,,,,,,,,0.05000000000000001,8.498374721940739e-18,200.0,0.0,0.23123994314603222,0.10013022041458396,37.96105018797506,9.735287551294547,0.08166666666666667,0.01040832999733066,0.7966666666666665,0.03617089069035114,0.9314250000000001,0.014618844858606306,0.9447480208963511,0.010502674899999056,0.9314250000000001,0.014618844858606306,0.5641666666666667,0.016645820296198446,200.0,0.0,0.0,0.0,0.0,0.0,200.0,0.0,0.0,0.0,0.0,0.0,,,0.0,0.0
diagnosis_controls,conditional_nll_selection,synthetic,diagnosis,query random3:1-2-3 | circuit,,,,,,,,,,,,,,,,,,,,,,,,,,,,,,,3,"[11, 12, 13]",conditional_nll_selection,,,,,,,,,,,1.0331471761067708e-06,3.641903952722422e-07,0.006486805332921601,0.00014940274056205165,0.004201416999421781,0.0001811372019901449,400.0,0.0,1.0,0.0,1.0,0.0,1.0,0.0,3.0,0.0,450.0,0.0,16.0,0.0,1.0,0.0,0.006412333333333333,0.00014655146991188257,180000.0,0.0,12800.0,0.0,1600.0,0.0,25600.0,0.0,2.423922248103357e-08,2.0312274544194748e-08,2.3563703166473715e-07,2.8117562159615335e-08,3.5969142686553823e-07,2.9851753784176385e-08,-4.76837158203125e-07,0.0,4.76837158203125e-07,0.0,,,,,,,,,,,,,,,,,,,,,,,,,,,,,,,,,,,,,,,,,,,,,,,,,,,,,,,,,,,,,,,,
diagnosis_controls,conditional_nll_selection,synthetic,diagnosis,known-law error random3:1-2-3 | circuit,,,,,,,,,,,,,,,,,,,,,,,,,,,,,,,3,"[11, 12, 13]",conditional_nll_selection,,,,,,,,,,,,,,,,,,,,,,,,,,,,,,,,,,,,,,,,,,,,,,,,,,,,,0.13636167678922437,0.028096688368594414,0.35834647680618614,0.02728677326013845,4.139601794444425,1.454444413140796,0.9507917430026837,0.006036086123489384,0.13636167678922437,0.028096688368594414,0.35834647680618614,0.02728677326013845,4.139601794444425,1.454444413140796,0.9507917430026837,0.006036086123489384,0.0,0.0,0.0,0.0,0.0,0.0,,,-0.1363616293041907,0.028096685638784948,0.3583464527656461,0.027286751208429865,,,,,,,,,,,,,,,,,,,,,,,,,,,,,,,,,,,,
diagnosis_controls,conditional_nll_selection,synthetic,diagnosis,joint | random3:1-2-3 | circuit,,,,,,,,,,,,,,,,,,,,,,,,,,,,,,,3,"[11, 12, 13]",conditional_nll_selection,,,,,,,,,,,,,,,,,,,,,,,,,,,,,,,,,,,,,,,,,,,,,,,,,,,,,,,,,,,,,,,,,,,,,,,,,,,,,,,,,0.05000000000000001,8.498374721940739e-18,200.0,0.0,7.90166695912679,0.6537378786140656,12.275425593058268,2.7712828363013866,0.07166666666666667,0.01755942292142123,0.06833333333333334,0.010408329997330665,0.4897875,0.0023520934824109406,0.4987266869698413,0.003636000305744483,0.4897875,0.0023520934824109406,,,0.0,0.0,0.0,0.0,200.0,0.0,200.0,0.0,0.0,0.0,0.0,0.0,,,0.0,0.0
diagnosis_controls,conditional_nll_selection,synthetic,diagnosis,independent | random3:1-2-3 | circuit,,,,,,,,,,,,,,,,,,,,,,,,,,,,,,,3,"[11, 12, 13]",conditional_nll_selection,,,,,,,,,,,,,,,,,,,,,,,,,,,,,,,,,,,,,,,,,,,,,,,,,,,,,,,,,,,,,,,,,,,,,,,,,,,,,,,,,0.05000000000000001,8.498374721940739e-18,200.0,0.0,7.90166711807251,0.6537385220790374,12.275424321492514,2.7712823509521503,0.07166666666666667,0.01755942292142123,0.06833333333333334,0.010408329997330665,0.4897875,0.0023520934824109406,0.4987266869698413,0.003636000305744483,0.4897875,0.0023520934824109406,,,0.0,0.0,0.0,0.0,200.0,0.0,200.0,0.0,0.0,0.0,0.0,0.0,,,0.0,0.0
diagnosis_controls,conditional_nll_selection,synthetic,diagnosis,marginal_max | random3:1-2-3 | circuit,,,,,,,,,,,,,,,,,,,,,,,,,,,,,,,3,"[11, 12, 13]",conditional_nll_selection,,,,,,,,,,,,,,,,,,,,,,,,,,,,,,,,,,,,,,,,,,,,,,,,,,,,,,,,,,,,,,,,,,,,,,,,,,,,,,,,,0.05000000000000001,8.498374721940739e-18,200.0,0.0,7.90166711807251,0.6537385220790374,12.275424321492514,2.7712823509521503,0.07166666666666667,0.01755942292142123,0.06833333333333334,0.010408329997330665,0.4897875,0.0023520934824109406,0.4987266869698413,0.003636000305744483,0.4897875,0.0023520934824109406,,,0.0,0.0,0.0,0.0,200.0,0.0,200.0,0.0,0.0,0.0,0.0,0.0,,,0.0,0.0
diagnosis_controls,conditional_nll_selection,synthetic,diagnosis,conditional_max | random3:1-2-3 | circuit,,,,,,,,,,,,,,,,,,,,,,,,,,,,,,,3,"[11, 12, 13]",conditional_nll_selection,,,,,,,,,,,,,,,,,,,,,,,,,,,,,,,,,,,,,,,,,,,,,,,,,,,,,,,,,,,,,,,,,,,,,,,,,,,,,,,,,0.05000000000000001,8.498374721940739e-18,200.0,0.0,7.90166711807251,0.6537385220790374,12.275424321492514,2.7712823509521503,0.07166666666666667,0.01755942292142123,0.06833333333333334,0.010408329997330665,0.4897875,0.0023520934824109406,0.4987266869698413,0.003636000305744483,0.4897875,0.0023520934824109406,,,0.0,0.0,0.0,0.0,200.0,0.0,200.0,0.0,0.0,0.0,0.0,0.0,,,0.0,0.0
diagnosis_controls,conditional_nll_selection,synthetic,diagnosis,relational_max | random3:1-2-3 | circuit,,,,,,,,,,,,,,,,,,,,,,,,,,,,,,,3,"[11, 12, 13]",conditional_nll_selection,,,,,,,,,,,,,,,,,,,,,,,,,,,,,,,,,,,,,,,,,,,,,,,,,,,,,,,,,,,,,,,,,,,,,,,,,,,,,,,,,0.05000000000000001,8.498374721940739e-18,200.0,0.0,0.0,0.0,0.0,0.0,0.0,0.0,0.0,0.0,0.5,0.0,0.5,0.0,0.5,0.0,,,0.0,0.0,0.0,0.0,200.0,0.0,200.0,0.0,0.0,0.0,0.0,0.0,,,0.0,0.0
diagnosis_controls,conditional_nll_selection,synthetic,diagnosis,query random3:1-2-3 | known_law_oracle,,,,,,,,,,,,,,,,,,,,,,,,,,,,,,,3,"[11, 12, 13]",conditional_nll_selection,,,,,,,,,,,0.0,0.0,0.00041563900110001367,1.80008922828764e-05,0.00039330566505668685,2.1750664900501665e-05,400.0,0.0,1.0,0.0,1.0,0.0,1.0,0.0,2.0,0.0,0.0,0.0,0.0,0.0,1.0,0.0,0.0,0.0,0.0,0.0,0.0,0.0,1600.0,0.0,0.0,0.0,0.0,0.0,0.0,0.0,0.0,0.0,0.0,0.0,0.0,0.0,,,,,,,,,,,,,,,,,,,,,,,,,,,,,,,,,,,,,,,,,,,,,,,,,,,,,,,,,,,,,,,,
diagnosis_controls,conditional_nll_selection,synthetic,diagnosis,known-law error random3:1-2-3 | known_law_oracle,,,,,,,,,,,,,,,,,,,,,,,,,,,,,,,3,"[11, 12, 13]",conditional_nll_selection,,,,,,,,,,,,,,,,,,,,,,,,,,,,,,,,,,,,,,,,,,,,,,,,,,,,,0.0,0.0,0.0,0.0,0.0,0.0,1.0,0.0,0.0,0.0,0.0,0.0,0.0,0.0,1.0,0.0,0.0,0.0,0.0,0.0,0.0,0.0,,,0.0,0.0,0.0,0.0,,,,,,,,,,,,,,,,,,,,,,,,,,,,,,,,,,,,
diagnosis_controls,conditional_nll_selection,synthetic,diagnosis,joint | random3:1-2-3 | known_law_oracle,,,,,,,,,,,,,,,,,,,,,,,,,,,,,,,3,"[11, 12, 13]",conditional_nll_selection,,,,,,,,,,,,,,,,,,,,,,,,,,,,,,,,,,,,,,,,,,,,,,,,,,,,,,,,,,,,,,,,,,,,,,,,,,,,,,,,,0.05000000000000001,8.498374721940739e-18,200.0,0.0,7.689895496961474,0.5021001950174577,10.071033718670991,2.3032659569915754,0.06333333333333334,0.020207259421636908,0.06,0.0304138126514911,0.48662500000000003,0.006084868527749771,0.4983624026561697,0.008169094318119742,0.48662500000000003,0.006084868527749771,,,0.0,0.0,0.0,0.0,200.0,0.0,200.0,0.0,0.0,0.0,0.0,0.0,,,0.0,0.0
diagnosis_controls,conditional_nll_selection,synthetic,diagnosis,independent | random3:1-2-3 | known_law_oracle,,,,,,,,,,,,,,,,,,,,,,,,,,,,,,,3,"[11, 12, 13]",conditional_nll_selection,,,,,,,,,,,,,,,,,,,,,,,,,,,,,,,,,,,,,,,,,,,,,,,,,,,,,,,,,,,,,,,,,,,,,,,,,,,,,,,,,0.05000000000000001,8.498374721940739e-18,200.0,0.0,7.689895496961474,0.5021001950174577,10.071033718670991,2.3032659569915754,0.06333333333333334,0.020207259421636908,0.06,0.0304138126514911,0.48662500000000003,0.006084868527749771,0.4983624026561697,0.008169094318119742,0.48662500000000003,0.006084868527749771,,,0.0,0.0,0.0,0.0,200.0,0.0,200.0,0.0,0.0,0.0,0.0,0.0,,,0.0,0.0
diagnosis_controls,conditional_nll_selection,synthetic,diagnosis,marginal_max | random3:1-2-3 | known_law_oracle,,,,,,,,,,,,,,,,,,,,,,,,,,,,,,,3,"[11, 12, 13]",conditional_nll_selection,,,,,,,,,,,,,,,,,,,,,,,,,,,,,,,,,,,,,,,,,,,,,,,,,,,,,,,,,,,,,,,,,,,,,,,,,,,,,,,,,0.05000000000000001,8.498374721940739e-18,200.0,0.0,7.689895496961474,0.5021001950174577,10.071033718670991,2.3032659569915754,0.06333333333333334,0.020207259421636908,0.06,0.0304138126514911,0.48662500000000003,0.006084868527749771,0.4983624026561697,0.008169094318119742,0.48662500000000003,0.006084868527749771,,,0.0,0.0,0.0,0.0,200.0,0.0,200.0,0.0,0.0,0.0,0.0,0.0,,,0.0,0.0
diagnosis_controls,conditional_nll_selection,synthetic,diagnosis,conditional_max | random3:1-2-3 | known_law_oracle,,,,,,,,,,,,,,,,,,,,,,,,,,,,,,,3,"[11, 12, 13]",conditional_nll_selection,,,,,,,,,,,,,,,,,,,,,,,,,,,,,,,,,,,,,,,,,,,,,,,,,,,,,,,,,,,,,,,,,,,,,,,,,,,,,,,,,0.05000000000000001,8.498374721940739e-18,200.0,0.0,7.689895496961474,0.5021001950174577,10.071033718670991,2.3032659569915754,0.06333333333333334,0.020207259421636908,0.06,0.0304138126514911,0.48662500000000003,0.006084868527749771,0.4983624026561697,0.008169094318119742,0.48662500000000003,0.006084868527749771,,,0.0,0.0,0.0,0.0,200.0,0.0,200.0,0.0,0.0,0.0,0.0,0.0,,,0.0,0.0
diagnosis_controls,conditional_nll_selection,synthetic,diagnosis,relational_max | random3:1-2-3 | known_law_oracle,,,,,,,,,,,,,,,,,,,,,,,,,,,,,,,3,"[11, 12, 13]",conditional_nll_selection,,,,,,,,,,,,,,,,,,,,,,,,,,,,,,,,,,,,,,,,,,,,,,,,,,,,,,,,,,,,,,,,,,,,,,,,,,,,,,,,,0.05000000000000001,8.498374721940739e-18,200.0,0.0,0.0,0.0,0.0,0.0,0.0,0.0,0.0,0.0,0.5,0.0,0.5,0.0,0.5,0.0,,,0.0,0.0,0.0,0.0,200.0,0.0,200.0,0.0,0.0,0.0,0.0,0.0,,,0.0,0.0
diagnosis_controls,conditional_nll_selection,synthetic,diagnosis,query bank0:0-1 | circuit,,,,,,,,,,,,,,,,,,,,,,,,,,,,,,,3,"[11, 12, 13]",conditional_nll_selection,,,,,,,,,,,1.986821492513021e-06,3.6419039527224225e-07,0.0065290279999317136,8.134207314266741e-05,0.004167611000108688,8.381978878496912e-05,400.0,0.0,2.0,0.0,2.0,0.0,2.0,0.0,3.0,0.0,450.0,0.0,16.0,0.0,1.0,0.0,0.006455666666666666,7.921068951431544e-05,180000.0,0.0,12800.0,0.0,1600.0,0.0,25600.0,0.0,0.2857278386751811,0.03906728635132496,0.5188321173191071,0.09267427880159827,0.5336585442225138,0.09660154660239915,-0.7688055634498596,0.10828445657620529,0.854859471321106,0.21955781986503506,,,,,,,,,,,,,,,,,,,,,,,,,,,,,,,,,,,,,,,,,,,,,,,,,,,,,,,,,,,,,,,,
diagnosis_controls,conditional_nll_selection,synthetic,diagnosis,known-law error bank0:0-1 | circuit,,,,,,,,,,,,,,,,,,,,,,,,,,,,,,,3,"[11, 12, 13]",conditional_nll_selection,,,,,,,,,,,,,,,,,,,,,,,,,,,,,,,,,,,,,,,,,,,,,,,,,,,,,1.9578524232550618,0.03385816376929027,2.1122100196557705,0.00624240528702147,12.267440597990921,3.989263717725992,0.3930743376984531,0.04697533805915817,0.12553140182322367,0.008752254985030827,0.40214271677911806,0.020219238206173894,3.970891671170643,2.1315441480080097,0.9389783986251271,0.0022658534279451628,1.83232100315308,0.030480901206172972,2.002308361528812,0.009282797587812692,9.002083110847316,1.5445624728360114,0.3410978966099623,0.03645410712564484,-2.083383880709287,0.03894681206287588,2.2206811343695203,0.009658838639261796,,,,,,,,,,,,,,,,,,,,,,,,,,,,,,,,,,,,
diagnosis_controls,conditional_nll_selection,synthetic,diagnosis,joint | bank0:0-1 | circuit,,,,,,,,,,,,,,,,,,,,,,,,,,,,,,,3,"[11, 12, 13]",conditional_nll_selection,,,,,,,,,,,,,,,,,,,,,,,,,,,,,,,,,,,,,,,,,,,,,,,,,,,,,,,,,,,,,,,,,,,,,,,,,,,,,,,,,0.05000000000000001,8.498374721940739e-18,200.0,0.0,15.618199666341146,1.6868004323599273,22.970605214436848,6.201197600581871,0.06166666666666667,0.05204164998665332,0.06166666666666667,0.05204164998665332,0.5,0.0,0.5,0.0,0.5,0.0,,,0.0,0.0,200.0,0.0,0.0,0.0,0.0,0.0,0.0,0.0,0.0,0.0,,,0.0,0.0
diagnosis_controls,conditional_nll_selection,synthetic,diagnosis,independent | bank0:0-1 | circuit,,,,,,,,,,,,,,,,,,,,,,,,,,,,,,,3,"[11, 12, 13]",conditional_nll_selection,,,,,,,,,,,,,,,,,,,,,,,,,,,,,,,,,,,,,,,,,,,,,,,,,,,,,,,,,,,,,,,,,,,,,,,,,,,,,,,,,0.05000000000000001,8.498374721940739e-18,200.0,0.0,16.141529083251953,1.692629004699639,23.286518096923828,6.322715715596332,0.05666666666666667,0.05107184482014854,0.05666666666666667,0.05107184482014854,0.5,0.0,0.5,0.0,0.5,0.0,,,0.0,0.0,200.0,0.0,0.0,0.0,0.0,0.0,0.0,0.0,0.0,0.0,,,0.0,0.0
diagnosis_controls,conditional_nll_selection,synthetic,diagnosis,marginal_max | bank0:0-1 | circuit,,,,,,,,,,,,,,,,,,,,,,,,,,,,,,,3,"[11, 12, 13]",conditional_nll_selection,,,,,,,,,,,,,,,,,,,,,,,,,,,,,,,,,,,,,,,,,,,,,,,,,,,,,,,,,,,,,,,,,,,,,,,,,,,,,,,,,0.05000000000000001,8.498374721940739e-18,200.0,0.0,9.064939181009928,0.9701570211270698,14.149819056193033,4.774253579992672,0.06,0.03774917217635375,0.06,0.03774917217635375,0.5,0.0,0.5,0.0,0.5,0.0,,,0.0,0.0,200.0,0.0,0.0,0.0,0.0,0.0,0.0,0.0,0.0,0.0,,,0.0,0.0
diagnosis_controls,conditional_nll_selection,synthetic,diagnosis,conditional_max | bank0:0-1 | circuit,,,,,,,,,,,,,,,,,,,,,,,,,,,,,,,3,"[11, 12, 13]",conditional_nll_selection,,,,,,,,,,,,,,,,,,,,,,,,,,,,,,,,,,,,,,,,,,,,,,,,,,,,,,,,,,,,,,,,,,,,,,,,,,,,,,,,,0.05000000000000001,8.498374721940739e-18,200.0,0.0,8.74583880106608,0.9544692108664473,13.921568870544434,4.62376252048516,0.055,0.031224989991991994,0.055,0.031224989991991994,0.5,0.0,0.5,0.0,0.5,0.0,,,0.0,0.0,200.0,0.0,0.0,0.0,0.0,0.0,0.0,0.0,0.0,0.0,,,0.0,0.0
diagnosis_controls,conditional_nll_selection,synthetic,diagnosis,relational_max | bank0:0-1 | circuit,,,,,,,,,,,,,,,,,,,,,,,,,,,,,,,3,"[11, 12, 13]",conditional_nll_selection,,,,,,,,,,,,,,,,,,,,,,,,,,,,,,,,,,,,,,,,,,,,,,,,,,,,,,,,,,,,,,,,,,,,,,,,,,,,,,,,,0.05000000000000001,8.498374721940739e-18,200.0,0.0,0.6191183725992838,0.2691359572102708,2.714560031890869,0.27568819028296576,0.07166666666666667,0.020207259421636897,0.07166666666666667,0.020207259421636897,0.5,0.0,0.5,0.0,0.5,0.0,,,0.0,0.0,200.0,0.0,0.0,0.0,0.0,0.0,0.0,0.0,0.0,0.0,,,0.0,0.0
diagnosis_controls,conditional_nll_selection,synthetic,diagnosis,query bank0:0-1 | known_law_oracle,,,,,,,,,,,,,,,,,,,,,,,,,,,,,,,3,"[11, 12, 13]",conditional_nll_selection,,,,,,,,,,,0.0,0.0,0.0008642363330485144,3.748267518161336e-05,0.0008146806661291824,2.8261699506046077e-05,400.0,0.0,2.0,0.0,2.0,0.0,2.0,0.0,3.0,0.0,0.0,0.0,0.0,0.0,1.0,0.0,0.0,0.0,0.0,0.0,0.0,0.0,1600.0,0.0,0.0,0.0,2.118048889511977,0.03141646701381385,2.28014607008394,0.029491370809877227,1.6978145196793875,0.13309930604048953,-0.7122084386461768,0.10227821996367469,5.087134179912623,0.3348361709035126,,,,,,,,,,,,,,,,,,,,,,,,,,,,,,,,,,,,,,,,,,,,,,,,,,,,,,,,,,,,,,,,
diagnosis_controls,conditional_nll_selection,synthetic,diagnosis,known-law error bank0:0-1 | known_law_oracle,,,,,,,,,,,,,,,,,,,,,,,,,,,,,,,3,"[11, 12, 13]",conditional_nll_selection,,,,,,,,,,,,,,,,,,,,,,,,,,,,,,,,,,,,,,,,,,,,,,,,,,,,,0.0,0.0,0.0,0.0,0.0,0.0,1.0,7.850462293418876e-17,0.0,0.0,0.0,0.0,0.0,0.0,1.0,7.850462293418876e-17,0.0,0.0,0.0,0.0,0.0,0.0,1.0,7.850462293418876e-17,0.0,0.0,0.0,0.0,,,,,,,,,,,,,,,,,,,,,,,,,,,,,,,,,,,,
diagnosis_controls,conditional_nll_selection,synthetic,diagnosis,joint | bank0:0-1 | known_law_oracle,,,,,,,,,,,,,,,,,,,,,,,,,,,,,,,3,"[11, 12, 13]",conditional_nll_selection,,,,,,,,,,,,,,,,,,,,,,,,,,,,,,,,,,,,,,,,,,,,,,,,,,,,,,,,,,,,,,,,,,,,,,,,,,,,,,,,,0.05000000000000001,8.498374721940739e-18,200.0,0.0,11.893229892798225,0.5687274688631019,12.178897972724068,2.250793680864722,0.06833333333333334,0.025658007197234416,0.06833333333333334,0.025658007197234416,0.5,0.0,0.5,0.0,0.5,0.0,,,0.0,0.0,200.0,0.0,0.0,0.0,0.0,0.0,0.0,0.0,0.0,0.0,,,0.0,0.0
diagnosis_controls,conditional_nll_selection,synthetic,diagnosis,independent | bank0:0-1 | known_law_oracle,,,,,,,,,,,,,,,,,,,,,,,,,,,,,,,3,"[11, 12, 13]",conditional_nll_selection,,,,,,,,,,,,,,,,,,,,,,,,,,,,,,,,,,,,,,,,,,,,,,,,,,,,,,,,,,,,,,,,,,,,,,,,,,,,,,,,,0.05000000000000001,8.498374721940739e-18,200.0,0.0,15.530203393921816,1.1097664954433233,19.581157822329033,4.553161015933234,0.056666666666666664,0.04752192476461084,0.056666666666666664,0.04752192476461084,0.5,0.0,0.5,0.0,0.5,0.0,,,0.0,0.0,200.0,0.0,0.0,0.0,0.0,0.0,0.0,0.0,0.0,0.0,,,0.0,0.0
diagnosis_controls,conditional_nll_selection,synthetic,diagnosis,marginal_max | bank0:0-1 | known_law_oracle,,,,,,,,,,,,,,,,,,,,,,,,,,,,,,,3,"[11, 12, 13]",conditional_nll_selection,,,,,,,,,,,,,,,,,,,,,,,,,,,,,,,,,,,,,,,,,,,,,,,,,,,,,,,,,,,,,,,,,,,,,,,,,,,,,,,,,0.05000000000000001,8.498374721940739e-18,200.0,0.0,8.50225676970686,0.8025616774679297,11.026607722604169,2.92788709015932,0.07166666666666667,0.05619905100029121,0.07166666666666667,0.05619905100029121,0.5,0.0,0.5,0.0,0.5,0.0,,,0.0,0.0,200.0,0.0,0.0,0.0,0.0,0.0,0.0,0.0,0.0,0.0,,,0.0,0.0
diagnosis_controls,conditional_nll_selection,synthetic,diagnosis,conditional_max | bank0:0-1 | known_law_oracle,,,,,,,,,,,,,,,,,,,,,,,,,,,,,,,3,"[11, 12, 13]",conditional_nll_selection,,,,,,,,,,,,,,,,,,,,,,,,,,,,,,,,,,,,,,,,,,,,,,,,,,,,,,,,,,,,,,,,,,,,,,,,,,,,,,,,,0.05000000000000001,8.498374721940739e-18,200.0,0.0,6.412057461380322,0.4208635318078273,7.401431090478628,1.076630163802171,0.055,0.02783882181415011,0.055,0.02783882181415011,0.5,0.0,0.5,0.0,0.5,0.0,,,0.0,0.0,200.0,0.0,0.0,0.0,0.0,0.0,0.0,0.0,0.0,0.0,,,0.0,0.0
diagnosis_controls,conditional_nll_selection,synthetic,diagnosis,relational_max | bank0:0-1 | known_law_oracle,,,,,,,,,,,,,,,,,,,,,,,,,,,,,,,3,"[11, 12, 13]",conditional_nll_selection,,,,,,,,,,,,,,,,,,,,,,,,,,,,,,,,,,,,,,,,,,,,,,,,,,,,,,,,,,,,,,,,,,,,,,,,,,,,,,,,,0.05000000000000001,8.498374721940739e-18,200.0,0.0,0.6755880722069408,0.3929988831887486,12.161940408549382,0.8837115701503796,0.05333333333333334,0.0202072594216369,0.05333333333333334,0.0202072594216369,0.5,0.0,0.5,0.0,0.5,0.0,,,0.0,0.0,200.0,0.0,0.0,0.0,0.0,0.0,0.0,0.0,0.0,0.0,,,0.0,0.0
diagnosis_controls,conditional_nll_selection,synthetic,diagnosis,query single_sensor_0 | circuit,,,,,,,,,,,,,,,,,,,,,,,,,,,,,,,3,"[11, 12, 13]",conditional_nll_selection,,,,,,,,,,,1.0331471761067708e-06,3.641903952722422e-07,0.006495013333430204,0.00016687894425732473,0.004164583333476912,7.568286350281713e-05,400.0,0.0,1.0,0.0,1.0,0.0,1.0,0.0,3.0,0.0,450.0,0.0,16.0,0.0,1.0,0.0,0.006421,0.00016388715629969293,180000.0,0.0,12800.0,0.0,1600.0,0.0,25600.0,0.0,2.423922248103357e-08,2.0312274544194748e-08,2.3563703166473715e-07,2.8117562159615335e-08,3.5969142686553823e-07,2.9851753784176385e-08,-4.76837158203125e-07,0.0,4.76837158203125e-07,0.0,,,,,,,,,,,,,,,,,,,,,,,,,,,,,,,,,,,,,,,,,,,,,,,,,,,,,,,,,,,,,,,,
diagnosis_controls,conditional_nll_selection,synthetic,diagnosis,known-law error single_sensor_0 | circuit,,,,,,,,,,,,,,,,,,,,,,,,,,,,,,,3,"[11, 12, 13]",conditional_nll_selection,,,,,,,,,,,,,,,,,,,,,,,,,,,,,,,,,,,,,,,,,,,,,,,,,,,,,0.13636167678922437,0.028096688368594414,0.35834647680618614,0.02728677326013845,4.139601794444425,1.454444413140796,0.9507917430026837,0.006036086123489384,0.13636167678922437,0.028096688368594414,0.35834647680618614,0.02728677326013845,4.139601794444425,1.454444413140796,0.9507917430026837,0.006036086123489384,0.0,0.0,0.0,0.0,0.0,0.0,,,-0.1363616293041907,0.028096685638784948,0.3583464527656461,0.027286751208429865,,,,,,,,,,,,,,,,,,,,,,,,,,,,,,,,,,,,
diagnosis_controls,conditional_nll_selection,synthetic,diagnosis,joint | single_sensor_0 | circuit,,,,,,,,,,,,,,,,,,,,,,,,,,,,,,,3,"[11, 12, 13]",conditional_nll_selection,,,,,,,,,,,,,,,,,,,,,,,,,,,,,,,,,,,,,,,,,,,,,,,,,,,,,,,,,,,,,,,,,,,,,,,,,,,,,,,,,0.05000000000000001,8.498374721940739e-18,200.0,0.0,7.90166695912679,0.6537378786140656,12.275425593058268,2.7712828363013866,0.07166666666666667,0.01755942292142123,0.06833333333333334,0.010408329997330665,0.4897875,0.0023520934824109406,0.4987266869698413,0.003636000305744483,0.4897875,0.0023520934824109406,,,0.0,0.0,0.0,0.0,200.0,0.0,200.0,0.0,0.0,0.0,0.0,0.0,,,0.0,0.0
diagnosis_controls,conditional_nll_selection,synthetic,diagnosis,independent | single_sensor_0 | circuit,,,,,,,,,,,,,,,,,,,,,,,,,,,,,,,3,"[11, 12, 13]",conditional_nll_selection,,,,,,,,,,,,,,,,,,,,,,,,,,,,,,,,,,,,,,,,,,,,,,,,,,,,,,,,,,,,,,,,,,,,,,,,,,,,,,,,,0.05000000000000001,8.498374721940739e-18,200.0,0.0,7.90166711807251,0.6537385220790374,12.275424321492514,2.7712823509521503,0.07166666666666667,0.01755942292142123,0.06833333333333334,0.010408329997330665,0.4897875,0.0023520934824109406,0.4987266869698413,0.003636000305744483,0.4897875,0.0023520934824109406,,,0.0,0.0,0.0,0.0,200.0,0.0,200.0,0.0,0.0,0.0,0.0,0.0,,,0.0,0.0
diagnosis_controls,conditional_nll_selection,synthetic,diagnosis,marginal_max | single_sensor_0 | circuit,,,,,,,,,,,,,,,,,,,,,,,,,,,,,,,3,"[11, 12, 13]",conditional_nll_selection,,,,,,,,,,,,,,,,,,,,,,,,,,,,,,,,,,,,,,,,,,,,,,,,,,,,,,,,,,,,,,,,,,,,,,,,,,,,,,,,,0.05000000000000001,8.498374721940739e-18,200.0,0.0,7.90166711807251,0.6537385220790374,12.275424321492514,2.7712823509521503,0.07166666666666667,0.01755942292142123,0.06833333333333334,0.010408329997330665,0.4897875,0.0023520934824109406,0.4987266869698413,0.003636000305744483,0.4897875,0.0023520934824109406,,,0.0,0.0,0.0,0.0,200.0,0.0,200.0,0.0,0.0,0.0,0.0,0.0,,,0.0,0.0
diagnosis_controls,conditional_nll_selection,synthetic,diagnosis,conditional_max | single_sensor_0 | circuit,,,,,,,,,,,,,,,,,,,,,,,,,,,,,,,3,"[11, 12, 13]",conditional_nll_selection,,,,,,,,,,,,,,,,,,,,,,,,,,,,,,,,,,,,,,,,,,,,,,,,,,,,,,,,,,,,,,,,,,,,,,,,,,,,,,,,,0.05000000000000001,8.498374721940739e-18,200.0,0.0,7.90166711807251,0.6537385220790374,12.275424321492514,2.7712823509521503,0.07166666666666667,0.01755942292142123,0.06833333333333334,0.010408329997330665,0.4897875,0.0023520934824109406,0.4987266869698413,0.003636000305744483,0.4897875,0.0023520934824109406,,,0.0,0.0,0.0,0.0,200.0,0.0,200.0,0.0,0.0,0.0,0.0,0.0,,,0.0,0.0
diagnosis_controls,conditional_nll_selection,synthetic,diagnosis,relational_max | single_sensor_0 | circuit,,,,,,,,,,,,,,,,,,,,,,,,,,,,,,,3,"[11, 12, 13]",conditional_nll_selection,,,,,,,,,,,,,,,,,,,,,,,,,,,,,,,,,,,,,,,,,,,,,,,,,,,,,,,,,,,,,,,,,,,,,,,,,,,,,,,,,0.05000000000000001,8.498374721940739e-18,200.0,0.0,0.0,0.0,0.0,0.0,0.0,0.0,0.0,0.0,0.5,0.0,0.5,0.0,0.5,0.0,,,0.0,0.0,0.0,0.0,200.0,0.0,200.0,0.0,0.0,0.0,0.0,0.0,,,0.0,0.0
diagnosis_controls,conditional_nll_selection,synthetic,diagnosis,query single_sensor_0 | known_law_oracle,,,,,,,,,,,,,,,,,,,,,,,,,,,,,,,3,"[11, 12, 13]",conditional_nll_selection,,,,,,,,,,,0.0,0.0,0.0004068190003939283,3.7052966861608558e-06,0.00038512533258957166,1.074702139410597e-05,400.0,0.0,1.0,0.0,1.0,0.0,1.0,0.0,2.0,0.0,0.0,0.0,0.0,0.0,1.0,0.0,0.0,0.0,0.0,0.0,0.0,0.0,1600.0,0.0,0.0,0.0,0.0,0.0,0.0,0.0,0.0,0.0,0.0,0.0,0.0,0.0,,,,,,,,,,,,,,,,,,,,,,,,,,,,,,,,,,,,,,,,,,,,,,,,,,,,,,,,,,,,,,,,
diagnosis_controls,conditional_nll_selection,synthetic,diagnosis,known-law error single_sensor_0 | known_law_oracle,,,,,,,,,,,,,,,,,,,,,,,,,,,,,,,3,"[11, 12, 13]",conditional_nll_selection,,,,,,,,,,,,,,,,,,,,,,,,,,,,,,,,,,,,,,,,,,,,,,,,,,,,,0.0,0.0,0.0,0.0,0.0,0.0,1.0,0.0,0.0,0.0,0.0,0.0,0.0,0.0,1.0,0.0,0.0,0.0,0.0,0.0,0.0,0.0,,,0.0,0.0,0.0,0.0,,,,,,,,,,,,,,,,,,,,,,,,,,,,,,,,,,,,
diagnosis_controls,conditional_nll_selection,synthetic,diagnosis,joint | single_sensor_0 | known_law_oracle,,,,,,,,,,,,,,,,,,,,,,,,,,,,,,,3,"[11, 12, 13]",conditional_nll_selection,,,,,,,,,,,,,,,,,,,,,,,,,,,,,,,,,,,,,,,,,,,,,,,,,,,,,,,,,,,,,,,,,,,,,,,,,,,,,,,,,0.05000000000000001,8.498374721940739e-18,200.0,0.0,7.689895496961474,0.5021001950174577,10.071033718670991,2.3032659569915754,0.06333333333333334,0.020207259421636908,0.06,0.0304138126514911,0.48662500000000003,0.006084868527749771,0.4983624026561697,0.008169094318119742,0.48662500000000003,0.006084868527749771,,,0.0,0.0,0.0,0.0,200.0,0.0,200.0,0.0,0.0,0.0,0.0,0.0,,,0.0,0.0
diagnosis_controls,conditional_nll_selection,synthetic,diagnosis,independent | single_sensor_0 | known_law_oracle,,,,,,,,,,,,,,,,,,,,,,,,,,,,,,,3,"[11, 12, 13]",conditional_nll_selection,,,,,,,,,,,,,,,,,,,,,,,,,,,,,,,,,,,,,,,,,,,,,,,,,,,,,,,,,,,,,,,,,,,,,,,,,,,,,,,,,0.05000000000000001,8.498374721940739e-18,200.0,0.0,7.689895496961474,0.5021001950174577,10.071033718670991,2.3032659569915754,0.06333333333333334,0.020207259421636908,0.06,0.0304138126514911,0.48662500000000003,0.006084868527749771,0.4983624026561697,0.008169094318119742,0.48662500000000003,0.006084868527749771,,,0.0,0.0,0.0,0.0,200.0,0.0,200.0,0.0,0.0,0.0,0.0,0.0,,,0.0,0.0
diagnosis_controls,conditional_nll_selection,synthetic,diagnosis,marginal_max | single_sensor_0 | known_law_oracle,,,,,,,,,,,,,,,,,,,,,,,,,,,,,,,3,"[11, 12, 13]",conditional_nll_selection,,,,,,,,,,,,,,,,,,,,,,,,,,,,,,,,,,,,,,,,,,,,,,,,,,,,,,,,,,,,,,,,,,,,,,,,,,,,,,,,,0.05000000000000001,8.498374721940739e-18,200.0,0.0,7.689895496961474,0.5021001950174577,10.071033718670991,2.3032659569915754,0.06333333333333334,0.020207259421636908,0.06,0.0304138126514911,0.48662500000000003,0.006084868527749771,0.4983624026561697,0.008169094318119742,0.48662500000000003,0.006084868527749771,,,0.0,0.0,0.0,0.0,200.0,0.0,200.0,0.0,0.0,0.0,0.0,0.0,,,0.0,0.0
diagnosis_controls,conditional_nll_selection,synthetic,diagnosis,conditional_max | single_sensor_0 | known_law_oracle,,,,,,,,,,,,,,,,,,,,,,,,,,,,,,,3,"[11, 12, 13]",conditional_nll_selection,,,,,,,,,,,,,,,,,,,,,,,,,,,,,,,,,,,,,,,,,,,,,,,,,,,,,,,,,,,,,,,,,,,,,,,,,,,,,,,,,0.05000000000000001,8.498374721940739e-18,200.0,0.0,7.689895496961474,0.5021001950174577,10.071033718670991,2.3032659569915754,0.06333333333333334,0.020207259421636908,0.06,0.0304138126514911,0.48662500000000003,0.006084868527749771,0.4983624026561697,0.008169094318119742,0.48662500000000003,0.006084868527749771,,,0.0,0.0,0.0,0.0,200.0,0.0,200.0,0.0,0.0,0.0,0.0,0.0,,,0.0,0.0
diagnosis_controls,conditional_nll_selection,synthetic,diagnosis,relational_max | single_sensor_0 | known_law_oracle,,,,,,,,,,,,,,,,,,,,,,,,,,,,,,,3,"[11, 12, 13]",conditional_nll_selection,,,,,,,,,,,,,,,,,,,,,,,,,,,,,,,,,,,,,,,,,,,,,,,,,,,,,,,,,,,,,,,,,,,,,,,,,,,,,,,,,0.05000000000000001,8.498374721940739e-18,200.0,0.0,0.0,0.0,0.0,0.0,0.0,0.0,0.0,0.0,0.5,0.0,0.5,0.0,0.5,0.0,,,0.0,0.0,0.0,0.0,200.0,0.0,200.0,0.0,0.0,0.0,0.0,0.0,,,0.0,0.0
diagnosis_controls,interface,synthetic,diagnosis,model,-1.7881393432617188e-07,1.7881393432617188e-07,64.0,0.0,81.0,0.0,384.0,0.0,529.0,0.0,2688.0,0.0,1045.3333333333333,267.8905249039864,130.66666666666666,33.4863156129983,111.0,39.35733730830886,19.236195882161457,0.2126091407477523,15.546720425287882,19.84847660832703,19.058681805928547,0.02975714045765407,0.02,0.0,150.0,0.0,128.0,0.0,3,"[11, 12, 13]",interface,,,,,,,,,,,,,,,,,,,,,,,,,,,,,,,,,,,,,,,,,,,,,,,,,,,,,,,,,,,,,,,,,,,,,,,,,,,,,,,,,,,,,,,,,,,,,,,,,,,,,,,,,,,,,,,,,,,,
diagnosis_controls,interface,synthetic,diagnosis,shortcut audit,,,,,,,,,,,,,,,,,,,,,,,,,,,,,,,3,"[11, 12, 13]",interface,0.48155,0.02226208941227215,0.0,0.0,400.0,0.0,400.0,0.0,10.0,0.0,,,,,,,,,,,,,,,,,,,,,,,,,,,,,,,,,,,,,,,,,,,,,,,,,,,,,,,,,,,,,,,,,,,,,,,,,,,,,,,,,,,,,,,,,,,,,,,,,,,,,,,,,,
diagnosis_controls,interface,synthetic,diagnosis,query full | circuit,,,,,,,,,,,,,,,,,,,,,,,,,,,,,,,3,"[11, 12, 13]",interface,,,,,,,,,,,5.086263020833333e-06,7.283807905444845e-07,0.02054599999974016,0.005832677116646279,0.01335987499987823,0.004015053248407527,400.0,0.0,4.0,0.0,4.0,0.0,4.0,0.0,3.0,0.0,802.0,0.0,32.0,0.0,1.0,0.0,0.020368333333333332,0.005789243675415065,320800.0,0.0,25600.0,0.0,1600.0,0.0,51200.0,0.0,1.1442604064941406,0.3461530529868585,1.4909125169118245,0.13228758547023328,1.3343346516291301,0.08332829941991353,-1.2860190669695537,0.5903610642309582,3.1557095050811768,0.5320027711778994,,,,,,,,,,,,,,,,,,,,,,,,,,,,,,,,,,,,,,,,,,,,,,,,,,,,,,,,,,,,,,,,
diagnosis_controls,interface,synthetic,diagnosis,known-law error full | circuit,,,,,,,,,,,,,,,,,,,,,,,,,,,,,,,3,"[11, 12, 13]",interface,,,,,,,,,,,,,,,,,,,,,,,,,,,,,,,,,,,,,,,,,,,,,,,,,,,,,0.7250668592547423,0.15597043428209176,3.0344469860666137,0.0368512908667672,45.183264677644104,13.34308537899102,0.4655960094301031,0.02397920100906941,0.12394288454772422,0.009045789134236813,0.3604444687962292,0.02255982470076967,5.788147314317225,2.070297822538453,0.9484144094489245,0.009161252324552664,0.6011239749553708,0.15011993262415124,2.9570095620690893,0.03701148588885343,45.00310623002151,13.567524066681631,0.49404520324355294,0.05587728870143659,-1.7518041134686826,0.4638859128352691,6.399490718219475,0.1667331395948257,,,,,,,,,,,,,,,,,,,,,,,,,,,,,,,,,,,,
diagnosis_controls,interface,synthetic,diagnosis,joint | full | circuit,,,,,,,,,,,,,,,,,,,,,,,,,,,,,,,3,"[11, 12, 13]",interface,,,,,,,,,,,,,,,,,,,,,,,,,,,,,,,,,,,,,,,,,,,,,,,,,,,,,,,,,,,,,,,,,,,,,,,,,,,,,,,,,0.05000000000000001,8.498374721940739e-18,200.0,0.0,30.234938939412434,3.630755454005138,43.384948094685875,12.370774408774249,0.051666666666666666,0.04536885862938733,0.07333333333333332,0.06934214687571573,0.5970750000000001,0.008623079496328442,0.5626893172417983,0.014929831710430946,0.5970750000000001,0.008623079496328442,0.6419444444444444,0.009477067838462154,200.0,0.0,0.0,0.0,0.0,0.0,0.0,0.0,200.0,0.0,185.33333333333334,13.868429375143148,0.4483333333333333,0.010408329997330672,0.043333333333333335,0.04645786621588784
diagnosis_controls,interface,synthetic,diagnosis,independent | full | circuit,,,,,,,,,,,,,,,,,,,,,,,,,,,,,,,3,"[11, 12, 13]",interface,,,,,,,,,,,,,,,,,,,,,,,,,,,,,,,,,,,,,,,,,,,,,,,,,,,,,,,,,,,,,,,,,,,,,,,,,,,,,,,,,0.05000000000000001,8.498374721940739e-18,200.0,0.0,31.52958043416341,3.2509096322637543,45.28437042236328,11.735009138996126,0.056666666666666664,0.04368447474027052,0.03666666666666666,0.03403429642777023,0.5223333333333333,0.002876883441040573,0.4970530357206124,0.001945411399617532,0.5223333333333333,0.002876883441040573,0.5441666666666666,0.012583057392117928,200.0,0.0,0.0,0.0,0.0,0.0,0.0,0.0,200.0,0.0,192.66666666666666,6.8068592855540455,0.33,0.01802775637731994,0.0033333333333333335,0.005773502691896258
diagnosis_controls,interface,synthetic,diagnosis,marginal_max | full | circuit,,,,,,,,,,,,,,,,,,,,,,,,,,,,,,,3,"[11, 12, 13]",interface,,,,,,,,,,,,,,,,,,,,,,,,,,,,,,,,,,,,,,,,,,,,,,,,,,,,,,,,,,,,,,,,,,,,,,,,,,,,,,,,,0.05000000000000001,8.498374721940739e-18,200.0,0.0,9.71554946899414,1.3251641463202186,16.428377787272137,2.487729886730254,0.051666666666666666,0.03685557397915997,0.06666666666666667,0.04932882862316247,0.5667333333333334,0.011833323796944505,0.5454290269960629,0.004652927864603042,0.5667333333333334,0.011833323796944505,0.5441666666666666,0.012583057392117928,200.0,0.0,0.0,0.0,0.0,0.0,0.0,0.0,200.0,0.0,186.66666666666666,9.865765724632494,0.33,0.01802775637731994,0.023333333333333334,0.01607275126832159
diagnosis_controls,interface,synthetic,diagnosis,conditional_max | full | circuit,,,,,,,,,,,,,,,,,,,,,,,,,,,,,,,3,"[11, 12, 13]",interface,,,,,,,,,,,,,,,,,,,,,,,,,,,,,,,,,,,,,,,,,,,,,,,,,,,,,,,,,,,,,,,,,,,,,,,,,,,,,,,,,0.05000000000000001,8.498374721940739e-18,200.0,0.0,9.239198684692383,1.2983561746292624,15.82684580485026,2.4439673289028865,0.04833333333333334,0.03253203549323856,0.17666666666666667,0.09878427675158295,0.6582583333333334,0.013333301432253518,0.6575835901023624,0.021396323938266373,0.6582583333333334,0.013333301432253518,0.6419444444444444,0.009477067838462154,200.0,0.0,0.0,0.0,0.0,0.0,0.0,0.0,200.0,0.0,164.66666666666666,19.75685535031659,0.4483333333333333,0.010408329997330672,0.12833333333333333,0.05575242894559244
diagnosis_controls,interface,synthetic,diagnosis,relational_max | full | circuit,,,,,,,,,,,,,,,,,,,,,,,,,,,,,,,3,"[11, 12, 13]",interface,,,,,,,,,,,,,,,,,,,,,,,,,,,,,,,,,,,,,,,,,,,,,,,,,,,,,,,,,,,,,,,,,,,,,,,,,,,,,,,,,0.05000000000000001,8.498374721940739e-18,200.0,0.0,1.631063461303711,0.17230493139614564,8.388753255208334,0.7286263144245185,0.06833333333333333,0.03752776749732568,0.32,0.03968626966596887,0.7177625,0.019512644137840443,0.746919763028194,0.034747580605467836,0.7177625,0.019512644137840443,0.7136111111111111,0.011794929858645652,200.0,0.0,0.0,0.0,0.0,0.0,0.0,0.0,200.0,0.0,136.0,7.937253933193772,0.5433333333333333,0.016072751268321604,0.24833333333333332,0.03752776749732569
diagnosis_controls,interface,synthetic,diagnosis,query full | known_law_oracle,,,,,,,,,,,,,,,,,,,,,,,,,,,,,,,3,"[11, 12, 13]",interface,,,,,,,,,,,0.0,0.0,0.0023483610020775814,0.0007095011569902891,0.0020457496660431693,0.0006141022510486436,400.0,0.0,4.0,0.0,4.0,0.0,4.0,0.0,5.0,0.0,0.0,0.0,0.0,0.0,1.0,0.0,0.0,0.0,0.0,0.0,0.0,0.0,1600.0,0.0,0.0,0.0,7.458060888417314,0.25529820977805073,7.487742644178159,0.25596136975985045,4.29311638370771,0.41949207003236205,1.7165980586251164,0.2537650127276923,15.199188680483672,0.48829298369248797,,,,,,,,,,,,,,,,,,,,,,,,,,,,,,,,,,,,,,,,,,,,,,,,,,,,,,,,,,,,,,,,
diagnosis_controls,interface,synthetic,diagnosis,known-law error full | known_law_oracle,,,,,,,,,,,,,,,,,,,,,,,,,,,,,,,3,"[11, 12, 13]",interface,,,,,,,,,,,,,,,,,,,,,,,,,,,,,,,,,,,,,,,,,,,,,,,,,,,,,0.0,0.0,0.0,0.0,0.0,0.0,1.0,1.5700924586837752e-16,0.0,0.0,0.0,0.0,0.0,0.0,1.0,7.850462293418876e-17,0.0,0.0,0.0,0.0,0.0,0.0,0.9999999999999999,1.1102230246251565e-16,0.0,0.0,0.0,0.0,,,,,,,,,,,,,,,,,,,,,,,,,,,,,,,,,,,,
diagnosis_controls,interface,synthetic,diagnosis,joint | full | known_law_oracle,,,,,,,,,,,,,,,,,,,,,,,,,,,,,,,3,"[11, 12, 13]",interface,,,,,,,,,,,,,,,,,,,,,,,,,,,,,,,,,,,,,,,,,,,,,,,,,,,,,,,,,,,,,,,,,,,,,,,,,,,,,,,,,0.05000000000000001,8.498374721940739e-18,200.0,0.0,17.91450230193044,0.8029985958891804,63.27637329993559,16.883520915475263,0.06166666666666667,0.03752776749732568,0.6849999999999999,0.03499999999999997,0.888475,0.0024337471109381866,0.9132739110151573,0.001032124340263655,0.888475,0.0024337471109381866,0.938888888888889,0.004455281925651481,200.0,0.0,0.0,0.0,0.0,0.0,0.0,0.0,200.0,0.0,63.0,7.0,0.8916666666666667,0.012583057392117928,0.6633333333333334,0.028867513459481315
diagnosis_controls,interface,synthetic,diagnosis,independent | full | known_law_oracle,,,,,,,,,,,,,,,,,,,,,,,,,,,,,,,3,"[11, 12, 13]",interface,,,,,,,,,,,,,,,,,,,,,,,,,,,,,,,,,,,,,,,,,,,,,,,,,,,,,,,,,,,,,,,,,,,,,,,,,,,,,,,,,0.05000000000000001,8.498374721940739e-18,200.0,0.0,30.394810637944857,1.7456559266015603,37.673969515783064,12.89465205486235,0.05000000000000001,0.03,0.03333333333333333,0.020816659994661327,0.5234166666666666,0.004127070187594757,0.4953227809589944,0.004301656105251656,0.5234166666666666,0.004127070187594757,0.5505555555555555,0.020165690977315714,200.0,0.0,0.0,0.0,0.0,0.0,0.0,0.0,200.0,0.0,193.33333333333334,4.163331998932265,0.34,0.027838821814150105,0.0033333333333333335,0.002886751345948129
diagnosis_controls,interface,synthetic,diagnosis,marginal_max | full | known_law_oracle,,,,,,,,,,,,,,,,,,,,,,,,,,,,,,,3,"[11, 12, 13]",interface,,,,,,,,,,,,,,,,,,,,,,,,,,,,,,,,,,,,,,,,,,,,,,,,,,,,,,,,,,,,,,,,,,,,,,,,,,,,,,,,,0.05000000000000001,8.498374721940739e-18,200.0,0.0,9.192884101667678,0.7963954592303953,11.261155906764195,2.2620011769434365,0.055,0.030000000000000002,0.06666666666666667,0.05131601439446884,0.5722833333333334,0.003110122920936335,0.5452595549502569,0.009046311259488038,0.5722833333333334,0.003110122920936335,0.5505555555555555,0.020165690977315714,200.0,0.0,0.0,0.0,0.0,0.0,0.0,0.0,200.0,0.0,186.66666666666666,10.263202878893768,0.34,0.027838821814150105,0.021666666666666667,0.018929694486000914
diagnosis_controls,interface,synthetic,diagnosis,conditional_max | full | known_law_oracle,,,,,,,,,,,,,,,,,,,,,,,,,,,,,,,3,"[11, 12, 13]",interface,,,,,,,,,,,,,,,,,,,,,,,,,,,,,,,,,,,,,,,,,,,,,,,,,,,,,,,,,,,,,,,,,,,,,,,,,,,,,,,,,0.05000000000000001,8.498374721940739e-18,200.0,0.0,6.570335063123905,0.3806081608724651,56.5530306920135,14.130245034599612,0.055,0.013228756555322957,0.7683333333333332,0.02466441431158126,0.9254000000000001,0.00731368580129059,0.9409425870159445,0.006300026681139945,0.9254000000000001,0.00731368580129059,0.938888888888889,0.004455281925651481,200.0,0.0,0.0,0.0,0.0,0.0,0.0,0.0,200.0,0.0,46.333333333333336,4.932882862316248,0.8916666666666667,0.012583057392117928,0.745,0.02291287847477922
diagnosis_controls,interface,synthetic,diagnosis,relational_max | full | known_law_oracle,,,,,,,,,,,,,,,,,,,,,,,,,,,,,,,3,"[11, 12, 13]",interface,,,,,,,,,,,,,,,,,,,,,,,,,,,,,,,,,,,,,,,,,,,,,,,,,,,,,,,,,,,,,,,,,,,,,,,,,,,,,,,,,0.05000000000000001,8.498374721940739e-18,200.0,0.0,1.607312492223131,0.46954375487359784,58.44267898830007,15.161917675638659,0.05000000000000001,0.020000000000000004,0.7966666666666667,0.057951128835712365,0.9431249999999999,0.012824561396008816,0.9551837990249066,0.009499754655342517,0.9431249999999999,0.012824561396008816,0.9362499999999999,0.010316182002616494,200.0,0.0,0.0,0.0,0.0,0.0,0.0,0.0,200.0,0.0,40.666666666666664,11.590225767142474,0.8883333333333333,0.023094010767585053,0.7733333333333333,0.060069404303133664
diagnosis_controls,interface,synthetic,diagnosis,query random1:0 | circuit,,,,,,,,,,,,,,,,,,,,,,,,,,,,,,,3,"[11, 12, 13]",interface,,,,,,,,,,,3.4968058268229165e-06,1.5328170078584282e-06,0.02002805566735333,0.006125219812536409,0.013112152665902007,0.003956057443809395,400.0,0.0,3.0,0.0,3.0,0.0,3.0,0.0,3.0,0.0,802.0,0.0,32.0,0.0,1.0,0.0,0.019862333333333333,0.0060739035498872836,320800.0,0.0,25600.0,0.0,1600.0,0.0,51200.0,0.0,0.6846006711324056,0.157810476426161,1.004725992679596,0.07187571539442497,0.9529617230097452,0.09869286003507427,-1.1098036368687947,0.3846736255759861,2.0305268367131553,0.3237133155006366,,,,,,,,,,,,,,,,,,,,,,,,,,,,,,,,,,,,,,,,,,,,,,,,,,,,,,,,,,,,,,,,
diagnosis_controls,interface,synthetic,diagnosis,known-law error random1:0 | circuit,,,,,,,,,,,,,,,,,,,,,,,,,,,,,,,3,"[11, 12, 13]",interface,,,,,,,,,,,,,,,,,,,,,,,,,,,,,,,,,,,,,,,,,,,,,,,,,,,,,2.285269530535546,0.09927184912532652,2.4405517783166712,0.0728222172641324,13.717327652300895,5.11276014516368,0.3057345877461613,0.06317634341308827,0.1229203657428276,0.013754038752100739,0.36060247576691845,0.01901086756240106,4.2081487739333525,2.84113166349196,0.9480407694898422,0.009172301353053618,2.162349162673442,0.09341518102099744,2.337993644435419,0.0666690739685834,10.265790718889539,2.445771538286738,0.31429884293379806,0.05319796935005432,-4.311477387729561,0.19842039542630346,4.394716913227689,0.14607748511427976,,,,,,,,,,,,,,,,,,,,,,,,,,,,,,,,,,,,
diagnosis_controls,interface,synthetic,diagnosis,joint | random1:0 | circuit,,,,,,,,,,,,,,,,,,,,,,,,,,,,,,,3,"[11, 12, 13]",interface,,,,,,,,,,,,,,,,,,,,,,,,,,,,,,,,,,,,,,,,,,,,,,,,,,,,,,,,,,,,,,,,,,,,,,,,,,,,,,,,,0.05000000000000001,8.498374721940739e-18,200.0,0.0,22.771265665690105,2.808960693613554,33.80097452799479,11.649083161457158,0.049999999999999996,0.04272001872658766,0.049999999999999996,0.04272001872658766,0.5,0.0,0.5,0.0,0.5,0.0,,,0.0,0.0,200.0,0.0,0.0,0.0,0.0,0.0,0.0,0.0,0.0,0.0,,,0.0,0.0
diagnosis_controls,interface,synthetic,diagnosis,independent | random1:0 | circuit,,,,,,,,,,,,,,,,,,,,,,,,,,,,,,,3,"[11, 12, 13]",interface,,,,,,,,,,,,,,,,,,,,,,,,,,,,,,,,,,,,,,,,,,,,,,,,,,,,,,,,,,,,,,,,,,,,,,,,,,,,,,,,,0.05000000000000001,8.498374721940739e-18,200.0,0.0,23.741525014241535,2.441560260195632,34.854026794433594,11.157546727853513,0.05333333333333334,0.04163331998932266,0.05333333333333334,0.04163331998932266,0.5,0.0,0.5,0.0,0.5,0.0,,,0.0,0.0,200.0,0.0,0.0,0.0,0.0,0.0,0.0,0.0,0.0,0.0,,,0.0,0.0
diagnosis_controls,interface,synthetic,diagnosis,marginal_max | random1:0 | circuit,,,,,,,,,,,,,,,,,,,,,,,,,,,,,,,3,"[11, 12, 13]",interface,,,,,,,,,,,,,,,,,,,,,,,,,,,,,,,,,,,,,,,,,,,,,,,,,,,,,,,,,,,,,,,,,,,,,,,,,,,,,,,,,0.05000000000000001,8.498374721940739e-18,200.0,0.0,9.607776641845703,1.4513126270731513,14.531909306844076,5.091436993743651,0.051666666666666666,0.04310839052125854,0.051666666666666666,0.04310839052125854,0.5,0.0,0.5,0.0,0.5,0.0,,,0.0,0.0,200.0,0.0,0.0,0.0,0.0,0.0,0.0,0.0,0.0,0.0,,,0.0,0.0
diagnosis_controls,interface,synthetic,diagnosis,conditional_max | random1:0 | circuit,,,,,,,,,,,,,,,,,,,,,,,,,,,,,,,3,"[11, 12, 13]",interface,,,,,,,,,,,,,,,,,,,,,,,,,,,,,,,,,,,,,,,,,,,,,,,,,,,,,,,,,,,,,,,,,,,,,,,,,,,,,,,,,0.05000000000000001,8.498374721940739e-18,200.0,0.0,8.921399434407553,1.2474725265386248,13.915256182352701,4.967865046825627,0.051666666666666666,0.04509249752822895,0.051666666666666666,0.04509249752822895,0.5,0.0,0.5,0.0,0.5,0.0,,,0.0,0.0,200.0,0.0,0.0,0.0,0.0,0.0,0.0,0.0,0.0,0.0,,,0.0,0.0
diagnosis_controls,interface,synthetic,diagnosis,relational_max | random1:0 | circuit,,,,,,,,,,,,,,,,,,,,,,,,,,,,,,,3,"[11, 12, 13]",interface,,,,,,,,,,,,,,,,,,,,,,,,,,,,,,,,,,,,,,,,,,,,,,,,,,,,,,,,,,,,,,,,,,,,,,,,,,,,,,,,,0.05000000000000001,8.498374721940739e-18,200.0,0.0,1.1424853006998699,0.14142302336381726,3.9475043614705405,0.8726665254256256,0.08333333333333333,0.029297326385411573,0.08333333333333333,0.029297326385411573,0.5,0.0,0.5,0.0,0.5,0.0,,,0.0,0.0,200.0,0.0,0.0,0.0,0.0,0.0,0.0,0.0,0.0,0.0,,,0.0,0.0
diagnosis_controls,interface,synthetic,diagnosis,query random1:0 | known_law_oracle,,,,,,,,,,,,,,,,,,,,,,,,,,,,,,,3,"[11, 12, 13]",interface,,,,,,,,,,,0.0,0.0,0.001690652666487343,0.0005272445118726359,0.0015397499992104713,0.0005537530306167479,400.0,0.0,3.0,0.0,3.0,0.0,3.0,0.0,4.0,0.0,0.0,0.0,0.0,0.0,1.0,0.0,0.0,0.0,0.0,0.0,0.0,0.0,1600.0,0.0,0.0,0.0,4.627316966401856,0.16307299118556964,4.712017089467656,0.11676318793947561,3.026830896452991,0.2586339937212524,0.4658740226593728,0.3384785170764952,9.77032003486938,0.6432838298811988,,,,,,,,,,,,,,,,,,,,,,,,,,,,,,,,,,,,,,,,,,,,,,,,,,,,,,,,,,,,,,,,
diagnosis_controls,interface,synthetic,diagnosis,known-law error random1:0 | known_law_oracle,,,,,,,,,,,,,,,,,,,,,,,,,,,,,,,3,"[11, 12, 13]",interface,,,,,,,,,,,,,,,,,,,,,,,,,,,,,,,,,,,,,,,,,,,,,,,,,,,,,0.0,0.0,0.0,0.0,0.0,0.0,1.0,1.1102230246251565e-16,0.0,0.0,0.0,0.0,0.0,0.0,1.0,0.0,0.0,0.0,0.0,0.0,0.0,0.0,1.0,0.0,0.0,0.0,0.0,0.0,,,,,,,,,,,,,,,,,,,,,,,,,,,,,,,,,,,,
diagnosis_controls,interface,synthetic,diagnosis,joint | random1:0 | known_law_oracle,,,,,,,,,,,,,,,,,,,,,,,,,,,,,,,3,"[11, 12, 13]",interface,,,,,,,,,,,,,,,,,,,,,,,,,,,,,,,,,,,,,,,,,,,,,,,,,,,,,,,,,,,,,,,,,,,,,,,,,,,,,,,,,0.05000000000000001,8.498374721940739e-18,200.0,0.0,14.935343620961225,0.6200248163381805,13.974248921396907,2.140536873776643,0.056666666666666664,0.02254624876411447,0.056666666666666664,0.02254624876411447,0.5,0.0,0.5,0.0,0.5,0.0,,,0.0,0.0,200.0,0.0,0.0,0.0,0.0,0.0,0.0,0.0,0.0,0.0,,,0.0,0.0
diagnosis_controls,interface,synthetic,diagnosis,independent | random1:0 | known_law_oracle,,,,,,,,,,,,,,,,,,,,,,,,,,,,,,,3,"[11, 12, 13]",interface,,,,,,,,,,,,,,,,,,,,,,,,,,,,,,,,,,,,,,,,,,,,,,,,,,,,,,,,,,,,,,,,,,,,,,,,,,,,,,,,,0.05000000000000001,8.498374721940739e-18,200.0,0.0,23.064225268769338,1.4580430040976473,29.455796539991923,8.71210378294894,0.049999999999999996,0.04272001872658766,0.049999999999999996,0.04272001872658766,0.5,0.0,0.5,0.0,0.5,0.0,,,0.0,0.0,200.0,0.0,0.0,0.0,0.0,0.0,0.0,0.0,0.0,0.0,,,0.0,0.0
diagnosis_controls,interface,synthetic,diagnosis,marginal_max | random1:0 | known_law_oracle,,,,,,,,,,,,,,,,,,,,,,,,,,,,,,,3,"[11, 12, 13]",interface,,,,,,,,,,,,,,,,,,,,,,,,,,,,,,,,,,,,,,,,,,,,,,,,,,,,,,,,,,,,,,,,,,,,,,,,,,,,,,,,,0.05000000000000001,8.498374721940739e-18,200.0,0.0,8.867459059957293,0.8315980696454699,10.961353536093142,2.848882890820819,0.06333333333333334,0.04856267428111155,0.06333333333333334,0.04856267428111155,0.5,0.0,0.5,0.0,0.5,0.0,,,0.0,0.0,200.0,0.0,0.0,0.0,0.0,0.0,0.0,0.0,0.0,0.0,,,0.0,0.0
diagnosis_controls,interface,synthetic,diagnosis,conditional_max | random1:0 | known_law_oracle,,,,,,,,,,,,,,,,,,,,,,,,,,,,,,,3,"[11, 12, 13]",interface,,,,,,,,,,,,,,,,,,,,,,,,,,,,,,,,,,,,,,,,,,,,,,,,,,,,,,,,,,,,,,,,,,,,,,,,,,,,,,,,,0.05000000000000001,8.498374721940739e-18,200.0,0.0,6.471471241677171,0.48829282531222534,8.361070651078274,1.3635006876038969,0.045000000000000005,0.013228756555322954,0.045000000000000005,0.013228756555322954,0.5,0.0,0.5,0.0,0.5,0.0,,,0.0,0.0,200.0,0.0,0.0,0.0,0.0,0.0,0.0,0.0,0.0,0.0,,,0.0,0.0
diagnosis_controls,interface,synthetic,diagnosis,relational_max | random1:0 | known_law_oracle,,,,,,,,,,,,,,,,,,,,,,,,,,,,,,,3,"[11, 12, 13]",interface,,,,,,,,,,,,,,,,,,,,,,,,,,,,,,,,,,,,,,,,,,,,,,,,,,,,,,,,,,,,,,,,,,,,,,,,,,,,,,,,,0.05000000000000001,8.498374721940739e-18,200.0,0.0,1.4754989400425194,0.4936331413940235,13.103990108532907,2.5043772474858463,0.05000000000000001,0.020000000000000004,0.05000000000000001,0.020000000000000004,0.5,0.0,0.5,0.0,0.5,0.0,,,0.0,0.0,200.0,0.0,0.0,0.0,0.0,0.0,0.0,0.0,0.0,0.0,,,0.0,0.0
diagnosis_controls,interface,synthetic,diagnosis,query random2:1-2 | circuit,,,,,,,,,,,,,,,,,,,,,,,,,,,,,,,3,"[11, 12, 13]",interface,,,,,,,,,,,2.0662943522135415e-06,2.753020616481904e-07,0.019121694667167805,0.005223092416683768,0.013100847332680132,0.004420317840981968,400.0,0.0,2.0,0.0,2.0,0.0,2.0,0.0,3.0,0.0,802.0,0.0,32.0,0.0,1.0,0.0,0.018963333333333332,0.005180896576205062,320800.0,0.0,25600.0,0.0,1600.0,0.0,51200.0,0.0,0.30382030705610913,0.09943419979223997,0.48715901374816895,0.06891556693087642,0.49498770634333294,0.10713134899653368,-0.6951177418231964,0.40113221327786625,0.9378686547279358,0.17544990469746732,,,,,,,,,,,,,,,,,,,,,,,,,,,,,,,,,,,,,,,,,,,,,,,,,,,,,,,,,,,,,,,,
diagnosis_controls,interface,synthetic,diagnosis,known-law error random2:1-2 | circuit,,,,,,,,,,,,,,,,,,,,,,,,,,,,,,,3,"[11, 12, 13]",interface,,,,,,,,,,,,,,,,,,,,,,,,,,,,,,,,,,,,,,,,,,,,,,,,,,,,,-1.3135288350104413,0.24537491561343094,3.5694369956482475,0.2000079666474638,26.733288420572674,7.755534617642871,0.5421491821977624,0.0010576829508256928,0.12446326153544633,0.008929165452133138,0.3705794209502946,0.021254921316820476,4.215343562327726,1.9284013663540396,0.9496792615684875,0.009679855263689209,-1.4379920922742215,0.24660811501847293,3.5476882967729804,0.19493812567408264,26.863525986335137,7.6132875393344515,0.4789382051303029,0.02446942603312322,1.1890655312550384,0.24446206585487243,3.596055551877498,0.2097726347467839,,,,,,,,,,,,,,,,,,,,,,,,,,,,,,,,,,,,
diagnosis_controls,interface,synthetic,diagnosis,joint | random2:1-2 | circuit,,,,,,,,,,,,,,,,,,,,,,,,,,,,,,,3,"[11, 12, 13]",interface,,,,,,,,,,,,,,,,,,,,,,,,,,,,,,,,,,,,,,,,,,,,,,,,,,,,,,,,,,,,,,,,,,,,,,,,,,,,,,,,,0.05000000000000001,8.498374721940739e-18,200.0,0.0,14.769744555155436,0.858263844682664,23.43841552734375,4.212983161446423,0.06333333333333334,0.020207259421636908,0.07666666666666666,0.03329164059239696,0.58705,0.009777876814523656,0.5598555579589601,0.0072866947669227,0.58705,0.009777876814523656,0.7341666666666667,0.005773502691896262,200.0,0.0,0.0,0.0,0.0,0.0,0.0,0.0,200.0,0.0,184.66666666666666,6.6583281184793925,0.46833333333333327,0.011547005383792493,0.041666666666666664,0.015275252316519466
diagnosis_controls,interface,synthetic,diagnosis,independent | random2:1-2 | circuit,,,,,,,,,,,,,,,,,,,,,,,,,,,,,,,3,"[11, 12, 13]",interface,,,,,,,,,,,,,,,,,,,,,,,,,,,,,,,,,,,,,,,,,,,,,,,,,,,,,,,,,,,,,,,,,,,,,,,,,,,,,,,,,0.05000000000000001,8.498374721940739e-18,200.0,0.0,15.418017705281576,1.0753112136144067,23.864779790242512,4.305805670160536,0.075,0.0304138126514911,0.041666666666666664,0.025166114784235832,0.5208499999999999,0.008528371767224985,0.4971583762649841,0.001888449682270565,0.5208499999999999,0.008528371767224985,0.7341666666666667,0.005773502691896262,200.0,0.0,0.0,0.0,0.0,0.0,0.0,0.0,200.0,0.0,191.66666666666666,5.033222956847166,0.46833333333333327,0.011547005383792493,0.02,0.01
diagnosis_controls,interface,synthetic,diagnosis,marginal_max | random2:1-2 | circuit,,,,,,,,,,,,,,,,,,,,,,,,,,,,,,,3,"[11, 12, 13]",interface,,,,,,,,,,,,,,,,,,,,,,,,,,,,,,,,,,,,,,,,,,,,,,,,,,,,,,,,,,,,,,,,,,,,,,,,,,,,,,,,,0.05000000000000001,8.498374721940739e-18,200.0,0.0,8.739766438802084,0.3434157212606171,13.940504391988119,2.503090744402752,0.06333333333333334,0.012583057392117913,0.07333333333333335,0.016072751268321594,0.5600125,0.016697150767421377,0.5420878820650866,0.008553237181118766,0.5600125,0.016697150767421377,0.7341666666666667,0.005773502691896262,200.0,0.0,0.0,0.0,0.0,0.0,0.0,0.0,200.0,0.0,185.33333333333334,3.2145502536643185,0.46833333333333327,0.011547005383792493,0.035,0.005000000000000001
diagnosis_controls,interface,synthetic,diagnosis,conditional_max | random2:1-2 | circuit,,,,,,,,,,,,,,,,,,,,,,,,,,,,,,,3,"[11, 12, 13]",interface,,,,,,,,,,,,,,,,,,,,,,,,,,,,,,,,,,,,,,,,,,,,,,,,,,,,,,,,,,,,,,,,,,,,,,,,,,,,,,,,,0.05000000000000001,8.498374721940739e-18,200.0,0.0,8.079349517822266,0.588949466536154,14.110708872477213,1.9106431589742148,0.07333333333333335,0.01258305739211792,0.18833333333333332,0.04193248541803041,0.6426583333333333,0.014895979603011443,0.6388497956290861,0.009656546592676346,0.6426583333333333,0.014895979603011443,0.7341666666666667,0.005773502691896262,200.0,0.0,0.0,0.0,0.0,0.0,0.0,0.0,200.0,0.0,162.33333333333334,8.386497083606082,0.46833333333333327,0.011547005383792493,0.09166666666666667,0.007637626158259734
diagnosis_controls,interface,synthetic,diagnosis,relational_max | random2:1-2 | circuit,,,,,,,,,,,,,,,,,,,,,,,,,,,,,,,3,"[11, 12, 13]",interface,,,,,,,,,,,,,,,,,,,,,,,,,,,,,,,,,,,,,,,,,,,,,,,,,,,,,,,,,,,,,,,,,,,,,,,,,,,,,,,,,0.05000000000000001,8.498374721940739e-18,200.0,0.0,0.6185572942097982,0.18345669214159252,5.2822519938151045,1.046363668105213,0.05666666666666667,0.01755942292142123,0.28833333333333333,0.010408329997330651,0.6936083333333333,0.007377725485089099,0.7306927723298181,0.016061658311346698,0.6936083333333333,0.007377725485089099,0.5966666666666667,0.023760962382305413,200.0,0.0,0.0,0.0,0.0,0.0,200.0,0.0,0.0,0.0,0.0,0.0,,,0.0,0.0
diagnosis_controls,interface,synthetic,diagnosis,query random2:1-2 | known_law_oracle,,,,,,,,,,,,,,,,,,,,,,,,,,,,,,,3,"[11, 12, 13]",interface,,,,,,,,,,,0.0,0.0,0.0011008330002368893,0.00028164345274344607,0.001076749666632774,0.0002698143568052786,400.0,0.0,2.0,0.0,2.0,0.0,2.0,0.0,3.0,0.0,0.0,0.0,0.0,0.0,1.0,0.0,0.0,0.0,0.0,0.0,0.0,0.0,1600.0,0.0,0.0,0.0,2.096357563588452,0.09964891895981108,2.26804549120613,0.10914603308982343,1.6751941333155622,0.08785377155676298,-0.6576425075661821,0.10805273258978587,4.734415882802904,0.050446721985513074,,,,,,,,,,,,,,,,,,,,,,,,,,,,,,,,,,,,,,,,,,,,,,,,,,,,,,,,,,,,,,,,
diagnosis_controls,interface,synthetic,diagnosis,known-law error random2:1-2 | known_law_oracle,,,,,,,,,,,,,,,,,,,,,,,,,,,,,,,3,"[11, 12, 13]",interface,,,,,,,,,,,,,,,,,,,,,,,,,,,,,,,,,,,,,,,,,,,,,,,,,,,,,0.0,0.0,0.0,0.0,0.0,0.0,1.0,1.1102230246251565e-16,0.0,0.0,0.0,0.0,0.0,0.0,1.0,0.0,0.0,0.0,0.0,0.0,0.0,0.0,0.9999999999999999,1.1102230246251565e-16,0.0,0.0,0.0,0.0,,,,,,,,,,,,,,,,,,,,,,,,,,,,,,,,,,,,
diagnosis_controls,interface,synthetic,diagnosis,joint | random2:1-2 | known_law_oracle,,,,,,,,,,,,,,,,,,,,,,,,,,,,,,,3,"[11, 12, 13]",interface,,,,,,,,,,,,,,,,,,,,,,,,,,,,,,,,,,,,,,,,,,,,,,,,,,,,,,,,,,,,,,,,,,,,,,,,,,,,,,,,,0.05000000000000001,8.498374721940739e-18,200.0,0.0,11.544140844757928,0.29233015485814934,39.95401375908924,9.089835744996352,0.06833333333333334,0.01527525231651947,0.6133333333333333,0.033291640592397,0.8479749999999999,0.01524223162794738,0.879711434295874,0.008830852631302356,0.8479749999999999,0.01524223162794738,0.7391666666666667,0.015275252316519432,200.0,0.0,0.0,0.0,0.0,0.0,0.0,0.0,200.0,0.0,77.33333333333333,6.6583281184793925,0.47833333333333333,0.03055050463303893,0.3,0.03905124837953324
diagnosis_controls,interface,synthetic,diagnosis,independent | random2:1-2 | known_law_oracle,,,,,,,,,,,,,,,,,,,,,,,,,,,,,,,3,"[11, 12, 13]",interface,,,,,,,,,,,,,,,,,,,,,,,,,,,,,,,,,,,,,,,,,,,,,,,,,,,,,,,,,,,,,,,,,,,,,,,,,,,,,,,,,0.05000000000000001,8.498374721940739e-18,200.0,0.0,15.234903123055595,1.053006601916033,19.411344127833306,5.751342606435359,0.06166666666666667,0.03883726732577014,0.03833333333333333,0.02753785273643051,0.5248166666666666,0.0021939310229205926,0.49429167426924797,0.008234105479264342,0.5248166666666666,0.0021939310229205926,0.7391666666666667,0.015275252316519432,200.0,0.0,0.0,0.0,0.0,0.0,0.0,0.0,200.0,0.0,192.33333333333334,5.507570547286101,0.47833333333333333,0.03055050463303893,0.02,0.013228756555322952
diagnosis_controls,interface,synthetic,diagnosis,marginal_max | random2:1-2 | known_law_oracle,,,,,,,,,,,,,,,,,,,,,,,,,,,,,,,3,"[11, 12, 13]",interface,,,,,,,,,,,,,,,,,,,,,,,,,,,,,,,,,,,,,,,,,,,,,,,,,,,,,,,,,,,,,,,,,,,,,,,,,,,,,,,,,0.05000000000000001,8.498374721940739e-18,200.0,0.0,8.43466565713213,0.25999754209780307,10.425368004129288,2.5450730587845736,0.06333333333333334,0.011547005383792516,0.07333333333333333,0.03329164059239696,0.56655,0.011713393775930205,0.5462341318002347,0.004067795251284844,0.56655,0.011713393775930205,0.7391666666666667,0.015275252316519432,200.0,0.0,0.0,0.0,0.0,0.0,0.0,0.0,200.0,0.0,185.33333333333334,6.6583281184793925,0.47833333333333333,0.03055050463303893,0.034999999999999996,0.013228756555322952
diagnosis_controls,interface,synthetic,diagnosis,conditional_max | random2:1-2 | known_law_oracle,,,,,,,,,,,,,,,,,,,,,,,,,,,,,,,3,"[11, 12, 13]",interface,,,,,,,,,,,,,,,,,,,,,,,,,,,,,,,,,,,,,,,,,,,,,,,,,,,,,,,,,,,,,,,,,,,,,,,,,,,,,,,,,0.05000000000000001,8.498374721940739e-18,200.0,0.0,5.837524496781721,0.10842471013958771,37.24736777595433,9.693600535686526,0.09500000000000001,0.0050000000000000044,0.7383333333333333,0.0028867513459481316,0.8997083333333333,0.017445349189206105,0.9215935540339588,0.01225211038186652,0.8997083333333333,0.017445349189206105,0.7391666666666667,0.015275252316519432,200.0,0.0,0.0,0.0,0.0,0.0,0.0,0.0,200.0,0.0,52.333333333333336,0.5773502691896258,0.47833333333333333,0.03055050463303893,0.36166666666666664,0.02753785273643051
diagnosis_controls,interface,synthetic,diagnosis,relational_max | random2:1-2 | known_law_oracle,,,,,,,,,,,,,,,,,,,,,,,,,,,,,,,3,"[11, 12, 13]",interface,,,,,,,,,,,,,,,,,,,,,,,,,,,,,,,,,,,,,,,,,,,,,,,,,,,,,,,,,,,,,,,,,,,,,,,,,,,,,,,,,0.05000000000000001,8.498374721940739e-18,200.0,0.0,0.23123994314603222,0.10013022041458396,37.96105018797506,9.735287551294547,0.08166666666666667,0.01040832999733066,0.7966666666666665,0.03617089069035114,0.9314250000000001,0.014618844858606306,0.9447480208963511,0.010502674899999056,0.9314250000000001,0.014618844858606306,0.5641666666666667,0.016645820296198446,200.0,0.0,0.0,0.0,0.0,0.0,200.0,0.0,0.0,0.0,0.0,0.0,,,0.0,0.0
diagnosis_controls,interface,synthetic,diagnosis,query random3:1-2-3 | circuit,,,,,,,,,,,,,,,,,,,,,,,,,,,,,,,3,"[11, 12, 13]",interface,,,,,,,,,,,9.5367431640625e-07,0.0,0.01856436133311945,0.0043602415288446226,0.01213275033296668,0.002827673176224871,400.0,0.0,1.0,0.0,1.0,0.0,1.0,0.0,3.0,0.0,802.0,0.0,32.0,0.0,1.0,0.0,0.018405,0.004322005552981162,320800.0,0.0,25600.0,0.0,1600.0,0.0,51200.0,0.0,6.834665811084051e-08,2.0502726401399503e-07,2.7497608812154795e-07,4.0607064595048297e-08,3.5422061728240806e-07,1.8816013746388696e-08,-4.76837158203125e-07,0.0,6.357828776041666e-07,2.7530206164819037e-07,,,,,,,,,,,,,,,,,,,,,,,,,,,,,,,,,,,,,,,,,,,,,,,,,,,,,,,,,,,,,,,,
diagnosis_controls,interface,synthetic,diagnosis,known-law error random3:1-2-3 | circuit,,,,,,,,,,,,,,,,,,,,,,,,,,,,,,,3,"[11, 12, 13]",interface,,,,,,,,,,,,,,,,,,,,,,,,,,,,,,,,,,,,,,,,,,,,,,,,,,,,,0.12701044096241418,0.02463883631445194,0.3599704478841615,0.033962269995043454,4.215343562327726,1.9284013663540396,0.9506225803813084,0.00856823540793011,0.12701044096241418,0.02463883631445194,0.3599704478841615,0.033962269995043454,4.215343562327726,1.9284013663540396,0.9506225803813084,0.00856823540793011,0.0,0.0,0.0,0.0,0.0,0.0,,,-0.12701037460257633,0.02463883069693608,0.3599703902663382,0.03396231430962806,,,,,,,,,,,,,,,,,,,,,,,,,,,,,,,,,,,,
diagnosis_controls,interface,synthetic,diagnosis,joint | random3:1-2-3 | circuit,,,,,,,,,,,,,,,,,,,,,,,,,,,,,,,3,"[11, 12, 13]",interface,,,,,,,,,,,,,,,,,,,,,,,,,,,,,,,,,,,,,,,,,,,,,,,,,,,,,,,,,,,,,,,,,,,,,,,,,,,,,,,,,0.05000000000000001,8.498374721940739e-18,200.0,0.0,7.880660057067871,0.7549975346154271,12.895835558573404,3.0473698397983204,0.06833333333333334,0.036170890690351176,0.06999999999999999,0.02179449471770337,0.48780833333333334,0.004734602236020812,0.5005626640256177,0.004649763877575253,0.48780833333333334,0.004734602236020812,,,0.0,0.0,0.0,0.0,200.0,0.0,200.0,0.0,0.0,0.0,0.0,0.0,,,0.0,0.0
diagnosis_controls,interface,synthetic,diagnosis,independent | random3:1-2-3 | circuit,,,,,,,,,,,,,,,,,,,,,,,,,,,,,,,3,"[11, 12, 13]",interface,,,,,,,,,,,,,,,,,,,,,,,,,,,,,,,,,,,,,,,,,,,,,,,,,,,,,,,,,,,,,,,,,,,,,,,,,,,,,,,,,0.05000000000000001,8.498374721940739e-18,200.0,0.0,7.880660692850749,0.7549980565888098,12.895834604899088,3.0473694620549128,0.06833333333333334,0.036170890690351176,0.06999999999999999,0.02179449471770337,0.48780833333333334,0.004734602236020812,0.5005626640256177,0.004649763877575253,0.48780833333333334,0.004734602236020812,,,0.0,0.0,0.0,0.0,200.0,0.0,200.0,0.0,0.0,0.0,0.0,0.0,,,0.0,0.0
diagnosis_controls,interface,synthetic,diagnosis,marginal_max | random3:1-2-3 | circuit,,,,,,,,,,,,,,,,,,,,,,,,,,,,,,,3,"[11, 12, 13]",interface,,,,,,,,,,,,,,,,,,,,,,,,,,,,,,,,,,,,,,,,,,,,,,,,,,,,,,,,,,,,,,,,,,,,,,,,,,,,,,,,,0.05000000000000001,8.498374721940739e-18,200.0,0.0,7.880660692850749,0.7549980565888098,12.895834604899088,3.0473694620549128,0.06833333333333334,0.036170890690351176,0.06999999999999999,0.02179449471770337,0.48780833333333334,0.004734602236020812,0.5005626640256177,0.004649763877575253,0.48780833333333334,0.004734602236020812,,,0.0,0.0,0.0,0.0,200.0,0.0,200.0,0.0,0.0,0.0,0.0,0.0,,,0.0,0.0
diagnosis_controls,interface,synthetic,diagnosis,conditional_max | random3:1-2-3 | circuit,,,,,,,,,,,,,,,,,,,,,,,,,,,,,,,3,"[11, 12, 13]",interface,,,,,,,,,,,,,,,,,,,,,,,,,,,,,,,,,,,,,,,,,,,,,,,,,,,,,,,,,,,,,,,,,,,,,,,,,,,,,,,,,0.05000000000000001,8.498374721940739e-18,200.0,0.0,7.880660692850749,0.7549980565888098,12.895834604899088,3.0473694620549128,0.06833333333333334,0.036170890690351176,0.06999999999999999,0.02179449471770337,0.48780833333333334,0.004734602236020812,0.5005626640256177,0.004649763877575253,0.48780833333333334,0.004734602236020812,,,0.0,0.0,0.0,0.0,200.0,0.0,200.0,0.0,0.0,0.0,0.0,0.0,,,0.0,0.0
diagnosis_controls,interface,synthetic,diagnosis,relational_max | random3:1-2-3 | circuit,,,,,,,,,,,,,,,,,,,,,,,,,,,,,,,3,"[11, 12, 13]",interface,,,,,,,,,,,,,,,,,,,,,,,,,,,,,,,,,,,,,,,,,,,,,,,,,,,,,,,,,,,,,,,,,,,,,,,,,,,,,,,,,0.05000000000000001,8.498374721940739e-18,200.0,0.0,0.0,0.0,0.0,0.0,0.0,0.0,0.0,0.0,0.5,0.0,0.5,0.0,0.5,0.0,,,0.0,0.0,0.0,0.0,200.0,0.0,200.0,0.0,0.0,0.0,0.0,0.0,,,0.0,0.0
diagnosis_controls,interface,synthetic,diagnosis,query random3:1-2-3 | known_law_oracle,,,,,,,,,,,,,,,,,,,,,,,,,,,,,,,3,"[11, 12, 13]",interface,,,,,,,,,,,0.0,0.0,0.0005126943324285094,0.00011202896690581504,0.00048584733303869143,0.00011561991966071614,400.0,0.0,1.0,0.0,1.0,0.0,1.0,0.0,2.0,0.0,0.0,0.0,0.0,0.0,1.0,0.0,0.0,0.0,0.0,0.0,0.0,0.0,1600.0,0.0,0.0,0.0,0.0,0.0,0.0,0.0,0.0,0.0,0.0,0.0,0.0,0.0,,,,,,,,,,,,,,,,,,,,,,,,,,,,,,,,,,,,,,,,,,,,,,,,,,,,,,,,,,,,,,,,
diagnosis_controls,interface,synthetic,diagnosis,known-law error random3:1-2-3 | known_law_oracle,,,,,,,,,,,,,,,,,,,,,,,,,,,,,,,3,"[11, 12, 13]",interface,,,,,,,,,,,,,,,,,,,,,,,,,,,,,,,,,,,,,,,,,,,,,,,,,,,,,0.0,0.0,0.0,0.0,0.0,0.0,1.0,0.0,0.0,0.0,0.0,0.0,0.0,0.0,1.0,0.0,0.0,0.0,0.0,0.0,0.0,0.0,,,0.0,0.0,0.0,0.0,,,,,,,,,,,,,,,,,,,,,,,,,,,,,,,,,,,,
diagnosis_controls,interface,synthetic,diagnosis,joint | random3:1-2-3 | known_law_oracle,,,,,,,,,,,,,,,,,,,,,,,,,,,,,,,3,"[11, 12, 13]",interface,,,,,,,,,,,,,,,,,,,,,,,,,,,,,,,,,,,,,,,,,,,,,,,,,,,,,,,,,,,,,,,,,,,,,,,,,,,,,,,,,0.05000000000000001,8.498374721940739e-18,200.0,0.0,7.689895496961474,0.5021001950174577,10.071033718670991,2.3032659569915754,0.06333333333333334,0.020207259421636908,0.06,0.0304138126514911,0.48662500000000003,0.006084868527749771,0.4983624026561697,0.008169094318119742,0.48662500000000003,0.006084868527749771,,,0.0,0.0,0.0,0.0,200.0,0.0,200.0,0.0,0.0,0.0,0.0,0.0,,,0.0,0.0
diagnosis_controls,interface,synthetic,diagnosis,independent | random3:1-2-3 | known_law_oracle,,,,,,,,,,,,,,,,,,,,,,,,,,,,,,,3,"[11, 12, 13]",interface,,,,,,,,,,,,,,,,,,,,,,,,,,,,,,,,,,,,,,,,,,,,,,,,,,,,,,,,,,,,,,,,,,,,,,,,,,,,,,,,,0.05000000000000001,8.498374721940739e-18,200.0,0.0,7.689895496961474,0.5021001950174577,10.071033718670991,2.3032659569915754,0.06333333333333334,0.020207259421636908,0.06,0.0304138126514911,0.48662500000000003,0.006084868527749771,0.4983624026561697,0.008169094318119742,0.48662500000000003,0.006084868527749771,,,0.0,0.0,0.0,0.0,200.0,0.0,200.0,0.0,0.0,0.0,0.0,0.0,,,0.0,0.0
diagnosis_controls,interface,synthetic,diagnosis,marginal_max | random3:1-2-3 | known_law_oracle,,,,,,,,,,,,,,,,,,,,,,,,,,,,,,,3,"[11, 12, 13]",interface,,,,,,,,,,,,,,,,,,,,,,,,,,,,,,,,,,,,,,,,,,,,,,,,,,,,,,,,,,,,,,,,,,,,,,,,,,,,,,,,,0.05000000000000001,8.498374721940739e-18,200.0,0.0,7.689895496961474,0.5021001950174577,10.071033718670991,2.3032659569915754,0.06333333333333334,0.020207259421636908,0.06,0.0304138126514911,0.48662500000000003,0.006084868527749771,0.4983624026561697,0.008169094318119742,0.48662500000000003,0.006084868527749771,,,0.0,0.0,0.0,0.0,200.0,0.0,200.0,0.0,0.0,0.0,0.0,0.0,,,0.0,0.0
diagnosis_controls,interface,synthetic,diagnosis,conditional_max | random3:1-2-3 | known_law_oracle,,,,,,,,,,,,,,,,,,,,,,,,,,,,,,,3,"[11, 12, 13]",interface,,,,,,,,,,,,,,,,,,,,,,,,,,,,,,,,,,,,,,,,,,,,,,,,,,,,,,,,,,,,,,,,,,,,,,,,,,,,,,,,,0.05000000000000001,8.498374721940739e-18,200.0,0.0,7.689895496961474,0.5021001950174577,10.071033718670991,2.3032659569915754,0.06333333333333334,0.020207259421636908,0.06,0.0304138126514911,0.48662500000000003,0.006084868527749771,0.4983624026561697,0.008169094318119742,0.48662500000000003,0.006084868527749771,,,0.0,0.0,0.0,0.0,200.0,0.0,200.0,0.0,0.0,0.0,0.0,0.0,,,0.0,0.0
diagnosis_controls,interface,synthetic,diagnosis,relational_max | random3:1-2-3 | known_law_oracle,,,,,,,,,,,,,,,,,,,,,,,,,,,,,,,3,"[11, 12, 13]",interface,,,,,,,,,,,,,,,,,,,,,,,,,,,,,,,,,,,,,,,,,,,,,,,,,,,,,,,,,,,,,,,,,,,,,,,,,,,,,,,,,0.05000000000000001,8.498374721940739e-18,200.0,0.0,0.0,0.0,0.0,0.0,0.0,0.0,0.0,0.0,0.5,0.0,0.5,0.0,0.5,0.0,,,0.0,0.0,0.0,0.0,200.0,0.0,200.0,0.0,0.0,0.0,0.0,0.0,,,0.0,0.0
diagnosis_controls,interface,synthetic,diagnosis,query bank0:0-1 | circuit,,,,,,,,,,,,,,,,,,,,,,,,,,,,,,,3,"[11, 12, 13]",interface,,,,,,,,,,,1.9073486328125e-06,4.76837158203125e-07,0.018981528000343435,0.004051740295627939,0.01273665300080514,0.00216076811832091,400.0,0.0,2.0,0.0,2.0,0.0,2.0,0.0,3.0,0.0,802.0,0.0,32.0,0.0,1.0,0.0,0.018817333333333332,0.004014823698910493,320800.0,0.0,25600.0,0.0,1600.0,0.0,51200.0,0.0,0.3373716076215108,0.06152570620090625,0.5498897532622019,0.07246959141614641,0.5790064732233683,0.070297775128701,-0.7750346660614014,0.20733777459241162,1.180373191833496,0.32933644498966536,,,,,,,,,,,,,,,,,,,,,,,,,,,,,,,,,,,,,,,,,,,,,,,,,,,,,,,,,,,,,,,,
diagnosis_controls,interface,synthetic,diagnosis,known-law error bank0:0-1 | circuit,,,,,,,,,,,,,,,,,,,,,,,,,,,,,,,3,"[11, 12, 13]",interface,,,,,,,,,,,,,,,,,,,,,,,,,,,,,,,,,,,,,,,,,,,,,,,,,,,,,1.9018872104728377,0.010383137256395543,2.075858499376902,0.03664364490423059,12.472012004037472,4.106588573386686,0.3798911636059052,0.06368795194452677,0.12120978871013825,0.020740897860094122,0.36857266507256975,0.03864043736907937,4.170452152028621,2.870454184905963,0.946883870606328,0.01177902182893472,1.780677434875721,0.030703364205578784,1.9653917198999185,0.042337757776008386,8.722923564948879,1.564981468925992,0.3507680350436791,0.04585385578632953,-2.023096847787178,0.011545293265390777,2.184919179042316,0.035236857734751395,,,,,,,,,,,,,,,,,,,,,,,,,,,,,,,,,,,,
diagnosis_controls,interface,synthetic,diagnosis,joint | bank0:0-1 | circuit,,,,,,,,,,,,,,,,,,,,,,,,,,,,,,,3,"[11, 12, 13]",interface,,,,,,,,,,,,,,,,,,,,,,,,,,,,,,,,,,,,,,,,,,,,,,,,,,,,,,,,,,,,,,,,,,,,,,,,,,,,,,,,,0.05000000000000001,8.498374721940739e-18,200.0,0.0,15.308621406555176,1.4886500017601862,22.92266019185384,6.345609762927547,0.06166666666666667,0.0404145188432738,0.06166666666666667,0.0404145188432738,0.5,0.0,0.5,0.0,0.5,0.0,,,0.0,0.0,200.0,0.0,0.0,0.0,0.0,0.0,0.0,0.0,0.0,0.0,,,0.0,0.0
diagnosis_controls,interface,synthetic,diagnosis,independent | bank0:0-1 | circuit,,,,,,,,,,,,,,,,,,,,,,,,,,,,,,,3,"[11, 12, 13]",interface,,,,,,,,,,,,,,,,,,,,,,,,,,,,,,,,,,,,,,,,,,,,,,,,,,,,,,,,,,,,,,,,,,,,,,,,,,,,,,,,,0.05000000000000001,8.498374721940739e-18,200.0,0.0,15.875529289245605,1.8486841323198524,23.527392705281574,6.465631987192687,0.06333333333333334,0.05484827557301445,0.06333333333333334,0.05484827557301445,0.5,0.0,0.5,0.0,0.5,0.0,,,0.0,0.0,200.0,0.0,0.0,0.0,0.0,0.0,0.0,0.0,0.0,0.0,,,0.0,0.0
diagnosis_controls,interface,synthetic,diagnosis,marginal_max | bank0:0-1 | circuit,,,,,,,,,,,,,,,,,,,,,,,,,,,,,,,3,"[11, 12, 13]",interface,,,,,,,,,,,,,,,,,,,,,,,,,,,,,,,,,,,,,,,,,,,,,,,,,,,,,,,,,,,,,,,,,,,,,,,,,,,,,,,,,0.05000000000000001,8.498374721940739e-18,200.0,0.0,8.87199592590332,0.8091612032546832,14.710841496785482,4.970790924311777,0.06,0.03605551275463989,0.06,0.03605551275463989,0.5,0.0,0.5,0.0,0.5,0.0,,,0.0,0.0,200.0,0.0,0.0,0.0,0.0,0.0,0.0,0.0,0.0,0.0,,,0.0,0.0
diagnosis_controls,interface,synthetic,diagnosis,conditional_max | bank0:0-1 | circuit,,,,,,,,,,,,,,,,,,,,,,,,,,,,,,,3,"[11, 12, 13]",interface,,,,,,,,,,,,,,,,,,,,,,,,,,,,,,,,,,,,,,,,,,,,,,,,,,,,,,,,,,,,,,,,,,,,,,,,,,,,,,,,,0.05000000000000001,8.498374721940739e-18,200.0,0.0,8.371124267578125,0.6742869924238217,14.128253618876139,4.7933328765512515,0.06166666666666667,0.03214550253664318,0.06166666666666667,0.03214550253664318,0.5,0.0,0.5,0.0,0.5,0.0,,,0.0,0.0,200.0,0.0,0.0,0.0,0.0,0.0,0.0,0.0,0.0,0.0,,,0.0,0.0
diagnosis_controls,interface,synthetic,diagnosis,relational_max | bank0:0-1 | circuit,,,,,,,,,,,,,,,,,,,,,,,,,,,,,,,3,"[11, 12, 13]",interface,,,,,,,,,,,,,,,,,,,,,,,,,,,,,,,,,,,,,,,,,,,,,,,,,,,,,,,,,,,,,,,,,,,,,,,,,,,,,,,,,0.05000000000000001,8.498374721940739e-18,200.0,0.0,0.6953679720560709,0.19702416151587293,3.3279593785603843,0.4441322829348051,0.06666666666666667,0.012583057392117916,0.06666666666666667,0.012583057392117916,0.5,0.0,0.5,0.0,0.5,0.0,,,0.0,0.0,200.0,0.0,0.0,0.0,0.0,0.0,0.0,0.0,0.0,0.0,,,0.0,0.0
diagnosis_controls,interface,synthetic,diagnosis,query bank0:0-1 | known_law_oracle,,,,,,,,,,,,,,,,,,,,,,,,,,,,,,,3,"[11, 12, 13]",interface,,,,,,,,,,,0.0,0.0,0.0011080279994833593,0.00023447744074553975,0.001059652998568102,0.00022830208654331613,400.0,0.0,2.0,0.0,2.0,0.0,2.0,0.0,3.0,0.0,0.0,0.0,0.0,0.0,1.0,0.0,0.0,0.0,0.0,0.0,0.0,0.0,1600.0,0.0,0.0,0.0,2.118048889511977,0.03141646701381385,2.28014607008394,0.029491370809877227,1.6978145196793875,0.13309930604048953,-0.7122084386461768,0.10227821996367469,5.087134179912623,0.3348361709035126,,,,,,,,,,,,,,,,,,,,,,,,,,,,,,,,,,,,,,,,,,,,,,,,,,,,,,,,,,,,,,,,
diagnosis_controls,interface,synthetic,diagnosis,known-law error bank0:0-1 | known_law_oracle,,,,,,,,,,,,,,,,,,,,,,,,,,,,,,,3,"[11, 12, 13]",interface,,,,,,,,,,,,,,,,,,,,,,,,,,,,,,,,,,,,,,,,,,,,,,,,,,,,,0.0,0.0,0.0,0.0,0.0,0.0,1.0,7.850462293418876e-17,0.0,0.0,0.0,0.0,0.0,0.0,1.0,7.850462293418876e-17,0.0,0.0,0.0,0.0,0.0,0.0,1.0,7.850462293418876e-17,0.0,0.0,0.0,0.0,,,,,,,,,,,,,,,,,,,,,,,,,,,,,,,,,,,,
diagnosis_controls,interface,synthetic,diagnosis,joint | bank0:0-1 | known_law_oracle,,,,,,,,,,,,,,,,,,,,,,,,,,,,,,,3,"[11, 12, 13]",interface,,,,,,,,,,,,,,,,,,,,,,,,,,,,,,,,,,,,,,,,,,,,,,,,,,,,,,,,,,,,,,,,,,,,,,,,,,,,,,,,,0.05000000000000001,8.498374721940739e-18,200.0,0.0,11.893229892798225,0.5687274688631019,12.178897972724068,2.250793680864722,0.06833333333333334,0.025658007197234416,0.06833333333333334,0.025658007197234416,0.5,0.0,0.5,0.0,0.5,0.0,,,0.0,0.0,200.0,0.0,0.0,0.0,0.0,0.0,0.0,0.0,0.0,0.0,,,0.0,0.0
diagnosis_controls,interface,synthetic,diagnosis,independent | bank0:0-1 | known_law_oracle,,,,,,,,,,,,,,,,,,,,,,,,,,,,,,,3,"[11, 12, 13]",interface,,,,,,,,,,,,,,,,,,,,,,,,,,,,,,,,,,,,,,,,,,,,,,,,,,,,,,,,,,,,,,,,,,,,,,,,,,,,,,,,,0.05000000000000001,8.498374721940739e-18,200.0,0.0,15.530203393921816,1.1097664954433233,19.581157822329033,4.553161015933234,0.056666666666666664,0.04752192476461084,0.056666666666666664,0.04752192476461084,0.5,0.0,0.5,0.0,0.5,0.0,,,0.0,0.0,200.0,0.0,0.0,0.0,0.0,0.0,0.0,0.0,0.0,0.0,,,0.0,0.0
diagnosis_controls,interface,synthetic,diagnosis,marginal_max | bank0:0-1 | known_law_oracle,,,,,,,,,,,,,,,,,,,,,,,,,,,,,,,3,"[11, 12, 13]",interface,,,,,,,,,,,,,,,,,,,,,,,,,,,,,,,,,,,,,,,,,,,,,,,,,,,,,,,,,,,,,,,,,,,,,,,,,,,,,,,,,0.05000000000000001,8.498374721940739e-18,200.0,0.0,8.50225676970686,0.8025616774679297,11.026607722604169,2.92788709015932,0.07166666666666667,0.05619905100029121,0.07166666666666667,0.05619905100029121,0.5,0.0,0.5,0.0,0.5,0.0,,,0.0,0.0,200.0,0.0,0.0,0.0,0.0,0.0,0.0,0.0,0.0,0.0,,,0.0,0.0
diagnosis_controls,interface,synthetic,diagnosis,conditional_max | bank0:0-1 | known_law_oracle,,,,,,,,,,,,,,,,,,,,,,,,,,,,,,,3,"[11, 12, 13]",interface,,,,,,,,,,,,,,,,,,,,,,,,,,,,,,,,,,,,,,,,,,,,,,,,,,,,,,,,,,,,,,,,,,,,,,,,,,,,,,,,,0.05000000000000001,8.498374721940739e-18,200.0,0.0,6.412057461380322,0.4208635318078273,7.401431090478628,1.076630163802171,0.055,0.02783882181415011,0.055,0.02783882181415011,0.5,0.0,0.5,0.0,0.5,0.0,,,0.0,0.0,200.0,0.0,0.0,0.0,0.0,0.0,0.0,0.0,0.0,0.0,,,0.0,0.0
diagnosis_controls,interface,synthetic,diagnosis,relational_max | bank0:0-1 | known_law_oracle,,,,,,,,,,,,,,,,,,,,,,,,,,,,,,,3,"[11, 12, 13]",interface,,,,,,,,,,,,,,,,,,,,,,,,,,,,,,,,,,,,,,,,,,,,,,,,,,,,,,,,,,,,,,,,,,,,,,,,,,,,,,,,,0.05000000000000001,8.498374721940739e-18,200.0,0.0,0.6755880722069408,0.3929988831887486,12.161940408549382,0.8837115701503796,0.05333333333333334,0.0202072594216369,0.05333333333333334,0.0202072594216369,0.5,0.0,0.5,0.0,0.5,0.0,,,0.0,0.0,200.0,0.0,0.0,0.0,0.0,0.0,0.0,0.0,0.0,0.0,,,0.0,0.0
diagnosis_controls,interface,synthetic,diagnosis,query single_sensor_0 | circuit,,,,,,,,,,,,,,,,,,,,,,,,,,,,,,,3,"[11, 12, 13]",interface,,,,,,,,,,,9.5367431640625e-07,0.0,0.018319944667988846,0.004376461278713209,0.011806527333343789,0.0029057790985364844,400.0,0.0,1.0,0.0,1.0,0.0,1.0,0.0,3.0,0.0,802.0,0.0,32.0,0.0,1.0,0.0,0.018166,0.004338797414030759,320800.0,0.0,25600.0,0.0,1600.0,0.0,51200.0,0.0,6.834665811084051e-08,2.0502726401399503e-07,2.7497608812154795e-07,4.0607064595048297e-08,3.5422061728240806e-07,1.8816013746388696e-08,-4.76837158203125e-07,0.0,6.357828776041666e-07,2.7530206164819037e-07,,,,,,,,,,,,,,,,,,,,,,,,,,,,,,,,,,,,,,,,,,,,,,,,,,,,,,,,,,,,,,,,
diagnosis_controls,interface,synthetic,diagnosis,known-law error single_sensor_0 | circuit,,,,,,,,,,,,,,,,,,,,,,,,,,,,,,,3,"[11, 12, 13]",interface,,,,,,,,,,,,,,,,,,,,,,,,,,,,,,,,,,,,,,,,,,,,,,,,,,,,,0.12701044096241418,0.02463883631445194,0.3599704478841615,0.033962269995043454,4.215343562327726,1.9284013663540396,0.9506225803813084,0.00856823540793011,0.12701044096241418,0.02463883631445194,0.3599704478841615,0.033962269995043454,4.215343562327726,1.9284013663540396,0.9506225803813084,0.00856823540793011,0.0,0.0,0.0,0.0,0.0,0.0,,,-0.12701037460257633,0.02463883069693608,0.3599703902663382,0.03396231430962806,,,,,,,,,,,,,,,,,,,,,,,,,,,,,,,,,,,,
diagnosis_controls,interface,synthetic,diagnosis,joint | single_sensor_0 | circuit,,,,,,,,,,,,,,,,,,,,,,,,,,,,,,,3,"[11, 12, 13]",interface,,,,,,,,,,,,,,,,,,,,,,,,,,,,,,,,,,,,,,,,,,,,,,,,,,,,,,,,,,,,,,,,,,,,,,,,,,,,,,,,,0.05000000000000001,8.498374721940739e-18,200.0,0.0,7.880660057067871,0.7549975346154271,12.895835558573404,3.0473698397983204,0.06833333333333334,0.036170890690351176,0.06999999999999999,0.02179449471770337,0.48780833333333334,0.004734602236020812,0.5005626640256177,0.004649763877575253,0.48780833333333334,0.004734602236020812,,,0.0,0.0,0.0,0.0,200.0,0.0,200.0,0.0,0.0,0.0,0.0,0.0,,,0.0,0.0
diagnosis_controls,interface,synthetic,diagnosis,independent | single_sensor_0 | circuit,,,,,,,,,,,,,,,,,,,,,,,,,,,,,,,3,"[11, 12, 13]",interface,,,,,,,,,,,,,,,,,,,,,,,,,,,,,,,,,,,,,,,,,,,,,,,,,,,,,,,,,,,,,,,,,,,,,,,,,,,,,,,,,0.05000000000000001,8.498374721940739e-18,200.0,0.0,7.880660692850749,0.7549980565888098,12.895834604899088,3.0473694620549128,0.06833333333333334,0.036170890690351176,0.06999999999999999,0.02179449471770337,0.48780833333333334,0.004734602236020812,0.5005626640256177,0.004649763877575253,0.48780833333333334,0.004734602236020812,,,0.0,0.0,0.0,0.0,200.0,0.0,200.0,0.0,0.0,0.0,0.0,0.0,,,0.0,0.0
diagnosis_controls,interface,synthetic,diagnosis,marginal_max | single_sensor_0 | circuit,,,,,,,,,,,,,,,,,,,,,,,,,,,,,,,3,"[11, 12, 13]",interface,,,,,,,,,,,,,,,,,,,,,,,,,,,,,,,,,,,,,,,,,,,,,,,,,,,,,,,,,,,,,,,,,,,,,,,,,,,,,,,,,0.05000000000000001,8.498374721940739e-18,200.0,0.0,7.880660692850749,0.7549980565888098,12.895834604899088,3.0473694620549128,0.06833333333333334,0.036170890690351176,0.06999999999999999,0.02179449471770337,0.48780833333333334,0.004734602236020812,0.5005626640256177,0.004649763877575253,0.48780833333333334,0.004734602236020812,,,0.0,0.0,0.0,0.0,200.0,0.0,200.0,0.0,0.0,0.0,0.0,0.0,,,0.0,0.0
diagnosis_controls,interface,synthetic,diagnosis,conditional_max | single_sensor_0 | circuit,,,,,,,,,,,,,,,,,,,,,,,,,,,,,,,3,"[11, 12, 13]",interface,,,,,,,,,,,,,,,,,,,,,,,,,,,,,,,,,,,,,,,,,,,,,,,,,,,,,,,,,,,,,,,,,,,,,,,,,,,,,,,,,0.05000000000000001,8.498374721940739e-18,200.0,0.0,7.880660692850749,0.7549980565888098,12.895834604899088,3.0473694620549128,0.06833333333333334,0.036170890690351176,0.06999999999999999,0.02179449471770337,0.48780833333333334,0.004734602236020812,0.5005626640256177,0.004649763877575253,0.48780833333333334,0.004734602236020812,,,0.0,0.0,0.0,0.0,200.0,0.0,200.0,0.0,0.0,0.0,0.0,0.0,,,0.0,0.0
diagnosis_controls,interface,synthetic,diagnosis,relational_max | single_sensor_0 | circuit,,,,,,,,,,,,,,,,,,,,,,,,,,,,,,,3,"[11, 12, 13]",interface,,,,,,,,,,,,,,,,,,,,,,,,,,,,,,,,,,,,,,,,,,,,,,,,,,,,,,,,,,,,,,,,,,,,,,,,,,,,,,,,,0.05000000000000001,8.498374721940739e-18,200.0,0.0,0.0,0.0,0.0,0.0,0.0,0.0,0.0,0.0,0.5,0.0,0.5,0.0,0.5,0.0,,,0.0,0.0,0.0,0.0,200.0,0.0,200.0,0.0,0.0,0.0,0.0,0.0,,,0.0,0.0
diagnosis_controls,interface,synthetic,diagnosis,query single_sensor_0 | known_law_oracle,,,,,,,,,,,,,,,,,,,,,,,,,,,,,,,3,"[11, 12, 13]",interface,,,,,,,,,,,0.0,0.0,0.0004938196677054899,0.00011012812904049426,0.00047680566664591123,0.00010098111993293759,400.0,0.0,1.0,0.0,1.0,0.0,1.0,0.0,2.0,0.0,0.0,0.0,0.0,0.0,1.0,0.0,0.0,0.0,0.0,0.0,0.0,0.0,1600.0,0.0,0.0,0.0,0.0,0.0,0.0,0.0,0.0,0.0,0.0,0.0,0.0,0.0,,,,,,,,,,,,,,,,,,,,,,,,,,,,,,,,,,,,,,,,,,,,,,,,,,,,,,,,,,,,,,,,
diagnosis_controls,interface,synthetic,diagnosis,known-law error single_sensor_0 | known_law_oracle,,,,,,,,,,,,,,,,,,,,,,,,,,,,,,,3,"[11, 12, 13]",interface,,,,,,,,,,,,,,,,,,,,,,,,,,,,,,,,,,,,,,,,,,,,,,,,,,,,,0.0,0.0,0.0,0.0,0.0,0.0,1.0,0.0,0.0,0.0,0.0,0.0,0.0,0.0,1.0,0.0,0.0,0.0,0.0,0.0,0.0,0.0,,,0.0,0.0,0.0,0.0,,,,,,,,,,,,,,,,,,,,,,,,,,,,,,,,,,,,
diagnosis_controls,interface,synthetic,diagnosis,joint | single_sensor_0 | known_law_oracle,,,,,,,,,,,,,,,,,,,,,,,,,,,,,,,3,"[11, 12, 13]",interface,,,,,,,,,,,,,,,,,,,,,,,,,,,,,,,,,,,,,,,,,,,,,,,,,,,,,,,,,,,,,,,,,,,,,,,,,,,,,,,,,0.05000000000000001,8.498374721940739e-18,200.0,0.0,7.689895496961474,0.5021001950174577,10.071033718670991,2.3032659569915754,0.06333333333333334,0.020207259421636908,0.06,0.0304138126514911,0.48662500000000003,0.006084868527749771,0.4983624026561697,0.008169094318119742,0.48662500000000003,0.006084868527749771,,,0.0,0.0,0.0,0.0,200.0,0.0,200.0,0.0,0.0,0.0,0.0,0.0,,,0.0,0.0
diagnosis_controls,interface,synthetic,diagnosis,independent | single_sensor_0 | known_law_oracle,,,,,,,,,,,,,,,,,,,,,,,,,,,,,,,3,"[11, 12, 13]",interface,,,,,,,,,,,,,,,,,,,,,,,,,,,,,,,,,,,,,,,,,,,,,,,,,,,,,,,,,,,,,,,,,,,,,,,,,,,,,,,,,0.05000000000000001,8.498374721940739e-18,200.0,0.0,7.689895496961474,0.5021001950174577,10.071033718670991,2.3032659569915754,0.06333333333333334,0.020207259421636908,0.06,0.0304138126514911,0.48662500000000003,0.006084868527749771,0.4983624026561697,0.008169094318119742,0.48662500000000003,0.006084868527749771,,,0.0,0.0,0.0,0.0,200.0,0.0,200.0,0.0,0.0,0.0,0.0,0.0,,,0.0,0.0
diagnosis_controls,interface,synthetic,diagnosis,marginal_max | single_sensor_0 | known_law_oracle,,,,,,,,,,,,,,,,,,,,,,,,,,,,,,,3,"[11, 12, 13]",interface,,,,,,,,,,,,,,,,,,,,,,,,,,,,,,,,,,,,,,,,,,,,,,,,,,,,,,,,,,,,,,,,,,,,,,,,,,,,,,,,,0.05000000000000001,8.498374721940739e-18,200.0,0.0,7.689895496961474,0.5021001950174577,10.071033718670991,2.3032659569915754,0.06333333333333334,0.020207259421636908,0.06,0.0304138126514911,0.48662500000000003,0.006084868527749771,0.4983624026561697,0.008169094318119742,0.48662500000000003,0.006084868527749771,,,0.0,0.0,0.0,0.0,200.0,0.0,200.0,0.0,0.0,0.0,0.0,0.0,,,0.0,0.0
diagnosis_controls,interface,synthetic,diagnosis,conditional_max | single_sensor_0 | known_law_oracle,,,,,,,,,,,,,,,,,,,,,,,,,,,,,,,3,"[11, 12, 13]",interface,,,,,,,,,,,,,,,,,,,,,,,,,,,,,,,,,,,,,,,,,,,,,,,,,,,,,,,,,,,,,,,,,,,,,,,,,,,,,,,,,0.05000000000000001,8.498374721940739e-18,200.0,0.0,7.689895496961474,0.5021001950174577,10.071033718670991,2.3032659569915754,0.06333333333333334,0.020207259421636908,0.06,0.0304138126514911,0.48662500000000003,0.006084868527749771,0.4983624026561697,0.008169094318119742,0.48662500000000003,0.006084868527749771,,,0.0,0.0,0.0,0.0,200.0,0.0,200.0,0.0,0.0,0.0,0.0,0.0,,,0.0,0.0
diagnosis_controls,interface,synthetic,diagnosis,relational_max | single_sensor_0 | known_law_oracle,,,,,,,,,,,,,,,,,,,,,,,,,,,,,,,3,"[11, 12, 13]",interface,,,,,,,,,,,,,,,,,,,,,,,,,,,,,,,,,,,,,,,,,,,,,,,,,,,,,,,,,,,,,,,,,,,,,,,,,,,,,,,,,0.05000000000000001,8.498374721940739e-18,200.0,0.0,0.0,0.0,0.0,0.0,0.0,0.0,0.0,0.0,0.5,0.0,0.5,0.0,0.5,0.0,,,0.0,0.0,0.0,0.0,200.0,0.0,200.0,0.0,0.0,0.0,0.0,0.0,,,0.0,0.0
diagnosis_controls,conditional,synthetic,diagnosis,model,1.9868214925130207e-08,1.2407696243918735e-07,64.0,0.0,57.0,0.0,240.0,0.0,361.0,0.0,1488.0,0.0,1077.3333333333333,143.18286675902718,134.66666666666666,17.897858344878397,113.33333333333333,24.5017006212494,19.278789520263672,0.3816466172598965,9.458289702733358,1.1467869017297991,19.11451729138692,0.24662556425486018,0.02,0.0,150.0,0.0,128.0,0.0,3,"[11, 12, 13]",conditional,,,,,,,,,,,,,,,,,,,,,,,,,,,,,,,,,,,,,,,,,,,,,,,,,,,,,,,,,,,,,,,,,,,,,,,,,,,,,,,,,,,,,,,,,,,,,,,,,,,,,,,,,,,,,,,,,,,,
diagnosis_controls,conditional,synthetic,diagnosis,shortcut audit,,,,,,,,,,,,,,,,,,,,,,,,,,,,,,,3,"[11, 12, 13]",conditional,0.48155,0.02226208941227215,0.0,0.0,400.0,0.0,400.0,0.0,10.0,0.0,,,,,,,,,,,,,,,,,,,,,,,,,,,,,,,,,,,,,,,,,,,,,,,,,,,,,,,,,,,,,,,,,,,,,,,,,,,,,,,,,,,,,,,,,,,,,,,,,,,,,,,,,,
diagnosis_controls,conditional,synthetic,diagnosis,query full | circuit,,,,,,,,,,,,,,,,,,,,,,,,,,,,,,,3,"[11, 12, 13]",conditional,,,,,,,,,,,4.450480143229167e-06,1.1012082465927617e-06,0.00686479233384792,5.8584651279570374e-05,0.004290582998995281,0.0001685249118178124,400.0,0.0,4.0,0.0,4.0,0.0,4.0,0.0,3.0,0.0,450.0,0.0,16.0,0.0,1.0,0.0,0.006793,5.444263035526465e-05,180000.0,0.0,12800.0,0.0,1600.0,0.0,25600.0,0.0,1.0056249698003132,0.1268862278723616,1.4576455354690552,0.05643872106396546,1.3728402455647786,0.16891625200636917,-1.5041224559148152,0.4228521750959398,2.954557259877523,0.513102029588783,,,,,,,,,,,,,,,,,,,,,,,,,,,,,,,,,,,,,,,,,,,,,,,,,,,,,,,,,,,,,,,,
diagnosis_controls,conditional,synthetic,diagnosis,known-law error full | circuit,,,,,,,,,,,,,,,,,,,,,,,,,,,,,,,3,"[11, 12, 13]",conditional,,,,,,,,,,,,,,,,,,,,,,,,,,,,,,,,,,,,,,,,,,,,,,,,,,,,,0.7745906184410102,0.10427181787046197,3.0632997042811927,0.12828365570426484,44.67535772196936,12.916370561007732,0.4695651777246191,0.05160365106038996,0.1210658986302355,0.007872924819072643,0.3762470803468912,0.016215917075975965,5.625836744818393,2.031041339661562,0.942468798101861,0.0035092312205907694,0.6535247286521303,0.09711116562253162,2.981182281751901,0.1274205513405475,45.15684616541813,12.635848176419618,0.5026493506044462,0.027506691026552305,-1.8692389528762854,0.32968734883710904,6.461115494418327,0.3714653810692186,,,,,,,,,,,,,,,,,,,,,,,,,,,,,,,,,,,,
diagnosis_controls,conditional,synthetic,diagnosis,joint | full | circuit,,,,,,,,,,,,,,,,,,,,,,,,,,,,,,,3,"[11, 12, 13]",conditional,,,,,,,,,,,,,,,,,,,,,,,,,,,,,,,,,,,,,,,,,,,,,,,,,,,,,,,,,,,,,,,,,,,,,,,,,,,,,,,,,0.05000000000000001,8.498374721940739e-18,200.0,0.0,29.716994603474934,2.464912221084845,43.44668197631836,13.894463411277975,0.051666666666666666,0.04193248541803042,0.06666666666666667,0.05686240703077327,0.5991083333333335,0.008465456770507605,0.5589069168901446,0.00610045613906481,0.5991083333333335,0.008465456770507605,0.63625,0.01964529205687712,200.0,0.0,0.0,0.0,0.0,0.0,0.0,0.0,200.0,0.0,186.66666666666666,11.372481406154654,0.4366666666666667,0.022546248764114492,0.03,0.01802775637731995
diagnosis_controls,conditional,synthetic,diagnosis,independent | full | circuit,,,,,,,,,,,,,,,,,,,,,,,,,,,,,,,3,"[11, 12, 13]",conditional,,,,,,,,,,,,,,,,,,,,,,,,,,,,,,,,,,,,,,,,,,,,,,,,,,,,,,,,,,,,,,,,,,,,,,,,,,,,,,,,,0.05000000000000001,8.498374721940739e-18,200.0,0.0,31.917680104573567,2.8132310589346097,45.35337702433268,13.060794912634373,0.049999999999999996,0.03905124837953327,0.03,0.026457513110645904,0.5243666666666666,0.002588717507441365,0.4970881330351837,0.0016789176891959408,0.5243666666666666,0.002588717507441365,0.5466666666666665,0.0130968613712514,200.0,0.0,0.0,0.0,0.0,0.0,0.0,0.0,200.0,0.0,194.0,5.291502622129181,0.33666666666666667,0.015275252316519456,0.005,0.005
diagnosis_controls,conditional,synthetic,diagnosis,marginal_max | full | circuit,,,,,,,,,,,,,,,,,,,,,,,,,,,,,,,3,"[11, 12, 13]",conditional,,,,,,,,,,,,,,,,,,,,,,,,,,,,,,,,,,,,,,,,,,,,,,,,,,,,,,,,,,,,,,,,,,,,,,,,,,,,,,,,,0.05000000000000001,8.498374721940739e-18,200.0,0.0,10.003398895263672,1.0571480042819346,16.28182379404704,2.4319396819682653,0.04,0.02645751311064591,0.04833333333333334,0.041633319989322654,0.565975,0.007386675080846571,0.5432842008747863,0.0010205714253250487,0.565975,0.007386675080846571,0.5466666666666665,0.0130968613712514,200.0,0.0,0.0,0.0,0.0,0.0,0.0,0.0,200.0,0.0,190.33333333333334,8.32666399786453,0.33666666666666667,0.015275252316519456,0.018333333333333333,0.015275252316519468
diagnosis_controls,conditional,synthetic,diagnosis,conditional_max | full | circuit,,,,,,,,,,,,,,,,,,,,,,,,,,,,,,,3,"[11, 12, 13]",conditional,,,,,,,,,,,,,,,,,,,,,,,,,,,,,,,,,,,,,,,,,,,,,,,,,,,,,,,,,,,,,,,,,,,,,,,,,,,,,,,,,0.05000000000000001,8.498374721940739e-18,200.0,0.0,9.55523681640625,0.7698354516938648,15.596669514973959,3.007891551388009,0.041666666666666664,0.02254624876411447,0.12666666666666668,0.05131601439446884,0.65125,0.009378299419404336,0.6522351797908921,0.01344533593124462,0.65125,0.009378299419404336,0.63625,0.01964529205687712,200.0,0.0,0.0,0.0,0.0,0.0,0.0,0.0,200.0,0.0,174.66666666666666,10.263202878893768,0.4366666666666667,0.022546248764114492,0.09333333333333332,0.024664414311581236
diagnosis_controls,conditional,synthetic,diagnosis,relational_max | full | circuit,,,,,,,,,,,,,,,,,,,,,,,,,,,,,,,3,"[11, 12, 13]",conditional,,,,,,,,,,,,,,,,,,,,,,,,,,,,,,,,,,,,,,,,,,,,,,,,,,,,,,,,,,,,,,,,,,,,,,,,,,,,,,,,,0.05000000000000001,8.498374721940739e-18,200.0,0.0,1.8044824600219727,0.16599523444783537,7.36329968770345,0.747288339457979,0.07500000000000001,0.056789083458002744,0.32833333333333337,0.06251666444503687,0.7179500000000001,0.022479056224628268,0.7466774830686832,0.011218015384643017,0.7179500000000001,0.022479056224628268,0.7040277777777778,0.0188990985479711,200.0,0.0,0.0,0.0,0.0,0.0,0.0,0.0,200.0,0.0,134.33333333333334,12.503332889007368,0.5233333333333333,0.038188130791298645,0.26499999999999996,0.04330127018922194
diagnosis_controls,conditional,synthetic,diagnosis,query full | known_law_oracle,,,,,,,,,,,,,,,,,,,,,,,,,,,,,,,3,"[11, 12, 13]",conditional,,,,,,,,,,,0.0,0.0,0.0017686806665248393,2.8997040488939218e-05,0.001496083667007042,8.501076787740229e-05,400.0,0.0,4.0,0.0,4.0,0.0,4.0,0.0,5.0,0.0,0.0,0.0,0.0,0.0,1.0,0.0,0.0,0.0,0.0,0.0,0.0,0.0,1600.0,0.0,0.0,0.0,7.458060888417314,0.25529820977805073,7.487742644178159,0.25596136975985045,4.29311638370771,0.41949207003236205,1.7165980586251164,0.2537650127276923,15.199188680483672,0.48829298369248797,,,,,,,,,,,,,,,,,,,,,,,,,,,,,,,,,,,,,,,,,,,,,,,,,,,,,,,,,,,,,,,,
diagnosis_controls,conditional,synthetic,diagnosis,known-law error full | known_law_oracle,,,,,,,,,,,,,,,,,,,,,,,,,,,,,,,3,"[11, 12, 13]",conditional,,,,,,,,,,,,,,,,,,,,,,,,,,,,,,,,,,,,,,,,,,,,,,,,,,,,,0.0,0.0,0.0,0.0,0.0,0.0,1.0,1.5700924586837752e-16,0.0,0.0,0.0,0.0,0.0,0.0,1.0,7.850462293418876e-17,0.0,0.0,0.0,0.0,0.0,0.0,0.9999999999999999,1.1102230246251565e-16,0.0,0.0,0.0,0.0,,,,,,,,,,,,,,,,,,,,,,,,,,,,,,,,,,,,
diagnosis_controls,conditional,synthetic,diagnosis,joint | full | known_law_oracle,,,,,,,,,,,,,,,,,,,,,,,,,,,,,,,3,"[11, 12, 13]",conditional,,,,,,,,,,,,,,,,,,,,,,,,,,,,,,,,,,,,,,,,,,,,,,,,,,,,,,,,,,,,,,,,,,,,,,,,,,,,,,,,,0.05000000000000001,8.498374721940739e-18,200.0,0.0,17.91450230193044,0.8029985958891804,63.27637329993559,16.883520915475263,0.06166666666666667,0.03752776749732568,0.6849999999999999,0.03499999999999997,0.888475,0.0024337471109381866,0.9132739110151573,0.001032124340263655,0.888475,0.0024337471109381866,0.938888888888889,0.004455281925651481,200.0,0.0,0.0,0.0,0.0,0.0,0.0,0.0,200.0,0.0,63.0,7.0,0.8916666666666667,0.012583057392117928,0.6633333333333334,0.028867513459481315
diagnosis_controls,conditional,synthetic,diagnosis,independent | full | known_law_oracle,,,,,,,,,,,,,,,,,,,,,,,,,,,,,,,3,"[11, 12, 13]",conditional,,,,,,,,,,,,,,,,,,,,,,,,,,,,,,,,,,,,,,,,,,,,,,,,,,,,,,,,,,,,,,,,,,,,,,,,,,,,,,,,,0.05000000000000001,8.498374721940739e-18,200.0,0.0,30.394810637944857,1.7456559266015603,37.673969515783064,12.89465205486235,0.05000000000000001,0.03,0.03333333333333333,0.020816659994661327,0.5234166666666666,0.004127070187594757,0.4953227809589944,0.004301656105251656,0.5234166666666666,0.004127070187594757,0.5505555555555555,0.020165690977315714,200.0,0.0,0.0,0.0,0.0,0.0,0.0,0.0,200.0,0.0,193.33333333333334,4.163331998932265,0.34,0.027838821814150105,0.0033333333333333335,0.002886751345948129
diagnosis_controls,conditional,synthetic,diagnosis,marginal_max | full | known_law_oracle,,,,,,,,,,,,,,,,,,,,,,,,,,,,,,,3,"[11, 12, 13]",conditional,,,,,,,,,,,,,,,,,,,,,,,,,,,,,,,,,,,,,,,,,,,,,,,,,,,,,,,,,,,,,,,,,,,,,,,,,,,,,,,,,0.05000000000000001,8.498374721940739e-18,200.0,0.0,9.192884101667678,0.7963954592303953,11.261155906764195,2.2620011769434365,0.055,0.030000000000000002,0.06666666666666667,0.05131601439446884,0.5722833333333334,0.003110122920936335,0.5452595549502569,0.009046311259488038,0.5722833333333334,0.003110122920936335,0.5505555555555555,0.020165690977315714,200.0,0.0,0.0,0.0,0.0,0.0,0.0,0.0,200.0,0.0,186.66666666666666,10.263202878893768,0.34,0.027838821814150105,0.021666666666666667,0.018929694486000914
diagnosis_controls,conditional,synthetic,diagnosis,conditional_max | full | known_law_oracle,,,,,,,,,,,,,,,,,,,,,,,,,,,,,,,3,"[11, 12, 13]",conditional,,,,,,,,,,,,,,,,,,,,,,,,,,,,,,,,,,,,,,,,,,,,,,,,,,,,,,,,,,,,,,,,,,,,,,,,,,,,,,,,,0.05000000000000001,8.498374721940739e-18,200.0,0.0,6.570335063123905,0.3806081608724651,56.5530306920135,14.130245034599612,0.055,0.013228756555322957,0.7683333333333332,0.02466441431158126,0.9254000000000001,0.00731368580129059,0.9409425870159445,0.006300026681139945,0.9254000000000001,0.00731368580129059,0.938888888888889,0.004455281925651481,200.0,0.0,0.0,0.0,0.0,0.0,0.0,0.0,200.0,0.0,46.333333333333336,4.932882862316248,0.8916666666666667,0.012583057392117928,0.745,0.02291287847477922
diagnosis_controls,conditional,synthetic,diagnosis,relational_max | full | known_law_oracle,,,,,,,,,,,,,,,,,,,,,,,,,,,,,,,3,"[11, 12, 13]",conditional,,,,,,,,,,,,,,,,,,,,,,,,,,,,,,,,,,,,,,,,,,,,,,,,,,,,,,,,,,,,,,,,,,,,,,,,,,,,,,,,,0.05000000000000001,8.498374721940739e-18,200.0,0.0,1.607312492223131,0.46954375487359784,58.44267898830007,15.161917675638659,0.05000000000000001,0.020000000000000004,0.7966666666666667,0.057951128835712365,0.9431249999999999,0.012824561396008816,0.9551837990249066,0.009499754655342517,0.9431249999999999,0.012824561396008816,0.9362499999999999,0.010316182002616494,200.0,0.0,0.0,0.0,0.0,0.0,0.0,0.0,200.0,0.0,40.666666666666664,11.590225767142474,0.8883333333333333,0.023094010767585053,0.7733333333333333,0.060069404303133664
diagnosis_controls,conditional,synthetic,diagnosis,query random1:0 | circuit,,,,,,,,,,,,,,,,,,,,,,,,,,,,,,,3,"[11, 12, 13]",conditional,,,,,,,,,,,3.337860107421875e-06,4.76837158203125e-07,0.006521930667076958,0.00013345307726573844,0.004199889334510469,0.0001479884960208178,400.0,0.0,3.0,0.0,3.0,0.0,3.0,0.0,3.0,0.0,450.0,0.0,16.0,0.0,1.0,0.0,0.006436999999999999,0.00012150308638055242,180000.0,0.0,12800.0,0.0,1600.0,0.0,25600.0,0.0,0.6239635547002157,0.05850985607587745,0.9833569725354513,0.023366372505241803,0.9582450787226359,0.07177567981645083,-1.1309476892153423,0.25435628671787264,1.897192080815633,0.08697347457005604,,,,,,,,,,,,,,,,,,,,,,,,,,,,,,,,,,,,,,,,,,,,,,,,,,,,,,,,,,,,,,,,
diagnosis_controls,conditional,synthetic,diagnosis,known-law error random1:0 | circuit,,,,,,,,,,,,,,,,,,,,,,,,,,,,,,,3,"[11, 12, 13]",conditional,,,,,,,,,,,,,,,,,,,,,,,,,,,,,,,,,,,,,,,,,,,,,,,,,,,,,2.3109743607582054,0.08340147426068545,2.4640787612698243,0.06227099901248928,13.736654187730272,5.005938667547135,0.3149087756809465,0.07099060064510815,0.11596730591057253,0.013316612544432005,0.3822139481937929,0.02217271290352378,4.362627096748309,2.80071214847252,0.9410400129402486,0.0053890821092463905,2.1950070540529043,0.07009006406909496,2.3612708323360496,0.04362339076444595,10.616053384062244,2.506283108433592,0.3163971633921289,0.0576989932797382,-4.351255310359872,0.1718569795719567,4.417728459674383,0.13558910629719587,,,,,,,,,,,,,,,,,,,,,,,,,,,,,,,,,,,,
diagnosis_controls,conditional,synthetic,diagnosis,joint | random1:0 | circuit,,,,,,,,,,,,,,,,,,,,,,,,,,,,,,,3,"[11, 12, 13]",conditional,,,,,,,,,,,,,,,,,,,,,,,,,,,,,,,,,,,,,,,,,,,,,,,,,,,,,,,,,,,,,,,,,,,,,,,,,,,,,,,,,0.05000000000000001,8.498374721940739e-18,200.0,0.0,22.40933354695638,2.17217237778459,34.097391764322914,13.836633273612383,0.05666666666666667,0.05575242894559243,0.05666666666666667,0.05575242894559243,0.5,0.0,0.5,0.0,0.5,0.0,,,0.0,0.0,200.0,0.0,0.0,0.0,0.0,0.0,0.0,0.0,0.0,0.0,,,0.0,0.0
diagnosis_controls,conditional,synthetic,diagnosis,independent | random1:0 | circuit,,,,,,,,,,,,,,,,,,,,,,,,,,,,,,,3,"[11, 12, 13]",conditional,,,,,,,,,,,,,,,,,,,,,,,,,,,,,,,,,,,,,,,,,,,,,,,,,,,,,,,,,,,,,,,,,,,,,,,,,,,,,,,,,0.05000000000000001,8.498374721940739e-18,200.0,0.0,23.974899291992188,2.085304406115566,35.34588750203451,13.397745056030491,0.045000000000000005,0.035,0.045000000000000005,0.035,0.5,0.0,0.5,0.0,0.5,0.0,,,0.0,0.0,200.0,0.0,0.0,0.0,0.0,0.0,0.0,0.0,0.0,0.0,,,0.0,0.0
diagnosis_controls,conditional,synthetic,diagnosis,marginal_max | random1:0 | circuit,,,,,,,,,,,,,,,,,,,,,,,,,,,,,,,3,"[11, 12, 13]",conditional,,,,,,,,,,,,,,,,,,,,,,,,,,,,,,,,,,,,,,,,,,,,,,,,,,,,,,,,,,,,,,,,,,,,,,,,,,,,,,,,,0.05000000000000001,8.498374721940739e-18,200.0,0.0,9.416388829549154,0.8784465228127496,14.44231128692627,5.304904594837995,0.04666666666666667,0.02753785273643051,0.04666666666666667,0.02753785273643051,0.5,0.0,0.5,0.0,0.5,0.0,,,0.0,0.0,200.0,0.0,0.0,0.0,0.0,0.0,0.0,0.0,0.0,0.0,,,0.0,0.0
diagnosis_controls,conditional,synthetic,diagnosis,conditional_max | random1:0 | circuit,,,,,,,,,,,,,,,,,,,,,,,,,,,,,,,3,"[11, 12, 13]",conditional,,,,,,,,,,,,,,,,,,,,,,,,,,,,,,,,,,,,,,,,,,,,,,,,,,,,,,,,,,,,,,,,,,,,,,,,,,,,,,,,,0.05000000000000001,8.498374721940739e-18,200.0,0.0,9.070843060811361,0.9971623433722014,13.894229729970297,5.714646130085058,0.04833333333333333,0.038188130791298666,0.04833333333333333,0.038188130791298666,0.5,0.0,0.5,0.0,0.5,0.0,,,0.0,0.0,200.0,0.0,0.0,0.0,0.0,0.0,0.0,0.0,0.0,0.0,,,0.0,0.0
diagnosis_controls,conditional,synthetic,diagnosis,relational_max | random1:0 | circuit,,,,,,,,,,,,,,,,,,,,,,,,,,,,,,,3,"[11, 12, 13]",conditional,,,,,,,,,,,,,,,,,,,,,,,,,,,,,,,,,,,,,,,,,,,,,,,,,,,,,,,,,,,,,,,,,,,,,,,,,,,,,,,,,0.05000000000000001,8.498374721940739e-18,200.0,0.0,1.3479715983072917,0.04339116413195609,3.838251749674479,0.4588552925190345,0.06666666666666667,0.024664414311581236,0.06666666666666667,0.024664414311581236,0.5,0.0,0.5,0.0,0.5,0.0,,,0.0,0.0,200.0,0.0,0.0,0.0,0.0,0.0,0.0,0.0,0.0,0.0,,,0.0,0.0
diagnosis_controls,conditional,synthetic,diagnosis,query random1:0 | known_law_oracle,,,,,,,,,,,,,,,,,,,,,,,,,,,,,,,3,"[11, 12, 13]",conditional,,,,,,,,,,,0.0,0.0,0.0014439306675437062,0.00022088505295932094,0.0011556249980155069,5.170432141382759e-05,400.0,0.0,3.0,0.0,3.0,0.0,3.0,0.0,4.0,0.0,0.0,0.0,0.0,0.0,1.0,0.0,0.0,0.0,0.0,0.0,0.0,0.0,1600.0,0.0,0.0,0.0,4.627316966401856,0.16307299118556964,4.712017089467656,0.11676318793947561,3.026830896452991,0.2586339937212524,0.4658740226593728,0.3384785170764952,9.77032003486938,0.6432838298811988,,,,,,,,,,,,,,,,,,,,,,,,,,,,,,,,,,,,,,,,,,,,,,,,,,,,,,,,,,,,,,,,
diagnosis_controls,conditional,synthetic,diagnosis,known-law error random1:0 | known_law_oracle,,,,,,,,,,,,,,,,,,,,,,,,,,,,,,,3,"[11, 12, 13]",conditional,,,,,,,,,,,,,,,,,,,,,,,,,,,,,,,,,,,,,,,,,,,,,,,,,,,,,0.0,0.0,0.0,0.0,0.0,0.0,1.0,1.1102230246251565e-16,0.0,0.0,0.0,0.0,0.0,0.0,1.0,0.0,0.0,0.0,0.0,0.0,0.0,0.0,1.0,0.0,0.0,0.0,0.0,0.0,,,,,,,,,,,,,,,,,,,,,,,,,,,,,,,,,,,,
diagnosis_controls,conditional,synthetic,diagnosis,joint | random1:0 | known_law_oracle,,,,,,,,,,,,,,,,,,,,,,,,,,,,,,,3,"[11, 12, 13]",conditional,,,,,,,,,,,,,,,,,,,,,,,,,,,,,,,,,,,,,,,,,,,,,,,,,,,,,,,,,,,,,,,,,,,,,,,,,,,,,,,,,0.05000000000000001,8.498374721940739e-18,200.0,0.0,14.935343620961225,0.6200248163381805,13.974248921396907,2.140536873776643,0.056666666666666664,0.02254624876411447,0.056666666666666664,0.02254624876411447,0.5,0.0,0.5,0.0,0.5,0.0,,,0.0,0.0,200.0,0.0,0.0,0.0,0.0,0.0,0.0,0.0,0.0,0.0,,,0.0,0.0
diagnosis_controls,conditional,synthetic,diagnosis,independent | random1:0 | known_law_oracle,,,,,,,,,,,,,,,,,,,,,,,,,,,,,,,3,"[11, 12, 13]",conditional,,,,,,,,,,,,,,,,,,,,,,,,,,,,,,,,,,,,,,,,,,,,,,,,,,,,,,,,,,,,,,,,,,,,,,,,,,,,,,,,,0.05000000000000001,8.498374721940739e-18,200.0,0.0,23.064225268769338,1.4580430040976473,29.455796539991923,8.71210378294894,0.049999999999999996,0.04272001872658766,0.049999999999999996,0.04272001872658766,0.5,0.0,0.5,0.0,0.5,0.0,,,0.0,0.0,200.0,0.0,0.0,0.0,0.0,0.0,0.0,0.0,0.0,0.0,,,0.0,0.0
diagnosis_controls,conditional,synthetic,diagnosis,marginal_max | random1:0 | known_law_oracle,,,,,,,,,,,,,,,,,,,,,,,,,,,,,,,3,"[11, 12, 13]",conditional,,,,,,,,,,,,,,,,,,,,,,,,,,,,,,,,,,,,,,,,,,,,,,,,,,,,,,,,,,,,,,,,,,,,,,,,,,,,,,,,,0.05000000000000001,8.498374721940739e-18,200.0,0.0,8.867459059957293,0.8315980696454699,10.961353536093142,2.848882890820819,0.06333333333333334,0.04856267428111155,0.06333333333333334,0.04856267428111155,0.5,0.0,0.5,0.0,0.5,0.0,,,0.0,0.0,200.0,0.0,0.0,0.0,0.0,0.0,0.0,0.0,0.0,0.0,,,0.0,0.0
diagnosis_controls,conditional,synthetic,diagnosis,conditional_max | random1:0 | known_law_oracle,,,,,,,,,,,,,,,,,,,,,,,,,,,,,,,3,"[11, 12, 13]",conditional,,,,,,,,,,,,,,,,,,,,,,,,,,,,,,,,,,,,,,,,,,,,,,,,,,,,,,,,,,,,,,,,,,,,,,,,,,,,,,,,,0.05000000000000001,8.498374721940739e-18,200.0,0.0,6.471471241677171,0.48829282531222534,8.361070651078274,1.3635006876038969,0.045000000000000005,0.013228756555322954,0.045000000000000005,0.013228756555322954,0.5,0.0,0.5,0.0,0.5,0.0,,,0.0,0.0,200.0,0.0,0.0,0.0,0.0,0.0,0.0,0.0,0.0,0.0,,,0.0,0.0
diagnosis_controls,conditional,synthetic,diagnosis,relational_max | random1:0 | known_law_oracle,,,,,,,,,,,,,,,,,,,,,,,,,,,,,,,3,"[11, 12, 13]",conditional,,,,,,,,,,,,,,,,,,,,,,,,,,,,,,,,,,,,,,,,,,,,,,,,,,,,,,,,,,,,,,,,,,,,,,,,,,,,,,,,,0.05000000000000001,8.498374721940739e-18,200.0,0.0,1.4754989400425194,0.4936331413940235,13.103990108532907,2.5043772474858463,0.05000000000000001,0.020000000000000004,0.05000000000000001,0.020000000000000004,0.5,0.0,0.5,0.0,0.5,0.0,,,0.0,0.0,200.0,0.0,0.0,0.0,0.0,0.0,0.0,0.0,0.0,0.0,,,0.0,0.0
diagnosis_controls,conditional,synthetic,diagnosis,query random2:1-2 | circuit,,,,,,,,,,,,,,,,,,,,,,,,,,,,,,,3,"[11, 12, 13]",conditional,,,,,,,,,,,1.9073486328125e-06,0.0,0.0065531666671934845,0.0002146755245686042,0.0041293193329086835,2.0420097612411495e-05,400.0,0.0,2.0,0.0,2.0,0.0,2.0,0.0,3.0,0.0,450.0,0.0,16.0,0.0,1.0,0.0,0.0064793333333333335,0.00021282935261221223,180000.0,0.0,12800.0,0.0,1600.0,0.0,25600.0,0.0,0.3046410183111827,0.044866490985196676,0.5363969206809998,0.0979347486997375,0.5525323748588562,0.16382112679279023,-0.7505096892515818,0.35981359602714713,1.016057550907135,0.38528800131153984,,,,,,,,,,,,,,,,,,,,,,,,,,,,,,,,,,,,,,,,,,,,,,,,,,,,,,,,,,,,,,,,
diagnosis_controls,conditional,synthetic,diagnosis,known-law error random2:1-2 | circuit,,,,,,,,,,,,,,,,,,,,,,,,,,,,,,,3,"[11, 12, 13]",conditional,,,,,,,,,,,,,,,,,,,,,,,,,,,,,,,,,,,,,,,,,,,,,,,,,,,,,-1.2499632096607607,0.2361569818955217,3.526954965975951,0.3022105005420622,26.191560929598552,7.516320000578152,0.5688625076252029,0.05328754640263457,0.13001211312480818,0.019458057927966416,0.38562869195695787,0.038768113260467606,4.139601794444425,1.454444413140796,0.9449799603806616,0.002943280821802743,-1.379975316825104,0.24970132655047314,3.50488411459292,0.30058625757021223,26.28509326742238,7.320772201182923,0.5162933897194565,0.08500875015279755,1.1199511315040107,0.22348765468314197,3.55358983654352,0.3117992358619359,,,,,,,,,,,,,,,,,,,,,,,,,,,,,,,,,,,,
diagnosis_controls,conditional,synthetic,diagnosis,joint | random2:1-2 | circuit,,,,,,,,,,,,,,,,,,,,,,,,,,,,,,,3,"[11, 12, 13]",conditional,,,,,,,,,,,,,,,,,,,,,,,,,,,,,,,,,,,,,,,,,,,,,,,,,,,,,,,,,,,,,,,,,,,,,,,,,,,,,,,,,0.05000000000000001,8.498374721940739e-18,200.0,0.0,14.957667350769043,0.7849490736396388,22.428335189819336,4.093926447496108,0.07,0.019999999999999997,0.08833333333333333,0.02254624876411447,0.5949666666666666,0.014374768114071743,0.5669013536309908,0.015089798485827125,0.5949666666666666,0.014374768114071743,0.7416666666666667,0.01233220715579061,200.0,0.0,0.0,0.0,0.0,0.0,0.0,0.0,200.0,0.0,182.33333333333334,4.509249752822894,0.4833333333333334,0.02466441431158123,0.04666666666666667,0.01892969448600091
diagnosis_controls,conditional,synthetic,diagnosis,independent | random2:1-2 | circuit,,,,,,,,,,,,,,,,,,,,,,,,,,,,,,,3,"[11, 12, 13]",conditional,,,,,,,,,,,,,,,,,,,,,,,,,,,,,,,,,,,,,,,,,,,,,,,,,,,,,,,,,,,,,,,,,,,,,,,,,,,,,,,,,0.05000000000000001,8.498374721940739e-18,200.0,0.0,15.488810221354166,1.120697103056019,23.191926956176758,3.8351677513621967,0.07166666666666667,0.030550504633038933,0.043333333333333335,0.029297326385411576,0.524625,0.007148295251316937,0.49627237048348166,0.0019927466552659267,0.524625,0.007148295251316937,0.7416666666666667,0.01233220715579061,200.0,0.0,0.0,0.0,0.0,0.0,0.0,0.0,200.0,0.0,191.33333333333334,5.859465277082315,0.4833333333333334,0.02466441431158123,0.028333333333333332,0.020816659994661327
diagnosis_controls,conditional,synthetic,diagnosis,marginal_max | random2:1-2 | circuit,,,,,,,,,,,,,,,,,,,,,,,,,,,,,,,3,"[11, 12, 13]",conditional,,,,,,,,,,,,,,,,,,,,,,,,,,,,,,,,,,,,,,,,,,,,,,,,,,,,,,,,,,,,,,,,,,,,,,,,,,,,,,,,,0.05000000000000001,8.498374721940739e-18,200.0,0.0,8.70305347442627,0.5568907052126719,13.88108762105306,2.250375340196488,0.065,0.013228756555322956,0.07500000000000001,0.02783882181415011,0.5608458333333334,0.016019306385837463,0.5404315663275113,0.008248145564463445,0.5608458333333334,0.016019306385837463,0.7416666666666667,0.01233220715579061,200.0,0.0,0.0,0.0,0.0,0.0,0.0,0.0,200.0,0.0,185.0,5.5677643628300215,0.4833333333333334,0.02466441431158123,0.04,0.010000000000000002
diagnosis_controls,conditional,synthetic,diagnosis,conditional_max | random2:1-2 | circuit,,,,,,,,,,,,,,,,,,,,,,,,,,,,,,,3,"[11, 12, 13]",conditional,,,,,,,,,,,,,,,,,,,,,,,,,,,,,,,,,,,,,,,,,,,,,,,,,,,,,,,,,,,,,,,,,,,,,,,,,,,,,,,,,0.05000000000000001,8.498374721940739e-18,200.0,0.0,8.299259503682455,0.23067184506495542,13.974860509236654,2.185267603902032,0.06166666666666667,0.002886751345948131,0.19499999999999998,0.022912878474779203,0.6471916666666666,0.021440445618814273,0.6478517238691547,0.02735935218568662,0.6471916666666666,0.021440445618814273,0.7416666666666667,0.01233220715579061,200.0,0.0,0.0,0.0,0.0,0.0,0.0,0.0,200.0,0.0,161.0,4.58257569495584,0.4833333333333334,0.02466441431158123,0.09666666666666668,0.017559422921421233
diagnosis_controls,conditional,synthetic,diagnosis,relational_max | random2:1-2 | circuit,,,,,,,,,,,,,,,,,,,,,,,,,,,,,,,3,"[11, 12, 13]",conditional,,,,,,,,,,,,,,,,,,,,,,,,,,,,,,,,,,,,,,,,,,,,,,,,,,,,,,,,,,,,,,,,,,,,,,,,,,,,,,,,,0.05000000000000001,8.498374721940739e-18,200.0,0.0,0.7682731946309408,0.17777675849115443,5.515056610107422,1.268084133164554,0.04833333333333333,0.030550504633038933,0.29666666666666663,0.07285830998131464,0.707125,0.03320516714308183,0.7413274905496389,0.021078725702129333,0.707125,0.03320516714308183,0.6,0.04548351349665063,200.0,0.0,0.0,0.0,0.0,0.0,200.0,0.0,0.0,0.0,0.0,0.0,,,0.0,0.0
diagnosis_controls,conditional,synthetic,diagnosis,query random2:1-2 | known_law_oracle,,,,,,,,,,,,,,,,,,,,,,,,,,,,,,,3,"[11, 12, 13]",conditional,,,,,,,,,,,0.0,0.0,0.0009118189991568215,2.9643531223348687e-05,0.0008332920006068889,5.823735142990025e-06,400.0,0.0,2.0,0.0,2.0,0.0,2.0,0.0,3.0,0.0,0.0,0.0,0.0,0.0,1.0,0.0,0.0,0.0,0.0,0.0,0.0,0.0,1600.0,0.0,0.0,0.0,2.096357563588452,0.09964891895981108,2.26804549120613,0.10914603308982343,1.6751941333155622,0.08785377155676298,-0.6576425075661821,0.10805273258978587,4.734415882802904,0.050446721985513074,,,,,,,,,,,,,,,,,,,,,,,,,,,,,,,,,,,,,,,,,,,,,,,,,,,,,,,,,,,,,,,,
diagnosis_controls,conditional,synthetic,diagnosis,known-law error random2:1-2 | known_law_oracle,,,,,,,,,,,,,,,,,,,,,,,,,,,,,,,3,"[11, 12, 13]",conditional,,,,,,,,,,,,,,,,,,,,,,,,,,,,,,,,,,,,,,,,,,,,,,,,,,,,,0.0,0.0,0.0,0.0,0.0,0.0,1.0,1.1102230246251565e-16,0.0,0.0,0.0,0.0,0.0,0.0,1.0,0.0,0.0,0.0,0.0,0.0,0.0,0.0,0.9999999999999999,1.1102230246251565e-16,0.0,0.0,0.0,0.0,,,,,,,,,,,,,,,,,,,,,,,,,,,,,,,,,,,,
diagnosis_controls,conditional,synthetic,diagnosis,joint | random2:1-2 | known_law_oracle,,,,,,,,,,,,,,,,,,,,,,,,,,,,,,,3,"[11, 12, 13]",conditional,,,,,,,,,,,,,,,,,,,,,,,,,,,,,,,,,,,,,,,,,,,,,,,,,,,,,,,,,,,,,,,,,,,,,,,,,,,,,,,,,0.05000000000000001,8.498374721940739e-18,200.0,0.0,11.544140844757928,0.29233015485814934,39.95401375908924,9.089835744996352,0.06833333333333334,0.01527525231651947,0.6133333333333333,0.033291640592397,0.8479749999999999,0.01524223162794738,0.879711434295874,0.008830852631302356,0.8479749999999999,0.01524223162794738,0.7391666666666667,0.015275252316519432,200.0,0.0,0.0,0.0,0.0,0.0,0.0,0.0,200.0,0.0,77.33333333333333,6.6583281184793925,0.47833333333333333,0.03055050463303893,0.3,0.03905124837953324
diagnosis_controls,conditional,synthetic,diagnosis,independent | random2:1-2 | known_law_oracle,,,,,,,,,,,,,,,,,,,,,,,,,,,,,,,3,"[11, 12, 13]",conditional,,,,,,,,,,,,,,,,,,,,,,,,,,,,,,,,,,,,,,,,,,,,,,,,,,,,,,,,,,,,,,,,,,,,,,,,,,,,,,,,,0.05000000000000001,8.498374721940739e-18,200.0,0.0,15.234903123055595,1.053006601916033,19.411344127833306,5.751342606435359,0.06166666666666667,0.03883726732577014,0.03833333333333333,0.02753785273643051,0.5248166666666666,0.0021939310229205926,0.49429167426924797,0.008234105479264342,0.5248166666666666,0.0021939310229205926,0.7391666666666667,0.015275252316519432,200.0,0.0,0.0,0.0,0.0,0.0,0.0,0.0,200.0,0.0,192.33333333333334,5.507570547286101,0.47833333333333333,0.03055050463303893,0.02,0.013228756555322952
diagnosis_controls,conditional,synthetic,diagnosis,marginal_max | random2:1-2 | known_law_oracle,,,,,,,,,,,,,,,,,,,,,,,,,,,,,,,3,"[11, 12, 13]",conditional,,,,,,,,,,,,,,,,,,,,,,,,,,,,,,,,,,,,,,,,,,,,,,,,,,,,,,,,,,,,,,,,,,,,,,,,,,,,,,,,,0.05000000000000001,8.498374721940739e-18,200.0,0.0,8.43466565713213,0.25999754209780307,10.425368004129288,2.5450730587845736,0.06333333333333334,0.011547005383792516,0.07333333333333333,0.03329164059239696,0.56655,0.011713393775930205,0.5462341318002347,0.004067795251284844,0.56655,0.011713393775930205,0.7391666666666667,0.015275252316519432,200.0,0.0,0.0,0.0,0.0,0.0,0.0,0.0,200.0,0.0,185.33333333333334,6.6583281184793925,0.47833333333333333,0.03055050463303893,0.034999999999999996,0.013228756555322952
diagnosis_controls,conditional,synthetic,diagnosis,conditional_max | random2:1-2 | known_law_oracle,,,,,,,,,,,,,,,,,,,,,,,,,,,,,,,3,"[11, 12, 13]",conditional,,,,,,,,,,,,,,,,,,,,,,,,,,,,,,,,,,,,,,,,,,,,,,,,,,,,,,,,,,,,,,,,,,,,,,,,,,,,,,,,,0.05000000000000001,8.498374721940739e-18,200.0,0.0,5.837524496781721,0.10842471013958771,37.24736777595433,9.693600535686526,0.09500000000000001,0.0050000000000000044,0.7383333333333333,0.0028867513459481316,0.8997083333333333,0.017445349189206105,0.9215935540339588,0.01225211038186652,0.8997083333333333,0.017445349189206105,0.7391666666666667,0.015275252316519432,200.0,0.0,0.0,0.0,0.0,0.0,0.0,0.0,200.0,0.0,52.333333333333336,0.5773502691896258,0.47833333333333333,0.03055050463303893,0.36166666666666664,0.02753785273643051
diagnosis_controls,conditional,synthetic,diagnosis,relational_max | random2:1-2 | known_law_oracle,,,,,,,,,,,,,,,,,,,,,,,,,,,,,,,3,"[11, 12, 13]",conditional,,,,,,,,,,,,,,,,,,,,,,,,,,,,,,,,,,,,,,,,,,,,,,,,,,,,,,,,,,,,,,,,,,,,,,,,,,,,,,,,,0.05000000000000001,8.498374721940739e-18,200.0,0.0,0.23123994314603222,0.10013022041458396,37.96105018797506,9.735287551294547,0.08166666666666667,0.01040832999733066,0.7966666666666665,0.03617089069035114,0.9314250000000001,0.014618844858606306,0.9447480208963511,0.010502674899999056,0.9314250000000001,0.014618844858606306,0.5641666666666667,0.016645820296198446,200.0,0.0,0.0,0.0,0.0,0.0,200.0,0.0,0.0,0.0,0.0,0.0,,,0.0,0.0
diagnosis_controls,conditional,synthetic,diagnosis,query random3:1-2-3 | circuit,,,,,,,,,,,,,,,,,,,,,,,,,,,,,,,3,"[11, 12, 13]",conditional,,,,,,,,,,,1.0331471761067708e-06,3.641903952722422e-07,0.006462999665624618,0.0001302841262142348,0.004153277666773647,8.733781403860048e-05,400.0,0.0,1.0,0.0,1.0,0.0,1.0,0.0,3.0,0.0,450.0,0.0,16.0,0.0,1.0,0.0,0.006390666666666667,0.0001301934458155759,180000.0,0.0,12800.0,0.0,1600.0,0.0,25600.0,0.0,2.423922248103357e-08,2.0312274544194748e-08,2.3563703166473715e-07,2.8117562159615335e-08,3.5969142686553823e-07,2.9851753784176385e-08,-4.76837158203125e-07,0.0,4.76837158203125e-07,0.0,,,,,,,,,,,,,,,,,,,,,,,,,,,,,,,,,,,,,,,,,,,,,,,,,,,,,,,,,,,,,,,,
diagnosis_controls,conditional,synthetic,diagnosis,known-law error random3:1-2-3 | circuit,,,,,,,,,,,,,,,,,,,,,,,,,,,,,,,3,"[11, 12, 13]",conditional,,,,,,,,,,,,,,,,,,,,,,,,,,,,,,,,,,,,,,,,,,,,,,,,,,,,,0.13636167678922437,0.028096688368594414,0.35834647680618614,0.02728677326013845,4.139601794444425,1.454444413140796,0.9507917430026837,0.006036086123489384,0.13636167678922437,0.028096688368594414,0.35834647680618614,0.02728677326013845,4.139601794444425,1.454444413140796,0.9507917430026837,0.006036086123489384,0.0,0.0,0.0,0.0,0.0,0.0,,,-0.1363616293041907,0.028096685638784948,0.3583464527656461,0.027286751208429865,,,,,,,,,,,,,,,,,,,,,,,,,,,,,,,,,,,,
diagnosis_controls,conditional,synthetic,diagnosis,joint | random3:1-2-3 | circuit,,,,,,,,,,,,,,,,,,,,,,,,,,,,,,,3,"[11, 12, 13]",conditional,,,,,,,,,,,,,,,,,,,,,,,,,,,,,,,,,,,,,,,,,,,,,,,,,,,,,,,,,,,,,,,,,,,,,,,,,,,,,,,,,0.05000000000000001,8.498374721940739e-18,200.0,0.0,7.90166695912679,0.6537378786140656,12.275425593058268,2.7712828363013866,0.07166666666666667,0.01755942292142123,0.06833333333333334,0.010408329997330665,0.4897875,0.0023520934824109406,0.4987266869698413,0.003636000305744483,0.4897875,0.0023520934824109406,,,0.0,0.0,0.0,0.0,200.0,0.0,200.0,0.0,0.0,0.0,0.0,0.0,,,0.0,0.0
diagnosis_controls,conditional,synthetic,diagnosis,independent | random3:1-2-3 | circuit,,,,,,,,,,,,,,,,,,,,,,,,,,,,,,,3,"[11, 12, 13]",conditional,,,,,,,,,,,,,,,,,,,,,,,,,,,,,,,,,,,,,,,,,,,,,,,,,,,,,,,,,,,,,,,,,,,,,,,,,,,,,,,,,0.05000000000000001,8.498374721940739e-18,200.0,0.0,7.90166711807251,0.6537385220790374,12.275424321492514,2.7712823509521503,0.07166666666666667,0.01755942292142123,0.06833333333333334,0.010408329997330665,0.4897875,0.0023520934824109406,0.4987266869698413,0.003636000305744483,0.4897875,0.0023520934824109406,,,0.0,0.0,0.0,0.0,200.0,0.0,200.0,0.0,0.0,0.0,0.0,0.0,,,0.0,0.0
diagnosis_controls,conditional,synthetic,diagnosis,marginal_max | random3:1-2-3 | circuit,,,,,,,,,,,,,,,,,,,,,,,,,,,,,,,3,"[11, 12, 13]",conditional,,,,,,,,,,,,,,,,,,,,,,,,,,,,,,,,,,,,,,,,,,,,,,,,,,,,,,,,,,,,,,,,,,,,,,,,,,,,,,,,,0.05000000000000001,8.498374721940739e-18,200.0,0.0,7.90166711807251,0.6537385220790374,12.275424321492514,2.7712823509521503,0.07166666666666667,0.01755942292142123,0.06833333333333334,0.010408329997330665,0.4897875,0.0023520934824109406,0.4987266869698413,0.003636000305744483,0.4897875,0.0023520934824109406,,,0.0,0.0,0.0,0.0,200.0,0.0,200.0,0.0,0.0,0.0,0.0,0.0,,,0.0,0.0
diagnosis_controls,conditional,synthetic,diagnosis,conditional_max | random3:1-2-3 | circuit,,,,,,,,,,,,,,,,,,,,,,,,,,,,,,,3,"[11, 12, 13]",conditional,,,,,,,,,,,,,,,,,,,,,,,,,,,,,,,,,,,,,,,,,,,,,,,,,,,,,,,,,,,,,,,,,,,,,,,,,,,,,,,,,0.05000000000000001,8.498374721940739e-18,200.0,0.0,7.90166711807251,0.6537385220790374,12.275424321492514,2.7712823509521503,0.07166666666666667,0.01755942292142123,0.06833333333333334,0.010408329997330665,0.4897875,0.0023520934824109406,0.4987266869698413,0.003636000305744483,0.4897875,0.0023520934824109406,,,0.0,0.0,0.0,0.0,200.0,0.0,200.0,0.0,0.0,0.0,0.0,0.0,,,0.0,0.0
diagnosis_controls,conditional,synthetic,diagnosis,relational_max | random3:1-2-3 | circuit,,,,,,,,,,,,,,,,,,,,,,,,,,,,,,,3,"[11, 12, 13]",conditional,,,,,,,,,,,,,,,,,,,,,,,,,,,,,,,,,,,,,,,,,,,,,,,,,,,,,,,,,,,,,,,,,,,,,,,,,,,,,,,,,0.05000000000000001,8.498374721940739e-18,200.0,0.0,0.0,0.0,0.0,0.0,0.0,0.0,0.0,0.0,0.5,0.0,0.5,0.0,0.5,0.0,,,0.0,0.0,0.0,0.0,200.0,0.0,200.0,0.0,0.0,0.0,0.0,0.0,,,0.0,0.0
diagnosis_controls,conditional,synthetic,diagnosis,query random3:1-2-3 | known_law_oracle,,,,,,,,,,,,,,,,,,,,,,,,,,,,,,,3,"[11, 12, 13]",conditional,,,,,,,,,,,0.0,0.0,0.00039447199984958087,2.856109274314728e-05,0.000391694333908769,2.3608716694192757e-05,400.0,0.0,1.0,0.0,1.0,0.0,1.0,0.0,2.0,0.0,0.0,0.0,0.0,0.0,1.0,0.0,0.0,0.0,0.0,0.0,0.0,0.0,1600.0,0.0,0.0,0.0,0.0,0.0,0.0,0.0,0.0,0.0,0.0,0.0,0.0,0.0,,,,,,,,,,,,,,,,,,,,,,,,,,,,,,,,,,,,,,,,,,,,,,,,,,,,,,,,,,,,,,,,
diagnosis_controls,conditional,synthetic,diagnosis,known-law error random3:1-2-3 | known_law_oracle,,,,,,,,,,,,,,,,,,,,,,,,,,,,,,,3,"[11, 12, 13]",conditional,,,,,,,,,,,,,,,,,,,,,,,,,,,,,,,,,,,,,,,,,,,,,,,,,,,,,0.0,0.0,0.0,0.0,0.0,0.0,1.0,0.0,0.0,0.0,0.0,0.0,0.0,0.0,1.0,0.0,0.0,0.0,0.0,0.0,0.0,0.0,,,0.0,0.0,0.0,0.0,,,,,,,,,,,,,,,,,,,,,,,,,,,,,,,,,,,,
diagnosis_controls,conditional,synthetic,diagnosis,joint | random3:1-2-3 | known_law_oracle,,,,,,,,,,,,,,,,,,,,,,,,,,,,,,,3,"[11, 12, 13]",conditional,,,,,,,,,,,,,,,,,,,,,,,,,,,,,,,,,,,,,,,,,,,,,,,,,,,,,,,,,,,,,,,,,,,,,,,,,,,,,,,,,0.05000000000000001,8.498374721940739e-18,200.0,0.0,7.689895496961474,0.5021001950174577,10.071033718670991,2.3032659569915754,0.06333333333333334,0.020207259421636908,0.06,0.0304138126514911,0.48662500000000003,0.006084868527749771,0.4983624026561697,0.008169094318119742,0.48662500000000003,0.006084868527749771,,,0.0,0.0,0.0,0.0,200.0,0.0,200.0,0.0,0.0,0.0,0.0,0.0,,,0.0,0.0
diagnosis_controls,conditional,synthetic,diagnosis,independent | random3:1-2-3 | known_law_oracle,,,,,,,,,,,,,,,,,,,,,,,,,,,,,,,3,"[11, 12, 13]",conditional,,,,,,,,,,,,,,,,,,,,,,,,,,,,,,,,,,,,,,,,,,,,,,,,,,,,,,,,,,,,,,,,,,,,,,,,,,,,,,,,,0.05000000000000001,8.498374721940739e-18,200.0,0.0,7.689895496961474,0.5021001950174577,10.071033718670991,2.3032659569915754,0.06333333333333334,0.020207259421636908,0.06,0.0304138126514911,0.48662500000000003,0.006084868527749771,0.4983624026561697,0.008169094318119742,0.48662500000000003,0.006084868527749771,,,0.0,0.0,0.0,0.0,200.0,0.0,200.0,0.0,0.0,0.0,0.0,0.0,,,0.0,0.0
diagnosis_controls,conditional,synthetic,diagnosis,marginal_max | random3:1-2-3 | known_law_oracle,,,,,,,,,,,,,,,,,,,,,,,,,,,,,,,3,"[11, 12, 13]",conditional,,,,,,,,,,,,,,,,,,,,,,,,,,,,,,,,,,,,,,,,,,,,,,,,,,,,,,,,,,,,,,,,,,,,,,,,,,,,,,,,,0.05000000000000001,8.498374721940739e-18,200.0,0.0,7.689895496961474,0.5021001950174577,10.071033718670991,2.3032659569915754,0.06333333333333334,0.020207259421636908,0.06,0.0304138126514911,0.48662500000000003,0.006084868527749771,0.4983624026561697,0.008169094318119742,0.48662500000000003,0.006084868527749771,,,0.0,0.0,0.0,0.0,200.0,0.0,200.0,0.0,0.0,0.0,0.0,0.0,,,0.0,0.0
diagnosis_controls,conditional,synthetic,diagnosis,conditional_max | random3:1-2-3 | known_law_oracle,,,,,,,,,,,,,,,,,,,,,,,,,,,,,,,3,"[11, 12, 13]",conditional,,,,,,,,,,,,,,,,,,,,,,,,,,,,,,,,,,,,,,,,,,,,,,,,,,,,,,,,,,,,,,,,,,,,,,,,,,,,,,,,,0.05000000000000001,8.498374721940739e-18,200.0,0.0,7.689895496961474,0.5021001950174577,10.071033718670991,2.3032659569915754,0.06333333333333334,0.020207259421636908,0.06,0.0304138126514911,0.48662500000000003,0.006084868527749771,0.4983624026561697,0.008169094318119742,0.48662500000000003,0.006084868527749771,,,0.0,0.0,0.0,0.0,200.0,0.0,200.0,0.0,0.0,0.0,0.0,0.0,,,0.0,0.0
diagnosis_controls,conditional,synthetic,diagnosis,relational_max | random3:1-2-3 | known_law_oracle,,,,,,,,,,,,,,,,,,,,,,,,,,,,,,,3,"[11, 12, 13]",conditional,,,,,,,,,,,,,,,,,,,,,,,,,,,,,,,,,,,,,,,,,,,,,,,,,,,,,,,,,,,,,,,,,,,,,,,,,,,,,,,,,0.05000000000000001,8.498374721940739e-18,200.0,0.0,0.0,0.0,0.0,0.0,0.0,0.0,0.0,0.0,0.5,0.0,0.5,0.0,0.5,0.0,,,0.0,0.0,0.0,0.0,200.0,0.0,200.0,0.0,0.0,0.0,0.0,0.0,,,0.0,0.0
diagnosis_controls,conditional,synthetic,diagnosis,query bank0:0-1 | circuit,,,,,,,,,,,,,,,,,,,,,,,,,,,,,,,3,"[11, 12, 13]",conditional,,,,,,,,,,,1.986821492513021e-06,3.6419039527224225e-07,0.006363361332963298,9.254614321973004e-05,0.004078666666221882,3.4974839872150065e-05,400.0,0.0,2.0,0.0,2.0,0.0,2.0,0.0,3.0,0.0,450.0,0.0,16.0,0.0,1.0,0.0,0.006287666666666667,8.931591870060652e-05,180000.0,0.0,12800.0,0.0,1600.0,0.0,25600.0,0.0,0.2857278386751811,0.03906728635132496,0.5188321173191071,0.09267427880159827,0.5336585442225138,0.09660154660239915,-0.7688055634498596,0.10828445657620529,0.854859471321106,0.21955781986503506,,,,,,,,,,,,,,,,,,,,,,,,,,,,,,,,,,,,,,,,,,,,,,,,,,,,,,,,,,,,,,,,
diagnosis_controls,conditional,synthetic,diagnosis,known-law error bank0:0-1 | circuit,,,,,,,,,,,,,,,,,,,,,,,,,,,,,,,3,"[11, 12, 13]",conditional,,,,,,,,,,,,,,,,,,,,,,,,,,,,,,,,,,,,,,,,,,,,,,,,,,,,,1.9578524232550618,0.03385816376929027,2.1122100196557705,0.00624240528702147,12.267440597990921,3.989263717725992,0.3930743376984531,0.04697533805915817,0.12553140182322367,0.008752254985030827,0.40214271677911806,0.020219238206173894,3.970891671170643,2.1315441480080097,0.9389783986251271,0.0022658534279451628,1.83232100315308,0.030480901206172972,2.002308361528812,0.009282797587812692,9.002083110847316,1.5445624728360114,0.3410978966099623,0.03645410712564484,-2.083383880709287,0.03894681206287588,2.2206811343695203,0.009658838639261796,,,,,,,,,,,,,,,,,,,,,,,,,,,,,,,,,,,,
diagnosis_controls,conditional,synthetic,diagnosis,joint | bank0:0-1 | circuit,,,,,,,,,,,,,,,,,,,,,,,,,,,,,,,3,"[11, 12, 13]",conditional,,,,,,,,,,,,,,,,,,,,,,,,,,,,,,,,,,,,,,,,,,,,,,,,,,,,,,,,,,,,,,,,,,,,,,,,,,,,,,,,,0.05000000000000001,8.498374721940739e-18,200.0,0.0,15.618199666341146,1.6868004323599273,22.970605214436848,6.201197600581871,0.06166666666666667,0.05204164998665332,0.06166666666666667,0.05204164998665332,0.5,0.0,0.5,0.0,0.5,0.0,,,0.0,0.0,200.0,0.0,0.0,0.0,0.0,0.0,0.0,0.0,0.0,0.0,,,0.0,0.0
diagnosis_controls,conditional,synthetic,diagnosis,independent | bank0:0-1 | circuit,,,,,,,,,,,,,,,,,,,,,,,,,,,,,,,3,"[11, 12, 13]",conditional,,,,,,,,,,,,,,,,,,,,,,,,,,,,,,,,,,,,,,,,,,,,,,,,,,,,,,,,,,,,,,,,,,,,,,,,,,,,,,,,,0.05000000000000001,8.498374721940739e-18,200.0,0.0,16.141529083251953,1.692629004699639,23.286518096923828,6.322715715596332,0.05666666666666667,0.05107184482014854,0.05666666666666667,0.05107184482014854,0.5,0.0,0.5,0.0,0.5,0.0,,,0.0,0.0,200.0,0.0,0.0,0.0,0.0,0.0,0.0,0.0,0.0,0.0,,,0.0,0.0
diagnosis_controls,conditional,synthetic,diagnosis,marginal_max | bank0:0-1 | circuit,,,,,,,,,,,,,,,,,,,,,,,,,,,,,,,3,"[11, 12, 13]",conditional,,,,,,,,,,,,,,,,,,,,,,,,,,,,,,,,,,,,,,,,,,,,,,,,,,,,,,,,,,,,,,,,,,,,,,,,,,,,,,,,,0.05000000000000001,8.498374721940739e-18,200.0,0.0,9.064939181009928,0.9701570211270698,14.149819056193033,4.774253579992672,0.06,0.03774917217635375,0.06,0.03774917217635375,0.5,0.0,0.5,0.0,0.5,0.0,,,0.0,0.0,200.0,0.0,0.0,0.0,0.0,0.0,0.0,0.0,0.0,0.0,,,0.0,0.0
diagnosis_controls,conditional,synthetic,diagnosis,conditional_max | bank0:0-1 | circuit,,,,,,,,,,,,,,,,,,,,,,,,,,,,,,,3,"[11, 12, 13]",conditional,,,,,,,,,,,,,,,,,,,,,,,,,,,,,,,,,,,,,,,,,,,,,,,,,,,,,,,,,,,,,,,,,,,,,,,,,,,,,,,,,0.05000000000000001,8.498374721940739e-18,200.0,0.0,8.74583880106608,0.9544692108664473,13.921568870544434,4.62376252048516,0.055,0.031224989991991994,0.055,0.031224989991991994,0.5,0.0,0.5,0.0,0.5,0.0,,,0.0,0.0,200.0,0.0,0.0,0.0,0.0,0.0,0.0,0.0,0.0,0.0,,,0.0,0.0
diagnosis_controls,conditional,synthetic,diagnosis,relational_max | bank0:0-1 | circuit,,,,,,,,,,,,,,,,,,,,,,,,,,,,,,,3,"[11, 12, 13]",conditional,,,,,,,,,,,,,,,,,,,,,,,,,,,,,,,,,,,,,,,,,,,,,,,,,,,,,,,,,,,,,,,,,,,,,,,,,,,,,,,,,0.05000000000000001,8.498374721940739e-18,200.0,0.0,0.6191183725992838,0.2691359572102708,2.714560031890869,0.27568819028296576,0.07166666666666667,0.020207259421636897,0.07166666666666667,0.020207259421636897,0.5,0.0,0.5,0.0,0.5,0.0,,,0.0,0.0,200.0,0.0,0.0,0.0,0.0,0.0,0.0,0.0,0.0,0.0,,,0.0,0.0
diagnosis_controls,conditional,synthetic,diagnosis,query bank0:0-1 | known_law_oracle,,,,,,,,,,,,,,,,,,,,,,,,,,,,,,,3,"[11, 12, 13]",conditional,,,,,,,,,,,0.0,0.0,0.0009205280002788641,2.5044106212114288e-05,0.0008434860016374538,2.1456624274243786e-05,400.0,0.0,2.0,0.0,2.0,0.0,2.0,0.0,3.0,0.0,0.0,0.0,0.0,0.0,1.0,0.0,0.0,0.0,0.0,0.0,0.0,0.0,1600.0,0.0,0.0,0.0,2.118048889511977,0.03141646701381385,2.28014607008394,0.029491370809877227,1.6978145196793875,0.13309930604048953,-0.7122084386461768,0.10227821996367469,5.087134179912623,0.3348361709035126,,,,,,,,,,,,,,,,,,,,,,,,,,,,,,,,,,,,,,,,,,,,,,,,,,,,,,,,,,,,,,,,
diagnosis_controls,conditional,synthetic,diagnosis,known-law error bank0:0-1 | known_law_oracle,,,,,,,,,,,,,,,,,,,,,,,,,,,,,,,3,"[11, 12, 13]",conditional,,,,,,,,,,,,,,,,,,,,,,,,,,,,,,,,,,,,,,,,,,,,,,,,,,,,,0.0,0.0,0.0,0.0,0.0,0.0,1.0,7.850462293418876e-17,0.0,0.0,0.0,0.0,0.0,0.0,1.0,7.850462293418876e-17,0.0,0.0,0.0,0.0,0.0,0.0,1.0,7.850462293418876e-17,0.0,0.0,0.0,0.0,,,,,,,,,,,,,,,,,,,,,,,,,,,,,,,,,,,,
diagnosis_controls,conditional,synthetic,diagnosis,joint | bank0:0-1 | known_law_oracle,,,,,,,,,,,,,,,,,,,,,,,,,,,,,,,3,"[11, 12, 13]",conditional,,,,,,,,,,,,,,,,,,,,,,,,,,,,,,,,,,,,,,,,,,,,,,,,,,,,,,,,,,,,,,,,,,,,,,,,,,,,,,,,,0.05000000000000001,8.498374721940739e-18,200.0,0.0,11.893229892798225,0.5687274688631019,12.178897972724068,2.250793680864722,0.06833333333333334,0.025658007197234416,0.06833333333333334,0.025658007197234416,0.5,0.0,0.5,0.0,0.5,0.0,,,0.0,0.0,200.0,0.0,0.0,0.0,0.0,0.0,0.0,0.0,0.0,0.0,,,0.0,0.0
diagnosis_controls,conditional,synthetic,diagnosis,independent | bank0:0-1 | known_law_oracle,,,,,,,,,,,,,,,,,,,,,,,,,,,,,,,3,"[11, 12, 13]",conditional,,,,,,,,,,,,,,,,,,,,,,,,,,,,,,,,,,,,,,,,,,,,,,,,,,,,,,,,,,,,,,,,,,,,,,,,,,,,,,,,,0.05000000000000001,8.498374721940739e-18,200.0,0.0,15.530203393921816,1.1097664954433233,19.581157822329033,4.553161015933234,0.056666666666666664,0.04752192476461084,0.056666666666666664,0.04752192476461084,0.5,0.0,0.5,0.0,0.5,0.0,,,0.0,0.0,200.0,0.0,0.0,0.0,0.0,0.0,0.0,0.0,0.0,0.0,,,0.0,0.0
diagnosis_controls,conditional,synthetic,diagnosis,marginal_max | bank0:0-1 | known_law_oracle,,,,,,,,,,,,,,,,,,,,,,,,,,,,,,,3,"[11, 12, 13]",conditional,,,,,,,,,,,,,,,,,,,,,,,,,,,,,,,,,,,,,,,,,,,,,,,,,,,,,,,,,,,,,,,,,,,,,,,,,,,,,,,,,0.05000000000000001,8.498374721940739e-18,200.0,0.0,8.50225676970686,0.8025616774679297,11.026607722604169,2.92788709015932,0.07166666666666667,0.05619905100029121,0.07166666666666667,0.05619905100029121,0.5,0.0,0.5,0.0,0.5,0.0,,,0.0,0.0,200.0,0.0,0.0,0.0,0.0,0.0,0.0,0.0,0.0,0.0,,,0.0,0.0
diagnosis_controls,conditional,synthetic,diagnosis,conditional_max | bank0:0-1 | known_law_oracle,,,,,,,,,,,,,,,,,,,,,,,,,,,,,,,3,"[11, 12, 13]",conditional,,,,,,,,,,,,,,,,,,,,,,,,,,,,,,,,,,,,,,,,,,,,,,,,,,,,,,,,,,,,,,,,,,,,,,,,,,,,,,,,,0.05000000000000001,8.498374721940739e-18,200.0,0.0,6.412057461380322,0.4208635318078273,7.401431090478628,1.076630163802171,0.055,0.02783882181415011,0.055,0.02783882181415011,0.5,0.0,0.5,0.0,0.5,0.0,,,0.0,0.0,200.0,0.0,0.0,0.0,0.0,0.0,0.0,0.0,0.0,0.0,,,0.0,0.0
diagnosis_controls,conditional,synthetic,diagnosis,relational_max | bank0:0-1 | known_law_oracle,,,,,,,,,,,,,,,,,,,,,,,,,,,,,,,3,"[11, 12, 13]",conditional,,,,,,,,,,,,,,,,,,,,,,,,,,,,,,,,,,,,,,,,,,,,,,,,,,,,,,,,,,,,,,,,,,,,,,,,,,,,,,,,,0.05000000000000001,8.498374721940739e-18,200.0,0.0,0.6755880722069408,0.3929988831887486,12.161940408549382,0.8837115701503796,0.05333333333333334,0.0202072594216369,0.05333333333333334,0.0202072594216369,0.5,0.0,0.5,0.0,0.5,0.0,,,0.0,0.0,200.0,0.0,0.0,0.0,0.0,0.0,0.0,0.0,0.0,0.0,,,0.0,0.0
diagnosis_controls,conditional,synthetic,diagnosis,query single_sensor_0 | circuit,,,,,,,,,,,,,,,,,,,,,,,,,,,,,,,3,"[11, 12, 13]",conditional,,,,,,,,,,,1.0331471761067708e-06,3.641903952722422e-07,0.006530722333991434,8.349950601748344e-05,0.004138139000133378,3.722313023998774e-05,400.0,0.0,1.0,0.0,1.0,0.0,1.0,0.0,3.0,0.0,450.0,0.0,16.0,0.0,1.0,0.0,0.006454333333333333,8.113158036999766e-05,180000.0,0.0,12800.0,0.0,1600.0,0.0,25600.0,0.0,2.423922248103357e-08,2.0312274544194748e-08,2.3563703166473715e-07,2.8117562159615335e-08,3.5969142686553823e-07,2.9851753784176385e-08,-4.76837158203125e-07,0.0,4.76837158203125e-07,0.0,,,,,,,,,,,,,,,,,,,,,,,,,,,,,,,,,,,,,,,,,,,,,,,,,,,,,,,,,,,,,,,,
diagnosis_controls,conditional,synthetic,diagnosis,known-law error single_sensor_0 | circuit,,,,,,,,,,,,,,,,,,,,,,,,,,,,,,,3,"[11, 12, 13]",conditional,,,,,,,,,,,,,,,,,,,,,,,,,,,,,,,,,,,,,,,,,,,,,,,,,,,,,0.13636167678922437,0.028096688368594414,0.35834647680618614,0.02728677326013845,4.139601794444425,1.454444413140796,0.9507917430026837,0.006036086123489384,0.13636167678922437,0.028096688368594414,0.35834647680618614,0.02728677326013845,4.139601794444425,1.454444413140796,0.9507917430026837,0.006036086123489384,0.0,0.0,0.0,0.0,0.0,0.0,,,-0.1363616293041907,0.028096685638784948,0.3583464527656461,0.027286751208429865,,,,,,,,,,,,,,,,,,,,,,,,,,,,,,,,,,,,
diagnosis_controls,conditional,synthetic,diagnosis,joint | single_sensor_0 | circuit,,,,,,,,,,,,,,,,,,,,,,,,,,,,,,,3,"[11, 12, 13]",conditional,,,,,,,,,,,,,,,,,,,,,,,,,,,,,,,,,,,,,,,,,,,,,,,,,,,,,,,,,,,,,,,,,,,,,,,,,,,,,,,,,0.05000000000000001,8.498374721940739e-18,200.0,0.0,7.90166695912679,0.6537378786140656,12.275425593058268,2.7712828363013866,0.07166666666666667,0.01755942292142123,0.06833333333333334,0.010408329997330665,0.4897875,0.0023520934824109406,0.4987266869698413,0.003636000305744483,0.4897875,0.0023520934824109406,,,0.0,0.0,0.0,0.0,200.0,0.0,200.0,0.0,0.0,0.0,0.0,0.0,,,0.0,0.0
diagnosis_controls,conditional,synthetic,diagnosis,independent | single_sensor_0 | circuit,,,,,,,,,,,,,,,,,,,,,,,,,,,,,,,3,"[11, 12, 13]",conditional,,,,,,,,,,,,,,,,,,,,,,,,,,,,,,,,,,,,,,,,,,,,,,,,,,,,,,,,,,,,,,,,,,,,,,,,,,,,,,,,,0.05000000000000001,8.498374721940739e-18,200.0,0.0,7.90166711807251,0.6537385220790374,12.275424321492514,2.7712823509521503,0.07166666666666667,0.01755942292142123,0.06833333333333334,0.010408329997330665,0.4897875,0.0023520934824109406,0.4987266869698413,0.003636000305744483,0.4897875,0.0023520934824109406,,,0.0,0.0,0.0,0.0,200.0,0.0,200.0,0.0,0.0,0.0,0.0,0.0,,,0.0,0.0
diagnosis_controls,conditional,synthetic,diagnosis,marginal_max | single_sensor_0 | circuit,,,,,,,,,,,,,,,,,,,,,,,,,,,,,,,3,"[11, 12, 13]",conditional,,,,,,,,,,,,,,,,,,,,,,,,,,,,,,,,,,,,,,,,,,,,,,,,,,,,,,,,,,,,,,,,,,,,,,,,,,,,,,,,,0.05000000000000001,8.498374721940739e-18,200.0,0.0,7.90166711807251,0.6537385220790374,12.275424321492514,2.7712823509521503,0.07166666666666667,0.01755942292142123,0.06833333333333334,0.010408329997330665,0.4897875,0.0023520934824109406,0.4987266869698413,0.003636000305744483,0.4897875,0.0023520934824109406,,,0.0,0.0,0.0,0.0,200.0,0.0,200.0,0.0,0.0,0.0,0.0,0.0,,,0.0,0.0
diagnosis_controls,conditional,synthetic,diagnosis,conditional_max | single_sensor_0 | circuit,,,,,,,,,,,,,,,,,,,,,,,,,,,,,,,3,"[11, 12, 13]",conditional,,,,,,,,,,,,,,,,,,,,,,,,,,,,,,,,,,,,,,,,,,,,,,,,,,,,,,,,,,,,,,,,,,,,,,,,,,,,,,,,,0.05000000000000001,8.498374721940739e-18,200.0,0.0,7.90166711807251,0.6537385220790374,12.275424321492514,2.7712823509521503,0.07166666666666667,0.01755942292142123,0.06833333333333334,0.010408329997330665,0.4897875,0.0023520934824109406,0.4987266869698413,0.003636000305744483,0.4897875,0.0023520934824109406,,,0.0,0.0,0.0,0.0,200.0,0.0,200.0,0.0,0.0,0.0,0.0,0.0,,,0.0,0.0
diagnosis_controls,conditional,synthetic,diagnosis,relational_max | single_sensor_0 | circuit,,,,,,,,,,,,,,,,,,,,,,,,,,,,,,,3,"[11, 12, 13]",conditional,,,,,,,,,,,,,,,,,,,,,,,,,,,,,,,,,,,,,,,,,,,,,,,,,,,,,,,,,,,,,,,,,,,,,,,,,,,,,,,,,0.05000000000000001,8.498374721940739e-18,200.0,0.0,0.0,0.0,0.0,0.0,0.0,0.0,0.0,0.0,0.5,0.0,0.5,0.0,0.5,0.0,,,0.0,0.0,0.0,0.0,200.0,0.0,200.0,0.0,0.0,0.0,0.0,0.0,,,0.0,0.0
diagnosis_controls,conditional,synthetic,diagnosis,query single_sensor_0 | known_law_oracle,,,,,,,,,,,,,,,,,,,,,,,,,,,,,,,3,"[11, 12, 13]",conditional,,,,,,,,,,,0.0,0.0,0.00040647233375542174,2.5396138714740302e-05,0.00039104199944025214,1.1236022286894885e-05,400.0,0.0,1.0,0.0,1.0,0.0,1.0,0.0,2.0,0.0,0.0,0.0,0.0,0.0,1.0,0.0,0.0,0.0,0.0,0.0,0.0,0.0,1600.0,0.0,0.0,0.0,0.0,0.0,0.0,0.0,0.0,0.0,0.0,0.0,0.0,0.0,,,,,,,,,,,,,,,,,,,,,,,,,,,,,,,,,,,,,,,,,,,,,,,,,,,,,,,,,,,,,,,,
diagnosis_controls,conditional,synthetic,diagnosis,known-law error single_sensor_0 | known_law_oracle,,,,,,,,,,,,,,,,,,,,,,,,,,,,,,,3,"[11, 12, 13]",conditional,,,,,,,,,,,,,,,,,,,,,,,,,,,,,,,,,,,,,,,,,,,,,,,,,,,,,0.0,0.0,0.0,0.0,0.0,0.0,1.0,0.0,0.0,0.0,0.0,0.0,0.0,0.0,1.0,0.0,0.0,0.0,0.0,0.0,0.0,0.0,,,0.0,0.0,0.0,0.0,,,,,,,,,,,,,,,,,,,,,,,,,,,,,,,,,,,,
diagnosis_controls,conditional,synthetic,diagnosis,joint | single_sensor_0 | known_law_oracle,,,,,,,,,,,,,,,,,,,,,,,,,,,,,,,3,"[11, 12, 13]",conditional,,,,,,,,,,,,,,,,,,,,,,,,,,,,,,,,,,,,,,,,,,,,,,,,,,,,,,,,,,,,,,,,,,,,,,,,,,,,,,,,,0.05000000000000001,8.498374721940739e-18,200.0,0.0,7.689895496961474,0.5021001950174577,10.071033718670991,2.3032659569915754,0.06333333333333334,0.020207259421636908,0.06,0.0304138126514911,0.48662500000000003,0.006084868527749771,0.4983624026561697,0.008169094318119742,0.48662500000000003,0.006084868527749771,,,0.0,0.0,0.0,0.0,200.0,0.0,200.0,0.0,0.0,0.0,0.0,0.0,,,0.0,0.0
diagnosis_controls,conditional,synthetic,diagnosis,independent | single_sensor_0 | known_law_oracle,,,,,,,,,,,,,,,,,,,,,,,,,,,,,,,3,"[11, 12, 13]",conditional,,,,,,,,,,,,,,,,,,,,,,,,,,,,,,,,,,,,,,,,,,,,,,,,,,,,,,,,,,,,,,,,,,,,,,,,,,,,,,,,,0.05000000000000001,8.498374721940739e-18,200.0,0.0,7.689895496961474,0.5021001950174577,10.071033718670991,2.3032659569915754,0.06333333333333334,0.020207259421636908,0.06,0.0304138126514911,0.48662500000000003,0.006084868527749771,0.4983624026561697,0.008169094318119742,0.48662500000000003,0.006084868527749771,,,0.0,0.0,0.0,0.0,200.0,0.0,200.0,0.0,0.0,0.0,0.0,0.0,,,0.0,0.0
diagnosis_controls,conditional,synthetic,diagnosis,marginal_max | single_sensor_0 | known_law_oracle,,,,,,,,,,,,,,,,,,,,,,,,,,,,,,,3,"[11, 12, 13]",conditional,,,,,,,,,,,,,,,,,,,,,,,,,,,,,,,,,,,,,,,,,,,,,,,,,,,,,,,,,,,,,,,,,,,,,,,,,,,,,,,,,0.05000000000000001,8.498374721940739e-18,200.0,0.0,7.689895496961474,0.5021001950174577,10.071033718670991,2.3032659569915754,0.06333333333333334,0.020207259421636908,0.06,0.0304138126514911,0.48662500000000003,0.006084868527749771,0.4983624026561697,0.008169094318119742,0.48662500000000003,0.006084868527749771,,,0.0,0.0,0.0,0.0,200.0,0.0,200.0,0.0,0.0,0.0,0.0,0.0,,,0.0,0.0
diagnosis_controls,conditional,synthetic,diagnosis,conditional_max | single_sensor_0 | known_law_oracle,,,,,,,,,,,,,,,,,,,,,,,,,,,,,,,3,"[11, 12, 13]",conditional,,,,,,,,,,,,,,,,,,,,,,,,,,,,,,,,,,,,,,,,,,,,,,,,,,,,,,,,,,,,,,,,,,,,,,,,,,,,,,,,,0.05000000000000001,8.498374721940739e-18,200.0,0.0,7.689895496961474,0.5021001950174577,10.071033718670991,2.3032659569915754,0.06333333333333334,0.020207259421636908,0.06,0.0304138126514911,0.48662500000000003,0.006084868527749771,0.4983624026561697,0.008169094318119742,0.48662500000000003,0.006084868527749771,,,0.0,0.0,0.0,0.0,200.0,0.0,200.0,0.0,0.0,0.0,0.0,0.0,,,0.0,0.0
diagnosis_controls,conditional,synthetic,diagnosis,relational_max | single_sensor_0 | known_law_oracle,,,,,,,,,,,,,,,,,,,,,,,,,,,,,,,3,"[11, 12, 13]",conditional,,,,,,,,,,,,,,,,,,,,,,,,,,,,,,,,,,,,,,,,,,,,,,,,,,,,,,,,,,,,,,,,,,,,,,,,,,,,,,,,,0.05000000000000001,8.498374721940739e-18,200.0,0.0,0.0,0.0,0.0,0.0,0.0,0.0,0.0,0.0,0.5,0.0,0.5,0.0,0.5,0.0,,,0.0,0.0,0.0,0.0,200.0,0.0,200.0,0.0,0.0,0.0,0.0,0.0,,,0.0,0.0
diagnosis_controls,uniform_wide,synthetic,diagnosis,model,3.9736429850260414e-08,6.88255154120476e-08,128.0,0.0,113.0,0.0,960.0,0.0,1201.0,0.0,8384.0,0.0,858.6666666666666,86.28634499927166,107.33333333333333,10.785793124908958,81.33333333333333,10.785793124908958,19.077754974365234,0.13746119600761236,6.935723781585693,2.737978078986999,18.5206561088562,0.2509111828411706,0.02,0.0,150.0,0.0,128.0,0.0,3,"[11, 12, 13]",uniform_wide,,,,,,,,,,,,,,,,,,,,,,,,,,,,,,,,,,,,,,,,,,,,,,,,,,,,,,,,,,,,,,,,,,,,,,,,,,,,,,,,,,,,,,,,,,,,,,,,,,,,,,,,,,,,,,,,,,,,
diagnosis_controls,uniform_wide,synthetic,diagnosis,shortcut audit,,,,,,,,,,,,,,,,,,,,,,,,,,,,,,,3,"[11, 12, 13]",uniform_wide,0.48155,0.02226208941227215,0.0,0.0,400.0,0.0,400.0,0.0,10.0,0.0,,,,,,,,,,,,,,,,,,,,,,,,,,,,,,,,,,,,,,,,,,,,,,,,,,,,,,,,,,,,,,,,,,,,,,,,,,,,,,,,,,,,,,,,,,,,,,,,,,,,,,,,,,
diagnosis_controls,uniform_wide,synthetic,diagnosis,query full | circuit,,,,,,,,,,,,,,,,,,,,,,,,,,,,,,,3,"[11, 12, 13]",uniform_wide,,,,,,,,,,,5.563100179036458e-06,9.926156995134988e-07,0.026407180666865315,0.0005190453105655781,0.013838874333790349,0.0006504844511325897,400.0,0.0,4.0,0.0,4.0,0.0,4.0,0.0,3.0,0.0,1474.0,0.0,32.0,0.0,1.0,0.0,0.026282333333333335,0.0005260953652460102,589600.0,0.0,25600.0,0.0,1600.0,0.0,51200.0,0.0,1.0846238334973652,0.25750500702460283,1.5005265871683757,0.08506291291802212,1.4247469504674275,0.14426944545022852,-1.4451645612716675,0.7613739234519853,3.2025795777638755,0.820055302252989,,,,,,,,,,,,,,,,,,,,,,,,,,,,,,,,,,,,,,,,,,,,,,,,,,,,,,,,,,,,,,,,
diagnosis_controls,uniform_wide,synthetic,diagnosis,known-law error full | circuit,,,,,,,,,,,,,,,,,,,,,,,,,,,,,,,3,"[11, 12, 13]",uniform_wide,,,,,,,,,,,,,,,,,,,,,,,,,,,,,,,,,,,,,,,,,,,,,,,,,,,,,0.7464891257181812,0.16847772993002713,3.057610787216524,0.10496414329505888,44.67412897553271,14.680793496383195,0.4570800870541232,0.02880145207450392,0.11906001616836975,0.004838659055428945,0.35793492087219764,0.01579961459952045,5.769088089565169,3.100876037299882,0.9511256033949845,0.008468365903208657,0.6274291007084556,0.16363916058197703,2.9782397072753923,0.10201937496934893,44.46749767221942,14.569123508032982,0.4922690609386138,0.04976882519099549,-1.767628692071791,0.42209166640728557,6.394855614928688,0.3840202122330054,,,,,,,,,,,,,,,,,,,,,,,,,,,,,,,,,,,,
diagnosis_controls,uniform_wide,synthetic,diagnosis,joint | full | circuit,,,,,,,,,,,,,,,,,,,,,,,,,,,,,,,3,"[11, 12, 13]",uniform_wide,,,,,,,,,,,,,,,,,,,,,,,,,,,,,,,,,,,,,,,,,,,,,,,,,,,,,,,,,,,,,,,,,,,,,,,,,,,,,,,,,0.05000000000000001,8.498374721940739e-18,200.0,0.0,29.587814966837566,3.2337653934922863,43.375815073649086,9.862370786691786,0.06666666666666667,0.05923118547972287,0.07333333333333333,0.08386497083606084,0.5919833333333333,0.015003881442257986,0.5537265836995063,0.012937311451708304,0.5919833333333333,0.015003881442257986,0.6479166666666666,0.013661330258962462,200.0,0.0,0.0,0.0,0.0,0.0,0.3333333333333333,0.5773502691896258,199.66666666666666,0.5773502691896258,185.0,16.46207763315433,0.4590954773869347,0.020061268241879406,0.03333333333333333,0.03175426480542942
diagnosis_controls,uniform_wide,synthetic,diagnosis,independent | full | circuit,,,,,,,,,,,,,,,,,,,,,,,,,,,,,,,3,"[11, 12, 13]",uniform_wide,,,,,,,,,,,,,,,,,,,,,,,,,,,,,,,,,,,,,,,,,,,,,,,,,,,,,,,,,,,,,,,,,,,,,,,,,,,,,,,,,0.05000000000000001,8.498374721940739e-18,200.0,0.0,31.79199981689453,2.7840119132267587,45.37455368041992,9.785928503406382,0.04833333333333333,0.038188130791298666,0.02666666666666667,0.02565800719723442,0.5230416666666666,0.0029453706614505225,0.4956080584011005,0.0010424890682078874,0.5230416666666666,0.0029453706614505225,0.5522222222222222,0.012571554457642919,200.0,0.0,0.0,0.0,0.0,0.0,0.0,0.0,200.0,0.0,194.66666666666666,5.131601439446884,0.33666666666666667,0.020816659994661313,0.0033333333333333335,0.005773502691896258
diagnosis_controls,uniform_wide,synthetic,diagnosis,marginal_max | full | circuit,,,,,,,,,,,,,,,,,,,,,,,,,,,,,,,3,"[11, 12, 13]",uniform_wide,,,,,,,,,,,,,,,,,,,,,,,,,,,,,,,,,,,,,,,,,,,,,,,,,,,,,,,,,,,,,,,,,,,,,,,,,,,,,,,,,0.05000000000000001,8.498374721940739e-18,200.0,0.0,9.933398246765137,1.1542794768700813,16.938949584960938,1.115035451716956,0.051666666666666666,0.03752776749732568,0.06333333333333334,0.04752192476461084,0.5662750000000001,0.009776094887530494,0.543974338545428,0.003444942181637192,0.5662750000000001,0.009776094887530494,0.5522222222222222,0.012571554457642919,200.0,0.0,0.0,0.0,0.0,0.0,0.0,0.0,200.0,0.0,187.33333333333334,9.504384952922168,0.33666666666666667,0.020816659994661313,0.021666666666666667,0.015275252316519468
diagnosis_controls,uniform_wide,synthetic,diagnosis,conditional_max | full | circuit,,,,,,,,,,,,,,,,,,,,,,,,,,,,,,,3,"[11, 12, 13]",uniform_wide,,,,,,,,,,,,,,,,,,,,,,,,,,,,,,,,,,,,,,,,,,,,,,,,,,,,,,,,,,,,,,,,,,,,,,,,,,,,,,,,,0.05000000000000001,8.498374721940739e-18,200.0,0.0,9.389993667602539,1.1691189680178726,16.263119379679363,0.7895531089017901,0.056666666666666664,0.04010403138505322,0.16,0.07262919523166975,0.6559791666666667,0.016535002330914074,0.6560433868052822,0.020604119765720165,0.6559791666666667,0.016535002330914074,0.6479166666666666,0.013661330258962462,200.0,0.0,0.0,0.0,0.0,0.0,0.3333333333333333,0.5773502691896258,199.66666666666666,0.5773502691896258,167.66666666666666,14.047538337136986,0.4590954773869347,0.020061268241879406,0.11,0.0458257569495584
diagnosis_controls,uniform_wide,synthetic,diagnosis,relational_max | full | circuit,,,,,,,,,,,,,,,,,,,,,,,,,,,,,,,3,"[11, 12, 13]",uniform_wide,,,,,,,,,,,,,,,,,,,,,,,,,,,,,,,,,,,,,,,,,,,,,,,,,,,,,,,,,,,,,,,,,,,,,,,,,,,,,,,,,0.05000000000000001,8.498374721940739e-18,200.0,0.0,1.5803454717000325,0.14192604457982408,7.8756669362386065,0.5550781042687111,0.08166666666666667,0.04252450274057692,0.3316666666666667,0.06525590650150631,0.7073,0.03317325494656801,0.7346798322443607,0.02576962646754557,0.7073,0.03317325494656801,0.7136111111111111,0.010803913042830168,200.0,0.0,0.0,0.0,0.0,0.0,0.3333333333333333,0.5773502691896258,199.66666666666666,0.5773502691896258,133.33333333333334,13.613718571108091,0.5292211055276382,0.017752087559264704,0.26666666666666666,0.045368858629387325
diagnosis_controls,uniform_wide,synthetic,diagnosis,query full | known_law_oracle,,,,,,,,,,,,,,,,,,,,,,,,,,,,,,,3,"[11, 12, 13]",uniform_wide,,,,,,,,,,,0.0,0.0,0.0016968193328163277,6.947052581132728e-05,0.001525055333331693,6.047821428998917e-05,400.0,0.0,4.0,0.0,4.0,0.0,4.0,0.0,5.0,0.0,0.0,0.0,0.0,0.0,1.0,0.0,0.0,0.0,0.0,0.0,0.0,0.0,1600.0,0.0,0.0,0.0,7.458060888417314,0.25529820977805073,7.487742644178159,0.25596136975985045,4.29311638370771,0.41949207003236205,1.7165980586251164,0.2537650127276923,15.199188680483672,0.48829298369248797,,,,,,,,,,,,,,,,,,,,,,,,,,,,,,,,,,,,,,,,,,,,,,,,,,,,,,,,,,,,,,,,
diagnosis_controls,uniform_wide,synthetic,diagnosis,known-law error full | known_law_oracle,,,,,,,,,,,,,,,,,,,,,,,,,,,,,,,3,"[11, 12, 13]",uniform_wide,,,,,,,,,,,,,,,,,,,,,,,,,,,,,,,,,,,,,,,,,,,,,,,,,,,,,0.0,0.0,0.0,0.0,0.0,0.0,1.0,1.5700924586837752e-16,0.0,0.0,0.0,0.0,0.0,0.0,1.0,7.850462293418876e-17,0.0,0.0,0.0,0.0,0.0,0.0,0.9999999999999999,1.1102230246251565e-16,0.0,0.0,0.0,0.0,,,,,,,,,,,,,,,,,,,,,,,,,,,,,,,,,,,,
diagnosis_controls,uniform_wide,synthetic,diagnosis,joint | full | known_law_oracle,,,,,,,,,,,,,,,,,,,,,,,,,,,,,,,3,"[11, 12, 13]",uniform_wide,,,,,,,,,,,,,,,,,,,,,,,,,,,,,,,,,,,,,,,,,,,,,,,,,,,,,,,,,,,,,,,,,,,,,,,,,,,,,,,,,0.05000000000000001,8.498374721940739e-18,200.0,0.0,17.91450230193044,0.8029985958891804,63.27637329993559,16.883520915475263,0.06166666666666667,0.03752776749732568,0.6849999999999999,0.03499999999999997,0.888475,0.0024337471109381866,0.9132739110151573,0.001032124340263655,0.888475,0.0024337471109381866,0.938888888888889,0.004455281925651481,200.0,0.0,0.0,0.0,0.0,0.0,0.0,0.0,200.0,0.0,63.0,7.0,0.8916666666666667,0.012583057392117928,0.6633333333333334,0.028867513459481315
diagnosis_controls,uniform_wide,synthetic,diagnosis,independent | full | known_law_oracle,,,,,,,,,,,,,,,,,,,,,,,,,,,,,,,3,"[11, 12, 13]",uniform_wide,,,,,,,,,,,,,,,,,,,,,,,,,,,,,,,,,,,,,,,,,,,,,,,,,,,,,,,,,,,,,,,,,,,,,,,,,,,,,,,,,0.05000000000000001,8.498374721940739e-18,200.0,0.0,30.394810637944857,1.7456559266015603,37.673969515783064,12.89465205486235,0.05000000000000001,0.03,0.03333333333333333,0.020816659994661327,0.5234166666666666,0.004127070187594757,0.4953227809589944,0.004301656105251656,0.5234166666666666,0.004127070187594757,0.5505555555555555,0.020165690977315714,200.0,0.0,0.0,0.0,0.0,0.0,0.0,0.0,200.0,0.0,193.33333333333334,4.163331998932265,0.34,0.027838821814150105,0.0033333333333333335,0.002886751345948129
diagnosis_controls,uniform_wide,synthetic,diagnosis,marginal_max | full | known_law_oracle,,,,,,,,,,,,,,,,,,,,,,,,,,,,,,,3,"[11, 12, 13]",uniform_wide,,,,,,,,,,,,,,,,,,,,,,,,,,,,,,,,,,,,,,,,,,,,,,,,,,,,,,,,,,,,,,,,,,,,,,,,,,,,,,,,,0.05000000000000001,8.498374721940739e-18,200.0,0.0,9.192884101667678,0.7963954592303953,11.261155906764195,2.2620011769434365,0.055,0.030000000000000002,0.06666666666666667,0.05131601439446884,0.5722833333333334,0.003110122920936335,0.5452595549502569,0.009046311259488038,0.5722833333333334,0.003110122920936335,0.5505555555555555,0.020165690977315714,200.0,0.0,0.0,0.0,0.0,0.0,0.0,0.0,200.0,0.0,186.66666666666666,10.263202878893768,0.34,0.027838821814150105,0.021666666666666667,0.018929694486000914
diagnosis_controls,uniform_wide,synthetic,diagnosis,conditional_max | full | known_law_oracle,,,,,,,,,,,,,,,,,,,,,,,,,,,,,,,3,"[11, 12, 13]",uniform_wide,,,,,,,,,,,,,,,,,,,,,,,,,,,,,,,,,,,,,,,,,,,,,,,,,,,,,,,,,,,,,,,,,,,,,,,,,,,,,,,,,0.05000000000000001,8.498374721940739e-18,200.0,0.0,6.570335063123905,0.3806081608724651,56.5530306920135,14.130245034599612,0.055,0.013228756555322957,0.7683333333333332,0.02466441431158126,0.9254000000000001,0.00731368580129059,0.9409425870159445,0.006300026681139945,0.9254000000000001,0.00731368580129059,0.938888888888889,0.004455281925651481,200.0,0.0,0.0,0.0,0.0,0.0,0.0,0.0,200.0,0.0,46.333333333333336,4.932882862316248,0.8916666666666667,0.012583057392117928,0.745,0.02291287847477922
diagnosis_controls,uniform_wide,synthetic,diagnosis,relational_max | full | known_law_oracle,,,,,,,,,,,,,,,,,,,,,,,,,,,,,,,3,"[11, 12, 13]",uniform_wide,,,,,,,,,,,,,,,,,,,,,,,,,,,,,,,,,,,,,,,,,,,,,,,,,,,,,,,,,,,,,,,,,,,,,,,,,,,,,,,,,0.05000000000000001,8.498374721940739e-18,200.0,0.0,1.607312492223131,0.46954375487359784,58.44267898830007,15.161917675638659,0.05000000000000001,0.020000000000000004,0.7966666666666667,0.057951128835712365,0.9431249999999999,0.012824561396008816,0.9551837990249066,0.009499754655342517,0.9431249999999999,0.012824561396008816,0.9362499999999999,0.010316182002616494,200.0,0.0,0.0,0.0,0.0,0.0,0.0,0.0,200.0,0.0,40.666666666666664,11.590225767142474,0.8883333333333333,0.023094010767585053,0.7733333333333333,0.060069404303133664
diagnosis_controls,uniform_wide,synthetic,diagnosis,query random1:0 | circuit,,,,,,,,,,,,,,,,,,,,,,,,,,,,,,,3,"[11, 12, 13]",uniform_wide,,,,,,,,,,,3.6557515462239585e-06,2.753020616481904e-07,0.02584733299954678,0.00028420732045983773,0.012939402665021285,0.00021027353033387973,400.0,0.0,3.0,0.0,3.0,0.0,3.0,0.0,3.0,0.0,1474.0,0.0,32.0,0.0,1.0,0.0,0.02573433333333333,0.00028800057870312167,589600.0,0.0,25600.0,0.0,1600.0,0.0,51200.0,0.0,0.6773188908894857,0.20538793500378408,0.9905043443044027,0.095314730607216,0.9622842272122701,0.041881496358044064,-1.0768570105234783,0.40349261518216467,2.070169965426127,0.575271292758911,,,,,,,,,,,,,,,,,,,,,,,,,,,,,,,,,,,,,,,,,,,,,,,,,,,,,,,,,,,,,,,,
diagnosis_controls,uniform_wide,synthetic,diagnosis,known-law error random1:0 | circuit,,,,,,,,,,,,,,,,,,,,,,,,,,,,,,,3,"[11, 12, 13]",uniform_wide,,,,,,,,,,,,,,,,,,,,,,,,,,,,,,,,,,,,,,,,,,,,,,,,,,,,,2.285297798237013,0.043151332902113475,2.451450714237978,0.045583212328125094,13.356426773394645,4.412156170485495,0.31891470503334546,0.04202616311460043,0.11785975523655791,0.012129764258882559,0.35885240683754144,0.0114799107554019,3.8762715882626737,1.8634208202933251,0.9515968698812673,0.007210440176996553,2.1674380408811786,0.053456178253843516,2.3428407245088287,0.057035163593438305,10.205592594063871,2.4152444484558715,0.3099808649357664,0.008914519964018602,-4.303577308638172,0.041284476103408164,4.39846930635439,0.06856478354137795,,,,,,,,,,,,,,,,,,,,,,,,,,,,,,,,,,,,
diagnosis_controls,uniform_wide,synthetic,diagnosis,joint | random1:0 | circuit,,,,,,,,,,,,,,,,,,,,,,,,,,,,,,,3,"[11, 12, 13]",uniform_wide,,,,,,,,,,,,,,,,,,,,,,,,,,,,,,,,,,,,,,,,,,,,,,,,,,,,,,,,,,,,,,,,,,,,,,,,,,,,,,,,,0.05000000000000001,8.498374721940739e-18,200.0,0.0,23.177754084269207,3.0779238137629292,33.65914789835612,11.016229653756135,0.05833333333333334,0.06448514040717701,0.05833333333333334,0.06448514040717701,0.5,0.0,0.5,0.0,0.5,0.0,,,0.0,0.0,200.0,0.0,0.0,0.0,0.0,0.0,0.0,0.0,0.0,0.0,,,0.0,0.0
diagnosis_controls,uniform_wide,synthetic,diagnosis,independent | random1:0 | circuit,,,,,,,,,,,,,,,,,,,,,,,,,,,,,,,3,"[11, 12, 13]",uniform_wide,,,,,,,,,,,,,,,,,,,,,,,,,,,,,,,,,,,,,,,,,,,,,,,,,,,,,,,,,,,,,,,,,,,,,,,,,,,,,,,,,0.05000000000000001,8.498374721940739e-18,200.0,0.0,24.295731862386067,2.7037460708161416,34.834791819254555,11.216482817552212,0.055,0.05766281297335398,0.055,0.05766281297335398,0.5,0.0,0.5,0.0,0.5,0.0,,,0.0,0.0,200.0,0.0,0.0,0.0,0.0,0.0,0.0,0.0,0.0,0.0,,,0.0,0.0
diagnosis_controls,uniform_wide,synthetic,diagnosis,marginal_max | random1:0 | circuit,,,,,,,,,,,,,,,,,,,,,,,,,,,,,,,3,"[11, 12, 13]",uniform_wide,,,,,,,,,,,,,,,,,,,,,,,,,,,,,,,,,,,,,,,,,,,,,,,,,,,,,,,,,,,,,,,,,,,,,,,,,,,,,,,,,0.05000000000000001,8.498374721940739e-18,200.0,0.0,9.499844868977865,1.112499542272557,14.161535263061523,4.642794454512254,0.05666666666666667,0.030138568866708543,0.05666666666666667,0.030138568866708543,0.5,0.0,0.5,0.0,0.5,0.0,,,0.0,0.0,200.0,0.0,0.0,0.0,0.0,0.0,0.0,0.0,0.0,0.0,,,0.0,0.0
diagnosis_controls,uniform_wide,synthetic,diagnosis,conditional_max | random1:0 | circuit,,,,,,,,,,,,,,,,,,,,,,,,,,,,,,,3,"[11, 12, 13]",uniform_wide,,,,,,,,,,,,,,,,,,,,,,,,,,,,,,,,,,,,,,,,,,,,,,,,,,,,,,,,,,,,,,,,,,,,,,,,,,,,,,,,,0.05000000000000001,8.498374721940739e-18,200.0,0.0,9.277214686075846,1.2720503710927946,13.618638674418131,4.443134422459142,0.051666666666666666,0.04041451884327381,0.051666666666666666,0.04041451884327381,0.5,0.0,0.5,0.0,0.5,0.0,,,0.0,0.0,200.0,0.0,0.0,0.0,0.0,0.0,0.0,0.0,0.0,0.0,,,0.0,0.0
diagnosis_controls,uniform_wide,synthetic,diagnosis,relational_max | random1:0 | circuit,,,,,,,,,,,,,,,,,,,,,,,,,,,,,,,3,"[11, 12, 13]",uniform_wide,,,,,,,,,,,,,,,,,,,,,,,,,,,,,,,,,,,,,,,,,,,,,,,,,,,,,,,,,,,,,,,,,,,,,,,,,,,,,,,,,0.05000000000000001,8.498374721940739e-18,200.0,0.0,1.3419618606567383,0.1805091315244974,4.202593167622884,0.06167978022394329,0.065,0.03605551275463989,0.065,0.03605551275463989,0.5,0.0,0.5,0.0,0.5,0.0,,,0.0,0.0,200.0,0.0,0.0,0.0,0.0,0.0,0.0,0.0,0.0,0.0,,,0.0,0.0
diagnosis_controls,uniform_wide,synthetic,diagnosis,query random1:0 | known_law_oracle,,,,,,,,,,,,,,,,,,,,,,,,,,,,,,,3,"[11, 12, 13]",uniform_wide,,,,,,,,,,,0.0,0.0,0.001264944000771114,4.142803088815767e-05,0.001117611335454664,3.322916208363868e-05,400.0,0.0,3.0,0.0,3.0,0.0,3.0,0.0,4.0,0.0,0.0,0.0,0.0,0.0,1.0,0.0,0.0,0.0,0.0,0.0,0.0,0.0,1600.0,0.0,0.0,0.0,4.627316966401856,0.16307299118556964,4.712017089467656,0.11676318793947561,3.026830896452991,0.2586339937212524,0.4658740226593728,0.3384785170764952,9.77032003486938,0.6432838298811988,,,,,,,,,,,,,,,,,,,,,,,,,,,,,,,,,,,,,,,,,,,,,,,,,,,,,,,,,,,,,,,,
diagnosis_controls,uniform_wide,synthetic,diagnosis,known-law error random1:0 | known_law_oracle,,,,,,,,,,,,,,,,,,,,,,,,,,,,,,,3,"[11, 12, 13]",uniform_wide,,,,,,,,,,,,,,,,,,,,,,,,,,,,,,,,,,,,,,,,,,,,,,,,,,,,,0.0,0.0,0.0,0.0,0.0,0.0,1.0,1.1102230246251565e-16,0.0,0.0,0.0,0.0,0.0,0.0,1.0,0.0,0.0,0.0,0.0,0.0,0.0,0.0,1.0,0.0,0.0,0.0,0.0,0.0,,,,,,,,,,,,,,,,,,,,,,,,,,,,,,,,,,,,
diagnosis_controls,uniform_wide,synthetic,diagnosis,joint | random1:0 | known_law_oracle,,,,,,,,,,,,,,,,,,,,,,,,,,,,,,,3,"[11, 12, 13]",uniform_wide,,,,,,,,,,,,,,,,,,,,,,,,,,,,,,,,,,,,,,,,,,,,,,,,,,,,,,,,,,,,,,,,,,,,,,,,,,,,,,,,,0.05000000000000001,8.498374721940739e-18,200.0,0.0,14.935343620961225,0.6200248163381805,13.974248921396907,2.140536873776643,0.056666666666666664,0.02254624876411447,0.056666666666666664,0.02254624876411447,0.5,0.0,0.5,0.0,0.5,0.0,,,0.0,0.0,200.0,0.0,0.0,0.0,0.0,0.0,0.0,0.0,0.0,0.0,,,0.0,0.0
diagnosis_controls,uniform_wide,synthetic,diagnosis,independent | random1:0 | known_law_oracle,,,,,,,,,,,,,,,,,,,,,,,,,,,,,,,3,"[11, 12, 13]",uniform_wide,,,,,,,,,,,,,,,,,,,,,,,,,,,,,,,,,,,,,,,,,,,,,,,,,,,,,,,,,,,,,,,,,,,,,,,,,,,,,,,,,0.05000000000000001,8.498374721940739e-18,200.0,0.0,23.064225268769338,1.4580430040976473,29.455796539991923,8.71210378294894,0.049999999999999996,0.04272001872658766,0.049999999999999996,0.04272001872658766,0.5,0.0,0.5,0.0,0.5,0.0,,,0.0,0.0,200.0,0.0,0.0,0.0,0.0,0.0,0.0,0.0,0.0,0.0,,,0.0,0.0
diagnosis_controls,uniform_wide,synthetic,diagnosis,marginal_max | random1:0 | known_law_oracle,,,,,,,,,,,,,,,,,,,,,,,,,,,,,,,3,"[11, 12, 13]",uniform_wide,,,,,,,,,,,,,,,,,,,,,,,,,,,,,,,,,,,,,,,,,,,,,,,,,,,,,,,,,,,,,,,,,,,,,,,,,,,,,,,,,0.05000000000000001,8.498374721940739e-18,200.0,0.0,8.867459059957293,0.8315980696454699,10.961353536093142,2.848882890820819,0.06333333333333334,0.04856267428111155,0.06333333333333334,0.04856267428111155,0.5,0.0,0.5,0.0,0.5,0.0,,,0.0,0.0,200.0,0.0,0.0,0.0,0.0,0.0,0.0,0.0,0.0,0.0,,,0.0,0.0
diagnosis_controls,uniform_wide,synthetic,diagnosis,conditional_max | random1:0 | known_law_oracle,,,,,,,,,,,,,,,,,,,,,,,,,,,,,,,3,"[11, 12, 13]",uniform_wide,,,,,,,,,,,,,,,,,,,,,,,,,,,,,,,,,,,,,,,,,,,,,,,,,,,,,,,,,,,,,,,,,,,,,,,,,,,,,,,,,0.05000000000000001,8.498374721940739e-18,200.0,0.0,6.471471241677171,0.48829282531222534,8.361070651078274,1.3635006876038969,0.045000000000000005,0.013228756555322954,0.045000000000000005,0.013228756555322954,0.5,0.0,0.5,0.0,0.5,0.0,,,0.0,0.0,200.0,0.0,0.0,0.0,0.0,0.0,0.0,0.0,0.0,0.0,,,0.0,0.0
diagnosis_controls,uniform_wide,synthetic,diagnosis,relational_max | random1:0 | known_law_oracle,,,,,,,,,,,,,,,,,,,,,,,,,,,,,,,3,"[11, 12, 13]",uniform_wide,,,,,,,,,,,,,,,,,,,,,,,,,,,,,,,,,,,,,,,,,,,,,,,,,,,,,,,,,,,,,,,,,,,,,,,,,,,,,,,,,0.05000000000000001,8.498374721940739e-18,200.0,0.0,1.4754989400425194,0.4936331413940235,13.103990108532907,2.5043772474858463,0.05000000000000001,0.020000000000000004,0.05000000000000001,0.020000000000000004,0.5,0.0,0.5,0.0,0.5,0.0,,,0.0,0.0,200.0,0.0,0.0,0.0,0.0,0.0,0.0,0.0,0.0,0.0,,,0.0,0.0
diagnosis_controls,uniform_wide,synthetic,diagnosis,query random2:1-2 | circuit,,,,,,,,,,,,,,,,,,,,,,,,,,,,,,,3,"[11, 12, 13]",uniform_wide,,,,,,,,,,,2.2252400716145835e-06,7.283807905444844e-07,0.025706611000108143,0.000992518782416697,0.012998694666748634,0.00023589551128825792,400.0,0.0,2.0,0.0,2.0,0.0,2.0,0.0,3.0,0.0,1474.0,0.0,32.0,0.0,1.0,0.0,0.025595666666666666,0.000992799241203041,589600.0,0.0,25600.0,0.0,1600.0,0.0,51200.0,0.0,0.3751010596752167,0.09817414900487569,0.6045055190722147,0.17711583468160672,0.6190548837184906,0.23692845772249702,-0.7974199950695038,0.49360612914656493,1.1981152892112732,0.45810850073162285,,,,,,,,,,,,,,,,,,,,,,,,,,,,,,,,,,,,,,,,,,,,,,,,,,,,,,,,,,,,,,,,
diagnosis_controls,uniform_wide,synthetic,diagnosis,known-law error random2:1-2 | circuit,,,,,,,,,,,,,,,,,,,,,,,,,,,,,,,3,"[11, 12, 13]",uniform_wide,,,,,,,,,,,,,,,,,,,,,,,,,,,,,,,,,,,,,,,,,,,,,,,,,,,,,-1.276739468506885,0.306098252058021,3.4704297575340575,0.35665126364420224,26.444479756886555,8.792335180628694,0.5895400724005467,0.06973208942292772,0.11956567433544048,0.022114823774816113,0.3492298545281483,0.030325103515257835,4.5999819872135275,3.5886982994621492,0.9572528542839733,0.00961657774154035,-1.39630515069027,0.30118876264786304,3.4461105849102904,0.354237949147374,26.277619583048292,8.433906325870783,0.5457028203569931,0.09221218189474249,1.1571737287056763,0.3124991795280992,3.496193372703136,0.3591088987838634,,,,,,,,,,,,,,,,,,,,,,,,,,,,,,,,,,,,
diagnosis_controls,uniform_wide,synthetic,diagnosis,joint | random2:1-2 | circuit,,,,,,,,,,,,,,,,,,,,,,,,,,,,,,,3,"[11, 12, 13]",uniform_wide,,,,,,,,,,,,,,,,,,,,,,,,,,,,,,,,,,,,,,,,,,,,,,,,,,,,,,,,,,,,,,,,,,,,,,,,,,,,,,,,,0.05000000000000001,8.498374721940739e-18,200.0,0.0,14.809819857279459,0.8282594139478698,22.657036463419598,4.819778967734972,0.075,0.034999999999999996,0.105,0.040926763859362246,0.5999416666666667,0.029557066977853756,0.5742948676268568,0.03518603351757527,0.5999416666666667,0.029557066977853756,0.7450000000000001,0.010897247358851643,200.0,0.0,0.0,0.0,0.0,0.0,0.0,0.0,200.0,0.0,179.0,8.18535277187245,0.49,0.021794494717703387,0.051666666666666666,0.012583057392117916
diagnosis_controls,uniform_wide,synthetic,diagnosis,independent | random2:1-2 | circuit,,,,,,,,,,,,,,,,,,,,,,,,,,,,,,,3,"[11, 12, 13]",uniform_wide,,,,,,,,,,,,,,,,,,,,,,,,,,,,,,,,,,,,,,,,,,,,,,,,,,,,,,,,,,,,,,,,,,,,,,,,,,,,,,,,,0.05000000000000001,8.498374721940739e-18,200.0,0.0,15.335250854492188,0.9167516699497649,23.681193669637043,4.791724206436865,0.07,0.03278719262151,0.041666666666666664,0.0202072594216369,0.5229333333333334,0.006226974251860492,0.4938751903718961,0.0020676625835607553,0.5229333333333334,0.006226974251860492,0.7450000000000001,0.010897247358851643,200.0,0.0,0.0,0.0,0.0,0.0,0.0,0.0,200.0,0.0,191.66666666666666,4.041451884327381,0.49,0.021794494717703387,0.021666666666666667,0.010408329997330663
diagnosis_controls,uniform_wide,synthetic,diagnosis,marginal_max | random2:1-2 | circuit,,,,,,,,,,,,,,,,,,,,,,,,,,,,,,,3,"[11, 12, 13]",uniform_wide,,,,,,,,,,,,,,,,,,,,,,,,,,,,,,,,,,,,,,,,,,,,,,,,,,,,,,,,,,,,,,,,,,,,,,,,,,,,,,,,,0.05000000000000001,8.498374721940739e-18,200.0,0.0,8.763428211212158,0.7542345596316065,14.596373558044434,3.897447507624135,0.06833333333333334,0.03511884584284246,0.08,0.04272001872658766,0.5581333333333334,0.01620013663779825,0.5401197341435209,0.008986046253350335,0.5581333333333334,0.01620013663779825,0.7450000000000001,0.010897247358851643,200.0,0.0,0.0,0.0,0.0,0.0,0.0,0.0,200.0,0.0,184.0,8.54400374531753,0.49,0.021794494717703387,0.03333333333333333,0.012583057392117916
diagnosis_controls,uniform_wide,synthetic,diagnosis,conditional_max | random2:1-2 | circuit,,,,,,,,,,,,,,,,,,,,,,,,,,,,,,,3,"[11, 12, 13]",uniform_wide,,,,,,,,,,,,,,,,,,,,,,,,,,,,,,,,,,,,,,,,,,,,,,,,,,,,,,,,,,,,,,,,,,,,,,,,,,,,,,,,,0.05000000000000001,8.498374721940739e-18,200.0,0.0,8.268445014953613,0.47056781937214287,14.867758433024088,3.174395430807747,0.07166666666666667,0.020207259421636897,0.22166666666666668,0.0448144321991625,0.65545,0.04264584534277636,0.6582959311788731,0.0537644174254745,0.65545,0.04264584534277636,0.7450000000000001,0.010897247358851643,200.0,0.0,0.0,0.0,0.0,0.0,0.0,0.0,200.0,0.0,155.66666666666666,8.962886439832502,0.49,0.021794494717703387,0.10166666666666667,0.02362907813126304
diagnosis_controls,uniform_wide,synthetic,diagnosis,relational_max | random2:1-2 | circuit,,,,,,,,,,,,,,,,,,,,,,,,,,,,,,,3,"[11, 12, 13]",uniform_wide,,,,,,,,,,,,,,,,,,,,,,,,,,,,,,,,,,,,,,,,,,,,,,,,,,,,,,,,,,,,,,,,,,,,,,,,,,,,,,,,,0.05000000000000001,8.498374721940739e-18,200.0,0.0,0.6046829223632812,0.04001510036152864,5.865041732788086,1.8290157829436806,0.06833333333333334,0.06006940430313367,0.3466666666666667,0.08144527815247078,0.7182666666666666,0.0488800338413685,0.7512968947968711,0.039956538152430936,0.7182666666666666,0.0488800338413685,0.605,0.01887458608817692,200.0,0.0,0.0,0.0,0.0,0.0,200.0,0.0,0.0,0.0,0.0,0.0,,,0.0,0.0
diagnosis_controls,uniform_wide,synthetic,diagnosis,query random2:1-2 | known_law_oracle,,,,,,,,,,,,,,,,,,,,,,,,,,,,,,,3,"[11, 12, 13]",uniform_wide,,,,,,,,,,,0.0,0.0,0.0008811389998300001,8.893313279840069e-06,0.0008150556665592982,5.755764287573864e-06,400.0,0.0,2.0,0.0,2.0,0.0,2.0,0.0,3.0,0.0,0.0,0.0,0.0,0.0,1.0,0.0,0.0,0.0,0.0,0.0,0.0,0.0,1600.0,0.0,0.0,0.0,2.096357563588452,0.09964891895981108,2.26804549120613,0.10914603308982343,1.6751941333155622,0.08785377155676298,-0.6576425075661821,0.10805273258978587,4.734415882802904,0.050446721985513074,,,,,,,,,,,,,,,,,,,,,,,,,,,,,,,,,,,,,,,,,,,,,,,,,,,,,,,,,,,,,,,,
diagnosis_controls,uniform_wide,synthetic,diagnosis,known-law error random2:1-2 | known_law_oracle,,,,,,,,,,,,,,,,,,,,,,,,,,,,,,,3,"[11, 12, 13]",uniform_wide,,,,,,,,,,,,,,,,,,,,,,,,,,,,,,,,,,,,,,,,,,,,,,,,,,,,,0.0,0.0,0.0,0.0,0.0,0.0,1.0,1.1102230246251565e-16,0.0,0.0,0.0,0.0,0.0,0.0,1.0,0.0,0.0,0.0,0.0,0.0,0.0,0.0,0.9999999999999999,1.1102230246251565e-16,0.0,0.0,0.0,0.0,,,,,,,,,,,,,,,,,,,,,,,,,,,,,,,,,,,,
diagnosis_controls,uniform_wide,synthetic,diagnosis,joint | random2:1-2 | known_law_oracle,,,,,,,,,,,,,,,,,,,,,,,,,,,,,,,3,"[11, 12, 13]",uniform_wide,,,,,,,,,,,,,,,,,,,,,,,,,,,,,,,,,,,,,,,,,,,,,,,,,,,,,,,,,,,,,,,,,,,,,,,,,,,,,,,,,0.05000000000000001,8.498374721940739e-18,200.0,0.0,11.544140844757928,0.29233015485814934,39.95401375908924,9.089835744996352,0.06833333333333334,0.01527525231651947,0.6133333333333333,0.033291640592397,0.8479749999999999,0.01524223162794738,0.879711434295874,0.008830852631302356,0.8479749999999999,0.01524223162794738,0.7391666666666667,0.015275252316519432,200.0,0.0,0.0,0.0,0.0,0.0,0.0,0.0,200.0,0.0,77.33333333333333,6.6583281184793925,0.47833333333333333,0.03055050463303893,0.3,0.03905124837953324
diagnosis_controls,uniform_wide,synthetic,diagnosis,independent | random2:1-2 | known_law_oracle,,,,,,,,,,,,,,,,,,,,,,,,,,,,,,,3,"[11, 12, 13]",uniform_wide,,,,,,,,,,,,,,,,,,,,,,,,,,,,,,,,,,,,,,,,,,,,,,,,,,,,,,,,,,,,,,,,,,,,,,,,,,,,,,,,,0.05000000000000001,8.498374721940739e-18,200.0,0.0,15.234903123055595,1.053006601916033,19.411344127833306,5.751342606435359,0.06166666666666667,0.03883726732577014,0.03833333333333333,0.02753785273643051,0.5248166666666666,0.0021939310229205926,0.49429167426924797,0.008234105479264342,0.5248166666666666,0.0021939310229205926,0.7391666666666667,0.015275252316519432,200.0,0.0,0.0,0.0,0.0,0.0,0.0,0.0,200.0,0.0,192.33333333333334,5.507570547286101,0.47833333333333333,0.03055050463303893,0.02,0.013228756555322952
diagnosis_controls,uniform_wide,synthetic,diagnosis,marginal_max | random2:1-2 | known_law_oracle,,,,,,,,,,,,,,,,,,,,,,,,,,,,,,,3,"[11, 12, 13]",uniform_wide,,,,,,,,,,,,,,,,,,,,,,,,,,,,,,,,,,,,,,,,,,,,,,,,,,,,,,,,,,,,,,,,,,,,,,,,,,,,,,,,,0.05000000000000001,8.498374721940739e-18,200.0,0.0,8.43466565713213,0.25999754209780307,10.425368004129288,2.5450730587845736,0.06333333333333334,0.011547005383792516,0.07333333333333333,0.03329164059239696,0.56655,0.011713393775930205,0.5462341318002347,0.004067795251284844,0.56655,0.011713393775930205,0.7391666666666667,0.015275252316519432,200.0,0.0,0.0,0.0,0.0,0.0,0.0,0.0,200.0,0.0,185.33333333333334,6.6583281184793925,0.47833333333333333,0.03055050463303893,0.034999999999999996,0.013228756555322952
diagnosis_controls,uniform_wide,synthetic,diagnosis,conditional_max | random2:1-2 | known_law_oracle,,,,,,,,,,,,,,,,,,,,,,,,,,,,,,,3,"[11, 12, 13]",uniform_wide,,,,,,,,,,,,,,,,,,,,,,,,,,,,,,,,,,,,,,,,,,,,,,,,,,,,,,,,,,,,,,,,,,,,,,,,,,,,,,,,,0.05000000000000001,8.498374721940739e-18,200.0,0.0,5.837524496781721,0.10842471013958771,37.24736777595433,9.693600535686526,0.09500000000000001,0.0050000000000000044,0.7383333333333333,0.0028867513459481316,0.8997083333333333,0.017445349189206105,0.9215935540339588,0.01225211038186652,0.8997083333333333,0.017445349189206105,0.7391666666666667,0.015275252316519432,200.0,0.0,0.0,0.0,0.0,0.0,0.0,0.0,200.0,0.0,52.333333333333336,0.5773502691896258,0.47833333333333333,0.03055050463303893,0.36166666666666664,0.02753785273643051
diagnosis_controls,uniform_wide,synthetic,diagnosis,relational_max | random2:1-2 | known_law_oracle,,,,,,,,,,,,,,,,,,,,,,,,,,,,,,,3,"[11, 12, 13]",uniform_wide,,,,,,,,,,,,,,,,,,,,,,,,,,,,,,,,,,,,,,,,,,,,,,,,,,,,,,,,,,,,,,,,,,,,,,,,,,,,,,,,,0.05000000000000001,8.498374721940739e-18,200.0,0.0,0.23123994314603222,0.10013022041458396,37.96105018797506,9.735287551294547,0.08166666666666667,0.01040832999733066,0.7966666666666665,0.03617089069035114,0.9314250000000001,0.014618844858606306,0.9447480208963511,0.010502674899999056,0.9314250000000001,0.014618844858606306,0.5641666666666667,0.016645820296198446,200.0,0.0,0.0,0.0,0.0,0.0,200.0,0.0,0.0,0.0,0.0,0.0,,,0.0,0.0
diagnosis_controls,uniform_wide,synthetic,diagnosis,query random3:1-2-3 | circuit,,,,,,,,,,,,,,,,,,,,,,,,,,,,,,,3,"[11, 12, 13]",uniform_wide,,,,,,,,,,,8.742014567057291e-07,1.376510308240952e-07,0.025438874999963446,0.0006971867526546728,0.013361208333662944,0.0005669813958446745,400.0,0.0,1.0,0.0,1.0,0.0,1.0,0.0,3.0,0.0,1474.0,0.0,32.0,0.0,1.0,0.0,0.025321,0.0006937744590282913,589600.0,0.0,25600.0,0.0,1600.0,0.0,51200.0,0.0,-1.1563300953791138e-07,9.783880401363887e-08,2.1497408416356242e-07,5.7237008672256137e-08,3.011285703754159e-07,1.3932571898409132e-08,-4.76837158203125e-07,0.0,4.0133793769806897e-07,1.307684858466031e-07,,,,,,,,,,,,,,,,,,,,,,,,,,,,,,,,,,,,,,,,,,,,,,,,,,,,,,,,,,,,,,,,
diagnosis_controls,uniform_wide,synthetic,diagnosis,known-law error random3:1-2-3 | circuit,,,,,,,,,,,,,,,,,,,,,,,,,,,,,,,3,"[11, 12, 13]",uniform_wide,,,,,,,,,,,,,,,,,,,,,,,,,,,,,,,,,,,,,,,,,,,,,,,,,,,,,0.12266079896380527,0.05385827959410931,0.35518246297616596,0.042373006445778315,4.505982485972745,3.671747182682387,0.951951743790144,0.01296197879182357,0.12266079896380527,0.05385827959410931,0.35518246297616596,0.042373006445778315,4.505982485972745,3.671747182682387,0.951951743790144,0.01296197879182357,0.0,0.0,0.0,0.0,0.0,0.0,,,-0.12266091419945184,0.05385831921114784,0.3551825046994173,0.0423730245417364,,,,,,,,,,,,,,,,,,,,,,,,,,,,,,,,,,,,
diagnosis_controls,uniform_wide,synthetic,diagnosis,joint | random3:1-2-3 | circuit,,,,,,,,,,,,,,,,,,,,,,,,,,,,,,,3,"[11, 12, 13]",uniform_wide,,,,,,,,,,,,,,,,,,,,,,,,,,,,,,,,,,,,,,,,,,,,,,,,,,,,,,,,,,,,,,,,,,,,,,,,,,,,,,,,,0.05000000000000001,8.498374721940739e-18,200.0,0.0,8.11075989405314,0.6501408442156171,13.324861526489258,4.584640287329506,0.055,0.0229128784747792,0.05166666666666667,0.012583057392117916,0.48760000000000003,0.004833929560926611,0.49806954725818314,0.007048814856828561,0.48760000000000003,0.004833929560926611,,,0.0,0.0,0.0,0.0,200.0,0.0,200.0,0.0,0.0,0.0,0.0,0.0,,,0.0,0.0
diagnosis_controls,uniform_wide,synthetic,diagnosis,independent | random3:1-2-3 | circuit,,,,,,,,,,,,,,,,,,,,,,,,,,,,,,,3,"[11, 12, 13]",uniform_wide,,,,,,,,,,,,,,,,,,,,,,,,,,,,,,,,,,,,,,,,,,,,,,,,,,,,,,,,,,,,,,,,,,,,,,,,,,,,,,,,,0.05000000000000001,8.498374721940739e-18,200.0,0.0,8.11075989405314,0.6501408442156171,13.324861844380697,4.584641740863188,0.055,0.0229128784747792,0.05166666666666667,0.012583057392117916,0.48760000000000003,0.004833929560926611,0.49806954725818314,0.007048814856828561,0.48760000000000003,0.004833929560926611,,,0.0,0.0,0.0,0.0,200.0,0.0,200.0,0.0,0.0,0.0,0.0,0.0,,,0.0,0.0
diagnosis_controls,uniform_wide,synthetic,diagnosis,marginal_max | random3:1-2-3 | circuit,,,,,,,,,,,,,,,,,,,,,,,,,,,,,,,3,"[11, 12, 13]",uniform_wide,,,,,,,,,,,,,,,,,,,,,,,,,,,,,,,,,,,,,,,,,,,,,,,,,,,,,,,,,,,,,,,,,,,,,,,,,,,,,,,,,0.05000000000000001,8.498374721940739e-18,200.0,0.0,8.11075989405314,0.6501408442156171,13.324861844380697,4.584641740863188,0.055,0.0229128784747792,0.05166666666666667,0.012583057392117916,0.48760000000000003,0.004833929560926611,0.49806954725818314,0.007048814856828561,0.48760000000000003,0.004833929560926611,,,0.0,0.0,0.0,0.0,200.0,0.0,200.0,0.0,0.0,0.0,0.0,0.0,,,0.0,0.0
diagnosis_controls,uniform_wide,synthetic,diagnosis,conditional_max | random3:1-2-3 | circuit,,,,,,,,,,,,,,,,,,,,,,,,,,,,,,,3,"[11, 12, 13]",uniform_wide,,,,,,,,,,,,,,,,,,,,,,,,,,,,,,,,,,,,,,,,,,,,,,,,,,,,,,,,,,,,,,,,,,,,,,,,,,,,,,,,,0.05000000000000001,8.498374721940739e-18,200.0,0.0,8.11075989405314,0.6501408442156171,13.324861844380697,4.584641740863188,0.055,0.0229128784747792,0.05166666666666667,0.012583057392117916,0.48760000000000003,0.004833929560926611,0.49806954725818314,0.007048814856828561,0.48760000000000003,0.004833929560926611,,,0.0,0.0,0.0,0.0,200.0,0.0,200.0,0.0,0.0,0.0,0.0,0.0,,,0.0,0.0
diagnosis_controls,uniform_wide,synthetic,diagnosis,relational_max | random3:1-2-3 | circuit,,,,,,,,,,,,,,,,,,,,,,,,,,,,,,,3,"[11, 12, 13]",uniform_wide,,,,,,,,,,,,,,,,,,,,,,,,,,,,,,,,,,,,,,,,,,,,,,,,,,,,,,,,,,,,,,,,,,,,,,,,,,,,,,,,,0.05000000000000001,8.498374721940739e-18,200.0,0.0,0.0,0.0,0.0,0.0,0.0,0.0,0.0,0.0,0.5,0.0,0.5,0.0,0.5,0.0,,,0.0,0.0,0.0,0.0,200.0,0.0,200.0,0.0,0.0,0.0,0.0,0.0,,,0.0,0.0
diagnosis_controls,uniform_wide,synthetic,diagnosis,query random3:1-2-3 | known_law_oracle,,,,,,,,,,,,,,,,,,,,,,,,,,,,,,,3,"[11, 12, 13]",uniform_wide,,,,,,,,,,,0.0,0.0,0.00043833333378036815,1.548055120567875e-05,0.00041531933554021333,2.647775669320196e-05,400.0,0.0,1.0,0.0,1.0,0.0,1.0,0.0,2.0,0.0,0.0,0.0,0.0,0.0,1.0,0.0,0.0,0.0,0.0,0.0,0.0,0.0,1600.0,0.0,0.0,0.0,0.0,0.0,0.0,0.0,0.0,0.0,0.0,0.0,0.0,0.0,,,,,,,,,,,,,,,,,,,,,,,,,,,,,,,,,,,,,,,,,,,,,,,,,,,,,,,,,,,,,,,,
diagnosis_controls,uniform_wide,synthetic,diagnosis,known-law error random3:1-2-3 | known_law_oracle,,,,,,,,,,,,,,,,,,,,,,,,,,,,,,,3,"[11, 12, 13]",uniform_wide,,,,,,,,,,,,,,,,,,,,,,,,,,,,,,,,,,,,,,,,,,,,,,,,,,,,,0.0,0.0,0.0,0.0,0.0,0.0,1.0,0.0,0.0,0.0,0.0,0.0,0.0,0.0,1.0,0.0,0.0,0.0,0.0,0.0,0.0,0.0,,,0.0,0.0,0.0,0.0,,,,,,,,,,,,,,,,,,,,,,,,,,,,,,,,,,,,
diagnosis_controls,uniform_wide,synthetic,diagnosis,joint | random3:1-2-3 | known_law_oracle,,,,,,,,,,,,,,,,,,,,,,,,,,,,,,,3,"[11, 12, 13]",uniform_wide,,,,,,,,,,,,,,,,,,,,,,,,,,,,,,,,,,,,,,,,,,,,,,,,,,,,,,,,,,,,,,,,,,,,,,,,,,,,,,,,,0.05000000000000001,8.498374721940739e-18,200.0,0.0,7.689895496961474,0.5021001950174577,10.071033718670991,2.3032659569915754,0.06333333333333334,0.020207259421636908,0.06,0.0304138126514911,0.48662500000000003,0.006084868527749771,0.4983624026561697,0.008169094318119742,0.48662500000000003,0.006084868527749771,,,0.0,0.0,0.0,0.0,200.0,0.0,200.0,0.0,0.0,0.0,0.0,0.0,,,0.0,0.0
diagnosis_controls,uniform_wide,synthetic,diagnosis,independent | random3:1-2-3 | known_law_oracle,,,,,,,,,,,,,,,,,,,,,,,,,,,,,,,3,"[11, 12, 13]",uniform_wide,,,,,,,,,,,,,,,,,,,,,,,,,,,,,,,,,,,,,,,,,,,,,,,,,,,,,,,,,,,,,,,,,,,,,,,,,,,,,,,,,0.05000000000000001,8.498374721940739e-18,200.0,0.0,7.689895496961474,0.5021001950174577,10.071033718670991,2.3032659569915754,0.06333333333333334,0.020207259421636908,0.06,0.0304138126514911,0.48662500000000003,0.006084868527749771,0.4983624026561697,0.008169094318119742,0.48662500000000003,0.006084868527749771,,,0.0,0.0,0.0,0.0,200.0,0.0,200.0,0.0,0.0,0.0,0.0,0.0,,,0.0,0.0
diagnosis_controls,uniform_wide,synthetic,diagnosis,marginal_max | random3:1-2-3 | known_law_oracle,,,,,,,,,,,,,,,,,,,,,,,,,,,,,,,3,"[11, 12, 13]",uniform_wide,,,,,,,,,,,,,,,,,,,,,,,,,,,,,,,,,,,,,,,,,,,,,,,,,,,,,,,,,,,,,,,,,,,,,,,,,,,,,,,,,0.05000000000000001,8.498374721940739e-18,200.0,0.0,7.689895496961474,0.5021001950174577,10.071033718670991,2.3032659569915754,0.06333333333333334,0.020207259421636908,0.06,0.0304138126514911,0.48662500000000003,0.006084868527749771,0.4983624026561697,0.008169094318119742,0.48662500000000003,0.006084868527749771,,,0.0,0.0,0.0,0.0,200.0,0.0,200.0,0.0,0.0,0.0,0.0,0.0,,,0.0,0.0
diagnosis_controls,uniform_wide,synthetic,diagnosis,conditional_max | random3:1-2-3 | known_law_oracle,,,,,,,,,,,,,,,,,,,,,,,,,,,,,,,3,"[11, 12, 13]",uniform_wide,,,,,,,,,,,,,,,,,,,,,,,,,,,,,,,,,,,,,,,,,,,,,,,,,,,,,,,,,,,,,,,,,,,,,,,,,,,,,,,,,0.05000000000000001,8.498374721940739e-18,200.0,0.0,7.689895496961474,0.5021001950174577,10.071033718670991,2.3032659569915754,0.06333333333333334,0.020207259421636908,0.06,0.0304138126514911,0.48662500000000003,0.006084868527749771,0.4983624026561697,0.008169094318119742,0.48662500000000003,0.006084868527749771,,,0.0,0.0,0.0,0.0,200.0,0.0,200.0,0.0,0.0,0.0,0.0,0.0,,,0.0,0.0
diagnosis_controls,uniform_wide,synthetic,diagnosis,relational_max | random3:1-2-3 | known_law_oracle,,,,,,,,,,,,,,,,,,,,,,,,,,,,,,,3,"[11, 12, 13]",uniform_wide,,,,,,,,,,,,,,,,,,,,,,,,,,,,,,,,,,,,,,,,,,,,,,,,,,,,,,,,,,,,,,,,,,,,,,,,,,,,,,,,,0.05000000000000001,8.498374721940739e-18,200.0,0.0,0.0,0.0,0.0,0.0,0.0,0.0,0.0,0.0,0.5,0.0,0.5,0.0,0.5,0.0,,,0.0,0.0,0.0,0.0,200.0,0.0,200.0,0.0,0.0,0.0,0.0,0.0,,,0.0,0.0
diagnosis_controls,uniform_wide,synthetic,diagnosis,query bank0:0-1 | circuit,,,,,,,,,,,,,,,,,,,,,,,,,,,,,,,3,"[11, 12, 13]",uniform_wide,,,,,,,,,,,2.384185791015625e-06,4.76837158203125e-07,0.026016889000554027,0.0006355007656478154,0.012754555665499842,0.00017321201979361267,400.0,0.0,2.0,0.0,2.0,0.0,2.0,0.0,3.0,0.0,1474.0,0.0,32.0,0.0,1.0,0.0,0.025904333333333335,0.000634728550904506,589600.0,0.0,25600.0,0.0,1600.0,0.0,51200.0,0.0,0.3080232838789622,0.09262100587517105,0.5171205600102743,0.14100431684298656,0.5308876931667328,0.16456186163144573,-0.7151729663213094,0.17371357224399905,0.9976826707522074,0.44227347353075636,,,,,,,,,,,,,,,,,,,,,,,,,,,,,,,,,,,,,,,,,,,,,,,,,,,,,,,,,,,,,,,,
diagnosis_controls,uniform_wide,synthetic,diagnosis,known-law error bank0:0-1 | circuit,,,,,,,,,,,,,,,,,,,,,,,,,,,,,,,3,"[11, 12, 13]",uniform_wide,,,,,,,,,,,,,,,,,,,,,,,,,,,,,,,,,,,,,,,,,,,,,,,,,,,,,1.9409119171544067,0.09088457398445007,2.109667618892168,0.057942618906594044,12.07689737496212,3.5280805132421893,0.3971727265510856,0.04569538024351997,0.13088626582449778,0.0189953611652693,0.3738434245579148,0.025067114420658742,3.8762715882626737,1.8634208202933251,0.9511287594231476,0.010332706872045582,1.8100256560982808,0.08236274184244124,1.9895712555264593,0.06111753988297078,8.768116919237615,1.5574628267423005,0.33054397492731447,0.057574812893218794,-2.0717981452292964,0.10226462912651217,2.23082014673292,0.05604723620442544,,,,,,,,,,,,,,,,,,,,,,,,,,,,,,,,,,,,
diagnosis_controls,uniform_wide,synthetic,diagnosis,joint | bank0:0-1 | circuit,,,,,,,,,,,,,,,,,,,,,,,,,,,,,,,3,"[11, 12, 13]",uniform_wide,,,,,,,,,,,,,,,,,,,,,,,,,,,,,,,,,,,,,,,,,,,,,,,,,,,,,,,,,,,,,,,,,,,,,,,,,,,,,,,,,0.05000000000000001,8.498374721940739e-18,200.0,0.0,15.106146176656088,1.5075794497286434,22.8812313079834,5.4315149479927705,0.08166666666666668,0.052041649986653324,0.08166666666666668,0.052041649986653324,0.5,0.0,0.5,0.0,0.5,0.0,,,0.0,0.0,200.0,0.0,0.0,0.0,0.0,0.0,0.0,0.0,0.0,0.0,,,0.0,0.0
diagnosis_controls,uniform_wide,synthetic,diagnosis,independent | bank0:0-1 | circuit,,,,,,,,,,,,,,,,,,,,,,,,,,,,,,,3,"[11, 12, 13]",uniform_wide,,,,,,,,,,,,,,,,,,,,,,,,,,,,,,,,,,,,,,,,,,,,,,,,,,,,,,,,,,,,,,,,,,,,,,,,,,,,,,,,,0.05000000000000001,8.498374721940739e-18,200.0,0.0,15.712785085042318,1.5427158664804361,23.371103922526043,5.577671659706369,0.07833333333333334,0.05008326400438907,0.07833333333333334,0.05008326400438907,0.5,0.0,0.5,0.0,0.5,0.0,,,0.0,0.0,200.0,0.0,0.0,0.0,0.0,0.0,0.0,0.0,0.0,0.0,,,0.0,0.0
diagnosis_controls,uniform_wide,synthetic,diagnosis,marginal_max | bank0:0-1 | circuit,,,,,,,,,,,,,,,,,,,,,,,,,,,,,,,3,"[11, 12, 13]",uniform_wide,,,,,,,,,,,,,,,,,,,,,,,,,,,,,,,,,,,,,,,,,,,,,,,,,,,,,,,,,,,,,,,,,,,,,,,,,,,,,,,,,0.05000000000000001,8.498374721940739e-18,200.0,0.0,8.930866400400797,1.296176383213776,14.218470255533854,4.546499557307601,0.08666666666666667,0.06658328118479392,0.08666666666666667,0.06658328118479392,0.5,0.0,0.5,0.0,0.5,0.0,,,0.0,0.0,200.0,0.0,0.0,0.0,0.0,0.0,0.0,0.0,0.0,0.0,,,0.0,0.0
diagnosis_controls,uniform_wide,synthetic,diagnosis,conditional_max | bank0:0-1 | circuit,,,,,,,,,,,,,,,,,,,,,,,,,,,,,,,3,"[11, 12, 13]",uniform_wide,,,,,,,,,,,,,,,,,,,,,,,,,,,,,,,,,,,,,,,,,,,,,,,,,,,,,,,,,,,,,,,,,,,,,,,,,,,,,,,,,0.05000000000000001,8.498374721940739e-18,200.0,0.0,8.600105285644531,0.7966559711234348,13.83728313446045,4.521784380818256,0.065,0.022912878474779203,0.065,0.022912878474779203,0.5,0.0,0.5,0.0,0.5,0.0,,,0.0,0.0,200.0,0.0,0.0,0.0,0.0,0.0,0.0,0.0,0.0,0.0,,,0.0,0.0
diagnosis_controls,uniform_wide,synthetic,diagnosis,relational_max | bank0:0-1 | circuit,,,,,,,,,,,,,,,,,,,,,,,,,,,,,,,3,"[11, 12, 13]",uniform_wide,,,,,,,,,,,,,,,,,,,,,,,,,,,,,,,,,,,,,,,,,,,,,,,,,,,,,,,,,,,,,,,,,,,,,,,,,,,,,,,,,0.05000000000000001,8.498374721940739e-18,200.0,0.0,0.6811119715372721,0.06022905144261939,2.8597291310628257,1.168636364701396,0.05666666666666667,0.027537852736430512,0.05666666666666667,0.027537852736430512,0.5,0.0,0.5,0.0,0.5,0.0,,,0.0,0.0,200.0,0.0,0.0,0.0,0.0,0.0,0.0,0.0,0.0,0.0,,,0.0,0.0
diagnosis_controls,uniform_wide,synthetic,diagnosis,query bank0:0-1 | known_law_oracle,,,,,,,,,,,,,,,,,,,,,,,,,,,,,,,3,"[11, 12, 13]",uniform_wide,,,,,,,,,,,0.0,0.0,0.0008794306668278296,1.4995210894552364e-05,0.0008206806669477373,1.3167353371074762e-05,400.0,0.0,2.0,0.0,2.0,0.0,2.0,0.0,3.0,0.0,0.0,0.0,0.0,0.0,1.0,0.0,0.0,0.0,0.0,0.0,0.0,0.0,1600.0,0.0,0.0,0.0,2.118048889511977,0.03141646701381385,2.28014607008394,0.029491370809877227,1.6978145196793875,0.13309930604048953,-0.7122084386461768,0.10227821996367469,5.087134179912623,0.3348361709035126,,,,,,,,,,,,,,,,,,,,,,,,,,,,,,,,,,,,,,,,,,,,,,,,,,,,,,,,,,,,,,,,
diagnosis_controls,uniform_wide,synthetic,diagnosis,known-law error bank0:0-1 | known_law_oracle,,,,,,,,,,,,,,,,,,,,,,,,,,,,,,,3,"[11, 12, 13]",uniform_wide,,,,,,,,,,,,,,,,,,,,,,,,,,,,,,,,,,,,,,,,,,,,,,,,,,,,,0.0,0.0,0.0,0.0,0.0,0.0,1.0,7.850462293418876e-17,0.0,0.0,0.0,0.0,0.0,0.0,1.0,7.850462293418876e-17,0.0,0.0,0.0,0.0,0.0,0.0,1.0,7.850462293418876e-17,0.0,0.0,0.0,0.0,,,,,,,,,,,,,,,,,,,,,,,,,,,,,,,,,,,,
diagnosis_controls,uniform_wide,synthetic,diagnosis,joint | bank0:0-1 | known_law_oracle,,,,,,,,,,,,,,,,,,,,,,,,,,,,,,,3,"[11, 12, 13]",uniform_wide,,,,,,,,,,,,,,,,,,,,,,,,,,,,,,,,,,,,,,,,,,,,,,,,,,,,,,,,,,,,,,,,,,,,,,,,,,,,,,,,,0.05000000000000001,8.498374721940739e-18,200.0,0.0,11.893229892798225,0.5687274688631019,12.178897972724068,2.250793680864722,0.06833333333333334,0.025658007197234416,0.06833333333333334,0.025658007197234416,0.5,0.0,0.5,0.0,0.5,0.0,,,0.0,0.0,200.0,0.0,0.0,0.0,0.0,0.0,0.0,0.0,0.0,0.0,,,0.0,0.0
diagnosis_controls,uniform_wide,synthetic,diagnosis,independent | bank0:0-1 | known_law_oracle,,,,,,,,,,,,,,,,,,,,,,,,,,,,,,,3,"[11, 12, 13]",uniform_wide,,,,,,,,,,,,,,,,,,,,,,,,,,,,,,,,,,,,,,,,,,,,,,,,,,,,,,,,,,,,,,,,,,,,,,,,,,,,,,,,,0.05000000000000001,8.498374721940739e-18,200.0,0.0,15.530203393921816,1.1097664954433233,19.581157822329033,4.553161015933234,0.056666666666666664,0.04752192476461084,0.056666666666666664,0.04752192476461084,0.5,0.0,0.5,0.0,0.5,0.0,,,0.0,0.0,200.0,0.0,0.0,0.0,0.0,0.0,0.0,0.0,0.0,0.0,,,0.0,0.0
diagnosis_controls,uniform_wide,synthetic,diagnosis,marginal_max | bank0:0-1 | known_law_oracle,,,,,,,,,,,,,,,,,,,,,,,,,,,,,,,3,"[11, 12, 13]",uniform_wide,,,,,,,,,,,,,,,,,,,,,,,,,,,,,,,,,,,,,,,,,,,,,,,,,,,,,,,,,,,,,,,,,,,,,,,,,,,,,,,,,0.05000000000000001,8.498374721940739e-18,200.0,0.0,8.50225676970686,0.8025616774679297,11.026607722604169,2.92788709015932,0.07166666666666667,0.05619905100029121,0.07166666666666667,0.05619905100029121,0.5,0.0,0.5,0.0,0.5,0.0,,,0.0,0.0,200.0,0.0,0.0,0.0,0.0,0.0,0.0,0.0,0.0,0.0,,,0.0,0.0
diagnosis_controls,uniform_wide,synthetic,diagnosis,conditional_max | bank0:0-1 | known_law_oracle,,,,,,,,,,,,,,,,,,,,,,,,,,,,,,,3,"[11, 12, 13]",uniform_wide,,,,,,,,,,,,,,,,,,,,,,,,,,,,,,,,,,,,,,,,,,,,,,,,,,,,,,,,,,,,,,,,,,,,,,,,,,,,,,,,,0.05000000000000001,8.498374721940739e-18,200.0,0.0,6.412057461380322,0.4208635318078273,7.401431090478628,1.076630163802171,0.055,0.02783882181415011,0.055,0.02783882181415011,0.5,0.0,0.5,0.0,0.5,0.0,,,0.0,0.0,200.0,0.0,0.0,0.0,0.0,0.0,0.0,0.0,0.0,0.0,,,0.0,0.0
diagnosis_controls,uniform_wide,synthetic,diagnosis,relational_max | bank0:0-1 | known_law_oracle,,,,,,,,,,,,,,,,,,,,,,,,,,,,,,,3,"[11, 12, 13]",uniform_wide,,,,,,,,,,,,,,,,,,,,,,,,,,,,,,,,,,,,,,,,,,,,,,,,,,,,,,,,,,,,,,,,,,,,,,,,,,,,,,,,,0.05000000000000001,8.498374721940739e-18,200.0,0.0,0.6755880722069408,0.3929988831887486,12.161940408549382,0.8837115701503796,0.05333333333333334,0.0202072594216369,0.05333333333333334,0.0202072594216369,0.5,0.0,0.5,0.0,0.5,0.0,,,0.0,0.0,200.0,0.0,0.0,0.0,0.0,0.0,0.0,0.0,0.0,0.0,,,0.0,0.0
diagnosis_controls,uniform_wide,synthetic,diagnosis,query single_sensor_0 | circuit,,,,,,,,,,,,,,,,,,,,,,,,,,,,,,,3,"[11, 12, 13]",uniform_wide,,,,,,,,,,,8.742014567057291e-07,1.376510308240952e-07,0.026371069666007923,0.0010860647180219384,0.012817958333471324,0.00016863930514259082,400.0,0.0,1.0,0.0,1.0,0.0,1.0,0.0,3.0,0.0,1474.0,0.0,32.0,0.0,1.0,0.0,0.02625066666666667,0.001075414493734083,589600.0,0.0,25600.0,0.0,1600.0,0.0,51200.0,0.0,-1.1563300953791138e-07,9.783880401363887e-08,2.1497408416356242e-07,5.7237008672256137e-08,3.011285703754159e-07,1.3932571898409132e-08,-4.76837158203125e-07,0.0,4.0133793769806897e-07,1.307684858466031e-07,,,,,,,,,,,,,,,,,,,,,,,,,,,,,,,,,,,,,,,,,,,,,,,,,,,,,,,,,,,,,,,,
diagnosis_controls,uniform_wide,synthetic,diagnosis,known-law error single_sensor_0 | circuit,,,,,,,,,,,,,,,,,,,,,,,,,,,,,,,3,"[11, 12, 13]",uniform_wide,,,,,,,,,,,,,,,,,,,,,,,,,,,,,,,,,,,,,,,,,,,,,,,,,,,,,0.12266079896380527,0.05385827959410931,0.35518246297616596,0.042373006445778315,4.505982485972745,3.671747182682387,0.951951743790144,0.01296197879182357,0.12266079896380527,0.05385827959410931,0.35518246297616596,0.042373006445778315,4.505982485972745,3.671747182682387,0.951951743790144,0.01296197879182357,0.0,0.0,0.0,0.0,0.0,0.0,,,-0.12266091419945184,0.05385831921114784,0.3551825046994173,0.0423730245417364,,,,,,,,,,,,,,,,,,,,,,,,,,,,,,,,,,,,
diagnosis_controls,uniform_wide,synthetic,diagnosis,joint | single_sensor_0 | circuit,,,,,,,,,,,,,,,,,,,,,,,,,,,,,,,3,"[11, 12, 13]",uniform_wide,,,,,,,,,,,,,,,,,,,,,,,,,,,,,,,,,,,,,,,,,,,,,,,,,,,,,,,,,,,,,,,,,,,,,,,,,,,,,,,,,0.05000000000000001,8.498374721940739e-18,200.0,0.0,8.11075989405314,0.6501408442156171,13.324861526489258,4.584640287329506,0.055,0.0229128784747792,0.05166666666666667,0.012583057392117916,0.48760000000000003,0.004833929560926611,0.49806954725818314,0.007048814856828561,0.48760000000000003,0.004833929560926611,,,0.0,0.0,0.0,0.0,200.0,0.0,200.0,0.0,0.0,0.0,0.0,0.0,,,0.0,0.0
diagnosis_controls,uniform_wide,synthetic,diagnosis,independent | single_sensor_0 | circuit,,,,,,,,,,,,,,,,,,,,,,,,,,,,,,,3,"[11, 12, 13]",uniform_wide,,,,,,,,,,,,,,,,,,,,,,,,,,,,,,,,,,,,,,,,,,,,,,,,,,,,,,,,,,,,,,,,,,,,,,,,,,,,,,,,,0.05000000000000001,8.498374721940739e-18,200.0,0.0,8.11075989405314,0.6501408442156171,13.324861844380697,4.584641740863188,0.055,0.0229128784747792,0.05166666666666667,0.012583057392117916,0.48760000000000003,0.004833929560926611,0.49806954725818314,0.007048814856828561,0.48760000000000003,0.004833929560926611,,,0.0,0.0,0.0,0.0,200.0,0.0,200.0,0.0,0.0,0.0,0.0,0.0,,,0.0,0.0
diagnosis_controls,uniform_wide,synthetic,diagnosis,marginal_max | single_sensor_0 | circuit,,,,,,,,,,,,,,,,,,,,,,,,,,,,,,,3,"[11, 12, 13]",uniform_wide,,,,,,,,,,,,,,,,,,,,,,,,,,,,,,,,,,,,,,,,,,,,,,,,,,,,,,,,,,,,,,,,,,,,,,,,,,,,,,,,,0.05000000000000001,8.498374721940739e-18,200.0,0.0,8.11075989405314,0.6501408442156171,13.324861844380697,4.584641740863188,0.055,0.0229128784747792,0.05166666666666667,0.012583057392117916,0.48760000000000003,0.004833929560926611,0.49806954725818314,0.007048814856828561,0.48760000000000003,0.004833929560926611,,,0.0,0.0,0.0,0.0,200.0,0.0,200.0,0.0,0.0,0.0,0.0,0.0,,,0.0,0.0
diagnosis_controls,uniform_wide,synthetic,diagnosis,conditional_max | single_sensor_0 | circuit,,,,,,,,,,,,,,,,,,,,,,,,,,,,,,,3,"[11, 12, 13]",uniform_wide,,,,,,,,,,,,,,,,,,,,,,,,,,,,,,,,,,,,,,,,,,,,,,,,,,,,,,,,,,,,,,,,,,,,,,,,,,,,,,,,,0.05000000000000001,8.498374721940739e-18,200.0,0.0,8.11075989405314,0.6501408442156171,13.324861844380697,4.584641740863188,0.055,0.0229128784747792,0.05166666666666667,0.012583057392117916,0.48760000000000003,0.004833929560926611,0.49806954725818314,0.007048814856828561,0.48760000000000003,0.004833929560926611,,,0.0,0.0,0.0,0.0,200.0,0.0,200.0,0.0,0.0,0.0,0.0,0.0,,,0.0,0.0
diagnosis_controls,uniform_wide,synthetic,diagnosis,relational_max | single_sensor_0 | circuit,,,,,,,,,,,,,,,,,,,,,,,,,,,,,,,3,"[11, 12, 13]",uniform_wide,,,,,,,,,,,,,,,,,,,,,,,,,,,,,,,,,,,,,,,,,,,,,,,,,,,,,,,,,,,,,,,,,,,,,,,,,,,,,,,,,0.05000000000000001,8.498374721940739e-18,200.0,0.0,0.0,0.0,0.0,0.0,0.0,0.0,0.0,0.0,0.5,0.0,0.5,0.0,0.5,0.0,,,0.0,0.0,0.0,0.0,200.0,0.0,200.0,0.0,0.0,0.0,0.0,0.0,,,0.0,0.0
diagnosis_controls,uniform_wide,synthetic,diagnosis,query single_sensor_0 | known_law_oracle,,,,,,,,,,,,,,,,,,,,,,,,,,,,,,,3,"[11, 12, 13]",uniform_wide,,,,,,,,,,,0.0,0.0,0.0004253750000013194,3.564214849699749e-05,0.00045244466794732335,8.947151133351699e-05,400.0,0.0,1.0,0.0,1.0,0.0,1.0,0.0,2.0,0.0,0.0,0.0,0.0,0.0,1.0,0.0,0.0,0.0,0.0,0.0,0.0,0.0,1600.0,0.0,0.0,0.0,0.0,0.0,0.0,0.0,0.0,0.0,0.0,0.0,0.0,0.0,,,,,,,,,,,,,,,,,,,,,,,,,,,,,,,,,,,,,,,,,,,,,,,,,,,,,,,,,,,,,,,,
diagnosis_controls,uniform_wide,synthetic,diagnosis,known-law error single_sensor_0 | known_law_oracle,,,,,,,,,,,,,,,,,,,,,,,,,,,,,,,3,"[11, 12, 13]",uniform_wide,,,,,,,,,,,,,,,,,,,,,,,,,,,,,,,,,,,,,,,,,,,,,,,,,,,,,0.0,0.0,0.0,0.0,0.0,0.0,1.0,0.0,0.0,0.0,0.0,0.0,0.0,0.0,1.0,0.0,0.0,0.0,0.0,0.0,0.0,0.0,,,0.0,0.0,0.0,0.0,,,,,,,,,,,,,,,,,,,,,,,,,,,,,,,,,,,,
diagnosis_controls,uniform_wide,synthetic,diagnosis,joint | single_sensor_0 | known_law_oracle,,,,,,,,,,,,,,,,,,,,,,,,,,,,,,,3,"[11, 12, 13]",uniform_wide,,,,,,,,,,,,,,,,,,,,,,,,,,,,,,,,,,,,,,,,,,,,,,,,,,,,,,,,,,,,,,,,,,,,,,,,,,,,,,,,,0.05000000000000001,8.498374721940739e-18,200.0,0.0,7.689895496961474,0.5021001950174577,10.071033718670991,2.3032659569915754,0.06333333333333334,0.020207259421636908,0.06,0.0304138126514911,0.48662500000000003,0.006084868527749771,0.4983624026561697,0.008169094318119742,0.48662500000000003,0.006084868527749771,,,0.0,0.0,0.0,0.0,200.0,0.0,200.0,0.0,0.0,0.0,0.0,0.0,,,0.0,0.0
diagnosis_controls,uniform_wide,synthetic,diagnosis,independent | single_sensor_0 | known_law_oracle,,,,,,,,,,,,,,,,,,,,,,,,,,,,,,,3,"[11, 12, 13]",uniform_wide,,,,,,,,,,,,,,,,,,,,,,,,,,,,,,,,,,,,,,,,,,,,,,,,,,,,,,,,,,,,,,,,,,,,,,,,,,,,,,,,,0.05000000000000001,8.498374721940739e-18,200.0,0.0,7.689895496961474,0.5021001950174577,10.071033718670991,2.3032659569915754,0.06333333333333334,0.020207259421636908,0.06,0.0304138126514911,0.48662500000000003,0.006084868527749771,0.4983624026561697,0.008169094318119742,0.48662500000000003,0.006084868527749771,,,0.0,0.0,0.0,0.0,200.0,0.0,200.0,0.0,0.0,0.0,0.0,0.0,,,0.0,0.0
diagnosis_controls,uniform_wide,synthetic,diagnosis,marginal_max | single_sensor_0 | known_law_oracle,,,,,,,,,,,,,,,,,,,,,,,,,,,,,,,3,"[11, 12, 13]",uniform_wide,,,,,,,,,,,,,,,,,,,,,,,,,,,,,,,,,,,,,,,,,,,,,,,,,,,,,,,,,,,,,,,,,,,,,,,,,,,,,,,,,0.05000000000000001,8.498374721940739e-18,200.0,0.0,7.689895496961474,0.5021001950174577,10.071033718670991,2.3032659569915754,0.06333333333333334,0.020207259421636908,0.06,0.0304138126514911,0.48662500000000003,0.006084868527749771,0.4983624026561697,0.008169094318119742,0.48662500000000003,0.006084868527749771,,,0.0,0.0,0.0,0.0,200.0,0.0,200.0,0.0,0.0,0.0,0.0,0.0,,,0.0,0.0
diagnosis_controls,uniform_wide,synthetic,diagnosis,conditional_max | single_sensor_0 | known_law_oracle,,,,,,,,,,,,,,,,,,,,,,,,,,,,,,,3,"[11, 12, 13]",uniform_wide,,,,,,,,,,,,,,,,,,,,,,,,,,,,,,,,,,,,,,,,,,,,,,,,,,,,,,,,,,,,,,,,,,,,,,,,,,,,,,,,,0.05000000000000001,8.498374721940739e-18,200.0,0.0,7.689895496961474,0.5021001950174577,10.071033718670991,2.3032659569915754,0.06333333333333334,0.020207259421636908,0.06,0.0304138126514911,0.48662500000000003,0.006084868527749771,0.4983624026561697,0.008169094318119742,0.48662500000000003,0.006084868527749771,,,0.0,0.0,0.0,0.0,200.0,0.0,200.0,0.0,0.0,0.0,0.0,0.0,,,0.0,0.0
diagnosis_controls,uniform_wide,synthetic,diagnosis,relational_max | single_sensor_0 | known_law_oracle,,,,,,,,,,,,,,,,,,,,,,,,,,,,,,,3,"[11, 12, 13]",uniform_wide,,,,,,,,,,,,,,,,,,,,,,,,,,,,,,,,,,,,,,,,,,,,,,,,,,,,,,,,,,,,,,,,,,,,,,,,,,,,,,,,,0.05000000000000001,8.498374721940739e-18,200.0,0.0,0.0,0.0,0.0,0.0,0.0,0.0,0.0,0.0,0.5,0.0,0.5,0.0,0.5,0.0,,,0.0,0.0,0.0,0.0,200.0,0.0,200.0,0.0,0.0,0.0,0.0,0.0,,,0.0,0.0
diagnosis_controls,interface_conditional,synthetic,diagnosis,model,5.960464477539063e-08,1.5769906706002895e-07,64.0,0.0,81.0,0.0,384.0,0.0,529.0,0.0,2688.0,0.0,1010.6666666666666,180.7244679984792,126.33333333333333,22.5905584998099,108.66666666666667,36.19852667351716,19.043364842732746,0.1494899632419317,34.43575096130371,34.68502123543837,18.937740325927734,0.05287537830190199,0.02,0.0,150.0,0.0,128.0,0.0,3,"[11, 12, 13]",interface_conditional,,,,,,,,,,,,,,,,,,,,,,,,,,,,,,,,,,,,,,,,,,,,,,,,,,,,,,,,,,,,,,,,,,,,,,,,,,,,,,,,,,,,,,,,,,,,,,,,,,,,,,,,,,,,,,,,,,,,
diagnosis_controls,interface_conditional,synthetic,diagnosis,shortcut audit,,,,,,,,,,,,,,,,,,,,,,,,,,,,,,,3,"[11, 12, 13]",interface_conditional,0.48155,0.02226208941227215,0.0,0.0,400.0,0.0,400.0,0.0,10.0,0.0,,,,,,,,,,,,,,,,,,,,,,,,,,,,,,,,,,,,,,,,,,,,,,,,,,,,,,,,,,,,,,,,,,,,,,,,,,,,,,,,,,,,,,,,,,,,,,,,,,,,,,,,,,
diagnosis_controls,interface_conditional,synthetic,diagnosis,query full | circuit,,,,,,,,,,,,,,,,,,,,,,,,,,,,,,,3,"[11, 12, 13]",interface_conditional,,,,,,,,,,,4.450480143229167e-06,1.1012082465927617e-06,0.017406375001883134,0.002092171905527276,0.0109672083320523,0.001989611660435385,400.0,0.0,4.0,0.0,4.0,0.0,4.0,0.0,3.0,0.0,802.0,0.0,32.0,0.0,1.0,0.0,0.017260666666666667,0.0020647930485482874,320800.0,0.0,25600.0,0.0,1600.0,0.0,51200.0,0.0,1.2388539910316467,0.33878372417956165,1.6303236881891887,0.1306752272960788,1.4840747515360515,0.04096854818796326,-1.232527772585551,0.42728307490579026,3.5717859268188477,0.5029714733836328,,,,,,,,,,,,,,,,,,,,,,,,,,,,,,,,,,,,,,,,,,,,,,,,,,,,,,,,,,,,,,,,
diagnosis_controls,interface_conditional,synthetic,diagnosis,known-law error full | circuit,,,,,,,,,,,,,,,,,,,,,,,,,,,,,,,3,"[11, 12, 13]",interface_conditional,,,,,,,,,,,,,,,,,,,,,,,,,,,,,,,,,,,,,,,,,,,,,,,,,,,,,0.704559561639532,0.1642561665917618,3.0003929854039115,0.047460026425958375,44.704397782604225,13.735996211959357,0.4859276016290042,0.021924835499022653,0.12137546344917406,0.0072805272499602055,0.35544983383552303,0.01667591853647623,5.827772482163905,1.9849088867261833,0.9497197669154657,0.010601993121471637,0.5831840944650678,0.1573808709796168,2.9205428510264433,0.047613631919134515,44.397556735596055,14.029999924704104,0.5263274798183509,0.02772823468660815,-1.7015452878486668,0.4756717880182277,6.3462959208996255,0.20703041897975838,,,,,,,,,,,,,,,,,,,,,,,,,,,,,,,,,,,,
diagnosis_controls,interface_conditional,synthetic,diagnosis,joint | full | circuit,,,,,,,,,,,,,,,,,,,,,,,,,,,,,,,3,"[11, 12, 13]",interface_conditional,,,,,,,,,,,,,,,,,,,,,,,,,,,,,,,,,,,,,,,,,,,,,,,,,,,,,,,,,,,,,,,,,,,,,,,,,,,,,,,,,0.05000000000000001,8.498374721940739e-18,200.0,0.0,29.52081362406413,3.3159970957686005,43.630594889322914,10.872297448746506,0.065,0.05408326913195984,0.08,0.0687386354243376,0.6059583333333333,0.007202097495405961,0.5679264821504951,0.009916984878569447,0.6059583333333333,0.007202097495405961,0.657638888888889,0.013477948382175725,200.0,0.0,0.0,0.0,0.0,0.0,0.0,0.0,200.0,0.0,184.0,13.74772708486752,0.47500000000000003,0.025980762113533153,0.045000000000000005,0.0360555127546399
diagnosis_controls,interface_conditional,synthetic,diagnosis,independent | full | circuit,,,,,,,,,,,,,,,,,,,,,,,,,,,,,,,3,"[11, 12, 13]",interface_conditional,,,,,,,,,,,,,,,,,,,,,,,,,,,,,,,,,,,,,,,,,,,,,,,,,,,,,,,,,,,,,,,,,,,,,,,,,,,,,,,,,0.05000000000000001,8.498374721940739e-18,200.0,0.0,31.430194854736328,2.0692071337364166,45.594913482666016,10.71969763303345,0.049999999999999996,0.0229128784747792,0.03333333333333333,0.014433756729740645,0.5238416666666666,0.003301167722690468,0.4973595063090804,0.0013653634315482688,0.5238416666666666,0.003301167722690468,0.5522222222222223,0.00918873605945734,200.0,0.0,0.0,0.0,0.0,0.0,0.0,0.0,200.0,0.0,193.33333333333334,2.886751345948129,0.345,0.014999999999999986,0.005,0.005
diagnosis_controls,interface_conditional,synthetic,diagnosis,marginal_max | full | circuit,,,,,,,,,,,,,,,,,,,,,,,,,,,,,,,3,"[11, 12, 13]",interface_conditional,,,,,,,,,,,,,,,,,,,,,,,,,,,,,,,,,,,,,,,,,,,,,,,,,,,,,,,,,,,,,,,,,,,,,,,,,,,,,,,,,0.05000000000000001,8.498374721940739e-18,200.0,0.0,9.948210716247559,1.190004144023006,16.418729464213055,1.6241028391809103,0.04666666666666666,0.03329164059239696,0.06166666666666667,0.045368858629387325,0.568925,0.013113763046890835,0.5444054943539833,0.005206322175971576,0.568925,0.013113763046890835,0.5522222222222223,0.00918873605945734,200.0,0.0,0.0,0.0,0.0,0.0,0.0,0.0,200.0,0.0,187.66666666666666,9.073771725877465,0.345,0.014999999999999986,0.021666666666666667,0.014433756729740642
diagnosis_controls,interface_conditional,synthetic,diagnosis,conditional_max | full | circuit,,,,,,,,,,,,,,,,,,,,,,,,,,,,,,,3,"[11, 12, 13]",interface_conditional,,,,,,,,,,,,,,,,,,,,,,,,,,,,,,,,,,,,,,,,,,,,,,,,,,,,,,,,,,,,,,,,,,,,,,,,,,,,,,,,,0.05000000000000001,8.498374721940739e-18,200.0,0.0,9.28834311167399,1.164612381047094,15.629040082295736,1.5687075867453857,0.05833333333333334,0.04010403138505322,0.18166666666666667,0.09073771725877465,0.6627708333333334,0.014082271286384623,0.6617255223669443,0.02004016528878285,0.6627708333333334,0.014082271286384623,0.657638888888889,0.013477948382175725,200.0,0.0,0.0,0.0,0.0,0.0,0.0,0.0,200.0,0.0,163.66666666666666,18.147543451754935,0.47500000000000003,0.025980762113533153,0.13,0.05291502622129181
diagnosis_controls,interface_conditional,synthetic,diagnosis,relational_max | full | circuit,,,,,,,,,,,,,,,,,,,,,,,,,,,,,,,3,"[11, 12, 13]",interface_conditional,,,,,,,,,,,,,,,,,,,,,,,,,,,,,,,,,,,,,,,,,,,,,,,,,,,,,,,,,,,,,,,,,,,,,,,,,,,,,,,,,0.05000000000000001,8.498374721940739e-18,200.0,0.0,1.7355213165283203,0.24900550506721905,8.519721984863281,0.7713225127147438,0.07833333333333332,0.061101009266077866,0.3466666666666667,0.014433756729740626,0.7234583333333333,0.013063620366626295,0.7496995456094249,0.026098136272173028,0.7234583333333333,0.013063620366626295,0.72625,0.004228704818788419,200.0,0.0,0.0,0.0,0.0,0.0,0.0,0.0,200.0,0.0,130.66666666666666,2.886751345948129,0.5566666666666668,0.005773502691896262,0.26666666666666666,0.027537852736430505
diagnosis_controls,interface_conditional,synthetic,diagnosis,query full | known_law_oracle,,,,,,,,,,,,,,,,,,,,,,,,,,,,,,,3,"[11, 12, 13]",interface_conditional,,,,,,,,,,,0.0,0.0,0.0020253610006572367,0.0002725069457965552,0.001612805666809436,0.00012414851144853611,400.0,0.0,4.0,0.0,4.0,0.0,4.0,0.0,5.0,0.0,0.0,0.0,0.0,0.0,1.0,0.0,0.0,0.0,0.0,0.0,0.0,0.0,1600.0,0.0,0.0,0.0,7.458060888417314,0.25529820977805073,7.487742644178159,0.25596136975985045,4.29311638370771,0.41949207003236205,1.7165980586251164,0.2537650127276923,15.199188680483672,0.48829298369248797,,,,,,,,,,,,,,,,,,,,,,,,,,,,,,,,,,,,,,,,,,,,,,,,,,,,,,,,,,,,,,,,
diagnosis_controls,interface_conditional,synthetic,diagnosis,known-law error full | known_law_oracle,,,,,,,,,,,,,,,,,,,,,,,,,,,,,,,3,"[11, 12, 13]",interface_conditional,,,,,,,,,,,,,,,,,,,,,,,,,,,,,,,,,,,,,,,,,,,,,,,,,,,,,0.0,0.0,0.0,0.0,0.0,0.0,1.0,1.5700924586837752e-16,0.0,0.0,0.0,0.0,0.0,0.0,1.0,7.850462293418876e-17,0.0,0.0,0.0,0.0,0.0,0.0,0.9999999999999999,1.1102230246251565e-16,0.0,0.0,0.0,0.0,,,,,,,,,,,,,,,,,,,,,,,,,,,,,,,,,,,,
diagnosis_controls,interface_conditional,synthetic,diagnosis,joint | full | known_law_oracle,,,,,,,,,,,,,,,,,,,,,,,,,,,,,,,3,"[11, 12, 13]",interface_conditional,,,,,,,,,,,,,,,,,,,,,,,,,,,,,,,,,,,,,,,,,,,,,,,,,,,,,,,,,,,,,,,,,,,,,,,,,,,,,,,,,0.05000000000000001,8.498374721940739e-18,200.0,0.0,17.91450230193044,0.8029985958891804,63.27637329993559,16.883520915475263,0.06166666666666667,0.03752776749732568,0.6849999999999999,0.03499999999999997,0.888475,0.0024337471109381866,0.9132739110151573,0.001032124340263655,0.888475,0.0024337471109381866,0.938888888888889,0.004455281925651481,200.0,0.0,0.0,0.0,0.0,0.0,0.0,0.0,200.0,0.0,63.0,7.0,0.8916666666666667,0.012583057392117928,0.6633333333333334,0.028867513459481315
diagnosis_controls,interface_conditional,synthetic,diagnosis,independent | full | known_law_oracle,,,,,,,,,,,,,,,,,,,,,,,,,,,,,,,3,"[11, 12, 13]",interface_conditional,,,,,,,,,,,,,,,,,,,,,,,,,,,,,,,,,,,,,,,,,,,,,,,,,,,,,,,,,,,,,,,,,,,,,,,,,,,,,,,,,0.05000000000000001,8.498374721940739e-18,200.0,0.0,30.394810637944857,1.7456559266015603,37.673969515783064,12.89465205486235,0.05000000000000001,0.03,0.03333333333333333,0.020816659994661327,0.5234166666666666,0.004127070187594757,0.4953227809589944,0.004301656105251656,0.5234166666666666,0.004127070187594757,0.5505555555555555,0.020165690977315714,200.0,0.0,0.0,0.0,0.0,0.0,0.0,0.0,200.0,0.0,193.33333333333334,4.163331998932265,0.34,0.027838821814150105,0.0033333333333333335,0.002886751345948129
diagnosis_controls,interface_conditional,synthetic,diagnosis,marginal_max | full | known_law_oracle,,,,,,,,,,,,,,,,,,,,,,,,,,,,,,,3,"[11, 12, 13]",interface_conditional,,,,,,,,,,,,,,,,,,,,,,,,,,,,,,,,,,,,,,,,,,,,,,,,,,,,,,,,,,,,,,,,,,,,,,,,,,,,,,,,,0.05000000000000001,8.498374721940739e-18,200.0,0.0,9.192884101667678,0.7963954592303953,11.261155906764195,2.2620011769434365,0.055,0.030000000000000002,0.06666666666666667,0.05131601439446884,0.5722833333333334,0.003110122920936335,0.5452595549502569,0.009046311259488038,0.5722833333333334,0.003110122920936335,0.5505555555555555,0.020165690977315714,200.0,0.0,0.0,0.0,0.0,0.0,0.0,0.0,200.0,0.0,186.66666666666666,10.263202878893768,0.34,0.027838821814150105,0.021666666666666667,0.018929694486000914
diagnosis_controls,interface_conditional,synthetic,diagnosis,conditional_max | full | known_law_oracle,,,,,,,,,,,,,,,,,,,,,,,,,,,,,,,3,"[11, 12, 13]",interface_conditional,,,,,,,,,,,,,,,,,,,,,,,,,,,,,,,,,,,,,,,,,,,,,,,,,,,,,,,,,,,,,,,,,,,,,,,,,,,,,,,,,0.05000000000000001,8.498374721940739e-18,200.0,0.0,6.570335063123905,0.3806081608724651,56.5530306920135,14.130245034599612,0.055,0.013228756555322957,0.7683333333333332,0.02466441431158126,0.9254000000000001,0.00731368580129059,0.9409425870159445,0.006300026681139945,0.9254000000000001,0.00731368580129059,0.938888888888889,0.004455281925651481,200.0,0.0,0.0,0.0,0.0,0.0,0.0,0.0,200.0,0.0,46.333333333333336,4.932882862316248,0.8916666666666667,0.012583057392117928,0.745,0.02291287847477922
diagnosis_controls,interface_conditional,synthetic,diagnosis,relational_max | full | known_law_oracle,,,,,,,,,,,,,,,,,,,,,,,,,,,,,,,3,"[11, 12, 13]",interface_conditional,,,,,,,,,,,,,,,,,,,,,,,,,,,,,,,,,,,,,,,,,,,,,,,,,,,,,,,,,,,,,,,,,,,,,,,,,,,,,,,,,0.05000000000000001,8.498374721940739e-18,200.0,0.0,1.607312492223131,0.46954375487359784,58.44267898830007,15.161917675638659,0.05000000000000001,0.020000000000000004,0.7966666666666667,0.057951128835712365,0.9431249999999999,0.012824561396008816,0.9551837990249066,0.009499754655342517,0.9431249999999999,0.012824561396008816,0.9362499999999999,0.010316182002616494,200.0,0.0,0.0,0.0,0.0,0.0,0.0,0.0,200.0,0.0,40.666666666666664,11.590225767142474,0.8883333333333333,0.023094010767585053,0.7733333333333333,0.060069404303133664
diagnosis_controls,interface_conditional,synthetic,diagnosis,query random1:0 | circuit,,,,,,,,,,,,,,,,,,,,,,,,,,,,,,,3,"[11, 12, 13]",interface_conditional,,,,,,,,,,,3.735224405924479e-06,1.7247624726462925e-06,0.016405277667217888,0.0017203545415973766,0.010170166666891115,0.001128654176388354,400.0,0.0,3.0,0.0,3.0,0.0,3.0,0.0,3.0,0.0,802.0,0.0,32.0,0.0,1.0,0.0,0.016273,0.0017069999999999993,320800.0,0.0,25600.0,0.0,1600.0,0.0,51200.0,0.0,0.7726580699284872,0.20585869960852773,1.1072336037953694,0.07504561654774732,1.0437469482421875,0.01758248958200875,-1.1231457392374675,0.3240323425161434,2.274517059326172,0.44157808605385845,,,,,,,,,,,,,,,,,,,,,,,,,,,,,,,,,,,,,,,,,,,,,,,,,,,,,,,,,,,,,,,,
diagnosis_controls,interface_conditional,synthetic,diagnosis,known-law error random1:0 | circuit,,,,,,,,,,,,,,,,,,,,,,,,,,,,,,,3,"[11, 12, 13]",interface_conditional,,,,,,,,,,,,,,,,,,,,,,,,,,,,,,,,,,,,,,,,,,,,,,,,,,,,,2.2434374445552367,0.08865304636990519,2.404883427029326,0.06151702078675929,13.558144785886507,4.154036012949909,0.3155386201037424,0.05411534910102765,0.12235448414615636,0.006611557509476733,0.36028289943967584,0.016386059390994908,3.932246560191056,2.010772055811796,0.949504300754907,0.011134790311719323,2.1210829586871682,0.08967887229209999,2.3021878377818825,0.059968073841869855,10.332485955473377,2.322931873846214,0.3194116224130878,0.044872092483022014,-4.221722362819588,0.156598647785652,4.314421294655587,0.11854851838724244,,,,,,,,,,,,,,,,,,,,,,,,,,,,,,,,,,,,
diagnosis_controls,interface_conditional,synthetic,diagnosis,joint | random1:0 | circuit,,,,,,,,,,,,,,,,,,,,,,,,,,,,,,,3,"[11, 12, 13]",interface_conditional,,,,,,,,,,,,,,,,,,,,,,,,,,,,,,,,,,,,,,,,,,,,,,,,,,,,,,,,,,,,,,,,,,,,,,,,,,,,,,,,,0.05000000000000001,8.498374721940739e-18,200.0,0.0,22.223369598388672,2.686479331952107,33.56200154622396,11.88339556805981,0.05833333333333333,0.05619905100029121,0.05833333333333333,0.05619905100029121,0.5,0.0,0.5,0.0,0.5,0.0,,,0.0,0.0,200.0,0.0,0.0,0.0,0.0,0.0,0.0,0.0,0.0,0.0,,,0.0,0.0
diagnosis_controls,interface_conditional,synthetic,diagnosis,independent | random1:0 | circuit,,,,,,,,,,,,,,,,,,,,,,,,,,,,,,,3,"[11, 12, 13]",interface_conditional,,,,,,,,,,,,,,,,,,,,,,,,,,,,,,,,,,,,,,,,,,,,,,,,,,,,,,,,,,,,,,,,,,,,,,,,,,,,,,,,,0.05000000000000001,8.498374721940739e-18,200.0,0.0,23.632588704427082,2.2214930784508073,34.77441088358561,11.619452949275335,0.051666666666666666,0.03785938897200183,0.051666666666666666,0.03785938897200183,0.5,0.0,0.5,0.0,0.5,0.0,,,0.0,0.0,200.0,0.0,0.0,0.0,0.0,0.0,0.0,0.0,0.0,0.0,,,0.0,0.0
diagnosis_controls,interface_conditional,synthetic,diagnosis,marginal_max | random1:0 | circuit,,,,,,,,,,,,,,,,,,,,,,,,,,,,,,,3,"[11, 12, 13]",interface_conditional,,,,,,,,,,,,,,,,,,,,,,,,,,,,,,,,,,,,,,,,,,,,,,,,,,,,,,,,,,,,,,,,,,,,,,,,,,,,,,,,,0.05000000000000001,8.498374721940739e-18,200.0,0.0,9.78205394744873,1.3703474496549561,13.838589350382486,5.100169054846104,0.041666666666666664,0.03329164059239697,0.041666666666666664,0.03329164059239697,0.5,0.0,0.5,0.0,0.5,0.0,,,0.0,0.0,200.0,0.0,0.0,0.0,0.0,0.0,0.0,0.0,0.0,0.0,,,0.0,0.0
diagnosis_controls,interface_conditional,synthetic,diagnosis,conditional_max | random1:0 | circuit,,,,,,,,,,,,,,,,,,,,,,,,,,,,,,,3,"[11, 12, 13]",interface_conditional,,,,,,,,,,,,,,,,,,,,,,,,,,,,,,,,,,,,,,,,,,,,,,,,,,,,,,,,,,,,,,,,,,,,,,,,,,,,,,,,,0.05000000000000001,8.498374721940739e-18,200.0,0.0,9.012975692749023,1.25841648363908,13.454198360443115,4.9500824552204215,0.056666666666666664,0.04752192476461084,0.056666666666666664,0.04752192476461084,0.5,0.0,0.5,0.0,0.5,0.0,,,0.0,0.0,200.0,0.0,0.0,0.0,0.0,0.0,0.0,0.0,0.0,0.0,,,0.0,0.0
diagnosis_controls,interface_conditional,synthetic,diagnosis,relational_max | random1:0 | circuit,,,,,,,,,,,,,,,,,,,,,,,,,,,,,,,3,"[11, 12, 13]",interface_conditional,,,,,,,,,,,,,,,,,,,,,,,,,,,,,,,,,,,,,,,,,,,,,,,,,,,,,,,,,,,,,,,,,,,,,,,,,,,,,,,,,0.05000000000000001,8.498374721940739e-18,200.0,0.0,1.4616438547770183,0.19948397227687384,3.885915438334147,0.3273481672916434,0.065,0.05408326913195984,0.065,0.05408326913195984,0.5,0.0,0.5,0.0,0.5,0.0,,,0.0,0.0,200.0,0.0,0.0,0.0,0.0,0.0,0.0,0.0,0.0,0.0,,,0.0,0.0
diagnosis_controls,interface_conditional,synthetic,diagnosis,query random1:0 | known_law_oracle,,,,,,,,,,,,,,,,,,,,,,,,,,,,,,,3,"[11, 12, 13]",interface_conditional,,,,,,,,,,,0.0,0.0,0.0013634996673014637,9.129929900098832e-05,0.0011470276658656076,6.075974213622686e-05,400.0,0.0,3.0,0.0,3.0,0.0,3.0,0.0,4.0,0.0,0.0,0.0,0.0,0.0,1.0,0.0,0.0,0.0,0.0,0.0,0.0,0.0,1600.0,0.0,0.0,0.0,4.627316966401856,0.16307299118556964,4.712017089467656,0.11676318793947561,3.026830896452991,0.2586339937212524,0.4658740226593728,0.3384785170764952,9.77032003486938,0.6432838298811988,,,,,,,,,,,,,,,,,,,,,,,,,,,,,,,,,,,,,,,,,,,,,,,,,,,,,,,,,,,,,,,,
diagnosis_controls,interface_conditional,synthetic,diagnosis,known-law error random1:0 | known_law_oracle,,,,,,,,,,,,,,,,,,,,,,,,,,,,,,,3,"[11, 12, 13]",interface_conditional,,,,,,,,,,,,,,,,,,,,,,,,,,,,,,,,,,,,,,,,,,,,,,,,,,,,,0.0,0.0,0.0,0.0,0.0,0.0,1.0,1.1102230246251565e-16,0.0,0.0,0.0,0.0,0.0,0.0,1.0,0.0,0.0,0.0,0.0,0.0,0.0,0.0,1.0,0.0,0.0,0.0,0.0,0.0,,,,,,,,,,,,,,,,,,,,,,,,,,,,,,,,,,,,
diagnosis_controls,interface_conditional,synthetic,diagnosis,joint | random1:0 | known_law_oracle,,,,,,,,,,,,,,,,,,,,,,,,,,,,,,,3,"[11, 12, 13]",interface_conditional,,,,,,,,,,,,,,,,,,,,,,,,,,,,,,,,,,,,,,,,,,,,,,,,,,,,,,,,,,,,,,,,,,,,,,,,,,,,,,,,,0.05000000000000001,8.498374721940739e-18,200.0,0.0,14.935343620961225,0.6200248163381805,13.974248921396907,2.140536873776643,0.056666666666666664,0.02254624876411447,0.056666666666666664,0.02254624876411447,0.5,0.0,0.5,0.0,0.5,0.0,,,0.0,0.0,200.0,0.0,0.0,0.0,0.0,0.0,0.0,0.0,0.0,0.0,,,0.0,0.0
diagnosis_controls,interface_conditional,synthetic,diagnosis,independent | random1:0 | known_law_oracle,,,,,,,,,,,,,,,,,,,,,,,,,,,,,,,3,"[11, 12, 13]",interface_conditional,,,,,,,,,,,,,,,,,,,,,,,,,,,,,,,,,,,,,,,,,,,,,,,,,,,,,,,,,,,,,,,,,,,,,,,,,,,,,,,,,0.05000000000000001,8.498374721940739e-18,200.0,0.0,23.064225268769338,1.4580430040976473,29.455796539991923,8.71210378294894,0.049999999999999996,0.04272001872658766,0.049999999999999996,0.04272001872658766,0.5,0.0,0.5,0.0,0.5,0.0,,,0.0,0.0,200.0,0.0,0.0,0.0,0.0,0.0,0.0,0.0,0.0,0.0,,,0.0,0.0
diagnosis_controls,interface_conditional,synthetic,diagnosis,marginal_max | random1:0 | known_law_oracle,,,,,,,,,,,,,,,,,,,,,,,,,,,,,,,3,"[11, 12, 13]",interface_conditional,,,,,,,,,,,,,,,,,,,,,,,,,,,,,,,,,,,,,,,,,,,,,,,,,,,,,,,,,,,,,,,,,,,,,,,,,,,,,,,,,0.05000000000000001,8.498374721940739e-18,200.0,0.0,8.867459059957293,0.8315980696454699,10.961353536093142,2.848882890820819,0.06333333333333334,0.04856267428111155,0.06333333333333334,0.04856267428111155,0.5,0.0,0.5,0.0,0.5,0.0,,,0.0,0.0,200.0,0.0,0.0,0.0,0.0,0.0,0.0,0.0,0.0,0.0,,,0.0,0.0
diagnosis_controls,interface_conditional,synthetic,diagnosis,conditional_max | random1:0 | known_law_oracle,,,,,,,,,,,,,,,,,,,,,,,,,,,,,,,3,"[11, 12, 13]",interface_conditional,,,,,,,,,,,,,,,,,,,,,,,,,,,,,,,,,,,,,,,,,,,,,,,,,,,,,,,,,,,,,,,,,,,,,,,,,,,,,,,,,0.05000000000000001,8.498374721940739e-18,200.0,0.0,6.471471241677171,0.48829282531222534,8.361070651078274,1.3635006876038969,0.045000000000000005,0.013228756555322954,0.045000000000000005,0.013228756555322954,0.5,0.0,0.5,0.0,0.5,0.0,,,0.0,0.0,200.0,0.0,0.0,0.0,0.0,0.0,0.0,0.0,0.0,0.0,,,0.0,0.0
diagnosis_controls,interface_conditional,synthetic,diagnosis,relational_max | random1:0 | known_law_oracle,,,,,,,,,,,,,,,,,,,,,,,,,,,,,,,3,"[11, 12, 13]",interface_conditional,,,,,,,,,,,,,,,,,,,,,,,,,,,,,,,,,,,,,,,,,,,,,,,,,,,,,,,,,,,,,,,,,,,,,,,,,,,,,,,,,0.05000000000000001,8.498374721940739e-18,200.0,0.0,1.4754989400425194,0.4936331413940235,13.103990108532907,2.5043772474858463,0.05000000000000001,0.020000000000000004,0.05000000000000001,0.020000000000000004,0.5,0.0,0.5,0.0,0.5,0.0,,,0.0,0.0,200.0,0.0,0.0,0.0,0.0,0.0,0.0,0.0,0.0,0.0,,,0.0,0.0
diagnosis_controls,interface_conditional,synthetic,diagnosis,query random2:1-2 | circuit,,,,,,,,,,,,,,,,,,,,,,,,,,,,,,,3,"[11, 12, 13]",interface_conditional,,,,,,,,,,,1.9073486328125e-06,4.76837158203125e-07,0.016038277334397815,0.0019316832240436853,0.010029111000524912,0.0013787382047642516,400.0,0.0,2.0,0.0,2.0,0.0,2.0,0.0,3.0,0.0,802.0,0.0,32.0,0.0,1.0,0.0,0.015906,0.0019163788769447443,320800.0,0.0,25600.0,0.0,1600.0,0.0,51200.0,0.0,0.394464244445165,0.12563062901252436,0.6377713481585184,0.016504681016700273,0.6256961027781168,0.08261592546175989,-0.874904215335846,0.4449724211589548,1.262791355450948,0.06409122915650949,,,,,,,,,,,,,,,,,,,,,,,,,,,,,,,,,,,,,,,,,,,,,,,,,,,,,,,,,,,,,,,,
diagnosis_controls,interface_conditional,synthetic,diagnosis,known-law error random2:1-2 | circuit,,,,,,,,,,,,,,,,,,,,,,,,,,,,,,,3,"[11, 12, 13]",interface_conditional,,,,,,,,,,,,,,,,,,,,,,,,,,,,,,,,,,,,,,,,,,,,,,,,,,,,,-1.2791599743881943,0.2725936462370114,3.4594190662672317,0.20287033841286095,26.007828050190998,8.399996508311126,0.587663303496521,0.02885316926913789,0.1197435563511456,0.014046303339713295,0.35629660658118584,0.019151067741136833,4.65714685873479,2.6027869679438966,0.9519554007438294,0.011418664867998411,-1.398903534911665,0.27024298872650615,3.432029691822306,0.19450139476902528,26.142729026712843,8.227218550428113,0.5328226136288626,0.05754724708847378,1.1594163669757362,0.2756408550418819,3.487848337702704,0.21001387216992445,,,,,,,,,,,,,,,,,,,,,,,,,,,,,,,,,,,,
diagnosis_controls,interface_conditional,synthetic,diagnosis,joint | random2:1-2 | circuit,,,,,,,,,,,,,,,,,,,,,,,,,,,,,,,3,"[11, 12, 13]",interface_conditional,,,,,,,,,,,,,,,,,,,,,,,,,,,,,,,,,,,,,,,,,,,,,,,,,,,,,,,,,,,,,,,,,,,,,,,,,,,,,,,,,0.05000000000000001,8.498374721940739e-18,200.0,0.0,14.936093012491861,0.6691706517653967,23.315521876017254,3.9176759204170692,0.065,0.013228756555322952,0.07833333333333334,0.024664414311581236,0.60885,0.004691148580038825,0.5828696503051172,0.005439403417313689,0.60885,0.004691148580038825,0.7408333333333333,0.00763762615825974,200.0,0.0,0.0,0.0,0.0,0.0,0.0,0.0,200.0,0.0,184.33333333333334,4.932882862316247,0.48166666666666663,0.01527525231651945,0.043333333333333335,0.007637626158259732
diagnosis_controls,interface_conditional,synthetic,diagnosis,independent | random2:1-2 | circuit,,,,,,,,,,,,,,,,,,,,,,,,,,,,,,,3,"[11, 12, 13]",interface_conditional,,,,,,,,,,,,,,,,,,,,,,,,,,,,,,,,,,,,,,,,,,,,,,,,,,,,,,,,,,,,,,,,,,,,,,,,,,,,,,,,,0.05000000000000001,8.498374721940739e-18,200.0,0.0,15.690428415934244,0.3725340383346583,24.021697362263996,3.9513075680090854,0.055,0.0049999999999999975,0.03,0.018027756377319945,0.5236083333333333,0.01026926035960396,0.49764807801480654,0.0015332374609215898,0.5236083333333333,0.01026926035960396,0.7408333333333333,0.00763762615825974,200.0,0.0,0.0,0.0,0.0,0.0,0.0,0.0,200.0,0.0,194.0,3.605551275463989,0.48166666666666663,0.01527525231651945,0.011666666666666667,0.007637626158259734
diagnosis_controls,interface_conditional,synthetic,diagnosis,marginal_max | random2:1-2 | circuit,,,,,,,,,,,,,,,,,,,,,,,,,,,,,,,3,"[11, 12, 13]",interface_conditional,,,,,,,,,,,,,,,,,,,,,,,,,,,,,,,,,,,,,,,,,,,,,,,,,,,,,,,,,,,,,,,,,,,,,,,,,,,,,,,,,0.05000000000000001,8.498374721940739e-18,200.0,0.0,8.635890324910482,0.30167021450386333,14.374814669291178,2.7157109112535864,0.06833333333333334,0.0057735026918962545,0.07833333333333332,0.017559422921421233,0.5604458333333332,0.018814976304352145,0.5416111124241562,0.010700823096644852,0.5604458333333332,0.018814976304352145,0.7408333333333333,0.00763762615825974,200.0,0.0,0.0,0.0,0.0,0.0,0.0,0.0,200.0,0.0,184.33333333333334,3.5118845842842465,0.48166666666666663,0.01527525231651945,0.035,0.005000000000000001
diagnosis_controls,interface_conditional,synthetic,diagnosis,conditional_max | random2:1-2 | circuit,,,,,,,,,,,,,,,,,,,,,,,,,,,,,,,3,"[11, 12, 13]",interface_conditional,,,,,,,,,,,,,,,,,,,,,,,,,,,,,,,,,,,,,,,,,,,,,,,,,,,,,,,,,,,,,,,,,,,,,,,,,,,,,,,,,0.05000000000000001,8.498374721940739e-18,200.0,0.0,7.956854025522868,0.4804121470318872,15.057206153869629,1.4726337932239546,0.075,0.015,0.23333333333333336,0.03818813079129867,0.6682750000000001,0.009159660201121033,0.669831407844183,0.01682241948375394,0.6682750000000001,0.009159660201121033,0.7408333333333333,0.00763762615825974,200.0,0.0,0.0,0.0,0.0,0.0,0.0,0.0,200.0,0.0,153.33333333333334,7.637626158259733,0.48166666666666663,0.01527525231651945,0.11499999999999999,0.008660254037844387
diagnosis_controls,interface_conditional,synthetic,diagnosis,relational_max | random2:1-2 | circuit,,,,,,,,,,,,,,,,,,,,,,,,,,,,,,,3,"[11, 12, 13]",interface_conditional,,,,,,,,,,,,,,,,,,,,,,,,,,,,,,,,,,,,,,,,,,,,,,,,,,,,,,,,,,,,,,,,,,,,,,,,,,,,,,,,,0.05000000000000001,8.498374721940739e-18,200.0,0.0,0.7183841069539388,0.018371331193324153,6.607494990030925,0.8130413125323138,0.060000000000000005,0.035,0.345,0.024999999999999994,0.7265416666666668,0.020482375553956947,0.7604229292728567,0.022743707289171064,0.7265416666666668,0.020482375553956947,0.6266666666666666,0.01892969448600093,200.0,0.0,0.0,0.0,0.0,0.0,200.0,0.0,0.0,0.0,0.0,0.0,,,0.0,0.0
diagnosis_controls,interface_conditional,synthetic,diagnosis,query random2:1-2 | known_law_oracle,,,,,,,,,,,,,,,,,,,,,,,,,,,,,,,3,"[11, 12, 13]",interface_conditional,,,,,,,,,,,0.0,0.0,0.0009342776659953719,5.50655281801492e-05,0.0008671806657124156,4.2665101754074126e-05,400.0,0.0,2.0,0.0,2.0,0.0,2.0,0.0,3.0,0.0,0.0,0.0,0.0,0.0,1.0,0.0,0.0,0.0,0.0,0.0,0.0,0.0,1600.0,0.0,0.0,0.0,2.096357563588452,0.09964891895981108,2.26804549120613,0.10914603308982343,1.6751941333155622,0.08785377155676298,-0.6576425075661821,0.10805273258978587,4.734415882802904,0.050446721985513074,,,,,,,,,,,,,,,,,,,,,,,,,,,,,,,,,,,,,,,,,,,,,,,,,,,,,,,,,,,,,,,,
diagnosis_controls,interface_conditional,synthetic,diagnosis,known-law error random2:1-2 | known_law_oracle,,,,,,,,,,,,,,,,,,,,,,,,,,,,,,,3,"[11, 12, 13]",interface_conditional,,,,,,,,,,,,,,,,,,,,,,,,,,,,,,,,,,,,,,,,,,,,,,,,,,,,,0.0,0.0,0.0,0.0,0.0,0.0,1.0,1.1102230246251565e-16,0.0,0.0,0.0,0.0,0.0,0.0,1.0,0.0,0.0,0.0,0.0,0.0,0.0,0.0,0.9999999999999999,1.1102230246251565e-16,0.0,0.0,0.0,0.0,,,,,,,,,,,,,,,,,,,,,,,,,,,,,,,,,,,,
diagnosis_controls,interface_conditional,synthetic,diagnosis,joint | random2:1-2 | known_law_oracle,,,,,,,,,,,,,,,,,,,,,,,,,,,,,,,3,"[11, 12, 13]",interface_conditional,,,,,,,,,,,,,,,,,,,,,,,,,,,,,,,,,,,,,,,,,,,,,,,,,,,,,,,,,,,,,,,,,,,,,,,,,,,,,,,,,0.05000000000000001,8.498374721940739e-18,200.0,0.0,11.544140844757928,0.29233015485814934,39.95401375908924,9.089835744996352,0.06833333333333334,0.01527525231651947,0.6133333333333333,0.033291640592397,0.8479749999999999,0.01524223162794738,0.879711434295874,0.008830852631302356,0.8479749999999999,0.01524223162794738,0.7391666666666667,0.015275252316519432,200.0,0.0,0.0,0.0,0.0,0.0,0.0,0.0,200.0,0.0,77.33333333333333,6.6583281184793925,0.47833333333333333,0.03055050463303893,0.3,0.03905124837953324
diagnosis_controls,interface_conditional,synthetic,diagnosis,independent | random2:1-2 | known_law_oracle,,,,,,,,,,,,,,,,,,,,,,,,,,,,,,,3,"[11, 12, 13]",interface_conditional,,,,,,,,,,,,,,,,,,,,,,,,,,,,,,,,,,,,,,,,,,,,,,,,,,,,,,,,,,,,,,,,,,,,,,,,,,,,,,,,,0.05000000000000001,8.498374721940739e-18,200.0,0.0,15.234903123055595,1.053006601916033,19.411344127833306,5.751342606435359,0.06166666666666667,0.03883726732577014,0.03833333333333333,0.02753785273643051,0.5248166666666666,0.0021939310229205926,0.49429167426924797,0.008234105479264342,0.5248166666666666,0.0021939310229205926,0.7391666666666667,0.015275252316519432,200.0,0.0,0.0,0.0,0.0,0.0,0.0,0.0,200.0,0.0,192.33333333333334,5.507570547286101,0.47833333333333333,0.03055050463303893,0.02,0.013228756555322952
diagnosis_controls,interface_conditional,synthetic,diagnosis,marginal_max | random2:1-2 | known_law_oracle,,,,,,,,,,,,,,,,,,,,,,,,,,,,,,,3,"[11, 12, 13]",interface_conditional,,,,,,,,,,,,,,,,,,,,,,,,,,,,,,,,,,,,,,,,,,,,,,,,,,,,,,,,,,,,,,,,,,,,,,,,,,,,,,,,,0.05000000000000001,8.498374721940739e-18,200.0,0.0,8.43466565713213,0.25999754209780307,10.425368004129288,2.5450730587845736,0.06333333333333334,0.011547005383792516,0.07333333333333333,0.03329164059239696,0.56655,0.011713393775930205,0.5462341318002347,0.004067795251284844,0.56655,0.011713393775930205,0.7391666666666667,0.015275252316519432,200.0,0.0,0.0,0.0,0.0,0.0,0.0,0.0,200.0,0.0,185.33333333333334,6.6583281184793925,0.47833333333333333,0.03055050463303893,0.034999999999999996,0.013228756555322952
diagnosis_controls,interface_conditional,synthetic,diagnosis,conditional_max | random2:1-2 | known_law_oracle,,,,,,,,,,,,,,,,,,,,,,,,,,,,,,,3,"[11, 12, 13]",interface_conditional,,,,,,,,,,,,,,,,,,,,,,,,,,,,,,,,,,,,,,,,,,,,,,,,,,,,,,,,,,,,,,,,,,,,,,,,,,,,,,,,,0.05000000000000001,8.498374721940739e-18,200.0,0.0,5.837524496781721,0.10842471013958771,37.24736777595433,9.693600535686526,0.09500000000000001,0.0050000000000000044,0.7383333333333333,0.0028867513459481316,0.8997083333333333,0.017445349189206105,0.9215935540339588,0.01225211038186652,0.8997083333333333,0.017445349189206105,0.7391666666666667,0.015275252316519432,200.0,0.0,0.0,0.0,0.0,0.0,0.0,0.0,200.0,0.0,52.333333333333336,0.5773502691896258,0.47833333333333333,0.03055050463303893,0.36166666666666664,0.02753785273643051
diagnosis_controls,interface_conditional,synthetic,diagnosis,relational_max | random2:1-2 | known_law_oracle,,,,,,,,,,,,,,,,,,,,,,,,,,,,,,,3,"[11, 12, 13]",interface_conditional,,,,,,,,,,,,,,,,,,,,,,,,,,,,,,,,,,,,,,,,,,,,,,,,,,,,,,,,,,,,,,,,,,,,,,,,,,,,,,,,,0.05000000000000001,8.498374721940739e-18,200.0,0.0,0.23123994314603222,0.10013022041458396,37.96105018797506,9.735287551294547,0.08166666666666667,0.01040832999733066,0.7966666666666665,0.03617089069035114,0.9314250000000001,0.014618844858606306,0.9447480208963511,0.010502674899999056,0.9314250000000001,0.014618844858606306,0.5641666666666667,0.016645820296198446,200.0,0.0,0.0,0.0,0.0,0.0,200.0,0.0,0.0,0.0,0.0,0.0,,,0.0,0.0
diagnosis_controls,interface_conditional,synthetic,diagnosis,query random3:1-2-3 | circuit,,,,,,,,,,,,,,,,,,,,,,,,,,,,,,,3,"[11, 12, 13]",interface_conditional,,,,,,,,,,,6.357828776041666e-07,2.7530206164819037e-07,0.01566866666568482,0.0013778496732788214,0.009709346999443369,0.001126269528087012,400.0,0.0,1.0,0.0,1.0,0.0,1.0,0.0,3.0,0.0,802.0,0.0,32.0,0.0,1.0,0.0,0.015538333333333335,0.0013573401686140917,320800.0,0.0,25600.0,0.0,1600.0,0.0,51200.0,0.0,-6.318092567643892e-08,8.623538058025414e-08,2.01463701425079e-07,5.505611529312321e-08,3.1039176443907007e-07,3.694358740132832e-08,-5.602836570991107e-07,1.445335758015873e-07,4.76837158203125e-07,0.0,,,,,,,,,,,,,,,,,,,,,,,,,,,,,,,,,,,,,,,,,,,,,,,,,,,,,,,,,,,,,,,,
diagnosis_controls,interface_conditional,synthetic,diagnosis,known-law error random3:1-2-3 | circuit,,,,,,,,,,,,,,,,,,,,,,,,,,,,,,,3,"[11, 12, 13]",interface_conditional,,,,,,,,,,,,,,,,,,,,,,,,,,,,,,,,,,,,,,,,,,,,,,,,,,,,,0.11843840135822715,0.04521663283793417,0.34095063702306483,0.02352134004303631,4.65714685873479,2.6027869679438966,0.9515281669619226,0.008499608978276806,0.11843840135822715,0.04521663283793417,0.34095063702306483,0.02352134004303631,4.65714685873479,2.6027869679438966,0.9515281669619226,0.008499608978276806,0.0,0.0,0.0,0.0,0.0,0.0,,,-0.11843847546666882,0.04521657814951541,0.3409506555005048,0.02352129633567217,,,,,,,,,,,,,,,,,,,,,,,,,,,,,,,,,,,,
diagnosis_controls,interface_conditional,synthetic,diagnosis,joint | random3:1-2-3 | circuit,,,,,,,,,,,,,,,,,,,,,,,,,,,,,,,3,"[11, 12, 13]",interface_conditional,,,,,,,,,,,,,,,,,,,,,,,,,,,,,,,,,,,,,,,,,,,,,,,,,,,,,,,,,,,,,,,,,,,,,,,,,,,,,,,,,0.05000000000000001,8.498374721940739e-18,200.0,0.0,8.008376439412435,0.5055902124994012,13.045688311258951,3.912426633722099,0.055,0.013228756555322957,0.055,0.0049999999999999975,0.48807500000000004,0.006175708461383214,0.5009720757385616,0.006560915517495559,0.48807500000000004,0.006175708461383214,,,0.0,0.0,0.0,0.0,200.0,0.0,200.0,0.0,0.0,0.0,0.0,0.0,,,0.0,0.0
diagnosis_controls,interface_conditional,synthetic,diagnosis,independent | random3:1-2-3 | circuit,,,,,,,,,,,,,,,,,,,,,,,,,,,,,,,3,"[11, 12, 13]",interface_conditional,,,,,,,,,,,,,,,,,,,,,,,,,,,,,,,,,,,,,,,,,,,,,,,,,,,,,,,,,,,,,,,,,,,,,,,,,,,,,,,,,0.05000000000000001,8.498374721940739e-18,200.0,0.0,8.008375962575277,0.5055903635913463,13.045688311258951,3.912426633722099,0.055,0.013228756555322957,0.055,0.0049999999999999975,0.48807500000000004,0.006175708461383214,0.5009720757385616,0.006560915517495559,0.48807500000000004,0.006175708461383214,,,0.0,0.0,0.0,0.0,200.0,0.0,200.0,0.0,0.0,0.0,0.0,0.0,,,0.0,0.0
diagnosis_controls,interface_conditional,synthetic,diagnosis,marginal_max | random3:1-2-3 | circuit,,,,,,,,,,,,,,,,,,,,,,,,,,,,,,,3,"[11, 12, 13]",interface_conditional,,,,,,,,,,,,,,,,,,,,,,,,,,,,,,,,,,,,,,,,,,,,,,,,,,,,,,,,,,,,,,,,,,,,,,,,,,,,,,,,,0.05000000000000001,8.498374721940739e-18,200.0,0.0,8.008375962575277,0.5055903635913463,13.045688311258951,3.912426633722099,0.055,0.013228756555322957,0.055,0.0049999999999999975,0.48807500000000004,0.006175708461383214,0.5009720757385616,0.006560915517495559,0.48807500000000004,0.006175708461383214,,,0.0,0.0,0.0,0.0,200.0,0.0,200.0,0.0,0.0,0.0,0.0,0.0,,,0.0,0.0
diagnosis_controls,interface_conditional,synthetic,diagnosis,conditional_max | random3:1-2-3 | circuit,,,,,,,,,,,,,,,,,,,,,,,,,,,,,,,3,"[11, 12, 13]",interface_conditional,,,,,,,,,,,,,,,,,,,,,,,,,,,,,,,,,,,,,,,,,,,,,,,,,,,,,,,,,,,,,,,,,,,,,,,,,,,,,,,,,0.05000000000000001,8.498374721940739e-18,200.0,0.0,8.008375962575277,0.5055903635913463,13.045688311258951,3.912426633722099,0.055,0.013228756555322957,0.055,0.0049999999999999975,0.48807500000000004,0.006175708461383214,0.5009720757385616,0.006560915517495559,0.48807500000000004,0.006175708461383214,,,0.0,0.0,0.0,0.0,200.0,0.0,200.0,0.0,0.0,0.0,0.0,0.0,,,0.0,0.0
diagnosis_controls,interface_conditional,synthetic,diagnosis,relational_max | random3:1-2-3 | circuit,,,,,,,,,,,,,,,,,,,,,,,,,,,,,,,3,"[11, 12, 13]",interface_conditional,,,,,,,,,,,,,,,,,,,,,,,,,,,,,,,,,,,,,,,,,,,,,,,,,,,,,,,,,,,,,,,,,,,,,,,,,,,,,,,,,0.05000000000000001,8.498374721940739e-18,200.0,0.0,0.0,0.0,0.0,0.0,0.0,0.0,0.0,0.0,0.5,0.0,0.5,0.0,0.5,0.0,,,0.0,0.0,0.0,0.0,200.0,0.0,200.0,0.0,0.0,0.0,0.0,0.0,,,0.0,0.0
diagnosis_controls,interface_conditional,synthetic,diagnosis,query random3:1-2-3 | known_law_oracle,,,,,,,,,,,,,,,,,,,,,,,,,,,,,,,3,"[11, 12, 13]",interface_conditional,,,,,,,,,,,0.0,0.0,0.00042383399947235983,2.3937745286514545e-05,0.00041069466654638137,2.3092967380916937e-05,400.0,0.0,1.0,0.0,1.0,0.0,1.0,0.0,2.0,0.0,0.0,0.0,0.0,0.0,1.0,0.0,0.0,0.0,0.0,0.0,0.0,0.0,1600.0,0.0,0.0,0.0,0.0,0.0,0.0,0.0,0.0,0.0,0.0,0.0,0.0,0.0,,,,,,,,,,,,,,,,,,,,,,,,,,,,,,,,,,,,,,,,,,,,,,,,,,,,,,,,,,,,,,,,
diagnosis_controls,interface_conditional,synthetic,diagnosis,known-law error random3:1-2-3 | known_law_oracle,,,,,,,,,,,,,,,,,,,,,,,,,,,,,,,3,"[11, 12, 13]",interface_conditional,,,,,,,,,,,,,,,,,,,,,,,,,,,,,,,,,,,,,,,,,,,,,,,,,,,,,0.0,0.0,0.0,0.0,0.0,0.0,1.0,0.0,0.0,0.0,0.0,0.0,0.0,0.0,1.0,0.0,0.0,0.0,0.0,0.0,0.0,0.0,,,0.0,0.0,0.0,0.0,,,,,,,,,,,,,,,,,,,,,,,,,,,,,,,,,,,,
diagnosis_controls,interface_conditional,synthetic,diagnosis,joint | random3:1-2-3 | known_law_oracle,,,,,,,,,,,,,,,,,,,,,,,,,,,,,,,3,"[11, 12, 13]",interface_conditional,,,,,,,,,,,,,,,,,,,,,,,,,,,,,,,,,,,,,,,,,,,,,,,,,,,,,,,,,,,,,,,,,,,,,,,,,,,,,,,,,0.05000000000000001,8.498374721940739e-18,200.0,0.0,7.689895496961474,0.5021001950174577,10.071033718670991,2.3032659569915754,0.06333333333333334,0.020207259421636908,0.06,0.0304138126514911,0.48662500000000003,0.006084868527749771,0.4983624026561697,0.008169094318119742,0.48662500000000003,0.006084868527749771,,,0.0,0.0,0.0,0.0,200.0,0.0,200.0,0.0,0.0,0.0,0.0,0.0,,,0.0,0.0
diagnosis_controls,interface_conditional,synthetic,diagnosis,independent | random3:1-2-3 | known_law_oracle,,,,,,,,,,,,,,,,,,,,,,,,,,,,,,,3,"[11, 12, 13]",interface_conditional,,,,,,,,,,,,,,,,,,,,,,,,,,,,,,,,,,,,,,,,,,,,,,,,,,,,,,,,,,,,,,,,,,,,,,,,,,,,,,,,,0.05000000000000001,8.498374721940739e-18,200.0,0.0,7.689895496961474,0.5021001950174577,10.071033718670991,2.3032659569915754,0.06333333333333334,0.020207259421636908,0.06,0.0304138126514911,0.48662500000000003,0.006084868527749771,0.4983624026561697,0.008169094318119742,0.48662500000000003,0.006084868527749771,,,0.0,0.0,0.0,0.0,200.0,0.0,200.0,0.0,0.0,0.0,0.0,0.0,,,0.0,0.0
diagnosis_controls,interface_conditional,synthetic,diagnosis,marginal_max | random3:1-2-3 | known_law_oracle,,,,,,,,,,,,,,,,,,,,,,,,,,,,,,,3,"[11, 12, 13]",interface_conditional,,,,,,,,,,,,,,,,,,,,,,,,,,,,,,,,,,,,,,,,,,,,,,,,,,,,,,,,,,,,,,,,,,,,,,,,,,,,,,,,,0.05000000000000001,8.498374721940739e-18,200.0,0.0,7.689895496961474,0.5021001950174577,10.071033718670991,2.3032659569915754,0.06333333333333334,0.020207259421636908,0.06,0.0304138126514911,0.48662500000000003,0.006084868527749771,0.4983624026561697,0.008169094318119742,0.48662500000000003,0.006084868527749771,,,0.0,0.0,0.0,0.0,200.0,0.0,200.0,0.0,0.0,0.0,0.0,0.0,,,0.0,0.0
diagnosis_controls,interface_conditional,synthetic,diagnosis,conditional_max | random3:1-2-3 | known_law_oracle,,,,,,,,,,,,,,,,,,,,,,,,,,,,,,,3,"[11, 12, 13]",interface_conditional,,,,,,,,,,,,,,,,,,,,,,,,,,,,,,,,,,,,,,,,,,,,,,,,,,,,,,,,,,,,,,,,,,,,,,,,,,,,,,,,,0.05000000000000001,8.498374721940739e-18,200.0,0.0,7.689895496961474,0.5021001950174577,10.071033718670991,2.3032659569915754,0.06333333333333334,0.020207259421636908,0.06,0.0304138126514911,0.48662500000000003,0.006084868527749771,0.4983624026561697,0.008169094318119742,0.48662500000000003,0.006084868527749771,,,0.0,0.0,0.0,0.0,200.0,0.0,200.0,0.0,0.0,0.0,0.0,0.0,,,0.0,0.0
diagnosis_controls,interface_conditional,synthetic,diagnosis,relational_max | random3:1-2-3 | known_law_oracle,,,,,,,,,,,,,,,,,,,,,,,,,,,,,,,3,"[11, 12, 13]",interface_conditional,,,,,,,,,,,,,,,,,,,,,,,,,,,,,,,,,,,,,,,,,,,,,,,,,,,,,,,,,,,,,,,,,,,,,,,,,,,,,,,,,0.05000000000000001,8.498374721940739e-18,200.0,0.0,0.0,0.0,0.0,0.0,0.0,0.0,0.0,0.0,0.5,0.0,0.5,0.0,0.5,0.0,,,0.0,0.0,0.0,0.0,200.0,0.0,200.0,0.0,0.0,0.0,0.0,0.0,,,0.0,0.0
diagnosis_controls,interface_conditional,synthetic,diagnosis,query bank0:0-1 | circuit,,,,,,,,,,,,,,,,,,,,,,,,,,,,,,,3,"[11, 12, 13]",interface_conditional,,,,,,,,,,,3.0199686686197915e-06,1.3765103082409519e-06,0.015576708333052617,0.0013186925062625523,0.009605999999621417,0.0009224193607106825,400.0,0.0,2.0,0.0,2.0,0.0,2.0,0.0,3.0,0.0,802.0,0.0,32.0,0.0,1.0,0.0,0.015453333333333333,0.0013062700078212512,320800.0,0.0,25600.0,0.0,1600.0,0.0,51200.0,0.0,0.34378307064374286,0.07125391944792984,0.5784550309181213,0.058910340818254005,0.5951013962427775,0.049413409862285686,-0.8378995259602865,0.08294026884060773,1.0864318211873372,0.34708750775895364,,,,,,,,,,,,,,,,,,,,,,,,,,,,,,,,,,,,,,,,,,,,,,,,,,,,,,,,,,,,,,,,
diagnosis_controls,interface_conditional,synthetic,diagnosis,known-law error bank0:0-1 | circuit,,,,,,,,,,,,,,,,,,,,,,,,,,,,,,,3,"[11, 12, 13]",interface_conditional,,,,,,,,,,,,,,,,,,,,,,,,,,,,,,,,,,,,,,,,,,,,,,,,,,,,,1.8973945634210263,0.03049196526441291,2.0645776341470063,0.04590652395911265,12.173188917015343,3.317207319538782,0.4000236026266168,0.05868558811469751,0.12312888641184673,0.01129715711987452,0.3671534561909215,0.02908586066937111,3.932246560191056,2.010772055811796,0.9490158335980444,0.012371162266226698,1.774265687340651,0.041318631167627955,1.9577445078281128,0.04930334385896463,8.773726431566716,1.4152431798225504,0.3653036136208469,0.03743507757152765,-2.02052361593115,0.020187690661493236,2.1702468966219204,0.044383287949015776,,,,,,,,,,,,,,,,,,,,,,,,,,,,,,,,,,,,
diagnosis_controls,interface_conditional,synthetic,diagnosis,joint | bank0:0-1 | circuit,,,,,,,,,,,,,,,,,,,,,,,,,,,,,,,3,"[11, 12, 13]",interface_conditional,,,,,,,,,,,,,,,,,,,,,,,,,,,,,,,,,,,,,,,,,,,,,,,,,,,,,,,,,,,,,,,,,,,,,,,,,,,,,,,,,0.05000000000000001,8.498374721940739e-18,200.0,0.0,15.571994145711264,1.7464670227137387,22.74297841389974,6.0126573358947555,0.05833333333333334,0.04010403138505322,0.05833333333333334,0.04010403138505322,0.5,0.0,0.5,0.0,0.5,0.0,,,0.0,0.0,200.0,0.0,0.0,0.0,0.0,0.0,0.0,0.0,0.0,0.0,,,0.0,0.0
diagnosis_controls,interface_conditional,synthetic,diagnosis,independent | bank0:0-1 | circuit,,,,,,,,,,,,,,,,,,,,,,,,,,,,,,,3,"[11, 12, 13]",interface_conditional,,,,,,,,,,,,,,,,,,,,,,,,,,,,,,,,,,,,,,,,,,,,,,,,,,,,,,,,,,,,,,,,,,,,,,,,,,,,,,,,,0.05000000000000001,8.498374721940739e-18,200.0,0.0,16.288565317789715,1.5860447757785803,23.128754297892254,6.250484233353179,0.051666666666666666,0.03013856886670854,0.051666666666666666,0.03013856886670854,0.5,0.0,0.5,0.0,0.5,0.0,,,0.0,0.0,200.0,0.0,0.0,0.0,0.0,0.0,0.0,0.0,0.0,0.0,,,0.0,0.0
diagnosis_controls,interface_conditional,synthetic,diagnosis,marginal_max | bank0:0-1 | circuit,,,,,,,,,,,,,,,,,,,,,,,,,,,,,,,3,"[11, 12, 13]",interface_conditional,,,,,,,,,,,,,,,,,,,,,,,,,,,,,,,,,,,,,,,,,,,,,,,,,,,,,,,,,,,,,,,,,,,,,,,,,,,,,,,,,0.05000000000000001,8.498374721940739e-18,200.0,0.0,8.674742539723715,1.0402743610329064,13.878817876180014,5.033541679487152,0.07500000000000001,0.04272001872658766,0.07500000000000001,0.04272001872658766,0.5,0.0,0.5,0.0,0.5,0.0,,,0.0,0.0,200.0,0.0,0.0,0.0,0.0,0.0,0.0,0.0,0.0,0.0,,,0.0,0.0
diagnosis_controls,interface_conditional,synthetic,diagnosis,conditional_max | bank0:0-1 | circuit,,,,,,,,,,,,,,,,,,,,,,,,,,,,,,,3,"[11, 12, 13]",interface_conditional,,,,,,,,,,,,,,,,,,,,,,,,,,,,,,,,,,,,,,,,,,,,,,,,,,,,,,,,,,,,,,,,,,,,,,,,,,,,,,,,,0.05000000000000001,8.498374721940739e-18,200.0,0.0,8.484606583913168,0.9512586286288839,13.56216812133789,4.7989245284965,0.05833333333333333,0.03785938897200183,0.05833333333333333,0.03785938897200183,0.5,0.0,0.5,0.0,0.5,0.0,,,0.0,0.0,200.0,0.0,0.0,0.0,0.0,0.0,0.0,0.0,0.0,0.0,,,0.0,0.0
diagnosis_controls,interface_conditional,synthetic,diagnosis,relational_max | bank0:0-1 | circuit,,,,,,,,,,,,,,,,,,,,,,,,,,,,,,,3,"[11, 12, 13]",interface_conditional,,,,,,,,,,,,,,,,,,,,,,,,,,,,,,,,,,,,,,,,,,,,,,,,,,,,,,,,,,,,,,,,,,,,,,,,,,,,,,,,,0.05000000000000001,8.498374721940739e-18,200.0,0.0,0.7413291931152344,0.04867396098943941,3.2300829887390137,0.05092055561939955,0.05833333333333333,0.007637626158259732,0.05833333333333333,0.007637626158259732,0.5,0.0,0.5,0.0,0.5,0.0,,,0.0,0.0,200.0,0.0,0.0,0.0,0.0,0.0,0.0,0.0,0.0,0.0,,,0.0,0.0
diagnosis_controls,interface_conditional,synthetic,diagnosis,query bank0:0-1 | known_law_oracle,,,,,,,,,,,,,,,,,,,,,,,,,,,,,,,3,"[11, 12, 13]",interface_conditional,,,,,,,,,,,0.0,0.0,0.0009484443326073233,4.3990731970686805e-05,0.0008357916679718377,2.8649057868286544e-05,400.0,0.0,2.0,0.0,2.0,0.0,2.0,0.0,3.0,0.0,0.0,0.0,0.0,0.0,1.0,0.0,0.0,0.0,0.0,0.0,0.0,0.0,1600.0,0.0,0.0,0.0,2.118048889511977,0.03141646701381385,2.28014607008394,0.029491370809877227,1.6978145196793875,0.13309930604048953,-0.7122084386461768,0.10227821996367469,5.087134179912623,0.3348361709035126,,,,,,,,,,,,,,,,,,,,,,,,,,,,,,,,,,,,,,,,,,,,,,,,,,,,,,,,,,,,,,,,
diagnosis_controls,interface_conditional,synthetic,diagnosis,known-law error bank0:0-1 | known_law_oracle,,,,,,,,,,,,,,,,,,,,,,,,,,,,,,,3,"[11, 12, 13]",interface_conditional,,,,,,,,,,,,,,,,,,,,,,,,,,,,,,,,,,,,,,,,,,,,,,,,,,,,,0.0,0.0,0.0,0.0,0.0,0.0,1.0,7.850462293418876e-17,0.0,0.0,0.0,0.0,0.0,0.0,1.0,7.850462293418876e-17,0.0,0.0,0.0,0.0,0.0,0.0,1.0,7.850462293418876e-17,0.0,0.0,0.0,0.0,,,,,,,,,,,,,,,,,,,,,,,,,,,,,,,,,,,,
diagnosis_controls,interface_conditional,synthetic,diagnosis,joint | bank0:0-1 | known_law_oracle,,,,,,,,,,,,,,,,,,,,,,,,,,,,,,,3,"[11, 12, 13]",interface_conditional,,,,,,,,,,,,,,,,,,,,,,,,,,,,,,,,,,,,,,,,,,,,,,,,,,,,,,,,,,,,,,,,,,,,,,,,,,,,,,,,,0.05000000000000001,8.498374721940739e-18,200.0,0.0,11.893229892798225,0.5687274688631019,12.178897972724068,2.250793680864722,0.06833333333333334,0.025658007197234416,0.06833333333333334,0.025658007197234416,0.5,0.0,0.5,0.0,0.5,0.0,,,0.0,0.0,200.0,0.0,0.0,0.0,0.0,0.0,0.0,0.0,0.0,0.0,,,0.0,0.0
diagnosis_controls,interface_conditional,synthetic,diagnosis,independent | bank0:0-1 | known_law_oracle,,,,,,,,,,,,,,,,,,,,,,,,,,,,,,,3,"[11, 12, 13]",interface_conditional,,,,,,,,,,,,,,,,,,,,,,,,,,,,,,,,,,,,,,,,,,,,,,,,,,,,,,,,,,,,,,,,,,,,,,,,,,,,,,,,,0.05000000000000001,8.498374721940739e-18,200.0,0.0,15.530203393921816,1.1097664954433233,19.581157822329033,4.553161015933234,0.056666666666666664,0.04752192476461084,0.056666666666666664,0.04752192476461084,0.5,0.0,0.5,0.0,0.5,0.0,,,0.0,0.0,200.0,0.0,0.0,0.0,0.0,0.0,0.0,0.0,0.0,0.0,,,0.0,0.0
diagnosis_controls,interface_conditional,synthetic,diagnosis,marginal_max | bank0:0-1 | known_law_oracle,,,,,,,,,,,,,,,,,,,,,,,,,,,,,,,3,"[11, 12, 13]",interface_conditional,,,,,,,,,,,,,,,,,,,,,,,,,,,,,,,,,,,,,,,,,,,,,,,,,,,,,,,,,,,,,,,,,,,,,,,,,,,,,,,,,0.05000000000000001,8.498374721940739e-18,200.0,0.0,8.50225676970686,0.8025616774679297,11.026607722604169,2.92788709015932,0.07166666666666667,0.05619905100029121,0.07166666666666667,0.05619905100029121,0.5,0.0,0.5,0.0,0.5,0.0,,,0.0,0.0,200.0,0.0,0.0,0.0,0.0,0.0,0.0,0.0,0.0,0.0,,,0.0,0.0
diagnosis_controls,interface_conditional,synthetic,diagnosis,conditional_max | bank0:0-1 | known_law_oracle,,,,,,,,,,,,,,,,,,,,,,,,,,,,,,,3,"[11, 12, 13]",interface_conditional,,,,,,,,,,,,,,,,,,,,,,,,,,,,,,,,,,,,,,,,,,,,,,,,,,,,,,,,,,,,,,,,,,,,,,,,,,,,,,,,,0.05000000000000001,8.498374721940739e-18,200.0,0.0,6.412057461380322,0.4208635318078273,7.401431090478628,1.076630163802171,0.055,0.02783882181415011,0.055,0.02783882181415011,0.5,0.0,0.5,0.0,0.5,0.0,,,0.0,0.0,200.0,0.0,0.0,0.0,0.0,0.0,0.0,0.0,0.0,0.0,,,0.0,0.0
diagnosis_controls,interface_conditional,synthetic,diagnosis,relational_max | bank0:0-1 | known_law_oracle,,,,,,,,,,,,,,,,,,,,,,,,,,,,,,,3,"[11, 12, 13]",interface_conditional,,,,,,,,,,,,,,,,,,,,,,,,,,,,,,,,,,,,,,,,,,,,,,,,,,,,,,,,,,,,,,,,,,,,,,,,,,,,,,,,,0.05000000000000001,8.498374721940739e-18,200.0,0.0,0.6755880722069408,0.3929988831887486,12.161940408549382,0.8837115701503796,0.05333333333333334,0.0202072594216369,0.05333333333333334,0.0202072594216369,0.5,0.0,0.5,0.0,0.5,0.0,,,0.0,0.0,200.0,0.0,0.0,0.0,0.0,0.0,0.0,0.0,0.0,0.0,,,0.0,0.0
diagnosis_controls,interface_conditional,synthetic,diagnosis,query single_sensor_0 | circuit,,,,,,,,,,,,,,,,,,,,,,,,,,,,,,,3,"[11, 12, 13]",interface_conditional,,,,,,,,,,,6.357828776041666e-07,2.7530206164819037e-07,0.015594583333343811,0.0013758056320722224,0.009594485999211125,0.0010383677691730695,400.0,0.0,1.0,0.0,1.0,0.0,1.0,0.0,3.0,0.0,802.0,0.0,32.0,0.0,1.0,0.0,0.015468,0.001363364954808506,320800.0,0.0,25600.0,0.0,1600.0,0.0,51200.0,0.0,-6.318092567643892e-08,8.623538058025414e-08,2.01463701425079e-07,5.505611529312321e-08,3.1039176443907007e-07,3.694358740132832e-08,-5.602836570991107e-07,1.445335758015873e-07,4.76837158203125e-07,0.0,,,,,,,,,,,,,,,,,,,,,,,,,,,,,,,,,,,,,,,,,,,,,,,,,,,,,,,,,,,,,,,,
diagnosis_controls,interface_conditional,synthetic,diagnosis,known-law error single_sensor_0 | circuit,,,,,,,,,,,,,,,,,,,,,,,,,,,,,,,3,"[11, 12, 13]",interface_conditional,,,,,,,,,,,,,,,,,,,,,,,,,,,,,,,,,,,,,,,,,,,,,,,,,,,,,0.11843840135822715,0.04521663283793417,0.34095063702306483,0.02352134004303631,4.65714685873479,2.6027869679438966,0.9515281669619226,0.008499608978276806,0.11843840135822715,0.04521663283793417,0.34095063702306483,0.02352134004303631,4.65714685873479,2.6027869679438966,0.9515281669619226,0.008499608978276806,0.0,0.0,0.0,0.0,0.0,0.0,,,-0.11843847546666882,0.04521657814951541,0.3409506555005048,0.02352129633567217,,,,,,,,,,,,,,,,,,,,,,,,,,,,,,,,,,,,
diagnosis_controls,interface_conditional,synthetic,diagnosis,joint | single_sensor_0 | circuit,,,,,,,,,,,,,,,,,,,,,,,,,,,,,,,3,"[11, 12, 13]",interface_conditional,,,,,,,,,,,,,,,,,,,,,,,,,,,,,,,,,,,,,,,,,,,,,,,,,,,,,,,,,,,,,,,,,,,,,,,,,,,,,,,,,0.05000000000000001,8.498374721940739e-18,200.0,0.0,8.008376439412435,0.5055902124994012,13.045688311258951,3.912426633722099,0.055,0.013228756555322957,0.055,0.0049999999999999975,0.48807500000000004,0.006175708461383214,0.5009720757385616,0.006560915517495559,0.48807500000000004,0.006175708461383214,,,0.0,0.0,0.0,0.0,200.0,0.0,200.0,0.0,0.0,0.0,0.0,0.0,,,0.0,0.0
diagnosis_controls,interface_conditional,synthetic,diagnosis,independent | single_sensor_0 | circuit,,,,,,,,,,,,,,,,,,,,,,,,,,,,,,,3,"[11, 12, 13]",interface_conditional,,,,,,,,,,,,,,,,,,,,,,,,,,,,,,,,,,,,,,,,,,,,,,,,,,,,,,,,,,,,,,,,,,,,,,,,,,,,,,,,,0.05000000000000001,8.498374721940739e-18,200.0,0.0,8.008375962575277,0.5055903635913463,13.045688311258951,3.912426633722099,0.055,0.013228756555322957,0.055,0.0049999999999999975,0.48807500000000004,0.006175708461383214,0.5009720757385616,0.006560915517495559,0.48807500000000004,0.006175708461383214,,,0.0,0.0,0.0,0.0,200.0,0.0,200.0,0.0,0.0,0.0,0.0,0.0,,,0.0,0.0
diagnosis_controls,interface_conditional,synthetic,diagnosis,marginal_max | single_sensor_0 | circuit,,,,,,,,,,,,,,,,,,,,,,,,,,,,,,,3,"[11, 12, 13]",interface_conditional,,,,,,,,,,,,,,,,,,,,,,,,,,,,,,,,,,,,,,,,,,,,,,,,,,,,,,,,,,,,,,,,,,,,,,,,,,,,,,,,,0.05000000000000001,8.498374721940739e-18,200.0,0.0,8.008375962575277,0.5055903635913463,13.045688311258951,3.912426633722099,0.055,0.013228756555322957,0.055,0.0049999999999999975,0.48807500000000004,0.006175708461383214,0.5009720757385616,0.006560915517495559,0.48807500000000004,0.006175708461383214,,,0.0,0.0,0.0,0.0,200.0,0.0,200.0,0.0,0.0,0.0,0.0,0.0,,,0.0,0.0
diagnosis_controls,interface_conditional,synthetic,diagnosis,conditional_max | single_sensor_0 | circuit,,,,,,,,,,,,,,,,,,,,,,,,,,,,,,,3,"[11, 12, 13]",interface_conditional,,,,,,,,,,,,,,,,,,,,,,,,,,,,,,,,,,,,,,,,,,,,,,,,,,,,,,,,,,,,,,,,,,,,,,,,,,,,,,,,,0.05000000000000001,8.498374721940739e-18,200.0,0.0,8.008375962575277,0.5055903635913463,13.045688311258951,3.912426633722099,0.055,0.013228756555322957,0.055,0.0049999999999999975,0.48807500000000004,0.006175708461383214,0.5009720757385616,0.006560915517495559,0.48807500000000004,0.006175708461383214,,,0.0,0.0,0.0,0.0,200.0,0.0,200.0,0.0,0.0,0.0,0.0,0.0,,,0.0,0.0
diagnosis_controls,interface_conditional,synthetic,diagnosis,relational_max | single_sensor_0 | circuit,,,,,,,,,,,,,,,,,,,,,,,,,,,,,,,3,"[11, 12, 13]",interface_conditional,,,,,,,,,,,,,,,,,,,,,,,,,,,,,,,,,,,,,,,,,,,,,,,,,,,,,,,,,,,,,,,,,,,,,,,,,,,,,,,,,0.05000000000000001,8.498374721940739e-18,200.0,0.0,0.0,0.0,0.0,0.0,0.0,0.0,0.0,0.0,0.5,0.0,0.5,0.0,0.5,0.0,,,0.0,0.0,0.0,0.0,200.0,0.0,200.0,0.0,0.0,0.0,0.0,0.0,,,0.0,0.0
diagnosis_controls,interface_conditional,synthetic,diagnosis,query single_sensor_0 | known_law_oracle,,,,,,,,,,,,,,,,,,,,,,,,,,,,,,,3,"[11, 12, 13]",interface_conditional,,,,,,,,,,,0.0,0.0,0.0003910696662690801,2.7928557175600444e-06,0.0003953193348327962,1.6336742660028558e-05,400.0,0.0,1.0,0.0,1.0,0.0,1.0,0.0,2.0,0.0,0.0,0.0,0.0,0.0,1.0,0.0,0.0,0.0,0.0,0.0,0.0,0.0,1600.0,0.0,0.0,0.0,0.0,0.0,0.0,0.0,0.0,0.0,0.0,0.0,0.0,0.0,,,,,,,,,,,,,,,,,,,,,,,,,,,,,,,,,,,,,,,,,,,,,,,,,,,,,,,,,,,,,,,,
diagnosis_controls,interface_conditional,synthetic,diagnosis,known-law error single_sensor_0 | known_law_oracle,,,,,,,,,,,,,,,,,,,,,,,,,,,,,,,3,"[11, 12, 13]",interface_conditional,,,,,,,,,,,,,,,,,,,,,,,,,,,,,,,,,,,,,,,,,,,,,,,,,,,,,0.0,0.0,0.0,0.0,0.0,0.0,1.0,0.0,0.0,0.0,0.0,0.0,0.0,0.0,1.0,0.0,0.0,0.0,0.0,0.0,0.0,0.0,,,0.0,0.0,0.0,0.0,,,,,,,,,,,,,,,,,,,,,,,,,,,,,,,,,,,,
diagnosis_controls,interface_conditional,synthetic,diagnosis,joint | single_sensor_0 | known_law_oracle,,,,,,,,,,,,,,,,,,,,,,,,,,,,,,,3,"[11, 12, 13]",interface_conditional,,,,,,,,,,,,,,,,,,,,,,,,,,,,,,,,,,,,,,,,,,,,,,,,,,,,,,,,,,,,,,,,,,,,,,,,,,,,,,,,,0.05000000000000001,8.498374721940739e-18,200.0,0.0,7.689895496961474,0.5021001950174577,10.071033718670991,2.3032659569915754,0.06333333333333334,0.020207259421636908,0.06,0.0304138126514911,0.48662500000000003,0.006084868527749771,0.4983624026561697,0.008169094318119742,0.48662500000000003,0.006084868527749771,,,0.0,0.0,0.0,0.0,200.0,0.0,200.0,0.0,0.0,0.0,0.0,0.0,,,0.0,0.0
diagnosis_controls,interface_conditional,synthetic,diagnosis,independent | single_sensor_0 | known_law_oracle,,,,,,,,,,,,,,,,,,,,,,,,,,,,,,,3,"[11, 12, 13]",interface_conditional,,,,,,,,,,,,,,,,,,,,,,,,,,,,,,,,,,,,,,,,,,,,,,,,,,,,,,,,,,,,,,,,,,,,,,,,,,,,,,,,,0.05000000000000001,8.498374721940739e-18,200.0,0.0,7.689895496961474,0.5021001950174577,10.071033718670991,2.3032659569915754,0.06333333333333334,0.020207259421636908,0.06,0.0304138126514911,0.48662500000000003,0.006084868527749771,0.4983624026561697,0.008169094318119742,0.48662500000000003,0.006084868527749771,,,0.0,0.0,0.0,0.0,200.0,0.0,200.0,0.0,0.0,0.0,0.0,0.0,,,0.0,0.0
diagnosis_controls,interface_conditional,synthetic,diagnosis,marginal_max | single_sensor_0 | known_law_oracle,,,,,,,,,,,,,,,,,,,,,,,,,,,,,,,3,"[11, 12, 13]",interface_conditional,,,,,,,,,,,,,,,,,,,,,,,,,,,,,,,,,,,,,,,,,,,,,,,,,,,,,,,,,,,,,,,,,,,,,,,,,,,,,,,,,0.05000000000000001,8.498374721940739e-18,200.0,0.0,7.689895496961474,0.5021001950174577,10.071033718670991,2.3032659569915754,0.06333333333333334,0.020207259421636908,0.06,0.0304138126514911,0.48662500000000003,0.006084868527749771,0.4983624026561697,0.008169094318119742,0.48662500000000003,0.006084868527749771,,,0.0,0.0,0.0,0.0,200.0,0.0,200.0,0.0,0.0,0.0,0.0,0.0,,,0.0,0.0
diagnosis_controls,interface_conditional,synthetic,diagnosis,conditional_max | single_sensor_0 | known_law_oracle,,,,,,,,,,,,,,,,,,,,,,,,,,,,,,,3,"[11, 12, 13]",interface_conditional,,,,,,,,,,,,,,,,,,,,,,,,,,,,,,,,,,,,,,,,,,,,,,,,,,,,,,,,,,,,,,,,,,,,,,,,,,,,,,,,,0.05000000000000001,8.498374721940739e-18,200.0,0.0,7.689895496961474,0.5021001950174577,10.071033718670991,2.3032659569915754,0.06333333333333334,0.020207259421636908,0.06,0.0304138126514911,0.48662500000000003,0.006084868527749771,0.4983624026561697,0.008169094318119742,0.48662500000000003,0.006084868527749771,,,0.0,0.0,0.0,0.0,200.0,0.0,200.0,0.0,0.0,0.0,0.0,0.0,,,0.0,0.0
diagnosis_controls,interface_conditional,synthetic,diagnosis,relational_max | single_sensor_0 | known_law_oracle,,,,,,,,,,,,,,,,,,,,,,,,,,,,,,,3,"[11, 12, 13]",interface_conditional,,,,,,,,,,,,,,,,,,,,,,,,,,,,,,,,,,,,,,,,,,,,,,,,,,,,,,,,,,,,,,,,,,,,,,,,,,,,,,,,,0.05000000000000001,8.498374721940739e-18,200.0,0.0,0.0,0.0,0.0,0.0,0.0,0.0,0.0,0.0,0.5,0.0,0.5,0.0,0.5,0.0,,,0.0,0.0,0.0,0.0,200.0,0.0,200.0,0.0,0.0,0.0,0.0,0.0,,,0.0,0.0
diagnosis_controls,within_capacity,synthetic,diagnosis,model,8.925174673398335e-08,3.112569821971831e-07,128.0,0.0,89.0,0.0,816.0,0.0,1033.0,0.0,6416.0,0.0,1061.3333333333333,121.15004471040584,132.66666666666666,15.14375558880073,114.66666666666667,28.93671255228094,19.693208694458008,0.45001873197061887,5.760402361551921,0.5874143410063859,19.05866813659668,0.3348862822417526,0.02,0.0,150.0,0.0,128.0,0.0,3,"[11, 12, 13]",within_capacity,,,,,,,,,,,,,,,,,,,,,,,,,,,,,,,,,,,,,,,,,,,,,,,,,,,,,,,,,,,,,,,,,,,,,,,,,,,,,,,,,,,,,,,,,,,,,,,,,,,,,,,,,,,,,,,,,,,,
diagnosis_controls,within_capacity,synthetic,diagnosis,shortcut audit,,,,,,,,,,,,,,,,,,,,,,,,,,,,,,,3,"[11, 12, 13]",within_capacity,0.48155,0.02226208941227215,0.0,0.0,400.0,0.0,400.0,0.0,10.0,0.0,,,,,,,,,,,,,,,,,,,,,,,,,,,,,,,,,,,,,,,,,,,,,,,,,,,,,,,,,,,,,,,,,,,,,,,,,,,,,,,,,,,,,,,,,,,,,,,,,,,,,,,,,,
diagnosis_controls,within_capacity,synthetic,diagnosis,query full | circuit,,,,,,,,,,,,,,,,,,,,,,,,,,,,,,,3,"[11, 12, 13]",within_capacity,,,,,,,,,,,3.973642985026042e-06,2.7530206164819037e-07,0.016394861000056455,0.0008268112627761353,0.008449111000421302,9.579459610473351e-05,400.0,0.0,4.0,0.0,4.0,0.0,4.0,0.0,3.0,0.0,1122.0,0.0,16.0,0.0,1.0,0.0,0.016322666666666666,0.0008267105499105065,448800.0,0.0,12800.0,0.0,1600.0,0.0,25600.0,0.0,0.6384674608707428,0.16994016666369569,0.9690125187238058,0.36391707050908834,0.9159797628720602,0.40641394287123633,-1.1033855676651,0.7005654383104494,1.8657031456629436,0.8824802296899665,,,,,,,,,,,,,,,,,,,,,,,,,,,,,,,,,,,,,,,,,,,,,,,,,,,,,,,,,,,,,,,,
diagnosis_controls,within_capacity,synthetic,diagnosis,known-law error full | circuit,,,,,,,,,,,,,,,,,,,,,,,,,,,,,,,3,"[11, 12, 13]",within_capacity,,,,,,,,,,,,,,,,,,,,,,,,,,,,,,,,,,,,,,,,,,,,,,,,,,,,,0.7827552751993186,0.11609273448994228,3.184203932309499,0.17142744118009606,46.23845154317704,12.599777843339702,0.3647595171675433,0.09859391574381662,0.14045670543433617,0.014712687906326148,0.3835224229030765,0.030012474127939753,5.4659256772745275,2.3303775675800344,0.9486978501190854,0.0021151906569720396,0.6422985556088793,0.12066970422549637,3.0925849248610917,0.15259216463272376,46.80526395614893,11.862406620852619,0.3655714562811892,0.10379000888037372,-1.9963149476857538,0.2928218016561037,6.7758432454163255,0.46547508755765254,,,,,,,,,,,,,,,,,,,,,,,,,,,,,,,,,,,,
diagnosis_controls,within_capacity,synthetic,diagnosis,joint | full | circuit,,,,,,,,,,,,,,,,,,,,,,,,,,,,,,,3,"[11, 12, 13]",within_capacity,,,,,,,,,,,,,,,,,,,,,,,,,,,,,,,,,,,,,,,,,,,,,,,,,,,,,,,,,,,,,,,,,,,,,,,,,,,,,,,,,0.05000000000000001,8.498374721940739e-18,200.0,0.0,30.113640467325848,2.9481480230909582,44.76345952351888,11.417518419841088,0.06166666666666667,0.059231185479722864,0.05333333333333334,0.04310839052125855,0.5595333333333333,0.0284262459416176,0.5258396764534731,0.020648549135642767,0.5595333333333333,0.0284262459416176,0.5970833333333333,0.0429934588047997,200.0,0.0,0.0,0.0,0.0,0.0,0.0,0.0,200.0,0.0,189.33333333333334,8.621678104251709,0.3833333333333333,0.05619905100029121,0.015,0.01
diagnosis_controls,within_capacity,synthetic,diagnosis,independent | full | circuit,,,,,,,,,,,,,,,,,,,,,,,,,,,,,,,3,"[11, 12, 13]",within_capacity,,,,,,,,,,,,,,,,,,,,,,,,,,,,,,,,,,,,,,,,,,,,,,,,,,,,,,,,,,,,,,,,,,,,,,,,,,,,,,,,,0.05000000000000001,8.498374721940739e-18,200.0,0.0,31.336901982625324,3.664020932037946,45.71943791707357,10.156476658447957,0.07166666666666667,0.07285830998131465,0.04666666666666666,0.05107184482014854,0.52175,0.002578274616870742,0.4947124400985201,0.002079937293747162,0.52175,0.002578274616870742,0.5409722222222222,0.0024056261216234324,200.0,0.0,0.0,0.0,0.0,0.0,0.0,0.0,200.0,0.0,190.66666666666666,10.214368964029708,0.31666666666666665,0.012583057392117928,0.005,0.008660254037844387
diagnosis_controls,within_capacity,synthetic,diagnosis,marginal_max | full | circuit,,,,,,,,,,,,,,,,,,,,,,,,,,,,,,,3,"[11, 12, 13]",within_capacity,,,,,,,,,,,,,,,,,,,,,,,,,,,,,,,,,,,,,,,,,,,,,,,,,,,,,,,,,,,,,,,,,,,,,,,,,,,,,,,,,0.05000000000000001,8.498374721940739e-18,200.0,0.0,9.969900449117025,1.119942044034021,16.421712239583332,1.1496519572911188,0.049999999999999996,0.04092676385936225,0.06666666666666667,0.05838093296045665,0.5678208333333333,0.008280816812569506,0.5453715544098866,0.002872112971334259,0.5678208333333333,0.008280816812569506,0.5409722222222222,0.0024056261216234324,200.0,0.0,0.0,0.0,0.0,0.0,0.0,0.0,200.0,0.0,186.66666666666666,11.67618659209133,0.31666666666666665,0.012583057392117928,0.021666666666666667,0.01755942292142123
diagnosis_controls,within_capacity,synthetic,diagnosis,conditional_max | full | circuit,,,,,,,,,,,,,,,,,,,,,,,,,,,,,,,3,"[11, 12, 13]",within_capacity,,,,,,,,,,,,,,,,,,,,,,,,,,,,,,,,,,,,,,,,,,,,,,,,,,,,,,,,,,,,,,,,,,,,,,,,,,,,,,,,,0.05000000000000001,8.498374721940739e-18,200.0,0.0,9.714342753092447,1.1344978289764354,15.69581158955892,1.183600235161431,0.041666666666666664,0.03403429642777023,0.08666666666666667,0.03547299442298794,0.6212166666666666,0.03186966703753485,0.6093644153885495,0.039725675179234296,0.6212166666666666,0.03186966703753485,0.5970833333333333,0.0429934588047997,200.0,0.0,0.0,0.0,0.0,0.0,0.0,0.0,200.0,0.0,182.66666666666666,7.094598884597588,0.3833333333333333,0.05619905100029121,0.04833333333333333,0.005773502691896259
diagnosis_controls,within_capacity,synthetic,diagnosis,relational_max | full | circuit,,,,,,,,,,,,,,,,,,,,,,,,,,,,,,,3,"[11, 12, 13]",within_capacity,,,,,,,,,,,,,,,,,,,,,,,,,,,,,,,,,,,,,,,,,,,,,,,,,,,,,,,,,,,,,,,,,,,,,,,,,,,,,,,,,0.05000000000000001,8.498374721940739e-18,200.0,0.0,1.1617708206176758,0.6006775443268823,5.2237497965494795,2.44876340712658,0.056666666666666664,0.01607275126832159,0.23666666666666666,0.08401388774085708,0.6588375000000001,0.05530776815918357,0.6827041378770297,0.06285024910776844,0.6588375000000001,0.05530776815918357,0.6538888888888889,0.06518714156891622,200.0,0.0,0.0,0.0,0.0,0.0,102.66666666666667,100.10660983837847,97.33333333333333,100.10660983837847,68.33333333333333,69.00966115938647,0.45054347826086955,0.17600810096926017,0.09499999999999999,0.12379418403139947
diagnosis_controls,within_capacity,synthetic,diagnosis,query full | known_law_oracle,,,,,,,,,,,,,,,,,,,,,,,,,,,,,,,3,"[11, 12, 13]",within_capacity,,,,,,,,,,,0.0,0.0,0.001645666667172918,5.4083692630024404e-05,0.0014419306668666347,2.0761079454253334e-05,400.0,0.0,4.0,0.0,4.0,0.0,4.0,0.0,5.0,0.0,0.0,0.0,0.0,0.0,1.0,0.0,0.0,0.0,0.0,0.0,0.0,0.0,1600.0,0.0,0.0,0.0,7.458060888417314,0.25529820977805073,7.487742644178159,0.25596136975985045,4.29311638370771,0.41949207003236205,1.7165980586251164,0.2537650127276923,15.199188680483672,0.48829298369248797,,,,,,,,,,,,,,,,,,,,,,,,,,,,,,,,,,,,,,,,,,,,,,,,,,,,,,,,,,,,,,,,
diagnosis_controls,within_capacity,synthetic,diagnosis,known-law error full | known_law_oracle,,,,,,,,,,,,,,,,,,,,,,,,,,,,,,,3,"[11, 12, 13]",within_capacity,,,,,,,,,,,,,,,,,,,,,,,,,,,,,,,,,,,,,,,,,,,,,,,,,,,,,0.0,0.0,0.0,0.0,0.0,0.0,1.0,1.5700924586837752e-16,0.0,0.0,0.0,0.0,0.0,0.0,1.0,7.850462293418876e-17,0.0,0.0,0.0,0.0,0.0,0.0,0.9999999999999999,1.1102230246251565e-16,0.0,0.0,0.0,0.0,,,,,,,,,,,,,,,,,,,,,,,,,,,,,,,,,,,,
diagnosis_controls,within_capacity,synthetic,diagnosis,joint | full | known_law_oracle,,,,,,,,,,,,,,,,,,,,,,,,,,,,,,,3,"[11, 12, 13]",within_capacity,,,,,,,,,,,,,,,,,,,,,,,,,,,,,,,,,,,,,,,,,,,,,,,,,,,,,,,,,,,,,,,,,,,,,,,,,,,,,,,,,0.05000000000000001,8.498374721940739e-18,200.0,0.0,17.91450230193044,0.8029985958891804,63.27637329993559,16.883520915475263,0.06166666666666667,0.03752776749732568,0.6849999999999999,0.03499999999999997,0.888475,0.0024337471109381866,0.9132739110151573,0.001032124340263655,0.888475,0.0024337471109381866,0.938888888888889,0.004455281925651481,200.0,0.0,0.0,0.0,0.0,0.0,0.0,0.0,200.0,0.0,63.0,7.0,0.8916666666666667,0.012583057392117928,0.6633333333333334,0.028867513459481315
diagnosis_controls,within_capacity,synthetic,diagnosis,independent | full | known_law_oracle,,,,,,,,,,,,,,,,,,,,,,,,,,,,,,,3,"[11, 12, 13]",within_capacity,,,,,,,,,,,,,,,,,,,,,,,,,,,,,,,,,,,,,,,,,,,,,,,,,,,,,,,,,,,,,,,,,,,,,,,,,,,,,,,,,0.05000000000000001,8.498374721940739e-18,200.0,0.0,30.394810637944857,1.7456559266015603,37.673969515783064,12.89465205486235,0.05000000000000001,0.03,0.03333333333333333,0.020816659994661327,0.5234166666666666,0.004127070187594757,0.4953227809589944,0.004301656105251656,0.5234166666666666,0.004127070187594757,0.5505555555555555,0.020165690977315714,200.0,0.0,0.0,0.0,0.0,0.0,0.0,0.0,200.0,0.0,193.33333333333334,4.163331998932265,0.34,0.027838821814150105,0.0033333333333333335,0.002886751345948129
diagnosis_controls,within_capacity,synthetic,diagnosis,marginal_max | full | known_law_oracle,,,,,,,,,,,,,,,,,,,,,,,,,,,,,,,3,"[11, 12, 13]",within_capacity,,,,,,,,,,,,,,,,,,,,,,,,,,,,,,,,,,,,,,,,,,,,,,,,,,,,,,,,,,,,,,,,,,,,,,,,,,,,,,,,,0.05000000000000001,8.498374721940739e-18,200.0,0.0,9.192884101667678,0.7963954592303953,11.261155906764195,2.2620011769434365,0.055,0.030000000000000002,0.06666666666666667,0.05131601439446884,0.5722833333333334,0.003110122920936335,0.5452595549502569,0.009046311259488038,0.5722833333333334,0.003110122920936335,0.5505555555555555,0.020165690977315714,200.0,0.0,0.0,0.0,0.0,0.0,0.0,0.0,200.0,0.0,186.66666666666666,10.263202878893768,0.34,0.027838821814150105,0.021666666666666667,0.018929694486000914
diagnosis_controls,within_capacity,synthetic,diagnosis,conditional_max | full | known_law_oracle,,,,,,,,,,,,,,,,,,,,,,,,,,,,,,,3,"[11, 12, 13]",within_capacity,,,,,,,,,,,,,,,,,,,,,,,,,,,,,,,,,,,,,,,,,,,,,,,,,,,,,,,,,,,,,,,,,,,,,,,,,,,,,,,,,0.05000000000000001,8.498374721940739e-18,200.0,0.0,6.570335063123905,0.3806081608724651,56.5530306920135,14.130245034599612,0.055,0.013228756555322957,0.7683333333333332,0.02466441431158126,0.9254000000000001,0.00731368580129059,0.9409425870159445,0.006300026681139945,0.9254000000000001,0.00731368580129059,0.938888888888889,0.004455281925651481,200.0,0.0,0.0,0.0,0.0,0.0,0.0,0.0,200.0,0.0,46.333333333333336,4.932882862316248,0.8916666666666667,0.012583057392117928,0.745,0.02291287847477922
diagnosis_controls,within_capacity,synthetic,diagnosis,relational_max | full | known_law_oracle,,,,,,,,,,,,,,,,,,,,,,,,,,,,,,,3,"[11, 12, 13]",within_capacity,,,,,,,,,,,,,,,,,,,,,,,,,,,,,,,,,,,,,,,,,,,,,,,,,,,,,,,,,,,,,,,,,,,,,,,,,,,,,,,,,0.05000000000000001,8.498374721940739e-18,200.0,0.0,1.607312492223131,0.46954375487359784,58.44267898830007,15.161917675638659,0.05000000000000001,0.020000000000000004,0.7966666666666667,0.057951128835712365,0.9431249999999999,0.012824561396008816,0.9551837990249066,0.009499754655342517,0.9431249999999999,0.012824561396008816,0.9362499999999999,0.010316182002616494,200.0,0.0,0.0,0.0,0.0,0.0,0.0,0.0,200.0,0.0,40.666666666666664,11.590225767142474,0.8883333333333333,0.023094010767585053,0.7733333333333333,0.060069404303133664
diagnosis_controls,within_capacity,synthetic,diagnosis,query random1:0 | circuit,,,,,,,,,,,,,,,,,,,,,,,,,,,,,,,3,"[11, 12, 13]",within_capacity,,,,,,,,,,,3.0199686686197915e-06,2.753020616481904e-07,0.015947583334006293,0.0006093971551962074,0.008320847332167128,6.501358886387374e-05,400.0,0.0,3.0,0.0,3.0,0.0,3.0,0.0,3.0,0.0,1122.0,0.0,16.0,0.0,1.0,0.0,0.015874,0.0006092199931059386,448800.0,0.0,12800.0,0.0,1600.0,0.0,25600.0,0.0,0.42895835638046265,0.11362301288186931,0.7021487355232239,0.22680951657806458,0.6776049733161926,0.23458669022454545,-0.8976130286852518,0.3732219596565035,1.2710867722829182,0.5216280623590916,,,,,,,,,,,,,,,,,,,,,,,,,,,,,,,,,,,,,,,,,,,,,,,,,,,,,,,,,,,,,,,,
diagnosis_controls,within_capacity,synthetic,diagnosis,known-law error random1:0 | circuit,,,,,,,,,,,,,,,,,,,,,,,,,,,,,,,3,"[11, 12, 13]",within_capacity,,,,,,,,,,,,,,,,,,,,,,,,,,,,,,,,,,,,,,,,,,,,,,,,,,,,,2.4165037130522795,0.14884735849380568,2.571773263843634,0.11441589642689791,13.426708382213969,4.926463604366461,0.2838869802683877,0.06870373584069624,0.14186032415626956,0.02805356925747174,0.38944564203603393,0.045401964121268595,3.735960827481636,2.129245577182531,0.948497711180709,0.005490580981177021,2.274643387836372,0.12974860728562196,2.4389459944793708,0.08784996229406103,10.439942279692481,2.6820482699265478,0.2508929208791868,0.06470656403937806,-4.6239395586483445,0.3408178277759491,4.701065281200589,0.28389665590552,,,,,,,,,,,,,,,,,,,,,,,,,,,,,,,,,,,,
diagnosis_controls,within_capacity,synthetic,diagnosis,joint | random1:0 | circuit,,,,,,,,,,,,,,,,,,,,,,,,,,,,,,,3,"[11, 12, 13]",within_capacity,,,,,,,,,,,,,,,,,,,,,,,,,,,,,,,,,,,,,,,,,,,,,,,,,,,,,,,,,,,,,,,,,,,,,,,,,,,,,,,,,0.05000000000000001,8.498374721940739e-18,200.0,0.0,23.296844482421875,1.9560333586246805,34.476572036743164,11.505828050361426,0.051666666666666666,0.043684474740270526,0.051666666666666666,0.043684474740270526,0.5,0.0,0.5,0.0,0.5,0.0,,,0.0,0.0,200.0,0.0,0.0,0.0,0.0,0.0,0.0,0.0,0.0,0.0,,,0.0,0.0
diagnosis_controls,within_capacity,synthetic,diagnosis,independent | random1:0 | circuit,,,,,,,,,,,,,,,,,,,,,,,,,,,,,,,3,"[11, 12, 13]",within_capacity,,,,,,,,,,,,,,,,,,,,,,,,,,,,,,,,,,,,,,,,,,,,,,,,,,,,,,,,,,,,,,,,,,,,,,,,,,,,,,,,,0.05000000000000001,8.498374721940739e-18,200.0,0.0,24.060174306233723,2.502148774041305,35.30060895284017,11.091881813117913,0.049999999999999996,0.05678908345800274,0.049999999999999996,0.05678908345800274,0.5,0.0,0.5,0.0,0.5,0.0,,,0.0,0.0,200.0,0.0,0.0,0.0,0.0,0.0,0.0,0.0,0.0,0.0,,,0.0,0.0
diagnosis_controls,within_capacity,synthetic,diagnosis,marginal_max | random1:0 | circuit,,,,,,,,,,,,,,,,,,,,,,,,,,,,,,,3,"[11, 12, 13]",within_capacity,,,,,,,,,,,,,,,,,,,,,,,,,,,,,,,,,,,,,,,,,,,,,,,,,,,,,,,,,,,,,,,,,,,,,,,,,,,,,,,,,0.05000000000000001,8.498374721940739e-18,200.0,0.0,9.716257731119791,1.2294381748157948,14.393083572387695,4.280620524741275,0.06,0.055677643628300216,0.06,0.055677643628300216,0.5,0.0,0.5,0.0,0.5,0.0,,,0.0,0.0,200.0,0.0,0.0,0.0,0.0,0.0,0.0,0.0,0.0,0.0,,,0.0,0.0
diagnosis_controls,within_capacity,synthetic,diagnosis,conditional_max | random1:0 | circuit,,,,,,,,,,,,,,,,,,,,,,,,,,,,,,,3,"[11, 12, 13]",within_capacity,,,,,,,,,,,,,,,,,,,,,,,,,,,,,,,,,,,,,,,,,,,,,,,,,,,,,,,,,,,,,,,,,,,,,,,,,,,,,,,,,0.05000000000000001,8.498374721940739e-18,200.0,0.0,9.386951128641764,1.1530855486600748,13.663805643717447,4.18955937335824,0.05833333333333334,0.05008326400438907,0.05833333333333334,0.05008326400438907,0.5,0.0,0.5,0.0,0.5,0.0,,,0.0,0.0,200.0,0.0,0.0,0.0,0.0,0.0,0.0,0.0,0.0,0.0,,,0.0,0.0
diagnosis_controls,within_capacity,synthetic,diagnosis,relational_max | random1:0 | circuit,,,,,,,,,,,,,,,,,,,,,,,,,,,,,,,3,"[11, 12, 13]",within_capacity,,,,,,,,,,,,,,,,,,,,,,,,,,,,,,,,,,,,,,,,,,,,,,,,,,,,,,,,,,,,,,,,,,,,,,,,,,,,,,,,,0.05000000000000001,8.498374721940739e-18,200.0,0.0,0.9329319000244141,0.35950964768955457,2.585817019144694,1.0112952258069827,0.056666666666666664,0.020207259421636897,0.056666666666666664,0.020207259421636897,0.5,0.0,0.5,0.0,0.5,0.0,,,0.0,0.0,200.0,0.0,0.0,0.0,0.0,0.0,0.0,0.0,0.0,0.0,,,0.0,0.0
diagnosis_controls,within_capacity,synthetic,diagnosis,query random1:0 | known_law_oracle,,,,,,,,,,,,,,,,,,,,,,,,,,,,,,,3,"[11, 12, 13]",within_capacity,,,,,,,,,,,0.0,0.0,0.0012359306662498664,2.703412949390907e-05,0.0011024303336550172,2.2856334387100013e-05,400.0,0.0,3.0,0.0,3.0,0.0,3.0,0.0,4.0,0.0,0.0,0.0,0.0,0.0,1.0,0.0,0.0,0.0,0.0,0.0,0.0,0.0,1600.0,0.0,0.0,0.0,4.627316966401856,0.16307299118556964,4.712017089467656,0.11676318793947561,3.026830896452991,0.2586339937212524,0.4658740226593728,0.3384785170764952,9.77032003486938,0.6432838298811988,,,,,,,,,,,,,,,,,,,,,,,,,,,,,,,,,,,,,,,,,,,,,,,,,,,,,,,,,,,,,,,,
diagnosis_controls,within_capacity,synthetic,diagnosis,known-law error random1:0 | known_law_oracle,,,,,,,,,,,,,,,,,,,,,,,,,,,,,,,3,"[11, 12, 13]",within_capacity,,,,,,,,,,,,,,,,,,,,,,,,,,,,,,,,,,,,,,,,,,,,,,,,,,,,,0.0,0.0,0.0,0.0,0.0,0.0,1.0,1.1102230246251565e-16,0.0,0.0,0.0,0.0,0.0,0.0,1.0,0.0,0.0,0.0,0.0,0.0,0.0,0.0,1.0,0.0,0.0,0.0,0.0,0.0,,,,,,,,,,,,,,,,,,,,,,,,,,,,,,,,,,,,
diagnosis_controls,within_capacity,synthetic,diagnosis,joint | random1:0 | known_law_oracle,,,,,,,,,,,,,,,,,,,,,,,,,,,,,,,3,"[11, 12, 13]",within_capacity,,,,,,,,,,,,,,,,,,,,,,,,,,,,,,,,,,,,,,,,,,,,,,,,,,,,,,,,,,,,,,,,,,,,,,,,,,,,,,,,,0.05000000000000001,8.498374721940739e-18,200.0,0.0,14.935343620961225,0.6200248163381805,13.974248921396907,2.140536873776643,0.056666666666666664,0.02254624876411447,0.056666666666666664,0.02254624876411447,0.5,0.0,0.5,0.0,0.5,0.0,,,0.0,0.0,200.0,0.0,0.0,0.0,0.0,0.0,0.0,0.0,0.0,0.0,,,0.0,0.0
diagnosis_controls,within_capacity,synthetic,diagnosis,independent | random1:0 | known_law_oracle,,,,,,,,,,,,,,,,,,,,,,,,,,,,,,,3,"[11, 12, 13]",within_capacity,,,,,,,,,,,,,,,,,,,,,,,,,,,,,,,,,,,,,,,,,,,,,,,,,,,,,,,,,,,,,,,,,,,,,,,,,,,,,,,,,0.05000000000000001,8.498374721940739e-18,200.0,0.0,23.064225268769338,1.4580430040976473,29.455796539991923,8.71210378294894,0.049999999999999996,0.04272001872658766,0.049999999999999996,0.04272001872658766,0.5,0.0,0.5,0.0,0.5,0.0,,,0.0,0.0,200.0,0.0,0.0,0.0,0.0,0.0,0.0,0.0,0.0,0.0,,,0.0,0.0
diagnosis_controls,within_capacity,synthetic,diagnosis,marginal_max | random1:0 | known_law_oracle,,,,,,,,,,,,,,,,,,,,,,,,,,,,,,,3,"[11, 12, 13]",within_capacity,,,,,,,,,,,,,,,,,,,,,,,,,,,,,,,,,,,,,,,,,,,,,,,,,,,,,,,,,,,,,,,,,,,,,,,,,,,,,,,,,0.05000000000000001,8.498374721940739e-18,200.0,0.0,8.867459059957293,0.8315980696454699,10.961353536093142,2.848882890820819,0.06333333333333334,0.04856267428111155,0.06333333333333334,0.04856267428111155,0.5,0.0,0.5,0.0,0.5,0.0,,,0.0,0.0,200.0,0.0,0.0,0.0,0.0,0.0,0.0,0.0,0.0,0.0,,,0.0,0.0
diagnosis_controls,within_capacity,synthetic,diagnosis,conditional_max | random1:0 | known_law_oracle,,,,,,,,,,,,,,,,,,,,,,,,,,,,,,,3,"[11, 12, 13]",within_capacity,,,,,,,,,,,,,,,,,,,,,,,,,,,,,,,,,,,,,,,,,,,,,,,,,,,,,,,,,,,,,,,,,,,,,,,,,,,,,,,,,0.05000000000000001,8.498374721940739e-18,200.0,0.0,6.471471241677171,0.48829282531222534,8.361070651078274,1.3635006876038969,0.045000000000000005,0.013228756555322954,0.045000000000000005,0.013228756555322954,0.5,0.0,0.5,0.0,0.5,0.0,,,0.0,0.0,200.0,0.0,0.0,0.0,0.0,0.0,0.0,0.0,0.0,0.0,,,0.0,0.0
diagnosis_controls,within_capacity,synthetic,diagnosis,relational_max | random1:0 | known_law_oracle,,,,,,,,,,,,,,,,,,,,,,,,,,,,,,,3,"[11, 12, 13]",within_capacity,,,,,,,,,,,,,,,,,,,,,,,,,,,,,,,,,,,,,,,,,,,,,,,,,,,,,,,,,,,,,,,,,,,,,,,,,,,,,,,,,0.05000000000000001,8.498374721940739e-18,200.0,0.0,1.4754989400425194,0.4936331413940235,13.103990108532907,2.5043772474858463,0.05000000000000001,0.020000000000000004,0.05000000000000001,0.020000000000000004,0.5,0.0,0.5,0.0,0.5,0.0,,,0.0,0.0,200.0,0.0,0.0,0.0,0.0,0.0,0.0,0.0,0.0,0.0,,,0.0,0.0
diagnosis_controls,within_capacity,synthetic,diagnosis,query random2:1-2 | circuit,,,,,,,,,,,,,,,,,,,,,,,,,,,,,,,3,"[11, 12, 13]",within_capacity,,,,,,,,,,,2.2252400716145835e-06,5.506041232963808e-07,0.016024916668053873,0.0010268581483920695,0.008350250000754992,0.00010529964719675667,400.0,0.0,2.0,0.0,2.0,0.0,2.0,0.0,3.0,0.0,1122.0,0.0,16.0,0.0,1.0,0.0,0.015952,0.001026246071856063,448800.0,0.0,12800.0,0.0,1600.0,0.0,25600.0,0.0,0.06114183564962635,0.10592210561213873,0.16744257609131333,0.2899390526428793,0.20824867176770567,0.36060097020396376,-0.39674795468818047,0.6870578266630064,0.31262110074264154,0.5413819329444084,,,,,,,,,,,,,,,,,,,,,,,,,,,,,,,,,,,,,,,,,,,,,,,,,,,,,,,,,,,,,,,,
diagnosis_controls,within_capacity,synthetic,diagnosis,known-law error random2:1-2 | circuit,,,,,,,,,,,,,,,,,,,,,,,,,,,,,,,3,"[11, 12, 13]",within_capacity,,,,,,,,,,,,,,,,,,,,,,,,,,,,,,,,,,,,,,,,,,,,,,,,,,,,,-1.2718490506528937,0.24313784336069522,3.801076724522519,0.39796088734440194,27.966312010665344,8.082389419084516,0.42549631117235515,0.09613525702460558,0.13231006520060748,0.001089776951554759,0.3771706006209771,0.030507610495212487,4.267957967777773,2.696713019394893,0.9517714186491503,0.00046999676294279307,-1.4041590967800144,0.24302396389737416,3.776766525508473,0.38841513234775515,28.1102084712798,7.726804836582257,0.07250966541974663,0.3298136628519951,1.13953903571887,0.24325636905358067,3.830574893035672,0.4040406017064078,,,,,,,,,,,,,,,,,,,,,,,,,,,,,,,,,,,,
diagnosis_controls,within_capacity,synthetic,diagnosis,joint | random2:1-2 | circuit,,,,,,,,,,,,,,,,,,,,,,,,,,,,,,,3,"[11, 12, 13]",within_capacity,,,,,,,,,,,,,,,,,,,,,,,,,,,,,,,,,,,,,,,,,,,,,,,,,,,,,,,,,,,,,,,,,,,,,,,,,,,,,,,,,0.05000000000000001,8.498374721940739e-18,200.0,0.0,15.327500661214193,1.100813919154624,23.73732058207194,4.237727015219313,0.06999999999999999,0.04924428900898052,0.05833333333333333,0.01755942292142123,0.5441666666666667,0.045636432357638736,0.5160839960498119,0.03764320858624864,0.5441666666666667,0.045636432357638736,0.7391666666666667,0.008036375634160814,200.0,0.0,0.0,0.0,0.0,0.0,0.0,0.0,200.0,0.0,188.33333333333334,3.5118845842842465,0.47833333333333333,0.016072751268321573,0.03,0.008660254037844387
diagnosis_controls,within_capacity,synthetic,diagnosis,independent | random2:1-2 | circuit,,,,,,,,,,,,,,,,,,,,,,,,,,,,,,,3,"[11, 12, 13]",within_capacity,,,,,,,,,,,,,,,,,,,,,,,,,,,,,,,,,,,,,,,,,,,,,,,,,,,,,,,,,,,,,,,,,,,,,,,,,,,,,,,,,0.05000000000000001,8.498374721940739e-18,200.0,0.0,15.327013651529947,1.1004133266937866,24.026806513468426,4.1345648278616425,0.07166666666666667,0.04725815626252608,0.049999999999999996,0.03122498999199199,0.5222333333333333,0.00801679227205825,0.49500941903067996,0.0027350199750711297,0.5222333333333333,0.00801679227205825,0.7391666666666667,0.008036375634160814,200.0,0.0,0.0,0.0,0.0,0.0,0.0,0.0,200.0,0.0,190.0,6.244997998398398,0.47833333333333333,0.016072751268321573,0.025000000000000005,0.015
diagnosis_controls,within_capacity,synthetic,diagnosis,marginal_max | random2:1-2 | circuit,,,,,,,,,,,,,,,,,,,,,,,,,,,,,,,3,"[11, 12, 13]",within_capacity,,,,,,,,,,,,,,,,,,,,,,,,,,,,,,,,,,,,,,,,,,,,,,,,,,,,,,,,,,,,,,,,,,,,,,,,,,,,,,,,,0.05000000000000001,8.498374721940739e-18,200.0,0.0,8.852400143941244,0.4308843968337942,14.517271359761557,2.733328444762086,0.056666666666666664,0.01755942292142123,0.08,0.027838821814150108,0.5611083333333333,0.011949309167618605,0.5432716223805135,0.0072252470328319,0.5611083333333333,0.011949309167618605,0.7391666666666667,0.008036375634160814,200.0,0.0,0.0,0.0,0.0,0.0,0.0,0.0,200.0,0.0,184.0,5.5677643628300215,0.47833333333333333,0.016072751268321573,0.03833333333333334,0.012583057392117916
diagnosis_controls,within_capacity,synthetic,diagnosis,conditional_max | random2:1-2 | circuit,,,,,,,,,,,,,,,,,,,,,,,,,,,,,,,3,"[11, 12, 13]",within_capacity,,,,,,,,,,,,,,,,,,,,,,,,,,,,,,,,,,,,,,,,,,,,,,,,,,,,,,,,,,,,,,,,,,,,,,,,,,,,,,,,,0.05000000000000001,8.498374721940739e-18,200.0,0.0,8.901397387186686,0.49309506776342177,14.285399754842123,2.5302584318253905,0.05833333333333333,0.015275252316519465,0.09500000000000001,0.009999999999999995,0.5891541666666668,0.05939660440280518,0.5762752770223458,0.061449028657807804,0.5891541666666668,0.05939660440280518,0.7391666666666667,0.008036375634160814,200.0,0.0,0.0,0.0,0.0,0.0,0.0,0.0,200.0,0.0,181.0,2.0,0.47833333333333333,0.016072751268321573,0.043333333333333335,0.005773502691896258
diagnosis_controls,within_capacity,synthetic,diagnosis,relational_max | random2:1-2 | circuit,,,,,,,,,,,,,,,,,,,,,,,,,,,,,,,3,"[11, 12, 13]",within_capacity,,,,,,,,,,,,,,,,,,,,,,,,,,,,,,,,,,,,,,,,,,,,,,,,,,,,,,,,,,,,,,,,,,,,,,,,,,,,,,,,,0.05000000000000001,8.498374721940739e-18,200.0,0.0,0.23329925537109375,0.40391603494059325,1.878888448079427,3.2536563341403113,0.049999999999999996,0.034999999999999996,0.125,0.16116761461286197,0.5401416666666666,0.13421707250600917,0.561032592662738,0.13427961581236647,0.5401416666666666,0.13421707250600917,0.6291666666666667,0.04389855730355309,200.0,0.0,0.0,0.0,0.0,0.0,200.0,0.0,0.0,0.0,0.0,0.0,,,0.0,0.0
diagnosis_controls,within_capacity,synthetic,diagnosis,query random2:1-2 | known_law_oracle,,,,,,,,,,,,,,,,,,,,,,,,,,,,,,,3,"[11, 12, 13]",within_capacity,,,,,,,,,,,0.0,0.0,0.0009077083329126859,4.3130180164265914e-05,0.0008218473327967027,4.763868088912934e-06,400.0,0.0,2.0,0.0,2.0,0.0,2.0,0.0,3.0,0.0,0.0,0.0,0.0,0.0,1.0,0.0,0.0,0.0,0.0,0.0,0.0,0.0,1600.0,0.0,0.0,0.0,2.096357563588452,0.09964891895981108,2.26804549120613,0.10914603308982343,1.6751941333155622,0.08785377155676298,-0.6576425075661821,0.10805273258978587,4.734415882802904,0.050446721985513074,,,,,,,,,,,,,,,,,,,,,,,,,,,,,,,,,,,,,,,,,,,,,,,,,,,,,,,,,,,,,,,,
diagnosis_controls,within_capacity,synthetic,diagnosis,known-law error random2:1-2 | known_law_oracle,,,,,,,,,,,,,,,,,,,,,,,,,,,,,,,3,"[11, 12, 13]",within_capacity,,,,,,,,,,,,,,,,,,,,,,,,,,,,,,,,,,,,,,,,,,,,,,,,,,,,,0.0,0.0,0.0,0.0,0.0,0.0,1.0,1.1102230246251565e-16,0.0,0.0,0.0,0.0,0.0,0.0,1.0,0.0,0.0,0.0,0.0,0.0,0.0,0.0,0.9999999999999999,1.1102230246251565e-16,0.0,0.0,0.0,0.0,,,,,,,,,,,,,,,,,,,,,,,,,,,,,,,,,,,,
diagnosis_controls,within_capacity,synthetic,diagnosis,joint | random2:1-2 | known_law_oracle,,,,,,,,,,,,,,,,,,,,,,,,,,,,,,,3,"[11, 12, 13]",within_capacity,,,,,,,,,,,,,,,,,,,,,,,,,,,,,,,,,,,,,,,,,,,,,,,,,,,,,,,,,,,,,,,,,,,,,,,,,,,,,,,,,0.05000000000000001,8.498374721940739e-18,200.0,0.0,11.544140844757928,0.29233015485814934,39.95401375908924,9.089835744996352,0.06833333333333334,0.01527525231651947,0.6133333333333333,0.033291640592397,0.8479749999999999,0.01524223162794738,0.879711434295874,0.008830852631302356,0.8479749999999999,0.01524223162794738,0.7391666666666667,0.015275252316519432,200.0,0.0,0.0,0.0,0.0,0.0,0.0,0.0,200.0,0.0,77.33333333333333,6.6583281184793925,0.47833333333333333,0.03055050463303893,0.3,0.03905124837953324
diagnosis_controls,within_capacity,synthetic,diagnosis,independent | random2:1-2 | known_law_oracle,,,,,,,,,,,,,,,,,,,,,,,,,,,,,,,3,"[11, 12, 13]",within_capacity,,,,,,,,,,,,,,,,,,,,,,,,,,,,,,,,,,,,,,,,,,,,,,,,,,,,,,,,,,,,,,,,,,,,,,,,,,,,,,,,,0.05000000000000001,8.498374721940739e-18,200.0,0.0,15.234903123055595,1.053006601916033,19.411344127833306,5.751342606435359,0.06166666666666667,0.03883726732577014,0.03833333333333333,0.02753785273643051,0.5248166666666666,0.0021939310229205926,0.49429167426924797,0.008234105479264342,0.5248166666666666,0.0021939310229205926,0.7391666666666667,0.015275252316519432,200.0,0.0,0.0,0.0,0.0,0.0,0.0,0.0,200.0,0.0,192.33333333333334,5.507570547286101,0.47833333333333333,0.03055050463303893,0.02,0.013228756555322952
diagnosis_controls,within_capacity,synthetic,diagnosis,marginal_max | random2:1-2 | known_law_oracle,,,,,,,,,,,,,,,,,,,,,,,,,,,,,,,3,"[11, 12, 13]",within_capacity,,,,,,,,,,,,,,,,,,,,,,,,,,,,,,,,,,,,,,,,,,,,,,,,,,,,,,,,,,,,,,,,,,,,,,,,,,,,,,,,,0.05000000000000001,8.498374721940739e-18,200.0,0.0,8.43466565713213,0.25999754209780307,10.425368004129288,2.5450730587845736,0.06333333333333334,0.011547005383792516,0.07333333333333333,0.03329164059239696,0.56655,0.011713393775930205,0.5462341318002347,0.004067795251284844,0.56655,0.011713393775930205,0.7391666666666667,0.015275252316519432,200.0,0.0,0.0,0.0,0.0,0.0,0.0,0.0,200.0,0.0,185.33333333333334,6.6583281184793925,0.47833333333333333,0.03055050463303893,0.034999999999999996,0.013228756555322952
diagnosis_controls,within_capacity,synthetic,diagnosis,conditional_max | random2:1-2 | known_law_oracle,,,,,,,,,,,,,,,,,,,,,,,,,,,,,,,3,"[11, 12, 13]",within_capacity,,,,,,,,,,,,,,,,,,,,,,,,,,,,,,,,,,,,,,,,,,,,,,,,,,,,,,,,,,,,,,,,,,,,,,,,,,,,,,,,,0.05000000000000001,8.498374721940739e-18,200.0,0.0,5.837524496781721,0.10842471013958771,37.24736777595433,9.693600535686526,0.09500000000000001,0.0050000000000000044,0.7383333333333333,0.0028867513459481316,0.8997083333333333,0.017445349189206105,0.9215935540339588,0.01225211038186652,0.8997083333333333,0.017445349189206105,0.7391666666666667,0.015275252316519432,200.0,0.0,0.0,0.0,0.0,0.0,0.0,0.0,200.0,0.0,52.333333333333336,0.5773502691896258,0.47833333333333333,0.03055050463303893,0.36166666666666664,0.02753785273643051
diagnosis_controls,within_capacity,synthetic,diagnosis,relational_max | random2:1-2 | known_law_oracle,,,,,,,,,,,,,,,,,,,,,,,,,,,,,,,3,"[11, 12, 13]",within_capacity,,,,,,,,,,,,,,,,,,,,,,,,,,,,,,,,,,,,,,,,,,,,,,,,,,,,,,,,,,,,,,,,,,,,,,,,,,,,,,,,,0.05000000000000001,8.498374721940739e-18,200.0,0.0,0.23123994314603222,0.10013022041458396,37.96105018797506,9.735287551294547,0.08166666666666667,0.01040832999733066,0.7966666666666665,0.03617089069035114,0.9314250000000001,0.014618844858606306,0.9447480208963511,0.010502674899999056,0.9314250000000001,0.014618844858606306,0.5641666666666667,0.016645820296198446,200.0,0.0,0.0,0.0,0.0,0.0,200.0,0.0,0.0,0.0,0.0,0.0,,,0.0,0.0
diagnosis_controls,within_capacity,synthetic,diagnosis,query random3:1-2-3 | circuit,,,,,,,,,,,,,,,,,,,,,,,,,,,,,,,3,"[11, 12, 13]",within_capacity,,,,,,,,,,,9.5367431640625e-07,0.0,0.015907778000837425,0.0006214494550038029,0.008314819665732406,5.895957713466039e-05,400.0,0.0,1.0,0.0,1.0,0.0,1.0,0.0,3.0,0.0,1122.0,0.0,16.0,0.0,1.0,0.0,0.015836,0.0006217049139262133,448800.0,0.0,12800.0,0.0,1600.0,0.0,25600.0,0.0,9.059905699733879e-08,8.515749346974755e-08,2.574920614506482e-07,4.8025211394510233e-08,3.6970251926504716e-07,3.69942198707691e-08,-4.76837158203125e-07,0.0,6.357828776041666e-07,2.7530206164819037e-07,,,,,,,,,,,,,,,,,,,,,,,,,,,,,,,,,,,,,,,,,,,,,,,,,,,,,,,,,,,,,,,,
diagnosis_controls,within_capacity,synthetic,diagnosis,known-law error random3:1-2-3 | circuit,,,,,,,,,,,,,,,,,,,,,,,,,,,,,,,3,"[11, 12, 13]",within_capacity,,,,,,,,,,,,,,,,,,,,,,,,,,,,,,,,,,,,,,,,,,,,,,,,,,,,,0.136245849268536,0.033651819649795495,0.36575276550420416,0.018283934725413353,4.100666571073322,2.87375809061664,0.9518160229391327,0.007369782991999644,0.136245849268536,0.033651819649795495,0.36575276550420416,0.018283934725413353,4.100666571073322,2.87375809061664,0.9518160229391327,0.007369782991999644,0.0,0.0,0.0,0.0,0.0,0.0,,,-0.1362457634378475,0.03365182977572457,0.3657527420597106,0.018283919538490866,,,,,,,,,,,,,,,,,,,,,,,,,,,,,,,,,,,,
diagnosis_controls,within_capacity,synthetic,diagnosis,joint | random3:1-2-3 | circuit,,,,,,,,,,,,,,,,,,,,,,,,,,,,,,,3,"[11, 12, 13]",within_capacity,,,,,,,,,,,,,,,,,,,,,,,,,,,,,,,,,,,,,,,,,,,,,,,,,,,,,,,,,,,,,,,,,,,,,,,,,,,,,,,,,0.05000000000000001,8.498374721940739e-18,200.0,0.0,8.187892278035482,0.820256888191162,13.106914838155111,3.7597010522962018,0.05833333333333334,0.02753785273643051,0.065,0.02598076211353316,0.48584166666666667,0.006741120703068102,0.49932132481354397,0.006062308741781528,0.48584166666666667,0.006741120703068102,,,0.0,0.0,0.0,0.0,200.0,0.0,200.0,0.0,0.0,0.0,0.0,0.0,,,0.0,0.0
diagnosis_controls,within_capacity,synthetic,diagnosis,independent | random3:1-2-3 | circuit,,,,,,,,,,,,,,,,,,,,,,,,,,,,,,,3,"[11, 12, 13]",within_capacity,,,,,,,,,,,,,,,,,,,,,,,,,,,,,,,,,,,,,,,,,,,,,,,,,,,,,,,,,,,,,,,,,,,,,,,,,,,,,,,,,0.05000000000000001,8.498374721940739e-18,200.0,0.0,8.187892278035482,0.820256888191162,13.106914520263672,3.759699615591479,0.05833333333333334,0.02753785273643051,0.065,0.02598076211353316,0.48584166666666667,0.006741120703068102,0.49932132481354397,0.006062308741781528,0.48584166666666667,0.006741120703068102,,,0.0,0.0,0.0,0.0,200.0,0.0,200.0,0.0,0.0,0.0,0.0,0.0,,,0.0,0.0
diagnosis_controls,within_capacity,synthetic,diagnosis,marginal_max | random3:1-2-3 | circuit,,,,,,,,,,,,,,,,,,,,,,,,,,,,,,,3,"[11, 12, 13]",within_capacity,,,,,,,,,,,,,,,,,,,,,,,,,,,,,,,,,,,,,,,,,,,,,,,,,,,,,,,,,,,,,,,,,,,,,,,,,,,,,,,,,0.05000000000000001,8.498374721940739e-18,200.0,0.0,8.187892278035482,0.820256888191162,13.106914520263672,3.759699615591479,0.05833333333333334,0.02753785273643051,0.065,0.02598076211353316,0.48584166666666667,0.006741120703068102,0.49932132481354397,0.006062308741781528,0.48584166666666667,0.006741120703068102,,,0.0,0.0,0.0,0.0,200.0,0.0,200.0,0.0,0.0,0.0,0.0,0.0,,,0.0,0.0
diagnosis_controls,within_capacity,synthetic,diagnosis,conditional_max | random3:1-2-3 | circuit,,,,,,,,,,,,,,,,,,,,,,,,,,,,,,,3,"[11, 12, 13]",within_capacity,,,,,,,,,,,,,,,,,,,,,,,,,,,,,,,,,,,,,,,,,,,,,,,,,,,,,,,,,,,,,,,,,,,,,,,,,,,,,,,,,0.05000000000000001,8.498374721940739e-18,200.0,0.0,8.187892278035482,0.820256888191162,13.106914520263672,3.759699615591479,0.05833333333333334,0.02753785273643051,0.065,0.02598076211353316,0.48584166666666667,0.006741120703068102,0.49932132481354397,0.006062308741781528,0.48584166666666667,0.006741120703068102,,,0.0,0.0,0.0,0.0,200.0,0.0,200.0,0.0,0.0,0.0,0.0,0.0,,,0.0,0.0
diagnosis_controls,within_capacity,synthetic,diagnosis,relational_max | random3:1-2-3 | circuit,,,,,,,,,,,,,,,,,,,,,,,,,,,,,,,3,"[11, 12, 13]",within_capacity,,,,,,,,,,,,,,,,,,,,,,,,,,,,,,,,,,,,,,,,,,,,,,,,,,,,,,,,,,,,,,,,,,,,,,,,,,,,,,,,,0.05000000000000001,8.498374721940739e-18,200.0,0.0,0.0,0.0,0.0,0.0,0.0,0.0,0.0,0.0,0.5,0.0,0.5,0.0,0.5,0.0,,,0.0,0.0,0.0,0.0,200.0,0.0,200.0,0.0,0.0,0.0,0.0,0.0,,,0.0,0.0
diagnosis_controls,within_capacity,synthetic,diagnosis,query random3:1-2-3 | known_law_oracle,,,,,,,,,,,,,,,,,,,,,,,,,,,,,,,3,"[11, 12, 13]",within_capacity,,,,,,,,,,,0.0,0.0,0.0003971526651487996,1.9334217823930817e-05,0.00039152800187972997,1.7376635470412125e-05,400.0,0.0,1.0,0.0,1.0,0.0,1.0,0.0,2.0,0.0,0.0,0.0,0.0,0.0,1.0,0.0,0.0,0.0,0.0,0.0,0.0,0.0,1600.0,0.0,0.0,0.0,0.0,0.0,0.0,0.0,0.0,0.0,0.0,0.0,0.0,0.0,,,,,,,,,,,,,,,,,,,,,,,,,,,,,,,,,,,,,,,,,,,,,,,,,,,,,,,,,,,,,,,,
diagnosis_controls,within_capacity,synthetic,diagnosis,known-law error random3:1-2-3 | known_law_oracle,,,,,,,,,,,,,,,,,,,,,,,,,,,,,,,3,"[11, 12, 13]",within_capacity,,,,,,,,,,,,,,,,,,,,,,,,,,,,,,,,,,,,,,,,,,,,,,,,,,,,,0.0,0.0,0.0,0.0,0.0,0.0,1.0,0.0,0.0,0.0,0.0,0.0,0.0,0.0,1.0,0.0,0.0,0.0,0.0,0.0,0.0,0.0,,,0.0,0.0,0.0,0.0,,,,,,,,,,,,,,,,,,,,,,,,,,,,,,,,,,,,
diagnosis_controls,within_capacity,synthetic,diagnosis,joint | random3:1-2-3 | known_law_oracle,,,,,,,,,,,,,,,,,,,,,,,,,,,,,,,3,"[11, 12, 13]",within_capacity,,,,,,,,,,,,,,,,,,,,,,,,,,,,,,,,,,,,,,,,,,,,,,,,,,,,,,,,,,,,,,,,,,,,,,,,,,,,,,,,,0.05000000000000001,8.498374721940739e-18,200.0,0.0,7.689895496961474,0.5021001950174577,10.071033718670991,2.3032659569915754,0.06333333333333334,0.020207259421636908,0.06,0.0304138126514911,0.48662500000000003,0.006084868527749771,0.4983624026561697,0.008169094318119742,0.48662500000000003,0.006084868527749771,,,0.0,0.0,0.0,0.0,200.0,0.0,200.0,0.0,0.0,0.0,0.0,0.0,,,0.0,0.0
diagnosis_controls,within_capacity,synthetic,diagnosis,independent | random3:1-2-3 | known_law_oracle,,,,,,,,,,,,,,,,,,,,,,,,,,,,,,,3,"[11, 12, 13]",within_capacity,,,,,,,,,,,,,,,,,,,,,,,,,,,,,,,,,,,,,,,,,,,,,,,,,,,,,,,,,,,,,,,,,,,,,,,,,,,,,,,,,0.05000000000000001,8.498374721940739e-18,200.0,0.0,7.689895496961474,0.5021001950174577,10.071033718670991,2.3032659569915754,0.06333333333333334,0.020207259421636908,0.06,0.0304138126514911,0.48662500000000003,0.006084868527749771,0.4983624026561697,0.008169094318119742,0.48662500000000003,0.006084868527749771,,,0.0,0.0,0.0,0.0,200.0,0.0,200.0,0.0,0.0,0.0,0.0,0.0,,,0.0,0.0
diagnosis_controls,within_capacity,synthetic,diagnosis,marginal_max | random3:1-2-3 | known_law_oracle,,,,,,,,,,,,,,,,,,,,,,,,,,,,,,,3,"[11, 12, 13]",within_capacity,,,,,,,,,,,,,,,,,,,,,,,,,,,,,,,,,,,,,,,,,,,,,,,,,,,,,,,,,,,,,,,,,,,,,,,,,,,,,,,,,0.05000000000000001,8.498374721940739e-18,200.0,0.0,7.689895496961474,0.5021001950174577,10.071033718670991,2.3032659569915754,0.06333333333333334,0.020207259421636908,0.06,0.0304138126514911,0.48662500000000003,0.006084868527749771,0.4983624026561697,0.008169094318119742,0.48662500000000003,0.006084868527749771,,,0.0,0.0,0.0,0.0,200.0,0.0,200.0,0.0,0.0,0.0,0.0,0.0,,,0.0,0.0
diagnosis_controls,within_capacity,synthetic,diagnosis,conditional_max | random3:1-2-3 | known_law_oracle,,,,,,,,,,,,,,,,,,,,,,,,,,,,,,,3,"[11, 12, 13]",within_capacity,,,,,,,,,,,,,,,,,,,,,,,,,,,,,,,,,,,,,,,,,,,,,,,,,,,,,,,,,,,,,,,,,,,,,,,,,,,,,,,,,0.05000000000000001,8.498374721940739e-18,200.0,0.0,7.689895496961474,0.5021001950174577,10.071033718670991,2.3032659569915754,0.06333333333333334,0.020207259421636908,0.06,0.0304138126514911,0.48662500000000003,0.006084868527749771,0.4983624026561697,0.008169094318119742,0.48662500000000003,0.006084868527749771,,,0.0,0.0,0.0,0.0,200.0,0.0,200.0,0.0,0.0,0.0,0.0,0.0,,,0.0,0.0
diagnosis_controls,within_capacity,synthetic,diagnosis,relational_max | random3:1-2-3 | known_law_oracle,,,,,,,,,,,,,,,,,,,,,,,,,,,,,,,3,"[11, 12, 13]",within_capacity,,,,,,,,,,,,,,,,,,,,,,,,,,,,,,,,,,,,,,,,,,,,,,,,,,,,,,,,,,,,,,,,,,,,,,,,,,,,,,,,,0.05000000000000001,8.498374721940739e-18,200.0,0.0,0.0,0.0,0.0,0.0,0.0,0.0,0.0,0.0,0.5,0.0,0.5,0.0,0.5,0.0,,,0.0,0.0,0.0,0.0,200.0,0.0,200.0,0.0,0.0,0.0,0.0,0.0,,,0.0,0.0
diagnosis_controls,within_capacity,synthetic,diagnosis,query bank0:0-1 | circuit,,,,,,,,,,,,,,,,,,,,,,,,,,,,,,,3,"[11, 12, 13]",within_capacity,,,,,,,,,,,2.0662943522135415e-06,7.283807905444844e-07,0.016005819000080617,0.0009021430871928445,0.008236722331882143,6.455923130820147e-06,400.0,0.0,2.0,0.0,2.0,0.0,2.0,0.0,3.0,0.0,1122.0,0.0,16.0,0.0,1.0,0.0,0.015931999999999998,0.0008997205121591925,448800.0,0.0,12800.0,0.0,1600.0,0.0,25600.0,0.0,0.18669827719531895,0.16495631838799402,0.3019698961575159,0.2615104571213658,0.304176238912684,0.2658087294702791,-0.4189269145329793,0.3919800462451437,0.5731119513511658,0.4997779006965538,,,,,,,,,,,,,,,,,,,,,,,,,,,,,,,,,,,,,,,,,,,,,,,,,,,,,,,,,,,,,,,,
diagnosis_controls,within_capacity,synthetic,diagnosis,known-law error bank0:0-1 | circuit,,,,,,,,,,,,,,,,,,,,,,,,,,,,,,,3,"[11, 12, 13]",within_capacity,,,,,,,,,,,,,,,,,,,,,,,,,,,,,,,,,,,,,,,,,,,,,,,,,,,,,2.0704801685257905,0.17872609273324822,2.2447974131632775,0.1348645429974566,12.639902870634964,3.7686273576778486,0.3445684425661319,0.044662419584057436,0.13912945905353727,0.02714578245720329,0.3855200629951181,0.04437504586070677,3.6037677354184354,2.22054599376627,0.9503623698766225,0.008279367046294532,1.931350689206674,0.17358710085123336,2.1096759179429614,0.14056903446770738,9.148084926643214,1.964047244581245,0.14711534427285775,0.23548314419962463,-2.2096095469143755,0.18768953460217874,2.3777654369639447,0.13508459747320636,,,,,,,,,,,,,,,,,,,,,,,,,,,,,,,,,,,,
diagnosis_controls,within_capacity,synthetic,diagnosis,joint | bank0:0-1 | circuit,,,,,,,,,,,,,,,,,,,,,,,,,,,,,,,3,"[11, 12, 13]",within_capacity,,,,,,,,,,,,,,,,,,,,,,,,,,,,,,,,,,,,,,,,,,,,,,,,,,,,,,,,,,,,,,,,,,,,,,,,,,,,,,,,,0.05000000000000001,8.498374721940739e-18,200.0,0.0,15.56832758585612,2.1065860597206165,23.543697992960613,6.225029154680589,0.07666666666666667,0.06506407098647712,0.07666666666666667,0.06506407098647712,0.5,0.0,0.5,0.0,0.5,0.0,,,0.0,0.0,200.0,0.0,0.0,0.0,0.0,0.0,0.0,0.0,0.0,0.0,,,0.0,0.0
diagnosis_controls,within_capacity,synthetic,diagnosis,independent | bank0:0-1 | circuit,,,,,,,,,,,,,,,,,,,,,,,,,,,,,,,3,"[11, 12, 13]",within_capacity,,,,,,,,,,,,,,,,,,,,,,,,,,,,,,,,,,,,,,,,,,,,,,,,,,,,,,,,,,,,,,,,,,,,,,,,,,,,,,,,,0.05000000000000001,8.498374721940739e-18,200.0,0.0,15.894796371459961,1.981414920973205,24.03479258219401,6.23082640884549,0.07333333333333335,0.060277137733417085,0.07333333333333335,0.060277137733417085,0.5,0.0,0.5,0.0,0.5,0.0,,,0.0,0.0,200.0,0.0,0.0,0.0,0.0,0.0,0.0,0.0,0.0,0.0,,,0.0,0.0
diagnosis_controls,within_capacity,synthetic,diagnosis,marginal_max | bank0:0-1 | circuit,,,,,,,,,,,,,,,,,,,,,,,,,,,,,,,3,"[11, 12, 13]",within_capacity,,,,,,,,,,,,,,,,,,,,,,,,,,,,,,,,,,,,,,,,,,,,,,,,,,,,,,,,,,,,,,,,,,,,,,,,,,,,,,,,,0.05000000000000001,8.498374721940739e-18,200.0,0.0,9.208982467651367,1.2672988003805894,14.464273770650228,4.313395111743991,0.07333333333333333,0.050579969684978396,0.07333333333333333,0.050579969684978396,0.5,0.0,0.5,0.0,0.5,0.0,,,0.0,0.0,200.0,0.0,0.0,0.0,0.0,0.0,0.0,0.0,0.0,0.0,,,0.0,0.0
diagnosis_controls,within_capacity,synthetic,diagnosis,conditional_max | bank0:0-1 | circuit,,,,,,,,,,,,,,,,,,,,,,,,,,,,,,,3,"[11, 12, 13]",within_capacity,,,,,,,,,,,,,,,,,,,,,,,,,,,,,,,,,,,,,,,,,,,,,,,,,,,,,,,,,,,,,,,,,,,,,,,,,,,,,,,,,0.05000000000000001,8.498374721940739e-18,200.0,0.0,8.781535307566324,1.0269828817346287,14.13809076944987,4.4678908990209685,0.08833333333333333,0.05686240703077327,0.08833333333333333,0.05686240703077327,0.5,0.0,0.5,0.0,0.5,0.0,,,0.0,0.0,200.0,0.0,0.0,0.0,0.0,0.0,0.0,0.0,0.0,0.0,,,0.0,0.0
diagnosis_controls,within_capacity,synthetic,diagnosis,relational_max | bank0:0-1 | circuit,,,,,,,,,,,,,,,,,,,,,,,,,,,,,,,3,"[11, 12, 13]",within_capacity,,,,,,,,,,,,,,,,,,,,,,,,,,,,,,,,,,,,,,,,,,,,,,,,,,,,,,,,,,,,,,,,,,,,,,,,,,,,,,,,,0.05000000000000001,8.498374721940739e-18,200.0,0.0,0.4225918451944987,0.3752482903577143,1.70432710647583,1.4768061303881612,0.03166666666666667,0.03013856886670854,0.03166666666666667,0.03013856886670854,0.5,0.0,0.5,0.0,0.5,0.0,,,0.0,0.0,200.0,0.0,0.0,0.0,0.0,0.0,0.0,0.0,0.0,0.0,,,0.0,0.0
diagnosis_controls,within_capacity,synthetic,diagnosis,query bank0:0-1 | known_law_oracle,,,,,,,,,,,,,,,,,,,,,,,,,,,,,,,3,"[11, 12, 13]",within_capacity,,,,,,,,,,,0.0,0.0,0.000888208667068587,4.11429160142415e-05,0.0008230829989770427,4.389381881233059e-07,400.0,0.0,2.0,0.0,2.0,0.0,2.0,0.0,3.0,0.0,0.0,0.0,0.0,0.0,1.0,0.0,0.0,0.0,0.0,0.0,0.0,0.0,1600.0,0.0,0.0,0.0,2.118048889511977,0.03141646701381385,2.28014607008394,0.029491370809877227,1.6978145196793875,0.13309930604048953,-0.7122084386461768,0.10227821996367469,5.087134179912623,0.3348361709035126,,,,,,,,,,,,,,,,,,,,,,,,,,,,,,,,,,,,,,,,,,,,,,,,,,,,,,,,,,,,,,,,
diagnosis_controls,within_capacity,synthetic,diagnosis,known-law error bank0:0-1 | known_law_oracle,,,,,,,,,,,,,,,,,,,,,,,,,,,,,,,3,"[11, 12, 13]",within_capacity,,,,,,,,,,,,,,,,,,,,,,,,,,,,,,,,,,,,,,,,,,,,,,,,,,,,,0.0,0.0,0.0,0.0,0.0,0.0,1.0,7.850462293418876e-17,0.0,0.0,0.0,0.0,0.0,0.0,1.0,7.850462293418876e-17,0.0,0.0,0.0,0.0,0.0,0.0,1.0,7.850462293418876e-17,0.0,0.0,0.0,0.0,,,,,,,,,,,,,,,,,,,,,,,,,,,,,,,,,,,,
diagnosis_controls,within_capacity,synthetic,diagnosis,joint | bank0:0-1 | known_law_oracle,,,,,,,,,,,,,,,,,,,,,,,,,,,,,,,3,"[11, 12, 13]",within_capacity,,,,,,,,,,,,,,,,,,,,,,,,,,,,,,,,,,,,,,,,,,,,,,,,,,,,,,,,,,,,,,,,,,,,,,,,,,,,,,,,,0.05000000000000001,8.498374721940739e-18,200.0,0.0,11.893229892798225,0.5687274688631019,12.178897972724068,2.250793680864722,0.06833333333333334,0.025658007197234416,0.06833333333333334,0.025658007197234416,0.5,0.0,0.5,0.0,0.5,0.0,,,0.0,0.0,200.0,0.0,0.0,0.0,0.0,0.0,0.0,0.0,0.0,0.0,,,0.0,0.0
diagnosis_controls,within_capacity,synthetic,diagnosis,independent | bank0:0-1 | known_law_oracle,,,,,,,,,,,,,,,,,,,,,,,,,,,,,,,3,"[11, 12, 13]",within_capacity,,,,,,,,,,,,,,,,,,,,,,,,,,,,,,,,,,,,,,,,,,,,,,,,,,,,,,,,,,,,,,,,,,,,,,,,,,,,,,,,,0.05000000000000001,8.498374721940739e-18,200.0,0.0,15.530203393921816,1.1097664954433233,19.581157822329033,4.553161015933234,0.056666666666666664,0.04752192476461084,0.056666666666666664,0.04752192476461084,0.5,0.0,0.5,0.0,0.5,0.0,,,0.0,0.0,200.0,0.0,0.0,0.0,0.0,0.0,0.0,0.0,0.0,0.0,,,0.0,0.0
diagnosis_controls,within_capacity,synthetic,diagnosis,marginal_max | bank0:0-1 | known_law_oracle,,,,,,,,,,,,,,,,,,,,,,,,,,,,,,,3,"[11, 12, 13]",within_capacity,,,,,,,,,,,,,,,,,,,,,,,,,,,,,,,,,,,,,,,,,,,,,,,,,,,,,,,,,,,,,,,,,,,,,,,,,,,,,,,,,0.05000000000000001,8.498374721940739e-18,200.0,0.0,8.50225676970686,0.8025616774679297,11.026607722604169,2.92788709015932,0.07166666666666667,0.05619905100029121,0.07166666666666667,0.05619905100029121,0.5,0.0,0.5,0.0,0.5,0.0,,,0.0,0.0,200.0,0.0,0.0,0.0,0.0,0.0,0.0,0.0,0.0,0.0,,,0.0,0.0
diagnosis_controls,within_capacity,synthetic,diagnosis,conditional_max | bank0:0-1 | known_law_oracle,,,,,,,,,,,,,,,,,,,,,,,,,,,,,,,3,"[11, 12, 13]",within_capacity,,,,,,,,,,,,,,,,,,,,,,,,,,,,,,,,,,,,,,,,,,,,,,,,,,,,,,,,,,,,,,,,,,,,,,,,,,,,,,,,,0.05000000000000001,8.498374721940739e-18,200.0,0.0,6.412057461380322,0.4208635318078273,7.401431090478628,1.076630163802171,0.055,0.02783882181415011,0.055,0.02783882181415011,0.5,0.0,0.5,0.0,0.5,0.0,,,0.0,0.0,200.0,0.0,0.0,0.0,0.0,0.0,0.0,0.0,0.0,0.0,,,0.0,0.0
diagnosis_controls,within_capacity,synthetic,diagnosis,relational_max | bank0:0-1 | known_law_oracle,,,,,,,,,,,,,,,,,,,,,,,,,,,,,,,3,"[11, 12, 13]",within_capacity,,,,,,,,,,,,,,,,,,,,,,,,,,,,,,,,,,,,,,,,,,,,,,,,,,,,,,,,,,,,,,,,,,,,,,,,,,,,,,,,,0.05000000000000001,8.498374721940739e-18,200.0,0.0,0.6755880722069408,0.3929988831887486,12.161940408549382,0.8837115701503796,0.05333333333333334,0.0202072594216369,0.05333333333333334,0.0202072594216369,0.5,0.0,0.5,0.0,0.5,0.0,,,0.0,0.0,200.0,0.0,0.0,0.0,0.0,0.0,0.0,0.0,0.0,0.0,,,0.0,0.0
diagnosis_controls,within_capacity,synthetic,diagnosis,query single_sensor_0 | circuit,,,,,,,,,,,,,,,,,,,,,,,,,,,,,,,3,"[11, 12, 13]",within_capacity,,,,,,,,,,,9.5367431640625e-07,0.0,0.0160847913333176,0.0009209291341397219,0.008297625000219947,2.0177455910417854e-05,400.0,0.0,1.0,0.0,1.0,0.0,1.0,0.0,3.0,0.0,1122.0,0.0,16.0,0.0,1.0,0.0,0.016013333333333334,0.0009212471619133127,448800.0,0.0,12800.0,0.0,1600.0,0.0,25600.0,0.0,9.059905699733879e-08,8.515749346974755e-08,2.574920614506482e-07,4.8025211394510233e-08,3.6970251926504716e-07,3.69942198707691e-08,-4.76837158203125e-07,0.0,6.357828776041666e-07,2.7530206164819037e-07,,,,,,,,,,,,,,,,,,,,,,,,,,,,,,,,,,,,,,,,,,,,,,,,,,,,,,,,,,,,,,,,
diagnosis_controls,within_capacity,synthetic,diagnosis,known-law error single_sensor_0 | circuit,,,,,,,,,,,,,,,,,,,,,,,,,,,,,,,3,"[11, 12, 13]",within_capacity,,,,,,,,,,,,,,,,,,,,,,,,,,,,,,,,,,,,,,,,,,,,,,,,,,,,,0.136245849268536,0.033651819649795495,0.36575276550420416,0.018283934725413353,4.100666571073322,2.87375809061664,0.9518160229391327,0.007369782991999644,0.136245849268536,0.033651819649795495,0.36575276550420416,0.018283934725413353,4.100666571073322,2.87375809061664,0.9518160229391327,0.007369782991999644,0.0,0.0,0.0,0.0,0.0,0.0,,,-0.1362457634378475,0.03365182977572457,0.3657527420597106,0.018283919538490866,,,,,,,,,,,,,,,,,,,,,,,,,,,,,,,,,,,,
diagnosis_controls,within_capacity,synthetic,diagnosis,joint | single_sensor_0 | circuit,,,,,,,,,,,,,,,,,,,,,,,,,,,,,,,3,"[11, 12, 13]",within_capacity,,,,,,,,,,,,,,,,,,,,,,,,,,,,,,,,,,,,,,,,,,,,,,,,,,,,,,,,,,,,,,,,,,,,,,,,,,,,,,,,,0.05000000000000001,8.498374721940739e-18,200.0,0.0,8.187892278035482,0.820256888191162,13.106914838155111,3.7597010522962018,0.05833333333333334,0.02753785273643051,0.065,0.02598076211353316,0.48584166666666667,0.006741120703068102,0.49932132481354397,0.006062308741781528,0.48584166666666667,0.006741120703068102,,,0.0,0.0,0.0,0.0,200.0,0.0,200.0,0.0,0.0,0.0,0.0,0.0,,,0.0,0.0
diagnosis_controls,within_capacity,synthetic,diagnosis,independent | single_sensor_0 | circuit,,,,,,,,,,,,,,,,,,,,,,,,,,,,,,,3,"[11, 12, 13]",within_capacity,,,,,,,,,,,,,,,,,,,,,,,,,,,,,,,,,,,,,,,,,,,,,,,,,,,,,,,,,,,,,,,,,,,,,,,,,,,,,,,,,0.05000000000000001,8.498374721940739e-18,200.0,0.0,8.187892278035482,0.820256888191162,13.106914520263672,3.759699615591479,0.05833333333333334,0.02753785273643051,0.065,0.02598076211353316,0.48584166666666667,0.006741120703068102,0.49932132481354397,0.006062308741781528,0.48584166666666667,0.006741120703068102,,,0.0,0.0,0.0,0.0,200.0,0.0,200.0,0.0,0.0,0.0,0.0,0.0,,,0.0,0.0
diagnosis_controls,within_capacity,synthetic,diagnosis,marginal_max | single_sensor_0 | circuit,,,,,,,,,,,,,,,,,,,,,,,,,,,,,,,3,"[11, 12, 13]",within_capacity,,,,,,,,,,,,,,,,,,,,,,,,,,,,,,,,,,,,,,,,,,,,,,,,,,,,,,,,,,,,,,,,,,,,,,,,,,,,,,,,,0.05000000000000001,8.498374721940739e-18,200.0,0.0,8.187892278035482,0.820256888191162,13.106914520263672,3.759699615591479,0.05833333333333334,0.02753785273643051,0.065,0.02598076211353316,0.48584166666666667,0.006741120703068102,0.49932132481354397,0.006062308741781528,0.48584166666666667,0.006741120703068102,,,0.0,0.0,0.0,0.0,200.0,0.0,200.0,0.0,0.0,0.0,0.0,0.0,,,0.0,0.0
diagnosis_controls,within_capacity,synthetic,diagnosis,conditional_max | single_sensor_0 | circuit,,,,,,,,,,,,,,,,,,,,,,,,,,,,,,,3,"[11, 12, 13]",within_capacity,,,,,,,,,,,,,,,,,,,,,,,,,,,,,,,,,,,,,,,,,,,,,,,,,,,,,,,,,,,,,,,,,,,,,,,,,,,,,,,,,0.05000000000000001,8.498374721940739e-18,200.0,0.0,8.187892278035482,0.820256888191162,13.106914520263672,3.759699615591479,0.05833333333333334,0.02753785273643051,0.065,0.02598076211353316,0.48584166666666667,0.006741120703068102,0.49932132481354397,0.006062308741781528,0.48584166666666667,0.006741120703068102,,,0.0,0.0,0.0,0.0,200.0,0.0,200.0,0.0,0.0,0.0,0.0,0.0,,,0.0,0.0
diagnosis_controls,within_capacity,synthetic,diagnosis,relational_max | single_sensor_0 | circuit,,,,,,,,,,,,,,,,,,,,,,,,,,,,,,,3,"[11, 12, 13]",within_capacity,,,,,,,,,,,,,,,,,,,,,,,,,,,,,,,,,,,,,,,,,,,,,,,,,,,,,,,,,,,,,,,,,,,,,,,,,,,,,,,,,0.05000000000000001,8.498374721940739e-18,200.0,0.0,0.0,0.0,0.0,0.0,0.0,0.0,0.0,0.0,0.5,0.0,0.5,0.0,0.5,0.0,,,0.0,0.0,0.0,0.0,200.0,0.0,200.0,0.0,0.0,0.0,0.0,0.0,,,0.0,0.0
diagnosis_controls,within_capacity,synthetic,diagnosis,query single_sensor_0 | known_law_oracle,,,,,,,,,,,,,,,,,,,,,,,,,,,,,,,3,"[11, 12, 13]",within_capacity,,,,,,,,,,,0.0,0.0,0.0004122220016142819,1.610300283611921e-05,0.0003888749997713603,6.229587240426971e-06,400.0,0.0,1.0,0.0,1.0,0.0,1.0,0.0,2.0,0.0,0.0,0.0,0.0,0.0,1.0,0.0,0.0,0.0,0.0,0.0,0.0,0.0,1600.0,0.0,0.0,0.0,0.0,0.0,0.0,0.0,0.0,0.0,0.0,0.0,0.0,0.0,,,,,,,,,,,,,,,,,,,,,,,,,,,,,,,,,,,,,,,,,,,,,,,,,,,,,,,,,,,,,,,,
diagnosis_controls,within_capacity,synthetic,diagnosis,known-law error single_sensor_0 | known_law_oracle,,,,,,,,,,,,,,,,,,,,,,,,,,,,,,,3,"[11, 12, 13]",within_capacity,,,,,,,,,,,,,,,,,,,,,,,,,,,,,,,,,,,,,,,,,,,,,,,,,,,,,0.0,0.0,0.0,0.0,0.0,0.0,1.0,0.0,0.0,0.0,0.0,0.0,0.0,0.0,1.0,0.0,0.0,0.0,0.0,0.0,0.0,0.0,,,0.0,0.0,0.0,0.0,,,,,,,,,,,,,,,,,,,,,,,,,,,,,,,,,,,,
diagnosis_controls,within_capacity,synthetic,diagnosis,joint | single_sensor_0 | known_law_oracle,,,,,,,,,,,,,,,,,,,,,,,,,,,,,,,3,"[11, 12, 13]",within_capacity,,,,,,,,,,,,,,,,,,,,,,,,,,,,,,,,,,,,,,,,,,,,,,,,,,,,,,,,,,,,,,,,,,,,,,,,,,,,,,,,,0.05000000000000001,8.498374721940739e-18,200.0,0.0,7.689895496961474,0.5021001950174577,10.071033718670991,2.3032659569915754,0.06333333333333334,0.020207259421636908,0.06,0.0304138126514911,0.48662500000000003,0.006084868527749771,0.4983624026561697,0.008169094318119742,0.48662500000000003,0.006084868527749771,,,0.0,0.0,0.0,0.0,200.0,0.0,200.0,0.0,0.0,0.0,0.0,0.0,,,0.0,0.0
diagnosis_controls,within_capacity,synthetic,diagnosis,independent | single_sensor_0 | known_law_oracle,,,,,,,,,,,,,,,,,,,,,,,,,,,,,,,3,"[11, 12, 13]",within_capacity,,,,,,,,,,,,,,,,,,,,,,,,,,,,,,,,,,,,,,,,,,,,,,,,,,,,,,,,,,,,,,,,,,,,,,,,,,,,,,,,,0.05000000000000001,8.498374721940739e-18,200.0,0.0,7.689895496961474,0.5021001950174577,10.071033718670991,2.3032659569915754,0.06333333333333334,0.020207259421636908,0.06,0.0304138126514911,0.48662500000000003,0.006084868527749771,0.4983624026561697,0.008169094318119742,0.48662500000000003,0.006084868527749771,,,0.0,0.0,0.0,0.0,200.0,0.0,200.0,0.0,0.0,0.0,0.0,0.0,,,0.0,0.0
diagnosis_controls,within_capacity,synthetic,diagnosis,marginal_max | single_sensor_0 | known_law_oracle,,,,,,,,,,,,,,,,,,,,,,,,,,,,,,,3,"[11, 12, 13]",within_capacity,,,,,,,,,,,,,,,,,,,,,,,,,,,,,,,,,,,,,,,,,,,,,,,,,,,,,,,,,,,,,,,,,,,,,,,,,,,,,,,,,0.05000000000000001,8.498374721940739e-18,200.0,0.0,7.689895496961474,0.5021001950174577,10.071033718670991,2.3032659569915754,0.06333333333333334,0.020207259421636908,0.06,0.0304138126514911,0.48662500000000003,0.006084868527749771,0.4983624026561697,0.008169094318119742,0.48662500000000003,0.006084868527749771,,,0.0,0.0,0.0,0.0,200.0,0.0,200.0,0.0,0.0,0.0,0.0,0.0,,,0.0,0.0
diagnosis_controls,within_capacity,synthetic,diagnosis,conditional_max | single_sensor_0 | known_law_oracle,,,,,,,,,,,,,,,,,,,,,,,,,,,,,,,3,"[11, 12, 13]",within_capacity,,,,,,,,,,,,,,,,,,,,,,,,,,,,,,,,,,,,,,,,,,,,,,,,,,,,,,,,,,,,,,,,,,,,,,,,,,,,,,,,,0.05000000000000001,8.498374721940739e-18,200.0,0.0,7.689895496961474,0.5021001950174577,10.071033718670991,2.3032659569915754,0.06333333333333334,0.020207259421636908,0.06,0.0304138126514911,0.48662500000000003,0.006084868527749771,0.4983624026561697,0.008169094318119742,0.48662500000000003,0.006084868527749771,,,0.0,0.0,0.0,0.0,200.0,0.0,200.0,0.0,0.0,0.0,0.0,0.0,,,0.0,0.0
diagnosis_controls,within_capacity,synthetic,diagnosis,relational_max | single_sensor_0 | known_law_oracle,,,,,,,,,,,,,,,,,,,,,,,,,,,,,,,3,"[11, 12, 13]",within_capacity,,,,,,,,,,,,,,,,,,,,,,,,,,,,,,,,,,,,,,,,,,,,,,,,,,,,,,,,,,,,,,,,,,,,,,,,,,,,,,,,,0.05000000000000001,8.498374721940739e-18,200.0,0.0,0.0,0.0,0.0,0.0,0.0,0.0,0.0,0.0,0.5,0.0,0.5,0.0,0.5,0.0,,,0.0,0.0,0.0,0.0,200.0,0.0,200.0,0.0,0.0,0.0,0.0,0.0,,,0.0,0.0
diagnosis_controls,unblocked,synthetic,diagnosis,model,1.986821492513021e-07,3.2827678604639185e-07,64.0,0.0,57.0,0.0,240.0,0.0,361.0,0.0,1488.0,0.0,1117.3333333333333,143.18286675902718,139.66666666666666,17.897858344878397,130.33333333333334,32.331615074619044,16.498201370239258,0.5114323566603728,4.252206722895305,1.6166503626270092,16.376307765642803,0.074968117504788,0.02,0.0,150.0,0.0,128.0,0.0,3,"[11, 12, 13]",unblocked,,,,,,,,,,,,,,,,,,,,,,,,,,,,,,,,,,,,,,,,,,,,,,,,,,,,,,,,,,,,,,,,,,,,,,,,,,,,,,,,,,,,,,,,,,,,,,,,,,,,,,,,,,,,,,,,,,,,
diagnosis_controls,unblocked,synthetic,diagnosis,shortcut audit,,,,,,,,,,,,,,,,,,,,,,,,,,,,,,,3,"[11, 12, 13]",unblocked,0.48155,0.02226208941227215,0.0,0.0,400.0,0.0,400.0,0.0,10.0,0.0,,,,,,,,,,,,,,,,,,,,,,,,,,,,,,,,,,,,,,,,,,,,,,,,,,,,,,,,,,,,,,,,,,,,,,,,,,,,,,,,,,,,,,,,,,,,,,,,,,,,,,,,,,
diagnosis_controls,unblocked,synthetic,diagnosis,query full | circuit,,,,,,,,,,,,,,,,,,,,,,,,,,,,,,,3,"[11, 12, 13]",unblocked,,,,,,,,,,,0.0,0.0,0.022908333332452457,0.002432250333384134,0.003543610667596416,0.0003532784809089635,400.0,0.0,4.0,0.0,4.0,0.0,4.0,0.0,9.0,0.0,3249.0,0.0,0.0,0.0,1.0,0.0,0.0,0.0,1299600.0,0.0,0.0,0.0,1600.0,0.0,0.0,0.0,4.370166301727295,0.2628888459440444,4.748174508412679,0.1987990108434351,3.208323876063029,0.026268169955627498,-1.4297503431638081,0.7773047001952956,9.474650382995605,1.0365399200148688,,,,,,,,,,,,,,,,,,,,,,,,,,,,,,,,,,,,,,,,,,,,,,,,,,,,,,,,,,,,,,,,
diagnosis_controls,unblocked,synthetic,diagnosis,known-law error full | circuit,,,,,,,,,,,,,,,,,,,,,,,,,,,,,,,3,"[11, 12, 13]",unblocked,,,,,,,,,,,,,,,,,,,,,,,,,,,,,,,,,,,,,,,,,,,,,,,,,,,,,0.4878227612669315,0.15475334650056652,2.080403325988737,0.07763187702600836,36.840431530108084,13.840018810532184,0.7841969225444815,0.019179015377647223,0.21472912256242224,0.043902720760484105,0.48408458608793037,0.05060489211702744,6.501589798854986,1.3150289034283589,0.9038620556241481,0.02516041360902996,0.27309363895286193,0.1125113394640279,1.9375030539538638,0.10903791458766506,37.16601121907317,13.776542167966895,0.7863670656269982,0.027755463811328693,-1.4624961297523533,0.49301173067672416,4.510406806748812,0.13854998950344496,,,,,,,,,,,,,,,,,,,,,,,,,,,,,,,,,,,,
diagnosis_controls,unblocked,synthetic,diagnosis,joint | full | circuit,,,,,,,,,,,,,,,,,,,,,,,,,,,,,,,3,"[11, 12, 13]",unblocked,,,,,,,,,,,,,,,,,,,,,,,,,,,,,,,,,,,,,,,,,,,,,,,,,,,,,,,,,,,,,,,,,,,,,,,,,,,,,,,,,0.05000000000000001,8.498374721940739e-18,200.0,0.0,24.663583119710285,2.395244262827602,47.899583180745445,5.19672270022604,0.05666666666666667,0.01258305739211792,0.365,0.12124355652982141,0.7868666666666667,0.00117535455643533,0.7919900628784612,0.009907157449360368,0.7868666666666667,0.00117535455643533,0.8480555555555555,0.017251878587991997,200.0,0.0,0.0,0.0,0.0,0.0,0.0,0.0,200.0,0.0,127.0,24.24871130596428,0.7433333333333333,0.03175426480542944,0.31833333333333336,0.10598742063723098
diagnosis_controls,unblocked,synthetic,diagnosis,independent | full | circuit,,,,,,,,,,,,,,,,,,,,,,,,,,,,,,,3,"[11, 12, 13]",unblocked,,,,,,,,,,,,,,,,,,,,,,,,,,,,,,,,,,,,,,,,,,,,,,,,,,,,,,,,,,,,,,,,,,,,,,,,,,,,,,,,,0.05000000000000001,8.498374721940739e-18,200.0,0.0,30.657203038533527,1.1724974090024916,44.94624328613281,10.643546222948006,0.056666666666666664,0.007637626158259733,0.045000000000000005,0.01802775637731995,0.5271916666666666,0.003205496581394716,0.5021402831058802,0.0015566386076852133,0.5271916666666666,0.003205496581394716,0.5516666666666666,0.01918024881080645,200.0,0.0,0.0,0.0,0.0,0.0,0.3333333333333333,0.5773502691896258,199.66666666666666,0.5773502691896258,190.66666666666666,3.5118845842842465,0.3405611390284757,0.027704287494911325,0.008333333333333333,0.005773502691896257
diagnosis_controls,unblocked,synthetic,diagnosis,marginal_max | full | circuit,,,,,,,,,,,,,,,,,,,,,,,,,,,,,,,3,"[11, 12, 13]",unblocked,,,,,,,,,,,,,,,,,,,,,,,,,,,,,,,,,,,,,,,,,,,,,,,,,,,,,,,,,,,,,,,,,,,,,,,,,,,,,,,,,0.05000000000000001,8.498374721940739e-18,200.0,0.0,9.552583376566568,0.7025162076670823,16.455798149108887,1.3065599662756286,0.06666666666666667,0.03253203549323856,0.08166666666666667,0.03752776749732568,0.5682541666666667,0.006603648770439994,0.5472081203214858,0.005355867715092636,0.5682541666666667,0.006603648770439994,0.5516666666666666,0.01918024881080645,200.0,0.0,0.0,0.0,0.0,0.0,0.3333333333333333,0.5773502691896258,199.66666666666666,0.5773502691896258,183.33333333333334,7.505553499465135,0.3405611390284757,0.027704287494911325,0.030000000000000002,0.008660254037844388
diagnosis_controls,unblocked,synthetic,diagnosis,conditional_max | full | circuit,,,,,,,,,,,,,,,,,,,,,,,,,,,,,,,3,"[11, 12, 13]",unblocked,,,,,,,,,,,,,,,,,,,,,,,,,,,,,,,,,,,,,,,,,,,,,,,,,,,,,,,,,,,,,,,,,,,,,,,,,,,,,,,,,0.05000000000000001,8.498374721940739e-18,200.0,0.0,9.155384381612143,0.29242901968600143,34.338050842285156,1.188581688616071,0.04833333333333334,0.005773502691896259,0.4883333333333333,0.012583057392117928,0.8204750000000001,0.01175404185801636,0.8478819433609187,0.006728896528977065,0.8204750000000001,0.01175404185801636,0.8480555555555555,0.017251878587991997,200.0,0.0,0.0,0.0,0.0,0.0,0.0,0.0,200.0,0.0,102.33333333333333,2.5166114784235836,0.7433333333333333,0.03175426480542944,0.445,0.025980762113533184
diagnosis_controls,unblocked,synthetic,diagnosis,relational_max | full | circuit,,,,,,,,,,,,,,,,,,,,,,,,,,,,,,,3,"[11, 12, 13]",unblocked,,,,,,,,,,,,,,,,,,,,,,,,,,,,,,,,,,,,,,,,,,,,,,,,,,,,,,,,,,,,,,,,,,,,,,,,,,,,,,,,,0.05000000000000001,8.498374721940739e-18,200.0,0.0,3.13580314318339,0.5651235952689492,31.81208038330078,0.520533758101888,0.06333333333333334,0.012583057392117913,0.5416666666666666,0.06788470618138767,0.8594083333333334,0.01592239643814123,0.8761095189921096,0.014114391320832007,0.8594083333333334,0.01592239643814123,0.8765277777777779,0.018935807741282555,200.0,0.0,0.0,0.0,0.0,0.0,0.0,0.0,200.0,0.0,91.66666666666667,13.576941236277534,0.7833333333333333,0.027537852736430536,0.49666666666666665,0.06714412359494565
diagnosis_controls,unblocked,synthetic,diagnosis,query full | known_law_oracle,,,,,,,,,,,,,,,,,,,,,,,,,,,,,,,3,"[11, 12, 13]",unblocked,,,,,,,,,,,0.0,0.0,0.00178830533332075,3.159213176916078e-05,0.0014894863343215548,7.202734730311553e-05,400.0,0.0,4.0,0.0,4.0,0.0,4.0,0.0,5.0,0.0,0.0,0.0,0.0,0.0,1.0,0.0,0.0,0.0,0.0,0.0,0.0,0.0,1600.0,0.0,0.0,0.0,7.458060888417314,0.25529820977805073,7.487742644178159,0.25596136975985045,4.29311638370771,0.41949207003236205,1.7165980586251164,0.2537650127276923,15.199188680483672,0.48829298369248797,,,,,,,,,,,,,,,,,,,,,,,,,,,,,,,,,,,,,,,,,,,,,,,,,,,,,,,,,,,,,,,,
diagnosis_controls,unblocked,synthetic,diagnosis,known-law error full | known_law_oracle,,,,,,,,,,,,,,,,,,,,,,,,,,,,,,,3,"[11, 12, 13]",unblocked,,,,,,,,,,,,,,,,,,,,,,,,,,,,,,,,,,,,,,,,,,,,,,,,,,,,,0.0,0.0,0.0,0.0,0.0,0.0,1.0,1.5700924586837752e-16,0.0,0.0,0.0,0.0,0.0,0.0,1.0,7.850462293418876e-17,0.0,0.0,0.0,0.0,0.0,0.0,0.9999999999999999,1.1102230246251565e-16,0.0,0.0,0.0,0.0,,,,,,,,,,,,,,,,,,,,,,,,,,,,,,,,,,,,
diagnosis_controls,unblocked,synthetic,diagnosis,joint | full | known_law_oracle,,,,,,,,,,,,,,,,,,,,,,,,,,,,,,,3,"[11, 12, 13]",unblocked,,,,,,,,,,,,,,,,,,,,,,,,,,,,,,,,,,,,,,,,,,,,,,,,,,,,,,,,,,,,,,,,,,,,,,,,,,,,,,,,,0.05000000000000001,8.498374721940739e-18,200.0,0.0,17.91450230193044,0.8029985958891804,63.27637329993559,16.883520915475263,0.06166666666666667,0.03752776749732568,0.6849999999999999,0.03499999999999997,0.888475,0.0024337471109381866,0.9132739110151573,0.001032124340263655,0.888475,0.0024337471109381866,0.938888888888889,0.004455281925651481,200.0,0.0,0.0,0.0,0.0,0.0,0.0,0.0,200.0,0.0,63.0,7.0,0.8916666666666667,0.012583057392117928,0.6633333333333334,0.028867513459481315
diagnosis_controls,unblocked,synthetic,diagnosis,independent | full | known_law_oracle,,,,,,,,,,,,,,,,,,,,,,,,,,,,,,,3,"[11, 12, 13]",unblocked,,,,,,,,,,,,,,,,,,,,,,,,,,,,,,,,,,,,,,,,,,,,,,,,,,,,,,,,,,,,,,,,,,,,,,,,,,,,,,,,,0.05000000000000001,8.498374721940739e-18,200.0,0.0,30.394810637944857,1.7456559266015603,37.673969515783064,12.89465205486235,0.05000000000000001,0.03,0.03333333333333333,0.020816659994661327,0.5234166666666666,0.004127070187594757,0.4953227809589944,0.004301656105251656,0.5234166666666666,0.004127070187594757,0.5505555555555555,0.020165690977315714,200.0,0.0,0.0,0.0,0.0,0.0,0.0,0.0,200.0,0.0,193.33333333333334,4.163331998932265,0.34,0.027838821814150105,0.0033333333333333335,0.002886751345948129
diagnosis_controls,unblocked,synthetic,diagnosis,marginal_max | full | known_law_oracle,,,,,,,,,,,,,,,,,,,,,,,,,,,,,,,3,"[11, 12, 13]",unblocked,,,,,,,,,,,,,,,,,,,,,,,,,,,,,,,,,,,,,,,,,,,,,,,,,,,,,,,,,,,,,,,,,,,,,,,,,,,,,,,,,0.05000000000000001,8.498374721940739e-18,200.0,0.0,9.192884101667678,0.7963954592303953,11.261155906764195,2.2620011769434365,0.055,0.030000000000000002,0.06666666666666667,0.05131601439446884,0.5722833333333334,0.003110122920936335,0.5452595549502569,0.009046311259488038,0.5722833333333334,0.003110122920936335,0.5505555555555555,0.020165690977315714,200.0,0.0,0.0,0.0,0.0,0.0,0.0,0.0,200.0,0.0,186.66666666666666,10.263202878893768,0.34,0.027838821814150105,0.021666666666666667,0.018929694486000914
diagnosis_controls,unblocked,synthetic,diagnosis,conditional_max | full | known_law_oracle,,,,,,,,,,,,,,,,,,,,,,,,,,,,,,,3,"[11, 12, 13]",unblocked,,,,,,,,,,,,,,,,,,,,,,,,,,,,,,,,,,,,,,,,,,,,,,,,,,,,,,,,,,,,,,,,,,,,,,,,,,,,,,,,,0.05000000000000001,8.498374721940739e-18,200.0,0.0,6.570335063123905,0.3806081608724651,56.5530306920135,14.130245034599612,0.055,0.013228756555322957,0.7683333333333332,0.02466441431158126,0.9254000000000001,0.00731368580129059,0.9409425870159445,0.006300026681139945,0.9254000000000001,0.00731368580129059,0.938888888888889,0.004455281925651481,200.0,0.0,0.0,0.0,0.0,0.0,0.0,0.0,200.0,0.0,46.333333333333336,4.932882862316248,0.8916666666666667,0.012583057392117928,0.745,0.02291287847477922
diagnosis_controls,unblocked,synthetic,diagnosis,relational_max | full | known_law_oracle,,,,,,,,,,,,,,,,,,,,,,,,,,,,,,,3,"[11, 12, 13]",unblocked,,,,,,,,,,,,,,,,,,,,,,,,,,,,,,,,,,,,,,,,,,,,,,,,,,,,,,,,,,,,,,,,,,,,,,,,,,,,,,,,,0.05000000000000001,8.498374721940739e-18,200.0,0.0,1.607312492223131,0.46954375487359784,58.44267898830007,15.161917675638659,0.05000000000000001,0.020000000000000004,0.7966666666666667,0.057951128835712365,0.9431249999999999,0.012824561396008816,0.9551837990249066,0.009499754655342517,0.9431249999999999,0.012824561396008816,0.9362499999999999,0.010316182002616494,200.0,0.0,0.0,0.0,0.0,0.0,0.0,0.0,200.0,0.0,40.666666666666664,11.590225767142474,0.8883333333333333,0.023094010767585053,0.7733333333333333,0.060069404303133664
diagnosis_controls,unblocked,synthetic,diagnosis,query random1:0 | circuit,,,,,,,,,,,,,,,,,,,,,,,,,,,,,,,3,"[11, 12, 13]",unblocked,,,,,,,,,,,0.0,0.0,0.01483929166715825,0.001109883746826683,0.0028835416657481496,0.00010379399239594283,400.0,0.0,3.0,0.0,3.0,0.0,3.0,0.0,7.0,0.0,2527.0,0.0,0.0,0.0,1.0,0.0,0.0,0.0,1010800.0,0.0,0.0,0.0,1600.0,0.0,0.0,0.0,2.6698466142018638,0.18142407346129305,3.073818842569987,0.1294987720951188,2.3273795445760093,0.17655314317483153,-1.5393509070078533,0.566852244398111,6.043467362721761,0.5234116069520458,,,,,,,,,,,,,,,,,,,,,,,,,,,,,,,,,,,,,,,,,,,,,,,,,,,,,,,,,,,,,,,,
diagnosis_controls,unblocked,synthetic,diagnosis,known-law error random1:0 | circuit,,,,,,,,,,,,,,,,,,,,,,,,,,,,,,,3,"[11, 12, 13]",unblocked,,,,,,,,,,,,,,,,,,,,,,,,,,,,,,,,,,,,,,,,,,,,,,,,,,,,,1.272878110330112,0.023535153011412492,1.508383129647868,0.02248897783839447,10.926425832435987,5.332309204855398,0.579749537522951,0.054332443816866464,0.21329622322849282,0.03776884679714349,0.4889147473255126,0.05553598263209337,4.921914921414742,1.8304416802245895,0.904884685528169,0.025312369018600574,1.0595818871016192,0.02496899432682907,1.3480387389604414,0.03643052552287805,7.7578747264901695,2.5630480296915303,0.6750651344587406,0.028111985723921405,-2.597359050893065,0.05080399398486976,2.7649174751819316,0.05027947633512385,,,,,,,,,,,,,,,,,,,,,,,,,,,,,,,,,,,,
diagnosis_controls,unblocked,synthetic,diagnosis,joint | random1:0 | circuit,,,,,,,,,,,,,,,,,,,,,,,,,,,,,,,3,"[11, 12, 13]",unblocked,,,,,,,,,,,,,,,,,,,,,,,,,,,,,,,,,,,,,,,,,,,,,,,,,,,,,,,,,,,,,,,,,,,,,,,,,,,,,,,,,0.05000000000000001,8.498374721940739e-18,200.0,0.0,18.935679753621418,1.1356547751375268,31.531639734903973,11.76518308451136,0.07666666666666667,0.010408329997330665,0.07666666666666667,0.010408329997330665,0.5,0.0,0.5,0.0,0.5,0.0,,,0.0,0.0,200.0,0.0,0.0,0.0,0.0,0.0,0.0,0.0,0.0,0.0,,,0.0,0.0
diagnosis_controls,unblocked,synthetic,diagnosis,independent | random1:0 | circuit,,,,,,,,,,,,,,,,,,,,,,,,,,,,,,,3,"[11, 12, 13]",unblocked,,,,,,,,,,,,,,,,,,,,,,,,,,,,,,,,,,,,,,,,,,,,,,,,,,,,,,,,,,,,,,,,,,,,,,,,,,,,,,,,,0.05000000000000001,8.498374721940739e-18,200.0,0.0,23.13480504353841,0.9138941350381756,35.36665598551432,10.732720198675153,0.05833333333333333,0.01443375672974064,0.05833333333333333,0.01443375672974064,0.5,0.0,0.5,0.0,0.5,0.0,,,0.0,0.0,200.0,0.0,0.0,0.0,0.0,0.0,0.0,0.0,0.0,0.0,,,0.0,0.0
diagnosis_controls,unblocked,synthetic,diagnosis,marginal_max | random1:0 | circuit,,,,,,,,,,,,,,,,,,,,,,,,,,,,,,,3,"[11, 12, 13]",unblocked,,,,,,,,,,,,,,,,,,,,,,,,,,,,,,,,,,,,,,,,,,,,,,,,,,,,,,,,,,,,,,,,,,,,,,,,,,,,,,,,,0.05000000000000001,8.498374721940739e-18,200.0,0.0,9.218965530395508,0.5670288212194934,14.32814915974935,4.293232068333972,0.06666666666666667,0.024664414311581236,0.06666666666666667,0.024664414311581236,0.5,0.0,0.5,0.0,0.5,0.0,,,0.0,0.0,200.0,0.0,0.0,0.0,0.0,0.0,0.0,0.0,0.0,0.0,,,0.0,0.0
diagnosis_controls,unblocked,synthetic,diagnosis,conditional_max | random1:0 | circuit,,,,,,,,,,,,,,,,,,,,,,,,,,,,,,,3,"[11, 12, 13]",unblocked,,,,,,,,,,,,,,,,,,,,,,,,,,,,,,,,,,,,,,,,,,,,,,,,,,,,,,,,,,,,,,,,,,,,,,,,,,,,,,,,,0.05000000000000001,8.498374721940739e-18,200.0,0.0,8.508973439534506,0.7675559821483152,12.94996166229248,3.787716779505677,0.05333333333333334,0.025166114784235832,0.05333333333333334,0.025166114784235832,0.5,0.0,0.5,0.0,0.5,0.0,,,0.0,0.0,200.0,0.0,0.0,0.0,0.0,0.0,0.0,0.0,0.0,0.0,,,0.0,0.0
diagnosis_controls,unblocked,synthetic,diagnosis,relational_max | random1:0 | circuit,,,,,,,,,,,,,,,,,,,,,,,,,,,,,,,3,"[11, 12, 13]",unblocked,,,,,,,,,,,,,,,,,,,,,,,,,,,,,,,,,,,,,,,,,,,,,,,,,,,,,,,,,,,,,,,,,,,,,,,,,,,,,,,,,0.05000000000000001,8.498374721940739e-18,200.0,0.0,2.760227918624878,0.5454365851853391,10.65684700012207,2.0054861779943205,0.06,0.010000000000000002,0.06,0.010000000000000002,0.5,0.0,0.5,0.0,0.5,0.0,,,0.0,0.0,200.0,0.0,0.0,0.0,0.0,0.0,0.0,0.0,0.0,0.0,,,0.0,0.0
diagnosis_controls,unblocked,synthetic,diagnosis,query random1:0 | known_law_oracle,,,,,,,,,,,,,,,,,,,,,,,,,,,,,,,3,"[11, 12, 13]",unblocked,,,,,,,,,,,0.0,0.0,0.0013275139996646128,7.437732314729276e-05,0.0011536946658452507,2.6192110775691557e-05,400.0,0.0,3.0,0.0,3.0,0.0,3.0,0.0,4.0,0.0,0.0,0.0,0.0,0.0,1.0,0.0,0.0,0.0,0.0,0.0,0.0,0.0,1600.0,0.0,0.0,0.0,4.627316966401856,0.16307299118556964,4.712017089467656,0.11676318793947561,3.026830896452991,0.2586339937212524,0.4658740226593728,0.3384785170764952,9.77032003486938,0.6432838298811988,,,,,,,,,,,,,,,,,,,,,,,,,,,,,,,,,,,,,,,,,,,,,,,,,,,,,,,,,,,,,,,,
diagnosis_controls,unblocked,synthetic,diagnosis,known-law error random1:0 | known_law_oracle,,,,,,,,,,,,,,,,,,,,,,,,,,,,,,,3,"[11, 12, 13]",unblocked,,,,,,,,,,,,,,,,,,,,,,,,,,,,,,,,,,,,,,,,,,,,,,,,,,,,,0.0,0.0,0.0,0.0,0.0,0.0,1.0,1.1102230246251565e-16,0.0,0.0,0.0,0.0,0.0,0.0,1.0,0.0,0.0,0.0,0.0,0.0,0.0,0.0,1.0,0.0,0.0,0.0,0.0,0.0,,,,,,,,,,,,,,,,,,,,,,,,,,,,,,,,,,,,
diagnosis_controls,unblocked,synthetic,diagnosis,joint | random1:0 | known_law_oracle,,,,,,,,,,,,,,,,,,,,,,,,,,,,,,,3,"[11, 12, 13]",unblocked,,,,,,,,,,,,,,,,,,,,,,,,,,,,,,,,,,,,,,,,,,,,,,,,,,,,,,,,,,,,,,,,,,,,,,,,,,,,,,,,,0.05000000000000001,8.498374721940739e-18,200.0,0.0,14.935343620961225,0.6200248163381805,13.974248921396907,2.140536873776643,0.056666666666666664,0.02254624876411447,0.056666666666666664,0.02254624876411447,0.5,0.0,0.5,0.0,0.5,0.0,,,0.0,0.0,200.0,0.0,0.0,0.0,0.0,0.0,0.0,0.0,0.0,0.0,,,0.0,0.0
diagnosis_controls,unblocked,synthetic,diagnosis,independent | random1:0 | known_law_oracle,,,,,,,,,,,,,,,,,,,,,,,,,,,,,,,3,"[11, 12, 13]",unblocked,,,,,,,,,,,,,,,,,,,,,,,,,,,,,,,,,,,,,,,,,,,,,,,,,,,,,,,,,,,,,,,,,,,,,,,,,,,,,,,,,0.05000000000000001,8.498374721940739e-18,200.0,0.0,23.064225268769338,1.4580430040976473,29.455796539991923,8.71210378294894,0.049999999999999996,0.04272001872658766,0.049999999999999996,0.04272001872658766,0.5,0.0,0.5,0.0,0.5,0.0,,,0.0,0.0,200.0,0.0,0.0,0.0,0.0,0.0,0.0,0.0,0.0,0.0,,,0.0,0.0
diagnosis_controls,unblocked,synthetic,diagnosis,marginal_max | random1:0 | known_law_oracle,,,,,,,,,,,,,,,,,,,,,,,,,,,,,,,3,"[11, 12, 13]",unblocked,,,,,,,,,,,,,,,,,,,,,,,,,,,,,,,,,,,,,,,,,,,,,,,,,,,,,,,,,,,,,,,,,,,,,,,,,,,,,,,,,0.05000000000000001,8.498374721940739e-18,200.0,0.0,8.867459059957293,0.8315980696454699,10.961353536093142,2.848882890820819,0.06333333333333334,0.04856267428111155,0.06333333333333334,0.04856267428111155,0.5,0.0,0.5,0.0,0.5,0.0,,,0.0,0.0,200.0,0.0,0.0,0.0,0.0,0.0,0.0,0.0,0.0,0.0,,,0.0,0.0
diagnosis_controls,unblocked,synthetic,diagnosis,conditional_max | random1:0 | known_law_oracle,,,,,,,,,,,,,,,,,,,,,,,,,,,,,,,3,"[11, 12, 13]",unblocked,,,,,,,,,,,,,,,,,,,,,,,,,,,,,,,,,,,,,,,,,,,,,,,,,,,,,,,,,,,,,,,,,,,,,,,,,,,,,,,,,0.05000000000000001,8.498374721940739e-18,200.0,0.0,6.471471241677171,0.48829282531222534,8.361070651078274,1.3635006876038969,0.045000000000000005,0.013228756555322954,0.045000000000000005,0.013228756555322954,0.5,0.0,0.5,0.0,0.5,0.0,,,0.0,0.0,200.0,0.0,0.0,0.0,0.0,0.0,0.0,0.0,0.0,0.0,,,0.0,0.0
diagnosis_controls,unblocked,synthetic,diagnosis,relational_max | random1:0 | known_law_oracle,,,,,,,,,,,,,,,,,,,,,,,,,,,,,,,3,"[11, 12, 13]",unblocked,,,,,,,,,,,,,,,,,,,,,,,,,,,,,,,,,,,,,,,,,,,,,,,,,,,,,,,,,,,,,,,,,,,,,,,,,,,,,,,,,0.05000000000000001,8.498374721940739e-18,200.0,0.0,1.4754989400425194,0.4936331413940235,13.103990108532907,2.5043772474858463,0.05000000000000001,0.020000000000000004,0.05000000000000001,0.020000000000000004,0.5,0.0,0.5,0.0,0.5,0.0,,,0.0,0.0,200.0,0.0,0.0,0.0,0.0,0.0,0.0,0.0,0.0,0.0,,,0.0,0.0
diagnosis_controls,unblocked,synthetic,diagnosis,query random2:1-2 | circuit,,,,,,,,,,,,,,,,,,,,,,,,,,,,,,,3,"[11, 12, 13]",unblocked,,,,,,,,,,,0.0,0.0,0.01006234699889319,0.00017068053685660348,0.0023143193332847054,3.453383072973567e-05,400.0,0.0,2.0,0.0,2.0,0.0,2.0,0.0,5.0,0.0,1805.0,0.0,0.0,0.0,1.0,0.0,0.0,0.0,722000.0,0.0,0.0,0.0,1600.0,0.0,0.0,0.0,1.2284764448801677,0.16983286238746145,1.5802624225616455,0.10241138333331877,1.3083328406016033,0.2665973458200191,-1.1163571675618489,0.6425935800987783,2.91392191251119,0.3358784000721874,,,,,,,,,,,,,,,,,,,,,,,,,,,,,,,,,,,,,,,,,,,,,,,,,,,,,,,,,,,,,,,,
diagnosis_controls,unblocked,synthetic,diagnosis,known-law error random2:1-2 | circuit,,,,,,,,,,,,,,,,,,,,,,,,,,,,,,,3,"[11, 12, 13]",unblocked,,,,,,,,,,,,,,,,,,,,,,,,,,,,,,,,,,,,,,,,,,,,,,,,,,,,,-0.5652487009087325,0.3238869385546497,2.415020436572785,0.1778852996692727,20.990832510346483,7.322487266964801,0.7939492330868233,0.015474639946273655,0.2107850920862759,0.04086187614104199,0.4708597752365704,0.04644632108710727,5.876672513845467,1.6950095989149772,0.9075115163275796,0.02564769195457746,-0.7760337897167529,0.2854115520858571,2.3427041715224273,0.1920985519584389,20.41336474818549,7.836917144744961,0.7696483192501975,0.025327078598094153,0.3544636076303638,0.36288445959240717,2.52277259097037,0.14670177021454653,,,,,,,,,,,,,,,,,,,,,,,,,,,,,,,,,,,,
diagnosis_controls,unblocked,synthetic,diagnosis,joint | random2:1-2 | circuit,,,,,,,,,,,,,,,,,,,,,,,,,,,,,,,3,"[11, 12, 13]",unblocked,,,,,,,,,,,,,,,,,,,,,,,,,,,,,,,,,,,,,,,,,,,,,,,,,,,,,,,,,,,,,,,,,,,,,,,,,,,,,,,,,0.05000000000000001,8.498374721940739e-18,200.0,0.0,13.923803011576334,0.7065491430070202,30.895890553792317,2.30523022757619,0.055,0.0049999999999999975,0.34,0.03905124837953328,0.7640250000000001,0.016569116602884987,0.7750138902833464,0.019417560915382444,0.7640250000000001,0.016569116602884987,0.7408333333333333,0.012583057392117876,200.0,0.0,0.0,0.0,0.0,0.0,0.3333333333333333,0.5773502691896258,199.66666666666666,0.5773502691896258,131.66666666666666,7.571877794400365,0.4808375209380234,0.02402822465864444,0.16333333333333333,0.00763762615825974
diagnosis_controls,unblocked,synthetic,diagnosis,independent | random2:1-2 | circuit,,,,,,,,,,,,,,,,,,,,,,,,,,,,,,,3,"[11, 12, 13]",unblocked,,,,,,,,,,,,,,,,,,,,,,,,,,,,,,,,,,,,,,,,,,,,,,,,,,,,,,,,,,,,,,,,,,,,,,,,,,,,,,,,,0.05000000000000001,8.498374721940739e-18,200.0,0.0,15.634525616963705,1.2073224991515845,23.718608856201172,3.2954894650447932,0.06333333333333334,0.03214550253664319,0.041666666666666664,0.025658007197234423,0.529625,0.008791650868864128,0.5042281087752276,0.0026877664637113595,0.529625,0.008791650868864128,0.7408333333333333,0.012583057392117876,200.0,0.0,0.0,0.0,0.0,0.0,0.3333333333333333,0.5773502691896258,199.66666666666666,0.5773502691896258,191.33333333333334,4.725815626252608,0.4808375209380234,0.02402822465864444,0.021666666666666667,0.012583057392117916
diagnosis_controls,unblocked,synthetic,diagnosis,marginal_max | random2:1-2 | circuit,,,,,,,,,,,,,,,,,,,,,,,,,,,,,,,3,"[11, 12, 13]",unblocked,,,,,,,,,,,,,,,,,,,,,,,,,,,,,,,,,,,,,,,,,,,,,,,,,,,,,,,,,,,,,,,,,,,,,,,,,,,,,,,,,0.05000000000000001,8.498374721940739e-18,200.0,0.0,8.891146659851074,0.5428845027417307,14.566271781921387,2.637312456776187,0.065,0.008660254037844387,0.075,0.015,0.5623416666666666,0.010169234648356456,0.5463764136874784,0.007703723734381826,0.5623416666666666,0.010169234648356456,0.7408333333333333,0.012583057392117876,200.0,0.0,0.0,0.0,0.0,0.0,0.3333333333333333,0.5773502691896258,199.66666666666666,0.5773502691896258,184.66666666666666,2.5166114784235836,0.4808375209380234,0.02402822465864444,0.041666666666666664,0.0028867513459481273
diagnosis_controls,unblocked,synthetic,diagnosis,conditional_max | random2:1-2 | circuit,,,,,,,,,,,,,,,,,,,,,,,,,,,,,,,3,"[11, 12, 13]",unblocked,,,,,,,,,,,,,,,,,,,,,,,,,,,,,,,,,,,,,,,,,,,,,,,,,,,,,,,,,,,,,,,,,,,,,,,,,,,,,,,,,0.05000000000000001,8.498374721940739e-18,200.0,0.0,7.503216743469238,0.3831094330299217,27.645744959513348,1.906982216900878,0.06666666666666667,0.015275252316519466,0.5016666666666667,0.031754264805429415,0.8213416666666667,0.022388729493504806,0.8399240591336317,0.021880511931722753,0.8213416666666667,0.022388729493504806,0.7408333333333333,0.012583057392117876,200.0,0.0,0.0,0.0,0.0,0.0,0.3333333333333333,0.5773502691896258,199.66666666666666,0.5773502691896258,99.33333333333333,6.6583281184793925,0.4808375209380234,0.02402822465864444,0.23666666666666666,0.011547005383792509
diagnosis_controls,unblocked,synthetic,diagnosis,relational_max | random2:1-2 | circuit,,,,,,,,,,,,,,,,,,,,,,,,,,,,,,,3,"[11, 12, 13]",unblocked,,,,,,,,,,,,,,,,,,,,,,,,,,,,,,,,,,,,,,,,,,,,,,,,,,,,,,,,,,,,,,,,,,,,,,,,,,,,,,,,,0.05000000000000001,8.498374721940739e-18,200.0,0.0,0.9435381889343262,0.24338845446703955,23.643646876017254,1.3497501739090023,0.06333333333333334,0.035118845842842465,0.57,0.034999999999999976,0.8737833333333334,0.022131063199343427,0.883572870415461,0.022872317699339232,0.8737833333333334,0.022131063199343427,0.5633333333333334,0.011273124382057216,200.0,0.0,0.0,0.0,0.0,0.0,200.0,0.0,0.0,0.0,0.0,0.0,,,0.0,0.0
diagnosis_controls,unblocked,synthetic,diagnosis,query random2:1-2 | known_law_oracle,,,,,,,,,,,,,,,,,,,,,,,,,,,,,,,3,"[11, 12, 13]",unblocked,,,,,,,,,,,0.0,0.0,0.0009320836664604334,4.3086488555023016e-05,0.0008461110010102857,1.179489715406618e-05,400.0,0.0,2.0,0.0,2.0,0.0,2.0,0.0,3.0,0.0,0.0,0.0,0.0,0.0,1.0,0.0,0.0,0.0,0.0,0.0,0.0,0.0,1600.0,0.0,0.0,0.0,2.096357563588452,0.09964891895981108,2.26804549120613,0.10914603308982343,1.6751941333155622,0.08785377155676298,-0.6576425075661821,0.10805273258978587,4.734415882802904,0.050446721985513074,,,,,,,,,,,,,,,,,,,,,,,,,,,,,,,,,,,,,,,,,,,,,,,,,,,,,,,,,,,,,,,,
diagnosis_controls,unblocked,synthetic,diagnosis,known-law error random2:1-2 | known_law_oracle,,,,,,,,,,,,,,,,,,,,,,,,,,,,,,,3,"[11, 12, 13]",unblocked,,,,,,,,,,,,,,,,,,,,,,,,,,,,,,,,,,,,,,,,,,,,,,,,,,,,,0.0,0.0,0.0,0.0,0.0,0.0,1.0,1.1102230246251565e-16,0.0,0.0,0.0,0.0,0.0,0.0,1.0,0.0,0.0,0.0,0.0,0.0,0.0,0.0,0.9999999999999999,1.1102230246251565e-16,0.0,0.0,0.0,0.0,,,,,,,,,,,,,,,,,,,,,,,,,,,,,,,,,,,,
diagnosis_controls,unblocked,synthetic,diagnosis,joint | random2:1-2 | known_law_oracle,,,,,,,,,,,,,,,,,,,,,,,,,,,,,,,3,"[11, 12, 13]",unblocked,,,,,,,,,,,,,,,,,,,,,,,,,,,,,,,,,,,,,,,,,,,,,,,,,,,,,,,,,,,,,,,,,,,,,,,,,,,,,,,,,0.05000000000000001,8.498374721940739e-18,200.0,0.0,11.544140844757928,0.29233015485814934,39.95401375908924,9.089835744996352,0.06833333333333334,0.01527525231651947,0.6133333333333333,0.033291640592397,0.8479749999999999,0.01524223162794738,0.879711434295874,0.008830852631302356,0.8479749999999999,0.01524223162794738,0.7391666666666667,0.015275252316519432,200.0,0.0,0.0,0.0,0.0,0.0,0.0,0.0,200.0,0.0,77.33333333333333,6.6583281184793925,0.47833333333333333,0.03055050463303893,0.3,0.03905124837953324
diagnosis_controls,unblocked,synthetic,diagnosis,independent | random2:1-2 | known_law_oracle,,,,,,,,,,,,,,,,,,,,,,,,,,,,,,,3,"[11, 12, 13]",unblocked,,,,,,,,,,,,,,,,,,,,,,,,,,,,,,,,,,,,,,,,,,,,,,,,,,,,,,,,,,,,,,,,,,,,,,,,,,,,,,,,,0.05000000000000001,8.498374721940739e-18,200.0,0.0,15.234903123055595,1.053006601916033,19.411344127833306,5.751342606435359,0.06166666666666667,0.03883726732577014,0.03833333333333333,0.02753785273643051,0.5248166666666666,0.0021939310229205926,0.49429167426924797,0.008234105479264342,0.5248166666666666,0.0021939310229205926,0.7391666666666667,0.015275252316519432,200.0,0.0,0.0,0.0,0.0,0.0,0.0,0.0,200.0,0.0,192.33333333333334,5.507570547286101,0.47833333333333333,0.03055050463303893,0.02,0.013228756555322952
diagnosis_controls,unblocked,synthetic,diagnosis,marginal_max | random2:1-2 | known_law_oracle,,,,,,,,,,,,,,,,,,,,,,,,,,,,,,,3,"[11, 12, 13]",unblocked,,,,,,,,,,,,,,,,,,,,,,,,,,,,,,,,,,,,,,,,,,,,,,,,,,,,,,,,,,,,,,,,,,,,,,,,,,,,,,,,,0.05000000000000001,8.498374721940739e-18,200.0,0.0,8.43466565713213,0.25999754209780307,10.425368004129288,2.5450730587845736,0.06333333333333334,0.011547005383792516,0.07333333333333333,0.03329164059239696,0.56655,0.011713393775930205,0.5462341318002347,0.004067795251284844,0.56655,0.011713393775930205,0.7391666666666667,0.015275252316519432,200.0,0.0,0.0,0.0,0.0,0.0,0.0,0.0,200.0,0.0,185.33333333333334,6.6583281184793925,0.47833333333333333,0.03055050463303893,0.034999999999999996,0.013228756555322952
diagnosis_controls,unblocked,synthetic,diagnosis,conditional_max | random2:1-2 | known_law_oracle,,,,,,,,,,,,,,,,,,,,,,,,,,,,,,,3,"[11, 12, 13]",unblocked,,,,,,,,,,,,,,,,,,,,,,,,,,,,,,,,,,,,,,,,,,,,,,,,,,,,,,,,,,,,,,,,,,,,,,,,,,,,,,,,,0.05000000000000001,8.498374721940739e-18,200.0,0.0,5.837524496781721,0.10842471013958771,37.24736777595433,9.693600535686526,0.09500000000000001,0.0050000000000000044,0.7383333333333333,0.0028867513459481316,0.8997083333333333,0.017445349189206105,0.9215935540339588,0.01225211038186652,0.8997083333333333,0.017445349189206105,0.7391666666666667,0.015275252316519432,200.0,0.0,0.0,0.0,0.0,0.0,0.0,0.0,200.0,0.0,52.333333333333336,0.5773502691896258,0.47833333333333333,0.03055050463303893,0.36166666666666664,0.02753785273643051
diagnosis_controls,unblocked,synthetic,diagnosis,relational_max | random2:1-2 | known_law_oracle,,,,,,,,,,,,,,,,,,,,,,,,,,,,,,,3,"[11, 12, 13]",unblocked,,,,,,,,,,,,,,,,,,,,,,,,,,,,,,,,,,,,,,,,,,,,,,,,,,,,,,,,,,,,,,,,,,,,,,,,,,,,,,,,,0.05000000000000001,8.498374721940739e-18,200.0,0.0,0.23123994314603222,0.10013022041458396,37.96105018797506,9.735287551294547,0.08166666666666667,0.01040832999733066,0.7966666666666665,0.03617089069035114,0.9314250000000001,0.014618844858606306,0.9447480208963511,0.010502674899999056,0.9314250000000001,0.014618844858606306,0.5641666666666667,0.016645820296198446,200.0,0.0,0.0,0.0,0.0,0.0,200.0,0.0,0.0,0.0,0.0,0.0,,,0.0,0.0
diagnosis_controls,unblocked,synthetic,diagnosis,query random3:1-2-3 | circuit,,,,,,,,,,,,,,,,,,,,,,,,,,,,,,,3,"[11, 12, 13]",unblocked,,,,,,,,,,,0.0,0.0,0.006827569667317827,0.0001393603574412314,0.0018408610000430297,6.862447101286392e-05,400.0,0.0,1.0,0.0,1.0,0.0,1.0,0.0,3.0,0.0,1083.0,0.0,0.0,0.0,1.0,0.0,0.0,0.0,433200.0,0.0,0.0,0.0,1600.0,0.0,0.0,0.0,0.0,0.0,0.0,0.0,0.0,0.0,0.0,0.0,0.0,0.0,,,,,,,,,,,,,,,,,,,,,,,,,,,,,,,,,,,,,,,,,,,,,,,,,,,,,,,,,,,,,,,,
diagnosis_controls,unblocked,synthetic,diagnosis,known-law error random3:1-2-3 | circuit,,,,,,,,,,,,,,,,,,,,,,,,,,,,,,,3,"[11, 12, 13]",unblocked,,,,,,,,,,,,,,,,,,,,,,,,,,,,,,,,,,,,,,,,,,,,,,,,,,,,,0.21902782056421063,0.06495018397590482,0.46959410237518373,0.05572698137979252,5.876672513845467,1.6950095989149772,0.9036064972900095,0.023327130222628386,0.21902782056421063,0.06495018397590482,0.46959410237518373,0.05572698137979252,5.876672513845467,1.6950095989149772,0.9036064972900095,0.023327130222628386,0.0,0.0,0.0,0.0,0.0,0.0,,,-0.21902782056421063,0.06495018397590482,0.46959410237518373,0.05572698137979252,,,,,,,,,,,,,,,,,,,,,,,,,,,,,,,,,,,,
diagnosis_controls,unblocked,synthetic,diagnosis,joint | random3:1-2-3 | circuit,,,,,,,,,,,,,,,,,,,,,,,,,,,,,,,3,"[11, 12, 13]",unblocked,,,,,,,,,,,,,,,,,,,,,,,,,,,,,,,,,,,,,,,,,,,,,,,,,,,,,,,,,,,,,,,,,,,,,,,,,,,,,,,,,0.05000000000000001,8.498374721940739e-18,200.0,0.0,8.126013914744059,0.536295114523009,12.81732177734375,3.422026479952507,0.051666666666666666,0.015275252316519466,0.05833333333333333,0.010408329997330667,0.4910916666666667,0.007024792404999125,0.5050495922876959,0.010195744600829684,0.4910916666666667,0.007024792404999125,,,0.0,0.0,0.0,0.0,200.0,0.0,200.0,0.0,0.0,0.0,0.0,0.0,,,0.0,0.0
diagnosis_controls,unblocked,synthetic,diagnosis,independent | random3:1-2-3 | circuit,,,,,,,,,,,,,,,,,,,,,,,,,,,,,,,3,"[11, 12, 13]",unblocked,,,,,,,,,,,,,,,,,,,,,,,,,,,,,,,,,,,,,,,,,,,,,,,,,,,,,,,,,,,,,,,,,,,,,,,,,,,,,,,,,0.05000000000000001,8.498374721940739e-18,200.0,0.0,8.126013914744059,0.536295114523009,12.81732177734375,3.422026479952507,0.051666666666666666,0.015275252316519466,0.05833333333333333,0.010408329997330667,0.4910916666666667,0.007024792404999125,0.5050495922876959,0.010195744600829684,0.4910916666666667,0.007024792404999125,,,0.0,0.0,0.0,0.0,200.0,0.0,200.0,0.0,0.0,0.0,0.0,0.0,,,0.0,0.0
diagnosis_controls,unblocked,synthetic,diagnosis,marginal_max | random3:1-2-3 | circuit,,,,,,,,,,,,,,,,,,,,,,,,,,,,,,,3,"[11, 12, 13]",unblocked,,,,,,,,,,,,,,,,,,,,,,,,,,,,,,,,,,,,,,,,,,,,,,,,,,,,,,,,,,,,,,,,,,,,,,,,,,,,,,,,,0.05000000000000001,8.498374721940739e-18,200.0,0.0,8.126013914744059,0.536295114523009,12.81732177734375,3.422026479952507,0.051666666666666666,0.015275252316519466,0.05833333333333333,0.010408329997330667,0.4910916666666667,0.007024792404999125,0.5050495922876959,0.010195744600829684,0.4910916666666667,0.007024792404999125,,,0.0,0.0,0.0,0.0,200.0,0.0,200.0,0.0,0.0,0.0,0.0,0.0,,,0.0,0.0
diagnosis_controls,unblocked,synthetic,diagnosis,conditional_max | random3:1-2-3 | circuit,,,,,,,,,,,,,,,,,,,,,,,,,,,,,,,3,"[11, 12, 13]",unblocked,,,,,,,,,,,,,,,,,,,,,,,,,,,,,,,,,,,,,,,,,,,,,,,,,,,,,,,,,,,,,,,,,,,,,,,,,,,,,,,,,0.05000000000000001,8.498374721940739e-18,200.0,0.0,8.126013914744059,0.536295114523009,12.81732177734375,3.422026479952507,0.051666666666666666,0.015275252316519466,0.05833333333333333,0.010408329997330667,0.4910916666666667,0.007024792404999125,0.5050495922876959,0.010195744600829684,0.4910916666666667,0.007024792404999125,,,0.0,0.0,0.0,0.0,200.0,0.0,200.0,0.0,0.0,0.0,0.0,0.0,,,0.0,0.0
diagnosis_controls,unblocked,synthetic,diagnosis,relational_max | random3:1-2-3 | circuit,,,,,,,,,,,,,,,,,,,,,,,,,,,,,,,3,"[11, 12, 13]",unblocked,,,,,,,,,,,,,,,,,,,,,,,,,,,,,,,,,,,,,,,,,,,,,,,,,,,,,,,,,,,,,,,,,,,,,,,,,,,,,,,,,0.05000000000000001,8.498374721940739e-18,200.0,0.0,0.0,0.0,0.0,0.0,0.0,0.0,0.0,0.0,0.5,0.0,0.5,0.0,0.5,0.0,,,0.0,0.0,0.0,0.0,200.0,0.0,200.0,0.0,0.0,0.0,0.0,0.0,,,0.0,0.0
diagnosis_controls,unblocked,synthetic,diagnosis,query random3:1-2-3 | known_law_oracle,,,,,,,,,,,,,,,,,,,,,,,,,,,,,,,3,"[11, 12, 13]",unblocked,,,,,,,,,,,0.0,0.0,0.0004237776677958512,4.858017741127383e-05,0.0003904443328792695,5.764141771687372e-06,400.0,0.0,1.0,0.0,1.0,0.0,1.0,0.0,2.0,0.0,0.0,0.0,0.0,0.0,1.0,0.0,0.0,0.0,0.0,0.0,0.0,0.0,1600.0,0.0,0.0,0.0,0.0,0.0,0.0,0.0,0.0,0.0,0.0,0.0,0.0,0.0,,,,,,,,,,,,,,,,,,,,,,,,,,,,,,,,,,,,,,,,,,,,,,,,,,,,,,,,,,,,,,,,
diagnosis_controls,unblocked,synthetic,diagnosis,known-law error random3:1-2-3 | known_law_oracle,,,,,,,,,,,,,,,,,,,,,,,,,,,,,,,3,"[11, 12, 13]",unblocked,,,,,,,,,,,,,,,,,,,,,,,,,,,,,,,,,,,,,,,,,,,,,,,,,,,,,0.0,0.0,0.0,0.0,0.0,0.0,1.0,0.0,0.0,0.0,0.0,0.0,0.0,0.0,1.0,0.0,0.0,0.0,0.0,0.0,0.0,0.0,,,0.0,0.0,0.0,0.0,,,,,,,,,,,,,,,,,,,,,,,,,,,,,,,,,,,,
diagnosis_controls,unblocked,synthetic,diagnosis,joint | random3:1-2-3 | known_law_oracle,,,,,,,,,,,,,,,,,,,,,,,,,,,,,,,3,"[11, 12, 13]",unblocked,,,,,,,,,,,,,,,,,,,,,,,,,,,,,,,,,,,,,,,,,,,,,,,,,,,,,,,,,,,,,,,,,,,,,,,,,,,,,,,,,0.05000000000000001,8.498374721940739e-18,200.0,0.0,7.689895496961474,0.5021001950174577,10.071033718670991,2.3032659569915754,0.06333333333333334,0.020207259421636908,0.06,0.0304138126514911,0.48662500000000003,0.006084868527749771,0.4983624026561697,0.008169094318119742,0.48662500000000003,0.006084868527749771,,,0.0,0.0,0.0,0.0,200.0,0.0,200.0,0.0,0.0,0.0,0.0,0.0,,,0.0,0.0
diagnosis_controls,unblocked,synthetic,diagnosis,independent | random3:1-2-3 | known_law_oracle,,,,,,,,,,,,,,,,,,,,,,,,,,,,,,,3,"[11, 12, 13]",unblocked,,,,,,,,,,,,,,,,,,,,,,,,,,,,,,,,,,,,,,,,,,,,,,,,,,,,,,,,,,,,,,,,,,,,,,,,,,,,,,,,,0.05000000000000001,8.498374721940739e-18,200.0,0.0,7.689895496961474,0.5021001950174577,10.071033718670991,2.3032659569915754,0.06333333333333334,0.020207259421636908,0.06,0.0304138126514911,0.48662500000000003,0.006084868527749771,0.4983624026561697,0.008169094318119742,0.48662500000000003,0.006084868527749771,,,0.0,0.0,0.0,0.0,200.0,0.0,200.0,0.0,0.0,0.0,0.0,0.0,,,0.0,0.0
diagnosis_controls,unblocked,synthetic,diagnosis,marginal_max | random3:1-2-3 | known_law_oracle,,,,,,,,,,,,,,,,,,,,,,,,,,,,,,,3,"[11, 12, 13]",unblocked,,,,,,,,,,,,,,,,,,,,,,,,,,,,,,,,,,,,,,,,,,,,,,,,,,,,,,,,,,,,,,,,,,,,,,,,,,,,,,,,,0.05000000000000001,8.498374721940739e-18,200.0,0.0,7.689895496961474,0.5021001950174577,10.071033718670991,2.3032659569915754,0.06333333333333334,0.020207259421636908,0.06,0.0304138126514911,0.48662500000000003,0.006084868527749771,0.4983624026561697,0.008169094318119742,0.48662500000000003,0.006084868527749771,,,0.0,0.0,0.0,0.0,200.0,0.0,200.0,0.0,0.0,0.0,0.0,0.0,,,0.0,0.0
diagnosis_controls,unblocked,synthetic,diagnosis,conditional_max | random3:1-2-3 | known_law_oracle,,,,,,,,,,,,,,,,,,,,,,,,,,,,,,,3,"[11, 12, 13]",unblocked,,,,,,,,,,,,,,,,,,,,,,,,,,,,,,,,,,,,,,,,,,,,,,,,,,,,,,,,,,,,,,,,,,,,,,,,,,,,,,,,,0.05000000000000001,8.498374721940739e-18,200.0,0.0,7.689895496961474,0.5021001950174577,10.071033718670991,2.3032659569915754,0.06333333333333334,0.020207259421636908,0.06,0.0304138126514911,0.48662500000000003,0.006084868527749771,0.4983624026561697,0.008169094318119742,0.48662500000000003,0.006084868527749771,,,0.0,0.0,0.0,0.0,200.0,0.0,200.0,0.0,0.0,0.0,0.0,0.0,,,0.0,0.0
diagnosis_controls,unblocked,synthetic,diagnosis,relational_max | random3:1-2-3 | known_law_oracle,,,,,,,,,,,,,,,,,,,,,,,,,,,,,,,3,"[11, 12, 13]",unblocked,,,,,,,,,,,,,,,,,,,,,,,,,,,,,,,,,,,,,,,,,,,,,,,,,,,,,,,,,,,,,,,,,,,,,,,,,,,,,,,,,0.05000000000000001,8.498374721940739e-18,200.0,0.0,0.0,0.0,0.0,0.0,0.0,0.0,0.0,0.0,0.5,0.0,0.5,0.0,0.5,0.0,,,0.0,0.0,0.0,0.0,200.0,0.0,200.0,0.0,0.0,0.0,0.0,0.0,,,0.0,0.0
diagnosis_controls,unblocked,synthetic,diagnosis,query bank0:0-1 | circuit,,,,,,,,,,,,,,,,,,,,,,,,,,,,,,,3,"[11, 12, 13]",unblocked,,,,,,,,,,,0.0,0.0,0.010093778000737075,0.0002834117144711007,0.0022834443334431853,1.5605331406859977e-05,400.0,0.0,2.0,0.0,2.0,0.0,2.0,0.0,5.0,0.0,1805.0,0.0,0.0,0.0,1.0,0.0,0.0,0.0,722000.0,0.0,0.0,0.0,1600.0,0.0,0.0,0.0,1.1980034112930298,0.09699580031139314,1.6430426041285198,0.1442220059729378,1.4736693302790325,0.20447460495096248,-1.6493147214253743,0.342139731927871,3.07586399714152,0.3929461228269906,,,,,,,,,,,,,,,,,,,,,,,,,,,,,,,,,,,,,,,,,,,,,,,,,,,,,,,,,,,,,,,,
diagnosis_controls,unblocked,synthetic,diagnosis,known-law error bank0:0-1 | circuit,,,,,,,,,,,,,,,,,,,,,,,,,,,,,,,3,"[11, 12, 13]",unblocked,,,,,,,,,,,,,,,,,,,,,,,,,,,,,,,,,,,,,,,,,,,,,,,,,,,,,1.1299154413386339,0.06867519102365655,1.371726074263675,0.06895003514069115,10.13561546879984,4.259016606540421,0.6062227406696771,0.024954473925727753,0.20986989974008108,0.03245299554036991,0.48983488231173444,0.060708568852008954,4.79326759045994,2.042445087831802,0.9069070912470957,0.026217346708729827,0.920045541598553,0.10105625669943233,1.1891527327555254,0.10004766708875848,6.3992032687249205,1.8968929692165393,0.6795553215972131,0.05069189496282976,-1.3397853440589476,0.036422393159256106,1.6020308781363042,0.013170815232115055,,,,,,,,,,,,,,,,,,,,,,,,,,,,,,,,,,,,
diagnosis_controls,unblocked,synthetic,diagnosis,joint | bank0:0-1 | circuit,,,,,,,,,,,,,,,,,,,,,,,,,,,,,,,3,"[11, 12, 13]",unblocked,,,,,,,,,,,,,,,,,,,,,,,,,,,,,,,,,,,,,,,,,,,,,,,,,,,,,,,,,,,,,,,,,,,,,,,,,,,,,,,,,0.05000000000000001,8.498374721940739e-18,200.0,0.0,13.5568634668986,0.3897739649742907,22.01319122314453,6.29407959230454,0.06333333333333334,0.010408329997330662,0.06333333333333334,0.010408329997330662,0.5,0.0,0.5,0.0,0.5,0.0,,,0.0,0.0,200.0,0.0,0.0,0.0,0.0,0.0,0.0,0.0,0.0,0.0,,,0.0,0.0
diagnosis_controls,unblocked,synthetic,diagnosis,independent | bank0:0-1 | circuit,,,,,,,,,,,,,,,,,,,,,,,,,,,,,,,3,"[11, 12, 13]",unblocked,,,,,,,,,,,,,,,,,,,,,,,,,,,,,,,,,,,,,,,,,,,,,,,,,,,,,,,,,,,,,,,,,,,,,,,,,,,,,,,,,0.05000000000000001,8.498374721940739e-18,200.0,0.0,15.406080881754557,0.6116120324598848,23.761141459147137,5.843013082083541,0.065,0.013228756555322952,0.065,0.013228756555322952,0.5,0.0,0.5,0.0,0.5,0.0,,,0.0,0.0,200.0,0.0,0.0,0.0,0.0,0.0,0.0,0.0,0.0,0.0,,,0.0,0.0
diagnosis_controls,unblocked,synthetic,diagnosis,marginal_max | bank0:0-1 | circuit,,,,,,,,,,,,,,,,,,,,,,,,,,,,,,,3,"[11, 12, 13]",unblocked,,,,,,,,,,,,,,,,,,,,,,,,,,,,,,,,,,,,,,,,,,,,,,,,,,,,,,,,,,,,,,,,,,,,,,,,,,,,,,,,,0.05000000000000001,8.498374721940739e-18,200.0,0.0,8.829679171244303,0.4304849233483444,14.351398468017578,4.3034000139578685,0.07,0.027838821814150108,0.07,0.027838821814150108,0.5,0.0,0.5,0.0,0.5,0.0,,,0.0,0.0,200.0,0.0,0.0,0.0,0.0,0.0,0.0,0.0,0.0,0.0,,,0.0,0.0
diagnosis_controls,unblocked,synthetic,diagnosis,conditional_max | bank0:0-1 | circuit,,,,,,,,,,,,,,,,,,,,,,,,,,,,,,,3,"[11, 12, 13]",unblocked,,,,,,,,,,,,,,,,,,,,,,,,,,,,,,,,,,,,,,,,,,,,,,,,,,,,,,,,,,,,,,,,,,,,,,,,,,,,,,,,,0.05000000000000001,8.498374721940739e-18,200.0,0.0,7.564999421437581,0.4179578593500968,12.8941863377889,4.243672197961001,0.07833333333333332,0.017559422921421233,0.07833333333333332,0.017559422921421233,0.5,0.0,0.5,0.0,0.5,0.0,,,0.0,0.0,200.0,0.0,0.0,0.0,0.0,0.0,0.0,0.0,0.0,0.0,,,0.0,0.0
diagnosis_controls,unblocked,synthetic,diagnosis,relational_max | bank0:0-1 | circuit,,,,,,,,,,,,,,,,,,,,,,,,,,,,,,,3,"[11, 12, 13]",unblocked,,,,,,,,,,,,,,,,,,,,,,,,,,,,,,,,,,,,,,,,,,,,,,,,,,,,,,,,,,,,,,,,,,,,,,,,,,,,,,,,,0.05000000000000001,8.498374721940739e-18,200.0,0.0,1.3175066312154133,0.4647208435563326,9.267432848612467,2.3247085598623047,0.06833333333333334,0.01607275126832159,0.06833333333333334,0.01607275126832159,0.5,0.0,0.5,0.0,0.5,0.0,,,0.0,0.0,200.0,0.0,0.0,0.0,0.0,0.0,0.0,0.0,0.0,0.0,,,0.0,0.0
diagnosis_controls,unblocked,synthetic,diagnosis,query bank0:0-1 | known_law_oracle,,,,,,,,,,,,,,,,,,,,,,,,,,,,,,,3,"[11, 12, 13]",unblocked,,,,,,,,,,,0.0,0.0,0.0009235276666004211,1.5134010502187947e-05,0.0008469586658369129,1.8958316123372424e-05,400.0,0.0,2.0,0.0,2.0,0.0,2.0,0.0,3.0,0.0,0.0,0.0,0.0,0.0,1.0,0.0,0.0,0.0,0.0,0.0,0.0,0.0,1600.0,0.0,0.0,0.0,2.118048889511977,0.03141646701381385,2.28014607008394,0.029491370809877227,1.6978145196793875,0.13309930604048953,-0.7122084386461768,0.10227821996367469,5.087134179912623,0.3348361709035126,,,,,,,,,,,,,,,,,,,,,,,,,,,,,,,,,,,,,,,,,,,,,,,,,,,,,,,,,,,,,,,,
diagnosis_controls,unblocked,synthetic,diagnosis,known-law error bank0:0-1 | known_law_oracle,,,,,,,,,,,,,,,,,,,,,,,,,,,,,,,3,"[11, 12, 13]",unblocked,,,,,,,,,,,,,,,,,,,,,,,,,,,,,,,,,,,,,,,,,,,,,,,,,,,,,0.0,0.0,0.0,0.0,0.0,0.0,1.0,7.850462293418876e-17,0.0,0.0,0.0,0.0,0.0,0.0,1.0,7.850462293418876e-17,0.0,0.0,0.0,0.0,0.0,0.0,1.0,7.850462293418876e-17,0.0,0.0,0.0,0.0,,,,,,,,,,,,,,,,,,,,,,,,,,,,,,,,,,,,
diagnosis_controls,unblocked,synthetic,diagnosis,joint | bank0:0-1 | known_law_oracle,,,,,,,,,,,,,,,,,,,,,,,,,,,,,,,3,"[11, 12, 13]",unblocked,,,,,,,,,,,,,,,,,,,,,,,,,,,,,,,,,,,,,,,,,,,,,,,,,,,,,,,,,,,,,,,,,,,,,,,,,,,,,,,,,0.05000000000000001,8.498374721940739e-18,200.0,0.0,11.893229892798225,0.5687274688631019,12.178897972724068,2.250793680864722,0.06833333333333334,0.025658007197234416,0.06833333333333334,0.025658007197234416,0.5,0.0,0.5,0.0,0.5,0.0,,,0.0,0.0,200.0,0.0,0.0,0.0,0.0,0.0,0.0,0.0,0.0,0.0,,,0.0,0.0
diagnosis_controls,unblocked,synthetic,diagnosis,independent | bank0:0-1 | known_law_oracle,,,,,,,,,,,,,,,,,,,,,,,,,,,,,,,3,"[11, 12, 13]",unblocked,,,,,,,,,,,,,,,,,,,,,,,,,,,,,,,,,,,,,,,,,,,,,,,,,,,,,,,,,,,,,,,,,,,,,,,,,,,,,,,,,0.05000000000000001,8.498374721940739e-18,200.0,0.0,15.530203393921816,1.1097664954433233,19.581157822329033,4.553161015933234,0.056666666666666664,0.04752192476461084,0.056666666666666664,0.04752192476461084,0.5,0.0,0.5,0.0,0.5,0.0,,,0.0,0.0,200.0,0.0,0.0,0.0,0.0,0.0,0.0,0.0,0.0,0.0,,,0.0,0.0
diagnosis_controls,unblocked,synthetic,diagnosis,marginal_max | bank0:0-1 | known_law_oracle,,,,,,,,,,,,,,,,,,,,,,,,,,,,,,,3,"[11, 12, 13]",unblocked,,,,,,,,,,,,,,,,,,,,,,,,,,,,,,,,,,,,,,,,,,,,,,,,,,,,,,,,,,,,,,,,,,,,,,,,,,,,,,,,,0.05000000000000001,8.498374721940739e-18,200.0,0.0,8.50225676970686,0.8025616774679297,11.026607722604169,2.92788709015932,0.07166666666666667,0.05619905100029121,0.07166666666666667,0.05619905100029121,0.5,0.0,0.5,0.0,0.5,0.0,,,0.0,0.0,200.0,0.0,0.0,0.0,0.0,0.0,0.0,0.0,0.0,0.0,,,0.0,0.0
diagnosis_controls,unblocked,synthetic,diagnosis,conditional_max | bank0:0-1 | known_law_oracle,,,,,,,,,,,,,,,,,,,,,,,,,,,,,,,3,"[11, 12, 13]",unblocked,,,,,,,,,,,,,,,,,,,,,,,,,,,,,,,,,,,,,,,,,,,,,,,,,,,,,,,,,,,,,,,,,,,,,,,,,,,,,,,,,0.05000000000000001,8.498374721940739e-18,200.0,0.0,6.412057461380322,0.4208635318078273,7.401431090478628,1.076630163802171,0.055,0.02783882181415011,0.055,0.02783882181415011,0.5,0.0,0.5,0.0,0.5,0.0,,,0.0,0.0,200.0,0.0,0.0,0.0,0.0,0.0,0.0,0.0,0.0,0.0,,,0.0,0.0
diagnosis_controls,unblocked,synthetic,diagnosis,relational_max | bank0:0-1 | known_law_oracle,,,,,,,,,,,,,,,,,,,,,,,,,,,,,,,3,"[11, 12, 13]",unblocked,,,,,,,,,,,,,,,,,,,,,,,,,,,,,,,,,,,,,,,,,,,,,,,,,,,,,,,,,,,,,,,,,,,,,,,,,,,,,,,,,0.05000000000000001,8.498374721940739e-18,200.0,0.0,0.6755880722069408,0.3929988831887486,12.161940408549382,0.8837115701503796,0.05333333333333334,0.0202072594216369,0.05333333333333334,0.0202072594216369,0.5,0.0,0.5,0.0,0.5,0.0,,,0.0,0.0,200.0,0.0,0.0,0.0,0.0,0.0,0.0,0.0,0.0,0.0,,,0.0,0.0
diagnosis_controls,unblocked,synthetic,diagnosis,query single_sensor_0 | circuit,,,,,,,,,,,,,,,,,,,,,,,,,,,,,,,3,"[11, 12, 13]",unblocked,,,,,,,,,,,0.0,0.0,0.006727736335354469,0.00012899572945390418,0.001796652665992345,5.968799817397781e-06,400.0,0.0,1.0,0.0,1.0,0.0,1.0,0.0,3.0,0.0,1083.0,0.0,0.0,0.0,1.0,0.0,0.0,0.0,433200.0,0.0,0.0,0.0,1600.0,0.0,0.0,0.0,0.0,0.0,0.0,0.0,0.0,0.0,0.0,0.0,0.0,0.0,,,,,,,,,,,,,,,,,,,,,,,,,,,,,,,,,,,,,,,,,,,,,,,,,,,,,,,,,,,,,,,,
diagnosis_controls,unblocked,synthetic,diagnosis,known-law error single_sensor_0 | circuit,,,,,,,,,,,,,,,,,,,,,,,,,,,,,,,3,"[11, 12, 13]",unblocked,,,,,,,,,,,,,,,,,,,,,,,,,,,,,,,,,,,,,,,,,,,,,,,,,,,,,0.21902782056421063,0.06495018397590482,0.46959410237518373,0.05572698137979252,5.876672513845467,1.6950095989149772,0.9036064972900095,0.023327130222628386,0.21902782056421063,0.06495018397590482,0.46959410237518373,0.05572698137979252,5.876672513845467,1.6950095989149772,0.9036064972900095,0.023327130222628386,0.0,0.0,0.0,0.0,0.0,0.0,,,-0.21902782056421063,0.06495018397590482,0.46959410237518373,0.05572698137979252,,,,,,,,,,,,,,,,,,,,,,,,,,,,,,,,,,,,
diagnosis_controls,unblocked,synthetic,diagnosis,joint | single_sensor_0 | circuit,,,,,,,,,,,,,,,,,,,,,,,,,,,,,,,3,"[11, 12, 13]",unblocked,,,,,,,,,,,,,,,,,,,,,,,,,,,,,,,,,,,,,,,,,,,,,,,,,,,,,,,,,,,,,,,,,,,,,,,,,,,,,,,,,0.05000000000000001,8.498374721940739e-18,200.0,0.0,8.126013914744059,0.536295114523009,12.81732177734375,3.422026479952507,0.051666666666666666,0.015275252316519466,0.05833333333333333,0.010408329997330667,0.4910916666666667,0.007024792404999125,0.5050495922876959,0.010195744600829684,0.4910916666666667,0.007024792404999125,,,0.0,0.0,0.0,0.0,200.0,0.0,200.0,0.0,0.0,0.0,0.0,0.0,,,0.0,0.0
diagnosis_controls,unblocked,synthetic,diagnosis,independent | single_sensor_0 | circuit,,,,,,,,,,,,,,,,,,,,,,,,,,,,,,,3,"[11, 12, 13]",unblocked,,,,,,,,,,,,,,,,,,,,,,,,,,,,,,,,,,,,,,,,,,,,,,,,,,,,,,,,,,,,,,,,,,,,,,,,,,,,,,,,,0.05000000000000001,8.498374721940739e-18,200.0,0.0,8.126013914744059,0.536295114523009,12.81732177734375,3.422026479952507,0.051666666666666666,0.015275252316519466,0.05833333333333333,0.010408329997330667,0.4910916666666667,0.007024792404999125,0.5050495922876959,0.010195744600829684,0.4910916666666667,0.007024792404999125,,,0.0,0.0,0.0,0.0,200.0,0.0,200.0,0.0,0.0,0.0,0.0,0.0,,,0.0,0.0
diagnosis_controls,unblocked,synthetic,diagnosis,marginal_max | single_sensor_0 | circuit,,,,,,,,,,,,,,,,,,,,,,,,,,,,,,,3,"[11, 12, 13]",unblocked,,,,,,,,,,,,,,,,,,,,,,,,,,,,,,,,,,,,,,,,,,,,,,,,,,,,,,,,,,,,,,,,,,,,,,,,,,,,,,,,,0.05000000000000001,8.498374721940739e-18,200.0,0.0,8.126013914744059,0.536295114523009,12.81732177734375,3.422026479952507,0.051666666666666666,0.015275252316519466,0.05833333333333333,0.010408329997330667,0.4910916666666667,0.007024792404999125,0.5050495922876959,0.010195744600829684,0.4910916666666667,0.007024792404999125,,,0.0,0.0,0.0,0.0,200.0,0.0,200.0,0.0,0.0,0.0,0.0,0.0,,,0.0,0.0
diagnosis_controls,unblocked,synthetic,diagnosis,conditional_max | single_sensor_0 | circuit,,,,,,,,,,,,,,,,,,,,,,,,,,,,,,,3,"[11, 12, 13]",unblocked,,,,,,,,,,,,,,,,,,,,,,,,,,,,,,,,,,,,,,,,,,,,,,,,,,,,,,,,,,,,,,,,,,,,,,,,,,,,,,,,,0.05000000000000001,8.498374721940739e-18,200.0,0.0,8.126013914744059,0.536295114523009,12.81732177734375,3.422026479952507,0.051666666666666666,0.015275252316519466,0.05833333333333333,0.010408329997330667,0.4910916666666667,0.007024792404999125,0.5050495922876959,0.010195744600829684,0.4910916666666667,0.007024792404999125,,,0.0,0.0,0.0,0.0,200.0,0.0,200.0,0.0,0.0,0.0,0.0,0.0,,,0.0,0.0
diagnosis_controls,unblocked,synthetic,diagnosis,relational_max | single_sensor_0 | circuit,,,,,,,,,,,,,,,,,,,,,,,,,,,,,,,3,"[11, 12, 13]",unblocked,,,,,,,,,,,,,,,,,,,,,,,,,,,,,,,,,,,,,,,,,,,,,,,,,,,,,,,,,,,,,,,,,,,,,,,,,,,,,,,,,0.05000000000000001,8.498374721940739e-18,200.0,0.0,0.0,0.0,0.0,0.0,0.0,0.0,0.0,0.0,0.5,0.0,0.5,0.0,0.5,0.0,,,0.0,0.0,0.0,0.0,200.0,0.0,200.0,0.0,0.0,0.0,0.0,0.0,,,0.0,0.0
diagnosis_controls,unblocked,synthetic,diagnosis,query single_sensor_0 | known_law_oracle,,,,,,,,,,,,,,,,,,,,,,,,,,,,,,,3,"[11, 12, 13]",unblocked,,,,,,,,,,,0.0,0.0,0.0004077359990333207,4.534946172606723e-06,0.00040391666819535504,7.014367272192299e-07,400.0,0.0,1.0,0.0,1.0,0.0,1.0,0.0,2.0,0.0,0.0,0.0,0.0,0.0,1.0,0.0,0.0,0.0,0.0,0.0,0.0,0.0,1600.0,0.0,0.0,0.0,0.0,0.0,0.0,0.0,0.0,0.0,0.0,0.0,0.0,0.0,,,,,,,,,,,,,,,,,,,,,,,,,,,,,,,,,,,,,,,,,,,,,,,,,,,,,,,,,,,,,,,,
diagnosis_controls,unblocked,synthetic,diagnosis,known-law error single_sensor_0 | known_law_oracle,,,,,,,,,,,,,,,,,,,,,,,,,,,,,,,3,"[11, 12, 13]",unblocked,,,,,,,,,,,,,,,,,,,,,,,,,,,,,,,,,,,,,,,,,,,,,,,,,,,,,0.0,0.0,0.0,0.0,0.0,0.0,1.0,0.0,0.0,0.0,0.0,0.0,0.0,0.0,1.0,0.0,0.0,0.0,0.0,0.0,0.0,0.0,,,0.0,0.0,0.0,0.0,,,,,,,,,,,,,,,,,,,,,,,,,,,,,,,,,,,,
diagnosis_controls,unblocked,synthetic,diagnosis,joint | single_sensor_0 | known_law_oracle,,,,,,,,,,,,,,,,,,,,,,,,,,,,,,,3,"[11, 12, 13]",unblocked,,,,,,,,,,,,,,,,,,,,,,,,,,,,,,,,,,,,,,,,,,,,,,,,,,,,,,,,,,,,,,,,,,,,,,,,,,,,,,,,,0.05000000000000001,8.498374721940739e-18,200.0,0.0,7.689895496961474,0.5021001950174577,10.071033718670991,2.3032659569915754,0.06333333333333334,0.020207259421636908,0.06,0.0304138126514911,0.48662500000000003,0.006084868527749771,0.4983624026561697,0.008169094318119742,0.48662500000000003,0.006084868527749771,,,0.0,0.0,0.0,0.0,200.0,0.0,200.0,0.0,0.0,0.0,0.0,0.0,,,0.0,0.0
diagnosis_controls,unblocked,synthetic,diagnosis,independent | single_sensor_0 | known_law_oracle,,,,,,,,,,,,,,,,,,,,,,,,,,,,,,,3,"[11, 12, 13]",unblocked,,,,,,,,,,,,,,,,,,,,,,,,,,,,,,,,,,,,,,,,,,,,,,,,,,,,,,,,,,,,,,,,,,,,,,,,,,,,,,,,,0.05000000000000001,8.498374721940739e-18,200.0,0.0,7.689895496961474,0.5021001950174577,10.071033718670991,2.3032659569915754,0.06333333333333334,0.020207259421636908,0.06,0.0304138126514911,0.48662500000000003,0.006084868527749771,0.4983624026561697,0.008169094318119742,0.48662500000000003,0.006084868527749771,,,0.0,0.0,0.0,0.0,200.0,0.0,200.0,0.0,0.0,0.0,0.0,0.0,,,0.0,0.0
diagnosis_controls,unblocked,synthetic,diagnosis,marginal_max | single_sensor_0 | known_law_oracle,,,,,,,,,,,,,,,,,,,,,,,,,,,,,,,3,"[11, 12, 13]",unblocked,,,,,,,,,,,,,,,,,,,,,,,,,,,,,,,,,,,,,,,,,,,,,,,,,,,,,,,,,,,,,,,,,,,,,,,,,,,,,,,,,0.05000000000000001,8.498374721940739e-18,200.0,0.0,7.689895496961474,0.5021001950174577,10.071033718670991,2.3032659569915754,0.06333333333333334,0.020207259421636908,0.06,0.0304138126514911,0.48662500000000003,0.006084868527749771,0.4983624026561697,0.008169094318119742,0.48662500000000003,0.006084868527749771,,,0.0,0.0,0.0,0.0,200.0,0.0,200.0,0.0,0.0,0.0,0.0,0.0,,,0.0,0.0
diagnosis_controls,unblocked,synthetic,diagnosis,conditional_max | single_sensor_0 | known_law_oracle,,,,,,,,,,,,,,,,,,,,,,,,,,,,,,,3,"[11, 12, 13]",unblocked,,,,,,,,,,,,,,,,,,,,,,,,,,,,,,,,,,,,,,,,,,,,,,,,,,,,,,,,,,,,,,,,,,,,,,,,,,,,,,,,,0.05000000000000001,8.498374721940739e-18,200.0,0.0,7.689895496961474,0.5021001950174577,10.071033718670991,2.3032659569915754,0.06333333333333334,0.020207259421636908,0.06,0.0304138126514911,0.48662500000000003,0.006084868527749771,0.4983624026561697,0.008169094318119742,0.48662500000000003,0.006084868527749771,,,0.0,0.0,0.0,0.0,200.0,0.0,200.0,0.0,0.0,0.0,0.0,0.0,,,0.0,0.0
diagnosis_controls,unblocked,synthetic,diagnosis,relational_max | single_sensor_0 | known_law_oracle,,,,,,,,,,,,,,,,,,,,,,,,,,,,,,,3,"[11, 12, 13]",unblocked,,,,,,,,,,,,,,,,,,,,,,,,,,,,,,,,,,,,,,,,,,,,,,,,,,,,,,,,,,,,,,,,,,,,,,,,,,,,,,,,,0.05000000000000001,8.498374721940739e-18,200.0,0.0,0.0,0.0,0.0,0.0,0.0,0.0,0.0,0.0,0.5,0.0,0.5,0.0,0.5,0.0,,,0.0,0.0,0.0,0.0,200.0,0.0,200.0,0.0,0.0,0.0,0.0,0.0,,,0.0,0.0
diagnosis_controls,mixture,synthetic,diagnosis,model,0.0,1.1920928955078125e-07,64.0,0.0,65.0,0.0,216.0,0.0,345.0,0.0,1608.0,0.0,1021.3333333333334,309.4597442856394,127.66666666666667,38.68246803570492,111.33333333333333,47.64801499887832,18.129212697347004,0.4324015346695133,2.4452006022135415,0.7498918478220429,17.914137204488117,0.04051140041119627,0.02,0.0,150.0,0.0,128.0,0.0,3,"[11, 12, 13]",mixture,,,,,,,,,,,,,,,,,,,,,,,,,,,,,,,,,,,,,,,,,,,,,,,,,,,,,,,,,,,,,,,,,,,,,,,,,,,,,,,,,,,,,,,,,,,,,,,,,,,,,,,,,,,,,,,,,,,,
diagnosis_controls,mixture,synthetic,diagnosis,shortcut audit,,,,,,,,,,,,,,,,,,,,,,,,,,,,,,,3,"[11, 12, 13]",mixture,0.48155,0.02226208941227215,0.0,0.0,400.0,0.0,400.0,0.0,10.0,0.0,,,,,,,,,,,,,,,,,,,,,,,,,,,,,,,,,,,,,,,,,,,,,,,,,,,,,,,,,,,,,,,,,,,,,,,,,,,,,,,,,,,,,,,,,,,,,,,,,,,,,,,,,,
diagnosis_controls,mixture,synthetic,diagnosis,query full | circuit,,,,,,,,,,,,,,,,,,,,,,,,,,,,,,,3,"[11, 12, 13]",mixture,,,,,,,,,,,3.4968058268229165e-06,5.506041232963808e-07,0.006557138999293481,4.5099684087791625e-05,0.003772528000505796,0.00016438562987818717,400.0,0.0,4.0,0.0,4.0,0.0,4.0,0.0,3.0,0.0,434.0,0.0,32.0,0.0,1.0,0.0,0.0064856666666666665,4.500370355130053e-05,173600.0,0.0,25600.0,0.0,1600.0,0.0,51200.0,0.0,2.286616563796997,0.17939890863322475,2.545214573542277,0.16199222705577523,1.9265241622924805,0.05215577994399001,-0.949389656384786,0.2378125351261357,5.042434533437093,0.17367334227132916,,,,,,,,,,,,,,,,,,,,,,,,,,,,,,,,,,,,,,,,,,,,,,,,,,,,,,,,,,,,,,,,
diagnosis_controls,mixture,synthetic,diagnosis,known-law error full | circuit,,,,,,,,,,,,,,,,,,,,,,,,,,,,,,,3,"[11, 12, 13]",mixture,,,,,,,,,,,,,,,,,,,,,,,,,,,,,,,,,,,,,,,,,,,,,,,,,,,,,0.48303998463303316,0.10488948254186822,2.7036179524584814,0.11596399705729478,43.404646098585886,14.088747757214824,0.5927948437533764,0.017093966111301463,0.14410889689446876,0.026378480201005375,0.38524313354566503,0.027553381798851757,6.2388013441634165,1.9382813217642116,0.9394524602415811,0.009738647048423343,0.3389310791455615,0.07933226902384768,2.6188715921782344,0.12618490254167392,43.7504458482855,13.674828850632617,0.6260048934438319,0.032271671454743155,-1.1969094817649877,0.3657340300517348,5.73727274127972,0.33725513761217357,,,,,,,,,,,,,,,,,,,,,,,,,,,,,,,,,,,,
diagnosis_controls,mixture,synthetic,diagnosis,joint | full | circuit,,,,,,,,,,,,,,,,,,,,,,,,,,,,,,,3,"[11, 12, 13]",mixture,,,,,,,,,,,,,,,,,,,,,,,,,,,,,,,,,,,,,,,,,,,,,,,,,,,,,,,,,,,,,,,,,,,,,,,,,,,,,,,,,0.05000000000000001,8.498374721940739e-18,200.0,0.0,28.736726760864258,3.7889164132290434,42.85575866699219,11.347782807867935,0.05666666666666667,0.05107184482014854,0.10333333333333333,0.10054020754570449,0.6578583333333333,0.010990687345809325,0.6132922603236816,0.004570376610461315,0.6578583333333333,0.010990687345809325,0.7398611111111112,0.02355671839372961,200.0,0.0,0.0,0.0,0.0,0.0,0.0,0.0,200.0,0.0,179.33333333333334,20.108041509140897,0.5883333333333334,0.032532035493238534,0.065,0.05567764362830022
diagnosis_controls,mixture,synthetic,diagnosis,independent | full | circuit,,,,,,,,,,,,,,,,,,,,,,,,,,,,,,,3,"[11, 12, 13]",mixture,,,,,,,,,,,,,,,,,,,,,,,,,,,,,,,,,,,,,,,,,,,,,,,,,,,,,,,,,,,,,,,,,,,,,,,,,,,,,,,,,0.05000000000000001,8.498374721940739e-18,200.0,0.0,31.62423833211263,1.5392905355894662,45.38140360514323,11.069795269669603,0.043333333333333335,0.010408329997330662,0.028333333333333335,0.014433756729740642,0.5252833333333333,0.005551369951042103,0.49743266871110176,0.0005529701476742157,0.5252833333333333,0.005551369951042103,0.5444444444444444,0.012777022924563222,200.0,0.0,0.0,0.0,0.0,0.0,0.0,0.0,200.0,0.0,194.33333333333334,2.886751345948129,0.3283333333333333,0.018929694486000896,0.0033333333333333335,0.002886751345948129
diagnosis_controls,mixture,synthetic,diagnosis,marginal_max | full | circuit,,,,,,,,,,,,,,,,,,,,,,,,,,,,,,,3,"[11, 12, 13]",mixture,,,,,,,,,,,,,,,,,,,,,,,,,,,,,,,,,,,,,,,,,,,,,,,,,,,,,,,,,,,,,,,,,,,,,,,,,,,,,,,,,0.05000000000000001,8.498374721940739e-18,200.0,0.0,9.769603729248047,1.0070201596163904,16.989610989888508,1.8974999574781077,0.055,0.019999999999999997,0.06666666666666667,0.03685557397915997,0.5699708333333334,0.016538762864353965,0.5465762395652798,0.006795455340351414,0.5699708333333334,0.016538762864353965,0.5444444444444444,0.012777022924563222,200.0,0.0,0.0,0.0,0.0,0.0,0.0,0.0,200.0,0.0,186.66666666666666,7.371114795831994,0.3283333333333333,0.018929694486000896,0.021666666666666667,0.014433756729740642
diagnosis_controls,mixture,synthetic,diagnosis,conditional_max | full | circuit,,,,,,,,,,,,,,,,,,,,,,,,,,,,,,,3,"[11, 12, 13]",mixture,,,,,,,,,,,,,,,,,,,,,,,,,,,,,,,,,,,,,,,,,,,,,,,,,,,,,,,,,,,,,,,,,,,,,,,,,,,,,,,,,0.05000000000000001,8.498374721940739e-18,200.0,0.0,8.950091997782389,1.0422231258605386,16.458936373392742,1.9238565818808375,0.06,0.03605551275463989,0.25,0.12816005617976298,0.7197083333333333,0.022447860885468195,0.717991977465472,0.011189585760731152,0.7197083333333333,0.022447860885468195,0.7398611111111112,0.02355671839372961,200.0,0.0,0.0,0.0,0.0,0.0,0.0,0.0,200.0,0.0,150.0,25.632011235952593,0.5883333333333334,0.032532035493238534,0.19666666666666666,0.08779711460710617
diagnosis_controls,mixture,synthetic,diagnosis,relational_max | full | circuit,,,,,,,,,,,,,,,,,,,,,,,,,,,,,,,3,"[11, 12, 13]",mixture,,,,,,,,,,,,,,,,,,,,,,,,,,,,,,,,,,,,,,,,,,,,,,,,,,,,,,,,,,,,,,,,,,,,,,,,,,,,,,,,,0.05000000000000001,8.498374721940739e-18,200.0,0.0,2.102313995361328,0.21708655260988124,10.24998919169108,0.6338756780656098,0.065,0.024999999999999998,0.395,0.037749172176353755,0.788625,0.02796016139080748,0.8066994533587248,0.026969283965649713,0.788625,0.02796016139080748,0.8112499999999999,0.024177440127340015,200.0,0.0,0.0,0.0,0.0,0.0,0.3333333333333333,0.5773502691896258,199.66666666666666,0.5773502691896258,120.66666666666667,8.082903768654761,0.686180904522613,0.031623375497112347,0.34,0.037749172176353755
diagnosis_controls,mixture,synthetic,diagnosis,query full | known_law_oracle,,,,,,,,,,,,,,,,,,,,,,,,,,,,,,,3,"[11, 12, 13]",mixture,,,,,,,,,,,0.0,0.0,0.0017614166669469948,3.0087229631326542e-05,0.0014516389989391125,5.476326414647627e-05,400.0,0.0,4.0,0.0,4.0,0.0,4.0,0.0,5.0,0.0,0.0,0.0,0.0,0.0,1.0,0.0,0.0,0.0,0.0,0.0,0.0,0.0,1600.0,0.0,0.0,0.0,7.458060888417314,0.25529820977805073,7.487742644178159,0.25596136975985045,4.29311638370771,0.41949207003236205,1.7165980586251164,0.2537650127276923,15.199188680483672,0.48829298369248797,,,,,,,,,,,,,,,,,,,,,,,,,,,,,,,,,,,,,,,,,,,,,,,,,,,,,,,,,,,,,,,,
diagnosis_controls,mixture,synthetic,diagnosis,known-law error full | known_law_oracle,,,,,,,,,,,,,,,,,,,,,,,,,,,,,,,3,"[11, 12, 13]",mixture,,,,,,,,,,,,,,,,,,,,,,,,,,,,,,,,,,,,,,,,,,,,,,,,,,,,,0.0,0.0,0.0,0.0,0.0,0.0,1.0,1.5700924586837752e-16,0.0,0.0,0.0,0.0,0.0,0.0,1.0,7.850462293418876e-17,0.0,0.0,0.0,0.0,0.0,0.0,0.9999999999999999,1.1102230246251565e-16,0.0,0.0,0.0,0.0,,,,,,,,,,,,,,,,,,,,,,,,,,,,,,,,,,,,
diagnosis_controls,mixture,synthetic,diagnosis,joint | full | known_law_oracle,,,,,,,,,,,,,,,,,,,,,,,,,,,,,,,3,"[11, 12, 13]",mixture,,,,,,,,,,,,,,,,,,,,,,,,,,,,,,,,,,,,,,,,,,,,,,,,,,,,,,,,,,,,,,,,,,,,,,,,,,,,,,,,,0.05000000000000001,8.498374721940739e-18,200.0,0.0,17.91450230193044,0.8029985958891804,63.27637329993559,16.883520915475263,0.06166666666666667,0.03752776749732568,0.6849999999999999,0.03499999999999997,0.888475,0.0024337471109381866,0.9132739110151573,0.001032124340263655,0.888475,0.0024337471109381866,0.938888888888889,0.004455281925651481,200.0,0.0,0.0,0.0,0.0,0.0,0.0,0.0,200.0,0.0,63.0,7.0,0.8916666666666667,0.012583057392117928,0.6633333333333334,0.028867513459481315
diagnosis_controls,mixture,synthetic,diagnosis,independent | full | known_law_oracle,,,,,,,,,,,,,,,,,,,,,,,,,,,,,,,3,"[11, 12, 13]",mixture,,,,,,,,,,,,,,,,,,,,,,,,,,,,,,,,,,,,,,,,,,,,,,,,,,,,,,,,,,,,,,,,,,,,,,,,,,,,,,,,,0.05000000000000001,8.498374721940739e-18,200.0,0.0,30.394810637944857,1.7456559266015603,37.673969515783064,12.89465205486235,0.05000000000000001,0.03,0.03333333333333333,0.020816659994661327,0.5234166666666666,0.004127070187594757,0.4953227809589944,0.004301656105251656,0.5234166666666666,0.004127070187594757,0.5505555555555555,0.020165690977315714,200.0,0.0,0.0,0.0,0.0,0.0,0.0,0.0,200.0,0.0,193.33333333333334,4.163331998932265,0.34,0.027838821814150105,0.0033333333333333335,0.002886751345948129
diagnosis_controls,mixture,synthetic,diagnosis,marginal_max | full | known_law_oracle,,,,,,,,,,,,,,,,,,,,,,,,,,,,,,,3,"[11, 12, 13]",mixture,,,,,,,,,,,,,,,,,,,,,,,,,,,,,,,,,,,,,,,,,,,,,,,,,,,,,,,,,,,,,,,,,,,,,,,,,,,,,,,,,0.05000000000000001,8.498374721940739e-18,200.0,0.0,9.192884101667678,0.7963954592303953,11.261155906764195,2.2620011769434365,0.055,0.030000000000000002,0.06666666666666667,0.05131601439446884,0.5722833333333334,0.003110122920936335,0.5452595549502569,0.009046311259488038,0.5722833333333334,0.003110122920936335,0.5505555555555555,0.020165690977315714,200.0,0.0,0.0,0.0,0.0,0.0,0.0,0.0,200.0,0.0,186.66666666666666,10.263202878893768,0.34,0.027838821814150105,0.021666666666666667,0.018929694486000914
diagnosis_controls,mixture,synthetic,diagnosis,conditional_max | full | known_law_oracle,,,,,,,,,,,,,,,,,,,,,,,,,,,,,,,3,"[11, 12, 13]",mixture,,,,,,,,,,,,,,,,,,,,,,,,,,,,,,,,,,,,,,,,,,,,,,,,,,,,,,,,,,,,,,,,,,,,,,,,,,,,,,,,,0.05000000000000001,8.498374721940739e-18,200.0,0.0,6.570335063123905,0.3806081608724651,56.5530306920135,14.130245034599612,0.055,0.013228756555322957,0.7683333333333332,0.02466441431158126,0.9254000000000001,0.00731368580129059,0.9409425870159445,0.006300026681139945,0.9254000000000001,0.00731368580129059,0.938888888888889,0.004455281925651481,200.0,0.0,0.0,0.0,0.0,0.0,0.0,0.0,200.0,0.0,46.333333333333336,4.932882862316248,0.8916666666666667,0.012583057392117928,0.745,0.02291287847477922
diagnosis_controls,mixture,synthetic,diagnosis,relational_max | full | known_law_oracle,,,,,,,,,,,,,,,,,,,,,,,,,,,,,,,3,"[11, 12, 13]",mixture,,,,,,,,,,,,,,,,,,,,,,,,,,,,,,,,,,,,,,,,,,,,,,,,,,,,,,,,,,,,,,,,,,,,,,,,,,,,,,,,,0.05000000000000001,8.498374721940739e-18,200.0,0.0,1.607312492223131,0.46954375487359784,58.44267898830007,15.161917675638659,0.05000000000000001,0.020000000000000004,0.7966666666666667,0.057951128835712365,0.9431249999999999,0.012824561396008816,0.9551837990249066,0.009499754655342517,0.9431249999999999,0.012824561396008816,0.9362499999999999,0.010316182002616494,200.0,0.0,0.0,0.0,0.0,0.0,0.0,0.0,200.0,0.0,40.666666666666664,11.590225767142474,0.8883333333333333,0.023094010767585053,0.7733333333333333,0.060069404303133664
diagnosis_controls,mixture,synthetic,diagnosis,query random1:0 | circuit,,,,,,,,,,,,,,,,,,,,,,,,,,,,,,,3,"[11, 12, 13]",mixture,,,,,,,,,,,2.2252400716145835e-06,2.753020616481904e-07,0.005892041668024224,3.851828723677469e-05,0.0035906389991093115,2.4181656279442324e-05,400.0,0.0,3.0,0.0,3.0,0.0,3.0,0.0,3.0,0.0,434.0,0.0,32.0,0.0,1.0,0.0,0.005816666666666667,4.037738641038249e-05,173600.0,0.0,25600.0,0.0,1600.0,0.0,51200.0,0.0,1.4238255818684895,0.16079724050598626,1.6990592082341511,0.1337938291025429,1.398783763249715,0.08801380827673617,-1.091612199942271,0.20704308869249827,3.3588037490844727,0.10404066509406959,,,,,,,,,,,,,,,,,,,,,,,,,,,,,,,,,,,,,,,,,,,,,,,,,,,,,,,,,,,,,,,,
diagnosis_controls,mixture,synthetic,diagnosis,known-law error random1:0 | circuit,,,,,,,,,,,,,,,,,,,,,,,,,,,,,,,3,"[11, 12, 13]",mixture,,,,,,,,,,,,,,,,,,,,,,,,,,,,,,,,,,,,,,,,,,,,,,,,,,,,,1.9034305433970096,0.006465289447086658,2.0855740957583544,0.009929162921501677,13.00750049138552,5.579012618587129,0.4128489702830486,0.06846344322424255,0.1369436073422284,0.021835433397381965,0.388432438133876,0.03040582822301644,4.619773352887946,2.6017217855646115,0.939437511375111,0.010633842041272362,1.7664869353925077,0.0191911171351723,1.9710381943974824,0.035679440706003575,9.090762576974027,2.476736452211835,0.4923894156701046,0.03498518484276975,-3.6143222085468736,0.05719731272824898,3.7234353152096724,0.044229977191266846,,,,,,,,,,,,,,,,,,,,,,,,,,,,,,,,,,,,
diagnosis_controls,mixture,synthetic,diagnosis,joint | random1:0 | circuit,,,,,,,,,,,,,,,,,,,,,,,,,,,,,,,3,"[11, 12, 13]",mixture,,,,,,,,,,,,,,,,,,,,,,,,,,,,,,,,,,,,,,,,,,,,,,,,,,,,,,,,,,,,,,,,,,,,,,,,,,,,,,,,,0.05000000000000001,8.498374721940739e-18,200.0,0.0,22.147181193033855,2.492234433944826,33.65240987141927,12.502294698129607,0.041666666666666664,0.032532035493238555,0.041666666666666664,0.032532035493238555,0.5,0.0,0.5,0.0,0.5,0.0,,,0.0,0.0,200.0,0.0,0.0,0.0,0.0,0.0,0.0,0.0,0.0,0.0,,,0.0,0.0
diagnosis_controls,mixture,synthetic,diagnosis,independent | random1:0 | circuit,,,,,,,,,,,,,,,,,,,,,,,,,,,,,,,3,"[11, 12, 13]",mixture,,,,,,,,,,,,,,,,,,,,,,,,,,,,,,,,,,,,,,,,,,,,,,,,,,,,,,,,,,,,,,,,,,,,,,,,,,,,,,,,,0.05000000000000001,8.498374721940739e-18,200.0,0.0,23.98532231648763,1.4558902111139365,36.075304667154946,11.653471264476176,0.041666666666666664,0.0202072594216369,0.041666666666666664,0.0202072594216369,0.5,0.0,0.5,0.0,0.5,0.0,,,0.0,0.0,200.0,0.0,0.0,0.0,0.0,0.0,0.0,0.0,0.0,0.0,,,0.0,0.0
diagnosis_controls,mixture,synthetic,diagnosis,marginal_max | random1:0 | circuit,,,,,,,,,,,,,,,,,,,,,,,,,,,,,,,3,"[11, 12, 13]",mixture,,,,,,,,,,,,,,,,,,,,,,,,,,,,,,,,,,,,,,,,,,,,,,,,,,,,,,,,,,,,,,,,,,,,,,,,,,,,,,,,,0.05000000000000001,8.498374721940739e-18,200.0,0.0,9.53658676147461,1.322311908639353,15.061710993448893,4.730828115517245,0.055,0.03774917217635375,0.055,0.03774917217635375,0.5,0.0,0.5,0.0,0.5,0.0,,,0.0,0.0,200.0,0.0,0.0,0.0,0.0,0.0,0.0,0.0,0.0,0.0,,,0.0,0.0
diagnosis_controls,mixture,synthetic,diagnosis,conditional_max | random1:0 | circuit,,,,,,,,,,,,,,,,,,,,,,,,,,,,,,,3,"[11, 12, 13]",mixture,,,,,,,,,,,,,,,,,,,,,,,,,,,,,,,,,,,,,,,,,,,,,,,,,,,,,,,,,,,,,,,,,,,,,,,,,,,,,,,,,0.05000000000000001,8.498374721940739e-18,200.0,0.0,8.667808214823404,1.1605462131596136,13.880948384602865,5.015275237367526,0.05833333333333333,0.041932485418030414,0.05833333333333333,0.041932485418030414,0.5,0.0,0.5,0.0,0.5,0.0,,,0.0,0.0,200.0,0.0,0.0,0.0,0.0,0.0,0.0,0.0,0.0,0.0,,,0.0,0.0
diagnosis_controls,mixture,synthetic,diagnosis,relational_max | random1:0 | circuit,,,,,,,,,,,,,,,,,,,,,,,,,,,,,,,3,"[11, 12, 13]",mixture,,,,,,,,,,,,,,,,,,,,,,,,,,,,,,,,,,,,,,,,,,,,,,,,,,,,,,,,,,,,,,,,,,,,,,,,,,,,,,,,,0.05000000000000001,8.498374721940739e-18,200.0,0.0,1.8428058624267578,0.22616799012992264,6.57091744740804,0.9355184256926609,0.06,0.017320508075688773,0.06,0.017320508075688773,0.5,0.0,0.5,0.0,0.5,0.0,,,0.0,0.0,200.0,0.0,0.0,0.0,0.0,0.0,0.0,0.0,0.0,0.0,,,0.0,0.0
diagnosis_controls,mixture,synthetic,diagnosis,query random1:0 | known_law_oracle,,,,,,,,,,,,,,,,,,,,,,,,,,,,,,,3,"[11, 12, 13]",mixture,,,,,,,,,,,0.0,0.0,0.0012917083331558388,1.6711462024011287e-05,0.0011387776661043365,3.355337366787162e-06,400.0,0.0,3.0,0.0,3.0,0.0,3.0,0.0,4.0,0.0,0.0,0.0,0.0,0.0,1.0,0.0,0.0,0.0,0.0,0.0,0.0,0.0,1600.0,0.0,0.0,0.0,4.627316966401856,0.16307299118556964,4.712017089467656,0.11676318793947561,3.026830896452991,0.2586339937212524,0.4658740226593728,0.3384785170764952,9.77032003486938,0.6432838298811988,,,,,,,,,,,,,,,,,,,,,,,,,,,,,,,,,,,,,,,,,,,,,,,,,,,,,,,,,,,,,,,,
diagnosis_controls,mixture,synthetic,diagnosis,known-law error random1:0 | known_law_oracle,,,,,,,,,,,,,,,,,,,,,,,,,,,,,,,3,"[11, 12, 13]",mixture,,,,,,,,,,,,,,,,,,,,,,,,,,,,,,,,,,,,,,,,,,,,,,,,,,,,,0.0,0.0,0.0,0.0,0.0,0.0,1.0,1.1102230246251565e-16,0.0,0.0,0.0,0.0,0.0,0.0,1.0,0.0,0.0,0.0,0.0,0.0,0.0,0.0,1.0,0.0,0.0,0.0,0.0,0.0,,,,,,,,,,,,,,,,,,,,,,,,,,,,,,,,,,,,
diagnosis_controls,mixture,synthetic,diagnosis,joint | random1:0 | known_law_oracle,,,,,,,,,,,,,,,,,,,,,,,,,,,,,,,3,"[11, 12, 13]",mixture,,,,,,,,,,,,,,,,,,,,,,,,,,,,,,,,,,,,,,,,,,,,,,,,,,,,,,,,,,,,,,,,,,,,,,,,,,,,,,,,,0.05000000000000001,8.498374721940739e-18,200.0,0.0,14.935343620961225,0.6200248163381805,13.974248921396907,2.140536873776643,0.056666666666666664,0.02254624876411447,0.056666666666666664,0.02254624876411447,0.5,0.0,0.5,0.0,0.5,0.0,,,0.0,0.0,200.0,0.0,0.0,0.0,0.0,0.0,0.0,0.0,0.0,0.0,,,0.0,0.0
diagnosis_controls,mixture,synthetic,diagnosis,independent | random1:0 | known_law_oracle,,,,,,,,,,,,,,,,,,,,,,,,,,,,,,,3,"[11, 12, 13]",mixture,,,,,,,,,,,,,,,,,,,,,,,,,,,,,,,,,,,,,,,,,,,,,,,,,,,,,,,,,,,,,,,,,,,,,,,,,,,,,,,,,0.05000000000000001,8.498374721940739e-18,200.0,0.0,23.064225268769338,1.4580430040976473,29.455796539991923,8.71210378294894,0.049999999999999996,0.04272001872658766,0.049999999999999996,0.04272001872658766,0.5,0.0,0.5,0.0,0.5,0.0,,,0.0,0.0,200.0,0.0,0.0,0.0,0.0,0.0,0.0,0.0,0.0,0.0,,,0.0,0.0
diagnosis_controls,mixture,synthetic,diagnosis,marginal_max | random1:0 | known_law_oracle,,,,,,,,,,,,,,,,,,,,,,,,,,,,,,,3,"[11, 12, 13]",mixture,,,,,,,,,,,,,,,,,,,,,,,,,,,,,,,,,,,,,,,,,,,,,,,,,,,,,,,,,,,,,,,,,,,,,,,,,,,,,,,,,0.05000000000000001,8.498374721940739e-18,200.0,0.0,8.867459059957293,0.8315980696454699,10.961353536093142,2.848882890820819,0.06333333333333334,0.04856267428111155,0.06333333333333334,0.04856267428111155,0.5,0.0,0.5,0.0,0.5,0.0,,,0.0,0.0,200.0,0.0,0.0,0.0,0.0,0.0,0.0,0.0,0.0,0.0,,,0.0,0.0
diagnosis_controls,mixture,synthetic,diagnosis,conditional_max | random1:0 | known_law_oracle,,,,,,,,,,,,,,,,,,,,,,,,,,,,,,,3,"[11, 12, 13]",mixture,,,,,,,,,,,,,,,,,,,,,,,,,,,,,,,,,,,,,,,,,,,,,,,,,,,,,,,,,,,,,,,,,,,,,,,,,,,,,,,,,0.05000000000000001,8.498374721940739e-18,200.0,0.0,6.471471241677171,0.48829282531222534,8.361070651078274,1.3635006876038969,0.045000000000000005,0.013228756555322954,0.045000000000000005,0.013228756555322954,0.5,0.0,0.5,0.0,0.5,0.0,,,0.0,0.0,200.0,0.0,0.0,0.0,0.0,0.0,0.0,0.0,0.0,0.0,,,0.0,0.0
diagnosis_controls,mixture,synthetic,diagnosis,relational_max | random1:0 | known_law_oracle,,,,,,,,,,,,,,,,,,,,,,,,,,,,,,,3,"[11, 12, 13]",mixture,,,,,,,,,,,,,,,,,,,,,,,,,,,,,,,,,,,,,,,,,,,,,,,,,,,,,,,,,,,,,,,,,,,,,,,,,,,,,,,,,0.05000000000000001,8.498374721940739e-18,200.0,0.0,1.4754989400425194,0.4936331413940235,13.103990108532907,2.5043772474858463,0.05000000000000001,0.020000000000000004,0.05000000000000001,0.020000000000000004,0.5,0.0,0.5,0.0,0.5,0.0,,,0.0,0.0,200.0,0.0,0.0,0.0,0.0,0.0,0.0,0.0,0.0,0.0,,,0.0,0.0
diagnosis_controls,mixture,synthetic,diagnosis,query random2:1-2 | circuit,,,,,,,,,,,,,,,,,,,,,,,,,,,,,,,3,"[11, 12, 13]",mixture,,,,,,,,,,,1.3510386149088542e-06,4.963078497567493e-07,0.005888986333350961,4.1343673458852216e-05,0.0035623193349844464,5.677304555559663e-06,400.0,0.0,2.0,0.0,2.0,0.0,2.0,0.0,3.0,0.0,434.0,0.0,32.0,0.0,1.0,0.0,0.005819666666666667,4.069807530256611e-05,173600.0,0.0,25600.0,0.0,1600.0,0.0,51200.0,0.0,0.6829464634259542,0.1057276897304786,0.92954421043396,0.0703852818428887,0.8075288931528727,0.06577112615671613,-0.8739520311355591,0.24775368099978196,1.6676456133524578,0.19897565038145096,,,,,,,,,,,,,,,,,,,,,,,,,,,,,,,,,,,,,,,,,,,,,,,,,,,,,,,,,,,,,,,,
diagnosis_controls,mixture,synthetic,diagnosis,known-law error random2:1-2 | circuit,,,,,,,,,,,,,,,,,,,,,,,,,,,,,,,3,"[11, 12, 13]",mixture,,,,,,,,,,,,,,,,,,,,,,,,,,,,,,,,,,,,,,,,,,,,,,,,,,,,,-1.2260921842176837,0.19077334650417913,3.146516800399251,0.20963127594371916,24.23829761416556,8.768629278635037,0.6948664720449166,0.039835548753506866,0.14916831689147203,0.02082251109861862,0.3828324576839637,0.02081009142090467,4.712973836553201,2.1073909675207343,0.941875213448943,0.011003444980183383,-1.3752605081623719,0.17011947050862616,3.119371947847524,0.196860441177812,24.394222905270542,8.25005206232255,0.6747562773297732,0.05039200755013908,1.076923857690127,0.2114603379188089,3.1810986650691064,0.21975781793620106,,,,,,,,,,,,,,,,,,,,,,,,,,,,,,,,,,,,
diagnosis_controls,mixture,synthetic,diagnosis,joint | random2:1-2 | circuit,,,,,,,,,,,,,,,,,,,,,,,,,,,,,,,3,"[11, 12, 13]",mixture,,,,,,,,,,,,,,,,,,,,,,,,,,,,,,,,,,,,,,,,,,,,,,,,,,,,,,,,,,,,,,,,,,,,,,,,,,,,,,,,,0.05000000000000001,8.498374721940739e-18,200.0,0.0,14.57601547241211,0.6669859939463602,22.80665461222331,5.268880791214264,0.06666666666666667,0.010408329997330663,0.13833333333333334,0.06006940430313367,0.6593916666666667,0.012357344307468874,0.6339339719724797,0.020116124336687025,0.6593916666666667,0.012357344307468874,0.7425,0.004330127018922165,200.0,0.0,0.0,0.0,0.0,0.0,0.0,0.0,200.0,0.0,172.33333333333334,12.013880860626733,0.48500000000000004,0.008660254037844395,0.06833333333333334,0.025166114784235832
diagnosis_controls,mixture,synthetic,diagnosis,independent | random2:1-2 | circuit,,,,,,,,,,,,,,,,,,,,,,,,,,,,,,,3,"[11, 12, 13]",mixture,,,,,,,,,,,,,,,,,,,,,,,,,,,,,,,,,,,,,,,,,,,,,,,,,,,,,,,,,,,,,,,,,,,,,,,,,,,,,,,,,0.05000000000000001,8.498374721940739e-18,200.0,0.0,15.691299438476562,0.5618309053455077,23.555715560913086,4.972477370675382,0.05333333333333334,0.0057735026918962545,0.035,0.02,0.5243583333333334,0.013748234735169907,0.49784437831098965,0.001953158361378302,0.5243583333333334,0.013748234735169907,0.7425,0.004330127018922165,200.0,0.0,0.0,0.0,0.0,0.0,0.0,0.0,200.0,0.0,193.0,4.0,0.48500000000000004,0.008660254037844395,0.018333333333333333,0.010408329997330663
diagnosis_controls,mixture,synthetic,diagnosis,marginal_max | random2:1-2 | circuit,,,,,,,,,,,,,,,,,,,,,,,,,,,,,,,3,"[11, 12, 13]",mixture,,,,,,,,,,,,,,,,,,,,,,,,,,,,,,,,,,,,,,,,,,,,,,,,,,,,,,,,,,,,,,,,,,,,,,,,,,,,,,,,,0.05000000000000001,8.498374721940739e-18,200.0,0.0,8.720658620198568,0.47173036093194154,14.67444928487142,2.5149052222270734,0.06833333333333334,0.014433756729740649,0.09000000000000001,0.025,0.5601875,0.02067136077402745,0.5421526204739302,0.011402220162232355,0.5601875,0.02067136077402745,0.7425,0.004330127018922165,200.0,0.0,0.0,0.0,0.0,0.0,0.0,0.0,200.0,0.0,182.0,5.0,0.48500000000000004,0.008660254037844395,0.041666666666666664,0.0057735026918962545
diagnosis_controls,mixture,synthetic,diagnosis,conditional_max | random2:1-2 | circuit,,,,,,,,,,,,,,,,,,,,,,,,,,,,,,,3,"[11, 12, 13]",mixture,,,,,,,,,,,,,,,,,,,,,,,,,,,,,,,,,,,,,,,,,,,,,,,,,,,,,,,,,,,,,,,,,,,,,,,,,,,,,,,,,0.05000000000000001,8.498374721940739e-18,200.0,0.0,7.758127053578694,0.4017740353822975,16.549129486083984,2.8593736195016137,0.08,0.017320508075688773,0.32666666666666666,0.03403429642777023,0.7251666666666666,0.0175747747733316,0.7262189367596812,0.02972999518740066,0.7251666666666666,0.0175747747733316,0.7425,0.004330127018922165,200.0,0.0,0.0,0.0,0.0,0.0,0.0,0.0,200.0,0.0,134.66666666666666,6.8068592855540455,0.48500000000000004,0.008660254037844395,0.15666666666666665,0.022546248764114464
diagnosis_controls,mixture,synthetic,diagnosis,relational_max | random2:1-2 | circuit,,,,,,,,,,,,,,,,,,,,,,,,,,,,,,,3,"[11, 12, 13]",mixture,,,,,,,,,,,,,,,,,,,,,,,,,,,,,,,,,,,,,,,,,,,,,,,,,,,,,,,,,,,,,,,,,,,,,,,,,,,,,,,,,0.05000000000000001,8.498374721940739e-18,200.0,0.0,0.7116254170735677,0.2640888747510538,8.000710169474283,0.7414070237436017,0.075,0.02598076211353316,0.4633333333333334,0.04645786621588786,0.8006833333333333,0.024234599921049475,0.8222540437393269,0.016566148282124642,0.8006833333333333,0.024234599921049475,0.5341666666666667,0.0014433756729740977,200.0,0.0,0.0,0.0,0.0,0.0,200.0,0.0,0.0,0.0,0.0,0.0,,,0.0,0.0
diagnosis_controls,mixture,synthetic,diagnosis,query random2:1-2 | known_law_oracle,,,,,,,,,,,,,,,,,,,,,,,,,,,,,,,3,"[11, 12, 13]",mixture,,,,,,,,,,,0.0,0.0,0.0009313613324290296,5.418330506288579e-06,0.0008257636667015807,6.134242948778352e-06,400.0,0.0,2.0,0.0,2.0,0.0,2.0,0.0,3.0,0.0,0.0,0.0,0.0,0.0,1.0,0.0,0.0,0.0,0.0,0.0,0.0,0.0,1600.0,0.0,0.0,0.0,2.096357563588452,0.09964891895981108,2.26804549120613,0.10914603308982343,1.6751941333155622,0.08785377155676298,-0.6576425075661821,0.10805273258978587,4.734415882802904,0.050446721985513074,,,,,,,,,,,,,,,,,,,,,,,,,,,,,,,,,,,,,,,,,,,,,,,,,,,,,,,,,,,,,,,,
diagnosis_controls,mixture,synthetic,diagnosis,known-law error random2:1-2 | known_law_oracle,,,,,,,,,,,,,,,,,,,,,,,,,,,,,,,3,"[11, 12, 13]",mixture,,,,,,,,,,,,,,,,,,,,,,,,,,,,,,,,,,,,,,,,,,,,,,,,,,,,,0.0,0.0,0.0,0.0,0.0,0.0,1.0,1.1102230246251565e-16,0.0,0.0,0.0,0.0,0.0,0.0,1.0,0.0,0.0,0.0,0.0,0.0,0.0,0.0,0.9999999999999999,1.1102230246251565e-16,0.0,0.0,0.0,0.0,,,,,,,,,,,,,,,,,,,,,,,,,,,,,,,,,,,,
diagnosis_controls,mixture,synthetic,diagnosis,joint | random2:1-2 | known_law_oracle,,,,,,,,,,,,,,,,,,,,,,,,,,,,,,,3,"[11, 12, 13]",mixture,,,,,,,,,,,,,,,,,,,,,,,,,,,,,,,,,,,,,,,,,,,,,,,,,,,,,,,,,,,,,,,,,,,,,,,,,,,,,,,,,0.05000000000000001,8.498374721940739e-18,200.0,0.0,11.544140844757928,0.29233015485814934,39.95401375908924,9.089835744996352,0.06833333333333334,0.01527525231651947,0.6133333333333333,0.033291640592397,0.8479749999999999,0.01524223162794738,0.879711434295874,0.008830852631302356,0.8479749999999999,0.01524223162794738,0.7391666666666667,0.015275252316519432,200.0,0.0,0.0,0.0,0.0,0.0,0.0,0.0,200.0,0.0,77.33333333333333,6.6583281184793925,0.47833333333333333,0.03055050463303893,0.3,0.03905124837953324
diagnosis_controls,mixture,synthetic,diagnosis,independent | random2:1-2 | known_law_oracle,,,,,,,,,,,,,,,,,,,,,,,,,,,,,,,3,"[11, 12, 13]",mixture,,,,,,,,,,,,,,,,,,,,,,,,,,,,,,,,,,,,,,,,,,,,,,,,,,,,,,,,,,,,,,,,,,,,,,,,,,,,,,,,,0.05000000000000001,8.498374721940739e-18,200.0,0.0,15.234903123055595,1.053006601916033,19.411344127833306,5.751342606435359,0.06166666666666667,0.03883726732577014,0.03833333333333333,0.02753785273643051,0.5248166666666666,0.0021939310229205926,0.49429167426924797,0.008234105479264342,0.5248166666666666,0.0021939310229205926,0.7391666666666667,0.015275252316519432,200.0,0.0,0.0,0.0,0.0,0.0,0.0,0.0,200.0,0.0,192.33333333333334,5.507570547286101,0.47833333333333333,0.03055050463303893,0.02,0.013228756555322952
diagnosis_controls,mixture,synthetic,diagnosis,marginal_max | random2:1-2 | known_law_oracle,,,,,,,,,,,,,,,,,,,,,,,,,,,,,,,3,"[11, 12, 13]",mixture,,,,,,,,,,,,,,,,,,,,,,,,,,,,,,,,,,,,,,,,,,,,,,,,,,,,,,,,,,,,,,,,,,,,,,,,,,,,,,,,,0.05000000000000001,8.498374721940739e-18,200.0,0.0,8.43466565713213,0.25999754209780307,10.425368004129288,2.5450730587845736,0.06333333333333334,0.011547005383792516,0.07333333333333333,0.03329164059239696,0.56655,0.011713393775930205,0.5462341318002347,0.004067795251284844,0.56655,0.011713393775930205,0.7391666666666667,0.015275252316519432,200.0,0.0,0.0,0.0,0.0,0.0,0.0,0.0,200.0,0.0,185.33333333333334,6.6583281184793925,0.47833333333333333,0.03055050463303893,0.034999999999999996,0.013228756555322952
diagnosis_controls,mixture,synthetic,diagnosis,conditional_max | random2:1-2 | known_law_oracle,,,,,,,,,,,,,,,,,,,,,,,,,,,,,,,3,"[11, 12, 13]",mixture,,,,,,,,,,,,,,,,,,,,,,,,,,,,,,,,,,,,,,,,,,,,,,,,,,,,,,,,,,,,,,,,,,,,,,,,,,,,,,,,,0.05000000000000001,8.498374721940739e-18,200.0,0.0,5.837524496781721,0.10842471013958771,37.24736777595433,9.693600535686526,0.09500000000000001,0.0050000000000000044,0.7383333333333333,0.0028867513459481316,0.8997083333333333,0.017445349189206105,0.9215935540339588,0.01225211038186652,0.8997083333333333,0.017445349189206105,0.7391666666666667,0.015275252316519432,200.0,0.0,0.0,0.0,0.0,0.0,0.0,0.0,200.0,0.0,52.333333333333336,0.5773502691896258,0.47833333333333333,0.03055050463303893,0.36166666666666664,0.02753785273643051
diagnosis_controls,mixture,synthetic,diagnosis,relational_max | random2:1-2 | known_law_oracle,,,,,,,,,,,,,,,,,,,,,,,,,,,,,,,3,"[11, 12, 13]",mixture,,,,,,,,,,,,,,,,,,,,,,,,,,,,,,,,,,,,,,,,,,,,,,,,,,,,,,,,,,,,,,,,,,,,,,,,,,,,,,,,,0.05000000000000001,8.498374721940739e-18,200.0,0.0,0.23123994314603222,0.10013022041458396,37.96105018797506,9.735287551294547,0.08166666666666667,0.01040832999733066,0.7966666666666665,0.03617089069035114,0.9314250000000001,0.014618844858606306,0.9447480208963511,0.010502674899999056,0.9314250000000001,0.014618844858606306,0.5641666666666667,0.016645820296198446,200.0,0.0,0.0,0.0,0.0,0.0,200.0,0.0,0.0,0.0,0.0,0.0,,,0.0,0.0
diagnosis_controls,mixture,synthetic,diagnosis,query random3:1-2-3 | circuit,,,,,,,,,,,,,,,,,,,,,,,,,,,,,,,3,"[11, 12, 13]",mixture,,,,,,,,,,,4.76837158203125e-07,0.0,0.008856444665677069,0.003556465318015155,0.005947166668192949,0.0020881502129294887,400.0,0.0,1.0,0.0,1.0,0.0,1.0,0.0,3.0,0.0,434.0,0.0,32.0,0.0,1.0,0.0,0.008744666666666666,0.0035415626965131274,173600.0,0.0,25600.0,0.0,1600.0,0.0,51200.0,0.0,-3.5762788286319847e-09,3.8646613934016515e-08,1.0371208010913809e-07,3.51818892255829e-08,2.294421695599643e-07,4.245641058126466e-08,-3.178914388020833e-07,2.753020616481904e-07,4.76837158203125e-07,0.0,,,,,,,,,,,,,,,,,,,,,,,,,,,,,,,,,,,,,,,,,,,,,,,,,,,,,,,,,,,,,,,,
diagnosis_controls,mixture,synthetic,diagnosis,known-law error random3:1-2-3 | circuit,,,,,,,,,,,,,,,,,,,,,,,,,,,,,,,3,"[11, 12, 13]",mixture,,,,,,,,,,,,,,,,,,,,,,,,,,,,,,,,,,,,,,,,,,,,,,,,,,,,,0.16560476555118978,0.045741520453081386,0.37567521978103185,0.019129885502302463,4.528598236603442,2.338744877837438,0.9414984641297351,0.00586400599258774,0.16560476555118978,0.045741520453081386,0.37567521978103185,0.019129885502302463,4.528598236603442,2.338744877837438,0.9414984641297351,0.00586400599258774,0.0,0.0,0.0,0.0,0.0,0.0,,,-0.16560476932615065,0.04574154142633102,0.3756752187876211,0.019129900529032108,,,,,,,,,,,,,,,,,,,,,,,,,,,,,,,,,,,,
diagnosis_controls,mixture,synthetic,diagnosis,joint | random3:1-2-3 | circuit,,,,,,,,,,,,,,,,,,,,,,,,,,,,,,,3,"[11, 12, 13]",mixture,,,,,,,,,,,,,,,,,,,,,,,,,,,,,,,,,,,,,,,,,,,,,,,,,,,,,,,,,,,,,,,,,,,,,,,,,,,,,,,,,0.05000000000000001,8.498374721940739e-18,200.0,0.0,8.19340467453003,0.5518844752892067,12.557424863179525,3.785283324016229,0.05833333333333334,0.024664414311581236,0.056666666666666664,0.01258305739211792,0.485325,0.008822450056531901,0.5009849551158568,0.007687671202635178,0.485325,0.008822450056531901,,,0.0,0.0,0.0,0.0,200.0,0.0,200.0,0.0,0.0,0.0,0.0,0.0,,,0.0,0.0
diagnosis_controls,mixture,synthetic,diagnosis,independent | random3:1-2-3 | circuit,,,,,,,,,,,,,,,,,,,,,,,,,,,,,,,3,"[11, 12, 13]",mixture,,,,,,,,,,,,,,,,,,,,,,,,,,,,,,,,,,,,,,,,,,,,,,,,,,,,,,,,,,,,,,,,,,,,,,,,,,,,,,,,,0.05000000000000001,8.498374721940739e-18,200.0,0.0,8.19340467453003,0.5518844752892067,12.557424545288086,3.7852838010714542,0.05833333333333334,0.024664414311581236,0.056666666666666664,0.01258305739211792,0.485325,0.008822450056531901,0.5009849551158568,0.007687671202635178,0.485325,0.008822450056531901,,,0.0,0.0,0.0,0.0,200.0,0.0,200.0,0.0,0.0,0.0,0.0,0.0,,,0.0,0.0
diagnosis_controls,mixture,synthetic,diagnosis,marginal_max | random3:1-2-3 | circuit,,,,,,,,,,,,,,,,,,,,,,,,,,,,,,,3,"[11, 12, 13]",mixture,,,,,,,,,,,,,,,,,,,,,,,,,,,,,,,,,,,,,,,,,,,,,,,,,,,,,,,,,,,,,,,,,,,,,,,,,,,,,,,,,0.05000000000000001,8.498374721940739e-18,200.0,0.0,8.19340467453003,0.5518844752892067,12.557424545288086,3.7852838010714542,0.05833333333333334,0.024664414311581236,0.056666666666666664,0.01258305739211792,0.485325,0.008822450056531901,0.5009849551158568,0.007687671202635178,0.485325,0.008822450056531901,,,0.0,0.0,0.0,0.0,200.0,0.0,200.0,0.0,0.0,0.0,0.0,0.0,,,0.0,0.0
diagnosis_controls,mixture,synthetic,diagnosis,conditional_max | random3:1-2-3 | circuit,,,,,,,,,,,,,,,,,,,,,,,,,,,,,,,3,"[11, 12, 13]",mixture,,,,,,,,,,,,,,,,,,,,,,,,,,,,,,,,,,,,,,,,,,,,,,,,,,,,,,,,,,,,,,,,,,,,,,,,,,,,,,,,,0.05000000000000001,8.498374721940739e-18,200.0,0.0,8.19340467453003,0.5518844752892067,12.557424545288086,3.7852838010714542,0.05833333333333334,0.024664414311581236,0.056666666666666664,0.01258305739211792,0.485325,0.008822450056531901,0.5009849551158568,0.007687671202635178,0.485325,0.008822450056531901,,,0.0,0.0,0.0,0.0,200.0,0.0,200.0,0.0,0.0,0.0,0.0,0.0,,,0.0,0.0
diagnosis_controls,mixture,synthetic,diagnosis,relational_max | random3:1-2-3 | circuit,,,,,,,,,,,,,,,,,,,,,,,,,,,,,,,3,"[11, 12, 13]",mixture,,,,,,,,,,,,,,,,,,,,,,,,,,,,,,,,,,,,,,,,,,,,,,,,,,,,,,,,,,,,,,,,,,,,,,,,,,,,,,,,,0.05000000000000001,8.498374721940739e-18,200.0,0.0,0.0,0.0,0.0,0.0,0.0,0.0,0.0,0.0,0.5,0.0,0.5,0.0,0.5,0.0,,,0.0,0.0,0.0,0.0,200.0,0.0,200.0,0.0,0.0,0.0,0.0,0.0,,,0.0,0.0
diagnosis_controls,mixture,synthetic,diagnosis,query random3:1-2-3 | known_law_oracle,,,,,,,,,,,,,,,,,,,,,,,,,,,,,,,3,"[11, 12, 13]",mixture,,,,,,,,,,,0.0,0.0,0.0005323750010575168,0.00018907171777388928,0.0007131113331221665,0.00045990206676911285,400.0,0.0,1.0,0.0,1.0,0.0,1.0,0.0,2.0,0.0,0.0,0.0,0.0,0.0,1.0,0.0,0.0,0.0,0.0,0.0,0.0,0.0,1600.0,0.0,0.0,0.0,0.0,0.0,0.0,0.0,0.0,0.0,0.0,0.0,0.0,0.0,,,,,,,,,,,,,,,,,,,,,,,,,,,,,,,,,,,,,,,,,,,,,,,,,,,,,,,,,,,,,,,,
diagnosis_controls,mixture,synthetic,diagnosis,known-law error random3:1-2-3 | known_law_oracle,,,,,,,,,,,,,,,,,,,,,,,,,,,,,,,3,"[11, 12, 13]",mixture,,,,,,,,,,,,,,,,,,,,,,,,,,,,,,,,,,,,,,,,,,,,,,,,,,,,,0.0,0.0,0.0,0.0,0.0,0.0,1.0,0.0,0.0,0.0,0.0,0.0,0.0,0.0,1.0,0.0,0.0,0.0,0.0,0.0,0.0,0.0,,,0.0,0.0,0.0,0.0,,,,,,,,,,,,,,,,,,,,,,,,,,,,,,,,,,,,
diagnosis_controls,mixture,synthetic,diagnosis,joint | random3:1-2-3 | known_law_oracle,,,,,,,,,,,,,,,,,,,,,,,,,,,,,,,3,"[11, 12, 13]",mixture,,,,,,,,,,,,,,,,,,,,,,,,,,,,,,,,,,,,,,,,,,,,,,,,,,,,,,,,,,,,,,,,,,,,,,,,,,,,,,,,,0.05000000000000001,8.498374721940739e-18,200.0,0.0,7.689895496961474,0.5021001950174577,10.071033718670991,2.3032659569915754,0.06333333333333334,0.020207259421636908,0.06,0.0304138126514911,0.48662500000000003,0.006084868527749771,0.4983624026561697,0.008169094318119742,0.48662500000000003,0.006084868527749771,,,0.0,0.0,0.0,0.0,200.0,0.0,200.0,0.0,0.0,0.0,0.0,0.0,,,0.0,0.0
diagnosis_controls,mixture,synthetic,diagnosis,independent | random3:1-2-3 | known_law_oracle,,,,,,,,,,,,,,,,,,,,,,,,,,,,,,,3,"[11, 12, 13]",mixture,,,,,,,,,,,,,,,,,,,,,,,,,,,,,,,,,,,,,,,,,,,,,,,,,,,,,,,,,,,,,,,,,,,,,,,,,,,,,,,,,0.05000000000000001,8.498374721940739e-18,200.0,0.0,7.689895496961474,0.5021001950174577,10.071033718670991,2.3032659569915754,0.06333333333333334,0.020207259421636908,0.06,0.0304138126514911,0.48662500000000003,0.006084868527749771,0.4983624026561697,0.008169094318119742,0.48662500000000003,0.006084868527749771,,,0.0,0.0,0.0,0.0,200.0,0.0,200.0,0.0,0.0,0.0,0.0,0.0,,,0.0,0.0
diagnosis_controls,mixture,synthetic,diagnosis,marginal_max | random3:1-2-3 | known_law_oracle,,,,,,,,,,,,,,,,,,,,,,,,,,,,,,,3,"[11, 12, 13]",mixture,,,,,,,,,,,,,,,,,,,,,,,,,,,,,,,,,,,,,,,,,,,,,,,,,,,,,,,,,,,,,,,,,,,,,,,,,,,,,,,,,0.05000000000000001,8.498374721940739e-18,200.0,0.0,7.689895496961474,0.5021001950174577,10.071033718670991,2.3032659569915754,0.06333333333333334,0.020207259421636908,0.06,0.0304138126514911,0.48662500000000003,0.006084868527749771,0.4983624026561697,0.008169094318119742,0.48662500000000003,0.006084868527749771,,,0.0,0.0,0.0,0.0,200.0,0.0,200.0,0.0,0.0,0.0,0.0,0.0,,,0.0,0.0
diagnosis_controls,mixture,synthetic,diagnosis,conditional_max | random3:1-2-3 | known_law_oracle,,,,,,,,,,,,,,,,,,,,,,,,,,,,,,,3,"[11, 12, 13]",mixture,,,,,,,,,,,,,,,,,,,,,,,,,,,,,,,,,,,,,,,,,,,,,,,,,,,,,,,,,,,,,,,,,,,,,,,,,,,,,,,,,0.05000000000000001,8.498374721940739e-18,200.0,0.0,7.689895496961474,0.5021001950174577,10.071033718670991,2.3032659569915754,0.06333333333333334,0.020207259421636908,0.06,0.0304138126514911,0.48662500000000003,0.006084868527749771,0.4983624026561697,0.008169094318119742,0.48662500000000003,0.006084868527749771,,,0.0,0.0,0.0,0.0,200.0,0.0,200.0,0.0,0.0,0.0,0.0,0.0,,,0.0,0.0
diagnosis_controls,mixture,synthetic,diagnosis,relational_max | random3:1-2-3 | known_law_oracle,,,,,,,,,,,,,,,,,,,,,,,,,,,,,,,3,"[11, 12, 13]",mixture,,,,,,,,,,,,,,,,,,,,,,,,,,,,,,,,,,,,,,,,,,,,,,,,,,,,,,,,,,,,,,,,,,,,,,,,,,,,,,,,,0.05000000000000001,8.498374721940739e-18,200.0,0.0,0.0,0.0,0.0,0.0,0.0,0.0,0.0,0.0,0.5,0.0,0.5,0.0,0.5,0.0,,,0.0,0.0,0.0,0.0,200.0,0.0,200.0,0.0,0.0,0.0,0.0,0.0,,,0.0,0.0
diagnosis_controls,mixture,synthetic,diagnosis,query bank0:0-1 | circuit,,,,,,,,,,,,,,,,,,,,,,,,,,,,,,,3,"[11, 12, 13]",mixture,,,,,,,,,,,1.430511474609375e-06,4.76837158203125e-07,0.006019805667165201,0.00026856162664472136,0.003655735999927856,6.258767688574528e-05,400.0,0.0,2.0,0.0,2.0,0.0,2.0,0.0,3.0,0.0,434.0,0.0,32.0,0.0,1.0,0.0,0.005947999999999999,0.00026864846919348,173600.0,0.0,25600.0,0.0,1600.0,0.0,51200.0,0.0,0.6609596212704977,0.03384078192324841,0.8956583539644877,0.057879574205786405,0.8185942967732748,0.08375870315183302,-0.9056392312049866,0.18066390484761816,1.7119735479354858,0.05035781809598327,,,,,,,,,,,,,,,,,,,,,,,,,,,,,,,,,,,,,,,,,,,,,,,,,,,,,,,,,,,,,,,,
diagnosis_controls,mixture,synthetic,diagnosis,known-law error bank0:0-1 | circuit,,,,,,,,,,,,,,,,,,,,,,,,,,,,,,,3,"[11, 12, 13]",mixture,,,,,,,,,,,,,,,,,,,,,,,,,,,,,,,,,,,,,,,,,,,,,,,,,,,,,1.5968358286861735,0.02348943842353643,1.8109110502303374,0.02807808941140012,11.993573944548539,4.412109198659965,0.4474781829349543,0.10492363314845021,0.13974658071027304,0.004605489928357675,0.3826468600904173,0.03146905290725558,4.598611218389627,2.6177734806610395,0.9415694135684554,0.012854206814838166,1.4570892459890787,0.02627715619019311,1.6823947889686799,0.02037852961568967,7.77211217884048,1.5860147717692805,0.4941046833753171,0.05172585749556778,-1.736582436019854,0.0213409964379978,1.951026135898144,0.04038519178885564,,,,,,,,,,,,,,,,,,,,,,,,,,,,,,,,,,,,
diagnosis_controls,mixture,synthetic,diagnosis,joint | bank0:0-1 | circuit,,,,,,,,,,,,,,,,,,,,,,,,,,,,,,,3,"[11, 12, 13]",mixture,,,,,,,,,,,,,,,,,,,,,,,,,,,,,,,,,,,,,,,,,,,,,,,,,,,,,,,,,,,,,,,,,,,,,,,,,,,,,,,,,0.05000000000000001,8.498374721940739e-18,200.0,0.0,15.029611587524414,1.0878761859247705,23.252567927042644,6.683564556314622,0.05666666666666667,0.014433756729740645,0.05666666666666667,0.014433756729740645,0.5,0.0,0.5,0.0,0.5,0.0,,,0.0,0.0,200.0,0.0,0.0,0.0,0.0,0.0,0.0,0.0,0.0,0.0,,,0.0,0.0
diagnosis_controls,mixture,synthetic,diagnosis,independent | bank0:0-1 | circuit,,,,,,,,,,,,,,,,,,,,,,,,,,,,,,,3,"[11, 12, 13]",mixture,,,,,,,,,,,,,,,,,,,,,,,,,,,,,,,,,,,,,,,,,,,,,,,,,,,,,,,,,,,,,,,,,,,,,,,,,,,,,,,,,0.05000000000000001,8.498374721940739e-18,200.0,0.0,16.004681905110676,1.1465318509670541,24.264520009358723,6.430856804764028,0.05833333333333333,0.02753785273643051,0.05833333333333333,0.02753785273643051,0.5,0.0,0.5,0.0,0.5,0.0,,,0.0,0.0,200.0,0.0,0.0,0.0,0.0,0.0,0.0,0.0,0.0,0.0,,,0.0,0.0
diagnosis_controls,mixture,synthetic,diagnosis,marginal_max | bank0:0-1 | circuit,,,,,,,,,,,,,,,,,,,,,,,,,,,,,,,3,"[11, 12, 13]",mixture,,,,,,,,,,,,,,,,,,,,,,,,,,,,,,,,,,,,,,,,,,,,,,,,,,,,,,,,,,,,,,,,,,,,,,,,,,,,,,,,,0.05000000000000001,8.498374721940739e-18,200.0,0.0,8.896384874979654,1.0998321130643047,15.156386693318685,4.651088057382534,0.06999999999999999,0.052678268764263694,0.06999999999999999,0.052678268764263694,0.5,0.0,0.5,0.0,0.5,0.0,,,0.0,0.0,200.0,0.0,0.0,0.0,0.0,0.0,0.0,0.0,0.0,0.0,,,0.0,0.0
diagnosis_controls,mixture,synthetic,diagnosis,conditional_max | bank0:0-1 | circuit,,,,,,,,,,,,,,,,,,,,,,,,,,,,,,,3,"[11, 12, 13]",mixture,,,,,,,,,,,,,,,,,,,,,,,,,,,,,,,,,,,,,,,,,,,,,,,,,,,,,,,,,,,,,,,,,,,,,,,,,,,,,,,,,0.05000000000000001,8.498374721940739e-18,200.0,0.0,7.874581654866536,0.5807950420852513,14.199792861938477,4.791251758399805,0.06,0.031224989991991994,0.06,0.031224989991991994,0.5,0.0,0.5,0.0,0.5,0.0,,,0.0,0.0,200.0,0.0,0.0,0.0,0.0,0.0,0.0,0.0,0.0,0.0,,,0.0,0.0
diagnosis_controls,mixture,synthetic,diagnosis,relational_max | bank0:0-1 | circuit,,,,,,,,,,,,,,,,,,,,,,,,,,,,,,,3,"[11, 12, 13]",mixture,,,,,,,,,,,,,,,,,,,,,,,,,,,,,,,,,,,,,,,,,,,,,,,,,,,,,,,,,,,,,,,,,,,,,,,,,,,,,,,,,0.05000000000000001,8.498374721940739e-18,200.0,0.0,0.8069175084431967,0.2786562349437591,4.828214963277181,1.2281777719542606,0.06166666666666667,0.012583057392117914,0.06166666666666667,0.012583057392117914,0.5,0.0,0.5,0.0,0.5,0.0,,,0.0,0.0,200.0,0.0,0.0,0.0,0.0,0.0,0.0,0.0,0.0,0.0,,,0.0,0.0
diagnosis_controls,mixture,synthetic,diagnosis,query bank0:0-1 | known_law_oracle,,,,,,,,,,,,,,,,,,,,,,,,,,,,,,,3,"[11, 12, 13]",mixture,,,,,,,,,,,0.0,0.0,0.0009326106677084075,7.318556889023094e-05,0.0008692496679335212,7.92154571063504e-05,400.0,0.0,2.0,0.0,2.0,0.0,2.0,0.0,3.0,0.0,0.0,0.0,0.0,0.0,1.0,0.0,0.0,0.0,0.0,0.0,0.0,0.0,1600.0,0.0,0.0,0.0,2.118048889511977,0.03141646701381385,2.28014607008394,0.029491370809877227,1.6978145196793875,0.13309930604048953,-0.7122084386461768,0.10227821996367469,5.087134179912623,0.3348361709035126,,,,,,,,,,,,,,,,,,,,,,,,,,,,,,,,,,,,,,,,,,,,,,,,,,,,,,,,,,,,,,,,
diagnosis_controls,mixture,synthetic,diagnosis,known-law error bank0:0-1 | known_law_oracle,,,,,,,,,,,,,,,,,,,,,,,,,,,,,,,3,"[11, 12, 13]",mixture,,,,,,,,,,,,,,,,,,,,,,,,,,,,,,,,,,,,,,,,,,,,,,,,,,,,,0.0,0.0,0.0,0.0,0.0,0.0,1.0,7.850462293418876e-17,0.0,0.0,0.0,0.0,0.0,0.0,1.0,7.850462293418876e-17,0.0,0.0,0.0,0.0,0.0,0.0,1.0,7.850462293418876e-17,0.0,0.0,0.0,0.0,,,,,,,,,,,,,,,,,,,,,,,,,,,,,,,,,,,,
diagnosis_controls,mixture,synthetic,diagnosis,joint | bank0:0-1 | known_law_oracle,,,,,,,,,,,,,,,,,,,,,,,,,,,,,,,3,"[11, 12, 13]",mixture,,,,,,,,,,,,,,,,,,,,,,,,,,,,,,,,,,,,,,,,,,,,,,,,,,,,,,,,,,,,,,,,,,,,,,,,,,,,,,,,,0.05000000000000001,8.498374721940739e-18,200.0,0.0,11.893229892798225,0.5687274688631019,12.178897972724068,2.250793680864722,0.06833333333333334,0.025658007197234416,0.06833333333333334,0.025658007197234416,0.5,0.0,0.5,0.0,0.5,0.0,,,0.0,0.0,200.0,0.0,0.0,0.0,0.0,0.0,0.0,0.0,0.0,0.0,,,0.0,0.0
diagnosis_controls,mixture,synthetic,diagnosis,independent | bank0:0-1 | known_law_oracle,,,,,,,,,,,,,,,,,,,,,,,,,,,,,,,3,"[11, 12, 13]",mixture,,,,,,,,,,,,,,,,,,,,,,,,,,,,,,,,,,,,,,,,,,,,,,,,,,,,,,,,,,,,,,,,,,,,,,,,,,,,,,,,,0.05000000000000001,8.498374721940739e-18,200.0,0.0,15.530203393921816,1.1097664954433233,19.581157822329033,4.553161015933234,0.056666666666666664,0.04752192476461084,0.056666666666666664,0.04752192476461084,0.5,0.0,0.5,0.0,0.5,0.0,,,0.0,0.0,200.0,0.0,0.0,0.0,0.0,0.0,0.0,0.0,0.0,0.0,,,0.0,0.0
diagnosis_controls,mixture,synthetic,diagnosis,marginal_max | bank0:0-1 | known_law_oracle,,,,,,,,,,,,,,,,,,,,,,,,,,,,,,,3,"[11, 12, 13]",mixture,,,,,,,,,,,,,,,,,,,,,,,,,,,,,,,,,,,,,,,,,,,,,,,,,,,,,,,,,,,,,,,,,,,,,,,,,,,,,,,,,0.05000000000000001,8.498374721940739e-18,200.0,0.0,8.50225676970686,0.8025616774679297,11.026607722604169,2.92788709015932,0.07166666666666667,0.05619905100029121,0.07166666666666667,0.05619905100029121,0.5,0.0,0.5,0.0,0.5,0.0,,,0.0,0.0,200.0,0.0,0.0,0.0,0.0,0.0,0.0,0.0,0.0,0.0,,,0.0,0.0
diagnosis_controls,mixture,synthetic,diagnosis,conditional_max | bank0:0-1 | known_law_oracle,,,,,,,,,,,,,,,,,,,,,,,,,,,,,,,3,"[11, 12, 13]",mixture,,,,,,,,,,,,,,,,,,,,,,,,,,,,,,,,,,,,,,,,,,,,,,,,,,,,,,,,,,,,,,,,,,,,,,,,,,,,,,,,,0.05000000000000001,8.498374721940739e-18,200.0,0.0,6.412057461380322,0.4208635318078273,7.401431090478628,1.076630163802171,0.055,0.02783882181415011,0.055,0.02783882181415011,0.5,0.0,0.5,0.0,0.5,0.0,,,0.0,0.0,200.0,0.0,0.0,0.0,0.0,0.0,0.0,0.0,0.0,0.0,,,0.0,0.0
diagnosis_controls,mixture,synthetic,diagnosis,relational_max | bank0:0-1 | known_law_oracle,,,,,,,,,,,,,,,,,,,,,,,,,,,,,,,3,"[11, 12, 13]",mixture,,,,,,,,,,,,,,,,,,,,,,,,,,,,,,,,,,,,,,,,,,,,,,,,,,,,,,,,,,,,,,,,,,,,,,,,,,,,,,,,,0.05000000000000001,8.498374721940739e-18,200.0,0.0,0.6755880722069408,0.3929988831887486,12.161940408549382,0.8837115701503796,0.05333333333333334,0.0202072594216369,0.05333333333333334,0.0202072594216369,0.5,0.0,0.5,0.0,0.5,0.0,,,0.0,0.0,200.0,0.0,0.0,0.0,0.0,0.0,0.0,0.0,0.0,0.0,,,0.0,0.0
diagnosis_controls,mixture,synthetic,diagnosis,query single_sensor_0 | circuit,,,,,,,,,,,,,,,,,,,,,,,,,,,,,,,3,"[11, 12, 13]",mixture,,,,,,,,,,,4.76837158203125e-07,0.0,0.0058750553337934735,3.6083697211976094e-05,0.0036682776675055115,0.00014370918751349115,400.0,0.0,1.0,0.0,1.0,0.0,1.0,0.0,3.0,0.0,434.0,0.0,32.0,0.0,1.0,0.0,0.005797,3.517101079013779e-05,173600.0,0.0,25600.0,0.0,1600.0,0.0,51200.0,0.0,-3.5762788286319847e-09,3.8646613934016515e-08,1.0371208010913809e-07,3.51818892255829e-08,2.294421695599643e-07,4.245641058126466e-08,-3.178914388020833e-07,2.753020616481904e-07,4.76837158203125e-07,0.0,,,,,,,,,,,,,,,,,,,,,,,,,,,,,,,,,,,,,,,,,,,,,,,,,,,,,,,,,,,,,,,,
diagnosis_controls,mixture,synthetic,diagnosis,known-law error single_sensor_0 | circuit,,,,,,,,,,,,,,,,,,,,,,,,,,,,,,,3,"[11, 12, 13]",mixture,,,,,,,,,,,,,,,,,,,,,,,,,,,,,,,,,,,,,,,,,,,,,,,,,,,,,0.16560476555118978,0.045741520453081386,0.37567521978103185,0.019129885502302463,4.528598236603442,2.338744877837438,0.9414984641297351,0.00586400599258774,0.16560476555118978,0.045741520453081386,0.37567521978103185,0.019129885502302463,4.528598236603442,2.338744877837438,0.9414984641297351,0.00586400599258774,0.0,0.0,0.0,0.0,0.0,0.0,,,-0.16560476932615065,0.04574154142633102,0.3756752187876211,0.019129900529032108,,,,,,,,,,,,,,,,,,,,,,,,,,,,,,,,,,,,
diagnosis_controls,mixture,synthetic,diagnosis,joint | single_sensor_0 | circuit,,,,,,,,,,,,,,,,,,,,,,,,,,,,,,,3,"[11, 12, 13]",mixture,,,,,,,,,,,,,,,,,,,,,,,,,,,,,,,,,,,,,,,,,,,,,,,,,,,,,,,,,,,,,,,,,,,,,,,,,,,,,,,,,0.05000000000000001,8.498374721940739e-18,200.0,0.0,8.19340467453003,0.5518844752892067,12.557424863179525,3.785283324016229,0.05833333333333334,0.024664414311581236,0.056666666666666664,0.01258305739211792,0.485325,0.008822450056531901,0.5009849551158568,0.007687671202635178,0.485325,0.008822450056531901,,,0.0,0.0,0.0,0.0,200.0,0.0,200.0,0.0,0.0,0.0,0.0,0.0,,,0.0,0.0
diagnosis_controls,mixture,synthetic,diagnosis,independent | single_sensor_0 | circuit,,,,,,,,,,,,,,,,,,,,,,,,,,,,,,,3,"[11, 12, 13]",mixture,,,,,,,,,,,,,,,,,,,,,,,,,,,,,,,,,,,,,,,,,,,,,,,,,,,,,,,,,,,,,,,,,,,,,,,,,,,,,,,,,0.05000000000000001,8.498374721940739e-18,200.0,0.0,8.19340467453003,0.5518844752892067,12.557424545288086,3.7852838010714542,0.05833333333333334,0.024664414311581236,0.056666666666666664,0.01258305739211792,0.485325,0.008822450056531901,0.5009849551158568,0.007687671202635178,0.485325,0.008822450056531901,,,0.0,0.0,0.0,0.0,200.0,0.0,200.0,0.0,0.0,0.0,0.0,0.0,,,0.0,0.0
diagnosis_controls,mixture,synthetic,diagnosis,marginal_max | single_sensor_0 | circuit,,,,,,,,,,,,,,,,,,,,,,,,,,,,,,,3,"[11, 12, 13]",mixture,,,,,,,,,,,,,,,,,,,,,,,,,,,,,,,,,,,,,,,,,,,,,,,,,,,,,,,,,,,,,,,,,,,,,,,,,,,,,,,,,0.05000000000000001,8.498374721940739e-18,200.0,0.0,8.19340467453003,0.5518844752892067,12.557424545288086,3.7852838010714542,0.05833333333333334,0.024664414311581236,0.056666666666666664,0.01258305739211792,0.485325,0.008822450056531901,0.5009849551158568,0.007687671202635178,0.485325,0.008822450056531901,,,0.0,0.0,0.0,0.0,200.0,0.0,200.0,0.0,0.0,0.0,0.0,0.0,,,0.0,0.0
diagnosis_controls,mixture,synthetic,diagnosis,conditional_max | single_sensor_0 | circuit,,,,,,,,,,,,,,,,,,,,,,,,,,,,,,,3,"[11, 12, 13]",mixture,,,,,,,,,,,,,,,,,,,,,,,,,,,,,,,,,,,,,,,,,,,,,,,,,,,,,,,,,,,,,,,,,,,,,,,,,,,,,,,,,0.05000000000000001,8.498374721940739e-18,200.0,0.0,8.19340467453003,0.5518844752892067,12.557424545288086,3.7852838010714542,0.05833333333333334,0.024664414311581236,0.056666666666666664,0.01258305739211792,0.485325,0.008822450056531901,0.5009849551158568,0.007687671202635178,0.485325,0.008822450056531901,,,0.0,0.0,0.0,0.0,200.0,0.0,200.0,0.0,0.0,0.0,0.0,0.0,,,0.0,0.0
diagnosis_controls,mixture,synthetic,diagnosis,relational_max | single_sensor_0 | circuit,,,,,,,,,,,,,,,,,,,,,,,,,,,,,,,3,"[11, 12, 13]",mixture,,,,,,,,,,,,,,,,,,,,,,,,,,,,,,,,,,,,,,,,,,,,,,,,,,,,,,,,,,,,,,,,,,,,,,,,,,,,,,,,,0.05000000000000001,8.498374721940739e-18,200.0,0.0,0.0,0.0,0.0,0.0,0.0,0.0,0.0,0.0,0.5,0.0,0.5,0.0,0.5,0.0,,,0.0,0.0,0.0,0.0,200.0,0.0,200.0,0.0,0.0,0.0,0.0,0.0,,,0.0,0.0
diagnosis_controls,mixture,synthetic,diagnosis,query single_sensor_0 | known_law_oracle,,,,,,,,,,,,,,,,,,,,,,,,,,,,,,,3,"[11, 12, 13]",mixture,,,,,,,,,,,0.0,0.0,0.00043195833374435705,1.3120821649964216e-05,0.0004077359990333207,1.680867357024864e-05,400.0,0.0,1.0,0.0,1.0,0.0,1.0,0.0,2.0,0.0,0.0,0.0,0.0,0.0,1.0,0.0,0.0,0.0,0.0,0.0,0.0,0.0,1600.0,0.0,0.0,0.0,0.0,0.0,0.0,0.0,0.0,0.0,0.0,0.0,0.0,0.0,,,,,,,,,,,,,,,,,,,,,,,,,,,,,,,,,,,,,,,,,,,,,,,,,,,,,,,,,,,,,,,,
diagnosis_controls,mixture,synthetic,diagnosis,known-law error single_sensor_0 | known_law_oracle,,,,,,,,,,,,,,,,,,,,,,,,,,,,,,,3,"[11, 12, 13]",mixture,,,,,,,,,,,,,,,,,,,,,,,,,,,,,,,,,,,,,,,,,,,,,,,,,,,,,0.0,0.0,0.0,0.0,0.0,0.0,1.0,0.0,0.0,0.0,0.0,0.0,0.0,0.0,1.0,0.0,0.0,0.0,0.0,0.0,0.0,0.0,,,0.0,0.0,0.0,0.0,,,,,,,,,,,,,,,,,,,,,,,,,,,,,,,,,,,,
diagnosis_controls,mixture,synthetic,diagnosis,joint | single_sensor_0 | known_law_oracle,,,,,,,,,,,,,,,,,,,,,,,,,,,,,,,3,"[11, 12, 13]",mixture,,,,,,,,,,,,,,,,,,,,,,,,,,,,,,,,,,,,,,,,,,,,,,,,,,,,,,,,,,,,,,,,,,,,,,,,,,,,,,,,,0.05000000000000001,8.498374721940739e-18,200.0,0.0,7.689895496961474,0.5021001950174577,10.071033718670991,2.3032659569915754,0.06333333333333334,0.020207259421636908,0.06,0.0304138126514911,0.48662500000000003,0.006084868527749771,0.4983624026561697,0.008169094318119742,0.48662500000000003,0.006084868527749771,,,0.0,0.0,0.0,0.0,200.0,0.0,200.0,0.0,0.0,0.0,0.0,0.0,,,0.0,0.0
diagnosis_controls,mixture,synthetic,diagnosis,independent | single_sensor_0 | known_law_oracle,,,,,,,,,,,,,,,,,,,,,,,,,,,,,,,3,"[11, 12, 13]",mixture,,,,,,,,,,,,,,,,,,,,,,,,,,,,,,,,,,,,,,,,,,,,,,,,,,,,,,,,,,,,,,,,,,,,,,,,,,,,,,,,,0.05000000000000001,8.498374721940739e-18,200.0,0.0,7.689895496961474,0.5021001950174577,10.071033718670991,2.3032659569915754,0.06333333333333334,0.020207259421636908,0.06,0.0304138126514911,0.48662500000000003,0.006084868527749771,0.4983624026561697,0.008169094318119742,0.48662500000000003,0.006084868527749771,,,0.0,0.0,0.0,0.0,200.0,0.0,200.0,0.0,0.0,0.0,0.0,0.0,,,0.0,0.0
diagnosis_controls,mixture,synthetic,diagnosis,marginal_max | single_sensor_0 | known_law_oracle,,,,,,,,,,,,,,,,,,,,,,,,,,,,,,,3,"[11, 12, 13]",mixture,,,,,,,,,,,,,,,,,,,,,,,,,,,,,,,,,,,,,,,,,,,,,,,,,,,,,,,,,,,,,,,,,,,,,,,,,,,,,,,,,0.05000000000000001,8.498374721940739e-18,200.0,0.0,7.689895496961474,0.5021001950174577,10.071033718670991,2.3032659569915754,0.06333333333333334,0.020207259421636908,0.06,0.0304138126514911,0.48662500000000003,0.006084868527749771,0.4983624026561697,0.008169094318119742,0.48662500000000003,0.006084868527749771,,,0.0,0.0,0.0,0.0,200.0,0.0,200.0,0.0,0.0,0.0,0.0,0.0,,,0.0,0.0
diagnosis_controls,mixture,synthetic,diagnosis,conditional_max | single_sensor_0 | known_law_oracle,,,,,,,,,,,,,,,,,,,,,,,,,,,,,,,3,"[11, 12, 13]",mixture,,,,,,,,,,,,,,,,,,,,,,,,,,,,,,,,,,,,,,,,,,,,,,,,,,,,,,,,,,,,,,,,,,,,,,,,,,,,,,,,,0.05000000000000001,8.498374721940739e-18,200.0,0.0,7.689895496961474,0.5021001950174577,10.071033718670991,2.3032659569915754,0.06333333333333334,0.020207259421636908,0.06,0.0304138126514911,0.48662500000000003,0.006084868527749771,0.4983624026561697,0.008169094318119742,0.48662500000000003,0.006084868527749771,,,0.0,0.0,0.0,0.0,200.0,0.0,200.0,0.0,0.0,0.0,0.0,0.0,,,0.0,0.0
diagnosis_controls,mixture,synthetic,diagnosis,relational_max | single_sensor_0 | known_law_oracle,,,,,,,,,,,,,,,,,,,,,,,,,,,,,,,3,"[11, 12, 13]",mixture,,,,,,,,,,,,,,,,,,,,,,,,,,,,,,,,,,,,,,,,,,,,,,,,,,,,,,,,,,,,,,,,,,,,,,,,,,,,,,,,,0.05000000000000001,8.498374721940739e-18,200.0,0.0,0.0,0.0,0.0,0.0,0.0,0.0,0.0,0.0,0.5,0.0,0.5,0.0,0.5,0.0,,,0.0,0.0,0.0,0.0,200.0,0.0,200.0,0.0,0.0,0.0,0.0,0.0,,,0.0,0.0
diagnosis_controls,random,synthetic,diagnosis,model,-1.9868214925130207e-08,9.104759881806055e-08,64.0,0.0,57.0,0.0,240.0,0.0,361.0,0.0,1488.0,0.0,1168.0,55.42562584220407,146.0,6.928203230275509,133.33333333333334,19.139836293274122,19.37391471862793,0.6844572434900544,3.268974542617798,0.15185543269568394,19.117000579833984,0.41951057492727417,0.02,0.0,150.0,0.0,128.0,0.0,3,"[11, 12, 13]",random,,,,,,,,,,,,,,,,,,,,,,,,,,,,,,,,,,,,,,,,,,,,,,,,,,,,,,,,,,,,,,,,,,,,,,,,,,,,,,,,,,,,,,,,,,,,,,,,,,,,,,,,,,,,,,,,,,,,
diagnosis_controls,random,synthetic,diagnosis,shortcut audit,,,,,,,,,,,,,,,,,,,,,,,,,,,,,,,3,"[11, 12, 13]",random,0.48155,0.02226208941227215,0.0,0.0,400.0,0.0,400.0,0.0,10.0,0.0,,,,,,,,,,,,,,,,,,,,,,,,,,,,,,,,,,,,,,,,,,,,,,,,,,,,,,,,,,,,,,,,,,,,,,,,,,,,,,,,,,,,,,,,,,,,,,,,,,,,,,,,,,
diagnosis_controls,random,synthetic,diagnosis,query full | circuit,,,,,,,,,,,,,,,,,,,,,,,,,,,,,,,3,"[11, 12, 13]",random,,,,,,,,,,,0.0,0.0,0.01875925000058487,0.0005656271159116061,0.002994513666635612,2.4439210218496298e-05,400.0,0.0,4.0,0.0,4.0,0.0,4.0,0.0,9.0,0.0,3249.0,0.0,0.0,0.0,1.0,0.0,0.0,0.0,1299600.0,0.0,0.0,0.0,1600.0,0.0,0.0,0.0,1.6547592480977376,0.4123803206630386,2.101832469304403,0.35236897791269806,1.8026189804077148,0.15629993838753906,-1.721960445245107,0.7377274533418314,4.134158770243327,0.5579280188138775,,,,,,,,,,,,,,,,,,,,,,,,,,,,,,,,,,,,,,,,,,,,,,,,,,,,,,,,,,,,,,,,
diagnosis_controls,random,synthetic,diagnosis,known-law error full | circuit,,,,,,,,,,,,,,,,,,,,,,,,,,,,,,,3,"[11, 12, 13]",random,,,,,,,,,,,,,,,,,,,,,,,,,,,,,,,,,,,,,,,,,,,,,,,,,,,,,0.9474379452362703,0.2251435981284035,2.937049407319266,0.07369379138209202,43.354096771859076,15.290011948483388,0.5717715718297453,0.04629144485810955,0.28604716508906475,0.014419710653089423,0.5747640619761506,0.02744810668509142,6.666659017502994,1.0957807392308456,0.8925768673718673,0.004378791909278342,0.661390779451818,0.2139072817379204,2.7451726297996424,0.06609497613061716,43.21685795470956,14.90772383134477,0.5948017999942948,0.02329524543435235,-2.5692044258923885,0.6182284617150702,6.234861340527107,0.13853267545697245,,,,,,,,,,,,,,,,,,,,,,,,,,,,,,,,,,,,
diagnosis_controls,random,synthetic,diagnosis,joint | full | circuit,,,,,,,,,,,,,,,,,,,,,,,,,,,,,,,3,"[11, 12, 13]",random,,,,,,,,,,,,,,,,,,,,,,,,,,,,,,,,,,,,,,,,,,,,,,,,,,,,,,,,,,,,,,,,,,,,,,,,,,,,,,,,,0.05000000000000001,8.498374721940739e-18,200.0,0.0,29.572952270507812,1.9258448222150535,47.238380432128906,4.538911241305062,0.065,0.03905124837953328,0.12333333333333334,0.04752192476461085,0.657925,0.03543325591869874,0.6290805303190927,0.038458559523786684,0.657925,0.03543325591869874,0.7002777777777777,0.016921660456131117,200.0,0.0,0.0,0.0,0.0,0.0,0.0,0.0,200.0,0.0,175.33333333333334,9.504384952922168,0.525,0.018027756377319962,0.07166666666666667,0.02362907813126304
diagnosis_controls,random,synthetic,diagnosis,independent | full | circuit,,,,,,,,,,,,,,,,,,,,,,,,,,,,,,,3,"[11, 12, 13]",random,,,,,,,,,,,,,,,,,,,,,,,,,,,,,,,,,,,,,,,,,,,,,,,,,,,,,,,,,,,,,,,,,,,,,,,,,,,,,,,,,0.05000000000000001,8.498374721940739e-18,200.0,0.0,32.23048782348633,1.4633344959740686,45.33624267578125,10.724187555658704,0.055,0.02179449471770337,0.03333333333333333,0.018929694486000914,0.5269750000000001,0.0024784067462787517,0.5018894295280819,0.0008657065044956269,0.5269750000000001,0.0024784067462787517,0.5416666666666666,0.017800007802744853,200.0,0.0,0.0,0.0,0.0,0.0,0.0,0.0,200.0,0.0,193.33333333333334,3.7859388972001824,0.32,0.018027756377319962,0.0016666666666666668,0.002886751345948129
diagnosis_controls,random,synthetic,diagnosis,marginal_max | full | circuit,,,,,,,,,,,,,,,,,,,,,,,,,,,,,,,3,"[11, 12, 13]",random,,,,,,,,,,,,,,,,,,,,,,,,,,,,,,,,,,,,,,,,,,,,,,,,,,,,,,,,,,,,,,,,,,,,,,,,,,,,,,,,,0.05000000000000001,8.498374721940739e-18,200.0,0.0,10.152337710062662,0.6091664269532144,17.500712394714355,2.8916638550135176,0.05499999999999999,0.02179449471770337,0.06833333333333333,0.01892969448600091,0.558125,0.01522518985924312,0.5393221345293312,0.007596674437469653,0.558125,0.01522518985924312,0.5416666666666666,0.017800007802744853,200.0,0.0,0.0,0.0,0.0,0.0,0.0,0.0,200.0,0.0,186.33333333333334,3.7859388972001824,0.32,0.018027756377319962,0.021666666666666667,0.002886751345948129
diagnosis_controls,random,synthetic,diagnosis,conditional_max | full | circuit,,,,,,,,,,,,,,,,,,,,,,,,,,,,,,,3,"[11, 12, 13]",random,,,,,,,,,,,,,,,,,,,,,,,,,,,,,,,,,,,,,,,,,,,,,,,,,,,,,,,,,,,,,,,,,,,,,,,,,,,,,,,,,0.05000000000000001,8.498374721940739e-18,200.0,0.0,9.775990804036459,0.6607553889569938,21.38823699951172,4.587576480589574,0.04666666666666667,0.02081665999466133,0.26333333333333336,0.02466441431158126,0.7074833333333332,0.030757217987544532,0.723069771738793,0.03848309316069275,0.7074833333333332,0.030757217987544532,0.7002777777777777,0.016921660456131117,200.0,0.0,0.0,0.0,0.0,0.0,0.0,0.0,200.0,0.0,147.33333333333334,4.932882862316247,0.525,0.018027756377319962,0.19499999999999998,0.020000000000000004
diagnosis_controls,random,synthetic,diagnosis,relational_max | full | circuit,,,,,,,,,,,,,,,,,,,,,,,,,,,,,,,3,"[11, 12, 13]",random,,,,,,,,,,,,,,,,,,,,,,,,,,,,,,,,,,,,,,,,,,,,,,,,,,,,,,,,,,,,,,,,,,,,,,,,,,,,,,,,,0.05000000000000001,8.498374721940739e-18,200.0,0.0,2.1272899309794107,0.08946839818206398,17.18958791097005,4.383184427311002,0.07333333333333335,0.02929732638541158,0.42333333333333334,0.10680979980008076,0.76235,0.028515434417171304,0.7891049885880106,0.02989482402163902,0.76235,0.028515434417171304,0.7570833333333332,0.011280821975567486,200.0,0.0,0.0,0.0,0.0,0.0,0.0,0.0,200.0,0.0,115.33333333333333,21.361959960016154,0.6016666666666667,0.00763762615825974,0.3466666666666667,0.07112196097783956
diagnosis_controls,random,synthetic,diagnosis,query full | known_law_oracle,,,,,,,,,,,,,,,,,,,,,,,,,,,,,,,3,"[11, 12, 13]",random,,,,,,,,,,,0.0,0.0,0.001773249999435696,5.311247613717581e-05,0.0014586249999410938,1.0813040560451871e-05,400.0,0.0,4.0,0.0,4.0,0.0,4.0,0.0,5.0,0.0,0.0,0.0,0.0,0.0,1.0,0.0,0.0,0.0,0.0,0.0,0.0,0.0,1600.0,0.0,0.0,0.0,7.458060888417314,0.25529820977805073,7.487742644178159,0.25596136975985045,4.29311638370771,0.41949207003236205,1.7165980586251164,0.2537650127276923,15.199188680483672,0.48829298369248797,,,,,,,,,,,,,,,,,,,,,,,,,,,,,,,,,,,,,,,,,,,,,,,,,,,,,,,,,,,,,,,,
diagnosis_controls,random,synthetic,diagnosis,known-law error full | known_law_oracle,,,,,,,,,,,,,,,,,,,,,,,,,,,,,,,3,"[11, 12, 13]",random,,,,,,,,,,,,,,,,,,,,,,,,,,,,,,,,,,,,,,,,,,,,,,,,,,,,,0.0,0.0,0.0,0.0,0.0,0.0,1.0,1.5700924586837752e-16,0.0,0.0,0.0,0.0,0.0,0.0,1.0,7.850462293418876e-17,0.0,0.0,0.0,0.0,0.0,0.0,0.9999999999999999,1.1102230246251565e-16,0.0,0.0,0.0,0.0,,,,,,,,,,,,,,,,,,,,,,,,,,,,,,,,,,,,
diagnosis_controls,random,synthetic,diagnosis,joint | full | known_law_oracle,,,,,,,,,,,,,,,,,,,,,,,,,,,,,,,3,"[11, 12, 13]",random,,,,,,,,,,,,,,,,,,,,,,,,,,,,,,,,,,,,,,,,,,,,,,,,,,,,,,,,,,,,,,,,,,,,,,,,,,,,,,,,,0.05000000000000001,8.498374721940739e-18,200.0,0.0,17.91450230193044,0.8029985958891804,63.27637329993559,16.883520915475263,0.06166666666666667,0.03752776749732568,0.6849999999999999,0.03499999999999997,0.888475,0.0024337471109381866,0.9132739110151573,0.001032124340263655,0.888475,0.0024337471109381866,0.938888888888889,0.004455281925651481,200.0,0.0,0.0,0.0,0.0,0.0,0.0,0.0,200.0,0.0,63.0,7.0,0.8916666666666667,0.012583057392117928,0.6633333333333334,0.028867513459481315
diagnosis_controls,random,synthetic,diagnosis,independent | full | known_law_oracle,,,,,,,,,,,,,,,,,,,,,,,,,,,,,,,3,"[11, 12, 13]",random,,,,,,,,,,,,,,,,,,,,,,,,,,,,,,,,,,,,,,,,,,,,,,,,,,,,,,,,,,,,,,,,,,,,,,,,,,,,,,,,,0.05000000000000001,8.498374721940739e-18,200.0,0.0,30.394810637944857,1.7456559266015603,37.673969515783064,12.89465205486235,0.05000000000000001,0.03,0.03333333333333333,0.020816659994661327,0.5234166666666666,0.004127070187594757,0.4953227809589944,0.004301656105251656,0.5234166666666666,0.004127070187594757,0.5505555555555555,0.020165690977315714,200.0,0.0,0.0,0.0,0.0,0.0,0.0,0.0,200.0,0.0,193.33333333333334,4.163331998932265,0.34,0.027838821814150105,0.0033333333333333335,0.002886751345948129
diagnosis_controls,random,synthetic,diagnosis,marginal_max | full | known_law_oracle,,,,,,,,,,,,,,,,,,,,,,,,,,,,,,,3,"[11, 12, 13]",random,,,,,,,,,,,,,,,,,,,,,,,,,,,,,,,,,,,,,,,,,,,,,,,,,,,,,,,,,,,,,,,,,,,,,,,,,,,,,,,,,0.05000000000000001,8.498374721940739e-18,200.0,0.0,9.192884101667678,0.7963954592303953,11.261155906764195,2.2620011769434365,0.055,0.030000000000000002,0.06666666666666667,0.05131601439446884,0.5722833333333334,0.003110122920936335,0.5452595549502569,0.009046311259488038,0.5722833333333334,0.003110122920936335,0.5505555555555555,0.020165690977315714,200.0,0.0,0.0,0.0,0.0,0.0,0.0,0.0,200.0,0.0,186.66666666666666,10.263202878893768,0.34,0.027838821814150105,0.021666666666666667,0.018929694486000914
diagnosis_controls,random,synthetic,diagnosis,conditional_max | full | known_law_oracle,,,,,,,,,,,,,,,,,,,,,,,,,,,,,,,3,"[11, 12, 13]",random,,,,,,,,,,,,,,,,,,,,,,,,,,,,,,,,,,,,,,,,,,,,,,,,,,,,,,,,,,,,,,,,,,,,,,,,,,,,,,,,,0.05000000000000001,8.498374721940739e-18,200.0,0.0,6.570335063123905,0.3806081608724651,56.5530306920135,14.130245034599612,0.055,0.013228756555322957,0.7683333333333332,0.02466441431158126,0.9254000000000001,0.00731368580129059,0.9409425870159445,0.006300026681139945,0.9254000000000001,0.00731368580129059,0.938888888888889,0.004455281925651481,200.0,0.0,0.0,0.0,0.0,0.0,0.0,0.0,200.0,0.0,46.333333333333336,4.932882862316248,0.8916666666666667,0.012583057392117928,0.745,0.02291287847477922
diagnosis_controls,random,synthetic,diagnosis,relational_max | full | known_law_oracle,,,,,,,,,,,,,,,,,,,,,,,,,,,,,,,3,"[11, 12, 13]",random,,,,,,,,,,,,,,,,,,,,,,,,,,,,,,,,,,,,,,,,,,,,,,,,,,,,,,,,,,,,,,,,,,,,,,,,,,,,,,,,,0.05000000000000001,8.498374721940739e-18,200.0,0.0,1.607312492223131,0.46954375487359784,58.44267898830007,15.161917675638659,0.05000000000000001,0.020000000000000004,0.7966666666666667,0.057951128835712365,0.9431249999999999,0.012824561396008816,0.9551837990249066,0.009499754655342517,0.9431249999999999,0.012824561396008816,0.9362499999999999,0.010316182002616494,200.0,0.0,0.0,0.0,0.0,0.0,0.0,0.0,200.0,0.0,40.666666666666664,11.590225767142474,0.8883333333333333,0.023094010767585053,0.7733333333333333,0.060069404303133664
diagnosis_controls,random,synthetic,diagnosis,query random1:0 | circuit,,,,,,,,,,,,,,,,,,,,,,,,,,,,,,,3,"[11, 12, 13]",random,,,,,,,,,,,0.0,0.0,0.012766833333444083,0.00040101457605794006,0.0026674586661101785,0.00011924419667378407,400.0,0.0,3.0,0.0,3.0,0.0,3.0,0.0,7.0,0.0,2527.0,0.0,0.0,0.0,1.0,0.0,0.0,0.0,1010800.0,0.0,0.0,0.0,1600.0,0.0,0.0,0.0,0.9146955410639445,0.25344431191489114,1.3403658072153728,0.10289146262319765,1.258820613225301,0.04014730320865358,-1.3039806286493938,0.41113068307212175,2.6019463539123535,0.33030866340480813,,,,,,,,,,,,,,,,,,,,,,,,,,,,,,,,,,,,,,,,,,,,,,,,,,,,,,,,,,,,,,,,
diagnosis_controls,random,synthetic,diagnosis,known-law error random1:0 | circuit,,,,,,,,,,,,,,,,,,,,,,,,,,,,,,,3,"[11, 12, 13]",random,,,,,,,,,,,,,,,,,,,,,,,,,,,,,,,,,,,,,,,,,,,,,,,,,,,,,2.316051133924862,0.13235075189140408,2.470381875955512,0.1273003271072139,15.406879959429801,5.727240517097645,0.3341015442087503,0.05567168490649927,0.2934681954767821,0.028330564480628994,0.5795319456303222,0.062014030912416945,5.863632860438781,1.8718587701838374,0.8966038267114028,0.008679049757463038,2.0225829384480805,0.12668870909505975,2.2137450930879825,0.11105635555158744,10.577060937470092,2.3429127804231062,0.3088188329864357,0.08510575377104489,-4.5930259879264,0.25428094265651596,4.671322261311609,0.2276704581491694,,,,,,,,,,,,,,,,,,,,,,,,,,,,,,,,,,,,
diagnosis_controls,random,synthetic,diagnosis,joint | random1:0 | circuit,,,,,,,,,,,,,,,,,,,,,,,,,,,,,,,3,"[11, 12, 13]",random,,,,,,,,,,,,,,,,,,,,,,,,,,,,,,,,,,,,,,,,,,,,,,,,,,,,,,,,,,,,,,,,,,,,,,,,,,,,,,,,,0.05000000000000001,8.498374721940739e-18,200.0,0.0,23.24717394510905,1.5744274430384078,35.85586166381836,10.912346087841849,0.045000000000000005,0.017320508075688773,0.045000000000000005,0.017320508075688773,0.5,0.0,0.5,0.0,0.5,0.0,,,0.0,0.0,200.0,0.0,0.0,0.0,0.0,0.0,0.0,0.0,0.0,0.0,,,0.0,0.0
diagnosis_controls,random,synthetic,diagnosis,independent | random1:0 | circuit,,,,,,,,,,,,,,,,,,,,,,,,,,,,,,,3,"[11, 12, 13]",random,,,,,,,,,,,,,,,,,,,,,,,,,,,,,,,,,,,,,,,,,,,,,,,,,,,,,,,,,,,,,,,,,,,,,,,,,,,,,,,,,0.05000000000000001,8.498374721940739e-18,200.0,0.0,24.18233871459961,0.4990618517435551,36.99068641662598,10.026231860633494,0.05666666666666667,0.01258305739211792,0.05666666666666667,0.01258305739211792,0.5,0.0,0.5,0.0,0.5,0.0,,,0.0,0.0,200.0,0.0,0.0,0.0,0.0,0.0,0.0,0.0,0.0,0.0,,,0.0,0.0
diagnosis_controls,random,synthetic,diagnosis,marginal_max | random1:0 | circuit,,,,,,,,,,,,,,,,,,,,,,,,,,,,,,,3,"[11, 12, 13]",random,,,,,,,,,,,,,,,,,,,,,,,,,,,,,,,,,,,,,,,,,,,,,,,,,,,,,,,,,,,,,,,,,,,,,,,,,,,,,,,,,0.05000000000000001,8.498374721940739e-18,200.0,0.0,9.912637710571289,0.5486989852559396,15.630813280741373,5.855226244539428,0.055,0.013228756555322956,0.055,0.013228756555322956,0.5,0.0,0.5,0.0,0.5,0.0,,,0.0,0.0,200.0,0.0,0.0,0.0,0.0,0.0,0.0,0.0,0.0,0.0,,,0.0,0.0
diagnosis_controls,random,synthetic,diagnosis,conditional_max | random1:0 | circuit,,,,,,,,,,,,,,,,,,,,,,,,,,,,,,,3,"[11, 12, 13]",random,,,,,,,,,,,,,,,,,,,,,,,,,,,,,,,,,,,,,,,,,,,,,,,,,,,,,,,,,,,,,,,,,,,,,,,,,,,,,,,,,0.05000000000000001,8.498374721940739e-18,200.0,0.0,9.3817138671875,0.7750975919700592,15.313189188639322,6.871400899132588,0.055,0.02783882181415011,0.055,0.02783882181415011,0.5,0.0,0.5,0.0,0.5,0.0,,,0.0,0.0,200.0,0.0,0.0,0.0,0.0,0.0,0.0,0.0,0.0,0.0,,,0.0,0.0
diagnosis_controls,random,synthetic,diagnosis,relational_max | random1:0 | circuit,,,,,,,,,,,,,,,,,,,,,,,,,,,,,,,3,"[11, 12, 13]",random,,,,,,,,,,,,,,,,,,,,,,,,,,,,,,,,,,,,,,,,,,,,,,,,,,,,,,,,,,,,,,,,,,,,,,,,,,,,,,,,,0.05000000000000001,8.498374721940739e-18,200.0,0.0,1.8949673970540364,0.04763718297772241,6.1464816729227705,0.7839923292109577,0.06,0.035,0.06,0.035,0.5,0.0,0.5,0.0,0.5,0.0,,,0.0,0.0,200.0,0.0,0.0,0.0,0.0,0.0,0.0,0.0,0.0,0.0,,,0.0,0.0
diagnosis_controls,random,synthetic,diagnosis,query random1:0 | known_law_oracle,,,,,,,,,,,,,,,,,,,,,,,,,,,,,,,3,"[11, 12, 13]",random,,,,,,,,,,,0.0,0.0,0.0013221666667959653,1.3966090627881777e-05,0.0012482363345043268,0.00013711834737298702,400.0,0.0,3.0,0.0,3.0,0.0,3.0,0.0,4.0,0.0,0.0,0.0,0.0,0.0,1.0,0.0,0.0,0.0,0.0,0.0,0.0,0.0,1600.0,0.0,0.0,0.0,4.627316966401856,0.16307299118556964,4.712017089467656,0.11676318793947561,3.026830896452991,0.2586339937212524,0.4658740226593728,0.3384785170764952,9.77032003486938,0.6432838298811988,,,,,,,,,,,,,,,,,,,,,,,,,,,,,,,,,,,,,,,,,,,,,,,,,,,,,,,,,,,,,,,,
diagnosis_controls,random,synthetic,diagnosis,known-law error random1:0 | known_law_oracle,,,,,,,,,,,,,,,,,,,,,,,,,,,,,,,3,"[11, 12, 13]",random,,,,,,,,,,,,,,,,,,,,,,,,,,,,,,,,,,,,,,,,,,,,,,,,,,,,,0.0,0.0,0.0,0.0,0.0,0.0,1.0,1.1102230246251565e-16,0.0,0.0,0.0,0.0,0.0,0.0,1.0,0.0,0.0,0.0,0.0,0.0,0.0,0.0,1.0,0.0,0.0,0.0,0.0,0.0,,,,,,,,,,,,,,,,,,,,,,,,,,,,,,,,,,,,
diagnosis_controls,random,synthetic,diagnosis,joint | random1:0 | known_law_oracle,,,,,,,,,,,,,,,,,,,,,,,,,,,,,,,3,"[11, 12, 13]",random,,,,,,,,,,,,,,,,,,,,,,,,,,,,,,,,,,,,,,,,,,,,,,,,,,,,,,,,,,,,,,,,,,,,,,,,,,,,,,,,,0.05000000000000001,8.498374721940739e-18,200.0,0.0,14.935343620961225,0.6200248163381805,13.974248921396907,2.140536873776643,0.056666666666666664,0.02254624876411447,0.056666666666666664,0.02254624876411447,0.5,0.0,0.5,0.0,0.5,0.0,,,0.0,0.0,200.0,0.0,0.0,0.0,0.0,0.0,0.0,0.0,0.0,0.0,,,0.0,0.0
diagnosis_controls,random,synthetic,diagnosis,independent | random1:0 | known_law_oracle,,,,,,,,,,,,,,,,,,,,,,,,,,,,,,,3,"[11, 12, 13]",random,,,,,,,,,,,,,,,,,,,,,,,,,,,,,,,,,,,,,,,,,,,,,,,,,,,,,,,,,,,,,,,,,,,,,,,,,,,,,,,,,0.05000000000000001,8.498374721940739e-18,200.0,0.0,23.064225268769338,1.4580430040976473,29.455796539991923,8.71210378294894,0.049999999999999996,0.04272001872658766,0.049999999999999996,0.04272001872658766,0.5,0.0,0.5,0.0,0.5,0.0,,,0.0,0.0,200.0,0.0,0.0,0.0,0.0,0.0,0.0,0.0,0.0,0.0,,,0.0,0.0
diagnosis_controls,random,synthetic,diagnosis,marginal_max | random1:0 | known_law_oracle,,,,,,,,,,,,,,,,,,,,,,,,,,,,,,,3,"[11, 12, 13]",random,,,,,,,,,,,,,,,,,,,,,,,,,,,,,,,,,,,,,,,,,,,,,,,,,,,,,,,,,,,,,,,,,,,,,,,,,,,,,,,,,0.05000000000000001,8.498374721940739e-18,200.0,0.0,8.867459059957293,0.8315980696454699,10.961353536093142,2.848882890820819,0.06333333333333334,0.04856267428111155,0.06333333333333334,0.04856267428111155,0.5,0.0,0.5,0.0,0.5,0.0,,,0.0,0.0,200.0,0.0,0.0,0.0,0.0,0.0,0.0,0.0,0.0,0.0,,,0.0,0.0
diagnosis_controls,random,synthetic,diagnosis,conditional_max | random1:0 | known_law_oracle,,,,,,,,,,,,,,,,,,,,,,,,,,,,,,,3,"[11, 12, 13]",random,,,,,,,,,,,,,,,,,,,,,,,,,,,,,,,,,,,,,,,,,,,,,,,,,,,,,,,,,,,,,,,,,,,,,,,,,,,,,,,,,0.05000000000000001,8.498374721940739e-18,200.0,0.0,6.471471241677171,0.48829282531222534,8.361070651078274,1.3635006876038969,0.045000000000000005,0.013228756555322954,0.045000000000000005,0.013228756555322954,0.5,0.0,0.5,0.0,0.5,0.0,,,0.0,0.0,200.0,0.0,0.0,0.0,0.0,0.0,0.0,0.0,0.0,0.0,,,0.0,0.0
diagnosis_controls,random,synthetic,diagnosis,relational_max | random1:0 | known_law_oracle,,,,,,,,,,,,,,,,,,,,,,,,,,,,,,,3,"[11, 12, 13]",random,,,,,,,,,,,,,,,,,,,,,,,,,,,,,,,,,,,,,,,,,,,,,,,,,,,,,,,,,,,,,,,,,,,,,,,,,,,,,,,,,0.05000000000000001,8.498374721940739e-18,200.0,0.0,1.4754989400425194,0.4936331413940235,13.103990108532907,2.5043772474858463,0.05000000000000001,0.020000000000000004,0.05000000000000001,0.020000000000000004,0.5,0.0,0.5,0.0,0.5,0.0,,,0.0,0.0,200.0,0.0,0.0,0.0,0.0,0.0,0.0,0.0,0.0,0.0,,,0.0,0.0
diagnosis_controls,random,synthetic,diagnosis,query random2:1-2 | circuit,,,,,,,,,,,,,,,,,,,,,,,,,,,,,,,3,"[11, 12, 13]",random,,,,,,,,,,,0.0,0.0,0.009512930333585246,0.0006692895959230031,0.002133110998935687,2.5591170302161014e-05,400.0,0.0,2.0,0.0,2.0,0.0,2.0,0.0,5.0,0.0,1805.0,0.0,0.0,0.0,1.0,0.0,0.0,0.0,722000.0,0.0,0.0,0.0,1600.0,0.0,0.0,0.0,0.45281262199083966,0.021708462966267036,0.7079242269198099,0.06776262708718253,0.7305702368418375,0.14248151919169996,-0.8368126153945923,0.13248270350926067,1.2932883103688557,0.14904649156163005,,,,,,,,,,,,,,,,,,,,,,,,,,,,,,,,,,,,,,,,,,,,,,,,,,,,,,,,,,,,,,,,
diagnosis_controls,random,synthetic,diagnosis,known-law error random2:1-2 | circuit,,,,,,,,,,,,,,,,,,,,,,,,,,,,,,,3,"[11, 12, 13]",random,,,,,,,,,,,,,,,,,,,,,,,,,,,,,,,,,,,,,,,,,,,,,,,,,,,,,-0.98021552307597,0.35676136727950764,3.3016601106815116,0.33689256654016664,26.52933802106466,9.909265576526266,0.6171457137237002,0.07094887008910795,0.2779617475178644,0.039068279641353995,0.5811593203217222,0.020684465344239896,6.137439259866046,1.9095731928498758,0.8911047574355001,0.0057901136051509965,-1.2581772703951524,0.31782819427734,3.2372202396244014,0.3586656070662741,26.375091085317468,9.621391220124819,0.5641248055442079,0.10761924743573663,0.7022537741673305,0.3957211757628308,3.3867396864844905,0.3101644783696359,,,,,,,,,,,,,,,,,,,,,,,,,,,,,,,,,,,,
diagnosis_controls,random,synthetic,diagnosis,joint | random2:1-2 | circuit,,,,,,,,,,,,,,,,,,,,,,,,,,,,,,,3,"[11, 12, 13]",random,,,,,,,,,,,,,,,,,,,,,,,,,,,,,,,,,,,,,,,,,,,,,,,,,,,,,,,,,,,,,,,,,,,,,,,,,,,,,,,,,0.05000000000000001,8.498374721940739e-18,200.0,0.0,15.47478993733724,0.7056674605075369,25.487669626871746,4.753017150541712,0.056666666666666664,0.020816659994661327,0.12166666666666669,0.0652559065015063,0.63265,0.01633108615493778,0.6108948601150109,0.024012056493076778,0.63265,0.01633108615493778,0.7399999999999999,0.026100766272276366,200.0,0.0,0.0,0.0,0.0,0.0,0.0,0.0,200.0,0.0,175.66666666666666,13.051181300301261,0.48,0.052201532544552766,0.065,0.0229128784747792
diagnosis_controls,random,synthetic,diagnosis,independent | random2:1-2 | circuit,,,,,,,,,,,,,,,,,,,,,,,,,,,,,,,3,"[11, 12, 13]",random,,,,,,,,,,,,,,,,,,,,,,,,,,,,,,,,,,,,,,,,,,,,,,,,,,,,,,,,,,,,,,,,,,,,,,,,,,,,,,,,,0.05000000000000001,8.498374721940739e-18,200.0,0.0,16.199983596801758,1.049980465163119,24.255417505900066,5.917721674277181,0.055,0.030413812651491096,0.04,0.013228756555322952,0.5250666666666667,0.006977747368121983,0.5021355480670471,0.002717291548127091,0.5250666666666667,0.006977747368121983,0.7399999999999999,0.026100766272276366,200.0,0.0,0.0,0.0,0.0,0.0,0.0,0.0,200.0,0.0,192.0,2.6457513110645907,0.48,0.052201532544552766,0.021666666666666667,0.002886751345948129
diagnosis_controls,random,synthetic,diagnosis,marginal_max | random2:1-2 | circuit,,,,,,,,,,,,,,,,,,,,,,,,,,,,,,,3,"[11, 12, 13]",random,,,,,,,,,,,,,,,,,,,,,,,,,,,,,,,,,,,,,,,,,,,,,,,,,,,,,,,,,,,,,,,,,,,,,,,,,,,,,,,,,0.05000000000000001,8.498374721940739e-18,200.0,0.0,9.173609097798666,0.3325804875035575,15.735139846801758,4.997604313981653,0.06666666666666667,0.010408329997330663,0.06833333333333334,0.01527525231651947,0.5568083333333332,0.013547222578201552,0.5378304481594735,0.010414020792252433,0.5568083333333332,0.013547222578201552,0.7399999999999999,0.026100766272276366,200.0,0.0,0.0,0.0,0.0,0.0,0.0,0.0,200.0,0.0,186.33333333333334,3.0550504633038935,0.48,0.052201532544552766,0.03,0.008660254037844387
diagnosis_controls,random,synthetic,diagnosis,conditional_max | random2:1-2 | circuit,,,,,,,,,,,,,,,,,,,,,,,,,,,,,,,3,"[11, 12, 13]",random,,,,,,,,,,,,,,,,,,,,,,,,,,,,,,,,,,,,,,,,,,,,,,,,,,,,,,,,,,,,,,,,,,,,,,,,,,,,,,,,,0.05000000000000001,8.498374721940739e-18,200.0,0.0,8.598624229431152,0.1919436625655335,19.968165079752605,1.5781688372246079,0.06666666666666667,0.007637626158259732,0.24500000000000002,0.06946221994724902,0.6853125000000001,0.019557635177853167,0.6860401776783039,0.04172431718228297,0.6853125000000001,0.019557635177853167,0.7399999999999999,0.026100766272276366,200.0,0.0,0.0,0.0,0.0,0.0,0.0,0.0,200.0,0.0,151.0,13.892443989449804,0.48,0.052201532544552766,0.11833333333333333,0.015275252316519472
diagnosis_controls,random,synthetic,diagnosis,relational_max | random2:1-2 | circuit,,,,,,,,,,,,,,,,,,,,,,,,,,,,,,,3,"[11, 12, 13]",random,,,,,,,,,,,,,,,,,,,,,,,,,,,,,,,,,,,,,,,,,,,,,,,,,,,,,,,,,,,,,,,,,,,,,,,,,,,,,,,,,0.05000000000000001,8.498374721940739e-18,200.0,0.0,0.7111275990804037,0.06379233965719809,11.164869944254557,3.601906499545348,0.06666666666666667,0.017559422921421233,0.36833333333333335,0.08892881047969398,0.7353333333333333,0.03283953727343509,0.7700638465155416,0.027349502932669793,0.7353333333333333,0.03283953727343509,0.5608333333333334,0.010103629710818428,200.0,0.0,0.0,0.0,0.0,0.0,200.0,0.0,0.0,0.0,0.0,0.0,,,0.0,0.0
diagnosis_controls,random,synthetic,diagnosis,query random2:1-2 | known_law_oracle,,,,,,,,,,,,,,,,,,,,,,,,,,,,,,,3,"[11, 12, 13]",random,,,,,,,,,,,0.0,0.0,0.000972541998635279,3.089482105711706e-05,0.0008487220002280083,5.882283276861811e-05,400.0,0.0,2.0,0.0,2.0,0.0,2.0,0.0,3.0,0.0,0.0,0.0,0.0,0.0,1.0,0.0,0.0,0.0,0.0,0.0,0.0,0.0,1600.0,0.0,0.0,0.0,2.096357563588452,0.09964891895981108,2.26804549120613,0.10914603308982343,1.6751941333155622,0.08785377155676298,-0.6576425075661821,0.10805273258978587,4.734415882802904,0.050446721985513074,,,,,,,,,,,,,,,,,,,,,,,,,,,,,,,,,,,,,,,,,,,,,,,,,,,,,,,,,,,,,,,,
diagnosis_controls,random,synthetic,diagnosis,known-law error random2:1-2 | known_law_oracle,,,,,,,,,,,,,,,,,,,,,,,,,,,,,,,3,"[11, 12, 13]",random,,,,,,,,,,,,,,,,,,,,,,,,,,,,,,,,,,,,,,,,,,,,,,,,,,,,,0.0,0.0,0.0,0.0,0.0,0.0,1.0,1.1102230246251565e-16,0.0,0.0,0.0,0.0,0.0,0.0,1.0,0.0,0.0,0.0,0.0,0.0,0.0,0.0,0.9999999999999999,1.1102230246251565e-16,0.0,0.0,0.0,0.0,,,,,,,,,,,,,,,,,,,,,,,,,,,,,,,,,,,,
diagnosis_controls,random,synthetic,diagnosis,joint | random2:1-2 | known_law_oracle,,,,,,,,,,,,,,,,,,,,,,,,,,,,,,,3,"[11, 12, 13]",random,,,,,,,,,,,,,,,,,,,,,,,,,,,,,,,,,,,,,,,,,,,,,,,,,,,,,,,,,,,,,,,,,,,,,,,,,,,,,,,,,0.05000000000000001,8.498374721940739e-18,200.0,0.0,11.544140844757928,0.29233015485814934,39.95401375908924,9.089835744996352,0.06833333333333334,0.01527525231651947,0.6133333333333333,0.033291640592397,0.8479749999999999,0.01524223162794738,0.879711434295874,0.008830852631302356,0.8479749999999999,0.01524223162794738,0.7391666666666667,0.015275252316519432,200.0,0.0,0.0,0.0,0.0,0.0,0.0,0.0,200.0,0.0,77.33333333333333,6.6583281184793925,0.47833333333333333,0.03055050463303893,0.3,0.03905124837953324
diagnosis_controls,random,synthetic,diagnosis,independent | random2:1-2 | known_law_oracle,,,,,,,,,,,,,,,,,,,,,,,,,,,,,,,3,"[11, 12, 13]",random,,,,,,,,,,,,,,,,,,,,,,,,,,,,,,,,,,,,,,,,,,,,,,,,,,,,,,,,,,,,,,,,,,,,,,,,,,,,,,,,,0.05000000000000001,8.498374721940739e-18,200.0,0.0,15.234903123055595,1.053006601916033,19.411344127833306,5.751342606435359,0.06166666666666667,0.03883726732577014,0.03833333333333333,0.02753785273643051,0.5248166666666666,0.0021939310229205926,0.49429167426924797,0.008234105479264342,0.5248166666666666,0.0021939310229205926,0.7391666666666667,0.015275252316519432,200.0,0.0,0.0,0.0,0.0,0.0,0.0,0.0,200.0,0.0,192.33333333333334,5.507570547286101,0.47833333333333333,0.03055050463303893,0.02,0.013228756555322952
diagnosis_controls,random,synthetic,diagnosis,marginal_max | random2:1-2 | known_law_oracle,,,,,,,,,,,,,,,,,,,,,,,,,,,,,,,3,"[11, 12, 13]",random,,,,,,,,,,,,,,,,,,,,,,,,,,,,,,,,,,,,,,,,,,,,,,,,,,,,,,,,,,,,,,,,,,,,,,,,,,,,,,,,,0.05000000000000001,8.498374721940739e-18,200.0,0.0,8.43466565713213,0.25999754209780307,10.425368004129288,2.5450730587845736,0.06333333333333334,0.011547005383792516,0.07333333333333333,0.03329164059239696,0.56655,0.011713393775930205,0.5462341318002347,0.004067795251284844,0.56655,0.011713393775930205,0.7391666666666667,0.015275252316519432,200.0,0.0,0.0,0.0,0.0,0.0,0.0,0.0,200.0,0.0,185.33333333333334,6.6583281184793925,0.47833333333333333,0.03055050463303893,0.034999999999999996,0.013228756555322952
diagnosis_controls,random,synthetic,diagnosis,conditional_max | random2:1-2 | known_law_oracle,,,,,,,,,,,,,,,,,,,,,,,,,,,,,,,3,"[11, 12, 13]",random,,,,,,,,,,,,,,,,,,,,,,,,,,,,,,,,,,,,,,,,,,,,,,,,,,,,,,,,,,,,,,,,,,,,,,,,,,,,,,,,,0.05000000000000001,8.498374721940739e-18,200.0,0.0,5.837524496781721,0.10842471013958771,37.24736777595433,9.693600535686526,0.09500000000000001,0.0050000000000000044,0.7383333333333333,0.0028867513459481316,0.8997083333333333,0.017445349189206105,0.9215935540339588,0.01225211038186652,0.8997083333333333,0.017445349189206105,0.7391666666666667,0.015275252316519432,200.0,0.0,0.0,0.0,0.0,0.0,0.0,0.0,200.0,0.0,52.333333333333336,0.5773502691896258,0.47833333333333333,0.03055050463303893,0.36166666666666664,0.02753785273643051
diagnosis_controls,random,synthetic,diagnosis,relational_max | random2:1-2 | known_law_oracle,,,,,,,,,,,,,,,,,,,,,,,,,,,,,,,3,"[11, 12, 13]",random,,,,,,,,,,,,,,,,,,,,,,,,,,,,,,,,,,,,,,,,,,,,,,,,,,,,,,,,,,,,,,,,,,,,,,,,,,,,,,,,,0.05000000000000001,8.498374721940739e-18,200.0,0.0,0.23123994314603222,0.10013022041458396,37.96105018797506,9.735287551294547,0.08166666666666667,0.01040832999733066,0.7966666666666665,0.03617089069035114,0.9314250000000001,0.014618844858606306,0.9447480208963511,0.010502674899999056,0.9314250000000001,0.014618844858606306,0.5641666666666667,0.016645820296198446,200.0,0.0,0.0,0.0,0.0,0.0,200.0,0.0,0.0,0.0,0.0,0.0,,,0.0,0.0
diagnosis_controls,random,synthetic,diagnosis,query random3:1-2-3 | circuit,,,,,,,,,,,,,,,,,,,,,,,,,,,,,,,3,"[11, 12, 13]",random,,,,,,,,,,,0.0,0.0,0.006360847333174509,7.587087013223602e-05,0.001758097666121709,6.09017558086042e-05,400.0,0.0,1.0,0.0,1.0,0.0,1.0,0.0,3.0,0.0,1083.0,0.0,0.0,0.0,1.0,0.0,0.0,0.0,433200.0,0.0,0.0,0.0,1600.0,0.0,0.0,0.0,0.0,0.0,0.0,0.0,0.0,0.0,0.0,0.0,0.0,0.0,,,,,,,,,,,,,,,,,,,,,,,,,,,,,,,,,,,,,,,,,,,,,,,,,,,,,,,,,,,,,,,,
diagnosis_controls,random,synthetic,diagnosis,known-law error random3:1-2-3 | circuit,,,,,,,,,,,,,,,,,,,,,,,,,,,,,,,3,"[11, 12, 13]",random,,,,,,,,,,,,,,,,,,,,,,,,,,,,,,,,,,,,,,,,,,,,,,,,,,,,,0.2637840739259126,0.08447867948954528,0.560460411013636,0.07754459002942314,5.310943690501554,1.7105427605350854,0.8856889576773669,0.02134683554101233,0.2637840739259126,0.08447867948954528,0.560460411013636,0.07754459002942314,5.310943690501554,1.7105427605350854,0.8856889576773669,0.02134683554101233,0.0,0.0,0.0,0.0,0.0,0.0,,,-0.2637840739259126,0.08447867948954528,0.560460411013636,0.07754459002942314,,,,,,,,,,,,,,,,,,,,,,,,,,,,,,,,,,,,
diagnosis_controls,random,synthetic,diagnosis,joint | random3:1-2-3 | circuit,,,,,,,,,,,,,,,,,,,,,,,,,,,,,,,3,"[11, 12, 13]",random,,,,,,,,,,,,,,,,,,,,,,,,,,,,,,,,,,,,,,,,,,,,,,,,,,,,,,,,,,,,,,,,,,,,,,,,,,,,,,,,,0.05000000000000001,8.498374721940739e-18,200.0,0.0,8.326100826263428,0.6094381717583379,11.96490732828776,3.2586745624354347,0.065,0.015,0.055,0.018027756377319945,0.4888333333333334,0.005234759625172233,0.5010602131160232,0.006514066576380532,0.4888333333333334,0.005234759625172233,,,0.0,0.0,0.0,0.0,200.0,0.0,200.0,0.0,0.0,0.0,0.0,0.0,,,0.0,0.0
diagnosis_controls,random,synthetic,diagnosis,independent | random3:1-2-3 | circuit,,,,,,,,,,,,,,,,,,,,,,,,,,,,,,,3,"[11, 12, 13]",random,,,,,,,,,,,,,,,,,,,,,,,,,,,,,,,,,,,,,,,,,,,,,,,,,,,,,,,,,,,,,,,,,,,,,,,,,,,,,,,,,0.05000000000000001,8.498374721940739e-18,200.0,0.0,8.326100826263428,0.6094381717583379,11.96490732828776,3.2586745624354347,0.065,0.015,0.055,0.018027756377319945,0.4888333333333334,0.005234759625172233,0.5010602131160232,0.006514066576380532,0.4888333333333334,0.005234759625172233,,,0.0,0.0,0.0,0.0,200.0,0.0,200.0,0.0,0.0,0.0,0.0,0.0,,,0.0,0.0
diagnosis_controls,random,synthetic,diagnosis,marginal_max | random3:1-2-3 | circuit,,,,,,,,,,,,,,,,,,,,,,,,,,,,,,,3,"[11, 12, 13]",random,,,,,,,,,,,,,,,,,,,,,,,,,,,,,,,,,,,,,,,,,,,,,,,,,,,,,,,,,,,,,,,,,,,,,,,,,,,,,,,,,0.05000000000000001,8.498374721940739e-18,200.0,0.0,8.326100826263428,0.6094381717583379,11.96490732828776,3.2586745624354347,0.065,0.015,0.055,0.018027756377319945,0.4888333333333334,0.005234759625172233,0.5010602131160232,0.006514066576380532,0.4888333333333334,0.005234759625172233,,,0.0,0.0,0.0,0.0,200.0,0.0,200.0,0.0,0.0,0.0,0.0,0.0,,,0.0,0.0
diagnosis_controls,random,synthetic,diagnosis,conditional_max | random3:1-2-3 | circuit,,,,,,,,,,,,,,,,,,,,,,,,,,,,,,,3,"[11, 12, 13]",random,,,,,,,,,,,,,,,,,,,,,,,,,,,,,,,,,,,,,,,,,,,,,,,,,,,,,,,,,,,,,,,,,,,,,,,,,,,,,,,,,0.05000000000000001,8.498374721940739e-18,200.0,0.0,8.326100826263428,0.6094381717583379,11.96490732828776,3.2586745624354347,0.065,0.015,0.055,0.018027756377319945,0.4888333333333334,0.005234759625172233,0.5010602131160232,0.006514066576380532,0.4888333333333334,0.005234759625172233,,,0.0,0.0,0.0,0.0,200.0,0.0,200.0,0.0,0.0,0.0,0.0,0.0,,,0.0,0.0
diagnosis_controls,random,synthetic,diagnosis,relational_max | random3:1-2-3 | circuit,,,,,,,,,,,,,,,,,,,,,,,,,,,,,,,3,"[11, 12, 13]",random,,,,,,,,,,,,,,,,,,,,,,,,,,,,,,,,,,,,,,,,,,,,,,,,,,,,,,,,,,,,,,,,,,,,,,,,,,,,,,,,,0.05000000000000001,8.498374721940739e-18,200.0,0.0,0.0,0.0,0.0,0.0,0.0,0.0,0.0,0.0,0.5,0.0,0.5,0.0,0.5,0.0,,,0.0,0.0,0.0,0.0,200.0,0.0,200.0,0.0,0.0,0.0,0.0,0.0,,,0.0,0.0
diagnosis_controls,random,synthetic,diagnosis,query random3:1-2-3 | known_law_oracle,,,,,,,,,,,,,,,,,,,,,,,,,,,,,,,3,"[11, 12, 13]",random,,,,,,,,,,,0.0,0.0,0.0004282503335465056,6.250418762705358e-06,0.0003926946653033762,1.1568505250322503e-05,400.0,0.0,1.0,0.0,1.0,0.0,1.0,0.0,2.0,0.0,0.0,0.0,0.0,0.0,1.0,0.0,0.0,0.0,0.0,0.0,0.0,0.0,1600.0,0.0,0.0,0.0,0.0,0.0,0.0,0.0,0.0,0.0,0.0,0.0,0.0,0.0,,,,,,,,,,,,,,,,,,,,,,,,,,,,,,,,,,,,,,,,,,,,,,,,,,,,,,,,,,,,,,,,
diagnosis_controls,random,synthetic,diagnosis,known-law error random3:1-2-3 | known_law_oracle,,,,,,,,,,,,,,,,,,,,,,,,,,,,,,,3,"[11, 12, 13]",random,,,,,,,,,,,,,,,,,,,,,,,,,,,,,,,,,,,,,,,,,,,,,,,,,,,,,0.0,0.0,0.0,0.0,0.0,0.0,1.0,0.0,0.0,0.0,0.0,0.0,0.0,0.0,1.0,0.0,0.0,0.0,0.0,0.0,0.0,0.0,,,0.0,0.0,0.0,0.0,,,,,,,,,,,,,,,,,,,,,,,,,,,,,,,,,,,,
diagnosis_controls,random,synthetic,diagnosis,joint | random3:1-2-3 | known_law_oracle,,,,,,,,,,,,,,,,,,,,,,,,,,,,,,,3,"[11, 12, 13]",random,,,,,,,,,,,,,,,,,,,,,,,,,,,,,,,,,,,,,,,,,,,,,,,,,,,,,,,,,,,,,,,,,,,,,,,,,,,,,,,,,0.05000000000000001,8.498374721940739e-18,200.0,0.0,7.689895496961474,0.5021001950174577,10.071033718670991,2.3032659569915754,0.06333333333333334,0.020207259421636908,0.06,0.0304138126514911,0.48662500000000003,0.006084868527749771,0.4983624026561697,0.008169094318119742,0.48662500000000003,0.006084868527749771,,,0.0,0.0,0.0,0.0,200.0,0.0,200.0,0.0,0.0,0.0,0.0,0.0,,,0.0,0.0
diagnosis_controls,random,synthetic,diagnosis,independent | random3:1-2-3 | known_law_oracle,,,,,,,,,,,,,,,,,,,,,,,,,,,,,,,3,"[11, 12, 13]",random,,,,,,,,,,,,,,,,,,,,,,,,,,,,,,,,,,,,,,,,,,,,,,,,,,,,,,,,,,,,,,,,,,,,,,,,,,,,,,,,,0.05000000000000001,8.498374721940739e-18,200.0,0.0,7.689895496961474,0.5021001950174577,10.071033718670991,2.3032659569915754,0.06333333333333334,0.020207259421636908,0.06,0.0304138126514911,0.48662500000000003,0.006084868527749771,0.4983624026561697,0.008169094318119742,0.48662500000000003,0.006084868527749771,,,0.0,0.0,0.0,0.0,200.0,0.0,200.0,0.0,0.0,0.0,0.0,0.0,,,0.0,0.0
diagnosis_controls,random,synthetic,diagnosis,marginal_max | random3:1-2-3 | known_law_oracle,,,,,,,,,,,,,,,,,,,,,,,,,,,,,,,3,"[11, 12, 13]",random,,,,,,,,,,,,,,,,,,,,,,,,,,,,,,,,,,,,,,,,,,,,,,,,,,,,,,,,,,,,,,,,,,,,,,,,,,,,,,,,,0.05000000000000001,8.498374721940739e-18,200.0,0.0,7.689895496961474,0.5021001950174577,10.071033718670991,2.3032659569915754,0.06333333333333334,0.020207259421636908,0.06,0.0304138126514911,0.48662500000000003,0.006084868527749771,0.4983624026561697,0.008169094318119742,0.48662500000000003,0.006084868527749771,,,0.0,0.0,0.0,0.0,200.0,0.0,200.0,0.0,0.0,0.0,0.0,0.0,,,0.0,0.0
diagnosis_controls,random,synthetic,diagnosis,conditional_max | random3:1-2-3 | known_law_oracle,,,,,,,,,,,,,,,,,,,,,,,,,,,,,,,3,"[11, 12, 13]",random,,,,,,,,,,,,,,,,,,,,,,,,,,,,,,,,,,,,,,,,,,,,,,,,,,,,,,,,,,,,,,,,,,,,,,,,,,,,,,,,,0.05000000000000001,8.498374721940739e-18,200.0,0.0,7.689895496961474,0.5021001950174577,10.071033718670991,2.3032659569915754,0.06333333333333334,0.020207259421636908,0.06,0.0304138126514911,0.48662500000000003,0.006084868527749771,0.4983624026561697,0.008169094318119742,0.48662500000000003,0.006084868527749771,,,0.0,0.0,0.0,0.0,200.0,0.0,200.0,0.0,0.0,0.0,0.0,0.0,,,0.0,0.0
diagnosis_controls,random,synthetic,diagnosis,relational_max | random3:1-2-3 | known_law_oracle,,,,,,,,,,,,,,,,,,,,,,,,,,,,,,,3,"[11, 12, 13]",random,,,,,,,,,,,,,,,,,,,,,,,,,,,,,,,,,,,,,,,,,,,,,,,,,,,,,,,,,,,,,,,,,,,,,,,,,,,,,,,,,0.05000000000000001,8.498374721940739e-18,200.0,0.0,0.0,0.0,0.0,0.0,0.0,0.0,0.0,0.0,0.5,0.0,0.5,0.0,0.5,0.0,,,0.0,0.0,0.0,0.0,200.0,0.0,200.0,0.0,0.0,0.0,0.0,0.0,,,0.0,0.0
diagnosis_controls,random,synthetic,diagnosis,query bank0:0-1 | circuit,,,,,,,,,,,,,,,,,,,,,,,,,,,,,,,3,"[11, 12, 13]",random,,,,,,,,,,,0.0,0.0,0.01082588833378395,0.002782743740406195,0.0021655693344655447,0.0001194762917599493,400.0,0.0,2.0,0.0,2.0,0.0,2.0,0.0,5.0,0.0,1805.0,0.0,0.0,0.0,1.0,0.0,0.0,0.0,722000.0,0.0,0.0,0.0,1600.0,0.0,0.0,0.0,0.3896928330262502,0.12097746430506161,0.6765647927920023,0.07934862736821624,0.7061469157536825,0.010807847146836351,-0.9432761867841085,0.12685207969737006,1.2168623208999634,0.15614504423270337,,,,,,,,,,,,,,,,,,,,,,,,,,,,,,,,,,,,,,,,,,,,,,,,,,,,,,,,,,,,,,,,
diagnosis_controls,random,synthetic,diagnosis,known-law error bank0:0-1 | circuit,,,,,,,,,,,,,,,,,,,,,,,,,,,,,,,3,"[11, 12, 13]",random,,,,,,,,,,,,,,,,,,,,,,,,,,,,,,,,,,,,,,,,,,,,,,,,,,,,,2.0193976947311714,0.04732273885888351,2.165057969700968,0.08564557102922421,13.712170990481326,4.762176968858256,0.39571881392380304,0.06324483334899678,0.2910416332783908,0.06100325623373789,0.594780433954448,0.10292920358160579,5.863632860438781,1.8718587701838374,0.8955113321686361,0.019945719950646496,1.7283560614527806,0.08999153061184877,1.9020322985404114,0.11362008495250246,8.946417433217883,1.1824477852210915,0.33271702305448875,0.129234553201688,-2.310439331784523,0.061832049632206926,2.443439982497804,0.0881862943173708,,,,,,,,,,,,,,,,,,,,,,,,,,,,,,,,,,,,
diagnosis_controls,random,synthetic,diagnosis,joint | bank0:0-1 | circuit,,,,,,,,,,,,,,,,,,,,,,,,,,,,,,,3,"[11, 12, 13]",random,,,,,,,,,,,,,,,,,,,,,,,,,,,,,,,,,,,,,,,,,,,,,,,,,,,,,,,,,,,,,,,,,,,,,,,,,,,,,,,,,0.05000000000000001,8.498374721940739e-18,200.0,0.0,15.893613497416178,0.7193234051899432,24.712990442911785,6.782041920274976,0.06,0.01322875655532295,0.06,0.01322875655532295,0.5,0.0,0.5,0.0,0.5,0.0,,,0.0,0.0,200.0,0.0,0.0,0.0,0.0,0.0,0.0,0.0,0.0,0.0,,,0.0,0.0
diagnosis_controls,random,synthetic,diagnosis,independent | bank0:0-1 | circuit,,,,,,,,,,,,,,,,,,,,,,,,,,,,,,,3,"[11, 12, 13]",random,,,,,,,,,,,,,,,,,,,,,,,,,,,,,,,,,,,,,,,,,,,,,,,,,,,,,,,,,,,,,,,,,,,,,,,,,,,,,,,,,0.05000000000000001,8.498374721940739e-18,200.0,0.0,16.109349568684895,0.1392260586941224,25.561290740966797,6.390310338188484,0.06166666666666667,0.012583057392117913,0.06166666666666667,0.012583057392117913,0.5,0.0,0.5,0.0,0.5,0.0,,,0.0,0.0,200.0,0.0,0.0,0.0,0.0,0.0,0.0,0.0,0.0,0.0,,,0.0,0.0
diagnosis_controls,random,synthetic,diagnosis,marginal_max | bank0:0-1 | circuit,,,,,,,,,,,,,,,,,,,,,,,,,,,,,,,3,"[11, 12, 13]",random,,,,,,,,,,,,,,,,,,,,,,,,,,,,,,,,,,,,,,,,,,,,,,,,,,,,,,,,,,,,,,,,,,,,,,,,,,,,,,,,,0.05000000000000001,8.498374721940739e-18,200.0,0.0,9.483336130777994,0.23547792029163264,15.688444455464682,5.88328001802733,0.05333333333333334,0.0202072594216369,0.05333333333333334,0.0202072594216369,0.5,0.0,0.5,0.0,0.5,0.0,,,0.0,0.0,200.0,0.0,0.0,0.0,0.0,0.0,0.0,0.0,0.0,0.0,,,0.0,0.0
diagnosis_controls,random,synthetic,diagnosis,conditional_max | bank0:0-1 | circuit,,,,,,,,,,,,,,,,,,,,,,,,,,,,,,,3,"[11, 12, 13]",random,,,,,,,,,,,,,,,,,,,,,,,,,,,,,,,,,,,,,,,,,,,,,,,,,,,,,,,,,,,,,,,,,,,,,,,,,,,,,,,,,0.05000000000000001,8.498374721940739e-18,200.0,0.0,8.945727348327637,0.6334322864794765,15.025715827941895,6.455374377158874,0.055,0.02783882181415011,0.055,0.02783882181415011,0.5,0.0,0.5,0.0,0.5,0.0,,,0.0,0.0,200.0,0.0,0.0,0.0,0.0,0.0,0.0,0.0,0.0,0.0,,,0.0,0.0
diagnosis_controls,random,synthetic,diagnosis,relational_max | bank0:0-1 | circuit,,,,,,,,,,,,,,,,,,,,,,,,,,,,,,,3,"[11, 12, 13]",random,,,,,,,,,,,,,,,,,,,,,,,,,,,,,,,,,,,,,,,,,,,,,,,,,,,,,,,,,,,,,,,,,,,,,,,,,,,,,,,,,0.05000000000000001,8.498374721940739e-18,200.0,0.0,0.9769062995910645,0.13089047534546874,4.739721934000651,0.7871010419537009,0.049999999999999996,0.005000000000000001,0.049999999999999996,0.005000000000000001,0.5,0.0,0.5,0.0,0.5,0.0,,,0.0,0.0,200.0,0.0,0.0,0.0,0.0,0.0,0.0,0.0,0.0,0.0,,,0.0,0.0
diagnosis_controls,random,synthetic,diagnosis,query bank0:0-1 | known_law_oracle,,,,,,,,,,,,,,,,,,,,,,,,,,,,,,,3,"[11, 12, 13]",random,,,,,,,,,,,0.0,0.0,0.0009417220001826839,7.202396070191257e-05,0.0008930139993026387,0.00013405200254214633,400.0,0.0,2.0,0.0,2.0,0.0,2.0,0.0,3.0,0.0,0.0,0.0,0.0,0.0,1.0,0.0,0.0,0.0,0.0,0.0,0.0,0.0,1600.0,0.0,0.0,0.0,2.118048889511977,0.03141646701381385,2.28014607008394,0.029491370809877227,1.6978145196793875,0.13309930604048953,-0.7122084386461768,0.10227821996367469,5.087134179912623,0.3348361709035126,,,,,,,,,,,,,,,,,,,,,,,,,,,,,,,,,,,,,,,,,,,,,,,,,,,,,,,,,,,,,,,,
diagnosis_controls,random,synthetic,diagnosis,known-law error bank0:0-1 | known_law_oracle,,,,,,,,,,,,,,,,,,,,,,,,,,,,,,,3,"[11, 12, 13]",random,,,,,,,,,,,,,,,,,,,,,,,,,,,,,,,,,,,,,,,,,,,,,,,,,,,,,0.0,0.0,0.0,0.0,0.0,0.0,1.0,7.850462293418876e-17,0.0,0.0,0.0,0.0,0.0,0.0,1.0,7.850462293418876e-17,0.0,0.0,0.0,0.0,0.0,0.0,1.0,7.850462293418876e-17,0.0,0.0,0.0,0.0,,,,,,,,,,,,,,,,,,,,,,,,,,,,,,,,,,,,
diagnosis_controls,random,synthetic,diagnosis,joint | bank0:0-1 | known_law_oracle,,,,,,,,,,,,,,,,,,,,,,,,,,,,,,,3,"[11, 12, 13]",random,,,,,,,,,,,,,,,,,,,,,,,,,,,,,,,,,,,,,,,,,,,,,,,,,,,,,,,,,,,,,,,,,,,,,,,,,,,,,,,,,0.05000000000000001,8.498374721940739e-18,200.0,0.0,11.893229892798225,0.5687274688631019,12.178897972724068,2.250793680864722,0.06833333333333334,0.025658007197234416,0.06833333333333334,0.025658007197234416,0.5,0.0,0.5,0.0,0.5,0.0,,,0.0,0.0,200.0,0.0,0.0,0.0,0.0,0.0,0.0,0.0,0.0,0.0,,,0.0,0.0
diagnosis_controls,random,synthetic,diagnosis,independent | bank0:0-1 | known_law_oracle,,,,,,,,,,,,,,,,,,,,,,,,,,,,,,,3,"[11, 12, 13]",random,,,,,,,,,,,,,,,,,,,,,,,,,,,,,,,,,,,,,,,,,,,,,,,,,,,,,,,,,,,,,,,,,,,,,,,,,,,,,,,,,0.05000000000000001,8.498374721940739e-18,200.0,0.0,15.530203393921816,1.1097664954433233,19.581157822329033,4.553161015933234,0.056666666666666664,0.04752192476461084,0.056666666666666664,0.04752192476461084,0.5,0.0,0.5,0.0,0.5,0.0,,,0.0,0.0,200.0,0.0,0.0,0.0,0.0,0.0,0.0,0.0,0.0,0.0,,,0.0,0.0
diagnosis_controls,random,synthetic,diagnosis,marginal_max | bank0:0-1 | known_law_oracle,,,,,,,,,,,,,,,,,,,,,,,,,,,,,,,3,"[11, 12, 13]",random,,,,,,,,,,,,,,,,,,,,,,,,,,,,,,,,,,,,,,,,,,,,,,,,,,,,,,,,,,,,,,,,,,,,,,,,,,,,,,,,,0.05000000000000001,8.498374721940739e-18,200.0,0.0,8.50225676970686,0.8025616774679297,11.026607722604169,2.92788709015932,0.07166666666666667,0.05619905100029121,0.07166666666666667,0.05619905100029121,0.5,0.0,0.5,0.0,0.5,0.0,,,0.0,0.0,200.0,0.0,0.0,0.0,0.0,0.0,0.0,0.0,0.0,0.0,,,0.0,0.0
diagnosis_controls,random,synthetic,diagnosis,conditional_max | bank0:0-1 | known_law_oracle,,,,,,,,,,,,,,,,,,,,,,,,,,,,,,,3,"[11, 12, 13]",random,,,,,,,,,,,,,,,,,,,,,,,,,,,,,,,,,,,,,,,,,,,,,,,,,,,,,,,,,,,,,,,,,,,,,,,,,,,,,,,,,0.05000000000000001,8.498374721940739e-18,200.0,0.0,6.412057461380322,0.4208635318078273,7.401431090478628,1.076630163802171,0.055,0.02783882181415011,0.055,0.02783882181415011,0.5,0.0,0.5,0.0,0.5,0.0,,,0.0,0.0,200.0,0.0,0.0,0.0,0.0,0.0,0.0,0.0,0.0,0.0,,,0.0,0.0
diagnosis_controls,random,synthetic,diagnosis,relational_max | bank0:0-1 | known_law_oracle,,,,,,,,,,,,,,,,,,,,,,,,,,,,,,,3,"[11, 12, 13]",random,,,,,,,,,,,,,,,,,,,,,,,,,,,,,,,,,,,,,,,,,,,,,,,,,,,,,,,,,,,,,,,,,,,,,,,,,,,,,,,,,0.05000000000000001,8.498374721940739e-18,200.0,0.0,0.6755880722069408,0.3929988831887486,12.161940408549382,0.8837115701503796,0.05333333333333334,0.0202072594216369,0.05333333333333334,0.0202072594216369,0.5,0.0,0.5,0.0,0.5,0.0,,,0.0,0.0,200.0,0.0,0.0,0.0,0.0,0.0,0.0,0.0,0.0,0.0,,,0.0,0.0
diagnosis_controls,random,synthetic,diagnosis,query single_sensor_0 | circuit,,,,,,,,,,,,,,,,,,,,,,,,,,,,,,,3,"[11, 12, 13]",random,,,,,,,,,,,0.0,0.0,0.00677870833290702,0.0003627204574883384,0.0018198889993072953,0.00020329697056467336,400.0,0.0,1.0,0.0,1.0,0.0,1.0,0.0,3.0,0.0,1083.0,0.0,0.0,0.0,1.0,0.0,0.0,0.0,433200.0,0.0,0.0,0.0,1600.0,0.0,0.0,0.0,0.0,0.0,0.0,0.0,0.0,0.0,0.0,0.0,0.0,0.0,,,,,,,,,,,,,,,,,,,,,,,,,,,,,,,,,,,,,,,,,,,,,,,,,,,,,,,,,,,,,,,,
diagnosis_controls,random,synthetic,diagnosis,known-law error single_sensor_0 | circuit,,,,,,,,,,,,,,,,,,,,,,,,,,,,,,,3,"[11, 12, 13]",random,,,,,,,,,,,,,,,,,,,,,,,,,,,,,,,,,,,,,,,,,,,,,,,,,,,,,0.2637840739259126,0.08447867948954528,0.560460411013636,0.07754459002942314,5.310943690501554,1.7105427605350854,0.8856889576773669,0.02134683554101233,0.2637840739259126,0.08447867948954528,0.560460411013636,0.07754459002942314,5.310943690501554,1.7105427605350854,0.8856889576773669,0.02134683554101233,0.0,0.0,0.0,0.0,0.0,0.0,,,-0.2637840739259126,0.08447867948954528,0.560460411013636,0.07754459002942314,,,,,,,,,,,,,,,,,,,,,,,,,,,,,,,,,,,,
diagnosis_controls,random,synthetic,diagnosis,joint | single_sensor_0 | circuit,,,,,,,,,,,,,,,,,,,,,,,,,,,,,,,3,"[11, 12, 13]",random,,,,,,,,,,,,,,,,,,,,,,,,,,,,,,,,,,,,,,,,,,,,,,,,,,,,,,,,,,,,,,,,,,,,,,,,,,,,,,,,,0.05000000000000001,8.498374721940739e-18,200.0,0.0,8.326100826263428,0.6094381717583379,11.96490732828776,3.2586745624354347,0.065,0.015,0.055,0.018027756377319945,0.4888333333333334,0.005234759625172233,0.5010602131160232,0.006514066576380532,0.4888333333333334,0.005234759625172233,,,0.0,0.0,0.0,0.0,200.0,0.0,200.0,0.0,0.0,0.0,0.0,0.0,,,0.0,0.0
diagnosis_controls,random,synthetic,diagnosis,independent | single_sensor_0 | circuit,,,,,,,,,,,,,,,,,,,,,,,,,,,,,,,3,"[11, 12, 13]",random,,,,,,,,,,,,,,,,,,,,,,,,,,,,,,,,,,,,,,,,,,,,,,,,,,,,,,,,,,,,,,,,,,,,,,,,,,,,,,,,,0.05000000000000001,8.498374721940739e-18,200.0,0.0,8.326100826263428,0.6094381717583379,11.96490732828776,3.2586745624354347,0.065,0.015,0.055,0.018027756377319945,0.4888333333333334,0.005234759625172233,0.5010602131160232,0.006514066576380532,0.4888333333333334,0.005234759625172233,,,0.0,0.0,0.0,0.0,200.0,0.0,200.0,0.0,0.0,0.0,0.0,0.0,,,0.0,0.0
diagnosis_controls,random,synthetic,diagnosis,marginal_max | single_sensor_0 | circuit,,,,,,,,,,,,,,,,,,,,,,,,,,,,,,,3,"[11, 12, 13]",random,,,,,,,,,,,,,,,,,,,,,,,,,,,,,,,,,,,,,,,,,,,,,,,,,,,,,,,,,,,,,,,,,,,,,,,,,,,,,,,,,0.05000000000000001,8.498374721940739e-18,200.0,0.0,8.326100826263428,0.6094381717583379,11.96490732828776,3.2586745624354347,0.065,0.015,0.055,0.018027756377319945,0.4888333333333334,0.005234759625172233,0.5010602131160232,0.006514066576380532,0.4888333333333334,0.005234759625172233,,,0.0,0.0,0.0,0.0,200.0,0.0,200.0,0.0,0.0,0.0,0.0,0.0,,,0.0,0.0
diagnosis_controls,random,synthetic,diagnosis,conditional_max | single_sensor_0 | circuit,,,,,,,,,,,,,,,,,,,,,,,,,,,,,,,3,"[11, 12, 13]",random,,,,,,,,,,,,,,,,,,,,,,,,,,,,,,,,,,,,,,,,,,,,,,,,,,,,,,,,,,,,,,,,,,,,,,,,,,,,,,,,,0.05000000000000001,8.498374721940739e-18,200.0,0.0,8.326100826263428,0.6094381717583379,11.96490732828776,3.2586745624354347,0.065,0.015,0.055,0.018027756377319945,0.4888333333333334,0.005234759625172233,0.5010602131160232,0.006514066576380532,0.4888333333333334,0.005234759625172233,,,0.0,0.0,0.0,0.0,200.0,0.0,200.0,0.0,0.0,0.0,0.0,0.0,,,0.0,0.0
diagnosis_controls,random,synthetic,diagnosis,relational_max | single_sensor_0 | circuit,,,,,,,,,,,,,,,,,,,,,,,,,,,,,,,3,"[11, 12, 13]",random,,,,,,,,,,,,,,,,,,,,,,,,,,,,,,,,,,,,,,,,,,,,,,,,,,,,,,,,,,,,,,,,,,,,,,,,,,,,,,,,,0.05000000000000001,8.498374721940739e-18,200.0,0.0,0.0,0.0,0.0,0.0,0.0,0.0,0.0,0.0,0.5,0.0,0.5,0.0,0.5,0.0,,,0.0,0.0,0.0,0.0,200.0,0.0,200.0,0.0,0.0,0.0,0.0,0.0,,,0.0,0.0
diagnosis_controls,random,synthetic,diagnosis,query single_sensor_0 | known_law_oracle,,,,,,,,,,,,,,,,,,,,,,,,,,,,,,,3,"[11, 12, 13]",random,,,,,,,,,,,0.0,0.0,0.00042947233305312693,3.795560956221456e-05,0.0004171253325087794,5.079427110365044e-05,400.0,0.0,1.0,0.0,1.0,0.0,1.0,0.0,2.0,0.0,0.0,0.0,0.0,0.0,1.0,0.0,0.0,0.0,0.0,0.0,0.0,0.0,1600.0,0.0,0.0,0.0,0.0,0.0,0.0,0.0,0.0,0.0,0.0,0.0,0.0,0.0,,,,,,,,,,,,,,,,,,,,,,,,,,,,,,,,,,,,,,,,,,,,,,,,,,,,,,,,,,,,,,,,
diagnosis_controls,random,synthetic,diagnosis,known-law error single_sensor_0 | known_law_oracle,,,,,,,,,,,,,,,,,,,,,,,,,,,,,,,3,"[11, 12, 13]",random,,,,,,,,,,,,,,,,,,,,,,,,,,,,,,,,,,,,,,,,,,,,,,,,,,,,,0.0,0.0,0.0,0.0,0.0,0.0,1.0,0.0,0.0,0.0,0.0,0.0,0.0,0.0,1.0,0.0,0.0,0.0,0.0,0.0,0.0,0.0,,,0.0,0.0,0.0,0.0,,,,,,,,,,,,,,,,,,,,,,,,,,,,,,,,,,,,
diagnosis_controls,random,synthetic,diagnosis,joint | single_sensor_0 | known_law_oracle,,,,,,,,,,,,,,,,,,,,,,,,,,,,,,,3,"[11, 12, 13]",random,,,,,,,,,,,,,,,,,,,,,,,,,,,,,,,,,,,,,,,,,,,,,,,,,,,,,,,,,,,,,,,,,,,,,,,,,,,,,,,,,0.05000000000000001,8.498374721940739e-18,200.0,0.0,7.689895496961474,0.5021001950174577,10.071033718670991,2.3032659569915754,0.06333333333333334,0.020207259421636908,0.06,0.0304138126514911,0.48662500000000003,0.006084868527749771,0.4983624026561697,0.008169094318119742,0.48662500000000003,0.006084868527749771,,,0.0,0.0,0.0,0.0,200.0,0.0,200.0,0.0,0.0,0.0,0.0,0.0,,,0.0,0.0
diagnosis_controls,random,synthetic,diagnosis,independent | single_sensor_0 | known_law_oracle,,,,,,,,,,,,,,,,,,,,,,,,,,,,,,,3,"[11, 12, 13]",random,,,,,,,,,,,,,,,,,,,,,,,,,,,,,,,,,,,,,,,,,,,,,,,,,,,,,,,,,,,,,,,,,,,,,,,,,,,,,,,,,0.05000000000000001,8.498374721940739e-18,200.0,0.0,7.689895496961474,0.5021001950174577,10.071033718670991,2.3032659569915754,0.06333333333333334,0.020207259421636908,0.06,0.0304138126514911,0.48662500000000003,0.006084868527749771,0.4983624026561697,0.008169094318119742,0.48662500000000003,0.006084868527749771,,,0.0,0.0,0.0,0.0,200.0,0.0,200.0,0.0,0.0,0.0,0.0,0.0,,,0.0,0.0
diagnosis_controls,random,synthetic,diagnosis,marginal_max | single_sensor_0 | known_law_oracle,,,,,,,,,,,,,,,,,,,,,,,,,,,,,,,3,"[11, 12, 13]",random,,,,,,,,,,,,,,,,,,,,,,,,,,,,,,,,,,,,,,,,,,,,,,,,,,,,,,,,,,,,,,,,,,,,,,,,,,,,,,,,,0.05000000000000001,8.498374721940739e-18,200.0,0.0,7.689895496961474,0.5021001950174577,10.071033718670991,2.3032659569915754,0.06333333333333334,0.020207259421636908,0.06,0.0304138126514911,0.48662500000000003,0.006084868527749771,0.4983624026561697,0.008169094318119742,0.48662500000000003,0.006084868527749771,,,0.0,0.0,0.0,0.0,200.0,0.0,200.0,0.0,0.0,0.0,0.0,0.0,,,0.0,0.0
diagnosis_controls,random,synthetic,diagnosis,conditional_max | single_sensor_0 | known_law_oracle,,,,,,,,,,,,,,,,,,,,,,,,,,,,,,,3,"[11, 12, 13]",random,,,,,,,,,,,,,,,,,,,,,,,,,,,,,,,,,,,,,,,,,,,,,,,,,,,,,,,,,,,,,,,,,,,,,,,,,,,,,,,,,0.05000000000000001,8.498374721940739e-18,200.0,0.0,7.689895496961474,0.5021001950174577,10.071033718670991,2.3032659569915754,0.06333333333333334,0.020207259421636908,0.06,0.0304138126514911,0.48662500000000003,0.006084868527749771,0.4983624026561697,0.008169094318119742,0.48662500000000003,0.006084868527749771,,,0.0,0.0,0.0,0.0,200.0,0.0,200.0,0.0,0.0,0.0,0.0,0.0,,,0.0,0.0
diagnosis_controls,random,synthetic,diagnosis,relational_max | single_sensor_0 | known_law_oracle,,,,,,,,,,,,,,,,,,,,,,,,,,,,,,,3,"[11, 12, 13]",random,,,,,,,,,,,,,,,,,,,,,,,,,,,,,,,,,,,,,,,,,,,,,,,,,,,,,,,,,,,,,,,,,,,,,,,,,,,,,,,,,0.05000000000000001,8.498374721940739e-18,200.0,0.0,0.0,0.0,0.0,0.0,0.0,0.0,0.0,0.0,0.5,0.0,0.5,0.0,0.5,0.0,,,0.0,0.0,0.0,0.0,200.0,0.0,200.0,0.0,0.0,0.0,0.0,0.0,,,0.0,0.0
diagnosis_controls,blocked,synthetic,diagnosis,model,-3.9736429850260414e-08,1.2407696243918735e-07,64.0,0.0,57.0,0.0,240.0,0.0,361.0,0.0,1488.0,0.0,1061.3333333333333,169.76846978556804,132.66666666666666,21.221058723196006,111.66666666666667,28.023799409311604,19.624223709106445,0.34154499158956003,3.0142860412597656,0.8116704703335964,19.534130255381267,0.3643015537412902,0.02,0.0,150.0,0.0,128.0,0.0,3,"[11, 12, 13]",blocked,,,,,,,,,,,,,,,,,,,,,,,,,,,,,,,,,,,,,,,,,,,,,,,,,,,,,,,,,,,,,,,,,,,,,,,,,,,,,,,,,,,,,,,,,,,,,,,,,,,,,,,,,,,,,,,,,,,,
diagnosis_controls,blocked,synthetic,diagnosis,shortcut audit,,,,,,,,,,,,,,,,,,,,,,,,,,,,,,,3,"[11, 12, 13]",blocked,0.48155,0.02226208941227215,0.0,0.0,400.0,0.0,400.0,0.0,10.0,0.0,,,,,,,,,,,,,,,,,,,,,,,,,,,,,,,,,,,,,,,,,,,,,,,,,,,,,,,,,,,,,,,,,,,,,,,,,,,,,,,,,,,,,,,,,,,,,,,,,,,,,,,,,,
diagnosis_controls,blocked,synthetic,diagnosis,query full | circuit,,,,,,,,,,,,,,,,,,,,,,,,,,,,,,,3,"[11, 12, 13]",blocked,,,,,,,,,,,4.132588704427083e-06,5.506041232963808e-07,0.007762333333327358,0.001601562130029313,0.004767291667424918,0.0007592208686927602,400.0,0.0,4.0,0.0,4.0,0.0,4.0,0.0,3.0,0.0,450.0,0.0,16.0,0.0,1.0,0.0,0.007671,0.0015730171645598789,180000.0,0.0,12800.0,0.0,1600.0,0.0,25600.0,0.0,0.7785842716693878,0.42654250075150707,1.1385000149408977,0.38518758766529365,1.0405598084131877,0.23003842647922976,-1.1434255242347717,0.18638117789823783,2.018376270929972,0.5916511530774105,,,,,,,,,,,,,,,,,,,,,,,,,,,,,,,,,,,,,,,,,,,,,,,,,,,,,,,,,,,,,,,,
diagnosis_controls,blocked,synthetic,diagnosis,known-law error full | circuit,,,,,,,,,,,,,,,,,,,,,,,,,,,,,,,3,"[11, 12, 13]",blocked,,,,,,,,,,,,,,,,,,,,,,,,,,,,,,,,,,,,,,,,,,,,,,,,,,,,,0.8601071904396064,0.24663549116794847,3.163006860186305,0.02986589547082008,44.27504720561194,13.89986180062915,0.4363350405420745,0.027750486633345308,0.13798211057306717,0.02660691898938255,0.38648072703026176,0.023038995816108878,5.478352252569992,1.3766785582573025,0.94141452405613,0.01239007087469902,0.722125071720571,0.22007320766063804,3.074702525284889,0.028425435518545428,44.577209273735185,12.99323756036304,0.4719162232854952,0.06656597858142742,-2.0866024216822345,0.6598480970218791,6.6152804610683775,0.18550188568027143,,,,,,,,,,,,,,,,,,,,,,,,,,,,,,,,,,,,
diagnosis_controls,blocked,synthetic,diagnosis,joint | full | circuit,,,,,,,,,,,,,,,,,,,,,,,,,,,,,,,3,"[11, 12, 13]",blocked,,,,,,,,,,,,,,,,,,,,,,,,,,,,,,,,,,,,,,,,,,,,,,,,,,,,,,,,,,,,,,,,,,,,,,,,,,,,,,,,,0.05000000000000001,8.498374721940739e-18,200.0,0.0,31.005571365356445,3.6075811924157897,44.01218922932943,11.349954750816565,0.05333333333333334,0.04645786621588784,0.06333333333333334,0.05619905100029122,0.5880666666666666,0.004702016411427474,0.5512840640091009,0.0029219086728285875,0.5880666666666666,0.004702016411427474,0.6144444444444445,0.025332282507445614,200.0,0.0,0.0,0.0,0.0,0.0,0.0,0.0,200.0,0.0,187.33333333333334,11.239810200058244,0.4033333333333333,0.04252450274057692,0.03166666666666667,0.025658007197234416
diagnosis_controls,blocked,synthetic,diagnosis,independent | full | circuit,,,,,,,,,,,,,,,,,,,,,,,,,,,,,,,3,"[11, 12, 13]",blocked,,,,,,,,,,,,,,,,,,,,,,,,,,,,,,,,,,,,,,,,,,,,,,,,,,,,,,,,,,,,,,,,,,,,,,,,,,,,,,,,,0.05000000000000001,8.498374721940739e-18,200.0,0.0,31.592875798543293,1.88361958900544,45.18905893961588,11.447549917890887,0.05333333333333334,0.023094010767585032,0.03333333333333333,0.02309401076758503,0.52325,0.0015376524314681475,0.4972313033200897,0.00033524351394342736,0.52325,0.0015376524314681475,0.5468055555555555,0.009827799761296973,200.0,0.0,0.0,0.0,0.0,0.0,0.0,0.0,200.0,0.0,193.33333333333334,4.618802153517007,0.33166666666666667,0.016072751268321573,0.005,0.005
diagnosis_controls,blocked,synthetic,diagnosis,marginal_max | full | circuit,,,,,,,,,,,,,,,,,,,,,,,,,,,,,,,3,"[11, 12, 13]",blocked,,,,,,,,,,,,,,,,,,,,,,,,,,,,,,,,,,,,,,,,,,,,,,,,,,,,,,,,,,,,,,,,,,,,,,,,,,,,,,,,,0.05000000000000001,8.498374721940739e-18,200.0,0.0,9.971245765686035,1.0444415717204227,16.36610476175944,1.1530917476452465,0.04833333333333333,0.036170890690351176,0.05666666666666667,0.04725815626252608,0.5632458333333333,0.005140317556662559,0.5433273724522537,0.0010559844436690564,0.5632458333333333,0.005140317556662559,0.5468055555555555,0.009827799761296973,200.0,0.0,0.0,0.0,0.0,0.0,0.0,0.0,200.0,0.0,188.66666666666666,9.451631252505216,0.33166666666666667,0.016072751268321573,0.02,0.015000000000000001
diagnosis_controls,blocked,synthetic,diagnosis,conditional_max | full | circuit,,,,,,,,,,,,,,,,,,,,,,,,,,,,,,,3,"[11, 12, 13]",blocked,,,,,,,,,,,,,,,,,,,,,,,,,,,,,,,,,,,,,,,,,,,,,,,,,,,,,,,,,,,,,,,,,,,,,,,,,,,,,,,,,0.05000000000000001,8.498374721940739e-18,200.0,0.0,9.64487393697103,1.1604908404547887,15.467289288838705,1.8810050341916797,0.055,0.04444097208657795,0.15,0.06557438524302,0.6447916666666668,0.0069250714496915545,0.6457133867348768,0.009396957081236206,0.6447916666666668,0.0069250714496915545,0.6144444444444445,0.025332282507445614,200.0,0.0,0.0,0.0,0.0,0.0,0.0,0.0,200.0,0.0,170.0,13.114877048604,0.4033333333333333,0.04252450274057692,0.09666666666666666,0.04645786621588785
diagnosis_controls,blocked,synthetic,diagnosis,relational_max | full | circuit,,,,,,,,,,,,,,,,,,,,,,,,,,,,,,,3,"[11, 12, 13]",blocked,,,,,,,,,,,,,,,,,,,,,,,,,,,,,,,,,,,,,,,,,,,,,,,,,,,,,,,,,,,,,,,,,,,,,,,,,,,,,,,,,0.05000000000000001,8.498374721940739e-18,200.0,0.0,1.3930505116780598,0.35058833050486715,6.2634843190511065,1.0916292719649594,0.05666666666666667,0.014433756729740645,0.3216666666666667,0.03883726732577015,0.7103166666666666,0.011619530523361688,0.7458625503597455,0.013180594469627492,0.7103166666666666,0.011619530523361688,0.653888888888889,0.1073426928286397,200.0,0.0,0.0,0.0,0.0,0.0,65.66666666666667,113.73800303035625,134.33333333333334,113.73800303035627,93.33333333333333,80.8537774833887,0.36833333333333335,0.31907418155239914,0.16166666666666665,0.14002975874196646
diagnosis_controls,blocked,synthetic,diagnosis,query full | known_law_oracle,,,,,,,,,,,,,,,,,,,,,,,,,,,,,,,3,"[11, 12, 13]",blocked,,,,,,,,,,,0.0,0.0,0.0017775279993657023,0.00018522430386239372,0.001584764333529165,0.00014493266418779056,400.0,0.0,4.0,0.0,4.0,0.0,4.0,0.0,5.0,0.0,0.0,0.0,0.0,0.0,1.0,0.0,0.0,0.0,0.0,0.0,0.0,0.0,1600.0,0.0,0.0,0.0,7.458060888417314,0.25529820977805073,7.487742644178159,0.25596136975985045,4.29311638370771,0.41949207003236205,1.7165980586251164,0.2537650127276923,15.199188680483672,0.48829298369248797,,,,,,,,,,,,,,,,,,,,,,,,,,,,,,,,,,,,,,,,,,,,,,,,,,,,,,,,,,,,,,,,
diagnosis_controls,blocked,synthetic,diagnosis,known-law error full | known_law_oracle,,,,,,,,,,,,,,,,,,,,,,,,,,,,,,,3,"[11, 12, 13]",blocked,,,,,,,,,,,,,,,,,,,,,,,,,,,,,,,,,,,,,,,,,,,,,,,,,,,,,0.0,0.0,0.0,0.0,0.0,0.0,1.0,1.5700924586837752e-16,0.0,0.0,0.0,0.0,0.0,0.0,1.0,7.850462293418876e-17,0.0,0.0,0.0,0.0,0.0,0.0,0.9999999999999999,1.1102230246251565e-16,0.0,0.0,0.0,0.0,,,,,,,,,,,,,,,,,,,,,,,,,,,,,,,,,,,,
diagnosis_controls,blocked,synthetic,diagnosis,joint | full | known_law_oracle,,,,,,,,,,,,,,,,,,,,,,,,,,,,,,,3,"[11, 12, 13]",blocked,,,,,,,,,,,,,,,,,,,,,,,,,,,,,,,,,,,,,,,,,,,,,,,,,,,,,,,,,,,,,,,,,,,,,,,,,,,,,,,,,0.05000000000000001,8.498374721940739e-18,200.0,0.0,17.91450230193044,0.8029985958891804,63.27637329993559,16.883520915475263,0.06166666666666667,0.03752776749732568,0.6849999999999999,0.03499999999999997,0.888475,0.0024337471109381866,0.9132739110151573,0.001032124340263655,0.888475,0.0024337471109381866,0.938888888888889,0.004455281925651481,200.0,0.0,0.0,0.0,0.0,0.0,0.0,0.0,200.0,0.0,63.0,7.0,0.8916666666666667,0.012583057392117928,0.6633333333333334,0.028867513459481315
diagnosis_controls,blocked,synthetic,diagnosis,independent | full | known_law_oracle,,,,,,,,,,,,,,,,,,,,,,,,,,,,,,,3,"[11, 12, 13]",blocked,,,,,,,,,,,,,,,,,,,,,,,,,,,,,,,,,,,,,,,,,,,,,,,,,,,,,,,,,,,,,,,,,,,,,,,,,,,,,,,,,0.05000000000000001,8.498374721940739e-18,200.0,0.0,30.394810637944857,1.7456559266015603,37.673969515783064,12.89465205486235,0.05000000000000001,0.03,0.03333333333333333,0.020816659994661327,0.5234166666666666,0.004127070187594757,0.4953227809589944,0.004301656105251656,0.5234166666666666,0.004127070187594757,0.5505555555555555,0.020165690977315714,200.0,0.0,0.0,0.0,0.0,0.0,0.0,0.0,200.0,0.0,193.33333333333334,4.163331998932265,0.34,0.027838821814150105,0.0033333333333333335,0.002886751345948129
diagnosis_controls,blocked,synthetic,diagnosis,marginal_max | full | known_law_oracle,,,,,,,,,,,,,,,,,,,,,,,,,,,,,,,3,"[11, 12, 13]",blocked,,,,,,,,,,,,,,,,,,,,,,,,,,,,,,,,,,,,,,,,,,,,,,,,,,,,,,,,,,,,,,,,,,,,,,,,,,,,,,,,,0.05000000000000001,8.498374721940739e-18,200.0,0.0,9.192884101667678,0.7963954592303953,11.261155906764195,2.2620011769434365,0.055,0.030000000000000002,0.06666666666666667,0.05131601439446884,0.5722833333333334,0.003110122920936335,0.5452595549502569,0.009046311259488038,0.5722833333333334,0.003110122920936335,0.5505555555555555,0.020165690977315714,200.0,0.0,0.0,0.0,0.0,0.0,0.0,0.0,200.0,0.0,186.66666666666666,10.263202878893768,0.34,0.027838821814150105,0.021666666666666667,0.018929694486000914
diagnosis_controls,blocked,synthetic,diagnosis,conditional_max | full | known_law_oracle,,,,,,,,,,,,,,,,,,,,,,,,,,,,,,,3,"[11, 12, 13]",blocked,,,,,,,,,,,,,,,,,,,,,,,,,,,,,,,,,,,,,,,,,,,,,,,,,,,,,,,,,,,,,,,,,,,,,,,,,,,,,,,,,0.05000000000000001,8.498374721940739e-18,200.0,0.0,6.570335063123905,0.3806081608724651,56.5530306920135,14.130245034599612,0.055,0.013228756555322957,0.7683333333333332,0.02466441431158126,0.9254000000000001,0.00731368580129059,0.9409425870159445,0.006300026681139945,0.9254000000000001,0.00731368580129059,0.938888888888889,0.004455281925651481,200.0,0.0,0.0,0.0,0.0,0.0,0.0,0.0,200.0,0.0,46.333333333333336,4.932882862316248,0.8916666666666667,0.012583057392117928,0.745,0.02291287847477922
diagnosis_controls,blocked,synthetic,diagnosis,relational_max | full | known_law_oracle,,,,,,,,,,,,,,,,,,,,,,,,,,,,,,,3,"[11, 12, 13]",blocked,,,,,,,,,,,,,,,,,,,,,,,,,,,,,,,,,,,,,,,,,,,,,,,,,,,,,,,,,,,,,,,,,,,,,,,,,,,,,,,,,0.05000000000000001,8.498374721940739e-18,200.0,0.0,1.607312492223131,0.46954375487359784,58.44267898830007,15.161917675638659,0.05000000000000001,0.020000000000000004,0.7966666666666667,0.057951128835712365,0.9431249999999999,0.012824561396008816,0.9551837990249066,0.009499754655342517,0.9431249999999999,0.012824561396008816,0.9362499999999999,0.010316182002616494,200.0,0.0,0.0,0.0,0.0,0.0,0.0,0.0,200.0,0.0,40.666666666666664,11.590225767142474,0.8883333333333333,0.023094010767585053,0.7733333333333333,0.060069404303133664
diagnosis_controls,blocked,synthetic,diagnosis,query random1:0 | circuit,,,,,,,,,,,,,,,,,,,,,,,,,,,,,,,3,"[11, 12, 13]",blocked,,,,,,,,,,,2.0662943522135415e-06,2.753020616481904e-07,0.0071962776661772905,0.0006050317650514975,0.004605666332887874,0.0005076897248385482,400.0,0.0,3.0,0.0,3.0,0.0,3.0,0.0,3.0,0.0,450.0,0.0,16.0,0.0,1.0,0.0,0.007113666666666667,0.0005978815378763034,180000.0,0.0,12800.0,0.0,1600.0,0.0,25600.0,0.0,0.4255116534233518,0.3686494262050536,0.6211572456365199,0.5426001983170268,0.5639819032743011,0.5006873885263609,-0.6343369483947754,0.5975172627468334,1.1045171737666049,0.9874100190722026,,,,,,,,,,,,,,,,,,,,,,,,,,,,,,,,,,,,,,,,,,,,,,,,,,,,,,,,,,,,,,,,
diagnosis_controls,blocked,synthetic,diagnosis,known-law error random1:0 | circuit,,,,,,,,,,,,,,,,,,,,,,,,,,,,,,,3,"[11, 12, 13]",blocked,,,,,,,,,,,,,,,,,,,,,,,,,,,,,,,,,,,,,,,,,,,,,,,,,,,,,2.4387190767667097,0.19183011933242486,2.5896647094134715,0.17658419166488235,14.39161608410428,4.036610335930412,0.2691894172766327,0.06895326641244921,0.13473468808199146,0.019278049144021817,0.39177729048113735,0.02972426274724756,4.249454520798481,1.5176489249837921,0.9401664009525811,0.015882448111081367,2.303984378220792,0.17257089082172788,2.4642290644731406,0.148552231581458,10.872141640898183,2.221039600042375,0.16404232155257445,0.15797475204356023,-4.6060093863639,0.367682521113325,4.670818114512634,0.3634708467404967,,,,,,,,,,,,,,,,,,,,,,,,,,,,,,,,,,,,
diagnosis_controls,blocked,synthetic,diagnosis,joint | random1:0 | circuit,,,,,,,,,,,,,,,,,,,,,,,,,,,,,,,3,"[11, 12, 13]",blocked,,,,,,,,,,,,,,,,,,,,,,,,,,,,,,,,,,,,,,,,,,,,,,,,,,,,,,,,,,,,,,,,,,,,,,,,,,,,,,,,,0.05000000000000001,8.498374721940739e-18,200.0,0.0,23.283910751342773,2.5360497148247094,34.69260915120443,10.570790190406186,0.05333333333333334,0.04072263907623539,0.05333333333333334,0.04072263907623539,0.5,0.0,0.5,0.0,0.5,0.0,,,0.0,0.0,200.0,0.0,0.0,0.0,0.0,0.0,0.0,0.0,0.0,0.0,,,0.0,0.0
diagnosis_controls,blocked,synthetic,diagnosis,independent | random1:0 | circuit,,,,,,,,,,,,,,,,,,,,,,,,,,,,,,,3,"[11, 12, 13]",blocked,,,,,,,,,,,,,,,,,,,,,,,,,,,,,,,,,,,,,,,,,,,,,,,,,,,,,,,,,,,,,,,,,,,,,,,,,,,,,,,,,0.05000000000000001,8.498374721940739e-18,200.0,0.0,23.91087595621745,1.87480302834948,35.35942840576172,11.021793076877278,0.04833333333333333,0.036170890690351176,0.04833333333333333,0.036170890690351176,0.5,0.0,0.5,0.0,0.5,0.0,,,0.0,0.0,200.0,0.0,0.0,0.0,0.0,0.0,0.0,0.0,0.0,0.0,,,0.0,0.0
diagnosis_controls,blocked,synthetic,diagnosis,marginal_max | random1:0 | circuit,,,,,,,,,,,,,,,,,,,,,,,,,,,,,,,3,"[11, 12, 13]",blocked,,,,,,,,,,,,,,,,,,,,,,,,,,,,,,,,,,,,,,,,,,,,,,,,,,,,,,,,,,,,,,,,,,,,,,,,,,,,,,,,,0.05000000000000001,8.498374721940739e-18,200.0,0.0,9.710085233052572,1.145245754059464,14.226903915405273,4.829212467575828,0.045000000000000005,0.0360555127546399,0.045000000000000005,0.0360555127546399,0.5,0.0,0.5,0.0,0.5,0.0,,,0.0,0.0,200.0,0.0,0.0,0.0,0.0,0.0,0.0,0.0,0.0,0.0,,,0.0,0.0
diagnosis_controls,blocked,synthetic,diagnosis,conditional_max | random1:0 | circuit,,,,,,,,,,,,,,,,,,,,,,,,,,,,,,,3,"[11, 12, 13]",blocked,,,,,,,,,,,,,,,,,,,,,,,,,,,,,,,,,,,,,,,,,,,,,,,,,,,,,,,,,,,,,,,,,,,,,,,,,,,,,,,,,0.05000000000000001,8.498374721940739e-18,200.0,0.0,9.297341664632162,1.4530889353213676,13.91341463724772,4.569920071194153,0.056666666666666664,0.04856267428111156,0.056666666666666664,0.04856267428111156,0.5,0.0,0.5,0.0,0.5,0.0,,,0.0,0.0,200.0,0.0,0.0,0.0,0.0,0.0,0.0,0.0,0.0,0.0,,,0.0,0.0
diagnosis_controls,blocked,synthetic,diagnosis,relational_max | random1:0 | circuit,,,,,,,,,,,,,,,,,,,,,,,,,,,,,,,3,"[11, 12, 13]",blocked,,,,,,,,,,,,,,,,,,,,,,,,,,,,,,,,,,,,,,,,,,,,,,,,,,,,,,,,,,,,,,,,,,,,,,,,,,,,,,,,,0.05000000000000001,8.498374721940739e-18,200.0,0.0,0.7734489440917969,0.6732645221885919,2.2853590647379556,2.058705615544897,0.06333333333333334,0.018929694486000914,0.06333333333333334,0.018929694486000914,0.5,0.0,0.5,0.0,0.5,0.0,,,0.0,0.0,200.0,0.0,0.0,0.0,0.0,0.0,0.0,0.0,0.0,0.0,,,0.0,0.0
diagnosis_controls,blocked,synthetic,diagnosis,query random1:0 | known_law_oracle,,,,,,,,,,,,,,,,,,,,,,,,,,,,,,,3,"[11, 12, 13]",blocked,,,,,,,,,,,0.0,0.0,0.001335917000687914,3.24454768664126e-05,0.0011544723335343103,6.437839156050754e-05,400.0,0.0,3.0,0.0,3.0,0.0,3.0,0.0,4.0,0.0,0.0,0.0,0.0,0.0,1.0,0.0,0.0,0.0,0.0,0.0,0.0,0.0,1600.0,0.0,0.0,0.0,4.627316966401856,0.16307299118556964,4.712017089467656,0.11676318793947561,3.026830896452991,0.2586339937212524,0.4658740226593728,0.3384785170764952,9.77032003486938,0.6432838298811988,,,,,,,,,,,,,,,,,,,,,,,,,,,,,,,,,,,,,,,,,,,,,,,,,,,,,,,,,,,,,,,,
diagnosis_controls,blocked,synthetic,diagnosis,known-law error random1:0 | known_law_oracle,,,,,,,,,,,,,,,,,,,,,,,,,,,,,,,3,"[11, 12, 13]",blocked,,,,,,,,,,,,,,,,,,,,,,,,,,,,,,,,,,,,,,,,,,,,,,,,,,,,,0.0,0.0,0.0,0.0,0.0,0.0,1.0,1.1102230246251565e-16,0.0,0.0,0.0,0.0,0.0,0.0,1.0,0.0,0.0,0.0,0.0,0.0,0.0,0.0,1.0,0.0,0.0,0.0,0.0,0.0,,,,,,,,,,,,,,,,,,,,,,,,,,,,,,,,,,,,
diagnosis_controls,blocked,synthetic,diagnosis,joint | random1:0 | known_law_oracle,,,,,,,,,,,,,,,,,,,,,,,,,,,,,,,3,"[11, 12, 13]",blocked,,,,,,,,,,,,,,,,,,,,,,,,,,,,,,,,,,,,,,,,,,,,,,,,,,,,,,,,,,,,,,,,,,,,,,,,,,,,,,,,,0.05000000000000001,8.498374721940739e-18,200.0,0.0,14.935343620961225,0.6200248163381805,13.974248921396907,2.140536873776643,0.056666666666666664,0.02254624876411447,0.056666666666666664,0.02254624876411447,0.5,0.0,0.5,0.0,0.5,0.0,,,0.0,0.0,200.0,0.0,0.0,0.0,0.0,0.0,0.0,0.0,0.0,0.0,,,0.0,0.0
diagnosis_controls,blocked,synthetic,diagnosis,independent | random1:0 | known_law_oracle,,,,,,,,,,,,,,,,,,,,,,,,,,,,,,,3,"[11, 12, 13]",blocked,,,,,,,,,,,,,,,,,,,,,,,,,,,,,,,,,,,,,,,,,,,,,,,,,,,,,,,,,,,,,,,,,,,,,,,,,,,,,,,,,0.05000000000000001,8.498374721940739e-18,200.0,0.0,23.064225268769338,1.4580430040976473,29.455796539991923,8.71210378294894,0.049999999999999996,0.04272001872658766,0.049999999999999996,0.04272001872658766,0.5,0.0,0.5,0.0,0.5,0.0,,,0.0,0.0,200.0,0.0,0.0,0.0,0.0,0.0,0.0,0.0,0.0,0.0,,,0.0,0.0
diagnosis_controls,blocked,synthetic,diagnosis,marginal_max | random1:0 | known_law_oracle,,,,,,,,,,,,,,,,,,,,,,,,,,,,,,,3,"[11, 12, 13]",blocked,,,,,,,,,,,,,,,,,,,,,,,,,,,,,,,,,,,,,,,,,,,,,,,,,,,,,,,,,,,,,,,,,,,,,,,,,,,,,,,,,0.05000000000000001,8.498374721940739e-18,200.0,0.0,8.867459059957293,0.8315980696454699,10.961353536093142,2.848882890820819,0.06333333333333334,0.04856267428111155,0.06333333333333334,0.04856267428111155,0.5,0.0,0.5,0.0,0.5,0.0,,,0.0,0.0,200.0,0.0,0.0,0.0,0.0,0.0,0.0,0.0,0.0,0.0,,,0.0,0.0
diagnosis_controls,blocked,synthetic,diagnosis,conditional_max | random1:0 | known_law_oracle,,,,,,,,,,,,,,,,,,,,,,,,,,,,,,,3,"[11, 12, 13]",blocked,,,,,,,,,,,,,,,,,,,,,,,,,,,,,,,,,,,,,,,,,,,,,,,,,,,,,,,,,,,,,,,,,,,,,,,,,,,,,,,,,0.05000000000000001,8.498374721940739e-18,200.0,0.0,6.471471241677171,0.48829282531222534,8.361070651078274,1.3635006876038969,0.045000000000000005,0.013228756555322954,0.045000000000000005,0.013228756555322954,0.5,0.0,0.5,0.0,0.5,0.0,,,0.0,0.0,200.0,0.0,0.0,0.0,0.0,0.0,0.0,0.0,0.0,0.0,,,0.0,0.0
diagnosis_controls,blocked,synthetic,diagnosis,relational_max | random1:0 | known_law_oracle,,,,,,,,,,,,,,,,,,,,,,,,,,,,,,,3,"[11, 12, 13]",blocked,,,,,,,,,,,,,,,,,,,,,,,,,,,,,,,,,,,,,,,,,,,,,,,,,,,,,,,,,,,,,,,,,,,,,,,,,,,,,,,,,0.05000000000000001,8.498374721940739e-18,200.0,0.0,1.4754989400425194,0.4936331413940235,13.103990108532907,2.5043772474858463,0.05000000000000001,0.020000000000000004,0.05000000000000001,0.020000000000000004,0.5,0.0,0.5,0.0,0.5,0.0,,,0.0,0.0,200.0,0.0,0.0,0.0,0.0,0.0,0.0,0.0,0.0,0.0,,,0.0,0.0
diagnosis_controls,blocked,synthetic,diagnosis,query random2:1-2 | circuit,,,,,,,,,,,,,,,,,,,,,,,,,,,,,,,3,"[11, 12, 13]",blocked,,,,,,,,,,,1.7484029134114583e-06,2.753020616481904e-07,0.007049583332748928,0.0006259075080854328,0.004496555332783221,0.0006087427420563032,400.0,0.0,2.0,0.0,2.0,0.0,2.0,0.0,3.0,0.0,450.0,0.0,16.0,0.0,1.0,0.0,0.006970333333333333,0.0006139074305897699,180000.0,0.0,12800.0,0.0,1600.0,0.0,25600.0,0.0,0.3145025869210561,0.053334192120707426,0.5393181145191193,0.136964753772789,0.5415992935498556,0.2430219631182217,-0.7035184154907862,0.5258331960596371,0.9329692721366882,0.38629108632771836,,,,,,,,,,,,,,,,,,,,,,,,,,,,,,,,,,,,,,,,,,,,,,,,,,,,,,,,,,,,,,,,
diagnosis_controls,blocked,synthetic,diagnosis,known-law error random2:1-2 | circuit,,,,,,,,,,,,,,,,,,,,,,,,,,,,,,,3,"[11, 12, 13]",blocked,,,,,,,,,,,,,,,,,,,,,,,,,,,,,,,,,,,,,,,,,,,,,,,,,,,,,-1.2279424159049117,0.2731181872601971,3.5080912183899833,0.30856291000013475,26.227737718159748,8.638565986728327,0.5782405290246765,0.04926270646576961,0.14050247715977876,0.004249033362729238,0.38247363247048405,0.011970227921570348,4.748746641042732,1.5503652879059737,0.9458745353801093,0.007041516439431578,-1.368444899422519,0.2773195744195557,3.4873691782641725,0.3023421397753517,25.88547188305643,7.910784999283897,0.5292714036762232,0.06344022581445619,1.0874400219929532,0.2689183530757235,3.532263006030929,0.31982085438182667,,,,,,,,,,,,,,,,,,,,,,,,,,,,,,,,,,,,
diagnosis_controls,blocked,synthetic,diagnosis,joint | random2:1-2 | circuit,,,,,,,,,,,,,,,,,,,,,,,,,,,,,,,3,"[11, 12, 13]",blocked,,,,,,,,,,,,,,,,,,,,,,,,,,,,,,,,,,,,,,,,,,,,,,,,,,,,,,,,,,,,,,,,,,,,,,,,,,,,,,,,,0.05000000000000001,8.498374721940739e-18,200.0,0.0,15.036491711934408,0.7278970519061162,22.877421696980793,3.5743517144489614,0.06333333333333334,0.017559422921421233,0.09000000000000001,0.0264575131106459,0.598475,0.020220642299392997,0.5716072820262227,0.02186012279049636,0.598475,0.020220642299392997,0.7366666666666667,0.020816659994661344,200.0,0.0,0.0,0.0,0.0,0.0,0.0,0.0,200.0,0.0,182.0,5.291502622129181,0.47333333333333333,0.04163331998932266,0.049999999999999996,0.008660254037844387
diagnosis_controls,blocked,synthetic,diagnosis,independent | random2:1-2 | circuit,,,,,,,,,,,,,,,,,,,,,,,,,,,,,,,3,"[11, 12, 13]",blocked,,,,,,,,,,,,,,,,,,,,,,,,,,,,,,,,,,,,,,,,,,,,,,,,,,,,,,,,,,,,,,,,,,,,,,,,,,,,,,,,,0.05000000000000001,8.498374721940739e-18,200.0,0.0,15.284760157267252,1.063408090158426,23.507431030273438,3.4339454918779087,0.06666666666666667,0.020207259421636897,0.04,0.02783882181415011,0.5237249999999999,0.007246895887205816,0.49739771590883947,0.0020849466400313017,0.5237249999999999,0.007246895887205816,0.7366666666666667,0.020816659994661344,200.0,0.0,0.0,0.0,0.0,0.0,0.0,0.0,200.0,0.0,192.0,5.5677643628300215,0.47333333333333333,0.04163331998932266,0.02,0.013228756555322952
diagnosis_controls,blocked,synthetic,diagnosis,marginal_max | random2:1-2 | circuit,,,,,,,,,,,,,,,,,,,,,,,,,,,,,,,3,"[11, 12, 13]",blocked,,,,,,,,,,,,,,,,,,,,,,,,,,,,,,,,,,,,,,,,,,,,,,,,,,,,,,,,,,,,,,,,,,,,,,,,,,,,,,,,,0.05000000000000001,8.498374721940739e-18,200.0,0.0,8.854073842366537,0.3522374596036816,14.326835950215658,2.7155533446376308,0.05833333333333333,0.005773502691896259,0.07333333333333335,0.01258305739211792,0.5572,0.015126595990175731,0.5392900048125511,0.0074362603310024885,0.5572,0.015126595990175731,0.7366666666666667,0.020816659994661344,200.0,0.0,0.0,0.0,0.0,0.0,0.0,0.0,200.0,0.0,185.33333333333334,2.5166114784235836,0.47333333333333333,0.04163331998932266,0.036666666666666674,0.0028867513459481273
diagnosis_controls,blocked,synthetic,diagnosis,conditional_max | random2:1-2 | circuit,,,,,,,,,,,,,,,,,,,,,,,,,,,,,,,3,"[11, 12, 13]",blocked,,,,,,,,,,,,,,,,,,,,,,,,,,,,,,,,,,,,,,,,,,,,,,,,,,,,,,,,,,,,,,,,,,,,,,,,,,,,,,,,,0.05000000000000001,8.498374721940739e-18,200.0,0.0,8.516958554585775,0.43680232468939045,14.698469161987305,2.199554751126066,0.06166666666666667,0.010408329997330665,0.18166666666666667,0.03175426480542943,0.6503,0.0249434861236356,0.6505405167844374,0.02984989316015006,0.6503,0.0249434861236356,0.7366666666666667,0.020816659994661344,200.0,0.0,0.0,0.0,0.0,0.0,0.0,0.0,200.0,0.0,163.66666666666666,6.350852961085883,0.47333333333333333,0.04163331998932266,0.085,0.02179449471770337
diagnosis_controls,blocked,synthetic,diagnosis,relational_max | random2:1-2 | circuit,,,,,,,,,,,,,,,,,,,,,,,,,,,,,,,3,"[11, 12, 13]",blocked,,,,,,,,,,,,,,,,,,,,,,,,,,,,,,,,,,,,,,,,,,,,,,,,,,,,,,,,,,,,,,,,,,,,,,,,,,,,,,,,,0.05000000000000001,8.498374721940739e-18,200.0,0.0,0.7172125180562338,0.27957801934437276,5.453335126241048,1.1666535046285387,0.043333333333333335,0.020207259421636904,0.3383333333333333,0.025166114784235825,0.7155666666666667,0.036383481256379746,0.7518874711469877,0.029619481301344192,0.7155666666666667,0.036383481256379746,0.6108333333333333,0.04752192476461083,200.0,0.0,0.0,0.0,0.0,0.0,200.0,0.0,0.0,0.0,0.0,0.0,,,0.0,0.0
diagnosis_controls,blocked,synthetic,diagnosis,query random2:1-2 | known_law_oracle,,,,,,,,,,,,,,,,,,,,,,,,,,,,,,,3,"[11, 12, 13]",blocked,,,,,,,,,,,0.0,0.0,0.0009527360004237077,1.2337462969676285e-05,0.0008792503334310217,3.295920922956761e-05,400.0,0.0,2.0,0.0,2.0,0.0,2.0,0.0,3.0,0.0,0.0,0.0,0.0,0.0,1.0,0.0,0.0,0.0,0.0,0.0,0.0,0.0,1600.0,0.0,0.0,0.0,2.096357563588452,0.09964891895981108,2.26804549120613,0.10914603308982343,1.6751941333155622,0.08785377155676298,-0.6576425075661821,0.10805273258978587,4.734415882802904,0.050446721985513074,,,,,,,,,,,,,,,,,,,,,,,,,,,,,,,,,,,,,,,,,,,,,,,,,,,,,,,,,,,,,,,,
diagnosis_controls,blocked,synthetic,diagnosis,known-law error random2:1-2 | known_law_oracle,,,,,,,,,,,,,,,,,,,,,,,,,,,,,,,3,"[11, 12, 13]",blocked,,,,,,,,,,,,,,,,,,,,,,,,,,,,,,,,,,,,,,,,,,,,,,,,,,,,,0.0,0.0,0.0,0.0,0.0,0.0,1.0,1.1102230246251565e-16,0.0,0.0,0.0,0.0,0.0,0.0,1.0,0.0,0.0,0.0,0.0,0.0,0.0,0.0,0.9999999999999999,1.1102230246251565e-16,0.0,0.0,0.0,0.0,,,,,,,,,,,,,,,,,,,,,,,,,,,,,,,,,,,,
diagnosis_controls,blocked,synthetic,diagnosis,joint | random2:1-2 | known_law_oracle,,,,,,,,,,,,,,,,,,,,,,,,,,,,,,,3,"[11, 12, 13]",blocked,,,,,,,,,,,,,,,,,,,,,,,,,,,,,,,,,,,,,,,,,,,,,,,,,,,,,,,,,,,,,,,,,,,,,,,,,,,,,,,,,0.05000000000000001,8.498374721940739e-18,200.0,0.0,11.544140844757928,0.29233015485814934,39.95401375908924,9.089835744996352,0.06833333333333334,0.01527525231651947,0.6133333333333333,0.033291640592397,0.8479749999999999,0.01524223162794738,0.879711434295874,0.008830852631302356,0.8479749999999999,0.01524223162794738,0.7391666666666667,0.015275252316519432,200.0,0.0,0.0,0.0,0.0,0.0,0.0,0.0,200.0,0.0,77.33333333333333,6.6583281184793925,0.47833333333333333,0.03055050463303893,0.3,0.03905124837953324
diagnosis_controls,blocked,synthetic,diagnosis,independent | random2:1-2 | known_law_oracle,,,,,,,,,,,,,,,,,,,,,,,,,,,,,,,3,"[11, 12, 13]",blocked,,,,,,,,,,,,,,,,,,,,,,,,,,,,,,,,,,,,,,,,,,,,,,,,,,,,,,,,,,,,,,,,,,,,,,,,,,,,,,,,,0.05000000000000001,8.498374721940739e-18,200.0,0.0,15.234903123055595,1.053006601916033,19.411344127833306,5.751342606435359,0.06166666666666667,0.03883726732577014,0.03833333333333333,0.02753785273643051,0.5248166666666666,0.0021939310229205926,0.49429167426924797,0.008234105479264342,0.5248166666666666,0.0021939310229205926,0.7391666666666667,0.015275252316519432,200.0,0.0,0.0,0.0,0.0,0.0,0.0,0.0,200.0,0.0,192.33333333333334,5.507570547286101,0.47833333333333333,0.03055050463303893,0.02,0.013228756555322952
diagnosis_controls,blocked,synthetic,diagnosis,marginal_max | random2:1-2 | known_law_oracle,,,,,,,,,,,,,,,,,,,,,,,,,,,,,,,3,"[11, 12, 13]",blocked,,,,,,,,,,,,,,,,,,,,,,,,,,,,,,,,,,,,,,,,,,,,,,,,,,,,,,,,,,,,,,,,,,,,,,,,,,,,,,,,,0.05000000000000001,8.498374721940739e-18,200.0,0.0,8.43466565713213,0.25999754209780307,10.425368004129288,2.5450730587845736,0.06333333333333334,0.011547005383792516,0.07333333333333333,0.03329164059239696,0.56655,0.011713393775930205,0.5462341318002347,0.004067795251284844,0.56655,0.011713393775930205,0.7391666666666667,0.015275252316519432,200.0,0.0,0.0,0.0,0.0,0.0,0.0,0.0,200.0,0.0,185.33333333333334,6.6583281184793925,0.47833333333333333,0.03055050463303893,0.034999999999999996,0.013228756555322952
diagnosis_controls,blocked,synthetic,diagnosis,conditional_max | random2:1-2 | known_law_oracle,,,,,,,,,,,,,,,,,,,,,,,,,,,,,,,3,"[11, 12, 13]",blocked,,,,,,,,,,,,,,,,,,,,,,,,,,,,,,,,,,,,,,,,,,,,,,,,,,,,,,,,,,,,,,,,,,,,,,,,,,,,,,,,,0.05000000000000001,8.498374721940739e-18,200.0,0.0,5.837524496781721,0.10842471013958771,37.24736777595433,9.693600535686526,0.09500000000000001,0.0050000000000000044,0.7383333333333333,0.0028867513459481316,0.8997083333333333,0.017445349189206105,0.9215935540339588,0.01225211038186652,0.8997083333333333,0.017445349189206105,0.7391666666666667,0.015275252316519432,200.0,0.0,0.0,0.0,0.0,0.0,0.0,0.0,200.0,0.0,52.333333333333336,0.5773502691896258,0.47833333333333333,0.03055050463303893,0.36166666666666664,0.02753785273643051
diagnosis_controls,blocked,synthetic,diagnosis,relational_max | random2:1-2 | known_law_oracle,,,,,,,,,,,,,,,,,,,,,,,,,,,,,,,3,"[11, 12, 13]",blocked,,,,,,,,,,,,,,,,,,,,,,,,,,,,,,,,,,,,,,,,,,,,,,,,,,,,,,,,,,,,,,,,,,,,,,,,,,,,,,,,,0.05000000000000001,8.498374721940739e-18,200.0,0.0,0.23123994314603222,0.10013022041458396,37.96105018797506,9.735287551294547,0.08166666666666667,0.01040832999733066,0.7966666666666665,0.03617089069035114,0.9314250000000001,0.014618844858606306,0.9447480208963511,0.010502674899999056,0.9314250000000001,0.014618844858606306,0.5641666666666667,0.016645820296198446,200.0,0.0,0.0,0.0,0.0,0.0,200.0,0.0,0.0,0.0,0.0,0.0,,,0.0,0.0
diagnosis_controls,blocked,synthetic,diagnosis,query random3:1-2-3 | circuit,,,,,,,,,,,,,,,,,,,,,,,,,,,,,,,3,"[11, 12, 13]",blocked,,,,,,,,,,,7.947285970052084e-07,2.7530206164819037e-07,0.0069536810005956795,0.0008128001746093186,0.004576972334083014,0.0006108702434512946,400.0,0.0,1.0,0.0,1.0,0.0,1.0,0.0,3.0,0.0,450.0,0.0,16.0,0.0,1.0,0.0,0.006873333333333333,0.0008026234069184213,180000.0,0.0,12800.0,0.0,1600.0,0.0,25600.0,0.0,7.708867144629039e-08,1.1577629805121299e-07,2.1139780888764412e-07,6.565536770226558e-09,3.096503273051591e-07,2.0201171793876235e-08,-3.218650818463213e-07,2.6841951000442764e-07,4.76837158203125e-07,0.0,,,,,,,,,,,,,,,,,,,,,,,,,,,,,,,,,,,,,,,,,,,,,,,,,,,,,,,,,,,,,,,,
diagnosis_controls,blocked,synthetic,diagnosis,known-law error random3:1-2-3 | circuit,,,,,,,,,,,,,,,,,,,,,,,,,,,,,,,3,"[11, 12, 13]",blocked,,,,,,,,,,,,,,,,,,,,,,,,,,,,,,,,,,,,,,,,,,,,,,,,,,,,,0.1477243780462943,0.04973370658257949,0.37059103667763504,0.004262715209139094,4.748746641042732,1.5503652879059737,0.9449980828091569,0.0024032551508691323,0.1477243780462943,0.04973370658257949,0.37059103667763504,0.004262715209139094,4.748746641042732,1.5503652879059737,0.9449980828091569,0.0024032551508691323,0.0,0.0,0.0,0.0,0.0,0.0,,,-0.14772430989831709,0.049733704291958426,0.3705910209817453,0.004262697962097558,,,,,,,,,,,,,,,,,,,,,,,,,,,,,,,,,,,,
diagnosis_controls,blocked,synthetic,diagnosis,joint | random3:1-2-3 | circuit,,,,,,,,,,,,,,,,,,,,,,,,,,,,,,,3,"[11, 12, 13]",blocked,,,,,,,,,,,,,,,,,,,,,,,,,,,,,,,,,,,,,,,,,,,,,,,,,,,,,,,,,,,,,,,,,,,,,,,,,,,,,,,,,0.05000000000000001,8.498374721940739e-18,200.0,0.0,8.11082394917806,0.6078342052436464,12.225021362304688,3.0015460935790115,0.055,0.019999999999999997,0.05833333333333334,0.010408329997330667,0.4891916666666667,0.004514859724657388,0.49871339463976533,0.006854196327731364,0.4891916666666667,0.004514859724657388,,,0.0,0.0,0.0,0.0,200.0,0.0,200.0,0.0,0.0,0.0,0.0,0.0,,,0.0,0.0
diagnosis_controls,blocked,synthetic,diagnosis,independent | random3:1-2-3 | circuit,,,,,,,,,,,,,,,,,,,,,,,,,,,,,,,3,"[11, 12, 13]",blocked,,,,,,,,,,,,,,,,,,,,,,,,,,,,,,,,,,,,,,,,,,,,,,,,,,,,,,,,,,,,,,,,,,,,,,,,,,,,,,,,,0.05000000000000001,8.498374721940739e-18,200.0,0.0,8.110824267069498,0.6078342664014009,12.225021362304688,3.0015459171865584,0.055,0.019999999999999997,0.05833333333333334,0.010408329997330667,0.4891916666666667,0.004514859724657388,0.49871339463976533,0.006854196327731364,0.4891916666666667,0.004514859724657388,,,0.0,0.0,0.0,0.0,200.0,0.0,200.0,0.0,0.0,0.0,0.0,0.0,,,0.0,0.0
diagnosis_controls,blocked,synthetic,diagnosis,marginal_max | random3:1-2-3 | circuit,,,,,,,,,,,,,,,,,,,,,,,,,,,,,,,3,"[11, 12, 13]",blocked,,,,,,,,,,,,,,,,,,,,,,,,,,,,,,,,,,,,,,,,,,,,,,,,,,,,,,,,,,,,,,,,,,,,,,,,,,,,,,,,,0.05000000000000001,8.498374721940739e-18,200.0,0.0,8.110824267069498,0.6078342664014009,12.225021362304688,3.0015459171865584,0.055,0.019999999999999997,0.05833333333333334,0.010408329997330667,0.4891916666666667,0.004514859724657388,0.49871339463976533,0.006854196327731364,0.4891916666666667,0.004514859724657388,,,0.0,0.0,0.0,0.0,200.0,0.0,200.0,0.0,0.0,0.0,0.0,0.0,,,0.0,0.0
diagnosis_controls,blocked,synthetic,diagnosis,conditional_max | random3:1-2-3 | circuit,,,,,,,,,,,,,,,,,,,,,,,,,,,,,,,3,"[11, 12, 13]",blocked,,,,,,,,,,,,,,,,,,,,,,,,,,,,,,,,,,,,,,,,,,,,,,,,,,,,,,,,,,,,,,,,,,,,,,,,,,,,,,,,,0.05000000000000001,8.498374721940739e-18,200.0,0.0,8.110824267069498,0.6078342664014009,12.225021362304688,3.0015459171865584,0.055,0.019999999999999997,0.05833333333333334,0.010408329997330667,0.4891916666666667,0.004514859724657388,0.49871339463976533,0.006854196327731364,0.4891916666666667,0.004514859724657388,,,0.0,0.0,0.0,0.0,200.0,0.0,200.0,0.0,0.0,0.0,0.0,0.0,,,0.0,0.0
diagnosis_controls,blocked,synthetic,diagnosis,relational_max | random3:1-2-3 | circuit,,,,,,,,,,,,,,,,,,,,,,,,,,,,,,,3,"[11, 12, 13]",blocked,,,,,,,,,,,,,,,,,,,,,,,,,,,,,,,,,,,,,,,,,,,,,,,,,,,,,,,,,,,,,,,,,,,,,,,,,,,,,,,,,0.05000000000000001,8.498374721940739e-18,200.0,0.0,0.0,0.0,0.0,0.0,0.0,0.0,0.0,0.0,0.5,0.0,0.5,0.0,0.5,0.0,,,0.0,0.0,0.0,0.0,200.0,0.0,200.0,0.0,0.0,0.0,0.0,0.0,,,0.0,0.0
diagnosis_controls,blocked,synthetic,diagnosis,query random3:1-2-3 | known_law_oracle,,,,,,,,,,,,,,,,,,,,,,,,,,,,,,,3,"[11, 12, 13]",blocked,,,,,,,,,,,0.0,0.0,0.00042872233340555493,1.1318372072210658e-05,0.0004291110005093894,3.026244871130096e-05,400.0,0.0,1.0,0.0,1.0,0.0,1.0,0.0,2.0,0.0,0.0,0.0,0.0,0.0,1.0,0.0,0.0,0.0,0.0,0.0,0.0,0.0,1600.0,0.0,0.0,0.0,0.0,0.0,0.0,0.0,0.0,0.0,0.0,0.0,0.0,0.0,,,,,,,,,,,,,,,,,,,,,,,,,,,,,,,,,,,,,,,,,,,,,,,,,,,,,,,,,,,,,,,,
diagnosis_controls,blocked,synthetic,diagnosis,known-law error random3:1-2-3 | known_law_oracle,,,,,,,,,,,,,,,,,,,,,,,,,,,,,,,3,"[11, 12, 13]",blocked,,,,,,,,,,,,,,,,,,,,,,,,,,,,,,,,,,,,,,,,,,,,,,,,,,,,,0.0,0.0,0.0,0.0,0.0,0.0,1.0,0.0,0.0,0.0,0.0,0.0,0.0,0.0,1.0,0.0,0.0,0.0,0.0,0.0,0.0,0.0,,,0.0,0.0,0.0,0.0,,,,,,,,,,,,,,,,,,,,,,,,,,,,,,,,,,,,
diagnosis_controls,blocked,synthetic,diagnosis,joint | random3:1-2-3 | known_law_oracle,,,,,,,,,,,,,,,,,,,,,,,,,,,,,,,3,"[11, 12, 13]",blocked,,,,,,,,,,,,,,,,,,,,,,,,,,,,,,,,,,,,,,,,,,,,,,,,,,,,,,,,,,,,,,,,,,,,,,,,,,,,,,,,,0.05000000000000001,8.498374721940739e-18,200.0,0.0,7.689895496961474,0.5021001950174577,10.071033718670991,2.3032659569915754,0.06333333333333334,0.020207259421636908,0.06,0.0304138126514911,0.48662500000000003,0.006084868527749771,0.4983624026561697,0.008169094318119742,0.48662500000000003,0.006084868527749771,,,0.0,0.0,0.0,0.0,200.0,0.0,200.0,0.0,0.0,0.0,0.0,0.0,,,0.0,0.0
diagnosis_controls,blocked,synthetic,diagnosis,independent | random3:1-2-3 | known_law_oracle,,,,,,,,,,,,,,,,,,,,,,,,,,,,,,,3,"[11, 12, 13]",blocked,,,,,,,,,,,,,,,,,,,,,,,,,,,,,,,,,,,,,,,,,,,,,,,,,,,,,,,,,,,,,,,,,,,,,,,,,,,,,,,,,0.05000000000000001,8.498374721940739e-18,200.0,0.0,7.689895496961474,0.5021001950174577,10.071033718670991,2.3032659569915754,0.06333333333333334,0.020207259421636908,0.06,0.0304138126514911,0.48662500000000003,0.006084868527749771,0.4983624026561697,0.008169094318119742,0.48662500000000003,0.006084868527749771,,,0.0,0.0,0.0,0.0,200.0,0.0,200.0,0.0,0.0,0.0,0.0,0.0,,,0.0,0.0
diagnosis_controls,blocked,synthetic,diagnosis,marginal_max | random3:1-2-3 | known_law_oracle,,,,,,,,,,,,,,,,,,,,,,,,,,,,,,,3,"[11, 12, 13]",blocked,,,,,,,,,,,,,,,,,,,,,,,,,,,,,,,,,,,,,,,,,,,,,,,,,,,,,,,,,,,,,,,,,,,,,,,,,,,,,,,,,0.05000000000000001,8.498374721940739e-18,200.0,0.0,7.689895496961474,0.5021001950174577,10.071033718670991,2.3032659569915754,0.06333333333333334,0.020207259421636908,0.06,0.0304138126514911,0.48662500000000003,0.006084868527749771,0.4983624026561697,0.008169094318119742,0.48662500000000003,0.006084868527749771,,,0.0,0.0,0.0,0.0,200.0,0.0,200.0,0.0,0.0,0.0,0.0,0.0,,,0.0,0.0
diagnosis_controls,blocked,synthetic,diagnosis,conditional_max | random3:1-2-3 | known_law_oracle,,,,,,,,,,,,,,,,,,,,,,,,,,,,,,,3,"[11, 12, 13]",blocked,,,,,,,,,,,,,,,,,,,,,,,,,,,,,,,,,,,,,,,,,,,,,,,,,,,,,,,,,,,,,,,,,,,,,,,,,,,,,,,,,0.05000000000000001,8.498374721940739e-18,200.0,0.0,7.689895496961474,0.5021001950174577,10.071033718670991,2.3032659569915754,0.06333333333333334,0.020207259421636908,0.06,0.0304138126514911,0.48662500000000003,0.006084868527749771,0.4983624026561697,0.008169094318119742,0.48662500000000003,0.006084868527749771,,,0.0,0.0,0.0,0.0,200.0,0.0,200.0,0.0,0.0,0.0,0.0,0.0,,,0.0,0.0
diagnosis_controls,blocked,synthetic,diagnosis,relational_max | random3:1-2-3 | known_law_oracle,,,,,,,,,,,,,,,,,,,,,,,,,,,,,,,3,"[11, 12, 13]",blocked,,,,,,,,,,,,,,,,,,,,,,,,,,,,,,,,,,,,,,,,,,,,,,,,,,,,,,,,,,,,,,,,,,,,,,,,,,,,,,,,,0.05000000000000001,8.498374721940739e-18,200.0,0.0,0.0,0.0,0.0,0.0,0.0,0.0,0.0,0.0,0.5,0.0,0.5,0.0,0.5,0.0,,,0.0,0.0,0.0,0.0,200.0,0.0,200.0,0.0,0.0,0.0,0.0,0.0,,,0.0,0.0
diagnosis_controls,blocked,synthetic,diagnosis,query bank0:0-1 | circuit,,,,,,,,,,,,,,,,,,,,,,,,,,,,,,,3,"[11, 12, 13]",blocked,,,,,,,,,,,2.0662943522135415e-06,2.753020616481904e-07,0.0070184169987138985,0.0006302402333126017,0.004521250000834698,0.0005796284892603869,400.0,0.0,2.0,0.0,2.0,0.0,2.0,0.0,3.0,0.0,450.0,0.0,16.0,0.0,1.0,0.0,0.006936666666666667,0.0006217799718013865,180000.0,0.0,12800.0,0.0,1600.0,0.0,25600.0,0.0,0.17966876308123383,0.15612450774309453,0.2976592707633851,0.2577747277929114,0.2979117455991703,0.2583720365267512,-0.4016282558441162,0.34782500614666145,0.4706338206927588,0.40757488745257114,,,,,,,,,,,,,,,,,,,,,,,,,,,,,,,,,,,,,,,,,,,,,,,,,,,,,,,,,,,,,,,,
diagnosis_controls,blocked,synthetic,diagnosis,known-law error bank0:0-1 | circuit,,,,,,,,,,,,,,,,,,,,,,,,,,,,,,,3,"[11, 12, 13]",blocked,,,,,,,,,,,,,,,,,,,,,,,,,,,,,,,,,,,,,,,,,,,,,,,,,,,,,2.094151342177804,0.13994651214445272,2.23697407226834,0.1511725848560893,12.954996816490441,3.177793278281349,0.35509708748512797,0.08719948662986732,0.15577115157272522,0.01619891278607161,0.4136678144477374,0.049333369735879984,4.249454520798481,1.5176489249837921,0.9372536477320069,0.021491602198118364,1.9383801812670176,0.12476575787628177,2.100110310659519,0.13595013762575267,9.256557750739894,1.2639101363522331,0.21097124688150717,0.21747080313645045,-2.2499224283841017,0.15533307488615336,2.3778721777534493,0.17357101136079803,,,,,,,,,,,,,,,,,,,,,,,,,,,,,,,,,,,,
diagnosis_controls,blocked,synthetic,diagnosis,joint | bank0:0-1 | circuit,,,,,,,,,,,,,,,,,,,,,,,,,,,,,,,3,"[11, 12, 13]",blocked,,,,,,,,,,,,,,,,,,,,,,,,,,,,,,,,,,,,,,,,,,,,,,,,,,,,,,,,,,,,,,,,,,,,,,,,,,,,,,,,,0.05000000000000001,8.498374721940739e-18,200.0,0.0,15.843951543172201,2.034049575014622,23.352270126342773,5.375062735914096,0.06166666666666667,0.04252450274057691,0.06166666666666667,0.04252450274057691,0.5,0.0,0.5,0.0,0.5,0.0,,,0.0,0.0,200.0,0.0,0.0,0.0,0.0,0.0,0.0,0.0,0.0,0.0,,,0.0,0.0
diagnosis_controls,blocked,synthetic,diagnosis,independent | bank0:0-1 | circuit,,,,,,,,,,,,,,,,,,,,,,,,,,,,,,,3,"[11, 12, 13]",blocked,,,,,,,,,,,,,,,,,,,,,,,,,,,,,,,,,,,,,,,,,,,,,,,,,,,,,,,,,,,,,,,,,,,,,,,,,,,,,,,,,0.05000000000000001,8.498374721940739e-18,200.0,0.0,16.232316335042317,1.7365664418529723,23.66234079996745,5.580240839534766,0.05833333333333334,0.04010403138505322,0.05833333333333334,0.04010403138505322,0.5,0.0,0.5,0.0,0.5,0.0,,,0.0,0.0,200.0,0.0,0.0,0.0,0.0,0.0,0.0,0.0,0.0,0.0,,,0.0,0.0
diagnosis_controls,blocked,synthetic,diagnosis,marginal_max | bank0:0-1 | circuit,,,,,,,,,,,,,,,,,,,,,,,,,,,,,,,3,"[11, 12, 13]",blocked,,,,,,,,,,,,,,,,,,,,,,,,,,,,,,,,,,,,,,,,,,,,,,,,,,,,,,,,,,,,,,,,,,,,,,,,,,,,,,,,,0.05000000000000001,8.498374721940739e-18,200.0,0.0,9.23491382598877,0.8292551409128217,14.2562468846639,4.822427317101062,0.049999999999999996,0.022912878474779203,0.049999999999999996,0.022912878474779203,0.5,0.0,0.5,0.0,0.5,0.0,,,0.0,0.0,200.0,0.0,0.0,0.0,0.0,0.0,0.0,0.0,0.0,0.0,,,0.0,0.0
diagnosis_controls,blocked,synthetic,diagnosis,conditional_max | bank0:0-1 | circuit,,,,,,,,,,,,,,,,,,,,,,,,,,,,,,,3,"[11, 12, 13]",blocked,,,,,,,,,,,,,,,,,,,,,,,,,,,,,,,,,,,,,,,,,,,,,,,,,,,,,,,,,,,,,,,,,,,,,,,,,,,,,,,,,0.05000000000000001,8.498374721940739e-18,200.0,0.0,8.830263614654541,1.1537283155071336,14.074270566304525,4.668708417307935,0.06166666666666667,0.03752776749732568,0.06166666666666667,0.03752776749732568,0.5,0.0,0.5,0.0,0.5,0.0,,,0.0,0.0,200.0,0.0,0.0,0.0,0.0,0.0,0.0,0.0,0.0,0.0,,,0.0,0.0
diagnosis_controls,blocked,synthetic,diagnosis,relational_max | bank0:0-1 | circuit,,,,,,,,,,,,,,,,,,,,,,,,,,,,,,,3,"[11, 12, 13]",blocked,,,,,,,,,,,,,,,,,,,,,,,,,,,,,,,,,,,,,,,,,,,,,,,,,,,,,,,,,,,,,,,,,,,,,,,,,,,,,,,,,0.05000000000000001,8.498374721940739e-18,200.0,0.0,0.41546328862508136,0.3600786161968829,1.5854687690734863,1.375925466962649,0.03666666666666667,0.014433756729740642,0.03666666666666667,0.014433756729740642,0.5,0.0,0.5,0.0,0.5,0.0,,,0.0,0.0,200.0,0.0,0.0,0.0,0.0,0.0,0.0,0.0,0.0,0.0,,,0.0,0.0
diagnosis_controls,blocked,synthetic,diagnosis,query bank0:0-1 | known_law_oracle,,,,,,,,,,,,,,,,,,,,,,,,,,,,,,,3,"[11, 12, 13]",blocked,,,,,,,,,,,0.0,0.0,0.0009710969995164002,4.752143986946622e-05,0.0008425276658575361,9.30247556371621e-06,400.0,0.0,2.0,0.0,2.0,0.0,2.0,0.0,3.0,0.0,0.0,0.0,0.0,0.0,1.0,0.0,0.0,0.0,0.0,0.0,0.0,0.0,1600.0,0.0,0.0,0.0,2.118048889511977,0.03141646701381385,2.28014607008394,0.029491370809877227,1.6978145196793875,0.13309930604048953,-0.7122084386461768,0.10227821996367469,5.087134179912623,0.3348361709035126,,,,,,,,,,,,,,,,,,,,,,,,,,,,,,,,,,,,,,,,,,,,,,,,,,,,,,,,,,,,,,,,
diagnosis_controls,blocked,synthetic,diagnosis,known-law error bank0:0-1 | known_law_oracle,,,,,,,,,,,,,,,,,,,,,,,,,,,,,,,3,"[11, 12, 13]",blocked,,,,,,,,,,,,,,,,,,,,,,,,,,,,,,,,,,,,,,,,,,,,,,,,,,,,,0.0,0.0,0.0,0.0,0.0,0.0,1.0,7.850462293418876e-17,0.0,0.0,0.0,0.0,0.0,0.0,1.0,7.850462293418876e-17,0.0,0.0,0.0,0.0,0.0,0.0,1.0,7.850462293418876e-17,0.0,0.0,0.0,0.0,,,,,,,,,,,,,,,,,,,,,,,,,,,,,,,,,,,,
diagnosis_controls,blocked,synthetic,diagnosis,joint | bank0:0-1 | known_law_oracle,,,,,,,,,,,,,,,,,,,,,,,,,,,,,,,3,"[11, 12, 13]",blocked,,,,,,,,,,,,,,,,,,,,,,,,,,,,,,,,,,,,,,,,,,,,,,,,,,,,,,,,,,,,,,,,,,,,,,,,,,,,,,,,,0.05000000000000001,8.498374721940739e-18,200.0,0.0,11.893229892798225,0.5687274688631019,12.178897972724068,2.250793680864722,0.06833333333333334,0.025658007197234416,0.06833333333333334,0.025658007197234416,0.5,0.0,0.5,0.0,0.5,0.0,,,0.0,0.0,200.0,0.0,0.0,0.0,0.0,0.0,0.0,0.0,0.0,0.0,,,0.0,0.0
diagnosis_controls,blocked,synthetic,diagnosis,independent | bank0:0-1 | known_law_oracle,,,,,,,,,,,,,,,,,,,,,,,,,,,,,,,3,"[11, 12, 13]",blocked,,,,,,,,,,,,,,,,,,,,,,,,,,,,,,,,,,,,,,,,,,,,,,,,,,,,,,,,,,,,,,,,,,,,,,,,,,,,,,,,,0.05000000000000001,8.498374721940739e-18,200.0,0.0,15.530203393921816,1.1097664954433233,19.581157822329033,4.553161015933234,0.056666666666666664,0.04752192476461084,0.056666666666666664,0.04752192476461084,0.5,0.0,0.5,0.0,0.5,0.0,,,0.0,0.0,200.0,0.0,0.0,0.0,0.0,0.0,0.0,0.0,0.0,0.0,,,0.0,0.0
diagnosis_controls,blocked,synthetic,diagnosis,marginal_max | bank0:0-1 | known_law_oracle,,,,,,,,,,,,,,,,,,,,,,,,,,,,,,,3,"[11, 12, 13]",blocked,,,,,,,,,,,,,,,,,,,,,,,,,,,,,,,,,,,,,,,,,,,,,,,,,,,,,,,,,,,,,,,,,,,,,,,,,,,,,,,,,0.05000000000000001,8.498374721940739e-18,200.0,0.0,8.50225676970686,0.8025616774679297,11.026607722604169,2.92788709015932,0.07166666666666667,0.05619905100029121,0.07166666666666667,0.05619905100029121,0.5,0.0,0.5,0.0,0.5,0.0,,,0.0,0.0,200.0,0.0,0.0,0.0,0.0,0.0,0.0,0.0,0.0,0.0,,,0.0,0.0
diagnosis_controls,blocked,synthetic,diagnosis,conditional_max | bank0:0-1 | known_law_oracle,,,,,,,,,,,,,,,,,,,,,,,,,,,,,,,3,"[11, 12, 13]",blocked,,,,,,,,,,,,,,,,,,,,,,,,,,,,,,,,,,,,,,,,,,,,,,,,,,,,,,,,,,,,,,,,,,,,,,,,,,,,,,,,,0.05000000000000001,8.498374721940739e-18,200.0,0.0,6.412057461380322,0.4208635318078273,7.401431090478628,1.076630163802171,0.055,0.02783882181415011,0.055,0.02783882181415011,0.5,0.0,0.5,0.0,0.5,0.0,,,0.0,0.0,200.0,0.0,0.0,0.0,0.0,0.0,0.0,0.0,0.0,0.0,,,0.0,0.0
diagnosis_controls,blocked,synthetic,diagnosis,relational_max | bank0:0-1 | known_law_oracle,,,,,,,,,,,,,,,,,,,,,,,,,,,,,,,3,"[11, 12, 13]",blocked,,,,,,,,,,,,,,,,,,,,,,,,,,,,,,,,,,,,,,,,,,,,,,,,,,,,,,,,,,,,,,,,,,,,,,,,,,,,,,,,,0.05000000000000001,8.498374721940739e-18,200.0,0.0,0.6755880722069408,0.3929988831887486,12.161940408549382,0.8837115701503796,0.05333333333333334,0.0202072594216369,0.05333333333333334,0.0202072594216369,0.5,0.0,0.5,0.0,0.5,0.0,,,0.0,0.0,200.0,0.0,0.0,0.0,0.0,0.0,0.0,0.0,0.0,0.0,,,0.0,0.0
diagnosis_controls,blocked,synthetic,diagnosis,query single_sensor_0 | circuit,,,,,,,,,,,,,,,,,,,,,,,,,,,,,,,3,"[11, 12, 13]",blocked,,,,,,,,,,,7.947285970052084e-07,2.7530206164819037e-07,0.006996110999655987,0.0008006274513900211,0.004558958335110219,0.0006814822939156062,400.0,0.0,1.0,0.0,1.0,0.0,1.0,0.0,3.0,0.0,450.0,0.0,16.0,0.0,1.0,0.0,0.006913666666666668,0.0007896431683572863,180000.0,0.0,12800.0,0.0,1600.0,0.0,25600.0,0.0,7.708867144629039e-08,1.1577629805121299e-07,2.1139780888764412e-07,6.565536770226558e-09,3.096503273051591e-07,2.0201171793876235e-08,-3.218650818463213e-07,2.6841951000442764e-07,4.76837158203125e-07,0.0,,,,,,,,,,,,,,,,,,,,,,,,,,,,,,,,,,,,,,,,,,,,,,,,,,,,,,,,,,,,,,,,
diagnosis_controls,blocked,synthetic,diagnosis,known-law error single_sensor_0 | circuit,,,,,,,,,,,,,,,,,,,,,,,,,,,,,,,3,"[11, 12, 13]",blocked,,,,,,,,,,,,,,,,,,,,,,,,,,,,,,,,,,,,,,,,,,,,,,,,,,,,,0.1477243780462943,0.04973370658257949,0.37059103667763504,0.004262715209139094,4.748746641042732,1.5503652879059737,0.9449980828091569,0.0024032551508691323,0.1477243780462943,0.04973370658257949,0.37059103667763504,0.004262715209139094,4.748746641042732,1.5503652879059737,0.9449980828091569,0.0024032551508691323,0.0,0.0,0.0,0.0,0.0,0.0,,,-0.14772430989831709,0.049733704291958426,0.3705910209817453,0.004262697962097558,,,,,,,,,,,,,,,,,,,,,,,,,,,,,,,,,,,,
diagnosis_controls,blocked,synthetic,diagnosis,joint | single_sensor_0 | circuit,,,,,,,,,,,,,,,,,,,,,,,,,,,,,,,3,"[11, 12, 13]",blocked,,,,,,,,,,,,,,,,,,,,,,,,,,,,,,,,,,,,,,,,,,,,,,,,,,,,,,,,,,,,,,,,,,,,,,,,,,,,,,,,,0.05000000000000001,8.498374721940739e-18,200.0,0.0,8.11082394917806,0.6078342052436464,12.225021362304688,3.0015460935790115,0.055,0.019999999999999997,0.05833333333333334,0.010408329997330667,0.4891916666666667,0.004514859724657388,0.49871339463976533,0.006854196327731364,0.4891916666666667,0.004514859724657388,,,0.0,0.0,0.0,0.0,200.0,0.0,200.0,0.0,0.0,0.0,0.0,0.0,,,0.0,0.0
diagnosis_controls,blocked,synthetic,diagnosis,independent | single_sensor_0 | circuit,,,,,,,,,,,,,,,,,,,,,,,,,,,,,,,3,"[11, 12, 13]",blocked,,,,,,,,,,,,,,,,,,,,,,,,,,,,,,,,,,,,,,,,,,,,,,,,,,,,,,,,,,,,,,,,,,,,,,,,,,,,,,,,,0.05000000000000001,8.498374721940739e-18,200.0,0.0,8.110824267069498,0.6078342664014009,12.225021362304688,3.0015459171865584,0.055,0.019999999999999997,0.05833333333333334,0.010408329997330667,0.4891916666666667,0.004514859724657388,0.49871339463976533,0.006854196327731364,0.4891916666666667,0.004514859724657388,,,0.0,0.0,0.0,0.0,200.0,0.0,200.0,0.0,0.0,0.0,0.0,0.0,,,0.0,0.0
diagnosis_controls,blocked,synthetic,diagnosis,marginal_max | single_sensor_0 | circuit,,,,,,,,,,,,,,,,,,,,,,,,,,,,,,,3,"[11, 12, 13]",blocked,,,,,,,,,,,,,,,,,,,,,,,,,,,,,,,,,,,,,,,,,,,,,,,,,,,,,,,,,,,,,,,,,,,,,,,,,,,,,,,,,0.05000000000000001,8.498374721940739e-18,200.0,0.0,8.110824267069498,0.6078342664014009,12.225021362304688,3.0015459171865584,0.055,0.019999999999999997,0.05833333333333334,0.010408329997330667,0.4891916666666667,0.004514859724657388,0.49871339463976533,0.006854196327731364,0.4891916666666667,0.004514859724657388,,,0.0,0.0,0.0,0.0,200.0,0.0,200.0,0.0,0.0,0.0,0.0,0.0,,,0.0,0.0
diagnosis_controls,blocked,synthetic,diagnosis,conditional_max | single_sensor_0 | circuit,,,,,,,,,,,,,,,,,,,,,,,,,,,,,,,3,"[11, 12, 13]",blocked,,,,,,,,,,,,,,,,,,,,,,,,,,,,,,,,,,,,,,,,,,,,,,,,,,,,,,,,,,,,,,,,,,,,,,,,,,,,,,,,,0.05000000000000001,8.498374721940739e-18,200.0,0.0,8.110824267069498,0.6078342664014009,12.225021362304688,3.0015459171865584,0.055,0.019999999999999997,0.05833333333333334,0.010408329997330667,0.4891916666666667,0.004514859724657388,0.49871339463976533,0.006854196327731364,0.4891916666666667,0.004514859724657388,,,0.0,0.0,0.0,0.0,200.0,0.0,200.0,0.0,0.0,0.0,0.0,0.0,,,0.0,0.0
diagnosis_controls,blocked,synthetic,diagnosis,relational_max | single_sensor_0 | circuit,,,,,,,,,,,,,,,,,,,,,,,,,,,,,,,3,"[11, 12, 13]",blocked,,,,,,,,,,,,,,,,,,,,,,,,,,,,,,,,,,,,,,,,,,,,,,,,,,,,,,,,,,,,,,,,,,,,,,,,,,,,,,,,,0.05000000000000001,8.498374721940739e-18,200.0,0.0,0.0,0.0,0.0,0.0,0.0,0.0,0.0,0.0,0.5,0.0,0.5,0.0,0.5,0.0,,,0.0,0.0,0.0,0.0,200.0,0.0,200.0,0.0,0.0,0.0,0.0,0.0,,,0.0,0.0
diagnosis_controls,blocked,synthetic,diagnosis,query single_sensor_0 | known_law_oracle,,,,,,,,,,,,,,,,,,,,,,,,,,,,,,,3,"[11, 12, 13]",blocked,,,,,,,,,,,0.0,0.0,0.0004252086667596207,2.302277741346769e-05,0.00042604166689367656,4.6375771186749384e-05,400.0,0.0,1.0,0.0,1.0,0.0,1.0,0.0,2.0,0.0,0.0,0.0,0.0,0.0,1.0,0.0,0.0,0.0,0.0,0.0,0.0,0.0,1600.0,0.0,0.0,0.0,0.0,0.0,0.0,0.0,0.0,0.0,0.0,0.0,0.0,0.0,,,,,,,,,,,,,,,,,,,,,,,,,,,,,,,,,,,,,,,,,,,,,,,,,,,,,,,,,,,,,,,,
diagnosis_controls,blocked,synthetic,diagnosis,known-law error single_sensor_0 | known_law_oracle,,,,,,,,,,,,,,,,,,,,,,,,,,,,,,,3,"[11, 12, 13]",blocked,,,,,,,,,,,,,,,,,,,,,,,,,,,,,,,,,,,,,,,,,,,,,,,,,,,,,0.0,0.0,0.0,0.0,0.0,0.0,1.0,0.0,0.0,0.0,0.0,0.0,0.0,0.0,1.0,0.0,0.0,0.0,0.0,0.0,0.0,0.0,,,0.0,0.0,0.0,0.0,,,,,,,,,,,,,,,,,,,,,,,,,,,,,,,,,,,,
diagnosis_controls,blocked,synthetic,diagnosis,joint | single_sensor_0 | known_law_oracle,,,,,,,,,,,,,,,,,,,,,,,,,,,,,,,3,"[11, 12, 13]",blocked,,,,,,,,,,,,,,,,,,,,,,,,,,,,,,,,,,,,,,,,,,,,,,,,,,,,,,,,,,,,,,,,,,,,,,,,,,,,,,,,,0.05000000000000001,8.498374721940739e-18,200.0,0.0,7.689895496961474,0.5021001950174577,10.071033718670991,2.3032659569915754,0.06333333333333334,0.020207259421636908,0.06,0.0304138126514911,0.48662500000000003,0.006084868527749771,0.4983624026561697,0.008169094318119742,0.48662500000000003,0.006084868527749771,,,0.0,0.0,0.0,0.0,200.0,0.0,200.0,0.0,0.0,0.0,0.0,0.0,,,0.0,0.0
diagnosis_controls,blocked,synthetic,diagnosis,independent | single_sensor_0 | known_law_oracle,,,,,,,,,,,,,,,,,,,,,,,,,,,,,,,3,"[11, 12, 13]",blocked,,,,,,,,,,,,,,,,,,,,,,,,,,,,,,,,,,,,,,,,,,,,,,,,,,,,,,,,,,,,,,,,,,,,,,,,,,,,,,,,,0.05000000000000001,8.498374721940739e-18,200.0,0.0,7.689895496961474,0.5021001950174577,10.071033718670991,2.3032659569915754,0.06333333333333334,0.020207259421636908,0.06,0.0304138126514911,0.48662500000000003,0.006084868527749771,0.4983624026561697,0.008169094318119742,0.48662500000000003,0.006084868527749771,,,0.0,0.0,0.0,0.0,200.0,0.0,200.0,0.0,0.0,0.0,0.0,0.0,,,0.0,0.0
diagnosis_controls,blocked,synthetic,diagnosis,marginal_max | single_sensor_0 | known_law_oracle,,,,,,,,,,,,,,,,,,,,,,,,,,,,,,,3,"[11, 12, 13]",blocked,,,,,,,,,,,,,,,,,,,,,,,,,,,,,,,,,,,,,,,,,,,,,,,,,,,,,,,,,,,,,,,,,,,,,,,,,,,,,,,,,0.05000000000000001,8.498374721940739e-18,200.0,0.0,7.689895496961474,0.5021001950174577,10.071033718670991,2.3032659569915754,0.06333333333333334,0.020207259421636908,0.06,0.0304138126514911,0.48662500000000003,0.006084868527749771,0.4983624026561697,0.008169094318119742,0.48662500000000003,0.006084868527749771,,,0.0,0.0,0.0,0.0,200.0,0.0,200.0,0.0,0.0,0.0,0.0,0.0,,,0.0,0.0
diagnosis_controls,blocked,synthetic,diagnosis,conditional_max | single_sensor_0 | known_law_oracle,,,,,,,,,,,,,,,,,,,,,,,,,,,,,,,3,"[11, 12, 13]",blocked,,,,,,,,,,,,,,,,,,,,,,,,,,,,,,,,,,,,,,,,,,,,,,,,,,,,,,,,,,,,,,,,,,,,,,,,,,,,,,,,,0.05000000000000001,8.498374721940739e-18,200.0,0.0,7.689895496961474,0.5021001950174577,10.071033718670991,2.3032659569915754,0.06333333333333334,0.020207259421636908,0.06,0.0304138126514911,0.48662500000000003,0.006084868527749771,0.4983624026561697,0.008169094318119742,0.48662500000000003,0.006084868527749771,,,0.0,0.0,0.0,0.0,200.0,0.0,200.0,0.0,0.0,0.0,0.0,0.0,,,0.0,0.0
diagnosis_controls,blocked,synthetic,diagnosis,relational_max | single_sensor_0 | known_law_oracle,,,,,,,,,,,,,,,,,,,,,,,,,,,,,,,3,"[11, 12, 13]",blocked,,,,,,,,,,,,,,,,,,,,,,,,,,,,,,,,,,,,,,,,,,,,,,,,,,,,,,,,,,,,,,,,,,,,,,,,,,,,,,,,,0.05000000000000001,8.498374721940739e-18,200.0,0.0,0.0,0.0,0.0,0.0,0.0,0.0,0.0,0.0,0.5,0.0,0.5,0.0,0.5,0.0,,,0.0,0.0,0.0,0.0,200.0,0.0,200.0,0.0,0.0,0.0,0.0,0.0,,,0.0,0.0
