==============================================================================
 experiment: diagnosis_fd001_reliability   (config/ts/diagnosis_fd001_reliability.yaml)
 Restarts, decayed learning rate and a larger calibration split for the chow_liu leaf6 candidate.
 output:     logs/ts/ws/diagnosis_fd001_reliability
==============================================================================

3 variant(s) × 5 seed(s) = 15 run(s)

  candidate_ref                          dataset=cmapss:FD001     stages=diagnosis
  restarts4                              dataset=cmapss:FD001     stages=diagnosis
  restarts4_cosine                       dataset=cmapss:FD001     stages=diagnosis


>>> [1/15] candidate_ref · seed 21 · logs/ts/ws/diagnosis_fd001_reliability/candidate_ref/seed21
[15:52:19] === run start · seed21 · seed 21 · hash b36592f860b5 ===
[15:52:19] stages ['diagnosis'] · device cuda · dataset cmapss:FD001
[15:52:19] --- stage: diagnosis ---
[15:52:20]   data: FleetPair(cmapss:FD001: train=100 units, test=100 units, C=15, regimes=1, cap=125)  (0.6s)
[15:52:20]   task: {'kind': 'ad', 'n_train': 3559, 'n_val': 1731, 'n_test': 4639, 'd': 300, 'window': 20, 'n_channels': 15, 'anomaly_rate': 0.12200905382633209, 'kind_counts': {'normal': 4073, 'desync': 134, 'spike': 79, 'decouple': 120, 'drift': 98, 'offset': 83, 'organic': 52}, 'train_units': 100, 'val_units': 30, 'test_units': 100, 'n_val_windows': 1731, 'n_regimes': 1, 'seed': 21, 'per_regime_norm': False, 'official_test_fleet': True, 'dataset': 'cmapss:FD001', 'cap': 125.0, 'subset': 'FD001', 'dropped_constant_sensors': 6, 'source': 'NASA C-MAPSS (real)', 'source_name': 'cmapss', 'source_kind': 'fleet'}
[15:52:20]   caveat: Ships no anomaly annotations: detection anomalies are injected.
    [pc] epoch   0  nll  506.510  val  301.850
    [pc] epoch  75  nll   47.307  val   46.209
    fit chow_liu K=8: 125/600 (21%) · 4.14 it/s · elapsed 00:30 · ETA 01:54
    [pc] epoch 150  nll   38.204  val   38.964
    [pc] epoch 225  nll   38.785  val   37.344
    fit chow_liu K=8: 250/600 (42%) · 4.15 it/s · elapsed 01:00 · ETA 01:24
    [pc] epoch 300  nll   30.018  val   30.853
    [pc] epoch 375  nll   29.098  val   29.750
    fit chow_liu K=8: 376/600 (63%) · 4.16 it/s · elapsed 01:30 · ETA 00:53
    [pc] epoch 450  nll   27.018  val   26.106
    fit chow_liu K=8: 502/600 (84%) · 4.16 it/s · elapsed 02:00 · ETA 00:23
    [pc] epoch 525  nll   23.677  val   24.805
    fit chow_liu K=8: done 600/600 in 02:24
    [pc] restored epoch 572 (selected by nll; val nll 23.332, last 23.710)
[15:54:47]   pc_train_nll: first=506.5101 last=22.4898 (600 epochs)
[15:54:47]   pc_train_objective: first=506.5101 last=22.4898 (600 epochs)
[15:54:47]   pc_selection_loss: first=301.8500 last=23.7104 (600 epochs)
[15:54:47]   pc_val_nll: first=301.8500 last=23.7104 (600 epochs)
[15:54:47]   pc: fit 147.3s · 195,840 params · score sd 19.148 · device cuda · layered · 14,498 win/s
[15:54:47]   pc: validation on 535 windows from explicit subset of held-out units · best epoch 572 of 600 · val nll 23.332
[15:54:48]   shortcut audit: target-channel-only AUROC 0.547 (0.5 = no marginal shortcut)
[15:54:49]   baseline gaussian_fitted: fit 0.22s · 45,450 params · selection {'shrinkage': 0.01}
[15:54:51]   detection comparators: ['mahalanobis_refit', 'mahalanobis_impute', 'gmm_refit', 'gmm_impute', 'knn_refit', 'knn_impute']
[15:54:51]   diagnosis: full (15.0 observed on average), 680 paired windows, 2 method(s)
[15:54:55]   diagnosis: random1:1 (14.0 observed on average), 680 paired windows, 2 method(s)
[15:54:59]   diagnosis: random3:5-8-14 (12.0 observed on average), 680 paired windows, 2 method(s)
[15:55:05]   diagnosis: random7:3-4-8-10-11-12-14 (8.0 observed on average), 680 paired windows, 2 method(s)
[15:55:07]   diagnosis: bank0:0-1-2-4-5-7-8 (8.0 observed on average), 680 paired windows, 2 method(s)
[15:55:12]   diagnosis: bank1:3 (14.0 observed on average), 680 paired windows, 2 method(s)
[15:55:16]   diagnosis: bank2:6-10 (13.0 observed on average), 680 paired windows, 2 method(s)
[15:55:20]   diagnosis: single_sensor_0 (1.0 observed on average), 680 paired windows, 2 method(s)
[15:55:21]   Diagnosis completed on validation engines only; no confirmatory PASS/FAIL inferred.
[15:55:21] --- stage diagnosis done in 182.0s ---
[15:55:21] === run ok · 182.1s · peak RSS 2.35 GB ===

>>> [2/15] candidate_ref · seed 22 · logs/ts/ws/diagnosis_fd001_reliability/candidate_ref/seed22 · mean 3.0 min/run · ETA 42 min for the remaining 14
[15:55:21] === run start · seed22 · seed 22 · hash b36592f860b5 ===
[15:55:21] stages ['diagnosis'] · device cuda · dataset cmapss:FD001
[15:55:21] --- stage: diagnosis ---
[15:55:22]   data: FleetPair(cmapss:FD001: train=100 units, test=100 units, C=15, regimes=1, cap=125)  (0.1s)
[15:55:22]   task: {'kind': 'ad', 'n_train': 3614, 'n_val': 1676, 'n_test': 4639, 'd': 300, 'window': 20, 'n_channels': 15, 'anomaly_rate': 0.14442767202854156, 'kind_counts': {'normal': 3969, 'offset': 117, 'decouple': 122, 'spike': 116, 'drift': 132, 'desync': 131, 'organic': 52}, 'train_units': 100, 'val_units': 30, 'test_units': 100, 'n_val_windows': 1676, 'n_regimes': 1, 'seed': 22, 'per_regime_norm': False, 'official_test_fleet': True, 'dataset': 'cmapss:FD001', 'cap': 125.0, 'subset': 'FD001', 'dropped_constant_sensors': 6, 'source': 'NASA C-MAPSS (real)', 'source_name': 'cmapss', 'source_kind': 'fleet'}
[15:55:22]   caveat: Ships no anomaly annotations: detection anomalies are injected.
    [pc] epoch   0  nll  499.491  val  302.827
    [pc] epoch  75  nll   50.491  val   61.081
    fit chow_liu K=8: 117/600 (20%) · 3.87 it/s · elapsed 00:30 · ETA 02:04
    [pc] restored epoch 80 (selected by nll; val nll 60.370, last 63.746)
[15:56:00]   pc_train_nll: first=499.4909 last=51.8196 (141 epochs)
[15:56:00]   pc_train_objective: first=499.4909 last=51.8196 (141 epochs)
[15:56:00]   pc_selection_loss: first=302.8268 last=63.7457 (141 epochs)
[15:56:00]   pc_val_nll: first=302.8268 last=63.7457 (141 epochs)
[15:56:00]   pc: fit 38.8s · 195,840 params · score sd 21.644 · device cuda · layered · 13,136 win/s
[15:56:00]   pc: validation on 531 windows from explicit subset of held-out units · best epoch 80 of 600 · val nll 60.370
[15:56:01]   shortcut audit: target-channel-only AUROC 0.534 (0.5 = no marginal shortcut)
[15:56:02]   baseline gaussian_fitted: fit 0.19s · 45,450 params · selection {'shrinkage': 0.01}
[15:56:04]   detection comparators: ['mahalanobis_refit', 'mahalanobis_impute', 'gmm_refit', 'gmm_impute', 'knn_refit', 'knn_impute']
[15:56:04]   diagnosis: full (15.0 observed on average), 386 paired windows, 2 method(s)
[15:56:08]   diagnosis: random1:1 (14.0 observed on average), 386 paired windows, 2 method(s)
[15:56:11]   diagnosis: random3:5-8-14 (12.0 observed on average), 386 paired windows, 2 method(s)
[15:56:25]   diagnosis: random7:3-4-8-10-11-12-14 (8.0 observed on average), 386 paired windows, 2 method(s)
[15:56:28]   diagnosis: bank0:0-1-2-4-5-7-8 (8.0 observed on average), 386 paired windows, 2 method(s)
[15:56:32]   diagnosis: bank1:3 (14.0 observed on average), 386 paired windows, 2 method(s)
[15:56:36]   diagnosis: bank2:6-10 (13.0 observed on average), 386 paired windows, 2 method(s)
[15:56:40]   diagnosis: single_sensor_0 (1.0 observed on average), 386 paired windows, 2 method(s)
[15:56:43]   Diagnosis completed on validation engines only; no confirmatory PASS/FAIL inferred.
[15:56:43] --- stage diagnosis done in 81.4s ---
[15:56:43] === run ok · 81.4s · peak RSS 2.35 GB ===

>>> [3/15] candidate_ref · seed 23 · logs/ts/ws/diagnosis_fd001_reliability/candidate_ref/seed23 · mean 2.2 min/run · ETA 29 min for the remaining 13
[15:56:43] === run start · seed23 · seed 23 · hash b36592f860b5 ===
[15:56:43] stages ['diagnosis'] · device cuda · dataset cmapss:FD001
[15:56:43] --- stage: diagnosis ---
[15:56:43]   data: FleetPair(cmapss:FD001: train=100 units, test=100 units, C=15, regimes=1, cap=125)  (0.1s)
[15:56:43]   task: {'kind': 'ad', 'n_train': 3759, 'n_val': 1531, 'n_test': 4639, 'd': 300, 'window': 20, 'n_channels': 15, 'anomaly_rate': 0.1215779259800911, 'kind_counts': {'normal': 4075, 'spike': 115, 'decouple': 106, 'offset': 91, 'desync': 105, 'drift': 95, 'organic': 52}, 'train_units': 100, 'val_units': 30, 'test_units': 100, 'n_val_windows': 1531, 'n_regimes': 1, 'seed': 23, 'per_regime_norm': False, 'official_test_fleet': True, 'dataset': 'cmapss:FD001', 'cap': 125.0, 'subset': 'FD001', 'dropped_constant_sensors': 6, 'source': 'NASA C-MAPSS (real)', 'source_name': 'cmapss', 'source_kind': 'fleet'}
[15:56:43]   caveat: Ships no anomaly annotations: detection anomalies are injected.
    [pc] epoch   0  nll  493.322  val  251.496
    [pc] epoch  75  nll   50.181  val   48.223
    fit chow_liu K=8: 124/600 (21%) · 4.11 it/s · elapsed 00:30 · ETA 01:55
    [pc] epoch 150  nll   41.962  val   46.665
    [pc] epoch 225  nll   38.023  val   37.871
    fit chow_liu K=8: 248/600 (41%) · 4.11 it/s · elapsed 01:00 · ETA 01:25
    [pc] epoch 300  nll   58.740  val   47.031
    fit chow_liu K=8: 371/600 (62%) · 4.10 it/s · elapsed 01:30 · ETA 00:55
    [pc] epoch 375  nll   29.567  val   30.074
    [pc] epoch 450  nll   29.422  val   30.359
    fit chow_liu K=8: 494/600 (82%) · 4.10 it/s · elapsed 02:00 · ETA 00:25
    [pc] epoch 525  nll   22.781  val   23.233
    fit chow_liu K=8: done 600/600 in 02:26
    [pc] restored epoch 595 (selected by nll; val nll 19.015, last 20.343)
[15:59:12]   pc_train_nll: first=493.3217 last=18.8921 (600 epochs)
[15:59:12]   pc_train_objective: first=493.3217 last=18.8921 (600 epochs)
[15:59:12]   pc_selection_loss: first=251.4957 last=20.3431 (600 epochs)
[15:59:12]   pc_val_nll: first=251.4957 last=20.3431 (600 epochs)
[15:59:12]   pc: fit 148.6s · 195,840 params · score sd 16.399 · device cuda · layered · 15,180 win/s
[15:59:12]   pc: validation on 416 windows from explicit subset of held-out units · best epoch 595 of 600 · val nll 19.015
[15:59:13]   shortcut audit: target-channel-only AUROC 0.561 (0.5 = no marginal shortcut)
[15:59:13]   baseline gaussian_fitted: fit 0.15s · 45,450 params · selection {'shrinkage': 0.01}
[15:59:15]   detection comparators: ['mahalanobis_refit', 'mahalanobis_impute', 'gmm_refit', 'gmm_impute', 'knn_refit', 'knn_impute']
[15:59:15]   diagnosis: full (15.0 observed on average), 640 paired windows, 2 method(s)
[15:59:21]   diagnosis: random1:1 (14.0 observed on average), 640 paired windows, 2 method(s)
[15:59:29]   diagnosis: random3:5-8-14 (12.0 observed on average), 640 paired windows, 2 method(s)
[15:59:36]   diagnosis: random7:3-4-8-10-11-12-14 (8.0 observed on average), 640 paired windows, 2 method(s)
[15:59:38]   diagnosis: bank0:0-1-2-4-5-7-8 (8.0 observed on average), 640 paired windows, 2 method(s)
[15:59:41]   diagnosis: bank1:3 (14.0 observed on average), 640 paired windows, 2 method(s)
[15:59:46]   diagnosis: bank2:6-10 (13.0 observed on average), 640 paired windows, 2 method(s)
[15:59:49]   diagnosis: single_sensor_0 (1.0 observed on average), 640 paired windows, 2 method(s)
[15:59:51]   Diagnosis completed on validation engines only; no confirmatory PASS/FAIL inferred.
[15:59:51] --- stage diagnosis done in 188.1s ---
[15:59:51] === run ok · 188.1s · peak RSS 2.42 GB ===

>>> [4/15] candidate_ref · seed 24 · logs/ts/ws/diagnosis_fd001_reliability/candidate_ref/seed24 · mean 2.5 min/run · ETA 30 min for the remaining 12
[15:59:51] === run start · seed24 · seed 24 · hash b36592f860b5 ===
[15:59:51] stages ['diagnosis'] · device cuda · dataset cmapss:FD001
[15:59:51] --- stage: diagnosis ---
[15:59:51]   data: FleetPair(cmapss:FD001: train=100 units, test=100 units, C=15, regimes=1, cap=125)  (0.1s)
[15:59:51]   task: {'kind': 'ad', 'n_train': 3663, 'n_val': 1627, 'n_test': 4639, 'd': 300, 'window': 20, 'n_channels': 15, 'anomaly_rate': 0.12933821976184845, 'kind_counts': {'normal': 4039, 'decouple': 113, 'spike': 116, 'offset': 110, 'desync': 89, 'drift': 120, 'organic': 52}, 'train_units': 100, 'val_units': 30, 'test_units': 100, 'n_val_windows': 1627, 'n_regimes': 1, 'seed': 24, 'per_regime_norm': False, 'official_test_fleet': True, 'dataset': 'cmapss:FD001', 'cap': 125.0, 'subset': 'FD001', 'dropped_constant_sensors': 6, 'source': 'NASA C-MAPSS (real)', 'source_name': 'cmapss', 'source_kind': 'fleet'}
[15:59:51]   caveat: Ships no anomaly annotations: detection anomalies are injected.
    [pc] epoch   0  nll  501.511  val  237.132
    [pc] epoch  75  nll   37.097  val   36.901
    fit chow_liu K=8: 117/600 (20%) · 3.88 it/s · elapsed 00:30 · ETA 02:04
    [pc] epoch 150  nll   34.460  val   40.854
    [pc] epoch 225  nll   30.776  val   32.427
    fit chow_liu K=8: 234/600 (39%) · 3.88 it/s · elapsed 01:00 · ETA 01:34
    [pc] epoch 300  nll   31.847  val   35.911
    fit chow_liu K=8: 351/600 (58%) · 3.88 it/s · elapsed 01:30 · ETA 01:04
    [pc] epoch 375  nll   27.881  val   31.410
    [pc] restored epoch 355 (selected by nll; val nll 28.710, last 29.314)
[16:01:41]   pc_train_nll: first=501.5109 last=26.9468 (416 epochs)
[16:01:41]   pc_train_objective: first=501.5109 last=26.9468 (416 epochs)
[16:01:41]   pc_selection_loss: first=237.1316 last=29.3140 (416 epochs)
[16:01:41]   pc_val_nll: first=237.1316 last=29.3140 (416 epochs)
[16:01:41]   pc: fit 109.5s · 195,840 params · score sd 17.937 · device cuda · layered · 13,919 win/s
[16:01:41]   pc: validation on 419 windows from explicit subset of held-out units · best epoch 355 of 600 · val nll 28.710
[16:01:42]   shortcut audit: target-channel-only AUROC 0.555 (0.5 = no marginal shortcut)
[16:01:42]   baseline gaussian_fitted: fit 0.15s · 45,450 params · selection {'shrinkage': 0.01}
[16:01:45]   detection comparators: ['mahalanobis_refit', 'mahalanobis_impute', 'gmm_refit', 'gmm_impute', 'knn_refit', 'knn_impute']
[16:01:45]   diagnosis: full (15.0 observed on average), 644 paired windows, 2 method(s)
[16:01:50]   diagnosis: random1:1 (14.0 observed on average), 644 paired windows, 2 method(s)
[16:01:54]   diagnosis: random3:5-8-14 (12.0 observed on average), 644 paired windows, 2 method(s)
[16:02:00]   diagnosis: random7:3-4-8-10-11-12-14 (8.0 observed on average), 644 paired windows, 2 method(s)
[16:02:03]   diagnosis: bank0:0-1-2-4-5-7-8 (8.0 observed on average), 644 paired windows, 2 method(s)
[16:02:06]   diagnosis: bank1:3 (14.0 observed on average), 644 paired windows, 2 method(s)
[16:02:11]   diagnosis: bank2:6-10 (13.0 observed on average), 644 paired windows, 2 method(s)
[16:02:14]   diagnosis: single_sensor_0 (1.0 observed on average), 644 paired windows, 2 method(s)
[16:02:15]   Diagnosis completed on validation engines only; no confirmatory PASS/FAIL inferred.
[16:02:15] --- stage diagnosis done in 144.0s ---
[16:02:15] === run ok · 144.0s · peak RSS 2.42 GB ===

>>> [5/15] candidate_ref · seed 25 · logs/ts/ws/diagnosis_fd001_reliability/candidate_ref/seed25 · mean 2.5 min/run · ETA 27 min for the remaining 11
[16:02:15] === run start · seed25 · seed 25 · hash b36592f860b5 ===
[16:02:15] stages ['diagnosis'] · device cuda · dataset cmapss:FD001
[16:02:15] --- stage: diagnosis ---
[16:02:15]   data: FleetPair(cmapss:FD001: train=100 units, test=100 units, C=15, regimes=1, cap=125)  (0.1s)
[16:02:15]   task: {'kind': 'ad', 'n_train': 3721, 'n_val': 1569, 'n_test': 4639, 'd': 300, 'window': 20, 'n_channels': 15, 'anomaly_rate': 0.12955377995967865, 'kind_counts': {'normal': 4038, 'decouple': 102, 'offset': 125, 'desync': 114, 'spike': 111, 'drift': 97, 'organic': 52}, 'train_units': 100, 'val_units': 30, 'test_units': 100, 'n_val_windows': 1569, 'n_regimes': 1, 'seed': 25, 'per_regime_norm': False, 'official_test_fleet': True, 'dataset': 'cmapss:FD001', 'cap': 125.0, 'subset': 'FD001', 'dropped_constant_sensors': 6, 'source': 'NASA C-MAPSS (real)', 'source_name': 'cmapss', 'source_kind': 'fleet'}
[16:02:15]   caveat: Ships no anomaly annotations: detection anomalies are injected.
    [pc] epoch   0  nll  497.582  val  288.319
    [pc] epoch  75  nll   44.756  val   40.399
    fit chow_liu K=8: 117/600 (20%) · 3.90 it/s · elapsed 00:30 · ETA 02:03
    [pc] epoch 150  nll   36.884  val   35.039
    [pc] restored epoch 128 (selected by nll; val nll 33.168, last 33.913)
[16:03:06]   pc_train_nll: first=497.5818 last=35.1856 (189 epochs)
[16:03:06]   pc_train_objective: first=497.5818 last=35.1856 (189 epochs)
[16:03:06]   pc_selection_loss: first=288.3193 last=33.9129 (189 epochs)
[16:03:06]   pc_val_nll: first=288.3193 last=33.9129 (189 epochs)
[16:03:06]   pc: fit 50.9s · 195,840 params · score sd 21.351 · device cuda · layered · 13,817 win/s
[16:03:06]   pc: validation on 516 windows from explicit subset of held-out units · best epoch 128 of 600 · val nll 33.168
[16:03:07]   shortcut audit: target-channel-only AUROC 0.553 (0.5 = no marginal shortcut)
[16:03:08]   baseline gaussian_fitted: fit 0.19s · 45,450 params · selection {'shrinkage': 0.01}
[16:03:11]   detection comparators: ['mahalanobis_refit', 'mahalanobis_impute', 'gmm_refit', 'gmm_impute', 'knn_refit', 'knn_impute']
[16:03:11]   diagnosis: full (15.0 observed on average), 614 paired windows, 2 method(s)
[16:03:16]   diagnosis: random1:1 (14.0 observed on average), 614 paired windows, 2 method(s)
[16:03:19]   diagnosis: random3:5-8-14 (12.0 observed on average), 614 paired windows, 2 method(s)
[16:03:27]   diagnosis: random7:3-4-8-10-11-12-14 (8.0 observed on average), 614 paired windows, 2 method(s)
[16:03:30]   diagnosis: bank0:0-1-2-4-5-7-8 (8.0 observed on average), 614 paired windows, 2 method(s)
[16:03:33]   diagnosis: bank1:3 (14.0 observed on average), 614 paired windows, 2 method(s)
[16:03:37]   diagnosis: bank2:6-10 (13.0 observed on average), 614 paired windows, 2 method(s)
[16:03:45]   diagnosis: single_sensor_0 (1.0 observed on average), 614 paired windows, 2 method(s)
[16:03:47]   Diagnosis completed on validation engines only; no confirmatory PASS/FAIL inferred.
[16:03:47] --- stage diagnosis done in 91.8s ---
[16:03:47] === run ok · 91.9s · peak RSS 2.42 GB ===

>>> [6/15] restarts4 · seed 21 · logs/ts/ws/diagnosis_fd001_reliability/restarts4/seed21 · mean 2.3 min/run · ETA 23 min for the remaining 10
[16:03:47] === run start · seed21 · seed 21 · hash e84370a44607 ===
[16:03:47] stages ['diagnosis'] · device cuda · dataset cmapss:FD001
[16:03:47] --- stage: diagnosis ---
[16:03:47]   data: FleetPair(cmapss:FD001: train=100 units, test=100 units, C=15, regimes=1, cap=125)  (0.1s)
[16:03:47]   task: {'kind': 'ad', 'n_train': 3559, 'n_val': 1731, 'n_test': 4639, 'd': 300, 'window': 20, 'n_channels': 15, 'anomaly_rate': 0.12200905382633209, 'kind_counts': {'normal': 4073, 'desync': 134, 'spike': 79, 'decouple': 120, 'drift': 98, 'offset': 83, 'organic': 52}, 'train_units': 100, 'val_units': 30, 'test_units': 100, 'n_val_windows': 1731, 'n_regimes': 1, 'seed': 21, 'per_regime_norm': False, 'official_test_fleet': True, 'dataset': 'cmapss:FD001', 'cap': 125.0, 'subset': 'FD001', 'dropped_constant_sensors': 6, 'source': 'NASA C-MAPSS (real)', 'source_name': 'cmapss', 'source_kind': 'fleet'}
[16:03:47]   caveat: Ships no anomaly annotations: detection anomalies are injected.
    [pc] epoch   0  nll  506.510  val  301.850
    [pc] epoch  75  nll   47.307  val   46.209
    fit chow_liu K=8: 125/600 (21%) · 4.16 it/s · elapsed 00:30 · ETA 01:54
    [pc] epoch 150  nll   38.204  val   38.964
    [pc] epoch 225  nll   38.785  val   37.344
    fit chow_liu K=8: 250/600 (42%) · 4.16 it/s · elapsed 01:00 · ETA 01:24
    [pc] epoch 300  nll   30.018  val   30.853
    fit chow_liu K=8: 375/600 (62%) · 4.16 it/s · elapsed 01:30 · ETA 00:54
    [pc] epoch 375  nll   29.098  val   29.750
    [pc] epoch 450  nll   27.018  val   26.106
    fit chow_liu K=8: 500/600 (83%) · 4.16 it/s · elapsed 02:00 · ETA 00:24
    [pc] epoch 525  nll   23.677  val   24.805
    fit chow_liu K=8: done 600/600 in 02:24
    [pc] restored epoch 572 (selected by nll; val nll 23.332, last 23.710)
    [pc] epoch   0  nll  508.120  val  302.853
    [pc] epoch  75  nll   49.134  val   47.285
    [pc] restart 1 abandoned at epoch 99 (42.708 vs 23.332 best so far)
    [pc] restored epoch 91 (selected by nll; val nll 42.708, last 45.007)
    [pc] epoch   0  nll  506.201  val  300.710
    [pc] epoch  75  nll   47.892  val   48.550
    [pc] restart 2 abandoned at epoch 99 (44.673 vs 23.332 best so far)
    [pc] restored epoch 83 (selected by nll; val nll 44.673, last 48.647)
    [pc] epoch   0  nll  509.106  val  300.194
    [pc] epoch  75  nll   47.472  val   46.726
    [pc] restart 3 abandoned at epoch 99 (43.486 vs 23.332 best so far)
    [pc] restored epoch 98 (selected by nll; val nll 43.486, last 43.920)
    [pc] restart 0 of 4 selected by nll (checkpoint losses: 23.332 42.708 44.673 43.486)
[16:07:33]   pc_train_nll: first=506.5101 last=22.4898 (600 epochs)
[16:07:33]   pc_train_objective: first=506.5101 last=22.4898 (600 epochs)
[16:07:33]   pc_selection_loss: first=301.8500 last=23.7104 (600 epochs)
[16:07:33]   pc_val_nll: first=301.8500 last=23.7104 (600 epochs)
[16:07:33]   pc: fit 226.0s · 195,840 params · score sd 19.148 · device cuda · layered · 9,448 win/s
[16:07:33]   pc: restart 0 (init seed 21) checkpoint 23.332 at epoch 572 of 600 run
[16:07:33]   pc: restart 1 (init seed 7940) checkpoint 42.708 at epoch 91 of 100 run · abandoned
[16:07:33]   pc: restart 2 (init seed 15859) checkpoint 44.673 at epoch 83 of 100 run · abandoned
[16:07:33]   pc: restart 3 (init seed 23778) checkpoint 43.486 at epoch 98 of 100 run · abandoned
[16:07:33]   pc: selected restart 0 of 4
[16:07:33]   pc: validation on 535 windows from explicit subset of held-out units · best epoch 572 of 600 · val nll 23.332
[16:07:34]   shortcut audit: target-channel-only AUROC 0.547 (0.5 = no marginal shortcut)
[16:07:34]   baseline gaussian_fitted: fit 0.19s · 45,450 params · selection {'shrinkage': 0.01}
[16:07:35]   detection comparators: ['mahalanobis_refit', 'mahalanobis_impute', 'gmm_refit', 'gmm_impute', 'knn_refit', 'knn_impute']
[16:07:35]   diagnosis: full (15.0 observed on average), 680 paired windows, 2 method(s)
[16:07:40]   diagnosis: random1:1 (14.0 observed on average), 680 paired windows, 2 method(s)
[16:07:44]   diagnosis: random3:5-8-14 (12.0 observed on average), 680 paired windows, 2 method(s)
[16:07:50]   diagnosis: random7:3-4-8-10-11-12-14 (8.0 observed on average), 680 paired windows, 2 method(s)
[16:07:53]   diagnosis: bank0:0-1-2-4-5-7-8 (8.0 observed on average), 680 paired windows, 2 method(s)
[16:07:57]   diagnosis: bank1:3 (14.0 observed on average), 680 paired windows, 2 method(s)
[16:08:02]   diagnosis: bank2:6-10 (13.0 observed on average), 680 paired windows, 2 method(s)
[16:08:07]   diagnosis: single_sensor_0 (1.0 observed on average), 680 paired windows, 2 method(s)
[16:08:08]   Diagnosis completed on validation engines only; no confirmatory PASS/FAIL inferred.
[16:08:09] --- stage diagnosis done in 261.7s ---
[16:08:09] === run ok · 261.7s · peak RSS 2.515 GB ===

>>> [7/15] restarts4 · seed 22 · logs/ts/ws/diagnosis_fd001_reliability/restarts4/seed22 · mean 2.6 min/run · ETA 24 min for the remaining 9
[16:08:09] === run start · seed22 · seed 22 · hash e84370a44607 ===
[16:08:09] stages ['diagnosis'] · device cuda · dataset cmapss:FD001
[16:08:09] --- stage: diagnosis ---
[16:08:09]   data: FleetPair(cmapss:FD001: train=100 units, test=100 units, C=15, regimes=1, cap=125)  (0.1s)
[16:08:09]   task: {'kind': 'ad', 'n_train': 3614, 'n_val': 1676, 'n_test': 4639, 'd': 300, 'window': 20, 'n_channels': 15, 'anomaly_rate': 0.14442767202854156, 'kind_counts': {'normal': 3969, 'offset': 117, 'decouple': 122, 'spike': 116, 'drift': 132, 'desync': 131, 'organic': 52}, 'train_units': 100, 'val_units': 30, 'test_units': 100, 'n_val_windows': 1676, 'n_regimes': 1, 'seed': 22, 'per_regime_norm': False, 'official_test_fleet': True, 'dataset': 'cmapss:FD001', 'cap': 125.0, 'subset': 'FD001', 'dropped_constant_sensors': 6, 'source': 'NASA C-MAPSS (real)', 'source_name': 'cmapss', 'source_kind': 'fleet'}
[16:08:09]   caveat: Ships no anomaly annotations: detection anomalies are injected.
    [pc] epoch   0  nll  499.491  val  302.827
    [pc] epoch  75  nll   50.491  val   61.081
    fit chow_liu K=8: 116/600 (19%) · 3.86 it/s · elapsed 00:30 · ETA 02:05
    [pc] restored epoch 80 (selected by nll; val nll 60.370, last 63.746)
    [pc] epoch   0  nll  503.570  val  306.346
    [pc] epoch  75  nll   57.682  val   68.850
    fit chow_liu K=8 restart 1: 116/600 (19%) · 3.87 it/s · elapsed 00:30 · ETA 02:05
    [pc] epoch 150  nll   51.379  val   63.768
    [pc] epoch 225  nll   48.185  val   61.371
    fit chow_liu K=8 restart 1: 232/600 (39%) · 3.87 it/s · elapsed 01:00 · ETA 01:35
    [pc] epoch 300  nll   43.580  val   56.110
    fit chow_liu K=8 restart 1: 348/600 (58%) · 3.87 it/s · elapsed 01:30 · ETA 01:05
    [pc] epoch 375  nll   39.937  val   51.909
    [pc] restored epoch 369 (selected by nll; val nll 50.226, last 52.595)
    [pc] epoch   0  nll  500.946  val  304.424
    [pc] epoch  75  nll   52.883  val   61.708
    fit chow_liu K=8 restart 2: 116/600 (19%) · 3.85 it/s · elapsed 00:30 · ETA 02:05
    [pc] epoch 150  nll   38.315  val   45.948
    [pc] epoch 225  nll   37.152  val   44.065
    [pc] restored epoch 168 (selected by nll; val nll 41.179, last 42.312)
    [pc] epoch   0  nll  498.150  val  301.576
    [pc] epoch  75  nll   51.064  val   58.171
    [pc] restart 3 abandoned at epoch 99 (52.933 vs 41.179 best so far)
    [pc] restored epoch 88 (selected by nll; val nll 52.933, last 56.414)
    [pc] restart 2 of 4 selected by nll (checkpoint losses: 60.370 50.226 41.179 52.933)
[16:12:11]   pc_train_nll: first=500.9463 last=35.4036 (229 epochs)
[16:12:11]   pc_train_objective: first=500.9463 last=35.4036 (229 epochs)
[16:12:11]   pc_selection_loss: first=304.4241 last=42.3125 (229 epochs)
[16:12:11]   pc_val_nll: first=304.4241 last=42.3125 (229 epochs)
[16:12:11]   pc: fit 242.5s · 195,840 params · score sd 18.987 · device cuda · layered · 3,413 win/s
[16:12:11]   pc: restart 0 (init seed 22) checkpoint 60.370 at epoch 80 of 141 run · stopped early
[16:12:11]   pc: restart 1 (init seed 7941) checkpoint 50.226 at epoch 369 of 430 run · stopped early
[16:12:11]   pc: restart 2 (init seed 15860) checkpoint 41.179 at epoch 168 of 229 run · stopped early
[16:12:11]   pc: restart 3 (init seed 23779) checkpoint 52.933 at epoch 88 of 100 run · abandoned
[16:12:11]   pc: selected restart 2 of 4
[16:12:11]   pc: validation on 531 windows from explicit subset of held-out units · best epoch 168 of 600 · val nll 41.179
[16:12:12]   shortcut audit: target-channel-only AUROC 0.534 (0.5 = no marginal shortcut)
[16:12:13]   baseline gaussian_fitted: fit 0.19s · 45,450 params · selection {'shrinkage': 0.01}
[16:12:14]   detection comparators: ['mahalanobis_refit', 'mahalanobis_impute', 'gmm_refit', 'gmm_impute', 'knn_refit', 'knn_impute']
[16:12:14]   diagnosis: full (15.0 observed on average), 386 paired windows, 2 method(s)
[16:12:18]   diagnosis: random1:1 (14.0 observed on average), 386 paired windows, 2 method(s)
[16:12:22]   diagnosis: random3:5-8-14 (12.0 observed on average), 386 paired windows, 2 method(s)
[16:12:38]   diagnosis: random7:3-4-8-10-11-12-14 (8.0 observed on average), 386 paired windows, 2 method(s)
[16:12:40]   diagnosis: bank0:0-1-2-4-5-7-8 (8.0 observed on average), 386 paired windows, 2 method(s)
[16:12:44]   diagnosis: bank1:3 (14.0 observed on average), 386 paired windows, 2 method(s)
[16:12:48]   diagnosis: bank2:6-10 (13.0 observed on average), 386 paired windows, 2 method(s)
[16:12:51]   diagnosis: single_sensor_0 (1.0 observed on average), 386 paired windows, 2 method(s)
[16:12:52]   Diagnosis completed on validation engines only; no confirmatory PASS/FAIL inferred.
[16:12:52] --- stage diagnosis done in 283.9s ---
[16:12:52] === run ok · 283.9s · peak RSS 2.515 GB ===

>>> [8/15] restarts4 · seed 23 · logs/ts/ws/diagnosis_fd001_reliability/restarts4/seed23 · mean 2.9 min/run · ETA 23 min for the remaining 8
[16:12:52] === run start · seed23 · seed 23 · hash e84370a44607 ===
[16:12:52] stages ['diagnosis'] · device cuda · dataset cmapss:FD001
[16:12:52] --- stage: diagnosis ---
[16:12:52]   data: FleetPair(cmapss:FD001: train=100 units, test=100 units, C=15, regimes=1, cap=125)  (0.1s)
[16:12:52]   task: {'kind': 'ad', 'n_train': 3759, 'n_val': 1531, 'n_test': 4639, 'd': 300, 'window': 20, 'n_channels': 15, 'anomaly_rate': 0.1215779259800911, 'kind_counts': {'normal': 4075, 'spike': 115, 'decouple': 106, 'offset': 91, 'desync': 105, 'drift': 95, 'organic': 52}, 'train_units': 100, 'val_units': 30, 'test_units': 100, 'n_val_windows': 1531, 'n_regimes': 1, 'seed': 23, 'per_regime_norm': False, 'official_test_fleet': True, 'dataset': 'cmapss:FD001', 'cap': 125.0, 'subset': 'FD001', 'dropped_constant_sensors': 6, 'source': 'NASA C-MAPSS (real)', 'source_name': 'cmapss', 'source_kind': 'fleet'}
[16:12:52]   caveat: Ships no anomaly annotations: detection anomalies are injected.
    [pc] epoch   0  nll  493.322  val  251.496
    [pc] epoch  75  nll   50.181  val   48.223
    fit chow_liu K=8: 123/600 (20%) · 4.09 it/s · elapsed 00:30 · ETA 01:56
    [pc] epoch 150  nll   41.962  val   46.665
    [pc] epoch 225  nll   38.023  val   37.871
    fit chow_liu K=8: 246/600 (41%) · 4.10 it/s · elapsed 01:00 · ETA 01:26
    [pc] epoch 300  nll   58.740  val   47.031
    fit chow_liu K=8: 369/600 (62%) · 4.09 it/s · elapsed 01:30 · ETA 00:56
    [pc] epoch 375  nll   29.567  val   30.074
    [pc] epoch 450  nll   29.422  val   30.359
    fit chow_liu K=8: 492/600 (82%) · 4.09 it/s · elapsed 02:00 · ETA 00:26
    [pc] epoch 525  nll   22.781  val   23.233
    fit chow_liu K=8: done 600/600 in 02:26
    [pc] restored epoch 595 (selected by nll; val nll 19.015, last 20.343)
    [pc] epoch   0  nll  494.021  val  253.053
    [pc] epoch  75  nll   41.054  val   40.715
    [pc] restart 1 abandoned at epoch 99 (36.298 vs 19.015 best so far)
    [pc] epoch   0  nll  494.603  val  251.228
    [pc] epoch  75  nll   33.106  val   31.462
    [pc] restart 2 abandoned at epoch 99 (30.724 vs 19.015 best so far)
    [pc] restored epoch 96 (selected by nll; val nll 30.724, last 35.135)
    [pc] epoch   0  nll  487.602  val  247.412
    [pc] epoch  75  nll   38.407  val   38.347
    [pc] restart 3 abandoned at epoch 99 (34.825 vs 19.015 best so far)
    [pc] restored epoch 97 (selected by nll; val nll 34.825, last 38.204)
    [pc] restart 0 of 4 selected by nll (checkpoint losses: 19.015 36.298 30.724 34.825)
[16:16:42]   pc_train_nll: first=493.3217 last=18.8921 (600 epochs)
[16:16:42]   pc_train_objective: first=493.3217 last=18.8921 (600 epochs)
[16:16:42]   pc_selection_loss: first=251.4957 last=20.3431 (600 epochs)
[16:16:42]   pc_val_nll: first=251.4957 last=20.3431 (600 epochs)
[16:16:42]   pc: fit 229.5s · 195,840 params · score sd 16.399 · device cuda · layered · 9,826 win/s
[16:16:42]   pc: restart 0 (init seed 23) checkpoint 19.015 at epoch 595 of 600 run
[16:16:42]   pc: restart 1 (init seed 7942) checkpoint 36.298 at epoch 99 of 100 run · abandoned
[16:16:42]   pc: restart 2 (init seed 15861) checkpoint 30.724 at epoch 96 of 100 run · abandoned
[16:16:42]   pc: restart 3 (init seed 23780) checkpoint 34.825 at epoch 97 of 100 run · abandoned
[16:16:42]   pc: selected restart 0 of 4
[16:16:42]   pc: validation on 416 windows from explicit subset of held-out units · best epoch 595 of 600 · val nll 19.015
[16:16:43]   shortcut audit: target-channel-only AUROC 0.561 (0.5 = no marginal shortcut)
[16:16:43]   baseline gaussian_fitted: fit 0.22s · 45,450 params · selection {'shrinkage': 0.01}
[16:16:47]   detection comparators: ['mahalanobis_refit', 'mahalanobis_impute', 'gmm_refit', 'gmm_impute', 'knn_refit', 'knn_impute']
[16:16:47]   diagnosis: full (15.0 observed on average), 640 paired windows, 2 method(s)
[16:16:53]   diagnosis: random1:1 (14.0 observed on average), 640 paired windows, 2 method(s)
[16:16:59]   diagnosis: random3:5-8-14 (12.0 observed on average), 640 paired windows, 2 method(s)
[16:17:05]   diagnosis: random7:3-4-8-10-11-12-14 (8.0 observed on average), 640 paired windows, 2 method(s)
[16:17:07]   diagnosis: bank0:0-1-2-4-5-7-8 (8.0 observed on average), 640 paired windows, 2 method(s)
[16:17:10]   diagnosis: bank1:3 (14.0 observed on average), 640 paired windows, 2 method(s)
[16:17:14]   diagnosis: bank2:6-10 (13.0 observed on average), 640 paired windows, 2 method(s)
[16:17:18]   diagnosis: single_sensor_0 (1.0 observed on average), 640 paired windows, 2 method(s)
[16:17:19]   Diagnosis completed on validation engines only; no confirmatory PASS/FAIL inferred.
[16:17:19] --- stage diagnosis done in 266.6s ---
[16:17:19] === run ok · 266.6s · peak RSS 2.539 GB ===

>>> [9/15] restarts4 · seed 24 · logs/ts/ws/diagnosis_fd001_reliability/restarts4/seed24 · mean 3.1 min/run · ETA 22 min for the remaining 7
[16:17:19] === run start · seed24 · seed 24 · hash e84370a44607 ===
[16:17:19] stages ['diagnosis'] · device cuda · dataset cmapss:FD001
[16:17:19] --- stage: diagnosis ---
[16:17:19]   data: FleetPair(cmapss:FD001: train=100 units, test=100 units, C=15, regimes=1, cap=125)  (0.1s)
[16:17:19]   task: {'kind': 'ad', 'n_train': 3663, 'n_val': 1627, 'n_test': 4639, 'd': 300, 'window': 20, 'n_channels': 15, 'anomaly_rate': 0.12933821976184845, 'kind_counts': {'normal': 4039, 'decouple': 113, 'spike': 116, 'offset': 110, 'desync': 89, 'drift': 120, 'organic': 52}, 'train_units': 100, 'val_units': 30, 'test_units': 100, 'n_val_windows': 1627, 'n_regimes': 1, 'seed': 24, 'per_regime_norm': False, 'official_test_fleet': True, 'dataset': 'cmapss:FD001', 'cap': 125.0, 'subset': 'FD001', 'dropped_constant_sensors': 6, 'source': 'NASA C-MAPSS (real)', 'source_name': 'cmapss', 'source_kind': 'fleet'}
[16:17:19]   caveat: Ships no anomaly annotations: detection anomalies are injected.
    [pc] epoch   0  nll  501.511  val  237.132
    [pc] epoch  75  nll   37.097  val   36.901
    fit chow_liu K=8: 117/600 (20%) · 3.88 it/s · elapsed 00:30 · ETA 02:04
    [pc] epoch 150  nll   34.460  val   40.854
    [pc] epoch 225  nll   30.776  val   32.427
    fit chow_liu K=8: 234/600 (39%) · 3.88 it/s · elapsed 01:00 · ETA 01:34
    [pc] epoch 300  nll   31.847  val   35.911
    fit chow_liu K=8: 351/600 (58%) · 3.87 it/s · elapsed 01:30 · ETA 01:04
    [pc] epoch 375  nll   27.881  val   31.410
    [pc] restored epoch 355 (selected by nll; val nll 28.710, last 29.314)
    [pc] epoch   0  nll  499.931  val  239.505
    [pc] epoch  75  nll   43.508  val   43.374
    [pc] restart 1 abandoned at epoch 99 (38.710 vs 28.710 best so far)
    [pc] restored epoch 85 (selected by nll; val nll 38.710, last 40.668)
    [pc] epoch   0  nll  500.102  val  236.773
    [pc] epoch  75  nll   41.449  val   40.653
    [pc] restart 2 abandoned at epoch 99 (37.653 vs 28.710 best so far)
    [pc] restored epoch 94 (selected by nll; val nll 37.653, last 38.322)
    [pc] epoch   0  nll  501.469  val  241.033
    [pc] epoch  75  nll   42.403  val   38.516
    [pc] restart 3 abandoned at epoch 99 (36.534 vs 28.710 best so far)
    [pc] restored epoch 97 (selected by nll; val nll 36.534, last 39.631)
    [pc] restart 0 of 4 selected by nll (checkpoint losses: 28.710 38.710 37.653 36.534)
[16:20:34]   pc_train_nll: first=501.5109 last=26.9468 (416 epochs)
[16:20:34]   pc_train_objective: first=501.5109 last=26.9468 (416 epochs)
[16:20:34]   pc_selection_loss: first=237.1316 last=29.3140 (416 epochs)
[16:20:34]   pc_val_nll: first=237.1316 last=29.3140 (416 epochs)
[16:20:34]   pc: fit 194.4s · 195,840 params · score sd 17.937 · device cuda · layered · 7,837 win/s
[16:20:34]   pc: restart 0 (init seed 24) checkpoint 28.710 at epoch 355 of 416 run · stopped early
[16:20:34]   pc: restart 1 (init seed 7943) checkpoint 38.710 at epoch 85 of 100 run · abandoned
[16:20:34]   pc: restart 2 (init seed 15862) checkpoint 37.653 at epoch 94 of 100 run · abandoned
[16:20:34]   pc: restart 3 (init seed 23781) checkpoint 36.534 at epoch 97 of 100 run · abandoned
[16:20:34]   pc: selected restart 0 of 4
[16:20:34]   pc: validation on 419 windows from explicit subset of held-out units · best epoch 355 of 600 · val nll 28.710
[16:20:35]   shortcut audit: target-channel-only AUROC 0.555 (0.5 = no marginal shortcut)
[16:20:35]   baseline gaussian_fitted: fit 0.15s · 45,450 params · selection {'shrinkage': 0.01}
[16:20:36]   detection comparators: ['mahalanobis_refit', 'mahalanobis_impute', 'gmm_refit', 'gmm_impute', 'knn_refit', 'knn_impute']
[16:20:36]   diagnosis: full (15.0 observed on average), 644 paired windows, 2 method(s)
[16:20:41]   diagnosis: random1:1 (14.0 observed on average), 644 paired windows, 2 method(s)
[16:20:45]   diagnosis: random3:5-8-14 (12.0 observed on average), 644 paired windows, 2 method(s)
[16:20:50]   diagnosis: random7:3-4-8-10-11-12-14 (8.0 observed on average), 644 paired windows, 2 method(s)
[16:20:52]   diagnosis: bank0:0-1-2-4-5-7-8 (8.0 observed on average), 644 paired windows, 2 method(s)
[16:20:56]   diagnosis: bank1:3 (14.0 observed on average), 644 paired windows, 2 method(s)
[16:21:01]   diagnosis: bank2:6-10 (13.0 observed on average), 644 paired windows, 2 method(s)
[16:21:06]   diagnosis: single_sensor_0 (1.0 observed on average), 644 paired windows, 2 method(s)
[16:21:08]   Diagnosis completed on validation engines only; no confirmatory PASS/FAIL inferred.
[16:21:08] --- stage diagnosis done in 228.8s ---
[16:21:08] === run ok · 228.9s · peak RSS 2.539 GB ===

>>> [10/15] restarts4 · seed 25 · logs/ts/ws/diagnosis_fd001_reliability/restarts4/seed25 · mean 3.2 min/run · ETA 19 min for the remaining 6
[16:21:08] === run start · seed25 · seed 25 · hash e84370a44607 ===
[16:21:08] stages ['diagnosis'] · device cuda · dataset cmapss:FD001
[16:21:08] --- stage: diagnosis ---
[16:21:08]   data: FleetPair(cmapss:FD001: train=100 units, test=100 units, C=15, regimes=1, cap=125)  (0.1s)
[16:21:08]   task: {'kind': 'ad', 'n_train': 3721, 'n_val': 1569, 'n_test': 4639, 'd': 300, 'window': 20, 'n_channels': 15, 'anomaly_rate': 0.12955377995967865, 'kind_counts': {'normal': 4038, 'decouple': 102, 'offset': 125, 'desync': 114, 'spike': 111, 'drift': 97, 'organic': 52}, 'train_units': 100, 'val_units': 30, 'test_units': 100, 'n_val_windows': 1569, 'n_regimes': 1, 'seed': 25, 'per_regime_norm': False, 'official_test_fleet': True, 'dataset': 'cmapss:FD001', 'cap': 125.0, 'subset': 'FD001', 'dropped_constant_sensors': 6, 'source': 'NASA C-MAPSS (real)', 'source_name': 'cmapss', 'source_kind': 'fleet'}
[16:21:08]   caveat: Ships no anomaly annotations: detection anomalies are injected.
    [pc] epoch   0  nll  497.582  val  288.319
    [pc] epoch  75  nll   44.756  val   40.399
    fit chow_liu K=8: 117/600 (20%) · 3.90 it/s · elapsed 00:30 · ETA 02:03
    [pc] epoch 150  nll   36.884  val   35.039
    [pc] restored epoch 128 (selected by nll; val nll 33.168, last 33.913)
    [pc] epoch   0  nll  496.363  val  284.039
    [pc] epoch  75  nll   35.997  val   34.648
    fit chow_liu K=8 restart 1: 117/600 (20%) · 3.89 it/s · elapsed 00:30 · ETA 02:04
    [pc] epoch 150  nll   35.421  val   35.652
    [pc] restored epoch 144 (selected by nll; val nll 32.267, last 35.083)
    [pc] epoch   0  nll  495.225  val  286.942
    [pc] epoch  75  nll   48.806  val   47.617
    [pc] restart 2 abandoned at epoch 99 (43.319 vs 32.267 best so far)
    [pc] restored epoch 95 (selected by nll; val nll 43.319, last 46.222)
    [pc] epoch   0  nll  494.777  val  286.237
    [pc] epoch  75  nll   35.445  val   35.119
    fit chow_liu K=8 restart 3: 117/600 (20%) · 3.89 it/s · elapsed 00:30 · ETA 02:04
    [pc] epoch 150  nll   31.696  val   31.691
    [pc] epoch 225  nll   31.022  val   29.781
    fit chow_liu K=8 restart 3: 234/600 (39%) · 3.89 it/s · elapsed 01:00 · ETA 01:34
    [pc] epoch 300  nll   30.376  val   31.424
    fit chow_liu K=8 restart 3: 351/600 (58%) · 3.89 it/s · elapsed 01:30 · ETA 01:03
    [pc] epoch 375  nll   26.239  val   26.030
    [pc] epoch 450  nll   25.329  val   25.457
    fit chow_liu K=8 restart 3: 468/600 (78%) · 3.89 it/s · elapsed 02:00 · ETA 00:33
    [pc] epoch 525  nll   24.232  val   24.884
    fit chow_liu K=8 restart 3: 585/600 (98%) · 3.89 it/s · elapsed 02:30 · ETA 00:03
    fit chow_liu K=8 restart 3: done 600/600 in 02:34
    [pc] restored epoch 577 (selected by nll; val nll 23.360, last 24.330)
    [pc] restart 3 of 4 selected by nll (checkpoint losses: 33.168 32.267 43.319 23.360)
[16:25:59]   pc_train_nll: first=494.7767 last=23.4751 (600 epochs)
[16:25:59]   pc_train_objective: first=494.7767 last=23.4751 (600 epochs)
[16:25:59]   pc_selection_loss: first=286.2372 last=24.3304 (600 epochs)
[16:25:59]   pc_val_nll: first=286.2372 last=24.3304 (600 epochs)
[16:25:59]   pc: fit 290.6s · 195,840 params · score sd 16.586 · device cuda · layered · 7,682 win/s
[16:25:59]   pc: restart 0 (init seed 25) checkpoint 33.168 at epoch 128 of 189 run · stopped early
[16:25:59]   pc: restart 1 (init seed 7944) checkpoint 32.267 at epoch 144 of 205 run · stopped early
[16:25:59]   pc: restart 2 (init seed 15863) checkpoint 43.319 at epoch 95 of 100 run · abandoned
[16:25:59]   pc: restart 3 (init seed 23782) checkpoint 23.360 at epoch 577 of 600 run
[16:25:59]   pc: selected restart 3 of 4
[16:25:59]   pc: validation on 516 windows from explicit subset of held-out units · best epoch 577 of 600 · val nll 23.360
[16:26:00]   shortcut audit: target-channel-only AUROC 0.553 (0.5 = no marginal shortcut)
[16:26:00]   baseline gaussian_fitted: fit 0.19s · 45,450 params · selection {'shrinkage': 0.01}
[16:26:02]   detection comparators: ['mahalanobis_refit', 'mahalanobis_impute', 'gmm_refit', 'gmm_impute', 'knn_refit', 'knn_impute']
[16:26:02]   diagnosis: full (15.0 observed on average), 614 paired windows, 2 method(s)
[16:26:08]   diagnosis: random1:1 (14.0 observed on average), 614 paired windows, 2 method(s)
[16:26:15]   diagnosis: random3:5-8-14 (12.0 observed on average), 614 paired windows, 2 method(s)
[16:26:20]   diagnosis: random7:3-4-8-10-11-12-14 (8.0 observed on average), 614 paired windows, 2 method(s)
[16:26:23]   diagnosis: bank0:0-1-2-4-5-7-8 (8.0 observed on average), 614 paired windows, 2 method(s)
[16:26:25]   diagnosis: bank1:3 (14.0 observed on average), 614 paired windows, 2 method(s)
[16:26:30]   diagnosis: bank2:6-10 (13.0 observed on average), 614 paired windows, 2 method(s)
[16:26:36]   diagnosis: single_sensor_0 (1.0 observed on average), 614 paired windows, 2 method(s)
[16:26:38]   Diagnosis completed on validation engines only; no confirmatory PASS/FAIL inferred.
[16:26:38] --- stage diagnosis done in 329.6s ---
[16:26:38] === run ok · 329.7s · peak RSS 2.612 GB ===

>>> [11/15] restarts4_cosine · seed 21 · logs/ts/ws/diagnosis_fd001_reliability/restarts4_cosine/seed21 · mean 3.4 min/run · ETA 17 min for the remaining 5
[16:26:38] === run start · seed21 · seed 21 · hash 4c57232d092a ===
[16:26:38] stages ['diagnosis'] · device cuda · dataset cmapss:FD001
[16:26:38] --- stage: diagnosis ---
[16:26:38]   data: FleetPair(cmapss:FD001: train=100 units, test=100 units, C=15, regimes=1, cap=125)  (0.1s)
[16:26:38]   task: {'kind': 'ad', 'n_train': 3559, 'n_val': 1731, 'n_test': 4639, 'd': 300, 'window': 20, 'n_channels': 15, 'anomaly_rate': 0.12200905382633209, 'kind_counts': {'normal': 4073, 'desync': 134, 'spike': 79, 'decouple': 120, 'drift': 98, 'offset': 83, 'organic': 52}, 'train_units': 100, 'val_units': 30, 'test_units': 100, 'n_val_windows': 1731, 'n_regimes': 1, 'seed': 21, 'per_regime_norm': False, 'official_test_fleet': True, 'dataset': 'cmapss:FD001', 'cap': 125.0, 'subset': 'FD001', 'dropped_constant_sensors': 6, 'source': 'NASA C-MAPSS (real)', 'source_name': 'cmapss', 'source_kind': 'fleet'}
[16:26:38]   caveat: Ships no anomaly annotations: detection anomalies are injected.
    [pc] epoch   0  nll  506.510  val  301.850
    [pc] epoch  75  nll   49.283  val   47.739
    fit chow_liu K=8: 125/600 (21%) · 4.15 it/s · elapsed 00:30 · ETA 01:54
    [pc] epoch 150  nll   39.298  val   38.149
    [pc] epoch 225  nll   32.211  val   33.323
    fit chow_liu K=8: 250/600 (42%) · 4.16 it/s · elapsed 01:00 · ETA 01:24
    [pc] epoch 300  nll   28.799  val   29.198
    fit chow_liu K=8: 375/600 (62%) · 4.15 it/s · elapsed 01:30 · ETA 00:54
    [pc] epoch 375  nll   24.375  val   26.677
    [pc] epoch 450  nll    3.484  val    4.798
    fit chow_liu K=8: 500/600 (83%) · 4.15 it/s · elapsed 02:00 · ETA 00:24
    [pc] epoch 525  nll  -20.225  val  -18.400
    fit chow_liu K=8: done 600/600 in 02:24
    [pc] epoch   0  nll  508.120  val  302.853
    [pc] epoch  75  nll   43.076  val   42.767
    [pc] restart 1 abandoned at epoch 99 (37.775 vs -28.762 best so far)
    [pc] restored epoch 98 (selected by nll; val nll 37.775, last 37.966)
    [pc] epoch   0  nll  506.201  val  300.710
    [pc] epoch  75  nll   53.184  val   57.993
    [pc] restart 2 abandoned at epoch 99 (47.569 vs -28.762 best so far)
    [pc] restored epoch 98 (selected by nll; val nll 47.569, last 64.285)
    [pc] epoch   0  nll  509.106  val  300.194
    [pc] epoch  75  nll   47.880  val   45.627
    [pc] restart 3 abandoned at epoch 99 (43.555 vs -28.762 best so far)
    [pc] restart 0 of 4 selected by nll (checkpoint losses: -28.762 37.775 47.569 43.555)
[16:30:24]   pc_train_nll: first=506.5101 last=-31.7958 (600 epochs)
[16:30:24]   pc_train_objective: first=506.5101 last=-31.7958 (600 epochs)
[16:30:24]   pc_selection_loss: first=301.8500 last=-28.7624 (600 epochs)
[16:30:24]   pc_val_nll: first=301.8500 last=-28.7624 (600 epochs)
[16:30:24]   pc: fit 226.5s · 195,840 params · score sd 26.118 · device cuda · layered · 9,429 win/s
[16:30:24]   pc: restart 0 (init seed 21) checkpoint -28.762 at epoch 599 of 600 run
[16:30:24]   pc: restart 1 (init seed 7940) checkpoint 37.775 at epoch 98 of 100 run · abandoned
[16:30:24]   pc: restart 2 (init seed 15859) checkpoint 47.569 at epoch 98 of 100 run · abandoned
[16:30:24]   pc: restart 3 (init seed 23778) checkpoint 43.555 at epoch 99 of 100 run · abandoned
[16:30:24]   pc: selected restart 0 of 4
[16:30:24]   pc: validation on 535 windows from explicit subset of held-out units · best epoch 599 of 600 · val nll -28.762
[16:30:25]   shortcut audit: target-channel-only AUROC 0.547 (0.5 = no marginal shortcut)
[16:30:26]   baseline gaussian_fitted: fit 0.20s · 45,450 params · selection {'shrinkage': 0.01}
[16:30:28]   detection comparators: ['mahalanobis_refit', 'mahalanobis_impute', 'gmm_refit', 'gmm_impute', 'knn_refit', 'knn_impute']
[16:30:28]   diagnosis: full (15.0 observed on average), 680 paired windows, 2 method(s)
[16:30:33]   diagnosis: random1:1 (14.0 observed on average), 680 paired windows, 2 method(s)
[16:30:38]   diagnosis: random3:5-8-14 (12.0 observed on average), 680 paired windows, 2 method(s)
[16:30:43]   diagnosis: random7:3-4-8-10-11-12-14 (8.0 observed on average), 680 paired windows, 2 method(s)
[16:30:46]   diagnosis: bank0:0-1-2-4-5-7-8 (8.0 observed on average), 680 paired windows, 2 method(s)
[16:30:50]   diagnosis: bank1:3 (14.0 observed on average), 680 paired windows, 2 method(s)
[16:30:54]   diagnosis: bank2:6-10 (13.0 observed on average), 680 paired windows, 2 method(s)
[16:31:02]   diagnosis: single_sensor_0 (1.0 observed on average), 680 paired windows, 2 method(s)
[16:31:03]   Diagnosis completed on validation engines only; no confirmatory PASS/FAIL inferred.
[16:31:03] --- stage diagnosis done in 265.7s ---
[16:31:03] === run ok · 265.8s · peak RSS 2.612 GB ===

>>> [12/15] restarts4_cosine · seed 22 · logs/ts/ws/diagnosis_fd001_reliability/restarts4_cosine/seed22 · mean 3.5 min/run · ETA 14 min for the remaining 4
[16:31:03] === run start · seed22 · seed 22 · hash 4c57232d092a ===
[16:31:03] stages ['diagnosis'] · device cuda · dataset cmapss:FD001
[16:31:03] --- stage: diagnosis ---
[16:31:03]   data: FleetPair(cmapss:FD001: train=100 units, test=100 units, C=15, regimes=1, cap=125)  (0.1s)
[16:31:03]   task: {'kind': 'ad', 'n_train': 3614, 'n_val': 1676, 'n_test': 4639, 'd': 300, 'window': 20, 'n_channels': 15, 'anomaly_rate': 0.14442767202854156, 'kind_counts': {'normal': 3969, 'offset': 117, 'decouple': 122, 'spike': 116, 'drift': 132, 'desync': 131, 'organic': 52}, 'train_units': 100, 'val_units': 30, 'test_units': 100, 'n_val_windows': 1676, 'n_regimes': 1, 'seed': 22, 'per_regime_norm': False, 'official_test_fleet': True, 'dataset': 'cmapss:FD001', 'cap': 125.0, 'subset': 'FD001', 'dropped_constant_sensors': 6, 'source': 'NASA C-MAPSS (real)', 'source_name': 'cmapss', 'source_kind': 'fleet'}
[16:31:03]   caveat: Ships no anomaly annotations: detection anomalies are injected.
    [pc] epoch   0  nll  499.491  val  302.827
    [pc] epoch  75  nll   49.593  val   60.773
    fit chow_liu K=8: 116/600 (19%) · 3.86 it/s · elapsed 00:30 · ETA 02:05
    [pc] epoch 150  nll   46.860  val   56.230
    [pc] epoch 225  nll   42.447  val   53.149
    fit chow_liu K=8: 232/600 (39%) · 3.86 it/s · elapsed 01:00 · ETA 01:35
    [pc] epoch 300  nll   38.237  val   48.073
    fit chow_liu K=8: 348/600 (58%) · 3.86 it/s · elapsed 01:30 · ETA 01:05
    [pc] epoch 375  nll   27.257  val   36.537
    [pc] epoch 450  nll   13.325  val   23.841
    fit chow_liu K=8: 464/600 (77%) · 3.86 it/s · elapsed 02:00 · ETA 00:35
    [pc] epoch 525  nll   -9.665  val    3.442
    fit chow_liu K=8: 580/600 (97%) · 3.85 it/s · elapsed 02:30 · ETA 00:05
    fit chow_liu K=8: done 600/600 in 02:35
    [pc] epoch   0  nll  503.570  val  306.346
    [pc] epoch  75  nll   56.725  val   68.384
    [pc] restart 1 abandoned at epoch 99 (65.128 vs -8.478 best so far)
    [pc] restored epoch 98 (selected by nll; val nll 65.128, last 69.675)
    [pc] epoch   0  nll  500.946  val  304.424
    [pc] epoch  75  nll   47.157  val   57.487
    [pc] restart 2 abandoned at epoch 99 (51.029 vs -8.478 best so far)
    [pc] restored epoch 90 (selected by nll; val nll 51.029, last 52.123)
    [pc] epoch   0  nll  498.150  val  301.576
    [pc] epoch  75  nll   44.518  val   53.801
    [pc] restart 3 abandoned at epoch 99 (49.854 vs -8.478 best so far)
    [pc] restored epoch 95 (selected by nll; val nll 49.854, last 52.277)
    [pc] restart 0 of 4 selected by nll (checkpoint losses: -8.478 65.128 51.029 49.854)
[16:35:07]   pc_train_nll: first=499.4909 last=-23.0650 (600 epochs)
[16:35:07]   pc_train_objective: first=499.4909 last=-23.0650 (600 epochs)
[16:35:07]   pc_selection_loss: first=302.8268 last=-8.4780 (600 epochs)
[16:35:07]   pc_val_nll: first=302.8268 last=-8.4780 (600 epochs)
[16:35:07]   pc: fit 243.1s · 195,840 params · score sd 22.907 · device cuda · layered · 8,921 win/s
[16:35:07]   pc: restart 0 (init seed 22) checkpoint -8.478 at epoch 599 of 600 run
[16:35:07]   pc: restart 1 (init seed 7941) checkpoint 65.128 at epoch 98 of 100 run · abandoned
[16:35:07]   pc: restart 2 (init seed 15860) checkpoint 51.029 at epoch 90 of 100 run · abandoned
[16:35:07]   pc: restart 3 (init seed 23779) checkpoint 49.854 at epoch 95 of 100 run · abandoned
[16:35:07]   pc: selected restart 0 of 4
[16:35:07]   pc: validation on 531 windows from explicit subset of held-out units · best epoch 599 of 600 · val nll -8.478
[16:35:07]   shortcut audit: target-channel-only AUROC 0.534 (0.5 = no marginal shortcut)
[16:35:08]   baseline gaussian_fitted: fit 0.19s · 45,450 params · selection {'shrinkage': 0.01}
[16:35:09]   detection comparators: ['mahalanobis_refit', 'mahalanobis_impute', 'gmm_refit', 'gmm_impute', 'knn_refit', 'knn_impute']
[16:35:09]   diagnosis: full (15.0 observed on average), 386 paired windows, 2 method(s)
[16:35:13]   diagnosis: random1:1 (14.0 observed on average), 386 paired windows, 2 method(s)
[16:35:17]   diagnosis: random3:5-8-14 (12.0 observed on average), 386 paired windows, 2 method(s)
[16:35:31]   diagnosis: random7:3-4-8-10-11-12-14 (8.0 observed on average), 386 paired windows, 2 method(s)
[16:35:33]   diagnosis: bank0:0-1-2-4-5-7-8 (8.0 observed on average), 386 paired windows, 2 method(s)
[16:35:38]   diagnosis: bank1:3 (14.0 observed on average), 386 paired windows, 2 method(s)
[16:35:41]   diagnosis: bank2:6-10 (13.0 observed on average), 386 paired windows, 2 method(s)
[16:35:43]   diagnosis: single_sensor_0 (1.0 observed on average), 386 paired windows, 2 method(s)
[16:35:44]   Diagnosis completed on validation engines only; no confirmatory PASS/FAIL inferred.
[16:35:44] --- stage diagnosis done in 281.0s ---
[16:35:44] === run ok · 281.1s · peak RSS 2.612 GB ===

>>> [13/15] restarts4_cosine · seed 23 · logs/ts/ws/diagnosis_fd001_reliability/restarts4_cosine/seed23 · mean 3.6 min/run · ETA 11 min for the remaining 3
[16:35:44] === run start · seed23 · seed 23 · hash 4c57232d092a ===
[16:35:44] stages ['diagnosis'] · device cuda · dataset cmapss:FD001
[16:35:44] --- stage: diagnosis ---
[16:35:45]   data: FleetPair(cmapss:FD001: train=100 units, test=100 units, C=15, regimes=1, cap=125)  (0.1s)
[16:35:45]   task: {'kind': 'ad', 'n_train': 3759, 'n_val': 1531, 'n_test': 4639, 'd': 300, 'window': 20, 'n_channels': 15, 'anomaly_rate': 0.1215779259800911, 'kind_counts': {'normal': 4075, 'spike': 115, 'decouple': 106, 'offset': 91, 'desync': 105, 'drift': 95, 'organic': 52}, 'train_units': 100, 'val_units': 30, 'test_units': 100, 'n_val_windows': 1531, 'n_regimes': 1, 'seed': 23, 'per_regime_norm': False, 'official_test_fleet': True, 'dataset': 'cmapss:FD001', 'cap': 125.0, 'subset': 'FD001', 'dropped_constant_sensors': 6, 'source': 'NASA C-MAPSS (real)', 'source_name': 'cmapss', 'source_kind': 'fleet'}
[16:35:45]   caveat: Ships no anomaly annotations: detection anomalies are injected.
    [pc] epoch   0  nll  493.322  val  251.496
    [pc] epoch  75  nll   39.973  val   43.073
    fit chow_liu K=8: 123/600 (20%) · 4.10 it/s · elapsed 00:30 · ETA 01:56
    [pc] epoch 150  nll   34.083  val   33.713
    [pc] restored epoch 159 (selected by nll; val nll 32.536, last 33.295)
    [pc] epoch   0  nll  494.021  val  253.053
    [pc] epoch  75  nll   48.351  val   46.936
    [pc] restart 1 abandoned at epoch 99 (45.060 vs 32.536 best so far)
    [pc] restored epoch 96 (selected by nll; val nll 45.060, last 45.748)
    [pc] epoch   0  nll  494.603  val  251.228
    [pc] epoch  75  nll   38.106  val   36.633
    fit chow_liu K=8 restart 2: 123/600 (20%) · 4.09 it/s · elapsed 00:30 · ETA 01:56
    [pc] epoch 150  nll   31.808  val   32.038
    [pc] epoch 225  nll   26.155  val   25.930
    fit chow_liu K=8 restart 2: 246/600 (41%) · 4.09 it/s · elapsed 01:00 · ETA 01:26
    [pc] epoch 300  nll   22.037  val   24.164
    fit chow_liu K=8 restart 2: 369/600 (62%) · 4.09 it/s · elapsed 01:30 · ETA 00:56
    [pc] epoch 375  nll   19.539  val   23.295
    [pc] epoch 450  nll   10.553  val   15.119
    fit chow_liu K=8 restart 2: 492/600 (82%) · 4.09 it/s · elapsed 02:00 · ETA 00:26
    [pc] epoch 525  nll  -14.152  val   -7.936
    fit chow_liu K=8 restart 2: done 600/600 in 02:26
    [pc] epoch   0  nll  487.602  val  247.412
    [pc] epoch  75  nll   39.183  val   35.768
    [pc] restart 3 abandoned at epoch 99 (33.636 vs -18.979 best so far)
    [pc] restored epoch 93 (selected by nll; val nll 33.636, last 43.709)
    [pc] restart 2 of 4 selected by nll (checkpoint losses: 32.536 45.060 -18.979 33.636)
[16:40:03]   pc_train_nll: first=494.6034 last=-26.3533 (600 epochs)
[16:40:03]   pc_train_objective: first=494.6034 last=-26.3533 (600 epochs)
[16:40:03]   pc_selection_loss: first=251.2278 last=-18.9786 (600 epochs)
[16:40:03]   pc_val_nll: first=251.2278 last=-18.9786 (600 epochs)
[16:40:03]   pc: fit 258.8s · 195,840 params · score sd 21.615 · device cuda · layered · 8,714 win/s
[16:40:03]   pc: restart 0 (init seed 23) checkpoint 32.536 at epoch 159 of 220 run · stopped early
[16:40:03]   pc: restart 1 (init seed 7942) checkpoint 45.060 at epoch 96 of 100 run · abandoned
[16:40:03]   pc: restart 2 (init seed 15861) checkpoint -18.979 at epoch 599 of 600 run
[16:40:03]   pc: restart 3 (init seed 23780) checkpoint 33.636 at epoch 93 of 100 run · abandoned
[16:40:03]   pc: selected restart 2 of 4
[16:40:03]   pc: validation on 416 windows from explicit subset of held-out units · best epoch 599 of 600 · val nll -18.979
[16:40:05]   shortcut audit: target-channel-only AUROC 0.561 (0.5 = no marginal shortcut)
[16:40:05]   baseline gaussian_fitted: fit 0.15s · 45,450 params · selection {'shrinkage': 0.01}
[16:40:07]   detection comparators: ['mahalanobis_refit', 'mahalanobis_impute', 'gmm_refit', 'gmm_impute', 'knn_refit', 'knn_impute']
[16:40:07]   diagnosis: full (15.0 observed on average), 640 paired windows, 2 method(s)
[16:40:13]   diagnosis: random1:1 (14.0 observed on average), 640 paired windows, 2 method(s)
[16:40:21]   diagnosis: random3:5-8-14 (12.0 observed on average), 640 paired windows, 2 method(s)
[16:40:27]   diagnosis: random7:3-4-8-10-11-12-14 (8.0 observed on average), 640 paired windows, 2 method(s)
[16:40:29]   diagnosis: bank0:0-1-2-4-5-7-8 (8.0 observed on average), 640 paired windows, 2 method(s)
[16:40:32]   diagnosis: bank1:3 (14.0 observed on average), 640 paired windows, 2 method(s)
[16:40:37]   diagnosis: bank2:6-10 (13.0 observed on average), 640 paired windows, 2 method(s)
[16:40:41]   diagnosis: single_sensor_0 (1.0 observed on average), 640 paired windows, 2 method(s)
[16:40:42]   Diagnosis completed on validation engines only; no confirmatory PASS/FAIL inferred.
[16:40:42] --- stage diagnosis done in 298.0s ---
[16:40:42] === run ok · 298.0s · peak RSS 2.632 GB ===

>>> [14/15] restarts4_cosine · seed 24 · logs/ts/ws/diagnosis_fd001_reliability/restarts4_cosine/seed24 · mean 3.7 min/run · ETA 7 min for the remaining 2
[16:40:42] === run start · seed24 · seed 24 · hash 4c57232d092a ===
[16:40:42] stages ['diagnosis'] · device cuda · dataset cmapss:FD001
[16:40:42] --- stage: diagnosis ---
[16:40:43]   data: FleetPair(cmapss:FD001: train=100 units, test=100 units, C=15, regimes=1, cap=125)  (0.1s)
[16:40:43]   task: {'kind': 'ad', 'n_train': 3663, 'n_val': 1627, 'n_test': 4639, 'd': 300, 'window': 20, 'n_channels': 15, 'anomaly_rate': 0.12933821976184845, 'kind_counts': {'normal': 4039, 'decouple': 113, 'spike': 116, 'offset': 110, 'desync': 89, 'drift': 120, 'organic': 52}, 'train_units': 100, 'val_units': 30, 'test_units': 100, 'n_val_windows': 1627, 'n_regimes': 1, 'seed': 24, 'per_regime_norm': False, 'official_test_fleet': True, 'dataset': 'cmapss:FD001', 'cap': 125.0, 'subset': 'FD001', 'dropped_constant_sensors': 6, 'source': 'NASA C-MAPSS (real)', 'source_name': 'cmapss', 'source_kind': 'fleet'}
[16:40:43]   caveat: Ships no anomaly annotations: detection anomalies are injected.
    [pc] epoch   0  nll  501.511  val  237.132
    [pc] epoch  75  nll   43.398  val   41.769
    fit chow_liu K=8: 117/600 (20%) · 3.88 it/s · elapsed 00:30 · ETA 02:04
    [pc] epoch 150  nll   31.225  val   33.171
    [pc] epoch 225  nll   25.607  val   28.493
    fit chow_liu K=8: 234/600 (39%) · 3.88 it/s · elapsed 01:00 · ETA 01:34
    [pc] epoch 300  nll   22.837  val   26.116
    fit chow_liu K=8: 351/600 (58%) · 3.88 it/s · elapsed 01:30 · ETA 01:04
    [pc] epoch 375  nll   19.973  val   28.077
    [pc] epoch 450  nll    7.811  val   13.413
    fit chow_liu K=8: 468/600 (78%) · 3.88 it/s · elapsed 02:00 · ETA 00:34
    [pc] epoch 525  nll  -12.792  val   -7.566
    fit chow_liu K=8: 584/600 (97%) · 3.87 it/s · elapsed 02:30 · ETA 00:04
    fit chow_liu K=8: done 600/600 in 02:34
    [pc] epoch   0  nll  499.931  val  239.505
    [pc] epoch  75  nll   51.522  val   49.492
    [pc] restart 1 abandoned at epoch 99 (46.416 vs -17.184 best so far)
    [pc] restored epoch 90 (selected by nll; val nll 46.416, last 47.935)
    [pc] epoch   0  nll  500.102  val  236.773
    [pc] epoch  75  nll   39.546  val   40.254
    [pc] restart 2 abandoned at epoch 99 (33.895 vs -17.184 best so far)
    [pc] restored epoch 97 (selected by nll; val nll 33.895, last 34.305)
    [pc] epoch   0  nll  501.469  val  241.033
    [pc] epoch  75  nll   42.118  val   38.945
    [pc] restart 3 abandoned at epoch 99 (38.945 vs -17.184 best so far)
    [pc] restored epoch 75 (selected by nll; val nll 38.945, last 40.759)
    [pc] restart 0 of 4 selected by nll (checkpoint losses: -17.184 46.416 33.895 38.945)
[16:44:45]   pc_train_nll: first=501.5109 last=-22.3659 (600 epochs)
[16:44:45]   pc_train_objective: first=501.5109 last=-22.3659 (600 epochs)
[16:44:45]   pc_selection_loss: first=237.1316 last=-17.1838 (600 epochs)
[16:44:45]   pc_val_nll: first=237.1316 last=-17.1838 (600 epochs)
[16:44:45]   pc: fit 242.1s · 195,840 params · score sd 21.652 · device cuda · layered · 9,080 win/s
[16:44:45]   pc: restart 0 (init seed 24) checkpoint -17.184 at epoch 599 of 600 run
[16:44:45]   pc: restart 1 (init seed 7943) checkpoint 46.416 at epoch 90 of 100 run · abandoned
[16:44:45]   pc: restart 2 (init seed 15862) checkpoint 33.895 at epoch 97 of 100 run · abandoned
[16:44:45]   pc: restart 3 (init seed 23781) checkpoint 38.945 at epoch 75 of 100 run · abandoned
[16:44:45]   pc: selected restart 0 of 4
[16:44:45]   pc: validation on 419 windows from explicit subset of held-out units · best epoch 599 of 600 · val nll -17.184
[16:44:46]   shortcut audit: target-channel-only AUROC 0.555 (0.5 = no marginal shortcut)
[16:44:46]   baseline gaussian_fitted: fit 0.17s · 45,450 params · selection {'shrinkage': 0.01}
[16:44:48]   detection comparators: ['mahalanobis_refit', 'mahalanobis_impute', 'gmm_refit', 'gmm_impute', 'knn_refit', 'knn_impute']
[16:44:48]   diagnosis: full (15.0 observed on average), 644 paired windows, 2 method(s)
[16:44:52]   diagnosis: random1:1 (14.0 observed on average), 644 paired windows, 2 method(s)
[16:44:56]   diagnosis: random3:5-8-14 (12.0 observed on average), 644 paired windows, 2 method(s)
[16:45:02]   diagnosis: random7:3-4-8-10-11-12-14 (8.0 observed on average), 644 paired windows, 2 method(s)
[16:45:06]   diagnosis: bank0:0-1-2-4-5-7-8 (8.0 observed on average), 644 paired windows, 2 method(s)
[16:45:08]   diagnosis: bank1:3 (14.0 observed on average), 644 paired windows, 2 method(s)
[16:45:12]   diagnosis: bank2:6-10 (13.0 observed on average), 644 paired windows, 2 method(s)
[16:45:15]   diagnosis: single_sensor_0 (1.0 observed on average), 644 paired windows, 2 method(s)
[16:45:17]   Diagnosis completed on validation engines only; no confirmatory PASS/FAIL inferred.
[16:45:17] --- stage diagnosis done in 274.5s ---
[16:45:17] === run ok · 274.5s · peak RSS 2.632 GB ===

>>> [15/15] restarts4_cosine · seed 25 · logs/ts/ws/diagnosis_fd001_reliability/restarts4_cosine/seed25 · mean 3.8 min/run · ETA 4 min for the remaining 1
[16:45:17] === run start · seed25 · seed 25 · hash 4c57232d092a ===
[16:45:17] stages ['diagnosis'] · device cuda · dataset cmapss:FD001
[16:45:17] --- stage: diagnosis ---
[16:45:17]   data: FleetPair(cmapss:FD001: train=100 units, test=100 units, C=15, regimes=1, cap=125)  (0.1s)
[16:45:17]   task: {'kind': 'ad', 'n_train': 3721, 'n_val': 1569, 'n_test': 4639, 'd': 300, 'window': 20, 'n_channels': 15, 'anomaly_rate': 0.12955377995967865, 'kind_counts': {'normal': 4038, 'decouple': 102, 'offset': 125, 'desync': 114, 'spike': 111, 'drift': 97, 'organic': 52}, 'train_units': 100, 'val_units': 30, 'test_units': 100, 'n_val_windows': 1569, 'n_regimes': 1, 'seed': 25, 'per_regime_norm': False, 'official_test_fleet': True, 'dataset': 'cmapss:FD001', 'cap': 125.0, 'subset': 'FD001', 'dropped_constant_sensors': 6, 'source': 'NASA C-MAPSS (real)', 'source_name': 'cmapss', 'source_kind': 'fleet'}
[16:45:17]   caveat: Ships no anomaly annotations: detection anomalies are injected.
    [pc] epoch   0  nll  497.582  val  288.319
    [pc] epoch  75  nll   47.293  val   44.907
    fit chow_liu K=8: 117/600 (20%) · 3.89 it/s · elapsed 00:30 · ETA 02:04
    [pc] epoch 150  nll   33.671  val   34.620
    [pc] epoch 225  nll   29.648  val   30.794
    fit chow_liu K=8: 234/600 (39%) · 3.90 it/s · elapsed 01:00 · ETA 01:33
    [pc] epoch 300  nll   25.979  val   28.751
    fit chow_liu K=8: 351/600 (58%) · 3.89 it/s · elapsed 01:30 · ETA 01:03
    [pc] epoch 375  nll   23.748  val   26.559
    [pc] epoch 450  nll    8.610  val   10.955
    fit chow_liu K=8: 468/600 (78%) · 3.89 it/s · elapsed 02:00 · ETA 00:33
    [pc] epoch 525  nll  -18.356  val  -17.213
    fit chow_liu K=8: 585/600 (98%) · 3.89 it/s · elapsed 02:30 · ETA 00:03
    fit chow_liu K=8: done 600/600 in 02:34
    [pc] epoch   0  nll  496.363  val  284.039
    [pc] epoch  75  nll   39.597  val   39.544
    [pc] restart 1 abandoned at epoch 99 (34.329 vs -28.950 best so far)
    [pc] epoch   0  nll  495.225  val  286.942
    [pc] epoch  75  nll   52.849  val   52.271
    [pc] restart 2 abandoned at epoch 99 (45.740 vs -28.950 best so far)
    [pc] restored epoch 95 (selected by nll; val nll 45.740, last 52.362)
    [pc] epoch   0  nll  494.777  val  286.237
    [pc] epoch  75  nll   41.945  val   40.532
    [pc] restart 3 abandoned at epoch 99 (34.713 vs -28.950 best so far)
    [pc] restored epoch 93 (selected by nll; val nll 34.713, last 39.406)
    [pc] restart 0 of 4 selected by nll (checkpoint losses: -28.950 34.329 45.740 34.713)
[16:49:18]   pc_train_nll: first=497.5818 last=-31.7208 (600 epochs)
[16:49:18]   pc_train_objective: first=497.5818 last=-31.7208 (600 epochs)
[16:49:18]   pc_selection_loss: first=288.3193 last=-28.9495 (600 epochs)
[16:49:18]   pc_val_nll: first=288.3193 last=-28.9495 (600 epochs)
[16:49:18]   pc: fit 241.1s · 195,840 params · score sd 21.660 · device cuda · layered · 9,260 win/s
[16:49:18]   pc: restart 0 (init seed 25) checkpoint -28.950 at epoch 599 of 600 run
[16:49:18]   pc: restart 1 (init seed 7944) checkpoint 34.329 at epoch 99 of 100 run · abandoned
[16:49:18]   pc: restart 2 (init seed 15863) checkpoint 45.740 at epoch 95 of 100 run · abandoned
[16:49:18]   pc: restart 3 (init seed 23782) checkpoint 34.713 at epoch 93 of 100 run · abandoned
[16:49:18]   pc: selected restart 0 of 4
[16:49:18]   pc: validation on 516 windows from explicit subset of held-out units · best epoch 599 of 600 · val nll -28.950
[16:49:19]   shortcut audit: target-channel-only AUROC 0.553 (0.5 = no marginal shortcut)
[16:49:20]   baseline gaussian_fitted: fit 0.19s · 45,450 params · selection {'shrinkage': 0.01}
[16:49:23]   detection comparators: ['mahalanobis_refit', 'mahalanobis_impute', 'gmm_refit', 'gmm_impute', 'knn_refit', 'knn_impute']
[16:49:23]   diagnosis: full (15.0 observed on average), 614 paired windows, 2 method(s)
[16:49:28]   diagnosis: random1:1 (14.0 observed on average), 614 paired windows, 2 method(s)
[16:49:32]   diagnosis: random3:5-8-14 (12.0 observed on average), 614 paired windows, 2 method(s)
[16:49:38]   diagnosis: random7:3-4-8-10-11-12-14 (8.0 observed on average), 614 paired windows, 2 method(s)
[16:49:40]   diagnosis: bank0:0-1-2-4-5-7-8 (8.0 observed on average), 614 paired windows, 2 method(s)
[16:49:43]   diagnosis: bank1:3 (14.0 observed on average), 614 paired windows, 2 method(s)
[16:49:48]   diagnosis: bank2:6-10 (13.0 observed on average), 614 paired windows, 2 method(s)
[16:49:57]   diagnosis: single_sensor_0 (1.0 observed on average), 614 paired windows, 2 method(s)
[16:50:00]   Diagnosis completed on validation engines only; no confirmatory PASS/FAIL inferred.
[16:50:00] --- stage diagnosis done in 282.8s ---
[16:50:00] === run ok · 282.8s · peak RSS 2.632 GB ===

==============================================================================
 batch finished in 57.7 min — 15 ok, 0 skipped, 0 failed
==============================================================================

=== diagnosis (mean ± sd over seeds) ===

method                                         variant                     auroc[decouple]      auroc[desync]       auroc[drift]      auroc[offset]       auroc[spike]              alpha                 ap              auroc  seeds
--------------------------------------------------------------------------------------------------------------------------------------------------------------------------------------------------------------------------------------
conditional_max | bank0:0-1-2-4-5-7-8 | circuit restarts4_cosine              0.4920±0.0219      0.6374±0.0531      0.9670±0.0197      0.9445±0.0119      0.8306±0.0178      0.1000±0.0000      0.8340±0.0166      0.7699±0.0173      5
conditional_max | bank0:0-1-2-4-5-7-8 | circuit candidate_ref                 0.4945±0.0157      0.6350±0.0449      0.9655±0.0210      0.9460±0.0117      0.8198±0.0129      0.1000±0.0000      0.8319±0.0180      0.7672±0.0185      5
conditional_max | bank0:0-1-2-4-5-7-8 | circuit restarts4                     0.4900±0.0205      0.6358±0.0452      0.9676±0.0177      0.9447±0.0121      0.8314±0.0247      0.1000±0.0000      0.8338±0.0166      0.7690±0.0178      5
conditional_max | bank0:0-1-2-4-5-7-8 | gaussian_fitted restarts4_cosine              0.4660±0.0256      0.6339±0.0502      0.9333±0.0278      0.9266±0.0146      0.8013±0.0345      0.1000±0.0000      0.7980±0.0112      0.7468±0.0138      5
conditional_max | bank0:0-1-2-4-5-7-8 | gaussian_fitted candidate_ref                 0.4660±0.0256      0.6339±0.0502      0.9333±0.0278      0.9266±0.0146      0.8013±0.0345      0.1000±0.0000      0.7980±0.0112      0.7468±0.0138      5
conditional_max | bank0:0-1-2-4-5-7-8 | gaussian_fitted restarts4                     0.4660±0.0256      0.6339±0.0502      0.9333±0.0278      0.9266±0.0146      0.8013±0.0345      0.1000±0.0000      0.7980±0.0112      0.7468±0.0138      5
conditional_max | bank1:3 | circuit            restarts4_cosine              0.4912±0.0102      0.7576±0.0268      0.9999±0.0002      1.0000±0.0000      0.9637±0.0182      0.1000±0.0000      0.8883±0.0152      0.8379±0.0197      5
conditional_max | bank1:3 | circuit            candidate_ref                 0.4980±0.0101      0.7608±0.0301      1.0000±0.0001      0.9999±0.0002      0.9678±0.0105      0.1000±0.0000      0.8902±0.0140      0.8411±0.0173      5
conditional_max | bank1:3 | circuit            restarts4                     0.4912±0.0205      0.7635±0.0316      1.0000±0.0001      0.9999±0.0002      0.9713±0.0168      0.1000±0.0000      0.8907±0.0156      0.8409±0.0216      5
conditional_max | bank1:3 | gaussian_fitted    restarts4_cosine              0.4804±0.0067      0.7770±0.0296      1.0000±0.0000      1.0000±0.0000      0.9797±0.0124      0.1000±0.0000      0.8937±0.0136      0.8429±0.0194      5
conditional_max | bank1:3 | gaussian_fitted    candidate_ref                 0.4804±0.0067      0.7770±0.0296      1.0000±0.0000      1.0000±0.0000      0.9797±0.0124      0.1000±0.0000      0.8937±0.0136      0.8429±0.0194      5
conditional_max | bank1:3 | gaussian_fitted    restarts4                     0.4804±0.0067      0.7770±0.0296      1.0000±0.0000      1.0000±0.0000      0.9797±0.0124      0.1000±0.0000      0.8937±0.0136      0.8429±0.0194      5
conditional_max | bank2:6-10 | circuit         restarts4_cosine              0.4922±0.0110      0.7218±0.0500      0.9975±0.0034      0.9977±0.0052      0.9348±0.0343      0.1000±0.0000      0.8778±0.0119      0.8243±0.0138      5
conditional_max | bank2:6-10 | circuit         candidate_ref                 0.4964±0.0084      0.7295±0.0475      0.9968±0.0044      0.9983±0.0039      0.9286±0.0421      0.1000±0.0000      0.8786±0.0115      0.8254±0.0123      5
conditional_max | bank2:6-10 | circuit         restarts4                     0.4899±0.0185      0.7310±0.0489      0.9968±0.0044      0.9983±0.0039      0.9409±0.0246      0.1000±0.0000      0.8805±0.0126      0.8269±0.0157      5
conditional_max | bank2:6-10 | gaussian_fitted restarts4_cosine              0.4631±0.0114      0.7056±0.0578      0.9855±0.0094      0.9884±0.0085      0.8771±0.0535      0.1000±0.0000      0.8398±0.0157      0.7980±0.0130      5
conditional_max | bank2:6-10 | gaussian_fitted candidate_ref                 0.4631±0.0114      0.7056±0.0578      0.9855±0.0094      0.9884±0.0085      0.8771±0.0535      0.1000±0.0000      0.8398±0.0157      0.7980±0.0130      5
conditional_max | bank2:6-10 | gaussian_fitted restarts4                     0.4631±0.0114      0.7056±0.0578      0.9855±0.0094      0.9884±0.0085      0.8771±0.0535      0.1000±0.0000      0.8398±0.0157      0.7980±0.0130      5
conditional_max | full | circuit               restarts4_cosine              0.4911±0.0106      0.7572±0.0275      0.9999±0.0002      1.0000±0.0000      0.9714±0.0052      0.1000±0.0000      0.8895±0.0136      0.8394±0.0175      5
conditional_max | full | circuit               candidate_ref                 0.4970±0.0088      0.7609±0.0298      1.0000±0.0001      0.9999±0.0002      0.9720±0.0119      0.1000±0.0000      0.8909±0.0143      0.8419±0.0176      5
conditional_max | full | circuit               restarts4                     0.4902±0.0194      0.7638±0.0315      1.0000±0.0001      0.9999±0.0002      0.9777±0.0133      0.1000±0.0000      0.8918±0.0151      0.8421±0.0210      5
conditional_max | full | gaussian_fitted       restarts4_cosine              0.4613±0.0129      0.7374±0.0470      0.9938±0.0050      0.9946±0.0039      0.9259±0.0320      0.1000±0.0000      0.8613±0.0124      0.8174±0.0150      5
conditional_max | full | gaussian_fitted       candidate_ref                 0.4613±0.0129      0.7374±0.0470      0.9938±0.0050      0.9946±0.0039      0.9259±0.0320      0.1000±0.0000      0.8613±0.0124      0.8174±0.0150      5
conditional_max | full | gaussian_fitted       restarts4                     0.4613±0.0129      0.7374±0.0470      0.9938±0.0050      0.9946±0.0039      0.9259±0.0320      0.1000±0.0000      0.8613±0.0124      0.8174±0.0150      5
conditional_max | random1:1 | circuit          restarts4_cosine              0.4862±0.0236      0.7636±0.0321      0.9999±0.0001      1.0000±0.0000      0.9615±0.0098      0.1000±0.0000      0.8878±0.0143      0.8377±0.0174      5
conditional_max | random1:1 | circuit          candidate_ref                 0.4940±0.0261      0.7628±0.0319      1.0000±0.0000      1.0000±0.0001      0.9562±0.0109      0.1000±0.0000      0.8877±0.0159      0.8380±0.0185      5
conditional_max | random1:1 | circuit          restarts4                     0.4920±0.0226      0.7641±0.0304      1.0000±0.0000      1.0000±0.0001      0.9650±0.0117      0.1000±0.0000      0.8890±0.0175      0.8395±0.0226      5
conditional_max | random1:1 | gaussian_fitted  restarts4_cosine              0.4629±0.0200      0.7305±0.0392      0.9938±0.0049      0.9945±0.0039      0.9158±0.0275      0.1000±0.0000      0.8587±0.0119      0.8141±0.0147      5
conditional_max | random1:1 | gaussian_fitted  candidate_ref                 0.4629±0.0200      0.7305±0.0392      0.9938±0.0049      0.9945±0.0039      0.9158±0.0275      0.1000±0.0000      0.8587±0.0119      0.8141±0.0147      5
conditional_max | random1:1 | gaussian_fitted  restarts4                     0.4629±0.0200      0.7305±0.0392      0.9938±0.0049      0.9945±0.0039      0.9158±0.0275      0.1000±0.0000      0.8587±0.0119      0.8141±0.0147      5
conditional_max | random3:5-8-14 | circuit     restarts4_cosine              0.4918±0.0060      0.7112±0.0559      1.0000±0.0001      0.9949±0.0067      0.9250±0.0259      0.1000±0.0000      0.8754±0.0108      0.8205±0.0131      5
conditional_max | random3:5-8-14 | circuit     candidate_ref                 0.5021±0.0127      0.7047±0.0512      1.0000±0.0001      0.9933±0.0090      0.9234±0.0360      0.1000±0.0000      0.8753±0.0139      0.8210±0.0155      5
conditional_max | random3:5-8-14 | circuit     restarts4                     0.4943±0.0221      0.7024±0.0522      1.0000±0.0001      0.9940±0.0088      0.9299±0.0291      0.1000±0.0000      0.8756±0.0139      0.8200±0.0190      5
conditional_max | random3:5-8-14 | gaussian_fitted restarts4_cosine              0.4575±0.0125      0.6924±0.0548      0.9853±0.0101      0.9800±0.0162      0.8824±0.0256      0.1000±0.0000      0.8394±0.0108      0.7942±0.0089      5
conditional_max | random3:5-8-14 | gaussian_fitted candidate_ref                 0.4575±0.0125      0.6924±0.0548      0.9853±0.0101      0.9800±0.0162      0.8824±0.0256      0.1000±0.0000      0.8394±0.0108      0.7942±0.0089      5
conditional_max | random3:5-8-14 | gaussian_fitted restarts4                     0.4575±0.0125      0.6924±0.0548      0.9853±0.0101      0.9800±0.0162      0.8824±0.0256      0.1000±0.0000      0.8394±0.0108      0.7942±0.0089      5
conditional_max | random7:3-4-8-10-11-12-14 | circuit restarts4_cosine              0.4974±0.0225      0.6287±0.0670      0.9775±0.0167      0.9613±0.0154      0.8182±0.0579      0.1000±0.0000      0.8363±0.0145      0.7719±0.0189      5
conditional_max | random7:3-4-8-10-11-12-14 | circuit candidate_ref                 0.5072±0.0240      0.6359±0.0592      0.9755±0.0174      0.9561±0.0192      0.8180±0.0544      0.1000±0.0000      0.8388±0.0164      0.7742±0.0214      5
conditional_max | random7:3-4-8-10-11-12-14 | circuit restarts4                     0.5006±0.0288      0.6434±0.0656      0.9745±0.0187      0.9578±0.0190      0.8214±0.0486      0.1000±0.0000      0.8395±0.0155      0.7749±0.0210      5
conditional_max | random7:3-4-8-10-11-12-14 | gaussian_fitted restarts4_cosine              0.5078±0.0281      0.6650±0.0380      0.9739±0.0136      0.9564±0.0174      0.8209±0.0565      0.1000±0.0000      0.8431±0.0144      0.7791±0.0210      5
conditional_max | random7:3-4-8-10-11-12-14 | gaussian_fitted candidate_ref                 0.5078±0.0281      0.6650±0.0380      0.9739±0.0136      0.9564±0.0174      0.8209±0.0565      0.1000±0.0000      0.8431±0.0144      0.7791±0.0210      5
conditional_max | random7:3-4-8-10-11-12-14 | gaussian_fitted restarts4                     0.5078±0.0281      0.6650±0.0380      0.9739±0.0136      0.9564±0.0174      0.8209±0.0565      0.1000±0.0000      0.8431±0.0144      0.7791±0.0210      5
conditional_max | single_sensor_0 | circuit    restarts4_cosine              0.5158±0.0220      0.4974±0.0116      0.6411±0.0505      0.5967±0.0405      0.5330±0.0461      0.1000±0.0000      0.6049±0.0188      0.5547±0.0150      5
conditional_max | single_sensor_0 | circuit    candidate_ref                 0.5140±0.0218      0.4867±0.0152      0.6325±0.0531      0.5982±0.0394      0.5337±0.0490      0.1000±0.0000      0.6025±0.0202      0.5514±0.0168      5
conditional_max | single_sensor_0 | circuit    restarts4                     0.5191±0.0196      0.4858±0.0147      0.6343±0.0499      0.5970±0.0403      0.5342±0.0501      0.1000±0.0000      0.6038±0.0184      0.5526±0.0142      5
conditional_max | single_sensor_0 | gaussian_fitted restarts4_cosine              0.5131±0.0247      0.4904±0.0142      0.6408±0.0520      0.5984±0.0349      0.5318±0.0538      0.1000±0.0000      0.6032±0.0169      0.5525±0.0138      5
conditional_max | single_sensor_0 | gaussian_fitted candidate_ref                 0.5131±0.0247      0.4904±0.0142      0.6408±0.0520      0.5984±0.0349      0.5318±0.0538      0.1000±0.0000      0.6032±0.0169      0.5525±0.0138      5
conditional_max | single_sensor_0 | gaussian_fitted restarts4                     0.5131±0.0247      0.4904±0.0142      0.6408±0.0520      0.5984±0.0349      0.5318±0.0538      0.1000±0.0000      0.6032±0.0169      0.5525±0.0138      5
detector | bank0:0-1-2-4-5-7-8 | gmm_impute    restarts4_cosine              0.4870±0.0226      0.5769±0.0212      0.8996±0.0307      0.8909±0.0316      0.7144±0.0219      0.1000±0.0000      0.7638±0.0163      0.7071±0.0166      5
detector | bank0:0-1-2-4-5-7-8 | gmm_impute    candidate_ref                 0.4870±0.0226      0.5769±0.0212      0.8996±0.0307      0.8909±0.0316      0.7144±0.0219      0.1000±0.0000      0.7638±0.0163      0.7071±0.0166      5
detector | bank0:0-1-2-4-5-7-8 | gmm_impute    restarts4                     0.4870±0.0226      0.5769±0.0212      0.8996±0.0307      0.8909±0.0316      0.7144±0.0219      0.1000±0.0000      0.7638±0.0163      0.7071±0.0166      5
detector | bank0:0-1-2-4-5-7-8 | gmm_refit     restarts4_cosine              0.4799±0.0307      0.6211±0.0318      0.8923±0.0212      0.8844±0.0115      0.7590±0.0255      0.1000±0.0000      0.7508±0.0224      0.7221±0.0109      5
detector | bank0:0-1-2-4-5-7-8 | gmm_refit     candidate_ref                 0.4799±0.0307      0.6211±0.0318      0.8923±0.0212      0.8844±0.0115      0.7590±0.0255      0.1000±0.0000      0.7508±0.0224      0.7221±0.0109      5
detector | bank0:0-1-2-4-5-7-8 | gmm_refit     restarts4                     0.4799±0.0307      0.6211±0.0318      0.8923±0.0212      0.8844±0.0115      0.7590±0.0255      0.1000±0.0000      0.7508±0.0224      0.7221±0.0109      5
detector | bank0:0-1-2-4-5-7-8 | knn_impute    restarts4_cosine              0.4801±0.0255      0.5585±0.0328      0.8753±0.0192      0.8720±0.0187      0.6800±0.0409      0.1000±0.0000      0.7076±0.0182      0.6863±0.0142      5
detector | bank0:0-1-2-4-5-7-8 | knn_impute    candidate_ref                 0.4801±0.0255      0.5585±0.0328      0.8753±0.0192      0.8720±0.0187      0.6800±0.0409      0.1000±0.0000      0.7076±0.0182      0.6863±0.0142      5
detector | bank0:0-1-2-4-5-7-8 | knn_impute    restarts4                     0.4801±0.0255      0.5585±0.0328      0.8753±0.0192      0.8720±0.0187      0.6800±0.0409      0.1000±0.0000      0.7076±0.0182      0.6863±0.0142      5
detector | bank0:0-1-2-4-5-7-8 | knn_refit     restarts4_cosine              0.4697±0.0256      0.6040±0.0436      0.9164±0.0220      0.9109±0.0200      0.7553±0.0522      0.1000±0.0000      0.7585±0.0158      0.7250±0.0138      5
detector | bank0:0-1-2-4-5-7-8 | knn_refit     candidate_ref                 0.4697±0.0256      0.6040±0.0436      0.9164±0.0220      0.9109±0.0200      0.7553±0.0522      0.1000±0.0000      0.7585±0.0158      0.7250±0.0138      5
detector | bank0:0-1-2-4-5-7-8 | knn_refit     restarts4                     0.4697±0.0256      0.6040±0.0436      0.9164±0.0220      0.9109±0.0200      0.7553±0.0522      0.1000±0.0000      0.7585±0.0158      0.7250±0.0138      5
detector | bank0:0-1-2-4-5-7-8 | mahalanobis_impute restarts4_cosine              0.4848±0.0253      0.5814±0.0227      0.9098±0.0245      0.9002±0.0238      0.7232±0.0199      0.1000±0.0000      0.7708±0.0200      0.7132±0.0177      5
detector | bank0:0-1-2-4-5-7-8 | mahalanobis_impute candidate_ref                 0.4848±0.0253      0.5814±0.0227      0.9098±0.0245      0.9002±0.0238      0.7232±0.0199      0.1000±0.0000      0.7708±0.0200      0.7132±0.0177      5
detector | bank0:0-1-2-4-5-7-8 | mahalanobis_impute restarts4                     0.4848±0.0253      0.5814±0.0227      0.9098±0.0245      0.9002±0.0238      0.7232±0.0199      0.1000±0.0000      0.7708±0.0200      0.7132±0.0177      5
detector | bank0:0-1-2-4-5-7-8 | mahalanobis_refit restarts4_cosine              0.4763±0.0262      0.6518±0.0426      0.9387±0.0252      0.9318±0.0164      0.7922±0.0309      0.1000±0.0000      0.8073±0.0098      0.7523±0.0116      5
detector | bank0:0-1-2-4-5-7-8 | mahalanobis_refit candidate_ref                 0.4763±0.0262      0.6518±0.0426      0.9387±0.0252      0.9318±0.0164      0.7922±0.0309      0.1000±0.0000      0.8073±0.0098      0.7523±0.0116      5
detector | bank0:0-1-2-4-5-7-8 | mahalanobis_refit restarts4                     0.4763±0.0262      0.6518±0.0426      0.9387±0.0252      0.9318±0.0164      0.7922±0.0309      0.1000±0.0000      0.8073±0.0098      0.7523±0.0116      5
detector | bank1:3 | gmm_impute                restarts4_cosine              0.5101±0.0189      0.7376±0.0295      0.9974±0.0043      0.9988±0.0017      0.8976±0.0296      0.1000±0.0000      0.8714±0.0146      0.8228±0.0189      5
detector | bank1:3 | gmm_impute                candidate_ref                 0.5101±0.0189      0.7376±0.0295      0.9974±0.0043      0.9988±0.0017      0.8976±0.0296      0.1000±0.0000      0.8714±0.0146      0.8228±0.0189      5
detector | bank1:3 | gmm_impute                restarts4                     0.5101±0.0189      0.7376±0.0295      0.9974±0.0043      0.9988±0.0017      0.8976±0.0296      0.1000±0.0000      0.8714±0.0146      0.8228±0.0189      5
detector | bank1:3 | gmm_refit                 restarts4_cosine              0.5158±0.0238      0.7434±0.0441      0.9980±0.0044      0.9995±0.0009      0.9059±0.0408      0.1000±0.0000      0.8746±0.0198      0.8275±0.0261      5
detector | bank1:3 | gmm_refit                 candidate_ref                 0.5158±0.0238      0.7434±0.0441      0.9980±0.0044      0.9995±0.0009      0.9059±0.0408      0.1000±0.0000      0.8746±0.0198      0.8275±0.0261      5
detector | bank1:3 | gmm_refit                 restarts4                     0.5158±0.0238      0.7434±0.0441      0.9980±0.0044      0.9995±0.0009      0.9059±0.0408      0.1000±0.0000      0.8746±0.0198      0.8275±0.0261      5
detector | bank1:3 | knn_impute                restarts4_cosine              0.4976±0.0207      0.7316±0.0226      0.9998±0.0002      0.9995±0.0008      0.9280±0.0221      0.1000±0.0000      0.8727±0.0140      0.8261±0.0179      5
detector | bank1:3 | knn_impute                candidate_ref                 0.4976±0.0207      0.7316±0.0226      0.9998±0.0002      0.9995±0.0008      0.9280±0.0221      0.1000±0.0000      0.8727±0.0140      0.8261±0.0179      5
detector | bank1:3 | knn_impute                restarts4                     0.4976±0.0207      0.7316±0.0226      0.9998±0.0002      0.9995±0.0008      0.9280±0.0221      0.1000±0.0000      0.8727±0.0140      0.8261±0.0179      5
detector | bank1:3 | knn_refit                 restarts4_cosine              0.4983±0.0188      0.7375±0.0227      0.9994±0.0010      0.9997±0.0004      0.9391±0.0198      0.1000±0.0000      0.8771±0.0133      0.8297±0.0186      5
detector | bank1:3 | knn_refit                 candidate_ref                 0.4983±0.0188      0.7375±0.0227      0.9994±0.0010      0.9997±0.0004      0.9391±0.0198      0.1000±0.0000      0.8771±0.0133      0.8297±0.0186      5
detector | bank1:3 | knn_refit                 restarts4                     0.4983±0.0188      0.7375±0.0227      0.9994±0.0010      0.9997±0.0004      0.9391±0.0198      0.1000±0.0000      0.8771±0.0133      0.8297±0.0186      5
detector | bank1:3 | mahalanobis_impute        restarts4_cosine              0.5121±0.0236      0.7890±0.0224      0.9995±0.0011      0.9999±0.0002      0.9471±0.0253      0.1000±0.0000      0.8905±0.0162      0.8444±0.0223      5
detector | bank1:3 | mahalanobis_impute        candidate_ref                 0.5121±0.0236      0.7890±0.0224      0.9995±0.0011      0.9999±0.0002      0.9471±0.0253      0.1000±0.0000      0.8905±0.0162      0.8444±0.0223      5
detector | bank1:3 | mahalanobis_impute        restarts4                     0.5121±0.0236      0.7890±0.0224      0.9995±0.0011      0.9999±0.0002      0.9471±0.0253      0.1000±0.0000      0.8905±0.0162      0.8444±0.0223      5
detector | bank1:3 | mahalanobis_refit         restarts4_cosine              0.5113±0.0248      0.7897±0.0229      0.9995±0.0010      0.9999±0.0001      0.9474±0.0255      0.1000±0.0000      0.8906±0.0161      0.8445±0.0222      5
detector | bank1:3 | mahalanobis_refit         candidate_ref                 0.5113±0.0248      0.7897±0.0229      0.9995±0.0010      0.9999±0.0001      0.9474±0.0255      0.1000±0.0000      0.8906±0.0161      0.8445±0.0222      5
detector | bank1:3 | mahalanobis_refit         restarts4                     0.5113±0.0248      0.7897±0.0229      0.9995±0.0010      0.9999±0.0001      0.9474±0.0255      0.1000±0.0000      0.8906±0.0161      0.8445±0.0222      5
detector | bank2:6-10 | gmm_impute             restarts4_cosine              0.4896±0.0195      0.7039±0.0624      0.9771±0.0253      0.9817±0.0196      0.8213±0.0712      0.1000±0.0000      0.8359±0.0224      0.7881±0.0200      5
detector | bank2:6-10 | gmm_impute             candidate_ref                 0.4896±0.0195      0.7039±0.0624      0.9771±0.0253      0.9817±0.0196      0.8213±0.0712      0.1000±0.0000      0.8359±0.0224      0.7881±0.0200      5
detector | bank2:6-10 | gmm_impute             restarts4                     0.4896±0.0195      0.7039±0.0624      0.9771±0.0253      0.9817±0.0196      0.8213±0.0712      0.1000±0.0000      0.8359±0.0224      0.7881±0.0200      5
detector | bank2:6-10 | gmm_refit              restarts4_cosine              0.4918±0.0202      0.6681±0.0547      0.9659±0.0455      0.9678±0.0443      0.7966±0.0621      0.1000±0.0000      0.8158±0.0417      0.7717±0.0237      5
detector | bank2:6-10 | gmm_refit              candidate_ref                 0.4918±0.0202      0.6681±0.0547      0.9659±0.0455      0.9678±0.0443      0.7966±0.0621      0.1000±0.0000      0.8158±0.0417      0.7717±0.0237      5
detector | bank2:6-10 | gmm_refit              restarts4                     0.4918±0.0202      0.6681±0.0547      0.9659±0.0455      0.9678±0.0443      0.7966±0.0621      0.1000±0.0000      0.8158±0.0417      0.7717±0.0237      5
detector | bank2:6-10 | knn_impute             restarts4_cosine              0.4776±0.0147      0.6725±0.0503      0.9844±0.0064      0.9831±0.0126      0.8129±0.0590      0.1000±0.0000      0.8193±0.0178      0.7789±0.0156      5
detector | bank2:6-10 | knn_impute             candidate_ref                 0.4776±0.0147      0.6725±0.0503      0.9844±0.0064      0.9831±0.0126      0.8129±0.0590      0.1000±0.0000      0.8193±0.0178      0.7789±0.0156      5
detector | bank2:6-10 | knn_impute             restarts4                     0.4776±0.0147      0.6725±0.0503      0.9844±0.0064      0.9831±0.0126      0.8129±0.0590      0.1000±0.0000      0.8193±0.0178      0.7789±0.0156      5
detector | bank2:6-10 | knn_refit              restarts4_cosine              0.4792±0.0089      0.6839±0.0519      0.9845±0.0064      0.9816±0.0137      0.8143±0.0611      0.1000±0.0000      0.8203±0.0193      0.7818±0.0156      5
detector | bank2:6-10 | knn_refit              candidate_ref                 0.4792±0.0089      0.6839±0.0519      0.9845±0.0064      0.9816±0.0137      0.8143±0.0611      0.1000±0.0000      0.8203±0.0193      0.7818±0.0156      5
detector | bank2:6-10 | knn_refit              restarts4                     0.4792±0.0089      0.6839±0.0519      0.9845±0.0064      0.9816±0.0137      0.8143±0.0611      0.1000±0.0000      0.8203±0.0193      0.7818±0.0156      5
detector | bank2:6-10 | mahalanobis_impute     restarts4_cosine              0.4938±0.0258      0.7276±0.0392      0.9950±0.0055      0.9957±0.0071      0.8718±0.0370      0.1000±0.0000      0.8577±0.0090      0.8102±0.0123      5
detector | bank2:6-10 | mahalanobis_impute     candidate_ref                 0.4938±0.0258      0.7276±0.0392      0.9950±0.0055      0.9957±0.0071      0.8718±0.0370      0.1000±0.0000      0.8577±0.0090      0.8102±0.0123      5
detector | bank2:6-10 | mahalanobis_impute     restarts4                     0.4938±0.0258      0.7276±0.0392      0.9950±0.0055      0.9957±0.0071      0.8718±0.0370      0.1000±0.0000      0.8577±0.0090      0.8102±0.0123      5
detector | bank2:6-10 | mahalanobis_refit      restarts4_cosine              0.4858±0.0168      0.7285±0.0435      0.9944±0.0063      0.9958±0.0064      0.8764±0.0409      0.1000±0.0000      0.8570±0.0090      0.8099±0.0108      5
detector | bank2:6-10 | mahalanobis_refit      candidate_ref                 0.4858±0.0168      0.7285±0.0435      0.9944±0.0063      0.9958±0.0064      0.8764±0.0409      0.1000±0.0000      0.8570±0.0090      0.8099±0.0108      5
detector | bank2:6-10 | mahalanobis_refit      restarts4                     0.4858±0.0168      0.7285±0.0435      0.9944±0.0063      0.9958±0.0064      0.8764±0.0409      0.1000±0.0000      0.8570±0.0090      0.8099±0.0108      5
detector | full | gmm_impute                   restarts4_cosine              0.4973±0.0255      0.7336±0.0593      0.9887±0.0199      0.9953±0.0057      0.8824±0.0502      0.1000±0.0000      0.8609±0.0169      0.8142±0.0177      5
detector | full | gmm_impute                   candidate_ref                 0.4973±0.0255      0.7336±0.0593      0.9887±0.0199      0.9953±0.0057      0.8824±0.0502      0.1000±0.0000      0.8609±0.0169      0.8142±0.0177      5
detector | full | gmm_impute                   restarts4                     0.4973±0.0255      0.7336±0.0593      0.9887±0.0199      0.9953±0.0057      0.8824±0.0502      0.1000±0.0000      0.8609±0.0169      0.8142±0.0177      5
detector | full | gmm_refit                    restarts4_cosine              0.4973±0.0255      0.7336±0.0593      0.9887±0.0199      0.9953±0.0057      0.8824±0.0502      0.1000±0.0000      0.8609±0.0169      0.8142±0.0177      5
detector | full | gmm_refit                    candidate_ref                 0.4973±0.0255      0.7336±0.0593      0.9887±0.0199      0.9953±0.0057      0.8824±0.0502      0.1000±0.0000      0.8609±0.0169      0.8142±0.0177      5
detector | full | gmm_refit                    restarts4                     0.4973±0.0255      0.7336±0.0593      0.9887±0.0199      0.9953±0.0057      0.8824±0.0502      0.1000±0.0000      0.8609±0.0169      0.8142±0.0177      5
detector | full | knn_impute                   restarts4_cosine              0.4798±0.0135      0.6860±0.0529      0.9920±0.0050      0.9926±0.0055      0.8518±0.0493      0.1000±0.0000      0.8327±0.0153      0.7943±0.0130      5
detector | full | knn_impute                   candidate_ref                 0.4798±0.0135      0.6860±0.0529      0.9920±0.0050      0.9926±0.0055      0.8518±0.0493      0.1000±0.0000      0.8327±0.0153      0.7943±0.0130      5
detector | full | knn_impute                   restarts4                     0.4798±0.0135      0.6860±0.0529      0.9920±0.0050      0.9926±0.0055      0.8518±0.0493      0.1000±0.0000      0.8327±0.0153      0.7943±0.0130      5
detector | full | knn_refit                    restarts4_cosine              0.4798±0.0135      0.6860±0.0529      0.9920±0.0050      0.9926±0.0055      0.8518±0.0493      0.1000±0.0000      0.8327±0.0153      0.7943±0.0130      5
detector | full | knn_refit                    candidate_ref                 0.4798±0.0135      0.6860±0.0529      0.9920±0.0050      0.9926±0.0055      0.8518±0.0493      0.1000±0.0000      0.8327±0.0153      0.7943±0.0130      5
detector | full | knn_refit                    restarts4                     0.4798±0.0135      0.6860±0.0529      0.9920±0.0050      0.9926±0.0055      0.8518±0.0493      0.1000±0.0000      0.8327±0.0153      0.7943±0.0130      5
detector | full | mahalanobis_impute           restarts4_cosine              0.4910±0.0203      0.7659±0.0304      0.9993±0.0009      0.9995±0.0004      0.9248±0.0179      0.1000±0.0000      0.8756±0.0097      0.8308±0.0137      5
detector | full | mahalanobis_impute           candidate_ref                 0.4910±0.0203      0.7659±0.0304      0.9993±0.0009      0.9995±0.0004      0.9248±0.0179      0.1000±0.0000      0.8756±0.0097      0.8308±0.0137      5
detector | full | mahalanobis_impute           restarts4                     0.4910±0.0203      0.7659±0.0304      0.9993±0.0009      0.9995±0.0004      0.9248±0.0179      0.1000±0.0000      0.8756±0.0097      0.8308±0.0137      5
detector | full | mahalanobis_refit            restarts4_cosine              0.4910±0.0203      0.7659±0.0304      0.9993±0.0009      0.9995±0.0004      0.9248±0.0179      0.1000±0.0000      0.8756±0.0097      0.8308±0.0137      5
detector | full | mahalanobis_refit            candidate_ref                 0.4910±0.0203      0.7659±0.0304      0.9993±0.0009      0.9995±0.0004      0.9248±0.0179      0.1000±0.0000      0.8756±0.0097      0.8308±0.0137      5
detector | full | mahalanobis_refit            restarts4                     0.4910±0.0203      0.7659±0.0304      0.9993±0.0009      0.9995±0.0004      0.9248±0.0179      0.1000±0.0000      0.8756±0.0097      0.8308±0.0137      5
detector | random1:1 | gmm_impute              restarts4_cosine              0.4840±0.0254      0.7254±0.0543      0.9874±0.0211      0.9931±0.0084      0.8786±0.0489      0.1000±0.0000      0.8566±0.0178      0.8082±0.0176      5
detector | random1:1 | gmm_impute              candidate_ref                 0.4840±0.0254      0.7254±0.0543      0.9874±0.0211      0.9931±0.0084      0.8786±0.0489      0.1000±0.0000      0.8566±0.0178      0.8082±0.0176      5
detector | random1:1 | gmm_impute              restarts4                     0.4840±0.0254      0.7254±0.0543      0.9874±0.0211      0.9931±0.0084      0.8786±0.0489      0.1000±0.0000      0.8566±0.0178      0.8082±0.0176      5
detector | random1:1 | gmm_refit               restarts4_cosine              0.4994±0.0248      0.7250±0.0568      0.9827±0.0287      0.9916±0.0123      0.8777±0.0551      0.1000±0.0000      0.8556±0.0261      0.8100±0.0208      5
detector | random1:1 | gmm_refit               candidate_ref                 0.4994±0.0248      0.7250±0.0568      0.9827±0.0287      0.9916±0.0123      0.8777±0.0551      0.1000±0.0000      0.8556±0.0261      0.8100±0.0208      5
detector | random1:1 | gmm_refit               restarts4                     0.4994±0.0248      0.7250±0.0568      0.9827±0.0287      0.9916±0.0123      0.8777±0.0551      0.1000±0.0000      0.8556±0.0261      0.8100±0.0208      5
detector | random1:1 | knn_impute              restarts4_cosine              0.4685±0.0247      0.6662±0.0484      0.9898±0.0062      0.9883±0.0065      0.8365±0.0532      0.1000±0.0000      0.8240±0.0151      0.7831±0.0122      5
detector | random1:1 | knn_impute              candidate_ref                 0.4685±0.0247      0.6662±0.0484      0.9898±0.0062      0.9883±0.0065      0.8365±0.0532      0.1000±0.0000      0.8240±0.0151      0.7831±0.0122      5
detector | random1:1 | knn_impute              restarts4                     0.4685±0.0247      0.6662±0.0484      0.9898±0.0062      0.9883±0.0065      0.8365±0.0532      0.1000±0.0000      0.8240±0.0151      0.7831±0.0122      5
detector | random1:1 | knn_refit               restarts4_cosine              0.4748±0.0143      0.6754±0.0501      0.9916±0.0052      0.9897±0.0052      0.8486±0.0533      0.1000±0.0000      0.8295±0.0158      0.7898±0.0141      5
detector | random1:1 | knn_refit               candidate_ref                 0.4748±0.0143      0.6754±0.0501      0.9916±0.0052      0.9897±0.0052      0.8486±0.0533      0.1000±0.0000      0.8295±0.0158      0.7898±0.0141      5
detector | random1:1 | knn_refit               restarts4                     0.4748±0.0143      0.6754±0.0501      0.9916±0.0052      0.9897±0.0052      0.8486±0.0533      0.1000±0.0000      0.8295±0.0158      0.7898±0.0141      5
detector | random1:1 | mahalanobis_impute      restarts4_cosine              0.4849±0.0230      0.7542±0.0297      0.9991±0.0014      0.9993±0.0009      0.9123±0.0209      0.1000±0.0000      0.8710±0.0100      0.8242±0.0136      5
detector | random1:1 | mahalanobis_impute      candidate_ref                 0.4849±0.0230      0.7542±0.0297      0.9991±0.0014      0.9993±0.0009      0.9123±0.0209      0.1000±0.0000      0.8710±0.0100      0.8242±0.0136      5
detector | random1:1 | mahalanobis_impute      restarts4                     0.4849±0.0230      0.7542±0.0297      0.9991±0.0014      0.9993±0.0009      0.9123±0.0209      0.1000±0.0000      0.8710±0.0100      0.8242±0.0136      5
detector | random1:1 | mahalanobis_refit       restarts4_cosine              0.4887±0.0223      0.7623±0.0311      0.9993±0.0010      0.9995±0.0007      0.9167±0.0190      0.1000±0.0000      0.8736±0.0102      0.8277±0.0138      5
detector | random1:1 | mahalanobis_refit       candidate_ref                 0.4887±0.0223      0.7623±0.0311      0.9993±0.0010      0.9995±0.0007      0.9167±0.0190      0.1000±0.0000      0.8736±0.0102      0.8277±0.0138      5
detector | random1:1 | mahalanobis_refit       restarts4                     0.4887±0.0223      0.7623±0.0311      0.9993±0.0010      0.9995±0.0007      0.9167±0.0190      0.1000±0.0000      0.8736±0.0102      0.8277±0.0138      5
detector | random3:5-8-14 | gmm_impute         restarts4_cosine              0.4917±0.0263      0.6058±0.0353      0.9618±0.0386      0.9507±0.0202      0.7774±0.0419      0.1000±0.0000      0.8046±0.0152      0.7504±0.0176      5
detector | random3:5-8-14 | gmm_impute         candidate_ref                 0.4917±0.0263      0.6058±0.0353      0.9618±0.0386      0.9507±0.0202      0.7774±0.0419      0.1000±0.0000      0.8046±0.0152      0.7504±0.0176      5
detector | random3:5-8-14 | gmm_impute         restarts4                     0.4917±0.0263      0.6058±0.0353      0.9618±0.0386      0.9507±0.0202      0.7774±0.0419      0.1000±0.0000      0.8046±0.0152      0.7504±0.0176      5
detector | random3:5-8-14 | gmm_refit          restarts4_cosine              0.4870±0.0212      0.6650±0.0408      0.9470±0.0268      0.9472±0.0231      0.8032±0.0312      0.1000±0.0000      0.8038±0.0195      0.7635±0.0119      5
detector | random3:5-8-14 | gmm_refit          candidate_ref                 0.4870±0.0212      0.6650±0.0408      0.9470±0.0268      0.9472±0.0231      0.8032±0.0312      0.1000±0.0000      0.8038±0.0195      0.7635±0.0119      5
detector | random3:5-8-14 | gmm_refit          restarts4                     0.4870±0.0212      0.6650±0.0408      0.9470±0.0268      0.9472±0.0231      0.8032±0.0312      0.1000±0.0000      0.8038±0.0195      0.7635±0.0119      5
detector | random3:5-8-14 | knn_impute         restarts4_cosine              0.4766±0.0229      0.6089±0.0405      0.9585±0.0084      0.9540±0.0237      0.7592±0.0375      0.1000±0.0000      0.7811±0.0194      0.7442±0.0157      5
detector | random3:5-8-14 | knn_impute         candidate_ref                 0.4766±0.0229      0.6089±0.0405      0.9585±0.0084      0.9540±0.0237      0.7592±0.0375      0.1000±0.0000      0.7811±0.0194      0.7442±0.0157      5
detector | random3:5-8-14 | knn_impute         restarts4                     0.4766±0.0229      0.6089±0.0405      0.9585±0.0084      0.9540±0.0237      0.7592±0.0375      0.1000±0.0000      0.7811±0.0194      0.7442±0.0157      5
detector | random3:5-8-14 | knn_refit          restarts4_cosine              0.4757±0.0172      0.6531±0.0593      0.9777±0.0065      0.9710±0.0160      0.8096±0.0349      0.1000±0.0000      0.8085±0.0163      0.7713±0.0136      5
detector | random3:5-8-14 | knn_refit          candidate_ref                 0.4757±0.0172      0.6531±0.0593      0.9777±0.0065      0.9710±0.0160      0.8096±0.0349      0.1000±0.0000      0.8085±0.0163      0.7713±0.0136      5
detector | random3:5-8-14 | knn_refit          restarts4                     0.4757±0.0172      0.6531±0.0593      0.9777±0.0065      0.9710±0.0160      0.8096±0.0349      0.1000±0.0000      0.8085±0.0163      0.7713±0.0136      5
detector | random3:5-8-14 | mahalanobis_impute restarts4_cosine              0.4892±0.0223      0.6250±0.0310      0.9757±0.0165      0.9550±0.0244      0.7909±0.0430      0.1000±0.0000      0.8156±0.0160      0.7605±0.0195      5
detector | random3:5-8-14 | mahalanobis_impute candidate_ref                 0.4892±0.0223      0.6250±0.0310      0.9757±0.0165      0.9550±0.0244      0.7909±0.0430      0.1000±0.0000      0.8156±0.0160      0.7605±0.0195      5
detector | random3:5-8-14 | mahalanobis_impute restarts4                     0.4892±0.0223      0.6250±0.0310      0.9757±0.0165      0.9550±0.0244      0.7909±0.0430      0.1000±0.0000      0.8156±0.0160      0.7605±0.0195      5
detector | random3:5-8-14 | mahalanobis_refit  restarts4_cosine              0.4841±0.0223      0.7235±0.0356      0.9934±0.0047      0.9873±0.0108      0.8741±0.0165      0.1000±0.0000      0.8554±0.0067      0.8064±0.0096      5
detector | random3:5-8-14 | mahalanobis_refit  candidate_ref                 0.4841±0.0223      0.7235±0.0356      0.9934±0.0047      0.9873±0.0108      0.8741±0.0165      0.1000±0.0000      0.8554±0.0067      0.8064±0.0096      5
detector | random3:5-8-14 | mahalanobis_refit  restarts4                     0.4841±0.0223      0.7235±0.0356      0.9934±0.0047      0.9873±0.0108      0.8741±0.0165      0.1000±0.0000      0.8554±0.0067      0.8064±0.0096      5
detector | random7:3-4-8-10-11-12-14 | gmm_impute restarts4_cosine              0.5141±0.0464      0.5463±0.0291      0.9140±0.0325      0.9071±0.0141      0.6746±0.0562      0.1000±0.0000      0.7615±0.0122      0.7032±0.0196      5
detector | random7:3-4-8-10-11-12-14 | gmm_impute candidate_ref                 0.5141±0.0464      0.5463±0.0291      0.9140±0.0325      0.9071±0.0141      0.6746±0.0562      0.1000±0.0000      0.7615±0.0122      0.7032±0.0196      5
detector | random7:3-4-8-10-11-12-14 | gmm_impute restarts4                     0.5141±0.0464      0.5463±0.0291      0.9140±0.0325      0.9071±0.0141      0.6746±0.0562      0.1000±0.0000      0.7615±0.0122      0.7032±0.0196      5
detector | random7:3-4-8-10-11-12-14 | gmm_refit restarts4_cosine              0.5208±0.0198      0.6564±0.0144      0.9629±0.0206      0.9521±0.0121      0.7959±0.0538      0.1000±0.0000      0.8332±0.0170      0.7714±0.0258      5
detector | random7:3-4-8-10-11-12-14 | gmm_refit candidate_ref                 0.5208±0.0198      0.6564±0.0144      0.9629±0.0206      0.9521±0.0121      0.7959±0.0538      0.1000±0.0000      0.8332±0.0170      0.7714±0.0258      5
detector | random7:3-4-8-10-11-12-14 | gmm_refit restarts4                     0.5208±0.0198      0.6564±0.0144      0.9629±0.0206      0.9521±0.0121      0.7959±0.0538      0.1000±0.0000      0.8332±0.0170      0.7714±0.0258      5
detector | random7:3-4-8-10-11-12-14 | knn_impute restarts4_cosine              0.4962±0.0211      0.5654±0.0310      0.9396±0.0268      0.9298±0.0250      0.7202±0.0767      0.1000±0.0000      0.7823±0.0272      0.7226±0.0256      5
detector | random7:3-4-8-10-11-12-14 | knn_impute candidate_ref                 0.4962±0.0211      0.5654±0.0310      0.9396±0.0268      0.9298±0.0250      0.7202±0.0767      0.1000±0.0000      0.7823±0.0272      0.7226±0.0256      5
detector | random7:3-4-8-10-11-12-14 | knn_impute restarts4                     0.4962±0.0211      0.5654±0.0310      0.9396±0.0268      0.9298±0.0250      0.7202±0.0767      0.1000±0.0000      0.7823±0.0272      0.7226±0.0256      5
detector | random7:3-4-8-10-11-12-14 | knn_refit restarts4_cosine              0.5063±0.0342      0.6533±0.0345      0.9692±0.0203      0.9557±0.0124      0.8024±0.0587      0.1000±0.0000      0.8336±0.0192      0.7715±0.0258      5
detector | random7:3-4-8-10-11-12-14 | knn_refit candidate_ref                 0.5063±0.0342      0.6533±0.0345      0.9692±0.0203      0.9557±0.0124      0.8024±0.0587      0.1000±0.0000      0.8336±0.0192      0.7715±0.0258      5
detector | random7:3-4-8-10-11-12-14 | knn_refit restarts4                     0.5063±0.0342      0.6533±0.0345      0.9692±0.0203      0.9557±0.0124      0.8024±0.0587      0.1000±0.0000      0.8336±0.0192      0.7715±0.0258      5
detector | random7:3-4-8-10-11-12-14 | mahalanobis_impute restarts4_cosine              0.5135±0.0454      0.5661±0.0306      0.9328±0.0330      0.9146±0.0153      0.7029±0.0668      0.1000±0.0000      0.7795±0.0168      0.7187±0.0224      5
detector | random7:3-4-8-10-11-12-14 | mahalanobis_impute candidate_ref                 0.5135±0.0454      0.5661±0.0306      0.9328±0.0330      0.9146±0.0153      0.7029±0.0668      0.1000±0.0000      0.7795±0.0168      0.7187±0.0224      5
detector | random7:3-4-8-10-11-12-14 | mahalanobis_impute restarts4                     0.5135±0.0454      0.5661±0.0306      0.9328±0.0330      0.9146±0.0153      0.7029±0.0668      0.1000±0.0000      0.7795±0.0168      0.7187±0.0224      5
detector | random7:3-4-8-10-11-12-14 | mahalanobis_refit restarts4_cosine              0.5234±0.0277      0.6796±0.0219      0.9679±0.0212      0.9558±0.0172      0.8093±0.0452      0.1000±0.0000      0.8416±0.0161      0.7814±0.0231      5
detector | random7:3-4-8-10-11-12-14 | mahalanobis_refit candidate_ref                 0.5234±0.0277      0.6796±0.0219      0.9679±0.0212      0.9558±0.0172      0.8093±0.0452      0.1000±0.0000      0.8416±0.0161      0.7814±0.0231      5
detector | random7:3-4-8-10-11-12-14 | mahalanobis_refit restarts4                     0.5234±0.0277      0.6796±0.0219      0.9679±0.0212      0.9558±0.0172      0.8093±0.0452      0.1000±0.0000      0.8416±0.0161      0.7814±0.0231      5
detector | single_sensor_0 | gmm_impute        restarts4_cosine              0.5017±0.0153      0.5053±0.0348      0.6238±0.0422      0.5883±0.0561      0.5261±0.0502      0.1000±0.0000      0.5925±0.0201      0.5463±0.0118      5
detector | single_sensor_0 | gmm_impute        candidate_ref                 0.5017±0.0153      0.5053±0.0348      0.6238±0.0422      0.5883±0.0561      0.5261±0.0502      0.1000±0.0000      0.5925±0.0201      0.5463±0.0118      5
detector | single_sensor_0 | gmm_impute        restarts4                     0.5017±0.0153      0.5053±0.0348      0.6238±0.0422      0.5883±0.0561      0.5261±0.0502      0.1000±0.0000      0.5925±0.0201      0.5463±0.0118      5
detector | single_sensor_0 | gmm_refit         restarts4_cosine              0.5103±0.0220      0.4844±0.0124      0.6462±0.0506      0.5983±0.0309      0.5323±0.0492      0.1000±0.0000      0.6038±0.0166      0.5522±0.0121      5
detector | single_sensor_0 | gmm_refit         candidate_ref                 0.5103±0.0220      0.4844±0.0124      0.6462±0.0506      0.5983±0.0309      0.5323±0.0492      0.1000±0.0000      0.6038±0.0166      0.5522±0.0121      5
detector | single_sensor_0 | gmm_refit         restarts4                     0.5103±0.0220      0.4844±0.0124      0.6462±0.0506      0.5983±0.0309      0.5323±0.0492      0.1000±0.0000      0.6038±0.0166      0.5522±0.0121      5
detector | single_sensor_0 | knn_impute        restarts4_cosine              0.5019±0.0184      0.5087±0.0381      0.6202±0.0248      0.5938±0.0433      0.5253±0.0378      0.1000±0.0000      0.5958±0.0183      0.5472±0.0136      5
detector | single_sensor_0 | knn_impute        candidate_ref                 0.5019±0.0184      0.5087±0.0381      0.6202±0.0248      0.5938±0.0433      0.5253±0.0378      0.1000±0.0000      0.5958±0.0183      0.5472±0.0136      5
detector | single_sensor_0 | knn_impute        restarts4                     0.5019±0.0184      0.5087±0.0381      0.6202±0.0248      0.5938±0.0433      0.5253±0.0378      0.1000±0.0000      0.5958±0.0183      0.5472±0.0136      5
detector | single_sensor_0 | knn_refit         restarts4_cosine              0.4981±0.0334      0.4424±0.0104      0.6435±0.0428      0.5972±0.0358      0.5365±0.0525      0.1000±0.0000      0.5973±0.0191      0.5414±0.0170      5
detector | single_sensor_0 | knn_refit         candidate_ref                 0.4981±0.0334      0.4424±0.0104      0.6435±0.0428      0.5972±0.0358      0.5365±0.0525      0.1000±0.0000      0.5973±0.0191      0.5414±0.0170      5
detector | single_sensor_0 | knn_refit         restarts4                     0.4981±0.0334      0.4424±0.0104      0.6435±0.0428      0.5972±0.0358      0.5365±0.0525      0.1000±0.0000      0.5973±0.0191      0.5414±0.0170      5
detector | single_sensor_0 | mahalanobis_impute restarts4_cosine              0.5018±0.0201      0.5047±0.0320      0.6218±0.0463      0.5878±0.0527      0.5258±0.0577      0.1000±0.0000      0.5941±0.0191      0.5455±0.0139      5
detector | single_sensor_0 | mahalanobis_impute candidate_ref                 0.5018±0.0201      0.5047±0.0320      0.6218±0.0463      0.5878±0.0527      0.5258±0.0577      0.1000±0.0000      0.5941±0.0191      0.5455±0.0139      5
detector | single_sensor_0 | mahalanobis_impute restarts4                     0.5018±0.0201      0.5047±0.0320      0.6218±0.0463      0.5878±0.0527      0.5258±0.0577      0.1000±0.0000      0.5941±0.0191      0.5455±0.0139      5
detector | single_sensor_0 | mahalanobis_refit restarts4_cosine              0.5130±0.0246      0.4903±0.0141      0.6409±0.0520      0.5984±0.0348      0.5318±0.0537      0.1000±0.0000      0.6031±0.0168      0.5525±0.0138      5
detector | single_sensor_0 | mahalanobis_refit candidate_ref                 0.5130±0.0246      0.4903±0.0141      0.6409±0.0520      0.5984±0.0348      0.5318±0.0537      0.1000±0.0000      0.6031±0.0168      0.5525±0.0138      5
detector | single_sensor_0 | mahalanobis_refit restarts4                     0.5130±0.0246      0.4903±0.0141      0.6409±0.0520      0.5984±0.0348      0.5318±0.0537      0.1000±0.0000      0.6031±0.0168      0.5525±0.0138      5
independent | bank0:0-1-2-4-5-7-8 | circuit    restarts4_cosine              0.4923±0.0249      0.5084±0.0468      0.9455±0.0055      0.9268±0.0201      0.8107±0.0230      0.1000±0.0000      0.7974±0.0193      0.7315±0.0191      5
independent | bank0:0-1-2-4-5-7-8 | circuit    candidate_ref                 0.4868±0.0309      0.5016±0.0508      0.9466±0.0150      0.9202±0.0256      0.8193±0.0087      0.1000±0.0000      0.7963±0.0245      0.7306±0.0236      5
independent | bank0:0-1-2-4-5-7-8 | circuit    restarts4                     0.4827±0.0225      0.5022±0.0518      0.9489±0.0065      0.9263±0.0187      0.8194±0.0093      0.1000±0.0000      0.7975±0.0212      0.7316±0.0191      5
independent | bank0:0-1-2-4-5-7-8 | gaussian_fitted restarts4_cosine              0.4741±0.0238      0.5169±0.0392      0.8883±0.0224      0.8576±0.0277      0.7905±0.0336      0.1000±0.0000      0.7513±0.0124      0.7011±0.0160      5
independent | bank0:0-1-2-4-5-7-8 | gaussian_fitted candidate_ref                 0.4741±0.0238      0.5169±0.0392      0.8883±0.0224      0.8576±0.0277      0.7905±0.0336      0.1000±0.0000      0.7513±0.0124      0.7011±0.0160      5
independent | bank0:0-1-2-4-5-7-8 | gaussian_fitted restarts4                     0.4741±0.0238      0.5169±0.0392      0.8883±0.0224      0.8576±0.0277      0.7905±0.0336      0.1000±0.0000      0.7513±0.0124      0.7011±0.0160      5
independent | bank1:3 | circuit                restarts4_cosine              0.5024±0.0255      0.5117±0.0360      0.9851±0.0098      0.9823±0.0146      0.8754±0.0533      0.1000±0.0000      0.8233±0.0234      0.7664±0.0237      5
independent | bank1:3 | circuit                candidate_ref                 0.5002±0.0247      0.5083±0.0355      0.9833±0.0167      0.9775±0.0318      0.8913±0.0552      0.1000±0.0000      0.8236±0.0349      0.7685±0.0353      5
independent | bank1:3 | circuit                restarts4                     0.4943±0.0169      0.5110±0.0412      0.9900±0.0076      0.9859±0.0145      0.9013±0.0388      0.1000±0.0000      0.8291±0.0237      0.7726±0.0242      5
independent | bank1:3 | gaussian_fitted        restarts4_cosine              0.5030±0.0185      0.5012±0.0419      0.9903±0.0061      0.9706±0.0127      0.9446±0.0247      0.1000±0.0000      0.8387±0.0182      0.7787±0.0209      5
independent | bank1:3 | gaussian_fitted        candidate_ref                 0.5030±0.0185      0.5012±0.0419      0.9903±0.0061      0.9706±0.0127      0.9446±0.0247      0.1000±0.0000      0.8387±0.0182      0.7787±0.0209      5
independent | bank1:3 | gaussian_fitted        restarts4                     0.5030±0.0185      0.5012±0.0419      0.9903±0.0061      0.9706±0.0127      0.9446±0.0247      0.1000±0.0000      0.8387±0.0182      0.7787±0.0209      5
independent | bank2:6-10 | circuit             restarts4_cosine              0.5010±0.0251      0.5220±0.0372      0.9733±0.0262      0.9783±0.0145      0.8448±0.0801      0.1000±0.0000      0.8165±0.0280      0.7584±0.0286      5
independent | bank2:6-10 | circuit             candidate_ref                 0.4928±0.0183      0.5193±0.0344      0.9718±0.0268      0.9744±0.0286      0.8561±0.0761      0.1000±0.0000      0.8143±0.0401      0.7585±0.0383      5
independent | bank2:6-10 | circuit             restarts4                     0.4904±0.0145      0.5234±0.0440      0.9811±0.0186      0.9854±0.0100      0.8738±0.0545      0.1000±0.0000      0.8231±0.0280      0.7664±0.0274      5
independent | bank2:6-10 | gaussian_fitted     restarts4_cosine              0.4794±0.0236      0.5356±0.0449      0.9545±0.0210      0.9255±0.0398      0.8626±0.0458      0.1000±0.0000      0.7915±0.0211      0.7466±0.0187      5
independent | bank2:6-10 | gaussian_fitted     candidate_ref                 0.4794±0.0236      0.5356±0.0449      0.9545±0.0210      0.9255±0.0398      0.8626±0.0458      0.1000±0.0000      0.7915±0.0211      0.7466±0.0187      5
independent | bank2:6-10 | gaussian_fitted     restarts4                     0.4794±0.0236      0.5356±0.0449      0.9545±0.0210      0.9255±0.0398      0.8626±0.0458      0.1000±0.0000      0.7915±0.0211      0.7466±0.0187      5
independent | full | circuit                   restarts4_cosine              0.4993±0.0273      0.5148±0.0370      0.9896±0.0086      0.9892±0.0124      0.8990±0.0478      0.1000±0.0000      0.8309±0.0228      0.7736±0.0239      5
independent | full | circuit                   candidate_ref                 0.4948±0.0273      0.5127±0.0369      0.9885±0.0127      0.9848±0.0244      0.9047±0.0489      0.1000±0.0000      0.8290±0.0336      0.7733±0.0349      5
independent | full | circuit                   restarts4                     0.4909±0.0176      0.5165±0.0454      0.9934±0.0076      0.9920±0.0108      0.9197±0.0247      0.1000±0.0000      0.8349±0.0234      0.7787±0.0238      5
independent | full | gaussian_fitted           restarts4_cosine              0.4838±0.0232      0.5233±0.0385      0.9781±0.0111      0.9503±0.0230      0.9159±0.0183      0.1000±0.0000      0.8190±0.0136      0.7663±0.0172      5
independent | full | gaussian_fitted           candidate_ref                 0.4838±0.0232      0.5233±0.0385      0.9781±0.0111      0.9503±0.0230      0.9159±0.0183      0.1000±0.0000      0.8190±0.0136      0.7663±0.0172      5
independent | full | gaussian_fitted           restarts4                     0.4838±0.0232      0.5233±0.0385      0.9781±0.0111      0.9503±0.0230      0.9159±0.0183      0.1000±0.0000      0.8190±0.0136      0.7663±0.0172      5
independent | random1:1 | circuit              restarts4_cosine              0.4991±0.0266      0.5149±0.0383      0.9886±0.0070      0.9841±0.0182      0.8910±0.0415      0.1000±0.0000      0.8292±0.0215      0.7707±0.0224      5
independent | random1:1 | circuit              candidate_ref                 0.4936±0.0285      0.5128±0.0406      0.9878±0.0113      0.9791±0.0317      0.8979±0.0426      0.1000±0.0000      0.8274±0.0328      0.7704±0.0334      5
independent | random1:1 | circuit              restarts4                     0.4906±0.0174      0.5166±0.0473      0.9932±0.0073      0.9880±0.0156      0.9129±0.0200      0.1000±0.0000      0.8336±0.0223      0.7765±0.0222      5
independent | random1:1 | gaussian_fitted      restarts4_cosine              0.4826±0.0252      0.5217±0.0399      0.9771±0.0131      0.9449±0.0184      0.9083±0.0183      0.1000±0.0000      0.8166±0.0141      0.7629±0.0177      5
independent | random1:1 | gaussian_fitted      candidate_ref                 0.4826±0.0252      0.5217±0.0399      0.9771±0.0131      0.9449±0.0184      0.9083±0.0183      0.1000±0.0000      0.8166±0.0141      0.7629±0.0177      5
independent | random1:1 | gaussian_fitted      restarts4                     0.4826±0.0252      0.5217±0.0399      0.9771±0.0131      0.9449±0.0184      0.9083±0.0183      0.1000±0.0000      0.8166±0.0141      0.7629±0.0177      5
independent | random3:5-8-14 | circuit         restarts4_cosine              0.5025±0.0213      0.5121±0.0449      0.9865±0.0080      0.9615±0.0180      0.8747±0.0508      0.1000±0.0000      0.8215±0.0241      0.7626±0.0253      5
independent | random3:5-8-14 | circuit         candidate_ref                 0.4957±0.0214      0.5079±0.0374      0.9818±0.0212      0.9594±0.0271      0.8746±0.0541      0.1000±0.0000      0.8171±0.0351      0.7599±0.0348      5
independent | random3:5-8-14 | circuit         restarts4                     0.4903±0.0162      0.5121±0.0448      0.9905±0.0073      0.9666±0.0169      0.8808±0.0433      0.1000±0.0000      0.8222±0.0255      0.7640±0.0255      5
independent | random3:5-8-14 | gaussian_fitted restarts4_cosine              0.4821±0.0194      0.5223±0.0315      0.9515±0.0168      0.9141±0.0234      0.8655±0.0161      0.1000±0.0000      0.7945±0.0102      0.7427±0.0139      5
independent | random3:5-8-14 | gaussian_fitted candidate_ref                 0.4821±0.0194      0.5223±0.0315      0.9515±0.0168      0.9141±0.0234      0.8655±0.0161      0.1000±0.0000      0.7945±0.0102      0.7427±0.0139      5
independent | random3:5-8-14 | gaussian_fitted restarts4                     0.4821±0.0194      0.5223±0.0315      0.9515±0.0168      0.9141±0.0234      0.8655±0.0161      0.1000±0.0000      0.7945±0.0102      0.7427±0.0139      5
independent | random7:3-4-8-10-11-12-14 | circuit restarts4_cosine              0.5171±0.0289      0.5079±0.0346      0.9354±0.0314      0.9154±0.0273      0.7510±0.0845      0.1000±0.0000      0.7817±0.0269      0.7197±0.0281      5
independent | random7:3-4-8-10-11-12-14 | circuit candidate_ref                 0.5171±0.0318      0.5085±0.0261      0.9386±0.0334      0.9192±0.0372      0.7794±0.0679      0.1000±0.0000      0.7892±0.0313      0.7281±0.0327      5
independent | random7:3-4-8-10-11-12-14 | circuit restarts4                     0.5109±0.0323      0.5108±0.0290      0.9442±0.0282      0.9251±0.0246      0.7805±0.0671      0.1000±0.0000      0.7926±0.0247      0.7295±0.0280      5
independent | random7:3-4-8-10-11-12-14 | gaussian_fitted restarts4_cosine              0.5203±0.0283      0.5061±0.0229      0.9427±0.0312      0.9081±0.0177      0.8038±0.0504      0.1000±0.0000      0.7963±0.0219      0.7315±0.0270      5
independent | random7:3-4-8-10-11-12-14 | gaussian_fitted candidate_ref                 0.5203±0.0283      0.5061±0.0229      0.9427±0.0312      0.9081±0.0177      0.8038±0.0504      0.1000±0.0000      0.7963±0.0219      0.7315±0.0270      5
independent | random7:3-4-8-10-11-12-14 | gaussian_fitted restarts4                     0.5203±0.0283      0.5061±0.0229      0.9427±0.0312      0.9081±0.0177      0.8038±0.0504      0.1000±0.0000      0.7963±0.0219      0.7315±0.0270      5
independent | single_sensor_0 | circuit        restarts4_cosine              0.5158±0.0220      0.4974±0.0116      0.6411±0.0505      0.5967±0.0405      0.5330±0.0461      0.1000±0.0000      0.6049±0.0188      0.5547±0.0150      5
independent | single_sensor_0 | circuit        candidate_ref                 0.5140±0.0218      0.4867±0.0152      0.6325±0.0531      0.5982±0.0394      0.5337±0.0490      0.1000±0.0000      0.6025±0.0202      0.5514±0.0168      5
independent | single_sensor_0 | circuit        restarts4                     0.5191±0.0196      0.4858±0.0147      0.6343±0.0499      0.5970±0.0403      0.5342±0.0501      0.1000±0.0000      0.6038±0.0184      0.5526±0.0142      5
independent | single_sensor_0 | gaussian_fitted restarts4_cosine              0.5131±0.0247      0.4904±0.0142      0.6408±0.0520      0.5984±0.0349      0.5318±0.0538      0.1000±0.0000      0.6032±0.0169      0.5525±0.0138      5
independent | single_sensor_0 | gaussian_fitted candidate_ref                 0.5131±0.0247      0.4904±0.0142      0.6408±0.0520      0.5984±0.0349      0.5318±0.0538      0.1000±0.0000      0.6032±0.0169      0.5525±0.0138      5
independent | single_sensor_0 | gaussian_fitted restarts4                     0.5131±0.0247      0.4904±0.0142      0.6408±0.0520      0.5984±0.0349      0.5318±0.0538      0.1000±0.0000      0.6032±0.0169      0.5525±0.0138      5
joint | bank0:0-1-2-4-5-7-8 | circuit          restarts4_cosine              0.4971±0.0261      0.6119±0.0507      0.9586±0.0108      0.9496±0.0090      0.8185±0.0240      0.1000±0.0000      0.8238±0.0172      0.7619±0.0167      5
joint | bank0:0-1-2-4-5-7-8 | circuit          candidate_ref                 0.4858±0.0246      0.6163±0.0534      0.9596±0.0152      0.9428±0.0092      0.8300±0.0153      0.1000±0.0000      0.8223±0.0200      0.7618±0.0197      5
joint | bank0:0-1-2-4-5-7-8 | circuit          restarts4                     0.4831±0.0223      0.6192±0.0556      0.9624±0.0090      0.9453±0.0079      0.8262±0.0149      0.1000±0.0000      0.8236±0.0195      0.7622±0.0185      5
joint | bank0:0-1-2-4-5-7-8 | gaussian_fitted  restarts4_cosine              0.4753±0.0257      0.6507±0.0441      0.9391±0.0247      0.9319±0.0165      0.7930±0.0319      0.1000±0.0000      0.8070±0.0099      0.7522±0.0119      5
joint | bank0:0-1-2-4-5-7-8 | gaussian_fitted  candidate_ref                 0.4753±0.0257      0.6507±0.0441      0.9391±0.0247      0.9319±0.0165      0.7930±0.0319      0.1000±0.0000      0.8070±0.0099      0.7522±0.0119      5
joint | bank0:0-1-2-4-5-7-8 | gaussian_fitted  restarts4                     0.4753±0.0257      0.6507±0.0441      0.9391±0.0247      0.9319±0.0165      0.7930±0.0319      0.1000±0.0000      0.8070±0.0099      0.7522±0.0119      5
joint | bank1:3 | circuit                      restarts4_cosine              0.5084±0.0274      0.7188±0.0338      0.9982±0.0019      0.9990±0.0017      0.9028±0.0390      0.1000±0.0000      0.8678±0.0192      0.8196±0.0236      5
joint | bank1:3 | circuit                      candidate_ref                 0.4994±0.0265      0.7381±0.0380      0.9982±0.0021      0.9999±0.0001      0.9231±0.0329      0.1000±0.0000      0.8733±0.0227      0.8262±0.0287      5
joint | bank1:3 | circuit                      restarts4                     0.4985±0.0274      0.7425±0.0337      0.9986±0.0021      0.9999±0.0001      0.9236±0.0328      0.1000±0.0000      0.8743±0.0216      0.8272±0.0271      5
joint | bank1:3 | gaussian_fitted              restarts4_cosine              0.5113±0.0233      0.7902±0.0221      0.9996±0.0009      0.9999±0.0001      0.9486±0.0259      0.1000±0.0000      0.8910±0.0161      0.8448±0.0222      5
joint | bank1:3 | gaussian_fitted              candidate_ref                 0.5113±0.0233      0.7902±0.0221      0.9996±0.0009      0.9999±0.0001      0.9486±0.0259      0.1000±0.0000      0.8910±0.0161      0.8448±0.0222      5
joint | bank1:3 | gaussian_fitted              restarts4                     0.5113±0.0233      0.7902±0.0221      0.9996±0.0009      0.9999±0.0001      0.9486±0.0259      0.1000±0.0000      0.8910±0.0161      0.8448±0.0222      5
joint | bank2:6-10 | circuit                   restarts4_cosine              0.5052±0.0263      0.6937±0.0400      0.9922±0.0059      0.9963±0.0044      0.8762±0.0655      0.1000±0.0000      0.8570±0.0188      0.8067±0.0209      5
joint | bank2:6-10 | circuit                   candidate_ref                 0.4937±0.0234      0.7152±0.0307      0.9932±0.0046      0.9963±0.0054      0.8964±0.0629      0.1000±0.0000      0.8620±0.0243      0.8132±0.0257      5
joint | bank2:6-10 | circuit                   restarts4                     0.4941±0.0239      0.7192±0.0331      0.9947±0.0034      0.9969±0.0056      0.9007±0.0543      0.1000±0.0000      0.8649±0.0222      0.8155±0.0249      5
joint | bank2:6-10 | gaussian_fitted           restarts4_cosine              0.4855±0.0165      0.7281±0.0438      0.9943±0.0064      0.9958±0.0063      0.8762±0.0414      0.1000±0.0000      0.8568±0.0091      0.8097±0.0107      5
joint | bank2:6-10 | gaussian_fitted           candidate_ref                 0.4855±0.0165      0.7281±0.0438      0.9943±0.0064      0.9958±0.0063      0.8762±0.0414      0.1000±0.0000      0.8568±0.0091      0.8097±0.0107      5
joint | bank2:6-10 | gaussian_fitted           restarts4                     0.4855±0.0165      0.7281±0.0438      0.9943±0.0064      0.9958±0.0063      0.8762±0.0414      0.1000±0.0000      0.8568±0.0091      0.8097±0.0107      5
joint | full | circuit                         restarts4_cosine              0.5059±0.0279      0.7203±0.0359      0.9994±0.0009      0.9998±0.0003      0.9248±0.0340      0.1000±0.0000      0.8723±0.0180      0.8247±0.0212      5
joint | full | circuit                         candidate_ref                 0.4949±0.0257      0.7392±0.0344      0.9996±0.0007      0.9999±0.0003      0.9405±0.0248      0.1000±0.0000      0.8759±0.0212      0.8295±0.0247      5
joint | full | circuit                         restarts4                     0.4944±0.0264      0.7431±0.0335      0.9999±0.0001      1.0000±0.0001      0.9396±0.0283      0.1000±0.0000      0.8770±0.0216      0.8303±0.0257      5
joint | full | gaussian_fitted                 restarts4_cosine              0.4901±0.0192      0.7654±0.0309      0.9993±0.0010      0.9995±0.0004      0.9254±0.0181      0.1000±0.0000      0.8753±0.0098      0.8306±0.0138      5
joint | full | gaussian_fitted                 candidate_ref                 0.4901±0.0192      0.7654±0.0309      0.9993±0.0010      0.9995±0.0004      0.9254±0.0181      0.1000±0.0000      0.8753±0.0098      0.8306±0.0138      5
joint | full | gaussian_fitted                 restarts4                     0.4901±0.0192      0.7654±0.0309      0.9993±0.0010      0.9995±0.0004      0.9254±0.0181      0.1000±0.0000      0.8753±0.0098      0.8306±0.0138      5
joint | random1:1 | circuit                    restarts4_cosine              0.5055±0.0267      0.7165±0.0380      0.9995±0.0007      0.9991±0.0015      0.9150±0.0298      0.1000±0.0000      0.8702±0.0176      0.8216±0.0207      5
joint | random1:1 | circuit                    candidate_ref                 0.4953±0.0241      0.7354±0.0382      0.9995±0.0006      0.9985±0.0021      0.9323±0.0190      0.1000±0.0000      0.8738±0.0203      0.8268±0.0238      5
joint | random1:1 | circuit                    restarts4                     0.4948±0.0236      0.7378±0.0389      0.9998±0.0004      0.9989±0.0015      0.9320±0.0216      0.1000±0.0000      0.8747±0.0213      0.8275±0.0252      5
joint | random1:1 | gaussian_fitted            restarts4_cosine              0.4880±0.0218      0.7609±0.0313      0.9993±0.0010      0.9995±0.0007      0.9170±0.0190      0.1000±0.0000      0.8731±0.0102      0.8273±0.0138      5
joint | random1:1 | gaussian_fitted            candidate_ref                 0.4880±0.0218      0.7609±0.0313      0.9993±0.0010      0.9995±0.0007      0.9170±0.0190      0.1000±0.0000      0.8731±0.0102      0.8273±0.0138      5
joint | random1:1 | gaussian_fitted            restarts4                     0.4880±0.0218      0.7609±0.0313      0.9993±0.0010      0.9995±0.0007      0.9170±0.0190      0.1000±0.0000      0.8731±0.0102      0.8273±0.0138      5
joint | random3:5-8-14 | circuit               restarts4_cosine              0.4993±0.0237      0.7001±0.0426      0.9994±0.0008      0.9884±0.0119      0.8912±0.0443      0.1000±0.0000      0.8615±0.0178      0.8104±0.0200      5
joint | random3:5-8-14 | circuit               candidate_ref                 0.4929±0.0235      0.7041±0.0294      0.9986±0.0020      0.9880±0.0105      0.8984±0.0393      0.1000±0.0000      0.8610±0.0222      0.8110±0.0256      5
joint | random3:5-8-14 | circuit               restarts4                     0.4899±0.0275      0.7103±0.0315      0.9997±0.0004      0.9889±0.0103      0.8966±0.0446      0.1000±0.0000      0.8626±0.0214      0.8118±0.0251      5
joint | random3:5-8-14 | gaussian_fitted       restarts4_cosine              0.4834±0.0215      0.7230±0.0365      0.9935±0.0046      0.9873±0.0108      0.8749±0.0167      0.1000±0.0000      0.8551±0.0068      0.8063±0.0093      5
joint | random3:5-8-14 | gaussian_fitted       candidate_ref                 0.4834±0.0215      0.7230±0.0365      0.9935±0.0046      0.9873±0.0108      0.8749±0.0167      0.1000±0.0000      0.8551±0.0068      0.8063±0.0093      5
joint | random3:5-8-14 | gaussian_fitted       restarts4                     0.4834±0.0215      0.7230±0.0365      0.9935±0.0046      0.9873±0.0108      0.8749±0.0167      0.1000±0.0000      0.8551±0.0068      0.8063±0.0093      5
joint | random7:3-4-8-10-11-12-14 | circuit    restarts4_cosine              0.5208±0.0383      0.6200±0.0315      0.9587±0.0237      0.9522±0.0157      0.7650±0.0712      0.1000±0.0000      0.8154±0.0250      0.7569±0.0275      5
joint | random7:3-4-8-10-11-12-14 | circuit    candidate_ref                 0.5164±0.0345      0.6403±0.0335      0.9626±0.0249      0.9540±0.0151      0.7895±0.0579      0.1000±0.0000      0.8257±0.0252      0.7669±0.0313      5
joint | random7:3-4-8-10-11-12-14 | circuit    restarts4                     0.5112±0.0386      0.6524±0.0434      0.9667±0.0198      0.9573±0.0100      0.7931±0.0529      0.1000±0.0000      0.8285±0.0205      0.7705±0.0253      5
joint | random7:3-4-8-10-11-12-14 | gaussian_fitted restarts4_cosine              0.5238±0.0275      0.6809±0.0223      0.9681±0.0211      0.9559±0.0171      0.8101±0.0461      0.1000±0.0000      0.8422±0.0160      0.7820±0.0231      5
joint | random7:3-4-8-10-11-12-14 | gaussian_fitted candidate_ref                 0.5238±0.0275      0.6809±0.0223      0.9681±0.0211      0.9559±0.0171      0.8101±0.0461      0.1000±0.0000      0.8422±0.0160      0.7820±0.0231      5
joint | random7:3-4-8-10-11-12-14 | gaussian_fitted restarts4                     0.5238±0.0275      0.6809±0.0223      0.9681±0.0211      0.9559±0.0171      0.8101±0.0461      0.1000±0.0000      0.8422±0.0160      0.7820±0.0231      5
joint | single_sensor_0 | circuit              restarts4_cosine              0.5158±0.0220      0.4974±0.0116      0.6411±0.0505      0.5967±0.0405      0.5330±0.0461      0.1000±0.0000      0.6049±0.0188      0.5547±0.0150      5
joint | single_sensor_0 | circuit              candidate_ref                 0.5140±0.0218      0.4867±0.0152      0.6325±0.0531      0.5982±0.0394      0.5337±0.0490      0.1000±0.0000      0.6025±0.0202      0.5514±0.0168      5
joint | single_sensor_0 | circuit              restarts4                     0.5191±0.0196      0.4858±0.0147      0.6343±0.0499      0.5970±0.0403      0.5342±0.0501      0.1000±0.0000      0.6038±0.0184      0.5526±0.0142      5
joint | single_sensor_0 | gaussian_fitted      restarts4_cosine              0.5131±0.0247      0.4904±0.0142      0.6408±0.0520      0.5984±0.0349      0.5318±0.0538      0.1000±0.0000      0.6032±0.0169      0.5525±0.0138      5
joint | single_sensor_0 | gaussian_fitted      candidate_ref                 0.5131±0.0247      0.4904±0.0142      0.6408±0.0520      0.5984±0.0349      0.5318±0.0538      0.1000±0.0000      0.6032±0.0169      0.5525±0.0138      5
joint | single_sensor_0 | gaussian_fitted      restarts4                     0.5131±0.0247      0.4904±0.0142      0.6408±0.0520      0.5984±0.0349      0.5318±0.0538      0.1000±0.0000      0.6032±0.0169      0.5525±0.0138      5
marginal_max | bank0:0-1-2-4-5-7-8 | circuit   restarts4_cosine              0.4904±0.0163      0.5141±0.0564      0.9595±0.0145      0.9411±0.0170      0.8283±0.0268      0.1000±0.0000      0.8113±0.0159      0.7428±0.0157      5
marginal_max | bank0:0-1-2-4-5-7-8 | circuit   candidate_ref                 0.4891±0.0124      0.5083±0.0532      0.9587±0.0173      0.9361±0.0238      0.8220±0.0229      0.1000±0.0000      0.8084±0.0190      0.7391±0.0194      5
marginal_max | bank0:0-1-2-4-5-7-8 | circuit   restarts4                     0.4885±0.0151      0.5125±0.0581      0.9582±0.0184      0.9393±0.0191      0.8322±0.0357      0.1000±0.0000      0.8113±0.0172      0.7426±0.0181      5
marginal_max | bank0:0-1-2-4-5-7-8 | gaussian_fitted restarts4_cosine              0.4583±0.0208      0.5265±0.0416      0.8802±0.0181      0.8349±0.0289      0.8027±0.0375      0.1000±0.0000      0.7345±0.0142      0.6971±0.0165      5
marginal_max | bank0:0-1-2-4-5-7-8 | gaussian_fitted candidate_ref                 0.4583±0.0208      0.5265±0.0416      0.8802±0.0181      0.8349±0.0289      0.8027±0.0375      0.1000±0.0000      0.7345±0.0142      0.6971±0.0165      5
marginal_max | bank0:0-1-2-4-5-7-8 | gaussian_fitted restarts4                     0.4583±0.0208      0.5265±0.0416      0.8802±0.0181      0.8349±0.0289      0.8027±0.0375      0.1000±0.0000      0.7345±0.0142      0.6971±0.0165      5
marginal_max | bank1:3 | circuit               restarts4_cosine              0.4975±0.0197      0.5227±0.0657      0.9967±0.0037      0.9984±0.0024      0.9614±0.0190      0.1000±0.0000      0.8536±0.0175      0.7929±0.0186      5
marginal_max | bank1:3 | circuit               candidate_ref                 0.4911±0.0157      0.5180±0.0549      0.9954±0.0053      0.9969±0.0045      0.9679±0.0112      0.1000±0.0000      0.8528±0.0188      0.7913±0.0202      5
marginal_max | bank1:3 | circuit               restarts4                     0.4931±0.0134      0.5205±0.0592      0.9956±0.0050      0.9978±0.0030      0.9725±0.0158      0.1000±0.0000      0.8545±0.0174      0.7936±0.0194      5
marginal_max | bank1:3 | gaussian_fitted       restarts4_cosine              0.4794±0.0186      0.5255±0.0518      0.9966±0.0034      0.9635±0.0169      0.9802±0.0134      0.1000±0.0000      0.8487±0.0171      0.7870±0.0198      5
marginal_max | bank1:3 | gaussian_fitted       candidate_ref                 0.4794±0.0186      0.5255±0.0518      0.9966±0.0034      0.9635±0.0169      0.9802±0.0134      0.1000±0.0000      0.8487±0.0171      0.7870±0.0198      5
marginal_max | bank1:3 | gaussian_fitted       restarts4                     0.4794±0.0186      0.5255±0.0518      0.9966±0.0034      0.9635±0.0169      0.9802±0.0134      0.1000±0.0000      0.8487±0.0171      0.7870±0.0198      5
marginal_max | bank2:6-10 | circuit            restarts4_cosine              0.4975±0.0197      0.5227±0.0657      0.9889±0.0092      0.9952±0.0047      0.9252±0.0411      0.1000±0.0000      0.8457±0.0174      0.7827±0.0175      5
marginal_max | bank2:6-10 | circuit            candidate_ref                 0.4911±0.0157      0.5180±0.0549      0.9889±0.0073      0.9925±0.0084      0.9205±0.0425      0.1000±0.0000      0.8428±0.0208      0.7787±0.0206      5
marginal_max | bank2:6-10 | circuit            restarts4                     0.4931±0.0134      0.5205±0.0592      0.9891±0.0072      0.9955±0.0040      0.9340±0.0229      0.1000±0.0000      0.8466±0.0173      0.7833±0.0175      5
marginal_max | bank2:6-10 | gaussian_fitted    restarts4_cosine              0.4602±0.0186      0.5361±0.0397      0.8822±0.0394      0.8691±0.0444      0.8742±0.0551      0.1000±0.0000      0.7184±0.0449      0.7209±0.0183      5
marginal_max | bank2:6-10 | gaussian_fitted    candidate_ref                 0.4602±0.0186      0.5361±0.0397      0.8822±0.0394      0.8691±0.0444      0.8742±0.0551      0.1000±0.0000      0.7184±0.0449      0.7209±0.0183      5
marginal_max | bank2:6-10 | gaussian_fitted    restarts4                     0.4602±0.0186      0.5361±0.0397      0.8822±0.0394      0.8691±0.0444      0.8742±0.0551      0.1000±0.0000      0.7184±0.0449      0.7209±0.0183      5
marginal_max | full | circuit                  restarts4_cosine              0.4975±0.0197      0.5227±0.0657      0.9985±0.0023      0.9989±0.0024      0.9690±0.0085      0.1000±0.0000      0.8555±0.0165      0.7949±0.0171      5
marginal_max | full | circuit                  candidate_ref                 0.4911±0.0157      0.5180±0.0549      0.9982±0.0028      0.9978±0.0045      0.9714±0.0127      0.1000±0.0000      0.8541±0.0200      0.7928±0.0216      5
marginal_max | full | circuit                  restarts4                     0.4931±0.0134      0.5205±0.0592      0.9984±0.0024      0.9986±0.0027      0.9795±0.0096      0.1000±0.0000      0.8563±0.0177      0.7958±0.0197      5
marginal_max | full | gaussian_fitted          restarts4_cosine              0.4602±0.0186      0.5361±0.0397      0.9335±0.0262      0.9012±0.0321      0.9237±0.0306      0.1000±0.0000      0.7797±0.0202      0.7482±0.0170      5
marginal_max | full | gaussian_fitted          candidate_ref                 0.4602±0.0186      0.5361±0.0397      0.9335±0.0262      0.9012±0.0321      0.9237±0.0306      0.1000±0.0000      0.7797±0.0202      0.7482±0.0170      5
marginal_max | full | gaussian_fitted          restarts4                     0.4602±0.0186      0.5361±0.0397      0.9335±0.0262      0.9012±0.0321      0.9237±0.0306      0.1000±0.0000      0.7797±0.0202      0.7482±0.0170      5
marginal_max | random1:1 | circuit             restarts4_cosine              0.4930±0.0240      0.5166±0.0615      0.9988±0.0021      0.9980±0.0028      0.9552±0.0129      0.1000±0.0000      0.8517±0.0162      0.7896±0.0181      5
marginal_max | random1:1 | circuit             candidate_ref                 0.4886±0.0218      0.5062±0.0529      0.9986±0.0025      0.9934±0.0129      0.9524±0.0151      0.1000±0.0000      0.8489±0.0198      0.7854±0.0207      5
marginal_max | random1:1 | circuit             restarts4                     0.4977±0.0137      0.5081±0.0555      0.9987±0.0022      0.9984±0.0023      0.9641±0.0125      0.1000±0.0000      0.8528±0.0171      0.7909±0.0191      5
marginal_max | random1:1 | gaussian_fitted     restarts4_cosine              0.4575±0.0239      0.5287±0.0377      0.9332±0.0264      0.8965±0.0318      0.9146±0.0287      0.1000±0.0000      0.7767±0.0198      0.7433±0.0152      5
marginal_max | random1:1 | gaussian_fitted     candidate_ref                 0.4575±0.0239      0.5287±0.0377      0.9332±0.0264      0.8965±0.0318      0.9146±0.0287      0.1000±0.0000      0.7767±0.0198      0.7433±0.0152      5
marginal_max | random1:1 | gaussian_fitted     restarts4                     0.4575±0.0239      0.5287±0.0377      0.9332±0.0264      0.8965±0.0318      0.9146±0.0287      0.1000±0.0000      0.7767±0.0198      0.7433±0.0152      5
marginal_max | random3:5-8-14 | circuit        restarts4_cosine              0.5057±0.0148      0.5158±0.0481      0.9956±0.0066      0.9843±0.0093      0.9247±0.0270      0.1000±0.0000      0.8442±0.0207      0.7823±0.0224      5
marginal_max | random3:5-8-14 | circuit        candidate_ref                 0.4918±0.0124      0.5105±0.0382      0.9960±0.0053      0.9833±0.0090      0.9272±0.0318      0.1000±0.0000      0.8416±0.0246      0.7784±0.0265      5
marginal_max | random3:5-8-14 | circuit        restarts4                     0.4941±0.0156      0.5114±0.0404      0.9952±0.0070      0.9848±0.0091      0.9329±0.0304      0.1000±0.0000      0.8438±0.0224      0.7805±0.0260      5
marginal_max | random3:5-8-14 | gaussian_fitted restarts4_cosine              0.4622±0.0173      0.5364±0.0347      0.9201±0.0226      0.8793±0.0389      0.8783±0.0207      0.1000±0.0000      0.7607±0.0175      0.7320±0.0149      5
marginal_max | random3:5-8-14 | gaussian_fitted candidate_ref                 0.4622±0.0173      0.5364±0.0347      0.9201±0.0226      0.8793±0.0389      0.8783±0.0207      0.1000±0.0000      0.7607±0.0175      0.7320±0.0149      5
marginal_max | random3:5-8-14 | gaussian_fitted restarts4                     0.4622±0.0173      0.5364±0.0347      0.9201±0.0226      0.8793±0.0389      0.8783±0.0207      0.1000±0.0000      0.7607±0.0175      0.7320±0.0149      5
marginal_max | random7:3-4-8-10-11-12-14 | circuit restarts4_cosine              0.5081±0.0175      0.5145±0.0467      0.9647±0.0226      0.9503±0.0154      0.8093±0.0653      0.1000±0.0000      0.8127±0.0207      0.7452±0.0234      5
marginal_max | random7:3-4-8-10-11-12-14 | circuit candidate_ref                 0.4983±0.0195      0.5137±0.0364      0.9587±0.0250      0.9393±0.0216      0.8160±0.0581      0.1000±0.0000      0.8100±0.0217      0.7409±0.0241      5
marginal_max | random7:3-4-8-10-11-12-14 | circuit restarts4                     0.4997±0.0207      0.5139±0.0375      0.9598±0.0236      0.9425±0.0196      0.8144±0.0607      0.1000±0.0000      0.8110±0.0199      0.7416±0.0229      5
marginal_max | random7:3-4-8-10-11-12-14 | gaussian_fitted restarts4_cosine              0.5044±0.0313      0.5150±0.0419      0.9591±0.0236      0.9074±0.0313      0.8159±0.0542      0.1000±0.0000      0.8055±0.0194      0.7359±0.0227      5
marginal_max | random7:3-4-8-10-11-12-14 | gaussian_fitted candidate_ref                 0.5044±0.0313      0.5150±0.0419      0.9591±0.0236      0.9074±0.0313      0.8159±0.0542      0.1000±0.0000      0.8055±0.0194      0.7359±0.0227      5
marginal_max | random7:3-4-8-10-11-12-14 | gaussian_fitted restarts4                     0.5044±0.0313      0.5150±0.0419      0.9591±0.0236      0.9074±0.0313      0.8159±0.0542      0.1000±0.0000      0.8055±0.0194      0.7359±0.0227      5
marginal_max | single_sensor_0 | circuit       restarts4_cosine              0.5158±0.0220      0.4974±0.0116      0.6411±0.0505      0.5967±0.0405      0.5330±0.0461      0.1000±0.0000      0.6049±0.0188      0.5547±0.0150      5
marginal_max | single_sensor_0 | circuit       candidate_ref                 0.5140±0.0218      0.4867±0.0152      0.6325±0.0531      0.5982±0.0394      0.5337±0.0490      0.1000±0.0000      0.6025±0.0202      0.5514±0.0168      5
marginal_max | single_sensor_0 | circuit       restarts4                     0.5191±0.0196      0.4858±0.0147      0.6343±0.0499      0.5970±0.0403      0.5342±0.0501      0.1000±0.0000      0.6038±0.0184      0.5526±0.0142      5
marginal_max | single_sensor_0 | gaussian_fitted restarts4_cosine              0.5131±0.0247      0.4904±0.0142      0.6408±0.0520      0.5984±0.0349      0.5318±0.0538      0.1000±0.0000      0.6032±0.0169      0.5525±0.0138      5
marginal_max | single_sensor_0 | gaussian_fitted candidate_ref                 0.5131±0.0247      0.4904±0.0142      0.6408±0.0520      0.5984±0.0349      0.5318±0.0538      0.1000±0.0000      0.6032±0.0169      0.5525±0.0138      5
marginal_max | single_sensor_0 | gaussian_fitted restarts4                     0.5131±0.0247      0.4904±0.0142      0.6408±0.0520      0.5984±0.0349      0.5318±0.0538      0.1000±0.0000      0.6032±0.0169      0.5525±0.0138      5
model                                          restarts4_cosine                          —                  —                  —                  —                  —                  —                  —                  —      5
model                                          candidate_ref                             —                  —                  —                  —                  —                  —                  —                  —      5
model                                          restarts4                                 —                  —                  —                  —                  —                  —                  —                  —      5
model gaussian_fitted                          restarts4_cosine                          —                  —                  —                  —                  —                  —                  —                  —      5
model gaussian_fitted                          candidate_ref                             —                  —                  —                  —                  —                  —                  —                  —      5
model gaussian_fitted                          restarts4                                 —                  —                  —                  —                  —                  —                  —                  —      5
query bank0:0-1-2-4-5-7-8 | circuit            restarts4_cosine                          —                  —                  —                  —                  —                  —                  —                  —      5
query bank0:0-1-2-4-5-7-8 | circuit            candidate_ref                             —                  —                  —                  —                  —                  —                  —                  —      5
query bank0:0-1-2-4-5-7-8 | circuit            restarts4                                 —                  —                  —                  —                  —                  —                  —                  —      5
query bank0:0-1-2-4-5-7-8 | gaussian_fitted    restarts4_cosine                          —                  —                  —                  —                  —                  —                  —                  —      5
query bank0:0-1-2-4-5-7-8 | gaussian_fitted    candidate_ref                             —                  —                  —                  —                  —                  —                  —                  —      5
query bank0:0-1-2-4-5-7-8 | gaussian_fitted    restarts4                                 —                  —                  —                  —                  —                  —                  —                  —      5
query bank1:3 | circuit                        restarts4_cosine                          —                  —                  —                  —                  —                  —                  —                  —      5
query bank1:3 | circuit                        candidate_ref                             —                  —                  —                  —                  —                  —                  —                  —      5
query bank1:3 | circuit                        restarts4                                 —                  —                  —                  —                  —                  —                  —                  —      5
query bank1:3 | gaussian_fitted                restarts4_cosine                          —                  —                  —                  —                  —                  —                  —                  —      5
query bank1:3 | gaussian_fitted                candidate_ref                             —                  —                  —                  —                  —                  —                  —                  —      5
query bank1:3 | gaussian_fitted                restarts4                                 —                  —                  —                  —                  —                  —                  —                  —      5
query bank2:6-10 | circuit                     restarts4_cosine                          —                  —                  —                  —                  —                  —                  —                  —      5
query bank2:6-10 | circuit                     candidate_ref                             —                  —                  —                  —                  —                  —                  —                  —      5
query bank2:6-10 | circuit                     restarts4                                 —                  —                  —                  —                  —                  —                  —                  —      5
query bank2:6-10 | gaussian_fitted             restarts4_cosine                          —                  —                  —                  —                  —                  —                  —                  —      5
query bank2:6-10 | gaussian_fitted             candidate_ref                             —                  —                  —                  —                  —                  —                  —                  —      5
query bank2:6-10 | gaussian_fitted             restarts4                                 —                  —                  —                  —                  —                  —                  —                  —      5
query full | circuit                           restarts4_cosine                          —                  —                  —                  —                  —                  —                  —                  —      5
query full | circuit                           candidate_ref                             —                  —                  —                  —                  —                  —                  —                  —      5
query full | circuit                           restarts4                                 —                  —                  —                  —                  —                  —                  —                  —      5
query full | gaussian_fitted                   restarts4_cosine                          —                  —                  —                  —                  —                  —                  —                  —      5
query full | gaussian_fitted                   candidate_ref                             —                  —                  —                  —                  —                  —                  —                  —      5
query full | gaussian_fitted                   restarts4                                 —                  —                  —                  —                  —                  —                  —                  —      5
query random1:1 | circuit                      restarts4_cosine                          —                  —                  —                  —                  —                  —                  —                  —      5
query random1:1 | circuit                      candidate_ref                             —                  —                  —                  —                  —                  —                  —                  —      5
query random1:1 | circuit                      restarts4                                 —                  —                  —                  —                  —                  —                  —                  —      5
query random1:1 | gaussian_fitted              restarts4_cosine                          —                  —                  —                  —                  —                  —                  —                  —      5
query random1:1 | gaussian_fitted              candidate_ref                             —                  —                  —                  —                  —                  —                  —                  —      5
query random1:1 | gaussian_fitted              restarts4                                 —                  —                  —                  —                  —                  —                  —                  —      5
query random3:5-8-14 | circuit                 restarts4_cosine                          —                  —                  —                  —                  —                  —                  —                  —      5
query random3:5-8-14 | circuit                 candidate_ref                             —                  —                  —                  —                  —                  —                  —                  —      5
query random3:5-8-14 | circuit                 restarts4                                 —                  —                  —                  —                  —                  —                  —                  —      5
query random3:5-8-14 | gaussian_fitted         restarts4_cosine                          —                  —                  —                  —                  —                  —                  —                  —      5
query random3:5-8-14 | gaussian_fitted         candidate_ref                             —                  —                  —                  —                  —                  —                  —                  —      5
query random3:5-8-14 | gaussian_fitted         restarts4                                 —                  —                  —                  —                  —                  —                  —                  —      5
query random7:3-4-8-10-11-12-14 | circuit      restarts4_cosine                          —                  —                  —                  —                  —                  —                  —                  —      5
query random7:3-4-8-10-11-12-14 | circuit      candidate_ref                             —                  —                  —                  —                  —                  —                  —                  —      5
query random7:3-4-8-10-11-12-14 | circuit      restarts4                                 —                  —                  —                  —                  —                  —                  —                  —      5
query random7:3-4-8-10-11-12-14 | gaussian_fitted restarts4_cosine                          —                  —                  —                  —                  —                  —                  —                  —      5
query random7:3-4-8-10-11-12-14 | gaussian_fitted candidate_ref                             —                  —                  —                  —                  —                  —                  —                  —      5
query random7:3-4-8-10-11-12-14 | gaussian_fitted restarts4                                 —                  —                  —                  —                  —                  —                  —                  —      5
query single_sensor_0 | circuit                restarts4_cosine                          —                  —                  —                  —                  —                  —                  —                  —      5
query single_sensor_0 | circuit                candidate_ref                             —                  —                  —                  —                  —                  —                  —                  —      5
query single_sensor_0 | circuit                restarts4                                 —                  —                  —                  —                  —                  —                  —                  —      5
query single_sensor_0 | gaussian_fitted        restarts4_cosine                          —                  —                  —                  —                  —                  —                  —                  —      5
query single_sensor_0 | gaussian_fitted        candidate_ref                             —                  —                  —                  —                  —                  —                  —                  —      5
query single_sensor_0 | gaussian_fitted        restarts4                                 —                  —                  —                  —                  —                  —                  —                  —      5
relational_max | bank0:0-1-2-4-5-7-8 | circuit restarts4_cosine              0.5143±0.0282      0.7001±0.0552      0.8967±0.0548      0.8894±0.0143      0.5796±0.0459      0.1000±0.0000      0.7678±0.0225      0.7058±0.0282      5
relational_max | bank0:0-1-2-4-5-7-8 | circuit candidate_ref                 0.4958±0.0060      0.6958±0.0526      0.8944±0.0440      0.8832±0.0259      0.5718±0.0405      0.1000±0.0000      0.7643±0.0234      0.6984±0.0275      5
relational_max | bank0:0-1-2-4-5-7-8 | circuit restarts4                     0.4889±0.0129      0.7077±0.0467      0.8988±0.0622      0.8744±0.0197      0.5852±0.0286      0.1000±0.0000      0.7660±0.0247      0.7020±0.0271      5
relational_max | bank0:0-1-2-4-5-7-8 | gaussian_fitted restarts4_cosine              0.4839±0.0477      0.7320±0.0515      0.9503±0.0257      0.9467±0.0172      0.7290±0.0364      0.1000±0.0000      0.8246±0.0168      0.7610±0.0202      5
relational_max | bank0:0-1-2-4-5-7-8 | gaussian_fitted candidate_ref                 0.4839±0.0477      0.7320±0.0515      0.9503±0.0257      0.9467±0.0172      0.7290±0.0364      0.1000±0.0000      0.8246±0.0168      0.7610±0.0202      5
relational_max | bank0:0-1-2-4-5-7-8 | gaussian_fitted restarts4                     0.4839±0.0477      0.7320±0.0515      0.9503±0.0257      0.9467±0.0172      0.7290±0.0364      0.1000±0.0000      0.8246±0.0168      0.7610±0.0202      5
relational_max | bank1:3 | circuit             restarts4_cosine              0.5039±0.0200      0.8355±0.0241      0.9674±0.0224      0.9660±0.0200      0.6223±0.0430      0.1000±0.0000      0.8261±0.0133      0.7677±0.0197      5
relational_max | bank1:3 | circuit             candidate_ref                 0.4977±0.0184      0.8344±0.0098      0.9665±0.0236      0.9686±0.0292      0.6079±0.0602      0.1000±0.0000      0.8231±0.0146      0.7634±0.0228      5
relational_max | bank1:3 | circuit             restarts4                     0.4951±0.0279      0.8344±0.0135      0.9668±0.0296      0.9679±0.0168      0.6273±0.0319      0.1000±0.0000      0.8242±0.0189      0.7668±0.0253      5
relational_max | bank1:3 | gaussian_fitted     restarts4_cosine              0.4959±0.0259      0.8728±0.0245      1.0000±0.0000      0.9999±0.0003      0.8370±0.0208      0.1000±0.0000      0.8834±0.0073      0.8339±0.0081      5
relational_max | bank1:3 | gaussian_fitted     candidate_ref                 0.4959±0.0259      0.8728±0.0245      1.0000±0.0000      0.9999±0.0003      0.8370±0.0208      0.1000±0.0000      0.8834±0.0073      0.8339±0.0081      5
relational_max | bank1:3 | gaussian_fitted     restarts4                     0.4959±0.0259      0.8728±0.0245      1.0000±0.0000      0.9999±0.0003      0.8370±0.0208      0.1000±0.0000      0.8834±0.0073      0.8339±0.0081      5
relational_max | bank2:6-10 | circuit          restarts4_cosine              0.4963±0.0090      0.7854±0.0336      0.9598±0.0116      0.9559±0.0093      0.6188±0.0355      0.1000±0.0000      0.8156±0.0101      0.7536±0.0137      5
relational_max | bank2:6-10 | circuit          candidate_ref                 0.4922±0.0293      0.7801±0.0369      0.9600±0.0167      0.9590±0.0164      0.6217±0.0496      0.1000±0.0000      0.8146±0.0151      0.7531±0.0204      5
relational_max | bank2:6-10 | circuit          restarts4                     0.4911±0.0286      0.7877±0.0435      0.9622±0.0218      0.9632±0.0037      0.6372±0.0279      0.1000±0.0000      0.8184±0.0176      0.7589±0.0197      5
relational_max | bank2:6-10 | gaussian_fitted  restarts4_cosine              0.5056±0.0317      0.8306±0.0276      0.9967±0.0044      0.9969±0.0050      0.7742±0.0408      0.1000±0.0000      0.8647±0.0053      0.8127±0.0074      5
relational_max | bank2:6-10 | gaussian_fitted  candidate_ref                 0.5056±0.0317      0.8306±0.0276      0.9967±0.0044      0.9969±0.0050      0.7742±0.0408      0.1000±0.0000      0.8647±0.0053      0.8127±0.0074      5
relational_max | bank2:6-10 | gaussian_fitted  restarts4                     0.5056±0.0317      0.8306±0.0276      0.9967±0.0044      0.9969±0.0050      0.7742±0.0408      0.1000±0.0000      0.8647±0.0053      0.8127±0.0074      5
relational_max | full | circuit                restarts4_cosine              0.5023±0.0205      0.8383±0.0232      0.9806±0.0060      0.9783±0.0148      0.6284±0.0434      0.1000±0.0000      0.8311±0.0101      0.7741±0.0156      5
relational_max | full | circuit                candidate_ref                 0.4931±0.0224      0.8359±0.0141      0.9777±0.0166      0.9797±0.0191      0.6185±0.0525      0.1000±0.0000      0.8286±0.0138      0.7696±0.0210      5
relational_max | full | circuit                restarts4                     0.4914±0.0282      0.8368±0.0156      0.9809±0.0167      0.9791±0.0135      0.6373±0.0280      0.1000±0.0000      0.8298±0.0170      0.7737±0.0206      5
relational_max | full | gaussian_fitted        restarts4_cosine              0.4892±0.0388      0.8745±0.0333      1.0000±0.0000      0.9998±0.0005      0.8346±0.0293      0.1000±0.0000      0.8816±0.0064      0.8329±0.0068      5
relational_max | full | gaussian_fitted        candidate_ref                 0.4892±0.0388      0.8745±0.0333      1.0000±0.0000      0.9998±0.0005      0.8346±0.0293      0.1000±0.0000      0.8816±0.0064      0.8329±0.0068      5
relational_max | full | gaussian_fitted        restarts4                     0.4892±0.0388      0.8745±0.0333      1.0000±0.0000      0.9998±0.0005      0.8346±0.0293      0.1000±0.0000      0.8816±0.0064      0.8329±0.0068      5
relational_max | random1:1 | circuit           restarts4_cosine              0.5052±0.0181      0.8226±0.0377      0.9793±0.0063      0.9740±0.0206      0.6251±0.0278      0.1000±0.0000      0.8270±0.0093      0.7699±0.0148      5
relational_max | random1:1 | circuit           candidate_ref                 0.4973±0.0287      0.8217±0.0181      0.9769±0.0166      0.9734±0.0230      0.6120±0.0449      0.1000±0.0000      0.8242±0.0152      0.7647±0.0225      5
relational_max | random1:1 | circuit           restarts4                     0.4950±0.0310      0.8208±0.0217      0.9805±0.0156      0.9702±0.0233      0.6245±0.0311      0.1000±0.0000      0.8245±0.0184      0.7668±0.0223      5
relational_max | random1:1 | gaussian_fitted   restarts4_cosine              0.4750±0.0434      0.8625±0.0301      1.0000±0.0000      0.9998±0.0005      0.8265±0.0370      0.1000±0.0000      0.8767±0.0093      0.8258±0.0117      5
relational_max | random1:1 | gaussian_fitted   candidate_ref                 0.4750±0.0434      0.8625±0.0301      1.0000±0.0000      0.9998±0.0005      0.8265±0.0370      0.1000±0.0000      0.8767±0.0093      0.8258±0.0117      5
relational_max | random1:1 | gaussian_fitted   restarts4                     0.4750±0.0434      0.8625±0.0301      1.0000±0.0000      0.9998±0.0005      0.8265±0.0370      0.1000±0.0000      0.8767±0.0093      0.8258±0.0117      5
relational_max | random3:5-8-14 | circuit      restarts4_cosine              0.4880±0.0395      0.7929±0.0238      0.9523±0.0157      0.9613±0.0247      0.6033±0.0410      0.1000±0.0000      0.8088±0.0114      0.7480±0.0179      5
relational_max | random3:5-8-14 | circuit      candidate_ref                 0.4899±0.0287      0.7937±0.0245      0.9481±0.0342      0.9519±0.0315      0.5985±0.0416      0.1000±0.0000      0.8079±0.0140      0.7457±0.0192      5
relational_max | random3:5-8-14 | circuit      restarts4                     0.4808±0.0399      0.7963±0.0195      0.9517±0.0280      0.9490±0.0269      0.6072±0.0323      0.1000±0.0000      0.8075±0.0176      0.7464±0.0223      5
relational_max | random3:5-8-14 | gaussian_fitted restarts4_cosine              0.4956±0.0441      0.8345±0.0290      0.9996±0.0006      0.9970±0.0026      0.7931±0.0259      0.1000±0.0000      0.8677±0.0042      0.8161±0.0067      5
relational_max | random3:5-8-14 | gaussian_fitted candidate_ref                 0.4956±0.0441      0.8345±0.0290      0.9996±0.0006      0.9970±0.0026      0.7931±0.0259      0.1000±0.0000      0.8677±0.0042      0.8161±0.0067      5
relational_max | random3:5-8-14 | gaussian_fitted restarts4                     0.4956±0.0441      0.8345±0.0290      0.9996±0.0006      0.9970±0.0026      0.7931±0.0259      0.1000±0.0000      0.8677±0.0042      0.8161±0.0067      5
relational_max | random7:3-4-8-10-11-12-14 | circuit restarts4_cosine              0.4962±0.0269      0.7043±0.0462      0.8145±0.0505      0.8332±0.0370      0.5710±0.0238      0.1000±0.0000      0.7429±0.0166      0.6762±0.0194      5
relational_max | random7:3-4-8-10-11-12-14 | circuit candidate_ref                 0.4879±0.0377      0.7186±0.0353      0.8162±0.0590      0.8230±0.0247      0.5793±0.0241      0.1000±0.0000      0.7440±0.0174      0.6781±0.0206      5
relational_max | random7:3-4-8-10-11-12-14 | circuit restarts4                     0.4747±0.0505      0.7290±0.0402      0.8377±0.0373      0.8391±0.0342      0.5892±0.0129      0.1000±0.0000      0.7522±0.0091      0.6861±0.0120      5
relational_max | random7:3-4-8-10-11-12-14 | gaussian_fitted restarts4_cosine              0.4926±0.0481      0.7569±0.0166      0.9774±0.0102      0.9599±0.0126      0.7193±0.0389      0.1000±0.0000      0.8335±0.0115      0.7719±0.0176      5
relational_max | random7:3-4-8-10-11-12-14 | gaussian_fitted candidate_ref                 0.4926±0.0481      0.7569±0.0166      0.9774±0.0102      0.9599±0.0126      0.7193±0.0389      0.1000±0.0000      0.8335±0.0115      0.7719±0.0176      5
relational_max | random7:3-4-8-10-11-12-14 | gaussian_fitted restarts4                     0.4926±0.0481      0.7569±0.0166      0.9774±0.0102      0.9599±0.0126      0.7193±0.0389      0.1000±0.0000      0.8335±0.0115      0.7719±0.0176      5
relational_max | single_sensor_0 | circuit     restarts4_cosine              0.5000±0.0000      0.5000±0.0000      0.5000±0.0000      0.5000±0.0000      0.5000±0.0000      0.1000±0.0000      0.5000±0.0000      0.5000±0.0000      5
relational_max | single_sensor_0 | circuit     candidate_ref                 0.5000±0.0000      0.5000±0.0000      0.5000±0.0000      0.5000±0.0000      0.5000±0.0000      0.1000±0.0000      0.5000±0.0000      0.5000±0.0000      5
relational_max | single_sensor_0 | circuit     restarts4                     0.5000±0.0000      0.5000±0.0000      0.5000±0.0000      0.5000±0.0000      0.5000±0.0000      0.1000±0.0000      0.5000±0.0000      0.5000±0.0000      5
relational_max | single_sensor_0 | gaussian_fitted restarts4_cosine              0.5000±0.0000      0.5000±0.0000      0.5000±0.0000      0.5000±0.0000      0.5000±0.0000      0.1000±0.0000      0.5000±0.0000      0.5000±0.0000      5
relational_max | single_sensor_0 | gaussian_fitted candidate_ref                 0.5000±0.0000      0.5000±0.0000      0.5000±0.0000      0.5000±0.0000      0.5000±0.0000      0.1000±0.0000      0.5000±0.0000      0.5000±0.0000      5
relational_max | single_sensor_0 | gaussian_fitted restarts4                     0.5000±0.0000      0.5000±0.0000      0.5000±0.0000      0.5000±0.0000      0.5000±0.0000      0.1000±0.0000      0.5000±0.0000      0.5000±0.0000      5
shortcut audit                                 restarts4_cosine                          —                  —                  —                  —                  —                  —                  —                  —      5
shortcut audit                                 candidate_ref                             —                  —                  —                  —                  —                  —                  —                  —      5
shortcut audit                                 restarts4                                 —                  —                  —                  —                  —                  —                  —                  —      5

wrote logs/ts/ws/diagnosis_fd001_reliability/summary.csv, summary.json, summary.md

