==============================================================================
 experiment: diagnosis_donors   (config/ts/diagnosis_donors.yaml)
 Matched versus unmatched donor construction on held-out FD001 engines.
 output:     logs/ts/ws/diagnosis_donors
==============================================================================

4 variant(s) × 3 seed(s) = 12 run(s)

  unmatched                              dataset=cmapss:FD001     stages=diagnosis
  matched                                dataset=cmapss:FD001     stages=diagnosis
  matched_nearest                        dataset=cmapss:FD001     stages=diagnosis
  matched_tight                          dataset=cmapss:FD001     stages=diagnosis


>>> [1/12] unmatched · seed 11 · logs/ts/ws/diagnosis_donors/unmatched/seed11
[16:03:33] === run start · seed11 · seed 11 · hash 4613d60aa97b ===
[16:03:33] stages ['diagnosis'] · device cuda · dataset cmapss:FD001
[16:03:33] --- stage: diagnosis ---
[16:03:34]   data: FleetPair(cmapss:FD001: train=100 units, test=100 units, C=15, regimes=1, cap=125)  (0.6s)
[16:03:34]   task: {'kind': 'ad', 'n_train': 3711, 'n_val': 1579, 'n_test': 4639, 'd': 300, 'window': 20, 'n_channels': 15, 'anomaly_rate': 0.12869152426719666, 'kind_counts': {'normal': 4042, 'desync': 107, 'offset': 109, 'spike': 98, 'drift': 113, 'decouple': 118, 'organic': 52}, 'train_units': 100, 'val_units': 30, 'test_units': 100, 'n_val_windows': 1579, 'n_regimes': 1, 'seed': 11, 'per_regime_norm': False, 'official_test_fleet': True, 'dataset': 'cmapss:FD001', 'cap': 125.0, 'subset': 'FD001', 'dropped_constant_sensors': 6, 'source': 'NASA C-MAPSS (real)', 'source_name': 'cmapss', 'source_kind': 'fleet'}
[16:03:34]   caveat: Ships no anomaly annotations: detection anomalies are injected.
    [pc] epoch   0  nll  360.857  val  287.712
    [pc] epoch  22  nll   75.112  val   79.618
    fit channel_blocked K=8: 42/180 (23%) · 1.40 it/s · elapsed 00:30 · ETA 01:38
    [pc] epoch  44  nll   54.352  val   60.430
    [pc] epoch  66  nll   46.458  val   52.573
    fit channel_blocked K=8: 84/180 (47%) · 1.39 it/s · elapsed 01:00 · ETA 01:09
    [pc] epoch  88  nll   41.803  val   47.767
    [pc] epoch 110  nll   39.377  val   44.530
    fit channel_blocked K=8: 126/180 (70%) · 1.38 it/s · elapsed 01:31 · ETA 00:39
    [pc] epoch 132  nll   38.589  val   44.045
    [pc] epoch 154  nll   37.810  val   43.958
    fit channel_blocked K=8: 168/180 (93%) · 1.38 it/s · elapsed 02:01 · ETA 00:08
    [pc] epoch 176  nll   36.128  val   41.847
    fit channel_blocked K=8: done 180/180 in 02:10
    [pc] restored epoch 175 (selected by nll; val nll 41.131, last 41.591)
[16:05:48]   pc_train_nll: first=360.8570 last=36.0267 (180 epochs)
[16:05:48]   pc_train_objective: first=360.8570 last=36.0267 (180 epochs)
[16:05:48]   pc_selection_loss: first=287.7118 last=41.5910 (180 epochs)
[16:05:48]   pc_val_nll: first=287.7118 last=41.5910 (180 epochs)
[16:05:49]   pc: fit 134.9s · 174,240 params · score sd 21.870 · device cuda · layered · 4,950 win/s
[16:05:49]   pc: validation on 546 windows from explicit subset of held-out units · best epoch 175 of 180 · val nll 41.131
[16:05:50]   shortcut audit: target-channel-only AUROC 0.559 (0.5 = no marginal shortcut)
[16:05:50]   baseline gaussian_fitted: fit 0.23s · 45,450 params · selection {'shrinkage': 0.01}
[16:06:21]   baseline gmm_fitted: fit 31.13s · 90,901 params · selection {'components': 2, 'reg': 0.0001}
[16:06:21]   diagnosis: full (15.0 observed on average), 940 paired windows, 3 method(s)
[16:06:29]   diagnosis: random1:1 (14.0 observed on average), 940 paired windows, 3 method(s)
[16:06:35]   diagnosis: random3:5-8-14 (12.0 observed on average), 940 paired windows, 3 method(s)
[16:06:41]   diagnosis: random7:3-4-8-10-11-12-14 (8.0 observed on average), 940 paired windows, 3 method(s)
[16:06:45]   diagnosis: bank0:0-1-2-4-5-7-8 (8.0 observed on average), 940 paired windows, 3 method(s)
[16:06:50]   diagnosis: bank1:3 (14.0 observed on average), 940 paired windows, 3 method(s)
[16:06:56]   diagnosis: bank2:6-10 (13.0 observed on average), 940 paired windows, 3 method(s)
[16:07:02]   diagnosis: single_sensor_0 (1.0 observed on average), 940 paired windows, 3 method(s)
[16:07:06]   Diagnosis completed on validation engines only; no confirmatory PASS/FAIL inferred.
[16:07:06] --- stage diagnosis done in 213.2s ---
[16:07:06] === run ok · 213.3s · peak RSS 4.248 GB ===

>>> [2/12] unmatched · seed 12 · logs/ts/ws/diagnosis_donors/unmatched/seed12 · mean 3.6 min/run · ETA 39 min for the remaining 11
[16:07:06] === run start · seed12 · seed 12 · hash 4613d60aa97b ===
[16:07:06] stages ['diagnosis'] · device cuda · dataset cmapss:FD001
[16:07:06] --- stage: diagnosis ---
[16:07:06]   data: FleetPair(cmapss:FD001: train=100 units, test=100 units, C=15, regimes=1, cap=125)  (0.1s)
[16:07:06]   task: {'kind': 'ad', 'n_train': 3753, 'n_val': 1537, 'n_test': 4639, 'd': 300, 'window': 20, 'n_channels': 15, 'anomaly_rate': 0.12416469305753708, 'kind_counts': {'decouple': 113, 'normal': 4063, 'spike': 89, 'offset': 117, 'desync': 103, 'drift': 102, 'organic': 52}, 'train_units': 100, 'val_units': 30, 'test_units': 100, 'n_val_windows': 1537, 'n_regimes': 1, 'seed': 12, 'per_regime_norm': False, 'official_test_fleet': True, 'dataset': 'cmapss:FD001', 'cap': 125.0, 'subset': 'FD001', 'dropped_constant_sensors': 6, 'source': 'NASA C-MAPSS (real)', 'source_name': 'cmapss', 'source_kind': 'fleet'}
[16:07:06]   caveat: Ships no anomaly annotations: detection anomalies are injected.
    [pc] epoch   0  nll  359.574  val  335.460
    [pc] epoch  22  nll   68.812  val   80.118
    fit channel_blocked K=8: 42/180 (23%) · 1.40 it/s · elapsed 00:30 · ETA 01:38
    [pc] epoch  44  nll   46.957  val   57.925
    [pc] epoch  66  nll   39.548  val   49.494
    [pc] epoch  88  nll   33.203  val   42.233
    [pc] epoch 110  nll   29.865  val   38.894
    fit channel_blocked K=8: 117/180 (65%) · 1.94 it/s · elapsed 01:00 · ETA 00:32
    [pc] epoch 132  nll   28.857  val   38.134
    [pc] epoch 154  nll   29.248  val   37.750
    [pc] epoch 176  nll   26.860  val   36.084
    fit channel_blocked K=8: 178/180 (99%) · 1.97 it/s · elapsed 01:30 · ETA 00:01
    fit channel_blocked K=8: done 180/180 in 01:31
[16:09:25]   pc_train_nll: first=359.5738 last=26.7530 (180 epochs)
[16:09:25]   pc_train_objective: first=359.5738 last=26.7530 (180 epochs)
[16:09:25]   pc_selection_loss: first=335.4602 last=35.8824 (180 epochs)
[16:09:25]   pc_val_nll: first=335.4602 last=35.8824 (180 epochs)
[16:09:25]   pc: fit 139.1s · 174,240 params · score sd 20.214 · device cuda · layered · 4,858 win/s
[16:09:25]   pc: validation on 650 windows from explicit subset of held-out units · best epoch 179 of 180 · val nll 35.882
[16:09:26]   shortcut audit: target-channel-only AUROC 0.547 (0.5 = no marginal shortcut)
[16:09:27]   baseline gaussian_fitted: fit 0.30s · 45,450 params · selection {'shrinkage': 0.01}
[16:10:15]   baseline gmm_fitted: fit 48.01s · 181,803 params · selection {'components': 4, 'reg': 0.0001}
[16:10:15]   diagnosis: full (15.0 observed on average), 830 paired windows, 3 method(s)
[16:10:24]   diagnosis: random1:1 (14.0 observed on average), 830 paired windows, 3 method(s)
[16:10:31]   diagnosis: random3:5-8-14 (12.0 observed on average), 830 paired windows, 3 method(s)
[16:10:38]   diagnosis: random7:3-4-8-10-11-12-14 (8.0 observed on average), 830 paired windows, 3 method(s)
[16:10:42]   diagnosis: bank0:0-1-2-4-5-7-8 (8.0 observed on average), 830 paired windows, 3 method(s)
[16:10:47]   diagnosis: bank1:3 (14.0 observed on average), 830 paired windows, 3 method(s)
[16:10:53]   diagnosis: bank2:6-10 (13.0 observed on average), 830 paired windows, 3 method(s)
[16:11:00]   diagnosis: single_sensor_0 (1.0 observed on average), 830 paired windows, 3 method(s)
[16:11:02]   Diagnosis completed on validation engines only; no confirmatory PASS/FAIL inferred.
[16:11:03] --- stage diagnosis done in 236.4s ---
[16:11:03] === run ok · 236.4s · peak RSS 4.322 GB ===

>>> [3/12] unmatched · seed 13 · logs/ts/ws/diagnosis_donors/unmatched/seed13 · mean 3.7 min/run · ETA 37 min for the remaining 10
[16:11:03] === run start · seed13 · seed 13 · hash 4613d60aa97b ===
[16:11:03] stages ['diagnosis'] · device cuda · dataset cmapss:FD001
[16:11:03] --- stage: diagnosis ---
[16:11:03]   data: FleetPair(cmapss:FD001: train=100 units, test=100 units, C=15, regimes=1, cap=125)  (0.1s)
[16:11:03]   task: {'kind': 'ad', 'n_train': 3882, 'n_val': 1408, 'n_test': 4639, 'd': 300, 'window': 20, 'n_channels': 15, 'anomaly_rate': 0.12976934015750885, 'kind_counts': {'normal': 4037, 'offset': 120, 'drift': 97, 'desync': 107, 'spike': 129, 'decouple': 97, 'organic': 52}, 'train_units': 100, 'val_units': 30, 'test_units': 100, 'n_val_windows': 1408, 'n_regimes': 1, 'seed': 13, 'per_regime_norm': False, 'official_test_fleet': True, 'dataset': 'cmapss:FD001', 'cap': 125.0, 'subset': 'FD001', 'dropped_constant_sensors': 6, 'source': 'NASA C-MAPSS (real)', 'source_name': 'cmapss', 'source_kind': 'fleet'}
[16:11:03]   caveat: Ships no anomaly annotations: detection anomalies are injected.
    [pc] epoch   0  nll  356.985  val  291.025
    [pc] epoch  22  nll   71.989  val   72.116
    [pc] epoch  44  nll   50.819  val   53.276
    fit channel_blocked K=8: 59/180 (33%) · 1.94 it/s · elapsed 00:30 · ETA 01:02
    [pc] epoch  66  nll   40.505  val   42.183
    [pc] epoch  88  nll   35.307  val   37.320
    fit channel_blocked K=8: 107/180 (59%) · 1.77 it/s · elapsed 01:00 · ETA 00:41
    [pc] epoch 110  nll   31.132  val   32.554
    [pc] epoch 132  nll   29.058  val   30.819
    fit channel_blocked K=8: 151/180 (84%) · 1.66 it/s · elapsed 01:30 · ETA 00:17
    [pc] epoch 154  nll   27.723  val   29.612
    [pc] epoch 176  nll   25.769  val   27.785
    fit channel_blocked K=8: done 180/180 in 01:45
    [pc] restored epoch 178 (selected by nll; val nll 27.441, last 28.346)
[16:13:05]   pc_train_nll: first=356.9849 last=27.1322 (180 epochs)
[16:13:05]   pc_train_objective: first=356.9849 last=27.1322 (180 epochs)
[16:13:05]   pc_selection_loss: first=291.0248 last=28.3456 (180 epochs)
[16:13:05]   pc_val_nll: first=291.0248 last=28.3456 (180 epochs)
[16:13:05]   pc: fit 122.5s · 174,240 params · score sd 19.230 · device cuda · layered · 5,706 win/s
[16:13:05]   pc: validation on 496 windows from explicit subset of held-out units · best epoch 178 of 180 · val nll 27.441
[16:13:06]   shortcut audit: target-channel-only AUROC 0.569 (0.5 = no marginal shortcut)
[16:13:06]   baseline gaussian_fitted: fit 0.23s · 45,450 params · selection {'shrinkage': 0.01}
[16:13:38]   baseline gmm_fitted: fit 31.46s · 90,901 params · selection {'components': 2, 'reg': 0.0001}
[16:13:38]   diagnosis: full (15.0 observed on average), 844 paired windows, 3 method(s)
[16:13:45]   diagnosis: random1:1 (14.0 observed on average), 844 paired windows, 3 method(s)
[16:13:52]   diagnosis: random3:5-8-14 (12.0 observed on average), 844 paired windows, 3 method(s)
[16:13:57]   diagnosis: random7:3-4-8-10-11-12-14 (8.0 observed on average), 844 paired windows, 3 method(s)
[16:14:02]   diagnosis: bank0:0-1-2-4-5-7-8 (8.0 observed on average), 844 paired windows, 3 method(s)
[16:14:06]   diagnosis: bank1:3 (14.0 observed on average), 844 paired windows, 3 method(s)
[16:14:13]   diagnosis: bank2:6-10 (13.0 observed on average), 844 paired windows, 3 method(s)
[16:14:18]   diagnosis: single_sensor_0 (1.0 observed on average), 844 paired windows, 3 method(s)
[16:14:22]   Diagnosis completed on validation engines only; no confirmatory PASS/FAIL inferred.
[16:14:22] --- stage diagnosis done in 199.8s ---
[16:14:22] === run ok · 199.8s · peak RSS 4.403 GB ===

>>> [4/12] matched · seed 11 · logs/ts/ws/diagnosis_donors/matched/seed11 · mean 3.6 min/run · ETA 32 min for the remaining 9
[16:14:22] === run start · seed11 · seed 11 · hash 77bb8a1643d9 ===
[16:14:22] stages ['diagnosis'] · device cuda · dataset cmapss:FD001
[16:14:22] --- stage: diagnosis ---
[16:14:22]   data: FleetPair(cmapss:FD001: train=100 units, test=100 units, C=15, regimes=1, cap=125)  (0.1s)
[16:14:22]   task: {'kind': 'ad', 'n_train': 3711, 'n_val': 1579, 'n_test': 4639, 'd': 300, 'window': 20, 'n_channels': 15, 'anomaly_rate': 0.12869152426719666, 'kind_counts': {'normal': 4042, 'desync': 107, 'offset': 109, 'spike': 98, 'drift': 113, 'decouple': 118, 'organic': 52}, 'train_units': 100, 'val_units': 30, 'test_units': 100, 'n_val_windows': 1579, 'n_regimes': 1, 'seed': 11, 'per_regime_norm': False, 'official_test_fleet': True, 'dataset': 'cmapss:FD001', 'cap': 125.0, 'subset': 'FD001', 'dropped_constant_sensors': 6, 'source': 'NASA C-MAPSS (real)', 'source_name': 'cmapss', 'source_kind': 'fleet'}
[16:14:22]   caveat: Ships no anomaly annotations: detection anomalies are injected.
[16:14:22]   donors: matched 100.0% of 470 recipients on ['regime', 'health'] within caliper 0.25
    [pc] epoch   0  nll  360.857  val  287.712
    [pc] epoch  22  nll   75.112  val   79.618
    [pc] epoch  44  nll   54.352  val   60.430
    fit channel_blocked K=8: 45/180 (25%) · 1.50 it/s · elapsed 00:30 · ETA 01:30
    [pc] epoch  66  nll   46.458  val   52.573
    [pc] epoch  88  nll   41.803  val   47.767
    fit channel_blocked K=8: 106/180 (59%) · 1.76 it/s · elapsed 01:00 · ETA 00:42
    [pc] epoch 110  nll   39.377  val   44.530
    [pc] epoch 132  nll   38.589  val   44.045
    [pc] epoch 154  nll   37.810  val   43.958
    fit channel_blocked K=8: 155/180 (86%) · 1.70 it/s · elapsed 01:30 · ETA 00:14
    [pc] epoch 176  nll   36.128  val   41.847
    fit channel_blocked K=8: done 180/180 in 01:49
    [pc] restored epoch 175 (selected by nll; val nll 41.131, last 41.591)
[16:16:54]   pc_train_nll: first=360.8570 last=36.0267 (180 epochs)
[16:16:54]   pc_train_objective: first=360.8570 last=36.0267 (180 epochs)
[16:16:54]   pc_selection_loss: first=287.7118 last=41.5910 (180 epochs)
[16:16:54]   pc_val_nll: first=287.7118 last=41.5910 (180 epochs)
[16:16:54]   pc: fit 151.8s · 174,240 params · score sd 21.870 · device cuda · layered · 4,400 win/s
[16:16:54]   pc: validation on 546 windows from explicit subset of held-out units · best epoch 175 of 180 · val nll 41.131
[16:16:55]   shortcut audit: target-channel-only AUROC 0.549 (0.5 = no marginal shortcut)
[16:16:56]   baseline gaussian_fitted: fit 0.25s · 45,450 params · selection {'shrinkage': 0.01}
[16:17:26]   baseline gmm_fitted: fit 30.40s · 90,901 params · selection {'components': 2, 'reg': 0.0001}
[16:17:26]   diagnosis: full (15.0 observed on average), 940 paired windows, 3 method(s)
[16:17:34]   diagnosis: random1:1 (14.0 observed on average), 940 paired windows, 3 method(s)
[16:17:41]   diagnosis: random3:5-8-14 (12.0 observed on average), 940 paired windows, 3 method(s)
[16:17:46]   diagnosis: random7:3-4-8-10-11-12-14 (8.0 observed on average), 940 paired windows, 3 method(s)
[16:17:51]   diagnosis: bank0:0-1-2-4-5-7-8 (8.0 observed on average), 940 paired windows, 3 method(s)
[16:17:55]   diagnosis: bank1:3 (14.0 observed on average), 940 paired windows, 3 method(s)
[16:18:01]   diagnosis: bank2:6-10 (13.0 observed on average), 940 paired windows, 3 method(s)
[16:18:07]   diagnosis: single_sensor_0 (1.0 observed on average), 940 paired windows, 3 method(s)
[16:18:10]   Diagnosis completed on validation engines only; no confirmatory PASS/FAIL inferred.
[16:18:10] --- stage diagnosis done in 227.6s ---
[16:18:10] === run ok · 227.6s · peak RSS 4.403 GB ===

>>> [5/12] matched · seed 12 · logs/ts/ws/diagnosis_donors/matched/seed12 · mean 3.7 min/run · ETA 29 min for the remaining 8
[16:18:10] === run start · seed12 · seed 12 · hash 77bb8a1643d9 ===
[16:18:10] stages ['diagnosis'] · device cuda · dataset cmapss:FD001
[16:18:10] --- stage: diagnosis ---
[16:18:10]   data: FleetPair(cmapss:FD001: train=100 units, test=100 units, C=15, regimes=1, cap=125)  (0.1s)
[16:18:10]   task: {'kind': 'ad', 'n_train': 3753, 'n_val': 1537, 'n_test': 4639, 'd': 300, 'window': 20, 'n_channels': 15, 'anomaly_rate': 0.12416469305753708, 'kind_counts': {'decouple': 113, 'normal': 4063, 'spike': 89, 'offset': 117, 'desync': 103, 'drift': 102, 'organic': 52}, 'train_units': 100, 'val_units': 30, 'test_units': 100, 'n_val_windows': 1537, 'n_regimes': 1, 'seed': 12, 'per_regime_norm': False, 'official_test_fleet': True, 'dataset': 'cmapss:FD001', 'cap': 125.0, 'subset': 'FD001', 'dropped_constant_sensors': 6, 'source': 'NASA C-MAPSS (real)', 'source_name': 'cmapss', 'source_kind': 'fleet'}
[16:18:10]   caveat: Ships no anomaly annotations: detection anomalies are injected.
[16:18:10]   donors: matched 100.0% of 415 recipients on ['regime', 'health'] within caliper 0.25
    [pc] epoch   0  nll  359.574  val  335.460
    [pc] epoch  22  nll   68.812  val   80.118
    [pc] epoch  44  nll   46.957  val   57.925
    [pc] epoch  66  nll   39.548  val   49.494
    fit channel_blocked K=8: 78/180 (43%) · 2.60 it/s · elapsed 00:30 · ETA 00:39
    [pc] epoch  88  nll   33.203  val   42.233
    [pc] epoch 110  nll   29.865  val   38.894
    [pc] epoch 132  nll   28.857  val   38.134
    [pc] epoch 154  nll   29.248  val   37.750
    fit channel_blocked K=8: 162/180 (90%) · 2.68 it/s · elapsed 01:00 · ETA 00:06
    [pc] epoch 176  nll   26.860  val   36.084
    fit channel_blocked K=8: done 180/180 in 01:14
[16:19:27]   pc_train_nll: first=359.5738 last=26.7530 (180 epochs)
[16:19:27]   pc_train_objective: first=359.5738 last=26.7530 (180 epochs)
[16:19:27]   pc_selection_loss: first=335.4602 last=35.8824 (180 epochs)
[16:19:27]   pc_val_nll: first=335.4602 last=35.8824 (180 epochs)
[16:19:27]   pc: fit 77.2s · 174,240 params · score sd 20.214 · device cuda · layered · 8,749 win/s
[16:19:27]   pc: validation on 650 windows from explicit subset of held-out units · best epoch 179 of 180 · val nll 35.882
[16:19:28]   shortcut audit: target-channel-only AUROC 0.547 (0.5 = no marginal shortcut)
[16:19:29]   baseline gaussian_fitted: fit 0.29s · 45,450 params · selection {'shrinkage': 0.01}
[16:20:12]   baseline gmm_fitted: fit 43.87s · 181,803 params · selection {'components': 4, 'reg': 0.0001}
[16:20:12]   diagnosis: full (15.0 observed on average), 830 paired windows, 3 method(s)
[16:20:22]   diagnosis: random1:1 (14.0 observed on average), 830 paired windows, 3 method(s)
[16:20:29]   diagnosis: random3:5-8-14 (12.0 observed on average), 830 paired windows, 3 method(s)
[16:20:35]   diagnosis: random7:3-4-8-10-11-12-14 (8.0 observed on average), 830 paired windows, 3 method(s)
[16:20:40]   diagnosis: bank0:0-1-2-4-5-7-8 (8.0 observed on average), 830 paired windows, 3 method(s)
[16:20:45]   diagnosis: bank1:3 (14.0 observed on average), 830 paired windows, 3 method(s)
[16:20:52]   diagnosis: bank2:6-10 (13.0 observed on average), 830 paired windows, 3 method(s)
[16:20:59]   diagnosis: single_sensor_0 (1.0 observed on average), 830 paired windows, 3 method(s)
[16:21:02]   Diagnosis completed on validation engines only; no confirmatory PASS/FAIL inferred.
[16:21:02] --- stage diagnosis done in 171.8s ---
[16:21:02] === run ok · 171.8s · peak RSS 4.403 GB ===

>>> [6/12] matched · seed 13 · logs/ts/ws/diagnosis_donors/matched/seed13 · mean 3.5 min/run · ETA 24 min for the remaining 7
[16:21:02] === run start · seed13 · seed 13 · hash 77bb8a1643d9 ===
[16:21:02] stages ['diagnosis'] · device cuda · dataset cmapss:FD001
[16:21:02] --- stage: diagnosis ---
[16:21:02]   data: FleetPair(cmapss:FD001: train=100 units, test=100 units, C=15, regimes=1, cap=125)  (0.1s)
[16:21:02]   task: {'kind': 'ad', 'n_train': 3882, 'n_val': 1408, 'n_test': 4639, 'd': 300, 'window': 20, 'n_channels': 15, 'anomaly_rate': 0.12976934015750885, 'kind_counts': {'normal': 4037, 'offset': 120, 'drift': 97, 'desync': 107, 'spike': 129, 'decouple': 97, 'organic': 52}, 'train_units': 100, 'val_units': 30, 'test_units': 100, 'n_val_windows': 1408, 'n_regimes': 1, 'seed': 13, 'per_regime_norm': False, 'official_test_fleet': True, 'dataset': 'cmapss:FD001', 'cap': 125.0, 'subset': 'FD001', 'dropped_constant_sensors': 6, 'source': 'NASA C-MAPSS (real)', 'source_name': 'cmapss', 'source_kind': 'fleet'}
[16:21:02]   caveat: Ships no anomaly annotations: detection anomalies are injected.
[16:21:02]   donors: matched 100.0% of 422 recipients on ['regime', 'health'] within caliper 0.25
    [pc] epoch   0  nll  356.985  val  291.025
    [pc] epoch  22  nll   71.989  val   72.116
    fit channel_blocked K=8: 38/180 (21%) · 1.25 it/s · elapsed 00:30 · ETA 01:53
    [pc] epoch  44  nll   50.819  val   53.276
    [pc] epoch  66  nll   40.505  val   42.183
    fit channel_blocked K=8: 77/180 (43%) · 1.27 it/s · elapsed 01:00 · ETA 01:21
    [pc] epoch  88  nll   35.307  val   37.320
    [pc] epoch 110  nll   31.132  val   32.554
    fit channel_blocked K=8: 122/180 (68%) · 1.34 it/s · elapsed 01:31 · ETA 00:43
    [pc] epoch 132  nll   29.058  val   30.819
    [pc] epoch 154  nll   27.723  val   29.612
    [pc] epoch 176  nll   25.769  val   27.785
    fit channel_blocked K=8: done 180/180 in 02:00
    [pc] restored epoch 178 (selected by nll; val nll 27.441, last 28.346)
[16:23:46]   pc_train_nll: first=356.9849 last=27.1322 (180 epochs)
[16:23:46]   pc_train_objective: first=356.9849 last=27.1322 (180 epochs)
[16:23:46]   pc_selection_loss: first=291.0248 last=28.3456 (180 epochs)
[16:23:46]   pc_val_nll: first=291.0248 last=28.3456 (180 epochs)
[16:23:46]   pc: fit 164.2s · 174,240 params · score sd 19.230 · device cuda · layered · 4,255 win/s
[16:23:46]   pc: validation on 496 windows from explicit subset of held-out units · best epoch 178 of 180 · val nll 27.441
[16:23:47]   shortcut audit: target-channel-only AUROC 0.562 (0.5 = no marginal shortcut)
[16:23:47]   baseline gaussian_fitted: fit 0.24s · 45,450 params · selection {'shrinkage': 0.01}
[16:24:19]   baseline gmm_fitted: fit 31.82s · 90,901 params · selection {'components': 2, 'reg': 0.0001}
[16:24:19]   diagnosis: full (15.0 observed on average), 844 paired windows, 3 method(s)
[16:24:27]   diagnosis: random1:1 (14.0 observed on average), 844 paired windows, 3 method(s)
[16:24:33]   diagnosis: random3:5-8-14 (12.0 observed on average), 844 paired windows, 3 method(s)
[16:24:38]   diagnosis: random7:3-4-8-10-11-12-14 (8.0 observed on average), 844 paired windows, 3 method(s)
[16:24:43]   diagnosis: bank0:0-1-2-4-5-7-8 (8.0 observed on average), 844 paired windows, 3 method(s)
[16:24:47]   diagnosis: bank1:3 (14.0 observed on average), 844 paired windows, 3 method(s)
[16:24:53]   diagnosis: bank2:6-10 (13.0 observed on average), 844 paired windows, 3 method(s)
[16:25:00]   diagnosis: single_sensor_0 (1.0 observed on average), 844 paired windows, 3 method(s)
[16:25:03]   Diagnosis completed on validation engines only; no confirmatory PASS/FAIL inferred.
[16:25:03] --- stage diagnosis done in 241.6s ---
[16:25:03] === run ok · 241.6s · peak RSS 4.509 GB ===

>>> [7/12] matched_nearest · seed 11 · logs/ts/ws/diagnosis_donors/matched_nearest/seed11 · mean 3.6 min/run · ETA 22 min for the remaining 6
[16:25:03] === run start · seed11 · seed 11 · hash bd539db24db8 ===
[16:25:03] stages ['diagnosis'] · device cuda · dataset cmapss:FD001
[16:25:03] --- stage: diagnosis ---
[16:25:03]   data: FleetPair(cmapss:FD001: train=100 units, test=100 units, C=15, regimes=1, cap=125)  (0.1s)
[16:25:03]   task: {'kind': 'ad', 'n_train': 3711, 'n_val': 1579, 'n_test': 4639, 'd': 300, 'window': 20, 'n_channels': 15, 'anomaly_rate': 0.12869152426719666, 'kind_counts': {'normal': 4042, 'desync': 107, 'offset': 109, 'spike': 98, 'drift': 113, 'decouple': 118, 'organic': 52}, 'train_units': 100, 'val_units': 30, 'test_units': 100, 'n_val_windows': 1579, 'n_regimes': 1, 'seed': 11, 'per_regime_norm': False, 'official_test_fleet': True, 'dataset': 'cmapss:FD001', 'cap': 125.0, 'subset': 'FD001', 'dropped_constant_sensors': 6, 'source': 'NASA C-MAPSS (real)', 'source_name': 'cmapss', 'source_kind': 'fleet'}
[16:25:03]   caveat: Ships no anomaly annotations: detection anomalies are injected.
[16:25:03]   donors: matched 100.0% of 470 recipients on ['regime', 'health'] within caliper 0.25
    [pc] epoch   0  nll  360.857  val  287.712
    [pc] epoch  22  nll   75.112  val   79.618
    [pc] epoch  44  nll   54.352  val   60.430
    [pc] epoch  66  nll   46.458  val   52.573
    fit channel_blocked K=8: 80/180 (44%) · 2.66 it/s · elapsed 00:30 · ETA 00:37
    [pc] epoch  88  nll   41.803  val   47.767
    [pc] epoch 110  nll   39.377  val   44.530
    [pc] epoch 132  nll   38.589  val   44.045
    [pc] epoch 154  nll   37.810  val   43.958
    fit channel_blocked K=8: 176/180 (98%) · 2.93 it/s · elapsed 01:00 · ETA 00:01
    [pc] epoch 176  nll   36.128  val   41.847
    fit channel_blocked K=8: done 180/180 in 01:01
    [pc] restored epoch 175 (selected by nll; val nll 41.131, last 41.591)
[16:26:19]   pc_train_nll: first=360.8570 last=36.0267 (180 epochs)
[16:26:19]   pc_train_objective: first=360.8570 last=36.0267 (180 epochs)
[16:26:19]   pc_selection_loss: first=287.7118 last=41.5910 (180 epochs)
[16:26:19]   pc_val_nll: first=287.7118 last=41.5910 (180 epochs)
[16:26:19]   pc: fit 75.8s · 174,240 params · score sd 21.870 · device cuda · layered · 8,810 win/s
[16:26:19]   pc: validation on 546 windows from explicit subset of held-out units · best epoch 175 of 180 · val nll 41.131
[16:26:21]   shortcut audit: target-channel-only AUROC 0.558 (0.5 = no marginal shortcut)
[16:26:21]   baseline gaussian_fitted: fit 0.24s · 45,450 params · selection {'shrinkage': 0.01}
[16:26:52]   baseline gmm_fitted: fit 30.85s · 90,901 params · selection {'components': 2, 'reg': 0.0001}
[16:26:52]   diagnosis: full (15.0 observed on average), 940 paired windows, 3 method(s)
[16:26:59]   diagnosis: random1:1 (14.0 observed on average), 940 paired windows, 3 method(s)
[16:27:05]   diagnosis: random3:5-8-14 (12.0 observed on average), 940 paired windows, 3 method(s)
[16:27:11]   diagnosis: random7:3-4-8-10-11-12-14 (8.0 observed on average), 940 paired windows, 3 method(s)
[16:27:15]   diagnosis: bank0:0-1-2-4-5-7-8 (8.0 observed on average), 940 paired windows, 3 method(s)
[16:27:19]   diagnosis: bank1:3 (14.0 observed on average), 940 paired windows, 3 method(s)
[16:27:26]   diagnosis: bank2:6-10 (13.0 observed on average), 940 paired windows, 3 method(s)
[16:27:31]   diagnosis: single_sensor_0 (1.0 observed on average), 940 paired windows, 3 method(s)
[16:27:35]   Diagnosis completed on validation engines only; no confirmatory PASS/FAIL inferred.
[16:27:35] --- stage diagnosis done in 151.4s ---
[16:27:35] === run ok · 151.4s · peak RSS 4.509 GB ===

>>> [8/12] matched_nearest · seed 12 · logs/ts/ws/diagnosis_donors/matched_nearest/seed12 · mean 3.4 min/run · ETA 17 min for the remaining 5
[16:27:35] === run start · seed12 · seed 12 · hash bd539db24db8 ===
[16:27:35] stages ['diagnosis'] · device cuda · dataset cmapss:FD001
[16:27:35] --- stage: diagnosis ---
[16:27:35]   data: FleetPair(cmapss:FD001: train=100 units, test=100 units, C=15, regimes=1, cap=125)  (0.1s)
[16:27:35]   task: {'kind': 'ad', 'n_train': 3753, 'n_val': 1537, 'n_test': 4639, 'd': 300, 'window': 20, 'n_channels': 15, 'anomaly_rate': 0.12416469305753708, 'kind_counts': {'decouple': 113, 'normal': 4063, 'spike': 89, 'offset': 117, 'desync': 103, 'drift': 102, 'organic': 52}, 'train_units': 100, 'val_units': 30, 'test_units': 100, 'n_val_windows': 1537, 'n_regimes': 1, 'seed': 12, 'per_regime_norm': False, 'official_test_fleet': True, 'dataset': 'cmapss:FD001', 'cap': 125.0, 'subset': 'FD001', 'dropped_constant_sensors': 6, 'source': 'NASA C-MAPSS (real)', 'source_name': 'cmapss', 'source_kind': 'fleet'}
[16:27:35]   caveat: Ships no anomaly annotations: detection anomalies are injected.
[16:27:35]   donors: matched 100.0% of 415 recipients on ['regime', 'health'] within caliper 0.25
    [pc] epoch   0  nll  359.574  val  335.460
    [pc] epoch  22  nll   68.812  val   80.118
    [pc] epoch  44  nll   46.957  val   57.925
    [pc] epoch  66  nll   39.548  val   49.494
    fit channel_blocked K=8: 68/180 (38%) · 2.24 it/s · elapsed 00:30 · ETA 00:49
    [pc] epoch  88  nll   33.203  val   42.233
    [pc] epoch 110  nll   29.865  val   38.894
    [pc] epoch 132  nll   28.857  val   38.134
    fit channel_blocked K=8: 144/180 (80%) · 2.38 it/s · elapsed 01:00 · ETA 00:15
    [pc] epoch 154  nll   29.248  val   37.750
    [pc] epoch 176  nll   26.860  val   36.084
    fit channel_blocked K=8: done 180/180 in 01:14
[16:29:21]   pc_train_nll: first=359.5738 last=26.7530 (180 epochs)
[16:29:21]   pc_train_objective: first=359.5738 last=26.7530 (180 epochs)
[16:29:21]   pc_selection_loss: first=335.4602 last=35.8824 (180 epochs)
[16:29:21]   pc_val_nll: first=335.4602 last=35.8824 (180 epochs)
[16:29:21]   pc: fit 106.4s · 174,240 params · score sd 20.214 · device cuda · layered · 6,349 win/s
[16:29:21]   pc: validation on 650 windows from explicit subset of held-out units · best epoch 179 of 180 · val nll 35.882
[16:29:22]   shortcut audit: target-channel-only AUROC 0.549 (0.5 = no marginal shortcut)
[16:29:23]   baseline gaussian_fitted: fit 0.31s · 45,450 params · selection {'shrinkage': 0.01}
[16:30:06]   baseline gmm_fitted: fit 42.79s · 181,803 params · selection {'components': 4, 'reg': 0.0001}
[16:30:06]   diagnosis: full (15.0 observed on average), 830 paired windows, 3 method(s)
[16:30:13]   diagnosis: random1:1 (14.0 observed on average), 830 paired windows, 3 method(s)
[16:30:19]   diagnosis: random3:5-8-14 (12.0 observed on average), 830 paired windows, 3 method(s)
[16:30:24]   diagnosis: random7:3-4-8-10-11-12-14 (8.0 observed on average), 830 paired windows, 3 method(s)
[16:30:28]   diagnosis: bank0:0-1-2-4-5-7-8 (8.0 observed on average), 830 paired windows, 3 method(s)
[16:30:31]   diagnosis: bank1:3 (14.0 observed on average), 830 paired windows, 3 method(s)
[16:30:37]   diagnosis: bank2:6-10 (13.0 observed on average), 830 paired windows, 3 method(s)
[16:30:43]   diagnosis: single_sensor_0 (1.0 observed on average), 830 paired windows, 3 method(s)
[16:30:46]   Diagnosis completed on validation engines only; no confirmatory PASS/FAIL inferred.
[16:30:46] --- stage diagnosis done in 190.9s ---
[16:30:46] === run ok · 190.9s · peak RSS 4.509 GB ===

>>> [9/12] matched_nearest · seed 13 · logs/ts/ws/diagnosis_donors/matched_nearest/seed13 · mean 3.4 min/run · ETA 14 min for the remaining 4
[16:30:46] === run start · seed13 · seed 13 · hash bd539db24db8 ===
[16:30:46] stages ['diagnosis'] · device cuda · dataset cmapss:FD001
[16:30:46] --- stage: diagnosis ---
[16:30:46]   data: FleetPair(cmapss:FD001: train=100 units, test=100 units, C=15, regimes=1, cap=125)  (0.1s)
[16:30:46]   task: {'kind': 'ad', 'n_train': 3882, 'n_val': 1408, 'n_test': 4639, 'd': 300, 'window': 20, 'n_channels': 15, 'anomaly_rate': 0.12976934015750885, 'kind_counts': {'normal': 4037, 'offset': 120, 'drift': 97, 'desync': 107, 'spike': 129, 'decouple': 97, 'organic': 52}, 'train_units': 100, 'val_units': 30, 'test_units': 100, 'n_val_windows': 1408, 'n_regimes': 1, 'seed': 13, 'per_regime_norm': False, 'official_test_fleet': True, 'dataset': 'cmapss:FD001', 'cap': 125.0, 'subset': 'FD001', 'dropped_constant_sensors': 6, 'source': 'NASA C-MAPSS (real)', 'source_name': 'cmapss', 'source_kind': 'fleet'}
[16:30:46]   caveat: Ships no anomaly annotations: detection anomalies are injected.
[16:30:46]   donors: matched 100.0% of 422 recipients on ['regime', 'health'] within caliper 0.25
    [pc] epoch   0  nll  356.985  val  291.025
    [pc] epoch  22  nll   71.989  val   72.116
    [pc] epoch  44  nll   50.819  val   53.276
    [pc] epoch  66  nll   40.505  val   42.183
    [pc] epoch  88  nll   35.307  val   37.320
    fit channel_blocked K=8: 102/180 (57%) · 3.40 it/s · elapsed 00:30 · ETA 00:22
    [pc] epoch 110  nll   31.132  val   32.554
    [pc] epoch 132  nll   29.058  val   30.819
    [pc] epoch 154  nll   27.723  val   29.612
    [pc] epoch 176  nll   25.769  val   27.785
    fit channel_blocked K=8: done 180/180 in 00:59
    [pc] restored epoch 178 (selected by nll; val nll 27.441, last 28.346)
[16:31:48]   pc_train_nll: first=356.9849 last=27.1322 (180 epochs)
[16:31:48]   pc_train_objective: first=356.9849 last=27.1322 (180 epochs)
[16:31:48]   pc_selection_loss: first=291.0248 last=28.3456 (180 epochs)
[16:31:48]   pc_val_nll: first=291.0248 last=28.3456 (180 epochs)
[16:31:49]   pc: fit 62.6s · 174,240 params · score sd 19.230 · device cuda · layered · 11,154 win/s
[16:31:49]   pc: validation on 496 windows from explicit subset of held-out units · best epoch 178 of 180 · val nll 27.441
[16:31:49]   shortcut audit: target-channel-only AUROC 0.565 (0.5 = no marginal shortcut)
[16:31:50]   baseline gaussian_fitted: fit 0.19s · 45,450 params · selection {'shrinkage': 0.01}
[16:32:19]   baseline gmm_fitted: fit 29.52s · 90,901 params · selection {'components': 2, 'reg': 0.0001}
[16:32:19]   diagnosis: full (15.0 observed on average), 844 paired windows, 3 method(s)
[16:32:25]   diagnosis: random1:1 (14.0 observed on average), 844 paired windows, 3 method(s)
[16:32:30]   diagnosis: random3:5-8-14 (12.0 observed on average), 844 paired windows, 3 method(s)
[16:32:34]   diagnosis: random7:3-4-8-10-11-12-14 (8.0 observed on average), 844 paired windows, 3 method(s)
[16:32:37]   diagnosis: bank0:0-1-2-4-5-7-8 (8.0 observed on average), 844 paired windows, 3 method(s)
[16:32:41]   diagnosis: bank1:3 (14.0 observed on average), 844 paired windows, 3 method(s)
[16:32:45]   diagnosis: bank2:6-10 (13.0 observed on average), 844 paired windows, 3 method(s)
[16:32:50]   diagnosis: single_sensor_0 (1.0 observed on average), 844 paired windows, 3 method(s)
[16:32:53]   Diagnosis completed on validation engines only; no confirmatory PASS/FAIL inferred.
[16:32:53] --- stage diagnosis done in 127.3s ---
[16:32:53] === run ok · 127.3s · peak RSS 4.509 GB ===

>>> [10/12] matched_tight · seed 11 · logs/ts/ws/diagnosis_donors/matched_tight/seed11 · mean 3.3 min/run · ETA 10 min for the remaining 3
[16:32:53] === run start · seed11 · seed 11 · hash 40c0ee4dfa4a ===
[16:32:53] stages ['diagnosis'] · device cuda · dataset cmapss:FD001
[16:32:53] --- stage: diagnosis ---
[16:32:53]   data: FleetPair(cmapss:FD001: train=100 units, test=100 units, C=15, regimes=1, cap=125)  (0.1s)
[16:32:53]   task: {'kind': 'ad', 'n_train': 3711, 'n_val': 1579, 'n_test': 4639, 'd': 300, 'window': 20, 'n_channels': 15, 'anomaly_rate': 0.12869152426719666, 'kind_counts': {'normal': 4042, 'desync': 107, 'offset': 109, 'spike': 98, 'drift': 113, 'decouple': 118, 'organic': 52}, 'train_units': 100, 'val_units': 30, 'test_units': 100, 'n_val_windows': 1579, 'n_regimes': 1, 'seed': 11, 'per_regime_norm': False, 'official_test_fleet': True, 'dataset': 'cmapss:FD001', 'cap': 125.0, 'subset': 'FD001', 'dropped_constant_sensors': 6, 'source': 'NASA C-MAPSS (real)', 'source_name': 'cmapss', 'source_kind': 'fleet'}
[16:32:53]   caveat: Ships no anomaly annotations: detection anomalies are injected.
[16:32:53]   donors: matched 100.0% of 470 recipients on ['regime', 'health'] within caliper 0.1
    [pc] epoch   0  nll  360.857  val  287.712
    [pc] epoch  22  nll   75.112  val   79.618
    [pc] epoch  44  nll   54.352  val   60.430
    [pc] epoch  66  nll   46.458  val   52.573
    fit channel_blocked K=8: 76/180 (42%) · 2.51 it/s · elapsed 00:30 · ETA 00:41
    [pc] epoch  88  nll   41.803  val   47.767
    [pc] epoch 110  nll   39.377  val   44.530
    [pc] epoch 132  nll   38.589  val   44.045
    fit channel_blocked K=8: 152/180 (84%) · 2.52 it/s · elapsed 01:00 · ETA 00:11
    [pc] epoch 154  nll   37.810  val   43.958
    [pc] epoch 176  nll   36.128  val   41.847
    fit channel_blocked K=8: done 180/180 in 01:11
    [pc] restored epoch 175 (selected by nll; val nll 41.131, last 41.591)
[16:34:22]   pc_train_nll: first=360.8570 last=36.0267 (180 epochs)
[16:34:22]   pc_train_objective: first=360.8570 last=36.0267 (180 epochs)
[16:34:22]   pc_selection_loss: first=287.7118 last=41.5910 (180 epochs)
[16:34:22]   pc_val_nll: first=287.7118 last=41.5910 (180 epochs)
[16:34:22]   pc: fit 89.2s · 174,240 params · score sd 21.870 · device cuda · layered · 7,487 win/s
[16:34:22]   pc: validation on 546 windows from explicit subset of held-out units · best epoch 175 of 180 · val nll 41.131
[16:34:23]   shortcut audit: target-channel-only AUROC 0.550 (0.5 = no marginal shortcut)
[16:34:24]   baseline gaussian_fitted: fit 0.22s · 45,450 params · selection {'shrinkage': 0.01}
[16:34:53]   baseline gmm_fitted: fit 29.25s · 90,901 params · selection {'components': 2, 'reg': 0.0001}
[16:34:53]   diagnosis: full (15.0 observed on average), 940 paired windows, 3 method(s)
[16:34:59]   diagnosis: random1:1 (14.0 observed on average), 940 paired windows, 3 method(s)
[16:35:04]   diagnosis: random3:5-8-14 (12.0 observed on average), 940 paired windows, 3 method(s)
[16:35:09]   diagnosis: random7:3-4-8-10-11-12-14 (8.0 observed on average), 940 paired windows, 3 method(s)
[16:35:12]   diagnosis: bank0:0-1-2-4-5-7-8 (8.0 observed on average), 940 paired windows, 3 method(s)
[16:35:15]   diagnosis: bank1:3 (14.0 observed on average), 940 paired windows, 3 method(s)
[16:35:21]   diagnosis: bank2:6-10 (13.0 observed on average), 940 paired windows, 3 method(s)
[16:35:25]   diagnosis: single_sensor_0 (1.0 observed on average), 940 paired windows, 3 method(s)
[16:35:28]   Diagnosis completed on validation engines only; no confirmatory PASS/FAIL inferred.
[16:35:28] --- stage diagnosis done in 155.1s ---
[16:35:28] === run ok · 155.1s · peak RSS 4.509 GB ===

>>> [11/12] matched_tight · seed 12 · logs/ts/ws/diagnosis_donors/matched_tight/seed12 · mean 3.2 min/run · ETA 6 min for the remaining 2
[16:35:28] === run start · seed12 · seed 12 · hash 40c0ee4dfa4a ===
[16:35:28] stages ['diagnosis'] · device cuda · dataset cmapss:FD001
[16:35:28] --- stage: diagnosis ---
[16:35:28]   data: FleetPair(cmapss:FD001: train=100 units, test=100 units, C=15, regimes=1, cap=125)  (0.1s)
[16:35:28]   task: {'kind': 'ad', 'n_train': 3753, 'n_val': 1537, 'n_test': 4639, 'd': 300, 'window': 20, 'n_channels': 15, 'anomaly_rate': 0.12416469305753708, 'kind_counts': {'decouple': 113, 'normal': 4063, 'spike': 89, 'offset': 117, 'desync': 103, 'drift': 102, 'organic': 52}, 'train_units': 100, 'val_units': 30, 'test_units': 100, 'n_val_windows': 1537, 'n_regimes': 1, 'seed': 12, 'per_regime_norm': False, 'official_test_fleet': True, 'dataset': 'cmapss:FD001', 'cap': 125.0, 'subset': 'FD001', 'dropped_constant_sensors': 6, 'source': 'NASA C-MAPSS (real)', 'source_name': 'cmapss', 'source_kind': 'fleet'}
[16:35:28]   caveat: Ships no anomaly annotations: detection anomalies are injected.
[16:35:28]   donors: matched 100.0% of 415 recipients on ['regime', 'health'] within caliper 0.1
    [pc] epoch   0  nll  359.574  val  335.460
    [pc] epoch  22  nll   68.812  val   80.118
    [pc] epoch  44  nll   46.957  val   57.925
    [pc] epoch  66  nll   39.548  val   49.494
    [pc] epoch  88  nll   33.203  val   42.233
    fit channel_blocked K=8: 109/180 (61%) · 3.63 it/s · elapsed 00:30 · ETA 00:19
    [pc] epoch 110  nll   29.865  val   38.894
    [pc] epoch 132  nll   28.857  val   38.134
    [pc] epoch 154  nll   29.248  val   37.750
    [pc] epoch 176  nll   26.860  val   36.084
    fit channel_blocked K=8: done 180/180 in 00:59
[16:36:30]   pc_train_nll: first=359.5738 last=26.7530 (180 epochs)
[16:36:30]   pc_train_objective: first=359.5738 last=26.7530 (180 epochs)
[16:36:30]   pc_selection_loss: first=335.4602 last=35.8824 (180 epochs)
[16:36:30]   pc_val_nll: first=335.4602 last=35.8824 (180 epochs)
[16:36:30]   pc: fit 62.1s · 174,240 params · score sd 20.214 · device cuda · layered · 10,870 win/s
[16:36:30]   pc: validation on 650 windows from explicit subset of held-out units · best epoch 179 of 180 · val nll 35.882
[16:36:31]   shortcut audit: target-channel-only AUROC 0.545 (0.5 = no marginal shortcut)
[16:36:32]   baseline gaussian_fitted: fit 0.25s · 45,450 params · selection {'shrinkage': 0.01}
[16:37:14]   baseline gmm_fitted: fit 42.45s · 181,803 params · selection {'components': 4, 'reg': 0.0001}
[16:37:14]   diagnosis: full (15.0 observed on average), 830 paired windows, 3 method(s)
[16:37:21]   diagnosis: random1:1 (14.0 observed on average), 830 paired windows, 3 method(s)
[16:37:28]   diagnosis: random3:5-8-14 (12.0 observed on average), 830 paired windows, 3 method(s)
[16:37:33]   diagnosis: random7:3-4-8-10-11-12-14 (8.0 observed on average), 830 paired windows, 3 method(s)
[16:37:36]   diagnosis: bank0:0-1-2-4-5-7-8 (8.0 observed on average), 830 paired windows, 3 method(s)
[16:37:40]   diagnosis: bank1:3 (14.0 observed on average), 830 paired windows, 3 method(s)
[16:37:46]   diagnosis: bank2:6-10 (13.0 observed on average), 830 paired windows, 3 method(s)
[16:37:51]   diagnosis: single_sensor_0 (1.0 observed on average), 830 paired windows, 3 method(s)
[16:37:54]   Diagnosis completed on validation engines only; no confirmatory PASS/FAIL inferred.
[16:37:54] --- stage diagnosis done in 146.2s ---
[16:37:54] === run ok · 146.2s · peak RSS 4.509 GB ===

>>> [12/12] matched_tight · seed 13 · logs/ts/ws/diagnosis_donors/matched_tight/seed13 · mean 3.1 min/run · ETA 3 min for the remaining 1
[16:37:54] === run start · seed13 · seed 13 · hash 40c0ee4dfa4a ===
[16:37:54] stages ['diagnosis'] · device cuda · dataset cmapss:FD001
[16:37:54] --- stage: diagnosis ---
[16:37:54]   data: FleetPair(cmapss:FD001: train=100 units, test=100 units, C=15, regimes=1, cap=125)  (0.1s)
[16:37:54]   task: {'kind': 'ad', 'n_train': 3882, 'n_val': 1408, 'n_test': 4639, 'd': 300, 'window': 20, 'n_channels': 15, 'anomaly_rate': 0.12976934015750885, 'kind_counts': {'normal': 4037, 'offset': 120, 'drift': 97, 'desync': 107, 'spike': 129, 'decouple': 97, 'organic': 52}, 'train_units': 100, 'val_units': 30, 'test_units': 100, 'n_val_windows': 1408, 'n_regimes': 1, 'seed': 13, 'per_regime_norm': False, 'official_test_fleet': True, 'dataset': 'cmapss:FD001', 'cap': 125.0, 'subset': 'FD001', 'dropped_constant_sensors': 6, 'source': 'NASA C-MAPSS (real)', 'source_name': 'cmapss', 'source_kind': 'fleet'}
[16:37:54]   caveat: Ships no anomaly annotations: detection anomalies are injected.
[16:37:54]   donors: matched 100.0% of 422 recipients on ['regime', 'health'] within caliper 0.1
    [pc] epoch   0  nll  356.985  val  291.025
    [pc] epoch  22  nll   71.989  val   72.116
    [pc] epoch  44  nll   50.819  val   53.276
    [pc] epoch  66  nll   40.505  val   42.183
    fit channel_blocked K=8: 69/180 (38%) · 2.28 it/s · elapsed 00:30 · ETA 00:48
    [pc] epoch  88  nll   35.307  val   37.320
    [pc] epoch 110  nll   31.132  val   32.554
    [pc] epoch 132  nll   29.058  val   30.819
    fit channel_blocked K=8: 138/180 (77%) · 2.28 it/s · elapsed 01:00 · ETA 00:18
    [pc] epoch 154  nll   27.723  val   29.612
    [pc] epoch 176  nll   25.769  val   27.785
    fit channel_blocked K=8: done 180/180 in 01:19
    [pc] restored epoch 178 (selected by nll; val nll 27.441, last 28.346)
[16:39:31]   pc_train_nll: first=356.9849 last=27.1322 (180 epochs)
[16:39:31]   pc_train_objective: first=356.9849 last=27.1322 (180 epochs)
[16:39:31]   pc_selection_loss: first=291.0248 last=28.3456 (180 epochs)
[16:39:31]   pc_val_nll: first=291.0248 last=28.3456 (180 epochs)
[16:39:32]   pc: fit 97.1s · 174,240 params · score sd 19.230 · device cuda · layered · 7,198 win/s
[16:39:32]   pc: validation on 496 windows from explicit subset of held-out units · best epoch 178 of 180 · val nll 27.441
[16:39:33]   shortcut audit: target-channel-only AUROC 0.560 (0.5 = no marginal shortcut)
[16:39:33]   baseline gaussian_fitted: fit 0.21s · 45,450 params · selection {'shrinkage': 0.01}
[16:40:03]   baseline gmm_fitted: fit 29.90s · 90,901 params · selection {'components': 2, 'reg': 0.0001}
[16:40:03]   diagnosis: full (15.0 observed on average), 844 paired windows, 3 method(s)
[16:40:08]   diagnosis: random1:1 (14.0 observed on average), 844 paired windows, 3 method(s)
[16:40:14]   diagnosis: random3:5-8-14 (12.0 observed on average), 844 paired windows, 3 method(s)
[16:40:18]   diagnosis: random7:3-4-8-10-11-12-14 (8.0 observed on average), 844 paired windows, 3 method(s)
[16:40:21]   diagnosis: bank0:0-1-2-4-5-7-8 (8.0 observed on average), 844 paired windows, 3 method(s)
[16:40:25]   diagnosis: bank1:3 (14.0 observed on average), 844 paired windows, 3 method(s)
[16:40:30]   diagnosis: bank2:6-10 (13.0 observed on average), 844 paired windows, 3 method(s)
[16:40:34]   diagnosis: single_sensor_0 (1.0 observed on average), 844 paired windows, 3 method(s)
[16:40:37]   Diagnosis completed on validation engines only; no confirmatory PASS/FAIL inferred.
[16:40:37] --- stage diagnosis done in 162.9s ---
[16:40:37] === run ok · 163.0s · peak RSS 4.509 GB ===

==============================================================================
 batch finished in 37.1 min — 12 ok, 0 skipped, 0 failed
==============================================================================

=== diagnosis (mean ± sd over seeds) ===

method                                         variant                     auroc[decouple]      auroc[desync]       auroc[drift]      auroc[offset]       auroc[spike]              alpha                 ap              auroc  seeds
--------------------------------------------------------------------------------------------------------------------------------------------------------------------------------------------------------------------------------------
conditional_max | bank0:0-1-2-4-5-7-8 | circuit matched                       0.4978±0.0082      0.5620±0.0491      0.9602±0.0231      0.9481±0.0228      0.7687±0.0509      0.1000±0.0000      0.8110±0.0227      0.7435±0.0282      3
conditional_max | bank0:0-1-2-4-5-7-8 | circuit matched_nearest               0.4978±0.0082      0.5439±0.0470      0.9602±0.0231      0.9481±0.0228      0.7687±0.0509      0.1000±0.0000      0.8073±0.0231      0.7401±0.0293      3
conditional_max | bank0:0-1-2-4-5-7-8 | circuit matched_tight                 0.4978±0.0082      0.5592±0.0297      0.9602±0.0231      0.9481±0.0228      0.7687±0.0509      0.1000±0.0000      0.8106±0.0207      0.7432±0.0255      3
conditional_max | bank0:0-1-2-4-5-7-8 | circuit unmatched                     0.5163±0.0253      0.5315±0.0152      0.9531±0.0205      0.9513±0.0254      0.7345±0.0264      0.1000±0.0000      0.8059±0.0147      0.7362±0.0151      3
conditional_max | bank0:0-1-2-4-5-7-8 | gaussian_fitted matched                       0.4804±0.0441      0.6361±0.0031      0.9645±0.0165      0.9431±0.0086      0.8002±0.0048      0.1000±0.0000      0.8229±0.0135      0.7613±0.0171      3
conditional_max | bank0:0-1-2-4-5-7-8 | gaussian_fitted matched_nearest               0.4804±0.0441      0.6368±0.0228      0.9645±0.0165      0.9431±0.0086      0.8002±0.0048      0.1000±0.0000      0.8205±0.0150      0.7611±0.0209      3
conditional_max | bank0:0-1-2-4-5-7-8 | gaussian_fitted matched_tight                 0.4804±0.0441      0.6229±0.0229      0.9645±0.0165      0.9431±0.0086      0.8002±0.0048      0.1000±0.0000      0.8207±0.0109      0.7590±0.0145      3
conditional_max | bank0:0-1-2-4-5-7-8 | gaussian_fitted unmatched                     0.4989±0.0239      0.6267±0.0490      0.9680±0.0113      0.9503±0.0206      0.7710±0.0228      0.1000±0.0000      0.8188±0.0035      0.7606±0.0129      3
conditional_max | bank0:0-1-2-4-5-7-8 | gmm_fitted matched                       0.4785±0.0440      0.6495±0.0034      0.9710±0.0180      0.9483±0.0085      0.8117±0.0194      0.1000±0.0000      0.8325±0.0132      0.7680±0.0179      3
conditional_max | bank0:0-1-2-4-5-7-8 | gmm_fitted matched_nearest               0.4785±0.0440      0.6399±0.0194      0.9710±0.0180      0.9483±0.0085      0.8117±0.0194      0.1000±0.0000      0.8293±0.0155      0.7658±0.0217      3
conditional_max | bank0:0-1-2-4-5-7-8 | gmm_fitted matched_tight                 0.4785±0.0440      0.6337±0.0257      0.9710±0.0180      0.9483±0.0085      0.8117±0.0194      0.1000±0.0000      0.8301±0.0119      0.7652±0.0165      3
conditional_max | bank0:0-1-2-4-5-7-8 | gmm_fitted unmatched                     0.4932±0.0116      0.6345±0.0580      0.9742±0.0075      0.9558±0.0236      0.7794±0.0276      0.1000±0.0000      0.8285±0.0129      0.7650±0.0172      3
conditional_max | bank1:3 | circuit            matched                       0.5181±0.0351      0.5771±0.0555      0.9989±0.0010      0.9990±0.0015      0.9567±0.0192      0.1000±0.0000      0.8614±0.0173      0.8061±0.0261      3
conditional_max | bank1:3 | circuit            matched_nearest               0.5181±0.0351      0.5765±0.0308      0.9989±0.0010      0.9990±0.0015      0.9567±0.0192      0.1000±0.0000      0.8606±0.0153      0.8061±0.0230      3
conditional_max | bank1:3 | circuit            matched_tight                 0.5181±0.0351      0.5697±0.0429      0.9989±0.0010      0.9990±0.0015      0.9567±0.0192      0.1000±0.0000      0.8606±0.0160      0.8048±0.0244      3
conditional_max | bank1:3 | circuit            unmatched                     0.5224±0.0090      0.5423±0.0052      0.9963±0.0023      0.9995±0.0002      0.9594±0.0205      0.1000±0.0000      0.8592±0.0021      0.8022±0.0028      3
conditional_max | bank1:3 | gaussian_fitted    matched                       0.5196±0.0347      0.7671±0.0178      1.0000±0.0000      1.0000±0.0000      0.9806±0.0078      0.1000±0.0000      0.8957±0.0108      0.8485±0.0142      3
conditional_max | bank1:3 | gaussian_fitted    matched_nearest               0.5196±0.0347      0.8375±0.0284      1.0000±0.0000      1.0000±0.0000      0.9806±0.0078      0.1000±0.0000      0.9045±0.0105      0.8621±0.0134      3
conditional_max | bank1:3 | gaussian_fitted    matched_tight                 0.5196±0.0347      0.7523±0.0025      1.0000±0.0000      1.0000±0.0000      0.9806±0.0078      0.1000±0.0000      0.8937±0.0094      0.8459±0.0119      3
conditional_max | bank1:3 | gaussian_fitted    unmatched                     0.5173±0.0140      0.7518±0.0308      1.0000±0.0000      1.0000±0.0000      0.9736±0.0059      0.1000±0.0000      0.8938±0.0057      0.8455±0.0055      3
conditional_max | bank1:3 | gmm_fitted         matched                       0.5256±0.0419      0.7640±0.0224      1.0000±0.0000      1.0000±0.0000      0.9795±0.0096      0.1000±0.0000      0.8961±0.0118      0.8490±0.0167      3
conditional_max | bank1:3 | gmm_fitted         matched_nearest               0.5256±0.0419      0.8396±0.0229      1.0000±0.0000      1.0000±0.0000      0.9795±0.0096      0.1000±0.0000      0.9051±0.0104      0.8636±0.0141      3
conditional_max | bank1:3 | gmm_fitted         matched_tight                 0.5256±0.0419      0.7559±0.0158      1.0000±0.0000      1.0000±0.0000      0.9795±0.0096      0.1000±0.0000      0.8950±0.0111      0.8475±0.0160      3
conditional_max | bank1:3 | gmm_fitted         unmatched                     0.5156±0.0165      0.7559±0.0293      1.0000±0.0000      1.0000±0.0000      0.9734±0.0057      0.1000±0.0000      0.8943±0.0068      0.8459±0.0091      3
conditional_max | bank2:6-10 | circuit         matched                       0.5190±0.0350      0.5740±0.0516      0.9988±0.0012      0.9982±0.0013      0.9056±0.0292      0.1000±0.0000      0.8530±0.0151      0.7953±0.0223      3
conditional_max | bank2:6-10 | circuit         matched_nearest               0.5190±0.0350      0.5761±0.0307      0.9988±0.0012      0.9982±0.0013      0.9056±0.0292      0.1000±0.0000      0.8525±0.0140      0.7958±0.0206      3
conditional_max | bank2:6-10 | circuit         matched_tight                 0.5190±0.0350      0.5687±0.0413      0.9988±0.0012      0.9982±0.0013      0.9056±0.0292      0.1000±0.0000      0.8525±0.0144      0.7944±0.0213      3
conditional_max | bank2:6-10 | circuit         unmatched                     0.5227±0.0095      0.5434±0.0045      0.9983±0.0011      0.9957±0.0062      0.9345±0.0138      0.1000±0.0000      0.8548±0.0015      0.7972±0.0021      3
conditional_max | bank2:6-10 | gaussian_fitted matched                       0.5163±0.0598      0.7159±0.0226      0.9946±0.0058      0.9967±0.0041      0.9200±0.0202      0.1000±0.0000      0.8705±0.0163      0.8247±0.0148      3
conditional_max | bank2:6-10 | gaussian_fitted matched_nearest               0.5163±0.0598      0.7784±0.0060      0.9946±0.0058      0.9967±0.0041      0.9200±0.0202      0.1000±0.0000      0.8760±0.0135      0.8367±0.0123      3
conditional_max | bank2:6-10 | gaussian_fitted matched_tight                 0.5163±0.0598      0.7092±0.0237      0.9946±0.0058      0.9967±0.0041      0.9200±0.0202      0.1000±0.0000      0.8694±0.0157      0.8236±0.0128      3
conditional_max | bank2:6-10 | gaussian_fitted unmatched                     0.5063±0.0171      0.7030±0.0272      0.9949±0.0043      0.9965±0.0046      0.9542±0.0161      0.1000±0.0000      0.8731±0.0083      0.8281±0.0037      3
conditional_max | bank2:6-10 | gmm_fitted      matched                       0.5156±0.0534      0.7117±0.0237      0.9986±0.0004      0.9995±0.0007      0.9245±0.0256      0.1000±0.0000      0.8739±0.0087      0.8260±0.0107      3
conditional_max | bank2:6-10 | gmm_fitted      matched_nearest               0.5156±0.0534      0.7699±0.0138      0.9986±0.0004      0.9995±0.0007      0.9245±0.0256      0.1000±0.0000      0.8783±0.0060      0.8372±0.0080      3
conditional_max | bank2:6-10 | gmm_fitted      matched_tight                 0.5156±0.0534      0.7028±0.0259      0.9986±0.0004      0.9995±0.0007      0.9245±0.0256      0.1000±0.0000      0.8722±0.0081      0.8244±0.0093      3
conditional_max | bank2:6-10 | gmm_fitted      unmatched                     0.5113±0.0197      0.7010±0.0238      0.9981±0.0003      0.9990±0.0010      0.9546±0.0047      0.1000±0.0000      0.8767±0.0052      0.8300±0.0086      3
conditional_max | full | circuit               matched                       0.5182±0.0350      0.5771±0.0555      0.9991±0.0010      0.9991±0.0015      0.9568±0.0192      0.1000±0.0000      0.8615±0.0173      0.8061±0.0261      3
conditional_max | full | circuit               matched_nearest               0.5182±0.0350      0.5765±0.0307      0.9991±0.0010      0.9991±0.0015      0.9568±0.0192      0.1000±0.0000      0.8607±0.0152      0.8061±0.0230      3
conditional_max | full | circuit               matched_tight                 0.5182±0.0350      0.5698±0.0429      0.9991±0.0010      0.9991±0.0015      0.9568±0.0192      0.1000±0.0000      0.8608±0.0160      0.8048±0.0243      3
conditional_max | full | circuit               unmatched                     0.5224±0.0091      0.5423±0.0052      0.9990±0.0016      0.9995±0.0002      0.9594±0.0206      0.1000±0.0000      0.8599±0.0018      0.8028±0.0024      3
conditional_max | full | gaussian_fitted       matched                       0.5186±0.0614      0.7455±0.0172      0.9977±0.0024      0.9988±0.0015      0.9753±0.0120      0.1000±0.0000      0.8863±0.0157      0.8429±0.0191      3
conditional_max | full | gaussian_fitted       matched_nearest               0.5186±0.0614      0.8038±0.0164      0.9977±0.0024      0.9988±0.0015      0.9753±0.0120      0.1000±0.0000      0.8909±0.0145      0.8538±0.0192      3
conditional_max | full | gaussian_fitted       matched_tight                 0.5186±0.0614      0.7275±0.0168      0.9977±0.0024      0.9988±0.0015      0.9753±0.0120      0.1000±0.0000      0.8838±0.0140      0.8397±0.0155      3
conditional_max | full | gaussian_fitted       unmatched                     0.5081±0.0183      0.7365±0.0213      0.9977±0.0024      0.9987±0.0018      0.9748±0.0206      0.1000±0.0000      0.8846±0.0046      0.8401±0.0011      3
conditional_max | full | gmm_fitted            matched                       0.5139±0.0474      0.7410±0.0080      0.9992±0.0001      0.9997±0.0002      0.9715±0.0086      0.1000±0.0000      0.8846±0.0101      0.8406±0.0145      3
conditional_max | full | gmm_fitted            matched_nearest               0.5139±0.0474      0.7927±0.0055      0.9992±0.0001      0.9997±0.0002      0.9715±0.0086      0.1000±0.0000      0.8876±0.0085      0.8505±0.0127      3
conditional_max | full | gmm_fitted            matched_tight                 0.5139±0.0474      0.7217±0.0115      0.9992±0.0001      0.9997±0.0002      0.9715±0.0086      0.1000±0.0000      0.8818±0.0087      0.8371±0.0120      3
conditional_max | full | gmm_fitted            unmatched                     0.5147±0.0184      0.7334±0.0194      0.9987±0.0005      0.9998±0.0002      0.9701±0.0075      0.1000±0.0000      0.8846±0.0046      0.8403±0.0083      3
conditional_max | random1:1 | circuit          matched                       0.5193±0.0373      0.5747±0.0444      0.9991±0.0003      0.9967±0.0042      0.9407±0.0149      0.1000±0.0000      0.8593±0.0181      0.8023±0.0252      3
conditional_max | random1:1 | circuit          matched_nearest               0.5193±0.0373      0.5757±0.0413      0.9991±0.0003      0.9967±0.0042      0.9407±0.0149      0.1000±0.0000      0.8591±0.0171      0.8026±0.0243      3
conditional_max | random1:1 | circuit          matched_tight                 0.5193±0.0373      0.5655±0.0349      0.9991±0.0003      0.9967±0.0042      0.9407±0.0149      0.1000±0.0000      0.8582±0.0166      0.8007±0.0237      3
conditional_max | random1:1 | circuit          unmatched                     0.5277±0.0048      0.5579±0.0053      0.9994±0.0009      0.9992±0.0004      0.9275±0.0301      0.1000±0.0000      0.8575±0.0049      0.8007±0.0067      3
conditional_max | random1:1 | gaussian_fitted  matched                       0.5036±0.0530      0.7408±0.0042      0.9977±0.0025      0.9988±0.0015      0.9598±0.0193      0.1000±0.0000      0.8823±0.0129      0.8357±0.0136      3
conditional_max | random1:1 | gaussian_fitted  matched_nearest               0.5036±0.0530      0.7970±0.0180      0.9977±0.0025      0.9988±0.0015      0.9598±0.0193      0.1000±0.0000      0.8868±0.0136      0.8462±0.0160      3
conditional_max | random1:1 | gaussian_fitted  matched_tight                 0.5036±0.0530      0.7211±0.0288      0.9977±0.0025      0.9988±0.0015      0.9598±0.0193      0.1000±0.0000      0.8796±0.0108      0.8322±0.0101      3
conditional_max | random1:1 | gaussian_fitted  unmatched                     0.5064±0.0202      0.7312±0.0240      0.9975±0.0026      0.9986±0.0019      0.9558±0.0143      0.1000±0.0000      0.8807±0.0031      0.8349±0.0023      3
conditional_max | random1:1 | gmm_fitted       matched                       0.5017±0.0490      0.7363±0.0139      0.9997±0.0002      0.9997±0.0001      0.9611±0.0142      0.1000±0.0000      0.8825±0.0088      0.8351±0.0125      3
conditional_max | random1:1 | gmm_fitted       matched_nearest               0.5017±0.0490      0.7906±0.0063      0.9997±0.0002      0.9997±0.0001      0.9611±0.0142      0.1000±0.0000      0.8863±0.0084      0.8455±0.0122      3
conditional_max | random1:1 | gmm_fitted       matched_tight                 0.5017±0.0490      0.7192±0.0262      0.9997±0.0002      0.9997±0.0001      0.9611±0.0142      0.1000±0.0000      0.8799±0.0075      0.8320±0.0111      3
conditional_max | random1:1 | gmm_fitted       unmatched                     0.5108±0.0037      0.7304±0.0327      0.9992±0.0002      0.9999±0.0001      0.9585±0.0087      0.1000±0.0000      0.8833±0.0057      0.8368±0.0092      3
conditional_max | random3:5-8-14 | circuit     matched                       0.5226±0.0509      0.5439±0.0559      0.9944±0.0020      0.9859±0.0041      0.8712±0.0289      0.1000±0.0000      0.8407±0.0162      0.7800±0.0265      3
conditional_max | random3:5-8-14 | circuit     matched_nearest               0.5226±0.0509      0.5524±0.0404      0.9944±0.0020      0.9859±0.0041      0.8712±0.0289      0.1000±0.0000      0.8413±0.0137      0.7819±0.0232      3
conditional_max | random3:5-8-14 | circuit     matched_tight                 0.5226±0.0509      0.5404±0.0520      0.9944±0.0020      0.9859±0.0041      0.8712±0.0289      0.1000±0.0000      0.8404±0.0156      0.7794±0.0256      3
conditional_max | random3:5-8-14 | circuit     unmatched                     0.5102±0.0130      0.5281±0.0249      0.9891±0.0070      0.9841±0.0022      0.8966±0.0331      0.1000±0.0000      0.8425±0.0033      0.7798±0.0054      3
conditional_max | random3:5-8-14 | gaussian_fitted matched                       0.5175±0.0613      0.6799±0.0279      0.9935±0.0016      0.9953±0.0029      0.9089±0.0313      0.1000±0.0000      0.8644±0.0112      0.8157±0.0113      3
conditional_max | random3:5-8-14 | gaussian_fitted matched_nearest               0.5175±0.0613      0.7320±0.0131      0.9935±0.0016      0.9953±0.0029      0.9089±0.0313      0.1000±0.0000      0.8679±0.0111      0.8252±0.0134      3
conditional_max | random3:5-8-14 | gaussian_fitted matched_tight                 0.5175±0.0613      0.6717±0.0289      0.9935±0.0016      0.9953±0.0029      0.9089±0.0313      0.1000±0.0000      0.8628±0.0113      0.8141±0.0107      3
conditional_max | random3:5-8-14 | gaussian_fitted unmatched                     0.5078±0.0167      0.6984±0.0153      0.9888±0.0064      0.9890±0.0026      0.9171±0.0375      0.1000±0.0000      0.8649±0.0101      0.8173±0.0057      3
conditional_max | random3:5-8-14 | gmm_fitted  matched                       0.5108±0.0472      0.6828±0.0281      0.9974±0.0032      0.9981±0.0028      0.9124±0.0354      0.1000±0.0000      0.8678±0.0044      0.8167±0.0051      3
conditional_max | random3:5-8-14 | gmm_fitted  matched_nearest               0.5108±0.0472      0.7236±0.0148      0.9974±0.0032      0.9981±0.0028      0.9124±0.0354      0.1000±0.0000      0.8696±0.0054      0.8242±0.0076      3
conditional_max | random3:5-8-14 | gmm_fitted  matched_tight                 0.5108±0.0472      0.6670±0.0306      0.9974±0.0032      0.9981±0.0028      0.9124±0.0354      0.1000±0.0000      0.8651±0.0045      0.8137±0.0049      3
conditional_max | random3:5-8-14 | gmm_fitted  unmatched                     0.5048±0.0091      0.7022±0.0118      0.9931±0.0067      0.9916±0.0032      0.9203±0.0234      0.1000±0.0000      0.8699±0.0013      0.8195±0.0028      3
conditional_max | random7:3-4-8-10-11-12-14 | circuit matched                       0.5196±0.0477      0.5334±0.0543      0.9546±0.0143      0.9335±0.0552      0.8193±0.0396      0.1000±0.0000      0.8153±0.0142      0.7490±0.0233      3
conditional_max | random7:3-4-8-10-11-12-14 | circuit matched_nearest               0.5196±0.0477      0.5486±0.0436      0.9546±0.0143      0.9335±0.0552      0.8193±0.0396      0.1000±0.0000      0.8173±0.0127      0.7521±0.0215      3
conditional_max | random7:3-4-8-10-11-12-14 | circuit matched_tight                 0.5196±0.0477      0.5321±0.0553      0.9546±0.0143      0.9335±0.0552      0.8193±0.0396      0.1000±0.0000      0.8153±0.0147      0.7487±0.0240      3
conditional_max | random7:3-4-8-10-11-12-14 | circuit unmatched                     0.5035±0.0238      0.5186±0.0310      0.9472±0.0046      0.9276±0.0072      0.8603±0.0322      0.1000±0.0000      0.8177±0.0024      0.7496±0.0041      3
conditional_max | random7:3-4-8-10-11-12-14 | gaussian_fitted matched                       0.5169±0.0360      0.6464±0.0389      0.9610±0.0061      0.9455±0.0524      0.8229±0.0420      0.1000±0.0000      0.8392±0.0111      0.7748±0.0176      3
conditional_max | random7:3-4-8-10-11-12-14 | gaussian_fitted matched_nearest               0.5169±0.0360      0.6714±0.0526      0.9610±0.0061      0.9455±0.0524      0.8229±0.0420      0.1000±0.0000      0.8430±0.0151      0.7795±0.0212      3
conditional_max | random7:3-4-8-10-11-12-14 | gaussian_fitted matched_tight                 0.5169±0.0360      0.6381±0.0392      0.9610±0.0061      0.9455±0.0524      0.8229±0.0420      0.1000±0.0000      0.8380±0.0104      0.7732±0.0167      3
conditional_max | random7:3-4-8-10-11-12-14 | gaussian_fitted unmatched                     0.5117±0.0052      0.6364±0.0742      0.9559±0.0071      0.9346±0.0101      0.8535±0.0317      0.1000±0.0000      0.8400±0.0088      0.7761±0.0145      3
conditional_max | random7:3-4-8-10-11-12-14 | gmm_fitted matched                       0.5158±0.0352      0.6384±0.0451      0.9608±0.0094      0.9454±0.0508      0.8273±0.0397      0.1000±0.0000      0.8383±0.0114      0.7737±0.0185      3
conditional_max | random7:3-4-8-10-11-12-14 | gmm_fitted matched_nearest               0.5158±0.0352      0.6688±0.0541      0.9608±0.0094      0.9454±0.0508      0.8273±0.0397      0.1000±0.0000      0.8428±0.0145      0.7796±0.0212      3
conditional_max | random7:3-4-8-10-11-12-14 | gmm_fitted matched_tight                 0.5158±0.0352      0.6350±0.0514      0.9608±0.0094      0.9454±0.0508      0.8273±0.0397      0.1000±0.0000      0.8377±0.0108      0.7730±0.0183      3
conditional_max | random7:3-4-8-10-11-12-14 | gmm_fitted unmatched                     0.5081±0.0072      0.6341±0.0728      0.9570±0.0090      0.9343±0.0098      0.8528±0.0294      0.1000±0.0000      0.8393±0.0085      0.7749±0.0130      3
conditional_max | single_sensor_0 | circuit    matched                       0.5251±0.0224      0.4979±0.0234      0.6343±0.0172      0.5848±0.0626      0.5356±0.0421      0.1000±0.0000      0.6039±0.0111      0.5556±0.0086      3
conditional_max | single_sensor_0 | circuit    matched_nearest               0.5251±0.0224      0.5224±0.0343      0.6343±0.0172      0.5848±0.0626      0.5356±0.0421      0.1000±0.0000      0.6075±0.0122      0.5601±0.0106      3
conditional_max | single_sensor_0 | circuit    matched_tight                 0.5251±0.0224      0.4965±0.0273      0.6343±0.0172      0.5848±0.0626      0.5356±0.0421      0.1000±0.0000      0.6038±0.0111      0.5553±0.0089      3
conditional_max | single_sensor_0 | circuit    unmatched                     0.5311±0.0142      0.4699±0.0254      0.6403±0.0105      0.5969±0.0182      0.5661±0.0123      0.1000±0.0000      0.6127±0.0079      0.5610±0.0045      3
conditional_max | single_sensor_0 | gaussian_fitted matched                       0.5271±0.0229      0.4981±0.0319      0.6338±0.0201      0.5889±0.0654      0.5319±0.0377      0.1000±0.0000      0.6018±0.0129      0.5559±0.0102      3
conditional_max | single_sensor_0 | gaussian_fitted matched_nearest               0.5271±0.0229      0.5163±0.0383      0.6338±0.0201      0.5889±0.0654      0.5319±0.0377      0.1000±0.0000      0.6039±0.0135      0.5593±0.0112      3
conditional_max | single_sensor_0 | gaussian_fitted matched_tight                 0.5271±0.0229      0.4969±0.0314      0.6338±0.0201      0.5889±0.0654      0.5319±0.0377      0.1000±0.0000      0.6017±0.0128      0.5557±0.0103      3
conditional_max | single_sensor_0 | gaussian_fitted unmatched                     0.5274±0.0183      0.4774±0.0199      0.6424±0.0102      0.5908±0.0083      0.5710±0.0204      0.1000±0.0000      0.6122±0.0087      0.5617±0.0058      3
conditional_max | single_sensor_0 | gmm_fitted matched                       0.5286±0.0234      0.4974±0.0299      0.6338±0.0192      0.5884±0.0668      0.5329±0.0367      0.1000±0.0000      0.6028±0.0129      0.5562±0.0105      3
conditional_max | single_sensor_0 | gmm_fitted matched_nearest               0.5286±0.0234      0.5169±0.0372      0.6338±0.0192      0.5884±0.0668      0.5329±0.0367      0.1000±0.0000      0.6051±0.0137      0.5599±0.0118      3
conditional_max | single_sensor_0 | gmm_fitted matched_tight                 0.5286±0.0234      0.4959±0.0292      0.6338±0.0192      0.5884±0.0668      0.5329±0.0367      0.1000±0.0000      0.6026±0.0129      0.5560±0.0108      3
conditional_max | single_sensor_0 | gmm_fitted unmatched                     0.5263±0.0174      0.4783±0.0167      0.6412±0.0094      0.5919±0.0076      0.5703±0.0186      0.1000±0.0000      0.6130±0.0085      0.5615±0.0053      3
independent | bank0:0-1-2-4-5-7-8 | circuit    matched                       0.4995±0.0126      0.5092±0.0225      0.9379±0.0256      0.9333±0.0216      0.7857±0.0336      0.1000±0.0000      0.7960±0.0196      0.7304±0.0194      3
independent | bank0:0-1-2-4-5-7-8 | circuit    matched_nearest               0.4995±0.0126      0.4939±0.0213      0.9379±0.0256      0.9333±0.0216      0.7857±0.0336      0.1000±0.0000      0.7942±0.0196      0.7275±0.0186      3
independent | bank0:0-1-2-4-5-7-8 | circuit    matched_tight                 0.4995±0.0126      0.5068±0.0209      0.9379±0.0256      0.9333±0.0216      0.7857±0.0336      0.1000±0.0000      0.7959±0.0186      0.7301±0.0175      3
independent | bank0:0-1-2-4-5-7-8 | circuit    unmatched                     0.5262±0.0186      0.5160±0.0177      0.9482±0.0240      0.9251±0.0191      0.7354±0.0170      0.1000±0.0000      0.7929±0.0106      0.7290±0.0096      3
independent | bank0:0-1-2-4-5-7-8 | gaussian_fitted matched                       0.4936±0.0177      0.4902±0.0386      0.9291±0.0249      0.9010±0.0236      0.7923±0.0195      0.1000±0.0000      0.7810±0.0173      0.7193±0.0177      3
independent | bank0:0-1-2-4-5-7-8 | gaussian_fitted matched_nearest               0.4936±0.0177      0.4699±0.0297      0.9291±0.0249      0.9010±0.0236      0.7923±0.0195      0.1000±0.0000      0.7781±0.0179      0.7153±0.0190      3
independent | bank0:0-1-2-4-5-7-8 | gaussian_fitted matched_tight                 0.4936±0.0177      0.4922±0.0319      0.9291±0.0249      0.9010±0.0236      0.7923±0.0195      0.1000±0.0000      0.7812±0.0172      0.7197±0.0175      3
independent | bank0:0-1-2-4-5-7-8 | gaussian_fitted unmatched                     0.5252±0.0040      0.5111±0.0253      0.9325±0.0265      0.8874±0.0116      0.7528±0.0159      0.1000±0.0000      0.7758±0.0053      0.7205±0.0034      3
independent | bank0:0-1-2-4-5-7-8 | gmm_fitted matched                       0.4964±0.0217      0.4884±0.0415      0.9060±0.0220      0.8822±0.0240      0.7783±0.0113      0.1000±0.0000      0.7610±0.0192      0.7084±0.0158      3
independent | bank0:0-1-2-4-5-7-8 | gmm_fitted matched_nearest               0.4964±0.0217      0.4700±0.0359      0.9060±0.0220      0.8822±0.0240      0.7783±0.0113      0.1000±0.0000      0.7581±0.0200      0.7047±0.0169      3
independent | bank0:0-1-2-4-5-7-8 | gmm_fitted matched_tight                 0.4964±0.0217      0.4892±0.0348      0.9060±0.0220      0.8822±0.0240      0.7783±0.0113      0.1000±0.0000      0.7609±0.0189      0.7085±0.0152      3
independent | bank0:0-1-2-4-5-7-8 | gmm_fitted unmatched                     0.5208±0.0057      0.5068±0.0277      0.9131±0.0187      0.8696±0.0159      0.7402±0.0291      0.1000±0.0000      0.7551±0.0044      0.7089±0.0075      3
independent | bank1:3 | circuit                matched                       0.5352±0.0295      0.5036±0.0312      0.9874±0.0035      0.9892±0.0072      0.9197±0.0126      0.1000±0.0000      0.8365±0.0214      0.7846±0.0240      3
independent | bank1:3 | circuit                matched_nearest               0.5352±0.0295      0.5020±0.0323      0.9874±0.0035      0.9892±0.0072      0.9197±0.0126      0.1000±0.0000      0.8361±0.0208      0.7843±0.0239      3
independent | bank1:3 | circuit                matched_tight                 0.5352±0.0295      0.5007±0.0335      0.9874±0.0035      0.9892±0.0072      0.9197±0.0126      0.1000±0.0000      0.8362±0.0212      0.7841±0.0238      3
independent | bank1:3 | circuit                unmatched                     0.5232±0.0057      0.4827±0.0331      0.9859±0.0056      0.9801±0.0055      0.9212±0.0432      0.1000±0.0000      0.8319±0.0094      0.7769±0.0056      3
independent | bank1:3 | gaussian_fitted        matched                       0.5400±0.0304      0.4781±0.0418      0.9849±0.0132      0.9698±0.0122      0.9537±0.0211      0.1000±0.0000      0.8415±0.0167      0.7835±0.0214      3
independent | bank1:3 | gaussian_fitted        matched_nearest               0.5400±0.0304      0.4755±0.0392      0.9849±0.0132      0.9698±0.0122      0.9537±0.0211      0.1000±0.0000      0.8409±0.0173      0.7829±0.0231      3
independent | bank1:3 | gaussian_fitted        matched_tight                 0.5400±0.0304      0.4795±0.0476      0.9849±0.0132      0.9698±0.0122      0.9537±0.0211      0.1000±0.0000      0.8417±0.0170      0.7837±0.0225      3
independent | bank1:3 | gaussian_fitted        unmatched                     0.5159±0.0066      0.4800±0.0514      0.9889±0.0046      0.9492±0.0134      0.9564±0.0056      0.1000±0.0000      0.8370±0.0058      0.7764±0.0098      3
independent | bank1:3 | gmm_fitted             matched                       0.5417±0.0302      0.4749±0.0411      0.9852±0.0135      0.9756±0.0092      0.9533±0.0187      0.1000±0.0000      0.8424±0.0159      0.7843±0.0208      3
independent | bank1:3 | gmm_fitted             matched_nearest               0.5417±0.0302      0.4792±0.0432      0.9852±0.0135      0.9756±0.0092      0.9533±0.0187      0.1000±0.0000      0.8426±0.0164      0.7850±0.0227      3
independent | bank1:3 | gmm_fitted             matched_tight                 0.5417±0.0302      0.4780±0.0492      0.9852±0.0135      0.9756±0.0092      0.9533±0.0187      0.1000±0.0000      0.8428±0.0163      0.7848±0.0221      3
independent | bank1:3 | gmm_fitted             unmatched                     0.5153±0.0089      0.4769±0.0491      0.9892±0.0054      0.9563±0.0088      0.9553±0.0049      0.1000±0.0000      0.8379±0.0051      0.7769±0.0091      3
independent | bank2:6-10 | circuit             matched                       0.5323±0.0520      0.5046±0.0293      0.9847±0.0055      0.9785±0.0110      0.8907±0.0222      0.1000±0.0000      0.8278±0.0198      0.7758±0.0208      3
independent | bank2:6-10 | circuit             matched_nearest               0.5323±0.0520      0.5020±0.0223      0.9847±0.0055      0.9785±0.0110      0.8907±0.0222      0.1000±0.0000      0.8273±0.0189      0.7753±0.0204      3
independent | bank2:6-10 | circuit             matched_tight                 0.5323±0.0520      0.5060±0.0298      0.9847±0.0055      0.9785±0.0110      0.8907±0.0222      0.1000±0.0000      0.8279±0.0200      0.7760±0.0216      3
independent | bank2:6-10 | circuit             unmatched                     0.5128±0.0140      0.4954±0.0231      0.9856±0.0064      0.9768±0.0145      0.9066±0.0305      0.1000±0.0000      0.8282±0.0084      0.7737±0.0022      3
independent | bank2:6-10 | gaussian_fitted     matched                       0.5331±0.0502      0.4931±0.0289      0.9650±0.0100      0.9377±0.0184      0.9005±0.0215      0.1000±0.0000      0.8100±0.0238      0.7639±0.0217      3
independent | bank2:6-10 | gaussian_fitted     matched_nearest               0.5331±0.0502      0.4816±0.0252      0.9650±0.0100      0.9377±0.0184      0.9005±0.0215      0.1000±0.0000      0.8083±0.0240      0.7616±0.0226      3
independent | bank2:6-10 | gaussian_fitted     matched_tight                 0.5331±0.0502      0.4936±0.0336      0.9650±0.0100      0.9377±0.0184      0.9005±0.0215      0.1000±0.0000      0.8098±0.0246      0.7639±0.0231      3
independent | bank2:6-10 | gaussian_fitted     unmatched                     0.5133±0.0131      0.4918±0.0335      0.9703±0.0118      0.9284±0.0161      0.9197±0.0146      0.1000±0.0000      0.8120±0.0088      0.7631±0.0069      3
independent | bank2:6-10 | gmm_fitted          matched                       0.5269±0.0450      0.4901±0.0316      0.9287±0.0267      0.9005±0.0297      0.8594±0.0396      0.1000±0.0000      0.7671±0.0213      0.7391±0.0161      3
independent | bank2:6-10 | gmm_fitted          matched_nearest               0.5269±0.0450      0.4782±0.0260      0.9287±0.0267      0.9005±0.0297      0.8594±0.0396      0.1000±0.0000      0.7652±0.0204      0.7367±0.0151      3
independent | bank2:6-10 | gmm_fitted          matched_tight                 0.5269±0.0450      0.4888±0.0310      0.9287±0.0267      0.9005±0.0297      0.8594±0.0396      0.1000±0.0000      0.7667±0.0212      0.7388±0.0161      3
independent | bank2:6-10 | gmm_fitted          unmatched                     0.5105±0.0159      0.4853±0.0356      0.9356±0.0085      0.9006±0.0226      0.8782±0.0180      0.1000±0.0000      0.7702±0.0091      0.7406±0.0127      3
independent | full | circuit                   matched                       0.5352±0.0423      0.5072±0.0319      0.9916±0.0031      0.9904±0.0085      0.9285±0.0073      0.1000±0.0000      0.8400±0.0231      0.7881±0.0266      3
independent | full | circuit                   matched_nearest               0.5352±0.0423      0.5023±0.0313      0.9916±0.0031      0.9904±0.0085      0.9285±0.0073      0.1000±0.0000      0.8393±0.0228      0.7872±0.0267      3
independent | full | circuit                   matched_tight                 0.5352±0.0423      0.5068±0.0326      0.9916±0.0031      0.9904±0.0085      0.9285±0.0073      0.1000±0.0000      0.8399±0.0230      0.7881±0.0266      3
independent | full | circuit                   unmatched                     0.5202±0.0083      0.4902±0.0290      0.9924±0.0051      0.9894±0.0037      0.9271±0.0419      0.1000±0.0000      0.8373±0.0095      0.7821±0.0048      3
independent | full | gaussian_fitted           matched                       0.5324±0.0450      0.4894±0.0395      0.9838±0.0039      0.9666±0.0117      0.9472±0.0031      0.1000±0.0000      0.8345±0.0216      0.7819±0.0248      3
independent | full | gaussian_fitted           matched_nearest               0.5324±0.0450      0.4812±0.0343      0.9838±0.0039      0.9666±0.0117      0.9472±0.0031      0.1000±0.0000      0.8332±0.0217      0.7802±0.0259      3
independent | full | gaussian_fitted           matched_tight                 0.5324±0.0450      0.4908±0.0416      0.9838±0.0039      0.9666±0.0117      0.9472±0.0031      0.1000±0.0000      0.8346±0.0222      0.7821±0.0261      3
independent | full | gaussian_fitted           unmatched                     0.5135±0.0067      0.4913±0.0428      0.9868±0.0089      0.9517±0.0072      0.9450±0.0189      0.1000±0.0000      0.8306±0.0063      0.7759±0.0047      3
independent | full | gmm_fitted                matched                       0.5273±0.0410      0.4868±0.0408      0.9623±0.0125      0.9423±0.0150      0.9125±0.0217      0.1000±0.0000      0.8082±0.0211      0.7643±0.0211      3
independent | full | gmm_fitted                matched_nearest               0.5273±0.0410      0.4782±0.0389      0.9623±0.0125      0.9423±0.0150      0.9125±0.0217      0.1000±0.0000      0.8067±0.0212      0.7625±0.0220      3
independent | full | gmm_fitted                matched_tight                 0.5273±0.0410      0.4865±0.0411      0.9623±0.0125      0.9423±0.0150      0.9125±0.0217      0.1000±0.0000      0.8080±0.0214      0.7642±0.0218      3
independent | full | gmm_fitted                unmatched                     0.5115±0.0108      0.4871±0.0461      0.9662±0.0112      0.9302±0.0174      0.9112±0.0166      0.1000±0.0000      0.8042±0.0078      0.7596±0.0096      3
independent | random1:1 | circuit              matched                       0.5293±0.0351      0.5087±0.0304      0.9848±0.0050      0.9888±0.0096      0.9183±0.0147      0.1000±0.0000      0.8371±0.0220      0.7836±0.0237      3
independent | random1:1 | circuit              matched_nearest               0.5293±0.0351      0.5022±0.0277      0.9848±0.0050      0.9888±0.0096      0.9183±0.0147      0.1000±0.0000      0.8363±0.0218      0.7823±0.0239      3
independent | random1:1 | circuit              matched_tight                 0.5293±0.0351      0.5078±0.0312      0.9848±0.0050      0.9888±0.0096      0.9183±0.0147      0.1000±0.0000      0.8370±0.0218      0.7835±0.0234      3
independent | random1:1 | circuit              unmatched                     0.5209±0.0116      0.4961±0.0321      0.9925±0.0055      0.9846±0.0029      0.9045±0.0259      0.1000±0.0000      0.8333±0.0071      0.7780±0.0024      3
independent | random1:1 | gaussian_fitted      matched                       0.5267±0.0406      0.4893±0.0399      0.9782±0.0072      0.9636±0.0114      0.9347±0.0116      0.1000±0.0000      0.8312±0.0203      0.7766±0.0223      3
independent | random1:1 | gaussian_fitted      matched_nearest               0.5267±0.0406      0.4812±0.0307      0.9782±0.0072      0.9636±0.0114      0.9347±0.0116      0.1000±0.0000      0.8301±0.0205      0.7749±0.0236      3
independent | random1:1 | gaussian_fitted      matched_tight                 0.5267±0.0406      0.4904±0.0407      0.9782±0.0072      0.9636±0.0114      0.9347±0.0116      0.1000±0.0000      0.8314±0.0209      0.7767±0.0236      3
independent | random1:1 | gaussian_fitted      unmatched                     0.5139±0.0071      0.4963±0.0512      0.9855±0.0078      0.9495±0.0060      0.9226±0.0091      0.1000±0.0000      0.8270±0.0036      0.7718±0.0074      3
independent | random1:1 | gmm_fitted           matched                       0.5232±0.0392      0.4881±0.0414      0.9558±0.0087      0.9403±0.0144      0.9002±0.0289      0.1000±0.0000      0.8054±0.0211      0.7596±0.0206      3
independent | random1:1 | gmm_fitted           matched_nearest               0.5232±0.0392      0.4784±0.0348      0.9558±0.0087      0.9403±0.0144      0.9002±0.0289      0.1000±0.0000      0.8037±0.0208      0.7576±0.0209      3
independent | random1:1 | gmm_fitted           matched_tight                 0.5232±0.0392      0.4875±0.0403      0.9558±0.0087      0.9403±0.0144      0.9002±0.0289      0.1000±0.0000      0.8052±0.0212      0.7595±0.0210      3
independent | random1:1 | gmm_fitted           unmatched                     0.5112±0.0099      0.4929±0.0515      0.9634±0.0103      0.9259±0.0169      0.8913±0.0169      0.1000±0.0000      0.8001±0.0073      0.7553±0.0119      3
independent | random3:5-8-14 | circuit         matched                       0.5281±0.0498      0.5081±0.0295      0.9862±0.0006      0.9745±0.0125      0.8692±0.0276      0.1000±0.0000      0.8253±0.0188      0.7707±0.0235      3
independent | random3:5-8-14 | circuit         matched_nearest               0.5281±0.0498      0.4991±0.0278      0.9862±0.0006      0.9745±0.0125      0.8692±0.0276      0.1000±0.0000      0.8240±0.0185      0.7689±0.0234      3
independent | random3:5-8-14 | circuit         matched_tight                 0.5281±0.0498      0.5063±0.0280      0.9862±0.0006      0.9745±0.0125      0.8692±0.0276      0.1000±0.0000      0.8250±0.0183      0.7704±0.0225      3
independent | random3:5-8-14 | circuit         unmatched                     0.5123±0.0132      0.4910±0.0231      0.9783±0.0132      0.9702±0.0093      0.8771±0.0355      0.1000±0.0000      0.8219±0.0081      0.7642±0.0058      3
independent | random3:5-8-14 | gaussian_fitted matched                       0.5294±0.0522      0.4930±0.0321      0.9730±0.0053      0.9428±0.0182      0.8831±0.0308      0.1000±0.0000      0.8147±0.0200      0.7623±0.0230      3
independent | random3:5-8-14 | gaussian_fitted matched_nearest               0.5294±0.0522      0.4765±0.0266      0.9730±0.0053      0.9428±0.0182      0.8831±0.0308      0.1000±0.0000      0.8126±0.0204      0.7589±0.0240      3
independent | random3:5-8-14 | gaussian_fitted matched_tight                 0.5294±0.0522      0.4941±0.0337      0.9730±0.0053      0.9428±0.0182      0.8831±0.0308      0.1000±0.0000      0.8147±0.0204      0.7624±0.0234      3
independent | random3:5-8-14 | gaussian_fitted unmatched                     0.5019±0.0053      0.4889±0.0385      0.9667±0.0158      0.9313±0.0123      0.8918±0.0354      0.1000±0.0000      0.8102±0.0126      0.7544±0.0053      3
independent | random3:5-8-14 | gmm_fitted      matched                       0.5260±0.0481      0.4912±0.0342      0.9467±0.0160      0.9182±0.0112      0.8595±0.0381      0.1000±0.0000      0.7884±0.0194      0.7462±0.0185      3
independent | random3:5-8-14 | gmm_fitted      matched_nearest               0.5260±0.0481      0.4746±0.0271      0.9467±0.0160      0.9182±0.0112      0.8595±0.0381      0.1000±0.0000      0.7859±0.0192      0.7429±0.0183      3
independent | random3:5-8-14 | gmm_fitted      matched_tight                 0.5260±0.0481      0.4904±0.0328      0.9467±0.0160      0.9182±0.0112      0.8595±0.0381      0.1000±0.0000      0.7881±0.0193      0.7461±0.0183      3
independent | random3:5-8-14 | gmm_fitted      unmatched                     0.5000±0.0004      0.4867±0.0387      0.9433±0.0047      0.9075±0.0219      0.8550±0.0397      0.1000±0.0000      0.7808±0.0126      0.7369±0.0127      3
independent | random7:3-4-8-10-11-12-14 | circuit matched                       0.5424±0.0475      0.5114±0.0481      0.9338±0.0128      0.9188±0.0355      0.7871±0.0547      0.1000±0.0000      0.7968±0.0106      0.7367±0.0135      3
independent | random7:3-4-8-10-11-12-14 | circuit matched_nearest               0.5424±0.0475      0.5081±0.0397      0.9338±0.0128      0.9188±0.0355      0.7871±0.0547      0.1000±0.0000      0.7964±0.0096      0.7360±0.0133      3
independent | random7:3-4-8-10-11-12-14 | circuit matched_tight                 0.5424±0.0475      0.5154±0.0508      0.9338±0.0128      0.9188±0.0355      0.7871±0.0547      0.1000±0.0000      0.7974±0.0108      0.7374±0.0145      3
independent | random7:3-4-8-10-11-12-14 | circuit unmatched                     0.5138±0.0112      0.4579±0.0269      0.9433±0.0128      0.9095±0.0182      0.8376±0.0443      0.1000±0.0000      0.7966±0.0077      0.7310±0.0027      3
independent | random7:3-4-8-10-11-12-14 | gaussian_fitted matched                       0.5497±0.0413      0.5060±0.0458      0.9358±0.0089      0.9048±0.0397      0.7918±0.0505      0.1000±0.0000      0.7999±0.0099      0.7359±0.0150      3
independent | random7:3-4-8-10-11-12-14 | gaussian_fitted matched_nearest               0.5497±0.0413      0.4980±0.0434      0.9358±0.0089      0.9048±0.0397      0.7918±0.0505      0.1000±0.0000      0.7988±0.0098      0.7343±0.0158      3
independent | random7:3-4-8-10-11-12-14 | gaussian_fitted matched_tight                 0.5497±0.0413      0.5094±0.0529      0.9358±0.0089      0.9048±0.0397      0.7918±0.0505      0.1000±0.0000      0.8003±0.0104      0.7364±0.0162      3
independent | random7:3-4-8-10-11-12-14 | gaussian_fitted unmatched                     0.5061±0.0191      0.4653±0.0374      0.9444±0.0152      0.8771±0.0059      0.8475±0.0331      0.1000±0.0000      0.7957±0.0026      0.7264±0.0032      3
independent | random7:3-4-8-10-11-12-14 | gmm_fitted matched                       0.5535±0.0430      0.5045±0.0441      0.9365±0.0094      0.9100±0.0367      0.7878±0.0520      0.1000±0.0000      0.8006±0.0092      0.7367±0.0143      3
independent | random7:3-4-8-10-11-12-14 | gmm_fitted matched_nearest               0.5535±0.0430      0.5012±0.0457      0.9365±0.0094      0.9100±0.0367      0.7878±0.0520      0.1000±0.0000      0.8002±0.0091      0.7360±0.0152      3
independent | random7:3-4-8-10-11-12-14 | gmm_fitted matched_tight                 0.5535±0.0430      0.5077±0.0517      0.9365±0.0094      0.9100±0.0367      0.7878±0.0520      0.1000±0.0000      0.8011±0.0096      0.7373±0.0156      3
independent | random7:3-4-8-10-11-12-14 | gmm_fitted unmatched                     0.5046±0.0205      0.4633±0.0367      0.9452±0.0159      0.8840±0.0052      0.8468±0.0321      0.1000±0.0000      0.7961±0.0034      0.7271±0.0029      3
independent | single_sensor_0 | circuit        matched                       0.5251±0.0224      0.4979±0.0234      0.6343±0.0172      0.5848±0.0626      0.5356±0.0421      0.1000±0.0000      0.6039±0.0111      0.5556±0.0086      3
independent | single_sensor_0 | circuit        matched_nearest               0.5251±0.0224      0.5224±0.0343      0.6343±0.0172      0.5848±0.0626      0.5356±0.0421      0.1000±0.0000      0.6075±0.0122      0.5601±0.0106      3
independent | single_sensor_0 | circuit        matched_tight                 0.5251±0.0224      0.4965±0.0273      0.6343±0.0172      0.5848±0.0626      0.5356±0.0421      0.1000±0.0000      0.6038±0.0111      0.5553±0.0089      3
independent | single_sensor_0 | circuit        unmatched                     0.5311±0.0142      0.4699±0.0254      0.6403±0.0105      0.5969±0.0182      0.5661±0.0123      0.1000±0.0000      0.6127±0.0079      0.5610±0.0045      3
independent | single_sensor_0 | gaussian_fitted matched                       0.5271±0.0229      0.4981±0.0319      0.6338±0.0201      0.5889±0.0654      0.5319±0.0377      0.1000±0.0000      0.6018±0.0129      0.5559±0.0102      3
independent | single_sensor_0 | gaussian_fitted matched_nearest               0.5271±0.0229      0.5163±0.0383      0.6338±0.0201      0.5889±0.0654      0.5319±0.0377      0.1000±0.0000      0.6039±0.0135      0.5593±0.0112      3
independent | single_sensor_0 | gaussian_fitted matched_tight                 0.5271±0.0229      0.4969±0.0314      0.6338±0.0201      0.5889±0.0654      0.5319±0.0377      0.1000±0.0000      0.6017±0.0128      0.5557±0.0103      3
independent | single_sensor_0 | gaussian_fitted unmatched                     0.5274±0.0183      0.4774±0.0199      0.6424±0.0102      0.5908±0.0083      0.5710±0.0204      0.1000±0.0000      0.6122±0.0087      0.5617±0.0058      3
independent | single_sensor_0 | gmm_fitted     matched                       0.5286±0.0234      0.4974±0.0299      0.6338±0.0192      0.5884±0.0668      0.5329±0.0367      0.1000±0.0000      0.6028±0.0129      0.5562±0.0105      3
independent | single_sensor_0 | gmm_fitted     matched_nearest               0.5286±0.0234      0.5169±0.0372      0.6338±0.0192      0.5884±0.0668      0.5329±0.0367      0.1000±0.0000      0.6051±0.0137      0.5599±0.0118      3
independent | single_sensor_0 | gmm_fitted     matched_tight                 0.5286±0.0234      0.4959±0.0292      0.6338±0.0192      0.5884±0.0668      0.5329±0.0367      0.1000±0.0000      0.6026±0.0129      0.5560±0.0108      3
independent | single_sensor_0 | gmm_fitted     unmatched                     0.5263±0.0174      0.4783±0.0167      0.6412±0.0094      0.5919±0.0076      0.5703±0.0186      0.1000±0.0000      0.6130±0.0085      0.5615±0.0053      3
joint | bank0:0-1-2-4-5-7-8 | circuit          matched                       0.5001±0.0161      0.5381±0.0397      0.9456±0.0244      0.9394±0.0215      0.7862±0.0301      0.1000±0.0000      0.8020±0.0214      0.7387±0.0233      3
joint | bank0:0-1-2-4-5-7-8 | circuit          matched_nearest               0.5001±0.0161      0.5209±0.0329      0.9456±0.0244      0.9394±0.0215      0.7862±0.0301      0.1000±0.0000      0.7998±0.0212      0.7355±0.0223      3
joint | bank0:0-1-2-4-5-7-8 | circuit          matched_tight                 0.5001±0.0161      0.5304±0.0291      0.9456±0.0244      0.9394±0.0215      0.7862±0.0301      0.1000±0.0000      0.8012±0.0198      0.7375±0.0200      3
joint | bank0:0-1-2-4-5-7-8 | circuit          unmatched                     0.5263±0.0192      0.5314±0.0111      0.9516±0.0234      0.9341±0.0203      0.7352±0.0167      0.1000±0.0000      0.7972±0.0114      0.7344±0.0105      3
joint | bank0:0-1-2-4-5-7-8 | gaussian_fitted  matched                       0.4936±0.0260      0.6499±0.0087      0.9616±0.0204      0.9434±0.0122      0.7966±0.0174      0.1000±0.0000      0.8249±0.0152      0.7655±0.0186      3
joint | bank0:0-1-2-4-5-7-8 | gaussian_fitted  matched_nearest               0.4936±0.0260      0.6396±0.0297      0.9616±0.0204      0.9434±0.0122      0.7966±0.0174      0.1000±0.0000      0.8219±0.0178      0.7631±0.0233      3
joint | bank0:0-1-2-4-5-7-8 | gaussian_fitted  matched_tight                 0.4936±0.0260      0.6305±0.0191      0.9616±0.0204      0.9434±0.0122      0.7966±0.0174      0.1000±0.0000      0.8230±0.0133      0.7621±0.0148      3
joint | bank0:0-1-2-4-5-7-8 | gaussian_fitted  unmatched                     0.5212±0.0046      0.6299±0.0402      0.9638±0.0156      0.9501±0.0218      0.7544±0.0191      0.1000±0.0000      0.8206±0.0061      0.7618±0.0113      3
joint | bank0:0-1-2-4-5-7-8 | gmm_fitted       matched                       0.4964±0.0280      0.6339±0.0190      0.9454±0.0170      0.9300±0.0047      0.7817±0.0081      0.1000±0.0000      0.8078±0.0086      0.7542±0.0108      3
joint | bank0:0-1-2-4-5-7-8 | gmm_fitted       matched_nearest               0.4964±0.0280      0.6220±0.0182      0.9454±0.0170      0.9300±0.0047      0.7817±0.0081      0.1000±0.0000      0.8043±0.0097      0.7516±0.0144      3
joint | bank0:0-1-2-4-5-7-8 | gmm_fitted       matched_tight                 0.4964±0.0280      0.6154±0.0311      0.9454±0.0170      0.9300±0.0047      0.7817±0.0081      0.1000±0.0000      0.8062±0.0068      0.7509±0.0075      3
joint | bank0:0-1-2-4-5-7-8 | gmm_fitted       unmatched                     0.5170±0.0043      0.6142±0.0444      0.9523±0.0128      0.9276±0.0196      0.7393±0.0362      0.1000±0.0000      0.8004±0.0069      0.7481±0.0132      3
joint | bank1:3 | circuit                      matched                       0.5372±0.0331      0.5714±0.0607      0.9910±0.0036      0.9939±0.0052      0.9210±0.0110      0.1000±0.0000      0.8469±0.0246      0.7994±0.0301      3
joint | bank1:3 | circuit                      matched_nearest               0.5372±0.0331      0.5643±0.0526      0.9910±0.0036      0.9939±0.0052      0.9210±0.0110      0.1000±0.0000      0.8456±0.0232      0.7983±0.0280      3
joint | bank1:3 | circuit                      matched_tight                 0.5372±0.0331      0.5615±0.0564      0.9910±0.0036      0.9939±0.0052      0.9210±0.0110      0.1000±0.0000      0.8455±0.0238      0.7977±0.0288      3
joint | bank1:3 | circuit                      unmatched                     0.5247±0.0045      0.5387±0.0038      0.9906±0.0055      0.9887±0.0035      0.9234±0.0426      0.1000±0.0000      0.8418±0.0118      0.7912±0.0090      3
joint | bank1:3 | gaussian_fitted              matched                       0.5374±0.0396      0.7722±0.0273      0.9992±0.0011      1.0000±0.0000      0.9589±0.0115      0.1000±0.0000      0.8929±0.0102      0.8488±0.0170      3
joint | bank1:3 | gaussian_fitted              matched_nearest               0.5374±0.0396      0.8194±0.0325      0.9992±0.0011      1.0000±0.0000      0.9589±0.0115      0.1000±0.0000      0.8983±0.0103      0.8577±0.0171      3
joint | bank1:3 | gaussian_fitted              matched_tight                 0.5374±0.0396      0.7617±0.0240      0.9992±0.0011      1.0000±0.0000      0.9589±0.0115      0.1000±0.0000      0.8917±0.0096      0.8468±0.0164      3
joint | bank1:3 | gaussian_fitted              unmatched                     0.5219±0.0187      0.7487±0.0292      0.9998±0.0002      0.9998±0.0003      0.9639±0.0080      0.1000±0.0000      0.8904±0.0081      0.8437±0.0116      3
joint | bank1:3 | gmm_fitted                   matched                       0.5389±0.0404      0.7653±0.0281      0.9988±0.0014      1.0000±0.0000      0.9548±0.0130      0.1000±0.0000      0.8914±0.0113      0.8468±0.0182      3
joint | bank1:3 | gmm_fitted                   matched_nearest               0.5389±0.0404      0.8163±0.0328      0.9988±0.0014      1.0000±0.0000      0.9548±0.0130      0.1000±0.0000      0.8967±0.0114      0.8565±0.0181      3
joint | bank1:3 | gmm_fitted                   matched_tight                 0.5389±0.0404      0.7576±0.0258      0.9988±0.0014      1.0000±0.0000      0.9548±0.0130      0.1000±0.0000      0.8904±0.0107      0.8454±0.0174      3
joint | bank1:3 | gmm_fitted                   unmatched                     0.5201±0.0275      0.7483±0.0286      0.9996±0.0004      0.9997±0.0005      0.9620±0.0113      0.1000±0.0000      0.8898±0.0079      0.8428±0.0125      3
joint | bank2:6-10 | circuit                   matched                       0.5329±0.0558      0.5723±0.0543      0.9908±0.0055      0.9853±0.0061      0.8912±0.0240      0.1000±0.0000      0.8389±0.0227      0.7913±0.0260      3
joint | bank2:6-10 | circuit                   matched_nearest               0.5329±0.0558      0.5707±0.0464      0.9908±0.0055      0.9853±0.0061      0.8912±0.0240      0.1000±0.0000      0.8380±0.0210      0.7910±0.0248      3
joint | bank2:6-10 | circuit                   matched_tight                 0.5329±0.0558      0.5666±0.0533      0.9908±0.0055      0.9853±0.0061      0.8912±0.0240      0.1000±0.0000      0.8382±0.0226      0.7903±0.0258      3
joint | bank2:6-10 | circuit                   unmatched                     0.5124±0.0167      0.5484±0.0075      0.9917±0.0056      0.9836±0.0101      0.9078±0.0294      0.1000±0.0000      0.8370±0.0090      0.7867±0.0035      3
joint | bank2:6-10 | gaussian_fitted           matched                       0.5322±0.0586      0.7191±0.0363      0.9975±0.0019      0.9979±0.0025      0.9056±0.0251      0.1000±0.0000      0.8710±0.0148      0.8262±0.0181      3
joint | bank2:6-10 | gaussian_fitted           matched_nearest               0.5322±0.0586      0.7643±0.0200      0.9975±0.0019      0.9979±0.0025      0.9056±0.0251      0.1000±0.0000      0.8746±0.0129      0.8349±0.0159      3
joint | bank2:6-10 | gaussian_fitted           matched_tight                 0.5322±0.0586      0.7073±0.0322      0.9975±0.0019      0.9979±0.0025      0.9056±0.0251      0.1000±0.0000      0.8695±0.0151      0.8239±0.0182      3
joint | bank2:6-10 | gaussian_fitted           unmatched                     0.5107±0.0217      0.7035±0.0240      0.9974±0.0014      0.9970±0.0020      0.9245±0.0141      0.1000±0.0000      0.8707±0.0072      0.8238±0.0078      3
joint | bank2:6-10 | gmm_fitted                matched                       0.5305±0.0485      0.6817±0.0366      0.9846±0.0038      0.9852±0.0015      0.8632±0.0405      0.1000±0.0000      0.8430±0.0103      0.8055±0.0119      3
joint | bank2:6-10 | gmm_fitted                matched_nearest               0.5305±0.0485      0.7182±0.0204      0.9846±0.0038      0.9852±0.0015      0.8632±0.0405      0.1000±0.0000      0.8450±0.0077      0.8126±0.0068      3
joint | bank2:6-10 | gmm_fitted                matched_tight                 0.5305±0.0485      0.6732±0.0316      0.9846±0.0038      0.9852±0.0015      0.8632±0.0405      0.1000±0.0000      0.8422±0.0108      0.8039±0.0113      3
joint | bank2:6-10 | gmm_fitted                unmatched                     0.5112±0.0234      0.6768±0.0100      0.9890±0.0053      0.9851±0.0019      0.8819±0.0198      0.1000±0.0000      0.8433±0.0030      0.8063±0.0076      3
joint | full | circuit                         matched                       0.5366±0.0449      0.5688±0.0588      0.9947±0.0030      0.9942±0.0055      0.9294±0.0082      0.1000±0.0000      0.8490±0.0253      0.8015±0.0312      3
joint | full | circuit                         matched_nearest               0.5366±0.0449      0.5593±0.0508      0.9947±0.0030      0.9942±0.0055      0.9294±0.0082      0.1000±0.0000      0.8475±0.0240      0.7997±0.0297      3
joint | full | circuit                         matched_tight                 0.5366±0.0449      0.5588±0.0538      0.9947±0.0030      0.9942±0.0055      0.9294±0.0082      0.1000±0.0000      0.8478±0.0246      0.7997±0.0300      3
joint | full | circuit                         unmatched                     0.5216±0.0070      0.5412±0.0032      0.9954±0.0043      0.9933±0.0027      0.9289±0.0408      0.1000±0.0000      0.8452±0.0114      0.7941±0.0084      3
joint | full | gaussian_fitted                 matched                       0.5284±0.0515      0.7570±0.0254      0.9993±0.0005      1.0000±0.0000      0.9548±0.0083      0.1000±0.0000      0.8861±0.0137      0.8434±0.0183      3
joint | full | gaussian_fitted                 matched_nearest               0.5284±0.0515      0.7931±0.0351      0.9993±0.0005      1.0000±0.0000      0.9548±0.0083      0.1000±0.0000      0.8886±0.0151      0.8500±0.0201      3
joint | full | gaussian_fitted                 matched_tight                 0.5284±0.0515      0.7396±0.0177      0.9993±0.0005      1.0000±0.0000      0.9548±0.0083      0.1000±0.0000      0.8840±0.0131      0.8401±0.0168      3
joint | full | gaussian_fitted                 unmatched                     0.5158±0.0175      0.7370±0.0295      0.9995±0.0006      0.9999±0.0001      0.9539±0.0202      0.1000±0.0000      0.8836±0.0062      0.8380±0.0094      3
joint | full | gmm_fitted                      matched                       0.5245±0.0429      0.7205±0.0229      0.9918±0.0027      0.9971±0.0009      0.9158±0.0250      0.1000±0.0000      0.8646±0.0106      0.8259±0.0138      3
joint | full | gmm_fitted                      matched_nearest               0.5245±0.0429      0.7425±0.0156      0.9918±0.0027      0.9971±0.0009      0.9158±0.0250      0.1000±0.0000      0.8641±0.0098      0.8301±0.0121      3
joint | full | gmm_fitted                      matched_tight                 0.5245±0.0429      0.7049±0.0230      0.9918±0.0027      0.9971±0.0009      0.9158±0.0250      0.1000±0.0000      0.8630±0.0106      0.8230±0.0126      3
joint | full | gmm_fitted                      unmatched                     0.5142±0.0243      0.7070±0.0289      0.9959±0.0018      0.9942±0.0016      0.9157±0.0191      0.1000±0.0000      0.8619±0.0034      0.8225±0.0095      3
joint | random1:1 | circuit                    matched                       0.5314±0.0405      0.5635±0.0518      0.9893±0.0042      0.9923±0.0063      0.9192±0.0168      0.1000±0.0000      0.8453±0.0239      0.7960±0.0282      3
joint | random1:1 | circuit                    matched_nearest               0.5314±0.0405      0.5538±0.0436      0.9893±0.0042      0.9923±0.0063      0.9192±0.0168      0.1000±0.0000      0.8440±0.0228      0.7942±0.0268      3
joint | random1:1 | circuit                    matched_tight                 0.5314±0.0405      0.5528±0.0455      0.9893±0.0042      0.9923±0.0063      0.9192±0.0168      0.1000±0.0000      0.8441±0.0231      0.7941±0.0267      3
joint | random1:1 | circuit                    unmatched                     0.5210±0.0089      0.5417±0.0103      0.9952±0.0046      0.9892±0.0018      0.9055±0.0242      0.1000±0.0000      0.8405±0.0084      0.7886±0.0046      3
joint | random1:1 | gaussian_fitted            matched                       0.5204±0.0514      0.7519±0.0205      0.9986±0.0011      0.9998±0.0002      0.9435±0.0160      0.1000±0.0000      0.8835±0.0134      0.8384±0.0169      3
joint | random1:1 | gaussian_fitted            matched_nearest               0.5204±0.0514      0.7857±0.0304      0.9986±0.0011      0.9998±0.0002      0.9435±0.0160      0.1000±0.0000      0.8860±0.0146      0.8446±0.0190      3
joint | random1:1 | gaussian_fitted            matched_tight                 0.5204±0.0514      0.7303±0.0151      0.9986±0.0011      0.9998±0.0002      0.9435±0.0160      0.1000±0.0000      0.8809±0.0127      0.8344±0.0154      3
joint | random1:1 | gaussian_fitted            unmatched                     0.5140±0.0113      0.7300±0.0274      0.9988±0.0017      0.9996±0.0003      0.9325±0.0122      0.1000±0.0000      0.8793±0.0039      0.8319±0.0072      3
joint | random1:1 | gmm_fitted                 matched                       0.5186±0.0471      0.7176±0.0232      0.9898±0.0035      0.9949±0.0014      0.9065±0.0295      0.1000±0.0000      0.8620±0.0107      0.8215±0.0142      3
joint | random1:1 | gmm_fitted                 matched_nearest               0.5186±0.0471      0.7389±0.0197      0.9898±0.0035      0.9949±0.0014      0.9065±0.0295      0.1000±0.0000      0.8615±0.0108      0.8255±0.0141      3
joint | random1:1 | gmm_fitted                 matched_tight                 0.5186±0.0471      0.6997±0.0251      0.9898±0.0035      0.9949±0.0014      0.9065±0.0295      0.1000±0.0000      0.8601±0.0110      0.8182±0.0134      3
joint | random1:1 | gmm_fitted                 unmatched                     0.5120±0.0159      0.7045±0.0376      0.9948±0.0012      0.9932±0.0014      0.8989±0.0186      0.1000±0.0000      0.8590±0.0046      0.8179±0.0101      3
joint | random3:5-8-14 | circuit               matched                       0.5306±0.0559      0.5431±0.0408      0.9890±0.0011      0.9806±0.0114      0.8693±0.0306      0.1000±0.0000      0.8315±0.0199      0.7795±0.0256      3
joint | random3:5-8-14 | circuit               matched_nearest               0.5306±0.0559      0.5366±0.0350      0.9890±0.0011      0.9806±0.0114      0.8693±0.0306      0.1000±0.0000      0.8306±0.0191      0.7783±0.0244      3
joint | random3:5-8-14 | circuit               matched_tight                 0.5306±0.0559      0.5377±0.0345      0.9890±0.0011      0.9806±0.0114      0.8693±0.0306      0.1000±0.0000      0.8308±0.0193      0.7785±0.0243      3
joint | random3:5-8-14 | circuit               unmatched                     0.5120±0.0135      0.5278±0.0063      0.9820±0.0129      0.9756±0.0075      0.8785±0.0363      0.1000±0.0000      0.8282±0.0093      0.7734±0.0084      3
joint | random3:5-8-14 | gaussian_fitted       matched                       0.5272±0.0545      0.6958±0.0098      0.9969±0.0014      0.9918±0.0112      0.8841±0.0360      0.1000±0.0000      0.8637±0.0104      0.8153±0.0139      3
joint | random3:5-8-14 | gaussian_fitted       matched_nearest               0.5272±0.0545      0.7252±0.0326      0.9969±0.0014      0.9918±0.0112      0.8841±0.0360      0.1000±0.0000      0.8650±0.0120      0.8206±0.0164      3
joint | random3:5-8-14 | gaussian_fitted       matched_tight                 0.5272±0.0545      0.6878±0.0074      0.9969±0.0014      0.9918±0.0112      0.8841±0.0360      0.1000±0.0000      0.8625±0.0106      0.8138±0.0137      3
joint | random3:5-8-14 | gaussian_fitted       unmatched                     0.5038±0.0038      0.6893±0.0247      0.9912±0.0076      0.9894±0.0045      0.9007±0.0338      0.1000±0.0000      0.8632±0.0047      0.8120±0.0036      3
joint | random3:5-8-14 | gmm_fitted            matched                       0.5235±0.0451      0.6699±0.0134      0.9820±0.0084      0.9841±0.0102      0.8591±0.0456      0.1000±0.0000      0.8431±0.0050      0.8003±0.0055      3
joint | random3:5-8-14 | gmm_fitted            matched_nearest               0.5235±0.0451      0.6882±0.0157      0.9820±0.0084      0.9841±0.0102      0.8591±0.0456      0.1000±0.0000      0.8420±0.0038      0.8036±0.0045      3
joint | random3:5-8-14 | gmm_fitted            matched_tight                 0.5235±0.0451      0.6611±0.0158      0.9820±0.0084      0.9841±0.0102      0.8591±0.0456      0.1000±0.0000      0.8421±0.0049      0.7986±0.0045      3
joint | random3:5-8-14 | gmm_fitted            unmatched                     0.5022±0.0048      0.6623±0.0264      0.9846±0.0071      0.9757±0.0052      0.8608±0.0398      0.1000±0.0000      0.8386±0.0028      0.7945±0.0047      3
joint | random7:3-4-8-10-11-12-14 | circuit    matched                       0.5436±0.0504      0.5509±0.0604      0.9390±0.0143      0.9317±0.0392      0.7858±0.0561      0.1000±0.0000      0.8056±0.0127      0.7475±0.0163      3
joint | random7:3-4-8-10-11-12-14 | circuit    matched_nearest               0.5436±0.0504      0.5492±0.0465      0.9390±0.0143      0.9317±0.0392      0.7858±0.0561      0.1000±0.0000      0.8059±0.0111      0.7472±0.0149      3
joint | random7:3-4-8-10-11-12-14 | circuit    matched_tight                 0.5436±0.0504      0.5524±0.0652      0.9390±0.0143      0.9317±0.0392      0.7858±0.0561      0.1000±0.0000      0.8058±0.0131      0.7477±0.0176      3
joint | random7:3-4-8-10-11-12-14 | circuit    unmatched                     0.5132±0.0124      0.4986±0.0185      0.9509±0.0141      0.9216±0.0147      0.8387±0.0447      0.1000±0.0000      0.8060±0.0113      0.7429±0.0094      3
joint | random7:3-4-8-10-11-12-14 | gaussian_fitted matched                       0.5497±0.0476      0.6621±0.0460      0.9582±0.0158      0.9468±0.0494      0.7926±0.0580      0.1000±0.0000      0.8405±0.0043      0.7787±0.0084      3
joint | random7:3-4-8-10-11-12-14 | gaussian_fitted matched_nearest               0.5497±0.0476      0.6852±0.0347      0.9582±0.0158      0.9468±0.0494      0.7926±0.0580      0.1000±0.0000      0.8430±0.0053      0.7831±0.0094      3
joint | random7:3-4-8-10-11-12-14 | gaussian_fitted matched_tight                 0.5497±0.0476      0.6631±0.0566      0.9582±0.0158      0.9468±0.0494      0.7926±0.0580      0.1000±0.0000      0.8400±0.0048      0.7788±0.0096      3
joint | random7:3-4-8-10-11-12-14 | gaussian_fitted unmatched                     0.5040±0.0246      0.6388±0.0421      0.9633±0.0114      0.9327±0.0101      0.8487±0.0281      0.1000±0.0000      0.8381±0.0099      0.7750±0.0130      3
joint | random7:3-4-8-10-11-12-14 | gmm_fitted matched                       0.5524±0.0498      0.6559±0.0438      0.9589±0.0150      0.9463±0.0488      0.7906±0.0584      0.1000±0.0000      0.8395±0.0056      0.7776±0.0105      3
joint | random7:3-4-8-10-11-12-14 | gmm_fitted matched_nearest               0.5524±0.0498      0.6814±0.0329      0.9589±0.0150      0.9463±0.0488      0.7906±0.0584      0.1000±0.0000      0.8424±0.0065      0.7825±0.0117      3
joint | random7:3-4-8-10-11-12-14 | gmm_fitted matched_tight                 0.5524±0.0498      0.6590±0.0573      0.9589±0.0150      0.9463±0.0488      0.7906±0.0584      0.1000±0.0000      0.8395±0.0059      0.7781±0.0114      3
joint | random7:3-4-8-10-11-12-14 | gmm_fitted unmatched                     0.5058±0.0244      0.6352±0.0420      0.9657±0.0103      0.9332±0.0115      0.8447±0.0285      0.1000±0.0000      0.8378±0.0091      0.7744±0.0119      3
joint | single_sensor_0 | circuit              matched                       0.5251±0.0223      0.4979±0.0234      0.6343±0.0172      0.5848±0.0625      0.5356±0.0421      0.1000±0.0000      0.6039±0.0110      0.5556±0.0085      3
joint | single_sensor_0 | circuit              matched_nearest               0.5251±0.0223      0.5224±0.0343      0.6343±0.0172      0.5848±0.0625      0.5356±0.0421      0.1000±0.0000      0.6075±0.0122      0.5601±0.0106      3
joint | single_sensor_0 | circuit              matched_tight                 0.5251±0.0223      0.4965±0.0273      0.6343±0.0172      0.5848±0.0625      0.5356±0.0421      0.1000±0.0000      0.6038±0.0111      0.5553±0.0089      3
joint | single_sensor_0 | circuit              unmatched                     0.5311±0.0142      0.4699±0.0254      0.6403±0.0105      0.5969±0.0182      0.5661±0.0123      0.1000±0.0000      0.6128±0.0079      0.5610±0.0045      3
joint | single_sensor_0 | gaussian_fitted      matched                       0.5271±0.0229      0.4981±0.0319      0.6338±0.0201      0.5889±0.0654      0.5319±0.0377      0.1000±0.0000      0.6018±0.0129      0.5559±0.0102      3
joint | single_sensor_0 | gaussian_fitted      matched_nearest               0.5271±0.0229      0.5163±0.0383      0.6338±0.0201      0.5889±0.0654      0.5319±0.0377      0.1000±0.0000      0.6039±0.0135      0.5593±0.0112      3
joint | single_sensor_0 | gaussian_fitted      matched_tight                 0.5271±0.0229      0.4969±0.0314      0.6338±0.0201      0.5889±0.0654      0.5319±0.0377      0.1000±0.0000      0.6017±0.0128      0.5557±0.0103      3
joint | single_sensor_0 | gaussian_fitted      unmatched                     0.5274±0.0183      0.4774±0.0199      0.6424±0.0102      0.5908±0.0083      0.5710±0.0204      0.1000±0.0000      0.6122±0.0087      0.5617±0.0058      3
joint | single_sensor_0 | gmm_fitted           matched                       0.5286±0.0234      0.4974±0.0299      0.6338±0.0192      0.5884±0.0668      0.5329±0.0367      0.1000±0.0000      0.6028±0.0129      0.5562±0.0105      3
joint | single_sensor_0 | gmm_fitted           matched_nearest               0.5286±0.0234      0.5169±0.0372      0.6338±0.0192      0.5884±0.0668      0.5329±0.0367      0.1000±0.0000      0.6051±0.0137      0.5599±0.0118      3
joint | single_sensor_0 | gmm_fitted           matched_tight                 0.5286±0.0234      0.4959±0.0292      0.6338±0.0192      0.5884±0.0668      0.5329±0.0367      0.1000±0.0000      0.6026±0.0129      0.5560±0.0108      3
joint | single_sensor_0 | gmm_fitted           unmatched                     0.5263±0.0174      0.4783±0.0167      0.6412±0.0094      0.5919±0.0076      0.5703±0.0186      0.1000±0.0000      0.6130±0.0085      0.5615±0.0053      3
marginal_max | bank0:0-1-2-4-5-7-8 | circuit   matched                       0.4929±0.0108      0.5141±0.0248      0.9558±0.0234      0.9438±0.0231      0.7679±0.0482      0.1000±0.0000      0.8021±0.0201      0.7318±0.0238      3
marginal_max | bank0:0-1-2-4-5-7-8 | circuit   matched_nearest               0.4929±0.0108      0.4991±0.0171      0.9558±0.0234      0.9438±0.0231      0.7679±0.0482      0.1000±0.0000      0.8001±0.0203      0.7290±0.0240      3
marginal_max | bank0:0-1-2-4-5-7-8 | circuit   matched_tight                 0.4929±0.0108      0.5102±0.0131      0.9558±0.0234      0.9438±0.0231      0.7679±0.0482      0.1000±0.0000      0.8017±0.0192      0.7312±0.0228      3
marginal_max | bank0:0-1-2-4-5-7-8 | circuit   unmatched                     0.5137±0.0276      0.5093±0.0298      0.9476±0.0191      0.9477±0.0248      0.7358±0.0246      0.1000±0.0000      0.8002±0.0162      0.7297±0.0175      3
marginal_max | bank0:0-1-2-4-5-7-8 | gaussian_fitted matched                       0.4791±0.0380      0.4938±0.0184      0.9349±0.0113      0.8894±0.0337      0.8013±0.0111      0.1000±0.0000      0.7717±0.0233      0.7174±0.0153      3
marginal_max | bank0:0-1-2-4-5-7-8 | gaussian_fitted matched_nearest               0.4791±0.0380      0.4733±0.0124      0.9349±0.0113      0.8894±0.0337      0.8013±0.0111      0.1000±0.0000      0.7690±0.0228      0.7134±0.0159      3
marginal_max | bank0:0-1-2-4-5-7-8 | gaussian_fitted matched_tight                 0.4791±0.0380      0.4981±0.0108      0.9349±0.0113      0.8894±0.0337      0.8013±0.0111      0.1000±0.0000      0.7720±0.0222      0.7183±0.0141      3
marginal_max | bank0:0-1-2-4-5-7-8 | gaussian_fitted unmatched                     0.5006±0.0143      0.5247±0.0254      0.9425±0.0217      0.8900±0.0177      0.7740±0.0234      0.1000±0.0000      0.7720±0.0128      0.7246±0.0114      3
marginal_max | bank0:0-1-2-4-5-7-8 | gmm_fitted matched                       0.4829±0.0309      0.4911±0.0123      0.9504±0.0201      0.9100±0.0300      0.8082±0.0213      0.1000±0.0000      0.7935±0.0170      0.7260±0.0181      3
marginal_max | bank0:0-1-2-4-5-7-8 | gmm_fitted matched_nearest               0.4829±0.0309      0.4749±0.0138      0.9504±0.0201      0.9100±0.0300      0.8082±0.0213      0.1000±0.0000      0.7916±0.0173      0.7229±0.0186      3
marginal_max | bank0:0-1-2-4-5-7-8 | gmm_fitted matched_tight                 0.4829±0.0309      0.4948±0.0033      0.9504±0.0201      0.9100±0.0300      0.8082±0.0213      0.1000±0.0000      0.7937±0.0164      0.7267±0.0174      3
marginal_max | bank0:0-1-2-4-5-7-8 | gmm_fitted unmatched                     0.5022±0.0188      0.5245±0.0233      0.9548±0.0130      0.9121±0.0168      0.7802±0.0259      0.1000±0.0000      0.7940±0.0019      0.7333±0.0116      3
marginal_max | bank1:3 | circuit               matched                       0.5205±0.0300      0.5005±0.0297      0.9956±0.0006      0.9947±0.0049      0.9570±0.0190      0.1000±0.0000      0.8508±0.0163      0.7905±0.0239      3
marginal_max | bank1:3 | circuit               matched_nearest               0.5205±0.0300      0.5024±0.0275      0.9956±0.0006      0.9947±0.0049      0.9570±0.0190      0.1000±0.0000      0.8508±0.0159      0.7909±0.0234      3
marginal_max | bank1:3 | circuit               matched_tight                 0.5205±0.0300      0.5005±0.0259      0.9956±0.0006      0.9947±0.0049      0.9570±0.0190      0.1000±0.0000      0.8508±0.0156      0.7906±0.0233      3
marginal_max | bank1:3 | circuit               unmatched                     0.5207±0.0070      0.4855±0.0021      0.9880±0.0033      0.9933±0.0076      0.9596±0.0204      0.1000±0.0000      0.8497±0.0039      0.7881±0.0041      3
marginal_max | bank1:3 | gaussian_fitted       matched                       0.5148±0.0309      0.4824±0.0047      0.9961±0.0060      0.9538±0.0112      0.9798±0.0121      0.1000±0.0000      0.8459±0.0120      0.7831±0.0163      3
marginal_max | bank1:3 | gaussian_fitted       matched_nearest               0.5148±0.0309      0.4779±0.0044      0.9961±0.0060      0.9538±0.0112      0.9798±0.0121      0.1000±0.0000      0.8453±0.0123      0.7822±0.0167      3
marginal_max | bank1:3 | gaussian_fitted       matched_tight                 0.5148±0.0309      0.4838±0.0018      0.9961±0.0060      0.9538±0.0112      0.9798±0.0121      0.1000±0.0000      0.8460±0.0118      0.7835±0.0157      3
marginal_max | bank1:3 | gaussian_fitted       unmatched                     0.5142±0.0074      0.5033±0.0138      0.9958±0.0023      0.9472±0.0267      0.9735±0.0081      0.1000±0.0000      0.8466±0.0063      0.7850±0.0080      3
marginal_max | bank1:3 | gmm_fitted            matched                       0.5137±0.0297      0.4799±0.0036      0.9966±0.0055      0.9633±0.0075      0.9802±0.0117      0.1000±0.0000      0.8473±0.0122      0.7844±0.0168      3
marginal_max | bank1:3 | gmm_fitted            matched_nearest               0.5137±0.0297      0.4758±0.0029      0.9966±0.0055      0.9633±0.0075      0.9802±0.0117      0.1000±0.0000      0.8468±0.0125      0.7836±0.0171      3
marginal_max | bank1:3 | gmm_fitted            matched_tight                 0.5137±0.0297      0.4806±0.0018      0.9966±0.0055      0.9633±0.0075      0.9802±0.0117      0.1000±0.0000      0.8474±0.0121      0.7846±0.0164      3
marginal_max | bank1:3 | gmm_fitted            unmatched                     0.5128±0.0042      0.5040±0.0111      0.9963±0.0024      0.9553±0.0235      0.9730±0.0080      0.1000±0.0000      0.8480±0.0056      0.7865±0.0068      3
marginal_max | bank2:6-10 | circuit            matched                       0.5207±0.0298      0.4987±0.0264      0.9944±0.0015      0.9889±0.0100      0.9056±0.0306      0.1000±0.0000      0.8414±0.0128      0.7787±0.0185      3
marginal_max | bank2:6-10 | circuit            matched_nearest               0.5207±0.0298      0.5027±0.0271      0.9944±0.0015      0.9889±0.0100      0.9056±0.0306      0.1000±0.0000      0.8416±0.0128      0.7794±0.0185      3
marginal_max | bank2:6-10 | circuit            matched_tight                 0.5207±0.0298      0.5008±0.0256      0.9944±0.0015      0.9889±0.0100      0.9056±0.0306      0.1000±0.0000      0.8416±0.0126      0.7790±0.0185      3
marginal_max | bank2:6-10 | circuit            unmatched                     0.5209±0.0071      0.4857±0.0025      0.9952±0.0019      0.9905±0.0075      0.9356±0.0146      0.1000±0.0000      0.8461±0.0020      0.7842±0.0025      3
marginal_max | bank2:6-10 | gaussian_fitted    matched                       0.5136±0.0509      0.4869±0.0124      0.9574±0.0254      0.9283±0.0376      0.9236±0.0149      0.1000±0.0000      0.7882±0.0445      0.7599±0.0216      3
marginal_max | bank2:6-10 | gaussian_fitted    matched_nearest               0.5136±0.0509      0.4721±0.0061      0.9574±0.0254      0.9283±0.0376      0.9236±0.0149      0.1000±0.0000      0.7862±0.0431      0.7570±0.0205      3
marginal_max | bank2:6-10 | gaussian_fitted    matched_tight                 0.5136±0.0509      0.4910±0.0111      0.9574±0.0254      0.9283±0.0376      0.9236±0.0149      0.1000±0.0000      0.7885±0.0440      0.7607±0.0210      3
marginal_max | bank2:6-10 | gaussian_fitted    unmatched                     0.5117±0.0089      0.5076±0.0215      0.9588±0.0209      0.9229±0.0339      0.9526±0.0162      0.1000±0.0000      0.7964±0.0360      0.7690±0.0119      3
marginal_max | bank2:6-10 | gmm_fitted         matched                       0.5160±0.0430      0.4818±0.0095      0.9841±0.0107      0.9584±0.0265      0.9350±0.0206      0.1000±0.0000      0.8288±0.0235      0.7727±0.0213      3
marginal_max | bank2:6-10 | gmm_fitted         matched_nearest               0.5160±0.0430      0.4726±0.0047      0.9841±0.0107      0.9584±0.0265      0.9350±0.0206      0.1000±0.0000      0.8276±0.0231      0.7710±0.0207      3
marginal_max | bank2:6-10 | gmm_fitted         matched_tight                 0.5160±0.0430      0.4854±0.0070      0.9841±0.0107      0.9584±0.0265      0.9350±0.0206      0.1000±0.0000      0.8290±0.0231      0.7734±0.0208      3
marginal_max | bank2:6-10 | gmm_fitted         unmatched                     0.5108±0.0072      0.5078±0.0168      0.9859±0.0080      0.9505±0.0231      0.9665±0.0125      0.1000±0.0000      0.8365±0.0068      0.7826±0.0036      3
marginal_max | full | circuit                  matched                       0.5205±0.0300      0.5005±0.0297      0.9968±0.0014      0.9953±0.0053      0.9570±0.0190      0.1000±0.0000      0.8514±0.0164      0.7909±0.0240      3
marginal_max | full | circuit                  matched_nearest               0.5205±0.0300      0.5024±0.0275      0.9968±0.0014      0.9953±0.0053      0.9570±0.0190      0.1000±0.0000      0.8514±0.0160      0.7913±0.0235      3
marginal_max | full | circuit                  matched_tight                 0.5205±0.0300      0.5005±0.0259      0.9968±0.0014      0.9953±0.0053      0.9570±0.0190      0.1000±0.0000      0.8514±0.0157      0.7910±0.0233      3
marginal_max | full | circuit                  unmatched                     0.5207±0.0070      0.4855±0.0021      0.9972±0.0029      0.9970±0.0021      0.9596±0.0204      0.1000±0.0000      0.8521±0.0026      0.7905±0.0032      3
marginal_max | full | gaussian_fitted          matched                       0.5136±0.0509      0.4869±0.0124      0.9762±0.0143      0.9435±0.0315      0.9735±0.0138      0.1000±0.0000      0.8223±0.0321      0.7766±0.0246      3
marginal_max | full | gaussian_fitted          matched_nearest               0.5136±0.0509      0.4721±0.0061      0.9762±0.0143      0.9435±0.0315      0.9735±0.0138      0.1000±0.0000      0.8204±0.0310      0.7737±0.0239      3
marginal_max | full | gaussian_fitted          matched_tight                 0.5136±0.0509      0.4910±0.0111      0.9762±0.0143      0.9435±0.0315      0.9735±0.0138      0.1000±0.0000      0.8227±0.0316      0.7774±0.0240      3
marginal_max | full | gaussian_fitted          unmatched                     0.5117±0.0089      0.5076±0.0215      0.9751±0.0166      0.9399±0.0265      0.9740±0.0197      0.1000±0.0000      0.8237±0.0204      0.7799±0.0111      3
marginal_max | full | gmm_fitted               matched                       0.5160±0.0430      0.4818±0.0095      0.9933±0.0039      0.9680±0.0224      0.9832±0.0059      0.1000±0.0000      0.8446±0.0211      0.7860±0.0246      3
marginal_max | full | gmm_fitted               matched_nearest               0.5160±0.0430      0.4726±0.0047      0.9933±0.0039      0.9680±0.0224      0.9832±0.0059      0.1000±0.0000      0.8434±0.0208      0.7843±0.0241      3
marginal_max | full | gmm_fitted               matched_tight                 0.5160±0.0430      0.4854±0.0070      0.9933±0.0039      0.9680±0.0224      0.9832±0.0059      0.1000±0.0000      0.8448±0.0207      0.7867±0.0241      3
marginal_max | full | gmm_fitted               unmatched                     0.5108±0.0072      0.5078±0.0168      0.9935±0.0049      0.9612±0.0179      0.9848±0.0054      0.1000±0.0000      0.8464±0.0031      0.7899±0.0053      3
marginal_max | random1:1 | circuit             matched                       0.5227±0.0288      0.5012±0.0391      0.9955±0.0008      0.9943±0.0069      0.9382±0.0158      0.1000±0.0000      0.8492±0.0175      0.7873±0.0245      3
marginal_max | random1:1 | circuit             matched_nearest               0.5227±0.0288      0.5048±0.0458      0.9955±0.0008      0.9943±0.0069      0.9382±0.0158      0.1000±0.0000      0.8496±0.0176      0.7879±0.0256      3
marginal_max | random1:1 | circuit             matched_tight                 0.5227±0.0288      0.5017±0.0332      0.9955±0.0008      0.9943±0.0069      0.9382±0.0158      0.1000±0.0000      0.8494±0.0165      0.7875±0.0232      3
marginal_max | random1:1 | circuit             unmatched                     0.5242±0.0013      0.4967±0.0033      0.9980±0.0019      0.9959±0.0022      0.9285±0.0292      0.1000±0.0000      0.8489±0.0037      0.7873±0.0055      3
marginal_max | random1:1 | gaussian_fitted     matched                       0.5031±0.0480      0.4835±0.0128      0.9753±0.0138      0.9440±0.0278      0.9563±0.0194      0.1000±0.0000      0.8186±0.0301      0.7701±0.0208      3
marginal_max | random1:1 | gaussian_fitted     matched_nearest               0.5031±0.0480      0.4726±0.0227      0.9753±0.0138      0.9440±0.0278      0.9563±0.0194      0.1000±0.0000      0.8169±0.0294      0.7679±0.0216      3
marginal_max | random1:1 | gaussian_fitted     matched_tight                 0.5031±0.0480      0.4912±0.0106      0.9753±0.0138      0.9440±0.0278      0.9563±0.0194      0.1000±0.0000      0.8192±0.0292      0.7716±0.0196      3
marginal_max | random1:1 | gaussian_fitted     unmatched                     0.5120±0.0127      0.5190±0.0228      0.9750±0.0168      0.9443±0.0208      0.9511±0.0115      0.1000±0.0000      0.8214±0.0191      0.7785±0.0108      3
marginal_max | random1:1 | gmm_fitted          matched                       0.5060±0.0425      0.4802±0.0156      0.9921±0.0040      0.9681±0.0184      0.9645±0.0056      0.1000±0.0000      0.8405±0.0197      0.7796±0.0221      3
marginal_max | random1:1 | gmm_fitted          matched_nearest               0.5060±0.0425      0.4743±0.0223      0.9921±0.0040      0.9681±0.0184      0.9645±0.0056      0.1000±0.0000      0.8395±0.0199      0.7784±0.0232      3
marginal_max | random1:1 | gmm_fitted          matched_tight                 0.5060±0.0425      0.4877±0.0157      0.9921±0.0040      0.9681±0.0184      0.9645±0.0056      0.1000±0.0000      0.8410±0.0190      0.7811±0.0212      3
marginal_max | random1:1 | gmm_fitted          unmatched                     0.5124±0.0110      0.5214±0.0165      0.9933±0.0049      0.9649±0.0129      0.9596±0.0104      0.1000±0.0000      0.8438±0.0029      0.7886±0.0063      3
marginal_max | random3:5-8-14 | circuit        matched                       0.5234±0.0445      0.5043±0.0390      0.9927±0.0020      0.9791±0.0037      0.8723±0.0252      0.1000±0.0000      0.8345±0.0147      0.7713±0.0236      3
marginal_max | random3:5-8-14 | circuit        matched_nearest               0.5234±0.0445      0.5072±0.0313      0.9927±0.0020      0.9791±0.0037      0.8723±0.0252      0.1000±0.0000      0.8346±0.0139      0.7720±0.0221      3
marginal_max | random3:5-8-14 | circuit        matched_tight                 0.5234±0.0445      0.5053±0.0359      0.9927±0.0020      0.9791±0.0037      0.8723±0.0252      0.1000±0.0000      0.8345±0.0140      0.7716±0.0229      3
marginal_max | random3:5-8-14 | circuit        unmatched                     0.5130±0.0124      0.4867±0.0103      0.9817±0.0091      0.9787±0.0056      0.8945±0.0320      0.1000±0.0000      0.8351±0.0035      0.7694±0.0048      3
marginal_max | random3:5-8-14 | gaussian_fitted matched                       0.5155±0.0551      0.4842±0.0155      0.9685±0.0127      0.9315±0.0368      0.9116±0.0298      0.1000±0.0000      0.8049±0.0313      0.7602±0.0224      3
marginal_max | random3:5-8-14 | gaussian_fitted matched_nearest               0.5155±0.0551      0.4705±0.0043      0.9685±0.0127      0.9315±0.0368      0.9116±0.0298      0.1000±0.0000      0.8030±0.0298      0.7576±0.0204      3
marginal_max | random3:5-8-14 | gaussian_fitted matched_tight                 0.5155±0.0551      0.4859±0.0111      0.9685±0.0127      0.9315±0.0368      0.9116±0.0298      0.1000±0.0000      0.8051±0.0307      0.7606±0.0214      3
marginal_max | random3:5-8-14 | gaussian_fitted unmatched                     0.5061±0.0146      0.5095±0.0138      0.9636±0.0083      0.9225±0.0279      0.9172±0.0375      0.1000±0.0000      0.8049±0.0232      0.7619±0.0107      3
marginal_max | random3:5-8-14 | gmm_fitted     matched                       0.5175±0.0482      0.4796±0.0139      0.9880±0.0025      0.9556±0.0300      0.9200±0.0196      0.1000±0.0000      0.8288±0.0200      0.7698±0.0225      3
marginal_max | random3:5-8-14 | gmm_fitted     matched_nearest               0.5175±0.0482      0.4716±0.0041      0.9880±0.0025      0.9556±0.0300      0.9200±0.0196      0.1000±0.0000      0.8277±0.0193      0.7684±0.0209      3
marginal_max | random3:5-8-14 | gmm_fitted     matched_tight                 0.5175±0.0482      0.4809±0.0092      0.9880±0.0025      0.9556±0.0300      0.9200±0.0196      0.1000±0.0000      0.8288±0.0195      0.7701±0.0217      3
marginal_max | random3:5-8-14 | gmm_fitted     unmatched                     0.5052±0.0134      0.5081±0.0112      0.9824±0.0102      0.9438±0.0209      0.9266±0.0250      0.1000±0.0000      0.8292±0.0078      0.7714±0.0021      3
marginal_max | random7:3-4-8-10-11-12-14 | circuit matched                       0.5211±0.0422      0.5035±0.0459      0.9510±0.0144      0.9146±0.0535      0.8205±0.0353      0.1000±0.0000      0.8069±0.0117      0.7395±0.0210      3
marginal_max | random7:3-4-8-10-11-12-14 | circuit matched_nearest               0.5211±0.0422      0.5103±0.0403      0.9510±0.0144      0.9146±0.0535      0.8205±0.0353      0.1000±0.0000      0.8074±0.0111      0.7409±0.0198      3
marginal_max | random7:3-4-8-10-11-12-14 | circuit matched_tight                 0.5211±0.0422      0.5059±0.0461      0.9510±0.0144      0.9146±0.0535      0.8205±0.0353      0.1000±0.0000      0.8071±0.0116      0.7400±0.0213      3
marginal_max | random7:3-4-8-10-11-12-14 | circuit unmatched                     0.5070±0.0195      0.4796±0.0192      0.9392±0.0016      0.9098±0.0160      0.8585±0.0319      0.1000±0.0000      0.8067±0.0035      0.7373±0.0023      3
marginal_max | random7:3-4-8-10-11-12-14 | gaussian_fitted matched                       0.5213±0.0372      0.4976±0.0477      0.9564±0.0017      0.8908±0.0338      0.8235±0.0345      0.1000±0.0000      0.8047±0.0134      0.7356±0.0224      3
marginal_max | random7:3-4-8-10-11-12-14 | gaussian_fitted matched_nearest               0.5213±0.0372      0.4980±0.0446      0.9564±0.0017      0.8908±0.0338      0.8235±0.0345      0.1000±0.0000      0.8044±0.0133      0.7358±0.0218      3
marginal_max | random7:3-4-8-10-11-12-14 | gaussian_fitted matched_tight                 0.5213±0.0372      0.4958±0.0488      0.9564±0.0017      0.8908±0.0338      0.8235±0.0345      0.1000±0.0000      0.8046±0.0134      0.7353±0.0225      3
marginal_max | random7:3-4-8-10-11-12-14 | gaussian_fitted unmatched                     0.5078±0.0115      0.4853±0.0238      0.9502±0.0032      0.8661±0.0258      0.8534±0.0323      0.1000±0.0000      0.8023±0.0016      0.7307±0.0006      3
marginal_max | random7:3-4-8-10-11-12-14 | gmm_fitted matched                       0.5211±0.0395      0.4971±0.0448      0.9578±0.0018      0.8960±0.0348      0.8237±0.0352      0.1000±0.0000      0.8058±0.0135      0.7369±0.0229      3
marginal_max | random7:3-4-8-10-11-12-14 | gmm_fitted matched_nearest               0.5211±0.0395      0.4986±0.0413      0.9578±0.0018      0.8960±0.0348      0.8237±0.0352      0.1000±0.0000      0.8057±0.0134      0.7372±0.0222      3
marginal_max | random7:3-4-8-10-11-12-14 | gmm_fitted matched_tight                 0.5211±0.0395      0.4951±0.0455      0.9578±0.0018      0.8960±0.0348      0.8237±0.0352      0.1000±0.0000      0.8057±0.0135      0.7365±0.0229      3
marginal_max | random7:3-4-8-10-11-12-14 | gmm_fitted unmatched                     0.5052±0.0127      0.4834±0.0265      0.9502±0.0037      0.8726±0.0225      0.8536±0.0341      0.1000±0.0000      0.8031±0.0009      0.7312±0.0012      3
marginal_max | single_sensor_0 | circuit       matched                       0.5251±0.0224      0.4979±0.0234      0.6343±0.0172      0.5848±0.0626      0.5356±0.0421      0.1000±0.0000      0.6039±0.0111      0.5556±0.0086      3
marginal_max | single_sensor_0 | circuit       matched_nearest               0.5251±0.0224      0.5224±0.0343      0.6343±0.0172      0.5848±0.0626      0.5356±0.0421      0.1000±0.0000      0.6075±0.0122      0.5601±0.0106      3
marginal_max | single_sensor_0 | circuit       matched_tight                 0.5251±0.0224      0.4965±0.0273      0.6343±0.0172      0.5848±0.0626      0.5356±0.0421      0.1000±0.0000      0.6038±0.0111      0.5553±0.0089      3
marginal_max | single_sensor_0 | circuit       unmatched                     0.5311±0.0142      0.4699±0.0254      0.6403±0.0105      0.5969±0.0182      0.5661±0.0123      0.1000±0.0000      0.6127±0.0079      0.5610±0.0045      3
marginal_max | single_sensor_0 | gaussian_fitted matched                       0.5271±0.0229      0.4981±0.0319      0.6338±0.0201      0.5889±0.0654      0.5319±0.0377      0.1000±0.0000      0.6018±0.0129      0.5559±0.0102      3
marginal_max | single_sensor_0 | gaussian_fitted matched_nearest               0.5271±0.0229      0.5163±0.0383      0.6338±0.0201      0.5889±0.0654      0.5319±0.0377      0.1000±0.0000      0.6039±0.0135      0.5593±0.0112      3
marginal_max | single_sensor_0 | gaussian_fitted matched_tight                 0.5271±0.0229      0.4969±0.0314      0.6338±0.0201      0.5889±0.0654      0.5319±0.0377      0.1000±0.0000      0.6017±0.0128      0.5557±0.0103      3
marginal_max | single_sensor_0 | gaussian_fitted unmatched                     0.5274±0.0183      0.4774±0.0199      0.6424±0.0102      0.5908±0.0083      0.5710±0.0204      0.1000±0.0000      0.6122±0.0087      0.5617±0.0058      3
marginal_max | single_sensor_0 | gmm_fitted    matched                       0.5286±0.0234      0.4974±0.0299      0.6338±0.0192      0.5884±0.0668      0.5329±0.0367      0.1000±0.0000      0.6028±0.0129      0.5562±0.0105      3
marginal_max | single_sensor_0 | gmm_fitted    matched_nearest               0.5286±0.0234      0.5169±0.0372      0.6338±0.0192      0.5884±0.0668      0.5329±0.0367      0.1000±0.0000      0.6051±0.0137      0.5599±0.0118      3
marginal_max | single_sensor_0 | gmm_fitted    matched_tight                 0.5286±0.0234      0.4959±0.0292      0.6338±0.0192      0.5884±0.0668      0.5329±0.0367      0.1000±0.0000      0.6026±0.0129      0.5560±0.0108      3
marginal_max | single_sensor_0 | gmm_fitted    unmatched                     0.5263±0.0174      0.4783±0.0167      0.6412±0.0094      0.5919±0.0076      0.5703±0.0186      0.1000±0.0000      0.6130±0.0085      0.5615±0.0053      3
model                                          matched                                   —                  —                  —                  —                  —                  —                  —                  —      3
model                                          matched_nearest                           —                  —                  —                  —                  —                  —                  —                  —      3
model                                          matched_tight                             —                  —                  —                  —                  —                  —                  —                  —      3
model                                          unmatched                                 —                  —                  —                  —                  —                  —                  —                  —      3
model gaussian_fitted                          matched                                   —                  —                  —                  —                  —                  —                  —                  —      3
model gaussian_fitted                          matched_nearest                           —                  —                  —                  —                  —                  —                  —                  —      3
model gaussian_fitted                          matched_tight                             —                  —                  —                  —                  —                  —                  —                  —      3
model gaussian_fitted                          unmatched                                 —                  —                  —                  —                  —                  —                  —                  —      3
model gmm_fitted                               matched                                   —                  —                  —                  —                  —                  —                  —                  —      3
model gmm_fitted                               matched_nearest                           —                  —                  —                  —                  —                  —                  —                  —      3
model gmm_fitted                               matched_tight                             —                  —                  —                  —                  —                  —                  —                  —      3
model gmm_fitted                               unmatched                                 —                  —                  —                  —                  —                  —                  —                  —      3
query bank0:0-1-2-4-5-7-8 | circuit            matched                                   —                  —                  —                  —                  —                  —                  —                  —      3
query bank0:0-1-2-4-5-7-8 | circuit            matched_nearest                           —                  —                  —                  —                  —                  —                  —                  —      3
query bank0:0-1-2-4-5-7-8 | circuit            matched_tight                             —                  —                  —                  —                  —                  —                  —                  —      3
query bank0:0-1-2-4-5-7-8 | circuit            unmatched                                 —                  —                  —                  —                  —                  —                  —                  —      3
query bank0:0-1-2-4-5-7-8 | gaussian_fitted    matched                                   —                  —                  —                  —                  —                  —                  —                  —      3
query bank0:0-1-2-4-5-7-8 | gaussian_fitted    matched_nearest                           —                  —                  —                  —                  —                  —                  —                  —      3
query bank0:0-1-2-4-5-7-8 | gaussian_fitted    matched_tight                             —                  —                  —                  —                  —                  —                  —                  —      3
query bank0:0-1-2-4-5-7-8 | gaussian_fitted    unmatched                                 —                  —                  —                  —                  —                  —                  —                  —      3
query bank0:0-1-2-4-5-7-8 | gmm_fitted         matched                                   —                  —                  —                  —                  —                  —                  —                  —      3
query bank0:0-1-2-4-5-7-8 | gmm_fitted         matched_nearest                           —                  —                  —                  —                  —                  —                  —                  —      3
query bank0:0-1-2-4-5-7-8 | gmm_fitted         matched_tight                             —                  —                  —                  —                  —                  —                  —                  —      3
query bank0:0-1-2-4-5-7-8 | gmm_fitted         unmatched                                 —                  —                  —                  —                  —                  —                  —                  —      3
query bank1:3 | circuit                        matched                                   —                  —                  —                  —                  —                  —                  —                  —      3
query bank1:3 | circuit                        matched_nearest                           —                  —                  —                  —                  —                  —                  —                  —      3
query bank1:3 | circuit                        matched_tight                             —                  —                  —                  —                  —                  —                  —                  —      3
query bank1:3 | circuit                        unmatched                                 —                  —                  —                  —                  —                  —                  —                  —      3
query bank1:3 | gaussian_fitted                matched                                   —                  —                  —                  —                  —                  —                  —                  —      3
query bank1:3 | gaussian_fitted                matched_nearest                           —                  —                  —                  —                  —                  —                  —                  —      3
query bank1:3 | gaussian_fitted                matched_tight                             —                  —                  —                  —                  —                  —                  —                  —      3
query bank1:3 | gaussian_fitted                unmatched                                 —                  —                  —                  —                  —                  —                  —                  —      3
query bank1:3 | gmm_fitted                     matched                                   —                  —                  —                  —                  —                  —                  —                  —      3
query bank1:3 | gmm_fitted                     matched_nearest                           —                  —                  —                  —                  —                  —                  —                  —      3
query bank1:3 | gmm_fitted                     matched_tight                             —                  —                  —                  —                  —                  —                  —                  —      3
query bank1:3 | gmm_fitted                     unmatched                                 —                  —                  —                  —                  —                  —                  —                  —      3
query bank2:6-10 | circuit                     matched                                   —                  —                  —                  —                  —                  —                  —                  —      3
query bank2:6-10 | circuit                     matched_nearest                           —                  —                  —                  —                  —                  —                  —                  —      3
query bank2:6-10 | circuit                     matched_tight                             —                  —                  —                  —                  —                  —                  —                  —      3
query bank2:6-10 | circuit                     unmatched                                 —                  —                  —                  —                  —                  —                  —                  —      3
query bank2:6-10 | gaussian_fitted             matched                                   —                  —                  —                  —                  —                  —                  —                  —      3
query bank2:6-10 | gaussian_fitted             matched_nearest                           —                  —                  —                  —                  —                  —                  —                  —      3
query bank2:6-10 | gaussian_fitted             matched_tight                             —                  —                  —                  —                  —                  —                  —                  —      3
query bank2:6-10 | gaussian_fitted             unmatched                                 —                  —                  —                  —                  —                  —                  —                  —      3
query bank2:6-10 | gmm_fitted                  matched                                   —                  —                  —                  —                  —                  —                  —                  —      3
query bank2:6-10 | gmm_fitted                  matched_nearest                           —                  —                  —                  —                  —                  —                  —                  —      3
query bank2:6-10 | gmm_fitted                  matched_tight                             —                  —                  —                  —                  —                  —                  —                  —      3
query bank2:6-10 | gmm_fitted                  unmatched                                 —                  —                  —                  —                  —                  —                  —                  —      3
query full | circuit                           matched                                   —                  —                  —                  —                  —                  —                  —                  —      3
query full | circuit                           matched_nearest                           —                  —                  —                  —                  —                  —                  —                  —      3
query full | circuit                           matched_tight                             —                  —                  —                  —                  —                  —                  —                  —      3
query full | circuit                           unmatched                                 —                  —                  —                  —                  —                  —                  —                  —      3
query full | gaussian_fitted                   matched                                   —                  —                  —                  —                  —                  —                  —                  —      3
query full | gaussian_fitted                   matched_nearest                           —                  —                  —                  —                  —                  —                  —                  —      3
query full | gaussian_fitted                   matched_tight                             —                  —                  —                  —                  —                  —                  —                  —      3
query full | gaussian_fitted                   unmatched                                 —                  —                  —                  —                  —                  —                  —                  —      3
query full | gmm_fitted                        matched                                   —                  —                  —                  —                  —                  —                  —                  —      3
query full | gmm_fitted                        matched_nearest                           —                  —                  —                  —                  —                  —                  —                  —      3
query full | gmm_fitted                        matched_tight                             —                  —                  —                  —                  —                  —                  —                  —      3
query full | gmm_fitted                        unmatched                                 —                  —                  —                  —                  —                  —                  —                  —      3
query random1:1 | circuit                      matched                                   —                  —                  —                  —                  —                  —                  —                  —      3
query random1:1 | circuit                      matched_nearest                           —                  —                  —                  —                  —                  —                  —                  —      3
query random1:1 | circuit                      matched_tight                             —                  —                  —                  —                  —                  —                  —                  —      3
query random1:1 | circuit                      unmatched                                 —                  —                  —                  —                  —                  —                  —                  —      3
query random1:1 | gaussian_fitted              matched                                   —                  —                  —                  —                  —                  —                  —                  —      3
query random1:1 | gaussian_fitted              matched_nearest                           —                  —                  —                  —                  —                  —                  —                  —      3
query random1:1 | gaussian_fitted              matched_tight                             —                  —                  —                  —                  —                  —                  —                  —      3
query random1:1 | gaussian_fitted              unmatched                                 —                  —                  —                  —                  —                  —                  —                  —      3
query random1:1 | gmm_fitted                   matched                                   —                  —                  —                  —                  —                  —                  —                  —      3
query random1:1 | gmm_fitted                   matched_nearest                           —                  —                  —                  —                  —                  —                  —                  —      3
query random1:1 | gmm_fitted                   matched_tight                             —                  —                  —                  —                  —                  —                  —                  —      3
query random1:1 | gmm_fitted                   unmatched                                 —                  —                  —                  —                  —                  —                  —                  —      3
query random3:5-8-14 | circuit                 matched                                   —                  —                  —                  —                  —                  —                  —                  —      3
query random3:5-8-14 | circuit                 matched_nearest                           —                  —                  —                  —                  —                  —                  —                  —      3
query random3:5-8-14 | circuit                 matched_tight                             —                  —                  —                  —                  —                  —                  —                  —      3
query random3:5-8-14 | circuit                 unmatched                                 —                  —                  —                  —                  —                  —                  —                  —      3
query random3:5-8-14 | gaussian_fitted         matched                                   —                  —                  —                  —                  —                  —                  —                  —      3
query random3:5-8-14 | gaussian_fitted         matched_nearest                           —                  —                  —                  —                  —                  —                  —                  —      3
query random3:5-8-14 | gaussian_fitted         matched_tight                             —                  —                  —                  —                  —                  —                  —                  —      3
query random3:5-8-14 | gaussian_fitted         unmatched                                 —                  —                  —                  —                  —                  —                  —                  —      3
query random3:5-8-14 | gmm_fitted              matched                                   —                  —                  —                  —                  —                  —                  —                  —      3
query random3:5-8-14 | gmm_fitted              matched_nearest                           —                  —                  —                  —                  —                  —                  —                  —      3
query random3:5-8-14 | gmm_fitted              matched_tight                             —                  —                  —                  —                  —                  —                  —                  —      3
query random3:5-8-14 | gmm_fitted              unmatched                                 —                  —                  —                  —                  —                  —                  —                  —      3
query random7:3-4-8-10-11-12-14 | circuit      matched                                   —                  —                  —                  —                  —                  —                  —                  —      3
query random7:3-4-8-10-11-12-14 | circuit      matched_nearest                           —                  —                  —                  —                  —                  —                  —                  —      3
query random7:3-4-8-10-11-12-14 | circuit      matched_tight                             —                  —                  —                  —                  —                  —                  —                  —      3
query random7:3-4-8-10-11-12-14 | circuit      unmatched                                 —                  —                  —                  —                  —                  —                  —                  —      3
query random7:3-4-8-10-11-12-14 | gaussian_fitted matched                                   —                  —                  —                  —                  —                  —                  —                  —      3
query random7:3-4-8-10-11-12-14 | gaussian_fitted matched_nearest                           —                  —                  —                  —                  —                  —                  —                  —      3
query random7:3-4-8-10-11-12-14 | gaussian_fitted matched_tight                             —                  —                  —                  —                  —                  —                  —                  —      3
query random7:3-4-8-10-11-12-14 | gaussian_fitted unmatched                                 —                  —                  —                  —                  —                  —                  —                  —      3
query random7:3-4-8-10-11-12-14 | gmm_fitted   matched                                   —                  —                  —                  —                  —                  —                  —                  —      3
query random7:3-4-8-10-11-12-14 | gmm_fitted   matched_nearest                           —                  —                  —                  —                  —                  —                  —                  —      3
query random7:3-4-8-10-11-12-14 | gmm_fitted   matched_tight                             —                  —                  —                  —                  —                  —                  —                  —      3
query random7:3-4-8-10-11-12-14 | gmm_fitted   unmatched                                 —                  —                  —                  —                  —                  —                  —                  —      3
query single_sensor_0 | circuit                matched                                   —                  —                  —                  —                  —                  —                  —                  —      3
query single_sensor_0 | circuit                matched_nearest                           —                  —                  —                  —                  —                  —                  —                  —      3
query single_sensor_0 | circuit                matched_tight                             —                  —                  —                  —                  —                  —                  —                  —      3
query single_sensor_0 | circuit                unmatched                                 —                  —                  —                  —                  —                  —                  —                  —      3
query single_sensor_0 | gaussian_fitted        matched                                   —                  —                  —                  —                  —                  —                  —                  —      3
query single_sensor_0 | gaussian_fitted        matched_nearest                           —                  —                  —                  —                  —                  —                  —                  —      3
query single_sensor_0 | gaussian_fitted        matched_tight                             —                  —                  —                  —                  —                  —                  —                  —      3
query single_sensor_0 | gaussian_fitted        unmatched                                 —                  —                  —                  —                  —                  —                  —                  —      3
query single_sensor_0 | gmm_fitted             matched                                   —                  —                  —                  —                  —                  —                  —                  —      3
query single_sensor_0 | gmm_fitted             matched_nearest                           —                  —                  —                  —                  —                  —                  —                  —      3
query single_sensor_0 | gmm_fitted             matched_tight                             —                  —                  —                  —                  —                  —                  —                  —      3
query single_sensor_0 | gmm_fitted             unmatched                                 —                  —                  —                  —                  —                  —                  —                  —      3
relational_max | bank0:0-1-2-4-5-7-8 | circuit matched                       0.5319±0.0333      0.6096±0.0533      0.8235±0.0242      0.7583±0.0203      0.4961±0.0133      0.1000±0.0000      0.6875±0.0159      0.6417±0.0101      3
relational_max | bank0:0-1-2-4-5-7-8 | circuit matched_nearest               0.5319±0.0333      0.6145±0.0695      0.8235±0.0242      0.7583±0.0203      0.4961±0.0133      0.1000±0.0000      0.6899±0.0188      0.6425±0.0126      3
relational_max | bank0:0-1-2-4-5-7-8 | circuit matched_tight                 0.5319±0.0333      0.5850±0.0277      0.8235±0.0242      0.7583±0.0203      0.4961±0.0133      0.1000±0.0000      0.6842±0.0111      0.6372±0.0077      3
relational_max | bank0:0-1-2-4-5-7-8 | circuit unmatched                     0.5019±0.0334      0.5454±0.0246      0.8272±0.0256      0.7476±0.0528      0.5194±0.0397      0.1000±0.0000      0.6759±0.0180      0.6263±0.0216      3
relational_max | bank0:0-1-2-4-5-7-8 | gaussian_fitted matched                       0.4791±0.0117      0.7043±0.0369      0.9666±0.0261      0.9503±0.0078      0.7323±0.0219      0.1000±0.0000      0.8278±0.0105      0.7627±0.0152      3
relational_max | bank0:0-1-2-4-5-7-8 | gaussian_fitted matched_nearest               0.4791±0.0117      0.7485±0.0188      0.9666±0.0261      0.9503±0.0078      0.7323±0.0219      0.1000±0.0000      0.8346±0.0099      0.7710±0.0148      3
relational_max | bank0:0-1-2-4-5-7-8 | gaussian_fitted matched_tight                 0.4791±0.0117      0.6967±0.0529      0.9666±0.0261      0.9503±0.0078      0.7323±0.0219      0.1000±0.0000      0.8266±0.0101      0.7615±0.0145      3
relational_max | bank0:0-1-2-4-5-7-8 | gaussian_fitted unmatched                     0.5028±0.0485      0.6764±0.0579      0.9794±0.0040      0.9594±0.0287      0.6589±0.0245      0.1000±0.0000      0.8187±0.0095      0.7527±0.0110      3
relational_max | bank0:0-1-2-4-5-7-8 | gmm_fitted matched                       0.4949±0.0434      0.6965±0.0321      0.9648±0.0175      0.9454±0.0036      0.7507±0.0082      0.1000±0.0000      0.8278±0.0126      0.7666±0.0151      3
relational_max | bank0:0-1-2-4-5-7-8 | gmm_fitted matched_nearest               0.4949±0.0434      0.7273±0.0254      0.9648±0.0175      0.9454±0.0036      0.7507±0.0082      0.1000±0.0000      0.8309±0.0133      0.7722±0.0180      3
relational_max | bank0:0-1-2-4-5-7-8 | gmm_fitted matched_tight                 0.4949±0.0434      0.6821±0.0488      0.9648±0.0175      0.9454±0.0036      0.7507±0.0082      0.1000±0.0000      0.8256±0.0124      0.7641±0.0130      3
relational_max | bank0:0-1-2-4-5-7-8 | gmm_fitted unmatched                     0.4960±0.0118      0.6735±0.0626      0.9730±0.0056      0.9554±0.0255      0.6824±0.0300      0.1000±0.0000      0.8172±0.0170      0.7535±0.0155      3
relational_max | bank1:3 | circuit             matched                       0.5093±0.0138      0.7119±0.0579      0.8880±0.0113      0.8962±0.0036      0.5150±0.0183      0.1000±0.0000      0.7638±0.0134      0.7003±0.0107      3
relational_max | bank1:3 | circuit             matched_nearest               0.5093±0.0138      0.7781±0.0285      0.8880±0.0113      0.8962±0.0036      0.5150±0.0183      0.1000±0.0000      0.7740±0.0074      0.7134±0.0048      3
relational_max | bank1:3 | circuit             matched_tight                 0.5093±0.0138      0.7020±0.0623      0.8880±0.0113      0.8962±0.0036      0.5150±0.0183      0.1000±0.0000      0.7617±0.0143      0.6984±0.0114      3
relational_max | bank1:3 | circuit             unmatched                     0.5020±0.0088      0.7018±0.0535      0.9049±0.0198      0.8729±0.0283      0.5651±0.0535      0.1000±0.0000      0.7636±0.0211      0.7072±0.0157      3
relational_max | bank1:3 | gaussian_fitted     matched                       0.4752±0.0217      0.8482±0.0213      1.0000±0.0000      1.0000±0.0000      0.8590±0.0163      0.1000±0.0000      0.8827±0.0033      0.8310±0.0040      3
relational_max | bank1:3 | gaussian_fitted     matched_nearest               0.4752±0.0217      0.9497±0.0067      1.0000±0.0000      1.0000±0.0000      0.8590±0.0163      0.1000±0.0000      0.8963±0.0031      0.8503±0.0031      3
relational_max | bank1:3 | gaussian_fitted     matched_tight                 0.4752±0.0217      0.8429±0.0308      1.0000±0.0000      1.0000±0.0000      0.8590±0.0163      0.1000±0.0000      0.8822±0.0029      0.8300±0.0059      3
relational_max | bank1:3 | gaussian_fitted     unmatched                     0.5195±0.0179      0.8384±0.0527      1.0000±0.0000      1.0000±0.0000      0.8686±0.0413      0.1000±0.0000      0.8867±0.0127      0.8416±0.0136      3
relational_max | bank1:3 | gmm_fitted          matched                       0.5098±0.0446      0.8468±0.0162      0.9999±0.0001      1.0000±0.0000      0.8749±0.0116      0.1000±0.0000      0.8889±0.0058      0.8413±0.0076      3
relational_max | bank1:3 | gmm_fitted          matched_nearest               0.5098±0.0446      0.9277±0.0077      0.9999±0.0001      1.0000±0.0000      0.8749±0.0116      0.1000±0.0000      0.8998±0.0054      0.8566±0.0086      3
relational_max | bank1:3 | gmm_fitted          matched_tight                 0.5098±0.0446      0.8402±0.0150      0.9999±0.0001      1.0000±0.0000      0.8749±0.0116      0.1000±0.0000      0.8883±0.0057      0.8400±0.0076      3
relational_max | bank1:3 | gmm_fitted          unmatched                     0.5143±0.0347      0.8275±0.0465      0.9999±0.0002      1.0000±0.0000      0.8931±0.0387      0.1000±0.0000      0.8883±0.0101      0.8432±0.0140      3
relational_max | bank2:6-10 | circuit          matched                       0.5019±0.0130      0.7165±0.0227      0.8981±0.0092      0.8761±0.0041      0.5447±0.0062      0.1000±0.0000      0.7660±0.0105      0.7041±0.0091      3
relational_max | bank2:6-10 | circuit          matched_nearest               0.5019±0.0130      0.7769±0.0146      0.8981±0.0092      0.8761±0.0041      0.5447±0.0062      0.1000±0.0000      0.7761±0.0105      0.7159±0.0069      3
relational_max | bank2:6-10 | circuit          matched_tight                 0.5019±0.0130      0.6939±0.0147      0.8981±0.0092      0.8761±0.0041      0.5447±0.0062      0.1000±0.0000      0.7632±0.0098      0.6998±0.0075      3
relational_max | bank2:6-10 | circuit          unmatched                     0.5058±0.0273      0.6992±0.0722      0.9055±0.0225      0.8737±0.0277      0.5158±0.0231      0.1000±0.0000      0.7616±0.0245      0.6973±0.0234      3
relational_max | bank2:6-10 | gaussian_fitted  matched                       0.4719±0.0472      0.8150±0.0105      0.9984±0.0020      1.0000±0.0000      0.8008±0.0390      0.1000±0.0000      0.8664±0.0044      0.8120±0.0072      3
relational_max | bank2:6-10 | gaussian_fitted  matched_nearest               0.4719±0.0472      0.9104±0.0205      0.9984±0.0020      1.0000±0.0000      0.8008±0.0390      0.1000±0.0000      0.8806±0.0021      0.8305±0.0029      3
relational_max | bank2:6-10 | gaussian_fitted  matched_tight                 0.4719±0.0472      0.8104±0.0120      0.9984±0.0020      1.0000±0.0000      0.8008±0.0390      0.1000±0.0000      0.8663±0.0033      0.8111±0.0072      3
relational_max | bank2:6-10 | gaussian_fitted  unmatched                     0.5158±0.0172      0.7841±0.0626      1.0000±0.0001      0.9960±0.0070      0.8049±0.0211      0.1000±0.0000      0.8685±0.0129      0.8170±0.0146      3
relational_max | bank2:6-10 | gmm_fitted       matched                       0.5118±0.0620      0.7813±0.0185      0.9968±0.0030      0.9977±0.0015      0.8076±0.0363      0.1000±0.0000      0.8597±0.0058      0.8145±0.0113      3
relational_max | bank2:6-10 | gmm_fitted       matched_nearest               0.5118±0.0620      0.8593±0.0130      0.9968±0.0030      0.9977±0.0015      0.8076±0.0363      0.1000±0.0000      0.8689±0.0029      0.8295±0.0082      3
relational_max | bank2:6-10 | gmm_fitted       matched_tight                 0.5118±0.0620      0.7765±0.0324      0.9968±0.0030      0.9977±0.0015      0.8076±0.0363      0.1000±0.0000      0.8586±0.0065      0.8137±0.0126      3
relational_max | bank2:6-10 | gmm_fitted       unmatched                     0.5184±0.0207      0.7653±0.0433      0.9960±0.0027      0.9925±0.0059      0.8075±0.0128      0.1000±0.0000      0.8561±0.0065      0.8130±0.0069      3
relational_max | full | circuit                matched                       0.5061±0.0119      0.7152±0.0465      0.8993±0.0152      0.8925±0.0121      0.5303±0.0251      0.1000±0.0000      0.7683±0.0169      0.7054±0.0207      3
relational_max | full | circuit                matched_nearest               0.5061±0.0119      0.7665±0.0127      0.8993±0.0152      0.8925±0.0121      0.5303±0.0251      0.1000±0.0000      0.7775±0.0106      0.7157±0.0136      3
relational_max | full | circuit                matched_tight                 0.5061±0.0119      0.7009±0.0490      0.8993±0.0152      0.8925±0.0121      0.5303±0.0251      0.1000±0.0000      0.7658±0.0179      0.7026±0.0213      3
relational_max | full | circuit                unmatched                     0.5124±0.0267      0.7083±0.0491      0.9115±0.0176      0.8781±0.0267      0.5298±0.0366      0.1000±0.0000      0.7658±0.0236      0.7056±0.0228      3
relational_max | full | gaussian_fitted        matched                       0.4756±0.0325      0.8478±0.0253      1.0000±0.0000      1.0000±0.0000      0.8733±0.0184      0.1000±0.0000      0.8845±0.0047      0.8339±0.0071      3
relational_max | full | gaussian_fitted        matched_nearest               0.4756±0.0325      0.9452±0.0054      1.0000±0.0000      1.0000±0.0000      0.8733±0.0184      0.1000±0.0000      0.8973±0.0036      0.8524±0.0059      3
relational_max | full | gaussian_fitted        matched_tight                 0.4756±0.0325      0.8454±0.0366      1.0000±0.0000      1.0000±0.0000      0.8733±0.0184      0.1000±0.0000      0.8842±0.0046      0.8335±0.0090      3
relational_max | full | gaussian_fitted        unmatched                     0.5204±0.0241      0.8387±0.0540      1.0000±0.0000      1.0000±0.0000      0.8719±0.0376      0.1000±0.0000      0.8873±0.0110      0.8425±0.0124      3
relational_max | full | gmm_fitted             matched                       0.5056±0.0493      0.8231±0.0204      0.9983±0.0019      0.9989±0.0012      0.8670±0.0228      0.1000±0.0000      0.8754±0.0039      0.8338±0.0065      3
relational_max | full | gmm_fitted             matched_nearest               0.5056±0.0493      0.8853±0.0119      0.9983±0.0019      0.9989±0.0012      0.8670±0.0228      0.1000±0.0000      0.8816±0.0038      0.8455±0.0076      3
relational_max | full | gmm_fitted             matched_tight                 0.5056±0.0493      0.8055±0.0254      0.9983±0.0019      0.9989±0.0012      0.8670±0.0228      0.1000±0.0000      0.8728±0.0030      0.8305±0.0060      3
relational_max | full | gmm_fitted             unmatched                     0.5152±0.0235      0.8045±0.0455      0.9977±0.0013      0.9987±0.0013      0.8582±0.0238      0.1000±0.0000      0.8716±0.0070      0.8314±0.0115      3
relational_max | random1:1 | circuit           matched                       0.5191±0.0202      0.7073±0.0585      0.8917±0.0120      0.8771±0.0080      0.5305±0.0315      0.1000±0.0000      0.7641±0.0173      0.7020±0.0150      3
relational_max | random1:1 | circuit           matched_nearest               0.5191±0.0202      0.7575±0.0285      0.8917±0.0120      0.8771±0.0080      0.5305±0.0315      0.1000±0.0000      0.7735±0.0118      0.7120±0.0094      3
relational_max | random1:1 | circuit           matched_tight                 0.5191±0.0202      0.6961±0.0537      0.8917±0.0120      0.8771±0.0080      0.5305±0.0315      0.1000±0.0000      0.7617±0.0170      0.6998±0.0137      3
relational_max | random1:1 | circuit           unmatched                     0.5050±0.0232      0.7000±0.0506      0.9041±0.0296      0.8664±0.0334      0.5473±0.0361      0.1000±0.0000      0.7619±0.0217      0.7023±0.0180      3
relational_max | random1:1 | gaussian_fitted   matched                       0.4729±0.0165      0.8373±0.0314      0.9996±0.0007      1.0000±0.0000      0.8619±0.0192      0.1000±0.0000      0.8807±0.0024      0.8290±0.0054      3
relational_max | random1:1 | gaussian_fitted   matched_nearest               0.4729±0.0165      0.9305±0.0147      0.9996±0.0007      1.0000±0.0000      0.8619±0.0192      0.1000±0.0000      0.8932±0.0021      0.8467±0.0019      3
relational_max | random1:1 | gaussian_fitted   matched_tight                 0.4729±0.0165      0.8286±0.0415      0.9996±0.0007      1.0000±0.0000      0.8619±0.0192      0.1000±0.0000      0.8797±0.0033      0.8274±0.0078      3
relational_max | random1:1 | gaussian_fitted   unmatched                     0.5090±0.0097      0.8276±0.0438      1.0000±0.0001      1.0000±0.0000      0.8592±0.0430      0.1000±0.0000      0.8834±0.0109      0.8354±0.0139      3
relational_max | random1:1 | gmm_fitted        matched                       0.4954±0.0424      0.8114±0.0351      0.9984±0.0019      0.9989±0.0013      0.8674±0.0215      0.1000±0.0000      0.8745±0.0033      0.8295±0.0035      3
relational_max | random1:1 | gmm_fitted        matched_nearest               0.4954±0.0424      0.8837±0.0095      0.9984±0.0019      0.9989±0.0013      0.8674±0.0215      0.1000±0.0000      0.8819±0.0040      0.8431±0.0067      3
relational_max | random1:1 | gmm_fitted        matched_tight                 0.4954±0.0424      0.7983±0.0336      0.9984±0.0019      0.9989±0.0013      0.8674±0.0215      0.1000±0.0000      0.8722±0.0025      0.8270±0.0041      3
relational_max | random1:1 | gmm_fitted        unmatched                     0.5097±0.0169      0.8028±0.0444      0.9981±0.0013      0.9988±0.0013      0.8514±0.0198      0.1000±0.0000      0.8717±0.0086      0.8287±0.0116      3
relational_max | random3:5-8-14 | circuit      matched                       0.4955±0.0206      0.6363±0.0246      0.8385±0.0253      0.8319±0.0147      0.5081±0.0097      0.1000±0.0000      0.7215±0.0035      0.6594±0.0101      3
relational_max | random3:5-8-14 | circuit      matched_nearest               0.4955±0.0206      0.7022±0.0192      0.8385±0.0253      0.8319±0.0147      0.5081±0.0097      0.1000±0.0000      0.7340±0.0018      0.6724±0.0049      3
relational_max | random3:5-8-14 | circuit      matched_tight                 0.4955±0.0206      0.6240±0.0420      0.8385±0.0253      0.8319±0.0147      0.5081±0.0097      0.1000±0.0000      0.7200±0.0063      0.6567±0.0142      3
relational_max | random3:5-8-14 | circuit      unmatched                     0.5009±0.0143      0.6439±0.0280      0.8772±0.0210      0.8238±0.0290      0.5442±0.0506      0.1000±0.0000      0.7322±0.0207      0.6761±0.0260      3
relational_max | random3:5-8-14 | gaussian_fitted matched                       0.4791±0.0228      0.7807±0.0342      0.9972±0.0045      0.9959±0.0072      0.7904±0.0316      0.1000±0.0000      0.8613±0.0035      0.8036±0.0053      3
relational_max | random3:5-8-14 | gaussian_fitted matched_nearest               0.4791±0.0228      0.8673±0.0250      0.9972±0.0045      0.9959±0.0072      0.7904±0.0316      0.1000±0.0000      0.8741±0.0019      0.8200±0.0039      3
relational_max | random3:5-8-14 | gaussian_fitted matched_tight                 0.4791±0.0228      0.7818±0.0477      0.9972±0.0045      0.9959±0.0072      0.7904±0.0316      0.1000±0.0000      0.8618±0.0040      0.8037±0.0080      3
relational_max | random3:5-8-14 | gaussian_fitted unmatched                     0.5080±0.0264      0.7850±0.0520      0.9951±0.0043      0.9941±0.0049      0.7970±0.0063      0.1000±0.0000      0.8654±0.0076      0.8127±0.0111      3
relational_max | random3:5-8-14 | gmm_fitted   matched                       0.4904±0.0323      0.7599±0.0378      0.9938±0.0078      0.9940±0.0096      0.8094±0.0408      0.1000±0.0000      0.8558±0.0047      0.8051±0.0059      3
relational_max | random3:5-8-14 | gmm_fitted   matched_nearest               0.4904±0.0323      0.8256±0.0429      0.9938±0.0078      0.9940±0.0096      0.8094±0.0408      0.1000±0.0000      0.8631±0.0069      0.8176±0.0072      3
relational_max | random3:5-8-14 | gmm_fitted   matched_tight                 0.4904±0.0323      0.7518±0.0377      0.9938±0.0078      0.9940±0.0096      0.8094±0.0408      0.1000±0.0000      0.8544±0.0044      0.8036±0.0056      3
relational_max | random3:5-8-14 | gmm_fitted   unmatched                     0.5057±0.0375      0.7561±0.0444      0.9915±0.0070      0.9904±0.0064      0.7952±0.0163      0.1000±0.0000      0.8538±0.0108      0.8047±0.0174      3
relational_max | random7:3-4-8-10-11-12-14 | circuit matched                       0.4919±0.0369      0.6128±0.0436      0.7494±0.0400      0.7662±0.0392      0.4876±0.0413      0.1000±0.0000      0.6790±0.0161      0.6193±0.0063      3
relational_max | random7:3-4-8-10-11-12-14 | circuit matched_nearest               0.4919±0.0369      0.6674±0.0378      0.7494±0.0400      0.7662±0.0392      0.4876±0.0413      0.1000±0.0000      0.6886±0.0151      0.6299±0.0049      3
relational_max | random7:3-4-8-10-11-12-14 | circuit matched_tight                 0.4919±0.0369      0.6115±0.0380      0.7494±0.0400      0.7662±0.0392      0.4876±0.0413      0.1000±0.0000      0.6775±0.0171      0.6191±0.0051      3
relational_max | random7:3-4-8-10-11-12-14 | circuit unmatched                     0.4914±0.0085      0.6234±0.0482      0.7747±0.0511      0.7356±0.0567      0.5236±0.0247      0.1000±0.0000      0.6876±0.0419      0.6283±0.0352      3
relational_max | random7:3-4-8-10-11-12-14 | gaussian_fitted matched                       0.4866±0.0042      0.7104±0.0148      0.9609±0.0129      0.9570±0.0347      0.7108±0.0758      0.1000±0.0000      0.8268±0.0065      0.7608±0.0118      3
relational_max | random7:3-4-8-10-11-12-14 | gaussian_fitted matched_nearest               0.4866±0.0042      0.7679±0.0194      0.9609±0.0129      0.9570±0.0347      0.7108±0.0758      0.1000±0.0000      0.8350±0.0057      0.7717±0.0113      3
relational_max | random7:3-4-8-10-11-12-14 | gaussian_fitted matched_tight                 0.4866±0.0042      0.7151±0.0277      0.9609±0.0129      0.9570±0.0347      0.7108±0.0758      0.1000±0.0000      0.8272±0.0055      0.7617±0.0113      3
relational_max | random7:3-4-8-10-11-12-14 | gaussian_fitted unmatched                     0.4842±0.0052      0.6940±0.0605      0.9653±0.0074      0.9345±0.0067      0.7200±0.0356      0.1000±0.0000      0.8231±0.0180      0.7567±0.0224      3
relational_max | random7:3-4-8-10-11-12-14 | gmm_fitted matched                       0.5052±0.0242      0.6970±0.0143      0.9599±0.0156      0.9488±0.0384      0.7366±0.0806      0.1000±0.0000      0.8311±0.0050      0.7656±0.0081      3
relational_max | random7:3-4-8-10-11-12-14 | gmm_fitted matched_nearest               0.5052±0.0242      0.7506±0.0098      0.9599±0.0156      0.9488±0.0384      0.7366±0.0806      0.1000±0.0000      0.8387±0.0054      0.7758±0.0082      3
relational_max | random7:3-4-8-10-11-12-14 | gmm_fitted matched_tight                 0.5052±0.0242      0.7081±0.0341      0.9599±0.0156      0.9488±0.0384      0.7366±0.0806      0.1000±0.0000      0.8325±0.0048      0.7677±0.0076      3
relational_max | random7:3-4-8-10-11-12-14 | gmm_fitted unmatched                     0.4894±0.0274      0.6732±0.0572      0.9706±0.0044      0.9353±0.0068      0.7464±0.0115      0.1000±0.0000      0.8266±0.0137      0.7602±0.0162      3
relational_max | single_sensor_0 | circuit     matched                       0.5000±0.0000      0.5000±0.0000      0.5000±0.0000      0.5000±0.0000      0.5000±0.0000      0.1000±0.0000      0.5000±0.0000      0.5000±0.0000      3
relational_max | single_sensor_0 | circuit     matched_nearest               0.5000±0.0000      0.5000±0.0000      0.5000±0.0000      0.5000±0.0000      0.5000±0.0000      0.1000±0.0000      0.5000±0.0000      0.5000±0.0000      3
relational_max | single_sensor_0 | circuit     matched_tight                 0.5000±0.0000      0.5000±0.0000      0.5000±0.0000      0.5000±0.0000      0.5000±0.0000      0.1000±0.0000      0.5000±0.0000      0.5000±0.0000      3
relational_max | single_sensor_0 | circuit     unmatched                     0.5000±0.0000      0.5000±0.0000      0.5000±0.0000      0.5000±0.0000      0.5000±0.0000      0.1000±0.0000      0.5000±0.0000      0.5000±0.0000      3
relational_max | single_sensor_0 | gaussian_fitted matched                       0.5000±0.0000      0.5000±0.0000      0.5000±0.0000      0.5000±0.0000      0.5000±0.0000      0.1000±0.0000      0.5000±0.0000      0.5000±0.0000      3
relational_max | single_sensor_0 | gaussian_fitted matched_nearest               0.5000±0.0000      0.5000±0.0000      0.5000±0.0000      0.5000±0.0000      0.5000±0.0000      0.1000±0.0000      0.5000±0.0000      0.5000±0.0000      3
relational_max | single_sensor_0 | gaussian_fitted matched_tight                 0.5000±0.0000      0.5000±0.0000      0.5000±0.0000      0.5000±0.0000      0.5000±0.0000      0.1000±0.0000      0.5000±0.0000      0.5000±0.0000      3
relational_max | single_sensor_0 | gaussian_fitted unmatched                     0.5000±0.0000      0.5000±0.0000      0.5000±0.0000      0.5000±0.0000      0.5000±0.0000      0.1000±0.0000      0.5000±0.0000      0.5000±0.0000      3
relational_max | single_sensor_0 | gmm_fitted  matched                       0.5000±0.0000      0.5000±0.0000      0.5000±0.0000      0.5000±0.0000      0.5000±0.0000      0.1000±0.0000      0.5000±0.0000      0.5000±0.0000      3
relational_max | single_sensor_0 | gmm_fitted  matched_nearest               0.5000±0.0000      0.5000±0.0000      0.5000±0.0000      0.5000±0.0000      0.5000±0.0000      0.1000±0.0000      0.5000±0.0000      0.5000±0.0000      3
relational_max | single_sensor_0 | gmm_fitted  matched_tight                 0.5000±0.0000      0.5000±0.0000      0.5000±0.0000      0.5000±0.0000      0.5000±0.0000      0.1000±0.0000      0.5000±0.0000      0.5000±0.0000      3
relational_max | single_sensor_0 | gmm_fitted  unmatched                     0.5000±0.0000      0.5000±0.0000      0.5000±0.0000      0.5000±0.0000      0.5000±0.0000      0.1000±0.0000      0.5000±0.0000      0.5000±0.0000      3
shortcut audit                                 matched                                   —                  —                  —                  —                  —                  —                  —                  —      3
shortcut audit                                 matched_nearest                           —                  —                  —                  —                  —                  —                  —                  —      3
shortcut audit                                 matched_tight                             —                  —                  —                  —                  —                  —                  —                  —      3
shortcut audit                                 unmatched                                 —                  —                  —                  —                  —                  —                  —                  —      3

wrote logs/ts/ws/diagnosis_donors/summary.csv, summary.json, summary.md

